productId,name,set,key
448626,Animate Dead,Judge Promos,animate dead
38233,Bloodstained Mire,Judge Promos,bloodstained mire
201090,Chalice of the Void,Judge Promos,chalice of the void
111644,Command Beacon,Judge Promos,command beacon
58133,Command Tower,Judge Promos,command tower
38236,Dark Ritual,Judge Promos,dark ritual
38238,Demonic Tutor,Judge Promos,demonic tutor
206249,Enlightened Tutor,Judge Promos,enlightened tutor
79288,Entomb,Judge Promos,entomb
38241,Flooded Strand,Judge Promos,flooded strand
57648,Flusterstorm,Judge Promos,flusterstorm
185031,Food Chain,Judge Promos,food chain
82619,Force of Will,Judge Promos,force of will
206252,Gamble,Judge Promos,gamble
38243,Gemstone Mine,Judge Promos,gemstone mine
37964,Gaea's Cradle,Judge Promos,gaeas cradle
240896,Grand Arbiter Augustin IV,Judge Promos,grand arbiter augustin iv
279253,Growing Rites of Itlimoc,Judge Promos,growing rites of itlimoc
67748,Imperial Recruiter,Judge Promos,imperial recruiter
126214,Imperial Seal,Judge Promos,imperial seal
57645,Goblin Welder,Judge Promos,goblin welder
38251,Intuition,Judge Promos,intuition
247903,"K'rrik, Son of Yawgmoth",Judge Promos,krrik son of yawgmoth
38253,Lightning Bolt,Judge Promos,lightning bolt
119727,Mana Drain,Judge Promos,mana drain
38260,Mishra's Factory,Judge Promos,mishras factory
188710,Mox Opal,Judge Promos,mox opal
38261,Natural Order,Judge Promos,natural order
67377,Noble Hierarch,Judge Promos,noble hierarch
38263,Orim's Chant,Judge Promos,orims chant
38267,Polluted Delta,Judge Promos,polluted delta
185032,Rhystic Study,Judge Promos,rhystic study
279245,Smothering Tithe,Judge Promos,smothering tithe
206250,Spellseeker,Judge Promos,spellseeker
38270,Sol Ring,Judge Promos,sol ring
267938,Stranglehold,Judge Promos,stranglehold
38273,Survival of the Fittest,Judge Promos,survival of the fittest
67747,Swords to Plowshares,Judge Promos,swords to plowshares
279252,Training Grounds,Judge Promos,training grounds
38278,Vampiric Tutor,Judge Promos,vampiric tutor
38280,Wasteland,Judge Promos,wasteland
38232,Wheel of Fortune,Judge Promos,wheel of fortune
38283,Yawgmoth's Will,Judge Promos,yawgmoths will
201092,"Yuriko, the Tiger's Shadow",Judge Promos,yuriko the tigers shadow
38281,Windswept Heath,Judge Promos,windswept heath
38282,Wooded Foothills,Judge Promos,wooded foothills
38053,Mutavault,Champs Promos,mutavault
513295,"Greymond, Avacyn's Stalwart",SLX Cards,greymond avacyns stalwart
534131,Chaos Warp,WPN & Gateway Promos,chaos warp
668657,Command Tower,WPN & Gateway Promos,command tower
639905,Culling Ritual,WPN & Gateway Promos,culling ritual
38201,Llanowar Elves,WPN & Gateway Promos,llanowar elves
38436,Path to Exile,WPN & Gateway Promos,path to exile
514263,Pyroblast,WPN & Gateway Promos,pyroblast
57639,Signal Pest,WPN & Gateway Promos,signal pest
210710,Arid Mesa,Secret Lair Series,arid mesa
210714,Marsh Flats,Secret Lair Series,marsh flats
210716,Scalding Tarn,Secret Lair Series,scalding tarn
210712,Misty Rainforest,Secret Lair Series,misty rainforest
210711,Verdant Catacombs,Secret Lair Series,verdant catacombs
482666,Arcane Signet,MagicFest Cards,arcane signet
619687,Avacyn's Pilgrim,MagicFest Cards,avacyns pilgrim
181716,Lightning Bolt,MagicFest Cards,lightning bolt
194575,Sol Ring,MagicFest Cards,sol ring
207337,Path to Exile,MagicFest Cards,path to exile
38215,City of Brass,Junior Series Promos,city of brass
162905,Llanowar Elves,Open House Promos,llanowar elves
38317,Lightning Bolt,Magic Player Rewards,lightning bolt
38325,Ponder,Magic Player Rewards,ponder
38344,Wasteland,Magic Player Rewards,wasteland
21701,Blue Elemental Blast,Media Promos,blue elemental blast
697890,Command Tower,Media Promos,command tower
121730,Abrupt Decay,WMCQ Promo Cards,abrupt decay
97698,"Thalia, Guardian of Thraben",WMCQ Promo Cards,thalia guardian of thraben
37982,Enlightened Tutor,Arena Promos,enlightened tutor
688471,Abhorrent Oculus,Game Day & Store Championship Promos,abhorrent oculus
139778,Abrade,Game Day & Store Championship Promos,abrade
476146,"Braids, Arisen Nightmare",Game Day & Store Championship Promos,braids arisen nightmare
542185,Dauthi Voidwalker,Game Day & Store Championship Promos,dauthi voidwalker
528034,Dark Petition,Game Day & Store Championship Promos,dark petition
677290,Goblin Bombardment,Game Day & Store Championship Promos,goblin bombardment
182130,"Lavinia, Azorius Renegade",Game Day & Store Championship Promos,lavinia azorius renegade
48126,Memnite,Game Day & Store Championship Promos,memnite
677293,Ocelot Pride,Game Day & Store Championship Promos,ocelot pride
272569,Skyclave Apparition,Game Day & Store Championship Promos,skyclave apparition
57660,Strangleroot Geist,Game Day & Store Championship Promos,strangleroot geist
450973,Touch the Spirit Realm,Game Day & Store Championship Promos,touch the spirit realm
125843,Trophy Mage,Game Day & Store Championship Promos,trophy mage
562099,Urza's Saga,Game Day & Store Championship Promos,urzas saga
248723,Abrupt Decay,The List Reprints,abrupt decay
240811,Aether Vial,The List Reprints,aether vial
507535,"Aminatou, the Fateshifter",The List Reprints,aminatou the fateshifter
581218,An Offer You Can't Refuse,The List Reprints,an offer you cant refuse
210402,Amulet of Vigor,The List Reprints,amulet of vigor
248672,Ancient Tomb,The List Reprints,ancient tomb
222421,Angel's Grace,The List Reprints,angels grace
203588,Animate Dead,The List Reprints,animate dead
581221,Aqueous Form,The List Reprints,aqueous form
492613,Archmage Emeritus,The List Reprints,archmage emeritus
581282,Archivist of Oghma,The List Reprints,archivist of oghma
693603,Arena of Glory,The List Reprints,arena of glory
202872,Ashnod's Altar,The List Reprints,ashnods altar
202989,Avacyn's Pilgrim,The List Reprints,avacyns pilgrim
581255,Aven Mindcensor,The List Reprints,aven mindcensor
582920,Axgard Cavalry,The List Reprints,axgard cavalry
533123,Baleful Mastery,The List Reprints,baleful mastery
275127,Barbarian Ring,The List Reprints,barbarian ring
222434,Beseech the Queen,The List Reprints,beseech the queen
203010,Birds of Paradise,The List Reprints,birds of paradise
633079,Black Market Connections,The List Reprints,black market connections
496236,Blightstep Pathway,The List Reprints,blightstep pathway
254546,Blood Crypt,The List Reprints,blood crypt
254547,Blood Moon,The List Reprints,blood moon
254548,Blood Pet,The List Reprints,blood pet
254551,Bloodchief Ascension,The List Reprints,bloodchief ascension
203020,Bloom Tender,The List Reprints,bloom tender
203681,Blue Elemental Blast,The List Reprints,blue elemental blast
583098,Bolt Bend,The List Reprints,bolt bend
222449,Brain Freeze,The List Reprints,brain freeze
582602,Buried Alive,The List Reprints,buried alive
275323,Buried Ruin,The List Reprints,buried ruin
203038,Carpet of Flowers,The List Reprints,carpet of flowers
203614,Carrion Feeder,The List Reprints,carrion feeder
513169,Castle Garenbrig,The List Reprints,castle garenbrig
229291,Cavern of Souls,The List Reprints,cavern of souls
284314,Chain of Smog,The List Reprints,chain of smog
202899,Chromatic Star,The List Reprints,chromatic star
581235,Clever Impersonator,The List Reprints,clever impersonator
513177,Clock of Omens,The List Reprints,clock of omens
454130,Collector Ouphe,The List Reprints,collector ouphe
222470,Command Beacon,The List Reprints,command beacon
498570,Commandeer,The List Reprints,commandeer
284318,Contamination,The List Reprints,contamination
513179,Counterbalance,The List Reprints,counterbalance
203064,Crop Rotation,The List Reprints,crop rotation
583215,Crystal Vein,The List Reprints,crystal vein
204483,Curse of Opulence,The List Reprints,curse of opulence
582638,Dauthi Voidwalker,The List Reprints,dauthi voidwalker
203724,Daze,The List Reprints,daze
526535,Deep Gnome Terramancer,The List Reprints,deep gnome terramancer
582654,Dimir House Guard,The List Reprints,dimir house guard
203653,Dismember,The List Reprints,dismember
203935,Dispel,The List Reprints,dispel
284325,Doomsday,The List Reprints,doomsday
275139,Dragon's Rage Channeler,The List Reprints,dragons rage channeler
222509,Drift of Phantasms,The List Reprints,drift of phantasms
222404,Dryad Arbor,The List Reprints,dryad arbor
498590,Dwarven Grunt,The List Reprints,dwarven grunt
498589,Dwarven Bloodboiler,The List Reprints,dwarven bloodboiler
210375,Eidolon of Rhetoric,The List Reprints,eidolon of rhetoric
203250,Eldritch Evolution,The List Reprints,eldritch evolution
203257,Elves of Deep Shadow,The List Reprints,elves of deep shadow
222356,Enlightened Tutor,The List Reprints,enlightened tutor
202931,Ephemerate,The List Reprints,ephemerate
526542,Esper Sentinel,The List Reprints,esper sentinel
243612,Expedition Map,The List Reprints,expedition map
631650,Fabled Passage,The List Reprints,fabled passage
600042,Faeburrow Elder,The List Reprints,faeburrow elder
581292,Faerie Seer,The List Reprints,faerie seer
204237,Fatal Push,The List Reprints,fatal push
203084,Felidar Guardian,The List Reprints,felidar guardian
507552,Flusterstorm,The List Reprints,flusterstorm
222141,Food Chain,The List Reprints,food chain
600074,Forbidden Orchard,The List Reprints,forbidden orchard
454153,Force of Vigor,The List Reprints,force of vigor
582964,Fyndhorn Elves,The List Reprints,fyndhorn elves
204544,Galvanic Blast,The List Reprints,galvanic blast
283823,Gamble,The List Reprints,gamble
243625,Gemstone Caverns,The List Reprints,gemstone caverns
480153,Gitaxian Probe,The List Reprints,gitaxian probe
229301,Giver of Runes,The List Reprints,giver of runes
275344,Goblin Engineer,The List Reprints,goblin engineer
583113,God-Pharaoh's Statue,The List Reprints,godpharaohs statue
240841,Grand Arbiter Augustin IV,The List Reprints,grand arbiter augustin iv
204581,Grapeshot,The List Reprints,grapeshot
204259,Gravecrawler,The List Reprints,gravecrawler
204263,Gray Merchant of Asphodel,The List Reprints,gray merchant of asphodel
581324,Gudul Lurker,The List Reprints,gudul lurker
204014,Gush,The List Reprints,gush
204623,Gut Shot,The List Reprints,gut shot
492639,Hope of Ghirapur,The List Reprints,hope of ghirapur
693814,Howlsquad Heavy,The List Reprints,howlsquad heavy
583018,Ignoble Hierarch,The List Reprints,ignoble hierarch
693879,Impulsive Pilferer,The List Reprints,impulsive pilferer
533169,"Jace, Wielder of Mysteries",The List Reprints,jace wielder of mysteries
254586,Jet Medallion,The List Reprints,jet medallion
454168,"K'rrik, Son of Yawgmoth",The List Reprints,krrik son of yawgmoth
275168,Kederekt Parasite,The List Reprints,kederekt parasite
496199,"Kinnan, Bonder Prodigy",The List Reprints,kinnan bonder prodigy
275378,"Krark, the Thumbless",The List Reprints,krark the thumbless
222737,Light Up the Stage,The List Reprints,light up the stage
203419,Llanowar Elves,The List Reprints,llanowar elves
631652,Llanowar Wastes,The List Reprints,llanowar wastes
203001,Lotus Petal,The List Reprints,lotus petal
248701,Loyal Apprentice,The List Reprints,loyal apprentice
235240,"Lukka, Coppercoat Outcast",The List Reprints,lukka coppercoat outcast
631632,"Magda, Brazen Outlaw",The List Reprints,magda brazen outlaw
248726,Magus of the Moon,The List Reprints,magus of the moon
204617,Manamorphose,The List Reprints,manamorphose
533995,Maskwood Nexus,The List Reprints,maskwood nexus
210377,Memnite,The List Reprints,memnite
248666,"Mikaeus, the Unhallowed",The List Reprints,mikaeus the unhallowed
210357,"Minamo, School at Water's Edge",The List Reprints,minamo school at waters edge
235243,Mirrorpool,The List Reprints,mirrorpool
204076,Misdirection,The List Reprints,misdirection
203017,Mishra's Bauble,The List Reprints,mishras bauble
581561,Mistblade Shinobi,The List Reprints,mistblade shinobi
581626,Mothdust Changeling,The List Reprints,mothdust changeling
275349,Muddle the Mixture,The List Reprints,muddle the mixture
631655,Mutavault,The List Reprints,mutavault
229326,Mystical Tutor,The List Reprints,mystical tutor
581813,Narset's Reversal,The List Reprints,narsets reversal
203444,Nature's Claim,The List Reprints,natures claim
222757,Necromancy,The List Reprints,necromancy
496244,Needleverge Pathway,The List Reprints,needleverge pathway
526554,"Nezahal, Primal Tide",The List Reprints,nezahal primal tide
275386,"Niv-Mizzet, Parun",The List Reprints,nivmizzet parun
583112,Noble Hierarch,The List Reprints,noble hierarch
254601,Noxious Revival,The List Reprints,noxious revival
222763,"Nykthos, Shrine to Nyx",The List Reprints,nykthos shrine to nyx
284405,Obliterate,The List Reprints,obliterate
581986,Ophidian Eye,The List Reprints,ophidian eye
284406,Orim's Chant,The List Reprints,orims chant
203029,Ornithopter,The List Reprints,ornithopter
583148,Ornithopter of Paradise,The List Reprints,ornithopter of paradise
222479,Pact of Negation,The List Reprints,pact of negation
583150,Paradise Mantle,The List Reprints,paradise mantle
582777,Peer into the Abyss,The List Reprints,peer into the abyss
581994,Peregrine Drake,The List Reprints,peregrine drake
204122,Phyrexian Metamorph,The List Reprints,phyrexian metamorph
284412,Phyrexian Walker,The List Reprints,phyrexian walker
222448,Phyrexian Tower,The List Reprints,phyrexian tower
583403,Plundering Barbarian,The List Reprints,plundering barbarian
275351,Ponder,The List Reprints,ponder
210443,Pyretic Ritual,The List Reprints,pyretic ritual
583411,Pyrokinesis,The List Reprints,pyrokinesis
582828,Rain of Filth,The List Reprints,rain of filth
533194,Ranger-Captain of Eos,The List Reprints,rangercaptain of eos
204763,Reality Scramble,The List Reprints,reality scramble
582348,Reanimate,The List Reprints,reanimate
204764,Reckless Fireweaver,The List Reprints,reckless fireweaver
583169,Relic of Legends,The List Reprints,relic of legends
204133,Retraction Helix,The List Reprints,retraction helix
204134,Rhystic Study,The List Reprints,rhystic study
583425,Ricochet Trap,The List Reprints,ricochet trap
229334,Rite of Flame,The List Reprints,rite of flame
454421,Saheeli Rai,The List Reprints,saheeli rai
222489,Scroll Rack,The List Reprints,scroll rack
492687,Sea of Clouds,The List Reprints,sea of clouds
203506,"Selvala, Heart of the Wilds",The List Reprints,selvala heart of the wilds
262929,Sensei's Divining Top,The List Reprints,senseis divining top
512079,Serra Ascendant,The List Reprints,serra ascendant
254611,"Shinka, the Bloodsoaked Keep",The List Reprints,shinka the bloodsoaked keep
275359,Shivan Reef,The List Reprints,shivan reef
248718,"Sidisi, Undead Vizier",The List Reprints,sidisi undead vizier
243622,Silence,The List Reprints,silence
583188,Signal Pest,The List Reprints,signal pest
222142,Simian Spirit Guide,The List Reprints,simian spirit guide
496170,"Sisay, Weatherlight Captain",The List Reprints,sisay weatherlight captain
582615,Siren Stormtamer,The List Reprints,siren stormtamer
582860,Skirge Familiar,The List Reprints,skirge familiar
582867,Skullsnatcher,The List Reprints,skullsnatcher
583192,Smuggler's Copter,The List Reprints,smugglers copter
248712,Snapcaster Mage,The List Reprints,snapcaster mage
262937,Spirit of the Labyrinth,The List Reprints,spirit of the labyrinth
248708,Stitcher's Supplier,The List Reprints,stitchers supplier
582671,Submerge,The List Reprints,submerge
583286,Survivors' Encampment,The List Reprints,survivors encampment
203522,Sylvan Scrying,The List Reprints,sylvan scrying
275367,Talisman of Creativity,The List Reprints,talisman of creativity
204180,Tandem Lookout,The List Reprints,tandem lookout
275393,Tavern Scoundrel,The List Reprints,tavern scoundrel
204183,Temporal Mastery,The List Reprints,temporal mastery
454187,"Tevesh Szat, Doom of Fools",The List Reprints,tevesh szat doom of fools
513273,The Meathook Massacre,The List Reprints,the meathook massacre
262949,Thousand-Year Elixir,The List Reprints,thousandyear elixir
203078,Thran Dynamo,The List Reprints,thran dynamo
507595,Throat Slitter,The List Reprints,throat slitter
204588,Time Sieve,The List Reprints,time sieve
275372,Training Center,The List Reprints,training center
222561,Training Grounds,The List Reprints,training grounds
526567,Treasure Vault,The List Reprints,treasure vault
240882,"Urborg, Tomb of Yawgmoth",The List Reprints,urborg tomb of yawgmoth
454197,Urza's Saga,The List Reprints,urzas saga
254575,Vampiric Tutor,The List Reprints,vampiric tutor
240883,Veil of Summer,The List Reprints,veil of summer
222611,Vesuva,The List Reprints,vesuva
583322,Wall of Roots,The List Reprints,wall of roots
204599,Wargate,The List Reprints,wargate
204213,Whir of Invention,The List Reprints,whir of invention
582788,Windfall,The List Reprints,windfall
526569,Xorn,The List Reprints,xorn
631662,Yavimaya Coast,The List Reprints,yavimaya coast
583338,Young Wolf,The List Reprints,young wolf
204606,"Yuriko, the Tiger's Shadow",The List Reprints,yuriko the tigers shadow
169796,Flooded Strand,Unique and Miscellaneous Promos,flooded strand
251640,Hidden Strings,Unique and Miscellaneous Promos,hidden strings
251639,Wild Slash,Unique and Miscellaneous Promos,wild slash
282013,"Yuriko, the Tiger's Shadow",Unique and Miscellaneous Promos,yuriko the tigers shadow
60147,Avacyn's Pilgrim,FNM Promos,avacyns pilgrim
38073,Brainstorm,FNM Promos,brainstorm
38063,Carrion Feeder,FNM Promos,carrion feeder
121361,Crumbling Vestige,FNM Promos,crumbling vestige
58137,Dismember,FNM Promos,dismember
38092,Elves of Deep Shadow,FNM Promos,elves of deep shadow
79220,Elvish Mystic,FNM Promos,elvish mystic
38095,Eternal Witness,FNM Promos,eternal witness
144780,Fatal Push,FNM Promos,fatal push
67404,Gitaxian Probe,FNM Promos,gitaxian probe
38106,Goblin Bombardment,FNM Promos,goblin bombardment
182126,Light Up the Stage,FNM Promos,light up the stage
38124,Llanowar Elves,FNM Promos,llanowar elves
98396,Path to Exile,FNM Promos,path to exile
38144,Reanimate,FNM Promos,reanimate
38163,Swords to Plowshares,FNM Promos,swords to plowshares
118778,Sylvan Scrying,FNM Promos,sylvan scrying
38172,Wall of Roots,FNM Promos,wall of roots
220128,Chord of Calling,Launch Party & Release Event Promos,chord of calling
39455,Phyrexian Metamorph,Launch Party & Release Event Promos,phyrexian metamorph
38425,Sudden Shock,Launch Party & Release Event Promos,sudden shock
164074,Noble Hierarch,Pro Tour Promos,noble hierarch
278719,"Nykthos, Shrine to Nyx",Pro Tour Promos,nykthos shrine to nyx
114834,Snapcaster Mage,Pro Tour Promos,snapcaster mage
38409,Chrome Mox,Grand Prix Promos,chrome mox
169683,Forest,Grand Prix Promos,forest
67398,Lotus Cobra,Grand Prix Promos,lotus cobra
169684,Island,Grand Prix Promos,island
169686,Plains,Grand Prix Promos,plains
155854,Mutavault,Grand Prix Promos,mutavault
169685,Mountain,Grand Prix Promos,mountain
169687,Swamp,Grand Prix Promos,swamp
691686,Abrupt Decay,Secret Lair Drop Series,abrupt decay
545631,Aether Vial,Secret Lair Drop Series,aether vial
227662,Amulet of Vigor,Secret Lair Drop Series,amulet of vigor
517720,"Aminatou, the Fateshifter",Secret Lair Drop Series,aminatou the fateshifter
656599,Animate Dead,Secret Lair Drop Series,animate dead
625091,"Ashaya, Soul of the Wild",Secret Lair Drop Series,ashaya soul of the wild
273641,Balthor the Defiled,Secret Lair Drop Series,balthor the defiled
689922,Beseech the Mirror,Secret Lair Drop Series,beseech the mirror
677421,Beseech the Queen,Secret Lair Drop Series,beseech the queen
237582,Blood Crypt,Secret Lair Drop Series,blood crypt
662626,Blood Moon,Secret Lair Drop Series,blood moon
242375,Bloom Tender,Secret Lair Drop Series,bloom tender
659483,Borne Upon a Wind,Secret Lair Drop Series,borne upon a wind
695490,"Boseiju, Who Shelters All",Secret Lair Drop Series,boseiju who shelters all
517843,Botanical Sanctum,Secret Lair Drop Series,botanical sanctum
267835,Brain Freeze,Secret Lair Drop Series,brain freeze
237578,Breeding Pool,Secret Lair Drop Series,breeding pool
693443,Breath of Fury,Secret Lair Drop Series,breath of fury
663024,Burnt Offering,Secret Lair Drop Series,burnt offering
247355,Carpet of Flowers,Secret Lair Drop Series,carpet of flowers
662617,Chain of Vapor,Secret Lair Drop Series,chain of vapor
700799,Chaos Warp,Secret Lair Drop Series,chaos warp
625062,Clever Impersonator,Secret Lair Drop Series,clever impersonator
273616,Collector Ouphe,Secret Lair Drop Series,collector ouphe
545256,Command Beacon,Secret Lair Drop Series,command beacon
625043,Culling the Weak,Secret Lair Drop Series,culling the weak
282296,Curiosity,Secret Lair Drop Series,curiosity
689839,Dark Petition,Secret Lair Drop Series,dark petition
578474,Dauthi Voidwalker,Secret Lair Drop Series,dauthi voidwalker
623047,Daze,Secret Lair Drop Series,daze
625928,Deadly Rollick,Secret Lair Drop Series,deadly rollick
480556,Deafening Silence,Secret Lair Drop Series,deafening silence
693571,Deathrite Shaman,Secret Lair Drop Series,deathrite shaman
456657,Demonic Consultation,Secret Lair Drop Series,demonic consultation
656537,Demonic Tutor,Secret Lair Drop Series,demonic tutor
617964,Deflecting Swat,Secret Lair Drop Series,deflecting swat
251750,Dismember,Secret Lair Drop Series,dismember
677479,Displacer Kitten,Secret Lair Drop Series,displacer kitten
456598,Dramatic Reversal,Secret Lair Drop Series,dramatic reversal
677189,Dryad Arbor,Secret Lair Drop Series,dryad arbor
514493,Eldritch Evolution,Secret Lair Drop Series,eldritch evolution
555457,Elves of Deep Shadow,Secret Lair Drop Series,elves of deep shadow
625093,Elvish Reclaimer,Secret Lair Drop Series,elvish reclaimer
653127,Ephemerate,Secret Lair Drop Series,ephemerate
496132,"Esika, God of the Tree",Secret Lair Drop Series,esika god of the tree
646790,Ethersworn Canonist,Secret Lair Drop Series,ethersworn canonist
663414,Expedition Map,Secret Lair Drop Series,expedition map
480523,Exotic Orchard,Secret Lair Drop Series,exotic orchard
514488,Faeburrow Elder,Secret Lair Drop Series,faeburrow elder
537717,Felidar Guardian,Secret Lair Drop Series,felidar guardian
452820,Fellwar Stone,Secret Lair Drop Series,fellwar stone
587185,Fierce Guardianship,Secret Lair Drop Series,fierce guardianship
617875,Final Fortune,Secret Lair Drop Series,final fortune
514475,Food Chain,Secret Lair Drop Series,food chain
623037,Force of Despair,Secret Lair Drop Series,force of despair
662641,Force of Vigor,Secret Lair Drop Series,force of vigor
588009,Galvanic Blast,Secret Lair Drop Series,galvanic blast
237594,Gamble,Secret Lair Drop Series,gamble
251770,Gavony Township,Secret Lair Drop Series,gavony township
501882,Geier Reach Sanitarium,Secret Lair Drop Series,geier reach sanitarium
528172,Giver of Runes,Secret Lair Drop Series,giver of runes
646791,Goblin Engineer,Secret Lair Drop Series,goblin engineer
232587,Goblin Rabblemaster,Secret Lair Drop Series,goblin rabblemaster
550812,Goblin Welder,Secret Lair Drop Series,goblin welder
237580,Godless Shrine,Secret Lair Drop Series,godless shrine
251756,Grafdigger's Cage,Secret Lair Drop Series,grafdiggers cage
493989,Grand Abolisher,Secret Lair Drop Series,grand abolisher
693221,Grapeshot,Secret Lair Drop Series,grapeshot
251785,Gravecrawler,Secret Lair Drop Series,gravecrawler
251801,Great Furnace,Secret Lair Drop Series,great furnace
237577,Hallowed Fountain,Secret Lair Drop Series,hallowed fountain
656842,Hullbreaker Horror,Secret Lair Drop Series,hullbreaker horror
267859,Idyllic Tutor,Secret Lair Drop Series,idyllic tutor
536813,"Jace, Wielder of Mysteries",Secret Lair Drop Series,jace wielder of mysteries
247337,"Karn, the Great Creator",Secret Lair Drop Series,karn the great creator
643701,Knuckles the Echidna,Secret Lair Drop Series,knuckles the echidna
537386,"Krark, the Thumbless",Secret Lair Drop Series,krark the thumbless
282298,Last Chance,Secret Lair Drop Series,last chance
689923,Light Up the Stage,Secret Lair Drop Series,light up the stage
493994,"Linvala, Keeper of Silence",Secret Lair Drop Series,linvala keeper of silence
480530,Lotus Cobra,Secret Lair Drop Series,lotus cobra
550272,"Magda, Brazen Outlaw",Secret Lair Drop Series,magda brazen outlaw
578475,Magus of the Moon,Secret Lair Drop Series,magus of the moon
279273,Mana Confluence,Secret Lair Drop Series,mana confluence
242367,Metallic Mimic,Secret Lair Drop Series,metallic mimic
279213,"Mikaeus, the Unhallowed",Secret Lair Drop Series,mikaeus the unhallowed
493988,Muddle the Mixture,Secret Lair Drop Series,muddle the mixture
259211,Mystical Tutor,Secret Lair Drop Series,mystical tutor
662619,Nature's Claim,Secret Lair Drop Series,natures claim
599999,Mystic Remora,Secret Lair Drop Series,mystic remora
221002,Necrotic Ooze,Secret Lair Drop Series,necrotic ooze
691928,Notion Thief,Secret Lair Drop Series,notion thief
514491,Noxious Revival,Secret Lair Drop Series,noxious revival
247890,Ornithopter,Secret Lair Drop Series,ornithopter
237584,Overgrown Tomb,Secret Lair Drop Series,overgrown tomb
480504,Paradise Mantle,Secret Lair Drop Series,paradise mantle
537718,Peregrine Drake,Secret Lair Drop Series,peregrine drake
578473,Phyrexian Metamorph,Secret Lair Drop Series,phyrexian metamorph
214887,Pithing Needle,Secret Lair Drop Series,pithing needle
267881,Praetor's Grasp,Secret Lair Drop Series,praetors grasp
550296,Professional Face-Breaker,Secret Lair Drop Series,professional facebreaker
696856,Prismatic Vista,Secret Lair Drop Series,prismatic vista
283341,Pyretic Ritual,Secret Lair Drop Series,pyretic ritual
537187,Rain of Filth,Secret Lair Drop Series,rain of filth
251783,"Razaketh, the Foulblooded",Secret Lair Drop Series,razaketh the foulblooded
701547,Relic of Legends,Secret Lair Drop Series,relic of legends
701532,Return the Favor,Secret Lair Drop Series,return the favor
273625,"Rograkh, Son of Rohgahh",Secret Lair Drop Series,rograkh son of rohgahh
693223,Roaming Throne,Secret Lair Drop Series,roaming throne
537385,Sakashima of a Thousand Faces,Secret Lair Drop Series,sakashima of a thousand faces
237586,Sacred Foundry,Secret Lair Drop Series,sacred foundry
247353,Sanctum Prelate,Secret Lair Drop Series,sanctum prelate
625940,Saw in Half,Secret Lair Drop Series,saw in half
251799,Seat of the Synod,Secret Lair Drop Series,seat of the synod
456654,Serra Ascendant,Secret Lair Drop Series,serra ascendant
537183,Simian Spirit Guide,Secret Lair Drop Series,simian spirit guide
247356,Sire of Insanity,Secret Lair Drop Series,sire of insanity
273620,"Sisay, Weatherlight Captain",Secret Lair Drop Series,sisay weatherlight captain
617842,Smuggler's Copter,Secret Lair Drop Series,smugglers copter
267839,Snap,Secret Lair Drop Series,snap
456627,Spellseeker,Secret Lair Drop Series,spellseeker
545340,Sphere of Resistance,Secret Lair Drop Series,sphere of resistance
237583,Steam Vents,Secret Lair Drop Series,steam vents
691932,Storm-Kiln Artist,Secret Lair Drop Series,stormkiln artist
565206,Stranglehold,Secret Lair Drop Series,stranglehold
646821,Sylvan Safekeeper,Secret Lair Drop Series,sylvan safekeeper
689838,Talisman of Indulgence,Secret Lair Drop Series,talisman of indulgence
237579,Temple Garden,Secret Lair Drop Series,temple garden
247357,"Teferi, Time Raveler",Secret Lair Drop Series,teferi time raveler
656601,Temporal Trespass,Secret Lair Drop Series,temporal trespass
514518,"Tevesh Szat, Doom of Fools",Secret Lair Drop Series,tevesh szat doom of fools
209997,"Thalia, Guardian of Thraben",Secret Lair Drop Series,thalia guardian of thraben
493980,Thassa's Oracle,Secret Lair Drop Series,thassas oracle
583897,Time Sieve,Secret Lair Drop Series,time sieve
545336,Trinisphere,Secret Lair Drop Series,trinisphere
617983,"Veyran, Voice of Duality",Secret Lair Drop Series,veyran voice of duality
514506,Vial Smasher the Fierce,Secret Lair Drop Series,vial smasher the fierce
537169,"Vilis, Broker of Blood",Secret Lair Drop Series,vilis broker of blood
242361,Wasteland,Secret Lair Drop Series,wasteland
237581,Watery Grave,Secret Lair Drop Series,watery grave
242402,Whir of Invention,Secret Lair Drop Series,whir of invention
656724,Windfall,Secret Lair Drop Series,windfall
695488,Witch Enchanter,Secret Lair Drop Series,witch enchanter
535918,"Yoshimaru, Ever Faithful",Secret Lair Drop Series,yoshimaru ever faithful
625047,Young Wolf,Secret Lair Drop Series,young wolf
580655,Abhorrent Oculus,Prerelease Cards,abhorrent oculus
223242,Agadeem's Awakening,Prerelease Cards,agadeems awakening
514398,Agatha's Soul Cauldron,Prerelease Cards,agathas soul cauldron
554265,"Ajani, Nacatl Pariah",Prerelease Cards,ajani nacatl pariah
481556,All Will Be One,Prerelease Cards,all will be one
146052,Angrath's Marauders,Prerelease Cards,angraths marauders
284231,Anointed Peacekeeper,Prerelease Cards,anointed peacekeeper
237092,Archmage Emeritus,Prerelease Cards,archmage emeritus
274428,Archivist of Oghma,Prerelease Cards,archivist of oghma
223180,Archon of Emeria,Prerelease Cards,archon of emeria
554255,Arena of Glory,Prerelease Cards,arena of glory
241428,Arid Mesa,Prerelease Cards,arid mesa
189512,"Ashiok, Dream Render",Prerelease Cards,ashiok dream render
223475,"Ashaya, Soul of the Wild",Prerelease Cards,ashaya soul of the wild
244527,Asmodeus the Archfiend,Prerelease Cards,asmodeus the archfiend
546087,Aven Interrupter,Prerelease Cards,aven interrupter
130617,Aven Mindcensor,Prerelease Cards,aven mindcensor
663082,Badgermole Cub,Prerelease Cards,badgermole cub
237100,Baleful Mastery,Prerelease Cards,baleful mastery
454105,Battlefield Forge,Prerelease Cards,battlefield forge
514393,Beseech the Mirror,Prerelease Cards,beseech the mirror
231585,"Birgi, God of Storytelling",Prerelease Cards,birgi god of storytelling
183991,Biomancer's Familiar,Prerelease Cards,biomancers familiar
237165,Blade Historian,Prerelease Cards,blade historian
231626,Blightstep Pathway,Prerelease Cards,blightstep pathway
554256,Bloodstained Mire,Prerelease Cards,bloodstained mire
514364,Blossoming Tortoise,Prerelease Cards,blossoming tortoise
189504,Bolas's Citadel,Prerelease Cards,bolass citadel
501346,Borne Upon a Wind,Prerelease Cards,borne upon a wind
263174,"Boseiju, Who Endures",Prerelease Cards,boseiju who endures
501345,"Boromir, Warden of the Tower",Prerelease Cards,boromir warden of the tower
284257,"Braids, Arisen Nightmare",Prerelease Cards,braids arisen nightmare
645448,Breeding Pool,Prerelease Cards,breeding pool
199935,Castle Garenbrig,Prerelease Cards,castle garenbrig
526784,Cavern of Souls,Prerelease Cards,cavern of souls
194061,"Chandra, Awakened Inferno",Prerelease Cards,chandra awakened inferno
526805,"Chimil, the Inner Sun",Prerelease Cards,chimil the inner sun
217338,Chromatic Orrery,Prerelease Cards,chromatic orrery
625800,Clarion Conqueror,Prerelease Cards,clarion conqueror
130624,Combat Celebrant,Prerelease Cards,combat celebrant
223209,Confounding Conundrum,Prerelease Cards,confounding conundrum
231573,Crippling Fear,Prerelease Cards,crippling fear
116859,Cryptolith Rite,Prerelease Cards,cryptolith rite
237168,Culling Ritual,Prerelease Cards,culling ritual
100588,Dark Petition,Prerelease Cards,dark petition
241444,Dauthi Voidwalker,Prerelease Cards,dauthi voidwalker
536332,"Delney, Streetwise Lookout",Prerelease Cards,delney streetwise lookout
454038,Diabolic Intent,Prerelease Cards,diabolic intent
554252,Disruptor Flute,Prerelease Cards,disruptor flute
274448,Displacer Kitten,Prerelease Cards,displacer kitten
214144,Drannith Magistrate,Prerelease Cards,drannith magistrate
526750,Echoing Deeps,Prerelease Cards,echoing deeps
263472,"Eiganjo, Seat of the Empire",Prerelease Cards,eiganjo seat of the empire
120728,Eldritch Evolution,Prerelease Cards,eldritch evolution
194060,Elvish Reclaimer,Prerelease Cards,elvish reclaimer
241449,Endurance,Prerelease Cards,endurance
580688,Enduring Vitality,Prerelease Cards,enduring vitality
284352,Ertai Resurrected,Prerelease Cards,ertai resurrected
241450,Esper Sentinel,Prerelease Cards,esper sentinel
231598,"Esika, God of the Tree",Prerelease Cards,esika god of the tree
199925,Faeburrow Elder,Prerelease Cards,faeburrow elder
492913,Faerie Mastermind,Prerelease Cards,faerie mastermind
561091,Fabled Passage,Prerelease Cards,fabled passage
645419,Famished Worldsire,Prerelease Cards,famished worldsire
625830,"Felothar, Dawn of the Abzan",Prerelease Cards,felothar dawn of the abzan
194045,Field of the Dead,Prerelease Cards,field of the dead
189545,Finale of Devastation,Prerelease Cards,finale of devastation
554208,Flare of Denial,Prerelease Cards,flare of denial
554227,Flare of Duplication,Prerelease Cards,flare of duplication
554217,Flare of Malice,Prerelease Cards,flare of malice
554257,Flooded Strand,Prerelease Cards,flooded strand
120732,Geier Reach Sanitarium,Prerelease Cards,geier reach sanitarium
217331,Ghostly Pilferer,Prerelease Cards,ghostly pilferer
561079,"Glarb, Calamity's Augur",Prerelease Cards,glarb calamitys augur
194055,Glint-Horn Buccaneer,Prerelease Cards,glinthorn buccaneer
580704,Gloomlake Verge,Prerelease Cards,gloomlake verge
645450,Godless Shrine,Prerelease Cards,godless shrine
194059,Grafdigger's Cage,Prerelease Cards,grafdiggers cage
217353,Grim Tutor,Prerelease Cards,grim tutor
241470,Harmonic Prodigy,Prerelease Cards,harmonic prodigy
593185,High Fae Trickster,Prerelease Cards,high fae trickster
492936,Hoarding Broodlord,Prerelease Cards,hoarding broodlord
126840,Hope of Ghirapur,Prerelease Cards,hope of ghirapur
616777,Howlsquad Heavy,Prerelease Cards,howlsquad heavy
255034,Hullbreaker Horror,Prerelease Cards,hullbreaker horror
207568,Idyllic Tutor,Prerelease Cards,idyllic tutor
645421,Icetill Explorer,Prerelease Cards,icetill explorer
241471,Ignoble Hierarch,Prerelease Cards,ignoble hierarch
184007,Incubation Druid,Prerelease Cards,incubation druid
493196,Invasion of Ikoria,Prerelease Cards,invasion of ikoria
189464,"Jace, Wielder of Mysteries",Prerelease Cards,jace wielder of mysteries
580679,"Kaito, Bane of Nightmares",Prerelease Cards,kaito bane of nightmares
189459,"Karn, the Great Creator",Prerelease Cards,karn the great creator
645451,"Kavaron, Memorial World",Prerelease Cards,kavaron memorial world
123378,Key to the City,Prerelease Cards,key to the city
214176,"Kinnan, Bonder Prodigy",Prerelease Cards,kinnan bonder prodigy
183994,"Lavinia, Azorius Renegade",Prerelease Cards,lavinia azorius renegade
169967,"Lena, Selfless Champion",Prerelease Cards,lena selfless champion
194019,Leyline of Abundance,Prerelease Cards,leyline of abundance
194066,Leyline of the Void,Prerelease Cards,leyline of the void
616811,Lifecraft Engine,Prerelease Cards,lifecraft engine
454112,Llanowar Wastes,Prerelease Cards,llanowar wastes
223494,Lotus Cobra,Prerelease Cards,lotus cobra
194069,Lotus Field,Prerelease Cards,lotus field
501307,"Lotho, Corrupt Shirriff",Prerelease Cards,lotho corrupt shirriff
635765,Louisoix's Sacrifice,Prerelease Cards,louisoixs sacrifice
214157,"Lukka, Coppercoat Outcast",Prerelease Cards,lukka coppercoat outcast
561064,"Lumra, Bellow of the Woods",Prerelease Cards,lumra bellow of the woods
274550,Luxury Suite,Prerelease Cards,luxury suite
231589,"Magda, Brazen Outlaw",Prerelease Cards,magda brazen outlaw
546111,"Magda, the Hoardmaster",Prerelease Cards,magda the hoardmaster
663108,"Mai, Scornful Striker",Prerelease Cards,mai scornful striker
263506,March of Wretched Sorrow,Prerelease Cards,march of wretched sorrow
241479,Marsh Flats,Prerelease Cards,marsh flats
580701,"Marvin, Murderous Mimic",Prerelease Cards,marvin murderous mimic
231623,Maskwood Nexus,Prerelease Cards,maskwood nexus
126849,Metallic Mimic,Prerelease Cards,metallic mimic
137151,Mirage Mirror,Prerelease Cards,mirage mirror
111254,Mirrorpool,Prerelease Cards,mirrorpool
199889,Mirrormade,Prerelease Cards,mirrormade
241482,Misty Rainforest,Prerelease Cards,misty rainforest
561028,Mockingbird,Prerelease Cards,mockingbird
274551,Morphic Pool,Prerelease Cards,morphic pool
501301,Mount Doom,Prerelease Cards,mount doom
165573,Mox Amber,Prerelease Cards,mox amber
653506,Multiversal Passage,Prerelease Cards,multiversal passage
189496,Narset's Reversal,Prerelease Cards,narsets reversal
625823,Nature's Rhythm,Prerelease Cards,natures rhythm
554218,Necrodominance,Prerelease Cards,necrodominance
223551,Needleverge Pathway,Prerelease Cards,needleverge pathway
155952,"Nezahal, Primal Tide",Prerelease Cards,nezahal primal tide
189488,"Nicol Bolas, Dragon-God",Prerelease Cards,nicol bolas dragongod
177502,"Niv-Mizzet, Parun",Prerelease Cards,nivmizzet parun
165579,Oath of Teferi,Prerelease Cards,oath of teferi
554201,Ocelot Pride,Prerelease Cards,ocelot pride
501300,Orcish Bowmasters,Prerelease Cards,orcish bowmasters
263513,"Otawara, Soaring City",Prerelease Cards,otawara soaring city
217364,Peer into the Abyss,Prerelease Cards,peer into the abyss
554203,"Phelia, Exuberant Shepherd",Prerelease Cards,phelia exuberant shepherd
653504,Peter Parker's Camera,Prerelease Cards,peter parkers camera
241494,Persist,Prerelease Cards,persist
249566,Pithing Needle,Prerelease Cards,pithing needle
554259,Polluted Delta,Prerelease Cards,polluted delta
454100,Portal to Phyrexia,Prerelease Cards,portal to phyrexia
269170,Professional Face-Breaker,Prerelease Cards,professional facebreaker
237112,Professor Onyx,Prerelease Cards,professor onyx
241498,"Ragavan, Nimble Pilferer",Prerelease Cards,ragavan nimble pilferer
536543,Raucous Theater,Prerelease Cards,raucous theater
137160,"Razaketh, the Foulblooded",Prerelease Cards,razaketh the foulblooded
663115,Redirect Lightning,Prerelease Cards,redirect lightning
126859,"Rishkar, Peema Renegade",Prerelease Cards,rishkar peema renegade
616817,Riverpyre Verge,Prerelease Cards,riverpyre verge
526793,Roaming Throne,Prerelease Cards,roaming throne
645452,Sacred Foundry,Prerelease Cards,sacred foundry
123396,Saheeli Rai,Prerelease Cards,saheeli rai
241507,Scalding Tarn,Prerelease Cards,scalding tarn
170014,Scapeshift,Prerelease Cards,scapeshift
194039,Scheming Symmetry,Prerelease Cards,scheming symmetry
223231,Sea Gate Restoration,Prerelease Cards,sea gate restoration
274553,Sea of Clouds,Prerelease Cards,sea of clouds
269224,Shadow of Mortality,Prerelease Cards,shadow of mortality
653471,Shadow of the Goblin,Prerelease Cards,shadow of the goblin
223452,Shatterskull Smashing,Prerelease Cards,shatterskull smashing
284292,"Sheoldred, the Apocalypse",Prerelease Cards,sheoldred the apocalypse
554260,Shifting Woodland,Prerelease Cards,shifting woodland
284381,Shivan Reef,Prerelease Cards,shivan reef
97041,"Sidisi, Undead Vizier",Prerelease Cards,sidisi undead vizier
554236,Six,Prerelease Cards,six
481535,"Skrelv, Defector Mite",Prerelease Cards,skrelv defector mite
223195,Skyclave Apparition,Prerelease Cards,skyclave apparition
123401,Smuggler's Copter,Prerelease Cards,smugglers copter
263521,"Sokenzan, Crucible of Defiance",Prerelease Cards,sokenzan crucible of defiance
241519,Solitude,Prerelease Cards,solitude
481636,Soulless Jailer,Prerelease Cards,soulless jailer
554237,Sowing Mycospawn,Prerelease Cards,sowing mycospawn
653456,Spider-Sense,Prerelease Cards,spidersense
126864,Spire of Industry,Prerelease Cards,spire of industry
554238,Springheart Nantuko,Prerelease Cards,springheart nantuko
635852,Starting Town,Prerelease Cards,starting town
554211,Strix Serenade,Prerelease Cards,strix serenade
241523,Subtlety,Prerelease Cards,subtlety
284382,Sulfurous Springs,Prerelease Cards,sulfurous springs
263527,"Takenuma, Abandoned Mire",Prerelease Cards,takenuma abandoned mire
189505,"Teferi, Time Raveler",Prerelease Cards,teferi time raveler
249555,"Teferi, Who Slows the Sunset",Prerelease Cards,teferi who slows the sunset
165647,"Tetsuko Umezawa, Fugitive",Prerelease Cards,tetsuko umezawa fugitive
645440,"Tezzeret, Cruel Captain",Prerelease Cards,tezzeret cruel captain
255015,"Thalia, Guardian of Thraben",Prerelease Cards,thalia guardian of thraben
207577,Thassa's Oracle,Prerelease Cards,thassas oracle
635776,The Darkness Crystal,Prerelease Cards,the darkness crystal
583774,The Jolly Balloon Man,Prerelease Cards,the jolly balloon man
663113,The Last Agni Kai,Prerelease Cards,the last agni kai
249476,The Meathook Massacre,Prerelease Cards,the meathook massacre
481648,The Mycosynth Gardens,Prerelease Cards,the mycosynth gardens
501274,The One Ring,Prerelease Cards,the one ring
663101,The Unagi of Kyoshi Island,Prerelease Cards,the unagi of kyoshi island
263538,Thousand-Faced Shadow,Prerelease Cards,thousandfaced shadow
536554,Thundering Falls,Prerelease Cards,thundering falls
231592,Tibalt's Trickery,Prerelease Cards,tibalts trickery
217312,Transmogrify,Prerelease Cards,transmogrify
244615,Treasure Vault,Prerelease Cards,treasure vault
481621,"Tyvar, Jubilant Brawler",Prerelease Cards,tyvar jubilant brawler
454114,Underground River,Prerelease Cards,underground river
536557,Undercity Sewers,Prerelease Cards,undercity sewers
207597,Underworld Breach,Prerelease Cards,underworld breach
269174,Unlicensed Hearse,Prerelease Cards,unlicensed hearse
241540,Unmarked Grave,Prerelease Cards,unmarked grave
241543,Urza's Saga,Prerelease Cards,urzas saga
635797,"Vaan, Street Thief",Prerelease Cards,vaan street thief
580664,"Valgavoth, Terror Eater",Prerelease Cards,valgavoth terror eater
561033,Valley Floodcaller,Prerelease Cards,valley floodcaller
241545,Verdant Catacombs,Prerelease Cards,verdant catacombs
194080,"Vilis, Broker of Blood",Prerelease Cards,vilis broker of blood
514412,Virtue of Courage,Prerelease Cards,virtue of courage
635830,Vivi Ornitier,Prerelease Cards,vivi ornitier
625803,Voice of Victory,Prerelease Cards,voice of victory
126868,Walking Ballista,Prerelease Cards,walking ballista
663075,"Wan Shi Tong, Librarian",Prerelease Cards,wan shi tong librarian
625825,Warden of the Grove,Prerelease Cards,warden of the grove
554222,Warren Soultrader,Prerelease Cards,warren soultrader
645457,Watery Grave,Prerelease Cards,watery grave
126869,Whir of Invention,Prerelease Cards,whir of invention
616820,Willowrush Verge,Prerelease Cards,willowrush verge
554263,Windswept Heath,Prerelease Cards,windswept heath
214191,"Winota, Joiner of Forces",Prerelease Cards,winota joiner of forces
199900,Wishclaw Talisman,Prerelease Cards,wishclaw talisman
554264,Wooded Foothills,Prerelease Cards,wooded foothills
244545,Xorn,Prerelease Cards,xorn
284384,Yavimaya Coast,Prerelease Cards,yavimaya coast
241551,"Yavimaya, Cradle of Growth",Prerelease Cards,yavimaya cradle of growth
696483,"Mister Fantastic, Reed Richards",Standard Showdown Promos,mister fantastic reed richards
696493,"Quicksilver, Brash Blur",Standard Showdown Promos,quicksilver brash blur
698193,Birds of Paradise,Commander: Marvel Super Heroes,birds of paradise
698008,Black Market Connections,Commander: Marvel Super Heroes,black market connections
698084,Blasphemous Act,Commander: Marvel Super Heroes,blasphemous act
698087,Chaos Warp,Commander: Marvel Super Heroes,chaos warp
696250,Dark Ritual,Commander: Marvel Super Heroes,dark ritual
697282,Doomsday,Commander: Marvel Super Heroes,doomsday
697439,Exotic Orchard,Commander: Marvel Super Heroes,exotic orchard
697506,Fabled Passage,Commander: Marvel Super Heroes,fabled passage
697341,Grapeshot,Commander: Marvel Super Heroes,grapeshot
697259,"Hammerhead, Maggia Boss",Commander: Marvel Super Heroes,hammerhead maggia boss
697202,Impossible Man,Commander: Marvel Super Heroes,impossible man
697344,Lightning Bolt,Commander: Marvel Super Heroes,lightning bolt
697204,"Loki, Lord of Misrule",Commander: Marvel Super Heroes,loki lord of misrule
698116,Luxury Suite,Commander: Marvel Super Heroes,luxury suite
697416,Metallic Mimic,Commander: Marvel Super Heroes,metallic mimic
697574,Mirage Mirror,Commander: Marvel Super Heroes,mirage mirror
697529,Path to Exile,Commander: Marvel Super Heroes,path to exile
697516,Rejuvenating Springs,Commander: Marvel Super Heroes,rejuvenating springs
697417,Relic of Legends,Commander: Marvel Super Heroes,relic of legends
697454,Spectator Seating,Commander: Marvel Super Heroes,spectator seating
697109,Swords to Plowshares,Commander: Marvel Super Heroes,swords to plowshares
697420,Talisman of Creativity,Commander: Marvel Super Heroes,talisman of creativity
698064,Talisman of Dominance,Commander: Marvel Super Heroes,talisman of dominance
697421,Talisman of Progress,Commander: Marvel Super Heroes,talisman of progress
698067,Talisman of Indulgence,Commander: Marvel Super Heroes,talisman of indulgence
698035,Toxic Deluge,Commander: Marvel Super Heroes,toxic deluge
696560,Avengers Disassembled,Marvel Super Heroes,avengers disassembled
696324,King T'Challa,Marvel Super Heroes,king tchalla
696275,"Mister Fantastic, Reed Richards",Marvel Super Heroes,mister fantastic reed richards
668459,"Quicksilver, Brash Blur",Marvel Super Heroes,quicksilver brash blur
697059,"Shang-Chi, Master of Kung Fu",Marvel Super Heroes,shangchi master of kung fu
696864,Vision Quest,Marvel Super Heroes,vision quest
693242,High Fae Trickster,Promo Pack: Secrets of Strixhaven,high fae trickster
693244,Six,Promo Pack: Secrets of Strixhaven,six
689873,Skycoach Conductor,Promo Pack: Secrets of Strixhaven,skycoach conductor
693168,Strix Serenade,Promo Pack: Secrets of Strixhaven,strix serenade
688971,Skycoach Conductor,Secrets of Strixhaven,skycoach conductor
688837,Abrade,Secrets of Strixhaven: Mystical Archive,abrade
688831,Ad Nauseam,Secrets of Strixhaven: Mystical Archive,ad nauseam
689148,Angel's Grace,Secrets of Strixhaven: Mystical Archive,angels grace
689149,Brain Freeze,Secrets of Strixhaven: Mystical Archive,brain freeze
688886,Crop Rotation,Secrets of Strixhaven: Mystical Archive,crop rotation
689391,Culling Ritual,Secrets of Strixhaven: Mystical Archive,culling ritual
688899,Culling the Weak,Secrets of Strixhaven: Mystical Archive,culling the weak
689345,Cyclonic Rift,Secrets of Strixhaven: Mystical Archive,cyclonic rift
688901,Daze,Secrets of Strixhaven: Mystical Archive,daze
688910,Dismember,Secrets of Strixhaven: Mystical Archive,dismember
690169,Flusterstorm,Secrets of Strixhaven: Mystical Archive,flusterstorm
686637,Force of Will,Secrets of Strixhaven: Mystical Archive,force of will
689151,Jeska's Will,Secrets of Strixhaven: Mystical Archive,jeskas will
688900,Preordain,Secrets of Strixhaven: Mystical Archive,preordain
688919,Pyretic Ritual,Secrets of Strixhaven: Mystical Archive,pyretic ritual
688928,Return the Favor,Secrets of Strixhaven: Mystical Archive,return the favor
686552,Vampiric Tutor,Secrets of Strixhaven: Mystical Archive,vampiric tutor
689366,Veil of Summer,Secrets of Strixhaven: Mystical Archive,veil of summer
687490,Abrade,Commander: Secrets of Strixhaven,abrade
687375,Animate Dead,Commander: Secrets of Strixhaven,animate dead
687531,Arcane Signet,Commander: Secrets of Strixhaven,arcane signet
687389,Archmage Emeritus,Commander: Secrets of Strixhaven,archmage emeritus
687668,Battlefield Forge,Commander: Secrets of Strixhaven,battlefield forge
687417,Blasphemous Act,Commander: Secrets of Strixhaven,blasphemous act
687360,Chaos Warp,Commander: Secrets of Strixhaven,chaos warp
687664,Command Tower,Commander: Secrets of Strixhaven,command tower
687618,Culling Ritual,Commander: Secrets of Strixhaven,culling ritual
687499,Elvish Mystic,Commander: Secrets of Strixhaven,elvish mystic
687675,Exotic Orchard,Commander: Secrets of Strixhaven,exotic orchard
687665,Fabled Passage,Commander: Secrets of Strixhaven,fabled passage
687365,Faerie Mastermind,Commander: Secrets of Strixhaven,faerie mastermind
687597,Fellwar Stone,Commander: Secrets of Strixhaven,fellwar stone
687475,Harmonic Prodigy,Commander: Secrets of Strixhaven,harmonic prodigy
687692,Llanowar Wastes,Commander: Secrets of Strixhaven,llanowar wastes
687695,Lotus Field,Commander: Secrets of Strixhaven,lotus field
687617,Mind Stone,Commander: Secrets of Strixhaven,mind stone
687350,Ominous Harvest,Commander: Secrets of Strixhaven,ominous harvest
687458,Path to Exile,Commander: Secrets of Strixhaven,path to exile
687423,"Rionya, Fire Dancer",Commander: Secrets of Strixhaven,rionya fire dancer
687520,Sevinne's Reclamation,Commander: Secrets of Strixhaven,sevinnes reclamation
687530,Skyclave Apparition,Commander: Secrets of Strixhaven,skyclave apparition
687534,Shivan Reef,Commander: Secrets of Strixhaven,shivan reef
687542,Sol Ring,Commander: Secrets of Strixhaven,sol ring
687338,Storm-Kiln Artist,Commander: Secrets of Strixhaven,stormkiln artist
687630,Talisman of Creativity,Commander: Secrets of Strixhaven,talisman of creativity
687547,Swords to Plowshares,Commander: Secrets of Strixhaven,swords to plowshares
687633,Talisman of Hierarchy,Commander: Secrets of Strixhaven,talisman of hierarchy
687372,Toxic Deluge,Commander: Secrets of Strixhaven,toxic deluge
687658,"Veyran, Voice of Duality",Commander: Secrets of Strixhaven,veyran voice of duality
687588,Yavimaya Coast,Commander: Secrets of Strixhaven,yavimaya coast
679614,Arcane Signet,Commander: Teenage Mutant Ninja Turtles,arcane signet
679599,Blasphemous Act,Commander: Teenage Mutant Ninja Turtles,blasphemous act
679589,"Casey Jones, Back Alley Brute",Commander: Teenage Mutant Ninja Turtles,casey jones back alley brute
679620,City of Brass,Commander: Teenage Mutant Ninja Turtles,city of brass
679621,Command Tower,Commander: Teenage Mutant Ninja Turtles,command tower
679624,Exotic Orchard,Commander: Teenage Mutant Ninja Turtles,exotic orchard
679625,Fabled Passage,Commander: Teenage Mutant Ninja Turtles,fabled passage
679619,Sol Ring,Commander: Teenage Mutant Ninja Turtles,sol ring
673622,Cool but Rude,Teenage Mutant Ninja Turtles,cool but rude
680261,Dream Beavers,Teenage Mutant Ninja Turtles,dream beavers
657755,Super Shredder,Teenage Mutant Ninja Turtles,super shredder
670978,"Abigale, Eloquent First-Year",Lorwyn Eclipsed,abigale eloquent firstyear
671067,Bloom Tender,Lorwyn Eclipsed,bloom tender
656687,Blood Crypt,Lorwyn Eclipsed,blood crypt
671721,Firdoch Core,Lorwyn Eclipsed,firdoch core
656667,Formidable Speaker,Lorwyn Eclipsed,formidable speaker
671468,Glamer Gifter,Lorwyn Eclipsed,glamer gifter
670991,Glen Elendra's Answer,Lorwyn Eclipsed,glen elendras answer
656703,Hallowed Fountain,Lorwyn Eclipsed,hallowed fountain
671005,Hexing Squelcher,Lorwyn Eclipsed,hexing squelcher
671780,Moonshadow,Lorwyn Eclipsed,moonshadow
656709,Overgrown Tomb,Lorwyn Eclipsed,overgrown tomb
671537,Springleaf Drum,Lorwyn Eclipsed,springleaf drum
672032,Stalactite Dagger,Lorwyn Eclipsed,stalactite dagger
656711,Steam Vents,Lorwyn Eclipsed,steam vents
671578,"Tam, Mindful First-Year",Lorwyn Eclipsed,tam mindful firstyear
656713,Temple Garden,Lorwyn Eclipsed,temple garden
671228,Blasphemous Act,Commander: Lorwyn Eclipsed,blasphemous act
671263,"Chimil, the Inner Sun",Commander: Lorwyn Eclipsed,chimil the inner sun
671202,Devoted Druid,Commander: Lorwyn Eclipsed,devoted druid
671173,Endurance,Commander: Lorwyn Eclipsed,endurance
671197,Exotic Orchard,Commander: Lorwyn Eclipsed,exotic orchard
671292,Fellwar Stone,Commander: Lorwyn Eclipsed,fellwar stone
671259,Faeburrow Elder,Commander: Lorwyn Eclipsed,faeburrow elder
671175,Ignoble Hierarch,Commander: Lorwyn Eclipsed,ignoble hierarch
671137,Path to Exile,Commander: Lorwyn Eclipsed,path to exile
671161,Persist,Commander: Lorwyn Eclipsed,persist
671244,"Selvala, Heart of the Wilds",Commander: Lorwyn Eclipsed,selvala heart of the wilds
672237,"Abigale, Eloquent First-Year",Promo Pack: Lorwyn Eclipsed,abigale eloquent firstyear
672258,Blood Crypt,Promo Pack: Lorwyn Eclipsed,blood crypt
672277,Bloom Tender,Promo Pack: Lorwyn Eclipsed,bloom tender
672267,Glen Elendra's Answer,Promo Pack: Lorwyn Eclipsed,glen elendras answer
672231,Formidable Speaker,Promo Pack: Lorwyn Eclipsed,formidable speaker
672259,Hallowed Fountain,Promo Pack: Lorwyn Eclipsed,hallowed fountain
672227,Hexing Squelcher,Promo Pack: Lorwyn Eclipsed,hexing squelcher
677582,Grand Abolisher,Promo Pack: Lorwyn Eclipsed,grand abolisher
672272,Moonshadow,Promo Pack: Lorwyn Eclipsed,moonshadow
672260,Overgrown Tomb,Promo Pack: Lorwyn Eclipsed,overgrown tomb
673730,Ocelot Pride,Promo Pack: Lorwyn Eclipsed,ocelot pride
672261,Steam Vents,Promo Pack: Lorwyn Eclipsed,steam vents
672255,"Tam, Mindful First-Year",Promo Pack: Lorwyn Eclipsed,tam mindful firstyear
672262,Temple Garden,Promo Pack: Lorwyn Eclipsed,temple garden
677584,Torpor Orb,Promo Pack: Lorwyn Eclipsed,torpor orb
683153,Warren Soultrader,Promo Pack: Lorwyn Eclipsed,warren soultrader
660570,Badgermole Cub,Avatar: The Last Airbender,badgermole cub
661961,"Mai, Scornful Striker",Avatar: The Last Airbender,mai scornful striker
648709,Redirect Lightning,Avatar: The Last Airbender,redirect lightning
660545,The Last Agni Kai,Avatar: The Last Airbender,the last agni kai
661945,The Unagi of Kyoshi Island,Avatar: The Last Airbender,the unagi of kyoshi island
660516,"Wan Shi Tong, Librarian",Avatar: The Last Airbender,wan shi tong librarian
662458,Brainstorm,Avatar: The Last Airbender: Eternal-Legal,brainstorm
662382,Bolt Bend,Avatar: The Last Airbender: Eternal-Legal,bolt bend
662463,Dramatic Reversal,Avatar: The Last Airbender: Eternal-Legal,dramatic reversal
662367,"Smellerbee, Rebel Fighter",Avatar: The Last Airbender: Eternal-Legal,smellerbee rebel fighter
648732,The Cabbage Merchant,Avatar: The Last Airbender: Eternal-Legal,the cabbage merchant
646661,Multiversal Passage,Marvel's Spider-Man,multiversal passage
651386,Peter Parker's Camera,Marvel's Spider-Man,peter parkers camera
651989,Shadow of the Goblin,Marvel's Spider-Man,shadow of the goblin
651910,Spider-Sense,Marvel's Spider-Man,spidersense
638910,Breeding Pool,Edge of Eternities,breeding pool
642982,Famished Worldsire,Edge of Eternities,famished worldsire
644609,Gene Pollinator,Edge of Eternities,gene pollinator
638911,Godless Shrine,Edge of Eternities,godless shrine
644286,Icetill Explorer,Edge of Eternities,icetill explorer
641943,"Kavaron, Memorial World",Edge of Eternities,kavaron memorial world
638912,Sacred Foundry,Edge of Eternities,sacred foundry
638908,"Tezzeret, Cruel Captain",Edge of Eternities,tezzeret cruel captain
638914,Watery Grave,Edge of Eternities,watery grave
641987,Aftermath Analyst,Commander: Edge of Eternities,aftermath analyst
642024,Arcane Signet,Commander: Edge of Eternities,arcane signet
641779,Weftstalker Ardent,Edge of Eternities,weftstalker ardent
642845,Battlefield Forge,Commander: Edge of Eternities,battlefield forge
641969,Blasphemous Act,Commander: Edge of Eternities,blasphemous act
642848,Buried Ruin,Commander: Edge of Eternities,buried ruin
641961,"Braids, Arisen Nightmare",Commander: Edge of Eternities,braids arisen nightmare
642813,Chaos Warp,Commander: Edge of Eternities,chaos warp
642032,Command Tower,Commander: Edge of Eternities,command tower
642851,Exotic Orchard,Commander: Edge of Eternities,exotic orchard
642033,Fabled Passage,Commander: Edge of Eternities,fabled passage
642853,Great Furnace,Commander: Edge of Eternities,great furnace
641983,Horizon Explorer,Commander: Edge of Eternities,horizon explorer
642064,Llanowar Wastes,Commander: Edge of Eternities,llanowar wastes
642804,Phyrexian Metamorph,Commander: Edge of Eternities,phyrexian metamorph
642782,Patrolling Peacemaker,Commander: Edge of Eternities,patrolling peacemaker
642862,Seat of the Synod,Commander: Edge of Eternities,seat of the synod
642864,Shivan Reef,Commander: Edge of Eternities,shivan reef
642025,Sol Ring,Commander: Edge of Eternities,sol ring
642071,Sulfurous Springs,Commander: Edge of Eternities,sulfurous springs
642867,Spire of Industry,Commander: Edge of Eternities,spire of industry
642791,Swan Song,Commander: Edge of Eternities,swan song
642783,Swords to Plowshares,Commander: Edge of Eternities,swords to plowshares
642857,The Mycosynth Gardens,Commander: Edge of Eternities,the mycosynth gardens
645531,Breeding Pool,Promo Pack: Edge of Eternities,breeding pool
645502,Famished Worldsire,Promo Pack: Edge of Eternities,famished worldsire
645534,Godless Shrine,Promo Pack: Edge of Eternities,godless shrine
645504,Icetill Explorer,Promo Pack: Edge of Eternities,icetill explorer
645535,"Kavaron, Memorial World",Promo Pack: Edge of Eternities,kavaron memorial world
645536,Sacred Foundry,Promo Pack: Edge of Eternities,sacred foundry
649211,Springheart Nantuko,Promo Pack: Edge of Eternities,springheart nantuko
645523,"Tezzeret, Cruel Captain",Promo Pack: Edge of Eternities,tezzeret cruel captain
645541,Watery Grave,Promo Pack: Edge of Eternities,watery grave
631265,An Offer You Can't Refuse,Commander: FINAL FANTASY,an offer you cant refuse
631174,Archmage Emeritus,Commander: FINAL FANTASY,archmage emeritus
631249,Battlefield Forge,Commander: FINAL FANTASY,battlefield forge
631156,Chaos Warp,Commander: FINAL FANTASY,chaos warp
631261,Exotic Orchard,Commander: FINAL FANTASY,exotic orchard
631124,"Gogo, Mysterious Mime",Commander: FINAL FANTASY,gogo mysterious mime
631307,Incubation Druid,Commander: FINAL FANTASY,incubation druid
631182,Key to the City,Commander: FINAL FANTASY,key to the city
631531,Mind Stone,Commander: FINAL FANTASY,mind stone
631196,Path to Exile,Commander: FINAL FANTASY,path to exile
631136,Professional Face-Breaker,Commander: FINAL FANTASY,professional facebreaker
631573,Reanimate,Commander: FINAL FANTASY,reanimate
631292,Relic of Legends,Commander: FINAL FANTASY,relic of legends
631256,Snuff Out,Commander: FINAL FANTASY,snuff out
631282,Spire of Industry,Commander: FINAL FANTASY,spire of industry
631512,Stitcher's Supplier,Commander: FINAL FANTASY,stitchers supplier
631594,Sulfurous Springs,Commander: FINAL FANTASY,sulfurous springs
631137,Swords to Plowshares,Commander: FINAL FANTASY,swords to plowshares
631296,Talisman of Dominance,Commander: FINAL FANTASY,talisman of dominance
631298,Talisman of Hierarchy,Commander: FINAL FANTASY,talisman of hierarchy
631550,Talisman of Indulgence,Commander: FINAL FANTASY,talisman of indulgence
631300,Talisman of Progress,Commander: FINAL FANTASY,talisman of progress
631106,Tataru Taru,Commander: FINAL FANTASY,tataru taru
631493,Underground River,Commander: FINAL FANTASY,underground river
631496,Walking Ballista,Commander: FINAL FANTASY,walking ballista
630969,Fire Magic,FINAL FANTASY,fire magic
633987,Louisoix's Sacrifice,FINAL FANTASY,louisoixs sacrifice
631607,Starting Town,FINAL FANTASY,starting town
630862,The Darkness Crystal,FINAL FANTASY,the darkness crystal
633403,"Vaan, Street Thief",FINAL FANTASY,vaan street thief
631015,Vivi Ornitier,FINAL FANTASY,vivi ornitier
624178,Abrade,Commander: Tarkir: Dragonstorm,abrade
624277,Ainok Strike Leader,Commander: Tarkir: Dragonstorm,ainok strike leader
624158,Archmage Emeritus,Commander: Tarkir: Dragonstorm,archmage emeritus
624048,Arcane Signet,Commander: Tarkir: Dragonstorm,arcane signet
624204,Battlefield Forge,Commander: Tarkir: Dragonstorm,battlefield forge
624928,Blasphemous Act,Commander: Tarkir: Dragonstorm,blasphemous act
624929,Chaos Warp,Commander: Tarkir: Dragonstorm,chaos warp
623982,Command Tower,Commander: Tarkir: Dragonstorm,command tower
624449,Command Beacon,Commander: Tarkir: Dragonstorm,command beacon
624180,Curse of Opulence,Commander: Tarkir: Dragonstorm,curse of opulence
624420,Dauthi Voidwalker,Commander: Tarkir: Dragonstorm,dauthi voidwalker
624207,Exotic Orchard,Commander: Tarkir: Dragonstorm,exotic orchard
624630,Faeburrow Elder,Commander: Tarkir: Dragonstorm,faeburrow elder
624374,Fellwar Stone,Commander: Tarkir: Dragonstorm,fellwar stone
624419,Gravecrawler,Commander: Tarkir: Dragonstorm,gravecrawler
624468,Llanowar Wastes,Commander: Tarkir: Dragonstorm,llanowar wastes
624332,Loyal Apprentice,Commander: Tarkir: Dragonstorm,loyal apprentice
624156,Narset's Reversal,Commander: Tarkir: Dragonstorm,narsets reversal
624168,Ponder,Commander: Tarkir: Dragonstorm,ponder
624170,Preordain,Commander: Tarkir: Dragonstorm,preordain
624216,Shivan Reef,Commander: Tarkir: Dragonstorm,shivan reef
624049,Sol Ring,Commander: Tarkir: Dragonstorm,sol ring
624435,Stitcher's Supplier,Commander: Tarkir: Dragonstorm,stitchers supplier
624187,Storm-Kiln Artist,Commander: Tarkir: Dragonstorm,stormkiln artist
624152,Swords to Plowshares,Commander: Tarkir: Dragonstorm,swords to plowshares
624346,Talisman of Hierarchy,Commander: Tarkir: Dragonstorm,talisman of hierarchy
624968,Talisman of Creativity,Commander: Tarkir: Dragonstorm,talisman of creativity
624201,Talisman of Progress,Commander: Tarkir: Dragonstorm,talisman of progress
624196,"Veyran, Voice of Duality",Commander: Tarkir: Dragonstorm,veyran voice of duality
624619,Wall of Roots,Commander: Tarkir: Dragonstorm,wall of roots
624984,Yavimaya Coast,Commander: Tarkir: Dragonstorm,yavimaya coast
624539,Clarion Conqueror,Tarkir: Dragonstorm,clarion conqueror
625133,"Felothar, Dawn of the Abzan",Tarkir: Dragonstorm,felothar dawn of the abzan
624397,Mardu Devotee,Tarkir: Dragonstorm,mardu devotee
624738,Nature's Rhythm,Tarkir: Dragonstorm,natures rhythm
623897,Voice of Victory,Tarkir: Dragonstorm,voice of victory
625027,Warden of the Grove,Tarkir: Dragonstorm,warden of the grove
625718,Clarion Conqueror,Promo Pack: Tarkir: Dragonstorm,clarion conqueror
625748,"Felothar, Dawn of the Abzan",Promo Pack: Tarkir: Dragonstorm,felothar dawn of the abzan
625741,Nature's Rhythm,Promo Pack: Tarkir: Dragonstorm,natures rhythm
625721,Voice of Victory,Promo Pack: Tarkir: Dragonstorm,voice of victory
625743,Warden of the Grove,Promo Pack: Tarkir: Dragonstorm,warden of the grove
615912,Howlsquad Heavy,Aetherdrift,howlsquad heavy
610768,Lifecraft Engine,Aetherdrift,lifecraft engine
614418,Riverpyre Verge,Aetherdrift,riverpyre verge
614435,Willowrush Verge,Aetherdrift,willowrush verge
615171,Blasphemous Act,Commander: Aetherdrift,blasphemous act
615184,Chaos Warp,Commander: Aetherdrift,chaos warp
615163,Exotic Orchard,Commander: Aetherdrift,exotic orchard
615096,Gravecrawler,Commander: Aetherdrift,gravecrawler
615148,Loyal Apprentice,Commander: Aetherdrift,loyal apprentice
615110,Maskwood Nexus,Commander: Aetherdrift,maskwood nexus
615168,Ornithopter of Paradise,Commander: Aetherdrift,ornithopter of paradise
615226,Reckless Fireweaver,Commander: Aetherdrift,reckless fireweaver
615213,Shivan Reef,Commander: Aetherdrift,shivan reef
615211,Spire of Industry,Commander: Aetherdrift,spire of industry
615190,Talisman of Curiosity,Commander: Aetherdrift,talisman of curiosity
615067,Talisman of Dominance,Commander: Aetherdrift,talisman of dominance
615048,Talisman of Hierarchy,Commander: Aetherdrift,talisman of hierarchy
615059,Swords to Plowshares,Commander: Aetherdrift,swords to plowshares
615181,Treasure Vault,Commander: Aetherdrift,treasure vault
615049,Underground River,Commander: Aetherdrift,underground river
615192,Yavimaya Coast,Commander: Aetherdrift,yavimaya coast
616876,Howlsquad Heavy,Promo Pack: Aetherdrift,howlsquad heavy
616910,Lifecraft Engine,Promo Pack: Aetherdrift,lifecraft engine
616916,Riverpyre Verge,Promo Pack: Aetherdrift,riverpyre verge
616919,Willowrush Verge,Promo Pack: Aetherdrift,willowrush verge
609618,Abrade,Innistrad Remastered,abrade
609825,Cryptolith Rite,Innistrad Remastered,cryptolith rite
609895,Eldritch Evolution,Innistrad Remastered,eldritch evolution
609704,Gravecrawler,Innistrad Remastered,gravecrawler
609969,Heartless Summoning,Innistrad Remastered,heartless summoning
609763,Hullbreaker Horror,Innistrad Remastered,hullbreaker horror
610031,Metallic Mimic,Innistrad Remastered,metallic mimic
610024,Temporal Mastery,Innistrad Remastered,temporal mastery
600473,The Meathook Massacre,Innistrad Remastered,the meathook massacre
600501,Young Wolf,Innistrad Remastered,young wolf
591105,Arcane Signet,Commander: Foundations,arcane signet
591108,Command Tower,Commander: Foundations,command tower
591107,Sol Ring,Commander: Foundations,sol ring
591656,Abrade,Foundations,abrade
591075,Adaptive Automaton,Foundations,adaptive automaton
590828,An Offer You Can't Refuse,Foundations,an offer you cant refuse
591690,Axgard Cavalry,Foundations,axgard cavalry
591021,Bolt Bend,Foundations,bolt bend
591079,Expedition Map,Foundations,expedition map
590835,High Fae Trickster,Foundations,high fae trickster
557921,Llanowar Elves,Foundations,llanowar elves
591087,Three Tree Mascot,Foundations,three tree mascot
591019,Vile Entomber,Foundations,vile entomber
591020,Wishclaw Talisman,Foundations,wishclaw talisman
590798,Combat Celebrant,Foundations Jumpstart,combat celebrant
590537,Faerie Seer,Foundations Jumpstart,faerie seer
589845,Gingerbrute,Foundations Jumpstart,gingerbrute
590545,Goblin Rabblemaster,Foundations Jumpstart,goblin rabblemaster
590519,Llanowar Elves,Foundations Jumpstart,llanowar elves
590526,Lotus Cobra,Foundations Jumpstart,lotus cobra
590123,Ornithopter of Paradise,Foundations Jumpstart,ornithopter of paradise
590741,"Rishkar, Peema Renegade",Foundations Jumpstart,rishkar peema renegade
590713,Ruthless Technomancer,Foundations Jumpstart,ruthless technomancer
590309,Seat of the Synod,Foundations Jumpstart,seat of the synod
578053,Abhorrent Oculus,Duskmourn: House of Horror,abhorrent oculus
578080,Enduring Vitality,Duskmourn: House of Horror,enduring vitality
576518,Gloomlake Verge,Duskmourn: House of Horror,gloomlake verge
575076,"Kaito, Bane of Nightmares",Duskmourn: House of Horror,kaito bane of nightmares
575262,Leyline of the Void,Duskmourn: House of Horror,leyline of the void
578074,"Marvin, Murderous Mimic",Duskmourn: House of Horror,marvin murderous mimic
575080,The Jolly Balloon Man,Duskmourn: House of Horror,the jolly balloon man
576504,Untimely Malfunction,Duskmourn: House of Horror,untimely malfunction
575065,"Valgavoth, Terror Eater",Duskmourn: House of Horror,valgavoth terror eater
577861,Arcane Signet,Commander: Duskmourn: House of Horror,arcane signet
577808,"Ashaya, Soul of the Wild",Commander: Duskmourn: House of Horror,ashaya soul of the wild
578952,Blasphemous Act,Commander: Duskmourn: House of Horror,blasphemous act
578953,Brainstorm,Commander: Duskmourn: House of Horror,brainstorm
579000,"Braids, Arisen Nightmare",Commander: Duskmourn: House of Horror,braids arisen nightmare
578966,Chaos Warp,Commander: Duskmourn: House of Horror,chaos warp
577883,Command Tower,Commander: Duskmourn: House of Horror,command tower
579029,Culling Ritual,Commander: Duskmourn: House of Horror,culling ritual
579308,Dryad Arbor,Commander: Duskmourn: House of Horror,dryad arbor
579310,Exotic Orchard,Commander: Duskmourn: House of Horror,exotic orchard
579090,Fellwar Stone,Commander: Duskmourn: House of Horror,fellwar stone
578915,Gleeful Arsonist,Commander: Duskmourn: House of Horror,gleeful arsonist
579034,Gray Merchant of Asphodel,Commander: Duskmourn: House of Horror,gray merchant of asphodel
578921,Kederekt Parasite,Commander: Duskmourn: House of Horror,kederekt parasite
579324,Llanowar Wastes,Commander: Duskmourn: House of Horror,llanowar wastes
578980,Light Up the Stage,Commander: Duskmourn: House of Horror,light up the stage
579099,Mind Stone,Commander: Duskmourn: House of Horror,mind stone
578967,Mirrormade,Commander: Duskmourn: House of Horror,mirrormade
579064,Professor Onyx,Commander: Duskmourn: House of Horror,professor onyx
578974,Ponder,Commander: Duskmourn: House of Horror,ponder
579066,Reanimate,Commander: Duskmourn: House of Horror,reanimate
577866,Sol Ring,Commander: Duskmourn: House of Horror,sol ring
579336,Sulfurous Springs,Commander: Duskmourn: House of Horror,sulfurous springs
579070,Stitcher's Supplier,Commander: Duskmourn: House of Horror,stitchers supplier
578992,Swords to Plowshares,Commander: Duskmourn: House of Horror,swords to plowshares
579115,Talisman of Indulgence,Commander: Duskmourn: House of Horror,talisman of indulgence
579359,Underground River,Commander: Duskmourn: House of Horror,underground river
578922,Vial Smasher the Fierce,Commander: Duskmourn: House of Horror,vial smasher the fierce
577867,Yavimaya Coast,Commander: Duskmourn: House of Horror,yavimaya coast
580718,Abhorrent Oculus,Promo Pack: Duskmourn: House of Horror,abhorrent oculus
580752,Enduring Vitality,Promo Pack: Duskmourn: House of Horror,enduring vitality
580766,Gloomlake Verge,Promo Pack: Duskmourn: House of Horror,gloomlake verge
580729,"Kaito, Bane of Nightmares",Promo Pack: Duskmourn: House of Horror,kaito bane of nightmares
583661,Leyline of the Void,Promo Pack: Duskmourn: House of Horror,leyline of the void
580763,"Marvin, Murderous Mimic",Promo Pack: Duskmourn: House of Horror,marvin murderous mimic
594379,The Jolly Balloon Man,Promo Pack: Duskmourn: House of Horror,the jolly balloon man
580722,"Valgavoth, Terror Eater",Promo Pack: Duskmourn: House of Horror,valgavoth terror eater
558679,Barkform Harvester,Bloomburrow,barkform harvester
559476,Fabled Passage,Bloomburrow,fabled passage
558331,"Glarb, Calamity's Augur",Bloomburrow,glarb calamitys augur
559137,Into the Flood Maw,Bloomburrow,into the flood maw
541369,"Lumra, Bellow of the Woods",Bloomburrow,lumra bellow of the woods
559141,Mockingbird,Bloomburrow,mockingbird
559479,Three Tree Mascot,Bloomburrow,three tree mascot
559146,Valley Floodcaller,Bloomburrow,valley floodcaller
559909,Abrade,Commander: Bloomburrow,abrade
560186,An Offer You Can't Refuse,Commander: Bloomburrow,an offer you cant refuse
559719,Arcane Signet,Commander: Bloomburrow,arcane signet
559872,Battlefield Forge,Commander: Bloomburrow,battlefield forge
560011,Blasphemous Act,Commander: Bloomburrow,blasphemous act
559902,Chaos Warp,Commander: Bloomburrow,chaos warp
559724,Command Tower,Commander: Bloomburrow,command tower
559819,Combat Celebrant,Commander: Bloomburrow,combat celebrant
559727,Exotic Orchard,Commander: Bloomburrow,exotic orchard
559917,Faeburrow Elder,Commander: Bloomburrow,faeburrow elder
559852,Fellwar Stone,Commander: Bloomburrow,fellwar stone
560002,Hazel's Brewmaster,Commander: Bloomburrow,hazels brewmaster
560033,Llanowar Wastes,Commander: Bloomburrow,llanowar wastes
559826,Lotus Cobra,Commander: Bloomburrow,lotus cobra
559854,Mind Stone,Commander: Bloomburrow,mind stone
560057,Maskwood Nexus,Commander: Bloomburrow,maskwood nexus
559835,Ornithopter of Paradise,Commander: Bloomburrow,ornithopter of paradise
559845,Path to Exile,Commander: Bloomburrow,path to exile
559733,Pollywog Prodigy,Commander: Bloomburrow,pollywog prodigy
559913,"Rishkar, Peema Renegade",Commander: Bloomburrow,rishkar peema renegade
560019,Saw in Half,Commander: Bloomburrow,saw in half
559870,Shivan Reef,Commander: Bloomburrow,shivan reef
560179,Skyclave Apparition,Commander: Bloomburrow,skyclave apparition
559736,Sol Ring,Commander: Bloomburrow,sol ring
559828,"Tetsuko Umezawa, Fugitive",Commander: Bloomburrow,tetsuko umezawa fugitive
559797,Swords to Plowshares,Commander: Bloomburrow,swords to plowshares
559925,Thran Dynamo,Commander: Bloomburrow,thran dynamo
559976,Yavimaya Coast,Commander: Bloomburrow,yavimaya coast
561009,Fabled Passage,Promo Pack: Bloomburrow,fabled passage
560997,"Glarb, Calamity's Augur",Promo Pack: Bloomburrow,glarb calamitys augur
560982,"Lumra, Bellow of the Woods",Promo Pack: Bloomburrow,lumra bellow of the woods
560946,Mockingbird,Promo Pack: Bloomburrow,mockingbird
560951,Valley Floodcaller,Promo Pack: Bloomburrow,valley floodcaller
555973,Black Market Connections,Universes Beyond: Assassin's Creed,black market connections
556012,Fatal Push,Universes Beyond: Assassin's Creed,fatal push
555998,Path to Exile,Universes Beyond: Assassin's Creed,path to exile
556335,Shao Jun,Universes Beyond: Assassin's Creed,shao jun
556306,Tax Collector,Universes Beyond: Assassin's Creed,tax collector
541325,Temporal Trespass,Universes Beyond: Assassin's Creed,temporal trespass
552945,Arcane Signet,Commander: Modern Horizons 3,arcane signet
552964,Battlefield Forge,Commander: Modern Horizons 3,battlefield forge
552950,Command Tower,Commander: Modern Horizons 3,command tower
553171,Eldrazi Confluence,Commander: Modern Horizons 3,eldrazi confluence
553530,Eternal Witness,Commander: Modern Horizons 3,eternal witness
553108,Exotic Orchard,Commander: Modern Horizons 3,exotic orchard
553291,Expedition Map,Commander: Modern Horizons 3,expedition map
553202,Horizon of Progress,Commander: Modern Horizons 3,horizon of progress
553510,Ignoble Hierarch,Commander: Modern Horizons 3,ignoble hierarch
553207,Lazotep Quarry,Commander: Modern Horizons 3,lazotep quarry
553085,Llanowar Wastes,Commander: Modern Horizons 3,llanowar wastes
553540,Maskwood Nexus,Commander: Modern Horizons 3,maskwood nexus
553284,Mirage Mirror,Commander: Modern Horizons 3,mirage mirror
552967,Professional Face-Breaker,Commander: Modern Horizons 3,professional facebreaker
553507,"Selvala, Heart of the Wilds",Commander: Modern Horizons 3,selvala heart of the wilds
552927,Shivan Reef,Commander: Modern Horizons 3,shivan reef
552907,Skyclave Apparition,Commander: Modern Horizons 3,skyclave apparition
552939,Sol Ring,Commander: Modern Horizons 3,sol ring
553534,Stitcher's Supplier,Commander: Modern Horizons 3,stitchers supplier
553092,Sulfurous Springs,Commander: Modern Horizons 3,sulfurous springs
553283,Sylvan Scrying,Commander: Modern Horizons 3,sylvan scrying
552922,Swords to Plowshares,Commander: Modern Horizons 3,swords to plowshares
552905,Talisman of Creativity,Commander: Modern Horizons 3,talisman of creativity
553137,Talisman of Dominance,Commander: Modern Horizons 3,talisman of dominance
553134,Talisman of Curiosity,Commander: Modern Horizons 3,talisman of curiosity
552938,Talisman of Progress,Commander: Modern Horizons 3,talisman of progress
553544,Talisman of Indulgence,Commander: Modern Horizons 3,talisman of indulgence
553235,Talon Gates of Madara,Commander: Modern Horizons 3,talon gates of madara
553088,Underground River,Commander: Modern Horizons 3,underground river
553224,Vesuva,Commander: Modern Horizons 3,vesuva
553247,Volatile Fault,Commander: Modern Horizons 3,volatile fault
553219,"Yavimaya, Cradle of Growth",Commander: Modern Horizons 3,yavimaya cradle of growth
553091,Yavimaya Coast,Commander: Modern Horizons 3,yavimaya coast
541279,"Ajani, Nacatl Pariah",Modern Horizons 3,ajani nacatl pariah
553264,Arena of Glory,Modern Horizons 3,arena of glory
552632,Barbarian Ring,Modern Horizons 3,barbarian ring
552176,Basking Broodscale,Modern Horizons 3,basking broodscale
541275,Bloodstained Mire,Modern Horizons 3,bloodstained mire
552873,Boggart Trawler,Modern Horizons 3,boggart trawler
552813,Buried Alive,Modern Horizons 3,buried alive
552268,Deserted Temple,Modern Horizons 3,deserted temple
552584,Disruptor Flute,Modern Horizons 3,disruptor flute
548596,Flare of Denial,Modern Horizons 3,flare of denial
552580,Fell the Profane,Modern Horizons 3,fell the profane
552274,Flare of Malice,Modern Horizons 3,flare of malice
552312,Flare of Duplication,Modern Horizons 3,flare of duplication
541276,Flooded Strand,Modern Horizons 3,flooded strand
553181,Hydroelectric Specimen,Modern Horizons 3,hydroelectric specimen
552301,"K'rrik, Son of Yawgmoth",Modern Horizons 3,krrik son of yawgmoth
552320,Jet Medallion,Modern Horizons 3,jet medallion
552829,Necrodominance,Modern Horizons 3,necrodominance
552863,Ocelot Pride,Modern Horizons 3,ocelot pride
548578,Orim's Chant,Modern Horizons 3,orims chant
548602,"Phelia, Exuberant Shepherd",Modern Horizons 3,phelia exuberant shepherd
552852,Phyrexian Tower,Modern Horizons 3,phyrexian tower
553299,Pinnacle Monk,Modern Horizons 3,pinnacle monk
541274,Polluted Delta,Modern Horizons 3,polluted delta
552819,Sevinne's Reclamation,Modern Horizons 3,sevinnes reclamation
552727,Shifting Woodland,Modern Horizons 3,shifting woodland
552582,Sink into Stupor,Modern Horizons 3,sink into stupor
552272,Six,Modern Horizons 3,six
552738,Sowing Mycospawn,Modern Horizons 3,sowing mycospawn
552621,Strix Serenade,Modern Horizons 3,strix serenade
552859,Springheart Nantuko,Modern Horizons 3,springheart nantuko
552583,Sundering Eruption,Modern Horizons 3,sundering eruption
548583,Sylvan Safekeeper,Modern Horizons 3,sylvan safekeeper
552728,Toxic Deluge,Modern Horizons 3,toxic deluge
552637,Unstable Amulet,Modern Horizons 3,unstable amulet
552814,Vexing Bauble,Modern Horizons 3,vexing bauble
548592,Urza's Cave,Modern Horizons 3,urzas cave
552631,Warren Soultrader,Modern Horizons 3,warren soultrader
541272,Windswept Heath,Modern Horizons 3,windswept heath
541277,Wooded Foothills,Modern Horizons 3,wooded foothills
552336,Witch Enchanter,Modern Horizons 3,witch enchanter
545334,Angrath's Marauders,Commander: Outlaws of Thunder Junction,angraths marauders
545203,Archmage Emeritus,Commander: Outlaws of Thunder Junction,archmage emeritus
545100,Arcane Signet,Commander: Outlaws of Thunder Junction,arcane signet
545373,Battlefield Forge,Commander: Outlaws of Thunder Junction,battlefield forge
545214,Baleful Mastery,Commander: Outlaws of Thunder Junction,baleful mastery
545343,Changeling Outcast,Commander: Outlaws of Thunder Junction,changeling outcast
545304,Chaos Warp,Commander: Outlaws of Thunder Junction,chaos warp
545361,Command Beacon,Commander: Outlaws of Thunder Junction,command beacon
545058,Command Tower,Commander: Outlaws of Thunder Junction,command tower
545206,Culling Ritual,Commander: Outlaws of Thunder Junction,culling ritual
545235,Exotic Orchard,Commander: Outlaws of Thunder Junction,exotic orchard
545221,Fellwar Stone,Commander: Outlaws of Thunder Junction,fellwar stone
545178,Ghostly Pilferer,Commander: Outlaws of Thunder Junction,ghostly pilferer
545347,Impulsive Pilferer,Commander: Outlaws of Thunder Junction,impulsive pilferer
545248,Llanowar Wastes,Commander: Outlaws of Thunder Junction,llanowar wastes
545223,"Niv-Mizzet, Parun",Commander: Outlaws of Thunder Junction,nivmizzet parun
545110,Path to Exile,Commander: Outlaws of Thunder Junction,path to exile
545271,Preordain,Commander: Outlaws of Thunder Junction,preordain
545273,Ponder,Commander: Outlaws of Thunder Junction,ponder
545089,Sevinne's Reclamation,Commander: Outlaws of Thunder Junction,sevinnes reclamation
545316,Shivan Reef,Commander: Outlaws of Thunder Junction,shivan reef
545098,Sol Ring,Commander: Outlaws of Thunder Junction,sol ring
545242,Storm-Kiln Artist,Commander: Outlaws of Thunder Junction,stormkiln artist
545374,Sulfurous Springs,Commander: Outlaws of Thunder Junction,sulfurous springs
545236,Underground River,Commander: Outlaws of Thunder Junction,underground river
545226,"Veyran, Voice of Duality",Commander: Outlaws of Thunder Junction,veyran voice of duality
545285,Windfall,Commander: Outlaws of Thunder Junction,windfall
545233,Yavimaya Coast,Commander: Outlaws of Thunder Junction,yavimaya coast
544329,Arid Archway,Outlaws of Thunder Junction,arid archway
544403,Aven Interrupter,Outlaws of Thunder Junction,aven interrupter
544278,Botanical Sanctum,Outlaws of Thunder Junction,botanical sanctum
544694,Conduit Pylons,Outlaws of Thunder Junction,conduit pylons
544422,Lively Dirge,Outlaws of Thunder Junction,lively dirge
544268,"Magda, the Hoardmaster",Outlaws of Thunder Junction,magda the hoardmaster
544709,Return the Favor,Outlaws of Thunder Junction,return the favor
546040,Botanical Sanctum,Promo Pack: Outlaws of Thunder Junction,botanical sanctum
545985,Aven Interrupter,Promo Pack: Outlaws of Thunder Junction,aven interrupter
546009,"Magda, the Hoardmaster",Promo Pack: Outlaws of Thunder Junction,magda the hoardmaster
544849,Abrupt Decay,Outlaws of Thunder Junction: Breaking News,abrupt decay
544727,Commandeer,Outlaws of Thunder Junction: Breaking News,commandeer
544870,Force of Vigor,Outlaws of Thunder Junction: Breaking News,force of vigor
544837,Imp's Mischief,Outlaws of Thunder Junction: Breaking News,imps mischief
544246,Mana Drain,Outlaws of Thunder Junction: Breaking News,mana drain
544838,Mindbreak Trap,Outlaws of Thunder Junction: Breaking News,mindbreak trap
544245,Path to Exile,Outlaws of Thunder Junction: Breaking News,path to exile
544888,Reanimate,Outlaws of Thunder Junction: Breaking News,reanimate
544865,Surgical Extraction,Outlaws of Thunder Junction: Breaking News,surgical extraction
544883,Unlicensed Hearse,Outlaws of Thunder Junction: Breaking News,unlicensed hearse
544936,Grand Abolisher,Outlaws of Thunder Junction: The Big Score,grand abolisher
544937,Legion Extruder,Outlaws of Thunder Junction: The Big Score,legion extruder
544302,Torpor Orb,Outlaws of Thunder Junction: The Big Score,torpor orb
539403,Arcane Signet,Universes Beyond: Fallout,arcane signet
539397,Blasphemous Act,Universes Beyond: Fallout,blasphemous act
541424,Bottle-Cap Blast,Universes Beyond: Fallout,bottlecap blast
539604,Buried Ruin,Universes Beyond: Fallout,buried ruin
539578,Chaos Warp,Universes Beyond: Fallout,chaos warp
522978,Command Tower,Universes Beyond: Fallout,command tower
539593,Exotic Orchard,Universes Beyond: Fallout,exotic orchard
540990,Loyal Apprentice,Universes Beyond: Fallout,loyal apprentice
540962,Mind Stone,Universes Beyond: Fallout,mind stone
539579,Path to Exile,Universes Beyond: Fallout,path to exile
539393,Sol Ring,Universes Beyond: Fallout,sol ring
540996,Spire of Industry,Universes Beyond: Fallout,spire of industry
540937,Swords to Plowshares,Universes Beyond: Fallout,swords to plowshares
540963,Talisman of Creativity,Universes Beyond: Fallout,talisman of creativity
540822,Talisman of Dominance,Universes Beyond: Fallout,talisman of dominance
540818,Talisman of Curiosity,Universes Beyond: Fallout,talisman of curiosity
539963,Talisman of Hierarchy,Universes Beyond: Fallout,talisman of hierarchy
539960,Talisman of Indulgence,Universes Beyond: Fallout,talisman of indulgence
540969,Talisman of Progress,Universes Beyond: Fallout,talisman of progress
540957,Treasure Vault,Universes Beyond: Fallout,treasure vault
534654,Light Up the Stage,Ravnica: Clue Edition,light up the stage
534658,Lightning Bolt,Ravnica: Clue Edition,lightning bolt
535784,Animate Dead,Commander: Murders at Karlov Manor,animate dead
535604,Arcane Signet,Commander: Murders at Karlov Manor,arcane signet
535761,Brainstorm,Commander: Murders at Karlov Manor,brainstorm
535862,Chaos Warp,Commander: Murders at Karlov Manor,chaos warp
535624,Command Tower,Commander: Murders at Karlov Manor,command tower
535593,Curse of Opulence,Commander: Murders at Karlov Manor,curse of opulence
535612,Exotic Orchard,Commander: Murders at Karlov Manor,exotic orchard
535606,Fellwar Stone,Commander: Murders at Karlov Manor,fellwar stone
535882,Jeska's Will,Commander: Murders at Karlov Manor,jeskas will
535607,Mind Stone,Commander: Murders at Karlov Manor,mind stone
535786,Necromancy,Commander: Murders at Karlov Manor,necromancy
535864,Path to Exile,Commander: Murders at Karlov Manor,path to exile
535691,Phyrexian Metamorph,Commander: Murders at Karlov Manor,phyrexian metamorph
535771,Reanimate,Commander: Murders at Karlov Manor,reanimate
535599,Sevinne's Reclamation,Commander: Murders at Karlov Manor,sevinnes reclamation
535608,Sol Ring,Commander: Murders at Karlov Manor,sol ring
535772,Spire of Industry,Commander: Murders at Karlov Manor,spire of industry
535731,Swords to Plowshares,Commander: Murders at Karlov Manor,swords to plowshares
535748,Talisman of Curiosity,Commander: Murders at Karlov Manor,talisman of curiosity
535809,Talisman of Dominance,Commander: Murders at Karlov Manor,talisman of dominance
535751,Talisman of Progress,Commander: Murders at Karlov Manor,talisman of progress
535775,Toxic Deluge,Commander: Murders at Karlov Manor,toxic deluge
533918,Aftermath Analyst,Murders at Karlov Manor,aftermath analyst
533402,"Delney, Streetwise Lookout",Murders at Karlov Manor,delney streetwise lookout
535300,Insidious Roots,Murders at Karlov Manor,insidious roots
532911,Raucous Theater,Murders at Karlov Manor,raucous theater
532918,Thundering Falls,Murders at Karlov Manor,thundering falls
532905,Undercity Sewers,Murders at Karlov Manor,undercity sewers
539161,Command Beacon,Promo Pack: Murders at Karlov Manor,command beacon
536706,"Delney, Streetwise Lookout",Promo Pack: Murders at Karlov Manor,delney streetwise lookout
541519,Ignoble Hierarch,Promo Pack: Murders at Karlov Manor,ignoble hierarch
541511,Opposition Agent,Promo Pack: Murders at Karlov Manor,opposition agent
538836,"Nissa, Resurgent Animist",Promo Pack: Murders at Karlov Manor,nissa resurgent animist
536673,Raucous Theater,Promo Pack: Murders at Karlov Manor,raucous theater
536678,Thundering Falls,Promo Pack: Murders at Karlov Manor,thundering falls
536665,Undercity Sewers,Promo Pack: Murders at Karlov Manor,undercity sewers
543977,Training Grounds,Promo Pack: Murders at Karlov Manor,training grounds
541517,Unmarked Grave,Promo Pack: Murders at Karlov Manor,unmarked grave
517666,Birds of Paradise,Ravnica Remastered,birds of paradise
530783,Blind Obedience,Ravnica Remastered,blind obedience
517636,Blood Crypt,Ravnica Remastered,blood crypt
517662,Breeding Pool,Ravnica Remastered,breeding pool
531113,Chord of Calling,Ravnica Remastered,chord of calling
531049,Copy Enchantment,Ravnica Remastered,copy enchantment
530800,Cyclonic Rift,Ravnica Remastered,cyclonic rift
531075,Deathrite Shaman,Ravnica Remastered,deathrite shaman
531152,Dimir House Guard,Ravnica Remastered,dimir house guard
531162,Drift of Phantasms,Ravnica Remastered,drift of phantasms
517658,Godless Shrine,Ravnica Remastered,godless shrine
517656,Hallowed Fountain,Ravnica Remastered,hallowed fountain
531109,"Karn, the Great Creator",Ravnica Remastered,karn the great creator
531048,"Lavinia, Azorius Renegade",Ravnica Remastered,lavinia azorius renegade
531217,Light Up the Stage,Ravnica Remastered,light up the stage
531181,"Nicol Bolas, Dragon-God",Ravnica Remastered,nicol bolas dragongod
531115,Muddle the Mixture,Ravnica Remastered,muddle the mixture
517676,"Niv-Mizzet, Parun",Ravnica Remastered,nivmizzet parun
517650,Overgrown Tomb,Ravnica Remastered,overgrown tomb
517644,Sacred Foundry,Ravnica Remastered,sacred foundry
517660,Steam Vents,Ravnica Remastered,steam vents
531057,"Teferi, Time Raveler",Ravnica Remastered,teferi time raveler
517642,Temple Garden,Ravnica Remastered,temple garden
517664,Watery Grave,Ravnica Remastered,watery grave
531170,Wild Cantor,Ravnica Remastered,wild cantor
526897,Cavern of Souls,Promo Pack: The Lost Caverns of Ixalan,cavern of souls
526909,"Chimil, the Inner Sun",Promo Pack: The Lost Caverns of Ixalan,chimil the inner sun
527700,Displacer Kitten,Promo Pack: The Lost Caverns of Ixalan,displacer kitten
526871,Echoing Deeps,Promo Pack: The Lost Caverns of Ixalan,echoing deeps
526899,Roaming Throne,Promo Pack: The Lost Caverns of Ixalan,roaming throne
526138,Abrade,The Lost Caverns of Ixalan,abrade
525249,"Chimil, the Inner Sun",The Lost Caverns of Ixalan,chimil the inner sun
525285,Echoing Deeps,The Lost Caverns of Ixalan,echoing deeps
526296,Greedy Freebooter,The Lost Caverns of Ixalan,greedy freebooter
524220,Growing Rites of Itlimoc,The Lost Caverns of Ixalan,growing rites of itlimoc
525127,Pit of Offerings,The Lost Caverns of Ixalan,pit of offerings
525238,Roaming Throne,The Lost Caverns of Ixalan,roaming throne
524416,Spelunking,The Lost Caverns of Ixalan,spelunking
526363,Volatile Fault,The Lost Caverns of Ixalan,volatile fault
525289,Zoyowa's Justice,The Lost Caverns of Ixalan,zoyowas justice
524345,Forest,Universes Beyond: Jurassic World Collection,forest
526432,Island,Universes Beyond: Jurassic World Collection,island
524344,Plains,Universes Beyond: Jurassic World Collection,plains
525383,Mountain,Universes Beyond: Jurassic World Collection,mountain
526433,Swamp,Universes Beyond: Jurassic World Collection,swamp
526401,Altar of the Wretched,Commander: The Lost Caverns of Ixalan,altar of the wretched
524261,Arcane Signet,Commander: The Lost Caverns of Ixalan,arcane signet
525731,Angrath's Marauders,Commander: The Lost Caverns of Ixalan,angraths marauders
525773,Black Market Connections,Commander: The Lost Caverns of Ixalan,black market connections
525808,Blasphemous Act,Commander: The Lost Caverns of Ixalan,blasphemous act
525799,Chaos Warp,Commander: The Lost Caverns of Ixalan,chaos warp
525710,Charismatic Conqueror,Commander: The Lost Caverns of Ixalan,charismatic conqueror
525809,Command Tower,Commander: The Lost Caverns of Ixalan,command tower
525824,Exotic Orchard,Commander: The Lost Caverns of Ixalan,exotic orchard
525830,Geier Reach Sanitarium,Commander: The Lost Caverns of Ixalan,geier reach sanitarium
525759,"Malcolm, Keen-Eyed Navigator",Commander: The Lost Caverns of Ixalan,malcolm keeneyed navigator
525954,Metallic Mimic,Commander: The Lost Caverns of Ixalan,metallic mimic
525772,Mind Stone,Commander: The Lost Caverns of Ixalan,mind stone
525898,Path to Exile,Commander: The Lost Caverns of Ixalan,path to exile
525762,Siren Stormtamer,Commander: The Lost Caverns of Ixalan,siren stormtamer
525779,Sol Ring,Commander: The Lost Caverns of Ixalan,sol ring
525744,Swords to Plowshares,Commander: The Lost Caverns of Ixalan,swords to plowshares
525786,Talisman of Hierarchy,Commander: The Lost Caverns of Ixalan,talisman of hierarchy
525814,Windfall,Commander: The Lost Caverns of Ixalan,windfall
519216,Arcane Signet,Universes Beyond: Doctor Who,arcane signet
519751,Blasphemous Act,Universes Beyond: Doctor Who,blasphemous act
519515,Carpet of Flowers,Universes Beyond: Doctor Who,carpet of flowers
519562,Chaos Warp,Universes Beyond: Doctor Who,chaos warp
519200,Exotic Orchard,Universes Beyond: Doctor Who,exotic orchard
519239,Fiery Islet,Universes Beyond: Doctor Who,fiery islet
519221,Flesh Duplicate,Universes Beyond: Doctor Who,flesh duplicate
519238,Mind Stone,Universes Beyond: Doctor Who,mind stone
520163,Path to Exile,Universes Beyond: Doctor Who,path to exile
519494,Ponder,Universes Beyond: Doctor Who,ponder
519514,Preordain,Universes Beyond: Doctor Who,preordain
519996,Snuff Out,Universes Beyond: Doctor Who,snuff out
519305,Sol Ring,Universes Beyond: Doctor Who,sol ring
520167,Swords to Plowshares,Universes Beyond: Doctor Who,swords to plowshares
519271,Talisman of Creativity,Universes Beyond: Doctor Who,talisman of creativity
519252,Talisman of Curiosity,Universes Beyond: Doctor Who,talisman of curiosity
519303,Talisman of Dominance,Universes Beyond: Doctor Who,talisman of dominance
519236,Talisman of Indulgence,Universes Beyond: Doctor Who,talisman of indulgence
519225,Talisman of Progress,Universes Beyond: Doctor Who,talisman of progress
519273,Waterlogged Grove,Universes Beyond: Doctor Who,waterlogged grove
513713,Arcane Signet,Commander: Wilds of Eldraine,arcane signet
513750,Command Tower,Commander: Wilds of Eldraine,command tower
513668,Cloud of Faeries,Commander: Wilds of Eldraine,cloud of faeries
513741,Exotic Orchard,Commander: Wilds of Eldraine,exotic orchard
513671,Faerie Seer,Commander: Wilds of Eldraine,faerie seer
513715,Fellwar Stone,Commander: Wilds of Eldraine,fellwar stone
513655,Hullbreaker Horror,Commander: Wilds of Eldraine,hullbreaker horror
513718,Mind Stone,Commander: Wilds of Eldraine,mind stone
513710,Snap,Commander: Wilds of Eldraine,snap
513720,Sol Ring,Commander: Wilds of Eldraine,sol ring
513769,Swords to Plowshares,Commander: Wilds of Eldraine,swords to plowshares
513723,Talisman of Dominance,Commander: Wilds of Eldraine,talisman of dominance
516942,Angel's Grace,Promo Pack: Wilds of Eldraine,angels grace
514318,Agatha's Soul Cauldron,Promo Pack: Wilds of Eldraine,agathas soul cauldron
514313,Beseech the Mirror,Promo Pack: Wilds of Eldraine,beseech the mirror
514282,Blossoming Tortoise,Promo Pack: Wilds of Eldraine,blossoming tortoise
514332,Virtue of Courage,Promo Pack: Wilds of Eldraine,virtue of courage
512510,Agatha's Soul Cauldron,Wilds of Eldraine,agathas soul cauldron
512160,Beseech the Mirror,Wilds of Eldraine,beseech the mirror
512321,Blossoming Tortoise,Wilds of Eldraine,blossoming tortoise
513348,Gingerbrute,Wilds of Eldraine,gingerbrute
513885,Virtue of Courage,Wilds of Eldraine,virtue of courage
513356,Blind Obedience,Wilds of Eldraine: Enchanting Tales,blind obedience
512369,Blood Moon,Wilds of Eldraine: Enchanting Tales,blood moon
514021,Copy Enchantment,Wilds of Eldraine: Enchanting Tales,copy enchantment
509516,Curiosity,Wilds of Eldraine: Enchanting Tales,curiosity
512710,Goblin Bombardment,Wilds of Eldraine: Enchanting Tales,goblin bombardment
513346,Leyline of Abundance,Wilds of Eldraine: Enchanting Tales,leyline of abundance
512607,Leyline of the Void,Wilds of Eldraine: Enchanting Tales,leyline of the void
509515,Necropotence,Wilds of Eldraine: Enchanting Tales,necropotence
509518,Rhystic Study,Wilds of Eldraine: Enchanting Tales,rhystic study
509513,Smothering Tithe,Wilds of Eldraine: Enchanting Tales,smothering tithe
507480,Abrade,Commander Masters,abrade
503414,Arcane Signet,Commander Masters,arcane signet
504612,Ashnod's Altar,Commander Masters,ashnods altar
505788,Blasphemous Act,Commander Masters,blasphemous act
504564,Bloodchief Ascension,Commander Masters,bloodchief ascension
503401,"Chainer, Dementia Master",Commander Masters,chainer dementia master
505774,"Chandra, Awakened Inferno",Commander Masters,chandra awakened inferno
504162,Commandeer,Commander Masters,commandeer
503408,Command Tower,Commander Masters,command tower
505345,Crippling Fear,Commander Masters,crippling fear
506034,Culling Ritual,Commander Masters,culling ritual
504164,Cyclonic Rift,Commander Masters,cyclonic rift
503565,Deadly Rollick,Commander Masters,deadly rollick
504494,Deflecting Swat,Commander Masters,deflecting swat
504566,Demonic Tutor,Commander Masters,demonic tutor
504653,Divergent Transformations,Commander Masters,divergent transformations
507123,Elvish Mystic,Commander Masters,elvish mystic
507278,Eternal Witness,Commander Masters,eternal witness
505369,Exotic Orchard,Commander Masters,exotic orchard
503393,Fellwar Stone,Commander Masters,fellwar stone
504561,Fierce Guardianship,Commander Masters,fierce guardianship
504142,Finale of Devastation,Commander Masters,finale of devastation
507114,Final Parting,Commander Masters,final parting
506676,Geier Reach Sanitarium,Commander Masters,geier reach sanitarium
503577,Grand Abolisher,Commander Masters,grand abolisher
507454,Impulsive Pilferer,Commander Masters,impulsive pilferer
504533,Imp's Mischief,Commander Masters,imps mischief
503362,Jet Medallion,Commander Masters,jet medallion
507155,Loyal Apprentice,Commander Masters,loyal apprentice
504569,"Mikaeus, the Unhallowed",Commander Masters,mikaeus the unhallowed
506746,Mind Stone,Commander Masters,mind stone
506709,Mirage Mirror,Commander Masters,mirage mirror
506678,Mirrorpool,Commander Masters,mirrorpool
505804,Oath of Teferi,Commander Masters,oath of teferi
506732,Ornithopter of Paradise,Commander Masters,ornithopter of paradise
505806,Path to Exile,Commander Masters,path to exile
504507,"Razaketh, the Foulblooded",Commander Masters,razaketh the foulblooded
505827,Rejuvenating Springs,Commander Masters,rejuvenating springs
503606,"Rishkar, Peema Renegade",Commander Masters,rishkar peema renegade
496055,"Selvala, Heart of the Wilds",Commander Masters,selvala heart of the wilds
504525,Sevinne's Reclamation,Commander Masters,sevinnes reclamation
503397,Sol Ring,Commander Masters,sol ring
504559,Smothering Tithe,Commander Masters,smothering tithe
505828,Spectator Seating,Commander Masters,spectator seating
503390,Spellseeker,Commander Masters,spellseeker
504190,Storm-Kiln Artist,Commander Masters,stormkiln artist
504491,"Sun Quan, Lord of Wu",Commander Masters,sun quan lord of wu
505808,Swords to Plowshares,Commander Masters,swords to plowshares
505800,Talisman of Progress,Commander Masters,talisman of progress
505799,Talisman of Creativity,Commander Masters,talisman of creativity
507460,"Tetsuko Umezawa, Fugitive",Commander Masters,tetsuko umezawa fugitive
503557,Thran Dynamo,Commander Masters,thran dynamo
504447,Toxic Deluge,Commander Masters,toxic deluge
505829,Training Center,Commander Masters,training center
503426,"Urza, Lord High Artificer",Commander Masters,urza lord high artificer
505831,Vault of Champions,Commander Masters,vault of champions
505353,Windfall,Commander Masters,windfall
504503,"Yuriko, the Tiger's Shadow",Commander Masters,yuriko the tigers shadow
499562,Arcane Signet,Commander: The Lord of the Rings: Tales of Middle-earth,arcane signet
499661,Basalt Monolith,Commander: The Lord of the Rings: Tales of Middle-earth,basalt monolith
499737,Battlefield Forge,Commander: The Lord of the Rings: Tales of Middle-earth,battlefield forge
499510,Birds of Paradise,Commander: The Lord of the Rings: Tales of Middle-earth,birds of paradise
499613,Blasphemous Act,Commander: The Lord of the Rings: Tales of Middle-earth,blasphemous act
499807,Combat Celebrant,Commander: The Lord of the Rings: Tales of Middle-earth,combat celebrant
499589,Command Tower,Commander: The Lord of the Rings: Tales of Middle-earth,command tower
499702,Elvish Mystic,Commander: The Lord of the Rings: Tales of Middle-earth,elvish mystic
499569,Exotic Orchard,Commander: The Lord of the Rings: Tales of Middle-earth,exotic orchard
499590,Ghost Quarter,Commander: The Lord of the Rings: Tales of Middle-earth,ghost quarter
498351,Mind Stone,Commander: The Lord of the Rings: Tales of Middle-earth,mind stone
499638,Notion Thief,Commander: The Lord of the Rings: Tales of Middle-earth,notion thief
499536,Path to Exile,Commander: The Lord of the Rings: Tales of Middle-earth,path to exile
499733,Preordain,Commander: The Lord of the Rings: Tales of Middle-earth,preordain
499611,Reanimate,Commander: The Lord of the Rings: Tales of Middle-earth,reanimate
499784,Rejuvenating Springs,Commander: The Lord of the Rings: Tales of Middle-earth,rejuvenating springs
488278,Sol Ring,Commander: The Lord of the Rings: Tales of Middle-earth,sol ring
499691,Sulfurous Springs,Commander: The Lord of the Rings: Tales of Middle-earth,sulfurous springs
499750,Swan Song,Commander: The Lord of the Rings: Tales of Middle-earth,swan song
499538,Swords to Plowshares,Commander: The Lord of the Rings: Tales of Middle-earth,swords to plowshares
499820,Talisman of Progress,Commander: The Lord of the Rings: Tales of Middle-earth,talisman of progress
499504,Toxic Deluge,Commander: The Lord of the Rings: Tales of Middle-earth,toxic deluge
499695,Underground River,Commander: The Lord of the Rings: Tales of Middle-earth,underground river
498305,"Boromir, Warden of the Tower",Universes Beyond: The Lord of the Rings: Tales of Middle-earth,boromir warden of the tower
498680,Borne Upon a Wind,Universes Beyond: The Lord of the Rings: Tales of Middle-earth,borne upon a wind
498414,Delighted Halfling,Universes Beyond: The Lord of the Rings: Tales of Middle-earth,delighted halfling
498609,Ioreth of the Healing House,Universes Beyond: The Lord of the Rings: Tales of Middle-earth,ioreth of the healing house
498682,"Lotho, Corrupt Shirriff",Universes Beyond: The Lord of the Rings: Tales of Middle-earth,lotho corrupt shirriff
488273,Mount Doom,Universes Beyond: The Lord of the Rings: Tales of Middle-earth,mount doom
498367,Orcish Bowmasters,Universes Beyond: The Lord of the Rings: Tales of Middle-earth,orcish bowmasters
498377,Rosie Cotton of South Lane,Universes Beyond: The Lord of the Rings: Tales of Middle-earth,rosie cotton of south lane
487805,The One Ring,Universes Beyond: The Lord of the Rings: Tales of Middle-earth,the one ring
495610,"Nissa, Resurgent Animist",March of the Machine: The Aftermath,nissa resurgent animist
495606,"Ob Nixilis, Captive Kingpin",March of the Machine: The Aftermath,ob nixilis captive kingpin
495617,Reckless Handling,March of the Machine: The Aftermath,reckless handling
495646,Training Grounds,March of the Machine: The Aftermath,training grounds
491372,Arcane Signet,Commander: March of the Machine,arcane signet
491586,Chaos Warp,Commander: March of the Machine,chaos warp
491508,Cloud of Faeries,Commander: March of the Machine,cloud of faeries
491395,Command Tower,Commander: March of the Machine,command tower
491593,Curse of Opulence,Commander: March of the Machine,curse of opulence
491380,Exotic Orchard,Commander: March of the Machine,exotic orchard
491445,Fellwar Stone,Commander: March of the Machine,fellwar stone
491621,Gavony Township,Commander: March of the Machine,gavony township
491791,Incubation Druid,Commander: March of the Machine,incubation druid
491481,Island,Commander: March of the Machine,island
491373,Mind Stone,Commander: March of the Machine,mind stone
491693,Path to Exile,Commander: March of the Machine,path to exile
491480,Plains,Commander: March of the Machine,plains
491682,"Rishkar, Peema Renegade",Commander: March of the Machine,rishkar peema renegade
491353,Sculpting Steel,Commander: March of the Machine,sculpting steel
491375,Sol Ring,Commander: March of the Machine,sol ring
491387,Spire of Industry,Commander: March of the Machine,spire of industry
491426,Swords to Plowshares,Commander: March of the Machine,swords to plowshares
491376,Talisman of Hierarchy,Commander: March of the Machine,talisman of hierarchy
491514,"Tetsuko Umezawa, Fugitive",Commander: March of the Machine,tetsuko umezawa fugitive
484655,"Ragavan, Nimble Pilferer",March of the Machine: Multiverse Legends,ragavan nimble pilferer
491830,"Tetsuko Umezawa, Fugitive",March of the Machine: Multiverse Legends,tetsuko umezawa fugitive
490409,"Thalia, Guardian of Thraben",March of the Machine: Multiverse Legends,thalia guardian of thraben
492820,Faerie Mastermind,Promo Pack: March of the Machine,faerie mastermind
492829,Hoarding Broodlord,Promo Pack: March of the Machine,hoarding broodlord
484539,Faerie Mastermind,March of the Machine,faerie mastermind
491763,Flywheel Racer,March of the Machine,flywheel racer
490572,Hoarding Broodlord,March of the Machine,hoarding broodlord
490335,Invasion of Ikoria,March of the Machine,invasion of ikoria
484510,Brainstorm,Secret Lair Showdown,brainstorm
503225,An Offer You Can't Refuse,Secret Lair Showdown,an offer you cant refuse
528385,Dark Ritual,Secret Lair Showdown,dark ritual
489673,Eldritch Evolution,Secret Lair Showdown,eldritch evolution
484511,Fatal Push,Secret Lair Showdown,fatal push
603078,Force of Despair,Secret Lair Showdown,force of despair
562026,Lightning Bolt,Secret Lair Showdown,lightning bolt
540040,Ponder,Secret Lair Showdown,ponder
484512,"Ragavan, Nimble Pilferer",Secret Lair Showdown,ragavan nimble pilferer
537911,Springleaf Drum,Secret Lair Showdown,springleaf drum
688475,Sowing Mycospawn,Secret Lair Showdown,sowing mycospawn
557849,Swords to Plowshares,Secret Lair Showdown,swords to plowshares
481626,All Will Be One,Promo Pack: Phyrexia: All Will Be One,all will be one
483464,Hullbreaker Horror,Promo Pack: Phyrexia: All Will Be One,hullbreaker horror
481582,"Skrelv, Defector Mite",Promo Pack: Phyrexia: All Will Be One,skrelv defector mite
481681,Soulless Jailer,Promo Pack: Phyrexia: All Will Be One,soulless jailer
481691,The Mycosynth Gardens,Promo Pack: Phyrexia: All Will Be One,the mycosynth gardens
481674,"Tyvar, Jubilant Brawler",Promo Pack: Phyrexia: All Will Be One,tyvar jubilant brawler
478458,Arcane Signet,Commander: Phyrexia: All Will Be One,arcane signet
478488,Buried Ruin,Commander: Phyrexia: All Will Be One,buried ruin
478498,Command Tower,Commander: Phyrexia: All Will Be One,command tower
478567,Culling Ritual,Commander: Phyrexia: All Will Be One,culling ritual
478500,Exotic Orchard,Commander: Phyrexia: All Will Be One,exotic orchard
478462,Fellwar Stone,Commander: Phyrexia: All Will Be One,fellwar stone
478455,Loyal Apprentice,Commander: Phyrexia: All Will Be One,loyal apprentice
478465,Mind Stone,Commander: Phyrexia: All Will Be One,mind stone
478581,Noxious Revival,Commander: Phyrexia: All Will Be One,noxious revival
478489,Path to Exile,Commander: Phyrexia: All Will Be One,path to exile
478450,Sol Ring,Commander: Phyrexia: All Will Be One,sol ring
478578,Swords to Plowshares,Commander: Phyrexia: All Will Be One,swords to plowshares
479312,All Will Be One,Phyrexia: All Will Be One,all will be one
478278,"Skrelv, Defector Mite",Phyrexia: All Will Be One,skrelv defector mite
479347,Soulless Jailer,Phyrexia: All Will Be One,soulless jailer
478931,The Mycosynth Gardens,Phyrexia: All Will Be One,the mycosynth gardens
478299,"Tyvar, Jubilant Brawler",Phyrexia: All Will Be One,tyvar jubilant brawler
449596,Birds of Paradise,Dominaria Remastered,birds of paradise
457218,"Chainer, Dementia Master",Dominaria Remastered,chainer dementia master
457458,Cloud of Faeries,Dominaria Remastered,cloud of faeries
457142,Crop Rotation,Dominaria Remastered,crop rotation
461925,Damping Sphere,Dominaria Remastered,damping sphere
457270,Elvish Spirit Guide,Dominaria Remastered,elvish spirit guide
457587,Emerald Charm,Dominaria Remastered,emerald charm
457198,Entomb,Dominaria Remastered,entomb
457158,Enlightened Tutor,Dominaria Remastered,enlightened tutor
457191,Exploration,Dominaria Remastered,exploration
449583,Force of Will,Dominaria Remastered,force of will
461900,Gamble,Dominaria Remastered,gamble
463383,Gemstone Mine,Dominaria Remastered,gemstone mine
457203,Grapeshot,Dominaria Remastered,grapeshot
457153,Last Chance,Dominaria Remastered,last chance
463303,Mind Stone,Dominaria Remastered,mind stone
463625,Mishra's Factory,Dominaria Remastered,mishras factory
458047,Mystic Remora,Dominaria Remastered,mystic remora
457199,Mystical Tutor,Dominaria Remastered,mystical tutor
457188,Ornithopter,Dominaria Remastered,ornithopter
458178,Peregrine Drake,Dominaria Remastered,peregrine drake
457194,Sevinne's Reclamation,Dominaria Remastered,sevinnes reclamation
458224,Snap,Dominaria Remastered,snap
457086,Sylvan Library,Dominaria Remastered,sylvan library
449580,Swords to Plowshares,Dominaria Remastered,swords to plowshares
457091,"Urza, Lord High Artificer",Dominaria Remastered,urza lord high artificer
457178,Vampiric Tutor,Dominaria Remastered,vampiric tutor
457269,Worldly Tutor,Dominaria Remastered,worldly tutor
457084,"Yawgmoth, Thran Physician",Dominaria Remastered,yawgmoth thran physician
455521,Axgard Cavalry,Jumpstart 2022,axgard cavalry
454987,Eidolon of Rhetoric,Jumpstart 2022,eidolon of rhetoric
455226,Emiel the Blessed,Jumpstart 2022,emiel the blessed
454835,Expedition Map,Jumpstart 2022,expedition map
455166,Faerie Seer,Jumpstart 2022,faerie seer
455655,Glint-Horn Buccaneer,Jumpstart 2022,glinthorn buccaneer
455678,Goblin Rabblemaster,Jumpstart 2022,goblin rabblemaster
455599,Gravecrawler,Jumpstart 2022,gravecrawler
455096,Mishra's Factory,Jumpstart 2022,mishras factory
454840,Pirated Copy,Jumpstart 2022,pirated copy
455465,Preordain,Jumpstart 2022,preordain
455554,Professional Face-Breaker,Jumpstart 2022,professional facebreaker
455686,Reckless Fireweaver,Jumpstart 2022,reckless fireweaver
454994,Rhystic Study,Jumpstart 2022,rhystic study
455228,Seat of the Synod,Jumpstart 2022,seat of the synod
455039,Snow-Covered Island,Jumpstart 2022,snowcovered island
454814,Universal Automaton,Jumpstart 2022,universal automaton
454836,Walking Ballista,Jumpstart 2022,walking ballista
455199,Young Wolf,Jumpstart 2022,young wolf
456988,Abrade,Starter Commander Decks,abrade
456732,Arcane Signet,Starter Commander Decks,arcane signet
456787,Avacyn's Pilgrim,Starter Commander Decks,avacyns pilgrim
456959,Blasphemous Act,Starter Commander Decks,blasphemous act
456961,Chaos Warp,Starter Commander Decks,chaos warp
456743,Command Tower,Starter Commander Decks,command tower
456823,Crippling Fear,Starter Commander Decks,crippling fear
456789,Eternal Witness,Starter Commander Decks,eternal witness
456854,Gray Merchant of Asphodel,Starter Commander Decks,gray merchant of asphodel
456815,Holdout Settlement,Starter Commander Decks,holdout settlement
456784,Path to Exile,Starter Commander Decks,path to exile
456767,"Rishkar, Peema Renegade",Starter Commander Decks,rishkar peema renegade
456739,Sol Ring,Starter Commander Decks,sol ring
456716,Swords to Plowshares,Starter Commander Decks,swords to plowshares
457002,Talisman of Indulgence,Starter Commander Decks,talisman of indulgence
456875,Talisman of Dominance,Starter Commander Decks,talisman of dominance
456740,Talisman of Progress,Starter Commander Decks,talisman of progress
662009,Brain Freeze,Secret Lair Countdown Kit,brain freeze
662011,Crop Rotation,Secret Lair Countdown Kit,crop rotation
448904,Chrome Mox,Secret Lair Countdown Kit,chrome mox
451202,Deathrite Shaman,Secret Lair Countdown Kit,deathrite shaman
662013,Demonic Consultation,Secret Lair Countdown Kit,demonic consultation
662017,Field of the Dead,Secret Lair Countdown Kit,field of the dead
662019,Gray Merchant of Asphodel,Secret Lair Countdown Kit,gray merchant of asphodel
662034,Llanowar Elves,Secret Lair Countdown Kit,llanowar elves
454677,Lotus Field,Secret Lair Countdown Kit,lotus field
451175,Mishra's Factory,Secret Lair Countdown Kit,mishras factory
662042,Narset's Reversal,Secret Lair Countdown Kit,narsets reversal
448902,Necropotence,Secret Lair Countdown Kit,necropotence
451199,Ponder,Secret Lair Countdown Kit,ponder
662064,Sol Ring,Secret Lair Countdown Kit,sol ring
662085,Urza's Saga,Secret Lair Countdown Kit,urzas saga
662089,Wasteland,Secret Lair Countdown Kit,wasteland
662087,Vesuva,Secret Lair Countdown Kit,vesuva
448974,Animate Dead,30th Anniversary Edition,animate dead
449163,Badlands,30th Anniversary Edition,badlands
449114,Basalt Monolith,30th Anniversary Edition,basalt monolith
449164,Bayou,30th Anniversary Edition,bayou
449068,Birds of Paradise,30th Anniversary Edition,birds of paradise
448928,Blue Elemental Blast,30th Anniversary Edition,blue elemental blast
448932,Copy Artifact,30th Anniversary Edition,copy artifact
448980,Dark Ritual,30th Anniversary Edition,dark ritual
448984,Demonic Tutor,30th Anniversary Edition,demonic tutor
449039,Lightning Bolt,30th Anniversary Edition,lightning bolt
449093,Llanowar Elves,30th Anniversary Edition,llanowar elves
449145,Mana Vault,30th Anniversary Edition,mana vault
449165,Plateau,30th Anniversary Edition,plateau
449049,Red Elemental Blast,30th Anniversary Edition,red elemental blast
449004,Sacrifice,30th Anniversary Edition,sacrifice
449167,Savannah,30th Anniversary Edition,savannah
449168,Scrubland,30th Anniversary Edition,scrubland
449169,Taiga,30th Anniversary Edition,taiga
448917,Swords to Plowshares,30th Anniversary Edition,swords to plowshares
448965,Timetwister,30th Anniversary Edition,timetwister
449170,Tropical Island,30th Anniversary Edition,tropical island
449171,Tundra,30th Anniversary Edition,tundra
449172,Underground Sea,30th Anniversary Edition,underground sea
449173,Volcanic Island,30th Anniversary Edition,volcanic island
449065,Wheel of Fortune,30th Anniversary Edition,wheel of fortune
452480,Rootpath Purifier,Commander: The Brothers' War,rootpath purifier
453985,Battlefield Forge,Promo Pack: The Brothers' War,battlefield forge
453952,Diabolic Intent,Promo Pack: The Brothers' War,diabolic intent
453989,Llanowar Wastes,Promo Pack: The Brothers' War,llanowar wastes
453931,Portal to Phyrexia,Promo Pack: The Brothers' War,portal to phyrexia
453991,Underground River,Promo Pack: The Brothers' War,underground river
451477,Battlefield Forge,The Brothers' War,battlefield forge
452124,Diabolic Intent,The Brothers' War,diabolic intent
451476,Llanowar Wastes,The Brothers' War,llanowar wastes
451962,Portal to Phyrexia,The Brothers' War,portal to phyrexia
451475,Underground River,The Brothers' War,underground river
452373,Adaptive Automaton,The Brothers' War: Retro Frame Artifacts,adaptive automaton
451928,Altar of Dementia,The Brothers' War: Retro Frame Artifacts,altar of dementia
451908,Ashnod's Altar,The Brothers' War: Retro Frame Artifacts,ashnods altar
452387,Chromatic Star,The Brothers' War: Retro Frame Artifacts,chromatic star
451966,Defense Grid,The Brothers' War: Retro Frame Artifacts,defense grid
452412,Key to the City,The Brothers' War: Retro Frame Artifacts,key to the city
451975,Mox Amber,The Brothers' War: Retro Frame Artifacts,mox amber
451911,Ornithopter,The Brothers' War: Retro Frame Artifacts,ornithopter
451925,Mishra's Bauble,The Brothers' War: Retro Frame Artifacts,mishras bauble
448815,Phyrexian Revoker,The Brothers' War: Retro Frame Artifacts,phyrexian revoker
452426,Sculpting Steel,The Brothers' War: Retro Frame Artifacts,sculpting steel
452431,Springleaf Drum,The Brothers' War: Retro Frame Artifacts,springleaf drum
448834,"Slicer, Hired Muscle",Universes Beyond: Transformers,slicer hired muscle
448523,Abrade,Magic Game Night: Free-For-All,abrade
448525,Lightning Bolt,Magic Game Night: Free-For-All,lightning bolt
448547,Llanowar Elves,Magic Game Night: Free-For-All,llanowar elves
448524,Path to Exile,Magic Game Night: Free-For-All,path to exile
448530,Swords to Plowshares,Magic Game Night: Free-For-All,swords to plowshares
448588,"Vilis, Broker of Blood",Magic Game Night: Free-For-All,vilis broker of blood
286137,Blasphemous Act,"Universes Beyond: Warhammer 40,000",blasphemous act
286133,Brainstorm,"Universes Beyond: Warhammer 40,000",brainstorm
286138,Chaos Warp,"Universes Beyond: Warhammer 40,000",chaos warp
286135,Dark Ritual,"Universes Beyond: Warhammer 40,000",dark ritual
285958,Exotic Orchard,"Universes Beyond: Warhammer 40,000",exotic orchard
285803,Marneus Calgar,"Universes Beyond: Warhammer 40,000",marneus calgar
286373,Sculpting Steel,"Universes Beyond: Warhammer 40,000",sculpting steel
286517,Swords to Plowshares,"Universes Beyond: Warhammer 40,000",swords to plowshares
286121,Talisman of Creativity,"Universes Beyond: Warhammer 40,000",talisman of creativity
286233,Talisman of Hierarchy,"Universes Beyond: Warhammer 40,000",talisman of hierarchy
286526,Talisman of Progress,"Universes Beyond: Warhammer 40,000",talisman of progress
286125,Talisman of Indulgence,"Universes Beyond: Warhammer 40,000",talisman of indulgence
282958,Arcane Signet,Commander: Dominaria United,arcane signet
282987,Battlefield Forge,Commander: Dominaria United,battlefield forge
282994,Command Tower,Commander: Dominaria United,command tower
282840,"Dihada, Binder of Wills",Commander: Dominaria United,dihada binder of wills
283053,Exotic Orchard,Commander: Dominaria United,exotic orchard
282935,Faeburrow Elder,Commander: Dominaria United,faeburrow elder
282959,Fellwar Stone,Commander: Dominaria United,fellwar stone
283000,Geier Reach Sanitarium,Commander: Dominaria United,geier reach sanitarium
283015,Path to Exile,Commander: Dominaria United,path to exile
282969,Sol Ring,Commander: Dominaria United,sol ring
282900,Tiller Engine,Commander: Dominaria United,tiller engine
283402,Anointed Peacekeeper,Dominaria United,anointed peacekeeper
282758,"Braids, Arisen Nightmare",Dominaria United,braids arisen nightmare
282845,Cut Down,Dominaria United,cut down
283607,Ertai Resurrected,Dominaria United,ertai resurrected
283524,Relic of Legends,Dominaria United,relic of legends
282800,"Sheoldred, the Apocalypse",Dominaria United,sheoldred the apocalypse
282785,Shivan Reef,Dominaria United,shivan reef
282754,Sulfurous Springs,Dominaria United,sulfurous springs
282772,Yavimaya Coast,Dominaria United,yavimaya coast
285526,Anointed Peacekeeper,Promo Pack: Dominaria United,anointed peacekeeper
285591,"Braids, Arisen Nightmare",Promo Pack: Dominaria United,braids arisen nightmare
282853,Cut Down,Promo Pack: Dominaria United,cut down
285629,Ertai Resurrected,Promo Pack: Dominaria United,ertai resurrected
284529,"Sheoldred, the Apocalypse",Promo Pack: Dominaria United,sheoldred the apocalypse
285652,Shivan Reef,Promo Pack: Dominaria United,shivan reef
285653,Sulfurous Springs,Promo Pack: Dominaria United,sulfurous springs
284539,"Thalia, Guardian of Thraben",Promo Pack: Dominaria United,thalia guardian of thraben
285655,Yavimaya Coast,Promo Pack: Dominaria United,yavimaya coast
453572,Dramatic Reversal,30th Anniversary Promos,dramatic reversal
453554,Eternal Witness,30th Anniversary Promos,eternal witness
453569,Goblin Rabblemaster,30th Anniversary Promos,goblin rabblemaster
284942,Llanowar Elves,30th Anniversary Promos,llanowar elves
285065,Wall of Roots,30th Anniversary Promos,wall of roots
285071,Windfall,30th Anniversary Promos,windfall
287522,Clown Car,Unfinity,clown car
257009,Saw in Half,Unfinity,saw in half
276762,Aether Vial,Double Masters 2022,aether vial
276322,Allosaurus Shepherd,Double Masters 2022,allosaurus shepherd
276336,"Aminatou, the Fateshifter",Double Masters 2022,aminatou the fateshifter
276261,Bloom Tender,Double Masters 2022,bloom tender
276316,Cavern of Souls,Double Masters 2022,cavern of souls
277212,Chaos Warp,Double Masters 2022,chaos warp
276894,City of Brass,Double Masters 2022,city of brass
276378,Consecrated Sphinx,Double Masters 2022,consecrated sphinx
276658,Devoted Druid,Double Masters 2022,devoted druid
277143,Emiel the Blessed,Double Masters 2022,emiel the blessed
276603,Eternal Witness,Double Masters 2022,eternal witness
276798,Forbidden Orchard,Double Masters 2022,forbidden orchard
276918,Food Chain,Double Masters 2022,food chain
276686,Force of Negation,Double Masters 2022,force of negation
276478,Gifts Ungiven,Double Masters 2022,gifts ungiven
276439,Grand Arbiter Augustin IV,Double Masters 2022,grand arbiter augustin iv
276935,Gravecrawler,Double Masters 2022,gravecrawler
276504,Green Sun's Zenith,Double Masters 2022,green suns zenith
276288,Imperial Seal,Double Masters 2022,imperial seal
276484,Lightning Bolt,Double Masters 2022,lightning bolt
276715,Mana Drain,Double Masters 2022,mana drain
276291,Mana Vault,Double Masters 2022,mana vault
276572,Necrotic Ooze,Double Masters 2022,necrotic ooze
276469,Path to Exile,Double Masters 2022,path to exile
276343,Pithing Needle,Double Masters 2022,pithing needle
276539,"Rishkar, Peema Renegade",Double Masters 2022,rishkar peema renegade
276270,Sensei's Divining Top,Double Masters 2022,senseis divining top
277161,Smothering Tithe,Double Masters 2022,smothering tithe
276669,Surgical Extraction,Double Masters 2022,surgical extraction
277214,Warrior's Oath,Double Masters 2022,warriors oath
272582,Arcane Signet,Commander Legends: Battle for Baldur's Gate,arcane signet
272914,Archivist of Oghma,Commander Legends: Battle for Baldur's Gate,archivist of oghma
273720,Aven Mindcensor,Commander Legends: Battle for Baldur's Gate,aven mindcensor
273674,Black Market Connections,Commander Legends: Battle for Baldur's Gate,black market connections
273577,Blasphemous Act,Commander Legends: Battle for Baldur's Gate,blasphemous act
273731,Changeling Outcast,Commander Legends: Battle for Baldur's Gate,changeling outcast
273576,Chaos Warp,Commander Legends: Battle for Baldur's Gate,chaos warp
272580,Command Tower,Commander Legends: Battle for Baldur's Gate,command tower
273484,Crippling Fear,Commander Legends: Battle for Baldur's Gate,crippling fear
273584,Curse of Opulence,Commander Legends: Battle for Baldur's Gate,curse of opulence
273676,Deep Gnome Terramancer,Commander Legends: Battle for Baldur's Gate,deep gnome terramancer
272901,Displacer Kitten,Commander Legends: Battle for Baldur's Gate,displacer kitten
273511,Exotic Orchard,Commander Legends: Battle for Baldur's Gate,exotic orchard
273879,Fellwar Stone,Commander Legends: Battle for Baldur's Gate,fellwar stone
273460,Hullbreaker Horror,Commander Legends: Battle for Baldur's Gate,hullbreaker horror
273798,Jeska's Will,Commander Legends: Battle for Baldur's Gate,jeskas will
273802,Light Up the Stage,Commander Legends: Battle for Baldur's Gate,light up the stage
267051,Lightning Bolt,Commander Legends: Battle for Baldur's Gate,lightning bolt
267058,Luxury Suite,Commander Legends: Battle for Baldur's Gate,luxury suite
273743,Maskwood Nexus,Commander Legends: Battle for Baldur's Gate,maskwood nexus
273376,Manifold Key,Commander Legends: Battle for Baldur's Gate,manifold key
273115,Mind Stone,Commander Legends: Battle for Baldur's Gate,mind stone
273500,Mindcrank,Commander Legends: Battle for Baldur's Gate,mindcrank
267057,Morphic Pool,Commander Legends: Battle for Baldur's Gate,morphic pool
273750,Mutavault,Commander Legends: Battle for Baldur's Gate,mutavault
273549,"Niv-Mizzet, Parun",Commander Legends: Battle for Baldur's Gate,nivmizzet parun
273475,Phyrexian Revoker,Commander Legends: Battle for Baldur's Gate,phyrexian revoker
273386,Prized Statue,Commander Legends: Battle for Baldur's Gate,prized statue
267055,Sea of Clouds,Commander Legends: Battle for Baldur's Gate,sea of clouds
273739,Sevinne's Reclamation,Commander Legends: Battle for Baldur's Gate,sevinnes reclamation
273501,Sol Ring,Commander Legends: Battle for Baldur's Gate,sol ring
273502,Talisman of Dominance,Commander Legends: Battle for Baldur's Gate,talisman of dominance
273587,Talisman of Creativity,Commander Legends: Battle for Baldur's Gate,talisman of creativity
273747,Talisman of Hierarchy,Commander Legends: Battle for Baldur's Gate,talisman of hierarchy
269364,Arcane Signet,Commander: Streets of New Capenna,arcane signet
269716,Blasphemous Act,Commander: Streets of New Capenna,blasphemous act
269664,Chaos Warp,Commander: Streets of New Capenna,chaos warp
269374,Command Tower,Commander: Streets of New Capenna,command tower
269427,Devoted Druid,Commander: Streets of New Capenna,devoted druid
269404,Exotic Orchard,Commander: Streets of New Capenna,exotic orchard
269367,Fellwar Stone,Commander: Streets of New Capenna,fellwar stone
269408,Gavony Township,Commander: Streets of New Capenna,gavony township
269749,Ghostly Pilferer,Commander: Streets of New Capenna,ghostly pilferer
269438,Incubation Druid,Commander: Streets of New Capenna,incubation druid
269636,Path to Exile,Commander: Streets of New Capenna,path to exile
269358,Ponder,Commander: Streets of New Capenna,ponder
269359,Preordain,Commander: Streets of New Capenna,preordain
269458,"Rishkar, Peema Renegade",Commander: Streets of New Capenna,rishkar peema renegade
269371,Sol Ring,Commander: Streets of New Capenna,sol ring
269773,Swords to Plowshares,Commander: Streets of New Capenna,swords to plowshares
269717,"Tivit, Seller of Secrets",Commander: Streets of New Capenna,tivit seller of secrets
269450,Wall of Roots,Commander: Streets of New Capenna,wall of roots
268317,An Offer You Can't Refuse,Streets of New Capenna,an offer you cant refuse
268665,Professional Face-Breaker,Streets of New Capenna,professional facebreaker
268782,Shadow of Mortality,Streets of New Capenna,shadow of mortality
268735,Unlicensed Hearse,Streets of New Capenna,unlicensed hearse
269144,An Offer You Can't Refuse,Promo Pack: Streets of New Capenna,an offer you cant refuse
270006,Professional Face-Breaker,Promo Pack: Streets of New Capenna,professional facebreaker
270076,Shadow of Mortality,Promo Pack: Streets of New Capenna,shadow of mortality
270010,Unlicensed Hearse,Promo Pack: Streets of New Capenna,unlicensed hearse
263036,Arcane Signet,Commander: Kamigawa: Neon Dynasty,arcane signet
263018,Chaos Warp,Commander: Kamigawa: Neon Dynasty,chaos warp
263060,Command Tower,Commander: Kamigawa: Neon Dynasty,command tower
263061,Exotic Orchard,Commander: Kamigawa: Neon Dynasty,exotic orchard
263081,Fellwar Stone,Commander: Kamigawa: Neon Dynasty,fellwar stone
263105,Imposter Mech,Commander: Kamigawa: Neon Dynasty,imposter mech
263082,Mirage Mirror,Commander: Kamigawa: Neon Dynasty,mirage mirror
262837,Ruthless Technomancer,Commander: Kamigawa: Neon Dynasty,ruthless technomancer
262996,"Rishkar, Peema Renegade",Commander: Kamigawa: Neon Dynasty,rishkar peema renegade
263092,Spire of Industry,Commander: Kamigawa: Neon Dynasty,spire of industry
263042,Sol Ring,Commander: Kamigawa: Neon Dynasty,sol ring
263086,Smuggler's Copter,Commander: Kamigawa: Neon Dynasty,smugglers copter
263073,Swords to Plowshares,Commander: Kamigawa: Neon Dynasty,swords to plowshares
263102,Swift Reconfiguration,Commander: Kamigawa: Neon Dynasty,swift reconfiguration
262832,"Yoshimaru, Ever Faithful",Commander: Kamigawa: Neon Dynasty,yoshimaru ever faithful
262050,"Boseiju, Who Endures",Kamigawa: Neon Dynasty,boseiju who endures
262770,Colossal Skyturtle,Kamigawa: Neon Dynasty,colossal skyturtle
262746,"Eiganjo, Seat of the Empire",Kamigawa: Neon Dynasty,eiganjo seat of the empire
262443,March of Wretched Sorrow,Kamigawa: Neon Dynasty,march of wretched sorrow
262434,"Otawara, Soaring City",Kamigawa: Neon Dynasty,otawara soaring city
262172,"Sokenzan, Crucible of Defiance",Kamigawa: Neon Dynasty,sokenzan crucible of defiance
262420,"Takenuma, Abandoned Mire",Kamigawa: Neon Dynasty,takenuma abandoned mire
262130,Thousand-Faced Shadow,Kamigawa: Neon Dynasty,thousandfaced shadow
262694,Touch the Spirit Realm,Kamigawa: Neon Dynasty,touch the spirit realm
262155,Twinshot Sniper,Kamigawa: Neon Dynasty,twinshot sniper
263926,"Boseiju, Who Endures",Promo Pack: Kamigawa: Neon Dynasty,boseiju who endures
263925,"Eiganjo, Seat of the Empire",Promo Pack: Kamigawa: Neon Dynasty,eiganjo seat of the empire
263949,March of Wretched Sorrow,Promo Pack: Kamigawa: Neon Dynasty,march of wretched sorrow
263924,"Otawara, Soaring City",Promo Pack: Kamigawa: Neon Dynasty,otawara soaring city
263923,"Sokenzan, Crucible of Defiance",Promo Pack: Kamigawa: Neon Dynasty,sokenzan crucible of defiance
263984,"Takenuma, Abandoned Mire",Promo Pack: Kamigawa: Neon Dynasty,takenuma abandoned mire
263942,Thousand-Faced Shadow,Promo Pack: Kamigawa: Neon Dynasty,thousandfaced shadow
255865,Abrade,Innistrad: Double Feature,abrade
255686,Hullbreaker Horror,Innistrad: Double Feature,hullbreaker horror
255772,Kessig Flamebreather,Innistrad: Double Feature,kessig flamebreather
255436,Pithing Needle,Innistrad: Double Feature,pithing needle
255774,"Teferi, Who Slows the Sunset",Innistrad: Double Feature,teferi who slows the sunset
255591,The Meathook Massacre,Innistrad: Double Feature,the meathook massacre
255536,"Thalia, Guardian of Thraben",Innistrad: Double Feature,thalia guardian of thraben
247533,Command Tower,Commander Collection: Black,command tower
247525,Reanimate,Commander Collection: Black,reanimate
247528,Sol Ring,Commander Collection: Black,sol ring
247526,Toxic Deluge,Commander Collection: Black,toxic deluge
254178,Arcane Signet,Commander: Innistrad: Crimson Vow,arcane signet
254242,Blasphemous Act,Commander: Innistrad: Crimson Vow,blasphemous act
254244,Command Tower,Commander: Innistrad: Crimson Vow,command tower
254226,Exotic Orchard,Commander: Innistrad: Crimson Vow,exotic orchard
254048,Ghostly Pilferer,Commander: Innistrad: Crimson Vow,ghostly pilferer
254201,Sol Ring,Commander: Innistrad: Crimson Vow,sol ring
254168,Swords to Plowshares,Commander: Innistrad: Crimson Vow,swords to plowshares
253063,Abrade,Innistrad: Crimson Vow,abrade
253668,Hullbreaker Horror,Innistrad: Crimson Vow,hullbreaker horror
253555,Kessig Flamebreather,Innistrad: Crimson Vow,kessig flamebreather
252859,"Thalia, Guardian of Thraben",Innistrad: Crimson Vow,thalia guardian of thraben
248628,Arcane Signet,Commander: Innistrad: Midnight Hunt,arcane signet
248657,Avacyn's Pilgrim,Commander: Innistrad: Midnight Hunt,avacyns pilgrim
248646,Command Tower,Commander: Innistrad: Midnight Hunt,command tower
248600,Eternal Witness,Commander: Innistrad: Midnight Hunt,eternal witness
248636,Exotic Orchard,Commander: Innistrad: Midnight Hunt,exotic orchard
248630,Sol Ring,Commander: Innistrad: Midnight Hunt,sol ring
248596,Swords to Plowshares,Commander: Innistrad: Midnight Hunt,swords to plowshares
248764,Talisman of Dominance,Commander: Innistrad: Midnight Hunt,talisman of dominance
247969,Pithing Needle,Innistrad: Midnight Hunt,pithing needle
248179,"Teferi, Who Slows the Sunset",Innistrad: Midnight Hunt,teferi who slows the sunset
248212,The Meathook Massacre,Innistrad: Midnight Hunt,the meathook massacre
249602,Pithing Needle,Promo Pack: Innistrad: Midnight Hunt,pithing needle
249598,"Teferi, Who Slows the Sunset",Promo Pack: Innistrad: Midnight Hunt,teferi who slows the sunset
249500,The Meathook Massacre,Promo Pack: Innistrad: Midnight Hunt,the meathook massacre
247273,Asmodeus the Archfiend,AFR Ampersand Promos,asmodeus the archfiend
247215,Treasure Vault,AFR Ampersand Promos,treasure vault
247250,Xorn,AFR Ampersand Promos,xorn
243588,Asmodeus the Archfiend,Adventures in the Forgotten Realms,asmodeus the archfiend
243047,Plundering Barbarian,Adventures in the Forgotten Realms,plundering barbarian
243386,Treasure Vault,Adventures in the Forgotten Realms,treasure vault
243290,Xorn,Adventures in the Forgotten Realms,xorn
243883,Arcane Signet,Commander: Adventures in the Forgotten Realms,arcane signet
243841,Brainstorm,Commander: Adventures in the Forgotten Realms,brainstorm
243908,Chaos Warp,Commander: Adventures in the Forgotten Realms,chaos warp
244006,Command Tower,Commander: Adventures in the Forgotten Realms,command tower
243993,Exotic Orchard,Commander: Adventures in the Forgotten Realms,exotic orchard
243988,Fellwar Stone,Commander: Adventures in the Forgotten Realms,fellwar stone
243957,Geier Reach Sanitarium,Commander: Adventures in the Forgotten Realms,geier reach sanitarium
243900,Light Up the Stage,Commander: Adventures in the Forgotten Realms,light up the stage
243726,Loyal Apprentice,Commander: Adventures in the Forgotten Realms,loyal apprentice
243923,Mind Stone,Commander: Adventures in the Forgotten Realms,mind stone
244010,Mishra's Factory,Commander: Adventures in the Forgotten Realms,mishras factory
243926,Phantasmal Image,Commander: Adventures in the Forgotten Realms,phantasmal image
243893,Sol Ring,Commander: Adventures in the Forgotten Realms,sol ring
243981,Swords to Plowshares,Commander: Adventures in the Forgotten Realms,swords to plowshares
243930,Talisman of Indulgence,Commander: Adventures in the Forgotten Realms,talisman of indulgence
244420,Asmodeus the Archfiend,Promo Pack: Adventures in the Forgotten Realms,asmodeus the archfiend
244493,Treasure Vault,Promo Pack: Adventures in the Forgotten Realms,treasure vault
244437,Xorn,Promo Pack: Adventures in the Forgotten Realms,xorn
238607,Arid Mesa,Modern Horizons 2,arid mesa
240154,Cursed Totem,Modern Horizons 2,cursed totem
240166,Dauthi Voidwalker,Modern Horizons 2,dauthi voidwalker
240103,Endurance,Modern Horizons 2,endurance
240035,Esper Sentinel,Modern Horizons 2,esper sentinel
240055,Dragon's Rage Channeler,Modern Horizons 2,dragons rage channeler
239839,Goblin Bombardment,Modern Horizons 2,goblin bombardment
239807,Harmonic Prodigy,Modern Horizons 2,harmonic prodigy
239801,Ignoble Hierarch,Modern Horizons 2,ignoble hierarch
239769,Imperial Recruiter,Modern Horizons 2,imperial recruiter
239836,Liquimetal Torque,Modern Horizons 2,liquimetal torque
238608,Marsh Flats,Modern Horizons 2,marsh flats
239686,Mishra's Factory,Modern Horizons 2,mishras factory
238609,Misty Rainforest,Modern Horizons 2,misty rainforest
239750,Mogg Salvage,Modern Horizons 2,mogg salvage
240043,Persist,Modern Horizons 2,persist
240340,Ornithopter of Paradise,Modern Horizons 2,ornithopter of paradise
239857,"Ragavan, Nimble Pilferer",Modern Horizons 2,ragavan nimble pilferer
238610,Scalding Tarn,Modern Horizons 2,scalding tarn
239843,Skirge Familiar,Modern Horizons 2,skirge familiar
240037,Solitude,Modern Horizons 2,solitude
239741,Subtlety,Modern Horizons 2,subtlety
240149,Strike It Rich,Modern Horizons 2,strike it rich
240341,Tavern Scoundrel,Modern Horizons 2,tavern scoundrel
239388,Unmarked Grave,Modern Horizons 2,unmarked grave
240279,Vile Entomber,Modern Horizons 2,vile entomber
238619,Urza's Saga,Modern Horizons 2,urzas saga
238611,Verdant Catacombs,Modern Horizons 2,verdant catacombs
240045,"Yavimaya, Cradle of Growth",Modern Horizons 2,yavimaya cradle of growth
236120,Arcane Signet,Commander 2021,arcane signet
236143,Battlefield Forge,Commander 2021,battlefield forge
236194,Blasphemous Act,Commander 2021,blasphemous act
236208,Brainstorm,Commander 2021,brainstorm
236151,Command Tower,Commander 2021,command tower
236144,Exotic Orchard,Commander 2021,exotic orchard
236155,Great Furnace,Commander 2021,great furnace
236289,Incubation Druid,Commander 2021,incubation druid
236110,Key to the City,Commander 2021,key to the city
236587,Llanowar Wastes,Commander 2021,llanowar wastes
236130,Mind Stone,Commander 2021,mind stone
236200,Ponder,Commander 2021,ponder
236371,"Rionya, Fire Dancer",Commander 2021,rionya fire dancer
236114,Sculpting Steel,Commander 2021,sculpting steel
236212,Seething Song,Commander 2021,seething song
236220,Shivan Reef,Commander 2021,shivan reef
236137,Sol Ring,Commander 2021,sol ring
236215,Talisman of Creativity,Commander 2021,talisman of creativity
236115,Thousand-Year Elixir,Commander 2021,thousandyear elixir
236361,"Veyran, Voice of Duality",Commander 2021,veyran voice of duality
236347,Yavimaya Coast,Commander 2021,yavimaya coast
237399,Archmage Emeritus,Promo Pack: Strixhaven,archmage emeritus
237403,Baleful Mastery,Promo Pack: Strixhaven,baleful mastery
237419,Blade Historian,Promo Pack: Strixhaven,blade historian
237422,Culling Ritual,Promo Pack: Strixhaven,culling ritual
237407,Professor Onyx,Promo Pack: Strixhaven,professor onyx
235147,Archmage Emeritus,Strixhaven: School of Mages,archmage emeritus
235848,Baleful Mastery,Strixhaven: School of Mages,baleful mastery
235551,Blade Historian,Strixhaven: School of Mages,blade historian
236013,Culling Ritual,Strixhaven: School of Mages,culling ritual
234963,Professor Onyx,Strixhaven: School of Mages,professor onyx
235118,Storm-Kiln Artist,Strixhaven: School of Mages,stormkiln artist
235389,Brainstorm,Strixhaven: Mystical Archive,brainstorm
235309,Chaos Warp,Strixhaven: Mystical Archive,chaos warp
235618,Claim the Firstborn,Strixhaven: Mystical Archive,claim the firstborn
235245,Dark Ritual,Strixhaven: Mystical Archive,dark ritual
233371,Demonic Tutor,Strixhaven: Mystical Archive,demonic tutor
235370,Ephemerate,Strixhaven: Mystical Archive,ephemerate
235513,Grapeshot,Strixhaven: Mystical Archive,grapeshot
235143,Lightning Bolt,Strixhaven: Mystical Archive,lightning bolt
235505,Natural Order,Strixhaven: Mystical Archive,natural order
233369,Swords to Plowshares,Strixhaven: Mystical Archive,swords to plowshares
235648,Tainted Pact,Strixhaven: Mystical Archive,tainted pact
234148,Abrupt Decay,Time Spiral: Remastered,abrupt decay
233724,Angel's Grace,Time Spiral: Remastered,angels grace
233511,Aven Mindcensor,Time Spiral: Remastered,aven mindcensor
234122,Chromatic Star,Time Spiral: Remastered,chromatic star
233438,Chalice of the Void,Time Spiral: Remastered,chalice of the void
233860,Dismember,Time Spiral: Remastered,dismember
234111,Dryad Arbor,Time Spiral: Remastered,dryad arbor
233958,Elvish Mystic,Time Spiral: Remastered,elvish mystic
233987,Eternal Witness,Time Spiral: Remastered,eternal witness
234032,Gemstone Caverns,Time Spiral: Remastered,gemstone caverns
233889,Goblin Engineer,Time Spiral: Remastered,goblin engineer
233919,Grapeshot,Time Spiral: Remastered,grapeshot
233904,Gray Merchant of Asphodel,Time Spiral: Remastered,gray merchant of asphodel
234353,Knight of the Reliquary,Time Spiral: Remastered,knight of the reliquary
234084,"Lavinia, Azorius Renegade",Time Spiral: Remastered,lavinia azorius renegade
233837,Leyline of the Void,Time Spiral: Remastered,leyline of the void
233956,Magus of the Moon,Time Spiral: Remastered,magus of the moon
234359,Manifold Key,Time Spiral: Remastered,manifold key
234014,Nature's Claim,Time Spiral: Remastered,natures claim
233786,Pact of Negation,Time Spiral: Remastered,pact of negation
233436,Path to Exile,Time Spiral: Remastered,path to exile
233776,Ponder,Time Spiral: Remastered,ponder
233569,Silence,Time Spiral: Remastered,silence
233914,Simian Spirit Guide,Time Spiral: Remastered,simian spirit guide
233859,Slaughter Pact,Time Spiral: Remastered,slaughter pact
233897,Snapback,Time Spiral: Remastered,snapback
234009,Sudden Shock,Time Spiral: Remastered,sudden shock
234026,Summoner's Pact,Time Spiral: Remastered,summoners pact
234070,Sylvan Scrying,Time Spiral: Remastered,sylvan scrying
234275,"Urborg, Tomb of Yawgmoth",Time Spiral: Remastered,urborg tomb of yawgmoth
234219,Vesuva,Time Spiral: Remastered,vesuva
233881,"Yawgmoth, Thran Physician",Time Spiral: Remastered,yawgmoth thran physician
231194,Arcane Signet,Commander: Kaldheim,arcane signet
231200,Command Tower,Commander: Kaldheim,command tower
231208,Elvish Mystic,Commander: Kaldheim,elvish mystic
231256,Mind Stone,Commander: Kaldheim,mind stone
231261,Sol Ring,Commander: Kaldheim,sol ring
231287,Windfall,Commander: Kaldheim,windfall
230220,Axgard Cavalry,Kaldheim,axgard cavalry
229209,Blightstep Pathway,Kaldheim,blightstep pathway
230903,"Birgi, God of Storytelling",Kaldheim,birgi god of storytelling
230901,Crippling Fear,Kaldheim,crippling fear
230163,"Esika, God of the Tree",Kaldheim,esika god of the tree
230468,Forest,Kaldheim,forest
230465,Island,Kaldheim,island
229232,"Magda, Brazen Outlaw",Kaldheim,magda brazen outlaw
230185,Maskwood Nexus,Kaldheim,maskwood nexus
230467,Mountain,Kaldheim,mountain
230464,Plains,Kaldheim,plains
230466,Swamp,Kaldheim,swamp
230206,Tibalt's Trickery,Kaldheim,tibalts trickery
231835,Crippling Fear,Promo Pack: Kaldheim,crippling fear
237680,Dark Petition,Promo Pack: Kaldheim,dark petition
231877,Maskwood Nexus,Promo Pack: Kaldheim,maskwood nexus
231875,"Magda, Brazen Outlaw",Promo Pack: Kaldheim,magda brazen outlaw
231957,Tibalt's Trickery,Promo Pack: Kaldheim,tibalts trickery
221311,Command Tower,Commander Collection: Green,command tower
221310,Sol Ring,Commander Collection: Green,sol ring
221309,Worldly Tutor,Commander Collection: Green,worldly tutor
221308,Sylvan Library,Commander Collection: Green,sylvan library
227309,Abrade,Commander Legends,abrade
227189,Aqueous Form,Commander Legends,aqueous form
226694,Arcane Signet,Commander Legends,arcane signet
226866,Blasphemous Act,Commander Legends,blasphemous act
226959,Command Beacon,Commander Legends,command beacon
226644,"Dargo, the Shipwrecker",Commander Legends,dargo the shipwrecker
227335,Eternal Witness,Commander Legends,eternal witness
226624,Fyndhorn Elves,Commander Legends,fyndhorn elves
227184,Impulsive Pilferer,Commander Legends,impulsive pilferer
226653,Jeska's Will,Commander Legends,jeskas will
226634,"Kediss, Emberclaw Familiar",Commander Legends,kediss emberclaw familiar
226121,"Krark, the Thumbless",Commander Legends,krark the thumbless
227008,Mana Drain,Commander Legends,mana drain
226327,"Malcolm, Keen-Eyed Navigator",Commander Legends,malcolm keeneyed navigator
227296,"Nezahal, Primal Tide",Commander Legends,nezahal primal tide
226314,Opposition Agent,Commander Legends,opposition agent
226646,Preordain,Commander Legends,preordain
221354,Rejuvenating Springs,Commander Legends,rejuvenating springs
226641,"Rograkh, Son of Rohgahh",Commander Legends,rograkh son of rohgahh
227010,Sakashima of a Thousand Faces,Commander Legends,sakashima of a thousand faces
226675,Scroll Rack,Commander Legends,scroll rack
226141,Siren Stormtamer,Commander Legends,siren stormtamer
227075,Sol Ring,Commander Legends,sol ring
221350,Spectator Seating,Commander Legends,spectator seating
227063,Swords to Plowshares,Commander Legends,swords to plowshares
226122,"Tevesh Szat, Doom of Fools",Commander Legends,tevesh szat doom of fools
221359,Training Center,Commander Legends,training center
221351,Vault of Champions,Commander Legends,vault of champions
226134,Vampiric Tutor,Commander Legends,vampiric tutor
226941,Wheel of Misfortune,Commander Legends,wheel of misfortune
222385,Arcane Signet,Commander: Zendikar Rising,arcane signet
222536,Changeling Outcast,Commander: Zendikar Rising,changeling outcast
222600,Command Tower,Commander: Zendikar Rising,command tower
222590,Mind Stone,Commander: Zendikar Rising,mind stone
222408,Notion Thief,Commander: Zendikar Rising,notion thief
222389,Sol Ring,Commander: Zendikar Rising,sol ring
223894,Archon of Emeria,Promo Pack: Zendikar Rising,archon of emeria
223880,"Ashaya, Soul of the Wild",Promo Pack: Zendikar Rising,ashaya soul of the wild
223875,Confounding Conundrum,Promo Pack: Zendikar Rising,confounding conundrum
223867,Lotus Cobra,Promo Pack: Zendikar Rising,lotus cobra
223877,Skyclave Apparition,Promo Pack: Zendikar Rising,skyclave apparition
223847,Whir of Invention,Promo Pack: Zendikar Rising,whir of invention
222163,Agadeem's Awakening,Zendikar Rising,agadeems awakening
221884,"Ashaya, Soul of the Wild",Zendikar Rising,ashaya soul of the wild
221969,Archon of Emeria,Zendikar Rising,archon of emeria
221854,Confounding Conundrum,Zendikar Rising,confounding conundrum
222825,Forest,Zendikar Rising,forest
222819,Island,Zendikar Rising,island
221778,Lotus Cobra,Zendikar Rising,lotus cobra
222821,Mountain,Zendikar Rising,mountain
221838,Needleverge Pathway,Zendikar Rising,needleverge pathway
222818,Plains,Zendikar Rising,plains
222038,Sea Gate Restoration,Zendikar Rising,sea gate restoration
222030,Shatterskull Smashing,Zendikar Rising,shatterskull smashing
221860,Skyclave Apparition,Zendikar Rising,skyclave apparition
222820,Swamp,Zendikar Rising,swamp
222003,Ancient Tomb,Zendikar Rising Expeditions,ancient tomb
221814,Arid Mesa,Zendikar Rising Expeditions,arid mesa
221808,Bloodstained Mire,Zendikar Rising Expeditions,bloodstained mire
222006,Cavern of Souls,Zendikar Rising Expeditions,cavern of souls
221806,Flooded Strand,Zendikar Rising Expeditions,flooded strand
221996,Luxury Suite,Zendikar Rising Expeditions,luxury suite
221815,Misty Rainforest,Zendikar Rising Expeditions,misty rainforest
221811,Marsh Flats,Zendikar Rising Expeditions,marsh flats
221818,Prismatic Vista,Zendikar Rising Expeditions,prismatic vista
221816,Morphic Pool,Zendikar Rising Expeditions,morphic pool
221812,Scalding Tarn,Zendikar Rising Expeditions,scalding tarn
221999,Sea of Clouds,Zendikar Rising Expeditions,sea of clouds
221807,Polluted Delta,Zendikar Rising Expeditions,polluted delta
221813,Verdant Catacombs,Zendikar Rising Expeditions,verdant catacombs
221810,Windswept Heath,Zendikar Rising Expeditions,windswept heath
221819,Wasteland,Zendikar Rising Expeditions,wasteland
222001,Strip Mine,Zendikar Rising Expeditions,strip mine
221809,Wooded Foothills,Zendikar Rising Expeditions,wooded foothills
219498,Abrade,Double Masters,abrade
218939,Ad Nauseam,Double Masters,ad nauseam
218813,Adaptive Automaton,Double Masters,adaptive automaton
218842,Basalt Monolith,Double Masters,basalt monolith
218595,Blasphemous Act,Double Masters,blasphemous act
218273,Blinkmoth Nexus,Double Masters,blinkmoth nexus
218848,Blood Moon,Double Masters,blood moon
218844,Brainstorm,Double Masters,brainstorm
219501,Buried Ruin,Double Masters,buried ruin
218734,Chord of Calling,Double Masters,chord of calling
218825,Chromatic Star,Double Masters,chromatic star
218811,Chrome Mox,Double Masters,chrome mox
218444,Crop Rotation,Double Masters,crop rotation
218370,Cyclonic Rift,Double Masters,cyclonic rift
218801,Ethersworn Canonist,Double Masters,ethersworn canonist
218259,Expedition Map,Double Masters,expedition map
218291,Exploration,Double Masters,exploration
218830,Fatal Push,Double Masters,fatal push
218698,Force of Will,Double Masters,force of will
218930,Galvanic Blast,Double Masters,galvanic blast
219546,Imperial Recruiter,Double Masters,imperial recruiter
218810,Manamorphose,Double Masters,manamorphose
219502,Mishra's Factory,Double Masters,mishras factory
218598,Mishra's Bauble,Double Masters,mishras bauble
218602,Mox Opal,Double Masters,mox opal
218333,Noble Hierarch,Double Masters,noble hierarch
218606,Phyrexian Metamorph,Double Masters,phyrexian metamorph
218816,Phyrexian Revoker,Double Masters,phyrexian revoker
218377,Path to Exile,Double Masters,path to exile
218289,Sculpting Steel,Double Masters,sculpting steel
219595,Springleaf Drum,Double Masters,springleaf drum
218824,Time Sieve,Double Masters,time sieve
219532,Toxic Deluge,Double Masters,toxic deluge
218573,Trinisphere,Double Masters,trinisphere
218628,Walking Ballista,Double Masters,walking ballista
216173,Allosaurus Shepherd,Jumpstart,allosaurus shepherd
216119,Buried Ruin,Jumpstart,buried ruin
216243,Curiosity,Jumpstart,curiosity
216252,Emiel the Blessed,Jumpstart,emiel the blessed
216116,Gingerbrute,Jumpstart,gingerbrute
216300,"Lena, Selfless Champion",Jumpstart,lena selfless champion
216484,Lightning Bolt,Jumpstart,lightning bolt
216559,"Linvala, Keeper of Silence",Jumpstart,linvala keeper of silence
216278,Path to Exile,Jumpstart,path to exile
216140,Phyrexian Tower,Jumpstart,phyrexian tower
215960,Reanimate,Jumpstart,reanimate
216235,Rhystic Study,Jumpstart,rhystic study
216611,"Rishkar, Peema Renegade",Jumpstart,rishkar peema renegade
216177,"Selvala, Heart of the Wilds",Jumpstart,selvala heart of the wilds
215443,Chromatic Orrery,Core Set 2021,chromatic orrery
215556,Fabled Passage,Core Set 2021,fabled passage
215728,Ghostly Pilferer,Core Set 2021,ghostly pilferer
215341,Grim Tutor,Core Set 2021,grim tutor
215373,Peer into the Abyss,Core Set 2021,peer into the abyss
215719,Swamp,Core Set 2021,swamp
215571,Transmogrify,Core Set 2021,transmogrify
217288,Chromatic Orrery,Promo Pack: Core Set 2021,chromatic orrery
217293,Fabled Passage,Promo Pack: Core Set 2021,fabled passage
217244,Ghostly Pilferer,Promo Pack: Core Set 2021,ghostly pilferer
217253,Grim Tutor,Promo Pack: Core Set 2021,grim tutor
217260,Peer into the Abyss,Promo Pack: Core Set 2021,peer into the abyss
217272,Transmogrify,Promo Pack: Core Set 2021,transmogrify
215320,Pyroblast,Signature Spellbook: Chandra,pyroblast
215322,Rite of Flame,Signature Spellbook: Chandra,rite of flame
212115,Drannith Magistrate,Ikoria: Lair of Behemoths,drannith magistrate
212774,Forest,Ikoria: Lair of Behemoths,forest
212623,"Kinnan, Bonder Prodigy",Ikoria: Lair of Behemoths,kinnan bonder prodigy
211996,"Lukka, Coppercoat Outcast",Ikoria: Lair of Behemoths,lukka coppercoat outcast
212770,Mountain,Ikoria: Lair of Behemoths,mountain
212754,Plains,Ikoria: Lair of Behemoths,plains
212764,Swamp,Ikoria: Lair of Behemoths,swamp
212622,"Winota, Joiner of Forces",Ikoria: Lair of Behemoths,winota joiner of forces
213809,Drannith Magistrate,Promo Pack: Ikoria,drannith magistrate
213923,"Kinnan, Bonder Prodigy",Promo Pack: Ikoria,kinnan bonder prodigy
213932,"Lukka, Coppercoat Outcast",Promo Pack: Ikoria,lukka coppercoat outcast
213914,"Winota, Joiner of Forces",Promo Pack: Ikoria,winota joiner of forces
212120,Arcane Signet,Commander 2020,arcane signet
212360,Battlefield Forge,Commander 2020,battlefield forge
212487,Chaos Warp,Commander 2020,chaos warp
212200,Command Tower,Commander 2020,command tower
212174,Crop Rotation,Commander 2020,crop rotation
212221,Deadly Rollick,Commander 2020,deadly rollick
212191,Deflecting Swat,Commander 2020,deflecting swat
212399,Exotic Orchard,Commander 2020,exotic orchard
212218,Fierce Guardianship,Commander 2020,fierce guardianship
212404,Gavony Township,Commander 2020,gavony township
212426,Llanowar Wastes,Commander 2020,llanowar wastes
212465,Shivan Reef,Commander 2020,shivan reef
212198,Sol Ring,Commander 2020,sol ring
212143,"Tayam, Luminous Enigma",Commander 2020,tayam luminous enigma
212411,Windfall,Commander 2020,windfall
212481,Yavimaya Coast,Commander 2020,yavimaya coast
208389,Forest,Unsanctioned,forest
208453,Island,Unsanctioned,island
208391,Mountain,Unsanctioned,mountain
208392,Plains,Unsanctioned,plains
208454,Swamp,Unsanctioned,swamp
206026,Forest,Theros Beyond Death,forest
206460,Gray Merchant of Asphodel,Theros Beyond Death,gray merchant of asphodel
206667,Idyllic Tutor,Theros Beyond Death,idyllic tutor
206023,Island,Theros Beyond Death,island
206025,Mountain,Theros Beyond Death,mountain
206022,Plains,Theros Beyond Death,plains
206024,Swamp,Theros Beyond Death,swamp
206926,Thassa's Oracle,Theros Beyond Death,thassas oracle
206642,Underworld Breach,Theros Beyond Death,underworld breach
207621,Aven Mindcensor,Promo Pack: Theros Beyond Death,aven mindcensor
207612,Bolas's Citadel,Promo Pack: Theros Beyond Death,bolass citadel
207689,Clever Impersonator,Promo Pack: Theros Beyond Death,clever impersonator
208024,Gray Merchant of Asphodel,Promo Pack: Theros Beyond Death,gray merchant of asphodel
207620,"Karn, the Great Creator",Promo Pack: Theros Beyond Death,karn the great creator
207719,Idyllic Tutor,Promo Pack: Theros Beyond Death,idyllic tutor
207682,Mirage Mirror,Promo Pack: Theros Beyond Death,mirage mirror
207617,Narset's Reversal,Promo Pack: Theros Beyond Death,narsets reversal
207631,"Sidisi, Undead Vizier",Promo Pack: Theros Beyond Death,sidisi undead vizier
207746,Thassa's Oracle,Promo Pack: Theros Beyond Death,thassas oracle
207724,Underworld Breach,Promo Pack: Theros Beyond Death,underworld breach
201558,Dramatic Reversal,Magic Game Night 2019,dramatic reversal
194913,Arcane Signet,Throne of Eldraine,arcane signet
199288,Castle Garenbrig,Throne of Eldraine,castle garenbrig
198815,Command Tower,Throne of Eldraine,command tower
198858,Claim the Firstborn,Throne of Eldraine,claim the firstborn
199001,Deafening Silence,Throne of Eldraine,deafening silence
199428,Fabled Passage,Throne of Eldraine,fabled passage
199026,Faeburrow Elder,Throne of Eldraine,faeburrow elder
198887,Gingerbrute,Throne of Eldraine,gingerbrute
199057,Mirrormade,Throne of Eldraine,mirrormade
199514,Plains,Throne of Eldraine,plains
198745,Wishclaw Talisman,Throne of Eldraine,wishclaw talisman
200233,Blood Crypt,Promo Pack: Throne of Eldraine,blood crypt
200234,Breeding Pool,Promo Pack: Throne of Eldraine,breeding pool
200388,Castle Garenbrig,Promo Pack: Throne of Eldraine,castle garenbrig
200385,Fabled Passage,Promo Pack: Throne of Eldraine,fabled passage
200253,Finale of Devastation,Promo Pack: Throne of Eldraine,finale of devastation
200483,Faeburrow Elder,Promo Pack: Throne of Eldraine,faeburrow elder
200235,Godless Shrine,Promo Pack: Throne of Eldraine,godless shrine
200236,Hallowed Fountain,Promo Pack: Throne of Eldraine,hallowed fountain
200244,"Jace, Wielder of Mysteries",Promo Pack: Throne of Eldraine,jace wielder of mysteries
200423,Mirrormade,Promo Pack: Throne of Eldraine,mirrormade
200211,Overgrown Tomb,Promo Pack: Throne of Eldraine,overgrown tomb
200212,Sacred Foundry,Promo Pack: Throne of Eldraine,sacred foundry
200217,Smothering Tithe,Promo Pack: Throne of Eldraine,smothering tithe
200213,Steam Vents,Promo Pack: Throne of Eldraine,steam vents
200214,Temple Garden,Promo Pack: Throne of Eldraine,temple garden
200266,"Teferi, Time Raveler",Promo Pack: Throne of Eldraine,teferi time raveler
200215,Watery Grave,Promo Pack: Throne of Eldraine,watery grave
200446,Wishclaw Talisman,Promo Pack: Throne of Eldraine,wishclaw talisman
196726,Chaos Warp,Commander 2019,chaos warp
196612,Clever Impersonator,Commander 2019,clever impersonator
196534,Command Tower,Commander 2019,command tower
196537,Exotic Orchard,Commander 2019,exotic orchard
196744,Geier Reach Sanitarium,Commander 2019,geier reach sanitarium
196427,"K'rrik, Son of Yawgmoth",Commander 2019,krrik son of yawgmoth
196748,Key to the City,Commander 2019,key to the city
196510,Llanowar Wastes,Commander 2019,llanowar wastes
196429,Sanctum of Eternity,Commander 2019,sanctum of eternity
196278,Sevinne's Reclamation,Commander 2019,sevinnes reclamation
196523,Sol Ring,Commander 2019,sol ring
196533,Sudden Substitution,Commander 2019,sudden substitution
196462,Thran Dynamo,Commander 2019,thran dynamo
196496,Yavimaya Coast,Commander 2019,yavimaya coast
192222,"Chandra, Awakened Inferno",Core Set 2020,chandra awakened inferno
192617,Elvish Reclaimer,Core Set 2020,elvish reclaimer
192562,Field of the Dead,Core Set 2020,field of the dead
192847,Forest,Core Set 2020,forest
192909,Grafdigger's Cage,Core Set 2020,grafdiggers cage
192896,Glint-Horn Buccaneer,Core Set 2020,glinthorn buccaneer
192832,Island,Core Set 2020,island
192638,Leyline of Abundance,Core Set 2020,leyline of abundance
192544,Leyline of the Void,Core Set 2020,leyline of the void
192640,Lotus Field,Core Set 2020,lotus field
192637,Manifold Key,Core Set 2020,manifold key
192842,Mountain,Core Set 2020,mountain
192827,Plains,Core Set 2020,plains
192521,Scheming Symmetry,Core Set 2020,scheming symmetry
192838,Swamp,Core Set 2020,swamp
192543,Veil of Summer,Core Set 2020,veil of summer
192644,"Vilis, Broker of Blood",Core Set 2020,vilis broker of blood
193477,"Chandra, Awakened Inferno",Promo Pack: Core Set 2020,chandra awakened inferno
193474,Elvish Reclaimer,Promo Pack: Core Set 2020,elvish reclaimer
193465,Field of the Dead,Promo Pack: Core Set 2020,field of the dead
193280,Forest,Promo Pack: Core Set 2020,forest
193492,Glint-Horn Buccaneer,Promo Pack: Core Set 2020,glinthorn buccaneer
193483,Grafdigger's Cage,Promo Pack: Core Set 2020,grafdiggers cage
193281,Island,Promo Pack: Core Set 2020,island
193381,Incubation Druid,Promo Pack: Core Set 2020,incubation druid
193431,Leyline of Abundance,Promo Pack: Core Set 2020,leyline of abundance
193479,Leyline of the Void,Promo Pack: Core Set 2020,leyline of the void
193485,Lotus Field,Promo Pack: Core Set 2020,lotus field
193279,Mountain,Promo Pack: Core Set 2020,mountain
193350,"Nezahal, Primal Tide",Promo Pack: Core Set 2020,nezahal primal tide
193325,"Niv-Mizzet, Parun",Promo Pack: Core Set 2020,nivmizzet parun
193283,Plains,Promo Pack: Core Set 2020,plains
193383,"Nicol Bolas, Dragon-God",Promo Pack: Core Set 2020,nicol bolas dragongod
193462,Scheming Symmetry,Promo Pack: Core Set 2020,scheming symmetry
193282,Swamp,Promo Pack: Core Set 2020,swamp
193501,"Vilis, Broker of Blood",Promo Pack: Core Set 2020,vilis broker of blood
188993,Path to Exile,Signature Spellbook: Gideon,path to exile
191735,Altar of Dementia,Modern Horizons,altar of dementia
191578,Carrion Feeder,Modern Horizons,carrion feeder
190942,Changeling Outcast,Modern Horizons,changeling outcast
191057,Collector Ouphe,Modern Horizons,collector ouphe
191062,Eladamri's Call,Modern Horizons,eladamris call
191568,Ephemerate,Modern Horizons,ephemerate
191569,Faerie Seer,Modern Horizons,faerie seer
190806,Fiery Islet,Modern Horizons,fiery islet
190734,Force of Vigor,Modern Horizons,force of vigor
190647,Force of Negation,Modern Horizons,force of negation
190880,Force of Despair,Modern Horizons,force of despair
190865,Giver of Runes,Modern Horizons,giver of runes
190867,Goblin Engineer,Modern Horizons,goblin engineer
190748,Prismatic Vista,Modern Horizons,prismatic vista
190873,Ranger-Captain of Eos,Modern Horizons,rangercaptain of eos
190933,"Sisay, Weatherlight Captain",Modern Horizons,sisay weatherlight captain
190653,Snow-Covered Forest,Modern Horizons,snowcovered forest
190649,Snow-Covered Island,Modern Horizons,snowcovered island
190650,Snow-Covered Mountain,Modern Horizons,snowcovered mountain
190652,Snow-Covered Swamp,Modern Horizons,snowcovered swamp
191059,Talisman of Curiosity,Modern Horizons,talisman of curiosity
191060,Talisman of Creativity,Modern Horizons,talisman of creativity
191058,Talisman of Hierarchy,Modern Horizons,talisman of hierarchy
191572,Universal Automaton,Modern Horizons,universal automaton
190836,"Urza, Lord High Artificer",Modern Horizons,urza lord high artificer
190793,Waterlogged Grove,Modern Horizons,waterlogged grove
191131,"Yawgmoth, Thran Physician",Modern Horizons,yawgmoth thran physician
188627,"Ashiok, Dream Render",War of the Spark,ashiok dream render
188345,Bolt Bend,War of the Spark,bolt bend
187187,Bolas's Citadel,War of the Spark,bolass citadel
187125,Emergence Zone,War of the Spark,emergence zone
188701,Finale of Devastation,War of the Spark,finale of devastation
187246,God-Pharaoh's Statue,War of the Spark,godpharaohs statue
188386,"Karn, the Great Creator",War of the Spark,karn the great creator
187141,"Jace, Wielder of Mysteries",War of the Spark,jace wielder of mysteries
188708,Narset's Reversal,War of the Spark,narsets reversal
188217,Neoform,War of the Spark,neoform
188630,"Nicol Bolas, Dragon-God",War of the Spark,nicol bolas dragongod
187194,"Teferi, Time Raveler",War of the Spark,teferi time raveler
188904,"Nicol Bolas, Dragon-God",Mythic Edition: War of the Spark,nicol bolas dragongod
184820,Birds of Paradise,Ravnica Allegiance: Guild Kits,birds of paradise
182838,Blood Crypt,Ravnica Allegiance,blood crypt
182842,Breeding Pool,Ravnica Allegiance,breeding pool
182952,Biomancer's Familiar,Ravnica Allegiance,biomancers familiar
183584,Forest,Ravnica Allegiance,forest
182836,Godless Shrine,Ravnica Allegiance,godless shrine
182831,Hallowed Fountain,Ravnica Allegiance,hallowed fountain
183581,Island,Ravnica Allegiance,island
183313,Incubation Druid,Ravnica Allegiance,incubation druid
182131,"Lavinia, Azorius Renegade",Ravnica Allegiance,lavinia azorius renegade
182127,Light Up the Stage,Ravnica Allegiance,light up the stage
183583,Mountain,Ravnica Allegiance,mountain
183580,Plains,Ravnica Allegiance,plains
183033,Smothering Tithe,Ravnica Allegiance,smothering tithe
183582,Swamp,Ravnica Allegiance,swamp
179473,Ancient Tomb,Ultimate Masters,ancient tomb
180895,Buried Alive,Ultimate Masters,buried alive
179480,Cavern of Souls,Ultimate Masters,cavern of souls
179462,Demonic Tutor,Ultimate Masters,demonic tutor
180824,Devoted Druid,Ultimate Masters,devoted druid
180823,Disrupting Shoal,Ultimate Masters,disrupting shoal
180810,Desperate Ritual,Ultimate Masters,desperate ritual
179485,Eternal Witness,Ultimate Masters,eternal witness
179538,Entomb,Ultimate Masters,entomb
180772,Gamble,Ultimate Masters,gamble
179517,Mana Vault,Ultimate Masters,mana vault
179468,"Mikaeus, the Unhallowed",Ultimate Masters,mikaeus the unhallowed
179490,Noble Hierarch,Ultimate Masters,noble hierarch
180789,Phyrexian Tower,Ultimate Masters,phyrexian tower
179472,Reanimate,Ultimate Masters,reanimate
179455,Snapcaster Mage,Ultimate Masters,snapcaster mage
179536,"Urborg, Tomb of Yawgmoth",Ultimate Masters,urborg tomb of yawgmoth
179474,Ancient Tomb,Ultimate Masters: Box Toppers,ancient tomb
179479,Cavern of Souls,Ultimate Masters: Box Toppers,cavern of souls
179461,Demonic Tutor,Ultimate Masters: Box Toppers,demonic tutor
179483,Eternal Witness,Ultimate Masters: Box Toppers,eternal witness
179518,Mana Vault,Ultimate Masters: Box Toppers,mana vault
179489,Noble Hierarch,Ultimate Masters: Box Toppers,noble hierarch
179469,"Mikaeus, the Unhallowed",Ultimate Masters: Box Toppers,mikaeus the unhallowed
179456,Snapcaster Mage,Ultimate Masters: Box Toppers,snapcaster mage
179471,Reanimate,Ultimate Masters: Box Toppers,reanimate
179537,"Urborg, Tomb of Yawgmoth",Ultimate Masters: Box Toppers,urborg tomb of yawgmoth
180408,Llanowar Elves,Magic Game Night,llanowar elves
176706,Abrupt Decay,Guilds of Ravnica: Guild Kits,abrupt decay
176710,Deathrite Shaman,Guilds of Ravnica: Guild Kits,deathrite shaman
177352,Elves of Deep Shadow,Guilds of Ravnica: Guild Kits,elves of deep shadow
176619,Forest,Guilds of Ravnica,forest
176616,Island,Guilds of Ravnica,island
176618,Mountain,Guilds of Ravnica,mountain
176839,Mnemonic Betrayal,Guilds of Ravnica,mnemonic betrayal
175582,"Niv-Mizzet, Parun",Guilds of Ravnica,nivmizzet parun
175196,Overgrown Tomb,Guilds of Ravnica,overgrown tomb
176615,Plains,Guilds of Ravnica,plains
175200,Sacred Foundry,Guilds of Ravnica,sacred foundry
175202,Steam Vents,Guilds of Ravnica,steam vents
176617,Swamp,Guilds of Ravnica,swamp
175203,Temple Garden,Guilds of Ravnica,temple garden
175205,Watery Grave,Guilds of Ravnica,watery grave
171035,"Aminatou, the Fateshifter",Commander 2018,aminatou the fateshifter
171108,Blasphemous Act,Commander 2018,blasphemous act
171438,Brainstorm,Commander 2018,brainstorm
171191,Buried Ruin,Commander 2018,buried ruin
170778,Chaos Warp,Commander 2018,chaos warp
171193,Command Tower,Commander 2018,command tower
171209,Great Furnace,Commander 2018,great furnace
170959,Loyal Apprentice,Commander 2018,loyal apprentice
171133,Mind Stone,Commander 2018,mind stone
171481,Ponder,Commander 2018,ponder
170965,Reality Scramble,Commander 2018,reality scramble
171441,Seat of the Synod,Commander 2018,seat of the synod
171158,Sol Ring,Commander 2018,sol ring
171034,"Yuriko, the Tiger's Shadow",Commander 2018,yuriko the tigers shadow
169111,"Lena, Selfless Champion",Core Set 2019,lena selfless champion
168646,Llanowar Elves,Core Set 2019,llanowar elves
168720,Scapeshift,Core Set 2019,scapeshift
169236,Stitcher's Supplier,Core Set 2019,stitchers supplier
168308,Island,Global Series Jiang Yanggu & Mu Yanling,island
168334,Forest,Global Series Jiang Yanggu & Mu Yanling,forest
168333,Mountain,Global Series Jiang Yanggu & Mu Yanling,mountain
168345,Plains,Global Series Jiang Yanggu & Mu Yanling,plains
162749,Brainstorm,Signature Spellbook: Jace,brainstorm
162748,Blue Elemental Blast,Signature Spellbook: Jace,blue elemental blast
162751,Gifts Ungiven,Signature Spellbook: Jace,gifts ungiven
162752,Mystical Tutor,Signature Spellbook: Jace,mystical tutor
167787,Diabolic Intent,Battlebond,diabolic intent
167977,Forest,Battlebond,forest
167974,Island,Battlebond,island
166661,Luxury Suite,Battlebond,luxury suite
167976,Mountain,Battlebond,mountain
166662,Morphic Pool,Battlebond,morphic pool
167694,Peregrine Drake,Battlebond,peregrine drake
167973,Plains,Battlebond,plains
166663,Sea of Clouds,Battlebond,sea of clouds
167811,Spellseeker,Battlebond,spellseeker
167975,Swamp,Battlebond,swamp
167782,Swords to Plowshares,Battlebond,swords to plowshares
166733,Basalt Monolith,Commander Anthology Volume II,basalt monolith
166737,Blasphemous Act,Commander Anthology Volume II,blasphemous act
166752,Buried Ruin,Commander Anthology Volume II,buried ruin
166751,Buried Alive,Commander Anthology Volume II,buried alive
166758,Chaos Warp,Commander Anthology Volume II,chaos warp
166761,Command Tower,Commander Anthology Volume II,command tower
166799,Exotic Orchard,Commander Anthology Volume II,exotic orchard
166796,Eternal Witness,Commander Anthology Volume II,eternal witness
166806,Fellwar Stone,Commander Anthology Volume II,fellwar stone
166821,Ghost Quarter,Commander Anthology Volume II,ghost quarter
166822,Goblin Welder,Commander Anthology Volume II,goblin welder
166829,Great Furnace,Commander Anthology Volume II,great furnace
166689,"Ishai, Ojutai Dragonspeaker",Commander Anthology Volume II,ishai ojutai dragonspeaker
166876,Mind Stone,Commander Anthology Volume II,mind stone
166955,Sol Ring,Commander Anthology Volume II,sol ring
166879,Underground River,Commander Anthology Volume II,underground river
166818,Windfall,Commander Anthology Volume II,windfall
162250,Damping Sphere,Dominaria,damping sphere
164398,Final Parting,Dominaria,final parting
162231,Llanowar Elves,Dominaria,llanowar elves
162125,Mox Amber,Dominaria,mox amber
162141,Oath of Teferi,Dominaria,oath of teferi
162239,"Tetsuko Umezawa, Fugitive",Dominaria,tetsuko umezawa fugitive
162820,Elvish Mystic,Duel Decks: Elves vs. Inventors,elvish mystic
162807,Galvanic Blast,Duel Decks: Elves vs. Inventors,galvanic blast
162805,Goblin Welder,Duel Decks: Elves vs. Inventors,goblin welder
162887,Great Furnace,Duel Decks: Elves vs. Inventors,great furnace
162888,Seat of the Synod,Duel Decks: Elves vs. Inventors,seat of the synod
162890,Shivan Reef,Duel Decks: Elves vs. Inventors,shivan reef
162803,Trophy Mage,Duel Decks: Elves vs. Inventors,trophy mage
161419,Blue Elemental Blast,Masters 25,blue elemental blast
161357,Blood Moon,Masters 25,blood moon
161469,Brainstorm,Masters 25,brainstorm
161358,Chalice of the Void,Masters 25,chalice of the void
161807,Curiosity,Masters 25,curiosity
161443,Doomsday,Masters 25,doomsday
161473,Eladamri's Call,Masters 25,eladamris call
161421,Dark Ritual,Masters 25,dark ritual
161410,Imperial Recruiter,Masters 25,imperial recruiter
161480,Lightning Bolt,Masters 25,lightning bolt
161485,Mishra's Factory,Masters 25,mishras factory
161808,Notion Thief,Masters 25,notion thief
161536,Pact of Negation,Masters 25,pact of negation
161430,Red Elemental Blast,Masters 25,red elemental blast
161828,Retraction Helix,Masters 25,retraction helix
161571,Simian Spirit Guide,Masters 25,simian spirit guide
161497,Summoner's Pact,Masters 25,summoners pact
161344,"Thalia, Guardian of Thraben",Masters 25,thalia guardian of thraben
161899,Swords to Plowshares,Masters 25,swords to plowshares
155768,Forest,Rivals of Ixalan,forest
155765,Island,Rivals of Ixalan,island
155767,Mountain,Rivals of Ixalan,mountain
155688,"Nezahal, Primal Tide",Rivals of Ixalan,nezahal primal tide
155763,Plains,Rivals of Ixalan,plains
155766,Swamp,Rivals of Ixalan,swamp
151828,Forest,Unstable,forest
151825,Island,Unstable,island
151827,Mountain,Unstable,mountain
151824,Plains,Unstable,plains
151826,Swamp,Unstable,swamp
149296,Adaptive Automaton,Explorers of Ixalan,adaptive automaton
152474,Path to Exile,Explorers of Ixalan,path to exile
145333,Aether Vial,Iconic Masters,aether vial
145331,Consecrated Sphinx,Iconic Masters,consecrated sphinx
145340,Flusterstorm,Iconic Masters,flusterstorm
145478,Knight of the Reliquary,Iconic Masters,knight of the reliquary
145520,Lotus Cobra,Iconic Masters,lotus cobra
145485,Magus of the Moon,Iconic Masters,magus of the moon
145275,Mana Drain,Iconic Masters,mana drain
145435,Mind Stone,Iconic Masters,mind stone
145438,Mindcrank,Iconic Masters,mindcrank
145327,Mishra's Bauble,Iconic Masters,mishras bauble
145298,Necropotence,Iconic Masters,necropotence
145523,Nature's Claim,Iconic Masters,natures claim
145317,Serra Ascendant,Iconic Masters,serra ascendant
145395,Swords to Plowshares,Iconic Masters,swords to plowshares
145452,Thran Dynamo,Iconic Masters,thran dynamo
145321,Wall of Roots,Iconic Masters,wall of roots
145439,Windfall,Iconic Masters,windfall
149248,Goblin Rabblemaster,Duel Decks: Merfolk vs. Goblins,goblin rabblemaster
149174,Misdirection,Duel Decks: Merfolk vs. Goblins,misdirection
142015,Angrath's Marauders,Ixalan,angraths marauders
145267,Growing Rites of Itlimoc,Ixalan,growing rites of itlimoc
144877,Siren Stormtamer,Ixalan,siren stormtamer
139903,Blind Obedience,Commander 2017,blind obedience
139915,Chaos Warp,Commander 2017,chaos warp
139795,Command Tower,Commander 2017,command tower
139808,Curse of Opulence,Commander 2017,curse of opulence
140086,Exotic Orchard,Commander 2017,exotic orchard
139947,Fellwar Stone,Commander 2017,fellwar stone
139799,Sol Ring,Commander 2017,sol ring
140051,Swords to Plowshares,Commander 2017,swords to plowshares
134856,Abrade,Hour of Devastation,abrade
134930,Mirage Mirror,Hour of Devastation,mirage mirror
135056,"Razaketh, the Foulblooded",Hour of Devastation,razaketh the foulblooded
136623,Survivors' Encampment,Hour of Devastation,survivors encampment
132279,Grand Abolisher,Archenemy: Nicol Bolas,grand abolisher
132266,Lightning Bolt,Archenemy: Nicol Bolas,lightning bolt
132269,Talisman of Dominance,Archenemy: Nicol Bolas,talisman of dominance
132268,Talisman of Indulgence,Archenemy: Nicol Bolas,talisman of indulgence
131976,Basalt Monolith,Commander Anthology,basalt monolith
131998,Command Tower,Commander Anthology,command tower
132005,Crystal Vein,Commander Anthology,crystal vein
131911,"Derevi, Empyrial Tactician",Commander Anthology,derevi empyrial tactician
132028,Elvish Mystic,Commander Anthology,elvish mystic
132033,Eternal Witness,Commander Anthology,eternal witness
132048,Ghost Quarter,Commander Anthology,ghost quarter
132062,Havenwood Battleground,Commander Anthology,havenwood battleground
132083,Llanowar Elves,Commander Anthology,llanowar elves
132113,Path to Exile,Commander Anthology,path to exile
132166,Sol Ring,Commander Anthology,sol ring
132172,Stranglehold,Commander Anthology,stranglehold
132179,Sylvan Safekeeper,Commander Anthology,sylvan safekeeper
132193,Thousand-Year Elixir,Commander Anthology,thousandyear elixir
129724,Aven Mindcensor,Amonkhet,aven mindcensor
129819,Combat Celebrant,Amonkhet,combat celebrant
134899,Blood Moon,Masterpiece Series: Amonkhet Invocations,blood moon
129537,Aven Mindcensor,Masterpiece Series: Amonkhet Invocations,aven mindcensor
129539,Consecrated Sphinx,Masterpiece Series: Amonkhet Invocations,consecrated sphinx
129540,Counterbalance,Masterpiece Series: Amonkhet Invocations,counterbalance
129544,Daze,Masterpiece Series: Amonkhet Invocations,daze
129543,Dark Ritual,Masterpiece Series: Amonkhet Invocations,dark ritual
129562,Diabolic Intent,Masterpiece Series: Amonkhet Invocations,diabolic intent
129564,Entomb,Masterpiece Series: Amonkhet Invocations,entomb
134906,Doomsday,Masterpiece Series: Amonkhet Invocations,doomsday
129545,Force of Will,Masterpiece Series: Amonkhet Invocations,force of will
129549,Pact of Negation,Masterpiece Series: Amonkhet Invocations,pact of negation
134913,Slaughter Pact,Masterpiece Series: Amonkhet Invocations,slaughter pact
129361,Desperate Ritual,Duel Decks: Mind vs. Might,desperate ritual
129476,Grapeshot,Duel Decks: Mind vs. Might,grapeshot
129504,Snap,Duel Decks: Mind vs. Might,snap
128562,Abrupt Decay,Modern Masters 2017,abrupt decay
128275,Arid Mesa,Modern Masters 2017,arid mesa
128838,Avacyn's Pilgrim,Modern Masters 2017,avacyns pilgrim
128637,Blood Moon,Modern Masters 2017,blood moon
128633,Cavern of Souls,Modern Masters 2017,cavern of souls
128856,Cyclonic Rift,Modern Masters 2017,cyclonic rift
128644,Gifts Ungiven,Modern Masters 2017,gifts ungiven
128474,Grafdigger's Cage,Modern Masters 2017,grafdiggers cage
128582,"Linvala, Keeper of Silence",Modern Masters 2017,linvala keeper of silence
128221,Marsh Flats,Modern Masters 2017,marsh flats
128281,Misty Rainforest,Modern Masters 2017,misty rainforest
128479,Path to Exile,Modern Masters 2017,path to exile
128595,Phantasmal Image,Modern Masters 2017,phantasmal image
128282,Scalding Tarn,Modern Masters 2017,scalding tarn
128484,Snapcaster Mage,Modern Masters 2017,snapcaster mage
128487,Temporal Mastery,Modern Masters 2017,temporal mastery
128970,Tandem Lookout,Modern Masters 2017,tandem lookout
128280,Verdant Catacombs,Modern Masters 2017,verdant catacombs
128935,Wingcrafter,Modern Masters 2017,wingcrafter
126331,Fatal Push,Aether Revolt,fatal push
126480,Felidar Guardian,Aether Revolt,felidar guardian
126430,Hope of Ghirapur,Aether Revolt,hope of ghirapur
126350,Metallic Mimic,Aether Revolt,metallic mimic
126415,Ornithopter,Aether Revolt,ornithopter
126363,"Rishkar, Peema Renegade",Aether Revolt,rishkar peema renegade
126422,Spire of Industry,Aether Revolt,spire of industry
125849,Trophy Mage,Aether Revolt,trophy mage
126443,Walking Ballista,Aether Revolt,walking ballista
126329,Whir of Invention,Aether Revolt,whir of invention
125387,Auratouched Mage,Planechase Anthology,auratouched mage
125415,Exotic Orchard,Planechase Anthology,exotic orchard
125464,Mistblade Shinobi,Planechase Anthology,mistblade shinobi
125480,Peregrine Drake,Planechase Anthology,peregrine drake
125505,Skullsnatcher,Planechase Anthology,skullsnatcher
125519,Throat Slitter,Planechase Anthology,throat slitter
124405,Blasphemous Act,Commander 2016,blasphemous act
124407,Blind Obedience,Commander 2016,blind obedience
124416,Breath of Fury,Commander 2016,breath of fury
124420,Buried Ruin,Commander 2016,buried ruin
123975,"Bruse Tarl, Boorish Herder",Commander 2016,bruse tarl boorish herder
124425,Chaos Warp,Commander 2016,chaos warp
124193,Chain of Vapor,Commander 2016,chain of vapor
123977,Command Tower,Commander 2016,command tower
124455,Divergent Transformations,Commander 2016,divergent transformations
124505,Exotic Orchard,Commander 2016,exotic orchard
124509,Fellwar Stone,Commander 2016,fellwar stone
124512,Forbidden Orchard,Commander 2016,forbidden orchard
124135,"Ishai, Ojutai Dragonspeaker",Commander 2016,ishai ojutai dragonspeaker
123979,"Kraum, Ludevic's Opus",Commander 2016,kraum ludevics opus
124620,Seat of the Synod,Commander 2016,seat of the synod
123981,"Silas Renn, Seeker Adept",Commander 2016,silas renn seeker adept
124634,Sol Ring,Commander 2016,sol ring
124645,Swan Song,Commander 2016,swan song
124648,Swords to Plowshares,Commander 2016,swords to plowshares
124661,"Thrasios, Triton Hero",Commander 2016,thrasios triton hero
124011,Tymna the Weaver,Commander 2016,tymna the weaver
124671,Underground River,Commander 2016,underground river
124012,Vial Smasher the Fierce,Commander 2016,vial smasher the fierce
124202,Windfall,Commander 2016,windfall
122643,Botanical Sanctum,Kaladesh,botanical sanctum
123110,Dramatic Reversal,Kaladesh,dramatic reversal
122730,Key to the City,Kaladesh,key to the city
122604,Saheeli Rai,Kaladesh,saheeli rai
123071,Reckless Fireweaver,Kaladesh,reckless fireweaver
122743,Smuggler's Copter,Kaladesh,smugglers copter
122843,Aether Vial,Masterpiece Series: Kaladesh Inventions,aether vial
126281,Chalice of the Void,Masterpiece Series: Kaladesh Inventions,chalice of the void
122847,Chrome Mox,Masterpiece Series: Kaladesh Inventions,chrome mox
126282,Defense Grid,Masterpiece Series: Kaladesh Inventions,defense grid
122852,Lotus Petal,Masterpiece Series: Kaladesh Inventions,lotus petal
122853,Mana Vault,Masterpiece Series: Kaladesh Inventions,mana vault
122855,Mox Opal,Masterpiece Series: Kaladesh Inventions,mox opal
126292,Pithing Needle,Masterpiece Series: Kaladesh Inventions,pithing needle
126290,Ornithopter,Masterpiece Series: Kaladesh Inventions,ornithopter
122860,Sculpting Steel,Masterpiece Series: Kaladesh Inventions,sculpting steel
122859,Scroll Rack,Masterpiece Series: Kaladesh Inventions,scroll rack
126293,Sphere of Resistance,Masterpiece Series: Kaladesh Inventions,sphere of resistance
122862,Sol Ring,Masterpiece Series: Kaladesh Inventions,sol ring
126298,Trinisphere,Masterpiece Series: Kaladesh Inventions,trinisphere
122221,Crop Rotation,Duel Decks: Nissa vs. Ob Nixilis,crop rotation
121762,Birds of Paradise,Conspiracy: Take the Crown,birds of paradise
121624,Exotic Orchard,Conspiracy: Take the Crown,exotic orchard
121628,Sanctum Prelate,Conspiracy: Take the Crown,sanctum prelate
121767,"Selvala, Heart of the Wilds",Conspiracy: Take the Crown,selvala heart of the wilds
121168,Cabal Ritual,From the Vault: Lore,cabal ritual
121167,Beseech the Queen,From the Vault: Lore,beseech the queen
121178,Obliterate,From the Vault: Lore,obliterate
120003,Eldritch Evolution,Eldritch Moon,eldritch evolution
120004,Geier Reach Sanitarium,Eldritch Moon,geier reach sanitarium
118424,Animate Dead,Eternal Masters,animate dead
118444,Ashnod's Altar,Eternal Masters,ashnods altar
118458,Brainstorm,Eternal Masters,brainstorm
118757,Carrion Feeder,Eternal Masters,carrion feeder
118410,Chrome Mox,Eternal Masters,chrome mox
118406,Daze,Eternal Masters,daze
118409,Deathrite Shaman,Eternal Masters,deathrite shaman
118429,Enlightened Tutor,Eternal Masters,enlightened tutor
118430,Entomb,Eternal Masters,entomb
117736,Force of Will,Eternal Masters,force of will
118415,Gamble,Eternal Masters,gamble
118463,Green Sun's Zenith,Eternal Masters,green suns zenith
118464,Hydroblast,Eternal Masters,hydroblast
118678,Llanowar Elves,Eternal Masters,llanowar elves
118432,Mishra's Factory,Eternal Masters,mishras factory
118447,Mystical Tutor,Eternal Masters,mystical tutor
118676,Nature's Claim,Eternal Masters,natures claim
118476,Natural Order,Eternal Masters,natural order
118408,Necropotence,Eternal Masters,necropotence
118733,Peregrine Drake,Eternal Masters,peregrine drake
118587,Pyroblast,Eternal Masters,pyroblast
118699,Pyrokinesis,Eternal Masters,pyrokinesis
118421,Sensei's Divining Top,Eternal Masters,senseis divining top
118607,Swords to Plowshares,Eternal Masters,swords to plowshares
118417,Sylvan Library,Eternal Masters,sylvan library
118416,Toxic Deluge,Eternal Masters,toxic deluge
118433,Vampiric Tutor,Eternal Masters,vampiric tutor
118403,Wasteland,Eternal Masters,wasteland
116371,Cryptolith Rite,Shadows over Innistrad,cryptolith rite
113263,Gravecrawler,Duel Decks: Blessed vs. Cursed,gravecrawler
113332,Tandem Lookout,Duel Decks: Blessed vs. Cursed,tandem lookout
110689,Crumbling Vestige,Oath of the Gatewatch,crumbling vestige
111039,Holdout Settlement,Oath of the Gatewatch,holdout settlement
110694,Mirrorpool,Oath of the Gatewatch,mirrorpool
108079,Basalt Monolith,Commander 2015,basalt monolith
107908,Brainstorm,Commander 2015,brainstorm
108116,Command Tower,Commander 2015,command tower
107838,Command Beacon,Commander 2015,command beacon
107947,Eternal Witness,Commander 2015,eternal witness
108089,Fellwar Stone,Commander 2015,fellwar stone
108141,Ghost Quarter,Commander 2015,ghost quarter
108094,Mind Stone,Commander 2015,mind stone
108015,Preordain,Commander 2015,preordain
108104,Sol Ring,Commander 2015,sol ring
108074,Windfall,Commander 2015,windfall
105594,Dispel,Battle for Zendikar,dispel
105272,Sylvan Scrying,Battle for Zendikar,sylvan scrying
110722,Ancient Tomb,Zendikar Expeditions,ancient tomb
104306,Arid Mesa,Zendikar Expeditions,arid mesa
105550,Bloodstained Mire,Zendikar Expeditions,bloodstained mire
105549,Blood Crypt,Zendikar Expeditions,blood crypt
105551,Breeding Pool,Zendikar Expeditions,breeding pool
104960,Flooded Strand,Zendikar Expeditions,flooded strand
104741,Godless Shrine,Zendikar Expeditions,godless shrine
104372,Hallowed Fountain,Zendikar Expeditions,hallowed fountain
110728,Forbidden Orchard,Zendikar Expeditions,forbidden orchard
105552,Marsh Flats,Zendikar Expeditions,marsh flats
110733,Mana Confluence,Zendikar Expeditions,mana confluence
105018,Misty Rainforest,Zendikar Expeditions,misty rainforest
105553,Overgrown Tomb,Zendikar Expeditions,overgrown tomb
105554,Polluted Delta,Zendikar Expeditions,polluted delta
104816,Sacred Foundry,Zendikar Expeditions,sacred foundry
105555,Scalding Tarn,Zendikar Expeditions,scalding tarn
110736,Strip Mine,Zendikar Expeditions,strip mine
104307,Steam Vents,Zendikar Expeditions,steam vents
105558,Verdant Catacombs,Zendikar Expeditions,verdant catacombs
105557,Watery Grave,Zendikar Expeditions,watery grave
110740,Wasteland,Zendikar Expeditions,wasteland
104961,Temple Garden,Zendikar Expeditions,temple garden
105560,Wooded Foothills,Zendikar Expeditions,wooded foothills
105559,Windswept Heath,Zendikar Expeditions,windswept heath
104250,Mind Stone,Duel Decks: Zendikar vs. Eldrazi,mind stone
100226,Battlefield Forge,Magic Origins,battlefield forge
100099,Dark Petition,Magic Origins,dark petition
100095,Displacement Wave,Magic Origins,displacement wave
100229,Llanowar Wastes,Magic Origins,llanowar wastes
100227,Shivan Reef,Magic Origins,shivan reef
100230,Yavimaya Coast,Magic Origins,yavimaya coast
98643,Blinkmoth Nexus,Modern Masters 2015,blinkmoth nexus
98390,Dismember,Modern Masters 2015,dismember
98889,Expedition Map,Modern Masters 2015,expedition map
98817,Gut Shot,Modern Masters 2015,gut shot
98503,Lightning Bolt,Modern Masters 2015,lightning bolt
98395,Mox Opal,Modern Masters 2015,mox opal
98387,Noble Hierarch,Modern Masters 2015,noble hierarch
98646,Surgical Extraction,Modern Masters 2015,surgical extraction
96452,Gudul Lurker,Dragons of Tarkir,gudul lurker
96362,"Sidisi, Undead Vizier",Dragons of Tarkir,sidisi undead vizier
95249,Temporal Trespass,Fate Reforged,temporal trespass
95314,Wild Slash,Fate Reforged,wild slash
93574,Dark Ritual,Duel Decks: Anthology,dark ritual
93773,Daze,Duel Decks: Anthology,daze
93575,Demonic Tutor,Duel Decks: Anthology,demonic tutor
93790,Gush,Duel Decks: Anthology,gush
93649,Llanowar Elves,Duel Decks: Anthology,llanowar elves
93801,Mind Stone,Duel Decks: Anthology,mind stone
93603,Soot Imp,Duel Decks: Anthology,soot imp
93738,Snuff Out,Duel Decks: Anthology,snuff out
94334,Blasphemous Act,Commander 2014,blasphemous act
94449,Buried Ruin,Commander 2014,buried ruin
94336,Chaos Warp,Commander 2014,chaos warp
94263,Cyclonic Rift,Commander 2014,cyclonic rift
94452,Crystal Vein,Commander 2014,crystal vein
94356,Elvish Mystic,Commander 2014,elvish mystic
94465,Ghost Quarter,Commander 2014,ghost quarter
94225,Grand Abolisher,Commander 2014,grand abolisher
94339,Goblin Welder,Commander 2014,goblin welder
94308,Gray Merchant of Asphodel,Commander 2014,gray merchant of asphodel
94466,Great Furnace,Commander 2014,great furnace
94468,Havenwood Battleground,Commander 2014,havenwood battleground
94132,Jet Medallion,Commander 2014,jet medallion
94370,Llanowar Elves,Commander 2014,llanowar elves
94416,Mind Stone,Commander 2014,mind stone
94434,Sol Ring,Commander 2014,sol ring
94385,Sylvan Safekeeper,Commander 2014,sylvan safekeeper
94441,Thran Dynamo,Commander 2014,thran dynamo
92948,Clever Impersonator,Khans of Tarkir,clever impersonator
92830,Bloodstained Mire,Khans of Tarkir,bloodstained mire
92828,Flooded Strand,Khans of Tarkir,flooded strand
92829,Polluted Delta,Khans of Tarkir,polluted delta
92832,Windswept Heath,Khans of Tarkir,windswept heath
92831,Wooded Foothills,Khans of Tarkir,wooded foothills
92936,Goblin Bombardment,Duel Decks: Speed vs. Cunning,goblin bombardment
91097,Battlefield Forge,Magic 2015 (M15),battlefield forge
91110,Chord of Calling,Magic 2015 (M15),chord of calling
90945,Elvish Mystic,Magic 2015 (M15),elvish mystic
90858,Goblin Rabblemaster,Magic 2015 (M15),goblin rabblemaster
91099,Llanowar Wastes,Magic 2015 (M15),llanowar wastes
90988,Ornithopter,Magic 2015 (M15),ornithopter
91089,Phyrexian Revoker,Magic 2015 (M15),phyrexian revoker
91100,Shivan Reef,Magic 2015 (M15),shivan reef
91106,"Urborg, Tomb of Yawgmoth",Magic 2015 (M15),urborg tomb of yawgmoth
91101,Yavimaya Coast,Magic 2015 (M15),yavimaya coast
83147,Altar of Dementia,Conspiracy,altar of dementia
83156,Brainstorm,Conspiracy,brainstorm
82887,Exploration,Conspiracy,exploration
82890,Misdirection,Conspiracy,misdirection
83263,Nature's Claim,Conspiracy,natures claim
83247,Swords to Plowshares,Conspiracy,swords to plowshares
82733,City of Brass,Magic Modern Event Deck,city of brass
82753,Dismember,Magic Modern Event Deck,dismember
82755,Ghost Quarter,Magic Modern Event Deck,ghost quarter
82745,Path to Exile,Magic Modern Event Deck,path to exile
82735,Plains,Magic Modern Event Deck,plains
82736,Swamp,Magic Modern Event Deck,swamp
82243,Eidolon of Rhetoric,Journey Into Nyx,eidolon of rhetoric
82224,Mana Confluence,Journey Into Nyx,mana confluence
79146,Retraction Helix,Born of the Gods,retraction helix
78851,Spirit of the Labyrinth,Born of the Gods,spirit of the labyrinth
78658,Springleaf Drum,Born of the Gods,springleaf drum
72052,Basalt Monolith,Commander 2013,basalt monolith
72068,Command Tower,Commander 2013,command tower
71518,"Derevi, Empyrial Tactician",Commander 2013,derevi empyrial tactician
71881,From the Ashes,Commander 2013,from the ashes
72129,Goblin Bombardment,Commander 2013,goblin bombardment
72190,Molten Disaster,Commander 2013,molten disaster
72272,Sol Ring,Commander 2013,sol ring
72308,Thousand-Year Elixir,Commander 2013,thousandyear elixir
71880,Toxic Deluge,Commander 2013,toxic deluge
71316,Aqueous Form,Theros,aqueous form
71021,Gray Merchant of Asphodel,Theros,gray merchant of asphodel
71039,"Nykthos, Shrine to Nyx",Theros,nykthos shrine to nyx
71202,Swan Song,Theros,swan song
70954,Pyrokinesis,Duel Decks: Heroes vs. Monsters,pyrokinesis
70784,Fyndhorn Elves,From the Vault: Twenty,fyndhorn elves
70793,Green Sun's Zenith,From the Vault: Twenty,green suns zenith
70782,Dark Ritual,From the Vault: Twenty,dark ritual
70787,Tangle Wire,From the Vault: Twenty,tangle wire
70783,Swords to Plowshares,From the Vault: Twenty,swords to plowshares
70786,Thran Dynamo,From the Vault: Twenty,thran dynamo
69146,Elvish Mystic,Magic 2014 (M14),elvish mystic
69900,Mutavault,Magic 2014 (M14),mutavault
69953,Silence,Magic 2014 (M14),silence
68256,Aether Vial,Modern Masters,aether vial
68289,Angel's Grace,Modern Masters,angels grace
68372,Blood Moon,Modern Masters,blood moon
68266,Blinkmoth Nexus,Modern Masters,blinkmoth nexus
68444,Chalice of the Void,Modern Masters,chalice of the void
68244,City of Brass,Modern Masters,city of brass
68375,Desperate Ritual,Modern Masters,desperate ritual
68297,Ethersworn Canonist,Modern Masters,ethersworn canonist
68402,Eternal Witness,Modern Masters,eternal witness
68321,Gifts Ungiven,Modern Masters,gifts ungiven
68248,Grapeshot,Modern Masters,grapeshot
68425,Grand Arbiter Augustin IV,Modern Masters,grand arbiter augustin iv
68268,Knight of the Reliquary,Modern Masters,knight of the reliquary
68436,Manamorphose,Modern Masters,manamorphose
68384,Molten Disaster,Modern Masters,molten disaster
68326,Mothdust Changeling,Modern Masters,mothdust changeling
68328,Pact of Negation,Modern Masters,pact of negation
68449,Paradise Mantle,Modern Masters,paradise mantle
68306,Path to Exile,Modern Masters,path to exile
68363,Slaughter Pact,Modern Masters,slaughter pact
68394,Sudden Shock,Modern Masters,sudden shock
68254,Summoner's Pact,Modern Masters,summoners pact
67963,Hidden Strings,Dragon's Maze,hidden strings
67944,Notion Thief,Dragon's Maze,notion thief
67898,Sire of Insanity,Dragon's Maze,sire of insanity
67429,Blind Obedience,Gatecrash,blind obedience
67319,Breeding Pool,Gatecrash,breeding pool
67320,Godless Shrine,Gatecrash,godless shrine
67321,Sacred Foundry,Gatecrash,sacred foundry
67323,Watery Grave,Gatecrash,watery grave
67191,Command Tower,Commander's Arsenal,command tower
67184,Chaos Warp,Commander's Arsenal,chaos warp
67188,Rhystic Study,Commander's Arsenal,rhystic study
67189,Scroll Rack,Commander's Arsenal,scroll rack
67187,Sylvan Library,Commander's Arsenal,sylvan library
66457,Abrupt Decay,Return to Ravnica,abrupt decay
66412,Blood Crypt,Return to Ravnica,blood crypt
66473,Cyclonic Rift,Return to Ravnica,cyclonic rift
66547,Deathrite Shaman,Return to Ravnica,deathrite shaman
66550,Dispel,Return to Ravnica,dispel
66415,Hallowed Fountain,Return to Ravnica,hallowed fountain
66505,Pithing Needle,Return to Ravnica,pithing needle
66417,Overgrown Tomb,Return to Ravnica,overgrown tomb
66420,Steam Vents,Return to Ravnica,steam vents
66421,Temple Garden,Return to Ravnica,temple garden
66326,Brainstorm,Duel Decks: Izzet vs. Golgari,brainstorm
66350,Elves of Deep Shadow,Duel Decks: Izzet vs. Golgari,elves of deep shadow
66351,Eternal Witness,Duel Decks: Izzet vs. Golgari,eternal witness
60129,Ancient Tomb,From the Vault: Realms,ancient tomb
60130,"Boseiju, Who Shelters All",From the Vault: Realms,boseiju who shelters all
60133,Dryad Arbor,From the Vault: Realms,dryad arbor
60134,Forbidden Orchard,From the Vault: Realms,forbidden orchard
60142,Vesuva,From the Vault: Realms,vesuva
60141,"Urborg, Tomb of Yawgmoth",From the Vault: Realms,urborg tomb of yawgmoth
60035,Clock of Omens,Magic 2013 (M13),clock of omens
59535,Auratouched Mage,Planechase 2012,auratouched mage
59635,Exotic Orchard,Planechase 2012,exotic orchard
59550,Mistblade Shinobi,Planechase 2012,mistblade shinobi
59552,Peregrine Drake,Planechase 2012,peregrine drake
59565,Skullsnatcher,Planechase 2012,skullsnatcher
59566,Throat Slitter,Planechase 2012,throat slitter
58842,Cavern of Souls,Avacyn Restored,cavern of souls
58177,Temporal Mastery,Avacyn Restored,temporal mastery
58267,Tandem Lookout,Avacyn Restored,tandem lookout
58178,Wingcrafter,Avacyn Restored,wingcrafter
58096,Path to Exile,Duel Decks: Venser vs. Koth,path to exile
58100,Preordain,Duel Decks: Venser vs. Koth,preordain
57600,Gravecrawler,Dark Ascension,gravecrawler
57673,Grafdigger's Cage,Dark Ascension,grafdiggers cage
57666,"Mikaeus, the Unhallowed",Dark Ascension,mikaeus the unhallowed
57606,Strangleroot Geist,Dark Ascension,strangleroot geist
57621,"Thalia, Guardian of Thraben",Dark Ascension,thalia guardian of thraben
57244,Animate Dead,Premium Deck Series: Graveborn,animate dead
57853,Young Wolf,Dark Ascension,young wolf
57246,Buried Alive,Premium Deck Series: Graveborn,buried alive
57366,Crystal Vein,Premium Deck Series: Graveborn,crystal vein
57248,Entomb,Premium Deck Series: Graveborn,entomb
57376,Reanimate,Premium Deck Series: Graveborn,reanimate
55902,Blasphemous Act,Innistrad,blasphemous act
55906,Avacyn's Pilgrim,Innistrad,avacyns pilgrim
56245,Curiosity,Innistrad,curiosity
55910,Gavony Township,Innistrad,gavony township
52174,Ghost Quarter,Innistrad,ghost quarter
55979,Heartless Summoning,Innistrad,heartless summoning
56297,Infernal Plunge,Innistrad,infernal plunge
52206,Snapcaster Mage,Innistrad,snapcaster mage
48152,"Sun Quan, Lord of Wu",From the Vault: Legends,sun quan lord of wu
47677,Adaptive Automaton,Magic 2012 (M12),adaptive automaton
47708,Birds of Paradise,Magic 2012 (M12),birds of paradise
47710,Autumn's Veil,Magic 2012 (M12),autumns veil
47637,Buried Ruin,Magic 2012 (M12),buried ruin
47669,Grand Abolisher,Magic 2012 (M12),grand abolisher
47259,Llanowar Elves,Magic 2012 (M12),llanowar elves
47629,Phantasmal Image,Magic 2012 (M12),phantasmal image
47694,Ponder,Magic 2012 (M12),ponder
47362,Brainstorm,Commander,brainstorm
47507,Buried Alive,Commander,buried alive
47274,Chaos Warp,Commander,chaos warp
46946,Command Tower,Commander,command tower
47489,Eternal Witness,Commander,eternal witness
47456,Fellwar Stone,Commander,fellwar stone
47522,Flusterstorm,Commander,flusterstorm
47325,Path to Exile,Commander,path to exile
46942,Sol Ring,Commander,sol ring
46952,Stranglehold,Commander,stranglehold
47518,Windfall,Commander,windfall
39509,Dismember,New Phyrexia,dismember
39521,Gitaxian Probe,New Phyrexia,gitaxian probe
39528,Gut Shot,New Phyrexia,gut shot
39544,Mindcrank,New Phyrexia,mindcrank
39543,Mental Misstep,New Phyrexia,mental misstep
39454,Phyrexian Metamorph,New Phyrexia,phyrexian metamorph
39555,Noxious Revival,New Phyrexia,noxious revival
39423,Praetor's Grasp,New Phyrexia,praetors grasp
39452,Surgical Extraction,New Phyrexia,surgical extraction
39593,Torpor Orb,New Phyrexia,torpor orb
46826,Knight of the Reliquary,Duel Decks: Knights vs. Dragons,knight of the reliquary
46871,Seething Song,Duel Decks: Knights vs. Dragons,seething song
39058,Consecrated Sphinx,Mirrodin Besieged,consecrated sphinx
39050,Green Sun's Zenith,Mirrodin Besieged,green suns zenith
39069,Phyrexian Revoker,Mirrodin Besieged,phyrexian revoker
39139,Signal Pest,Mirrodin Besieged,signal pest
38663,Barbarian Ring,Premium Deck Series: Fire and Lightning,barbarian ring
38681,Lightning Bolt,Premium Deck Series: Fire and Lightning,lightning bolt
36340,Galvanic Blast,Scars of Mirrodin,galvanic blast
36237,Memnite,Scars of Mirrodin,memnite
36238,Mox Opal,Scars of Mirrodin,mox opal
36409,Necrotic Ooze,Scars of Mirrodin,necrotic ooze
36957,Mishra's Factory,Duel Decks: Elspeth vs. Tezzeret,mishras factory
36970,Seat of the Synod,Duel Decks: Elspeth vs. Tezzeret,seat of the synod
36979,Swords to Plowshares,Duel Decks: Elspeth vs. Tezzeret,swords to plowshares
36756,Aether Vial,From the Vault: Relics,aether vial
36767,Sol Ring,From the Vault: Relics,sol ring
36765,Mox Diamond,From the Vault: Relics,mox diamond
35632,Autumn's Veil,Magic 2011 (M11),autumns veil
35432,Birds of Paradise,Magic 2011 (M11),birds of paradise
35567,Leyline of the Void,Magic 2011 (M11),leyline of the void
35436,Llanowar Elves,Magic 2011 (M11),llanowar elves
35427,Lightning Bolt,Magic 2011 (M11),lightning bolt
35625,Ornithopter,Magic 2011 (M11),ornithopter
35529,Preordain,Magic 2011 (M11),preordain
35651,Pyretic Ritual,Magic 2011 (M11),pyretic ritual
35573,Serra Ascendant,Magic 2011 (M11),serra ascendant
35659,Silence,Magic 2011 (M11),silence
35627,Voltaic Key,Magic 2011 (M11),voltaic key
37202,Path to Exile,Archenemy,path to exile
37211,Reanimate,Archenemy,reanimate
37221,Seething Song,Archenemy,seething song
37247,Thran Dynamo,Archenemy,thran dynamo
37261,Wall of Roots,Archenemy,wall of roots
34727,"Linvala, Keeper of Silence",Rise of the Eldrazi,linvala keeper of silence
34785,Training Grounds,Rise of the Eldrazi,training grounds
36853,Dark Ritual,Duel Decks: Phyrexia vs. the Coalition,dark ritual
36848,Carrion Feeder,Duel Decks: Phyrexia vs. the Coalition,carrion feeder
36911,Voltaic Key,Duel Decks: Phyrexia vs. the Coalition,voltaic key
34328,Amulet of Vigor,Worldwake,amulet of vigor
34359,Dispel,Worldwake,dispel
34405,Nature's Claim,Worldwake,natures claim
34423,Ricochet Trap,Worldwake,ricochet trap
37691,Snuff Out,Duel Decks: Garruk vs. Liliana,snuff out
33252,Arid Mesa,Zendikar,arid mesa
33265,Bloodchief Ascension,Zendikar,bloodchief ascension
33294,Expedition Map,Zendikar,expedition map
33356,Lotus Cobra,Zendikar,lotus cobra
33369,Mindbreak Trap,Zendikar,mindbreak trap
33372,Misty Rainforest,Zendikar,misty rainforest
33365,Marsh Flats,Zendikar,marsh flats
33417,Scalding Tarn,Zendikar,scalding tarn
33470,Verdant Catacombs,Zendikar,verdant catacombs
37325,Beseech the Queen,Planechase,beseech the queen
37351,Dark Ritual,Planechase,dark ritual
37375,Great Furnace,Planechase,great furnace
37430,Seat of the Synod,Planechase,seat of the synod
32777,Gifts Ungiven,From the Vault: Exiled,gifts ungiven
32781,Mystical Tutor,From the Vault: Exiled,mystical tutor
32782,Necropotence,From the Vault: Exiled,necropotence
32783,Sensei's Divining Top,From the Vault: Exiled,senseis divining top
32780,Lotus Petal,From the Vault: Exiled,lotus petal
32788,Trinisphere,From the Vault: Exiled,trinisphere
32786,Strip Mine,From the Vault: Exiled,strip mine
38347,Birds of Paradise,Buy-A-Box Promos,birds of paradise
190724,Flusterstorm,Buy-A-Box Promos,flusterstorm
91627,Goblin Rabblemaster,Buy-A-Box Promos,goblin rabblemaster
151713,Growing Rites of Itlimoc,Buy-A-Box Promos,growing rites of itlimoc
57662,Gravecrawler,Buy-A-Box Promos,gravecrawler
228311,Mana Confluence,Buy-A-Box Promos,mana confluence
242407,Sanctum Prelate,Buy-A-Box Promos,sanctum prelate
39441,Surgical Extraction,Buy-A-Box Promos,surgical extraction
594545,Sol Ring,Buy-A-Box Promos,sol ring
32555,Birds of Paradise,Magic 2010 (M10),birds of paradise
32656,Lightning Bolt,Magic 2010 (M10),lightning bolt
32660,Llanowar Elves,Magic 2010 (M10),llanowar elves
32686,Ornithopter,Magic 2010 (M10),ornithopter
32692,Pithing Needle,Magic 2010 (M10),pithing needle
32697,Ponder,Magic 2010 (M10),ponder
32725,Silence,Magic 2010 (M10),silence
32748,Twincast,Magic 2010 (M10),twincast
31822,Time Sieve,Alara Reborn,time sieve
31836,Wargate,Alara Reborn,wargate
36805,Dark Ritual,Duel Decks: Divine vs. Demonic,dark ritual
36807,Demonic Tutor,Duel Decks: Divine vs. Demonic,demonic tutor
36835,Soot Imp,Duel Decks: Divine vs. Demonic,soot imp
28531,Exotic Orchard,Conflux,exotic orchard
28556,Kederekt Parasite,Conflux,kederekt parasite
28557,Knight of the Reliquary,Conflux,knight of the reliquary
28585,Path to Exile,Conflux,path to exile
28579,Noble Hierarch,Conflux,noble hierarch
36998,Daze,Duel Decks: Jace vs. Chandra,daze
37015,Gush,Duel Decks: Jace vs. Chandra,gush
37026,Mind Stone,Duel Decks: Jace vs. Chandra,mind stone
27601,Ad Nauseam,Shards of Alara,ad nauseam
27666,Ethersworn Canonist,Shards of Alara,ethersworn canonist
27069,Banishing Knack,Eventide,banishing knack
27075,Bloom Tender,Eventide,bloom tender
27177,Patrol Signaler,Eventide,patrol signaler
27205,Soot Imp,Eventide,soot imp
18572,Beseech the Queen,Shadowmoor,beseech the queen
18607,Devoted Druid,Shadowmoor,devoted druid
18700,Manamorphose,Shadowmoor,manamorphose
17997,Idyllic Tutor,Morningtide,idyllic tutor
18012,Maralen of the Mornsong,Morningtide,maralen of the mornsong
18020,Mothdust Changeling,Morningtide,mothdust changeling
18023,Mutavault,Morningtide,mutavault
18055,Scapeshift,Morningtide,scapeshift
37734,Llanowar Elves,Duel Decks: Elves vs. Goblins,llanowar elves
15602,Ponder,Lorwyn,ponder
15638,Springleaf Drum,Lorwyn,springleaf drum
15657,Thousand-Year Elixir,Lorwyn,thousandyear elixir
15050,Battlefield Forge,10th Edition,battlefield forge
15055,Birds of Paradise,10th Edition,birds of paradise
15071,Chromatic Star,10th Edition,chromatic star
15193,Llanowar Elves,10th Edition,llanowar elves
15195,Llanowar Wastes,10th Edition,llanowar wastes
15218,Mind Stone,10th Edition,mind stone
15237,Ornithopter,10th Edition,ornithopter
15250,Pithing Needle,10th Edition,pithing needle
15285,Root Maze,10th Edition,root maze
15298,Sculpting Steel,10th Edition,sculpting steel
15310,Shivan Reef,10th Edition,shivan reef
15345,Sulfurous Springs,10th Edition,sulfurous springs
15353,Sylvan Scrying,10th Edition,sylvan scrying
15378,Underground River,10th Edition,underground river
15375,Twincast,10th Edition,twincast
15402,Yavimaya Coast,10th Edition,yavimaya coast
14850,Aven Mindcensor,Future Sight,aven mindcensor
14877,Dryad Arbor,Future Sight,dryad arbor
14886,Fleshwrither,Future Sight,fleshwrither
14935,Magus of the Moon,Future Sight,magus of the moon
14942,Molten Disaster,Future Sight,molten disaster
14954,Pact of Negation,Future Sight,pact of negation
14985,Slaughter Pact,Future Sight,slaughter pact
15001,Summoner's Pact,Future Sight,summoners pact
14741,Imp's Mischief,Planar Chaos,imps mischief
14809,Simian Spirit Guide,Planar Chaos,simian spirit guide
14830,"Urborg, Tomb of Yawgmoth",Planar Chaos,urborg tomb of yawgmoth
14157,Angel's Grace,Time Spiral,angels grace
14183,Chromatic Star,Time Spiral,chromatic star
14244,Gemstone Caverns,Time Spiral,gemstone caverns
14250,Grapeshot,Time Spiral,grapeshot
14311,Ophidian Eye,Time Spiral,ophidian eye
14362,Snapback,Time Spiral,snapback
14382,Sudden Shock,Time Spiral,sudden shock
14406,Trickbind,Time Spiral,trickbind
14418,Vesuva,Time Spiral,vesuva
14598,Gemstone Mine,Timeshifted,gemstone mine
14669,Wall of Roots,Timeshifted,wall of roots
14017,Commandeer,Coldsnap,commandeer
14019,Counterbalance,Coldsnap,counterbalance
14082,Mishra's Bauble,Coldsnap,mishras bauble
14103,Rite of Flame,Coldsnap,rite of flame
14114,Snow-Covered Forest,Coldsnap,snowcovered forest
14115,Snow-Covered Island,Coldsnap,snowcovered island
14118,Snow-Covered Swamp,Coldsnap,snowcovered swamp
14116,Snow-Covered Mountain,Coldsnap,snowcovered mountain
82377,Brainstorm,Coldsnap Theme Deck Reprints,brainstorm
82392,Dark Ritual,Coldsnap Theme Deck Reprints,dark ritual
82375,Swords to Plowshares,Coldsnap Theme Deck Reprints,swords to plowshares
82408,Tinder Wall,Coldsnap Theme Deck Reprints,tinder wall
13831,Blood Crypt,Dissension,blood crypt
13836,Breeding Pool,Dissension,breeding pool
13867,Ghost Quarter,Dissension,ghost quarter
13875,Hallowed Fountain,Dissension,hallowed fountain
13871,Grand Arbiter Augustin IV,Dissension,grand arbiter augustin iv
13699,Godless Shrine,Guildpact,godless shrine
13726,Leyline of the Void,Guildpact,leyline of the void
13787,Steam Vents,Guildpact,steam vents
13807,Wild Cantor,Guildpact,wild cantor
13194,Auratouched Mage,Ravnica: City of Guilds,auratouched mage
13200,Birds of Paradise,Ravnica: City of Guilds,birds of paradise
13215,Breath of Fury,Ravnica: City of Guilds,breath of fury
13224,Chord of Calling,Ravnica: City of Guilds,chord of calling
13241,Copy Enchantment,Ravnica: City of Guilds,copy enchantment
13253,Dimir House Guard,Ravnica: City of Guilds,dimir house guard
13265,Drift of Phantasms,Ravnica: City of Guilds,drift of phantasms
13259,Dizzy Spell,Ravnica: City of Guilds,dizzy spell
13270,Elves of Deep Shadow,Ravnica: City of Guilds,elves of deep shadow
13359,Muddle the Mixture,Ravnica: City of Guilds,muddle the mixture
13369,Overgrown Tomb,Ravnica: City of Guilds,overgrown tomb
13397,Sacred Foundry,Ravnica: City of Guilds,sacred foundry
13417,Shred Memory,Ravnica: City of Guilds,shred memory
13444,Temple Garden,Ravnica: City of Guilds,temple garden
13475,Watery Grave,Ravnica: City of Guilds,watery grave
12579,Battlefield Forge,9th Edition,battlefield forge
12588,Blood Moon,9th Edition,blood moon
12620,Defense Grid,9th Edition,defense grid
12645,Fellwar Stone,9th Edition,fellwar stone
12720,Llanowar Elves,9th Edition,llanowar elves
12721,Llanowar Wastes,9th Edition,llanowar wastes
12756,Ornithopter,9th Edition,ornithopter
12819,Shivan Reef,9th Edition,shivan reef
12811,Seething Song,9th Edition,seething song
12839,Sulfurous Springs,9th Edition,sulfurous springs
12863,Underground River,9th Edition,underground river
12895,Yavimaya Coast,9th Edition,yavimaya coast
12498,Oboro Breezecaller,Saviors of Kamigawa,oboro breezecaller
12509,Pithing Needle,Saviors of Kamigawa,pithing needle
12554,Twincast,Saviors of Kamigawa,twincast
12249,Disrupting Shoal,Betrayers of Kamigawa,disrupting shoal
12311,Mistblade Shinobi,Betrayers of Kamigawa,mistblade shinobi
12356,Skullsnatcher,Betrayers of Kamigawa,skullsnatcher
12376,Throat Slitter,Betrayers of Kamigawa,throat slitter
11953,"Boseiju, Who Shelters All",Champions of Kamigawa,boseiju who shelters all
11981,Dosan the Falling Leaf,Champions of Kamigawa,dosan the falling leaf
11976,Desperate Ritual,Champions of Kamigawa,desperate ritual
11994,Forbidden Orchard,Champions of Kamigawa,forbidden orchard
12001,Gifts Ungiven,Champions of Kamigawa,gifts ungiven
12093,"Minamo, School at Water's Edge",Champions of Kamigawa,minamo school at waters edge
12165,"Shinka, the Bloodsoaked Keep",Champions of Kamigawa,shinka the bloodsoaked keep
12160,Sensei's Divining Top,Champions of Kamigawa,senseis divining top
11783,Battered Golem,Fifth Dawn,battered golem
11787,Clock of Omens,Fifth Dawn,clock of omens
11774,Eternal Witness,Fifth Dawn,eternal witness
11802,Grinding Station,Fifth Dawn,grinding station
11816,Paradise Mantle,Fifth Dawn,paradise mantle
11608,Aether Vial,Darksteel,aether vial
11701,Blinkmoth Nexus,Darksteel,blinkmoth nexus
11691,Reap and Sow,Darksteel,reap and sow
11660,Trinisphere,Darksteel,trinisphere
11465,Chalice of the Void,Mirrodin,chalice of the void
11467,Chrome Mox,Mirrodin,chrome mox
11312,Great Furnace,Mirrodin,great furnace
11535,Ornithopter,Mirrodin,ornithopter
11548,Sculpting Steel,Mirrodin,sculpting steel
11310,Seat of the Synod,Mirrodin,seat of the synod
11423,Seething Song,Mirrodin,seething song
11447,Sylvan Scrying,Mirrodin,sylvan scrying
11563,Talisman of Indulgence,Mirrodin,talisman of indulgence
11564,Talisman of Progress,Mirrodin,talisman of progress
11561,Talisman of Dominance,Mirrodin,talisman of dominance
10856,Brain Freeze,Scourge,brain freeze
10885,Carrion Feeder,Scourge,carrion feeder
11193,Birds of Paradise,8th Edition,birds of paradise
11138,Blood Moon,8th Edition,blood moon
11282,City of Brass,8th Edition,city of brass
11032,Curiosity,8th Edition,curiosity
11256,Defense Grid,8th Edition,defense grid
11164,Obliterate,8th Edition,obliterate
10746,Blood Celebrant,Legions,blood celebrant
10500,Bloodstained Mire,Onslaught,bloodstained mire
10340,Chain of Smog,Onslaught,chain of smog
10327,Chain of Vapor,Onslaught,chain of vapor
10493,Flooded Strand,Onslaught,flooded strand
10484,Polluted Delta,Onslaught,polluted delta
10326,Trickery Charm,Onslaught,trickery charm
10475,Windswept Heath,Onslaught,windswept heath
10473,Wooded Foothills,Onslaught,wooded foothills
10221,Balthor the Defiled,Judgment,balthor the defiled
10244,Dwarven Bloodboiler,Judgment,dwarven bloodboiler
10246,Dwarven Scorcher,Judgment,dwarven scorcher
10255,Liberated Dwarf,Judgment,liberated dwarf
10293,Sylvan Safekeeper,Judgment,sylvan safekeeper
9616,Cabal Ritual,Torment,cabal ritual
9626,"Chainer, Dementia Master",Torment,chainer dementia master
9694,Enslaved Dwarf,Torment,enslaved dwarf
9748,Insidious Dreams,Torment,insidious dreams
79617,Dark Ritual,Deckmasters Garfield vs Finkel,dark ritual
79639,Fyndhorn Elves,Deckmasters Garfield vs Finkel,fyndhorn elves
79620,Necropotence,Deckmasters Garfield vs Finkel,necropotence
79654,Underground River,Deckmasters Garfield vs Finkel,underground river
79653,Sulfurous Springs,Deckmasters Garfield vs Finkel,sulfurous springs
9588,Barbarian Ring,Odyssey,barbarian ring
9393,Buried Alive,Odyssey,buried alive
9591,Centaur Garden,Odyssey,centaur garden
9595,Deserted Temple,Odyssey,deserted temple
9460,Dwarven Grunt,Odyssey,dwarven grunt
9407,Entomb,Odyssey,entomb
9497,Spark Mage,Odyssey,spark mage
9439,Tainted Pact,Odyssey,tainted pact
9604,Tarnished Citadel,Odyssey,tarnished citadel
7912,Battlefield Forge,Apocalypse,battlefield forge
7914,Bloodfire Dwarf,Apocalypse,bloodfire dwarf
7988,Llanowar Wastes,Apocalypse,llanowar wastes
8025,Shivan Reef,Apocalypse,shivan reef
8052,Yavimaya Coast,Apocalypse,yavimaya coast
2831,Birds of Paradise,7th Edition,birds of paradise
2835,Blood Pet,7th Edition,blood pet
2853,City of Brass,7th Edition,city of brass
2900,Final Fortune,7th Edition,final fortune
2975,Llanowar Elves,7th Edition,llanowar elves
3105,Sulfurous Springs,7th Edition,sulfurous springs
3130,Underground River,7th Edition,underground river
7783,Diabolic Intent,Planeshift,diabolic intent
7792,Eladamri's Call,Planeshift,eladamris call
7842,Orim's Chant,Planeshift,orims chant
7570,Obliterate,Invasion,obliterate
37465,Brainstorm,Beatdown Box Set,brainstorm
37474,Dark Ritual,Beatdown Box Set,dark ritual
37494,Havenwood Battleground,Beatdown Box Set,havenwood battleground
37503,Lightning Bolt,Beatdown Box Set,lightning bolt
37504,Llanowar Elves,Beatdown Box Set,llanowar elves
7357,Rhystic Study,Prophecy,rhystic study
7142,Daze,Nemesis,daze
7183,Mogg Salvage,Nemesis,mogg salvage
7251,Tangle Wire,Nemesis,tangle wire
7250,Submerge,Nemesis,submerge
37558,Dark Ritual,Battle Royale Box Set,dark ritual
37581,Llanowar Elves,Battle Royale Box Set,llanowar elves
37601,Reanimate,Battle Royale Box Set,reanimate
37629,Swords to Plowshares,Battle Royale Box Set,swords to plowshares
37644,Windfall,Battle Royale Box Set,windfall
6445,Brainstorm,Mercadian Masques,brainstorm
6461,Cave-In,Mercadian Masques,cavein
6495,Dark Ritual,Mercadian Masques,dark ritual
6529,Food Chain,Mercadian Masques,food chain
6547,Gush,Mercadian Masques,gush
6553,Hickory Woodlot,Mercadian Masques,hickory woodlot
6609,Misdirection,Mercadian Masques,misdirection
6703,Snuff Out,Mercadian Masques,snuff out
6260,Thran Dynamo,Urza's Destiny,thran dynamo
476,Imperial Recruiter,Portal Three Kingdoms,imperial recruiter
477,Imperial Seal,Portal Three Kingdoms,imperial seal
544,"Sun Quan, Lord of Wu",Portal Three Kingdoms,sun quan lord of wu
558,Warrior's Oath,Portal Three Kingdoms,warriors oath
2481,Birds of Paradise,Classic Sixth Edition,birds of paradise
2478,Ashnod's Altar,Classic Sixth Edition,ashnods altar
2485,Blood Pet,Classic Sixth Edition,blood pet
2506,City of Brass,Classic Sixth Edition,city of brass
2514,Crystal Vein,Classic Sixth Edition,crystal vein
2515,Cursed Totem,Classic Sixth Edition,cursed totem
2528,Doomsday,Classic Sixth Edition,doomsday
2546,Enlightened Tutor,Classic Sixth Edition,enlightened tutor
2559,Final Fortune,Classic Sixth Edition,final fortune
2600,Havenwood Battleground,Classic Sixth Edition,havenwood battleground
2639,Llanowar Elves,Classic Sixth Edition,llanowar elves
2663,Mystical Tutor,Classic Sixth Edition,mystical tutor
2671,Ornithopter,Classic Sixth Edition,ornithopter
2754,Sulfurous Springs,Classic Sixth Edition,sulfurous springs
2778,Underground River,Classic Sixth Edition,underground river
2783,Vampiric Tutor,Classic Sixth Edition,vampiric tutor
2804,Worldly Tutor,Classic Sixth Edition,worldly tutor
316,Grim Tutor,Starter 1999,grim tutor
330,Last Chance,Starter 1999,last chance
6300,Defense Grid,Urza's Legacy,defense grid
6293,Cloud of Faeries,Urza's Legacy,cloud of faeries
6295,Crop Rotation,Urza's Legacy,crop rotation
6321,Goblin Welder,Urza's Legacy,goblin welder
6323,Grim Monolith,Urza's Legacy,grim monolith
6389,Snap,Urza's Legacy,snap
79561,Lightning Bolt,Anthologies,lightning bolt
79596,Llanowar Elves,Anthologies,llanowar elves
79544,Pyrokinesis,Anthologies,pyrokinesis
79585,Swords to Plowshares,Anthologies,swords to plowshares
79533,Strip Mine,Anthologies,strip mine
6809,Carpet of Flowers,Urza's Saga,carpet of flowers
6825,Contamination,Urza's Saga,contamination
6836,Dark Ritual,Urza's Saga,dark ritual
6865,Exploration,Urza's Saga,exploration
6883,Gaea's Cradle,Urza's Saga,gaeas cradle
6885,Gamble,Urza's Saga,gamble
6970,Peregrine Drake,Urza's Saga,peregrine drake
6976,Phyrexian Tower,Urza's Saga,phyrexian tower
6992,Rain of Filth,Urza's Saga,rain of filth
7040,Skirge Familiar,Urza's Saga,skirge familiar
7100,Voltaic Key,Urza's Saga,voltaic key
7110,Windfall,Urza's Saga,windfall
7118,Yawgmoth's Will,Urza's Saga,yawgmoths will
4303,City of Traitors,Exodus,city of traitors
4309,Curiosity,Exodus,curiosity
4307,Culling the Weak,Exodus,culling the weak
4410,Sphere of Resistance,Exodus,sphere of resistance
4416,Survival of the Fittest,Exodus,survival of the fittest
5382,Mox Diamond,Stronghold,mox diamond
5457,Ancient Tomb,Tempest,ancient tomb
5454,Altar of Dementia,Tempest,altar of dementia
5471,Blood Pet,Tempest,blood pet
5508,Dark Ritual,Tempest,dark ritual
5529,Earthcraft,Tempest,earthcraft
5574,Goblin Bombardment,Tempest,goblin bombardment
5593,Intuition,Tempest,intuition
5600,Jet Medallion,Tempest,jet medallion
5615,Lotus Petal,Tempest,lotus petal
5684,Reanimate,Tempest,reanimate
5693,Root Maze,Tempest,root maze
5714,Scroll Rack,Tempest,scroll rack
5753,Steal Enchantment,Tempest,steal enchantment
5789,Wasteland,Tempest,wasteland
5998,Buried Alive,Weatherlight,buried alive
6014,Doomsday,Weatherlight,doomsday
6027,Firestorm,Weatherlight,firestorm
6036,Gemstone Mine,Weatherlight,gemstone mine
6067,Mind Stone,Weatherlight,mind stone
6076,Null Rod,Weatherlight,null rod
709,Last Chance,Portal,last chance
730,Natural Order,Portal,natural order
2022,Animate Dead,Fifth Edition,animate dead
2030,Ashnod's Altar,Fifth Edition,ashnods altar
2045,Birds of Paradise,Fifth Edition,birds of paradise
2057,Brainstorm,Fifth Edition,brainstorm
2077,City of Brass,Fifth Edition,city of brass
2099,Dark Ritual,Fifth Edition,dark ritual
2144,Fellwar Stone,Fifth Edition,fellwar stone
2188,Havenwood Battleground,Fifth Edition,havenwood battleground
2204,Hydroblast,Fifth Edition,hydroblast
2258,Llanowar Elves,Fifth Edition,llanowar elves
2267,Mana Vault,Fifth Edition,mana vault
2290,Necropotence,Fifth Edition,necropotence
2304,Ornithopter,Fifth Edition,ornithopter
2332,Pyroblast,Fifth Edition,pyroblast
2391,Sulfurous Springs,Fifth Edition,sulfurous springs
2397,Sylvan Library,Fifth Edition,sylvan library
2417,Underground River,Fifth Edition,underground river
2424,Urza's Bauble,Fifth Edition,urzas bauble
5814,City of Solitude,Visions,city of solitude
5834,Emerald Charm,Visions,emerald charm
5889,Natural Order,Visions,natural order
5890,Necromancy,Visions,necromancy
5899,Phyrexian Walker,Visions,phyrexian walker
5954,Vampiric Tutor,Visions,vampiric tutor
282281,Dark Ritual,Introductory Two-Player Set,dark ritual
5020,Cursed Totem,Mirage,cursed totem
5019,Crystal Vein,Mirage,crystal vein
5024,Dark Ritual,Mirage,dark ritual
5051,Enlightened Tutor,Mirage,enlightened tutor
5063,Final Fortune,Mirage,final fortune
5129,Lion's Eye Diamond,Mirage,lions eye diamond
5159,Mystical Tutor,Mirage,mystical tutor
5226,Shallow Grave,Mirage,shallow grave
5291,Wall of Roots,Mirage,wall of roots
5300,Worldly Tutor,Mirage,worldly tutor
4131,Elvish Spirit Guide,Alliances,elvish spirit guide
4146,Force of Will,Alliances,force of will
4217,Pyrokinesis,Alliances,pyrokinesis
4486,Dwarven Trader,Homelands,dwarven trader
4617,Burnt Offering,Ice Age,burnt offering
4611,Brainstorm,Ice Age,brainstorm
4639,Dance of the Dead,Ice Age,dance of the dead
4641,Dark Ritual,Ice Age,dark ritual
4644,Demonic Consultation,Ice Age,demonic consultation
4694,Fyndhorn Elves,Ice Age,fyndhorn elves
4727,Hydroblast,Ice Age,hydroblast
4751,Jeweled Amulet,Ice Age,jeweled amulet
4819,Necropotence,Ice Age,necropotence
4815,Mystic Remora,Ice Age,mystic remora
4848,Pyroblast,Ice Age,pyroblast
4881,Snow-Covered Island,Ice Age,snowcovered island
4880,Snow-Covered Forest,Ice Age,snowcovered forest
4882,Snow-Covered Mountain,Ice Age,snowcovered mountain
4884,Snow-Covered Swamp,Ice Age,snowcovered swamp
4907,Sulfurous Springs,Ice Age,sulfurous springs
4912,Swords to Plowshares,Ice Age,swords to plowshares
4925,Underground River,Ice Age,underground river
4927,Urza's Bauble,Ice Age,urzas bauble
4919,Tinder Wall,Ice Age,tinder wall
3368,Blood Moon,Chronicles,blood moon
3360,Ashnod's Altar,Chronicles,ashnods altar
3376,City of Brass,Chronicles,city of brass
1643,Animate Dead,Fourth Edition,animate dead
1659,Birds of Paradise,Fourth Edition,birds of paradise
1667,Blue Elemental Blast,Fourth Edition,blue elemental blast
1712,Dark Ritual,Fourth Edition,dark ritual
1747,Fellwar Stone,Fourth Edition,fellwar stone
1828,Llanowar Elves,Fourth Edition,llanowar elves
1825,Lightning Bolt,Fourth Edition,lightning bolt
1839,Mana Vault,Fourth Edition,mana vault
1849,Mishra's Factory,Fourth Edition,mishras factory
1867,Ornithopter,Fourth Edition,ornithopter
1898,Red Elemental Blast,Fourth Edition,red elemental blast
1944,Swords to Plowshares,Fourth Edition,swords to plowshares
1938,Strip Mine,Fourth Edition,strip mine
1945,Sylvan Library,Fourth Edition,sylvan library
109485,Animate Dead,Fourth Edition (Foreign Black Border),animate dead
109369,Birds of Paradise,Fourth Edition (Foreign Black Border),birds of paradise
109231,Blue Elemental Blast,Fourth Edition (Foreign Black Border),blue elemental blast
109245,Dark Ritual,Fourth Edition (Foreign Black Border),dark ritual
109522,Fellwar Stone,Fourth Edition (Foreign Black Border),fellwar stone
109287,Llanowar Elves,Fourth Edition (Foreign Black Border),llanowar elves
109286,Lightning Bolt,Fourth Edition (Foreign Black Border),lightning bolt
109428,Mana Vault,Fourth Edition (Foreign Black Border),mana vault
109546,Mishra's Factory,Fourth Edition (Foreign Black Border),mishras factory
109551,Ornithopter,Fourth Edition (Foreign Black Border),ornithopter
109311,Red Elemental Blast,Fourth Edition (Foreign Black Border),red elemental blast
109572,Strip Mine,Fourth Edition (Foreign Black Border),strip mine
109459,Sylvan Library,Fourth Edition (Foreign Black Border),sylvan library
109573,Swords to Plowshares,Fourth Edition (Foreign Black Border),swords to plowshares
109107,Animate Dead,Fourth Edition (Foreign White Border),animate dead
108991,Birds of Paradise,Fourth Edition (Foreign White Border),birds of paradise
108853,Blue Elemental Blast,Fourth Edition (Foreign White Border),blue elemental blast
108867,Dark Ritual,Fourth Edition (Foreign White Border),dark ritual
109144,Fellwar Stone,Fourth Edition (Foreign White Border),fellwar stone
108908,Lightning Bolt,Fourth Edition (Foreign White Border),lightning bolt
108909,Llanowar Elves,Fourth Edition (Foreign White Border),llanowar elves
109050,Mana Vault,Fourth Edition (Foreign White Border),mana vault
109168,Mishra's Factory,Fourth Edition (Foreign White Border),mishras factory
109173,Ornithopter,Fourth Edition (Foreign White Border),ornithopter
108933,Red Elemental Blast,Fourth Edition (Foreign White Border),red elemental blast
109194,Strip Mine,Fourth Edition (Foreign White Border),strip mine
109195,Swords to Plowshares,Fourth Edition (Foreign White Border),swords to plowshares
109081,Sylvan Library,Fourth Edition (Foreign White Border),sylvan library
3622,Dwarven Armorer,Fallen Empires,dwarven armorer
3665,Havenwood Battleground,Fallen Empires,havenwood battleground
3484,Blood Moon,The Dark,blood moon
3507,Elves of Deep Shadow,The Dark,elves of deep shadow
3512,Fellwar Stone,The Dark,fellwar stone
3825,Chains of Mephistopheles,Legends,chains of mephistopheles
3896,Hammerheim,Legends,hammerheim
3951,Mana Drain,Legends,mana drain
3963,Nether Void,Legends,nether void
4035,Sylvan Library,Legends,sylvan library
4046,The Tabernacle at Pendrell Vale,Legends,the tabernacle at pendrell vale
211780,Animate Dead,Summer Magic,animate dead
211746,Badlands,Summer Magic,badlands
211671,Basalt Monolith,Summer Magic,basalt monolith
211903,Birds of Paradise,Summer Magic,birds of paradise
211748,Bayou,Summer Magic,bayou
211838,Blue Elemental Blast,Summer Magic,blue elemental blast
211842,Copy Artifact,Summer Magic,copy artifact
211791,Dark Ritual,Summer Magic,dark ritual
211801,Demonic Tutor,Summer Magic,demonic tutor
211911,Lightning Bolt,Summer Magic,lightning bolt
211954,Llanowar Elves,Summer Magic,llanowar elves
211713,Mana Vault,Summer Magic,mana vault
211724,Ornithopter,Summer Magic,ornithopter
211749,Plateau,Summer Magic,plateau
211925,Red Elemental Blast,Summer Magic,red elemental blast
211830,Sacrifice,Summer Magic,sacrifice
211752,Savannah,Summer Magic,savannah
211753,Scrubland,Summer Magic,scrubland
211733,Sol Ring,Summer Magic,sol ring
211757,Taiga,Summer Magic,taiga
211769,Swords to Plowshares,Summer Magic,swords to plowshares
211758,Tropical Island,Summer Magic,tropical island
211763,Tundra,Summer Magic,tundra
211765,Underground Sea,Summer Magic,underground sea
211766,Volcanic Island,Summer Magic,volcanic island
211957,Wheel of Fortune,Summer Magic,wheel of fortune
110120,Animate Dead,Revised Edition (Foreign White Border),animate dead
110005,Badlands,Revised Edition (Foreign White Border),badlands
110121,Basalt Monolith,Revised Edition (Foreign White Border),basalt monolith
110007,Bayou,Revised Edition (Foreign White Border),bayou
110008,Birds of Paradise,Revised Edition (Foreign White Border),birds of paradise
109909,Blue Elemental Blast,Revised Edition (Foreign White Border),blue elemental blast
110016,Copy Artifact,Revised Edition (Foreign White Border),copy artifact
109917,Dark Ritual,Revised Edition (Foreign White Border),dark ritual
110141,Demonic Tutor,Revised Edition (Foreign White Border),demonic tutor
109947,Llanowar Elves,Revised Edition (Foreign White Border),llanowar elves
109946,Lightning Bolt,Revised Edition (Foreign White Border),lightning bolt
110063,Mana Vault,Revised Edition (Foreign White Border),mana vault
110174,Ornithopter,Revised Edition (Foreign White Border),ornithopter
110077,Plateau,Revised Edition (Foreign White Border),plateau
109962,Red Elemental Blast,Revised Edition (Foreign White Border),red elemental blast
110182,Sacrifice,Revised Edition (Foreign White Border),sacrifice
110089,Scrubland,Revised Edition (Foreign White Border),scrubland
110087,Savannah,Revised Edition (Foreign White Border),savannah
110189,Sol Ring,Revised Edition (Foreign White Border),sol ring
110193,Swords to Plowshares,Revised Edition (Foreign White Border),swords to plowshares
110098,Taiga,Revised Edition (Foreign White Border),taiga
110103,Tropical Island,Revised Edition (Foreign White Border),tropical island
110105,Underground Sea,Revised Edition (Foreign White Border),underground sea
110104,Tundra,Revised Edition (Foreign White Border),tundra
110110,Volcanic Island,Revised Edition (Foreign White Border),volcanic island
110113,Wheel of Fortune,Revised Edition (Foreign White Border),wheel of fortune
109814,Animate Dead,Revised Edition (Foreign Black Border),animate dead
109699,Badlands,Revised Edition (Foreign Black Border),badlands
109701,Bayou,Revised Edition (Foreign Black Border),bayou
109702,Birds of Paradise,Revised Edition (Foreign Black Border),birds of paradise
109815,Basalt Monolith,Revised Edition (Foreign Black Border),basalt monolith
109603,Blue Elemental Blast,Revised Edition (Foreign Black Border),blue elemental blast
109710,Copy Artifact,Revised Edition (Foreign Black Border),copy artifact
109611,Dark Ritual,Revised Edition (Foreign Black Border),dark ritual
109835,Demonic Tutor,Revised Edition (Foreign Black Border),demonic tutor
109640,Lightning Bolt,Revised Edition (Foreign Black Border),lightning bolt
109641,Llanowar Elves,Revised Edition (Foreign Black Border),llanowar elves
109757,Mana Vault,Revised Edition (Foreign Black Border),mana vault
109868,Ornithopter,Revised Edition (Foreign Black Border),ornithopter
109771,Plateau,Revised Edition (Foreign Black Border),plateau
109656,Red Elemental Blast,Revised Edition (Foreign Black Border),red elemental blast
109876,Sacrifice,Revised Edition (Foreign Black Border),sacrifice
109781,Savannah,Revised Edition (Foreign Black Border),savannah
109783,Scrubland,Revised Edition (Foreign Black Border),scrubland
109883,Sol Ring,Revised Edition (Foreign Black Border),sol ring
109792,Taiga,Revised Edition (Foreign Black Border),taiga
109887,Swords to Plowshares,Revised Edition (Foreign Black Border),swords to plowshares
109797,Tropical Island,Revised Edition (Foreign Black Border),tropical island
109798,Tundra,Revised Edition (Foreign Black Border),tundra
109799,Underground Sea,Revised Edition (Foreign Black Border),underground sea
109804,Volcanic Island,Revised Edition (Foreign Black Border),volcanic island
109807,Wheel of Fortune,Revised Edition (Foreign Black Border),wheel of fortune
1331,Animate Dead,Revised Edition,animate dead
1342,Bayou,Revised Edition,bayou
1339,Badlands,Revised Edition,badlands
1344,Birds of Paradise,Revised Edition,birds of paradise
1341,Basalt Monolith,Revised Edition,basalt monolith
1349,Blue Elemental Blast,Revised Edition,blue elemental blast
1372,Copy Artifact,Revised Edition,copy artifact
1381,Dark Ritual,Revised Edition,dark ritual
1388,Demonic Tutor,Revised Edition,demonic tutor
1483,Llanowar Elves,Revised Edition,llanowar elves
1479,Lightning Bolt,Revised Edition,lightning bolt
1492,Mana Vault,Revised Edition,mana vault
1514,Ornithopter,Revised Edition,ornithopter
1527,Plateau,Revised Edition,plateau
1537,Red Elemental Blast,Revised Edition,red elemental blast
1550,Sacrifice,Revised Edition,sacrifice
1552,Savannah,Revised Edition,savannah
1556,Scrubland,Revised Edition,scrubland
1584,Swords to Plowshares,Revised Edition,swords to plowshares
1571,Sol Ring,Revised Edition,sol ring
1595,Tropical Island,Revised Edition,tropical island
1597,Tundra,Revised Edition,tundra
1585,Taiga,Revised Edition,taiga
1599,Underground Sea,Revised Edition,underground sea
1608,Volcanic Island,Revised Edition,volcanic island
1624,Wheel of Fortune,Revised Edition,wheel of fortune
3261,Ashnod's Altar,Antiquities,ashnods altar
3304,Ornithopter,Antiquities,ornithopter
3330,Transmute Artifact,Antiquities,transmute artifact
3175,City of Brass,Arabian Nights,city of brass
8975,Animate Dead,Unlimited Edition,animate dead
8981,Badlands,Unlimited Edition,badlands
8983,Basalt Monolith,Unlimited Edition,basalt monolith
8984,Bayou,Unlimited Edition,bayou
8987,Birds of Paradise,Unlimited Edition,birds of paradise
8994,Blue Elemental Blast,Unlimited Edition,blue elemental blast
9019,Copy Artifact,Unlimited Edition,copy artifact
9027,Dark Ritual,Unlimited Edition,dark ritual
9034,Demonic Tutor,Unlimited Edition,demonic tutor
9121,Lightning Bolt,Unlimited Edition,lightning bolt
9125,Llanowar Elves,Unlimited Edition,llanowar elves
9133,Mana Vault,Unlimited Edition,mana vault
9169,Plateau,Unlimited Edition,plateau
9190,Sacrifice,Unlimited Edition,sacrifice
9179,Red Elemental Blast,Unlimited Edition,red elemental blast
9196,Scrubland,Unlimited Edition,scrubland
9192,Savannah,Unlimited Edition,savannah
9210,Sol Ring,Unlimited Edition,sol ring
9222,Swords to Plowshares,Unlimited Edition,swords to plowshares
9223,Taiga,Unlimited Edition,taiga
9232,Timetwister,Unlimited Edition,timetwister
9234,Tropical Island,Unlimited Edition,tropical island
9236,Tundra,Unlimited Edition,tundra
9240,Underground Sea,Unlimited Edition,underground sea
9248,Volcanic Island,Unlimited Edition,volcanic island
9264,Wheel of Fortune,Unlimited Edition,wheel of fortune
8673,Animate Dead,Beta Edition,animate dead
8679,Badlands,Beta Edition,badlands
8681,Basalt Monolith,Beta Edition,basalt monolith
8682,Bayou,Beta Edition,bayou
8685,Birds of Paradise,Beta Edition,birds of paradise
8692,Blue Elemental Blast,Beta Edition,blue elemental blast
8717,Copy Artifact,Beta Edition,copy artifact
8725,Dark Ritual,Beta Edition,dark ritual
8732,Demonic Tutor,Beta Edition,demonic tutor
8819,Lightning Bolt,Beta Edition,lightning bolt
8823,Llanowar Elves,Beta Edition,llanowar elves
8831,Mana Vault,Beta Edition,mana vault
8867,Plateau,Beta Edition,plateau
8877,Red Elemental Blast,Beta Edition,red elemental blast
8890,Savannah,Beta Edition,savannah
8888,Sacrifice,Beta Edition,sacrifice
8894,Scrubland,Beta Edition,scrubland
8908,Sol Ring,Beta Edition,sol ring
8920,Swords to Plowshares,Beta Edition,swords to plowshares
8921,Taiga,Beta Edition,taiga
8932,Tropical Island,Beta Edition,tropical island
8930,Timetwister,Beta Edition,timetwister
8934,Tundra,Beta Edition,tundra
8938,Underground Sea,Beta Edition,underground sea
8946,Volcanic Island,Beta Edition,volcanic island
8962,Wheel of Fortune,Beta Edition,wheel of fortune
1028,Animate Dead,Alpha Edition,animate dead
91366,Badlands,Alpha Edition,badlands
1036,Basalt Monolith,Alpha Edition,basalt monolith
1040,Birds of Paradise,Alpha Edition,birds of paradise
91367,Bayou,Alpha Edition,bayou
1047,Blue Elemental Blast,Alpha Edition,blue elemental blast
1072,Copy Artifact,Alpha Edition,copy artifact
1080,Dark Ritual,Alpha Edition,dark ritual
1087,Demonic Tutor,Alpha Edition,demonic tutor
1174,Lightning Bolt,Alpha Edition,lightning bolt
1178,Llanowar Elves,Alpha Edition,llanowar elves
1186,Mana Vault,Alpha Edition,mana vault
91372,Plateau,Alpha Edition,plateau
1232,Red Elemental Blast,Alpha Edition,red elemental blast
1243,Sacrifice,Alpha Edition,sacrifice
91375,Savannah,Alpha Edition,savannah
91376,Scrubland,Alpha Edition,scrubland
1263,Sol Ring,Alpha Edition,sol ring
91378,Taiga,Alpha Edition,taiga
1275,Swords to Plowshares,Alpha Edition,swords to plowshares
1285,Timetwister,Alpha Edition,timetwister
91380,Tundra,Alpha Edition,tundra
91377,Underground Sea,Alpha Edition,underground sea
91379,Tropical Island,Alpha Edition,tropical island
1317,Wheel of Fortune,Alpha Edition,wheel of fortune
