card,tcg,ck_price,mp_price,ck_pct,mp_pct,units,origin,ck_cal,ck_cal_pct,band,mp_market,productId
Flow State,1.81,3.49,0.62,92.81767955801104,-65.74585635359117,7962.0,live,2.9874400000000003,65.05193370165748,$1-2,1.65,688679.0
Flashback,3.84,6.49,2.56,69.01041666666667,-33.33333333333333,4968.0,live,5.55544,44.672916666666666,$2-5,,688521.0
Erode,6.42,9.49,4.64,47.81931464174456,-27.72585669781932,5161.0,live,8.12344,26.533333333333346,$5-10,5.63,688651.0
Cauldron of Essence,3.53,3.99,2.61,13.031161473087831,-26.06232294617564,4333.0,live,3.4154400000000003,-3.2453257790368144,$2-5,2.78,689056.0
The Unbeatable Squirrel Girl,4.23,4.99,3.33,17.966903073286044,-21.27659574468085,4253.0,live,4.27144,0.9796690307328532,$2-5,4.37,696312.0
Arcane Signet,0.48,0.99,0.4,106.25,-16.66666666666666,8344.0,live,0.84744,76.55,$0-1,0.47,687531.0
Stock Up,1.0,0.79,0.31,-21.0,-69.0,6551.0,live,0.6762400000000001,-32.37599999999999,$1-2,,675591.0
Sol Ring,1.59,2.79,1.4,75.47169811320754,-11.949685534591206,8498.0,live,2.38824,50.20377358490566,$1-2,1.49,687542.0
Grave Researcher,2.05,2.79,1.77,36.097560975609774,-13.658536585365846,4095.0,live,2.38824,16.49951219512197,$2-5,,686543.0
Fabled Passage,1.1,1.79,0.93,62.72727272727272,-15.454545454545457,8855.0,live,1.53224,39.29454545454545,$1-2,1.05,687665.0
Return the Favor,0.43,0.49,0.15,13.953488372093023,-65.11627906976744,4947.0,live,0.41944,-2.4558139534883754,$0-1,0.4,688928.0
Resonating Lute,1.65,1.29,0.76,-21.818181818181813,-53.93939393939393,3863.0,live,1.10424,-33.076363636363624,$1-2,1.61,688477.0
Tablet of Discovery,2.07,1.99,1.3,-3.864734299516901,-37.19806763285023,5808.0,live,1.70344,-17.708212560386464,$2-5,1.79,689495.0
Planar Engineering,1.53,0.79,0.52,-48.36601307189542,-66.01307189542483,3866.0,live,0.6762400000000001,-55.80130718954248,$1-2,1.36,688687.0
Hex Magic,1.19,2.99,0.95,151.2605042016807,-20.16806722689076,7470.0,live,2.55944,115.07899159663866,$1-2,1.38,697024.0
Captain America's Shield,1.34,2.29,0.81,70.89552238805969,-39.55223880597015,3997.0,live,1.96024,46.28656716417909,$1-2,0.99,696477.0
Sink into Stupor,5.74,9.99,5.3100000000000005,74.0418118466899,-7.4912891986062675,3599.0,live,8.55144,48.97979094076653,$5-10,,552582.0
Command Tower,0.33,0.79,0.21,139.3939393939394,-36.36363636363637,5335.0,live,0.6762400000000001,104.92121212121212,$0-1,0.24,687664.0
Scheming Silvertongue,1.19,0.99,0.37,-16.806722689075627,-68.90756302521008,3382.0,live,0.84744,-28.786554621848737,$1-2,,689052.0
Stormcarved Coast,2.47,3.49,1.39,41.29554655870445,-43.72469635627531,3294.0,live,2.9874400000000003,20.948987854251016,$2-5,2.0,686581.0
"Mole Man, Moloid Master",1.19,3.49,0.51,193.27731092436977,-57.14285714285714,4722.0,live,2.9874400000000003,151.04537815126054,$1-2,1.2,696570.0
Deathcap Glade,2.31,2.99,1.76,29.437229437229444,-23.80952380952381,3321.0,live,2.55944,10.798268398268393,$2-5,2.27,686571.0
Sundown Pass,2.17,3.49,1.23,60.829493087557616,-43.31797235023041,3253.0,live,2.9874400000000003,37.67004608294933,$2-5,1.97,686583.0
Mana Sculpt,0.89,0.79,0.15,-11.235955056179773,-83.14606741573034,3456.0,live,0.6762400000000001,-24.017977528089883,$0-1,0.73,688516.0
Fell the Profane,3.66,5.99,3.42,63.66120218579236,-6.557377049180333,3100.0,live,5.12744,40.09398907103824,$2-5,,552580.0
Vexing Bauble,2.61,4.49,1.44,72.03065134099619,-44.82758620689656,4655.0,live,3.84344,47.25823754789273,$2-5,2.25,552814.0
Llanowar Elves,0.32,0.79,0.15,146.875,-53.125,4931.0,live,0.6762400000000001,111.325,$0-1,0.25,557921.0
Fellwar Stone,0.9,1.79,0.72,98.88888888888889,-20.000000000000004,5360.0,live,1.53224,70.2488888888889,$0-1,0.8,687597.0
Shared Roots,0.39,0.35,0.15,-10.256410256410266,-61.53846153846154,4227.0,live,0.2996,-23.179487179487182,$0-1,0.3,688960.0
Reliquary Tower,3.67,4.99,3.4,35.96730245231608,-7.356948228882834,3568.0,live,4.27144,16.388010899182568,$2-5,3.3,687486.0
"Moseo, Vein's New Dean",0.83,0.49,0.25,-40.963855421686745,-69.87951807228916,3121.0,live,0.41944,-49.46506024096385,$0-1,0.5,689476.0
Emeritus of Woe,12.17,14.99,11.45,23.17173377156944,-5.916187345932626,2628.0,live,12.83144,5.43500410846344,$10-20,,689158.0
Swamp (0269),0.77,1.29,0.35,67.53246753246754,-54.54545454545456,6901.0,live,1.10424,43.40779220779222,$0-1,,686589.0
Feed the Swarm,0.3,0.49,0.15,63.33333333333334,-50.0,3547.0,live,0.41944,39.81333333333333,$0-1,0.15,688873.0
Shattered Sanctum,1.59,2.79,0.78,75.47169811320754,-50.943396226415096,3199.0,live,2.38824,50.20377358490566,$1-2,1.37,686574.0
Pinnacle Monk,1.7,3.49,1.68,105.29411764705884,-1.176470588235295,3507.0,live,2.9874400000000003,75.73176470588237,$1-2,,553299.0
Witch Enchanter,4.31,6.49,3.49,50.58004640371232,-19.025522041763328,3480.0,live,5.55544,28.896519721577736,$2-5,,552336.0
Spell Pierce,0.29,0.35,0.15,20.6896551724138,-48.27586206896552,3690.0,live,0.2996,3.3103448275862064,$0-1,0.15,688961.0
Emeritus of Ideation,5.25,7.99,4.62,52.1904761904762,-11.999999999999998,2881.0,live,6.83944,30.27504761904761,$5-10,,686601.0
Bender's Waterskin,0.81,1.79,0.75,120.98765432098764,-7.407407407407414,4117.0,live,1.53224,89.16543209876544,$0-1,0.96,649382.0
Dina's Guidance,0.97,0.79,0.15,-18.55670103092783,-84.5360824742268,3176.0,live,0.6762400000000001,-30.28453608247422,$0-1,0.49,689107.0
Practiced Offense,1.29,2.49,0.26,93.0232558139535,-79.84496124031007,4274.0,live,2.13144,65.22790697674418,$1-2,0.45,688654.0
Cool but Rude,8.6,12.99,7.8,51.04651162790699,-9.302325581395348,2758.0,live,11.11944,29.295813953488363,$5-10,7.79,673622.0
Mountain (0270),1.16,1.29,0.36,11.20689655172415,-68.9655172413793,6904.0,live,1.10424,-4.806896551724122,$1-2,,686590.0
The Mind Stone,57.53,79.99,62.52,39.040500608378224,8.673735442377893,2492.0,live,68.47144,19.01866852077177,$50-100,62.51,693022.0
Germination Practicum,10.26,9.99,8.33,-2.631578947368417,-18.81091617933723,2502.0,live,8.55144,-16.65263157894737,$10-20,8.5,689106.0
Plains (0267),1.22,1.79,0.6,46.72131147540984,-50.81967213114754,6778.0,live,1.53224,25.593442622950825,$1-2,,686586.0
Requisition Raid,0.31,0.35,0.15,12.903225806451609,-51.61290322580645,3359.0,live,0.2996,-3.354838709677426,$0-1,0.26,688926.0
Island (0268),1.06,1.49,0.48,40.56603773584905,-54.71698113207547,6735.0,live,1.27544,20.324528301886776,$1-2,,686587.0
Forest (0271),0.82,1.79,0.37,118.29268292682929,-54.8780487804878,6556.0,live,1.53224,86.85853658536587,$0-1,,686591.0
Disciple of Freyalise,2.57,4.49,1.64,74.7081712062257,-36.18677042801556,3015.0,live,3.84344,49.5501945525292,$2-5,,552466.0
Genji Glove,11.36,11.99,5.9,5.545774647887331,-48.06338028169014,2421.0,live,10.26344,-9.652816901408451,$10-20,,634431.0
Improvisation Capstone,10.47,16.99,9.37,62.27316141356254,-10.506208213944616,2404.0,live,14.54344,38.905826170009526,$10-20,10.2,686575.0
"Shuri, Wakandan Inventor",0.39,0.69,0.15,76.9230769230769,-61.53846153846154,5051.0,live,0.5906399999999999,51.44615384615384,$0-1,0.35,696278.0
Bulk Up,0.37,0.35,0.15,-5.405405405405411,-59.45945945945946,3106.0,live,0.2996,-19.02702702702703,$0-1,0.25,688858.0
Bitter Triumph,0.28,0.35,0.15,24.999999999999982,-46.42857142857144,3343.0,live,0.2996,6.999999999999981,$0-1,0.42,688855.0
"Loki, God of Mischief",2.59,5.99,2.17,131.2741312741313,-16.216216216216214,4095.0,live,5.12744,97.9706563706564,$2-5,,696274.0
Hare Apparent,2.32,3.49,0.91,50.43103448275864,-60.77586206896552,8091.0,live,2.9874400000000003,28.7689655172414,$2-5,2.07,591214.0
"Prismari, the Inspiration",4.07,4.99,3.12,22.6044226044226,-23.34152334152334,2276.0,live,4.27144,4.949385749385745,$2-5,,686599.0
Studious First-Year,0.31,0.35,0.15,12.903225806451609,-51.61290322580645,4480.0,live,0.2996,-3.354838709677426,$0-1,,686582.0
Mirkwood Bats,1.34,1.49,1.05,11.19402985074626,-21.64179104477612,2781.0,live,1.27544,-4.817910447761207,$1-2,1.4,498352.0
Decorum Dissertation,6.97,8.49,5.21,21.80774748923961,-25.251076040172165,2268.0,live,7.26744,4.267431850789095,$5-10,6.55,688950.0
Accursed Marauder,0.37,0.39,0.15,5.405405405405411,-59.45945945945946,2829.0,live,0.33384,-9.772972972972966,$0-1,0.27,553204.0
"Captain America, Living Legend",0.3,0.35,0.15,16.666666666666664,-50.0,3147.0,live,0.2996,-0.1333333333333371,$0-1,0.2,696319.0
Restoration Seminar,3.33,4.49,3.12,34.83483483483484,-6.306306306306306,2297.0,live,3.84344,15.418618618618622,$2-5,3.46,688656.0
"Witherbloom, the Balancer",4.08,5.49,3.11,34.55882352941177,-23.77450980392157,2192.0,live,4.69944,15.182352941176468,$2-5,3.9,686613.0
The Serpent Society,0.7,1.29,0.15,84.28571428571429,-78.57142857142857,3348.0,live,1.10424,57.74857142857145,$0-1,0.49,696652.0
The Scarlet Witch,0.6,0.99,0.15,65.0,-75.0,2758.0,live,0.84744,41.24,$0-1,0.49,696298.0
Dark Fortress,2.56,3.99,2.54,55.859375,-0.7812500000000007,3487.0,live,3.4154400000000003,33.415625000000006,$2-5,3.5,696352.0
Exsanguinate,0.38,0.79,0.15,107.89473684210526,-60.526315789473685,2639.0,live,0.6762400000000001,77.95789473684212,$0-1,0.41,591153.0
Hexing Squelcher,20.98,29.99,18.39,42.94566253574832,-12.34509056244042,2249.0,live,25.67144,22.361487130600555,$20-50,20.18,671005.0
An Offer You Can't Refuse,3.01,4.99,2.34,65.78073089700999,-22.259136212624583,2327.0,live,4.27144,41.90830564784054,$2-5,2.52,590828.0
The Vision,0.72,1.29,0.26,79.16666666666667,-63.888888888888886,2965.0,live,1.10424,53.36666666666668,$0-1,0.68,693025.0
Duty Beyond Death,0.27,0.35,0.15,29.62962962962961,-44.44444444444445,2739.0,live,0.2996,10.962962962962948,$0-1,0.15,686551.0
World War Hulk,0.96,2.49,0.76,159.37500000000003,-20.83333333333333,3290.0,live,2.13144,122.025,$0-1,1.12,668475.0
Dreamroot Cascade,0.85,1.79,0.51,110.58823529411764,-40.0,2644.0,live,1.53224,80.26352941176471,$0-1,0.95,686573.0
Buried Alive,1.01,2.29,0.51,126.73267326732672,-49.50495049504951,2525.0,live,1.96024,94.08316831683167,$1-2,0.84,552813.0
Arc Reactor,1.04,1.99,0.39,91.34615384615384,-62.5,3480.0,live,1.70344,63.792307692307695,$1-2,0.78,696348.0
"Mjolnir, Hammer of Thor",22.12,32.99,23.39,49.14104882459313,5.741410488245929,2168.0,live,28.23944,27.66473779385172,$20-50,,696296.0
"Mister Fantastic, Reed Richards (Borderless)",0.58,0.59,0.15,1.7241379310344844,-74.13793103448275,3191.0,live,0.5050399999999999,-12.924137931034489,$0-1,,696282.0
Mathemagics,2.91,3.49,2.85,19.93127147766323,-2.0618556701030943,2219.0,live,2.9874400000000003,2.661168384879731,$2-5,3.07,675586.0
Pensive Professor,0.43,0.49,0.15,13.953488372093023,-65.11627906976744,2736.0,live,0.41944,-2.4558139534883754,$0-1,0.51,686605.0
Gleaming Bastion,1.98,4.99,1.55,152.02020202020202,-21.71717171717172,3468.0,live,4.27144,115.72929292929297,$1-2,2.75,696354.0
Emeritus of Abundance,2.51,2.99,1.56,19.12350597609564,-37.848605577689234,2195.0,live,2.55944,1.969721115537855,$2-5,,688681.0
Urza's Cave,1.12,1.99,0.51,77.6785714285714,-54.46428571428572,2726.0,live,1.70344,52.09285714285713,$1-2,1.0,548592.0
Echocasting Symposium,3.71,4.49,2.54,21.024258760107823,-31.536388140161726,2144.0,live,3.84344,3.5967654986522968,$2-5,,688689.0
Hawkeye's Bow,0.25,0.35,0.15,39.99999999999999,-40.0,6052.0,live,0.2996,19.83999999999999,$0-1,0.16,697023.0
Hidden Lair,2.66,6.49,2.08,143.98496240601503,-21.80451127819549,3431.0,live,5.55544,108.85112781954886,$2-5,3.51,696355.0
Arcane Signet,0.62,0.99,0.46,59.67741935483871,-25.80645161290322,3314.0,live,0.84744,36.68387096774193,$0-1,0.49,687531.0
Harmonized Trio,0.57,0.59,0.15,3.5087719298245648,-73.68421052631578,2591.0,live,0.5050399999999999,-11.39649122807018,$0-1,,688683.0
Icetill Explorer,14.78,21.99,14.77,48.78213802435724,-0.0676589986468186,2211.0,live,18.82344,27.35751014884979,$10-20,14.18,644286.0
The Ten Rings,17.4,24.99,17.71,43.62068965517242,1.781609195402312,2274.0,live,21.39144,22.9393103448276,$10-20,19.6,696349.0
Sleight of Hand,0.29,0.35,0.15,20.6896551724138,-48.27586206896552,3192.0,live,0.2996,3.3103448275862064,$0-1,0.15,689150.0
Marionette Apprentice,1.01,1.99,0.47,97.02970297029702,-53.46534653465347,2436.0,live,1.70344,68.65742574257426,$1-2,,552635.0
Revitalizing Repast,1.06,1.99,0.98,87.73584905660377,-7.547169811320761,2508.0,live,1.70344,60.70188679245283,$1-2,,552651.0
Training Compound,1.69,3.99,1.08,136.09467455621305,-36.094674556213015,3397.0,live,3.4154400000000003,102.09704142011836,$1-2,2.04,696356.0
Sundering Eruption,1.04,1.79,1.02,72.11538461538461,-1.923076923076925,3207.0,live,1.53224,47.33076923076924,$1-2,,552583.0
"Lorehold, the Historian",1.77,1.49,0.96,-15.819209039548024,-45.76271186440678,2087.0,live,1.27544,-27.94124293785311,$1-2,1.75,675584.0
Gathering Place,1.64,3.49,1.77,112.80487804878052,7.92682926829269,3383.0,live,2.9874400000000003,82.16097560975612,$1-2,2.47,696353.0
Traumatic Critique,0.43,0.49,0.15,13.953488372093023,-65.11627906976744,2887.0,live,0.41944,-2.4558139534883754,$0-1,0.57,688479.0
Professor Dellian Fel,4.38,6.99,3.64,59.589041095890416,-16.89497716894977,2303.0,live,5.98344,36.608219178082194,$2-5,4.1,686600.0
Prismari Charm,0.34,0.35,0.15,2.9411764705882213,-55.88235294117647,3461.0,live,0.2996,-11.882352941176483,$0-1,0.25,686597.0
"Taskmaster, Mercenary Mimic",0.44,0.69,0.15,56.8181818181818,-65.90909090909092,2786.0,live,0.5906399999999999,34.23636363636362,$0-1,0.43,696863.0
Super-Soldier Serum,0.8,1.29,0.42,61.24999999999999,-47.5,3353.0,live,1.10424,38.03000000000001,$0-1,0.77,696467.0
"Ultron, Artificial Malevolence",12.69,19.99,13.35,57.52561071710007,5.200945626477543,2084.0,live,17.111439999999998,34.84192277383766,$10-20,14.0,696581.0
Witherbloom Charm,0.31,0.35,0.15,12.903225806451609,-51.61290322580645,3312.0,live,0.2996,-3.354838709677426,$0-1,0.19,686612.0
"Quandrix, the Proof",2.15,0.99,1.45,-53.95348837209302,-32.558139534883715,2013.0,live,0.84744,-60.584186046511626,$2-5,,686603.0
Exhibition Tidecaller,0.66,0.59,0.15,-10.606060606060614,-77.27272727272727,2863.0,live,0.5050399999999999,-23.47878787878789,$0-1,0.5,686604.0
Abrade,0.3,0.39,0.15,30.00000000000001,-50.0,2780.0,live,0.33384,11.280000000000012,$0-1,0.15,688837.0
Hydroelectric Specimen,0.93,1.49,0.47,60.21505376344085,-49.462365591397855,2648.0,live,1.27544,37.14408602150536,$0-1,,553181.0
Consign to Memory,4.01,5.99,2.53,49.37655860349128,-36.90773067331671,3676.0,live,5.12744,27.866334164588537,$2-5,2.99,552840.0
Spectacular Spider-Man (Borderless),9.11,8.49,3.26,-6.805708013172331,-64.21514818880351,2006.0,live,7.26744,-20.22568605927552,$5-10,,646553.0
Garruk's Uprising,0.43,0.99,0.26,130.2325581395349,-39.53488372093023,2662.0,live,0.84744,97.07906976744188,$0-1,,591806.0
Untimely Malfunction,8.83,11.99,7.84,35.78708946772367,-11.211778029445076,2025.0,live,10.26344,16.23374858437145,$5-10,8.11,576504.0
"Arnyn, Deathbloom Botanist",0.37,0.35,0.15,-5.405405405405411,-59.45945945945946,2479.0,live,0.2996,-19.02702702702703,$0-1,0.16,689160.0
"Invisible Woman, Sue Storm (Borderless)",0.33,0.35,0.15,6.060606060606049,-54.54545454545456,2142.0,live,0.2996,-9.212121212121223,$0-1,,696262.0
"Blech, Loafing Pest",0.42,0.49,0.15,16.666666666666668,-64.28571428571429,2468.0,live,0.41944,-0.1333333333333345,$0-1,0.21,689055.0
Bojuka Bog,1.03,2.29,0.92,122.33009708737865,-10.679611650485436,3356.0,live,1.96024,90.31456310679611,$1-2,1.02,687669.0
Lorien Revealed,4.73,6.49,3.9,37.20930232558139,-17.547568710359418,2952.0,live,5.55544,17.451162790697662,$2-5,,499960.0
M.O.D.O.K.,4.27,7.99,3.8,87.11943793911009,-11.007025761124115,2096.0,live,6.83944,60.17423887587823,$2-5,4.5,696242.0
Petrified Hamlet,0.61,0.49,0.15,-19.672131147540984,-75.40983606557377,3061.0,live,0.41944,-31.23934426229508,$0-1,0.24,688982.0
Fanatic of Rhonas,13.97,16.99,13.49,21.61775232641373,-3.435934144595565,2027.0,live,14.54344,4.10479599141015,$10-20,12.0,552830.0
Evolution Witness,0.29,0.79,0.15,172.41379310344828,-48.27586206896552,2525.0,live,0.6762400000000001,133.18620689655177,$0-1,0.25,552324.0
"Silverquill, the Disputant",1.99,1.29,1.01,-35.175879396984925,-49.246231155778894,1900.0,live,1.10424,-44.51055276381909,$1-2,1.47,686608.0
Blood Crypt,9.43,12.99,9.1,37.751855779427366,-3.4994697773064694,2041.0,live,11.11944,17.915588547189813,$5-10,9.21,656687.0
Blazing Firesinger,0.32,0.35,0.15,9.374999999999991,-53.125,2892.0,live,0.2996,-6.375000000000009,$0-1,,689486.0
Daydream,0.4,0.35,0.15,-12.50000000000001,-62.5,3099.0,live,0.2996,-25.10000000000001,$0-1,0.22,688650.0
Cosmic Cube,12.43,17.99,11.46,44.73049074818986,-7.803700724054698,1952.0,live,15.399439999999998,23.88930008045051,$10-20,13.0,696671.0
The Wondrous Wasp,0.69,1.29,0.15,86.95652173913045,-78.26086956521738,3447.0,live,1.10424,60.03478260869568,$0-1,0.5,696658.0
Victimize,0.5,1.29,0.2,158.0,-60.0,2550.0,live,1.10424,120.84800000000004,$0-1,0.49,552740.0
Tamiyo's Safekeeping,6.61,8.99,4.91,36.006051437216335,-25.718608169440245,2163.0,live,7.69544,16.421180030257172,$5-10,5.3,262765.0
Formidable Speaker,8.11,10.99,7.18,35.51171393341555,-11.467324290998764,2209.0,live,9.40744,15.9980271270037,$5-10,7.12,656667.0
Bridgeworks Battle,0.94,1.99,0.89,111.70212765957449,-5.319148936170206,2698.0,live,1.70344,81.21702127659576,$0-1,,552579.0
"The Mighty Thor, Jane Foster",0.44,0.49,0.15,11.36363636363636,-65.90909090909092,2825.0,live,0.41944,-4.672727272727277,$0-1,0.27,696645.0
Culling the Weak,10.35,9.99,7.37,-3.478260869565212,-28.79227053140097,1765.0,live,8.55144,-17.377391304347828,$10-20,7.22,688899.0
Sol Ring,1.89,2.79,1.53,47.61904761904763,-19.04761904761904,2787.0,live,2.38824,26.36190476190477,$1-2,1.65,687542.0
King T'Challa,11.7,18.99,9.46,62.30769230769231,-19.14529914529913,2136.0,live,16.25544,38.93538461538463,$10-20,,696324.0
The Earth Crystal,12.13,17.99,11.72,48.30997526793072,-3.3800494641385006,1776.0,live,15.399439999999998,26.9533388293487,$10-20,11.85,633136.0
The Astonishing Ant-Man,0.31,0.49,0.15,58.06451612903225,-51.61290322580645,2605.0,live,0.41944,35.30322580645161,$0-1,0.28,696632.0
Warren Soultrader,14.84,20.99,14.18,41.442048517520206,-4.447439353099732,1858.0,live,17.96744,21.074393530997305,$10-20,13.75,552631.0
Mirkwood Bats (Borderless),1.65,1.79,0.98,8.484848484848492,-40.60606060606061,2063.0,live,1.53224,-7.136969696969689,$1-2,,498419.0
Swiftfoot Boots,2.99,3.99,2.17,33.44481605351171,-27.424749163879607,2089.0,live,3.4154400000000003,14.22876254180602,$2-5,2.25,591210.0
Jennifer Walters,11.87,17.99,11.42,51.558550968828975,-3.791069924178596,2036.0,live,15.399439999999998,29.7341196293176,$10-20,,696535.0
Fellwar Stone,1.04,1.49,0.78,43.26923076923077,-25.0,2494.0,live,1.27544,22.638461538461524,$1-2,0.84,687597.0
"The Thing, Ben Grimm (Borderless)",0.37,0.35,0.15,-5.405405405405411,-59.45945945945946,2033.0,live,0.2996,-19.02702702702703,$0-1,,696313.0
Tony Stark,6.29,10.99,5.21,74.72178060413354,-17.170111287758345,1855.0,live,9.40744,49.56184419713831,$5-10,,696279.0
Terrasymbiosis,7.36,13.99,7.63,90.08152173913044,3.668478260869559,1794.0,live,11.97544,62.70978260869565,$5-10,7.94,641743.0
Redirect Lightning,12.22,17.99,10.3,47.21767594108018,-15.71194762684124,1839.0,live,15.399439999999998,26.01833060556463,$10-20,10.6,648709.0
Steam Vents,13.87,16.99,10.68,22.494592645998555,-22.999279019466474,2031.0,live,14.54344,4.855371304974762,$10-20,11.79,656711.0
"Human Torch, Johnny Storm (Borderless)",0.31,0.35,0.15,12.903225806451609,-51.61290322580645,2030.0,live,0.2996,-3.354838709677426,$0-1,,696301.0
Emeritus of Conflict,1.4,0.99,0.78,-29.28571428571428,-44.28571428571428,2104.0,live,0.84744,-39.46857142857142,$1-2,,688661.0
Noxious Newt,0.32,0.39,0.15,21.875000000000004,-53.125,4166.0,live,0.33384,4.3250000000000055,$0-1,0.15,689511.0
Stomping Ground,6.66,9.99,6.51,50.0,-2.2522522522522577,1903.0,live,8.55144,28.39999999999999,$5-10,6.6,638913.0
The Ooze,3.31,4.99,3.12,50.75528700906344,-5.740181268882173,1992.0,live,4.27144,29.04652567975831,$2-5,3.99,673656.0
Patchwork Banner,3.49,4.49,1.87,28.653295128939828,-46.41833810888252,1974.0,live,3.84344,10.127220630372491,$2-5,2.0,559478.0
Coruscation Mage,2.01,2.29,1.04,13.930348258706482,-48.25870646766168,2227.0,live,1.96024,-2.475621890547254,$2-5,,559072.0
Emeritus of Truce,1.27,0.99,0.61,-22.047244094488192,-51.96850393700787,1960.0,live,0.84744,-33.27244094488189,$1-2,,688984.0
Mind into Matter,0.4,0.49,0.15,22.5,-62.5,2341.0,live,0.41944,4.85999999999999,$0-1,0.48,688691.0
Boggart Trawler,0.87,2.29,0.7000000000000001,163.2183908045977,-19.540229885057464,2703.0,live,1.96024,125.31494252873566,$0-1,,552873.0
Namor the Sub-Mariner,7.76,12.99,6.7700000000000005,67.39690721649485,-12.757731958762877,2244.0,live,11.11944,43.29175257731958,$5-10,9.15,668572.0
Molten-Core Maestro,0.66,0.49,0.15,-25.75757575757576,-77.27272727272727,2493.0,live,0.41944,-36.44848484848485,$0-1,0.35,686584.0
Collective Resistance,1.29,2.99,1.15,131.78294573643413,-10.852713178294584,2489.0,live,2.55944,98.40620155038758,$1-2,1.36,552623.0
Bruce Banner,6.42,9.99,5.72,55.60747663551402,-10.903426791277262,1860.0,live,8.55144,33.2,$5-10,,668460.0
Iron Man Armor,3.97,8.49,3.86,113.85390428211586,-2.770780856423182,2076.0,live,7.26744,83.05894206549117,$2-5,4.29,697073.0
Glaring Fleshraker,0.8,2.29,0.41,186.25,-48.75000000000001,3226.0,live,1.96024,145.03,$0-1,0.74,552821.0
Goldspan Dragon,6.17,7.49,5.63,21.393841166936795,-8.752025931928689,2075.0,live,6.41144,3.913128038897891,$5-10,5.42,687343.0
"The Sentry, Golden Guardian",0.36,0.49,0.15,36.11111111111112,-58.333333333333336,2683.0,live,0.41944,16.51111111111111,$0-1,0.35,668458.0
Watery Grave,9.56,15.99,9.33,67.25941422594141,-2.405857740585778,1870.0,live,13.68744,43.17405857740585,$5-10,9.28,638914.0
Faerie Mastermind,11.92,15.99,10.6,34.144295302013425,-11.073825503355708,1949.0,live,13.68744,14.827516778523494,$10-20,10.18,687365.0
Overgrown Tomb,9.33,13.99,7.81,49.94640943193998,-16.29153269024652,1919.0,live,11.97544,28.354126473740628,$5-10,8.38,656709.0
Arcane Signet,0.69,0.99,0.44,43.478260869565226,-36.23188405797101,2706.0,live,0.84744,22.81739130434783,$0-1,0.5,687531.0
"Ozolith, the Shattered Spire",5.0,7.49,4.82,49.8,-3.5999999999999943,1915.0,live,6.41144,28.2288,$5-10,4.66,687556.0
Moonshaker Cavalry,6.19,8.99,6.12,45.23424878836833,-1.130856219709213,2036.0,live,7.69544,24.32051696284328,$5-10,6.06,687353.0
Heroic Feast,0.3,0.49,0.15,63.33333333333334,-50.0,3346.0,live,0.41944,39.81333333333333,$0-1,0.31,697048.0
Ark of Hunger,0.36,0.49,0.15,36.11111111111112,-58.333333333333336,2078.0,live,0.41944,16.51111111111111,$0-1,0.34,688665.0
Enduring Vitality,16.73,17.99,14.5,7.531380753138063,-13.329348475791994,1755.0,live,15.399439999999998,-7.953138075313819,$10-20,16.67,578080.0
Boltwave,2.52,3.49,1.04,38.4920634920635,-58.730158730158735,2451.0,live,2.9874400000000003,18.54920634920636,$2-5,1.63,591308.0
"Storm, Windrider",0.45,0.49,0.15,8.888888888888884,-66.66666666666667,2395.0,live,0.41944,-6.791111111111118,$0-1,0.25,696574.0
Ephemerate,5.41,6.49,5.12,19.963031423290204,-5.360443622920518,2175.0,live,5.55544,2.68835489833641,$5-10,5.59,191568.0
Unexpected Windfall,3.46,4.99,2.85,44.21965317919076,-17.630057803468205,1793.0,live,4.27144,23.45202312138729,$2-5,3.17,243382.0
Ripples of Undeath,5.91,9.99,5.41,69.03553299492386,-8.460236886632826,1704.0,live,8.55144,44.694416243654814,$5-10,5.97,552866.0
"Wolverine, Fierce Fighter",0.41,0.49,0.15,19.512195121951223,-63.41463414634146,2215.0,live,0.41944,2.302439024390245,$0-1,0.25,696330.0
Temple Garden,7.85,10.99,7.3,40.00000000000001,-7.006369426751591,1872.0,live,9.40744,19.84,$5-10,7.44,656713.0
"Captain America, Super-Soldier",3.83,6.99,2.65,82.50652741514361,-30.809399477806792,1915.0,live,5.98344,56.225587467362914,$2-5,3.15,668456.0
"Shang-Chi, Master of Kung Fu",9.99,17.99,10.3,80.08008008008007,3.103103103103108,1937.0,live,15.399439999999998,54.148548548548526,$5-10,10.38,697059.0
Hallowed Fountain,7.03,9.99,5.21,42.10526315789473,-25.88904694167852,1893.0,live,8.55144,21.64210526315788,$5-10,,656703.0
Restoration Magic,2.21,2.79,1.12,26.24434389140272,-49.32126696832579,2038.0,live,2.38824,8.06515837104073,$2-5,1.81,633737.0
"Kutzil, Malamet Exemplar",4.49,3.99,2.5,-11.135857461024498,-44.32071269487751,1842.0,live,3.4154400000000003,-23.932293986636967,$2-5,3.42,525618.0
Sacred Foundry,10.13,14.99,9.37,47.976307996051325,-7.502467917078001,1835.0,live,12.83144,26.667719644619936,$10-20,9.62,638912.0
Brain Freeze,3.15,4.99,2.8000000000000003,58.412698412698425,-11.1111111111111,1689.0,live,4.27144,35.60126984126985,$2-5,3.15,689149.0
Castle Doom,0.55,0.49,0.15,-10.90909090909092,-72.72727272727273,3071.0,live,0.41944,-23.73818181818183,$0-1,0.5,696674.0
Norman Osborn,17.64,18.99,17.6,7.653061224489783,-0.2267573696145076,1709.0,live,16.25544,-7.848979591836737,$10-20,,651332.0
Brotherhood Regalia,8.93,15.99,7.28,79.05935050391938,-18.477043673012314,1705.0,live,13.68744,53.274804031355,$5-10,,556324.0
Malevolent Rumble,0.34,0.99,0.15,191.17647058823525,-55.88235294117647,4635.0,live,0.84744,149.2470588235294,$0-1,0.3,553328.0
Hardened Academic,0.42,0.49,0.15,16.666666666666668,-64.28571428571429,2568.0,live,0.41944,-0.1333333333333345,$0-1,0.48,686540.0
Breeding Pool,9.52,15.99,9.25,67.9621848739496,-2.8361344537815083,1755.0,live,13.68744,43.77563025210085,$5-10,9.31,638910.0
Helping Hand,0.24,0.35,0.15,45.83333333333333,-37.5,2262.0,live,0.2996,24.83333333333333,$0-1,0.35,688861.0
Command Tower,0.34,0.99,0.25,191.17647058823525,-26.470588235294123,2424.0,live,0.84744,149.2470588235294,$0-1,0.25,687664.0
Kaya's Ghostform,1.94,3.99,1.37,105.67010309278352,-29.381443298969064,1770.0,live,3.4154400000000003,76.0536082474227,$1-2,,187181.0
Weftstalker Ardent,0.7,2.29,0.4,227.1428571428572,-42.85714285714285,2076.0,live,1.96024,180.03428571428572,$0-1,,641779.0
Springheart Nantuko,5.59,7.49,3.9,33.98926654740609,-30.23255813953488,1685.0,live,6.41144,14.694812164579607,$5-10,4.91,552859.0
Thraben Charm,0.33,0.59,0.15,78.78787878787877,-54.54545454545456,3676.0,live,0.5050399999999999,53.04242424242421,$0-1,0.31,552284.0
Abandoned Air Temple,5.99,9.99,5.73,66.7779632721202,-4.34056761268781,1805.0,live,8.55144,42.76193656093488,$5-10,5.51,662801.0
Firdoch Core,0.34,0.49,0.15,44.11764705882352,-55.88235294117647,3026.0,live,0.41944,23.36470588235293,$0-1,0.36,671721.0
Great Hall of the Biblioplex,0.76,0.49,0.15,-35.526315789473685,-80.26315789473684,2748.0,live,0.41944,-44.81052631578948,$0-1,0.44,688085.0
"Ares, God of War",0.31,0.49,0.15,58.06451612903225,-51.61290322580645,2100.0,live,0.41944,35.30322580645161,$0-1,0.28,696626.0
Swords to Plowshares,1.69,2.49,1.37,47.3372781065089,-18.93491124260354,2211.0,live,2.13144,26.120710059171603,$1-2,1.34,624152.0
Ba Sing Se,4.2,6.49,3.59,54.52380952380952,-14.52380952380953,1824.0,live,5.55544,32.27238095238095,$2-5,3.95,662547.0
Doctor Doom,3.59,6.49,2.08,80.7799442896936,-42.06128133704736,1771.0,live,5.55544,54.747632311977725,$2-5,2.62,668462.0
Red Hulk (Borderless),0.25,0.35,0.15,39.99999999999999,-40.0,1902.0,live,0.2996,19.83999999999999,$0-1,,696663.0
Virulent Emissary,1.35,1.79,0.15,32.59259259259258,-88.8888888888889,2064.0,live,1.53224,13.499259259259254,$1-2,0.37,671053.0
Monstrous Rage,0.23,0.35,0.15,52.17391304347825,-34.78260869565218,2323.0,live,0.2996,30.260869565217373,$0-1,0.19,688887.0
The Wind Crystal,6.23,8.49,5.15,36.2760834670947,-17.335473515248793,1589.0,live,7.26744,16.652327447833052,$5-10,5.48,633117.0
"Ral Zarek, Guest Lecturer",1.65,1.99,1.04,20.606060606060613,-36.96969696969696,1812.0,live,1.70344,3.238787878787888,$1-2,1.41,686538.0
Exotic Orchard,0.36,0.59,0.15,63.888888888888886,-58.333333333333336,2749.0,live,0.5050399999999999,40.28888888888888,$0-1,0.19,687675.0
Godless Shrine,8.64,12.99,7.52,50.34722222222221,-12.962962962962973,1709.0,live,11.11944,28.6972222222222,$5-10,8.47,638911.0
"Captain America, Wings of Freedom",0.34,0.49,0.15,44.11764705882352,-55.88235294117647,2182.0,live,0.41944,23.36470588235293,$0-1,0.19,696625.0
"Electro, Assaulting Battery",6.35,9.49,3.64,49.44881889763781,-42.677165354330704,1603.0,live,8.12344,27.928188976377967,$5-10,5.74,651337.0
Priest of Titania,0.56,1.29,0.35,130.35714285714283,-37.500000000000014,2516.0,live,1.10424,97.18571428571428,$0-1,0.61,541278.0
Ohran Frostfang,5.67,7.49,5.15,32.098765432098766,-9.171075837742498,1951.0,live,6.41144,13.07654320987654,$5-10,5.11,687548.0
Sol Ring,1.64,2.79,1.43,70.1219512195122,-12.804878048780486,2520.0,live,2.38824,45.62439024390245,$1-2,1.42,687542.0
Impact Tremors,2.7,4.99,2.49,84.81481481481481,-7.777777777777777,1615.0,live,4.27144,58.20148148148148,$2-5,2.76,512663.0
Land Tax,15.57,18.99,13.94,21.965317919075133,-10.468850353243422,1781.0,live,16.25544,4.402312138728322,$10-20,13.38,687438.0
Crop Rotation,3.57,4.49,3.12,25.770308123249315,-12.605042016806715,1610.0,live,3.84344,7.65938375350141,$2-5,3.67,688886.0
Pyretic Ritual,5.03,7.49,4.15,48.9065606361829,-17.495029821073555,1565.0,live,6.41144,27.464015904572552,$5-10,4.64,688919.0
The Fire Crystal,6.09,8.49,5.1000000000000005,39.4088669950739,-16.256157635467968,1558.0,live,7.26744,19.333990147783247,$5-10,5.82,633131.0
Mystic Remora,8.55,11.99,6.5600000000000005,40.23391812865496,-23.27485380116959,1629.0,live,10.26344,20.040233918128635,$5-10,,4815.0
Royal Treatment,0.26,0.35,0.15,34.615384615384606,-42.30769230769232,2159.0,live,0.2996,15.230769230769218,$0-1,0.2,688935.0
The Soul Stone,120.5,149.99,123.98,24.47302904564316,2.887966804979256,1503.0,live,128.39144000000002,6.548912863070553,$100-200,119.93,647302.0
Skycoach Conductor,0.35,0.49,0.15,40.00000000000001,-57.14285714285714,2283.0,live,0.41944,19.840000000000003,$0-1,,688971.0
The Darkness Crystal,4.65,5.99,4.0600000000000005,28.81720430107526,-12.688172043010749,1545.0,live,5.12744,10.26752688172042,$2-5,4.64,630862.0
Zombify,0.2,0.35,0.15,74.99999999999997,-25.000000000000007,2048.0,live,0.2996,49.79999999999998,$0-1,0.17,688948.0
"Dina, Essence Brewer (Borderless)",3.23,3.49,1.82,8.049535603715178,-43.65325077399381,1828.0,live,2.9874400000000003,-7.509597523219804,$2-5,,686628.0
Boomerang Basics,0.96,1.29,0.15,34.375000000000014,-84.375,2735.0,live,1.10424,15.025000000000016,$0-1,0.3,662084.0
Veil of Summer,3.87,6.49,2.99,67.70025839793283,-22.739018087855296,1589.0,live,5.55544,43.551421188630485,$2-5,3.0,689366.0
Deflecting Palm,3.14,2.79,1.97,-11.146496815286628,-37.261146496815286,1551.0,live,2.38824,-23.941401273885347,$2-5,2.45,689394.0
Malakir Rebirth,12.7,16.99,12.52,33.77952755905511,-1.4173228346456672,1568.0,live,14.54344,14.515275590551177,$10-20,,222103.0
Topiary Lecturer,0.28,0.35,0.15,24.999999999999982,-46.42857142857144,2261.0,live,0.2996,6.999999999999981,$0-1,0.15,689518.0
Agent Phil Coulson,0.33,0.49,0.15,48.48484848484848,-54.54545454545456,2083.0,live,0.41944,27.10303030303029,$0-1,0.17,696254.0
Harmonic Prodigy,3.39,5.49,3.11,61.94690265486725,-8.259587020648974,2076.0,live,4.69944,38.62654867256637,$2-5,3.15,687475.0
"Leader, Super-Genius",0.31,0.49,0.15,58.06451612903225,-51.61290322580645,2061.0,live,0.41944,35.30322580645161,$0-1,0.2,696273.0
The Eternity Elevator,2.48,3.49,1.56,40.72580645161291,-37.096774193548384,1827.0,live,2.9874400000000003,20.46129032258066,$2-5,2.26,641745.0
"Thanos, the Mad Titan",2.15,2.49,0.91,15.813953488372109,-57.67441860465116,1681.0,live,2.13144,-0.8632558139534843,$2-5,1.95,696328.0
Stirring Hopesinger,0.31,0.49,0.15,58.06451612903225,-51.61290322580645,2381.0,live,0.41944,35.30322580645161,$0-1,0.24,689077.0
Avatar's Wrath,4.43,5.99,3.11,35.21444695259595,-29.79683972911964,1698.0,live,5.12744,15.743566591422129,$2-5,3.74,661938.0
Magmakin Artillerist,0.26,1.29,0.15,396.1538461538462,-42.30769230769232,1795.0,live,1.10424,324.7076923076923,$0-1,0.24,616095.0
Sol Ring,1.96,2.79,1.49,42.3469387755102,-23.97959183673469,2321.0,live,2.38824,21.848979591836745,$1-2,1.62,687542.0
Rogue's Passage,0.4,0.79,0.36,97.5,-10.000000000000009,1889.0,live,0.6762400000000001,69.06000000000002,$0-1,0.4,590880.0
"Hawkeye, Young Avenger",0.28,0.59,0.15,110.71428571428568,-46.42857142857144,2450.0,live,0.5050399999999999,80.37142857142852,$0-1,0.18,697022.0
Basking Broodscale,0.2,0.35,0.15,74.99999999999997,-25.000000000000007,2430.0,live,0.2996,49.79999999999998,$0-1,0.19,552176.0
Nyxborn Hydra,0.3,0.39,0.15,30.00000000000001,-50.0,2642.0,live,0.33384,11.280000000000012,$0-1,0.22,552872.0
Starscape Cleric,0.74,1.99,0.33,168.91891891891893,-55.4054054054054,2073.0,live,1.70344,130.1945945945946,$0-1,0.68,559653.0
Withering Curse,0.99,1.29,0.5,30.303030303030308,-49.494949494949495,1767.0,live,1.10424,11.539393939393952,$0-1,0.99,686541.0
Vastlands Scavenger,0.34,0.49,0.15,44.11764705882352,-55.88235294117647,2019.0,live,0.41944,23.36470588235293,$0-1,,689054.0
"Ironheart, Clever Champion",0.36,0.49,0.15,36.11111111111112,-58.333333333333336,2406.0,live,0.41944,16.51111111111111,$0-1,0.36,696655.0
Banner of Kinship,7.59,10.99,6.140000000000001,44.79578392621871,-19.10408432147561,1574.0,live,9.40744,23.94519104084321,$5-10,6.0,591203.0
Zuran Orb,3.09,2.79,1.97,-9.708737864077664,-36.24595469255663,1601.0,live,2.38824,-22.71067961165048,$2-5,,239837.0
"Krang, Utrom Warlord",22.7,23.99,21.47,5.6828193832599085,-5.4185022026431735,1477.0,live,20.53544,-9.535506607929523,$20-50,21.21,673653.0
Strike It Rich,2.14,2.79,2.02,30.37383177570093,-5.607476635514024,1961.0,live,2.38824,11.6,$2-5,2.43,240149.0
"Mister Fantastic, Reed Richards",0.31,0.39,0.15,25.80645161290323,-51.61290322580645,3112.0,live,0.33384,7.69032258064517,$0-1,0.25,696275.0
The Unbeatable Squirrel Girl (Borderless),13.79,13.99,11.43,1.450326323422778,-17.113850616388685,1445.0,live,11.97544,-13.158520667150098,$10-20,,696314.0
Demand Answers,0.39,1.49,0.19,282.05128205128204,-51.28205128205129,1862.0,live,1.27544,227.03589743589737,$0-1,0.4,529983.0
"Bitterthorn, Nissa's Animus",5.58,6.99,5.0,25.26881720430108,-10.394265232974911,1993.0,live,5.98344,7.230107526881717,$5-10,5.01,687570.0
Entish Restoration,3.14,4.49,2.87,42.99363057324841,-8.598726114649683,1507.0,live,3.84344,22.40254777070064,$2-5,3.21,499221.0
Unwind,1.16,1.99,1.01,71.55172413793105,-12.931034482758614,1745.0,live,1.70344,46.84827586206898,$1-2,1.19,164359.0
Angel's Grace,2.92,3.99,2.57,36.643835616438366,-11.986301369863018,1529.0,live,3.4154400000000003,16.967123287671246,$2-5,2.6,689148.0
Kozilek's Command,7.11,9.99,6.140000000000001,40.50632911392405,-13.64275668073136,2136.0,live,8.55144,20.27341772151897,$5-10,6.01,552839.0
The Water Crystal,3.3,4.99,2.75,51.21212121212123,-16.666666666666664,1512.0,live,4.27144,29.437575757575768,$2-5,3.35,633123.0
"Wolverine, Fierce Fighter (Borderless)",5.11,4.49,3.27,-12.133072407045011,-36.00782778864971,1495.0,live,3.84344,-24.785909980430528,$5-10,,696339.0
Windswept Heath,11.36,14.99,10.94,31.954225352112687,-3.6971830985915486,1690.0,live,12.83144,12.952816901408465,$10-20,11.3,541272.0
Curiosity,1.68,1.99,0.7000000000000001,18.45238095238096,-58.33333333333333,1648.0,live,1.70344,1.395238095238103,$1-2,0.71,509516.0
Fix What's Broken,0.28,0.49,0.15,74.99999999999997,-46.42857142857144,2054.0,live,0.41944,49.799999999999976,$0-1,0.29,689078.0
Epic Fight,0.36,0.49,0.15,36.11111111111112,-58.333333333333336,2023.0,live,0.41944,16.51111111111111,$0-1,0.27,697045.0
Waterlogged Teachings,0.38,0.99,0.15,160.52631578947367,-60.526315789473685,1824.0,live,0.84744,123.01052631578946,$0-1,,552646.0
Six,5.43,7.99,4.16,47.145488029465945,-23.388581952117857,1465.0,live,6.83944,25.95653775322284,$5-10,,552272.0
"Emeria, the Sky Ruin",5.19,8.49,4.8,63.583815028901725,-7.514450867052033,1783.0,live,7.26744,40.02774566473987,$5-10,4.78,687674.0
Into the Flood Maw,2.78,4.49,2.03,61.51079136690649,-26.97841726618705,1776.0,live,3.84344,38.25323741007196,$2-5,2.28,559137.0
"Chameleon, Master of Disguise",0.81,0.79,0.18,-2.469135802469138,-77.77777777777779,2026.0,live,0.6762400000000001,-16.513580246913577,$0-1,0.44,651988.0
Wistfulness,6.87,14.99,6.92,118.19505094614269,0.7278020378457034,1810.0,live,12.83144,86.77496360989811,$5-10,8.5,671525.0
Animate Dead,5.38,7.49,4.75,39.21933085501859,-11.710037174721188,1821.0,live,6.41144,19.17174721189591,$5-10,5.0,687375.0
Pick Your Poison,0.27,0.35,0.15,29.62962962962961,-44.44444444444445,2092.0,live,0.2996,10.962962962962948,$0-1,0.18,688893.0
Jet Medallion,11.7,16.99,10.46,45.21367521367521,-10.598290598290586,1432.0,live,14.54344,24.30290598290598,$10-20,10.83,552320.0
Goblin Anarchomancer,0.75,2.29,0.31,205.3333333333333,-58.66666666666666,1629.0,live,1.96024,161.36533333333333,$0-1,0.4,240412.0
"Chimil, the Inner Sun",10.36,9.49,8.84,-8.397683397683391,-14.671814671814667,1907.0,live,8.12344,-21.58841698841698,$10-20,8.25,671263.0
Seize the Spoils,0.24,0.35,0.15,45.83333333333333,-37.5,2127.0,live,0.2996,24.83333333333333,$0-1,0.26,687500.0
"Haliya, Guided by Light",1.8,4.99,1.53,177.22222222222223,-15.0,1823.0,live,4.27144,137.30222222222224,$1-2,1.91,641728.0
Origin of Metalbending,0.23,0.35,0.15,52.17391304347825,-34.78260869565218,2244.0,live,0.2996,30.260869565217373,$0-1,0.18,661801.0
Urza's Incubator,18.86,19.99,17.87,5.991516436903495,-5.249204665959695,1456.0,live,17.111439999999998,-9.271261930010612,$10-20,20.04,553302.0
Enduring Tenacity,12.07,15.99,12.1,32.47721623860812,0.2485501242750568,1422.0,live,13.68744,13.40049710024855,$10-20,12.49,562746.0
Farewell,5.34,7.49,4.98,40.2621722846442,-6.741573033707855,1510.0,live,6.41144,20.06441947565543,$5-10,4.83,631183.0
Polluted Delta,19.77,27.99,18.97,41.578148710166914,-4.0465351542741566,1751.0,live,23.95944,21.19089529590288,$10-20,20.15,541274.0
Burst Lightning,0.29,0.35,0.15,20.6896551724138,-48.27586206896552,2376.0,live,0.2996,3.3103448275862064,$0-1,0.15,688866.0
Mystic Sanctuary,1.72,2.79,0.87,62.2093023255814,-49.41860465116279,1554.0,live,2.38824,38.851162790697686,$1-2,1.4,199417.0
Pongify,3.4,4.99,1.56,46.76470588235296,-54.11764705882353,1474.0,live,4.27144,25.630588235294127,$2-5,2.39,688725.0
Swan Song,9.86,13.99,0.26,41.88640973630833,-97.3630831643002,1662.0,live,11.97544,21.454766734279936,$5-10,,642791.0
South Wind Avatar,2.0,3.49,1.22,74.50000000000001,-39.0,1512.0,live,2.9874400000000003,49.372000000000014,$2-5,,673616.0
"Daredevil, Man Without Fear",0.33,0.49,0.15,48.48484848484848,-54.54545454545456,1785.0,live,0.41944,27.10303030303029,$0-1,0.24,696484.0
Ruby Medallion,13.79,18.99,11.44,37.70848440899202,-17.04133430021755,1516.0,live,16.25544,17.87846265409718,$10-20,11.92,552306.0
War Room,4.46,4.49,3.0500000000000003,0.6726457399103195,-31.614349775784746,2134.0,live,3.84344,-13.824215246636768,$2-5,,687578.0
The Dawning Archaic,1.31,1.49,0.62,13.740458015267173,-52.67175572519084,1603.0,live,1.27544,-2.638167938931309,$1-2,1.32,686545.0
Legion Leadership,0.39,1.29,0.15,230.7692307692308,-61.53846153846154,1999.0,live,1.10424,183.1384615384616,$0-1,,552649.0
Slumbering Trudge,0.49,0.59,0.15,20.40816326530612,-69.38775510204081,2260.0,live,0.5050399999999999,3.0693877551020288,$0-1,0.35,688826.0
Kami of Whispered Hopes,2.87,3.99,2.81,39.02439024390244,-2.0905923344947754,1864.0,live,3.4154400000000003,19.00487804878049,$2-5,2.69,687525.0
Sapphire Medallion,8.09,9.49,4.16,17.305315203955505,-48.57849196538936,1401.0,live,8.12344,0.4133498145859157,$5-10,,552286.0
Slime Against Humanity,1.82,3.99,0.93,119.23076923076924,-48.9010989010989,7730.0,live,3.4154400000000003,87.66153846153847,$1-2,1.8,534084.0
Baron Helmut Zemo,0.3,0.49,0.15,63.33333333333334,-50.0,2649.0,live,0.41944,39.81333333333333,$0-1,0.35,668461.0
"Gorma, the Gullet (Borderless)",2.01,1.99,0.78,-0.9950248756218804,-61.19402985074627,1523.0,live,1.70344,-15.251741293532325,$2-5,,687507.0
Mossborn Hydra,12.09,15.99,8.33,32.25806451612904,-31.100082712985937,1548.0,live,13.68744,13.212903225806455,$10-20,,589354.0
"Muddle, the Ever-Changing (Borderless)",1.05,0.99,0.5,-5.714285714285719,-52.38095238095239,1614.0,live,0.84744,-19.29142857142858,$1-2,,687511.0
Avengers Disassembled,0.78,2.79,0.45,257.6923076923077,-42.30769230769231,3449.0,live,2.38824,206.1846153846154,$0-1,0.75,696560.0
Molten Gatekeeper,0.21,0.59,0.15,180.95238095238096,-28.57142857142857,1957.0,live,0.5050399999999999,140.4952380952381,$0-1,0.22,553280.0
Generous Ent,2.93,3.99,2.57,36.177474402730375,-12.286689419795232,2729.0,live,3.4154400000000003,16.567918088737205,$2-5,3.04,498328.0
Flooded Strand,15.96,19.99,14.58,25.250626566416024,-8.646616541353389,1668.0,live,17.111439999999998,7.2145363408521135,$10-20,15.0,541276.0
Starting Town,7.85,10.99,7.81,40.00000000000001,-0.509554140127389,1678.0,live,9.40744,19.84,$5-10,8.4,631607.0
Snap,3.06,4.49,2.92,46.73202614379085,-4.575163398692815,1594.0,live,3.84344,25.60261437908497,$2-5,3.28,458224.0
Wooded Foothills,16.47,23.99,15.78,45.65877352762599,-4.189435336976318,1621.0,live,20.53544,24.68391013964784,$10-20,15.77,541277.0
Avengers Tower (Borderless),0.34,0.35,0.15,2.9411764705882213,-55.88235294117647,1916.0,live,0.2996,-11.882352941176483,$0-1,,696585.0
Pym Particles,0.34,0.59,0.15,73.52941176470587,-55.88235294117647,2688.0,live,0.5050399999999999,48.541176470588205,$0-1,0.95,696549.0
Scrawling Crawler,6.67,11.99,5.21,79.76011994003,-21.88905547226387,1425.0,live,10.26344,53.874662668665664,$5-10,,590879.0
Spelunking,3.92,3.99,3.23,1.785714285714293,-17.602040816326532,1540.0,live,3.4154400000000003,-12.871428571428565,$2-5,3.54,524416.0
Ghostly Prison,5.2,6.49,4.39,24.807692307692307,-15.576923076923086,1859.0,live,5.55544,6.83538461538461,$5-10,4.39,687413.0
Quantum Riddler,31.99,57.99,31.63,81.27539856205065,-1.125351672397623,1862.0,live,49.63944,55.17174116911536,$20-50,,641734.0
Vicious Rivalry,0.38,0.49,0.15,28.947368421052627,-60.526315789473685,2113.0,live,0.41944,10.378947368421048,$0-1,0.2,689087.0
Wastes,1.0,2.29,0.15,129.0,-85.0,4073.0,live,1.96024,96.024,$1-2,0.55,630905.0
Terramorphic Expanse,0.29,0.35,0.15,20.6896551724138,-48.27586206896552,2762.0,live,0.2996,3.3103448275862064,$0-1,0.15,687436.0
Secret Tunnel,2.95,3.99,1.3,35.25423728813559,-55.93220338983051,1520.0,live,3.4154400000000003,15.77762711864407,$2-5,,660740.0
The Scarlet Witch (Borderless),4.27,4.49,3.52,5.152224824355987,-17.56440281030444,1381.0,live,3.84344,-9.989695550351277,$2-5,,696305.0
"Tannuk, Memorial Ensign",0.46,1.29,0.15,180.43478260869568,-67.3913043478261,1609.0,live,1.10424,140.0521739130435,$0-1,0.37,638905.0
Gray Merchant of Asphodel,0.88,2.29,0.72,160.22727272727275,-18.181818181818183,2045.0,live,1.96024,122.75454545454544,$0-1,0.74,71021.0
Undergrowth Stadium,6.32,7.99,5.21,26.42405063291139,-17.563291139240512,1510.0,live,6.83944,8.218987341772142,$5-10,5.7,679638.0
Badgermole Cub,50.34,79.99,49.72,58.89948351211758,-1.2316249503377126,1574.0,live,68.47144,36.017957886372656,$50-100,47.02,660570.0
Bloodstained Mire,18.51,23.99,17.01,29.60561858454887,-8.103727714748784,1754.0,live,20.53544,10.942409508373832,$10-20,17.5,541275.0
City of Brass,12.17,16.99,10.09,39.60558751027114,-17.091207888249794,1670.0,live,14.54344,19.5023829087921,$10-20,10.48,679620.0
Honored Dreyleader,0.32,0.59,0.15,84.37499999999999,-53.125,1899.0,live,0.5050399999999999,57.82499999999997,$0-1,0.19,559634.0
Three Visits,5.3,6.99,4.94,31.8867924528302,-6.79245283018867,1612.0,live,5.98344,12.895094339622643,$5-10,5.0,687584.0
Tend the Pests,0.84,1.49,0.71,77.38095238095238,-15.476190476190476,1579.0,live,1.27544,51.83809523809523,$0-1,0.99,235947.0
Lightning Greaves,4.48,5.99,3.87,33.70535714285713,-13.616071428571436,1650.0,live,5.12744,14.451785714285704,$2-5,3.97,687611.0
Teacher's Pest,0.28,0.35,0.15,24.999999999999982,-46.42857142857144,2007.0,live,0.2996,6.999999999999981,$0-1,0.15,687493.0
"Michelangelo, Weirdness to 11",3.26,4.49,3.03,37.73006134969327,-7.05521472392638,1446.0,live,3.84344,17.89693251533744,$2-5,3.08,673569.0
Shifting Woodland,6.27,7.99,4.41,27.43221690590113,-29.66507177033492,1532.0,live,6.83944,9.08197767145136,$5-10,4.67,552727.0
Wisdom of Ages,0.31,0.49,0.15,58.06451612903225,-51.61290322580645,1680.0,live,0.41944,35.30322580645161,$0-1,0.15,686620.0
"Blech, Loafing Pest (Borderless)",2.4,1.99,0.98,-17.083333333333332,-59.16666666666666,1386.0,live,1.70344,-29.02333333333333,$2-5,,689060.0
Psychic Frog,5.67,8.49,4.39,49.73544973544974,-22.574955908289247,1875.0,live,7.26744,28.173544973544967,$5-10,5.0,541273.0
Jumbo Cactuar,4.44,5.99,2.85,34.909909909909906,-35.810810810810814,1418.0,live,5.12744,15.482882882882873,$2-5,,618858.0
Scurry Oak,2.51,3.49,1.23,39.04382470119524,-50.99601593625498,1536.0,live,2.9874400000000003,19.02151394422313,$2-5,1.5,239695.0
Bogwater Lumaret,0.27,0.35,0.15,29.62962962962961,-44.44444444444445,1990.0,live,0.2996,10.962962962962948,$0-1,0.15,686526.0
Dismember,2.51,3.49,1.92,39.04382470119524,-23.505976095617527,1462.0,live,2.9874400000000003,19.02151394422313,$2-5,2.08,688910.0
Island (0263) (Borderless),1.12,2.99,0.52,166.9642857142857,-53.57142857142857,3445.0,live,2.55944,128.52142857142854,$1-2,,638916.0
Doom Reigns Supreme,0.33,0.49,0.15,48.48484848484848,-54.54545454545456,1917.0,live,0.41944,27.10303030303029,$0-1,0.28,668473.0
Echoes of Eternity,2.35,2.49,0.53,5.957446808510643,-77.4468085106383,2303.0,live,2.13144,-9.300425531914897,$2-5,0.96,552173.0
Nature's Lore,2.75,4.49,2.58,63.27272727272728,-6.181818181818179,1845.0,live,3.84344,39.76145454545455,$2-5,2.9,687543.0
Springleaf Parade,8.68,12.99,8.32,49.65437788018434,-4.1474654377880125,2024.0,live,11.11944,28.104147465437784,$5-10,8.85,671172.0
Mountain (0265) (Borderless),1.65,3.99,1.27,141.81818181818184,-23.030303030303028,3615.0,live,3.4154400000000003,106.99636363636368,$1-2,,638918.0
Earthbender Ascension,2.08,2.99,1.47,43.75000000000001,-29.32692307692308,1662.0,live,2.55944,23.05,$2-5,1.72,662109.0
Moonmist,2.03,2.49,0.93,22.66009852216751,-54.18719211822659,2100.0,live,2.13144,4.99704433497538,$2-5,,52170.0
Dreamtide Whale,2.31,3.99,1.39,72.72727272727273,-39.82683982683983,1491.0,live,3.4154400000000003,47.85454545454546,$2-5,2.16,552815.0
Colorstorm Stallion,0.37,0.49,0.15,32.432432432432435,-59.45945945945946,2002.0,live,0.41944,13.36216216216216,$0-1,0.48,686531.0
Arcane Signet,0.64,1.29,0.45,101.5625,-29.6875,2345.0,live,1.10424,72.53750000000001,$0-1,0.53,687531.0
Drumbellower,1.83,2.49,1.55,36.06557377049181,-15.300546448087433,1925.0,live,2.13144,16.47213114754098,$1-2,1.76,687400.0
Avengers Assemble!,1.01,2.79,0.52,176.23762376237624,-48.51485148514851,1563.0,live,2.38824,136.45940594059408,$1-2,1.05,696255.0
Pox Plague,0.33,0.49,0.15,48.48484848484848,-54.54545454545456,1623.0,live,0.41944,27.10303030303029,$0-1,0.26,689477.0
Wildgrowth Archaic,0.33,0.49,0.15,48.48484848484848,-54.54545454545456,2160.0,live,0.41944,27.10303030303029,$0-1,0.25,688974.0
Sheltered by Ghosts,1.5,2.79,0.92,86.0,-38.66666666666666,2245.0,live,2.38824,59.216000000000015,$1-2,1.22,578877.0
Branching Evolution,6.79,9.99,5.72,47.12812960235641,-15.758468335787928,1314.0,live,8.55144,25.94167893961708,$5-10,6.6,553312.0
"Irma, Part-Time Mutant",4.81,7.49,4.12,55.71725571725573,-14.345114345114334,1712.0,live,6.41144,33.2939708939709,$2-5,4.63,679576.0
Price of Freedom,0.51,1.99,0.15,290.19607843137254,-70.58823529411764,3082.0,live,1.70344,234.0078431372549,$0-1,0.35,661887.0
Hardened Scales,2.24,3.99,1.91,78.12499999999999,-14.732142857142868,1796.0,live,3.4154400000000003,52.475,$2-5,1.99,687521.0
Kid Loki,0.27,0.35,0.15,29.62962962962961,-44.44444444444445,2052.0,live,0.2996,10.962962962962948,$0-1,0.16,696988.0
"Loki, God of Mischief (Borderless)",6.93,9.99,5.3,44.15584415584416,-23.52092352092352,1600.0,live,8.55144,23.3974025974026,$5-10,,696285.0
Fyndhorn Elves,2.21,3.49,2.34,57.91855203619911,5.882352941176466,1599.0,live,2.9874400000000003,35.17828054298644,$2-5,2.32,226624.0
Blasphemous Act,0.81,1.99,0.72,145.67901234567898,-11.11111111111112,2026.0,live,1.70344,110.30123456790122,$0-1,0.82,687417.0
Stargaze,0.2,0.35,0.15,74.99999999999997,-25.000000000000007,1717.0,live,0.2996,49.79999999999998,$0-1,0.15,688955.0
"Attuma, Atlantean Warlord",0.31,0.35,0.15,12.903225806451609,-51.61290322580645,1685.0,live,0.2996,-3.354838709677426,$0-1,0.15,668472.0
Super Intelligence,0.31,0.35,0.15,12.903225806451609,-51.61290322580645,2789.0,live,0.2996,-3.354838709677426,$0-1,0.15,696551.0
"Storm, Windrider (Borderless)",2.82,3.49,1.86,23.758865248226964,-34.042553191489354,1329.0,live,2.9874400000000003,5.937588652482287,$2-5,,696578.0
Grab the Prize,0.38,1.99,0.15,423.6842105263157,-60.526315789473685,2830.0,live,1.70344,348.2736842105263,$0-1,0.45,576881.0
"Green Goblin, Nemesis (Borderless)",16.18,15.99,12.64,-1.1742892459826917,-21.878862793572303,1433.0,live,13.68744,-15.405191594561185,$10-20,,621158.0
The Coming of Galactus,1.31,2.79,1.03,112.9770992366412,-21.37404580152672,1666.0,live,2.38824,82.30839694656488,$1-2,1.14,668454.0
Sneaky Snacker,0.29,0.79,0.15,172.41379310344828,-48.27586206896552,4301.0,live,0.6762400000000001,133.18620689655177,$0-1,0.28,553311.0
"Scriv, the Obligator (Borderless)",0.86,1.29,0.39,50.000000000000014,-54.65116279069767,1553.0,live,1.10424,28.400000000000013,$0-1,,687522.0
Blood Artist,2.13,3.99,2.17,87.32394366197185,1.8779342723004715,1812.0,live,3.4154400000000003,60.34929577464791,$2-5,2.06,687386.0
"Tippy-Toe, Terrific Partner",6.05,9.49,5.19,56.85950413223141,-14.21487603305784,1284.0,live,8.12344,34.2717355371901,$5-10,5.5,697396.0
Turbulent Springs,4.76,6.49,4.43,36.34453781512606,-6.9327731092437,1681.0,live,5.55544,16.710924369747904,$2-5,4.43,687601.0
Wave Goodbye,1.98,2.29,0.92,15.65656565656566,-53.535353535353536,1715.0,live,1.96024,-0.997979797979798,$1-2,1.12,679580.0
Pearl Medallion,5.43,6.99,4.5200000000000005,28.72928176795581,-16.758747697974204,1312.0,live,5.98344,10.192265193370169,$5-10,5.04,552307.0
"Berta, Wise Extrapolator",0.29,0.49,0.15,68.96551724137932,-48.27586206896552,1531.0,live,0.41944,44.63448275862069,$0-1,0.15,686530.0
Reconnaissance,3.78,7.99,4.16,111.3756613756614,10.052910052910065,1381.0,live,6.83944,80.93756613756614,$2-5,4.18,556010.0
Spire Garden,6.41,8.49,4.86,32.44929797191888,-24.180967238689544,1381.0,live,7.26744,13.376599063962551,$5-10,5.82,679633.0
Storm-Kiln Artist,1.4,2.29,1.37,63.57142857142859,-2.142857142857129,1756.0,live,1.96024,40.01714285714287,$1-2,1.45,687338.0
Construct a Cosmic Cube,0.34,0.49,0.15,44.11764705882352,-55.88235294117647,1877.0,live,0.41944,23.36470588235293,$0-1,0.22,696235.0
Eclipsed Steppe,2.82,5.49,2.31,94.6808510638298,-18.085106382978715,1751.0,live,4.69944,66.64680851063831,$2-5,2.58,687595.0
Sphere Grid,8.34,10.99,8.46,31.77458033573141,1.4388489208633213,1376.0,live,9.40744,12.799040767386083,$5-10,8.37,631529.0
Rogue's Passage,0.41,0.99,0.39,141.46341463414635,-4.878048780487796,2327.0,live,0.84744,106.69268292682928,$0-1,0.39,590880.0
Multiversal Incursion,1.25,2.29,1.0,83.2,-20.0,1680.0,live,1.96024,56.8192,$1-2,1.1,696276.0
Monument to Endurance,20.7,29.99,17.66,44.87922705314009,-14.685990338164247,1330.0,live,25.67144,24.01661835748791,$20-50,17.05,615741.0
"Mutagen Man, Living Ooze",1.6,2.29,0.78,43.125,-51.24999999999999,1397.0,live,1.96024,22.515,$1-2,1.02,673579.0
Rise of the Dark Realms,3.87,6.49,3.49,67.70025839793283,-9.81912144702842,1491.0,live,5.55544,43.551421188630485,$2-5,3.75,631576.0
Monologue Tax,1.86,2.49,1.17,33.87096774193549,-37.09677419354839,1950.0,live,2.13144,14.593548387096767,$1-2,1.8,687450.0
"Quicksilver, Brash Blur",0.36,0.49,0.15,36.11111111111112,-58.333333333333336,2640.0,live,0.41944,16.51111111111111,$0-1,0.19,668459.0
Propaganda,2.63,3.49,2.6,32.699619771863134,-1.1406844106463805,1438.0,live,2.9874400000000003,13.590874524714849,$2-5,3.0,556385.0
Grapeshot,0.28,0.59,0.22,110.71428571428568,-21.42857142857144,1781.0,live,0.5050399999999999,80.37142857142852,$0-1,0.25,457203.0
Archmage of Runes,3.15,4.99,2.86,58.412698412698425,-9.20634920634921,1361.0,live,4.27144,35.60126984126985,$2-5,3.4,589326.0
Twinflame,0.86,0.99,0.41,15.116279069767444,-52.32558139534884,2048.0,live,0.84744,-1.4604651162790716,$0-1,0.82,687235.0
Stroke of Midnight,0.36,0.79,0.2,119.44444444444446,-44.44444444444444,1773.0,live,0.6762400000000001,87.84444444444446,$0-1,0.4,589749.0
Lotus Field,2.45,3.49,2.08,42.44897959183673,-15.102040816326534,1794.0,live,2.9874400000000003,21.93632653061225,$2-5,2.19,687695.0
Counterspell,2.58,3.99,2.56,54.65116279069768,-0.7751937984496131,1514.0,live,3.4154400000000003,32.381395348837216,$2-5,2.08,457501.0
Reanimate,7.45,12.99,7.57,74.36241610738254,1.6107382550335587,1388.0,live,11.11944,49.254228187919445,$5-10,7.71,631573.0
Witch's Cottage,0.93,1.79,0.76,92.47311827956987,-18.27956989247312,1503.0,live,1.53224,64.75698924731182,$0-1,0.89,198390.0
Marauding Blight-Priest,0.35,0.39,0.15,11.42857142857144,-57.14285714285714,1678.0,live,0.33384,-4.617142857142844,$0-1,0.15,591730.0
The Vision (Borderless),2.51,3.49,1.45,39.04382470119524,-42.23107569721115,1334.0,live,2.9874400000000003,19.02151394422313,$2-5,,696446.0
Goldvein Hydra,2.97,4.49,2.34,51.178451178451176,-21.21212121212122,1607.0,live,3.84344,29.408754208754207,$2-5,2.89,687513.0
Disdainful Stroke,0.21,0.35,0.15,66.66666666666666,-28.57142857142857,1692.0,live,0.2996,42.66666666666666,$0-1,0.15,686636.0
Talisman of Creativity,2.13,2.99,1.77,40.37558685446011,-16.90140845070422,1735.0,live,2.55944,20.16150234741784,$2-5,1.96,687630.0
Emerald Medallion,3.42,4.99,3.12,45.90643274853802,-8.771929824561399,1360.0,live,4.27144,24.895906432748543,$2-5,3.2,552266.0
"Aurelia, the Warleader",4.61,5.49,3.5,19.088937093275486,-24.07809110629068,1438.0,live,4.69944,1.940130151843812,$2-5,4.4,591055.0
"Kediss, Emberclaw Familiar",4.8,9.49,4.99,97.70833333333334,3.9583333333333415,1330.0,live,8.12344,69.23833333333334,$2-5,5.83,226634.0
Negate,0.34,0.35,0.15,2.9411764705882213,-55.88235294117647,1740.0,live,0.2996,-11.882352941176483,$0-1,0.25,679073.0
Walking Ballista,7.24,8.99,7.47,24.171270718232044,3.1767955801104906,1355.0,live,7.69544,6.290607734806622,$5-10,7.25,631496.0
Sylvan Safekeeper,6.44,7.99,4.13,24.068322981366457,-35.86956521739131,1315.0,live,6.83944,6.202484472049679,$5-10,,548583.0
Mana Geyser,1.23,2.79,1.05,126.82926829268293,-14.634146341463412,1839.0,live,2.38824,94.1658536585366,$1-2,1.09,687428.0
Vision of Love,0.26,0.35,0.15,34.615384615384606,-42.30769230769232,2886.0,live,0.2996,15.230769230769218,$0-1,0.16,697038.0
Chomping Changeling,1.23,1.99,0.45,61.78861788617886,-63.41463414634146,1668.0,live,1.70344,38.49105691056912,$1-2,,671031.0
"Sanar, Unfinished Genius",0.29,0.35,0.15,20.6896551724138,-48.27586206896552,1701.0,live,0.2996,3.3103448275862064,$0-1,,686606.0
Scorched Geyser,1.65,2.49,1.04,50.90909090909093,-36.96969696969696,1680.0,live,2.13144,29.178181818181827,$1-2,1.69,687596.0
Adaptive Omnitool,1.71,3.49,1.68,104.09356725146202,-1.7543859649122824,1787.0,live,2.9874400000000003,74.70409356725149,$1-2,1.84,615159.0
High Fae Trickster,4.18,8.49,4.16,103.11004784688996,-0.4784688995215209,1279.0,live,7.26744,73.86220095693781,$2-5,4.52,590835.0
Sword of the Animist,5.48,6.49,5.19,18.43065693430656,-5.291970802919709,1347.0,live,5.55544,1.3766423357664144,$5-10,5.23,631215.0
Crime Novelist,1.03,1.99,0.44,93.20388349514562,-57.28155339805826,1730.0,live,1.70344,65.38252427184467,$1-2,0.77,532886.0
"Raph & Mikey, Troublemakers",2.67,5.49,1.04,105.6179775280899,-61.048689138576776,1515.0,live,4.69944,76.00898876404494,$2-5,,673671.0
Authority of the Consuls,4.57,6.49,4.11,42.01312910284464,-10.065645514223194,1369.0,live,5.55544,21.563238512035003,$2-5,4.16,591298.0
Springleaf Drum,0.35,0.99,0.15,182.8571428571429,-57.14285714285714,1801.0,live,0.84744,142.1257142857143,$0-1,0.35,671537.0
Pursue the Past,0.23,0.35,0.15,52.17391304347825,-34.78260869565218,2500.0,live,0.2996,30.260869565217373,$0-1,0.15,689526.0
Super-Adaptoid,0.37,0.49,0.15,32.432432432432435,-59.45945945945946,2063.0,live,0.41944,13.36216216216216,$0-1,0.2,697075.0
Sazh's Chocobo,0.88,0.49,0.15,-44.31818181818182,-82.95454545454545,1851.0,live,0.41944,-52.33636363636364,$0-1,0.21,618859.0
Peregrin Took,0.99,1.49,0.31,50.505050505050505,-68.68686868686868,1387.0,live,1.27544,28.832323232323223,$0-1,,498369.0
Beledros Witherbloom,1.57,2.79,1.01,77.70700636942675,-35.668789808917204,1670.0,live,2.38824,52.117197452229306,$1-2,1.3,687609.0
World War Hulk (Borderless),3.48,3.99,2.26,14.65517241379311,-35.05747126436782,1380.0,live,3.4154400000000003,-1.855172413793096,$2-5,,668470.0
Pitiless Plunderer,4.88,5.49,3.33,12.500000000000004,-31.762295081967213,1876.0,live,4.69944,-3.699999999999996,$2-5,3.81,631511.0
"Captain America, Wings of Freedom (Borderless)",2.1,1.99,0.46,-5.238095238095243,-78.0952380952381,1265.0,live,1.70344,-18.883809523809525,$2-5,,696627.0
Lorehold Charm,0.24,0.35,0.15,45.83333333333333,-37.5,1848.0,live,0.2996,24.83333333333333,$0-1,0.15,686553.0
"Ironheart, Clever Champion (Borderless)",2.37,1.99,1.42,-16.03375527426161,-40.084388185654014,1291.0,live,1.70344,-28.12489451476793,$2-5,,696656.0
Sundown Pass (Borderless),2.21,3.99,1.82,80.54298642533938,-17.647058823529406,1347.0,live,3.4154400000000003,54.54479638009051,$2-5,,686598.0
Arena of Glory,7.62,11.99,6.7700000000000005,57.3490813648294,-11.154855643044614,1438.0,live,10.26344,34.69081364829395,$5-10,7.14,553264.0
Metastatic Evangel,0.38,0.79,0.15,107.89473684210526,-60.526315789473685,1444.0,live,0.6762400000000001,77.95789473684212,$0-1,0.35,552831.0
Innkeeper's Talent,7.87,12.99,7.28,65.0571791613723,-7.496823379923759,1258.0,live,11.11944,41.28894536213468,$5-10,8.0,558695.0
Path of Ancestry,0.25,0.35,0.15,39.99999999999999,-40.0,1985.0,live,0.2996,19.83999999999999,$0-1,0.15,631295.0
Seeker of Skybreak,4.52,6.49,3.85,43.5840707964602,-14.823008849557512,2598.0,live,5.55544,22.907964601769923,$2-5,3.65,5717.0
Repulsive Mutation,0.71,1.79,0.62,152.11267605633805,-12.676056338028166,1361.0,live,1.53224,115.80845070422536,$0-1,0.82,534196.0
Bala Ged Recovery,6.15,7.99,6.18,29.918699186991866,0.4878048780487701,1250.0,live,6.83944,11.21040650406503,$5-10,,221901.0
"Doctor Octopus, Master Planner",9.58,8.99,7.28,-6.158663883089769,-24.00835073068893,1349.0,live,7.69544,-19.671816283924848,$5-10,7.97,646613.0
Consult the Star Charts,2.41,5.49,2.29,127.80082987551866,-4.979253112033199,1912.0,live,4.69944,94.99751037344396,$2-5,2.59,642437.0
Turbulent Steppe,3.78,6.49,3.12,71.69312169312171,-17.460317460317455,1643.0,live,5.55544,46.969312169312175,$2-5,3.83,687602.0
"Iron Man, Master of Machines",0.29,0.35,0.15,20.6896551724138,-48.27586206896552,1481.0,live,0.2996,3.3103448275862064,$0-1,0.15,696321.0
Stensian Sanguinist,4.62,8.49,4.09,83.76623376623377,-11.471861471861477,1342.0,live,7.26744,57.30389610389609,$2-5,,687354.0
"Kutzil, Malamet Exemplar (Showcase)",2.13,3.99,2.03,87.32394366197185,-4.694835680751178,1469.0,live,3.4154400000000003,60.34929577464791,$2-5,,525624.0
Monica Rambeau,1.3,2.99,1.04,130.0,-20.0,1487.0,live,2.55944,96.88,$1-2,,696258.0
Swamp (0264) (Borderless),1.36,2.29,0.96,68.38235294117646,-29.41176470588236,3269.0,live,1.96024,44.13529411764704,$1-2,,638917.0
Vivi Ornitier,37.6,42.99,33.28,14.335106382978724,-11.48936170212766,1292.0,live,36.79944,-2.129148936170205,$20-50,36.45,631015.0
Swamp (0300),0.3,1.29,0.15,330.0,-50.0,4263.0,live,1.10424,268.08000000000004,$0-1,,630888.0
"Longshot, Rebel Bowman",8.63,12.99,6.78,50.521436848203926,-21.43684820393975,1260.0,live,11.11944,28.84634994206255,$5-10,7.25,662414.0
Bloodline Bidding,2.17,2.49,1.29,14.746543778801858,-40.55299539170507,1450.0,live,2.13144,-1.7769585253456188,$2-5,1.24,671483.0
Preordain,2.49,2.99,1.01,20.08032128514056,-59.43775100401607,1377.0,live,2.55944,2.78875502008031,$2-5,2.09,688900.0
Flare of Duplication,1.69,2.29,1.08,35.502958579881664,-36.094674556213015,1854.0,live,1.96024,15.990532544378702,$1-2,1.63,552312.0
Eldrazi Conscription,1.23,1.79,0.68,45.52845528455285,-44.71544715447154,2012.0,live,1.53224,24.57235772357724,$1-2,,687643.0
Flashback (Extended Art),5.99,8.99,4.76,50.08347245409015,-20.534223706176967,1275.0,live,7.69544,28.47145242070116,$5-10,,688522.0
Fellwar Stone,1.01,1.79,0.72,77.22772277227723,-28.71287128712872,2052.0,live,1.53224,51.70693069306931,$1-2,0.8,687597.0
Iridescent Hornbeetle,0.33,0.99,0.15,200.0,-54.54545454545456,1666.0,live,0.84744,156.79999999999995,$0-1,,222034.0
Shamanic Revelation,1.57,2.49,0.97,58.59872611464969,-38.21656050955414,1234.0,live,2.13144,35.76050955414012,$1-2,2.22,688940.0
Aftermath Analyst,0.81,0.99,0.7000000000000001,22.22222222222221,-13.580246913580243,1370.0,live,0.84744,4.622222222222212,$0-1,0.83,533918.0
Thor Odinson,0.28,0.35,0.15,24.999999999999982,-46.42857142857144,1545.0,live,0.2996,6.999999999999981,$0-1,0.15,696329.0
Deathcap Glade (Borderless),2.36,4.49,2.08,90.2542372881356,-11.864406779661008,1300.0,live,3.84344,62.85762711864409,$2-5,,686592.0
"Sram, Senior Edificer",0.78,1.49,0.58,91.025641025641,-25.64102564102565,1971.0,live,1.27544,63.51794871794871,$0-1,0.64,687537.0
Inspiring Call,0.36,0.69,0.15,91.66666666666666,-58.333333333333336,1387.0,live,0.5906399999999999,64.06666666666666,$0-1,,591317.0
Changeling Outcast,1.71,1.49,1.29,-12.865497076023392,-24.561403508771924,1649.0,live,1.27544,-25.412865497076027,$1-2,1.7,190942.0
Sheoldred's Edict,2.17,2.49,1.0,14.746543778801858,-53.91705069124424,1306.0,live,2.13144,-1.7769585253456188,$2-5,0.99,689361.0
Artist's Talent,4.94,9.99,4.36,102.22672064777328,-11.74089068825911,1386.0,live,8.55144,73.1060728744939,$2-5,5.8,558442.0
Emergence Zone,4.17,5.99,3.85,43.64508393285372,-7.67386091127098,1345.0,live,5.12744,22.960191846522783,$2-5,4.04,187125.0
Gitaxian Probe,3.77,4.99,3.12,32.360742705570296,-17.241379310344826,1300.0,live,4.27144,13.300795755968172,$2-5,3.3,39521.0
"Veyran, Voice of Duality",1.63,3.99,0.98,144.78527607361966,-39.87730061349693,1639.0,live,3.4154400000000003,109.53619631901844,$1-2,1.17,687658.0
Clever Concealment,5.52,6.99,5.48,26.63043478260871,-0.7246376811594049,1369.0,live,5.98344,8.39565217391305,$5-10,5.75,631155.0
Darksteel Plate,4.58,6.49,4.2,41.70305676855895,-8.296943231441045,1278.0,live,5.55544,21.29781659388646,$2-5,4.14,631209.0
Turbulent Moor,5.49,6.49,4.67,18.21493624772313,-14.936247723132972,1568.0,live,5.55544,1.1919854280509967,$5-10,5.33,687599.0
Arcane Denial,1.78,3.49,1.52,96.06741573033707,-14.606741573033707,1926.0,live,2.9874400000000003,67.83370786516856,$1-2,2.21,687387.0
Mystic Sanctuary,1.01,2.79,1.02,176.23762376237624,0.990099009900991,1893.0,live,2.38824,136.45940594059408,$1-2,1.15,199417.0
Forest (0266) (Borderless),1.07,2.79,0.64,160.74766355140187,-40.18691588785048,3165.0,live,2.38824,123.2,$1-2,,638919.0
Joined Researchers,0.28,0.49,0.15,74.99999999999997,-46.42857142857144,1474.0,live,0.41944,49.799999999999976,$0-1,,686532.0
Fiery Inscription,0.43,0.99,0.28,130.2325581395349,-34.88372093023256,1657.0,live,0.84744,97.07906976744188,$0-1,0.44,499208.0
Splinter's Technique,1.85,2.99,1.26,61.62162162162163,-31.89189189189189,1416.0,live,2.55944,38.3481081081081,$1-2,2.28,673619.0
Stormcarved Coast (Borderless),2.17,3.99,2.29,83.8709677419355,5.529953917050697,1301.0,live,3.4154400000000003,57.39354838709679,$2-5,,686596.0
Amphibian Downpour,1.5,2.49,0.93,66.00000000000001,-37.99999999999999,1407.0,live,2.13144,42.096,$1-2,1.42,552794.0
Toxic Deluge,5.08,6.49,4.26,27.755905511811022,-16.14173228346457,1542.0,live,5.55544,9.359055118110234,$5-10,4.56,687372.0
Gift of the Viper,0.27,0.35,0.15,29.62962962962961,-44.44444444444445,1608.0,live,0.2996,10.962962962962948,$0-1,0.2,553321.0
Comforting Counsel,0.35,0.49,0.15,40.00000000000001,-57.14285714285714,1473.0,live,0.41944,19.840000000000003,$0-1,0.19,689503.0
"The Sentry, Golden Guardian (Borderless)",1.84,1.79,0.91,-2.7173913043478284,-50.54347826086957,1308.0,live,1.53224,-16.72608695652174,$1-2,,696269.0
Raph's Jitte - Umezawa's Jitte (Borderless),3.11,7.99,2.07,156.91318327974278,-33.44051446945338,1465.0,live,6.83944,119.9176848874598,$2-5,,679213.0
Inkshield,5.1,8.49,4.16,66.47058823529413,-18.4313725490196,1519.0,live,7.26744,42.498823529411766,$5-10,4.88,686693.0
Fin Fang Foom,0.28,0.49,0.15,74.99999999999997,-46.42857142857144,2073.0,live,0.41944,49.799999999999976,$0-1,0.18,696563.0
Vision Quest,0.3,0.49,0.15,63.33333333333334,-50.0,1938.0,live,0.41944,39.81333333333333,$0-1,0.2,696864.0
"Aang, Swift Savior",2.34,3.99,1.32,70.51282051282053,-43.589743589743584,1472.0,live,3.4154400000000003,45.95897435897438,$2-5,,661919.0
Archaeomancer's Map,1.18,2.29,1.04,94.06779661016952,-11.864406779661008,1574.0,live,1.96024,66.12203389830509,$1-2,1.27,687374.0
Big Mother Mouser,3.22,2.29,0.76,-28.881987577639755,-76.3975155279503,1816.0,live,1.96024,-39.12298136645963,$2-5,1.05,679602.0
Adventurer's Inn,0.34,0.35,0.15,2.9411764705882213,-55.88235294117647,1847.0,live,0.2996,-11.882352941176483,$0-1,0.21,630853.0
Collective Inferno,1.51,2.49,0.78,64.90066225165563,-48.34437086092715,1427.0,live,2.13144,41.15496688741722,$1-2,,671501.0
Airbender Ascension,1.33,2.29,0.44,72.18045112781954,-66.9172932330827,1478.0,live,1.96024,47.38646616541352,$1-2,1.07,660496.0
Impolite Entrance,0.32,0.79,0.15,146.875,-53.125,1330.0,live,0.6762400000000001,111.325,$0-1,0.25,671503.0
Command Tower,0.4,0.79,0.22,97.5,-45.0,1842.0,live,0.6762400000000001,69.06000000000002,$0-1,0.22,687664.0
"Primo, the Unbounded (Borderless)",1.26,1.29,0.41,2.3809523809523827,-67.46031746031747,1710.0,live,1.10424,-12.361904761904754,$1-2,,687516.0
Level Up,2.6,3.49,2.07,34.23076923076923,-20.3846153846154,1383.0,live,2.9874400000000003,14.901538461538468,$2-5,2.25,679160.0
"Hawkeye, Master Marksman",0.32,0.49,0.15,53.12499999999999,-53.125,2129.0,live,0.41944,31.074999999999992,$0-1,0.21,696564.0
Glimpse the Impossible,0.32,0.49,0.15,53.12499999999999,-53.125,1720.0,live,0.41944,31.074999999999992,$0-1,0.16,552276.0
Sunpetal Grove,0.34,0.49,0.3,44.11764705882352,-11.764705882352953,1562.0,live,0.41944,23.36470588235293,$0-1,0.32,631285.0
Stormchaser's Talent,4.29,8.49,3.89,97.9020979020979,-9.324009324009324,1578.0,live,7.26744,69.4041958041958,$2-5,3.9,559757.0
Anguished Unmaking,1.35,2.79,1.03,106.66666666666669,-23.703703703703702,1768.0,live,2.38824,76.90666666666667,$1-2,1.1,686691.0
Aettir and Priwen,11.59,12.99,10.23,12.07937877480587,-11.734253666954263,1168.0,live,11.11944,-4.060051768766184,$10-20,10.3,633148.0
Bloodroot Apothecary,4.99,5.49,3.42,10.02004008016032,-31.46292585170341,2025.0,live,4.69944,-5.822845691382769,$2-5,,559991.0
Chronicle of Victory,19.93,29.99,19.79,50.47666833918715,-0.7024586051179156,1195.0,live,25.67144,28.80802809834419,$10-20,19.26,670957.0
Caretaker's Talent,8.52,13.99,8.09,64.20187793427232,-5.046948356807509,1164.0,live,11.97544,40.55680751173711,$5-10,7.98,559638.0
Turbulent Wilderness,4.73,5.99,4.2700000000000005,26.63847780126849,-9.725158562367865,1538.0,live,5.12744,8.402536997885825,$2-5,4.44,687605.0
Corrupted Conviction,0.23,1.79,0.15,678.2608695652174,-34.78260869565218,1592.0,live,1.53224,566.1913043478261,$0-1,0.31,544718.0
Flare of Fortitude,4.06,5.99,3.31,47.5369458128079,-18.47290640394088,1252.0,live,5.12744,26.29162561576356,$2-5,3.62,552293.0
"Jadar, Ghoulcaller of Nephalia",1.11,2.29,0.84,106.30630630630628,-24.324324324324333,1745.0,live,1.96024,76.59819819819819,$1-2,0.82,687431.0
"Black Widow, Super Spy",1.6,4.49,0.96,180.625,-40.00000000000001,1741.0,live,3.84344,140.215,$1-2,1.94,696996.0
Three Tree City,26.61,34.99,26.9,31.491920330702754,1.0898158586997335,1162.0,live,29.95144,12.557083803081555,$20-50,26.07,558355.0
Patchwork Banner,2.22,3.49,2.01,57.2072072072072,-9.459459459459476,1976.0,live,2.9874400000000003,34.569369369369376,$2-5,2.09,559478.0
"Phelia, Exuberant Shepherd",5.47,8.49,3.94,55.21023765996345,-27.9707495429616,1551.0,live,7.26744,32.8599634369287,$5-10,4.25,548602.0
"Killian, Decisive Mentor (Borderless)",0.87,0.99,0.17,13.79310344827586,-80.45977011494251,1474.0,live,0.84744,-2.5931034482758646,$0-1,,686629.0
Command Tower,0.36,0.79,0.26,119.44444444444446,-27.77777777777777,1546.0,live,0.6762400000000001,87.84444444444446,$0-1,0.25,687664.0
Ninja Teen,1.27,1.49,0.4,17.32283464566929,-68.50393700787401,1289.0,live,1.27544,0.4283464566929047,$1-2,1.11,673606.0
Crashing Drawbridge,0.7,1.79,0.52,155.71428571428575,-25.714285714285705,1514.0,live,1.53224,118.89142857142858,$0-1,,199543.0
The Walls of Ba Sing Se,22.92,34.99,20.84,52.661431064572426,-9.07504363001746,1136.0,live,29.95144,30.678184991273994,$20-50,20.85,662549.0
Runaway Steam-Kin,1.66,2.79,1.25,68.07228915662652,-24.69879518072289,1305.0,live,2.38824,43.8698795180723,$1-2,1.63,176427.0
"Doc Samson, Super Psychiatrist",0.27,0.35,0.15,29.62962962962961,-44.44444444444445,1943.0,live,0.2996,10.962962962962948,$0-1,0.15,696495.0
"Gyome, Master Chef",1.01,1.49,0.45,47.52475247524752,-55.44554455445545,1713.0,live,1.27544,26.28118811881188,$1-2,0.74,687634.0
Abandon Attachments,0.36,0.39,0.15,8.333333333333341,-58.333333333333336,2412.0,live,0.33384,-7.266666666666656,$0-1,0.3,649367.0
Buster Sword,49.49,64.99,43.89,31.31945847645988,-11.315417256011315,1115.0,live,55.63144,12.409456455849655,$20-50,42.4,632704.0
Phyrexian Arena,4.31,5.49,4.14,27.378190255220435,-3.944315545243618,1192.0,live,4.69944,9.035730858468687,$2-5,4.03,589432.0
Ouroboroid,34.63,42.99,30.21,24.140918278948885,-12.763499855616525,1226.0,live,36.79944,6.264626046780252,$20-50,29.4,641733.0
Super-Skrull,0.27,0.49,0.15,81.48148148148147,-44.44444444444445,1695.0,live,0.41944,55.34814814814813,$0-1,0.15,668463.0
Leyline Axe,2.47,4.99,1.3,102.0242914979757,-47.36842105263158,1324.0,live,4.27144,72.9327935222672,$2-5,1.38,591207.0
Bloom Tender,12.81,17.99,12.11,40.43715846994534,-5.464480874316948,1176.0,live,15.399439999999998,20.21420765027321,$10-20,13.45,671067.0
Unbound Flourishing,1.99,2.99,1.64,50.251256281407045,-17.587939698492466,1671.0,live,2.55944,28.61507537688442,$1-2,1.92,687465.0
"Rionya, Fire Dancer",0.47,0.49,0.2,4.255319148936175,-57.44680851063829,1962.0,live,0.41944,-10.757446808510638,$0-1,,687423.0
Tataru Taru,8.1,9.99,8.120000000000001,23.333333333333343,0.2469135802469302,1887.0,live,8.55144,5.573333333333332,$5-10,8.13,631106.0
Culling Ritual,1.19,1.49,0.79,25.21008403361345,-33.613445378151255,1222.0,live,1.27544,7.179831932773107,$1-2,1.09,689391.0
Cursed Mirror,0.47,0.79,0.33,68.08510638297875,-29.787234042553184,1737.0,live,0.6762400000000001,43.88085106382981,$0-1,0.44,687394.0
Shattered Sanctum (Borderless),2.22,4.49,1.51,102.25225225225223,-31.98198198198199,1237.0,live,3.84344,73.12792792792791,$2-5,,686594.0
Enter the Enigma,0.35,0.99,0.15,182.8571428571429,-57.14285714285714,1484.0,live,0.84744,142.1257142857143,$0-1,0.3,578054.0
Ashnod's Altar,15.59,16.99,12.19,8.980115458627317,-21.808851828094937,1160.0,live,14.54344,-6.713021167415017,$10-20,8.0,3360.0
Hop to It,0.23,0.35,0.15,52.17391304347825,-34.78260869565218,1629.0,live,0.2996,30.260869565217373,$0-1,0.15,688867.0
Rhystic Study,60.17,79.99,55.91,32.94000332391556,-7.079940169519702,1168.0,live,68.47144,13.796642845271728,$50-100,52.09,7357.0
Academy Ruins,5.28,8.49,4.08,60.79545454545454,-22.72727272727273,1183.0,live,7.26744,37.64090909090908,$5-10,,615224.0
Super Shredder,19.3,21.99,18.75,13.93782383419688,-2.8497409326424905,1210.0,live,18.82344,-2.469222797927475,$10-20,18.0,657755.0
Glimpse of Nature,0.94,1.29,0.25,37.2340425531915,-73.40425531914893,1331.0,live,1.10424,17.472340425531932,$0-1,1.3,688851.0
Turbulent Fen,6.17,7.49,5.93,21.393841166936795,-3.88978930307942,1481.0,live,6.41144,3.913128038897891,$5-10,5.96,687598.0
Stump Stomp,0.36,0.99,0.15,175.0,-58.333333333333336,1360.0,live,0.84744,135.4,$0-1,,552648.0
Fire Magic,0.85,0.99,0.15,16.47058823529412,-82.35294117647058,1642.0,live,0.84744,-0.3011764705882361,$0-1,0.89,630969.0
Naktamun Lorespinner,1.9,2.79,1.14,46.842105263157904,-40.0,1569.0,live,2.38824,25.696842105263173,$1-2,,687356.0
Erode (Extended Art),7.37,11.99,6.68,62.68656716417911,-9.362279511533249,1255.0,live,10.26344,39.2597014925373,$5-10,,688652.0
Scurry of Squirrels,5.43,4.99,4.2700000000000005,-8.103130755064448,-21.362799263351736,2362.0,live,4.27144,-21.33627992633517,$5-10,4.36,560006.0
Sol Ring,1.61,2.79,1.35,73.2919254658385,-16.149068322981368,2241.0,live,2.38824,48.33788819875776,$1-2,1.44,687542.0
Sewer-veillance Cam,0.31,0.35,0.15,12.903225806451609,-51.61290322580645,2104.0,live,0.2996,-3.354838709677426,$0-1,0.25,679787.0
Currency Converter,1.69,2.49,1.44,47.3372781065089,-14.792899408284024,1907.0,live,2.13144,26.120710059171603,$1-2,1.91,687590.0
Blasphemous Edict,4.52,6.99,4.12,54.64601769911507,-8.849557522123883,1224.0,live,5.98344,32.376991150442485,$2-5,4.18,591770.0
Liquimetal Torque,3.91,4.99,3.12,27.621483375959084,-20.20460358056266,1162.0,live,4.27144,9.24398976982097,$2-5,3.45,239836.0
Enduring Innocence,3.44,6.99,3.0500000000000003,103.19767441860466,-11.337209302325572,1269.0,live,5.98344,73.93720930232558,$2-5,4.09,575047.0
Plains (0262) (Borderless),0.92,1.79,0.44,94.56521739130434,-52.17391304347826,3001.0,live,1.53224,66.54782608695652,$0-1,,638915.0
Brushland,0.42,1.29,0.36,207.1428571428572,-14.285714285714285,1773.0,live,1.10424,162.91428571428577,$0-1,0.4,631253.0
Guardian Augmenter,1.01,1.99,0.39,97.02970297029702,-61.38613861386138,1741.0,live,1.70344,68.65742574257426,$1-2,0.56,687518.0
Ninja Pizza,3.19,4.99,2.6,56.42633228840126,-18.49529780564263,1480.0,live,4.27144,33.90094043887148,$2-5,2.66,679161.0
"Nick Fury, Agent of S.H.I.E.L.D.",0.32,0.49,0.15,53.12499999999999,-53.125,1876.0,live,0.41944,31.074999999999992,$0-1,0.16,696536.0
"Torbran, Thane of Red Fell",3.87,5.99,3.35,54.78036175710594,-13.436692506459949,1304.0,live,5.12744,32.49198966408268,$2-5,3.78,199556.0
Anticausal Vestige,1.37,1.99,0.77,45.255474452554736,-43.79562043795621,1328.0,live,1.70344,24.33868613138685,$1-2,1.1,641717.0
Troll of Khazad-dum,0.75,1.79,0.4,138.66666666666669,-46.66666666666666,2175.0,live,1.53224,104.29866666666668,$0-1,,498752.0
"Spider-Woman, Stunning Savior",1.93,2.49,0.5700000000000001,29.01554404145079,-70.46632124352331,1276.0,live,2.13144,10.437305699481868,$1-2,1.0,651943.0
Daze,0.96,2.29,0.84,138.54166666666669,-12.5,1231.0,live,1.96024,104.19166666666668,$0-1,1.09,688901.0
Violent Outburst,3.75,5.99,1.4,59.73333333333334,-62.66666666666667,2852.0,live,5.12744,36.73173333333333,$2-5,,31833.0
Kami of Whispered Hopes,2.79,3.99,2.08,43.01075268817205,-25.44802867383512,1166.0,live,3.4154400000000003,22.41720430107528,$2-5,,687525.0
Big Score,1.41,2.79,0.71,97.87234042553192,-49.645390070921984,1133.0,live,2.38824,69.37872340425534,$1-2,1.37,688726.0
Voice of Victory,17.44,27.99,15.63,60.49311926605503,-10.37844036697248,1232.0,live,23.95944,37.38211009174309,$10-20,16.97,623897.0
Red Elemental Blast,3.81,5.49,3.02,44.09448818897639,-20.73490813648294,2085.0,live,4.69944,23.34488188976378,$2-5,,1537.0
"Dawnsire, Sunstar Dreadnought",7.31,8.99,5.91,22.98221614227087,-19.15184678522571,1148.0,live,7.69544,5.2727770177838575,$5-10,6.08,642112.0
Expansion Algorithm,2.17,2.79,1.56,28.571428571428577,-28.110599078341007,1515.0,live,2.38824,10.057142857142868,$2-5,2.27,687344.0
Bitterbloom Bearer,15.44,21.99,15.61,42.42227979274611,1.1010362694300513,1128.0,live,18.82344,21.913471502590664,$10-20,15.0,656652.0
Guide of Souls,3.08,3.99,1.54,29.545454545454547,-50.0,1555.0,live,3.4154400000000003,10.890909090909098,$2-5,2.43,552731.0
Kessig Flamebreather,4.08,4.99,3.4,22.30392156862745,-16.66666666666667,2467.0,live,4.27144,4.692156862745099,$2-5,4.0,253555.0
Pyroblast,8.77,13.99,6.25,59.52109464082099,-28.73432155074116,1811.0,live,11.97544,36.55005701254277,$5-10,,4848.0
Rogue's Passage,0.42,0.99,0.38,135.71428571428575,-9.523809523809518,1667.0,live,0.84744,101.77142857142856,$0-1,0.38,590880.0
Path to Exile,1.17,2.79,1.04,138.46153846153848,-11.111111111111102,1567.0,live,2.38824,104.12307692307694,$1-2,1.15,687458.0
Eumidian Terrabotanist,0.34,0.35,0.15,2.9411764705882213,-55.88235294117647,1372.0,live,0.2996,-11.882352941176483,$0-1,0.26,644603.0
Skullclamp,6.69,8.99,5.21,34.3796711509716,-22.122571001494773,1244.0,live,7.69544,15.028998505231678,$5-10,5.9,631240.0
Multiversal Passage,7.29,9.99,5.68,37.03703703703704,-22.08504801097394,1312.0,live,8.55144,17.303703703703697,$5-10,5.8,646661.0
Full Throttle,6.62,6.99,5.63,5.589123867069488,-14.954682779456196,1137.0,live,5.98344,-9.615709969788524,$5-10,5.41,614490.0
Oakhollow Village,0.5,0.79,0.15,58.00000000000001,-70.0,1510.0,live,0.6762400000000001,35.24800000000001,$0-1,0.4,558611.0
"Ardenn, Intrepid Archaeologist",5.73,5.99,4.55,4.537521815008723,-20.593368237347303,1131.0,live,5.12744,-10.515881326352536,$5-10,5.34,226861.0
Fire Nation Palace,2.37,2.79,0.67,17.72151898734177,-71.72995780590718,1230.0,live,2.38824,0.7696202531645584,$2-5,,662045.0
Arc Reactor (Borderless),2.62,2.79,0.72,6.488549618320608,-72.51908396946564,1246.0,live,2.38824,-8.845801526717556,$2-5,,696350.0
Gleaming Bastion (Borderless),3.33,4.99,3.28,49.84984984984985,-1.5015015015015094,1353.0,live,4.27144,28.27147147147147,$2-5,,696445.0
Pest Infestation,0.54,0.79,0.48,46.29629629629629,-11.11111111111112,1457.0,live,0.6762400000000001,25.229629629629635,$0-1,0.5,687560.0
Primordial Hydra,1.42,1.49,1.06,4.929577464788737,-25.352112676056333,1861.0,live,1.27544,-10.180281690140848,$1-2,1.24,687566.0
Damning Verdict,3.48,6.49,3.35,86.49425287356323,-3.735632183908043,1287.0,live,5.55544,59.63908045977011,$2-5,3.29,631176.0
Frog Butler,0.28,0.35,0.15,24.999999999999982,-46.42857142857144,1552.0,live,0.2996,6.999999999999981,$0-1,0.15,679846.0
Tyvar's Stand,0.65,1.99,0.65,206.15384615384613,0.0,1805.0,live,1.70344,162.06769230769234,$0-1,0.83,687589.0
"Iron Man, Bleeding Edge",7.72,9.99,7.62,29.40414507772021,-1.2953367875647623,1066.0,live,8.55144,10.769948186528492,$5-10,8.46,696388.0
Thunderclap Drake,0.6,0.99,0.26,65.0,-56.66666666666666,1786.0,live,0.84744,41.24,$0-1,0.59,687463.0
Starfield Vocalist,1.48,1.99,0.62,34.45945945945946,-58.108108108108105,1425.0,live,1.70344,15.097297297297304,$1-2,1.04,641740.0
Rapturous Moment,0.26,0.35,0.15,34.615384615384606,-42.30769230769232,1451.0,live,0.2996,15.230769230769218,$0-1,0.15,688526.0
Firemane Commando,1.0,1.99,0.77,99.0,-23.0,1892.0,live,1.70344,70.34400000000001,$1-2,0.79,687409.0
"Iron Spider, Stark Upgrade",2.36,3.49,0.62,47.881355932203405,-73.72881355932202,1174.0,live,2.9874400000000003,26.586440677966124,$2-5,,646635.0
The Last Agni Kai,2.76,3.99,1.28,44.565217391304365,-53.62318840579709,1206.0,live,3.4154400000000003,23.747826086956543,$2-5,1.95,660545.0
Dreamroot Cascade (Borderless),1.65,2.49,0.96,50.90909090909093,-41.81818181818181,1198.0,live,2.13144,29.178181818181827,$1-2,,686593.0
Up the Beanstalk,2.29,2.99,1.13,30.56768558951965,-50.655021834061145,1269.0,live,2.55944,11.765938864628817,$2-5,,513095.0
Berserk,7.32,8.49,7.15,15.983606557377048,-2.3224043715846987,1125.0,live,7.26744,-0.7180327868852542,$5-10,8.0,688848.0
Nightscape Familiar,0.38,0.79,0.28,107.89473684210526,-26.315789473684205,1293.0,live,0.6762400000000001,77.95789473684212,$0-1,,457510.0
Swiftfoot Boots,2.37,3.99,2.36,68.35443037974683,-0.421940928270052,1393.0,live,3.4154400000000003,44.11139240506329,$2-5,2.33,591210.0
Path of Ancestry,0.33,0.35,0.15,6.060606060606049,-54.54545454545456,2221.0,live,0.2996,-9.212121212121223,$0-1,0.15,631295.0
Nature's Lore,2.83,4.49,2.59,58.65724381625442,-8.480565371024742,1131.0,live,3.84344,35.810600706713785,$2-5,2.9,687543.0
Loading Zone,1.32,1.79,0.52,35.6060606060606,-60.60606060606061,1611.0,live,1.53224,16.078787878787875,$1-2,,644620.0
Panharmonicon,6.99,9.99,5.55,42.91845493562232,-20.60085836909872,1262.0,live,8.55144,22.33819742489269,$5-10,5.38,615216.0
Super-Soldier Serum (Borderless),1.36,1.99,0.93,46.323529411764696,-31.61764705882353,1279.0,live,1.70344,25.252941176470586,$1-2,,696468.0
Cori-Steel Cutter,5.64,8.49,3.69,50.53191489361704,-34.57446808510638,1442.0,live,7.26744,28.85531914893617,$5-10,4.74,624578.0
Hidden Lair (Borderless),4.21,6.99,3.34,66.0332541567696,-20.665083135391924,1346.0,live,5.98344,42.12446555819477,$2-5,,696442.0
Beast Within,0.59,1.49,0.51,152.54237288135596,-13.5593220338983,1505.0,live,1.27544,116.17627118644069,$0-1,0.6,687484.0
"Ms. Marvel, Kamala Khan",0.32,0.49,0.15,53.12499999999999,-53.125,1938.0,live,0.41944,31.074999999999992,$0-1,0.25,696548.0
Cloud Key,1.98,3.49,2.14,76.26262626262627,8.080808080808088,1417.0,live,2.9874400000000003,50.880808080808094,$1-2,2.96,642824.0
Commander's Sphere,0.38,0.49,0.15,28.947368421052627,-60.526315789473685,1966.0,live,0.41944,10.378947368421048,$0-1,0.16,499563.0
Geometer's Arthropod,0.29,0.49,0.15,68.96551724137932,-48.27586206896552,1366.0,live,0.41944,44.63448275862069,$0-1,0.3,688828.0
Dramatic Reversal,0.58,0.99,0.32,70.68965517241381,-44.82758620689655,1260.0,live,0.84744,46.11034482758621,$0-1,0.54,123110.0
"Mikey & Leo, Chaos & Order",1.62,1.99,1.06,22.839506172839496,-34.567901234567906,1159.0,live,1.70344,5.150617283950614,$1-2,1.47,673659.0
Orim's Chant,5.76,8.99,4.16,56.07638888888889,-27.77777777777777,1422.0,live,7.69544,33.60138888888889,$5-10,6.56,548578.0
Brainsurge,0.37,0.99,0.15,167.56756756756758,-59.45945945945946,1701.0,live,0.84744,129.03783783783786,$0-1,,552298.0
Flare of Malice,1.65,3.49,1.03,111.51515151515154,-37.57575757575757,1396.0,live,2.9874400000000003,81.05696969696973,$1-2,1.61,552274.0
Moonshadow,11.73,16.99,7.8,44.84228473998293,-33.50383631713555,1417.0,live,14.54344,23.98499573742539,$10-20,7.52,671780.0
Writhing Chrysalis,0.2,0.79,0.15,295.0,-25.000000000000007,3056.0,live,0.6762400000000001,238.12000000000003,$0-1,0.2,551669.0
Donnie's Bo - Shadowspear (Borderless),19.81,27.99,20.6,41.29227662796568,3.9878849066128352,1093.0,live,23.95944,20.94618879353861,$10-20,,679211.0
Tendershoot Dryad,1.04,1.99,0.89,91.34615384615384,-14.423076923076923,1336.0,live,1.70344,63.792307692307695,$1-2,1.19,687459.0
Take Up the Shield (Borderless),0.28,0.35,0.15,24.999999999999982,-46.42857142857144,1549.0,live,0.2996,6.999999999999981,$0-1,,696976.0
"Krenko, Mob Boss",1.93,1.99,0.91,3.108808290155443,-52.84974093264248,1429.0,live,1.70344,-11.738860103626935,$1-2,1.07,591313.0
Sejiri Shelter,2.05,3.49,2.24,70.24390243902442,9.268292682926848,1360.0,live,2.9874400000000003,45.7287804878049,$2-5,,221899.0
Frantic Search,0.78,1.49,0.72,91.025641025641,-7.692307692307699,1188.0,live,1.27544,63.51794871794871,$0-1,0.88,457177.0
Sprout Swarm,5.6,2.99,3.8,-46.60714285714285,-32.14285714285714,1209.0,live,2.55944,-54.29571428571428,$5-10,,14996.0
"Captain Marvel, Earth's Protector",0.75,1.49,0.38,98.66666666666669,-49.333333333333336,1609.0,live,1.27544,70.05866666666665,$0-1,0.48,696256.0
"Uthros, Titanic Godcore",12.32,18.99,11.31,54.13961038961037,-8.198051948051946,1084.0,live,16.25544,31.94350649350649,$10-20,11.36,641748.0
Informed Inkwright,0.29,0.49,0.15,68.96551724137932,-48.27586206896552,1705.0,live,0.41944,44.63448275862069,$0-1,0.19,689047.0
Aetherize,0.44,0.99,0.25,125.0,-43.18181818181818,1574.0,live,0.84744,92.6,$0-1,0.3,591162.0
For the Common Good,3.45,4.49,2.08,30.144927536231886,-39.71014492753624,1179.0,live,3.84344,11.404057971014494,$2-5,3.06,559118.0
Seething Song,13.55,12.99,8.120000000000001,-4.132841328413288,-40.07380073800738,1162.0,live,11.11944,-17.93771217712178,$10-20,5.12,11423.0
Village Rites,0.38,1.29,0.2,239.4736842105264,-47.368421052631575,1589.0,live,1.10424,190.58947368421056,$0-1,0.35,230172.0
Doubling Season (Borderless),30.24,34.99,30.34,15.70767195767197,0.3306878306878354,1060.0,live,29.95144,-0.9542328042327938,$20-50,,657764.0
Absorbing Man,0.27,0.49,0.15,81.48148148148147,-44.44444444444445,1922.0,live,0.41944,55.34814814814813,$0-1,0.2,696573.0
Gift of Immortality,0.4,0.69,0.17,72.49999999999997,-57.49999999999999,1622.0,live,0.5906399999999999,47.65999999999998,$0-1,0.48,687418.0
Professional Face-Breaker,5.07,7.99,5.19,57.59368836291912,2.3668639053254457,1112.0,live,6.83944,34.90019723865876,$5-10,5.39,631136.0
Overprotect,0.86,2.79,0.29,224.41860465116284,-66.27906976744187,1317.0,live,2.38824,177.70232558139537,$0-1,,559120.0
Null Elemental Blast,0.36,0.69,0.15,91.66666666666666,-58.333333333333336,1581.0,live,0.5906399999999999,64.06666666666666,$0-1,0.25,548593.0
Mightform Harmonizer,1.45,2.79,1.14,92.41379310344828,-21.37931034482759,1440.0,live,2.38824,64.70620689655175,$1-2,1.62,643504.0
Not Dead After All,1.45,2.49,1.0,71.7241379310345,-31.034482758620683,1173.0,live,2.13144,46.99586206896552,$1-2,1.49,512642.0
Reckless Ransacking,0.28,0.35,0.15,24.999999999999982,-46.42857142857144,1251.0,live,0.2996,6.999999999999981,$0-1,0.15,671946.0
Reprieve,1.59,2.99,0.94,88.0503144654088,-40.88050314465409,1149.0,live,2.55944,60.971069182389925,$1-2,1.36,686566.0
Scour for Scrap,0.37,0.99,0.15,167.56756756756758,-59.45945945945946,1203.0,live,0.84744,129.03783783783786,$0-1,0.35,644587.0
Forest (0291),0.28,0.79,0.15,182.1428571428572,-46.42857142857144,3589.0,live,0.6762400000000001,141.5142857142857,$0-1,,648729.0
Vampiric Tutor,56.05,59.99,57.31,7.02943800178413,2.247992863514728,1027.0,live,51.35144,-8.382801070472782,$50-100,54.35,686552.0
Three Visits,4.53,7.49,4.61,65.34216335540839,1.766004415011039,1124.0,live,6.41144,41.532891832229566,$2-5,4.94,687584.0
Timeless Lotus,2.53,4.99,1.82,97.2332015810277,-28.06324110671936,1680.0,live,4.27144,68.83162055335971,$2-5,2.03,671294.0
Command Tower,0.36,0.69,0.2,91.66666666666666,-44.44444444444444,1731.0,live,0.5906399999999999,64.06666666666666,$0-1,0.24,687664.0
Dark Fortress (Borderless),3.56,4.49,3.38,26.12359550561798,-5.056179775280904,1313.0,live,3.84344,7.961797752808993,$2-5,,696439.0
"Cloak and Dagger, Entwined",0.33,0.49,0.15,48.48484848484848,-54.54545454545456,1747.0,live,0.41944,27.10303030303029,$0-1,0.2,696859.0
Lightning Greaves,4.51,5.99,4.16,32.81596452328161,-7.760532150776046,1199.0,live,5.12744,13.690465631929053,$2-5,3.86,687611.0
Archmage Emeritus,0.57,1.79,0.41,214.0350877192983,-28.07017543859649,1810.0,live,1.53224,168.81403508771933,$0-1,0.47,687389.0
Force of Will,63.41,69.99,63.03,10.37691215896546,-0.5992745623718585,1072.0,live,59.91143999999999,-5.517363191925571,$50-100,62.8,686637.0
Eiganjo Dynastorian,1.28,1.49,0.76,16.406249999999996,-40.625,1333.0,live,1.27544,-0.3562500000000093,$1-2,,686539.0
"Spider-Man, To the Rescue (Borderless)",0.25,0.35,0.15,39.99999999999999,-40.0,1305.0,live,0.2996,19.83999999999999,$0-1,,696886.0
Archdruid's Charm,6.72,9.49,6.25,41.2202380952381,-6.994047619047615,1215.0,live,8.12344,20.88452380952382,$5-10,,534080.0
Radiant Summit,0.73,0.69,0.66,-5.479452054794526,-9.589041095890405,1619.0,live,0.5906399999999999,-19.09041095890412,$0-1,0.78,687479.0
Zulaport Cutthroat,1.09,2.29,0.96,110.09174311926604,-11.926605504587169,1534.0,live,1.96024,79.83853211009173,$1-2,0.98,687519.0
Armageddon,10.0,6.99,6.8500000000000005,-30.1,-31.5,1053.0,live,5.98344,-40.1656,$10-20,6.65,688842.0
Arcane Signet,0.66,0.99,0.43,49.99999999999999,-34.84848484848485,2000.0,live,0.84744,28.39999999999999,$0-1,0.43,687531.0
Twilight Diviner,2.05,3.49,1.62,70.24390243902442,-20.975609756097548,1129.0,live,2.9874400000000003,45.7287804878049,$2-5,,671768.0
Brotherhood's End,1.16,2.29,0.28,97.41379310344828,-75.86206896551724,1204.0,live,1.96024,68.98620689655174,$1-2,0.99,688849.0
Twitching Doll,2.59,1.99,1.86,-23.16602316602316,-28.18532818532817,1095.0,live,1.70344,-34.23011583011583,$2-5,2.32,575282.0
Unnatural Restoration,1.18,1.99,0.8300000000000001,68.64406779661017,-29.66101694915253,1263.0,live,1.70344,44.35932203389832,$1-2,1.21,478687.0
"Toph, the First Metalbender",1.55,0.99,0.46,-36.12903225806452,-70.3225806451613,1181.0,live,0.84744,-45.32645161290323,$1-2,0.95,648738.0
Ravenous Robots,1.73,2.49,0.98,43.9306358381503,-43.35260115606936,1362.0,live,2.13144,23.20462427745665,$1-2,1.62,673644.0
Battle Hymn,1.36,1.79,1.25,31.61764705882352,-8.088235294117654,1342.0,live,1.53224,12.664705882352935,$1-2,1.59,58931.0
Highway Robbery,0.37,1.79,0.15,383.78378378378375,-59.45945945945946,3063.0,live,1.53224,314.118918918919,$0-1,0.35,544664.0
Command Tower,0.34,0.69,0.21,102.9411764705882,-38.235294117647065,2183.0,live,0.5906399999999999,73.7176470588235,$0-1,0.24,687664.0
"Elektra, Daughter of the Hand",0.3,0.49,0.15,63.33333333333334,-50.0,1555.0,live,0.41944,39.81333333333333,$0-1,0.2,696237.0
Emperor of Bones,1.57,2.99,0.76,90.44585987261146,-51.59235668789809,1872.0,live,2.55944,63.0216560509554,$1-2,,552630.0
Forest (0306),0.33,1.29,0.15,290.9090909090909,-54.54545454545456,3283.0,live,1.10424,234.61818181818185,$0-1,,630899.0
"Hawkeye, Master Marksman (Borderless)",1.2,0.79,0.45,-34.166666666666664,-62.5,1125.0,live,0.6762400000000001,-43.64666666666666,$1-2,,696567.0
Preposterous Proportions,1.67,2.29,0.46,37.12574850299402,-72.45508982035929,1240.0,live,1.96024,17.37964071856288,$1-2,0.45,591191.0
Chromatic Lantern,1.06,2.49,0.78,134.9056603773585,-26.41509433962264,1620.0,live,2.13144,101.07924528301886,$1-2,0.75,615167.0
Exalted Sunborn,14.51,20.99,12.5,44.65885596140592,-13.852515506547208,1128.0,live,17.96744,23.82798070296348,$10-20,12.27,641725.0
Garruk's Uprising,1.06,1.49,0.41,40.56603773584905,-61.32075471698114,1172.0,live,1.27544,20.324528301886776,$1-2,0.42,591806.0
Frenzied Baloth,1.27,2.49,1.0,96.06299212598428,-21.25984251968504,1423.0,live,2.13144,67.82992125984252,$1-2,1.21,641790.0
Gathering Place (Borderless),2.97,4.49,1.97,51.178451178451176,-33.670033670033675,1298.0,live,3.84344,29.408754208754207,$2-5,,696444.0
Champions from Beyond,4.49,4.99,2.96,11.135857461024498,-34.07572383073497,2052.0,live,4.27144,-4.867706013363031,$2-5,3.14,631097.0
Cauldron of Essence (Extended Art),4.0,4.49,3.64,12.250000000000004,-8.999999999999996,1057.0,live,3.84344,-3.9139999999999953,$2-5,,689541.0
Ripples of Potential,2.77,4.99,3.0700000000000003,80.14440433212997,10.830324909747302,1540.0,live,4.27144,54.20361010830326,$2-5,2.89,642806.0
Mind Stone,0.31,0.79,0.25,154.83870967741936,-19.35483870967742,1626.0,live,0.6762400000000001,118.141935483871,$0-1,0.37,463303.0
Hellkite Tyrant,1.89,2.99,1.35,58.20105820105822,-28.57142857142857,1241.0,live,2.55944,35.420105820105825,$1-2,,631132.0
Phyrexian Metamorph,2.46,3.99,2.42,62.19512195121952,-1.6260162601626031,1419.0,live,3.4154400000000003,38.83902439024392,$2-5,2.47,642804.0
Akroma's Will,17.13,20.99,15.89,22.533566841798013,-7.238762405137178,1011.0,live,17.96744,4.888733216579106,$10-20,15.24,688836.0
Lively Dirge,2.2,3.49,1.74,58.63636363636363,-20.90909090909092,1547.0,live,2.9874400000000003,35.79272727272728,$2-5,1.86,544422.0
Rapid Hybridization,1.16,1.99,0.58,71.55172413793105,-50.0,1845.0,live,1.70344,46.84827586206898,$1-2,,687432.0
Weapons Manufacturing,1.65,3.49,1.03,111.51515151515154,-37.57575757575757,1623.0,live,2.9874400000000003,81.05696969696973,$1-2,1.5,641778.0
Loran's Escape,2.18,3.49,2.34,60.09174311926605,7.339449541284389,1628.0,live,2.9874400000000003,37.03853211009175,$2-5,2.25,453207.0
Training Compound (Borderless),3.08,4.99,2.29,62.01298701298702,-25.649350649350648,1290.0,live,4.27144,38.68311688311689,$2-5,,696443.0
Tyvar's Stand,1.11,1.79,0.41,61.26126126126125,-63.06306306306308,1146.0,live,1.53224,38.03963963963963,$1-2,1.26,687589.0
Bushwhack,0.3,0.59,0.15,96.66666666666669,-50.0,1527.0,live,0.5050399999999999,68.34666666666665,$0-1,0.3,591758.0
Sabotender,0.3,0.35,0.15,16.666666666666664,-50.0,1344.0,live,0.2996,-0.1333333333333371,$0-1,0.2,634130.0
"Wan Shi Tong, Librarian",36.45,59.99,36.44,64.58161865569272,-0.027434842249671,1104.0,live,51.35144,40.881865569272975,$20-50,34.99,660516.0
Tifa Lockhart,2.81,2.79,1.54,-0.7117437722419936,-45.19572953736655,1217.0,live,2.38824,-15.009252669039142,$2-5,1.89,630927.0
Flare of Denial,3.4,5.49,2.9,61.47058823529413,-14.705882352941178,1382.0,live,4.69944,38.21882352941177,$2-5,3.45,548596.0
Ophiomancer,0.86,2.29,0.52,166.27906976744188,-39.53488372093023,1494.0,live,1.96024,127.93488372093024,$0-1,0.58,687362.0
Eddymurk Crab,1.11,1.79,0.46,61.26126126126125,-58.55855855855856,1862.0,live,1.53224,38.03963963963963,$1-2,1.01,559642.0
Insidious Roots,1.29,2.79,0.84,116.27906976744188,-34.88372093023256,1299.0,live,2.38824,85.13488372093025,$1-2,1.2,535300.0
Wizard Class,2.86,4.99,1.7,74.4755244755245,-40.55944055944056,1122.0,live,4.27144,49.35104895104896,$2-5,,243349.0
Mockingbird,3.48,4.99,2.82,43.39080459770116,-18.96551724137932,1157.0,live,4.27144,22.742528735632188,$2-5,3.31,559141.0
"General Kreat, the Boltbringer (Anime)",5.76,9.99,5.17,73.43750000000001,-10.243055555555554,1230.0,live,8.55144,48.4625,$5-10,,589385.0
Stubborn Denial,3.74,6.49,3.23,73.52941176470587,-13.63636363636364,1306.0,live,5.55544,48.54117647058823,$2-5,,93033.0
"Winter Soldier, Icy Assassin (Borderless)",1.08,0.99,0.15,-8.33333333333334,-86.1111111111111,1063.0,live,0.84744,-21.533333333333346,$1-2,,696579.0
Caves of Koilos,0.55,1.79,0.52,225.45454545454544,-5.45454545454546,1578.0,live,1.53224,178.58909090909088,$0-1,0.55,687671.0
Starfield Shepherd,0.36,0.59,0.15,63.888888888888886,-58.333333333333336,1935.0,live,0.5050399999999999,40.28888888888888,$0-1,0.3,641739.0
Impact Tremors,2.93,4.99,2.34,70.30716723549489,-20.136518771331065,1179.0,live,4.27144,45.782935153583615,$2-5,2.8,512663.0
"Leader, Super-Genius (Borderless)",1.22,1.29,0.26,5.737704918032792,-78.68852459016394,1049.0,live,1.10424,-9.488524590163925,$1-2,,696283.0
"Dionus, Elvish Archdruid (Anime)",9.01,13.99,7.91,55.27192008879024,-12.208657047724747,1232.0,live,11.97544,32.91276359600445,$5-10,,590235.0
Jeska's Will,45.81,54.99,44.26,20.039292730844792,-3.383540711635024,987.0,live,47.07144,2.753634577603144,$20-50,43.16,689151.0
Skateboard,0.29,0.35,0.15,20.6896551724138,-48.27586206896552,1618.0,live,0.2996,3.3103448275862064,$0-1,0.3,679869.0
"Cloud, Midgar Mercenary",21.62,24.99,19.78,15.58741905642922,-8.510638297872338,1033.0,live,21.39144,-1.0571692876965848,$20-50,21.02,630870.0
Animist's Awakening,0.39,0.49,0.15,25.64102564102563,-61.53846153846154,1530.0,live,0.41944,7.54871794871794,$0-1,0.33,687470.0
Painful Quandary,1.76,1.99,0.61,13.068181818181818,-65.34090909090908,1214.0,live,1.70344,-3.2136363636363603,$1-2,0.81,590846.0
"Loot, Exuberant Explorer",3.13,4.99,2.02,59.424920127795545,-35.46325878594249,1069.0,live,4.27144,36.46773162939298,$2-5,2.52,591833.0
Changing Loyalty,0.68,0.59,0.15,-13.23529411764707,-77.94117647058823,1373.0,live,0.5050399999999999,-25.72941176470589,$0-1,0.2,687336.0
Canopy Vista,0.34,0.49,0.16,44.11764705882352,-52.94117647058824,1338.0,live,0.41944,23.36470588235293,$0-1,0.24,631255.0
Withering Torment,2.75,3.49,2.07,26.90909090909092,-24.727272727272734,1079.0,live,2.9874400000000003,8.63418181818183,$2-5,,578058.0
"Emil, Vastlands Roamer",0.25,0.35,0.15,39.99999999999999,-40.0,1248.0,live,0.2996,19.83999999999999,$0-1,0.15,689505.0
Cycle of Renewal,0.3,0.35,0.15,16.666666666666664,-50.0,1467.0,live,0.2996,-0.1333333333333371,$0-1,0.15,660572.0
Spymaster's Vault,1.2,2.29,0.78,90.83333333333334,-35.0,1288.0,live,1.96024,63.35333333333334,$1-2,1.08,552624.0
Norman Osborn (Borderless),23.69,22.99,18.38,-2.954833262980172,-22.41452089489237,1040.0,live,19.67944,-16.929337273111024,$20-50,,651338.0
Island (0298),0.24,0.69,0.15,187.5,-37.5,3491.0,live,0.5906399999999999,146.1,$0-1,,630885.0
Tocasia's Welcome,0.59,1.29,0.46,118.6440677966102,-22.033898305084737,1775.0,live,1.10424,87.15932203389833,$0-1,0.55,687554.0
Hexing Squelcher (Showcase),27.03,37.99,26.31,40.54753977062524,-2.663706992230864,1032.0,live,32.51944,20.308694043655205,$20-50,,671032.0
Exotic Orchard,0.26,0.59,0.15,126.92307692307688,-42.30769230769232,1550.0,live,0.5050399999999999,94.24615384615382,$0-1,0.19,687675.0
"Lluwen, Exchange Student",0.31,0.35,0.15,12.903225806451609,-51.61290322580645,1229.0,live,0.2996,-3.354838709677426,$0-1,,686550.0
Oracle of Mul Daya,2.54,4.49,2.47,76.7716535433071,-2.7559055118110174,1143.0,live,3.84344,51.31653543307088,$2-5,2.55,641997.0
Lembas,1.45,2.49,1.19,71.7241379310345,-17.931034482758623,1789.0,live,2.13144,46.99586206896552,$1-2,1.45,499443.0
Nightshade Dryad,0.29,0.35,0.15,20.6896551724138,-48.27586206896552,1399.0,live,0.2996,3.3103448275862064,$0-1,0.16,553327.0
Serra Paragon,0.67,0.99,0.25,47.761194029850735,-62.68656716417911,1744.0,live,0.84744,26.483582089552225,$0-1,0.3,687517.0
Smallpox,0.83,0.59,0.19,-28.915662650602407,-77.10843373493975,1102.0,live,0.5050399999999999,-39.15180722891567,$0-1,,686557.0
"Lindblum, Industrial Regency",2.67,4.49,2.62,68.16479400749064,-1.872659176029956,1127.0,live,3.84344,43.949063670412,$2-5,,632741.0
Dawn's Truce,8.41,13.99,7.72,66.34958382877527,-8.204518430439958,1038.0,live,11.97544,42.39524375743164,$5-10,7.65,559037.0
Ad Nauseam,11.04,10.99,10.42,-0.4528985507246281,-5.615942028985501,985.0,live,9.40744,-14.787681159420288,$10-20,10.47,688831.0
Enduring Curiosity,6.01,8.99,5.21,49.584026622296186,-13.31114808652246,1017.0,live,7.69544,28.043926788685525,$5-10,6.3,575157.0
"Breena, the Demagogue",0.5,1.49,0.47,198.0,-6.000000000000005,1507.0,live,1.27544,155.088,$0-1,0.51,687612.0
Escape Tunnel,0.33,0.35,0.15,6.060606060606049,-54.54545454545456,1732.0,live,0.2996,-9.212121212121223,$0-1,0.27,679609.0
Talisman of Hierarchy,0.42,1.49,0.4,254.7619047619048,-4.761904761904753,1600.0,live,1.27544,203.67619047619047,$0-1,0.4,687633.0
Moment of Reckoning,0.24,0.49,0.15,104.16666666666669,-37.5,1218.0,live,0.41944,74.76666666666667,$0-1,0.15,689080.0
Awaken the Woods,14.18,18.99,14.32,33.92101551480958,0.9873060648801169,980.0,live,16.25544,14.636389280677012,$10-20,14.0,688843.0
"Shredder, Shadow Master",0.89,1.99,0.32,123.59550561797754,-64.04494382022472,1174.0,live,1.70344,91.39775280898876,$0-1,0.55,679112.0
Mistrise Village,9.29,13.99,7.36,50.592034445640486,-20.77502691065661,1036.0,live,11.97544,28.906781485468265,$5-10,8.42,624267.0
Mountain (0290),0.29,0.69,0.15,137.9310344827586,-48.27586206896552,3119.0,live,0.5906399999999999,103.66896551724136,$0-1,,648728.0
Basilisk Collar,4.55,6.49,3.95,42.63736263736265,-13.18681318681318,1197.0,live,5.55544,22.09758241758242,$2-5,3.99,591076.0
High Noon,5.6,8.99,4.73,60.53571428571431,-15.535714285714272,1390.0,live,7.69544,37.41857142857143,$5-10,4.59,544336.0
Applied Geometry,0.3,0.49,0.15,63.33333333333334,-50.0,1459.0,live,0.41944,39.81333333333333,$0-1,0.15,688814.0
Anger,0.49,1.49,0.43,204.08163265306123,-12.244897959183673,1506.0,live,1.27544,160.29387755102042,$0-1,0.47,687401.0
Arcane Lighthouse,1.75,3.49,1.03,99.42857142857144,-41.14285714285714,1818.0,live,2.9874400000000003,70.71085714285717,$1-2,1.12,687667.0
Scientist Supreme of A.I.M.,0.28,0.49,0.15,74.99999999999997,-46.42857142857144,1652.0,live,0.41944,49.799999999999976,$0-1,0.2,696650.0
Guardian of Faith,0.52,1.79,0.26,244.2307692307692,-50.0,1490.0,live,1.53224,194.66153846153847,$0-1,0.32,687422.0
Witty Roastmaster,1.81,1.49,0.89,-17.679558011049725,-50.82872928176796,1292.0,live,1.27544,-29.53370165745857,$1-2,1.15,268790.0
Earth's Mightiest Heroes,0.93,1.29,0.3,38.70967741935484,-67.74193548387098,1406.0,live,1.10424,18.735483870967748,$0-1,0.89,696664.0
Prologue to Phyresis,0.78,0.99,0.15,26.92307692307692,-80.76923076923077,1375.0,live,0.84744,8.646153846153839,$0-1,0.65,479581.0
Sodden Verdure,0.39,0.49,0.26,25.64102564102563,-33.33333333333333,1615.0,live,0.41944,7.54871794871794,$0-1,0.37,687541.0
Valley Floodcaller,3.51,5.99,3.03,70.65527065527067,-13.675213675213676,1025.0,live,5.12744,46.08091168091169,$2-5,3.89,559146.0
Underworld Breach (Borderless),7.58,10.99,7.77,44.9868073878628,2.506596306068595,994.0,live,9.40744,24.108707124010547,$5-10,,679234.0
Masked Vandal,1.44,2.29,1.23,59.02777777777779,-14.583333333333332,1746.0,live,1.96024,36.12777777777778,$1-2,1.5,230134.0
Reprieve,1.58,2.29,0.93,44.93670886075949,-41.13924050632911,1186.0,live,1.96024,24.06582278481012,$1-2,1.36,686566.0
Diamond Pick-Axe,0.97,1.49,0.78,53.608247422680414,-19.587628865979376,1162.0,live,1.27544,31.488659793814428,$0-1,1.05,525223.0
Decanter of Endless Water,4.6,4.99,3.06,8.478260869565231,-33.47826086956521,1129.0,live,4.27144,-7.142608695652164,$2-5,3.99,273372.0
Trouble in Pairs (Borderless),15.09,20.99,15.98,39.09874088800529,5.897945659377075,1011.0,live,17.96744,19.06852220013253,$10-20,,679072.0
The Regalia,1.66,2.49,1.4,50.00000000000002,-15.66265060240964,1085.0,live,2.13144,28.40000000000001,$1-2,1.71,633410.0
Eye of Nidhogg,2.05,2.99,1.78,45.85365853658539,-13.170731707317064,1026.0,live,2.55944,24.85073170731708,$2-5,,631216.0
Defiling Daemogoth,0.79,0.79,0.72,0.0,-8.860759493670892,1248.0,live,0.6762400000000001,-14.399999999999997,$0-1,0.75,687341.0
"Ms. Marvel, Kamala Khan (Borderless)",0.69,0.69,0.15,0.0,-78.26086956521738,1085.0,live,0.5906399999999999,-14.400000000000002,$0-1,,696553.0
Darksteel Mutation,0.8,1.79,0.51,123.75,-36.25000000000001,1754.0,live,1.53224,91.53,$0-1,0.66,687396.0
Exemplar of Light (0011),1.88,3.99,1.04,112.23404255319151,-44.68085106382978,1206.0,live,3.4154400000000003,81.67234042553194,$1-2,,589747.0
Isolated Chapel,0.36,0.99,0.3,175.0,-16.666666666666664,1351.0,live,0.84744,135.4,$0-1,0.57,631324.0
Tree of Perdition,2.59,5.49,2.3000000000000003,111.969111969112,-11.19691119691118,1189.0,live,4.69944,81.44555984555986,$2-5,2.49,671135.0
Proft's Eidetic Memory,1.93,4.99,2.15,158.54922279792748,11.398963730569948,1143.0,live,4.27144,121.31813471502592,$1-2,2.78,533895.0
Plains (0287),0.27,0.79,0.15,192.59259259259247,-44.44444444444445,2960.0,live,0.6762400000000001,150.45925925925928,$0-1,,648725.0
The Seriema,1.01,1.99,0.2,97.02970297029702,-80.19801980198021,1384.0,live,1.70344,68.65742574257426,$1-2,0.6,638897.0
Utopia Sprawl,1.73,2.49,1.26,43.9306358381503,-27.167630057803464,1252.0,live,2.13144,23.20462427745665,$1-2,1.55,513067.0
"Carnage, Crimson Chaos",2.19,1.99,0.25,-9.1324200913242,-88.58447488584474,1150.0,live,1.70344,-22.21735159817351,$2-5,0.6,651336.0
Repel Calamity,0.22,0.35,0.15,59.09090909090908,-31.818181818181824,1292.0,live,0.2996,36.18181818181817,$0-1,0.15,688920.0
Path to Exile,2.03,2.79,1.15,37.43842364532021,-43.34975369458128,1786.0,live,2.38824,17.647290640394107,$2-5,1.2,687458.0
Caltrops,25.15,19.99,18.57,-20.5168986083499,-26.163021868787272,1123.0,live,17.111439999999998,-31.96246520874752,$20-50,20.25,6150.0
Armor Wars,0.29,0.49,0.15,68.96551724137932,-48.27586206896552,1540.0,live,0.41944,44.63448275862069,$0-1,0.2,696316.0
Summon: Bahamut,23.76,32.99,20.63,38.84680134680135,-13.173400673400684,984.0,live,28.23944,18.85286195286195,$20-50,20.0,630917.0
Great Divide Guide,1.21,1.79,0.29,47.93388429752067,-76.03305785123966,1354.0,live,1.53224,26.63140495867769,$1-2,0.76,662545.0
"Vito, Thorn of the Dusk Rose",12.04,13.99,8.84,16.196013289036554,-26.578073089701,984.0,live,11.97544,-0.5362126245847043,$10-20,8.17,215384.0
Open the Armory,2.72,3.99,2.6,46.69117647058823,-4.411764705882357,981.0,live,3.4154400000000003,25.56764705882353,$2-5,2.76,227128.0
"Narset, Parter of Veils",0.95,1.49,0.41,56.842105263157904,-56.842105263157904,1407.0,live,1.27544,34.25684210526315,$0-1,0.86,188705.0
Eviscerator's Insight,0.27,0.59,0.15,118.51851851851848,-44.44444444444445,2020.0,live,0.5050399999999999,87.05185185185181,$0-1,0.24,552853.0
Crackle with Power,7.7,9.49,6.76,23.246753246753247,-12.207792207792211,958.0,live,8.12344,5.499220779220782,$5-10,7.68,688884.0
Lotus Petal,33.86,44.99,28.04,32.87064382752511,-17.188422917897224,1154.0,live,38.51144,13.737271116361493,$20-50,,5615.0
"Appa, Steadfast Guardian",6.44,9.99,6.38,55.12422360248447,-0.931677018633548,1036.0,live,8.55144,32.78633540372669,$5-10,6.95,648645.0
Aerith Gainsborough,2.27,2.29,1.35,0.8810572687224677,-40.52863436123348,1059.0,live,1.96024,-13.645814977973568,$2-5,1.65,630864.0
Spirit Link,0.35,0.59,0.15,68.57142857142857,-57.14285714285714,1398.0,live,0.5050399999999999,44.297142857142845,$0-1,0.34,457215.0
"Slash, Reptile Rampager",1.03,1.29,0.31,25.24271844660194,-69.90291262135922,1198.0,live,1.10424,7.20776699029127,$1-2,0.78,673646.0
Heroic Intervention,17.1,17.99,12.5,5.204678362573081,-26.90058479532164,978.0,live,15.399439999999998,-9.944795321637445,$10-20,12.59,499755.0
"Toph, Hardheaded Teacher",0.85,1.49,0.2,75.29411764705883,-76.47058823529412,1148.0,live,1.27544,50.05176470588235,$0-1,,662611.0
Bolt Bend,3.26,5.49,2.89,68.40490797546013,-11.349693251533733,1015.0,live,4.69944,44.15460122699388,$2-5,2.99,188345.0
Slip Out the Back,3.86,6.49,3.92,68.13471502590674,1.5544041450777215,1101.0,live,5.55544,43.92331606217617,$2-5,4.37,268915.0
Underworld Dreams,1.92,1.99,1.86,3.645833333333337,-3.124999999999991,1085.0,live,1.70344,-11.27916666666666,$1-2,2.05,207162.0
Thousand-Year Storm,1.12,1.29,0.45,15.178571428571422,-59.82142857142858,1044.0,live,1.10424,-1.4071428571428566,$1-2,0.75,591779.0
Raise the Palisade,10.54,11.99,9.28,13.757115749525628,-11.954459203036052,1066.0,live,10.26344,-2.623908918406072,$10-20,9.47,499572.0
Firebrand Archer,0.28,0.39,0.15,39.28571428571428,-46.42857142857144,1384.0,live,0.33384,19.228571428571424,$0-1,0.16,591775.0
Cleansing Wildfire,0.57,0.79,0.37,38.59649122807019,-35.08771929824561,2348.0,live,0.6762400000000001,18.63859649122809,$0-1,,221913.0
Open the Way,0.93,1.29,0.22,38.70967741935484,-76.34408602150538,1893.0,live,1.10424,18.735483870967748,$0-1,0.6,687551.0
Worn Powerstone,0.37,0.69,0.15,86.48648648648647,-59.45945945945946,1455.0,live,0.5906399999999999,59.63243243243242,$0-1,0.37,552629.0
Kang the Conqueror,0.51,0.99,0.15,94.11764705882352,-70.58823529411764,1478.0,live,0.84744,66.16470588235293,$0-1,0.17,696272.0
Vernal Fen,0.53,1.29,0.44,143.39622641509433,-16.981132075471702,1496.0,live,1.10424,108.34716981132078,$0-1,0.43,687573.0
Coin of Mastery,1.95,2.49,1.04,27.692307692307704,-46.66666666666666,1305.0,live,2.13144,9.304615384615389,$1-2,1.52,679603.0
Herald's Horn,4.97,5.99,4.49,20.523138832998,-9.65794768611669,991.0,live,5.12744,3.1678068410462825,$2-5,4.71,499815.0
Nether Traitor,0.8,2.29,0.41,186.25,-48.75000000000001,1366.0,live,1.96024,145.03,$0-1,0.42,687454.0
Thrumming Hivepool,0.91,1.29,0.19,41.75824175824176,-79.12087912087912,1563.0,live,1.10424,21.345054945054954,$0-1,0.36,641746.0
Doom Variant - Roaming Throne (Borderless),53.1,69.99,54.88,31.807909604519764,3.3521657250470827,950.0,live,59.91143999999999,12.827570621468908,$50-100,,700738.0
Island (0288),0.33,0.99,0.15,200.0,-54.54545454545456,3073.0,live,0.84744,156.79999999999995,$0-1,,648726.0
Woodland Cemetery,0.51,1.49,0.51,192.156862745098,0.0,1670.0,live,1.27544,150.0862745098039,$0-1,0.5,687585.0
The Earth King,1.53,1.79,0.26,16.99346405228758,-83.00653594771242,1109.0,live,1.53224,0.1464052287581712,$1-2,,662051.0
Ghoulish Impetus,0.48,0.79,0.15,64.58333333333334,-68.74999999999999,1723.0,live,0.6762400000000001,40.88333333333335,$0-1,0.37,687411.0
Benevolent Hydra,0.94,1.79,0.26,90.42553191489364,-72.34042553191489,1342.0,live,1.53224,63.00425531914895,$0-1,,687451.0
"Quintorius, History Chaser (Borderless)",0.87,0.99,0.26,13.79310344827586,-70.11494252873564,1777.0,live,0.84744,-2.5931034482758646,$0-1,,686630.0
Colossus Hammer,0.66,1.79,0.62,171.2121212121212,-6.060606060606066,1839.0,live,1.53224,132.15757575757576,$0-1,0.7,631225.0
Lavaspur Boots,1.4,1.99,0.6900000000000001,42.142857142857146,-50.71428571428571,1244.0,live,1.70344,21.674285714285727,$1-2,1.19,544354.0
Priest of Forgotten Gods,0.54,0.99,0.26,83.33333333333331,-51.85185185185185,1610.0,live,0.84744,56.93333333333332,$0-1,0.43,687487.0
Chaos Warp,0.39,0.99,0.29,153.84615384615384,-25.64102564102565,1404.0,live,0.84744,117.29230769230767,$0-1,0.3,687360.0
"Echo, Perceptive Prodigy",0.19,0.35,0.15,84.21052631578945,-21.052631578947373,1586.0,live,0.2996,57.68421052631577,$0-1,0.15,696271.0
Doppelgang,1.56,2.99,1.55,91.66666666666669,-0.6410256410256416,1049.0,live,2.55944,64.06666666666666,$1-2,1.63,533901.0
"Zimone, Infinite Analyst (Borderless)",0.93,1.29,0.15,38.70967741935484,-83.87096774193549,1080.0,live,1.10424,18.735483870967748,$0-1,,686633.0
Fire Lord Azula,0.95,0.99,0.46,4.210526315789478,-51.57894736842105,1085.0,live,0.84744,-10.79578947368421,$0-1,0.6,660594.0
Assassin's Trophy,0.73,1.49,0.6900000000000001,104.10958904109587,-5.479452054794511,1508.0,live,1.27544,74.71780821917807,$0-1,0.75,687603.0
Dovin's Veto,3.19,3.99,1.76,25.078369905956123,-44.82758620689656,996.0,live,3.4154400000000003,7.067084639498443,$2-5,,187186.0
Triumph of the Hordes,12.71,16.99,12.88,33.67427222659321,1.3375295043273008,942.0,live,14.54344,14.425177025963787,$10-20,12.28,689364.0
Tempest Hawk,0.68,0.99,0.15,45.58823529411764,-77.94117647058823,2872.0,live,0.84744,24.623529411764693,$0-1,0.74,624065.0
PuPu UFO,0.43,0.99,0.15,130.2325581395349,-65.11627906976744,1357.0,live,0.84744,97.07906976744188,$0-1,0.38,632703.0
Delighted Halfling,29.32,37.99,26.03,29.570259208731247,-11.22100954979536,970.0,live,32.51944,10.912141882673952,$20-50,27.65,498414.0
"Joshua, Phoenix's Dominant",1.68,1.79,0.76,6.547619047619054,-54.76190476190476,999.0,live,1.53224,-8.795238095238089,$1-2,,633170.0
Glasswing Grace,0.32,0.35,0.15,9.374999999999991,-53.125,1113.0,live,0.2996,-6.375000000000009,$0-1,,552644.0
Cyclonic Rift,33.97,39.99,31.33,17.721518987341785,-7.771563143950547,926.0,live,34.23144,0.769620253164558,$20-50,33.94,689345.0
Annie Joins Up,4.39,3.49,3.3000000000000003,-20.501138952164,-24.829157175398624,961.0,live,2.9874400000000003,-31.948974943052377,$2-5,4.6,544668.0
"Ulamog, the Defiler",16.39,18.99,14.37,15.863331299572897,-12.324588163514344,985.0,live,16.25544,-0.8209884075655917,$10-20,15.79,552309.0
Endless Foot Assault,2.88,3.49,1.82,21.180555555555568,-36.80555555555555,1170.0,live,2.9874400000000003,3.7305555555555694,$2-5,2.1,679568.0
Forest (0257),0.6,1.29,0.35,115.0,-41.66666666666667,3091.0,live,1.10424,84.04000000000002,$0-1,,657790.0
Refurbished Familiar,0.31,0.39,0.15,25.80645161290323,-51.61290322580645,2271.0,live,0.33384,7.69032258064517,$0-1,0.25,553237.0
Parting Gust,1.02,1.99,0.28,95.09803921568628,-72.54901960784314,1198.0,live,1.70344,67.00392156862746,$1-2,0.81,558346.0
Ethereal Armor,0.38,0.59,0.15,55.26315789473684,-60.526315789473685,1267.0,live,0.5050399999999999,32.90526315789472,$0-1,0.29,575288.0
"Green Goblin, Revenant",0.36,0.69,0.15,91.66666666666666,-58.333333333333336,1026.0,live,0.5906399999999999,64.06666666666666,$0-1,0.17,646616.0
Gathering Stone,0.7,1.49,0.15,112.85714285714288,-78.57142857142857,1257.0,live,1.27544,82.20571428571428,$0-1,0.55,671536.0
High Score,1.52,1.29,0.8200000000000001,-15.13157894736842,-46.05263157894737,1225.0,live,1.10424,-27.35263157894736,$1-2,1.19,679158.0
Black Mage's Rod,0.23,0.35,0.15,52.17391304347825,-34.78260869565218,1467.0,live,0.2996,30.260869565217373,$0-1,0.28,630932.0
Stridehangar Automaton,2.35,3.99,2.11,69.7872340425532,-10.212765957446818,1263.0,live,3.4154400000000003,45.33787234042554,$2-5,2.42,615206.0
Cascade Bluffs,0.5,0.99,0.26,98.0,-48.0,1594.0,live,0.84744,69.488,$0-1,0.33,687670.0
Defile,1.42,2.79,1.0,96.47887323943664,-29.57746478873239,1197.0,live,2.38824,68.18591549295776,$1-2,1.47,191582.0
Harbinger of the Seas,1.72,1.99,0.44,15.69767441860465,-74.4186046511628,1383.0,live,1.70344,-0.9627906976744132,$1-2,0.96,552618.0
"Rootha, Mastering the Moment (Borderless)",0.58,0.99,0.2,70.68965517241381,-65.51724137931035,1140.0,live,0.84744,46.11034482758621,$0-1,,686632.0
Wildgrowth Archaic (Borderless),0.8,0.49,0.15,-38.75000000000001,-81.25,1050.0,live,0.41944,-47.57000000000001,$0-1,,688983.0
Drossforge Bridge,0.91,2.29,0.77,151.64835164835165,-15.384615384615383,1761.0,live,1.96024,115.410989010989,$0-1,0.92,239716.0
Tragedy Feaster,0.29,0.49,0.15,68.96551724137932,-48.27586206896552,1261.0,live,0.41944,44.63448275862069,$0-1,0.15,689053.0
Nature's Rhythm,5.17,6.99,4.0,35.20309477756287,-22.63056092843327,1062.0,live,5.98344,15.73384912959381,$5-10,4.24,624738.0
Asceticism,6.3,6.99,4.22,10.95238095238096,-33.01587301587302,1152.0,live,5.98344,-5.024761904761904,$5-10,4.69,499776.0
Immoral Bargain,0.51,0.69,0.17,35.29411764705881,-66.66666666666666,1374.0,live,0.5906399999999999,15.81176470588234,$0-1,0.27,687583.0
Mithril Coat,31.19,42.99,28.57,37.832638666239184,-8.40012824623277,922.0,live,36.79944,17.984738698300745,$20-50,28.67,499456.0
Orcish Bowmasters,44.37,49.99,44.69,12.66621591165203,0.7212080234392615,1051.0,live,42.79144,-3.5577191796258645,$20-50,46.75,498367.0
Razorkin Needlehead,4.53,8.99,4.09,98.45474613686534,-9.713024282560715,970.0,live,7.69544,69.87726269315672,$2-5,4.74,575069.0
Quandrix Charm,0.33,0.35,0.15,6.060606060606049,-54.54545454545456,1402.0,live,0.2996,-9.212121212121223,$0-1,0.2,686602.0
Forsaken Miner,1.29,1.99,1.03,54.26356589147287,-20.155038759689923,1414.0,live,1.70344,32.049612403100774,$1-2,1.18,544475.0
Realmwalker,1.23,2.79,1.04,126.82926829268293,-15.44715447154471,1469.0,live,2.38824,94.1658536585366,$1-2,1.11,671236.0
Training Regimen,0.26,0.35,0.15,34.615384615384606,-42.30769230769232,1318.0,live,0.2996,15.230769230769218,$0-1,0.15,697062.0
Pest Rescuer,0.84,1.29,0.64,53.57142857142858,-23.809523809523807,1285.0,live,1.10424,31.45714285714288,$0-1,0.79,687398.0
Simian Spirit Guide,3.26,3.49,2.9,7.055214723926394,-11.04294478527607,1142.0,live,2.9874400000000003,-8.360736196319003,$2-5,3.42,233914.0
"Iron Lad, Diverging Destiny",0.24,0.35,0.15,45.83333333333333,-37.5,1157.0,live,0.2996,24.83333333333333,$0-1,0.15,696547.0
The Legend of Roku,10.16,16.99,9.88,67.22440944881888,-2.7559055118110174,1050.0,live,14.54344,43.14409448818896,$10-20,,660549.0
Wild Growth,0.51,0.99,0.33,94.11764705882352,-35.29411764705882,1402.0,live,0.84744,66.16470588235293,$0-1,0.44,457137.0
Heaven-Sent Marvel - Archangel of Thune (Borderless),19.46,19.99,19.01,2.7235354573483943,-2.312435765673172,958.0,live,17.111439999999998,-12.068653648509777,$10-20,,697485.0
Bloodghast,0.72,1.29,0.51,79.16666666666667,-29.166666666666664,1813.0,live,1.10424,53.36666666666668,$0-1,,687391.0
Jhoira's Familiar,1.68,3.49,1.28,107.73809523809526,-23.809523809523807,1025.0,live,2.9874400000000003,77.82380952380954,$1-2,,162257.0
Essenceknit Scholar,0.27,0.35,0.15,29.62962962962961,-44.44444444444445,1195.0,live,0.2996,10.962962962962948,$0-1,0.2,689522.0
Horizon Explorer,2.36,3.49,2.53,47.881355932203405,7.203389830508472,1153.0,live,2.9874400000000003,26.586440677966124,$2-5,2.62,641983.0
Blight Mound,0.39,0.79,0.15,102.56410256410258,-61.53846153846154,1593.0,live,0.6762400000000001,73.3948717948718,$0-1,0.25,687382.0
Elvish Mystic,0.43,1.29,0.47,200.00000000000009,9.302325581395344,1436.0,live,1.10424,156.80000000000004,$0-1,0.49,687499.0
Mountain (0305),0.27,1.29,0.15,377.77777777777777,-44.44444444444445,3054.0,live,1.10424,308.9777777777778,$0-1,,630898.0
High Perfect Morcant,1.11,1.29,0.19,16.21621621621621,-82.8828828828829,982.0,live,1.10424,-0.5189189189189177,$1-2,0.87,668578.0
Reliquary Tower,4.9,5.99,3.43,22.244897959183668,-30.000000000000004,985.0,live,5.12744,4.641632653061216,$2-5,3.34,687486.0
Secret Invasion,0.27,0.49,0.15,81.48148148148147,-44.44444444444445,1501.0,live,0.41944,55.34814814814813,$0-1,0.15,696277.0
Peregrine Drake,0.28,0.79,0.15,182.1428571428572,-46.42857142857144,1311.0,live,0.6762400000000001,141.5142857142857,$0-1,0.26,458178.0
Shielded by Faith,0.38,0.99,0.15,160.52631578947367,-60.526315789473685,1526.0,live,0.84744,123.01052631578946,$0-1,0.35,687526.0
"Evendo, Waking Haven",16.2,21.99,12.85,35.74074074074074,-20.67901234567901,950.0,live,18.82344,16.194074074074067,$10-20,12.99,643049.0
Pinnacle Emissary,1.27,2.49,0.15,96.06299212598428,-88.18897637795277,1521.0,live,2.13144,67.82992125984252,$1-2,0.56,643621.0
Slickshot Show-Off,5.81,9.49,4.37,63.33907056798624,-24.784853700516344,1302.0,live,8.12344,39.81824440619623,$5-10,5.78,544208.0
Cultivate,0.5,0.99,0.36,98.0,-28.000000000000004,1120.0,live,0.84744,69.488,$0-1,0.4,499506.0
Growing Rites of Itlimoc,8.43,13.99,8.61,65.95492289442468,2.135231316725976,956.0,live,11.97544,42.057413997627535,$5-10,,524220.0
"Midgar, City of Mako",1.94,2.99,1.3,54.123711340206206,-32.98969072164948,1003.0,live,2.55944,31.92989690721649,$1-2,,634034.0
Dark Ritual,4.59,4.99,2.32,8.714596949891074,-49.455337690631815,1256.0,live,4.27144,-6.940305010893241,$2-5,,1381.0
Swords to Plowshares,1.46,2.49,1.39,70.54794520547946,-4.79452054794521,1523.0,live,2.13144,45.989041095890414,$1-2,1.36,624152.0
"Sephiroth, Fabled SOLDIER",31.65,34.99,26.05,10.552922590837294,-17.693522906793042,953.0,live,29.95144,-5.366698262243276,$20-50,,630950.0
Forgotten Ancient,0.37,0.79,0.26,113.51351351351352,-29.729729729729726,1258.0,live,0.6762400000000001,82.7675675675676,$0-1,0.34,687504.0
Helm of the Host,8.37,8.49,7.140000000000001,1.4336917562724134,-14.6953405017921,958.0,live,7.26744,-13.17275985663082,$5-10,6.99,559849.0
Puresteel Paladin,0.74,0.99,0.61,33.78378378378378,-17.56756756756757,1148.0,live,0.84744,14.518918918918915,$0-1,0.71,631130.0
Sunderflock,1.78,1.99,1.0,11.797752808988765,-43.82022471910113,1173.0,live,1.70344,-4.301123595505615,$1-2,1.84,671473.0
Farseek,0.8,1.49,0.66,86.25,-17.5,1392.0,live,1.27544,59.42999999999999,$0-1,0.7,559948.0
The Unagi of Kyoshi Island,1.37,2.49,0.71,81.75182481751825,-48.17518248175183,1084.0,live,2.13144,55.579562043795605,$1-2,,661945.0
Traveling Chocobo,19.44,21.99,17.76,13.117283950617267,-8.641975308641973,950.0,live,18.82344,-3.1716049382716216,$10-20,17.25,630929.0
An Offer You Can't Refuse,2.56,4.99,2.41,94.921875,-5.8593749999999964,973.0,live,4.27144,66.853125,$2-5,2.52,590828.0
Thundering Falls,15.54,20.99,15.61,35.070785070785064,0.4504504504504523,999.0,live,17.96744,15.620592020592024,$10-20,15.5,532918.0
Loki Laufeyson,0.17,0.35,0.15,105.88235294117644,-11.764705882352953,1272.0,live,0.2996,76.23529411764703,$0-1,0.15,697030.0
Feather of Flight,0.37,1.29,0.15,248.64864864864865,-59.45945945945946,1368.0,live,1.10424,198.44324324324327,$0-1,0.38,559040.0
Big Score,0.39,1.49,0.25,282.05128205128204,-35.8974358974359,1687.0,live,1.27544,227.03589743589737,$0-1,0.43,688726.0
Arcane Signet,0.45,0.99,0.42,120.0,-6.666666666666672,2108.0,live,0.84744,88.32,$0-1,0.5,687531.0
Expressive Iteration,1.0,1.29,0.32,29.000000000000004,-68.0,1051.0,live,1.10424,10.42400000000001,$1-2,0.97,689407.0
Mind Stone,0.39,0.99,0.22,153.84615384615384,-43.58974358974359,1289.0,live,0.84744,117.29230769230767,$0-1,0.25,463303.0
Feign Death,1.51,2.29,0.51,51.65562913907284,-66.22516556291392,1116.0,live,1.96024,29.81721854304635,$1-2,1.0,243205.0
High Market,0.4,1.29,0.31,222.5,-22.500000000000007,1581.0,live,1.10424,176.06,$0-1,0.37,687689.0
Sudden Breakthrough,0.27,0.69,0.15,155.55555555555551,-44.44444444444445,1029.0,live,0.5906399999999999,118.75555555555552,$0-1,0.25,235670.0
"Tezzeret, Cruel Captain",19.88,27.99,17.45,40.794768611670015,-12.223340040241448,1032.0,live,23.95944,20.52032193158953,$10-20,17.79,638908.0
Roaming Throne,51.72,57.99,46.59,12.122969837587014,-9.91879350348027,915.0,live,49.63944,-4.022737819025519,$50-100,45.0,525238.0
Viscera Seer,0.51,1.29,0.26,152.94117647058826,-49.01960784313725,1515.0,live,1.10424,116.51764705882354,$0-1,,687505.0
Rogue's Passage,0.39,0.99,0.39,153.84615384615384,0.0,1570.0,live,0.84744,117.29230769230767,$0-1,0.39,590880.0
Talisman of Indulgence,1.89,2.79,1.71,47.61904761904763,-9.52380952380952,1111.0,live,2.38824,26.36190476190477,$1-2,2.1,631550.0
Commercial District,7.89,10.99,7.18,39.29024081115337,-8.99873257287706,1030.0,live,9.40744,19.23244613434728,$5-10,8.07,532880.0
Claim the Kingdom,0.27,0.35,0.15,29.62962962962961,-44.44444444444445,1426.0,live,0.2996,10.962962962962948,$0-1,0.15,696569.0
"Mai, Scornful Striker",0.94,1.79,0.26,90.42553191489364,-72.34042553191489,1051.0,live,1.53224,63.00425531914895,$0-1,0.5,661961.0
Firebender Ascension,0.91,0.99,0.2,8.791208791208787,-78.02197802197801,1072.0,live,0.84744,-6.874725274725281,$0-1,0.6,661951.0
Nature's Lore,2.26,4.49,2.4,98.67256637168144,6.194690265486732,1052.0,live,3.84344,70.06371681415932,$2-5,2.47,687543.0
Geometer's Arthropod (Borderless),0.82,0.49,0.15,-40.24390243902439,-81.70731707317073,989.0,live,0.41944,-48.84878048780487,$0-1,,688829.0
Champion's Helm,1.22,2.79,1.03,128.68852459016392,-15.573770491803272,1167.0,live,2.38824,95.75737704918036,$1-2,1.33,631208.0
"Anti-Venom, Horrifying Healer",7.2,7.99,5.1000000000000005,10.97222222222222,-29.166666666666664,994.0,live,6.83944,-5.007777777777784,$5-10,6.0,646522.0
Strength of Will,1.71,2.49,1.04,45.61403508771932,-39.1812865497076,1064.0,live,2.13144,24.64561403508772,$1-2,1.38,651996.0
"Ashling, Flame Dancer",5.38,9.49,5.1000000000000005,76.39405204460968,-5.204460966542739,918.0,live,8.12344,50.99330855018589,$5-10,5.47,552857.0
Vengeful Bloodwitch,0.31,0.39,0.15,25.80645161290323,-51.61290322580645,1363.0,live,0.33384,7.69032258064517,$0-1,0.17,563893.0
Selfless Spirit,0.44,0.99,0.29,125.0,-34.09090909090909,1577.0,live,0.84744,92.6,$0-1,0.31,687503.0
Cryogen Relic,0.31,0.69,0.15,122.5806451612903,-51.61290322580645,1734.0,live,0.5906399999999999,90.5290322580645,$0-1,0.22,643478.0
Thought Vessel,2.5,3.49,2.43,39.60000000000001,-2.7999999999999936,1364.0,live,2.9874400000000003,19.497600000000013,$2-5,2.56,631303.0
"Braids, Arisen Nightmare",4.09,6.49,4.16,58.67970660146701,1.711491442542794,1160.0,live,5.55544,35.82982885085575,$2-5,4.65,641961.0
"Ishgard, the Holy See",1.78,2.49,1.03,39.88764044943821,-42.13483146067416,926.0,live,2.13144,19.7438202247191,$1-2,,635622.0
Druid Class,1.92,2.79,1.43,45.31250000000001,-25.52083333333333,2183.0,live,2.38824,24.387500000000014,$1-2,1.81,243352.0
Deceit,3.19,7.99,3.08,150.4702194357367,-3.448275862068962,1260.0,live,6.83944,114.4025078369906,$2-5,4.8,656681.0
Infectious Bite,1.22,1.79,0.39,46.72131147540984,-68.0327868852459,1203.0,live,1.53224,25.593442622950825,$1-2,,479034.0
Rhythm of the Wild,4.79,6.99,4.16,45.92901878914405,-13.152400835073069,923.0,live,5.98344,24.915240083507303,$2-5,4.15,183219.0
Etherium Sculptor,0.77,1.99,0.72,158.4415584415584,-6.493506493506499,1303.0,live,1.70344,121.22597402597404,$0-1,0.83,642801.0
Flusterstorm,9.11,9.49,6.18,4.171240395170152,-32.16245883644347,917.0,live,8.12344,-10.829418221734349,$5-10,5.83,690169.0
Epic Fight (Borderless),0.9,0.79,0.15,-12.22222222222222,-83.33333333333333,1000.0,live,0.6762400000000001,-24.86222222222221,$0-1,,697066.0
"Michelangelo, the Heart (0005) (Borderless)",3.51,9.49,3.11,170.37037037037038,-11.396011396011394,1366.0,live,8.12344,131.43703703703707,$2-5,,657762.0
Restoration Seminar (Borderless),6.07,5.99,4.88,-1.3179571663920933,-19.60461285008238,924.0,live,5.12744,-15.528171334431637,$5-10,,688657.0
Grave Researcher (Extended Art),3.75,2.99,2.79,-20.266666666666666,-25.6,938.0,live,2.55944,-31.74826666666667,$2-5,,686549.0
Flowering of the White Tree,10.68,13.99,9.89,30.992509363295884,-7.397003745318344,889.0,live,11.97544,12.129588014981284,$10-20,10.0,499188.0
Superior Spider-Man,2.77,3.49,1.49,25.99277978339351,-46.20938628158845,1202.0,live,2.9874400000000003,7.849819494584848,$2-5,2.02,651942.0
Squirrel Mob,2.66,1.99,2.06,-25.18796992481204,-22.55639097744361,1131.0,live,1.70344,-35.9609022556391,$2-5,2.26,239440.0
Night of the Sweets' Revenge,0.84,1.49,0.22,77.38095238095238,-73.80952380952381,1053.0,live,1.27544,51.83809523809523,$0-1,0.59,512656.0
Toxic Deluge,5.05,6.49,4.38,28.51485148514852,-13.267326732673263,960.0,live,5.55544,10.008712871287132,$5-10,5.09,687372.0
Silverquill Charm,0.21,0.35,0.15,66.66666666666666,-28.57142857142857,1371.0,live,0.2996,42.66666666666666,$0-1,0.17,686607.0
Conjurer's Closet,3.85,5.49,3.48,42.5974025974026,-9.610389610389614,1090.0,live,4.69944,22.06337662337662,$2-5,3.75,615204.0
Wild Rose Rebellion - Counterspell (Showcase),2.58,3.99,1.75,54.65116279069768,-32.17054263565892,1028.0,live,3.4154400000000003,32.381395348837216,$2-5,,633126.0
Sphere of Safety,4.64,6.49,3.2,39.87068965517243,-31.03448275862068,919.0,live,5.55544,19.7293103448276,$2-5,4.42,66624.0
The Legend of Kyoshi,5.72,7.99,3.89,39.68531468531469,-31.99300699300699,929.0,live,6.83944,19.570629370629373,$5-10,,662551.0
Overpowering Attack,1.18,2.99,1.04,153.3898305084746,-11.864406779661008,1130.0,live,2.55944,116.90169491525424,$1-2,1.05,556007.0
Swords to Plowshares,1.78,2.49,1.46,39.88764044943821,-17.97752808988764,1482.0,live,2.13144,19.7438202247191,$1-2,1.5,624152.0
Swiftfoot Boots (Borderless),2.29,4.49,2.31,96.0698689956332,0.873362445414848,1423.0,live,3.84344,67.83580786026201,$2-5,,591209.0
Decorum Dissertation (Borderless),7.85,10.99,7.67,40.00000000000001,-2.292993630573245,911.0,live,9.40744,19.84,$5-10,,688951.0
Summon: Knights of Round,11.92,18.99,9.37,59.31208053691274,-21.392617449664435,905.0,live,16.25544,36.37114093959732,$10-20,11.8,632635.0
Sedgemoor Witch,6.08,9.49,4.15,56.08552631578948,-31.74342105263157,971.0,live,8.12344,33.6092105263158,$5-10,,235964.0
Great Train Heist,4.98,5.49,3.94,10.240963855421684,-20.883534136546192,970.0,live,4.69944,-5.633734939759043,$2-5,3.95,544271.0
"Raphael, the Nightwatcher",0.93,0.99,0.17,6.451612903225799,-81.72043010752688,1001.0,live,0.84744,-8.877419354838716,$0-1,0.7,673643.0
"Prismari, the Inspiration (Borderless)",11.19,9.49,8.44,-15.192135835567466,-24.575513851653263,869.0,live,8.12344,-27.404468275245748,$10-20,,686615.0
Living End,2.78,3.99,2.84,43.52517985611512,2.158273381294966,965.0,live,3.4154400000000003,22.85755395683455,$2-5,2.84,688875.0
Dark Leo & Shredder,3.83,6.99,3.0500000000000003,82.50652741514361,-20.36553524804177,925.0,live,5.98344,56.225587467362914,$2-5,3.5,673630.0
Rising of the Day,0.9,1.29,0.44,43.333333333333336,-51.11111111111111,1012.0,live,1.10424,22.693333333333342,$0-1,0.68,498376.0
Ornithopter of Paradise,0.59,0.99,0.43,67.79661016949153,-27.11864406779661,1140.0,live,0.84744,43.63389830508475,$0-1,0.55,240340.0
Cloudshift,1.22,1.99,0.71,63.114754098360656,-41.80327868852459,1100.0,live,1.70344,39.62622950819673,$1-2,1.23,58174.0
Ophidian Eye,12.23,16.99,8.83,38.92068683565002,-27.80049059689289,881.0,live,14.54344,18.91610793131642,$10-20,,14311.0
Will of the Jeskai,4.26,6.49,2.6,52.3474178403756,-38.96713615023474,1116.0,live,5.55544,30.40938967136151,$2-5,,624176.0
Giant Growth,0.21,0.35,0.15,66.66666666666666,-28.57142857142857,1296.0,live,0.2996,42.66666666666666,$0-1,0.15,686585.0
Growth Curve,0.31,0.35,0.15,12.903225806451609,-51.61290322580645,1221.0,live,0.2996,-3.354838709677426,$0-1,0.16,689624.0
"Kambal, Profiteering Mayor",4.92,8.49,4.72,72.56097560975611,-4.065040650406507,964.0,live,7.26744,47.71219512195122,$2-5,5.19,544486.0
"Winter Soldier, Icy Assassin",0.26,0.49,0.15,88.46153846153845,-42.30769230769232,1368.0,live,0.41944,61.32307692307691,$0-1,0.15,696576.0
Sol Ring,1.6,2.99,1.51,86.875,-5.625000000000005,1382.0,live,2.55944,59.96499999999999,$1-2,1.63,687542.0
"Boromir, Warden of the Tower",6.19,8.49,5.21,37.15670436187399,-15.831987075928923,979.0,live,7.26744,17.406138933764122,$5-10,6.0,498305.0
Dark Ritual,5.07,4.49,2.07,-11.439842209072978,-59.171597633136095,1093.0,live,3.84344,-24.192504930966468,$5-10,,1381.0
Assassin's Trophy,0.95,1.49,0.34,56.842105263157904,-64.21052631578947,1067.0,live,1.27544,34.25684210526315,$0-1,0.67,687603.0
Hardened Scales,1.78,3.99,1.85,124.15730337078652,3.9325842696629247,1115.0,live,3.4154400000000003,91.87865168539328,$1-2,1.99,687521.0
Cultivate,0.39,0.99,0.36,153.84615384615384,-7.692307692307699,1430.0,live,0.84744,117.29230769230767,$0-1,0.4,499506.0
Steam Vents (Borderless),16.02,22.99,14.83,43.50811485642946,-7.428214731585515,951.0,live,19.67944,22.84294631710362,$10-20,,656712.0
Winding Constrictor,0.48,0.79,0.4,64.58333333333334,-16.66666666666666,1529.0,live,0.6762400000000001,40.88333333333335,$0-1,0.49,126369.0
Evolution Sage,2.19,4.49,2.07,105.02283105022832,-5.479452054794526,1029.0,live,3.84344,75.49954337899545,$2-5,1.99,671204.0
Vanquisher's Banner,5.04,6.99,4.23,38.69047619047619,-16.071428571428566,1096.0,live,5.98344,18.71904761904761,$5-10,4.42,499811.0
Planetarium of Wan Shi Tong,5.65,7.49,4.94,32.56637168141592,-12.566371681415928,916.0,live,6.41144,13.476814159292024,$5-10,5.75,660653.0
Crystal Barricade,2.38,2.99,0.36,25.63025210084035,-84.87394957983194,1010.0,live,2.55944,7.53949579831933,$2-5,,589330.0
Choreographed Sparks,0.28,0.49,0.15,74.99999999999997,-46.42857142857144,1159.0,live,0.41944,49.799999999999976,$0-1,0.15,689488.0
Treasure Vault,1.12,2.49,0.98,122.32142857142856,-12.50000000000001,1291.0,live,2.13144,90.30714285714284,$1-2,1.11,615181.0
Pain for All,0.64,1.79,0.25,179.68749999999997,-60.9375,1175.0,live,1.53224,139.4125,$0-1,0.5,643036.0
Forge Anew,5.68,5.99,4.54,5.457746478873248,-20.070422535211264,901.0,live,5.12744,-9.728169014084502,$5-10,5.17,498525.0
Dragon Sniper,1.52,1.99,0.31,30.921052631578945,-79.60526315789474,1203.0,live,1.70344,12.068421052631582,$1-2,0.49,625277.0
Anger,0.48,1.29,0.4,168.75000000000003,-16.66666666666666,1154.0,live,1.10424,130.05,$0-1,0.46,687401.0
Doubling Season,33.13,42.99,30.21,29.76154542710534,-8.813763960156962,871.0,live,36.79944,11.075882885602176,$20-50,31.1,590858.0
Cleric Class,2.03,2.99,1.42,47.2906403940887,-30.04926108374384,966.0,live,2.55944,26.080788177339908,$2-5,1.64,243329.0
Forest (0307),0.29,0.79,0.15,172.41379310344828,-48.27586206896552,2829.0,live,0.6762400000000001,133.18620689655177,$0-1,,630901.0
Conqueror's Flail,0.79,1.49,0.77,88.60759493670885,-2.531645569620255,1202.0,live,1.27544,61.44810126582277,$0-1,0.78,631291.0
Germination Practicum (Borderless),12.21,11.99,10.42,-1.801801801801807,-14.660114660114669,876.0,live,10.26344,-15.942342342342355,$10-20,,689108.0
Vibrant Outburst,0.29,0.35,0.15,20.6896551724138,-48.27586206896552,1506.0,live,0.2996,3.3103448275862064,$0-1,0.15,689531.0
Reckless Fireweaver,0.42,0.99,0.31,135.71428571428575,-26.190476190476183,1153.0,live,0.84744,101.77142857142856,$0-1,,123071.0
Llanowar Wastes,0.5,1.79,0.51,258.0,2.0000000000000018,1352.0,live,1.53224,206.448,$0-1,0.56,687692.0
Rise of the Witch-king,0.85,0.99,0.43,16.47058823529412,-49.41176470588236,958.0,live,0.84744,-0.3011764705882361,$0-1,,499216.0
Esper Sentinel,59.14,74.99,59.38,26.80081163341223,0.405816706121072,905.0,live,64.19144,8.541494758200878,$50-100,56.54,240035.0
Flux Channeler,2.76,3.99,1.82,44.565217391304365,-34.05797101449274,1007.0,live,3.4154400000000003,23.747826086956543,$2-5,2.65,187122.0
"K'rrik, Son of Yawgmoth",0.72,1.29,0.32,79.16666666666667,-55.55555555555556,1025.0,live,1.10424,53.36666666666668,$0-1,0.82,552301.0
Elvish Mystic,0.39,0.99,0.29,153.84615384615384,-25.64102564102565,1229.0,live,0.84744,117.29230769230767,$0-1,,687499.0
Spider Manifestation,0.32,0.35,0.15,9.374999999999991,-53.125,1489.0,live,0.2996,-6.375000000000009,$0-1,0.2,652016.0
Planar Genesis,0.39,0.99,0.15,153.84615384615384,-61.53846153846154,1150.0,live,0.84744,117.29230769230767,$0-1,0.36,552841.0
Archway of Innovation,1.05,1.99,0.67,89.52380952380952,-36.19047619047619,1108.0,live,1.70344,62.23238095238095,$1-2,0.87,552861.0
Gaea's Gift,1.14,2.29,0.81,100.87719298245617,-28.947368421052623,1057.0,live,1.96024,71.95087719298246,$1-2,1.02,452208.0
Bloodthirsty Conqueror,39.76,42.99,32.3,8.123742454728381,-18.762575452716305,897.0,live,36.79944,-7.4460764587525,$20-50,31.35,589328.0
Pawn of Ulamog,0.47,0.99,0.25,110.63829787234044,-46.80851063829787,1375.0,live,0.84744,80.3063829787234,$0-1,0.48,687478.0
Ophiomancer,1.1,1.99,0.52,80.90909090909089,-52.727272727272734,942.0,live,1.70344,54.85818181818182,$1-2,0.58,687362.0
Blasphemous Act,0.9,2.29,0.72,154.44444444444446,-20.000000000000004,1368.0,live,1.96024,117.80444444444444,$0-1,0.82,687417.0
"Gwenom, Remorseless",5.42,6.49,2.08,19.741697416974173,-61.62361623616236,873.0,live,5.55544,2.4988929889298896,$5-10,,651360.0
Relic of Legends,2.8,2.29,1.37,-18.214285714285708,-51.07142857142857,942.0,live,1.96024,-29.991428571428568,$2-5,2.37,283524.0
Heraldic Banner,0.35,0.99,0.15,182.8571428571429,-57.14285714285714,1208.0,live,0.84744,142.1257142857143,$0-1,0.18,591325.0
Strix Serenade,1.79,2.99,0.51,67.03910614525141,-71.50837988826815,1160.0,live,2.55944,42.98547486033519,$1-2,1.06,552621.0
Mistvault Bridge,0.66,0.35,0.41,-46.969696969696976,-37.87878787878788,1489.0,live,0.2996,-54.606060606060616,$0-1,0.57,239718.0
Trailblazer's Boots,1.18,2.49,1.27,111.0169491525424,7.627118644067804,1160.0,live,2.13144,80.63050847457627,$1-2,1.36,631246.0
Open the Armory,2.64,4.99,2.62,89.01515151515152,-0.7575757575757582,981.0,live,4.27144,61.7969696969697,$2-5,2.76,227128.0
The Super Hero Civil War,0.29,0.49,0.15,68.96551724137932,-48.27586206896552,1351.0,live,0.41944,44.63448275862069,$0-1,0.2,696498.0
Nest of Scarabs,5.57,3.99,3.69,-28.366247755834827,-33.75224416517056,949.0,live,3.4154400000000003,-38.68150807899461,$5-10,,129733.0
Resonating Lute (Extended Art),1.92,1.79,1.63,-6.770833333333329,-15.104166666666668,924.0,live,1.53224,-20.19583333333333,$1-2,,688478.0
Thought Vessel,3.01,3.99,2.44,32.55813953488374,-18.93687707641196,983.0,live,3.4154400000000003,13.46976744186048,$2-5,2.56,631303.0
"Captain America, First Avenger (Borderless)",12.7,11.99,10.83,-5.590551181102355,-14.724409448818893,856.0,live,10.26344,-19.185511811023623,$10-20,,696429.0
Duskshell Crawler,0.3,0.49,0.15,63.33333333333334,-50.0,1077.0,live,0.41944,39.81333333333333,$0-1,0.27,240460.0
Summon: Titan,1.69,2.29,0.87,35.502958579881664,-48.5207100591716,960.0,live,1.96024,15.990532544378702,$1-2,1.29,633138.0
"Wolverine, Best There Is (Borderless)",23.87,27.99,25.76,17.260159195643055,7.917888563049856,849.0,live,23.95944,0.374696271470449,$20-50,,696438.0
End the Festivities,1.43,1.29,0.67,-9.790209790209785,-53.14685314685315,1421.0,live,1.10424,-22.78041958041957,$1-2,1.22,253770.0
Shadowbringers - Dovin's Veto (Showcase),1.94,3.49,2.07,79.89690721649487,6.7010309278350455,936.0,live,2.9874400000000003,53.99175257731961,$1-2,,632061.0
Insatiable Avarice,4.8,6.99,4.75,45.62500000000001,-1.041666666666663,954.0,live,5.98344,24.655,$2-5,5.4,544175.0
"Jenova, Ancient Calamity",1.35,1.99,0.26,47.4074074074074,-80.74074074074075,920.0,live,1.70344,26.18074074074073,$1-2,0.61,633174.0
Splinter of the Shadows - Ashcoat of the Shadow Swarm (Borderless),4.4,5.99,2.82,36.136363636363626,-35.90909090909092,975.0,live,5.12744,16.532727272727264,$2-5,,679117.0
Moon Girl and Devil Dinosaur,0.25,0.49,0.15,96.0,-40.0,1402.0,live,0.41944,67.776,$0-1,0.15,668476.0
Tireless Provisioner,2.13,3.49,2.06,63.84976525821598,-3.2863849765258144,933.0,live,2.9874400000000003,40.25539906103289,$2-5,2.12,240157.0
Talisman of Dominance,1.59,2.49,1.3,56.60377358490567,-18.238993710691823,972.0,live,2.13144,34.05283018867924,$1-2,1.59,631296.0
Requiting Hex,0.48,0.99,0.15,106.25,-68.74999999999999,1795.0,live,0.84744,76.55,$0-1,0.37,671489.0
"Rat King, Verminister",0.99,0.99,0.16,0.0,-83.83838383838383,993.0,live,0.84744,-14.400000000000002,$0-1,0.49,673608.0
Agate Instigator,8.83,8.99,8.32,1.8120045300113263,-5.7757644394110965,1060.0,live,7.69544,-12.84892412231031,$5-10,8.21,559718.0
Dispel,0.37,0.35,0.2,-5.405405405405411,-45.94594594594594,1268.0,live,0.2996,-19.02702702702703,$0-1,0.35,105594.0
Unclaimed Territory,0.36,0.35,0.16,-2.7777777777777803,-55.55555555555556,1269.0,live,0.2996,-16.77777777777778,$0-1,0.25,525827.0
Simulacrum Synthesizer (Borderless),19.32,29.99,18.74,55.22774327122152,-3.0020703933747503,892.0,live,25.67144,32.874948240165615,$10-20,,696417.0
Swamp (0301),0.21,0.59,0.15,180.95238095238096,-28.57142857142857,2887.0,live,0.5050399999999999,140.4952380952381,$0-1,,630890.0
Starwinder,0.85,1.99,0.5700000000000001,134.11764705882354,-32.941176470588225,953.0,live,1.70344,100.40470588235296,$0-1,0.9,644278.0
Cyberdrive Awakener,1.89,4.49,2.01,137.5661375661376,6.349206349206344,992.0,live,3.84344,103.35661375661378,$1-2,1.98,642795.0
Angel of Indemnity,0.38,0.69,0.15,81.57894736842104,-60.526315789473685,1563.0,live,0.5906399999999999,55.43157894736841,$0-1,0.31,687361.0
"Rograkh, Son of Rohgahh",2.24,2.79,2.08,24.55357142857142,-7.142857142857148,965.0,live,2.38824,6.617857142857139,$2-5,2.27,226641.0
Culling Ritual,0.42,0.69,0.31,64.28571428571428,-26.190476190476183,1572.0,live,0.5906399999999999,40.62857142857142,$0-1,0.44,689391.0
Swan Song,8.75,13.99,9.15,59.885714285714286,4.571428571428576,889.0,live,11.97544,36.86217142857144,$5-10,8.98,642791.0
Bolas's Citadel,16.04,12.99,12.5,-19.01496259351621,-22.069825436408973,859.0,live,11.11944,-30.67680798004988,$10-20,10.77,187187.0
Herald of Secret Streams,5.41,9.99,3.12,84.65804066543437,-42.32902033271719,1027.0,live,8.55144,58.06728280961182,$5-10,,142005.0
Faithless Looting,0.39,0.99,0.3,153.84615384615384,-23.076923076923084,1652.0,live,0.84744,117.29230769230767,$0-1,0.42,687403.0
Brave the Sands,4.06,6.99,3.42,72.16748768472908,-15.763546798029552,888.0,live,5.98344,47.37536945812809,$2-5,,93202.0
Command Tower,0.34,0.69,0.2,102.9411764705882,-41.1764705882353,1268.0,live,0.5906399999999999,73.7176470588235,$0-1,0.24,687664.0
Spider-Sense,1.8,2.79,0.96,54.99999999999999,-46.66666666666666,1014.0,live,2.38824,32.68000000000001,$1-2,1.15,651910.0
Vibrance,2.81,6.99,1.81,148.7544483985765,-35.587188612099645,1100.0,live,5.98344,112.93380782918148,$2-5,3.8,670971.0
Kodama's Reach (Borderless),1.98,2.99,1.04,51.01010101010103,-47.474747474747474,2041.0,live,2.55944,29.26464646464646,$1-2,,504530.0
Wilderness Reclamation,3.13,4.49,2.12,43.45047923322685,-32.26837060702874,1003.0,live,3.84344,22.793610223642183,$2-5,2.25,182965.0
Songbirds' Blessing,0.5,0.79,0.36,58.00000000000001,-28.000000000000004,1550.0,live,0.6762400000000001,35.24800000000001,$0-1,0.4,687533.0
Summon: Primal Odin,1.84,1.79,0.51,-2.7173913043478284,-72.28260869565217,893.0,live,1.53224,-16.72608695652174,$1-2,1.42,630955.0
Sheltered by Ghosts,1.28,2.79,1.12,117.96875,-12.499999999999991,1774.0,live,2.38824,86.58125000000001,$1-2,1.16,578877.0
Brazen Borrower,0.4,0.99,0.15,147.5,-62.5,1921.0,live,0.84744,111.86,$0-1,,687399.0
"Y'shtola, Night's Blessed",4.49,8.99,2.94,100.22271714922049,-34.52115812917595,1634.0,live,7.69544,71.39064587973273,$2-5,3.14,618874.0
Vault of Whispers,3.97,5.49,2.54,38.28715365239295,-36.02015113350126,1450.0,live,4.69944,18.37380352644836,$2-5,2.74,11311.0
Vincent Valentine,1.26,0.99,0.8200000000000001,-21.42857142857143,-34.92063492063492,1018.0,live,0.84744,-32.74285714285715,$1-2,,631894.0
"Gogo, Mysterious Mime",1.64,2.79,1.7,70.1219512195122,3.658536585365857,1085.0,live,2.38824,45.62439024390245,$1-2,1.72,631124.0
Devourer of Destiny,1.11,2.29,0.19,106.30630630630628,-82.8828828828829,1477.0,live,1.96024,76.59819819819819,$1-2,0.94,550845.0
Steal the Show,0.3,0.49,0.15,63.33333333333334,-50.0,1052.0,live,0.41944,39.81333333333333,$0-1,0.15,688513.0
Blasphemous Act,0.89,2.29,0.75,157.30337078651684,-15.730337078651688,1289.0,live,1.96024,120.25168539325844,$0-1,0.72,687417.0
"Iron Man, Titan of Innovation (Borderless)",12.54,16.99,10.26,35.48644338118022,-18.181818181818176,854.0,live,14.54344,15.976395534290267,$10-20,,696432.0
Chrome Dome,1.27,1.29,0.15,1.5748031496063006,-88.18897637795277,1003.0,live,1.10424,-13.051968503937,$1-2,0.69,673649.0
Splatter Technique,0.27,0.49,0.15,81.48148148148147,-44.44444444444445,1310.0,live,0.41944,55.34814814814813,$0-1,0.15,688527.0
Karn's Bastion,2.44,4.99,2.54,104.50819672131148,4.098360655737709,1167.0,live,4.27144,75.05901639344263,$2-5,2.71,642855.0
Farseek,0.59,1.49,0.59,152.54237288135596,0.0,1882.0,live,1.27544,116.17627118644069,$0-1,0.64,559948.0
Mountain (0283),0.34,0.49,0.15,44.11764705882352,-55.88235294117647,3175.0,live,0.41944,23.36470588235293,$0-1,,696363.0
"Tekuthal, Inquiry Dominus",1.26,2.29,1.25,81.74603174603175,-0.7936507936507943,1824.0,live,1.96024,55.574603174603176,$1-2,1.33,642807.0
Fracture,0.69,1.29,0.15,86.95652173913045,-78.26086956521738,927.0,live,1.10424,60.03478260869568,$0-1,0.25,689409.0
Defacing Duskmage,0.44,0.49,0.15,11.36363636363636,-65.90909090909092,1211.0,live,0.41944,-4.672727272727277,$0-1,,687576.0
Swamp (0289),0.33,0.49,0.15,48.48484848484848,-54.54545454545456,2462.0,live,0.41944,27.10303030303029,$0-1,,648727.0
"Nykthos, Shrine to Nyx",53.61,69.99,44.42,30.554001119194176,-17.142324193247525,874.0,live,59.91143999999999,11.754224958030203,$50-100,,71039.0
"Yuna, Grand Summoner",3.07,8.49,1.91,176.5472312703583,-37.78501628664496,1863.0,live,7.26744,136.72442996742674,$2-5,,630780.0
Echocasting Symposium (Borderless),4.54,6.49,4.4,42.95154185022027,-3.0837004405286272,857.0,live,5.55544,22.366519823788543,$2-5,,688818.0
Twilight Mire,0.4,1.29,0.3,222.5,-25.000000000000007,1407.0,live,1.10424,176.06,$0-1,0.39,687571.0
Disruptor Flute,1.49,2.99,0.31,100.67114093959732,-79.19463087248322,1467.0,live,2.55944,71.7744966442953,$1-2,1.53,552584.0
The Ten Rings (Borderless),23.04,32.99,21.88,43.1857638888889,-5.034722222222223,906.0,live,28.23944,22.5670138888889,$20-50,,696351.0
Farseek,0.88,1.79,0.79,103.40909090909092,-10.227272727272725,1054.0,live,1.53224,74.11818181818182,$0-1,0.81,559948.0
Oscorp Industries,1.75,1.99,0.46,13.714285714285715,-73.71428571428572,944.0,live,1.70344,-2.660571428571425,$1-2,0.93,651978.0
Kitsune's Technique,1.24,1.49,0.15,20.161290322580648,-87.90322580645163,1054.0,live,1.27544,2.858064516129025,$1-2,,673570.0
Valakut Awakening,17.32,24.99,17.43,44.28406466512701,0.6351039260969944,894.0,live,21.39144,23.50715935334873,$10-20,,221774.0
Sigil of Sleep,4.5,4.99,3.01,10.888888888888896,-33.111111111111114,909.0,live,4.27144,-5.079111111111109,$2-5,,6245.0
Magic Damper,0.29,0.35,0.15,20.6896551724138,-48.27586206896552,1214.0,live,0.2996,3.3103448275862064,$0-1,0.15,634189.0
Smothering Tithe,50.15,69.99,51.34,39.56131605184446,2.372881355932213,839.0,live,59.91143999999999,19.46448654037885,$50-100,48.53,183033.0
Empty the Warrens,0.42,0.49,0.15,16.666666666666668,-64.28571428571429,930.0,live,0.41944,-0.1333333333333345,$0-1,0.2,688913.0
An Offer You Can't Refuse,2.49,4.99,2.61,100.4016064257028,4.819277108433721,1107.0,live,4.27144,71.5437751004016,$2-5,2.67,590828.0
Avatar Aang,3.22,2.99,2.05,-7.142857142857142,-36.33540372670808,946.0,live,2.55944,-20.51428571428572,$2-5,,648733.0
"Kefka, Court Mage",6.13,8.49,6.7700000000000005,38.49918433931485,10.440456769983696,887.0,live,7.26744,18.555301794453506,$5-10,,631006.0
Mountain (0192),0.37,0.79,0.15,113.51351351351352,-59.45945945945946,2535.0,live,0.6762400000000001,82.7675675675676,$0-1,,646639.0
Demand Answers (Showcase),0.36,1.29,0.33,258.33333333333337,-8.333333333333325,1045.0,live,1.10424,206.7333333333334,$0-1,,530025.0
Cruel Celebrant,1.16,1.79,0.52,54.31034482758622,-55.172413793103445,1020.0,live,1.53224,32.089655172413806,$1-2,1.16,187204.0
Path to Exile,1.2,2.79,1.14,132.50000000000003,-5.000000000000004,1151.0,live,2.38824,99.02000000000002,$1-2,1.2,687458.0
Phyresis,1.89,2.79,0.52,47.61904761904763,-72.4867724867725,1023.0,live,2.38824,26.36190476190477,$1-2,,39062.0
Y'shtola Rhul,4.87,6.49,3.12,33.26488706365503,-35.93429158110883,869.0,live,5.55544,14.074743326488704,$2-5,3.1,630924.0
Plains (0295),0.26,0.49,0.15,88.46153846153845,-42.30769230769232,3365.0,live,0.41944,61.32307692307691,$0-1,,630879.0
Umbral Expanse,0.36,0.49,0.26,36.11111111111112,-27.77777777777777,1425.0,live,0.41944,16.51111111111111,$0-1,0.35,687606.0
Teleportation Circle (Borderless),5.04,7.49,5.0,48.61111111111112,-0.7936507936507943,920.0,live,6.41144,27.21111111111111,$5-10,,679071.0
Shared Roots,0.38,0.49,0.15,28.947368421052627,-60.526315789473685,1235.0,live,0.41944,10.378947368421048,$0-1,0.3,688960.0
Solve the Equation,3.76,6.49,3.51,72.60638297872342,-6.648936170212766,866.0,live,5.55544,47.75106382978724,$2-5,3.94,235658.0
Ms. Bumbleflower (Borderless),5.51,11.99,4.16,117.60435571687842,-24.500907441016327,1416.0,live,10.26344,86.2693284936479,$5-10,,558384.0
"Moseo, Vein's New Dean (Extended Art)",1.73,0.79,0.72,-54.33526011560693,-58.38150289017341,879.0,live,0.6762400000000001,-60.91098265895955,$1-2,,689537.0
"Alexios, Deimos of Kosmos",0.45,1.49,0.17,231.1111111111112,-62.22222222222222,1716.0,live,1.27544,183.4311111111111,$0-1,0.5,556351.0
Inexorable Tide,1.13,2.29,1.0,102.6548672566372,-11.504424778761054,1210.0,live,1.96024,73.47256637168144,$1-2,1.1,631262.0
"Moraug, Fury of Akoum",2.15,3.49,2.07,62.32558139534885,-3.720930232558143,964.0,live,2.9874400000000003,38.95069767441863,$2-5,2.18,641971.0
"Elas il-Kor, Sadistic Pilgrim",2.53,2.29,1.09,-9.48616600790513,-56.91699604743082,913.0,live,1.96024,-22.5201581027668,$2-5,1.45,283381.0
Uthros Research Craft,1.24,2.49,1.04,100.80645161290325,-16.129032258064512,1155.0,live,2.13144,71.89032258064516,$1-2,1.38,642790.0
Stormcatch Mentor,0.28,0.49,0.15,74.99999999999997,-46.42857142857144,1225.0,live,0.41944,49.799999999999976,$0-1,0.3,687652.0
Wrath of the Skies,2.02,3.49,0.6900000000000001,72.77227722772278,-65.84158415841584,1504.0,live,2.9874400000000003,47.89306930693071,$2-5,1.22,552614.0
Isolated Chapel,0.37,1.29,0.3,248.64864864864865,-18.91891891891892,1552.0,live,1.10424,198.44324324324327,$0-1,0.57,631324.0
Eccentric Pestfinder,0.4,0.49,0.15,22.5,-62.5,1014.0,live,0.41944,4.85999999999999,$0-1,,687580.0
Strength of the Harvest,0.35,0.35,0.15,0.0,-57.14285714285714,1051.0,live,0.2996,-14.400000000000002,$0-1,,552647.0
Fetid Heath,0.37,1.29,0.29,248.64864864864865,-21.621621621621625,1339.0,live,1.10424,198.44324324324327,$0-1,0.31,687680.0
HULK SMASH! (Borderless),0.24,0.35,0.15,45.83333333333333,-37.5,1219.0,live,0.2996,24.83333333333333,$0-1,,696302.0
Approach of the Second Sun,6.06,4.99,3.94,-17.656765676567648,-34.98349834983498,921.0,live,4.27144,-29.514191419141905,$5-10,4.49,129978.0
Combat Celebrant,1.94,2.29,0.67,18.04123711340207,-65.4639175257732,1062.0,live,1.96024,1.0432989690721668,$1-2,0.76,559819.0
Fanatical Offering,1.2,2.99,0.87,149.16666666666669,-27.5,1707.0,live,2.55944,113.28666666666666,$1-2,1.35,526191.0
Storm-Kiln Artist,2.43,2.29,1.55,-5.761316872427988,-36.21399176954733,937.0,live,1.96024,-19.33168724279836,$2-5,1.46,687338.0
Incubation Druid,0.93,1.79,0.88,92.47311827956987,-5.3763440860215095,1010.0,live,1.53224,64.75698924731182,$0-1,1.43,631307.0
Hidden Hideout,3.0,4.49,2.08,49.66666666666668,-30.666666666666664,1166.0,live,3.84344,28.114666666666672,$2-5,2.46,679615.0
Colorstorm Stallion (Borderless),1.08,0.99,0.19,-8.33333333333334,-82.40740740740742,1010.0,live,0.84744,-21.533333333333346,$1-2,,686621.0
The Kingpin of Crime,0.29,0.49,0.15,68.96551724137932,-48.27586206896552,1151.0,live,0.41944,44.63448275862069,$0-1,0.16,696325.0
Wight of the Reliquary,0.4,0.99,0.26,147.5,-35.0,1352.0,live,0.84744,111.86,$0-1,,687659.0
"Golbez, Clad in Darkness - Syr Konrad, the Grim (Showcase)",1.41,1.99,0.78,41.13475177304966,-44.68085106382978,930.0,live,1.70344,20.811347517730507,$1-2,,633189.0
Propaganda,2.99,3.49,2.7,16.722408026755854,-9.698996655518394,959.0,live,2.9874400000000003,-0.0856187290969864,$2-5,2.97,556385.0
Surly Badgersaur,17.04,24.99,17.45,46.65492957746479,2.4061032863849774,854.0,live,21.39144,25.53661971830986,$10-20,17.0,212233.0
Hit-Monkey,4.75,6.49,3.86,36.631578947368425,-18.73684210526316,881.0,live,5.55544,16.956631578947366,$2-5,4.25,696390.0
Memories of Nibelheim - Stroke of Midnight (Showcase),1.13,1.29,0.19,14.159292035398243,-83.18584070796462,1065.0,live,1.10424,-2.279646017699096,$1-2,,633977.0
Authority of the Consuls,4.69,6.49,4.53,38.37953091684434,-3.411513859275056,1004.0,live,5.55544,18.452878464818752,$2-5,4.4,591298.0
Ambitious Augmenter,0.28,0.49,0.15,74.99999999999997,-46.42857142857144,1179.0,live,0.41944,49.799999999999976,$0-1,,688645.0
Defense of the Heart (Borderless),9.21,11.99,9.62,30.18458197611292,4.451682953311599,901.0,live,10.26344,11.43800217155264,$5-10,,696423.0
"Krang, the All-Powerful",0.38,1.29,0.17,239.4736842105264,-55.26315789473684,1175.0,live,1.10424,190.58947368421056,$0-1,0.38,679577.0
All Will Be One (Borderless),12.06,14.99,8.85,24.29519071310116,-26.61691542288558,841.0,live,12.83144,6.396683250414595,$10-20,,679138.0
Meticulous Archive,10.46,16.99,9.37,62.42829827915867,-10.420650095602308,964.0,live,14.54344,39.03862332695982,$10-20,10.91,532907.0
Forest (0193),0.33,0.99,0.15,200.0,-54.54545454545456,2643.0,live,0.84744,156.79999999999995,$0-1,,646637.0
"Lotho, Corrupt Shirriff",12.9,16.99,11.46,31.705426356589133,-11.162790697674414,827.0,live,14.54344,12.739844961240296,$10-20,12.56,498682.0
Avengers Disassembled (Borderless),1.77,3.49,0.85,97.17514124293788,-51.9774011299435,1200.0,live,2.9874400000000003,68.78192090395481,$1-2,,696566.0
Mountain,1.36,2.29,0.96,68.38235294117646,-29.41176470588236,3117.0,live,1.96024,44.13529411764704,$1-2,,206025.0
Hazel of the Rootbloom (Borderless),6.68,9.99,2.59,49.55089820359282,-61.227544910179645,1136.0,live,8.55144,28.015568862275448,$5-10,,558383.0
Return of the Wildspeaker,0.99,2.49,1.3,151.51515151515153,31.31313131313132,1216.0,live,2.13144,115.2969696969697,$0-1,1.42,671239.0
Undying Malice,0.52,0.49,0.27,-5.769230769230775,-48.07692307692307,950.0,live,0.41944,-19.338461538461544,$0-1,0.4,253735.0
Thunderdrum Soloist,0.32,0.35,0.15,9.374999999999991,-53.125,1157.0,live,0.2996,-6.375000000000009,$0-1,0.15,688525.0
Slip Through Space,0.4,0.59,0.2,47.49999999999999,-50.0,1078.0,live,0.5050399999999999,26.259999999999977,$0-1,0.36,111073.0
"Lyla, Holographic Assistant",6.05,16.99,6.09,180.8264462809917,0.661157024793389,929.0,live,14.54344,140.38743801652893,$5-10,6.4,646034.0
Impostor Syndrome,7.83,9.99,6.44,27.58620689655172,-17.752234993614298,849.0,live,8.55144,9.21379310344827,$5-10,7.75,651851.0
Sire of Seven Deaths,19.41,32.99,17.69,69.96393611540444,-8.861411643482734,939.0,live,28.23944,45.48912931478621,$10-20,18.41,591199.0
Counterspell,2.66,3.99,1.56,50.0,-41.35338345864662,1037.0,live,3.4154400000000003,28.4,$2-5,,457501.0
Baxter Building,0.3,0.35,0.15,16.666666666666664,-50.0,1693.0,live,0.2996,-0.1333333333333371,$0-1,0.15,696469.0
Silent Hallcreeper,1.69,2.49,1.14,47.3372781065089,-32.544378698224854,940.0,live,2.13144,26.120710059171603,$1-2,,577658.0
"Chatterfang, Squirrel General",11.39,15.99,10.36,40.38630377524143,-9.043020193151898,944.0,live,13.68744,20.17067603160667,$10-20,10.58,559964.0
Herd Heirloom,3.97,5.49,3.38,38.28715365239295,-14.86146095717885,890.0,live,4.69944,18.37380352644836,$2-5,4.18,624591.0
"Krang, Master Mind",0.84,1.79,0.39,113.09523809523812,-53.57142857142857,1150.0,live,1.53224,82.40952380952382,$0-1,0.46,657751.0
Will of the Mardu,3.5,4.49,2.69,28.28571428571429,-23.142857142857142,1202.0,live,3.84344,9.812571428571434,$2-5,2.65,624279.0
Peter Parker's Camera,1.3,1.99,0.62,53.076923076923066,-52.30769230769232,947.0,live,1.70344,31.03384615384616,$1-2,1.18,651386.0
Hallowed Fountain (Borderless),13.31,14.99,11.77,12.622088655146504,-11.570247933884303,917.0,live,12.83144,-3.5954921111945897,$10-20,,656705.0
"Bumi, Unleashed",4.5,4.99,3.08,10.888888888888896,-31.55555555555556,842.0,live,4.27144,-5.079111111111109,$2-5,3.76,660617.0
Improvisation Capstone (Borderless),13.31,18.99,11.81,42.6746806912096,-11.269722013523666,838.0,live,16.25544,22.12952667167543,$10-20,,686578.0
Cabal Ritual,13.37,18.99,13.54,42.03440538519072,1.271503365744203,934.0,live,16.25544,21.581451009723267,$10-20,13.64,9616.0
Determined Iteration,0.44,0.69,0.15,56.8181818181818,-65.90909090909092,1315.0,live,0.5906399999999999,34.23636363636362,$0-1,0.5,687485.0
Dark Ritual,3.75,4.49,1.56,19.73333333333333,-58.4,1099.0,live,3.84344,2.4917333333333387,$2-5,,1381.0
Pest Mascot,0.29,0.35,0.15,20.6896551724138,-48.27586206896552,1287.0,live,0.2996,3.3103448275862064,$0-1,0.2,686595.0
Island (0280),0.29,0.59,0.15,103.44827586206895,-48.27586206896552,3696.0,live,0.5050399999999999,74.15172413793101,$0-1,,696360.0
"Alesha, Who Laughs at Fate",1.37,2.29,1.03,67.15328467153283,-24.817518248175187,914.0,live,1.96024,43.08321167883211,$1-2,1.34,590863.0
Call of the Ring,4.18,5.49,3.82,31.3397129186603,-8.612440191387558,901.0,live,4.69944,12.426794258373215,$2-5,4.15,496031.0
"Venat, Heart of Hydaelyn",2.03,1.29,0.34,-36.45320197044335,-83.2512315270936,883.0,live,1.10424,-45.6039408866995,$2-5,,634624.0
Sowing Mycospawn,1.77,2.79,1.05,57.6271186440678,-40.67796610169491,1254.0,live,2.38824,34.928813559322045,$1-2,,552738.0
Three Steps Ahead,5.0,8.49,4.94,69.80000000000001,-1.1999999999999922,975.0,live,7.26744,45.3488,$5-10,6.43,544417.0
Elegant Parlor,8.41,14.99,8.19,78.24019024970274,-2.6159334126040505,968.0,live,12.83144,52.57360285374555,$5-10,8.9,532938.0
Arid Mesa,27.51,42.99,28.13,56.27044711014177,2.2537259178480458,940.0,live,36.79944,33.767502726281364,$20-50,28.25,238607.0
Mountain (0284),0.27,0.49,0.15,81.48148148148147,-44.44444444444445,2929.0,live,0.41944,55.34814814814813,$0-1,,696364.0
"Raph & Leo, Sibling Rivals",0.81,0.49,0.15,-39.50617283950618,-81.48148148148148,900.0,live,0.41944,-48.21728395061729,$0-1,0.25,673670.0
"Ultima, Origin of Oblivion",0.92,1.79,0.2,94.56521739130434,-78.26086956521738,1003.0,live,1.53224,66.54782608695652,$0-1,,631880.0
Scavenger Grounds,0.29,0.49,0.15,68.96551724137932,-48.27586206896552,1157.0,live,0.41944,44.63448275862069,$0-1,0.27,631278.0
"Matt Murdock, Justice Seeker",2.08,2.99,1.04,43.75000000000001,-50.0,879.0,live,2.55944,23.05,$2-5,,697137.0
Negate,0.22,0.39,0.15,77.27272727272728,-31.818181818181824,1382.0,live,0.33384,51.74545454545456,$0-1,0.25,679073.0
Infectious Inquiry,0.42,1.29,0.2,207.1428571428572,-52.38095238095237,1344.0,live,1.10424,162.91428571428577,$0-1,0.35,479616.0
Tainted Strike,2.94,3.49,2.03,18.70748299319729,-30.95238095238096,1004.0,live,2.9874400000000003,1.6136054421768835,$2-5,,36465.0
Sol Ring,2.06,2.49,1.49,20.873786407767,-27.669902912621364,1099.0,live,2.13144,3.467961165048541,$2-5,1.62,687542.0
"Raphael, the Muscle (0004) (Borderless)",1.6,3.99,0.26,149.375,-83.75,1367.0,live,3.4154400000000003,113.465,$1-2,,657760.0
Kodama's Reach,1.45,2.99,1.49,106.20689655172416,2.758620689655175,1511.0,live,2.55944,76.51310344827587,$1-2,1.49,671233.0
Hushwood Verge,7.92,10.99,7.29,38.76262626262626,-7.954545454545453,1036.0,live,9.40744,18.78080808080807,$5-10,7.5,576520.0
Breath Weapon,6.21,8.49,6.24,36.71497584541063,0.4830917874396175,1339.0,live,7.26744,17.028019323671494,$5-10,6.3,273294.0
Swordsman's Steel,20.11,23.99,18.65,19.293883639980105,-7.260069617105922,842.0,live,20.53544,2.115564395822965,$20-50,21.95,697431.0
Silkguard,0.36,1.29,0.25,258.33333333333337,-30.55555555555556,1379.0,live,1.10424,206.7333333333334,$0-1,0.33,687572.0
"Giada, Font of Hope",0.67,0.99,0.15,47.761194029850735,-77.61194029850746,1297.0,live,0.84744,26.483582089552225,$0-1,0.25,590826.0
Haywire Mite,0.45,1.49,0.39,231.1111111111112,-13.333333333333334,1487.0,live,1.27544,183.4311111111111,$0-1,0.5,687608.0
"Camellia, the Seedmiser",3.22,2.49,1.03,-22.67080745341615,-68.01242236024846,939.0,live,2.13144,-33.80621118012423,$2-5,1.59,558320.0
Together as One,0.29,0.49,0.15,68.96551724137932,-48.27586206896552,1190.0,live,0.41944,44.63448275862069,$0-1,0.25,686517.0
Generous Patron,0.78,1.49,0.71,91.025641025641,-8.974358974358982,1063.0,live,1.27544,63.51794871794871,$0-1,0.94,631559.0
Rat Colony,5.62,7.49,5.09,33.27402135231317,-9.43060498220641,3421.0,live,6.41144,14.082562277580063,$5-10,4.69,162175.0
T'Challa's Protection - Teferi's Protection (Borderless),33.22,37.99,34.72,14.35881998795907,4.515352197471403,849.0,live,32.51944,-2.1088500903070315,$20-50,,696412.0
Fated Firepower,4.72,7.49,4.0200000000000005,58.68644067796611,-14.830508474576256,846.0,live,6.41144,35.835593220338986,$2-5,4.18,648704.0
Dragonskull Summit,0.45,0.99,0.37,120.0,-17.777777777777782,1357.0,live,0.84744,88.32,$0-1,0.39,631583.0
Temple Garden (Borderless),10.88,14.99,8.78,37.77573529411764,-19.301470588235308,897.0,live,12.83144,17.936029411764704,$10-20,,656714.0
Leyline of the Guildpact,3.57,5.49,3.1,53.781512605042025,-13.165266106442571,1030.0,live,4.69944,31.63697478991597,$2-5,3.46,534638.0
Zulaport Cutthroat,2.01,2.49,0.8300000000000001,23.8805970149254,-58.70646766169153,928.0,live,2.13144,6.04179104477613,$2-5,1.07,687519.0
"Vraska, Betrayal's Sting",0.78,1.79,0.61,129.4871794871795,-21.7948717948718,1269.0,live,1.53224,96.44102564102565,$0-1,0.81,671166.0
Overkill,0.3,0.69,0.15,129.99999999999997,-50.0,1145.0,live,0.5906399999999999,96.88,$0-1,0.24,633991.0
"Black Widow, Agile Avenger",10.5,17.99,10.74,71.33333333333331,2.285714285714288,967.0,live,15.399439999999998,46.66133333333333,$10-20,11.72,696944.0
Spider-Punk,1.79,2.79,1.22,55.865921787709496,-31.84357541899442,929.0,live,2.38824,33.42122905027934,$1-2,1.71,646575.0
Island (0190),0.33,0.69,0.15,109.09090909090908,-54.54545454545456,2660.0,live,0.5906399999999999,78.98181818181816,$0-1,,646638.0
Swamp (0302),0.23,0.59,0.15,156.52173913043475,-34.78260869565218,2728.0,live,0.5050399999999999,119.58260869565214,$0-1,,630892.0
Vraska's Fall,0.47,1.29,0.2,174.468085106383,-57.44680851063829,1072.0,live,1.10424,134.94468085106385,$0-1,0.37,479363.0
Grasp of Fate,0.36,0.69,0.22,91.66666666666666,-38.888888888888886,965.0,live,0.5906399999999999,64.06666666666666,$0-1,0.47,512597.0
Exploration Broodship,3.55,4.49,3.42,26.47887323943664,-3.661971830985913,1123.0,live,3.84344,8.265915492957756,$2-5,3.8,641978.0
Drown in Ichor,0.86,1.79,0.62,108.13953488372094,-27.906976744186046,1255.0,live,1.53224,78.16744186046513,$0-1,0.75,479182.0
Renewed Solidarity,4.24,7.99,4.16,88.44339622641509,-1.8867924528301905,972.0,live,6.83944,61.30754716981131,$2-5,4.5,615058.0
Intangible Virtue,0.34,0.39,0.15,14.705882352941172,-55.88235294117647,955.0,live,0.33384,-1.8117647058823525,$0-1,0.21,512540.0
Raucous Theater,9.67,15.99,10.22,65.35677352637022,5.687693898655644,871.0,live,13.68744,41.545398138572914,$5-10,10.44,532911.0
Warleader's Call,5.55,8.99,5.19,61.981981981982,-6.486486486486477,855.0,live,7.69544,38.656576576576576,$5-10,6.06,532872.0
Forest (0308),0.25,0.49,0.15,96.0,-40.0,2417.0,live,0.41944,67.776,$0-1,,630903.0
Dragon's Rage Channeler,1.5,1.79,0.77,19.333333333333336,-48.66666666666666,1288.0,live,1.53224,2.1493333333333364,$1-2,,240055.0
"Yavimaya, Cradle of Growth",17.35,21.99,14.82,26.74351585014407,-14.582132564841505,823.0,live,18.82344,8.492449567723321,$10-20,15.5,553219.0
Singularity Rupture,0.48,0.99,0.15,106.25,-68.74999999999999,958.0,live,0.84744,76.55,$0-1,0.48,641805.0
"Lathril, Blade of the Elves",1.26,1.49,0.37,18.253968253968253,-70.63492063492063,915.0,live,1.27544,1.2253968253968173,$1-2,0.39,591742.0
Twisted Landscape,0.3,0.39,0.15,30.00000000000001,-50.0,1648.0,live,0.33384,11.280000000000012,$0-1,0.16,553297.0
"Krenko, Tin Street Kingpin",3.07,4.49,2.42,46.2540716612378,-21.17263843648208,836.0,live,3.84344,25.19348534201956,$2-5,,188119.0
"Daredevil, Man Without Fear (Borderless) (0372)",5.17,5.99,3.36,15.860735009671188,-35.00967117988395,818.0,live,5.12744,-0.8232108317214687,$5-10,,696487.0
Frantic Search (Borderless),1.09,1.49,0.88,36.69724770642201,-19.266055045871568,1053.0,live,1.27544,17.01284403669723,$1-2,,507143.0
Peer into the Abyss,3.53,4.49,2.91,27.19546742209633,-17.563739376770528,845.0,live,3.84344,8.87932011331446,$2-5,3.68,215373.0
Swamp (269) - Full Art,2.39,3.49,2.53,46.02510460251047,5.857740585774045,2326.0,live,2.9874400000000003,24.99748953974896,$2-5,,475527.0
Ram Through,0.33,1.29,0.26,290.9090909090909,-21.21212121212121,1423.0,live,1.10424,234.61818181818185,$0-1,,212717.0
Ravenous Tyrannosaurus (Borderless),10.56,10.99,8.89,4.071969696969694,-15.81439393939394,842.0,live,9.40744,-10.91439393939395,$10-20,,696434.0
Vernal Fen,0.46,0.99,0.26,115.21739130434784,-43.47826086956522,1267.0,live,0.84744,84.22608695652173,$0-1,0.46,687573.0
Alien Invasion,0.25,0.49,0.15,96.0,-40.0,1424.0,live,0.41944,67.776,$0-1,0.25,696623.0
Aqueous Form,0.39,1.29,0.29,230.7692307692308,-25.64102564102565,1374.0,live,1.10424,183.1384615384616,$0-1,0.45,71316.0
Agna Qel'a,1.23,1.79,0.8300000000000001,45.52845528455285,-32.52032520325203,952.0,live,1.53224,24.57235772357724,$1-2,1.02,662403.0
Underground Mortuary,12.78,19.99,12.67,56.41627543035993,-0.8607198748043774,866.0,live,17.111439999999998,33.892331768388104,$10-20,13.2,532910.0
Endurance,3.88,6.99,3.59,80.15463917525774,-7.474226804123712,1763.0,live,5.98344,54.21237113402062,$2-5,4.0,671173.0
Mutable Explorer,1.14,1.29,0.32,13.15789473684212,-71.92982456140349,959.0,live,1.10424,-3.13684210526314,$1-2,0.98,656672.0
Bolt Bend,2.53,4.99,2.61,97.2332015810277,3.1620553359683825,1068.0,live,4.27144,68.83162055335971,$2-5,2.65,188345.0
Chromatic Lantern,0.94,2.49,0.73,164.89361702127664,-22.34042553191489,1204.0,live,2.13144,126.7489361702128,$0-1,0.81,615167.0
Swamp (0191),0.46,0.99,0.15,115.21739130434784,-67.3913043478261,2466.0,live,0.84744,84.22608695652173,$0-1,,646685.0
Arcane Signet,0.63,1.79,0.44,184.12698412698413,-30.15873015873016,1161.0,live,1.53224,143.21269841269842,$0-1,0.5,687531.0
Soul's Attendant,4.28,7.49,3.68,75.0,-14.018691588785048,870.0,live,6.41144,49.79999999999999,$2-5,,34738.0
Patrolling Peacemaker,0.89,1.29,0.87,44.943820224719104,-2.247191011235957,1277.0,live,1.10424,24.07191011235956,$0-1,,642782.0
Sol Ring,2.3,2.79,1.44,21.304347826086968,-37.39130434782608,1064.0,live,2.38824,3.8365217391304487,$2-5,1.47,687542.0
Mana Sculpt (Extended Art),1.77,2.29,0.8300000000000001,29.37853107344633,-53.10734463276836,880.0,live,1.96024,10.748022598870056,$1-2,,688517.0
Origin of the Avengers,0.28,0.49,0.15,74.99999999999997,-46.42857142857144,1596.0,live,0.41944,49.799999999999976,$0-1,0.15,696474.0
Sevinne's Reclamation,0.34,1.29,0.23,279.4117647058823,-32.35294117647059,1149.0,live,1.10424,224.77647058823527,$0-1,0.32,687520.0
Luminous Broodmoth,0.55,1.49,0.41,170.90909090909088,-25.454545454545464,1060.0,live,1.27544,131.89818181818177,$0-1,0.51,631192.0
Suture Priest,2.6,2.79,1.4,7.307692307692306,-46.15384615384615,911.0,live,2.38824,-8.144615384615381,$2-5,2.09,39432.0
Graven Cairns,1.85,3.99,1.95,115.67567567567568,5.405405405405398,973.0,live,3.4154400000000003,84.61837837837838,$1-2,1.91,631207.0
"Tam, Observant Sequencer",0.3,0.35,0.15,16.666666666666664,-50.0,1032.0,live,0.2996,-0.1333333333333371,$0-1,,686611.0
Chromatic Lantern,1.53,2.49,0.52,62.7450980392157,-66.01307189542483,1108.0,live,2.13144,39.30980392156862,$1-2,0.62,615167.0
Talon Gates of Madara,28.77,29.99,27.92,4.240528328119566,-2.954466458116085,1161.0,live,25.67144,-10.770107751129656,$20-50,27.94,553235.0
Cankerbloom,0.58,0.79,0.2,36.20689655172416,-65.51724137931035,1035.0,live,0.6762400000000001,16.59310344827588,$0-1,0.4,479492.0
Arcane Denial,2.07,2.99,1.62,44.444444444444464,-21.7391304347826,1080.0,live,2.55944,23.644444444444453,$2-5,1.72,687387.0
Arcane Signet,0.58,0.99,0.38,70.68965517241381,-34.48275862068965,1021.0,live,0.84744,46.11034482758621,$0-1,0.41,687531.0
"Storm, Force of Nature (Borderless)",8.39,9.49,6.78,13.11084624553039,-19.18951132300358,797.0,live,8.12344,-3.177115613825985,$5-10,,696435.0
Witherbloom Apprentice,0.57,0.79,0.19,38.59649122807019,-66.66666666666666,1111.0,live,0.6762400000000001,18.63859649122809,$0-1,0.49,235117.0
Misty Rainforest,36.34,42.99,36.2,18.29939460649421,-0.3852504127683009,895.0,live,36.79944,1.2642817831590552,$20-50,35.8,238609.0
Hullbreaker Horror,5.67,8.99,5.21,58.55379188712523,-8.112874779541446,813.0,live,7.69544,35.72204585537918,$5-10,5.85,253668.0
Thunderbolts Conspiracy,0.3,0.49,0.15,63.33333333333334,-50.0,1208.0,live,0.41944,39.81333333333333,$0-1,0.15,668474.0
"Witherbloom, the Balancer (Borderless)",13.64,14.99,11.45,9.897360703812314,-16.05571847507332,784.0,live,12.83144,-5.927859237536656,$10-20,,686619.0
"Lorehold, the Historian (Borderless)",5.4,9.49,5.05,75.74074074074073,-6.481481481481491,793.0,live,8.12344,50.43407407407408,$5-10,,675585.0
Shadowy Backstreet,10.22,15.99,10.07,56.45792563600782,-1.4677103718199642,910.0,live,13.68744,33.9279843444227,$10-20,10.14,532897.0
Staff of the Storyteller,0.51,0.79,0.15,54.90196078431373,-70.58823529411764,1543.0,live,0.6762400000000001,32.59607843137256,$0-1,0.39,687355.0
"Arabella, Abandoned Doll",0.49,0.99,0.15,102.04081632653062,-69.38775510204081,996.0,live,0.84744,72.9469387755102,$0-1,0.39,578068.0
Enter the Avatar State,0.31,0.59,0.15,90.32258064516128,-51.61290322580645,1162.0,live,0.5050399999999999,62.91612903225804,$0-1,0.31,662030.0
Brass's Bounty,0.46,0.99,0.15,115.21739130434784,-67.3913043478261,925.0,live,0.84744,84.22608695652173,$0-1,,591719.0
"Caduceus, Staff of Hermes",6.12,11.99,5.92,95.91503267973856,-3.2679738562091534,874.0,live,10.26344,67.7032679738562,$5-10,5.97,555790.0
"Doctor Octopus, Master Planner (Borderless)",9.12,8.49,7.0600000000000005,-6.907894736842095,-22.5877192982456,879.0,live,7.26744,-20.31315789473684,$5-10,,646614.0
"Leonardo, Cutting Edge",0.94,1.29,0.15,37.2340425531915,-84.04255319148936,977.0,live,1.10424,17.472340425531932,$0-1,0.56,673550.0
Zaffai and the Tempests,0.27,0.49,0.15,81.48148148148147,-44.44444444444445,947.0,live,0.41944,55.34814814814813,$0-1,,688510.0
Impractical Joke,0.3,0.35,0.15,16.666666666666664,-50.0,1465.0,live,0.2996,-0.1333333333333371,$0-1,0.28,688973.0
Sword of the Squeak,0.45,0.49,0.2,8.888888888888884,-55.55555555555556,1168.0,live,0.41944,-6.791111111111118,$0-1,,560008.0
Abstract Paintmage,0.28,0.35,0.15,24.999999999999982,-46.42857142857144,1017.0,live,0.2996,6.999999999999981,$0-1,0.15,689520.0
Timeline Culler,0.37,0.69,0.15,86.48648648648647,-59.45945945945946,1233.0,live,0.5906399999999999,59.63243243243242,$0-1,0.26,641767.0
Collector's Vault,1.09,1.79,0.38,64.22018348623853,-65.13761467889908,1060.0,live,1.53224,40.57247706422017,$1-2,0.95,513354.0
Case of the Locked Hothouse,2.25,4.49,1.97,99.55555555555556,-12.444444444444445,825.0,live,3.84344,70.81955555555557,$2-5,2.07,533889.0
Foundry Inspector,0.45,1.29,0.15,186.66666666666663,-66.66666666666667,962.0,live,1.10424,145.3866666666667,$0-1,,227121.0
"Ultron, Artificial Malevolence (Borderless) (0344)",24.21,32.99,20.82,36.26600578273441,-14.002478314745977,788.0,live,28.23944,16.64370095002066,$20-50,,696582.0
Windcrag Siege,3.57,5.49,1.77,53.781512605042025,-50.42016806722689,827.0,live,4.69944,31.63697478991597,$2-5,2.94,624907.0
"Lightning, Army of One",8.84,13.99,7.640000000000001,58.2579185520362,-13.574660633484156,813.0,live,11.97544,35.46877828054299,$5-10,9.14,631008.0
Blood Crypt (Borderless),13.39,18.99,11.28,41.82225541448841,-15.758028379387612,849.0,live,16.25544,21.399850634802085,$10-20,,656697.0
Stormcatch Mentor,0.26,0.39,0.17,50.0,-34.61538461538461,976.0,live,0.33384,28.4,$0-1,0.28,687652.0
"Jidoor, Aristocratic Capital",2.05,1.79,0.45,-12.682926829268284,-78.04878048780488,873.0,live,1.53224,-25.256585365853653,$2-5,,630872.0
Cloud of Faeries,0.31,0.69,0.17,122.5806451612903,-45.16129032258064,1231.0,live,0.5906399999999999,90.5290322580645,$0-1,0.29,457458.0
Plains (0189),0.31,0.99,0.15,219.3548387096774,-51.61290322580645,2558.0,live,0.84744,173.36774193548385,$0-1,,646662.0
The Legend of Yangchen,3.65,6.49,2.31,77.80821917808221,-36.71232876712329,852.0,live,5.55544,52.203835616438354,$2-5,,661920.0
Sunken Ruins,3.17,4.99,3.12,57.41324921135648,-1.5772870662460512,912.0,live,4.27144,34.74574132492114,$2-5,3.09,631488.0
Rhythm of the Wild (Borderless),4.09,6.99,4.0,70.90464547677263,-2.200488997555009,823.0,live,5.98344,46.29437652811736,$2-5,,679194.0
Gloomlake Verge,9.98,12.99,8.82,30.160320641282564,-11.623246492985972,930.0,live,11.11944,11.417234468937862,$5-10,10.0,576518.0
Sulfurous Springs,0.98,1.99,1.01,103.0612244897959,3.061224489795921,1024.0,live,1.70344,73.82040816326531,$0-1,1.21,631594.0
Mountain (0256),0.44,0.49,0.15,11.36363636363636,-65.90909090909092,2403.0,live,0.41944,-4.672727272727277,$0-1,,657787.0
Ureni of the Unwritten (Borderless),13.0,24.99,10.42,92.2307692307692,-19.846153846153847,910.0,live,21.39144,64.54953846153846,$10-20,,623916.0
There and Back Again,4.81,6.49,3.99,34.92723492723494,-17.047817047817038,823.0,live,5.55544,15.497713097713106,$2-5,4.02,498620.0
Hide on the Ceiling,1.0,2.29,0.62,129.0,-38.0,935.0,live,1.96024,96.024,$1-2,1.02,652059.0
Borne Upon a Wind,4.34,4.49,1.45,3.456221198156691,-66.58986175115207,976.0,live,3.84344,-11.441474654377872,$2-5,,498680.0
Command Tower,0.38,0.69,0.25,81.57894736842104,-34.21052631578947,1229.0,live,0.5906399999999999,55.43157894736841,$0-1,0.25,687664.0
"Excava, the Risen Past (Borderless)",0.74,0.99,0.19,33.78378378378378,-74.32432432432434,1040.0,live,0.84744,14.518918918918915,$0-1,,687502.0
Eclipsed Realms,0.63,0.99,0.15,57.14285714285714,-76.19047619047619,1161.0,live,0.84744,34.514285714285705,$0-1,0.28,671582.0
No Mercy (Borderless),9.3,11.99,9.36,28.924731182795693,0.6451612903225669,832.0,live,10.26344,10.359569892473102,$5-10,,696253.0
Archfiend of Ifnir,0.39,0.79,0.3,102.56410256410258,-23.076923076923084,943.0,live,0.6762400000000001,73.3948717948718,$0-1,0.35,671136.0
Harmonized Crescendo,1.18,1.29,0.52,9.322033898305094,-55.932203389830505,967.0,live,1.10424,-6.420338983050833,$1-2,0.87,670997.0
Avenging Hunter,4.79,7.49,4.68,56.36743215031316,-2.296450939457209,1758.0,live,6.41144,33.85052192066805,$2-5,4.66,272747.0
Ingenious Artillerist,1.04,2.29,1.32,120.1923076923077,26.923076923076927,897.0,live,1.96024,88.48461538461537,$1-2,,273319.0
Khalni Ambush,0.39,0.79,0.43,102.56410256410258,10.25641025641025,2644.0,live,0.6762400000000001,73.3948717948718,$0-1,,221900.0
Undercity Sewers (Borderless),8.64,16.99,9.11,96.64351851851848,5.439814814814802,868.0,live,14.54344,68.32685185185183,$5-10,,679230.0
Umbral Collar Zealot,0.35,0.79,0.15,125.71428571428574,-57.14285714285714,1031.0,live,0.6762400000000001,93.2114285714286,$0-1,0.22,642101.0
Plains,0.92,1.79,0.35,94.56521739130434,-61.95652173913045,3272.0,live,1.53224,66.54782608695652,$0-1,0.35,206022.0
Avengers: Under Siege,0.29,0.49,0.15,68.96551724137932,-48.27586206896552,1050.0,live,0.41944,44.63448275862069,$0-1,0.15,696857.0
"Silverquill, the Disputant (Borderless)",6.94,7.49,5.09,7.925072046109507,-26.657060518732,786.0,live,6.41144,-7.616138328530267,$5-10,,686618.0
Clifftop Retreat,0.33,0.79,0.2,139.3939393939394,-39.39393939393939,1079.0,live,0.6762400000000001,104.92121212121212,$0-1,0.25,624206.0
"Marvin, Murderous Mimic",3.54,4.99,3.46,40.960451977401135,-2.25988700564972,877.0,live,4.27144,20.662146892655368,$2-5,3.91,578074.0
Elves of Deep Shadow,3.92,3.49,2.08,-10.969387755102034,-46.93877551020408,991.0,live,2.9874400000000003,-23.789795918367336,$2-5,,13270.0
Embrace the Paradox,0.26,0.35,0.15,34.615384615384606,-42.30769230769232,1249.0,live,0.2996,15.230769230769218,$0-1,0.15,689521.0
Winds of Abandon,3.25,4.99,2.92,53.53846153846155,-10.153846153846157,807.0,live,4.27144,31.42892307692308,$2-5,2.84,688942.0
"Mole Man, Moloid Master (Extended Art)",3.35,3.99,2.44,19.1044776119403,-27.16417910447761,852.0,live,3.4154400000000003,1.9534328358209003,$2-5,,696571.0
Swamp (0255),0.5,0.69,0.3,37.99999999999999,-40.0,2754.0,live,0.5906399999999999,18.12799999999999,$0-1,,657786.0
Sapling Nursery,1.03,1.79,0.26,73.7864077669903,-74.75728155339806,975.0,live,1.53224,48.761165048543695,$1-2,0.97,671577.0
Ribtruss Roaster,0.38,0.49,0.15,28.947368421052627,-60.526315789473685,1111.0,live,0.41944,10.378947368421048,$0-1,0.25,687406.0
Thirsting Roots,0.62,1.29,0.3,108.06451612903228,-51.61290322580645,1051.0,live,1.10424,78.10322580645163,$0-1,,479564.0
Necroblossom Snarl,0.37,0.99,0.32,167.56756756756758,-13.513513513513512,1502.0,live,0.84744,129.03783783783786,$0-1,0.4,687700.0
Pollywog Prodigy,6.18,10.99,4.63,77.831715210356,-25.08090614886731,1032.0,live,9.40744,52.22394822006472,$5-10,6.22,559733.0
Aetherflux Reservoir,20.05,27.99,19.95,39.60099750623441,-0.4987531172069896,773.0,live,23.95944,19.49845386533664,$20-50,20.47,122709.0
"Ral, Monsoon Mage",7.29,10.99,6.23,50.75445816186557,-14.54046639231824,938.0,live,9.40744,29.04581618655692,$5-10,,552330.0
Path to Exile,1.42,2.49,1.18,75.35211267605636,-16.901408450704224,931.0,live,2.13144,50.10140845070424,$1-2,1.34,687458.0
Savage Lands,0.36,0.69,0.15,91.66666666666666,-58.333333333333336,1149.0,live,0.5906399999999999,64.06666666666666,$0-1,0.2,671227.0
Long River's Pull,0.34,0.79,0.15,132.35294117647058,-55.88235294117647,1010.0,live,0.6762400000000001,98.89411764705883,$0-1,0.36,559139.0
Overgrown Tomb (Borderless),12.84,15.99,10.42,24.53271028037384,-18.84735202492212,836.0,live,13.68744,6.600000000000004,$10-20,,656710.0
"Spider-Woman, Stunning Savior (Borderless)",2.3,2.79,0.5700000000000001,21.304347826086968,-75.21739130434783,866.0,live,2.38824,3.8365217391304487,$2-5,,651944.0
Wishclaw Talisman,1.61,3.99,1.69,147.82608695652172,4.968944099378873,996.0,live,3.4154400000000003,112.1391304347826,$1-2,1.96,591020.0
Imp's Mischief,7.69,9.99,6.9,29.90897269180753,-10.273081924577374,798.0,live,8.55144,11.202080624187245,$5-10,7.04,544837.0
Alchemist's Refuge,0.34,0.59,0.15,73.52941176470587,-55.88235294117647,1342.0,live,0.5050399999999999,48.541176470588205,$0-1,0.33,687666.0
Tragedy Feaster (Borderless),0.59,0.49,0.15,-16.94915254237288,-74.57627118644066,875.0,live,0.41944,-28.908474576271185,$0-1,,689059.0
Patriotic Shield - Sword of Fire and Ice (Borderless),25.79,32.99,25.25,27.917797595967443,-2.093834819697554,775.0,live,28.23944,9.49763474214813,$20-50,,697490.0
Continue?,2.32,3.99,1.77,71.98275862068968,-23.70689655172413,1110.0,live,3.4154400000000003,47.217241379310366,$2-5,2.05,679567.0
Infernal Plunge,0.51,0.79,0.37,54.90196078431373,-27.450980392156865,1028.0,live,0.6762400000000001,32.59607843137256,$0-1,,56297.0
Wrenn's Resolve,1.92,4.49,1.81,133.85416666666669,-5.72916666666666,1254.0,live,3.84344,100.17916666666667,$1-2,2.52,491759.0
Enduring Courage,2.74,3.99,2.07,45.62043795620438,-24.45255474452556,841.0,live,3.4154400000000003,24.65109489051095,$2-5,2.51,578062.0
Cosmogrand Zenith,5.19,7.99,4.94,53.94990366088632,-4.816955684007707,931.0,live,6.83944,31.78111753371867,$5-10,4.94,642114.0
Floodfarm Verge,8.13,11.99,7.47,47.47847478474784,-8.11808118081182,950.0,live,10.26344,26.241574415744136,$5-10,7.89,576514.0
Plains (0278),0.32,0.49,0.15,53.12499999999999,-53.125,2755.0,live,0.41944,31.074999999999992,$0-1,,696358.0
Leader's Talent,0.65,0.79,0.15,21.53846153846154,-76.92307692307692,890.0,live,0.6762400000000001,4.036923076923083,$0-1,0.55,673549.0
Moonsilver Key,0.89,2.49,0.4,179.77528089887642,-55.0561797752809,986.0,live,2.13144,139.48764044943815,$0-1,0.92,248106.0
Might of the Meek,0.26,0.35,0.15,34.615384615384606,-42.30769230769232,1168.0,live,0.2996,15.230769230769218,$0-1,0.18,558604.0
Machinist's Arsenal,0.86,1.29,0.17,50.000000000000014,-80.23255813953489,919.0,live,1.10424,28.400000000000013,$0-1,0.59,632167.0
Steelshaper's Gift (Borderless),7.39,9.49,5.83,28.41677943166442,-21.109607577807843,797.0,live,8.12344,9.924763193504749,$5-10,,696411.0
Nowhere to Run,0.56,0.99,0.15,76.78571428571426,-73.21428571428571,1162.0,live,0.84744,51.328571428571415,$0-1,0.56,557277.0
Rosie Cotton of South Lane,0.32,0.49,0.15,53.12499999999999,-53.125,1067.0,live,0.41944,31.074999999999992,$0-1,0.32,498377.0
Living Death,4.07,5.49,2.91,34.88943488943488,-28.501228501228503,847.0,live,4.69944,15.46535626535626,$2-5,3.04,499609.0
Songs of the Damned,2.58,1.79,1.02,-30.620155038759687,-60.46511627906976,1202.0,live,1.53224,-40.610852713178296,$2-5,,4890.0
Steelbane Hydra,0.34,0.49,0.15,44.11764705882352,-55.88235294117647,1292.0,live,0.41944,23.36470588235293,$0-1,0.2,687579.0
"Quandrix, the Proof (Borderless)",5.69,5.99,4.13,5.272407732864672,-27.41652021089632,769.0,live,5.12744,-9.886818980667844,$5-10,,686617.0
Gyre Sage,1.04,2.29,1.01,120.1923076923077,-2.8846153846153872,885.0,live,1.96024,88.48461538461537,$1-2,1.12,631302.0
Practiced Offense (Extended Art),1.59,3.49,1.03,119.49685534591194,-35.22012578616353,982.0,live,2.9874400000000003,87.88930817610064,$1-2,,688655.0
Prismatic Ending,0.46,0.49,0.15,6.521739130434775,-67.3913043478261,983.0,live,0.41944,-8.817391304347835,$0-1,0.35,688909.0
"Ghalta, Primal Hunger",1.16,1.49,0.47,28.44827586206897,-59.48275862068966,941.0,live,1.27544,9.951724137931034,$1-2,0.77,591184.0
Sulfur Falls,0.35,0.59,0.2,68.57142857142857,-42.85714285714285,1262.0,live,0.5050399999999999,44.297142857142845,$0-1,0.24,687546.0
Rejuvenating Springs,4.63,7.49,4.44,61.771058315334784,-4.103671706263488,826.0,live,6.41144,38.47602591792656,$2-5,5.16,499784.0
Blazing Crescendo (Borderless),0.19,0.35,0.15,84.21052631578945,-21.052631578947373,1086.0,live,0.2996,57.68421052631577,$0-1,,697041.0
Nine-Lives Familiar,1.95,2.49,0.45,27.692307692307704,-76.92307692307693,903.0,live,2.13144,9.304615384615389,$1-2,,557928.0
Conduit Pylons,0.35,0.79,0.15,125.71428571428574,-57.14285714285714,1332.0,live,0.6762400000000001,93.2114285714286,$0-1,0.35,544694.0
Bontu's Monument,3.52,5.49,3.24,55.96590909090909,-7.954545454545449,1071.0,live,4.69944,33.50681818181818,$2-5,3.35,615113.0
Rogue's Passage,0.37,0.99,0.38,167.56756756756758,2.7027027027027053,1067.0,live,0.84744,129.03783783783786,$0-1,0.38,590880.0
Rabid Attack,0.25,0.35,0.15,39.99999999999999,-40.0,1214.0,live,0.2996,19.83999999999999,$0-1,0.2,689478.0
Ultimate Magic: Holy,0.44,0.59,0.34,34.09090909090908,-22.72727272727272,1276.0,live,0.5050399999999999,14.781818181818164,$0-1,0.47,631150.0
"Ozai, the Phoenix King",3.65,4.49,2.99,23.013698630137,-18.08219178082191,769.0,live,3.84344,5.299726027397268,$2-5,3.11,660603.0
Contentious Plan,0.42,0.99,0.2,135.71428571428575,-52.38095238095237,1160.0,live,0.84744,101.77142857142856,$0-1,0.37,188606.0
"Emry, Lurker of the Loch",0.61,1.49,0.66,144.2622950819672,8.196721311475418,1575.0,live,1.27544,109.08852459016391,$0-1,0.66,642797.0
Grand Crescendo,3.42,4.99,3.18,45.90643274853802,-7.017543859649117,889.0,live,4.27144,24.895906432748543,$2-5,3.35,624286.0
Fiery Islet,3.84,5.49,4.04,42.968750000000014,5.208333333333338,1081.0,live,4.69944,22.381250000000005,$2-5,4.32,519239.0
Birds of Paradise,13.21,16.99,9.32,28.614685844057515,-29.447388342165027,846.0,live,14.54344,10.09417108251323,$10-20,6.22,499510.0
Fire-Lit Thicket,1.02,2.29,0.8300000000000001,124.50980392156865,-18.62745098039215,1020.0,live,1.96024,92.18039215686277,$1-2,1.05,631264.0
Elven Chorus,4.88,5.99,3.64,22.745901639344268,-25.409836065573764,828.0,live,5.12744,5.07049180327869,$2-5,4.45,499368.0
Plains (0294),0.25,0.59,0.15,136.0,-40.0,2847.0,live,0.5050399999999999,102.01599999999998,$0-1,,630875.0
Awakening Zone,0.39,0.49,0.15,25.64102564102563,-61.53846153846154,1310.0,live,0.41944,7.54871794871794,$0-1,,687474.0
"Baron Strucker, HYDRA Overlord (Borderless)",0.28,0.35,0.15,24.999999999999982,-46.42857142857144,967.0,live,0.2996,6.999999999999981,$0-1,,696558.0
Prairie Stream,0.31,0.49,0.16,58.06451612903225,-48.38709677419354,1114.0,live,0.41944,35.30322580645161,$0-1,0.18,631329.0
Island,1.27,1.79,0.26,40.94488188976378,-79.52755905511812,2850.0,live,1.53224,20.6488188976378,$1-2,0.33,206023.0
Maskwood Nexus,1.93,2.29,1.17,18.65284974093265,-39.37823834196891,1178.0,live,1.96024,1.5668393782383443,$1-2,1.3,553540.0
Pirate's Pillage,2.35,1.29,0.95,-45.1063829787234,-59.57446808510639,956.0,live,1.10424,-53.01106382978723,$2-5,1.0,276308.0
Darksteel Colossus,1.01,1.29,0.5700000000000001,27.72277227722773,-43.56435643564356,2277.0,live,1.10424,9.33069306930694,$1-2,0.89,589331.0
The Masamune,1.0,0.99,0.52,-1.0000000000000009,-48.0,862.0,live,0.84744,-15.256000000000004,$1-2,,634438.0
"Iron Man, Armored Avenger",3.92,4.99,3.62,27.295918367346943,-7.653061224489792,817.0,live,4.27144,8.965306122448984,$2-5,3.62,696387.0
"Adagia, Windswept Bastion",5.53,8.49,4.5600000000000005,53.526220614828205,-17.540687160940323,805.0,live,7.26744,31.41844484629293,$5-10,5.25,642113.0
Cornered by Black Mages,0.28,0.35,0.15,24.999999999999982,-46.42857142857144,1077.0,live,0.2996,6.999999999999981,$0-1,0.25,634042.0
"Night Nurse, Healer of Heroes",0.22,0.35,0.15,59.09090909090908,-31.818181818181824,1186.0,live,0.2996,36.18181818181817,$0-1,0.15,696967.0
"Emrakul, the World Anew",4.78,6.49,3.54,35.77405857740585,-25.94142259414226,859.0,live,5.55544,16.222594142259407,$2-5,4.3,541268.0
Reckless Impulse,1.44,2.49,1.04,72.91666666666669,-27.77777777777777,1269.0,live,2.13144,48.01666666666667,$1-2,1.48,253542.0
Scheming Silvertongue (Extended Art),2.13,1.79,0.92,-15.962441314553985,-56.8075117370892,826.0,live,1.53224,-28.063849765258208,$2-5,,689084.0
Electroduplicate,0.56,1.29,0.19,130.35714285714283,-66.07142857142857,947.0,live,1.10424,97.18571428571428,$0-1,0.6,589764.0
Fiery Emancipation (Borderless),7.27,8.99,8.07,23.658872077028896,11.004126547455307,809.0,live,7.69544,5.851994497936727,$5-10,,696418.0
Snow-Covered Wastes (0229),0.67,1.29,0.15,92.53731343283582,-77.61194029850746,2600.0,live,1.10424,64.81194029850747,$0-1,,548383.0
Skycoach Waypoint,0.24,0.35,0.15,45.83333333333333,-37.5,1495.0,live,0.2996,24.83333333333333,$0-1,0.16,686580.0
Cultivate,0.39,0.99,0.3,153.84615384615384,-23.076923076923084,1110.0,live,0.84744,117.29230769230767,$0-1,0.27,499506.0
Curse of Opulence,3.1,5.49,2.6,77.09677419354838,-16.129032258064516,887.0,live,4.69944,51.59483870967742,$2-5,2.8,624180.0
Ledger Shredder,8.94,15.99,8.63,78.85906040268458,-3.467561521252782,823.0,live,13.68744,53.103355704698,$5-10,9.57,268342.0
Cream of the Crop,0.46,0.79,0.26,71.73913043478261,-43.47826086956522,1694.0,live,0.6762400000000001,47.00869565217392,$0-1,0.43,671194.0
Reliquary Tower,3.81,5.49,3.38,44.09448818897639,-11.286089238845149,951.0,live,4.69944,23.34488188976378,$2-5,3.49,687486.0
"Muldrotha, the Gravetide",0.56,1.49,0.44,166.07142857142853,-21.42857142857144,1262.0,live,1.27544,127.7571428571428,$0-1,0.5,671275.0
Clifftop Retreat,0.37,0.79,0.19,113.51351351351352,-48.648648648648646,949.0,live,0.6762400000000001,82.7675675675676,$0-1,0.2,624206.0
Undercity Sewers,13.93,19.99,13.07,43.5032304379038,-6.173725771715718,896.0,live,17.111439999999998,22.838765254845647,$10-20,13.93,532905.0
Lightning Greaves,4.53,6.49,4.11,43.26710816777042,-9.271523178807945,905.0,live,5.55544,22.63664459161147,$2-5,4.21,687611.0
Yavimaya Coast,0.35,0.79,0.26,125.71428571428574,-25.714285714285705,1480.0,live,0.6762400000000001,93.2114285714286,$0-1,0.35,687588.0
Valley Rotcaller,3.54,3.99,0.78,12.711864406779666,-77.96610169491525,919.0,live,3.4154400000000003,-3.5186440677966035,$2-5,1.01,558437.0
Talisman of Dominance,1.43,2.79,1.37,95.10489510489512,-4.195804195804184,886.0,live,2.38824,67.00979020979022,$1-2,1.51,631296.0
"Bullseye, Death Dealer (Borderless)",0.25,0.35,0.15,39.99999999999999,-40.0,943.0,live,0.2996,19.83999999999999,$0-1,,696869.0
Avacyn's Pilgrim,0.4,1.79,0.34,347.5,-15.0,957.0,live,1.53224,283.05999999999995,$0-1,0.5,55906.0
Party Dude,0.65,0.49,0.15,-24.61538461538462,-76.92307692307692,995.0,live,0.41944,-35.470769230769235,$0-1,0.62,673584.0
Aetheric Amplifier,0.63,1.49,0.35,136.5079365079365,-44.44444444444445,1146.0,live,1.27544,102.45079365079364,$0-1,0.57,615193.0
Pyretic Ritual,4.91,8.49,4.13,72.91242362525459,-15.885947046843182,925.0,live,7.26744,48.01303462321791,$2-5,4.64,688919.0
Jacked Rabbit,3.72,5.49,2.08,47.58064516129032,-44.08602150537634,1263.0,live,4.69944,26.32903225806451,$2-5,2.4,559729.0
The Mindskinner,2.7,2.49,1.81,-7.777777777777777,-32.96296296296297,884.0,live,2.13144,-21.057777777777783,$2-5,2.06,577660.0
Absolute Virtue,2.45,3.49,1.95,42.44897959183673,-20.408163265306133,791.0,live,2.9874400000000003,21.93632653061225,$2-5,2.56,630988.0
Twinflame Tyrant,24.51,37.99,23.94,54.997960016319865,-2.3255813953488382,758.0,live,32.51944,32.678253773969814,$20-50,24.86,589380.0
Warden of the Grove,2.37,2.79,1.74,17.72151898734177,-26.58227848101266,806.0,live,2.38824,0.7696202531645584,$2-5,,625027.0
Rune-Scarred Demon,0.85,1.79,0.3,110.58823529411764,-64.70588235294117,905.0,live,1.53224,80.26352941176471,$0-1,0.6,591774.0
Sulfur Falls,0.33,0.49,0.26,48.48484848484848,-21.21212121212121,1039.0,live,0.41944,27.10303030303029,$0-1,0.35,687546.0
Expedite,0.41,0.79,0.21,92.68292682926833,-48.78048780487805,964.0,live,0.6762400000000001,64.93658536585369,$0-1,,110989.0
Command Tower (Borderless),2.33,2.99,1.75,28.32618025751073,-24.892703862660948,1080.0,live,2.55944,9.84721030042918,$2-5,,503399.0
Glacial Fortress,0.31,0.49,0.16,58.06451612903225,-48.38709677419354,1057.0,live,0.41944,35.30322580645161,$0-1,0.19,631321.0
"Boseiju, Who Endures",49.47,69.99,55.2,41.4796846573681,11.582777440873263,794.0,live,59.91143999999999,21.10661006670708,$20-50,51.99,262050.0
Riverpyre Verge,20.41,27.99,20.0,37.13865752082312,-2.0088192062714363,938.0,live,23.95944,17.390690837824582,$20-50,20.09,614418.0
Putrid Goblin,0.45,0.69,0.26,53.33333333333332,-42.22222222222222,987.0,live,0.5906399999999999,31.25333333333332,$0-1,0.44,191753.0
"Tidus, Yuna's Guardian",2.6,6.99,0.8200000000000001,168.84615384615387,-68.46153846153847,1166.0,live,5.98344,130.13230769230768,$2-5,,618873.0
Blazemire Verge,8.85,13.99,8.24,58.07909604519775,-6.892655367231633,835.0,live,11.97544,35.31570621468928,$5-10,8.5,576512.0
Mana Reflection,1.15,1.49,1.15,29.565217391304355,0.0,950.0,live,1.27544,10.907826086956522,$1-2,1.2,553293.0
Zack Fair,0.3,1.99,0.15,563.3333333333334,-50.0,1312.0,live,1.70344,467.8133333333333,$0-1,0.15,631142.0
Mana Geyser,2.12,2.49,1.03,17.45283018867925,-51.41509433962265,898.0,live,2.13144,0.539622641509429,$2-5,1.13,687428.0
Day of Judgment,1.1,1.49,0.22,35.454545454545446,-80.0,1089.0,live,1.27544,15.949090909090891,$1-2,0.35,557922.0
Haste Magic,0.26,0.35,0.15,34.615384615384606,-42.30769230769232,1099.0,live,0.2996,15.230769230769218,$0-1,0.16,632747.0
Glissa Sunslayer,0.45,1.49,0.34,231.1111111111112,-24.44444444444444,1206.0,live,1.27544,183.4311111111111,$0-1,0.4,671267.0
"Arwen, Weaver of Hope",3.6,6.49,3.12,80.27777777777779,-13.333333333333334,853.0,live,5.55544,54.31777777777778,$2-5,3.39,499578.0
"Thor, Asgard's Avenger",0.27,0.49,0.15,81.48148148148147,-44.44444444444445,895.0,live,0.41944,55.34814814814813,$0-1,0.19,697336.0
Preordain,0.68,1.29,0.46,89.70588235294117,-32.35294117647059,1041.0,live,1.10424,62.388235294117656,$0-1,0.69,688900.0
Sozin's Comet,3.34,3.99,2.2,19.46107784431139,-34.1317365269461,777.0,live,3.4154400000000003,2.25868263473055,$2-5,3.62,660494.0
Urza's Saga,43.11,54.99,37.45,27.55741127348644,-13.12920436093713,854.0,live,47.07144,9.189144050104392,$20-50,39.55,238619.0
Knockout Maneuver,0.23,0.35,0.15,52.17391304347825,-34.78260869565218,996.0,live,0.2996,30.260869565217373,$0-1,0.2,688870.0
Sylvan Library (Borderless),27.82,32.99,26.03,18.58375269590224,-6.434219985621851,751.0,live,28.23944,1.5076923076923134,$20-50,,686672.0
Hydroblast,4.13,6.49,3.54,57.14285714285715,-14.285714285714285,1757.0,live,5.55544,34.51428571428571,$2-5,4.2,4727.0
Arid Archway,0.79,1.49,0.53,88.60759493670885,-32.91139240506329,1256.0,live,1.27544,61.44810126582277,$0-1,0.69,544329.0
Ghost Vacuum,3.58,5.49,2.93,53.35195530726258,-18.156424581005584,874.0,live,4.69944,31.26927374301676,$2-5,,575273.0
Lord of Atlantis (Borderless),4.71,6.99,2.43,48.40764331210192,-48.407643312101904,821.0,live,5.98344,27.03694267515923,$2-5,,668484.0
"Jaheira, Friend of the Forest",12.31,13.99,8.33,13.647441104792849,-32.331437855402115,753.0,live,11.97544,-2.7177904142973173,$10-20,,272931.0
Verdant Command,1.04,1.99,0.96,91.34615384615384,-7.692307692307699,972.0,live,1.70344,63.792307692307695,$1-2,1.01,239824.0
Deafening Silence,2.19,1.99,1.04,-9.1324200913242,-52.51141552511416,940.0,live,1.70344,-22.21735159817351,$2-5,1.38,199001.0
Alchemist's Talent,4.98,4.99,4.41,0.2008032128514013,-11.445783132530126,1156.0,live,4.27144,-14.228112449799202,$2-5,4.5,560228.0
Exotic Orchard,0.24,0.49,0.15,104.16666666666669,-37.5,954.0,live,0.41944,74.76666666666667,$0-1,0.19,687675.0
Basalt Monolith,4.25,5.49,3.23,29.176470588235297,-24.0,1114.0,live,4.69944,10.575058823529414,$2-5,3.4,499661.0
Stock Up,1.33,3.49,0.17,162.406015037594,-87.21804511278197,1246.0,live,2.9874400000000003,124.61954887218045,$1-2,0.38,675591.0
Seething Landscape,0.28,0.39,0.15,39.28571428571428,-46.42857142857144,1234.0,live,0.33384,19.228571428571424,$0-1,0.15,553290.0
"Arahbo, the First Fang",0.82,1.99,0.15,142.6829268292683,-81.70731707317073,954.0,live,1.70344,107.73658536585368,$0-1,0.35,589324.0
Blighted Agent,1.29,1.29,0.76,0.0,-41.08527131782946,970.0,live,1.10424,-14.399999999999991,$1-2,,39492.0
"Light-Paws, Emperor's Voice",3.29,5.99,3.43,82.06686930091186,4.255319148936175,838.0,live,5.12744,55.84924012158054,$2-5,3.81,262458.0
Brightstone Ritual,2.1,1.79,1.03,-14.761904761904765,-50.95238095238095,838.0,live,1.53224,-27.03619047619048,$2-5,,10350.0
Hedge Shredder,3.09,3.99,1.95,29.126213592233025,-36.89320388349515,778.0,live,3.4154400000000003,10.53203883495147,$2-5,2.75,577689.0
Endwalker - Brainstorm (Showcase),1.24,2.49,1.17,100.80645161290325,-5.645161290322586,871.0,live,2.13144,71.89032258064516,$1-2,,631813.0
Hulkbuster Armor,3.37,5.49,3.31,62.908011869436194,-1.7804154302670638,842.0,live,4.69944,39.44925816023739,$2-5,3.55,697411.0
Marsh Flats,32.0,39.99,29.68,24.968750000000007,-7.250000000000001,837.0,live,34.23144,6.9732499999999975,$20-50,29.5,238608.0
Inventors' Fair,16.85,21.99,13.86,30.50445103857565,-17.744807121661733,750.0,live,18.82344,11.71181008902075,$10-20,14.87,122600.0
Cast into the Fire,0.87,1.99,0.79,128.73563218390808,-9.19540229885057,1545.0,live,1.70344,95.7977011494253,$0-1,0.86,498308.0
"Leatherhead, Swamp Stalker",0.93,0.99,0.15,6.451612903225799,-83.87096774193549,1024.0,live,0.84744,-8.877419354838716,$0-1,0.59,673562.0
"Tifa, Martial Artist",3.53,7.99,2.15,126.34560906515584,-39.09348441926346,1330.0,live,6.83944,93.75184135977337,$2-5,,630712.0
Demolition Field,0.29,0.59,0.15,103.44827586206895,-48.27586206896552,1413.0,live,0.5050399999999999,74.15172413793101,$0-1,0.28,631316.0
Path to Exile (Borderless) (0047),6.99,7.99,5.19,14.306151645207438,-25.75107296137339,762.0,live,6.83944,-2.153934191702439,$5-10,,697486.0
Bring to Light,0.37,0.49,0.15,32.432432432432435,-59.45945945945946,828.0,live,0.41944,13.36216216216216,$0-1,0.24,689382.0
Stonecoil Serpent,0.34,0.99,0.15,191.17647058823525,-55.88235294117647,1106.0,live,0.84744,149.2470588235294,$0-1,0.27,687627.0
Drannith Magistrate,15.13,19.99,13.01,32.121612690019816,-14.0118968935889,795.0,live,17.111439999999998,13.096100462656954,$10-20,12.71,212115.0
Counterspell (Borderless),2.47,4.49,2.29,81.78137651821862,-7.287449392712557,972.0,live,3.84344,55.604858299595136,$2-5,,507208.0
Seam Rip,0.4,0.99,0.15,147.5,-62.5,1604.0,live,0.84744,111.86,$0-1,0.35,644618.0
Cursed Mirror,0.87,0.79,0.2,-9.19540229885057,-77.01149425287356,826.0,live,0.6762400000000001,-22.271264367816084,$0-1,,687394.0
Mirrormind Crown,0.81,0.99,0.26,22.22222222222221,-67.90123456790124,1018.0,live,0.84744,4.622222222222212,$0-1,,670970.0
Invert Polarity,0.44,1.29,0.15,193.18181818181824,-65.90909090909092,1084.0,live,1.10424,150.9636363636364,$0-1,0.45,552825.0
Jeskai Revelation,5.51,8.99,4.4,63.15789473684211,-20.145190562613426,1005.0,live,7.69544,39.66315789473684,$5-10,4.69,625135.0
"Oran-Rief, the Vastwood",0.35,0.99,0.25,182.8571428571429,-28.57142857142857,1148.0,live,0.84744,142.1257142857143,$0-1,0.33,687702.0
Biorganic Carapace,0.41,0.49,0.15,19.512195121951223,-63.41463414634146,845.0,live,0.41944,2.302439024390245,$0-1,0.37,652081.0
Witch of the Moors,0.39,0.69,0.15,76.9230769230769,-61.53846153846154,1332.0,live,0.5906399999999999,51.44615384615384,$0-1,0.63,687508.0
Verdant Catacombs,27.16,37.99,29.12,39.87481590574375,7.216494845360828,779.0,live,32.51944,19.732842415316654,$20-50,29.85,238611.0
"Momo, Friendly Flier",0.33,0.59,0.15,78.78787878787877,-54.54545454545456,1273.0,live,0.5050399999999999,53.04242424242421,$0-1,0.39,648654.0
"Elspeth, Sun's Champion (Borderless)",2.4,6.99,1.04,191.25,-56.66666666666666,1000.0,live,5.98344,149.31,$2-5,,559726.0
Dracogenesis,12.74,13.99,10.31,9.811616954474095,-19.073783359497643,753.0,live,11.97544,-6.001255886970169,$10-20,10.99,624139.0
Deadly Dispute,0.4,1.29,0.33,222.5,-17.5,1042.0,live,1.10424,176.06,$0-1,0.43,243448.0
Fountainport,2.77,5.49,2.39,98.19494584837544,-13.718411552346566,823.0,live,4.69944,69.6548736462094,$2-5,2.62,559627.0
Path to Exile,1.21,2.49,1.2,105.78512396694218,-0.8264462809917362,931.0,live,2.13144,76.15206611570248,$1-2,1.24,687458.0
Irenicus's Vile Duplication,12.82,17.99,11.45,40.32761310452417,-10.68642745709829,764.0,live,15.399439999999998,20.120436817472683,$10-20,11.48,272576.0
Counterspell (Borderless) (0052),10.62,11.99,10.31,12.900188323917147,-2.9190207156308734,758.0,live,10.26344,-3.35743879472693,$10-20,,696413.0
Professor Dellian Fel (Borderless),6.51,8.99,6.21,38.0952380952381,-4.608294930875574,799.0,live,7.69544,18.20952380952381,$5-10,,686614.0
Spell Snare,0.33,0.99,0.15,200.0,-54.54545454545456,1439.0,live,0.84744,156.79999999999995,$0-1,0.29,671055.0
"Elas il-Kor, Sadistic Pilgrim (Showcase)",0.85,2.29,1.0,169.41176470588235,17.647058823529417,864.0,live,1.96024,130.6164705882353,$0-1,,283384.0
Ominous Seas,1.17,2.99,1.14,155.55555555555557,-2.5641025641025665,889.0,live,2.55944,118.75555555555556,$1-2,1.32,212260.0
Spirit Mantle,0.36,0.79,0.15,119.44444444444446,-58.333333333333336,1389.0,live,0.6762400000000001,87.84444444444446,$0-1,0.35,687536.0
"Niv-Mizzet, Parun",4.64,5.99,4.63,29.09482758620691,-0.2155172413793057,846.0,live,5.12744,10.505172413793112,$2-5,5.15,175582.0
Sol Ring,1.8,2.79,1.4,54.99999999999999,-22.22222222222223,1390.0,live,2.38824,32.68000000000001,$1-2,1.49,687542.0
Fabled Passage,1.5,1.49,0.92,-0.6666666666666672,-38.66666666666666,945.0,live,1.27544,-14.970666666666672,$1-2,0.96,687665.0
Academy Manufactor,6.78,9.49,6.59,39.97050147492625,-2.802359882005905,770.0,live,8.12344,19.814749262536875,$5-10,6.33,240047.0
Scalding Tarn,38.39,42.99,39.66,11.982287053920295,3.30815316488668,843.0,live,36.79944,-4.143162281844221,$20-50,38.45,238610.0
Quirion Ranger,1.37,2.29,1.14,67.15328467153283,-16.788321167883225,1154.0,live,1.96024,43.08321167883211,$1-2,,239776.0
Changeling Wayfinder,0.25,0.35,0.15,39.99999999999999,-40.0,1371.0,live,0.2996,19.83999999999999,$0-1,0.19,672033.0
With Great Power . . .,1.23,1.49,0.15,21.138211382113823,-87.8048780487805,932.0,live,1.27544,3.6943089430894247,$1-2,0.76,651378.0
Goldlust Triad,5.71,7.99,5.19,39.92994746059545,-9.106830122591935,819.0,live,6.83944,19.780035026269697,$5-10,5.57,624325.0
"Bugenhagen, Wise Elder",0.44,1.29,0.4,193.18181818181824,-9.090909090909086,1406.0,live,1.10424,150.9636363636364,$0-1,0.57,631113.0
"Arana, Heart of the Spider",0.77,1.29,0.39,67.53246753246754,-49.35064935064935,837.0,live,1.10424,43.40779220779222,$0-1,,651999.0
Thassa's Oracle,23.72,27.99,19.79,18.001686340640806,-16.568296795952783,734.0,live,23.95944,1.009443507588526,$20-50,18.62,206926.0
"Aurelia, the Law Above",1.44,2.29,1.45,59.02777777777779,0.6944444444444451,820.0,live,1.96024,36.12777777777778,$1-2,1.65,529989.0
Horn of Greed (Borderless),8.32,9.49,7.81,14.0625,-6.1298076923077005,778.0,live,8.12344,-2.362499999999998,$5-10,,668492.0
Archfiend of Depravity,0.4,0.99,0.15,147.5,-62.5,918.0,live,0.84744,111.86,$0-1,,631223.0
Winter Moon,0.41,0.99,0.15,141.46341463414635,-63.41463414634146,1032.0,live,0.84744,106.69268292682928,$0-1,0.57,548574.0
Extinguisher Battleship,0.48,1.29,0.2,168.75000000000003,-58.33333333333333,873.0,live,1.10424,130.05,$0-1,0.47,641726.0
Moogles' Valor,0.65,0.69,0.23,6.153846153846142,-64.61538461538461,814.0,live,0.5906399999999999,-9.132307692307704,$0-1,0.54,631823.0
"Shang-Chi, Master of Kung Fu (Borderless) (0370)",14.63,18.99,14.68,29.801777170198207,0.3417634996582292,753.0,live,16.25544,11.110321257689671,$10-20,,697067.0
Emrakul's Messenger,0.35,0.69,0.15,97.14285714285714,-57.14285714285714,927.0,live,0.5906399999999999,68.75428571428571,$0-1,0.28,552822.0
Lessons from Life,0.32,0.35,0.15,9.374999999999991,-53.125,1128.0,live,0.2996,-6.375000000000009,$0-1,0.25,679600.0
Patriarch's Bidding,3.87,4.99,2.08,28.9405684754522,-46.253229974160206,770.0,live,4.27144,10.37312661498708,$2-5,,239757.0
White Lotus Tile,4.75,6.99,3.01,47.15789473684211,-36.631578947368425,781.0,live,5.98344,25.967157894736843,$2-5,3.27,660532.0
Primal Vigor,10.99,10.99,10.32,0.0,-6.096451319381255,748.0,live,9.40744,-14.400000000000007,$10-20,10.59,513893.0
Phyrexian Tower,27.8,39.99,25.47,43.84892086330935,-8.381294964028783,788.0,live,34.23144,23.1346762589928,$20-50,25.74,552852.0
Secluded Courtyard,0.38,0.39,0.15,2.6315789473684235,-60.526315789473685,1149.0,live,0.33384,-12.147368421052626,$0-1,0.2,525821.0
Freed from the Real,8.2,11.99,6.7700000000000005,46.219512195121965,-17.43902439024389,766.0,live,10.26344,25.1639024390244,$5-10,7.19,12437.0
Swords to Plowshares,1.39,2.49,1.4,79.13669064748204,0.7194244604316554,1164.0,live,2.13144,53.34100719424462,$1-2,1.4,624152.0
Cyberdrive Awakener (Borderless),4.16,4.99,3.81,19.95192307692308,-8.41346153846154,755.0,live,4.27144,2.6788461538461537,$2-5,,697488.0
Namor the Sub-Mariner (Borderless) (0362),14.35,16.99,14.41,18.397212543554,0.4181184668989581,772.0,live,14.54344,1.3480139372822226,$10-20,,696288.0
Sheoldred's Edict,1.29,1.79,0.78,38.75968992248062,-39.53488372093023,912.0,live,1.53224,18.77829457364341,$1-2,1.43,689361.0
Sterling Grove,3.48,5.49,3.28,57.75862068965518,-5.747126436781615,787.0,live,4.69944,35.04137931034483,$2-5,3.87,240050.0
Buried Ruin,0.38,0.99,0.37,160.52631578947367,-2.6315789473684235,1304.0,live,0.84744,123.01052631578946,$0-1,0.45,642848.0
Thornspire Verge,5.5,7.49,4.87,36.18181818181819,-11.454545454545451,835.0,live,6.41144,16.57163636363636,$5-10,5.31,576530.0
Claim Jumper,0.35,0.49,0.15,40.00000000000001,-57.14285714285714,1114.0,live,0.41944,19.840000000000003,$0-1,0.27,687388.0
"Miirym, Sentinel Wyrm",6.35,4.99,6.19,-21.41732283464566,-2.519685039370067,797.0,live,4.27144,-32.73322834645669,$5-10,7.86,273196.0
Summon: Leviathan,1.4,2.29,0.54,63.57142857142859,-61.42857142857142,808.0,live,1.96024,40.01714285714287,$1-2,1.6,631807.0
Squirrel Sanctuary,0.36,0.79,0.15,119.44444444444446,-58.333333333333336,845.0,live,0.6762400000000001,87.84444444444446,$0-1,0.4,239441.0
Auroral Procession,0.48,1.49,0.15,210.41666666666669,-68.74999999999999,1170.0,live,1.27544,165.71666666666667,$0-1,0.36,624254.0
Dragonskull Summit,0.61,0.79,0.26,29.508196721311485,-57.377049180327866,997.0,live,0.6762400000000001,10.859016393442635,$0-1,,631583.0
Ocelot Pride,41.39,54.99,40.79,32.85817830393815,-1.4496255134090394,900.0,live,47.07144,13.72660062817106,$20-50,39.73,552863.0
Peregrin Took (Showcase),0.4,1.29,0.17,222.5,-57.49999999999999,900.0,live,1.10424,176.06,$0-1,,498615.0
Shivan Reef,0.4,0.99,0.28,147.5,-30.0,1013.0,live,0.84744,111.86,$0-1,0.32,624216.0
Kalonian Hydra,5.66,7.49,5.14,32.332155477031804,-9.187279151943471,803.0,live,6.41144,13.276325088339217,$5-10,6.0,559916.0
Archaeomancer's Map,1.06,1.99,0.96,87.73584905660377,-9.433962264150953,925.0,live,1.70344,60.70188679245283,$1-2,0.96,687374.0
Deduce,0.17,0.35,0.15,105.88235294117644,-11.764705882352953,988.0,live,0.2996,76.23529411764703,$0-1,0.15,686635.0
Whispersilk Cloak,4.09,3.99,1.5,-2.444987775061116,-63.32518337408312,850.0,live,3.4154400000000003,-16.492909535452313,$2-5,1.43,11597.0
Summon: Fenrir,0.65,0.59,0.15,-9.23076923076924,-76.92307692307692,975.0,live,0.5050399999999999,-22.30153846153848,$0-1,0.39,630923.0
"Liliana, Dreadhorde General",7.19,10.99,6.92,52.85118219749651,-3.755215577190549,742.0,live,9.40744,30.840611961057007,$5-10,7.48,588098.0
Pest Infestation,0.52,0.79,0.46,51.92307692307693,-11.538461538461538,959.0,live,0.6762400000000001,30.046153846153857,$0-1,0.59,687560.0
Dina's Guidance (Extended Art),1.55,1.29,0.78,-16.7741935483871,-49.67741935483871,827.0,live,1.10424,-28.758709677419347,$1-2,,689111.0
Curious Forager,0.36,0.59,0.15,63.888888888888886,-58.333333333333336,920.0,live,0.5050399999999999,40.28888888888888,$0-1,0.15,559117.0
Diary of Dreams,0.28,0.35,0.15,24.999999999999982,-46.42857142857144,1110.0,live,0.2996,6.999999999999981,$0-1,0.15,686572.0
Mishra's Bauble,2.36,2.99,0.72,26.694915254237305,-69.49152542372882,1102.0,live,2.55944,8.450847457627122,$2-5,,451925.0
Ringsight,0.41,0.99,0.19,141.46341463414635,-53.65853658536584,832.0,live,0.84744,106.69268292682928,$0-1,0.4,498527.0
Lava Dart,0.98,1.99,0.56,103.0612244897959,-42.85714285714285,2115.0,live,1.70344,73.82040816326531,$0-1,,190635.0
Ghostly Prison,5.69,5.99,4.16,5.272407732864672,-26.889279437609844,837.0,live,5.12744,-9.886818980667844,$5-10,4.27,687413.0
"Kilo, Apogee Mind (Borderless)",1.81,2.49,0.3,37.56906077348067,-83.42541436464089,1196.0,live,2.13144,17.759116022099445,$1-2,,638906.0
The Emperor of Palamecia,0.3,0.35,0.15,16.666666666666664,-50.0,873.0,live,0.2996,-0.1333333333333371,$0-1,,631005.0
Nulldrifter,1.2,2.29,0.39,90.83333333333334,-67.5,928.0,live,1.96024,63.35333333333334,$1-2,0.97,548590.0
Red Elemental Blast,3.51,5.49,3.25,56.41025641025642,-7.407407407407401,1280.0,live,4.69944,33.887179487179495,$2-5,,1537.0
Talisman of Conviction,0.38,0.59,0.2,55.26315789473684,-47.368421052631575,1103.0,live,0.5050399999999999,32.90526315789472,$0-1,0.32,631187.0
Skirk Prospector,0.29,0.69,0.15,137.9310344827586,-48.27586206896552,1259.0,live,0.5906399999999999,103.66896551724136,$0-1,0.25,462963.0
Lush Portico,5.11,7.99,4.67,56.360078277886494,-8.61056751467711,833.0,live,6.83944,33.84422700587083,$5-10,5.36,532881.0
"Etali, Primal Storm",0.47,0.79,0.37,68.08510638297875,-21.276595744680847,879.0,live,0.6762400000000001,43.88085106382981,$0-1,0.37,559824.0
Carrion Feeder,3.8,4.99,3.66,31.315789473684223,-3.684210526315781,810.0,live,4.27144,12.406315789473693,$2-5,3.86,191578.0
Mountain (0303),0.25,0.59,0.15,136.0,-40.0,2602.0,live,0.5050399999999999,102.01599999999998,$0-1,,630895.0
Dour Port-Mage,2.44,4.49,1.96,84.01639344262296,-19.672131147540984,770.0,live,3.84344,57.51803278688526,$2-5,2.23,559503.0
The Endstone,2.02,3.49,1.82,72.77227722772278,-9.9009900990099,873.0,live,2.9874400000000003,47.89306930693071,$2-5,2.01,641744.0
Return to the Ranks,0.35,0.49,0.15,40.00000000000001,-57.14285714285714,794.0,live,0.41944,19.840000000000003,$0-1,0.39,688933.0
Crop Rotation,3.69,3.99,3.08,8.130081300813014,-16.531165311653112,888.0,live,3.4154400000000003,-7.440650406504057,$2-5,3.67,688886.0
Day of Black Sun,0.8,1.29,0.15,61.24999999999999,-81.25,924.0,live,1.10424,38.03000000000001,$0-1,0.35,660525.0
Elvish Spirit Guide,3.02,2.99,2.33,-0.993377483443702,-22.84768211920529,869.0,live,2.55944,-15.250331125827818,$2-5,2.37,457270.0
Twenty-Toed Toad,6.11,6.99,2.91,14.402618657937804,-52.373158756137485,935.0,live,5.98344,-2.0713584288052447,$5-10,,559999.0
Avenger of Zendikar,0.42,1.29,0.41,207.1428571428572,-2.380952380952383,1191.0,live,1.10424,162.91428571428577,$0-1,0.46,671181.0
"The Mighty Thor, Jane Foster (Extended Art)",1.6,2.29,1.19,43.125,-25.625000000000007,794.0,live,1.96024,22.515,$1-2,,696647.0
Madame Hydra (Borderless),0.29,0.35,0.15,20.6896551724138,-48.27586206896552,889.0,live,0.2996,3.3103448275862064,$0-1,,696333.0
Shipwreck Marsh,6.57,10.99,6.640000000000001,67.27549467275495,1.0654490106544945,761.0,live,9.40744,43.18782343987822,$5-10,6.66,247826.0
Planar Engineering (Extended Art),2.75,1.49,1.11,-45.81818181818182,-59.63636363636363,803.0,live,1.27544,-53.62036363636364,$2-5,,688688.0
"Splinter, Radical Rat",0.92,0.49,0.15,-46.73913043478261,-83.69565217391303,818.0,live,0.41944,-54.40869565217392,$0-1,0.21,673673.0
"Aang, at the Crossroads",0.8,0.79,0.2,-1.250000000000001,-75.00000000000001,828.0,live,0.6762400000000001,-15.469999999999995,$0-1,,660583.0
Chaos Warp (Borderless),5.3,5.49,5.05,3.584905660377366,-4.716981132075472,760.0,live,4.69944,-11.331320754716977,$5-10,,668487.0
Whispersilk Cloak,3.63,2.99,2.33,-17.63085399449035,-35.81267217630854,897.0,live,2.55944,-29.492011019283748,$2-5,2.3,11597.0
Nature's Lore,3.22,3.99,2.58,23.913043478260867,-19.87577639751553,754.0,live,3.4154400000000003,6.069565217391306,$2-5,2.9,687543.0
Galazeth Prismari,0.37,0.99,0.15,167.56756756756758,-59.45945945945946,1192.0,live,0.84744,129.03783783783786,$0-1,0.2,687631.0
Origin of the Avengers (Borderless),0.53,0.49,0.15,-7.547169811320761,-71.69811320754717,863.0,live,0.41944,-20.86037735849057,$0-1,,696475.0
Kazuul's Fury,0.57,1.79,0.5700000000000001,214.0350877192983,1.9477596923248362e-14,973.0,live,1.53224,168.81403508771933,$0-1,,222039.0
Miles Morales,5.15,4.99,3.42,-3.106796116504857,-33.59223300970874,782.0,live,4.27144,-17.059417475728157,$5-10,,646579.0
"Thanos, the Mad Titan (Borderless) (0376)",11.96,9.99,9.02,-16.47157190635452,-24.58193979933112,718.0,live,8.55144,-28.49966555183948,$10-20,,696338.0
Ugin's Labyrinth,13.4,20.99,11.64,56.6417910447761,-13.134328358208952,1038.0,live,17.96744,34.08537313432836,$10-20,12.29,548589.0
Lightning Greaves,4.96,6.49,4.07,30.84677419354839,-17.943548387096765,772.0,live,5.55544,12.00483870967742,$2-5,4.21,687611.0
"Mjolnir, Storm Hammer",2.43,3.99,2.08,64.19753086419753,-14.403292181069965,836.0,live,3.4154400000000003,40.553086419753086,$2-5,,556330.0
Razorgrass Ambush,0.36,0.49,0.15,36.11111111111112,-58.333333333333336,1096.0,live,0.41944,16.51111111111111,$0-1,,552581.0
Leo's Katana - Sword of Sinew and Steel (Borderless),3.17,2.29,2.05,-27.7602523659306,-35.33123028391167,792.0,live,1.96024,-38.1627760252366,$2-5,,679212.0
Seat of the Synod,0.8,1.49,0.61,86.25,-23.750000000000007,1156.0,live,1.27544,59.42999999999999,$0-1,0.7,642862.0
"Taskmaster, Mercenary Mimic (Extended Art)",2.2,2.79,1.04,26.81818181818181,-52.727272727272734,781.0,live,2.38824,8.556363636363635,$2-5,,696871.0
Monstrous Vortex,0.41,0.39,0.15,-4.878048780487796,-63.41463414634146,919.0,live,0.33384,-18.57560975609755,$0-1,0.27,552868.0
Brokers Hideout,1.21,1.79,0.61,47.93388429752067,-49.58677685950413,851.0,live,1.53224,26.63140495867769,$1-2,1.04,269107.0
It That Heralds the End,0.42,0.59,0.15,40.47619047619048,-64.28571428571429,1034.0,live,0.5050399999999999,20.24761904761904,$0-1,0.23,548595.0
Bojuka Bog,1.81,2.29,1.03,26.519337016574585,-43.0939226519337,996.0,live,1.96024,8.300552486187842,$1-2,1.19,687669.0
"Tinybones, Bauble Burglar",1.32,1.29,0.44,-2.2727272727272747,-66.66666666666667,798.0,live,1.10424,-16.34545454545454,$1-2,0.76,589379.0
Octopus Form,0.22,0.35,0.15,59.09090909090908,-31.818181818181824,1111.0,live,0.2996,36.18181818181817,$0-1,0.15,661802.0
Maelstrom Artisan,0.24,0.49,0.15,104.16666666666669,-37.5,1119.0,live,0.41944,74.76666666666667,$0-1,,688523.0
Firebending Student,0.35,0.99,0.15,182.8571428571429,-57.14285714285714,927.0,live,0.84744,142.1257142857143,$0-1,0.3,660544.0
"Carnage, Crimson Chaos (Borderless)",3.21,2.99,1.12,-6.853582554517127,-65.10903426791276,821.0,live,2.55944,-20.26666666666667,$2-5,,651351.0
Planar Incision,0.38,1.29,0.26,239.4736842105264,-31.57894736842105,928.0,live,1.10424,190.58947368421056,$0-1,0.35,262784.0
"Ajani, Nacatl Pariah",9.44,13.99,7.99,48.19915254237289,-15.360169491525417,921.0,live,11.97544,26.8584745762712,$5-10,,541279.0
Tibalt's Trickery,9.85,17.99,10.42,82.63959390862942,5.786802030456856,734.0,live,15.399439999999998,56.33949238578679,$5-10,10.75,230206.0
Vandalblast,1.52,2.29,1.23,50.6578947368421,-19.07894736842105,819.0,live,1.96024,28.96315789473684,$1-2,1.5,631188.0
Coastal Peak,0.32,0.49,0.15,53.12499999999999,-53.125,1317.0,live,0.41944,31.074999999999992,$0-1,0.16,687592.0
Famished Worldsire,2.75,4.49,2.6,63.27272727272728,-5.454545454545452,740.0,live,3.84344,39.76145454545455,$2-5,2.69,642982.0
Swamp,1.73,1.99,0.5,15.028901734104046,-71.09826589595376,2504.0,live,1.70344,-1.5352601156069317,$1-2,0.3,206024.0
The One Ring (Borderless) (LTR Bundle),88.96,129.99,125.02,46.12185251798564,40.53507194244605,739.0,live,111.27144,25.080305755395703,$50-100,,488270.0
Summon: Yojimbo,1.12,2.49,1.04,122.32142857142856,-7.142857142857148,1699.0,live,2.13144,90.30714285714284,$1-2,1.24,631165.0
Cultivate,0.4,0.99,0.35,147.5,-12.50000000000001,1258.0,live,0.84744,111.86,$0-1,0.45,499506.0
Political Triumph,0.22,0.35,0.15,59.09090909090908,-31.818181818181824,1753.0,live,0.2996,36.18181818181817,$0-1,0.16,696476.0
Dark Ritual,4.39,4.49,2.08,2.277904328018236,-52.61958997722095,901.0,live,3.84344,-12.45011389521639,$2-5,,1381.0
Reckoner's Bargain,1.43,2.49,0.78,74.12587412587415,-45.45454545454545,1575.0,live,2.13144,49.05174825174826,$1-2,,262771.0
Devoted Druid,0.39,1.29,0.36,230.7692307692308,-7.692307692307699,1564.0,live,1.10424,183.1384615384616,$0-1,0.42,671202.0
Sanguine Bond,5.84,6.49,5.5200000000000005,11.130136986301377,-5.479452054794511,883.0,live,5.55544,-4.872602739726027,$5-10,4.81,499501.0
Maskwood Nexus,0.97,2.29,1.17,136.08247422680412,20.61855670103093,1066.0,live,1.96024,102.08659793814434,$0-1,1.3,553540.0
Hedge Maze,10.27,16.99,9.27,65.43330087633883,-9.737098344693282,791.0,live,14.54344,41.61090555014605,$10-20,10.9,532916.0
March of Swirling Mist,3.73,6.49,3.78,73.9946380697051,1.340482573726537,778.0,live,5.55544,48.93941018766756,$2-5,4.6,262791.0
Erebor Flamesmith,0.36,0.99,0.3,175.0,-16.666666666666664,1101.0,live,0.84744,135.4,$0-1,0.35,499920.0
Abundant Countryside,3.05,4.99,2.76,63.6065573770492,-9.508196721311476,1525.0,live,4.27144,40.04721311475411,$2-5,3.12,671180.0
Fangs of Kalonia,0.32,0.49,0.15,53.12499999999999,-53.125,890.0,live,0.41944,31.074999999999992,$0-1,0.27,552812.0
Battlefield Forge,0.34,0.79,0.18,132.35294117647058,-47.05882352941177,1034.0,live,0.6762400000000001,98.89411764705883,$0-1,0.24,624204.0
All That Glitters (Borderless),0.39,1.29,0.4,230.7692307692308,2.5641025641025665,803.0,live,1.10424,183.1384615384616,$0-1,,507185.0
Mechanized Production (Borderless),4.4,3.99,2.05,-9.318181818181822,-53.40909090909092,734.0,live,3.4154400000000003,-22.376363636363635,$2-5,,696414.0
Decanter of Endless Water (Showcase),2.51,4.49,2.56,78.88446215139444,1.9920318725099708,913.0,live,3.84344,53.12509960159365,$2-5,,273423.0
Narset's Reversal,2.57,3.99,2.28,55.25291828793776,-11.284046692607005,804.0,live,3.4154400000000003,32.896498054474726,$2-5,2.19,624156.0
"Susur Secundi, Void Altar",3.56,6.49,2.88,82.30337078651687,-19.101123595505623,774.0,live,5.55544,56.05168539325842,$2-5,,641742.0
Call Damage Control,0.21,0.35,0.15,66.66666666666666,-28.57142857142857,1760.0,live,0.2996,42.66666666666666,$0-1,0.15,697044.0
Ashling's Command,0.54,0.79,0.26,46.29629629629629,-51.85185185185185,904.0,live,0.6762400000000001,25.229629629629635,$0-1,,656679.0
"Splinter, the Mentor (0003) (Borderless)",2.16,4.99,0.78,131.0185185185185,-63.88888888888889,1193.0,live,4.27144,97.75185185185184,$2-5,,657756.0
Ornithopter,0.32,0.69,0.16,115.62499999999996,-50.0,1918.0,live,0.5906399999999999,84.57499999999997,$0-1,0.19,457188.0
Mycoloth,0.39,0.99,0.25,153.84615384615384,-35.8974358974359,1225.0,live,0.84744,117.29230769230767,$0-1,0.25,687538.0
Plumb the Forbidden,0.34,0.79,0.19,132.35294117647058,-44.117647058823536,1008.0,live,0.6762400000000001,98.89411764705883,$0-1,0.2,687481.0
Glint-Horn Buccaneer,8.59,13.99,7.38,62.86379511059372,-14.086146682188591,718.0,live,11.97544,39.41140861466823,$5-10,7.9,192896.0
"Zul Ashur, Lich Lord",0.68,1.49,0.15,119.11764705882352,-77.94117647058823,802.0,live,1.27544,87.56470588235291,$0-1,0.54,589382.0
Nomad Outpost,0.3,0.69,0.15,129.99999999999997,-50.0,919.0,live,0.5906399999999999,96.88,$0-1,0.21,624269.0
"Ashling, Rekindled",1.02,0.99,0.43,-2.9411764705882377,-57.84313725490197,891.0,live,0.84744,-16.917647058823533,$1-2,,656663.0
Simic Ascendancy,0.49,1.49,0.31,204.08163265306123,-36.734693877551024,888.0,live,1.27544,160.29387755102042,$0-1,0.49,559899.0
"Eirdu, Carrier of Dawn",2.73,3.99,2.25,46.15384615384616,-17.58241758241758,754.0,live,3.4154400000000003,25.10769230769232,$2-5,,656563.0
Seize the Day (Borderless),3.88,5.99,4.1,54.38144329896908,5.670103092783499,742.0,live,5.12744,32.15051546391753,$2-5,,696420.0
"Wiccan, Rising Magician",0.22,0.35,0.15,59.09090909090908,-31.818181818181824,1358.0,live,0.2996,36.18181818181817,$0-1,0.15,696993.0
"Aziza, Mage Tower Captain",0.27,0.49,0.15,81.48148148148147,-44.44444444444445,850.0,live,0.41944,55.34814814814813,$0-1,0.15,688667.0
"Sting, the Glinting Dagger",3.29,4.99,3.19,51.671732522796354,-3.039513677811553,796.0,live,4.27144,29.83100303951368,$2-5,3.41,499878.0
"Katara, the Fearless",0.69,0.59,0.15,-14.492753623188404,-78.26086956521738,838.0,live,0.5050399999999999,-26.80579710144928,$0-1,0.3,648735.0
Tithing Blade,0.53,0.69,0.26,30.188679245283,-50.943396226415096,1329.0,live,0.5906399999999999,11.441509433962247,$0-1,,526379.0
Sulfurous Springs,1.18,2.29,1.19,94.06779661016952,0.8474576271186449,1348.0,live,1.96024,66.12203389830509,$1-2,1.24,631594.0
Armored Skyhunter,0.39,0.79,0.15,102.56410256410258,-61.53846153846154,1274.0,live,0.6762400000000001,73.3948717948718,$0-1,0.25,687380.0
Sanctum Weaver,3.65,6.49,3.64,77.80821917808221,-0.2739726027397202,725.0,live,5.55544,52.203835616438354,$2-5,4.07,240032.0
Armor Wars (Borderless),0.51,0.49,0.15,-3.921568627450984,-70.58823529411764,804.0,live,0.41944,-17.756862745098047,$0-1,,696332.0
Ignoble Hierarch,1.27,2.29,0.52,80.31496062992126,-59.055118110236215,1054.0,live,1.96024,54.3496062992126,$1-2,,671175.0
Ethereal Armor,0.49,0.59,0.25,20.40816326530612,-48.97959183673469,1080.0,live,0.5050399999999999,3.0693877551020288,$0-1,0.33,575288.0
"Hawkeye, Trick Shot (Borderless)",4.8,5.49,3.84,14.37500000000001,-20.0,709.0,live,4.69944,-2.094999999999996,$2-5,,699616.0
"Toph, the Blind Bandit",0.25,0.35,0.15,39.99999999999999,-40.0,930.0,live,0.2996,19.83999999999999,$0-1,0.15,649616.0
Scute Swarm,9.84,11.99,7.86,21.849593495934965,-20.12195121951219,741.0,live,10.26344,4.303252032520319,$5-10,7.77,222131.0
Cosmic Spider-Man,3.96,2.99,1.81,-24.494949494949488,-54.292929292929294,796.0,live,2.55944,-35.36767676767677,$2-5,1.93,652002.0
Swords to Plowshares,1.52,2.49,1.25,63.81578947368423,-17.763157894736842,1077.0,live,2.13144,40.22631578947368,$1-2,1.43,624152.0
Corrupted Conviction,2.04,1.79,0.2,-12.254901960784313,-90.19607843137256,847.0,live,1.53224,-24.89019607843137,$2-5,,544718.0
Great Furnace,2.35,3.99,2.6,69.7872340425532,10.638297872340424,1051.0,live,3.4154400000000003,45.33787234042554,$2-5,2.64,642853.0
The Ruinous Wrecking Crew,0.32,0.49,0.15,53.12499999999999,-53.125,1132.0,live,0.41944,31.074999999999992,$0-1,0.18,696489.0
Curiosity,0.8,1.79,0.41,123.75,-48.75000000000001,882.0,live,1.53224,91.53,$0-1,1.04,509516.0
"Niv-Mizzet, Visionary",6.45,9.49,5.37,47.13178294573643,-16.74418604651163,745.0,live,8.12344,25.944806201550392,$5-10,5.47,589357.0
"Takenuma, Abandoned Mire",12.53,16.99,9.37,35.59457302474062,-25.219473264166005,711.0,live,14.54344,16.068954509177967,$10-20,,262420.0
Unnatural Growth,4.35,4.49,2.5,3.218390804597714,-42.5287356321839,803.0,live,3.84344,-11.645057471264357,$2-5,2.73,559887.0
Groundchuck & Dirtbag,0.58,0.49,0.15,-15.51724137931034,-74.13793103448275,951.0,live,0.41944,-27.68275862068965,$0-1,0.55,673560.0
Viscera Seer,0.79,1.29,0.32,63.291139240506325,-59.493670886075954,816.0,live,1.10424,39.77721518987343,$0-1,0.4,687505.0
Blade of Selves,3.12,5.49,2.94,75.96153846153845,-5.769230769230775,821.0,live,4.69944,50.62307692307692,$2-5,2.86,624341.0
"Otawara, Soaring City",27.69,42.99,29.99,55.25460455037919,8.30624774286745,708.0,live,36.79944,32.897941495124606,$20-50,28.79,262434.0
Heroes in a Half Shell (0006) (Borderless),1.68,3.99,0.51,137.50000000000006,-69.64285714285714,1477.0,live,3.4154400000000003,103.3,$1-2,,657766.0
Heroic Intervention (0079) (Borderless),8.13,13.99,9.69,72.07872078720786,19.1881918819188,761.0,live,11.97544,47.299384993849934,$5-10,,668490.0
All That Glitters,0.74,1.29,0.41,74.32432432432434,-44.5945945945946,821.0,live,1.10424,49.22162162162164,$0-1,0.6,198548.0
"Jhoira, Weatherlight Captain",0.47,1.29,0.36,174.468085106383,-23.40425531914893,795.0,live,1.10424,134.94468085106385,$0-1,,642818.0
Thought Vessel,3.53,3.99,2.8000000000000003,13.031161473087831,-20.6798866855524,843.0,live,3.4154400000000003,-3.2453257790368144,$2-5,2.7,631303.0
Omni-Changeling,0.31,0.39,0.15,25.80645161290323,-51.61290322580645,935.0,live,0.33384,7.69032258064517,$0-1,0.25,671470.0
Wave of Reckoning,0.44,0.49,0.15,11.36363636363636,-65.90909090909092,1432.0,live,0.41944,-4.672727272727277,$0-1,0.3,687357.0
"Mysterio, Master of Illusion",0.41,0.49,0.15,19.512195121951223,-63.41463414634146,1019.0,live,0.41944,2.302439024390245,$0-1,0.32,651345.0
Pongify,1.73,4.49,1.67,159.53757225433526,-3.4682080924855523,889.0,live,3.84344,122.164161849711,$1-2,1.99,688725.0
Charcoal Diamond,0.48,0.99,0.26,106.25,-45.83333333333333,1232.0,live,0.84744,76.55,$0-1,0.59,226319.0
Evolution Sage,2.91,3.49,2.08,19.93127147766323,-28.52233676975945,717.0,live,2.9874400000000003,2.661168384879731,$2-5,2.0,671204.0
Forensic Gadgeteer,1.79,3.49,1.28,94.97206703910616,-28.49162011173184,997.0,live,2.9874400000000003,66.89608938547488,$1-2,1.66,534617.0
Cultivate,0.47,0.79,0.35,68.08510638297875,-25.53191489361702,1014.0,live,0.6762400000000001,43.88085106382981,$0-1,0.45,499506.0
Thran Power Suit,0.9,1.79,1.54,98.88888888888889,71.11111111111111,1179.0,live,1.53224,70.2488888888889,$0-1,,452246.0
Sol Ring,1.86,2.79,1.37,49.99999999999999,-26.344086021505376,1932.0,live,2.38824,28.4,$1-2,1.49,687542.0
Cover of Darkness,7.4,12.99,7.28,75.54054054054053,-1.621621621621623,704.0,live,11.11944,50.26270270270269,$5-10,7.32,541326.0
Ephemerate (Borderless),4.85,7.49,5.19,54.43298969072167,7.0103092783505305,806.0,live,6.41144,32.19463917525774,$2-5,,668481.0
Moldervine Reclamation,0.34,0.35,0.19,2.9411764705882213,-44.117647058823536,981.0,live,0.2996,-11.882352941176483,$0-1,0.29,687640.0
Ride the Shoopuf,0.34,0.39,0.15,14.705882352941172,-55.88235294117647,880.0,live,0.33384,-1.8117647058823525,$0-1,0.29,633393.0
Selfless Safewright,0.52,0.99,0.21,90.38461538461536,-59.61538461538463,896.0,live,0.84744,62.96923076923076,$0-1,,671080.0
Foundry Inspector,0.36,1.29,0.34,258.33333333333337,-5.555555555555546,1300.0,live,1.10424,206.7333333333334,$0-1,0.65,227121.0
Silundi Vision,0.45,1.29,0.41,186.66666666666663,-8.888888888888896,847.0,live,1.10424,145.3866666666667,$0-1,,222102.0
Karmic Guide,0.36,0.59,0.16,63.888888888888886,-55.55555555555556,1342.0,live,0.5050399999999999,40.28888888888888,$0-1,0.49,687430.0
Pongify,1.86,4.49,1.72,141.39784946236557,-7.526881720430113,808.0,live,3.84344,106.63655913978494,$1-2,1.85,688725.0
Plains (0253),0.32,0.49,0.15,53.12499999999999,-53.125,2173.0,live,0.41944,31.074999999999992,$0-1,,657781.0
Final Act,0.38,0.59,0.15,55.26315789473684,-60.526315789473685,1285.0,live,0.5050399999999999,32.90526315789472,$0-1,0.39,687408.0
Helm of the Ghastlord,12.03,8.99,5.73,-25.27015793848711,-52.36907730673316,707.0,live,7.69544,-36.03125519534497,$10-20,,18661.0
Primal Vigor (Borderless),5.32,6.99,5.21,31.39097744360902,-2.0676691729323364,763.0,live,5.98344,12.470676691729317,$5-10,,696424.0
Universal Automaton,0.73,0.99,0.41,35.61643835616439,-43.83561643835617,1019.0,live,0.84744,16.08767123287671,$0-1,,191572.0
Black Market Connections,16.46,19.99,15.09,21.445929526123923,-8.323207776427708,697.0,live,17.111439999999998,3.9577156743620736,$10-20,15.05,555973.0
Blasphemous Act,0.9,1.79,0.68,98.88888888888889,-24.44444444444444,869.0,live,1.53224,70.2488888888889,$0-1,0.66,687417.0
"Yavimaya, Cradle of Growth",14.42,21.99,14.7,52.49653259361996,1.9417475728155296,709.0,live,18.82344,30.537031900138683,$10-20,15.5,553219.0
Caldera Pyremaw,0.38,1.29,0.15,239.4736842105264,-60.526315789473685,1333.0,live,1.10424,190.58947368421056,$0-1,0.36,624174.0
Carrion Feeder,4.51,5.99,3.26,32.81596452328161,-27.716186252771617,882.0,live,5.12744,13.690465631929053,$2-5,3.86,191578.0
"Songbird, Sonic Screamer",0.45,0.59,0.15,31.1111111111111,-66.66666666666667,1005.0,live,0.5050399999999999,12.231111111111094,$0-1,0.17,697277.0
Warstorm Surge,0.93,1.49,0.62,60.21505376344085,-33.333333333333336,979.0,live,1.27544,37.14408602150536,$0-1,1.25,559885.0
Llanowar Elves,0.35,0.69,0.15,97.14285714285714,-57.14285714285714,1273.0,live,0.5906399999999999,68.75428571428571,$0-1,0.25,557921.0
Sol Ring (0358),1.39,2.79,1.44,100.71942446043168,3.5971223021582768,1341.0,live,2.38824,71.81582733812952,$1-2,,631495.0
Ruin Crab,1.69,1.99,0.78,17.751479289940832,-53.84615384615385,942.0,live,1.70344,0.7952662721893562,$1-2,0.84,221841.0
"Black Panther, Wakandan King (Borderless)",4.26,5.49,3.41,28.87323943661973,-19.95305164319248,700.0,live,4.69944,10.315492957746486,$2-5,,696428.0
Black Waltz No. 3,0.33,0.35,0.15,6.060606060606049,-54.54545454545456,842.0,live,0.2996,-9.212121212121223,$0-1,0.18,634002.0
Roiling Vortex,1.45,2.79,0.97,92.41379310344828,-33.10344827586207,1050.0,live,2.38824,64.70620689655175,$1-2,1.39,221923.0
Steel Overseer,0.38,1.29,0.34,239.4736842105264,-10.52631578947368,1146.0,live,1.10424,190.58947368421056,$0-1,0.36,642840.0
Envoy of the Ancestors,0.34,0.49,0.15,44.11764705882352,-55.88235294117647,794.0,live,0.41944,23.36470588235293,$0-1,0.25,553133.0
"Inti, Seneschal of the Sun",2.39,2.99,1.95,25.104602510460257,-18.41004184100419,816.0,live,2.55944,7.089539748953968,$2-5,2.37,525206.0
Sol Ring (Showcase),6.28,5.49,5.98,-12.579617834394904,-4.777070063694264,761.0,live,4.69944,-25.16815286624204,$5-10,,662396.0
Lifestream's Blessing,0.87,1.79,0.71,105.7471264367816,-18.390804597701152,904.0,live,1.53224,76.11954022988506,$0-1,0.93,631152.0
Cori Mountain Monastery,1.07,2.79,0.51,160.74766355140187,-52.33644859813084,1123.0,live,2.38824,123.2,$1-2,0.92,624261.0
Feed the Swarm,0.27,0.49,0.15,81.48148148148147,-44.44444444444445,1210.0,live,0.41944,55.34814814814813,$0-1,0.15,688873.0
Nibelheim Aflame,4.28,6.49,3.5,51.63551401869159,-18.224299065420567,707.0,live,5.55544,29.8,$2-5,4.11,632696.0
Return the Favor,0.47,0.59,0.15,25.53191489361702,-68.08510638297872,845.0,live,0.5050399999999999,7.455319148936162,$0-1,0.4,688928.0
Spirit Water Revival,0.96,1.79,0.26,86.45833333333334,-72.91666666666666,808.0,live,1.53224,59.60833333333334,$0-1,0.65,661928.0
Forest (0278),0.33,0.99,0.15,200.0,-54.54545454545456,1763.0,live,0.84744,156.79999999999995,$0-1,,671058.0
Electrodominance,0.42,1.49,0.34,254.7619047619048,-19.04761904761904,908.0,live,1.27544,203.67619047619047,$0-1,0.89,624181.0
Coastal Piracy,0.43,0.99,0.25,130.2325581395349,-41.860465116279066,814.0,live,0.84744,97.07906976744188,$0-1,0.41,556390.0
Relic of Legends,1.25,1.99,1.21,59.2,-3.200000000000003,867.0,live,1.70344,36.275200000000005,$1-2,1.28,283524.0
Curiosity Crafter,0.35,0.79,0.15,125.71428571428574,-57.14285714285714,1065.0,live,0.6762400000000001,93.2114285714286,$0-1,0.27,687402.0
Ioreth of the Healing House,0.36,0.79,0.15,119.44444444444446,-58.333333333333336,874.0,live,0.6762400000000001,87.84444444444446,$0-1,0.26,498609.0
Mystical Dispute,0.92,0.99,0.36,7.608695652173908,-60.86956521739131,1309.0,live,0.84744,-7.886956521739137,$0-1,,198683.0
Mirror Box,5.34,6.49,4.09,21.53558052434457,-23.408239700374533,752.0,live,5.55544,4.034456928838953,$5-10,4.04,262174.0
Captain America's Shield (Borderless) (0317),6.46,7.49,4.2700000000000005,15.944272445820436,-33.90092879256965,696.0,live,6.41144,-0.7517027863777114,$5-10,,696480.0
Kozilek's Unsealing,0.46,0.39,0.15,-15.217391304347828,-67.3913043478261,871.0,live,0.33384,-27.42608695652174,$0-1,0.24,551670.0
Eddie Brock,3.33,3.49,1.82,4.804804804804809,-45.34534534534534,773.0,live,2.9874400000000003,-10.28708708708708,$2-5,,651352.0
"Tamiyo, Inquisitive Student",16.24,24.99,13.57,53.8793103448276,-16.440886699507377,977.0,live,21.39144,31.720689655172425,$10-20,,552333.0
Obelisk Spider,3.11,4.49,2.86,44.37299035369776,-8.038585209003216,761.0,live,3.84344,23.583279742765285,$2-5,2.96,136705.0
Chaos Warp,0.36,0.99,0.25,175.0,-30.55555555555556,1099.0,live,0.84744,135.4,$0-1,0.35,687360.0
"Syr Konrad, the Grim",1.03,1.79,0.76,73.7864077669903,-26.21359223300971,799.0,live,1.53224,48.761165048543695,$1-2,0.86,198407.0
Birds of Paradise,8.07,13.99,9.1,73.35811648079306,12.763320941759597,1082.0,live,11.97544,48.394547707558864,$5-10,6.22,499510.0
Underworld Breach,10.45,11.99,8.63,14.736842105263168,-17.41626794258372,688.0,live,10.26344,-1.7852631578947378,$10-20,9.38,206642.0
Hit the Mother Lode,0.82,0.79,0.54,-3.658536585365844,-34.14634146341463,836.0,live,0.6762400000000001,-17.53170731707316,$0-1,1.06,524180.0
Ruinous Ultimatum,0.43,1.29,0.37,200.00000000000009,-13.953488372093023,877.0,live,1.10424,156.80000000000004,$0-1,0.54,631577.0
Dazzling Angel (0009),0.33,0.39,0.15,18.18181818181818,-54.54545454545456,1042.0,live,0.33384,1.163636363636367,$0-1,,591702.0
"Hulk, Gamma Goliath",0.25,0.35,0.15,39.99999999999999,-40.0,903.0,live,0.2996,19.83999999999999,$0-1,0.15,696320.0
Essence Flux,1.35,2.99,1.03,121.48148148148148,-23.703703703703702,756.0,live,2.55944,89.58814814814812,$1-2,1.3,609749.0
Nettlecyst,3.12,4.99,2.52,59.93589743589743,-19.23076923076924,707.0,live,4.27144,36.90512820512821,$2-5,3.16,240152.0
Elder Gargaroth,1.41,2.79,1.16,97.87234042553192,-17.73049645390071,1003.0,live,2.38824,69.37872340425534,$1-2,1.3,615176.0
Steam Vents,11.46,16.99,11.34,48.2547993019197,-1.0471204188481762,836.0,live,14.54344,26.906108202443257,$10-20,11.0,656711.0
Burnt Offering,1.51,0.99,0.77,-34.437086092715234,-49.00662251655629,952.0,live,0.84744,-43.87814569536424,$1-2,,4617.0
Smuggler's Surprise,4.23,5.49,3.65,29.787234042553184,-13.711583924349894,737.0,live,4.69944,11.097872340425525,$2-5,4.25,544477.0
Fear of Missing Out,2.3,3.99,1.82,73.47826086956523,-20.86956521739129,822.0,live,3.4154400000000003,48.49739130434785,$2-5,2.81,557275.0
Conciliator's Duelist,0.27,0.49,0.15,81.48148148148147,-44.44444444444445,926.0,live,0.41944,55.34814814814813,$0-1,0.15,686533.0
"Galactus, Devourer of Worlds",6.05,8.99,5.5600000000000005,48.59504132231406,-8.099173553718996,748.0,live,7.69544,27.197355371900823,$5-10,6.13,697578.0
Dryad of the Ilysian Grove,10.65,9.49,8.74,-10.892018779342724,-17.934272300469484,773.0,live,8.12344,-23.723568075117367,$10-20,9.0,553184.0
Exotic Orchard,0.35,0.59,0.17,68.57142857142857,-51.42857142857142,894.0,live,0.5050399999999999,44.297142857142845,$0-1,0.25,687675.0
Brass Infiniscope,0.28,0.49,0.15,74.99999999999997,-46.42857142857144,996.0,live,0.41944,49.799999999999976,$0-1,0.24,687515.0
Defend the Rider,0.8,2.29,0.79,186.25,-1.250000000000001,1042.0,live,1.96024,145.03,$0-1,0.87,615038.0
Bojuka Bog,1.04,1.99,1.04,91.34615384615384,0.0,1105.0,live,1.70344,63.792307692307695,$1-2,1.28,687669.0
"Page, Loose Leaf",0.25,0.35,0.15,39.99999999999999,-40.0,1634.0,live,0.2996,19.83999999999999,$0-1,0.15,689535.0
Sunken Hollow,0.37,0.59,0.2,59.45945945945945,-45.94594594594594,908.0,live,0.5050399999999999,36.49729729729728,$0-1,0.3,679634.0
Ka-Zar of the Savage Land,0.24,0.35,0.15,45.83333333333333,-37.5,918.0,live,0.2996,24.83333333333333,$0-1,0.15,696667.0
Island (0279),0.3,0.49,0.15,63.33333333333334,-50.0,2520.0,live,0.41944,39.81333333333333,$0-1,,696359.0
Myriad Landscape,0.36,0.59,0.25,63.888888888888886,-30.55555555555556,1105.0,live,0.5050399999999999,40.28888888888888,$0-1,0.24,525811.0
Venerated Rotpriest,2.97,4.99,2.59,68.01346801346801,-12.794612794612808,821.0,live,4.27144,43.81952861952861,$2-5,3.05,478443.0
Emet-Selch of the Third Seat,0.35,0.49,0.16,40.00000000000001,-54.285714285714285,1563.0,live,0.41944,19.840000000000003,$0-1,0.32,631052.0
Blur,0.39,0.99,0.36,153.84615384615384,-7.692307692307699,1216.0,live,0.84744,117.29230769230767,$0-1,0.49,272558.0
Sol Ring (0356),1.4,2.79,1.49,99.2857142857143,6.428571428571435,1265.0,live,2.38824,70.58857142857144,$1-2,,631540.0
Coercive Impetus,0.34,0.49,0.15,44.11764705882352,-55.88235294117647,921.0,live,0.41944,23.36470588235293,$0-1,0.17,687339.0
Second Harvest,4.89,4.99,4.0600000000000005,2.0449897750511354,-16.97341513292432,758.0,live,4.27144,-12.649488752556229,$2-5,3.98,560021.0
High Tide,2.29,1.29,1.02,-43.66812227074236,-55.45851528384279,742.0,live,1.10424,-51.779912663755454,$2-5,0.99,457180.0
Kindred Summons,0.56,1.99,0.53,255.35714285714283,-5.357142857142862,1185.0,live,1.70344,204.18571428571428,$0-1,0.56,671230.0
Teferi's Time Twist,0.42,0.79,0.15,88.09523809523812,-64.28571428571429,982.0,live,0.6762400000000001,61.00952380952384,$0-1,,187221.0
Counterspell,2.95,3.99,2.46,35.25423728813559,-16.610169491525433,791.0,live,3.4154400000000003,15.77762711864407,$2-5,2.38,457501.0
Heroic Intervention (0080) (Borderless),8.28,13.99,9.02,68.96135265700485,8.937198067632854,738.0,live,11.97544,44.63091787439616,$5-10,,668491.0
Sunpetal Grove,0.58,1.29,0.55,122.41379310344828,-5.172413793103434,842.0,live,1.10424,90.38620689655176,$0-1,0.62,631285.0
"Moonstone, Harsh Mistress",0.23,0.35,0.15,52.17391304347825,-34.78260869565218,918.0,live,0.2996,30.260869565217373,$0-1,0.15,697004.0
Elvish Mystic (Borderless),0.85,0.99,0.67,16.47058823529412,-21.17647058823529,920.0,live,0.84744,-0.3011764705882361,$0-1,,507178.0
"Toski, Bearer of Secrets",8.45,7.99,7.390000000000001,-5.44378698224851,-12.544378698224836,906.0,live,6.83944,-19.05988165680473,$5-10,7.03,559947.0
Prized Statue,0.44,0.79,0.34,79.54545454545455,-22.72727272727272,1343.0,live,0.6762400000000001,53.6909090909091,$0-1,0.43,273386.0
"Madame Null, Power Broker",0.37,0.49,0.15,32.432432432432435,-59.45945945945946,842.0,live,0.41944,13.36216216216216,$0-1,0.48,673605.0
"Michelangelo, Improviser",3.2,2.99,2.41,-6.562499999999999,-24.6875,711.0,live,2.55944,-20.01750000000001,$2-5,2.92,673567.0
"Doctor Strange, Surgeon",1.41,2.99,0.94,112.05673758865252,-33.33333333333333,822.0,live,2.55944,81.52056737588653,$1-2,1.35,697126.0
Manor Gate,1.26,1.79,1.08,42.06349206349206,-14.28571428571428,1377.0,live,1.53224,21.60634920634921,$1-2,,273083.0
Meltdown,0.24,0.59,0.15,145.83333333333331,-37.5,1283.0,live,0.5050399999999999,110.43333333333332,$0-1,0.2,548605.0
Gravecrawler,0.95,2.29,0.6900000000000001,141.0526315789474,-27.368421052631568,994.0,live,1.96024,106.34105263157896,$0-1,0.9,615096.0
Fortune Teller's Talent,0.47,0.79,0.15,68.08510638297875,-68.08510638297872,1440.0,live,0.6762400000000001,43.88085106382981,$0-1,0.25,559728.0
Peter Parker,3.71,3.49,2.07,-5.9299191374663005,-44.20485175202157,730.0,live,2.9874400000000003,-19.47601078167115,$2-5,,646171.0
Professor Hulk,1.84,4.49,1.78,144.02173913043478,-3.260869565217394,745.0,live,3.84344,108.88260869565218,$1-2,2.62,697181.0
Advanced Reconstruction,0.36,0.59,0.15,63.888888888888886,-58.333333333333336,1048.0,live,0.5050399999999999,40.28888888888888,$0-1,0.25,687471.0
Arcane Signet,0.98,0.99,0.44,1.020408163265307,-55.102040816326536,863.0,live,0.84744,-13.5265306122449,$0-1,0.5,687531.0
"Kuja, Genome Sorcerer",1.49,1.29,1.04,-13.422818791946304,-30.20134228187919,770.0,live,1.10424,-25.88993288590603,$1-2,,631007.0
"Doc Aurlock, Grizzled Genius",0.32,0.79,0.25,146.875,-21.875000000000004,1139.0,live,0.6762400000000001,111.325,$0-1,0.41,544683.0
The Reaver Cleaver,17.9,21.99,15.61,22.849162011173185,-12.793296089385471,684.0,live,18.82344,5.158882681564243,$10-20,15.98,553539.0
Captain America's Shield (Borderless) (0311),4.61,5.49,3.45,19.088937093275486,-25.16268980477224,689.0,live,4.69944,1.940130151843812,$2-5,,696478.0
Heroic Intervention (0078) (Borderless),9.96,14.99,10.67,50.5020080321285,7.12851405622489,718.0,live,12.83144,28.829718875502003,$5-10,,668489.0
Fire Diamond,0.4,0.79,0.3,97.5,-25.000000000000007,1167.0,live,0.6762400000000001,69.06000000000002,$0-1,0.4,226892.0
Reanimate,8.08,12.99,8.32,60.76732673267327,2.970297029702973,733.0,live,11.11944,37.61683168316831,$5-10,8.54,631573.0
Stock Up (JP Alternate Art),2.29,3.49,1.04,52.40174672489084,-54.585152838427945,862.0,live,2.9874400000000003,30.45589519650656,$2-5,,675592.0
Shadow of the Goblin,0.88,1.79,0.19,103.40909090909092,-78.4090909090909,735.0,live,1.53224,74.11818181818182,$0-1,0.52,651989.0
Show and Tell (Borderless),3.81,6.99,3.43,83.46456692913387,-9.973753280839892,809.0,live,5.98344,57.04566929133858,$2-5,,696416.0
Cryptolith Rite,11.34,14.99,11.45,32.18694885361552,0.9700176366842984,720.0,live,12.83144,13.152028218694891,$10-20,10.75,116371.0
"Anim Pakal, Thousandth Moon",5.6,6.49,4.0200000000000005,15.892857142857151,-28.2142857142857,688.0,live,5.55544,-0.7957142857142807,$5-10,4.67,526134.0
The Dawning Archaic (Borderless),2.12,1.99,2.02,-6.132075471698118,-4.716981132075476,700.0,live,1.70344,-19.649056603773584,$2-5,,686548.0
Electrostatic Field,2.12,2.79,0.52,31.603773584905653,-75.47169811320755,792.0,live,2.38824,12.652830188679246,$2-5,,176833.0
Turbulent Moor (Extended Art),6.35,6.49,5.0200000000000005,2.204724409448828,-20.944881889763767,730.0,live,5.55544,-12.512755905511808,$5-10,,688219.0
Spectral Denial,0.34,0.59,0.15,73.52941176470587,-55.88235294117647,774.0,live,0.5050399999999999,48.541176470588205,$0-1,0.35,624381.0
"Betor, Ancestor's Voice (Borderless)",3.42,8.99,1.02,162.86549707602342,-70.17543859649122,898.0,live,7.69544,125.01286549707602,$2-5,,625122.0
"Electro, Assaulting Battery (Extended Art)",6.62,9.99,5.62,50.90634441087614,-15.105740181268882,714.0,live,8.55144,29.17583081570996,$5-10,,651335.0
"Fumulus, the Infestation (Anime)",8.22,12.99,6.68,58.02919708029196,-18.734793187347943,725.0,live,11.11944,35.27299270072991,$5-10,,590340.0
The Super Hero Civil War (Borderless),0.39,0.49,0.15,25.64102564102563,-61.53846153846154,812.0,live,0.41944,7.54871794871794,$0-1,,696499.0
Luminous Broodmoth,1.08,2.29,0.47,112.03703703703702,-56.48148148148149,785.0,live,1.96024,81.50370370370369,$1-2,0.58,631192.0
Helm of the Host,5.91,8.49,5.41,43.65482233502538,-8.460236886632826,877.0,live,7.26744,22.96852791878172,$5-10,5.25,559849.0
Shore Up,0.31,0.49,0.15,58.06451612903225,-51.61290322580645,984.0,live,0.41944,35.30322580645161,$0-1,0.15,559751.0
Harmonic Prodigy,4.26,5.99,3.43,40.61032863849767,-19.483568075117365,738.0,live,5.12744,20.362441314554,$2-5,3.89,687475.0
Supreme Verdict,1.62,2.79,1.62,72.22222222222221,0.0,955.0,live,2.38824,47.422222222222224,$1-2,1.58,499834.0
Bushy Bodyguard,0.33,0.79,0.15,139.3939393939394,-54.54545454545456,855.0,live,0.6762400000000001,104.92121212121212,$0-1,0.15,559116.0
Gene Pollinator,0.25,0.35,0.15,39.99999999999999,-40.0,1389.0,live,0.2996,19.83999999999999,$0-1,0.22,644609.0
Fighter Class,7.62,7.99,6.7700000000000005,4.855643044619424,-11.154855643044614,730.0,live,6.83944,-10.24356955380578,$5-10,7.15,243336.0
Death to Our Enemies,0.25,0.35,0.15,39.99999999999999,-40.0,1282.0,live,0.2996,19.83999999999999,$0-1,0.15,696561.0
"Kambal, Consul of Allocation",6.81,8.99,5.09,32.01174743024964,-25.25697503671072,688.0,live,7.69544,13.002055800293686,$5-10,,122729.0
"Donatello, the Brains (0002) (Borderless)",1.62,4.49,0.93,177.16049382716048,-42.5925925925926,1152.0,live,3.84344,137.24938271604938,$1-2,,657752.0
"Misty Knight, Hero for Hire",0.22,0.35,0.15,59.09090909090908,-31.818181818181824,954.0,live,0.2996,36.18181818181817,$0-1,0.15,696661.0
Sodden Verdure,0.6,0.49,0.21,-18.33333333333333,-65.0,1001.0,live,0.41944,-30.093333333333334,$0-1,0.25,687541.0
"Cid, Freeflier Pilot",0.37,0.79,0.19,113.51351351351352,-48.648648648648646,1265.0,live,0.6762400000000001,82.7675675675676,$0-1,0.39,631092.0
Improvised Arsenal,0.44,0.69,0.15,56.8181818181818,-65.90909090909092,805.0,live,0.5906399999999999,34.23636363636362,$0-1,0.42,673624.0
Wastewood Verge,9.28,13.99,9.06,50.7543103448276,-2.3706896551724017,745.0,live,11.97544,29.04568965517243,$5-10,9.67,614431.0
Archmage Emeritus,0.67,1.79,0.51,167.16417910447765,-23.88059701492537,1053.0,live,1.53224,128.6925373134328,$0-1,0.52,687389.0
Divergent Equation,0.2,0.35,0.15,74.99999999999997,-25.000000000000007,901.0,live,0.2996,49.79999999999998,$0-1,0.18,688734.0
Vesuva,3.32,4.99,2.34,50.301204819277125,-29.518072289156628,901.0,live,4.27144,28.657831325301213,$2-5,2.55,553224.0
Pensive Professor (Extended Art),1.09,0.59,0.27,-45.87155963302753,-75.22935779816514,801.0,live,0.5050399999999999,-53.66605504587157,$1-2,,686627.0
"Crimson Cowl, Master of Evil",0.85,0.99,0.34,16.47058823529412,-60.0,681.0,live,0.84744,-0.3011764705882361,$0-1,0.64,697253.0
Assassin's Trophy,0.69,1.49,0.26,115.94202898550728,-62.31884057971014,996.0,live,1.27544,84.8463768115942,$0-1,0.68,687603.0
Homunculus Horde,1.5,2.29,0.15,52.66666666666667,-90.0,802.0,live,1.96024,30.682666666666663,$1-2,0.35,589459.0
Scute Swarm,9.29,12.99,7.08,39.82777179763188,-23.789020452099024,722.0,live,11.11944,19.692572658772875,$5-10,7.52,222131.0
"Maha, Its Feathers Night",21.83,23.99,20.81,9.89464040311498,-4.672469079248739,701.0,live,20.53544,-5.930187814933581,$20-50,20.58,558342.0
"Daredevil, Man Without Fear (Borderless) (0324)",3.88,4.99,3.1,28.60824742268042,-20.10309278350515,710.0,live,4.27144,10.08865979381444,$2-5,,696485.0
Petrified Hamlet (Extended Art),1.37,1.99,0.25,45.255474452554736,-81.75182481751825,838.0,live,1.70344,24.33868613138685,$1-2,,688978.0
Flickering Ward,0.37,0.49,0.15,32.432432432432435,-59.45945945945946,1104.0,live,0.41944,13.36216216216216,$0-1,0.48,687352.0
Aven Interrupter,3.32,3.99,3.0,20.18072289156628,-9.638554216867464,829.0,live,3.4154400000000003,2.8746987951807355,$2-5,3.21,544403.0
"Wolverine, Claws Out",9.62,10.99,8.32,14.241164241164253,-13.513513513513503,664.0,live,9.40744,-2.209563409563408,$5-10,10.39,697399.0
Dragonstorm Globe,0.31,0.35,0.15,12.903225806451609,-51.61290322580645,1049.0,live,0.2996,-3.354838709677426,$0-1,0.21,624914.0
Arcbound Ravager (Borderless),2.9,5.99,3.02,106.55172413793106,4.137931034482762,831.0,live,5.12744,76.80827586206898,$2-5,,679208.0
Harmonized Trio (Extended Art),1.25,1.79,0.2,43.2,-84.00000000000001,763.0,live,1.53224,22.579200000000004,$1-2,,688685.0
Extinction Event (Borderless),2.65,2.79,1.66,5.283018867924533,-37.35849056603774,691.0,live,2.38824,-9.877735849056595,$2-5,,668471.0
"Abomination, Terrifying Titan (Borderless)",0.23,0.35,0.15,52.17391304347825,-34.78260869565218,832.0,live,0.2996,30.260869565217373,$0-1,,696577.0
The Scarab God,3.39,4.49,3.12,32.448377581120944,-7.964601769911504,729.0,live,3.84344,13.375811209439528,$2-5,3.38,615032.0
Baleful Strix,0.95,2.49,0.97,162.10526315789477,2.105263157894739,900.0,live,2.13144,124.3621052631579,$0-1,1.0,631279.0
Three Visits,4.68,7.49,4.8,60.04273504273505,2.5641025641025665,693.0,live,6.41144,36.9965811965812,$2-5,4.8,687584.0
Kaalia of the Vast,2.33,2.79,1.56,19.742489270386265,-33.047210300429185,794.0,live,2.38824,2.499570815450647,$2-5,,552317.0
"Hulk, Strongest There Is",4.45,5.49,3.26,23.370786516853933,-26.74157303370788,671.0,live,4.69944,5.605393258426964,$2-5,3.51,697387.0
Devil Dinosaur,41.78,44.99,40.01,7.683101962661562,-4.23647678314984,661.0,live,38.51144,-7.823264719961706,$20-50,40.25,697383.0
"Squall, SeeD Mercenary",0.89,0.99,0.15,11.235955056179773,-83.14606741573034,741.0,live,0.84744,-4.782022471910117,$0-1,0.5,631012.0
Island (0254),0.42,0.49,0.15,16.666666666666668,-64.28571428571429,1975.0,live,0.41944,-0.1333333333333345,$0-1,,657783.0
Frostcliff Siege,2.16,2.99,1.77,38.42592592592592,-18.05555555555556,709.0,live,2.55944,18.492592592592583,$2-5,2.3,623884.0
Waterbender Ascension,0.79,0.99,0.41,25.31645569620252,-48.10126582278482,742.0,live,0.84744,7.270886075949358,$0-1,0.76,662402.0
Deserted Temple,0.52,1.49,0.23,186.53846153846152,-55.76923076923077,922.0,live,1.27544,145.27692307692303,$0-1,0.5,552268.0
Thousand Moons Smithy,3.71,5.49,1.77,47.97843665768195,-52.2911051212938,740.0,live,4.69944,26.66954177897574,$2-5,,525625.0
Champions of the Perfect,0.95,1.49,0.15,56.842105263157904,-84.21052631578947,763.0,live,1.27544,34.25684210526315,$0-1,0.75,671082.0
"Terra, Magical Adept",1.71,2.49,1.55,45.61403508771932,-9.356725146198826,738.0,live,2.13144,24.64561403508772,$1-2,,631013.0
The Warring Triad,0.63,0.99,0.51,57.14285714285714,-19.047619047619047,1036.0,live,0.84744,34.514285714285705,$0-1,0.65,631210.0
Port Razer,1.12,2.49,1.01,122.32142857142856,-9.82142857142858,1011.0,live,2.13144,90.30714285714284,$1-2,1.01,525742.0
Colossal Skyturtle,0.5,0.59,0.33,17.999999999999993,-34.0,1040.0,live,0.5050399999999999,1.007999999999987,$0-1,,262770.0
Chaos Warp,0.38,0.99,0.2,160.52631578947367,-47.368421052631575,1056.0,live,0.84744,123.01052631578946,$0-1,0.36,687360.0
Desynchronization,5.0,8.99,4.42,79.80000000000001,-11.6,736.0,live,7.69544,53.90879999999999,$5-10,5.62,556388.0
Siege Smash,0.28,0.39,0.15,39.28571428571428,-46.42857142857144,1035.0,live,0.33384,19.228571428571424,$0-1,0.16,553303.0
"Tigra, Feline Fury",0.22,0.35,0.15,59.09090909090908,-31.818181818181824,1272.0,live,0.2996,36.18181818181817,$0-1,0.15,696311.0
Manifold Key,1.57,2.49,1.35,58.59872611464969,-14.012738853503182,721.0,live,2.13144,35.76050955414012,$1-2,1.62,273376.0
Mesa Enchantress,0.67,0.99,0.45,47.761194029850735,-32.83582089552239,794.0,live,0.84744,26.483582089552225,$0-1,0.73,457159.0
Isolated Chapel,0.44,0.99,0.31,125.0,-29.545454545454547,836.0,live,0.84744,92.6,$0-1,0.31,631324.0
Breach the Multiverse,10.68,17.99,10.36,68.44569288389512,-2.996254681647943,684.0,live,15.399439999999998,44.18951310861422,$10-20,10.1,484548.0
Does Machines,0.55,0.49,0.15,-10.90909090909092,-72.72727272727273,1115.0,live,0.41944,-23.73818181818183,$0-1,0.46,673592.0
Drowned Catacomb,1.64,2.79,1.57,70.1219512195122,-4.26829268292682,912.0,live,2.38824,45.62439024390245,$1-2,1.11,631318.0
Exhibition Tidecaller (Extended Art),1.24,0.99,0.47,-20.161290322580648,-62.096774193548384,786.0,live,0.84744,-31.65806451612904,$1-2,,686625.0
"Squall Leonhart - Danitha Capashen, Paragon (Showcase)",0.51,0.69,0.15,35.29411764705881,-70.58823529411764,713.0,live,0.5906399999999999,15.81176470588234,$0-1,,632169.0
Terminate,0.4,0.69,0.27,72.49999999999997,-32.5,829.0,live,0.5906399999999999,47.65999999999998,$0-1,0.3,556347.0
Spell Pierce (JP Alternate Art),1.76,2.49,1.93,41.47727272727274,9.659090909090905,811.0,live,2.13144,21.10454545454545,$1-2,,688962.0
Kinetic Ooze,0.38,0.49,0.15,28.947368421052627,-60.526315789473685,870.0,live,0.41944,10.378947368421048,$0-1,0.19,687379.0
Path of Ancestry,0.34,0.35,0.15,2.9411764705882213,-55.88235294117647,1147.0,live,0.2996,-11.882352941176483,$0-1,0.15,631295.0
Lyra Dawnbringer (0707),0.62,2.79,0.64,350.0,3.2258064516129057,1113.0,live,2.38824,285.2,$0-1,,589350.0
Bruenor Battlehammer,0.92,1.79,0.66,94.56521739130434,-28.26086956521739,734.0,live,1.53224,66.54782608695652,$0-1,0.68,239364.0
Goblin Matron,0.26,0.49,0.15,88.46153846153845,-42.30769230769232,1009.0,live,0.41944,61.32307692307691,$0-1,0.2,461961.0
Arcane Signet (0332),0.51,1.29,0.46,152.94117647058826,-9.803921568627448,925.0,live,1.10424,116.51764705882354,$0-1,,631162.0
Skyshroud Claim,0.97,1.49,0.9,53.608247422680414,-7.2164948453608195,1036.0,live,1.27544,31.488659793814428,$0-1,0.99,642001.0
"Sothera, the Supervoid",1.85,2.49,1.28,34.594594594594604,-30.81081081081081,778.0,live,2.13144,15.212972972972969,$1-2,1.76,638899.0
Bygone Colossus,0.3,0.59,0.15,96.66666666666669,-50.0,807.0,live,0.5050399999999999,68.34666666666665,$0-1,0.25,641874.0
Bleachbone Verge,11.14,13.99,7.29,25.5834829443447,-34.56014362657092,750.0,live,11.97544,7.499461400359067,$10-20,,614401.0
Soul Warden,4.03,4.49,2.44,11.414392059553348,-39.45409429280397,771.0,live,3.84344,-4.629280397022334,$2-5,2.75,32731.0
Loki's Scepter,5.08,8.49,5.15,67.1259842519685,1.3779527559055174,780.0,live,7.26744,43.05984251968504,$5-10,5.96,697290.0
"Bushmaster, Coiled Henchman",0.9,0.99,0.41,9.999999999999996,-54.44444444444445,813.0,live,0.84744,-5.840000000000005,$0-1,0.62,697380.0
"Teval, the Balanced Scale (Borderless)",5.92,12.99,6.08,119.42567567567568,2.7027027027027053,760.0,live,11.11944,87.82837837837837,$5-10,,619670.0
"Baylen, the Haymaker",0.82,1.29,0.19,57.317073170731724,-76.82926829268291,758.0,live,1.10424,34.66341463414636,$0-1,0.75,559115.0
Goblin War Strike,1.96,1.29,0.38,-34.18367346938776,-80.61224489795919,741.0,live,1.10424,-43.66122448979591,$1-2,,10917.0
Wight of the Reliquary,0.58,1.29,0.17,122.41379310344828,-70.68965517241378,763.0,live,1.10424,90.38620689655176,$0-1,0.41,687659.0
Spark Double,8.29,9.99,7.5,20.50663449939688,-9.529553679131476,660.0,live,8.55144,3.15367913148372,$5-10,7.59,188468.0
Villainous Wrath,0.58,1.49,0.21,156.89655172413794,-63.793103448275865,756.0,live,1.27544,119.90344827586208,$0-1,0.24,652457.0
Multiversal Passage (Borderless),6.92,11.99,5.21,73.26589595375724,-24.710982658959537,807.0,live,10.26344,48.31560693641618,$5-10,,646684.0
Risky Shortcut,0.29,0.49,0.15,68.96551724137932,-48.27586206896552,840.0,live,0.41944,44.63448275862069,$0-1,0.25,616085.0
Postmortem Professor,0.18,0.49,0.15,172.22222222222223,-16.666666666666664,843.0,live,0.41944,133.0222222222222,$0-1,0.24,689105.0
Bloated Contaminator,3.81,4.49,2.86,17.847769028871397,-24.934383202099745,737.0,live,3.84344,0.8776902887139143,$2-5,,478328.0
"SP//dr, Piloted by Peni (Borderless)",0.35,0.35,0.15,0.0,-57.14285714285714,716.0,live,0.2996,-14.400000000000002,$0-1,,652642.0
Forest (0286),0.29,0.49,0.15,68.96551724137932,-48.27586206896552,2825.0,live,0.41944,44.63448275862069,$0-1,,696366.0
Forest (271) - Full Art,1.05,1.99,0.5700000000000001,89.52380952380952,-45.71428571428572,1774.0,live,1.70344,62.23238095238095,$1-2,,475523.0
"Mazirek, Kraul Death Priest",0.36,0.49,0.15,36.11111111111112,-58.333333333333336,897.0,live,0.41944,16.51111111111111,$0-1,0.25,687639.0
Plains (0296),0.25,0.49,0.15,96.0,-40.0,2124.0,live,0.41944,67.776,$0-1,,630881.0
Elvish Piper,1.38,2.49,0.94,80.43478260869567,-31.88405797101449,946.0,live,2.13144,54.45217391304349,$1-2,1.29,499711.0
Sakura-Tribe Elder,0.34,0.99,0.26,191.17647058823525,-23.529411764705884,1096.0,live,0.84744,149.2470588235294,$0-1,0.31,687569.0
Swarmyard,6.07,5.99,2.9,-1.3179571663920933,-52.22405271828666,795.0,live,5.12744,-15.528171334431637,$5-10,4.96,560030.0
"Sokka, Tenacious Tactician",0.57,0.49,0.15,-14.03508771929824,-73.68421052631578,761.0,live,0.41944,-26.41403508771929,$0-1,0.46,660606.0
Bloodline Pretender,1.73,2.49,0.98,43.9306358381503,-43.35260115606936,1058.0,live,2.13144,23.20462427745665,$1-2,,230215.0
Technodrome,1.72,4.49,0.72,161.046511627907,-58.13953488372093,722.0,live,3.84344,123.4558139534884,$1-2,1.46,673660.0
Drown in Dreams,2.2,1.99,1.05,-9.545454545454552,-52.27272727272727,855.0,live,1.70344,-22.57090909090909,$2-5,1.29,553258.0
Clock of Omens,3.96,5.99,2.08,51.26262626262626,-47.474747474747474,696.0,live,5.12744,29.48080808080808,$2-5,,60035.0
Waves of Aggression (Borderless),2.42,2.49,2.08,2.892561983471086,-14.0495867768595,714.0,live,2.13144,-11.923966942148756,$2-5,,679195.0
Unearth,0.64,1.29,0.47,101.5625,-26.562500000000007,1093.0,live,1.10424,72.53750000000001,$0-1,0.54,191138.0
Overwhelming Stampede,3.76,2.79,2.03,-25.797872340425528,-46.01063829787234,881.0,live,2.38824,-36.48297872340424,$2-5,1.98,499762.0
Vision Quest (Borderless),0.39,0.49,0.15,25.64102564102563,-61.53846153846154,757.0,live,0.41944,7.54871794871794,$0-1,,696868.0
Tectonic Hazard,0.49,1.29,0.15,163.26530612244898,-69.38775510204081,989.0,live,1.10424,125.35510204081636,$0-1,0.38,526294.0
The Coming of Galactus (Borderless),5.54,5.49,3.0,-0.9025270758122712,-45.84837545126354,684.0,live,4.69944,-15.172563176895308,$5-10,,668480.0
Lotus Cobra,5.99,7.49,5.4,25.041736227045075,-9.849749582637726,668.0,live,6.41144,7.035726210350577,$5-10,5.39,559826.0
"Nick Fury, Agent of S.H.I.E.L.D. (Borderless) (0357)",3.14,4.49,2.08,42.99363057324841,-33.75796178343949,656.0,live,3.84344,22.40254777070064,$2-5,,696541.0
"Phlage, Titan of Fire's Fury",3.56,6.99,3.0700000000000003,96.34831460674158,-13.764044943820217,858.0,live,5.98344,68.07415730337078,$2-5,3.33,552633.0
Lucky the Pizza Dog,1.83,3.49,1.56,90.7103825136612,-14.754098360655735,754.0,live,2.9874400000000003,63.248087431694,$1-2,2.1,693576.0
Exquisite Blood,36.45,42.99,34.64,17.942386831275716,-4.965706447187934,654.0,live,36.79944,0.95868312757202,$20-50,36.1,525752.0
Weather Maker,0.58,0.49,0.15,-15.51724137931034,-74.13793103448275,807.0,live,0.41944,-27.68275862068965,$0-1,0.53,673668.0
Battlefield Forge,0.26,0.69,0.19,165.38461538461536,-26.923076923076927,859.0,live,0.5906399999999999,127.16923076923077,$0-1,0.39,624204.0
Command Tower,0.46,0.69,0.25,49.99999999999999,-45.65217391304349,1107.0,live,0.5906399999999999,28.39999999999998,$0-1,0.25,687664.0
Artful Dodge,0.5,0.79,0.36,58.00000000000001,-28.000000000000004,781.0,live,0.6762400000000001,35.24800000000001,$0-1,,57854.0
"Kingpin, Wilson Fisk",2.22,3.49,2.03,57.2072072072072,-8.558558558558575,780.0,live,2.9874400000000003,34.569369369369376,$2-5,2.19,697261.0
Secret Invasion (Borderless),0.45,0.49,0.15,8.888888888888884,-66.66666666666667,770.0,live,0.41944,-6.791111111111118,$0-1,,696281.0
"Zimone, Paradox Sculptor",3.11,5.99,2.84,92.60450160771704,-8.681672025723474,661.0,live,5.12744,64.8694533762058,$2-5,3.61,591796.0
Broodguard Elite,0.25,0.35,0.15,39.99999999999999,-40.0,747.0,live,0.2996,19.83999999999999,$0-1,0.25,644597.0
Springleaf Parade (Extended Art),9.26,14.99,7.81,61.87904967602592,-15.658747300215984,707.0,live,12.83144,38.56846652267819,$5-10,,671533.0
Brass's Tunnel-Grinder,3.6,4.99,3.52,38.61111111111112,-2.222222222222224,682.0,live,4.27144,18.65111111111112,$2-5,,525084.0
Traumatic Critique (Extended Art),2.55,1.29,0.6,-49.41176470588235,-76.47058823529412,786.0,live,1.10424,-56.69647058823528,$2-5,,688480.0
Honor,0.29,0.49,0.15,68.96551724137932,-48.27586206896552,1033.0,live,0.41944,44.63448275862069,$0-1,0.15,643962.0
Fiery Emancipation,13.48,11.99,11.67,-11.053412462908014,-13.427299703264095,648.0,live,10.26344,-23.861721068249267,$10-20,11.2,512393.0
Sorin of House Markov,2.88,4.99,1.53,73.2638888888889,-46.87499999999999,811.0,live,4.27144,48.3138888888889,$2-5,,552341.0
Pariah,2.23,2.49,1.39,11.659192825112118,-37.668161434977584,780.0,live,2.13144,-4.419730941704035,$2-5,1.97,544871.0
Conduit of Ruin,5.52,6.49,3.97,17.572463768115956,-28.079710144927528,707.0,live,5.55544,0.642028985507253,$5-10,4.42,104997.0
Lifeblood Hydra,0.49,0.49,0.15,0.0,-69.38775510204081,1099.0,live,0.41944,-14.400000000000002,$0-1,0.47,687529.0
"Rev, Tithe Extractor (Anime)",21.05,32.99,19.01,56.722090261282666,-9.691211401425171,688.0,live,28.23944,34.15410926365796,$20-50,,590679.0
Heritage Reclamation,0.37,0.99,0.15,167.56756756756758,-59.45945945945946,1341.0,live,0.84744,129.03783783783786,$0-1,0.24,624376.0
Swamp (297) - JP Full Art,4.81,6.49,3.94,34.92723492723494,-18.08731808731808,1218.0,live,5.55544,15.497713097713106,$2-5,,257680.0
Rampant Growth,0.42,1.29,0.39,207.1428571428572,-7.142857142857137,1717.0,live,1.10424,162.91428571428577,$0-1,0.36,631199.0
Recruiter of the Guard,5.79,8.49,5.17,46.63212435233161,-10.70811744386874,725.0,live,7.26744,25.51709844559585,$5-10,5.32,552834.0
Weather the Storm,1.11,2.29,1.15,106.30630630630628,3.6036036036035854,2005.0,live,1.96024,76.59819819819819,$1-2,1.25,191064.0
Flare of Cultivation,0.62,0.79,0.15,27.419354838709687,-75.80645161290323,1069.0,live,0.6762400000000001,9.070967741935494,$0-1,0.49,541270.0
Kor Spiritdancer,0.37,1.29,0.2,248.64864864864865,-45.94594594594594,1400.0,live,1.10424,198.44324324324327,$0-1,,687434.0
Accumulate Wisdom,0.3,0.69,0.15,129.99999999999997,-50.0,1125.0,live,0.5906399999999999,96.88,$0-1,0.2,662604.0
Grave Venerations,0.56,0.69,0.5700000000000001,23.21428571428569,1.785714285714287,1152.0,live,0.5906399999999999,5.471428571428551,$0-1,0.68,671125.0
Heaped Harvest,0.31,0.35,0.15,12.903225806451609,-51.61290322580645,1013.0,live,0.2996,-3.354838709677426,$0-1,0.19,559774.0
Shivan Reef,0.36,0.99,0.26,175.0,-27.77777777777777,1267.0,live,0.84744,135.4,$0-1,0.25,624216.0
"Jadzi, Steward of Fate",0.19,0.49,0.15,157.89473684210526,-21.052631578947373,843.0,live,0.41944,120.75789473684208,$0-1,,688732.0
"Etali, Primal Storm",0.45,0.99,0.32,120.0,-28.888888888888893,883.0,live,0.84744,88.32,$0-1,0.43,559824.0
Templar Knight,2.94,3.99,0.66,35.71428571428573,-77.55102040816327,1853.0,live,3.4154400000000003,16.17142857142858,$2-5,1.91,555796.0
Counterspell,3.39,3.99,2.39,17.69911504424779,-29.49852507374631,994.0,live,3.4154400000000003,0.75044247787611,$2-5,2.54,457501.0
Reconnaissance Mission,1.26,1.99,0.52,57.93650793650793,-58.730158730158735,684.0,live,1.70344,35.1936507936508,$1-2,0.75,212181.0
Island (0297),0.23,0.49,0.15,113.04347826086956,-34.78260869565218,2203.0,live,0.41944,82.36521739130434,$0-1,,630882.0
Archmage Emeritus,0.45,1.79,0.46,297.77777777777777,2.222222222222224,961.0,live,1.53224,240.4977777777778,$0-1,0.48,687389.0
Snuff Out,6.11,8.99,6.11,47.135842880523725,0.0,965.0,live,7.69544,25.9482815057283,$5-10,6.32,631256.0
Adarkar Wastes,0.38,0.99,0.23,160.52631578947367,-39.47368421052632,1017.0,live,0.84744,123.01052631578946,$0-1,0.39,559858.0
Ghostly Flicker,2.45,2.49,1.56,1.632653061224491,-36.3265306122449,689.0,live,2.13144,-13.002448979591843,$2-5,1.89,507400.0
Swamp (0274),0.36,1.29,0.15,258.33333333333337,-58.333333333333336,2376.0,live,1.10424,206.7333333333334,$0-1,,529991.0
Chthonian Nightmare,0.55,1.29,0.35,134.54545454545453,-36.36363636363637,1046.0,live,1.10424,100.77090909090909,$0-1,0.59,548588.0
Oketra's Monument,3.25,5.99,2.21,84.30769230769232,-32.0,661.0,live,5.12744,57.76738461538462,$2-5,,129750.0
HYDRA Assault Robot,0.18,0.35,0.15,94.44444444444444,-16.666666666666664,1426.0,live,0.2996,66.44444444444444,$0-1,0.15,697026.0
"Koma, World-Eater",0.52,1.49,0.33,186.53846153846152,-36.53846153846153,755.0,live,1.27544,145.27692307692303,$0-1,0.57,591324.0
Walking Atlas,1.66,1.79,1.19,7.831325301204826,-28.3132530120482,892.0,live,1.53224,-7.696385542168667,$1-2,1.33,34464.0
Swiftfoot Boots,2.6,4.49,2.08,72.6923076923077,-20.0,718.0,live,3.84344,47.824615384615385,$2-5,2.46,591210.0
Red Hulk,0.2,0.35,0.15,74.99999999999997,-25.000000000000007,916.0,live,0.2996,49.79999999999998,$0-1,0.15,696662.0
Assassin's Trophy,0.99,1.49,0.38,50.505050505050505,-61.61616161616161,783.0,live,1.27544,28.832323232323223,$0-1,0.78,687603.0
Junk Diver,0.27,0.59,0.15,118.51851851851848,-44.44444444444445,719.0,live,0.5050399999999999,87.05185185185181,$0-1,0.24,552793.0
Magmablood Archaic (Borderless),0.38,0.49,0.15,28.947368421052627,-60.526315789473685,770.0,live,0.41944,10.378947368421048,$0-1,,688976.0
"Ugin, Eye of the Storms",41.76,64.99,41.19,55.627394636015325,-1.364942528735633,755.0,live,55.63144,33.217049808429124,$20-50,38.86,623894.0
Cavern-Hoard Dragon,14.15,21.99,13.79,55.40636042402826,-2.544169611307429,708.0,live,18.82344,33.02784452296818,$10-20,14.07,499732.0
Castle Doom (Extended Art),2.49,2.49,1.08,0.0,-56.62650602409639,767.0,live,2.13144,-14.400000000000007,$2-5,,696675.0
Forest (0278),0.34,0.99,0.15,191.17647058823525,-55.88235294117647,2019.0,live,0.84744,149.2470588235294,$0-1,,671058.0
Archenemy's Charm,0.61,1.79,0.16,193.4426229508197,-73.77049180327869,821.0,live,1.53224,151.18688524590164,$0-1,0.55,641718.0
Feral Appetite,0.36,0.49,0.15,36.11111111111112,-58.333333333333336,767.0,live,0.41944,16.51111111111111,$0-1,0.24,687369.0
Rise of the Dark Realms,6.25,7.99,4.4,27.840000000000003,-29.599999999999994,654.0,live,6.83944,9.431039999999996,$5-10,5.71,631576.0
Thopter Spy Network,0.37,0.79,0.2,113.51351351351352,-45.94594594594594,894.0,live,0.6762400000000001,82.7675675675676,$0-1,0.3,615219.0
"Valgavoth, Harrower of Souls (Borderless)",20.5,29.99,19.39,46.29268292682926,-5.41463414634146,679.0,live,25.67144,25.22653658536584,$20-50,,575095.0
"Yuna, Hope of Spira",4.01,5.99,3.42,49.37655860349128,-14.71321695760598,682.0,live,5.12744,27.866334164588537,$2-5,3.95,631016.0
Essence Channeler,0.5,1.29,0.15,158.0,-70.0,1056.0,live,1.10424,120.84800000000004,$0-1,,559639.0
Go for the Throat,0.4,1.29,0.31,222.5,-22.500000000000007,1010.0,live,1.10424,176.06,$0-1,0.35,556023.0
Split Up,1.68,2.79,1.53,66.07142857142858,-8.928571428571423,842.0,live,2.38824,42.15714285714287,$1-2,1.86,575054.0
Dance with Calamity,0.31,0.49,0.15,58.06451612903225,-51.61290322580645,917.0,live,0.41944,35.30322580645161,$0-1,0.22,687462.0
Serah Farron,0.48,0.79,0.15,64.58333333333334,-68.74999999999999,763.0,live,0.6762400000000001,40.88333333333335,$0-1,,632700.0
Infestation Sage,0.27,0.39,0.15,44.44444444444444,-44.44444444444445,1071.0,live,0.33384,23.64444444444445,$0-1,0.16,591764.0
Mischievous Mystic,0.28,0.39,0.15,39.28571428571428,-46.42857142857144,828.0,live,0.33384,19.228571428571424,$0-1,0.2,591172.0
Ember Island Production,0.35,0.49,0.15,40.00000000000001,-57.14285714285714,1020.0,live,0.41944,19.840000000000003,$0-1,0.26,662101.0
"Ultron, Machine Overlord (Borderless)",5.07,7.99,4.53,57.59368836291912,-10.650887573964498,652.0,live,6.83944,34.90019723865876,$5-10,,699706.0
Forest,1.01,1.99,0.52,97.02970297029702,-48.51485148514851,2425.0,live,1.70344,68.65742574257426,$1-2,0.68,206026.0
Perch Protection,3.56,5.49,2.66,54.21348314606742,-25.28089887640449,787.0,live,4.69944,32.00674157303371,$2-5,3.28,560182.0
Woodland Cemetery,0.45,1.29,0.46,186.66666666666663,2.222222222222224,1359.0,live,1.10424,145.3866666666667,$0-1,0.5,687585.0
Tempt with Bunnies,4.49,4.49,3.48,0.0,-22.49443207126949,879.0,live,3.84344,-14.4,$2-5,3.51,559998.0
Minas Tirith,6.06,8.99,6.19,48.34983498349836,2.1452145214521585,653.0,live,7.69544,26.987458745874587,$5-10,6.15,498350.0
Desperate Ritual,6.34,7.99,4.67,26.02523659305994,-26.340694006309143,832.0,live,6.83944,7.877602523659305,$5-10,,11976.0
Tribute to the World Tree,13.76,21.99,13.02,59.81104651162789,-5.377906976744188,660.0,live,18.82344,36.79825581395348,$10-20,12.5,490536.0
Maddening Cacophony,6.14,10.99,5.83,78.99022801302932,-5.048859934853414,679.0,live,9.40744,53.21563517915309,$5-10,6.2,222115.0
Village Rites,0.29,0.99,0.15,241.3793103448276,-48.27586206896552,840.0,live,0.84744,192.2206896551724,$0-1,0.34,230172.0
"Lulu, Stern Guardian",0.45,0.49,0.26,8.888888888888884,-42.22222222222222,866.0,live,0.41944,-6.791111111111118,$0-1,0.36,631236.0
"Raph & Mikey, Troublemakers (Showcase)",5.23,7.99,4.58,52.77246653919693,-12.428298279158708,689.0,live,6.83944,30.773231357552568,$5-10,,679188.0
"Black Widow, Double Agent",0.24,0.35,0.15,45.83333333333333,-37.5,846.0,live,0.2996,24.83333333333333,$0-1,0.15,696318.0
Faithless Looting (Borderless),0.79,1.79,0.52,126.58227848101264,-34.177215189873415,962.0,live,1.53224,93.95443037974684,$0-1,,507166.0
Izzet Signet,0.4,0.99,0.36,147.5,-10.000000000000009,837.0,live,0.84744,111.86,$0-1,0.4,624200.0
Falcon and Redwing,1.11,2.29,1.07,106.30630630630628,-3.6036036036036063,988.0,live,1.96024,76.59819819819819,$1-2,1.29,697095.0
Triplicate Titan,0.42,0.99,0.2,135.71428571428575,-52.38095238095237,845.0,live,0.84744,101.77142857142856,$0-1,0.4,615198.0
Dirgur Focusmage,0.33,0.49,0.15,48.48484848484848,-54.54545454545456,960.0,live,0.41944,27.10303030303029,$0-1,,687333.0
Glacial Fortress,0.37,0.49,0.22,32.432432432432435,-40.54054054054054,816.0,live,0.41944,13.36216216216216,$0-1,0.25,631321.0
Thought Vessel,2.31,3.49,2.36,51.08225108225109,2.164502164502157,1042.0,live,2.9874400000000003,29.32640692640694,$2-5,2.49,631303.0
The Reality Chip,3.78,5.99,3.63,58.46560846560848,-3.968253968253966,664.0,live,5.12744,35.64656084656085,$2-5,4.2,262058.0
Prismari Pianist,0.34,0.49,0.15,44.11764705882352,-55.88235294117647,885.0,live,0.41944,23.36470588235293,$0-1,0.25,687456.0
Party Thrasher,0.43,0.99,0.28,130.2325581395349,-34.88372093023256,1085.0,live,0.84744,97.07906976744188,$0-1,0.44,552832.0
Heralds of the Shredder - Vigor,2.25,1.99,1.87,-11.555555555555555,-16.888888888888882,1367.0,live,1.70344,-24.29155555555555,$2-5,,679596.0
Ancient Den,1.01,2.79,1.02,176.23762376237624,0.990099009900991,1368.0,live,2.38824,136.45940594059408,$1-2,1.49,642847.0
"Armaggon, Future Shark",0.37,0.49,0.15,32.432432432432435,-59.45945945945946,716.0,live,0.41944,13.36216216216216,$0-1,0.4,673601.0
"Clive, Ifrit's Dominant",3.59,4.99,2.59,38.99721448467968,-27.85515320334262,663.0,live,4.27144,18.9816155988858,$2-5,,630957.0
Tempest Technique,0.31,0.69,0.15,122.5806451612903,-51.61290322580645,864.0,live,0.5906399999999999,90.5290322580645,$0-1,0.34,624146.0
"Ant-Man, Colony Commander",0.24,0.35,0.15,45.83333333333333,-37.5,889.0,live,0.2996,24.83333333333333,$0-1,0.16,696315.0
Fable of the Mirror-Breaker,5.65,8.99,5.82,59.11504424778761,3.0088495575221224,763.0,live,7.69544,36.20247787610618,$5-10,,262222.0
Profane Tutor,3.96,3.99,3.75,0.7575757575757638,-5.303030303030303,706.0,live,3.4154400000000003,-13.751515151515145,$2-5,3.88,239403.0
"Eiganjo, Seat of the Empire",5.31,9.99,3.12,88.135593220339,-41.242937853107335,672.0,live,8.55144,61.04406779661017,$5-10,,262746.0
Felidar Guardian,2.64,1.99,1.38,-24.621212121212125,-47.727272727272734,682.0,live,1.70344,-35.47575757575758,$2-5,,126480.0
Elvish Mystic,1.18,1.29,0.48,9.322033898305094,-59.32203389830508,966.0,live,1.10424,-6.420338983050833,$1-2,0.49,687499.0
Generous Gift (Borderless),1.19,1.99,0.96,67.22689075630252,-19.327731092436977,708.0,live,1.70344,43.146218487394975,$1-2,,507170.0
"Daredevil, Fearless Fighter",3.12,5.49,2.99,75.96153846153845,-4.166666666666663,644.0,live,4.69944,50.62307692307692,$2-5,3.46,697310.0
Greedy Freebooter,0.45,0.99,0.15,120.0,-66.66666666666667,903.0,live,0.84744,88.32,$0-1,0.35,526296.0
Elvish Archdruid,0.44,0.69,0.15,56.8181818181818,-65.90909090909092,803.0,live,0.5906399999999999,34.23636363636362,$0-1,0.3,589337.0
Wistfulness (Borderless),11.06,19.99,9.86,80.74141048824592,-10.84990958408681,794.0,live,17.111439999999998,54.7146473779385,$10-20,,671526.0
Fecund Greenshell,0.65,0.99,0.22,52.3076923076923,-66.15384615384616,785.0,live,0.84744,30.375384615384604,$0-1,0.54,559635.0
Mask of Memory,0.27,0.99,0.28,266.66666666666663,3.703703703703707,978.0,live,0.84744,213.86666666666665,$0-1,0.41,631238.0
"Mahadi, Emporium Master",1.72,2.79,1.56,62.2093023255814,-9.302325581395344,636.0,live,2.38824,38.851162790697686,$1-2,2.0,272705.0
Sunbillow Verge,8.82,13.99,8.23,58.61678004535147,-6.689342403628117,705.0,live,11.97544,35.77596371882086,$5-10,9.05,614424.0
"Tombstone, Career Criminal",0.23,0.35,0.15,52.17391304347825,-34.78260869565218,1457.0,live,0.2996,30.260869565217373,$0-1,0.15,646049.0
"Donatello, Gadget Master",0.42,0.49,0.15,16.666666666666668,-64.28571428571429,743.0,live,0.41944,-0.1333333333333345,$0-1,0.38,673595.0
Dualcaster Mage (Borderless),6.71,8.49,6.18,26.52757078986588,-7.898658718330854,638.0,live,7.26744,8.307600596125182,$5-10,,686664.0
Ronin's Arsenal - Conqueror's Flail (Borderless),1.94,1.99,0.98,2.5773195876288684,-49.48453608247423,659.0,live,1.70344,-12.193814432989685,$1-2,,679209.0
Solemn Simulacrum,0.38,0.59,0.23,55.26315789473684,-39.47368421052632,1218.0,live,0.5050399999999999,32.90526315789472,$0-1,0.31,687624.0
Austere Command,0.36,0.99,0.34,175.0,-5.555555555555546,988.0,live,0.84744,135.4,$0-1,0.4,631171.0
Amazing Acrobatics,0.22,0.35,0.15,59.09090909090908,-31.818181818181824,1068.0,live,0.2996,36.18181818181817,$0-1,0.15,652062.0
Voyager Quickwelder,0.26,0.69,0.15,165.38461538461536,-42.30769230769232,788.0,live,0.5906399999999999,127.16923076923077,$0-1,0.25,616058.0
Swamp (0282),0.3,0.49,0.15,63.33333333333334,-50.0,2362.0,live,0.41944,39.81333333333333,$0-1,,696362.0
Psychosis Crawler,0.92,1.49,0.52,61.95652173913042,-43.47826086956522,976.0,live,1.27544,38.63478260869563,$0-1,0.75,559919.0
"Michelangelo, Weirdness to 11 (Borderless)",6.58,6.99,4.16,6.23100303951368,-36.77811550151976,656.0,live,5.98344,-9.066261398176296,$5-10,,679872.0
Qarsi Revenant,2.64,2.29,1.03,-13.25757575757576,-60.98484848484848,806.0,live,1.96024,-25.748484848484853,$2-5,1.2,623889.0
Path of Ancestry (Borderless),0.76,1.29,0.45,69.73684210526316,-40.78947368421053,777.0,live,1.10424,45.29473684210528,$0-1,,503398.0
Blacksmith's Skill,0.47,0.79,0.15,68.08510638297875,-68.08510638297872,894.0,live,0.6762400000000001,43.88085106382981,$0-1,0.25,240197.0
"Eladamri, Korvecdal",4.9,7.49,3.62,52.85714285714285,-26.12244897959184,686.0,live,6.41144,30.84571428571427,$2-5,3.93,552311.0
Candy Trail,1.24,2.29,0.64,84.67741935483872,-48.38709677419354,1502.0,live,1.96024,58.08387096774194,$1-2,,513362.0
"Kozilek, the Broken Reality",3.42,4.99,2.49,45.90643274853802,-27.192982456140346,718.0,live,4.27144,24.895906432748543,$2-5,3.0,552314.0
Turbulent Fen (Extended Art),7.31,7.49,6.73,2.4623803009576006,-7.934336525307787,707.0,live,6.41144,-12.2922024623803,$5-10,,688217.0
"Liberator, Urza's Battlethopter",7.38,8.99,7.18,21.81571815718158,-2.710027100271005,664.0,live,7.69544,4.274254742547422,$5-10,7.76,452236.0
Island (295) - JP Full Art,2.73,4.49,2.35,64.46886446886447,-13.919413919413914,1257.0,live,3.84344,40.78534798534799,$2-5,,257678.0
"Ultron, Unlimited",0.81,1.79,0.88,120.98765432098764,8.64197530864197,654.0,live,1.53224,89.16543209876544,$0-1,1.14,697989.0
Elvish Mystic,0.49,1.29,0.31,163.26530612244898,-36.734693877551024,876.0,live,1.10424,125.35510204081636,$0-1,,687499.0
"Ral Zarek, Guest Lecturer (Borderless)",3.42,2.79,1.84,-18.421052631578945,-46.19883040935672,684.0,live,2.38824,-30.16842105263157,$2-5,,686568.0
Felidar Retreat,1.02,2.29,0.93,124.50980392156865,-8.823529411764703,934.0,live,1.96024,92.18039215686277,$1-2,1.09,590974.0
H.E.R.B.I.E. Scout Unit,0.23,0.35,0.15,52.17391304347825,-34.78260869565218,1254.0,live,0.2996,30.260869565217373,$0-1,0.15,697072.0
Shared Animosity,2.97,4.49,2.8000000000000003,51.178451178451176,-5.723905723905721,685.0,live,3.84344,29.408754208754207,$2-5,2.94,513961.0
Path of Ancestry,0.3,0.35,0.15,16.666666666666664,-50.0,1174.0,live,0.2996,-0.1333333333333371,$0-1,0.15,631295.0
Laughing Mad,0.23,0.35,0.15,52.17391304347825,-34.78260869565218,878.0,live,0.2996,30.260869565217373,$0-1,0.16,631602.0
"Skrelv, Defector Mite",3.08,4.49,3.02,45.77922077922078,-1.9480519480519496,665.0,live,3.84344,24.78701298701299,$2-5,3.39,478278.0
Chasm Skulker,0.29,0.79,0.26,172.41379310344828,-10.344827586206886,858.0,live,0.6762400000000001,133.18620689655177,$0-1,0.29,631260.0
Meteor Sword,0.28,0.35,0.15,24.999999999999982,-46.42857142857144,782.0,live,0.2996,6.999999999999981,$0-1,0.21,662613.0
"Kardur, Doomscourge",0.81,0.99,0.62,22.22222222222221,-23.456790123456795,909.0,live,0.84744,4.622222222222212,$0-1,0.7,230430.0
Seedborn Muse,15.52,20.99,14.62,35.24484536082473,-5.798969072164951,641.0,live,17.96744,15.76958762886598,$10-20,14.55,624655.0
Insight Engine,1.0,1.79,0.93,79.0,-6.999999999999995,1215.0,live,1.53224,53.224,$1-2,1.1,642789.0
On Wings of Gold,0.86,1.29,0.78,50.000000000000014,-9.302325581395344,749.0,live,1.10424,28.400000000000013,$0-1,0.99,615115.0
The Legend of Kuruk,2.04,3.49,1.84,71.07843137254902,-9.803921568627448,674.0,live,2.9874400000000003,46.44313725490197,$2-5,,660506.0
Boros Signet,0.44,1.29,0.44,193.18181818181824,0.0,788.0,live,1.10424,150.9636363636364,$0-1,0.43,624199.0
Splash Portal,0.36,0.99,0.15,175.0,-58.333333333333336,793.0,live,0.84744,135.4,$0-1,0.35,559145.0
Monastery Mentor,0.67,1.49,0.43,122.38805970149252,-35.820895522388064,970.0,live,1.27544,90.3641791044776,$0-1,0.52,624151.0
Vampiric Rites,0.4,0.35,0.15,-12.50000000000001,-62.5,719.0,live,0.2996,-25.10000000000001,$0-1,0.15,513566.0
Island (0299),0.21,0.49,0.15,133.33333333333334,-28.57142857142857,2088.0,live,0.41944,99.73333333333332,$0-1,,630886.0
Storm-Kiln Artist,2.78,2.99,1.45,7.553956834532389,-47.84172661870503,917.0,live,2.55944,-7.933812949640282,$2-5,1.59,687338.0
The Ozolith,65.59,79.99,57.31,21.954566244854384,-12.62387559079128,625.0,live,68.47144,4.3931087055953615,$50-100,65.51,212302.0
Ghostly Flicker,1.42,2.79,1.16,96.47887323943664,-18.30985915492958,931.0,live,2.38824,68.18591549295776,$1-2,1.4,507400.0
Omniscience,5.7,8.49,5.72,48.94736842105263,0.3508771929824486,683.0,live,7.26744,27.49894736842105,$5-10,6.0,557923.0
Ancient Adamantoise,3.22,4.49,2.5,39.440993788819874,-22.36024844720497,658.0,live,3.84344,19.36149068322981,$2-5,3.15,633190.0
World Map,0.28,0.35,0.15,24.999999999999982,-46.42857142857144,1127.0,live,0.2996,6.999999999999981,$0-1,0.15,633411.0
"Doran, Besieged by Time",0.55,0.49,0.15,-10.90909090909092,-72.72727272727273,689.0,live,0.41944,-23.73818181818183,$0-1,0.5,671516.0
Villainous Hideout,0.19,0.35,0.15,84.21052631578945,-21.052631578947373,996.0,live,0.2996,57.68421052631577,$0-1,0.15,697092.0
Mountain (270) - Full Art,0.86,2.29,0.66,166.27906976744188,-23.255813953488367,1745.0,live,1.96024,127.93488372093024,$0-1,,475525.0
Dragon's Approach,1.76,3.49,1.44,98.29545454545456,-18.181818181818183,1853.0,live,2.9874400000000003,69.74090909090911,$1-2,,235876.0
"Rat King, Pale Piper",0.39,0.79,0.15,102.56410256410258,-61.53846153846154,846.0,live,0.6762400000000001,73.3948717948718,$0-1,0.33,679586.0
Dauthi Voidwalker,4.35,6.49,3.49,49.1954022988506,-19.770114942528725,747.0,live,5.55544,27.711264367816103,$2-5,3.14,240166.0
Turbulent Springs (Extended Art),5.3,6.99,5.0,31.8867924528302,-5.660377358490563,711.0,live,5.98344,12.895094339622643,$5-10,,688221.0
Library of Leng (Borderless),10.7,9.49,8.24,-11.308411214953264,-22.99065420560747,627.0,live,8.12344,-24.07999999999999,$10-20,,686577.0
Suspend Aggression,0.27,0.49,0.15,81.48148148148147,-44.44444444444445,851.0,live,0.41944,55.34814814814813,$0-1,0.15,688670.0
"Atsushi, the Blazing Sky",0.34,0.99,0.15,191.17647058823525,-55.88235294117647,930.0,live,0.84744,149.2470588235294,$0-1,0.21,687397.0
Island (296) - JP Full Art,3.69,4.99,2.77,35.23035230352304,-24.932249322493224,1295.0,live,4.27144,15.757181571815725,$2-5,,257679.0
"Veyran, Voice of Duality",1.11,3.99,0.94,259.4594594594594,-15.315315315315328,853.0,live,3.4154400000000003,207.6972972972973,$1-2,1.14,687658.0
Combat Research,0.65,1.49,0.51,129.23076923076923,-21.53846153846154,843.0,live,1.27544,96.22153846153844,$0-1,0.57,283615.0
Oliphaunt (Borderless),0.26,0.35,0.15,34.615384615384606,-42.30769230769232,1136.0,live,0.2996,15.230769230769218,$0-1,,498433.0
"Lumra, Bellow of the Woods",20.43,32.99,21.0,61.47821830641215,2.7900146842878137,634.0,live,28.23944,38.2253548702888,$20-50,20.0,541369.0
Hobgoblin Bandit Lord,4.68,6.99,4.26,49.35897435897437,-8.974358974358973,636.0,live,5.98344,27.85128205128205,$2-5,4.85,243428.0
Hardened Academic (Extended Art),1.2,1.49,0.39,24.16666666666667,-67.5,801.0,live,1.27544,6.286666666666663,$1-2,,686626.0
The Serpent Society (Extended Art),2.43,2.49,1.69,2.469135802469138,-30.452674897119348,679.0,live,2.13144,-12.286419753086426,$2-5,,696653.0
Utrom Monitor,5.63,8.99,4.99,59.68028419182949,-11.367673179396087,2233.0,live,7.69544,36.68632326820603,$5-10,5.34,679801.0
Stensian Sanguinist (Extended Art),4.56,7.99,3.56,75.21929824561406,-21.929824561403503,650.0,live,6.83944,49.98771929824562,$2-5,,688228.0
Idyllic Tutor,13.03,14.99,10.78,15.0422102839601,-17.267843438219494,635.0,live,12.83144,-1.5238679969301516,$10-20,12.31,206667.0
Unstoppable Plan,3.24,3.99,1.43,23.148148148148145,-55.8641975308642,689.0,live,3.4154400000000003,5.414814814814815,$2-5,2.6,615374.0
Shoot the Sheriff,0.41,0.79,0.15,92.68292682926833,-63.41463414634146,1132.0,live,0.6762400000000001,64.93658536585369,$0-1,0.41,544398.0
Turbulent Wilderness (Extended Art),5.21,6.49,4.57,24.568138195777355,-12.28406909788867,691.0,live,5.55544,6.630326295585412,$5-10,,688226.0
"Ganax, Astral Hunter",1.12,1.99,1.02,77.6785714285714,-8.928571428571436,819.0,live,1.70344,52.09285714285713,$1-2,1.1,272928.0
"Adrix and Nev, Twincasters (Borderless)",6.05,7.99,6.25,32.06611570247935,3.305785123966945,639.0,live,6.83944,13.048595041322312,$5-10,,686634.0
Zurgo Stormrender (Borderless),5.18,9.99,3.85,92.85714285714288,-25.67567567567567,751.0,live,8.55144,65.08571428571427,$5-10,,623917.0
"Lady Octopus, Inspired Inventor",0.81,1.29,0.2,59.25925925925925,-75.30864197530866,741.0,live,1.10424,36.32592592592593,$0-1,0.54,651941.0
Charismatic Conqueror,21.73,24.99,19.58,15.002300966405882,-9.894155545329047,664.0,live,21.39144,-1.5580303727565628,$20-50,20.99,525710.0
Monumental Henge,0.33,0.99,0.15,200.0,-54.54545454545456,748.0,live,0.84744,156.79999999999995,$0-1,0.4,552871.0
Warleader's Call (Borderless),3.4,6.99,3.1,105.58823529411764,-8.823529411764701,681.0,live,5.98344,75.9835294117647,$2-5,,696437.0
Fractured Sanity,2.92,3.49,1.64,19.52054794520549,-43.83561643835617,844.0,live,2.9874400000000003,2.309589041095904,$2-5,2.21,239492.0
Rugged Prairie,0.33,0.69,0.15,109.09090909090908,-54.54545454545456,824.0,live,0.5906399999999999,78.98181818181816,$0-1,0.19,631276.0
Chatterstorm,0.25,0.35,0.15,39.99999999999999,-40.0,898.0,live,0.2996,19.83999999999999,$0-1,0.15,239746.0
Fell,0.36,0.79,0.15,119.44444444444446,-58.333333333333336,950.0,live,0.6762400000000001,87.84444444444446,$0-1,0.33,558602.0
Antiquities on the Loose,0.22,0.49,0.15,122.72727272727272,-31.818181818181824,796.0,live,0.41944,90.65454545454544,$0-1,0.15,688648.0
Relic of Sauron,9.58,11.99,8.07,25.156576200417536,-15.762004175365345,768.0,live,10.26344,7.134029227557402,$5-10,8.31,499597.0
Duskshell Crawler,0.26,0.49,0.17,88.46153846153845,-34.61538461538461,776.0,live,0.41944,61.32307692307691,$0-1,0.27,240460.0
Stitch Together,0.42,1.29,0.31,207.1428571428572,-26.190476190476183,784.0,live,1.10424,162.91428571428577,$0-1,,631579.0
Underground River,1.74,3.99,1.44,129.31034482758622,-17.241379310344833,920.0,live,3.4154400000000003,96.28965517241382,$1-2,1.63,615049.0
Bloodstained Mire,17.61,27.99,15.61,58.94378194207837,-11.357183418512207,753.0,live,23.95944,36.055877342419066,$10-20,17.5,541275.0
Searslicer Goblin,1.17,1.79,0.27,52.991452991453,-76.92307692307692,869.0,live,1.53224,30.96068376068377,$1-2,0.37,589362.0
Creakwood Liege,0.31,0.49,0.15,58.06451612903225,-51.61290322580645,1001.0,live,0.41944,35.30322580645161,$0-1,0.19,687616.0
"Crystal, Inhuman Princess",1.13,2.79,1.13,146.90265486725667,0.0,700.0,live,2.38824,111.3486725663717,$1-2,1.56,697609.0
Furycalm Snarl,0.31,0.49,0.15,58.06451612903225,-51.61290322580645,835.0,live,0.41944,35.30322580645161,$0-1,0.18,631270.0
Forced Fruition,2.98,3.99,2.92,33.892617449664435,-2.0134228187919483,653.0,live,3.4154400000000003,14.61208053691276,$2-5,3.32,513072.0
"Blex, Vexing Pest",12.19,13.99,10.83,14.766201804758005,-11.156685808039372,649.0,live,11.97544,-1.7601312551271433,$10-20,,235972.0
Shineshadow Snarl,0.27,0.49,0.15,81.48148148148147,-44.44444444444445,864.0,live,0.41944,55.34814814814813,$0-1,0.2,631117.0
Honest Rutstein,0.38,1.49,0.15,292.1052631578947,-60.526315789473685,738.0,live,1.27544,235.64210526315787,$0-1,0.39,544218.0
Cabal Stronghold,11.91,15.99,11.46,34.25692695214106,-3.77833753148614,625.0,live,13.68744,14.923929471032748,$10-20,11.5,164377.0
Fellwar Stone,0.96,1.79,0.7000000000000001,86.45833333333334,-27.083333333333325,1275.0,live,1.53224,59.60833333333334,$0-1,0.81,687597.0
Excalibur II,0.78,0.99,0.15,26.92307692307692,-80.76923076923077,669.0,live,0.84744,8.646153846153839,$0-1,0.34,634428.0
Horn of Gondor,2.52,3.99,2.33,58.333333333333336,-7.539682539682538,677.0,live,3.4154400000000003,35.533333333333346,$2-5,2.32,498542.0
"Katara, Water Tribe's Hope",0.58,0.69,0.15,18.96551724137931,-74.13793103448275,699.0,live,0.5906399999999999,1.8344827586206869,$0-1,0.32,648736.0
Kindred Discovery,5.57,9.49,5.71,70.3770197486535,2.513464991023333,755.0,live,8.12344,45.8427289048474,$5-10,5.65,697185.0
Turbulent Steppe (Extended Art),4.85,6.49,3.89,33.81443298969074,-19.79381443298968,690.0,live,5.55544,14.545154639175264,$2-5,,688224.0
Disallow,0.45,0.79,0.15,75.55555555555556,-66.66666666666667,1127.0,live,0.6762400000000001,50.27555555555556,$0-1,0.4,615189.0
Swamp (0193),0.26,0.49,0.15,88.46153846153845,-42.30769230769232,1716.0,live,0.41944,61.32307692307691,$0-1,,679217.0
Mountain (0194),0.29,0.49,0.15,68.96551724137932,-48.27586206896552,1594.0,live,0.41944,44.63448275862069,$0-1,,679218.0
Altar of the Brood,8.05,10.99,6.25,36.52173913043477,-22.36024844720497,628.0,live,9.40744,16.862608695652156,$5-10,7.63,93190.0
Champion of the Path,0.46,0.49,0.15,6.521739130434775,-67.3913043478261,693.0,live,0.41944,-8.817391304347835,$0-1,0.25,671763.0
Swamp (298) - JP Full Art,5.26,6.49,4.48,23.38403041825096,-14.82889733840303,1163.0,live,5.55544,5.6167300380228165,$5-10,,257681.0
"Teferi, Time Raveler",6.59,7.49,6.140000000000001,13.657056145675272,-6.828528072837623,708.0,live,6.41144,-2.7095599393019736,$5-10,6.23,187194.0
Persist,1.16,1.79,0.92,54.31034482758622,-20.689655172413783,1124.0,live,1.53224,32.089655172413806,$1-2,1.12,671161.0
Talisman of Curiosity,0.32,0.79,0.2,146.875,-37.5,1069.0,live,0.6762400000000001,111.325,$0-1,0.34,615190.0
Bilious Skulldweller,0.35,0.79,0.15,125.71428571428574,-57.14285714285714,1010.0,live,0.6762400000000001,93.2114285714286,$0-1,0.3,478809.0
Rootbound Crag,0.4,0.59,0.18,47.49999999999999,-55.00000000000001,831.0,live,0.5050399999999999,26.259999999999977,$0-1,0.29,679630.0
Graduation Day,0.31,0.35,0.15,12.903225806451609,-51.61290322580645,953.0,live,0.2996,-3.354838709677426,$0-1,0.15,686528.0
Windswept Heath,10.96,15.99,10.42,45.8941605839416,-4.92700729927008,731.0,live,13.68744,24.88540145985401,$10-20,10.91,541272.0
Ominous Harvest,0.42,0.49,0.15,16.666666666666668,-64.28571428571429,1130.0,live,0.41944,-0.1333333333333345,$0-1,0.35,687350.0
Mudflat Village,0.31,0.59,0.15,90.32258064516128,-51.61290322580645,839.0,live,0.5050399999999999,62.91612903225804,$0-1,0.24,558609.0
Fabled Passage,1.65,2.79,1.1,69.09090909090911,-33.33333333333333,793.0,live,2.38824,44.7418181818182,$1-2,1.6,687665.0
Squirrel Sovereign,0.33,0.69,0.15,109.09090909090908,-54.54545454545456,776.0,live,0.5906399999999999,78.98181818181816,$0-1,0.24,239443.0
Secluded Courtyard,0.35,0.35,0.15,0.0,-57.14285714285714,920.0,live,0.2996,-14.400000000000002,$0-1,0.2,525821.0
Tifa's Limit Break,0.36,0.35,0.15,-2.7777777777777803,-58.333333333333336,715.0,live,0.2996,-16.77777777777778,$0-1,0.16,634955.0
Gilded Goose,0.35,1.29,0.15,268.5714285714286,-57.14285714285714,1003.0,live,1.10424,215.49714285714293,$0-1,0.3,687509.0
Frantic Search,0.66,1.79,0.65,171.2121212121212,-1.5151515151515165,792.0,live,1.53224,132.15757575757576,$0-1,0.66,457177.0
Island (0275),0.34,1.79,0.15,426.4705882352941,-55.88235294117647,1752.0,live,1.53224,350.65882352941173,$0-1,,671052.0
Rockfall Vale,3.01,4.99,3.17,65.78073089700999,5.315614617940204,665.0,live,4.27144,41.90830564784054,$2-5,3.0,247830.0
Goblin Bombardment,2.49,3.49,2.31,40.16064257028112,-7.228915662650608,692.0,live,2.9874400000000003,19.977510040160645,$2-5,3.0,239839.0
Circle of Power,0.33,0.35,0.15,6.060606060606049,-54.54545454545456,732.0,live,0.2996,-9.212121212121223,$0-1,0.23,631598.0
Izzet Signet,0.41,0.79,0.36,92.68292682926833,-12.19512195121951,954.0,live,0.6762400000000001,64.93658536585369,$0-1,0.4,624200.0
Vault of the Archangel,0.55,1.79,0.68,225.45454545454544,23.63636363636364,809.0,live,1.53224,178.58909090909088,$0-1,0.67,624323.0
Foundry Inspector,0.8,1.29,0.34,61.24999999999999,-57.49999999999999,744.0,live,1.10424,38.03000000000001,$0-1,0.65,227121.0
Triceraton Commander,1.43,1.99,0.43,39.16083916083917,-69.93006993006993,646.0,live,1.70344,19.12167832167833,$1-2,,673554.0
"Ashiok, Dream Render",1.32,1.29,0.71,-2.2727272727272747,-46.21212121212122,754.0,live,1.10424,-16.34545454545454,$1-2,1.22,188627.0
Karplusan Forest,0.48,1.29,0.36,168.75000000000003,-25.0,1152.0,live,1.10424,130.05,$0-1,0.47,642063.0
Throne of the God-Pharaoh,6.32,9.49,5.42,50.15822784810127,-14.240506329113929,645.0,live,8.12344,28.535443037974684,$5-10,,129836.0
Tifa Lockhart (Borderless),12.97,15.99,10.4,23.284502698535075,-19.814957594448728,627.0,live,13.68744,5.531534309946028,$10-20,,630934.0
Harbinger of the Seas (Borderless),3.05,3.49,0.78,14.426229508196736,-74.42622950819671,679.0,live,2.9874400000000003,-2.05114754098359,$2-5,,668483.0
Get Out,0.37,0.49,0.15,32.432432432432435,-59.45945945945946,1151.0,live,0.41944,13.36216216216216,$0-1,0.35,578879.0
Grafted Exoskeleton,5.79,6.99,4.42,20.725388601036272,-23.66148531951641,682.0,live,5.98344,3.340932642487044,$5-10,,36417.0
The Mycosynth Gardens,0.34,0.99,0.33,191.17647058823525,-2.9411764705882377,1025.0,live,0.84744,149.2470588235294,$0-1,0.33,642857.0
Generous Gift,1.66,2.29,0.93,37.95180722891568,-43.97590361445782,692.0,live,1.96024,18.086746987951813,$1-2,1.32,507472.0
Island (268) - Full Art,0.98,1.79,0.23,82.6530612244898,-76.53061224489795,1630.0,live,1.53224,56.35102040816328,$0-1,,475526.0
Bontu's Monument,3.8,6.49,2.84,70.78947368421053,-25.26315789473684,655.0,live,5.55544,46.195789473684215,$2-5,2.88,615113.0
Plains (0274),0.35,0.99,0.15,182.8571428571429,-57.14285714285714,1605.0,live,0.84744,142.1257142857143,$0-1,,671050.0
Breaker of Creation,0.28,0.49,0.15,74.99999999999997,-46.42857142857144,801.0,live,0.41944,49.799999999999976,$0-1,0.19,550846.0
Biomancer's Familiar,1.68,3.49,1.04,107.73809523809526,-38.095238095238095,745.0,live,2.9874400000000003,77.82380952380954,$1-2,,182952.0
Nuka-Cola Vending Machine,20.92,24.99,18.54,19.4550669216061,-11.376673040152976,627.0,live,21.39144,2.253537284894826,$20-50,17.81,522937.0
Plains (267) - Full Art,1.39,2.29,0.52,64.74820143884894,-62.58992805755396,1768.0,live,1.96024,41.02446043165469,$1-2,,475524.0
Brainstorm,2.07,3.49,1.44,68.59903381642515,-30.43478260869565,1065.0,live,2.9874400000000003,44.32077294685993,$2-5,1.59,4611.0
God-Pharaoh's Statue,0.77,1.49,0.2,93.5064935064935,-74.02597402597402,760.0,live,1.27544,65.64155844155842,$0-1,,187246.0
Sign in Blood,0.4,0.99,0.26,147.5,-35.0,918.0,live,0.84744,111.86,$0-1,,90915.0
"Sokenzan, Crucible of Defiance",2.63,4.49,2.34,70.72243346007606,-11.02661596958175,633.0,live,3.84344,46.13840304182511,$2-5,3.07,262172.0
"Hearthhull, the Worldseed (Borderless)",2.13,2.79,0.15,30.985915492957755,-92.95774647887325,1192.0,live,2.38824,12.123943661971843,$2-5,,641861.0
Whip of Erebos,7.24,12.99,6.19,79.41988950276243,-14.502762430939224,627.0,live,11.11944,53.58342541436463,$5-10,7.34,71354.0
Drown in the Loch,1.29,1.79,0.9,38.75968992248062,-30.23255813953488,906.0,live,1.53224,18.77829457364341,$1-2,1.12,199207.0
"Abigale, Poet Laureate",0.24,0.35,0.15,45.83333333333333,-37.5,904.0,live,0.2996,24.83333333333333,$0-1,,686529.0
Dark Confidant,3.64,5.99,2.73,64.56043956043956,-25.000000000000007,668.0,live,5.12744,40.86373626373626,$2-5,,630935.0
"Sephiroth, Fallen Hero",0.33,0.49,0.18,48.48484848484848,-45.45454545454546,820.0,live,0.41944,27.10303030303029,$0-1,0.29,631053.0
Willowrush Verge,6.06,9.99,5.21,64.85148514851487,-14.02640264026402,650.0,live,8.55144,41.11287128712872,$5-10,6.3,614435.0
"Inspirit, Flagship Vessel (Borderless)",0.92,2.29,0.18,148.91304347826087,-80.43478260869564,931.0,live,1.96024,113.06956521739129,$0-1,,641865.0
"The Reaper, King No More (Borderless)",0.58,1.79,0.15,208.6206896551724,-74.13793103448275,872.0,live,1.53224,164.17931034482763,$0-1,,671254.0
Wooded Foothills,16.64,24.99,16.64,50.180288461538446,0.0,742.0,live,21.39144,28.55432692307692,$10-20,16.49,541277.0
"Adeline, Resplendent Cathar",2.37,4.99,2.27,110.54852320675106,-4.2194092827004255,675.0,live,4.27144,80.2295358649789,$2-5,2.24,624280.0
Spikefield Hazard,0.41,0.39,0.15,-4.878048780487796,-63.41463414634146,729.0,live,0.33384,-18.57560975609755,$0-1,,221957.0
"Donatello, Mutant Mechanic",1.2,0.99,0.44,-17.5,-63.33333333333334,679.0,live,0.84744,-29.38,$1-2,0.71,673596.0
Mind Stone,0.33,0.99,0.25,200.0,-24.24242424242425,998.0,live,0.84744,156.79999999999995,$0-1,0.37,463303.0
"Spider-Ham, Peter Porker",1.03,0.79,0.19,-23.300970873786405,-81.55339805825244,659.0,live,0.6762400000000001,-34.345631067961165,$1-2,0.4,646165.0
Shadowspear,31.31,39.99,28.86,27.722772277227737,-7.824976045991693,604.0,live,34.23144,9.330693069306932,$20-50,28.0,206978.0
Astonishing Spider-Man,2.02,2.99,2.02,48.01980198019803,0.0,618.0,live,2.55944,26.704950495049506,$2-5,2.18,696880.0
Cinder Glade,0.39,0.49,0.19,25.64102564102563,-51.28205128205129,772.0,live,0.41944,7.54871794871794,$0-1,0.21,679618.0
"Alexios, Deimos of Kosmos (Showcase)",0.34,0.79,0.15,132.35294117647058,-55.88235294117647,800.0,live,0.6762400000000001,98.89411764705883,$0-1,,556349.0
Forest (0291),1.14,1.79,0.41,57.017543859649145,-64.03508771929825,1777.0,live,1.53224,34.407017543859666,$1-2,,648729.0
Reanimate,8.99,11.99,7.84,33.37041156840934,-12.791991101223584,632.0,live,10.26344,14.165072302558388,$5-10,8.53,631573.0
Demonic Counsel,2.09,2.99,1.34,43.062200956937815,-35.88516746411482,701.0,live,2.55944,22.461244019138764,$2-5,2.11,575060.0
Lightning Greaves,3.9,6.49,3.97,66.41025641025642,1.7948717948718025,821.0,live,5.55544,42.44717948717949,$2-5,3.97,687611.0
"Gilgamesh, Master-at-Arms",0.52,0.49,0.15,-5.769230769230775,-71.15384615384615,672.0,live,0.41944,-19.338461538461544,$0-1,0.34,630858.0
City on Fire,12.66,14.99,10.96,18.404423380726698,-13.428120063191148,608.0,live,12.83144,1.3541864139020576,$10-20,11.77,490547.0
Underground River,1.52,3.99,1.61,162.5,5.921052631578952,898.0,live,3.4154400000000003,124.70000000000002,$1-2,1.6,615049.0
Subterranean Tremors,1.48,0.99,0.63,-33.108108108108105,-57.43243243243244,640.0,live,0.84744,-42.740540540540536,$1-2,1.16,686661.0
Swiftfoot Boots,3.32,3.99,2.38,20.18072289156628,-28.3132530120482,707.0,live,3.4154400000000003,2.8746987951807355,$2-5,3.0,591210.0
Snow-Covered Island,1.92,1.99,1.19,3.645833333333337,-38.02083333333333,2422.0,live,1.70344,-11.27916666666666,$1-2,1.35,190649.0
Swamp (272),1.16,1.99,0.86,71.55172413793105,-25.86206896551724,2665.0,live,1.70344,46.84827586206898,$1-2,,253435.0
Angelic Destiny,0.36,0.99,0.15,175.0,-58.333333333333336,890.0,live,0.84744,135.4,$0-1,0.18,687368.0
Avengers: Under Siege (Borderless),0.4,0.49,0.15,22.5,-62.5,689.0,live,0.41944,4.85999999999999,$0-1,,696867.0
Staff of Domination,9.9,12.99,9.78,31.212121212121207,-1.212121212121222,617.0,live,11.11944,12.317575757575744,$5-10,9.5,226687.0
Spirebluff Canal,5.16,8.99,3.85,74.2248062015504,-25.387596899224807,780.0,live,7.69544,49.13643410852712,$5-10,,544277.0
Sandsteppe Citadel,0.34,0.49,0.15,44.11764705882352,-55.88235294117647,755.0,live,0.41944,23.36470588235293,$0-1,0.4,624271.0
Manifold Key,1.98,2.49,1.17,25.75757575757577,-40.909090909090914,751.0,live,2.13144,7.648484848484848,$1-2,1.43,273376.0
Colossus Hammer,1.66,2.29,0.52,37.95180722891568,-68.67469879518072,685.0,live,1.96024,18.086746987951813,$1-2,0.68,631225.0
Teleportation Circle,9.63,12.99,8.02,34.89096573208722,-16.71858774662514,609.0,live,11.11944,15.466666666666647,$5-10,8.4,243389.0
Spectrum Sentinel,0.36,0.49,0.29,36.11111111111112,-19.444444444444446,1179.0,live,0.41944,16.51111111111111,$0-1,0.44,453113.0
Boros Charm,5.9,8.99,4.16,52.3728813559322,-29.491525423728817,764.0,live,7.69544,30.431186440677955,$5-10,4.82,67424.0
Goldvein Pick,0.28,0.35,0.15,24.999999999999982,-46.42857142857144,973.0,live,0.2996,6.999999999999981,$0-1,0.15,591668.0
Intruder Alarm,4.53,5.49,4.13,21.19205298013245,-8.830022075055195,619.0,live,4.69944,3.740397350993373,$2-5,4.63,512548.0
The Battle of Bywater,2.9,3.99,1.89,37.58620689655174,-34.827586206896555,646.0,live,3.4154400000000003,17.773793103448288,$2-5,2.52,499328.0
Tolarian Terror,0.24,0.35,0.15,45.83333333333333,-37.5,1450.0,live,0.2996,24.83333333333333,$0-1,0.15,591307.0
Myr Retriever,3.41,2.99,1.75,-12.316715542521992,-48.68035190615836,647.0,live,2.55944,-24.94310850439884,$2-5,1.9,219613.0
Shadrix Silverquill,0.33,0.99,0.15,200.0,-54.54545454545456,817.0,live,0.84744,156.79999999999995,$0-1,0.16,687651.0
Snap,4.64,5.99,2.07,29.09482758620691,-55.38793103448276,775.0,live,5.12744,10.505172413793112,$2-5,,458224.0
"Gogo, Master of Mimicry",3.22,4.49,2.13,39.440993788819874,-33.85093167701864,658.0,live,3.84344,19.36149068322981,$2-5,2.4,633982.0
United Front,2.16,3.49,1.56,61.57407407407407,-27.77777777777778,645.0,live,2.9874400000000003,38.30740740740741,$2-5,,661925.0
Big Score,0.44,1.49,0.31,238.63636363636363,-29.545454545454547,1073.0,live,1.27544,189.87272727272725,$0-1,0.45,688726.0
Darkstar Augur,0.77,1.29,0.25,67.53246753246754,-67.53246753246754,779.0,live,1.10424,43.40779220779222,$0-1,0.53,559055.0
"Ardyn, the Usurper",0.73,1.29,0.39,76.7123287671233,-46.57534246575342,714.0,live,1.10424,51.265753424657554,$0-1,0.83,630930.0
Force of Vigor (Borderless),5.25,7.49,5.17,42.66666666666667,-1.5238095238095253,688.0,live,6.41144,22.122666666666664,$5-10,,668488.0
The Aetherspark,20.35,27.99,18.74,37.542997542997526,-7.911547911547926,619.0,live,23.95944,17.736805896805873,$20-50,18.74,614178.0
Black Market Connections,15.86,19.99,14.16,26.04035308953341,-10.718789407313992,610.0,live,17.111439999999998,7.890542244640598,$10-20,14.09,555973.0
Chitterspitter,0.4,0.99,0.2,147.5,-50.0,1572.0,live,0.84744,111.86,$0-1,0.23,560058.0
"Zodiark, Umbral God",0.81,0.69,0.15,-14.814814814814827,-81.48148148148148,692.0,live,0.5906399999999999,-27.081481481481497,$0-1,0.31,630956.0
Wrecking Ball Arm,0.35,0.79,0.15,125.71428571428574,-57.14285714285714,1030.0,live,0.6762400000000001,93.2114285714286,$0-1,0.35,631206.0
"Tromell, Seymour's Butler",0.38,0.79,0.34,107.89473684210526,-10.52631578947368,823.0,live,0.6762400000000001,77.95789473684212,$0-1,0.4,631534.0
Ashnod's Altar,14.98,19.99,14.57,33.44459279038717,-2.7369826435247004,635.0,live,17.111439999999998,14.228571428571414,$10-20,14.49,3360.0
Grapple with Death,0.18,0.35,0.15,94.44444444444444,-16.666666666666664,1033.0,live,0.2996,66.44444444444444,$0-1,0.15,686527.0
"Crystal Skull, Isu Spyglass",1.86,4.99,1.54,168.2795698924731,-17.20430107526882,683.0,live,4.27144,129.64731182795697,$1-2,1.48,556400.0
Turntimber Symbiosis,4.75,5.49,4.16,15.578947368421057,-12.421052631578943,889.0,live,4.69944,-1.0644210526315776,$2-5,,222409.0
Vana'diel Adventurers - Laboratory Maniac (Showcase),0.41,1.49,0.15,263.4146341463415,-63.41463414634146,759.0,live,1.27544,211.0829268292683,$0-1,,632680.0
Bonder's Ornament,0.39,1.49,0.33,282.05128205128204,-15.384615384615383,1751.0,live,1.27544,227.03589743589737,$0-1,0.39,507491.0
Commandeer,2.47,4.49,2.21,81.78137651821862,-10.526315789473694,668.0,live,3.84344,55.604858299595136,$2-5,3.03,544727.0
Sevinne's Reclamation,0.38,0.99,0.15,160.52631578947367,-60.526315789473685,676.0,live,0.84744,123.01052631578946,$0-1,0.4,687520.0
Unstoppable Slasher (0119),5.35,6.49,4.41,21.30841121495328,-17.570093457943916,669.0,live,5.55544,3.840000000000006,$5-10,,576892.0
Dark Ritual,4.36,4.49,2.34,2.9816513761467864,-46.3302752293578,748.0,live,3.84344,-11.84770642201835,$2-5,,1381.0
Beastmaster Ascension,5.55,6.99,4.44,25.945945945945954,-19.99999999999999,656.0,live,5.98344,7.809729729729731,$5-10,5.04,560047.0
Rings of Brighthearth,5.5,7.99,5.8,45.27272727272727,5.454545454545452,611.0,live,6.83944,24.353454545454543,$5-10,6.0,226839.0
Flicker of Fate,0.29,1.29,0.18,344.82758620689657,-37.93103448275862,907.0,live,1.10424,280.7724137931035,$0-1,0.32,207097.0
Bubbling Muck,2.94,4.49,2.05,52.72108843537416,-30.27210884353742,719.0,live,3.84344,30.729251700680283,$2-5,1.98,6149.0
"Elspeth, Storm Slayer",40.23,49.99,35.93,24.26050211285112,-10.688540889883164,606.0,live,42.79144,6.366989808600559,$20-50,36.13,623882.0
"Agent Bishop, Man in Black",0.34,1.79,0.15,426.4705882352941,-55.88235294117647,703.0,live,1.53224,350.65882352941173,$0-1,0.35,673548.0
Starfall Invocation,1.18,1.49,0.5,26.27118644067797,-57.6271186440678,651.0,live,1.27544,8.088135593220338,$1-2,0.82,559045.0
Anointed Procession,58.24,69.99,51.52,20.17513736263735,-11.538461538461537,598.0,live,59.91143999999999,2.869917582417565,$50-100,,130149.0
"Sai, Master Thopterist",0.38,0.79,0.15,107.89473684210526,-60.526315789473685,768.0,live,0.6762400000000001,77.95789473684212,$0-1,0.3,615214.0
Academy Manufactor,7.06,8.99,6.3500000000000005,27.33711048158641,-10.05665722379602,666.0,live,7.69544,9.000566572237961,$5-10,6.25,240047.0
"Mangara, the Diplomat",0.33,1.29,0.19,290.9090909090909,-42.42424242424242,841.0,live,1.10424,234.61818181818185,$0-1,0.19,687444.0
Forest (0285),0.29,0.49,0.15,68.96551724137932,-48.27586206896552,2281.0,live,0.41944,44.63448275862069,$0-1,,696365.0
"Arana, Heart of the Spider (Borderless)",0.76,1.79,0.72,135.5263157894737,-5.263157894736847,632.0,live,1.53224,101.61052631578949,$0-1,,652005.0
"Obyra, Dreaming Duelist",0.36,0.69,0.15,91.66666666666666,-58.333333333333336,700.0,live,0.5906399999999999,64.06666666666666,$0-1,0.33,512204.0
Overrun,0.33,0.39,0.15,18.18181818181818,-54.54545454545456,919.0,live,0.33384,1.163636363636367,$0-1,0.15,591187.0
Sol Ring (0357),1.45,2.79,1.45,92.41379310344828,0.0,1051.0,live,2.38824,64.70620689655175,$1-2,,631243.0
Wandering Archaic,9.44,13.99,8.85,48.19915254237289,-6.249999999999998,606.0,live,11.97544,26.8584745762712,$5-10,,235660.0
Rite of the Dragoncaller,4.2,4.99,2.84,18.80952380952381,-32.38095238095239,645.0,live,4.27144,1.7009523809523797,$2-5,3.3,591815.0
Cascade Bluffs,0.35,0.99,0.25,182.8571428571429,-28.57142857142857,750.0,live,0.84744,142.1257142857143,$0-1,0.32,687670.0
Insidious Roots (Showcase),1.16,2.79,1.14,140.51724137931038,-1.7241379310344844,765.0,live,2.38824,105.88275862068969,$1-2,,535309.0
Widow-Making Infiltrator - Dauthi Voidwalker (Borderless),2.98,5.49,3.21,84.2281879194631,7.718120805369128,663.0,live,4.69944,57.69932885906041,$2-5,,668485.0
The Cabbage Merchant,25.23,37.99,22.39,50.57471264367817,-11.256440745144667,608.0,live,32.51944,28.891954022988514,$20-50,23.8,648732.0
Stocking the Pantry,0.33,0.99,0.15,200.0,-54.54545454545456,747.0,live,0.84744,156.79999999999995,$0-1,0.34,559780.0
Thrill of Possibility,0.3,0.35,0.15,16.666666666666664,-50.0,808.0,live,0.2996,-0.1333333333333371,$0-1,0.16,591840.0
Gran-Gran,0.28,0.35,0.15,24.999999999999982,-46.42857142857144,1056.0,live,0.2996,6.999999999999981,$0-1,0.2,660503.0
Reprobation,0.32,0.39,0.15,21.875000000000004,-53.125,685.0,live,0.33384,4.3250000000000055,$0-1,,191699.0
Multiversal Recruitment,8.16,9.49,7.67,16.29901960784314,-6.004901960784316,635.0,live,8.12344,-0.4480392156862708,$5-10,8.17,697205.0
Spider-Man Noir (Borderless),0.3,0.35,0.15,16.666666666666664,-50.0,1056.0,live,0.2996,-0.1333333333333371,$0-1,,646562.0
Smell Fear,0.28,0.69,0.15,146.4285714285714,-46.42857142857144,797.0,live,0.5906399999999999,110.9428571428571,$0-1,0.25,240435.0
Great Furnace,2.34,4.99,1.97,113.24786324786326,-15.811965811965807,979.0,live,4.27144,82.54017094017095,$2-5,2.95,642853.0
Exotic Orchard,0.22,0.59,0.15,168.1818181818182,-31.818181818181824,1455.0,live,0.5050399999999999,129.56363636363633,$0-1,0.19,687675.0
Thought Monitor,0.38,0.99,0.39,160.52631578947367,2.6315789473684235,1207.0,live,0.84744,123.01052631578946,$0-1,0.47,642808.0
Hinterland Harbor,0.39,0.69,0.23,76.9230769230769,-41.02564102564102,1114.0,live,0.5906399999999999,51.44615384615384,$0-1,0.3,687690.0
Abrade (JP Alternate Art),0.99,1.29,0.5700000000000001,30.303030303030308,-42.42424242424242,668.0,live,1.10424,11.539393939393952,$0-1,,688838.0
Opulent Palace,0.44,0.59,0.15,34.09090909090908,-65.90909090909092,918.0,live,0.5050399999999999,14.781818181818164,$0-1,0.3,624270.0
"Black Panther, Most Dangerous",0.59,1.49,0.15,152.54237288135596,-74.57627118644066,630.0,live,1.27544,116.17627118644069,$0-1,0.27,697119.0
Jeska's Will,39.0,49.99,39.9,28.179487179487182,2.307692307692304,615.0,live,42.79144,9.72164102564103,$20-50,39.52,689151.0
"Lier, Disciple of the Drowned",0.6,1.29,0.31,115.0,-48.333333333333336,779.0,live,1.10424,84.04000000000002,$0-1,0.48,624166.0
Cache Grab,0.28,0.35,0.15,24.999999999999982,-46.42857142857144,937.0,live,0.2996,6.999999999999981,$0-1,0.17,558407.0
"Aphelia, Viper Whisperer (Anime)",17.94,27.99,16.67,56.02006688963209,-7.079152731326642,677.0,live,23.95944,33.55317725752506,$10-20,,589815.0
Polluted Delta,19.8,27.99,18.7,41.36363636363635,-5.5555555555555625,784.0,live,23.95944,21.007272727272703,$10-20,19.67,541274.0
"Etali, Primal Conqueror",33.04,42.99,33.08,30.11501210653754,0.1210653753026608,591.0,live,36.79944,11.37845036319614,$20-50,,490390.0
Molecule Man,18.06,17.99,17.29,-0.3875968992248078,-4.263565891472866,739.0,live,15.399439999999998,-14.731782945736436,$10-20,16.82,698015.0
Wonder,2.09,3.49,1.52,66.98564593301437,-27.272727272727263,626.0,live,2.9874400000000003,42.93971291866031,$2-5,2.17,239503.0
The Gitrog Monster,0.53,1.29,0.48,143.39622641509433,-9.433962264150953,802.0,live,1.10424,108.34716981132078,$0-1,0.62,642012.0
"Mikey & Don, Party Planners",0.52,0.49,0.15,-5.769230769230775,-71.15384615384615,633.0,live,0.41944,-19.338461538461544,$0-1,0.43,673654.0
Final Showdown (Borderless),3.36,3.49,2.6,3.869047619047629,-22.619047619047613,642.0,live,2.9874400000000003,-11.088095238095224,$2-5,,696408.0
Mountain (299) - JP Full Art,2.68,3.49,1.87,30.22388059701492,-30.22388059701492,1215.0,live,2.9874400000000003,11.471641791044782,$2-5,,257682.0
Emeritus of Woe (Extended Art),17.98,20.99,17.7,16.740823136818676,-1.5572858731924424,599.0,live,17.96744,-0.0698553948832067,$10-20,,689159.0
Hallowed Fountain,7.87,12.99,7.29,65.0571791613723,-7.369758576874206,697.0,live,11.11944,41.28894536213468,$5-10,7.43,656703.0
Jwari Disruption,0.41,1.29,0.33,214.63414634146343,-19.51219512195121,979.0,live,1.10424,169.32682926829276,$0-1,,222101.0
Fyndhorn Elves,2.94,4.99,1.49,69.72789115646259,-49.31972789115646,855.0,live,4.27144,45.28707482993198,$2-5,,226624.0
Circle of Dreams Druid,14.39,21.99,14.43,52.81445448227934,0.2779708130646223,602.0,live,18.82344,30.809173036831112,$10-20,14.04,243046.0
Necrodominance,2.55,5.49,1.71,115.29411764705884,-32.94117647058823,920.0,live,4.69944,84.29176470588237,$2-5,2.7,552829.0
Arcane Denial,2.8,4.49,1.92,60.35714285714288,-31.428571428571427,626.0,live,3.84344,37.2657142857143,$2-5,2.45,687387.0
Maelstrom Colossus,0.37,0.79,0.26,113.51351351351352,-29.729729729729726,1374.0,live,0.6762400000000001,82.7675675675676,$0-1,0.42,226151.0
Goblin Warchief,1.38,2.29,0.76,65.94202898550726,-44.927536231884055,739.0,live,1.96024,42.04637681159421,$1-2,0.91,162167.0
"Captain America, Skybound",2.81,2.99,1.55,6.405693950177942,-44.83985765124555,598.0,live,2.55944,-8.91672597864769,$2-5,2.12,697123.0
Bloodsoaked Insight,0.34,0.69,0.15,102.9411764705882,-55.88235294117647,727.0,live,0.5906399999999999,73.7176470588235,$0-1,,552650.0
Sheltering Landscape,0.24,0.49,0.15,104.16666666666669,-37.5,1054.0,live,0.41944,74.76666666666667,$0-1,0.15,553295.0
Loran of the Third Path,5.51,7.99,4.16,45.00907441016334,-24.500907441016327,701.0,live,6.83944,24.12776769509982,$5-10,4.65,559901.0
Distant Melody,0.41,1.29,0.29,214.63414634146343,-29.268292682926827,936.0,live,1.10424,169.32682926829276,$0-1,0.3,671148.0
Talisman of Progress,0.41,0.79,0.38,92.68292682926833,-7.317073170731701,1205.0,live,0.6762400000000001,64.93658536585369,$0-1,0.51,499820.0
"Thor, Guardian of Midgard (Borderless)",2.95,5.99,2.81,103.05084745762711,-4.74576271186441,625.0,live,5.12744,73.81152542372881,$2-5,,699615.0
"Iron Spider, Stark Upgrade (Extended Art)",2.29,3.99,0.98,74.23580786026201,-57.20524017467249,629.0,live,3.4154400000000003,49.14585152838429,$2-5,,646636.0
Sol Ring,1.63,2.49,1.45,52.76073619631904,-11.04294478527607,733.0,live,2.13144,30.763190184049087,$1-2,1.45,687542.0
Swamp (0281),0.39,1.29,0.15,230.7692307692308,-61.53846153846154,1507.0,live,1.10424,183.1384615384616,$0-1,,671068.0
Fight to the Death (Borderless),1.11,1.29,0.78,16.21621621621621,-29.72972972972973,644.0,live,1.10424,-0.5189189189189177,$1-2,,696431.0
Rising of the Day (Borderless),0.92,1.29,0.4,40.21739130434782,-56.52173913043478,657.0,live,1.10424,20.026086956521745,$0-1,,498443.0
Diabolic Tutor,2.48,1.99,0.97,-19.758064516129032,-60.88709677419355,686.0,live,1.70344,-31.312903225806448,$2-5,1.23,123109.0
Talisman of Conviction,0.41,0.59,0.29,43.90243902439025,-29.268292682926827,683.0,live,0.5050399999999999,23.18048780487804,$0-1,0.39,631187.0
Leyline of Anticipation,6.76,8.49,5.72,25.59171597633137,-15.384615384615383,600.0,live,7.26744,7.506508875739644,$5-10,6.48,513585.0
"Cloud, Ex-SOLDIER",1.32,3.99,0.15,202.27272727272725,-88.63636363636364,1150.0,live,3.4154400000000003,158.74545454545455,$1-2,0.15,618871.0
Psychic Corrosion,5.46,6.99,4.15,28.02197802197803,-23.992673992673986,599.0,live,5.98344,9.586813186813185,$5-10,5.08,169342.0
Desolate Mire,0.31,0.59,0.16,90.32258064516128,-48.38709677419354,816.0,live,0.5050399999999999,62.91612903225804,$0-1,0.2,631101.0
Island,0.94,0.49,0.31,-47.87234042553191,-67.02127659574467,3621.0,live,0.41944,-55.37872340425531,$0-1,0.35,206023.0
Volatile Stormdrake,0.47,0.79,0.15,68.08510638297875,-68.08510638297872,789.0,live,0.6762400000000001,43.88085106382981,$0-1,0.46,552327.0
Flick a Coin,0.33,0.49,0.15,48.48484848484848,-54.54545454545456,653.0,live,0.41944,27.10303030303029,$0-1,0.32,512649.0
"Nils, Discipline Enforcer",0.35,0.49,0.15,40.00000000000001,-57.14285714285714,1070.0,live,0.41944,19.840000000000003,$0-1,0.24,687453.0
"Dion, Bahamut's Dominant",0.75,0.99,0.15,32.0,-80.0,647.0,live,0.84744,12.991999999999996,$0-1,,633954.0
Dark Depths,2.29,3.99,1.49,74.23580786026201,-34.93449781659389,857.0,live,3.4154400000000003,49.14585152838429,$2-5,1.72,553225.0
Island (0275),0.74,1.49,0.33,101.35135135135135,-55.4054054054054,1165.0,live,1.27544,72.35675675675675,$0-1,,671052.0
Swamp (0281),0.25,0.49,0.15,96.0,-40.0,2648.0,live,0.41944,67.776,$0-1,,671068.0
Yavimaya Bloomsage,0.4,0.49,0.15,22.5,-62.5,899.0,live,0.41944,4.85999999999999,$0-1,,687439.0
Thran Dynamo,4.79,3.99,3.51,-16.70146137787056,-26.722338204592905,648.0,live,3.4154400000000003,-28.6964509394572,$2-5,3.91,503557.0
Sanguine Bond,6.92,7.49,4.94,8.236994219653184,-28.61271676300577,596.0,live,6.41144,-7.34913294797688,$5-10,5.08,499501.0
The Cloning of Shredder,1.32,0.99,0.5,-25.000000000000007,-62.121212121212125,642.0,live,0.84744,-35.800000000000004,$1-2,0.58,673602.0
"Shelob, Child of Ungoliant",1.83,2.49,1.04,36.06557377049181,-43.16939890710383,651.0,live,2.13144,16.47213114754098,$1-2,1.65,499222.0
Radiant Summit,0.46,0.79,0.3,71.73913043478261,-34.78260869565218,759.0,live,0.6762400000000001,47.00869565217392,$0-1,0.62,687479.0
Spore Frog,0.39,0.99,0.31,153.84615384615384,-20.512820512820515,772.0,live,0.84744,117.29230769230767,$0-1,0.33,190862.0
Flame of Anor,4.0,5.99,3.11,49.75000000000001,-22.250000000000004,678.0,live,5.12744,28.186,$2-5,4.08,499872.0
Grim Guardian,0.37,0.49,0.19,32.432432432432435,-48.648648648648646,733.0,live,0.41944,13.36216216216216,$0-1,0.25,82365.0
Jasmine Dragon Tea Shop,0.73,0.69,0.15,-5.479452054794526,-79.45205479452055,751.0,live,0.5906399999999999,-19.09041095890412,$0-1,0.35,662041.0
Reckless Fireweaver,0.38,0.99,0.2,160.52631578947367,-47.368421052631575,943.0,live,0.84744,123.01052631578946,$0-1,0.47,123071.0
Soul Immolation,2.82,2.79,1.49,-1.063829787234036,-47.16312056737589,669.0,live,2.38824,-15.31063829787233,$2-5,2.51,671750.0
Scuzzback Scrounger,0.58,0.79,0.17,36.20689655172416,-70.68965517241378,688.0,live,0.6762400000000001,16.59310344827588,$0-1,0.5,671766.0
Replicating Ring,0.61,1.49,0.35,144.2622950819672,-42.62295081967213,760.0,live,1.27544,109.08852459016391,$0-1,0.57,230178.0
"Iron Lad, Young Avenger",0.34,0.59,0.15,73.52941176470587,-55.88235294117647,662.0,live,0.5050399999999999,48.541176470588205,$0-1,0.15,696875.0
Deep Forest Hermit,0.35,0.79,0.15,125.71428571428574,-57.14285714285714,834.0,live,0.6762400000000001,93.2114285714286,$0-1,0.25,559944.0
Cephalid Coliseum,0.32,0.69,0.15,115.62499999999996,-53.125,743.0,live,0.5906399999999999,84.57499999999997,$0-1,0.21,552626.0
Arcane Signet,0.6,0.99,0.43,65.0,-28.33333333333333,1025.0,live,0.84744,41.24,$0-1,0.43,687531.0
Thrum of the Vestige - Lightning Bolt (Showcase),0.92,1.99,0.52,116.30434782608694,-43.47826086956522,778.0,live,1.70344,85.15652173913043,$0-1,,632180.0
Clever Concealment,4.57,7.49,3.68,63.89496717724288,-19.474835886214443,966.0,live,6.41144,40.294091903719895,$2-5,,631155.0
"Isshin, Two Heavens as One",3.3,4.49,3.04,36.06060606060608,-7.878787878787873,627.0,live,3.84344,16.4678787878788,$2-5,3.75,262579.0
Kenrith's Transformation,1.22,2.49,1.04,104.09836065573772,-14.754098360655732,675.0,live,2.13144,74.70819672131148,$1-2,1.2,199539.0
Exsanguinate,0.41,0.79,0.17,92.68292682926833,-58.53658536585365,1012.0,live,0.6762400000000001,64.93658536585369,$0-1,0.41,591153.0
"Banon, the Returners' Leader",0.35,0.49,0.15,40.00000000000001,-57.14285714285714,615.0,live,0.41944,19.840000000000003,$0-1,0.29,631149.0
"Jace, Wielder of Mysteries",9.22,12.99,8.59,40.88937093275488,-6.832971800433847,587.0,live,11.11944,20.60130151843816,$5-10,8.8,187141.0
"Hakoda, Selfless Commander",0.35,0.49,0.15,40.00000000000001,-57.14285714285714,742.0,live,0.41944,19.840000000000003,$0-1,0.22,662739.0
"Bello, Bard of the Brambles (Borderless)",1.89,5.49,1.3,190.4761904761905,-31.216931216931208,684.0,live,4.69944,148.64761904761906,$1-2,,558382.0
One Ring to Rule Them All,2.1,2.49,1.01,18.571428571428577,-51.90476190476191,621.0,live,2.13144,1.497142857142853,$2-5,1.97,498610.0
"Leonardo, Big Brother",0.18,0.35,0.15,94.44444444444444,-16.666666666666664,1272.0,live,0.2996,66.44444444444444,$0-1,0.19,679767.0
Accelerate,0.53,0.69,0.4,30.188679245283,-24.52830188679245,704.0,live,0.5906399999999999,11.441509433962247,$0-1,,9689.0
Swarmyard Massacre,4.38,4.49,2.78,2.5114155251141628,-36.529680365296805,680.0,live,3.84344,-12.250228310502278,$2-5,3.3,560007.0
Vraska Joins Up,0.93,1.79,0.36,92.47311827956987,-61.29032258064516,757.0,live,1.53224,64.75698924731182,$0-1,0.71,544176.0
Ultimate Green Goblin,0.37,0.49,0.15,32.432432432432435,-59.45945945945946,646.0,live,0.41944,13.36216216216216,$0-1,0.2,651348.0
"Reed Richards, Smartest Man",1.14,1.49,0.81,30.701754385964925,-28.947368421052623,670.0,live,1.27544,11.880701754385967,$1-2,1.1,697212.0
Hunter's Talent,0.33,0.79,0.19,139.3939393939394,-42.42424242424242,916.0,live,0.6762400000000001,104.92121212121212,$0-1,,558387.0
Tortured Existence,3.57,5.49,2.88,53.781512605042025,-19.327731092436977,658.0,live,4.69944,31.63697478991597,$2-5,4.4,5434.0
Meltstrider Eulogist,0.28,0.35,0.15,24.999999999999982,-46.42857142857144,687.0,live,0.2996,6.999999999999981,$0-1,0.19,643898.0
Fury of the Horde (Borderless),2.09,3.49,2.18,66.98564593301437,4.306220095693795,617.0,live,2.9874400000000003,42.93971291866031,$2-5,,700294.0
Saw in Half,5.73,7.99,4.48,39.44153577661431,-21.815008726003487,627.0,live,6.83944,19.36195462478184,$5-10,5.23,560019.0
Three Steps Ahead (Borderless),2.69,6.49,1.67,141.2639405204461,-37.9182156133829,674.0,live,5.55544,106.52193308550186,$2-5,,700293.0
The Black Gate,9.31,12.99,8.700000000000001,39.52738990332975,-6.552094522019328,621.0,live,11.11944,19.435445757250253,$5-10,9.29,499595.0
Duelist's Heritage,1.91,4.49,1.94,135.07853403141362,1.5706806282722523,761.0,live,3.84344,101.22722513089006,$1-2,1.9,662380.0
Storm-Kiln Artist (Borderless),3.82,4.99,3.0700000000000003,30.62827225130892,-19.63350785340313,599.0,live,4.27144,11.817801047120428,$2-5,,504192.0
Hinterland Harbor,0.38,0.69,0.16,81.57894736842104,-57.89473684210527,830.0,live,0.5906399999999999,55.43157894736841,$0-1,0.23,687690.0
Doom's Time Platform,1.97,2.99,1.44,51.7766497461929,-26.903553299492387,955.0,live,2.55944,29.92081218274112,$1-2,1.89,698023.0
Phyrexian Arena,3.77,6.49,3.95,72.14854111405836,4.774535809018572,604.0,live,5.55544,47.35915119363395,$2-5,4.03,589432.0
Destiny Spinner,1.42,1.99,0.93,40.14084507042254,-34.50704225352112,693.0,live,1.70344,19.9605633802817,$1-2,1.37,206965.0
Colossal Grave-Reaver,10.29,16.99,9.44,65.11175898931,-8.260447035957236,591.0,live,14.54344,41.33566569484937,$10-20,9.2,624504.0
Forest (0195),0.28,0.49,0.15,74.99999999999997,-46.42857142857144,1496.0,live,0.41944,49.799999999999976,$0-1,,679219.0
"Leonardo, Sewer Samurai",1.81,1.29,0.52,-28.7292817679558,-71.27071823204419,637.0,live,1.10424,-38.992265193370166,$1-2,1.27,657743.0
"Nick Fury, Agent of S.H.I.E.L.D. (Borderless) (0314)",2.43,2.79,1.29,14.814814814814808,-46.91358024691358,591.0,live,2.38824,-1.7185185185185192,$2-5,,696538.0
Send in the Pest,1.01,0.35,0.15,-65.34653465346535,-85.14851485148515,917.0,live,0.2996,-70.33663366336634,$1-2,0.15,689480.0
Temur Battlecrier,0.94,1.29,0.42,37.2340425531915,-55.319148936170215,625.0,live,1.10424,17.472340425531932,$0-1,0.96,624023.0
Inspiring Call,0.37,0.59,0.29,59.45945945945945,-21.621621621621625,856.0,live,0.5050399999999999,36.49729729729728,$0-1,0.3,591317.0
Ghostfire Slice,0.28,0.49,0.15,74.99999999999997,-46.42857142857144,869.0,live,0.41944,49.799999999999976,$0-1,0.2,552827.0
Hazoret's Monument,1.62,2.49,0.89,53.70370370370371,-45.06172839506173,653.0,live,2.13144,31.57037037037036,$1-2,1.26,129748.0
Damn,1.58,2.99,1.5,89.24050632911393,-5.06329113924051,680.0,live,2.55944,61.98987341772151,$1-2,1.64,615076.0
Plargg and Nassari,0.32,0.49,0.15,53.12499999999999,-53.125,1114.0,live,0.41944,31.074999999999992,$0-1,0.24,687342.0
Ark of Hunger (Extended Art),0.77,0.79,0.18,2.5974025974026,-76.62337662337663,644.0,live,0.6762400000000001,-12.17662337662337,$0-1,,688666.0
Black Panther's Claws - Hammer of Nazahn,5.28,8.49,4.58,60.79545454545454,-13.25757575757576,745.0,live,7.26744,37.64090909090908,$5-10,,698220.0
Swamp (0286),0.54,1.79,0.15,231.4814814814815,-72.22222222222221,1915.0,live,1.53224,183.7481481481481,$0-1,,589317.0
Court of Ambition,6.23,7.99,5.74,28.250401284109145,-7.865168539325845,588.0,live,6.83944,9.78234349919742,$5-10,6.0,226662.0
"O'aka, Traveling Merchant",0.37,0.49,0.15,32.432432432432435,-59.45945945945946,1187.0,live,0.41944,13.36216216216216,$0-1,0.32,631242.0
"Matoya, Archon Elder",0.5,0.79,0.26,58.00000000000001,-48.0,640.0,live,0.6762400000000001,35.24800000000001,$0-1,0.5,631081.0
Metallic Mimic (Borderless),1.59,1.99,1.38,25.15723270440251,-13.207547169811331,637.0,live,1.70344,7.134591194968552,$1-2,,679210.0
Horizon of Progress,3.87,4.99,4.13,28.9405684754522,6.718346253229969,817.0,live,4.27144,10.37312661498708,$2-5,4.69,553202.0
Raise Repulsor Shields - Raise the Palisade,4.45,8.49,4.8,90.78651685393258,7.865168539325834,755.0,live,7.26744,63.31325842696628,$2-5,,697187.0
Castle Locthwain,4.15,4.49,2.59,8.192771084337345,-37.590361445783145,626.0,live,3.84344,-7.386987951807232,$2-5,,199388.0
The Key to the Vault,0.48,1.29,0.25,168.75000000000003,-47.91666666666666,658.0,live,1.10424,130.05,$0-1,0.52,544203.0
Emeritus of Ideation (Extended Art),7.75,12.99,7.04,67.61290322580645,-9.161290322580646,621.0,live,11.11944,43.47664516129032,$5-10,,686622.0
Snow-Covered Forest,1.27,1.79,0.93,40.94488188976378,-26.77165354330708,2014.0,live,1.53224,20.6488188976378,$1-2,1.19,190653.0
Jagged Barrens,0.42,1.99,0.42,373.8095238095239,0.0,1529.0,live,1.70344,305.5809523809524,$0-1,0.49,544236.0
"Captain America, Unbowed (Borderless)",3.43,5.49,2.5500000000000003,60.05830903790087,-25.655976676384835,597.0,live,4.69944,37.009912536443146,$2-5,,699561.0
Witch's Mark,0.37,0.69,0.15,86.48648648648647,-59.45945945945946,768.0,live,0.5906399999999999,59.63243243243242,$0-1,0.42,513980.0
Talisman of Progress,0.42,0.99,0.31,135.71428571428575,-26.190476190476183,805.0,live,0.84744,101.77142857142856,$0-1,0.39,499820.0
"Namor, Scourge of the Seas",2.65,5.99,1.56,126.03773584905662,-41.13207547169811,575.0,live,5.12744,93.48830188679246,$2-5,2.75,697207.0
Cyclonic Rift,29.56,39.99,28.08,35.28416779431666,-5.006765899864684,583.0,live,34.23144,15.803247631935047,$20-50,28.7,689345.0
Ancestors' Aid,0.28,0.59,0.15,110.71428571428568,-46.42857142857144,634.0,live,0.5050399999999999,80.37142857142852,$0-1,0.32,526356.0
Sol Ring (0359),1.62,2.79,1.47,72.22222222222221,-9.259259259259268,961.0,live,2.38824,47.422222222222224,$1-2,,631294.0
Sigarda's Aid,17.36,29.99,15.22,72.75345622119815,-12.32718894009216,596.0,live,25.67144,47.87695852534561,$10-20,,120528.0
Krark-Clan Shaman,8.25,9.99,5.21,21.090909090909093,-36.84848484848485,1258.0,live,8.55144,3.653818181818176,$5-10,,11418.0
Black Panther's Redirection - Narset's Reversal (Borderless),1.61,2.99,0.91,85.71428571428572,-43.47826086956522,616.0,live,2.55944,58.97142857142856,$1-2,,697489.0
Absorbing Man and Titania (Borderless),4.13,7.49,3.82,81.35593220338984,-7.506053268765135,624.0,live,6.41144,55.24067796610169,$2-5,,699668.0
Swamp (0276),0.32,0.79,0.15,146.875,-53.125,1364.0,live,0.6762400000000001,111.325,$0-1,,671054.0
Quantum Misalignment,4.26,5.99,4.37,40.61032863849767,2.582159624413153,819.0,live,5.12744,20.362441314554,$2-5,4.56,697558.0
Glacial Chasm,20.1,18.99,13.54,-5.522388059701507,-32.63681592039802,588.0,live,16.25544,-19.127164179104483,$20-50,,4703.0
Descent into Avernus,12.95,19.99,11.19,54.362934362934354,-13.590733590733588,589.0,live,17.111439999999998,32.134671814671805,$10-20,12.0,272926.0
Great Hall of the Biblioplex (Extended Art),1.15,0.79,0.26,-31.304347826086943,-77.39130434782608,720.0,live,0.6762400000000001,-41.196521739130425,$1-2,,688207.0
Soulherder,2.03,3.49,1.95,71.92118226600988,-3.940886699507382,634.0,live,2.9874400000000003,47.16453201970447,$2-5,2.17,191633.0
Dragonfire Blade,1.58,2.29,1.03,44.93670886075949,-34.810126582278485,639.0,live,1.96024,24.06582278481012,$1-2,1.66,624912.0
Rogue's Passage,0.59,0.99,0.42,67.79661016949153,-28.8135593220339,661.0,live,0.84744,43.63389830508475,$0-1,0.43,590880.0
Door of Destinies,6.22,6.49,5.32,4.340836012861744,-14.46945337620578,628.0,live,5.55544,-10.684244372990351,$5-10,5.73,499810.0
Abhorrent Oculus,15.81,21.99,11.04,39.08918406072105,-30.17077798861481,786.0,live,18.82344,19.06034155597721,$10-20,,578053.0
"Splinter, Hamato Yoshi",0.32,0.35,0.15,9.374999999999991,-53.125,743.0,live,0.2996,-6.375000000000009,$0-1,0.19,680285.0
Chaos Warp,0.34,0.99,0.28,191.17647058823525,-17.64705882352941,890.0,live,0.84744,149.2470588235294,$0-1,0.3,687360.0
Scute Swarm (Showcase),8.82,12.99,8.07,47.27891156462584,-8.503401360544217,589.0,live,11.11944,26.07074829931972,$5-10,,222132.0
Seachrome Coast,0.32,0.79,0.2,146.875,-37.5,1033.0,live,0.6762400000000001,111.325,$0-1,0.32,559864.0
Pest Infestation,0.94,0.99,0.62,5.319148936170218,-34.04255319148936,605.0,live,0.84744,-9.846808510638295,$0-1,1.0,687560.0
Island (0192),0.27,0.49,0.15,81.48148148148147,-44.44444444444445,1549.0,live,0.41944,55.34814814814813,$0-1,,679216.0
Port Town,0.25,0.49,0.15,96.0,-40.0,964.0,live,0.41944,67.776,$0-1,0.15,631327.0
Sol Ring,1.89,2.79,1.61,47.61904761904763,-14.814814814814806,978.0,live,2.38824,26.36190476190477,$1-2,1.77,687542.0
"Birgi, God of Storytelling",34.13,44.99,31.78,31.81951362437737,-6.885438031057724,573.0,live,38.51144,12.837503662467032,$20-50,,230903.0
"Black Widow, Deadly Hunter",2.25,4.99,1.93,121.7777777777778,-14.222222222222223,599.0,live,4.27144,89.84177777777779,$2-5,2.27,697248.0
"Raphael, Tough Turtle",0.27,0.35,0.15,29.62962962962961,-44.44444444444445,873.0,live,0.2996,10.962962962962948,$0-1,0.15,679049.0
"Michelangelo, Mutant BFF (Borderless)",0.55,0.35,0.15,-36.36363636363637,-72.72727272727273,689.0,live,0.2996,-45.52727272727274,$0-1,,679870.0
"Sythis, Harvest's Hand",2.03,3.99,2.17,96.55172413793106,6.896551724137938,615.0,live,3.4154400000000003,68.248275862069,$2-5,2.34,240275.0
Aqueous Form,0.36,0.99,0.25,175.0,-30.55555555555556,706.0,live,0.84744,135.4,$0-1,0.42,71316.0
Shenanigans,0.25,0.35,0.15,39.99999999999999,-40.0,852.0,live,0.2996,19.83999999999999,$0-1,0.29,191351.0
Glasspool Mimic,6.69,9.49,6.29,41.85351270553064,-5.97907324364724,608.0,live,8.12344,21.42660687593423,$5-10,,222161.0
Iroh's Demonstration,0.29,0.35,0.15,20.6896551724138,-48.27586206896552,837.0,live,0.2996,3.3103448275862064,$0-1,0.25,662079.0
Temple of the False God,0.27,0.35,0.15,29.62962962962961,-44.44444444444445,984.0,live,0.2996,10.962962962962948,$0-1,0.15,631492.0
Grievous Wound,0.49,0.69,0.18,40.81632653061224,-63.26530612244898,712.0,live,0.5906399999999999,20.538775510204072,$0-1,0.2,575280.0
"Invisible Woman, Sue Storm",0.28,0.35,0.15,24.999999999999982,-46.42857142857144,722.0,live,0.2996,6.999999999999981,$0-1,0.15,696257.0
"Chainer, Nightmare Adept",0.99,1.99,0.72,101.010101010101,-27.27272727272728,606.0,live,1.70344,72.06464646464647,$0-1,0.77,240161.0
Everflowing Chalice,0.37,0.79,0.16,113.51351351351352,-56.75675675675676,886.0,live,0.6762400000000001,82.7675675675676,$0-1,0.25,631494.0
Eriette of the Charmed Apple,0.35,0.99,0.15,182.8571428571429,-57.14285714285714,1136.0,live,0.84744,142.1257142857143,$0-1,0.27,687626.0
Magebane Lizard,0.6,1.49,0.2,148.33333333333334,-66.66666666666666,1025.0,live,1.27544,112.57333333333332,$0-1,0.39,544512.0
Eerie Interlude,6.42,11.99,6.23,86.7601246105919,-2.959501557632392,612.0,live,10.26344,59.86666666666666,$5-10,6.31,114864.0
Forest (301) - JP Full Art,2.25,2.79,0.92,24.000000000000004,-59.11111111111112,1394.0,live,2.38824,6.144000000000006,$2-5,,257684.0
Waste Not,6.23,7.99,5.62,28.250401284109145,-9.79133226324238,580.0,live,6.83944,9.78234349919742,$5-10,6.14,513890.0
"Silver Surfer, Cosmic Voyager",2.27,2.99,1.26,31.71806167400882,-44.49339207048458,590.0,live,2.55944,12.750660792951535,$2-5,,697215.0
Invasion of Ikoria,12.19,16.99,11.42,39.376538146021325,-6.316652994257585,583.0,live,14.54344,19.30631665299425,$10-20,,490335.0
It'll Quench Ya!,0.18,0.35,0.15,94.44444444444444,-16.666666666666664,1010.0,live,0.2996,66.44444444444444,$0-1,0.15,649372.0
Bitter Work,0.32,0.39,0.15,21.875000000000004,-53.125,755.0,live,0.33384,4.3250000000000055,$0-1,0.2,662029.0
Notion Thief,2.65,2.99,1.03,12.830188679245294,-61.13207547169811,909.0,live,2.55944,-3.417358490566037,$2-5,1.1,499638.0
Torment of Hailfire,37.94,49.99,37.13,31.76067474960465,-2.134949920927768,569.0,live,42.79144,12.78713758566158,$20-50,35.86,135074.0
Taunt from the Rampart,4.33,4.49,4.07,3.695150115473445,-6.004618937644337,638.0,live,3.84344,-11.236951501154731,$2-5,4.48,499805.0
Sazacap's Brew,0.31,0.39,0.15,25.80645161290323,-51.61290322580645,988.0,live,0.33384,7.69032258064517,$0-1,0.15,559766.0
Valgavoth's Lair,0.74,1.49,0.19,101.35135135135135,-74.32432432432434,695.0,live,1.27544,72.35675675675675,$0-1,0.75,575086.0
Meren of Clan Nel Toth,1.08,2.29,0.91,112.03703703703702,-15.740740740740744,772.0,live,1.96024,81.50370370370369,$1-2,1.26,624498.0
"Sally Pride, Lioness Leader",0.34,0.49,0.15,44.11764705882352,-55.88235294117647,661.0,live,0.41944,23.36470588235293,$0-1,0.42,673553.0
Dragonologist,0.88,0.79,0.51,-10.227272727272725,-42.04545454545455,918.0,live,0.6762400000000001,-23.154545454545445,$0-1,0.52,624549.0
Beamtown Beatstick,0.65,0.99,0.25,52.3076923076923,-61.53846153846154,633.0,live,0.84744,30.375384615384604,$0-1,0.5,490530.0
Mox Jasper,11.62,15.99,9.84,37.60757314974184,-15.318416523235795,650.0,live,13.68744,17.792082616179012,$10-20,9.99,619643.0
Reliquary Tower,3.67,5.49,3.61,49.59128065395097,-1.6348773841961868,606.0,live,4.69944,28.05013623978202,$2-5,3.67,687486.0
Counterspell,2.37,4.49,1.52,89.45147679324894,-35.86497890295359,912.0,live,3.84344,62.1704641350211,$2-5,,457501.0
Farseek,0.76,1.79,0.66,135.5263157894737,-13.157894736842104,847.0,live,1.53224,101.61052631578949,$0-1,0.7,559948.0
"Magda, the Hoardmaster",0.67,1.79,0.15,167.16417910447765,-77.61194029850746,751.0,live,1.53224,128.6925373134328,$0-1,0.65,544268.0
Ultima Weapon,7.54,9.49,5.4,25.86206896551724,-28.381962864721483,592.0,live,8.12344,7.737931034482765,$5-10,5.74,631671.0
Arcane Signet,0.52,1.29,0.42,148.0769230769231,-19.23076923076924,1505.0,live,1.10424,112.35384615384616,$0-1,0.5,687531.0
"SP//dr, Piloted by Peni",0.29,0.49,0.15,68.96551724137932,-48.27586206896552,645.0,live,0.41944,44.63448275862069,$0-1,0.17,646164.0
Plains (293) - JP Full Art,3.07,3.49,3.21,13.680781758957666,4.560260586319222,1194.0,live,2.9874400000000003,-2.689250814332232,$2-5,,257676.0
Great Hall of the Citadel,0.42,0.35,0.15,-16.666666666666668,-64.28571428571429,690.0,live,0.2996,-28.666666666666668,$0-1,0.35,499027.0
"Mona Lisa, Science Geek",0.27,0.35,0.15,29.62962962962961,-44.44444444444445,778.0,live,0.2996,10.962962962962948,$0-1,0.15,679569.0
Dreamroot Cascade,0.68,0.99,0.5700000000000001,45.58823529411764,-16.176470588235293,880.0,live,0.84744,24.623529411764693,$0-1,0.9,686573.0
Baron Rivalry - Deadly Dispute (Showcase),0.37,0.99,0.31,167.56756756756758,-16.216216216216218,629.0,live,0.84744,129.03783783783786,$0-1,,632177.0
"Cecil, Dark Knight",0.8,0.99,0.15,23.75,-81.25,705.0,live,0.84744,5.929999999999991,$0-1,,618854.0
Citadel Gate,2.07,4.49,1.84,116.9082125603865,-11.1111111111111,1143.0,live,3.84344,85.67342995169085,$2-5,1.94,273084.0
Fortified Village,0.32,0.49,0.15,53.12499999999999,-53.125,728.0,live,0.41944,31.074999999999992,$0-1,0.15,631267.0
Beledros Witherbloom,3.7,2.49,0.94,-32.7027027027027,-74.5945945945946,639.0,live,2.13144,-42.39351351351351,$2-5,0.99,687609.0
Plains (0272),0.39,0.99,0.15,153.84615384615384,-61.53846153846154,2001.0,live,0.84744,117.29230769230767,$0-1,,530006.0
Island (0280),0.32,1.29,0.15,303.125,-53.125,1587.0,live,1.10424,245.075,$0-1,,696360.0
Plague of Vermin (Borderless),1.99,2.29,0.75,15.075376884422113,-62.311557788944725,659.0,live,1.96024,-1.4954773869346738,$1-2,,679118.0
Shared Animosity,2.78,4.99,2.82,79.49640287769786,1.4388489208633108,803.0,live,4.27144,53.64892086330937,$2-5,2.94,513961.0
Brainstorm (Borderless),2.57,3.49,2.08,35.79766536964982,-19.06614785992217,653.0,live,2.9874400000000003,16.242801556420254,$2-5,,679095.0
Demonic Tutor,66.79,79.99,43.76,19.763437640365307,-34.48120976194042,576.0,live,68.47144,2.517502620152709,$50-100,,1388.0
"Dina, Soul Steeper",0.35,0.35,0.15,0.0,-57.14285714285714,756.0,live,0.2996,-14.400000000000002,$0-1,0.2,491416.0
Airbender's Reversal,0.26,0.35,0.15,34.615384615384606,-42.30769230769232,833.0,live,0.2996,15.230769230769218,$0-1,0.18,662536.0
Propaganda,2.35,3.99,2.49,69.7872340425532,5.957446808510643,896.0,live,3.4154400000000003,45.33787234042554,$2-5,2.4,556385.0
Clifftop Retreat,0.32,0.69,0.18,115.62499999999996,-43.75000000000001,1333.0,live,0.5906399999999999,84.57499999999997,$0-1,0.35,624206.0
Skullclamp,7.2,8.49,6.37,17.916666666666668,-11.52777777777778,714.0,live,7.26744,0.9366666666666598,$5-10,6.48,631240.0
Feed the Swarm (JP Alternate Art),1.62,1.29,0.51,-20.37037037037037,-68.51851851851852,640.0,live,1.10424,-31.837037037037035,$1-2,,688874.0
Skullclamp,4.21,8.99,4.89,113.53919239904988,16.15201900237529,925.0,live,7.69544,82.7895486935867,$2-5,4.99,631240.0
"She-Hulk, Jade Defender",0.19,0.35,0.15,84.21052631578945,-21.052631578947373,801.0,live,0.2996,57.68421052631577,$0-1,0.15,697060.0
Esper Origins,0.94,0.99,0.2,5.319148936170218,-78.72340425531915,735.0,live,0.84744,-9.846808510638295,$0-1,,635072.0
Thran Dynamo,4.49,3.99,3.75,-11.135857461024498,-16.481069042316264,776.0,live,3.4154400000000003,-23.932293986636967,$2-5,4.09,503557.0
Fire Lord Zuko (Borderless),3.91,3.49,2.35,-10.74168797953964,-39.89769820971867,576.0,live,2.9874400000000003,-23.594884910485927,$2-5,,660616.0
Frantic Search,1.35,2.29,0.93,69.62962962962962,-31.11111111111111,636.0,live,1.96024,45.20296296296295,$1-2,1.07,457177.0
Slither Blade,0.34,0.49,0.15,44.11764705882352,-55.88235294117647,669.0,live,0.41944,23.36470588235293,$0-1,0.35,130277.0
Wheel of Misfortune,7.93,10.99,7.03,38.5876418663304,-11.349306431273638,568.0,live,9.40744,18.63102143757881,$5-10,7.86,226941.0
Eclipsed Steppe (Extended Art),2.55,5.49,2.46,115.29411764705884,-3.529411764705877,613.0,live,4.69944,84.29176470588237,$2-5,,688211.0
Contaminated Landscape,0.18,0.39,0.15,116.66666666666669,-16.666666666666664,956.0,live,0.33384,85.4666666666667,$0-1,0.15,553276.0
Spectator Seating,6.14,9.49,6.46,54.56026058631923,5.211726384364826,832.0,live,8.12344,32.30358306188926,$5-10,6.5,697454.0
Witch's Oven,0.97,1.79,0.41,84.53608247422682,-57.731958762886606,662.0,live,1.53224,57.96288659793816,$0-1,,198898.0
"Captain America, Team Leader (Borderless)",3.8,5.99,1.06,57.63157894736843,-72.10526315789474,692.0,live,5.12744,34.93263157894738,$2-5,,696391.0
"Shark Shredder, Killer Clone",0.34,0.49,0.15,44.11764705882352,-55.88235294117647,681.0,live,0.41944,23.36470588235293,$0-1,0.3,673613.0
Surge Conductor,0.37,0.79,0.31,113.51351351351352,-16.216216216216218,901.0,live,0.6762400000000001,82.7675675675676,$0-1,0.41,642823.0
Siege-Gang Lieutenant,4.25,0.79,3.19,-81.41176470588235,-24.94117647058824,1526.0,live,0.6762400000000001,-84.0884705882353,$2-5,,548581.0
Instant Ramen,0.25,0.35,0.15,39.99999999999999,-40.0,1690.0,live,0.2996,19.83999999999999,$0-1,0.15,632204.0
Dreadhorde Invasion,0.43,0.69,0.42,60.46511627906976,-2.325581395348839,778.0,live,0.5906399999999999,37.35813953488371,$0-1,0.48,615105.0
Conduit of Worlds,4.27,3.49,2.74,-18.26697892271661,-35.83138173302107,607.0,live,2.9874400000000003,-30.036533957845418,$2-5,3.55,624447.0
"Firion, Wild Rose Warrior",0.74,0.69,0.15,-6.756756756756762,-79.72972972972973,598.0,live,0.5906399999999999,-20.18378378378379,$0-1,0.42,630859.0
"Elektra, Daughter of the Hand (Borderless) (0366)",2.24,2.49,1.65,11.160714285714285,-26.33928571428573,576.0,live,2.13144,-4.84642857142858,$2-5,,696239.0
Pinnacle Kill-Ship,0.26,0.35,0.15,34.615384615384606,-42.30769230769232,1282.0,live,0.2996,15.230769230769218,$0-1,0.2,644592.0
Ainok Strike Leader,2.65,4.99,2.34,88.30188679245285,-11.698113207547172,608.0,live,4.27144,61.18641509433963,$2-5,2.65,624277.0
Chocobo Racetrack,0.34,0.35,0.15,2.9411764705882213,-55.88235294117647,697.0,live,0.2996,-11.882352941176483,$0-1,0.25,634138.0
Fierce Guardianship,54.83,84.99,57.17,55.00638336677001,4.267736640525266,573.0,live,72.75143999999999,32.68546416195512,$50-100,55.35,212218.0
The Kingpin of Crime (Borderless) (0374),1.99,2.79,1.25,40.20100502512563,-37.185929648241206,573.0,live,2.38824,20.012060301507542,$1-2,,696337.0
Plains (294) - JP Full Art,1.8,3.99,1.88,121.66666666666669,4.444444444444437,1281.0,live,3.4154400000000003,89.74666666666667,$1-2,,257677.0
Crypt Ghast,13.14,19.99,8.33,52.13089802130896,-36.60578386605784,565.0,live,17.111439999999998,30.22404870624047,$10-20,,67378.0
Steely Resolve (Borderless),1.47,1.79,1.25,21.768707482993204,-14.96598639455782,669.0,live,1.53224,4.234013605442182,$1-2,,696425.0
Buried Ruin,0.4,0.79,0.37,97.5,-7.500000000000007,803.0,live,0.6762400000000001,69.06000000000002,$0-1,0.45,642848.0
Luxury Suite,8.74,11.99,8.64,37.18535469107551,-1.1441647597253963,776.0,live,10.26344,17.43066361556063,$5-10,9.76,698116.0
Daughter of the Deep,4.14,4.99,3.64,20.53140096618359,-12.077294685990328,574.0,live,4.27144,3.174879227053151,$2-5,4.25,697195.0
Training Grounds,9.77,12.99,8.32,32.95803480040942,-14.84135107471852,579.0,live,11.11944,13.812077789150456,$5-10,7.22,495646.0
Rootcast Apprenticeship,0.78,0.99,0.26,26.92307692307692,-66.66666666666666,708.0,live,0.84744,8.646153846153839,$0-1,0.3,560005.0
"Ygra, Eater of All",11.61,14.99,10.37,29.11283376399657,-10.680447889750218,577.0,live,12.83144,10.52058570198106,$10-20,10.43,558441.0
Steam Vents,11.46,19.99,11.81,74.43280977312389,3.0541012216404853,660.0,live,17.111439999999998,49.31448516579404,$10-20,11.39,656711.0
Rejuvenating Springs,3.74,4.49,3.95,20.05347593582888,5.614973262032084,1006.0,live,3.84344,2.765775401069518,$2-5,3.86,499784.0
Hallowed Fountain,8.04,10.99,6.8100000000000005,36.69154228855723,-15.298507462686551,625.0,live,9.40744,17.00796019900498,$5-10,7.63,656703.0
Ferrous Lake,0.34,0.79,0.15,132.35294117647058,-55.88235294117647,988.0,live,0.6762400000000001,98.89411764705883,$0-1,,687676.0
Maskwood Nexus,1.74,2.29,1.12,31.60919540229885,-35.632183908045974,693.0,live,1.96024,12.657471264367814,$1-2,1.12,553540.0
"Raphael, Tag Team Tough",5.93,3.49,3.61,-41.146711635750414,-39.123102866779085,603.0,live,2.9874400000000003,-49.62158516020235,$5-10,4.29,657761.0
Umbral Collar Zealot,0.32,0.69,0.15,115.62499999999996,-53.125,905.0,live,0.5906399999999999,84.57499999999997,$0-1,0.22,642101.0
Behold the Sinister Six!,3.55,5.99,2.05,68.7323943661972,-42.25352112676057,590.0,live,5.12744,44.43492957746479,$2-5,1.99,651344.0
Forest (276),0.43,0.99,0.33,130.2325581395349,-23.255813953488367,2838.0,live,0.84744,97.07906976744188,$0-1,,246244.0
Devastating Onslaught,2.05,2.99,1.49,45.85365853658539,-27.317073170731703,663.0,live,2.55944,24.85073170731708,$2-5,1.74,644614.0
Mountain (0290),0.66,1.29,0.17,95.45454545454544,-74.24242424242425,1564.0,live,1.10424,67.30909090909091,$0-1,,648728.0
Guardian Scalelord,0.33,0.49,0.15,48.48484848484848,-54.54545454545456,1107.0,live,0.41944,27.10303030303029,$0-1,0.2,687427.0
Ophiomancer,0.91,2.29,0.52,151.64835164835165,-42.85714285714285,739.0,live,1.96024,115.410989010989,$0-1,0.58,687362.0
Iron Myr,0.95,1.29,0.54,35.789473684210535,-43.1578947368421,673.0,live,1.10424,16.23578947368423,$0-1,,36234.0
Hollowmurk Siege,1.0,1.49,0.25,49.0,-75.0,682.0,live,1.27544,27.54399999999999,$1-2,0.31,624567.0
"Kang, Temporal Tyrant",0.19,0.35,0.15,84.21052631578945,-21.052631578947373,640.0,live,0.2996,57.68421052631577,$0-1,0.15,696322.0
Soul Warden,3.81,4.49,2.59,17.847769028871397,-32.020997375328086,656.0,live,3.84344,0.8776902887139143,$2-5,2.79,32731.0
Blossoming Bogbeast,0.38,0.99,0.15,160.52631578947367,-60.526315789473685,1099.0,live,0.84744,123.01052631578946,$0-1,0.24,687488.0
Smoldering Marsh,0.37,0.59,0.2,59.45945945945945,-45.94594594594594,746.0,live,0.5050399999999999,36.49729729729728,$0-1,0.21,679631.0
The Last Ronin,1.17,0.99,0.43,-15.38461538461538,-63.24786324786326,613.0,live,0.84744,-27.569230769230767,$1-2,0.99,673648.0
Chandra's Ignition,6.72,13.99,6.25,108.1845238095238,-6.994047619047615,593.0,live,11.97544,78.2059523809524,$5-10,6.06,100009.0
"Monica, the Marvel - Aurelia, the Warleader (Borderless)",2.85,4.99,3.02,75.08771929824562,5.964912280701752,621.0,live,4.27144,49.87508771929824,$2-5,,700736.0
Xander's Lounge,13.06,19.99,12.49,53.06278713629401,-4.364471669218991,574.0,live,17.111439999999998,31.02174578866767,$10-20,12.0,265350.0
Final Act (Borderless),1.63,0.99,1.01,-39.26380368098159,-38.03680981595092,596.0,live,0.84744,-48.00981595092024,$1-2,,696252.0
Ancestral Anger,0.26,0.35,0.15,34.615384615384606,-42.30769230769232,878.0,live,0.2996,15.230769230769218,$0-1,0.2,689485.0
Ramunap Excavator,5.18,6.99,4.82,34.94208494208495,-6.949806949806939,599.0,live,5.98344,15.510424710424711,$5-10,5.0,553182.0
Splendid Reclamation,0.38,0.79,0.2,107.89473684210526,-47.368421052631575,829.0,live,0.6762400000000001,77.95789473684212,$0-1,,642002.0
Shadow Rift,1.81,2.49,1.11,37.56906077348067,-38.67403314917127,620.0,live,2.13144,17.759116022099445,$1-2,,5722.0
"M.O.D.O.K., Evil Intellect (Borderless)",4.07,6.99,2.95,71.74447174447174,-27.51842751842752,579.0,live,5.98344,47.0132678132678,$2-5,,699592.0
Borrowed Knowledge,0.26,0.35,0.15,34.615384615384606,-42.30769230769232,794.0,live,0.2996,15.230769230769218,$0-1,0.15,688669.0
Surveillance Room,0.19,0.35,0.15,84.21052631578945,-21.052631578947373,1173.0,live,0.2996,57.68421052631577,$0-1,0.15,697091.0
"Kefka, Dancing Mad",0.33,0.59,0.15,78.78787878787877,-54.54545454545456,734.0,live,0.5050399999999999,53.04242424242421,$0-1,0.3,631158.0
Crux of Fate,0.39,0.79,0.15,102.56410256410258,-61.53846153846154,699.0,live,0.6762400000000001,73.3948717948718,$0-1,,631233.0
Gut Shot,5.29,8.49,4.14,60.49149338374291,-21.739130434782616,786.0,live,7.26744,37.38071833648392,$5-10,,98817.0
Grave Titan,0.35,0.99,0.17,182.8571428571429,-51.42857142857142,747.0,live,0.84744,142.1257142857143,$0-1,0.36,671142.0
Mind into Matter (Extended Art),0.8,0.59,0.2,-26.250000000000007,-75.00000000000001,620.0,live,0.5050399999999999,-36.87000000000001,$0-1,,688813.0
Kodama of the East Tree,3.39,2.79,3.1,-17.69911504424779,-8.554572271386432,681.0,live,2.38824,-29.550442477876103,$2-5,3.32,559832.0
Plaza of Heroes,3.74,6.49,3.74,73.52941176470587,0.0,982.0,live,5.55544,48.54117647058823,$2-5,3.78,697447.0
Scythecat Cub,24.63,32.99,22.35,33.942346731628106,-9.25700365408038,651.0,live,28.23944,14.654648802273664,$20-50,22.1,589389.0
The Thanos-Copter,1.39,2.49,1.55,79.13669064748204,11.510791366906489,582.0,live,2.13144,53.34100719424462,$1-2,,697432.0
"Anzrag, the Quake-Mole",5.89,8.99,5.08,52.63157894736843,-13.752122241086582,575.0,live,7.69544,30.65263157894737,$5-10,4.93,534079.0
Exotic Orchard,0.38,0.49,0.15,28.947368421052627,-60.526315789473685,1008.0,live,0.41944,10.378947368421048,$0-1,0.19,687675.0
Chandra's Ignition,8.1,11.99,6.3100000000000005,48.024691358024704,-22.098765432098755,642.0,live,10.26344,26.70913580246913,$5-10,6.06,100009.0
Conformer Shuriken,0.38,0.49,0.16,28.947368421052627,-57.89473684210527,1368.0,live,0.41944,10.378947368421048,$0-1,1.02,631204.0
Battle at the Big Bridge - Fatal Push (Showcase),0.55,1.49,0.15,170.90909090909088,-72.72727272727273,742.0,live,1.27544,131.89818181818177,$0-1,,633063.0
Sunspine Lynx,2.1,2.79,0.77,32.857142857142854,-63.33333333333333,671.0,live,2.38824,13.725714285714288,$2-5,,558711.0
Unmarked Grave,2.88,4.49,2.5500000000000003,55.90277777777779,-11.45833333333332,635.0,live,3.84344,33.45277777777779,$2-5,2.98,239388.0
Nethergoyf,3.22,6.99,3.02,117.0807453416149,-6.211180124223608,914.0,live,5.98344,85.82111801242235,$2-5,3.11,548576.0
Felothar the Steadfast (Borderless),2.74,7.99,2.18,191.6058394160584,-20.437956204379564,648.0,live,6.83944,149.61459854014595,$2-5,,623911.0
Lion Sash,2.33,3.49,2.07,49.785407725321896,-11.158798283261811,579.0,live,2.9874400000000003,28.216309012875545,$2-5,2.37,262184.0
Molten-Core Maestro (Extended Art),0.95,0.79,0.19,-16.842105263157887,-80.0,651.0,live,0.6762400000000001,-28.816842105263145,$0-1,,686588.0
Command Beacon,9.07,11.99,7.71,32.19404630650496,-14.99448732083793,608.0,live,10.26344,13.158103638368235,$5-10,7.36,624449.0
Bident of Thassa,0.43,0.49,0.33,13.953488372093023,-23.255813953488367,810.0,live,0.41944,-2.4558139534883754,$0-1,0.4,559848.0
Dark Deed,0.17,0.35,0.15,105.88235294117644,-11.764705882352953,1258.0,live,0.2996,76.23529411764703,$0-1,0.21,696236.0
The Gold Saucer,0.33,0.35,0.15,6.060606060606049,-54.54545454545456,677.0,live,0.2996,-9.212121212121223,$0-1,0.2,633409.0
Hagra Constrictor,0.17,0.35,0.15,105.88235294117644,-11.764705882352953,662.0,live,0.2996,76.23529411764703,$0-1,0.24,221936.0
Sol Ring,1.79,2.79,1.51,55.865921787709496,-15.64245810055866,748.0,live,2.38824,33.42122905027934,$1-2,1.63,687542.0
Expansion Algorithm (Extended Art),2.44,3.49,1.66,43.03278688524592,-31.967213114754102,599.0,live,2.9874400000000003,22.43606557377051,$2-5,,688213.0
Talisman of Progress,0.39,0.99,0.34,153.84615384615384,-12.820512820512816,859.0,live,0.84744,117.29230769230767,$0-1,0.41,499820.0
Spara's Headquarters,13.28,16.99,13.02,27.9367469879518,-1.9578313253012032,569.0,live,14.54344,9.513855421686742,$10-20,13.78,265348.0
Turtles Forever,0.34,0.49,0.15,44.11764705882352,-55.88235294117647,924.0,live,0.41944,23.36470588235293,$0-1,0.27,657745.0
Deep-Cavern Bat,0.39,0.49,0.15,25.64102564102563,-61.53846153846154,1050.0,live,0.41944,7.54871794871794,$0-1,0.35,524168.0
Strategic Betrayal,1.02,0.99,0.15,-2.9411764705882377,-85.29411764705883,994.0,live,0.84744,-16.917647058823533,$1-2,0.24,625197.0
Rampant Growth,0.47,1.29,0.4,174.468085106383,-14.893617021276588,851.0,live,1.10424,134.94468085106385,$0-1,0.44,631199.0
Astrologian's Planisphere,0.35,0.49,0.15,40.00000000000001,-57.14285714285714,779.0,live,0.41944,19.840000000000003,$0-1,0.21,631588.0
Regal Caracal,0.41,0.69,0.15,68.29268292682926,-63.41463414634146,794.0,live,0.5906399999999999,44.05853658536585,$0-1,0.4,590980.0
Marauding Mako,0.51,1.49,0.22,192.156862745098,-56.86274509803923,935.0,live,1.27544,150.0862745098039,$0-1,,614498.0
Killian's Confidence,0.23,0.35,0.15,52.17391304347825,-34.78260869565218,836.0,live,0.2996,30.260869565217373,$0-1,0.15,689079.0
Shatterskull Smashing,9.6,13.99,7.24,45.72916666666668,-24.58333333333333,628.0,live,11.97544,24.74416666666668,$5-10,,222030.0
Kefka's Tower - Bolas's Citadel (Showcase),17.18,17.99,17.71,4.714784633294522,3.0849825378346982,560.0,live,15.399439999999998,-10.364144353899892,$10-20,,633062.0
Kodama's Reach,1.97,2.79,1.54,41.62436548223351,-21.82741116751269,585.0,live,2.38824,21.23045685279189,$1-2,1.61,671233.0
Kappa Cannoneer,0.81,0.99,0.29,22.22222222222221,-64.19753086419753,812.0,live,0.84744,4.622222222222212,$0-1,0.53,548591.0
Extract a Confession,0.35,0.99,0.15,182.8571428571429,-57.14285714285714,1282.0,live,0.84744,142.1257142857143,$0-1,0.25,532879.0
"Tergrid, God of Fright",22.22,22.99,16.15,3.4653465346534635,-27.31773177317732,554.0,live,19.67944,-11.433663366336631,$20-50,,230450.0
Forest (0296),0.43,1.49,0.2,246.5116279069768,-53.48837209302325,1094.0,live,1.27544,196.6139534883721,$0-1,,660538.0
Plague Myr,1.69,2.79,1.4,65.08875739644971,-17.15976331360947,639.0,live,2.38824,41.31597633136096,$1-2,,39135.0
Second Harvest,3.3,5.49,2.45,66.36363636363637,-25.757575757575747,648.0,live,4.69944,42.40727272727274,$2-5,3.56,560021.0
Season of Gathering,6.6,9.99,5.65,51.36363636363638,-14.393939393939384,575.0,live,8.55144,29.567272727272726,$5-10,5.61,559123.0
Gold Myr,1.29,0.99,0.35,-23.25581395348837,-72.86821705426357,751.0,live,0.84744,-34.30697674418605,$1-2,,36232.0
Beast Whisperer,7.5,10.99,7.05,46.53333333333334,-6.000000000000003,563.0,live,9.40744,25.432533333333325,$5-10,7.22,176426.0
Mountain (Showcase),1.41,3.49,0.71,147.5177304964539,-49.645390070921984,1427.0,live,2.9874400000000003,111.87517730496457,$1-2,,279833.0
"Dyadrine, Synthesis Amalgam",0.3,0.49,0.15,63.33333333333334,-50.0,875.0,live,0.41944,39.81333333333333,$0-1,0.28,643506.0
Opt,0.43,0.49,0.18,13.953488372093023,-58.13953488372093,899.0,live,0.41944,-2.4558139534883754,$0-1,0.22,233373.0
"Jarad, Golgari Lich Lord",1.22,2.79,1.04,128.68852459016392,-14.754098360655732,609.0,live,2.38824,95.75737704918036,$1-2,1.65,624494.0
The Fire Crystal (Borderless),12.18,14.99,10.4,23.07060755336618,-14.61412151067323,552.0,live,12.83144,5.348440065681452,$10-20,,633132.0
Doomsday Excruciator,1.09,1.29,0.26,18.34862385321101,-76.14678899082568,754.0,live,1.10424,1.3064220183486266,$1-2,0.5,562745.0
Memnite,2.65,2.79,0.98,5.283018867924533,-63.0188679245283,752.0,live,2.38824,-9.877735849056595,$2-5,,36237.0
Spellbook Vendor,0.5,1.49,0.33,198.0,-34.0,757.0,live,1.27544,155.088,$0-1,0.5,512598.0
Sulfur Falls,0.43,0.59,0.18,37.20930232558139,-58.13953488372093,851.0,live,0.5050399999999999,17.451162790697662,$0-1,0.25,687546.0
"Raphael, the Nightwatcher (Borderless)",3.36,2.29,1.02,-31.84523809523809,-69.64285714285714,570.0,live,1.96024,-41.659523809523805,$2-5,,679842.0
Thought Vessel,2.92,3.49,2.34,19.52054794520549,-19.863013698630137,691.0,live,2.9874400000000003,2.309589041095904,$2-5,2.49,631303.0
Too Evil to Stay Dead,0.21,0.35,0.15,66.66666666666666,-28.57142857142857,811.0,live,0.2996,42.66666666666666,$0-1,0.15,697010.0
The Shire,3.62,4.49,2.7,24.03314917127072,-25.41436464088397,571.0,live,3.84344,6.172375690607737,$2-5,3.3,488286.0
Blazing Crescendo,0.26,0.39,0.15,50.0,-42.30769230769232,677.0,live,0.33384,28.4,$0-1,0.15,479576.0
Haywire Mite,0.85,1.29,0.32,51.76470588235295,-62.35294117647059,639.0,live,1.10424,29.91058823529413,$0-1,0.61,687608.0
Earth's Mightiest Heroes (Borderless),2.68,3.99,1.64,48.88059701492537,-38.80597014925374,603.0,live,3.4154400000000003,27.44179104477612,$2-5,,696665.0
Tandem Lookout,1.22,1.79,0.67,46.72131147540984,-45.08196721311475,666.0,live,1.53224,25.593442622950825,$1-2,0.98,58267.0
Mountain (0304),0.2,0.49,0.15,144.99999999999997,-25.000000000000007,1892.0,live,0.41944,109.71999999999996,$0-1,,630896.0
Boros Signet,0.58,1.49,0.4,156.89655172413794,-31.03448275862068,724.0,live,1.27544,119.90344827586208,$0-1,0.47,624199.0
Skrelv's Hive,2.15,2.99,1.28,39.06976744186048,-40.46511627906976,641.0,live,2.55944,19.04372093023256,$2-5,2.09,478281.0
Maximum Carnage,0.63,0.99,0.26,57.14285714285714,-58.730158730158735,619.0,live,0.84744,34.514285714285705,$0-1,0.61,652074.0
Pest Summoning,0.16,0.35,0.15,118.74999999999996,-6.250000000000005,690.0,live,0.2996,87.24999999999999,$0-1,0.16,235124.0
Drowned Catacomb,2.09,2.79,1.53,33.492822966507184,-26.794258373205736,915.0,live,2.38824,14.269856459330155,$2-5,1.69,631318.0
Alpha Authority,2.38,2.99,0.8300000000000001,25.63025210084035,-65.12605042016806,606.0,live,2.55944,7.53949579831933,$2-5,,67583.0
Mountain (300) - JP Full Art,2.21,2.79,1.37,26.24434389140272,-38.00904977375565,1240.0,live,2.38824,8.06515837104073,$2-5,,257683.0
Necroskitter,0.59,1.99,0.18,237.28813559322032,-69.49152542372882,1131.0,live,1.70344,188.71864406779665,$0-1,0.47,671133.0
Hellkite Courser,2.86,5.49,2.83,91.95804195804196,-1.0489510489510423,659.0,live,4.69944,64.31608391608393,$2-5,2.78,624934.0
Redirect Lightning (Showcase),17.77,22.99,15.61,29.37535171637591,-12.155317951603829,549.0,live,19.67944,10.745301069217785,$10-20,,648711.0
White Sun's Twilight,2.54,2.99,1.45,17.716535433070874,-42.91338582677165,579.0,live,2.55944,0.7653543307086575,$2-5,2.19,478284.0
Dragonskull Summit,0.77,0.99,0.4,28.57142857142857,-48.05194805194805,792.0,live,0.84744,10.05714285714285,$0-1,0.39,631583.0
Command Tower,0.37,0.69,0.26,86.48648648648647,-29.729729729729726,988.0,live,0.5906399999999999,59.63243243243242,$0-1,0.25,687664.0
The Lord of Pain (Borderless),8.87,15.99,8.74,80.27057497181512,-1.4656144306651524,553.0,live,13.68744,54.31161217587375,$5-10,,578900.0
Arcane Signet,0.86,1.29,0.46,50.000000000000014,-46.51162790697674,672.0,live,1.10424,28.400000000000013,$0-1,0.49,687531.0
Opposition Agent,18.07,23.99,16.66,32.76148312119534,-7.802988378527948,563.0,live,20.53544,13.643829551743206,$10-20,18.0,226314.0
Winnowing,0.32,0.49,0.15,53.12499999999999,-53.125,745.0,live,0.41944,31.074999999999992,$0-1,0.37,670972.0
Sazh Katzroy,0.47,0.49,0.15,4.255319148936175,-68.08510638297872,607.0,live,0.41944,-10.757446808510638,$0-1,0.28,632698.0
Xorn,7.72,10.99,6.25,42.35751295336788,-19.04145077720207,556.0,live,9.40744,21.858031088082896,$5-10,,243290.0
Kappa Cannoneer,0.41,0.99,0.32,141.46341463414635,-21.95121951219512,1281.0,live,0.84744,106.69268292682928,$0-1,0.47,548591.0
Swamp (273),0.97,1.49,0.5,53.608247422680414,-48.45360824742268,2371.0,live,1.27544,31.488659793814428,$0-1,,253436.0
Bandit's Talent,0.33,0.79,0.15,139.3939393939394,-54.54545454545456,737.0,live,0.6762400000000001,104.92121212121212,$0-1,0.33,559150.0
"Iron Man, Futurist Paragon (Borderless)",4.88,5.49,2.49,12.500000000000004,-48.97540983606557,559.0,live,4.69944,-3.699999999999996,$2-5,,699581.0
Arcane Signet (0333),0.47,0.99,0.43,110.63829787234044,-8.510638297872337,967.0,live,0.84744,80.3063829787234,$0-1,,631221.0
Dread Return (Borderless),0.5,0.99,0.5,98.0,0.0,664.0,live,0.84744,69.488,$0-1,,507190.0
Season of Growth,0.34,0.69,0.17,102.9411764705882,-50.0,614.0,live,0.5906399999999999,73.7176470588235,$0-1,0.2,513107.0
Blind Obedience,5.56,6.99,4.78,25.719424460431668,-14.028776978417255,557.0,live,5.98344,7.6158273381295025,$5-10,5.04,513356.0
Gwen Stacy,3.55,4.49,2.08,26.47887323943664,-41.40845070422535,595.0,live,3.84344,8.265915492957756,$2-5,,646568.0
Vibrant Cityscape,0.25,0.35,0.15,39.99999999999999,-40.0,850.0,live,0.2996,19.83999999999999,$0-1,0.15,651928.0
Scorched Geyser,0.4,0.49,0.15,22.5,-62.5,1619.0,live,0.41944,4.85999999999999,$0-1,0.38,687596.0
"Toph, Earthbending Master",36.65,54.99,35.35,50.04092769440656,-3.5470668485675234,541.0,live,47.07144,28.43503410641201,$20-50,36.5,660581.0
Arcane Signet (Showcase),2.62,3.99,2.62,52.29007633587786,0.0,615.0,live,3.4154400000000003,30.360305343511456,$2-5,,662394.0
Mental Misstep,8.66,9.99,6.3500000000000005,15.35796766743649,-26.6743648960739,564.0,live,8.55144,-1.2535796766743723,$5-10,6.05,39543.0
Arasta of the Endless Web,0.5,0.49,0.3,-2.0000000000000018,-40.0,655.0,live,0.41944,-16.112000000000005,$0-1,0.34,559941.0
Privileged Position (Borderless),1.83,1.49,1.04,-18.5792349726776,-43.16939890710383,593.0,live,1.27544,-30.303825136612023,$1-2,,696433.0
Frantic Search,0.78,1.49,0.72,91.025641025641,-7.692307692307699,619.0,live,1.27544,63.51794871794871,$0-1,0.88,457177.0
Seismic Sense,0.29,0.35,0.15,20.6896551724138,-48.27586206896552,708.0,live,0.2996,3.3103448275862064,$0-1,0.17,660575.0
Copy Enchantment,2.04,2.49,0.8300000000000001,22.05882352941177,-59.31372549019608,576.0,live,2.13144,4.482352941176469,$2-5,,514021.0
Search for the Frozen Esper - Nature's Claim (Showcase),0.61,1.29,0.37,111.47540983606558,-39.34426229508197,681.0,live,1.10424,81.02295081967216,$0-1,,632060.0
Teval's Judgment,8.14,12.99,7.28,59.58230958230958,-10.565110565110569,564.0,live,11.11944,36.60245700245699,$5-10,7.5,624417.0
Raid Bombardment,0.34,0.35,0.15,2.9411764705882213,-55.88235294117647,869.0,live,0.2996,-11.882352941176483,$0-1,0.24,512550.0
The Mightstone and Weakstone,4.44,6.49,3.17,46.17117117117117,-28.60360360360361,566.0,live,5.55544,25.122522522522512,$2-5,,448411.0
Conduit of Worlds,3.17,2.99,2.67,-5.678233438485796,-15.772870662460567,560.0,live,2.55944,-19.260567823343848,$2-5,3.71,624447.0
Skullclamp,6.31,8.49,5.71,34.54833597464344,-9.50871632329635,568.0,live,7.26744,15.173375594294772,$5-10,5.77,631240.0
Goblin Anarchomancer (Retro Frame),0.42,1.79,0.32,326.1904761904762,-23.809523809523807,767.0,live,1.53224,264.81904761904764,$0-1,,240454.0
Life from the Loam,5.26,8.99,4.14,70.91254752851712,-21.29277566539924,630.0,live,7.69544,46.30114068441065,$5-10,,624487.0
Plains (0277),0.28,0.49,0.15,74.99999999999997,-46.42857142857144,1978.0,live,0.41944,49.799999999999976,$0-1,,696357.0
Bootleggers' Stash,0.32,0.99,0.15,209.375,-53.125,1090.0,live,0.84744,164.825,$0-1,0.26,615200.0
Dryad of the Ilysian Grove,9.37,9.49,8.28,1.2806830309498507,-11.632870864461044,574.0,live,8.12344,-13.303735325506924,$5-10,8.08,553184.0
Flourishing Defenses,1.18,2.49,1.0,111.0169491525424,-15.254237288135588,638.0,live,2.13144,80.63050847457627,$1-2,1.11,671213.0
"Braids, Cabal Minion",0.94,0.79,0.15,-15.95744680851063,-84.04255319148936,602.0,live,0.6762400000000001,-28.059574468085096,$0-1,,240059.0
Transpose,0.34,0.49,0.15,44.11764705882352,-55.88235294117647,1427.0,live,0.41944,23.36470588235293,$0-1,0.34,631226.0
Mind Stone,0.31,0.99,0.2,219.3548387096774,-35.48387096774193,933.0,live,0.84744,173.36774193548385,$0-1,0.25,463303.0
Firebending Lesson,0.22,0.35,0.15,59.09090909090908,-31.818181818181824,1021.0,live,0.2996,36.18181818181817,$0-1,0.2,662768.0
Preordain,0.6,1.29,0.55,115.0,-8.333333333333323,843.0,live,1.10424,84.04000000000002,$0-1,0.56,688900.0
"Lord Skitter, Sewer King",5.1,5.99,4.62,17.450980392156875,-9.411764705882344,654.0,live,5.12744,0.5380392156862814,$5-10,5.0,512640.0
Forest (302) - JP Full Art,2.0,3.49,1.4,74.50000000000001,-30.000000000000004,1215.0,live,2.9874400000000003,49.372000000000014,$2-5,,257685.0
"Crossbones, Malicious Mercenary",0.26,0.35,0.15,34.615384615384606,-42.30769230769232,628.0,live,0.2996,15.230769230769218,$0-1,0.17,696486.0
"Donatello, Way with Machines (Borderless)",0.36,0.35,0.15,-2.7777777777777803,-58.333333333333336,705.0,live,0.2996,-16.77777777777778,$0-1,,679790.0
Plains (Showcase),2.81,3.99,2.38,41.99288256227759,-15.302491103202854,1359.0,live,3.4154400000000003,21.54590747330961,$2-5,,279830.0
Scene of the Crime,0.44,0.59,0.15,34.09090909090908,-65.90909090909092,651.0,live,0.5050399999999999,14.781818181818164,$0-1,,532873.0
Heap Gate,0.41,1.29,0.34,214.63414634146343,-17.073170731707307,1324.0,live,1.10424,169.32682926829276,$0-1,0.45,273081.0
Sleight of Hand (JP Alternate Art),1.12,2.79,0.44,149.10714285714283,-60.71428571428572,671.0,live,2.38824,113.23571428571428,$1-2,,689154.0
Ultron the Annihilator,47.06,54.99,45.2,16.850828729281766,-3.952401189970249,539.0,live,47.07144,0.024309392265194,$20-50,46.95,697268.0
Mirrorform,1.75,2.99,1.28,70.85714285714288,-26.857142857142858,664.0,live,2.55944,46.25371428571428,$1-2,1.82,671003.0
Fade from History,3.59,4.49,3.33,25.069637883008365,-7.242339832869075,752.0,live,3.84344,7.059610027855162,$2-5,3.08,451948.0
Dragonlord Dromoka,2.07,3.49,0.98,68.59903381642515,-52.65700483091788,566.0,live,2.9874400000000003,44.32077294685993,$2-5,1.05,624629.0
Birthing Ritual,4.04,6.99,3.97,73.01980198019803,-1.7326732673267289,764.0,live,5.98344,48.1049504950495,$2-5,3.84,552823.0
"Korvold, Fae-Cursed King",0.47,1.29,0.2,174.468085106383,-57.44680851063829,938.0,live,1.10424,134.94468085106385,$0-1,0.45,642014.0
Craterhoof Behemoth,23.99,27.99,20.97,16.673614005835766,-12.588578574406,543.0,live,23.95944,-0.1273864110045904,$20-50,18.87,623881.0
"Valentin, Dean of the Vein",1.05,1.29,0.98,22.857142857142858,-6.666666666666672,654.0,live,1.10424,5.165714285714292,$1-2,,235202.0
Farseek,0.78,1.79,0.5700000000000001,129.4871794871795,-26.92307692307692,621.0,live,1.53224,96.44102564102565,$0-1,0.64,559948.0
Carnelian Orb of Dragonkind,0.32,0.79,0.31,146.875,-3.1250000000000027,605.0,live,0.6762400000000001,111.325,$0-1,0.44,272973.0
Estrid's Invocation,0.34,0.79,0.15,132.35294117647058,-55.88235294117647,675.0,live,0.6762400000000001,98.89411764705883,$0-1,0.38,552726.0
Three Visits,4.18,7.49,4.15,79.18660287081342,-0.7177033492822814,922.0,live,6.41144,53.38373205741628,$2-5,4.33,687584.0
Thran Dynamo (Borderless),4.79,6.99,4.93,45.92901878914405,2.922755741127342,590.0,live,5.98344,24.915240083507303,$2-5,,503562.0
Swamp (0274) - Full Art,0.91,1.99,0.51,118.68131868131869,-43.95604395604396,1637.0,live,1.70344,87.1912087912088,$0-1,,557260.0
Iridescent Vinelasher,1.08,1.79,0.41,65.74074074074073,-62.037037037037045,685.0,live,1.53224,41.87407407407407,$1-2,0.67,558625.0
Arbor Elf,0.34,0.99,0.15,191.17647058823525,-55.88235294117647,785.0,live,0.84744,149.2470588235294,$0-1,,60009.0
"Black Cat, Cunning Thief",0.71,1.29,0.15,81.69014084507043,-78.87323943661971,658.0,live,1.10424,55.52676056338031,$0-1,0.5,652051.0
Void Rend,0.38,0.99,0.15,160.52631578947367,-60.526315789473685,696.0,live,0.84744,123.01052631578946,$0-1,0.3,631284.0
Enchantress's Presence,1.36,2.29,1.03,68.38235294117646,-24.264705882352946,612.0,live,1.96024,44.13529411764704,$1-2,1.29,240051.0
Plains (0273),0.51,1.99,0.34,290.19607843137254,-33.33333333333333,1155.0,live,1.70344,234.0078431372549,$0-1,,488126.0
Deeproot Pilgrimage,1.74,3.49,1.08,100.57471264367815,-37.93103448275862,631.0,live,2.9874400000000003,71.69195402298853,$1-2,1.75,524353.0
Talisman of Conviction,0.4,0.59,0.31,47.49999999999999,-22.500000000000007,882.0,live,0.5050399999999999,26.259999999999977,$0-1,0.31,631187.0
Mines of Moria (Borderless),2.14,3.49,1.51,63.08411214953272,-29.4392523364486,577.0,live,2.9874400000000003,39.60000000000001,$2-5,,498833.0
"Malcolm, Alluring Scoundrel",2.2,3.99,2.05,81.36363636363636,-6.818181818181834,562.0,live,3.4154400000000003,55.24727272727272,$2-5,2.2,524196.0
"Ghalta, Primal Hunger",1.21,1.79,0.81,47.93388429752067,-33.05785123966942,746.0,live,1.53224,26.63140495867769,$1-2,0.78,591184.0
"Tam, Mindful First-Year",0.48,0.59,0.15,22.916666666666664,-68.74999999999999,633.0,live,0.5050399999999999,5.216666666666657,$0-1,0.42,671578.0
Swamp (0277),1.4,2.29,0.94,63.57142857142859,-32.857142857142854,1062.0,live,1.96024,40.01714285714287,$1-2,,488131.0
Clarion Conqueror,2.08,3.49,0.71,67.78846153846155,-65.86538461538461,790.0,live,2.9874400000000003,43.626923076923084,$2-5,,624539.0
Fabled Passage,1.48,1.49,1.17,0.6756756756756763,-20.945945945945947,747.0,live,1.27544,-13.821621621621627,$1-2,1.83,687665.0
"Rikku, Resourceful Guardian",0.36,0.49,0.15,36.11111111111112,-58.333333333333336,671.0,live,0.41944,16.51111111111111,$0-1,0.32,631247.0
Island (Showcase),1.3,3.49,1.03,168.46153846153848,-20.76923076923077,1441.0,live,2.9874400000000003,129.80307692307693,$1-2,,279831.0
"Silver Sable, Mercenary Leader",0.26,0.49,0.15,88.46153846153845,-42.30769230769232,654.0,live,0.41944,61.32307692307691,$0-1,0.15,652304.0
The Rise of Sozin,1.66,2.29,0.63,37.95180722891568,-62.04819277108433,594.0,live,1.96024,18.086746987951813,$1-2,,648697.0
Blossoming Defense,0.32,0.49,0.15,53.12499999999999,-53.125,737.0,live,0.41944,31.074999999999992,$0-1,0.15,671048.0
"Tatyova, Benthic Druid",0.31,0.35,0.15,12.903225806451609,-51.61290322580645,618.0,live,0.2996,-3.354838709677426,$0-1,0.15,591196.0
Slagstorm,0.38,0.59,0.15,55.26315789473684,-60.526315789473685,920.0,live,0.5050399999999999,32.90526315789472,$0-1,0.28,589769.0
Ornithopter of Paradise,0.7,0.99,0.39,41.42857142857144,-44.28571428571428,835.0,live,0.84744,21.062857142857148,$0-1,0.65,240340.0
Aftermath Analyst,0.79,1.29,0.76,63.291139240506325,-3.797468354430383,837.0,live,1.10424,39.77721518987343,$0-1,0.83,533918.0
Mistrise Village (Borderless),10.75,17.99,8.85,67.34883720930232,-17.674418604651166,559.0,live,15.399439999999998,43.25060465116277,$10-20,,624276.0
Celestial Armor,0.48,1.29,0.15,168.75000000000003,-68.74999999999999,683.0,live,1.10424,130.05,$0-1,0.38,591157.0
"Massacre Girl, Known Killer",0.79,1.79,0.5700000000000001,126.58227848101264,-27.848101265822777,744.0,live,1.53224,93.95443037974684,$0-1,0.63,671152.0
Wonder,2.26,3.49,1.87,54.42477876106197,-17.25663716814158,629.0,live,2.9874400000000003,32.187610619469055,$2-5,1.81,239503.0
Lightning Bolt,1.38,1.99,1.03,44.20289855072465,-25.3623188405797,948.0,live,1.70344,23.437681159420304,$1-2,1.11,267051.0
"Thanos, Death's Consort (Borderless)",4.46,4.99,3.5500000000000003,11.883408071748883,-20.40358744394618,560.0,live,4.27144,-4.227802690582956,$2-5,,699591.0
Ring of the Lucii,0.32,0.35,0.15,9.374999999999991,-53.125,661.0,live,0.2996,-6.375000000000009,$0-1,0.27,634163.0
Scorched Geyser (Extended Art),2.48,2.79,1.26,12.500000000000004,-49.193548387096776,589.0,live,2.38824,-3.6999999999999935,$2-5,,688214.0
Tranquil Landscape,0.26,0.35,0.15,34.615384615384606,-42.30769230769232,994.0,live,0.2996,15.230769230769218,$0-1,0.15,553296.0
Enthusiastic Mechanaut,0.28,0.69,0.15,146.4285714285714,-46.42857142857144,696.0,live,0.5906399999999999,110.9428571428571,$0-1,0.31,642816.0
Brass Squire,3.32,2.29,0.87,-31.024096385542165,-73.79518072289156,630.0,live,1.96024,-40.956626506024094,$2-5,,39067.0
Displace,0.38,1.29,0.31,239.4736842105264,-18.42105263157895,643.0,live,1.10424,190.58947368421056,$0-1,0.38,120478.0
"Valgavoth, Terror Eater",16.54,22.99,15.37,38.99637243047158,-7.0737605804111245,562.0,live,19.67944,18.98089480048368,$10-20,14.92,575065.0
Eldritch Immunity,7.34,6.49,7.41,-11.58038147138964,0.9536784741144452,585.0,live,5.55544,-24.31280653950953,$5-10,7.81,553174.0
Panther Habit,3.17,4.99,3.18,57.41324921135648,0.3154574132492186,616.0,live,4.27144,34.74574132492114,$2-5,4.34,698205.0
Avengers Tower,0.2,0.35,0.15,74.99999999999997,-25.000000000000007,1064.0,live,0.2996,49.79999999999998,$0-1,0.15,696584.0
Solemnity,9.85,11.99,8.75,21.725888324873104,-11.167512690355329,551.0,live,10.26344,4.197360406091367,$5-10,10.11,135017.0
Dwarven Mine,0.36,0.49,0.16,36.11111111111112,-55.55555555555556,679.0,live,0.41944,16.51111111111111,$0-1,0.26,199542.0
Path of Ancestry,0.34,0.35,0.15,2.9411764705882213,-55.88235294117647,691.0,live,0.2996,-11.882352941176483,$0-1,0.15,631295.0
Crashing Footfalls,1.41,1.99,0.58,41.13475177304966,-58.86524822695035,1115.0,live,1.70344,20.811347517730507,$1-2,1.28,191075.0
Flooded Strand,14.9,22.99,13.65,54.295302013422805,-8.389261744966444,685.0,live,19.67944,32.07677852348993,$10-20,15.0,541276.0
Whispersilk Cloak,1.62,2.99,1.3,84.5679012345679,-19.75308641975309,984.0,live,2.55944,57.99012345679011,$1-2,1.43,11597.0
"Ojer Taq, Deepest Foundation",29.76,39.99,23.22,34.375,-21.97580645161291,543.0,live,34.23144,15.024999999999991,$20-50,,524230.0
Nihil Spellbomb,2.55,4.99,2.86,95.68627450980397,12.156862745098042,1062.0,live,4.27144,67.50745098039216,$2-5,3.15,36518.0
Swamp (0276),0.73,1.79,0.2,145.2054794520548,-72.6027397260274,1154.0,live,1.53224,109.89589041095893,$0-1,,671054.0
Abstergo Entertainment,2.62,4.99,2.07,90.45801526717555,-20.99236641221375,690.0,live,4.27144,63.03206106870228,$2-5,2.75,555906.0
Krang & Shredder,0.32,0.49,0.15,53.12499999999999,-53.125,599.0,live,0.41944,31.074999999999992,$0-1,0.23,673640.0
"Shredder, Unrelenting (Borderless)",0.36,0.35,0.15,-2.7777777777777803,-58.333333333333336,625.0,live,0.2996,-16.77777777777778,$0-1,,679815.0
"Toski, Bearer of Secrets",7.44,7.99,7.17,7.392473118279567,-3.629032258064522,641.0,live,6.83944,-8.072043010752697,$5-10,5.64,559947.0
Stitcher's Supplier,0.38,0.79,0.15,107.89473684210526,-60.526315789473685,724.0,live,0.6762400000000001,77.95789473684212,$0-1,0.24,631512.0
Blade of the Bloodchief,4.36,7.99,3.63,83.25688073394495,-16.743119266055054,887.0,live,6.83944,56.86788990825686,$2-5,3.95,525761.0
Midnight Clock,0.34,0.79,0.16,132.35294117647058,-52.94117647058824,960.0,live,0.6762400000000001,98.89411764705883,$0-1,0.32,615178.0
Raise the Past,0.55,1.29,0.15,134.54545454545453,-72.72727272727273,749.0,live,1.10424,100.77090909090909,$0-1,0.49,591301.0
Bonders' Enclave,0.4,1.29,0.36,222.5,-10.000000000000009,840.0,live,1.10424,176.06,$0-1,0.39,631250.0
Parapet Thrasher,1.31,0.79,1.04,-39.69465648854962,-20.610687022900763,1189.0,live,0.6762400000000001,-48.37862595419848,$1-2,1.28,624922.0
"Abigale, Eloquent First-Year",0.38,0.49,0.15,28.947368421052627,-60.526315789473685,715.0,live,0.41944,10.378947368421048,$0-1,0.34,670978.0
Bountiful Landscape,0.2,0.35,0.15,74.99999999999997,-25.000000000000007,923.0,live,0.2996,49.79999999999998,$0-1,0.15,553272.0
Woodland Cemetery,0.65,1.49,0.46,129.23076923076923,-29.23076923076924,785.0,live,1.27544,96.22153846153844,$0-1,0.5,687585.0
No More Lies,0.38,0.79,0.15,107.89473684210526,-60.526315789473685,967.0,live,0.6762400000000001,77.95789473684212,$0-1,0.32,532893.0
Skycoach Conductor (Extended Art),0.81,0.49,0.15,-39.50617283950618,-81.48148148148148,620.0,live,0.41944,-48.21728395061729,$0-1,,688977.0
Your Temple Is Under Attack,0.38,1.79,2.5500000000000003,371.0526315789474,571.0526315789474,930.0,live,1.53224,303.2210526315789,$0-1,,273443.0
"Ares, God of War (Extended Art)",1.15,0.79,0.51,-31.304347826086943,-55.65217391304348,597.0,live,0.6762400000000001,-41.196521739130425,$1-2,,696628.0
Dark Deal,1.99,4.99,1.54,150.75376884422113,-22.61306532663316,580.0,live,4.27144,114.64522613065328,$1-2,2.43,95379.0
Arbor Adherent,1.62,2.49,1.03,53.70370370370371,-36.41975308641975,820.0,live,2.13144,31.57037037037036,$1-2,1.36,624628.0
Ponder,2.54,4.99,2.04,96.45669291338584,-19.685039370078737,727.0,live,4.27144,68.16692913385826,$2-5,1.92,47694.0
Lightning Greaves,4.28,6.49,4.23,51.63551401869159,-1.1682242990654164,693.0,live,5.55544,29.8,$2-5,4.27,687611.0
Sodden Verdure,0.42,0.49,0.38,16.666666666666668,-9.523809523809518,803.0,live,0.41944,-0.1333333333333345,$0-1,0.47,687541.0
Plains (0191),0.24,0.49,0.15,104.16666666666669,-37.5,1501.0,live,0.41944,74.76666666666667,$0-1,,679215.0
Consuming Corruption,0.32,0.69,0.15,115.62499999999996,-53.125,661.0,live,0.5906399999999999,84.57499999999997,$0-1,0.24,552837.0
Maelstrom of the Spirit Dragon,2.18,2.29,1.03,5.045871559633022,-52.75229357798166,599.0,live,1.96024,-10.080733944954137,$2-5,1.6,623886.0
"Ivora, Insatiable Heir (Anime)",0.57,1.79,0.25,214.0350877192983,-56.14035087719298,726.0,live,1.53224,168.81403508771933,$0-1,,590536.0
Containment Construct,0.35,0.35,0.15,0.0,-57.14285714285714,764.0,live,0.2996,-14.400000000000002,$0-1,0.15,687582.0
Insidious Fungus,0.54,0.99,0.15,83.33333333333331,-72.22222222222221,674.0,live,0.84744,56.93333333333332,$0-1,0.52,576885.0
Locust Spray,0.12,0.35,0.15,191.66666666666663,25.0,744.0,live,0.2996,149.66666666666666,$0-1,0.2,688881.0
Kindred Dominance,3.45,5.99,3.02,73.62318840579711,-12.463768115942033,931.0,live,5.12744,48.62144927536231,$2-5,2.92,698010.0
Snow-Covered Swamp,0.94,1.29,0.2,37.2340425531915,-78.72340425531915,2045.0,live,1.10424,17.472340425531932,$0-1,,190652.0
Quick Study,0.25,0.35,0.15,39.99999999999999,-40.0,902.0,live,0.2996,19.83999999999999,$0-1,0.15,689462.0
"Puppet Master, String Puller",0.75,1.99,0.72,165.33333333333334,-4.000000000000004,901.0,live,1.70344,127.12533333333332,$0-1,0.89,698074.0
Tireless Provisioner,4.12,3.99,2.03,-3.15533980582524,-50.72815533980584,640.0,live,3.4154400000000003,-17.1009708737864,$2-5,2.12,240157.0
Generous Pup,6.46,9.49,5.01,46.90402476780186,-22.445820433436538,616.0,live,8.12344,25.7498452012384,$5-10,5.76,589386.0
"Betor, Kin to All",6.42,8.99,5.93,40.03115264797509,-7.632398753894084,536.0,live,7.69544,19.866666666666664,$5-10,5.99,623880.0
"Kogla, the Titan Ape",3.41,5.49,3.2,60.99706744868036,-6.158357771260996,558.0,live,4.69944,37.81348973607038,$2-5,3.5,212082.0
Jetmir's Garden,17.41,21.99,14.71,26.30672027570361,-15.508328546812171,549.0,live,18.82344,8.118552556002284,$10-20,,265346.0
Forest (0281),0.88,1.49,0.38,69.31818181818181,-56.81818181818182,1112.0,live,1.27544,44.93636363636362,$0-1,,488133.0
Outrageous Robbery,0.39,0.99,0.21,153.84615384615384,-46.15384615384615,657.0,live,0.84744,117.29230769230767,$0-1,0.4,535247.0
Rugged Prairie,0.29,0.79,0.17,172.41379310344828,-41.37931034482758,957.0,live,0.6762400000000001,133.18620689655177,$0-1,0.24,631276.0
Concealed Courtyard,0.86,1.99,0.7000000000000001,131.3953488372093,-18.604651162790688,793.0,live,1.70344,98.07441860465116,$0-1,,122646.0
Worlds Within Worlds,0.2,0.49,0.15,144.99999999999997,-25.000000000000007,810.0,live,0.41944,109.71999999999996,$0-1,0.15,696331.0
Forgotten Ancient,0.36,0.79,0.3,119.44444444444446,-16.666666666666664,879.0,live,0.6762400000000001,87.84444444444446,$0-1,0.31,687504.0
"Toph, the First Metalbender (Showcase)",3.83,3.49,1.55,-8.877284595300257,-59.53002610966058,541.0,live,2.9874400000000003,-21.998955613577017,$2-5,,648741.0
Heroic Feast (Extended Art),0.88,0.99,0.19,12.499999999999998,-78.4090909090909,658.0,live,0.84744,-3.700000000000004,$0-1,,697069.0
Protection Magic,0.38,0.49,0.15,28.947368421052627,-60.526315789473685,686.0,live,0.41944,10.378947368421048,$0-1,0.3,631154.0
Samwise Gamgee,2.47,2.79,1.67,12.955465587044529,-32.38866396761134,565.0,live,2.38824,-3.3101214574898807,$2-5,1.87,498378.0
"Black Cat, Cunning Thief (Borderless)",1.37,1.99,0.48,45.255474452554736,-64.96350364963504,575.0,live,1.70344,24.33868613138685,$1-2,,652052.0
"Ob Nixilis, the Fallen",1.46,2.49,0.76,70.54794520547946,-47.94520547945205,647.0,live,2.13144,45.989041095890414,$1-2,0.95,624430.0
"Hulk, Always Angry (Borderless)",2.85,4.49,2.04,57.54385964912281,-28.421052631578945,553.0,live,3.84344,34.85754385964913,$2-5,,699614.0
Mountain (0295),0.41,0.79,0.26,92.68292682926833,-36.58536585365853,1080.0,live,0.6762400000000001,64.93658536585369,$0-1,,660537.0
Castle Garenbrig,8.34,11.99,7.29,43.76498800959233,-12.589928057553957,567.0,live,10.26344,23.062829736211025,$5-10,8.29,199288.0
Jukai Naturalist,0.74,0.99,0.51,33.78378378378378,-31.08108108108108,643.0,live,0.84744,14.518918918918915,$0-1,0.65,262257.0
Sol Talisman,0.99,1.49,0.68,50.505050505050505,-31.313131313131308,784.0,live,1.27544,28.832323232323223,$0-1,0.93,240266.0
Thought Vessel,3.0,2.99,2.5,-0.3333333333333262,-16.666666666666664,616.0,live,2.55944,-14.685333333333336,$2-5,2.56,631303.0
Slagwoods Bridge,0.3,0.39,0.15,30.00000000000001,-50.0,984.0,live,0.33384,11.280000000000012,$0-1,0.27,239717.0
Evolving Wilds,0.26,0.35,0.15,34.615384615384606,-42.30769230769232,849.0,live,0.2996,15.230769230769218,$0-1,0.25,591642.0
Big Score,0.65,1.49,0.43,129.23076923076923,-33.84615384615385,815.0,live,1.27544,96.22153846153844,$0-1,0.71,688726.0
Spider-Man 2099,0.61,0.49,0.15,-19.672131147540984,-75.40983606557377,601.0,live,0.41944,-31.23934426229508,$0-1,0.18,646166.0
Island (0274),0.62,1.49,0.23,140.3225806451613,-62.903225806451616,1115.0,live,1.27544,105.71612903225804,$0-1,,488250.0
Opera Love Song,0.33,0.35,0.15,6.060606060606049,-54.54545454545456,690.0,live,0.2996,-9.212121212121223,$0-1,0.2,634125.0
Infernal Grasp,0.33,0.79,0.18,139.3939393939394,-45.45454545454546,948.0,live,0.6762400000000001,104.92121212121212,$0-1,0.25,687424.0
Shredder's Technique,0.33,0.35,0.15,6.060606060606049,-54.54545454545456,782.0,live,0.2996,-9.212121212121223,$0-1,0.2,679052.0
Lunar Convocation,0.93,1.49,0.15,60.21505376344085,-83.87096774193549,654.0,live,1.27544,37.14408602150536,$0-1,0.48,559480.0
Voltaic Key,3.88,5.99,2.5500000000000003,54.38144329896908,-34.278350515463906,563.0,live,5.12744,32.15051546391753,$2-5,2.99,35627.0
Restorative Technique,0.21,0.35,0.15,66.66666666666666,-28.57142857142857,1151.0,live,0.2996,42.66666666666666,$0-1,0.15,697055.0
Bureau Headmaster,5.86,7.49,5.15,27.815699658703068,-12.116040955631398,540.0,live,6.41144,9.41023890784982,$5-10,5.39,555954.0
Starnheim Courser,0.3,0.39,0.15,30.00000000000001,-50.0,699.0,live,0.33384,11.280000000000012,$0-1,0.22,230933.0
Thrakkus the Butcher,0.43,0.99,0.26,130.2325581395349,-39.53488372093023,624.0,live,0.84744,97.07906976744188,$0-1,,272791.0
Ornithopter of Paradise (Retro Frame),0.44,0.99,0.4,125.0,-9.090909090909086,862.0,live,0.84744,92.6,$0-1,,240458.0
Vodalian Hexcatcher,6.34,8.49,5.21,33.911671924290225,-17.82334384858044,609.0,live,7.26744,14.628391167192426,$5-10,5.27,283479.0
Raffine's Tower,13.05,16.99,11.46,30.19157088122603,-12.18390804597701,540.0,live,14.54344,11.443984674329483,$10-20,11.5,265349.0
Forest (0283),0.35,1.29,0.15,268.5714285714286,-57.14285714285714,1279.0,live,1.10424,215.49714285714293,$0-1,,671072.0
Skirge Familiar,0.25,0.79,0.15,216.0,-40.0,623.0,live,0.6762400000000001,170.49600000000004,$0-1,0.45,239843.0
Grimm Fate - Beast Within (Borderless),1.18,1.99,0.8200000000000001,68.64406779661017,-30.508474576271176,561.0,live,1.70344,44.35932203389832,$1-2,,696422.0
Bastion of Remembrance,0.29,0.69,0.17,137.9310344827586,-41.37931034482758,668.0,live,0.5906399999999999,103.66896551724136,$0-1,0.28,631230.0
Infantry Shield,0.71,1.49,0.45,109.85915492957749,-36.61971830985915,819.0,live,1.27544,79.63943661971831,$0-1,0.63,624326.0
South Pole Voyager,0.28,0.49,0.15,74.99999999999997,-46.42857142857144,757.0,live,0.41944,49.799999999999976,$0-1,0.2,662594.0
Lightning Greaves,4.61,6.49,4.11,40.780911062906725,-10.845986984815616,604.0,live,5.55544,20.508459869848146,$2-5,4.21,687611.0
Nadier's Nightblade,0.31,0.35,0.15,12.903225806451609,-51.61290322580645,743.0,live,0.2996,-3.354838709677426,$0-1,0.2,553230.0
Path to Exile,7.55,7.99,7.91,5.827814569536429,4.768211920529806,610.0,live,6.83944,-9.411390728476825,$5-10,8.78,687458.0
Big Score,0.65,1.49,0.36,129.23076923076923,-44.61538461538462,622.0,live,1.27544,96.22153846153844,$0-1,0.54,688726.0
"Zanarkand, Ancient Metropolis",0.72,0.79,0.19,9.72222222222223,-73.61111111111111,571.0,live,0.6762400000000001,-6.077777777777765,$0-1,,630874.0
"Matzalantli, the Great Door",2.63,4.49,2.29,70.72243346007606,-12.92775665399239,560.0,live,3.84344,46.13840304182511,$2-5,,524378.0
Archmage Emeritus (Borderless),4.55,4.49,2.81,-1.3186813186813102,-38.24175824175824,539.0,live,3.84344,-15.5287912087912,$2-5,,686645.0
Wild Ride,0.31,0.35,0.15,12.903225806451609,-51.61290322580645,978.0,live,0.2996,-3.354838709677426,$0-1,0.15,625258.0
"Captain America, Liberator",2.47,3.99,2.18,61.53846153846153,-11.74089068825911,534.0,live,3.4154400000000003,38.27692307692308,$2-5,3.01,697122.0
Dictate of Erebos,18.33,22.99,16.16,25.422804146208406,-11.838516093835237,549.0,live,19.67944,7.361920349154399,$10-20,16.72,82278.0
Leech Collector,0.25,0.35,0.15,39.99999999999999,-40.0,871.0,live,0.2996,19.83999999999999,$0-1,,689473.0
Helping Hand (JP Alternate Art),0.73,0.79,0.34,8.219178082191789,-53.42465753424656,599.0,live,0.6762400000000001,-7.364383561643825,$0-1,,688862.0
Inevitable Defeat,0.61,1.29,0.15,111.47540983606558,-75.40983606557377,889.0,live,1.10424,81.02295081967216,$0-1,0.19,619636.0
Hydra's Growth,1.85,2.29,1.22,23.78378378378378,-34.054054054054056,603.0,live,1.96024,5.958918918918913,$1-2,1.56,206943.0
Daily Bugle Building,0.28,0.35,0.15,24.999999999999982,-46.42857142857144,757.0,live,0.2996,6.999999999999981,$0-1,0.2,651358.0
"Marwyn, the Nurturer",4.98,6.49,3.09,30.32128514056224,-37.95180722891567,556.0,live,5.55544,11.555020080321274,$2-5,3.47,162234.0
Leyline of Transformation,0.59,0.79,0.15,33.89830508474578,-74.57627118644066,658.0,live,0.6762400000000001,14.616949152542388,$0-1,0.51,576493.0
"Nev, the Practical Dean",0.33,0.49,0.15,48.48484848484848,-54.54545454545456,704.0,live,0.41944,27.10303030303029,$0-1,0.22,687392.0
Temple Garden,8.02,10.99,7.55,37.032418952618464,-5.860349127182042,608.0,live,9.40744,17.299750623441394,$5-10,7.76,656713.0
Mountain (0279),0.56,1.49,0.25,166.07142857142853,-55.35714285714286,1362.0,live,1.27544,127.7571428571428,$0-1,,488134.0
Herd Baloth,0.3,0.79,0.26,163.33333333333334,-13.333333333333329,652.0,live,0.6762400000000001,125.41333333333336,$0-1,0.38,239852.0
The Earth Crystal (Borderless),21.69,23.99,18.99,10.60396496081142,-12.448132780083,523.0,live,20.53544,-5.323005993545428,$20-50,,633137.0
Perpetual Timepiece,0.26,0.49,0.15,88.46153846153845,-42.30769230769232,660.0,live,0.41944,61.32307692307691,$0-1,0.42,687622.0
"Loki, Lord of Misrule",58.64,79.99,58.86,36.40859481582536,0.3751705320600254,525.0,live,68.47144,16.765757162346524,$50-100,58.99,697204.0
Suplex,0.26,0.35,0.15,34.615384615384606,-42.30769230769232,1085.0,live,0.2996,15.230769230769218,$0-1,0.15,632694.0
Touch the Spirit Realm,0.84,1.29,0.5700000000000001,53.57142857142858,-32.14285714285713,648.0,live,1.10424,31.45714285714288,$0-1,1.04,262694.0
"Atraxa, Grand Unifier",16.46,22.99,15.63,39.67193195625758,-5.042527339003645,667.0,live,19.67944,19.55917375455649,$10-20,16.91,478532.0
Marauding Blight-Priest,0.21,0.39,0.15,85.71428571428574,-28.57142857142857,860.0,live,0.33384,58.97142857142859,$0-1,0.15,591730.0
End of the Hunt,0.26,0.35,0.15,34.615384615384606,-42.30769230769232,1036.0,live,0.2996,15.230769230769218,$0-1,0.19,688972.0
Shroofus Sproutsire (Anime),5.06,8.99,3.79,77.66798418972334,-25.098814229249005,600.0,live,7.69544,52.08379446640316,$5-10,,589390.0
Teferi's Ageless Insight,4.89,6.49,3.87,32.71983640081801,-20.858895705521466,536.0,live,5.55544,13.60817995910021,$2-5,3.26,215368.0
"Bumi, Eclectic Earthbender",8.45,15.99,7.9,89.23076923076924,-6.5088757396449575,527.0,live,13.68744,61.98153846153848,$5-10,9.32,649608.0
Howlsquad Heavy,3.36,3.99,2.21,18.75000000000001,-34.226190476190474,600.0,live,3.4154400000000003,1.6500000000000112,$2-5,2.29,615912.0
Snort,0.37,0.69,0.15,86.48648648648647,-59.45945945945946,885.0,live,0.5906399999999999,59.63243243243242,$0-1,0.35,631569.0
God-Eternal Oketra,0.76,1.49,0.71,96.05263157894736,-6.5789473684210575,615.0,live,1.27544,67.82105263157894,$0-1,0.72,615089.0
Frog-Squirrels,0.17,0.49,0.15,188.23529411764704,-11.764705882352953,680.0,live,0.41944,146.72941176470584,$0-1,0.34,649597.0
Unholy Annex // Ritual Chamber,1.68,2.99,1.75,77.9761904761905,4.166666666666671,706.0,live,2.55944,52.347619047619055,$1-2,2.12,577669.0
Reliquary Tower,4.27,5.49,3.38,28.571428571428587,-20.84309133489461,616.0,live,4.69944,10.05714285714287,$2-5,3.49,687486.0
Taurean Mauler,0.59,1.79,0.56,203.3898305084746,-5.08474576271185,883.0,live,1.53224,159.70169491525425,$0-1,0.6,591036.0
Aang's Iceberg,0.49,0.69,0.15,40.81632653061224,-69.38775510204081,653.0,live,0.5906399999999999,20.538775510204072,$0-1,0.38,648642.0
Barad-dur,1.71,1.99,1.17,16.374269005847957,-31.57894736842105,616.0,live,1.70344,-0.3836257309941461,$1-2,,498301.0
Hoarding Broodlord,5.55,7.49,4.53,34.954954954954964,-18.37837837837837,529.0,live,6.41144,15.52144144144144,$5-10,4.59,490572.0
Mountain (0278),0.48,0.69,0.27,43.74999999999999,-43.74999999999999,1320.0,live,0.5906399999999999,23.05,$0-1,,488252.0
Rapid Hybridization,1.46,1.99,0.67,36.3013698630137,-54.10958904109589,598.0,live,1.70344,16.673972602739735,$1-2,0.67,687432.0
Riverchurn Monument,1.74,2.99,0.96,71.83908045977013,-44.82758620689656,640.0,live,2.55944,47.094252873563214,$1-2,1.7,615370.0
Naktamun Lorespinner (Extended Art),2.33,2.49,1.75,6.866952789699576,-24.892703862660948,578.0,live,2.13144,-8.52188841201717,$2-5,,688232.0
Mountain (0275),0.32,0.79,0.15,146.875,-53.125,1852.0,live,0.6762400000000001,111.325,$0-1,,529996.0
Practiced Scrollsmith,0.19,0.35,0.15,84.21052631578945,-21.052631578947373,931.0,live,0.2996,57.68421052631577,$0-1,0.15,688673.0
Command Tower,0.28,0.69,0.23,146.4285714285714,-17.85714285714286,1381.0,live,0.5906399999999999,110.9428571428571,$0-1,0.25,687664.0
"Hashaton, Scarab's Fist (Borderless)",0.84,2.49,0.73,196.42857142857147,-13.095238095238091,768.0,live,2.13144,153.74285714285716,$0-1,,614335.0
Wear // Tear,1.23,2.49,0.84,102.43902439024392,-31.70731707317073,785.0,live,2.13144,73.28780487804877,$1-2,,67878.0
Bountiful Promenade,6.76,9.99,6.68,47.7810650887574,-1.1834319526627228,800.0,live,8.55144,26.50059171597633,$5-10,7.02,698225.0
Nature's Lore,2.18,4.49,2.25,105.96330275229356,3.21100917431192,873.0,live,3.84344,76.3045871559633,$2-5,2.29,687543.0
Dispel,0.33,0.39,0.2,18.18181818181818,-39.39393939393939,885.0,live,0.33384,1.163636363636367,$0-1,0.35,105594.0
Parallel Lives (Borderless),28.65,42.99,28.96,50.052356020942426,1.082024432809781,527.0,live,36.79944,28.444816753926723,$20-50,,652041.0
"Captain Mar-Vell, Space-Born",0.22,0.35,0.15,59.09090909090908,-31.818181818181824,727.0,live,0.2996,36.18181818181817,$0-1,0.15,696470.0
Plains (0287),0.51,0.99,0.25,94.11764705882352,-50.98039215686274,1520.0,live,0.84744,66.16470588235293,$0-1,,648725.0
Monk Gyatso,7.54,10.99,5.07,45.75596816976128,-32.758620689655174,541.0,live,9.40744,24.767108753315643,$5-10,4.93,662354.0
Scavenger's Talent,0.81,1.29,0.29,59.25925925925925,-64.19753086419753,620.0,live,1.10424,36.32592592592593,$0-1,0.7,559652.0
Arasta of the Endless Web,0.36,0.59,0.26,63.888888888888886,-27.77777777777777,627.0,live,0.5050399999999999,40.28888888888888,$0-1,0.34,559941.0
Frostboil Snarl,0.36,0.49,0.15,36.11111111111112,-58.333333333333336,818.0,live,0.41944,16.51111111111111,$0-1,0.16,687682.0
Patriar's Seal,4.88,7.49,4.5200000000000005,53.48360655737706,-7.377049180327858,537.0,live,6.41144,31.381967213114752,$2-5,5.18,273195.0
Northern Air Temple,0.26,0.35,0.15,34.615384615384606,-42.30769230769232,635.0,live,0.2996,15.230769230769218,$0-1,0.15,660709.0
"Spider-Man, New Champion",2.59,4.99,2.44,92.66409266409268,-5.791505791505788,540.0,live,4.27144,64.92046332046334,$2-5,2.9,697330.0
Force of Despair,7.89,12.99,7.91,64.63878326996199,0.2534854245880921,670.0,live,11.11944,40.93079847908745,$5-10,8.29,190880.0
Moment's Peace,4.16,6.99,4.16,68.02884615384616,0.0,880.0,live,5.98344,43.8326923076923,$2-5,4.37,9526.0
Winternight Stories,1.41,2.29,0.6900000000000001,62.41134751773051,-51.06382978723404,734.0,live,1.96024,39.02411347517732,$1-2,1.89,624067.0
Idol of Oblivion,2.03,2.79,1.86,37.43842364532021,-8.374384236453189,792.0,live,2.38824,17.647290640394107,$2-5,2.49,560060.0
Sunscorched Divide,0.31,0.59,0.15,90.32258064516128,-51.61290322580645,710.0,live,0.5050399999999999,62.91612903225804,$0-1,0.19,631286.0
Cankerbloom (Showcase),0.31,0.79,0.15,154.83870967741936,-51.61290322580645,656.0,live,0.6762400000000001,118.141935483871,$0-1,,479039.0
Crop Rotation,3.98,5.49,3.08,37.93969849246231,-22.61306532663316,715.0,live,4.69944,18.07638190954773,$2-5,3.67,688886.0
Agent Venom,0.48,0.69,0.2,43.74999999999999,-58.33333333333333,603.0,live,0.5906399999999999,23.05,$0-1,0.25,651382.0
Negate,1.12,1.79,0.59,59.82142857142856,-47.32142857142858,652.0,live,1.53224,36.80714285714285,$1-2,,679073.0
Imprisoned in the Moon,0.28,0.69,0.15,146.4285714285714,-46.42857142857144,683.0,live,0.5906399999999999,110.9428571428571,$0-1,0.19,591170.0
Hinterland Sanctifier,0.33,0.35,0.15,6.060606060606049,-54.54545454545456,990.0,live,0.2996,-9.212121212121223,$0-1,0.27,591740.0
Trespasser's Curse,0.38,0.35,0.26,-7.89473684210527,-31.57894736842105,787.0,live,0.2996,-21.15789473684212,$0-1,0.4,130292.0
Displacer Kitten,31.35,34.99,28.46,11.610845295055825,-9.218500797448169,533.0,live,29.95144,-4.461116427432216,$20-50,27.6,272901.0
Glistener Elf,1.13,1.29,0.51,14.159292035398243,-54.86725663716814,803.0,live,1.10424,-2.279646017699096,$1-2,,39523.0
True Ancestry,0.25,0.35,0.15,39.99999999999999,-40.0,636.0,live,0.2996,19.83999999999999,$0-1,0.15,660746.0
Bastion Protector,0.36,0.49,0.19,36.11111111111112,-47.22222222222222,737.0,live,0.41944,16.51111111111111,$0-1,0.27,631125.0
Demonic Consultation,8.06,9.49,5.14,17.741935483870964,-36.22828784119108,545.0,live,8.12344,0.7870967741935476,$5-10,5.14,4644.0
Seraph Sanctuary,1.17,0.99,0.39,-15.38461538461538,-66.66666666666666,642.0,live,0.84744,-27.569230769230767,$1-2,,58997.0
Magmablood Archaic,0.19,0.49,0.15,157.89473684210526,-21.052631578947373,974.0,live,0.41944,120.75789473684208,$0-1,0.15,688952.0
Dragonskull Summit,0.48,1.29,0.44,168.75000000000003,-8.33333333333333,999.0,live,1.10424,130.05,$0-1,0.49,631583.0
Swiftfoot Boots (Showcase),2.49,4.49,2.4,80.32128514056224,-3.614457831325313,593.0,live,3.84344,54.35502008032128,$2-5,,662395.0
Swan Song,12.96,17.99,9.37,38.81172839506171,-27.700617283950628,537.0,live,15.399439999999998,18.82283950617282,$10-20,9.21,642791.0
Prowler's Helm,0.71,1.49,0.52,109.85915492957749,-26.76056338028168,619.0,live,1.27544,79.63943661971831,$0-1,,71411.0
Crypt of Agadeem,2.89,3.99,2.47,38.062283737024224,-14.532871972318336,943.0,live,3.4154400000000003,18.18131487889274,$2-5,2.44,624452.0
"Codsworth, Handy Helper",25.19,34.99,21.88,38.9043271139341,-13.14013497419612,524.0,live,29.95144,18.90210400952759,$20-50,24.77,539629.0
"Big Apple, 3 a.m.",0.37,0.69,0.15,86.48648648648647,-59.45945945945946,922.0,live,0.5906399999999999,59.63243243243242,$0-1,0.34,679613.0
Thrilling Discovery,0.25,0.79,0.15,216.0,-40.0,979.0,live,0.6762400000000001,170.49600000000004,$0-1,0.3,235595.0
Aetherize,0.37,0.99,0.26,167.56756756756758,-29.729729729729726,609.0,live,0.84744,129.03783783783786,$0-1,0.3,591162.0
Consuming Aberration,0.32,0.49,0.15,53.12499999999999,-53.125,733.0,live,0.41944,31.074999999999992,$0-1,0.15,590868.0
Dramatic Reversal,0.48,0.99,0.23,106.25,-52.08333333333333,677.0,live,0.84744,76.55,$0-1,0.44,123110.0
"Spider-Ham, Peter Porker (Borderless)",1.21,1.49,0.72,23.1404958677686,-40.49586776859504,550.0,live,1.27544,5.408264462809913,$1-2,,646586.0
Inspired Tinkering,1.59,2.29,1.49,44.0251572327044,-6.289308176100635,645.0,live,1.96024,23.285534591194963,$1-2,,273323.0
Multiversal Incursion (Borderless),2.21,3.99,1.35,80.54298642533938,-38.914027149321264,549.0,live,3.4154400000000003,54.54479638009051,$2-5,,696280.0
Concerted Effort (Borderless),1.22,0.99,0.68,-18.852459016393443,-44.26229508196721,565.0,live,0.84744,-30.537704918032787,$1-2,,696407.0
Sky Diamond,0.38,0.69,0.2,81.57894736842104,-47.368421052631575,666.0,live,0.5906399999999999,55.43157894736841,$0-1,0.21,226684.0
Rumble Arena,0.3,0.35,0.15,16.666666666666664,-50.0,713.0,live,0.2996,-0.1333333333333371,$0-1,0.15,662614.0
Moonlit Meditation,0.39,0.59,0.15,51.28205128205126,-61.53846153846154,659.0,live,0.5050399999999999,29.497435897435874,$0-1,0.38,643884.0
Visions of Brutality,0.43,0.69,0.15,60.46511627906976,-65.11627906976744,659.0,live,0.5906399999999999,37.35813953488371,$0-1,,111091.0
Nature's Lore,3.05,3.99,2.8000000000000003,30.81967213114756,-8.196721311475395,552.0,live,3.4154400000000003,11.98163934426231,$2-5,2.72,687543.0
Emerald Charm,0.1,0.35,0.15,250.0,50.0,329.0,WIP,0.2996,199.6,$0-1,0.19,457587.0
Flashfreeze,0.12,0.39,0.15,225.0,25.0,412.0,WIP,0.33384,178.20000000000002,$0-1,0.2,35612.0
Deathmark,0.12,0.3500399999999999,0.15,191.7,25.0,144.0,WIP,0.2996342399999999,149.69519999999997,$0-1,0.15,47698.0
Dimir House Guard,0.12,0.3500399999999999,0.15,191.7,25.0,188.0,WIP,0.2996342399999999,149.69519999999997,$0-1,0.25,531152.0
Duress,0.13,0.34996,0.15002,169.2,15.4,594.0,WIP,0.29956576,130.4352,$0-1,0.4,96554.0
Sudden Shock,0.14,0.35,0.14994,150.0,7.1,84.0,WIP,0.2996,113.99999999999996,$0-1,0.15,68394.0
Skycrash,0.15,0.34995,0.15,133.3,0.0,124.0,WIP,0.2995571999999999,99.70479999999998,$0-1,0.15,616098.0
"Tetsuko Umezawa, Fugitive",0.15,0.34995,0.15,133.3,0.0,261.0,WIP,0.2995571999999999,99.70479999999998,$0-1,0.15,507460.0
Three Tree Mascot,0.15,0.34995,0.15,133.3,0.0,598.0,WIP,0.2995571999999999,99.70479999999998,$0-1,0.16,591087.0
Crumbling Vestige,0.16,0.34992,0.14992,118.7,-6.3,402.0,WIP,0.29953152,87.2072,$0-1,0.15,110689.0
Wingcrafter,0.16,0.34992,0.14992,118.7,-6.3,143.0,WIP,0.29953152,87.2072,$0-1,0.25,128935.0
Flywheel Racer,0.16,0.34992,0.14992,118.7,-6.3,155.0,WIP,0.29953152,87.2072,$0-1,0.15,491763.0
Dragonfly Swarm,0.17,0.35003,0.14994,105.9,-11.8,226.0,WIP,0.29962568,76.2504,$0-1,0.19,660591.0
We Say Thee Nay!,0.17,0.35003,0.14994,105.9,-11.8,804.0,WIP,0.29962568,76.2504,$0-1,0.15,696992.0
"Rishkar, Peema Renegade",0.18,0.59004,0.16992,227.8,-5.6,309.0,WIP,0.50507424,180.59680000000003,$0-1,0.24,503606.0
Mardu Devotee,0.18,0.3499199999999999,0.14994,94.4,-16.7,265.0,WIP,0.2995315199999999,66.40639999999995,$0-1,0.15,624397.0
Mishra's Factory,0.19,0.34998,0.14991,84.2,-21.1,354.0,WIP,0.29958288,57.67519999999999,$0-1,0.21,1849.0
Claim the Firstborn,0.19,0.34998,0.14991,84.2,-21.1,344.0,WIP,0.29958288,57.67519999999999,$0-1,0.19,198858.0
"Oroku Saki, Shredder Rising",0.2,0.35,0.15,75.0,-25.0,603.0,WIP,0.2996,49.79999999999998,$0-1,0.15,680272.0
Dispelling Exhale,0.2,0.35,0.15,75.0,-25.0,224.0,WIP,0.2996,49.79999999999998,$0-1,0.2,625012.0
Town Greeter,0.2,0.35,0.15,75.0,-25.0,513.0,WIP,0.2996,49.79999999999998,$0-1,0.15,631606.0
Skirmish Rhino,0.2,0.35,0.15,75.0,-25.0,115.0,WIP,0.2996,49.79999999999998,$0-1,0.15,619639.0
Icatian Moneychanger,0.2,0.35,0.18,75.0,-10.0,1010.0,WIP,0.2996,49.79999999999998,$0-1,0.22,
Essence Scatter,0.2,0.35,0.15,75.0,-25.0,594.0,WIP,0.2996,49.79999999999998,$0-1,0.15,69148.0
Barkform Harvester,0.2,0.35,0.15,75.0,-25.0,639.0,WIP,0.2996,49.79999999999998,$0-1,0.2,558679.0
Flamebraider,0.21,0.35007,0.14994,66.7,-28.6,382.0,WIP,0.2996599199999999,42.69519999999999,$0-1,0.15,671176.0
Divert Disaster,0.21,0.35007,0.14994,66.7,-28.6,255.0,WIP,0.2996599199999999,42.69519999999999,$0-1,0.17,644579.0
Mogg Salvage,0.21,0.35007,0.14994,66.7,-28.6,319.0,WIP,0.2996599199999999,42.69519999999999,$0-1,0.19,239750.0
"Dargo, the Shipwrecker",0.21,0.35007,0.14994,66.7,-28.6,169.0,WIP,0.2996599199999999,42.69519999999999,$0-1,0.24,226644.0
Unstable Amulet,0.22,0.35002,0.1500399999999999,59.1,-31.8,362.0,WIP,0.29961712,36.189600000000006,$0-1,0.24,552637.0
Shao Jun,0.22,0.35002,0.1500399999999999,59.1,-31.8,115.0,WIP,0.29961712,36.189600000000006,$0-1,0.15,556335.0
Dust Animus,0.22,0.4899400000000001,0.1500399999999999,122.7,-31.8,88.0,WIP,0.4193886400000001,90.63120000000004,$0-1,0.2,544725.0
Glamer Gifter,0.22,0.35002,0.1500399999999999,59.1,-31.8,279.0,WIP,0.29961712,36.189600000000006,$0-1,0.15,671468.0
Raven Eagle,0.22,0.4899400000000001,0.1500399999999999,122.7,-31.8,389.0,WIP,0.4193886400000001,90.63120000000004,$0-1,0.15,662081.0
Pyrrhic Strike,0.23,0.35006,0.14996,52.2,-34.8,381.0,WIP,0.29965136,30.283199999999983,$0-1,0.15,671463.0
Broodspinner,0.23,0.35006,0.14996,52.2,-34.8,239.0,WIP,0.29965136,30.283199999999983,$0-1,0.23,578347.0
Vile Entomber,0.23,0.79005,0.14996,243.5,-34.8,480.0,WIP,0.6762828,194.036,$0-1,0.24,591019.0
Swallowed by Leviathan,0.23,0.35006,0.14996,52.2,-34.8,546.0,WIP,0.29965136,30.283199999999983,$0-1,0.16,634191.0
Holdout Settlement,0.23,0.39008,0.14996,69.6,-34.8,501.0,WIP,0.3339084799999999,45.17759999999997,$0-1,0.35,111039.0
Wild Cantor,0.24,0.3499199999999999,0.15,45.8,-37.5,344.0,WIP,0.2995315199999999,24.80479999999996,$0-1,0.25,531170.0
Heartless Act,0.24,0.3499199999999999,0.15,45.8,-37.5,351.0,WIP,0.2995315199999999,24.80479999999996,$0-1,0.15,212369.0
Feed the Cycle,0.24,0.3499199999999999,0.15,45.8,-37.5,345.0,WIP,0.2995315199999999,24.80479999999996,$0-1,0.15,559509.0
Combustion Technique,0.24,0.3499199999999999,0.15,45.8,-37.5,610.0,WIP,0.2995315199999999,24.80479999999996,$0-1,0.19,662106.0
Dwarven Scorcher,0.24,0.39,0.27,62.5,12.5,173.0,WIP,0.33384,39.100000000000016,$0-1,0.33,10246.0
Secret Identity,0.24,0.4900799999999999,0.15,104.2,-37.5,987.0,WIP,0.4195084799999999,74.79519999999997,$0-1,0.19,652302.0
Iron-Shield Elf,0.25,0.35,0.15,40.0,-40.0,618.0,WIP,0.2996,19.83999999999999,$0-1,0.21,670979.0
Twinshot Sniper,0.25,0.35,0.15,40.0,-40.0,274.0,WIP,0.2996,19.83999999999999,$0-1,0.26,262155.0
Drift of Phantasms,0.25,0.69,0.25,176.0,0.0,713.0,WIP,0.5906399999999999,136.25599999999997,$0-1,0.33,531162.0
Skyclave Apparition,0.25,0.49,0.15,96.0,-40.0,480.0,WIP,0.41944,67.776,$0-1,0.19,687530.0
Wall of Roots,0.26,0.4901,0.15002,88.5,-42.3,466.0,WIP,0.4195256,61.356,$0-1,0.15,583322.0
Wild Slash,0.26,0.34996,0.15002,34.6,-42.3,105.0,WIP,0.29956576,15.2176,$0-1,0.15,251639.0
Reap and Sow,0.26,0.34996,0.26,34.6,0.0,157.0,WIP,0.29956576,15.2176,$0-1,0.25,11691.0
Stalactite Dagger,0.26,0.34996,0.15002,34.6,-42.3,473.0,WIP,0.29956576,15.2176,$0-1,0.15,672032.0
"Malcolm, Keen-Eyed Navigator",0.26,0.39,0.15002,50.0,-42.3,243.0,WIP,0.33384,28.4,$0-1,0.34,525759.0
White Lotus Hideout,0.26,0.34996,0.15002,34.6,-42.3,498.0,WIP,0.29956576,15.2176,$0-1,0.15,660742.0
Axgard Cavalry,0.26,0.34996,0.15002,34.6,-42.3,173.0,WIP,0.29956576,15.2176,$0-1,0.15,582920.0
Scavenging Ooze,0.27,0.49005,0.15012,81.5,-44.4,301.0,WIP,0.4194828,55.36399999999999,$0-1,0.28,269444.0
Dwarven Grunt,0.27,0.38988,0.27999,44.4,3.7,225.0,WIP,0.3337372799999999,23.60639999999998,$0-1,0.4,9460.0
Liberated Dwarf,0.27,0.34992,0.26001,29.6,-3.7,156.0,WIP,0.29953152,10.93759999999999,$0-1,0.33,10255.0
Plundering Barbarian,0.27,0.38988,0.15012,44.4,-44.4,324.0,WIP,0.3337372799999999,23.60639999999998,$0-1,0.25,583403.0
Barbarian Ring,0.27,0.49005,0.15012,81.5,-44.4,777.0,WIP,0.4194828,55.36399999999999,$0-1,0.19,552632.0
Strangleroot Geist,0.27,0.34992,0.15012,29.6,-44.4,160.0,WIP,0.29953152,10.93759999999999,$0-1,0.22,57606.0
Bounce Off,0.27,0.34992,0.15012,29.6,-44.4,668.0,WIP,0.29953152,10.93759999999999,$0-1,0.24,615614.0
Ancient Vendetta,0.27,0.38988,0.15012,44.4,-44.4,381.0,WIP,0.3337372799999999,23.60639999999998,$0-1,0.19,616077.0
Lost in the Maze,0.27,0.49005,0.15012,81.5,-44.4,358.0,WIP,0.4194828,55.36399999999999,$0-1,0.28,534063.0
Trickery Charm,0.28,0.5899600000000002,0.26012,110.7,-7.1,183.0,WIP,0.5050057600000001,80.35920000000002,$0-1,0.35,10326.0
Snakeskin Veil,0.28,0.39004,0.15008,39.3,-46.4,689.0,WIP,0.33387424,19.240799999999982,$0-1,0.16,230183.0
Pyroclasm,0.28,0.35,0.15008,25.0,-46.4,472.0,WIP,0.2996,6.999999999999981,$0-1,0.2,32701.0
"Felothar, Dawn of the Abzan",0.28,0.49,0.15008,75.0,-46.4,184.0,WIP,0.41944,49.799999999999976,$0-1,0.21,625748.0
Gumdrop Poisoner,0.28,0.49,0.15008,75.0,-46.4,126.0,WIP,0.41944,49.799999999999976,$0-1,,513877.0
"Zhao, the Moon Slayer",0.29,0.4900999999999999,0.14993,69.0,-48.3,414.0,WIP,0.4195255999999999,44.664,$0-1,0.23,662573.0
Kishla Village,0.29,0.4900999999999999,0.14993,69.0,-48.3,172.0,WIP,0.4195255999999999,44.664,$0-1,0.28,624266.0
Sear,0.29,0.35003,0.14993,20.7,-48.3,677.0,WIP,0.29962568,3.319200000000009,$0-1,0.27,671007.0
Full Bore,0.29,0.35003,0.14993,20.7,-48.3,512.0,WIP,0.29962568,3.319200000000009,$0-1,0.15,643890.0
Tax Collector,0.29,0.5898599999999999,0.14993,103.4,-48.3,556.0,WIP,0.50492016,74.1104,$0-1,0.3,556306.0
Rakshasa's Bargain,0.29,0.35003,0.14993,20.7,-48.3,227.0,WIP,0.29962568,3.319200000000009,$0-1,0.16,623890.0
Lightning Helix,0.3,0.3501,0.15,16.7,-50.0,566.0,WIP,0.2996856,-0.1047999999999974,$0-1,0.26,530849.0
Bloodfire Dwarf,0.3,0.39,0.2498999999999999,30.0,-16.7,218.0,WIP,0.33384,11.280000000000012,$0-1,0.35,7914.0
Tavern Scoundrel,0.3,0.3501,0.15,16.7,-50.0,488.0,WIP,0.2996856,-0.1047999999999974,$0-1,0.22,240341.0
Stingerback Terror,0.3,0.4899,0.15,63.3,-50.0,129.0,WIP,0.4193544,39.78480000000001,$0-1,0.16,544511.0
Dredger's Insight,0.3,0.99,0.15,230.0,-50.0,501.0,WIP,0.84744,182.48,$0-1,0.39,615239.0
Reckless Handling,0.3,0.5901,0.15,96.7,-50.0,443.0,WIP,0.5051256,68.37519999999999,$0-1,0.28,495617.0
Mirage Mirror,0.31,0.49011,0.15004,58.1,-51.6,794.0,WIP,0.41953416,35.3336,$0-1,0.2,697574.0
Phyrexian Revoker,0.31,0.49011,0.24986,58.1,-19.4,112.0,WIP,0.41953416,35.3336,$0-1,0.37,91089.0
Young Wolf,0.31,0.34999,0.15004,12.9,-51.6,181.0,WIP,0.29959144,-3.357600000000004,$0-1,0.33,57853.0
Annul,0.31,0.34999,0.15004,12.9,-51.6,667.0,WIP,0.29959144,-3.357600000000004,$0-1,0.2,71315.0
Promising Vein,0.31,0.34999,0.15004,12.9,-51.6,490.0,WIP,0.29959144,-3.357600000000004,$0-1,0.15,526395.0
Zoyowa's Justice,0.31,0.34999,0.15004,12.9,-51.6,377.0,WIP,0.29959144,-3.357600000000004,$0-1,0.3,525289.0
Hidden Strings,0.31,0.58993,0.27001,90.3,-12.9,631.0,WIP,0.5049800799999999,62.89679999999999,$0-1,0.37,67963.0
Meltstrider's Resolve,0.31,0.38998,0.15004,25.8,-51.6,722.0,WIP,0.33382288,7.684799999999997,$0-1,0.19,644628.0
Subterranean Schooner,0.31,0.49011,0.15004,58.1,-51.6,163.0,WIP,0.41953416,35.3336,$0-1,0.19,526868.0
Transmogrify,0.31,0.49011,0.16988,58.1,-45.2,79.0,WIP,0.41953416,35.3336,$0-1,0.36,215571.0
Divergent Transformations,0.31,0.69006,0.31992,122.6,3.2,116.0,WIP,0.59069136,90.5456,$0-1,,124455.0
Anointed Peacekeeper,0.32,0.4899200000000001,0.15008,53.1,-53.1,159.0,WIP,0.41937152,31.053600000000014,$0-1,0.4,283402.0
Shock,0.32,0.35008,0.15008,9.4,-53.1,290.0,WIP,0.29966848,-6.353599999999997,$0-1,0.16,47249.0
Enslaved Dwarf,0.32,0.35008,0.3401599999999999,9.4,6.3,175.0,WIP,0.29966848,-6.353599999999997,$0-1,0.37,9694.0
Bartolomé del Presidio,0.32,0.35008,0.15008,9.4,-53.1,1010.0,WIP,0.29966848,-6.353599999999997,$0-1,0.16,
"Smellerbee, Rebel Fighter",0.32,0.6899199999999999,0.2,115.6,-37.5,450.0,WIP,0.5905715199999999,84.55359999999996,$0-1,0.26,662367.0
Loyal Apprentice,0.32,0.4899200000000001,0.19008,53.1,-40.6,420.0,WIP,0.41937152,31.053600000000014,$0-1,0.47,507155.0
"Chainer, Dementia Master",0.32,0.4899200000000001,0.15008,53.1,-53.1,80.0,WIP,0.41937152,31.053600000000014,$0-1,0.3,503401.0
Confounding Conundrum,0.32,0.4899200000000001,0.15008,53.1,-53.1,231.0,WIP,0.41937152,31.053600000000014,$0-1,0.27,221854.0
March of Wretched Sorrow,0.33,0.49005,0.15015,48.5,-54.5,247.0,WIP,0.4194828,27.11599999999999,$0-1,0.39,262443.0
Retraction Helix,0.33,0.35013,0.15015,6.1,-54.5,551.0,WIP,0.2997112799999999,-9.178400000000014,$0-1,0.2,79146.0
Cancel,0.33,0.35013,0.15015,6.1,-54.5,82.0,WIP,0.2997112799999999,-9.178400000000014,$0-1,0.2,27629.0
Soul-Guide Lantern,0.33,0.35013,0.15015,6.1,-54.5,408.0,WIP,0.2997112799999999,-9.178400000000014,$0-1,0.4,589366.0
"Vaan, Street Thief",0.33,0.49005,0.15015,48.5,-54.5,362.0,WIP,0.4194828,27.11599999999999,$0-1,0.18,633403.0
Spire of Industry,0.33,0.49005,0.15015,48.5,-54.5,484.0,WIP,0.4194828,27.11599999999999,$0-1,0.2,126422.0
Ill-Timed Explosion,0.33,0.49005,0.15015,48.5,-54.5,513.0,WIP,0.4194828,27.11599999999999,$0-1,0.27,535985.0
Snapback,0.33,0.99,0.29997,200.0,-9.1,617.0,WIP,0.84744,156.79999999999995,$0-1,,14362.0
Hired Claw,0.33,0.6900300000000001,0.15015,109.1,-54.5,459.0,WIP,0.5906656800000001,78.98960000000001,$0-1,0.42,559082.0
Volatile Fault,0.33,0.39006,0.15015,18.2,-54.5,390.0,WIP,0.33389136,1.1792000000000031,$0-1,0.22,553247.0
Dwarven Trader,0.34,0.38998,0.14994,14.7,-55.9,142.0,WIP,0.33382288,-1.8168000000000104,$0-1,,4486.0
The Huntsman's Redemption,0.34,0.48994,0.14994,44.1,-55.9,231.0,WIP,0.41938864,23.349599999999985,$0-1,0.4,514324.0
Light Up the Stage,0.34,0.38998,0.14994,14.7,-55.9,421.0,WIP,0.33382288,-1.8168000000000104,$0-1,0.27,534654.0
Extravagant Replication,0.34,0.68986,0.14994,102.9,-55.9,603.0,WIP,0.59052016,73.68239999999999,$0-1,0.26,591169.0
Broadside Barrage,0.34,0.5899,0.14994,73.5,-55.9,722.0,WIP,0.5049544,48.516,$0-1,0.33,616114.0
Asmodeus the Archfiend,0.35,0.4899999999999999,0.1501499999999999,40.0,-57.1,209.0,WIP,0.4194399999999998,19.839999999999968,$0-1,0.44,243588.0
Gingerbrute,0.35,0.68985,0.15995,97.1,-54.3,606.0,WIP,0.5905115999999999,68.71759999999999,$0-1,0.24,198887.0
Nova Hellkite,0.35,0.4899999999999999,0.1501499999999999,40.0,-57.1,586.0,WIP,0.4194399999999998,19.839999999999968,$0-1,0.3,641732.0
Chromatic Star,0.36,0.3499199999999999,0.15012,-2.8,-58.3,396.0,WIP,0.2995315199999999,-16.79680000000003,$0-1,0.25,452387.0
Rockface Village,0.36,0.3499199999999999,0.15012,-2.8,-58.3,558.0,WIP,0.2995315199999999,-16.79680000000003,$0-1,0.2,558612.0
Unlicensed Hearse,0.37,0.99012,0.14985,167.6,-59.5,304.0,WIP,0.84754272,129.0656,$0-1,0.48,544883.0
Sylvan Scrying,0.37,0.48988,0.14985,32.4,-59.5,474.0,WIP,0.41933728,13.334399999999995,$0-1,0.17,553283.0
Spyglass Siren,0.37,0.35002,0.14985,-5.4,-59.5,375.0,WIP,0.29961712,-19.0224,$0-1,0.24,524172.0
Maelstrom Pulse,0.37,0.48988,0.14985,32.4,-59.5,407.0,WIP,0.41933728,13.334399999999995,$0-1,0.2,589351.0
Lifecraft Engine,0.37,0.48988,0.14985,32.4,-59.5,293.0,WIP,0.41933728,13.334399999999995,$0-1,0.45,610768.0
Hearth Elemental,0.37,0.6900499999999999,0.14985,86.5,-59.5,1009.0,WIP,0.5906828,59.643999999999984,$0-1,,513331.0
Siren Stormtamer,0.38,1.2901,0.19988,239.5,-47.4,395.0,WIP,1.1043256,190.612,$0-1,0.4,582615.0
Pit of Offerings,0.38,0.59014,0.25992,55.3,-31.6,637.0,WIP,0.50515984,32.936800000000005,$0-1,0.47,525127.0
Faerie Seer,0.38,0.59014,0.25004,55.3,-34.2,746.0,WIP,0.50515984,32.936800000000005,$0-1,0.37,590537.0
Burnout Bashtronaut,0.39,0.59007,0.15015,51.3,-61.5,272.0,WIP,0.5050999199999999,29.512799999999977,$0-1,0.48,615634.0
Final Parting,0.39,0.59007,0.31005,51.3,-20.5,490.0,WIP,0.5050999199999999,29.512799999999977,$0-1,0.44,164398.0
Impulsive Pilferer,0.39,0.34983,0.15015,-10.3,-61.5,455.0,WIP,0.2994544799999999,-23.21680000000001,$0-1,0.25,507454.0
Angrath's Marauders,0.39,0.68991,0.15015,76.9,-61.5,394.0,WIP,0.59056296,51.42639999999999,$0-1,0.39,525731.0
Floodpits Drowner,0.39,0.68991,0.15015,76.9,-61.5,770.0,WIP,0.59056296,51.42639999999999,$0-1,0.3,576874.0
Momentum Breaker,0.39,0.39,0.15015,0.0,-61.5,369.0,WIP,0.33384,-14.399999999999997,$0-1,0.3,614563.0
"Lena, Selfless Champion",0.39,1.2901200000000002,0.32019,230.8,-17.9,147.0,WIP,1.1043427200000002,183.16480000000004,$0-1,0.37,169111.0
"Sandman, Shifting Scoundrel",0.39,0.48984,0.15015,25.6,-61.5,408.0,WIP,0.41930304,7.513600000000001,$0-1,0.15,651333.0
Glen Elendra Guardian,0.4,0.49,0.15,22.5,-62.5,551.0,WIP,0.41944,4.85999999999999,$0-1,0.25,671753.0
Dream Beavers,0.4,0.35,0.15,-12.5,-62.5,1012.0,WIP,0.2996,-25.10000000000001,$0-1,0.19,680261.0
Displacement Wave,0.4,0.79,0.39,97.5,-2.5,85.0,WIP,0.6762400000000001,69.06000000000002,$0-1,0.5,100095.0
Deadly Cover-Up,0.4,0.79,0.2299999999999999,97.5,-42.5,639.0,WIP,0.6762400000000001,69.06000000000002,$0-1,0.39,534141.0
Restless Vinestalk,0.4,0.6900000000000001,0.15,72.5,-62.5,192.0,WIP,0.59064,47.66000000000001,$0-1,0.25,513373.0
Signal Pest,0.42,0.98994,0.35994,135.7,-14.3,422.0,WIP,0.84738864,101.7592,$0-1,0.5,39139.0
"Casey Jones, Back Alley Brute",0.42,0.69006,0.14994,64.3,-64.3,689.0,WIP,0.59069136,40.640800000000006,$0-1,0.36,679589.0
Cut Down,0.42,0.7900199999999998,0.18984,88.1,-54.8,567.0,WIP,0.6762571199999998,61.01359999999997,$0-1,0.47,282845.0
Faeburrow Elder,0.42,0.7900199999999998,0.33012,88.1,-21.4,1485.0,WIP,0.6762571199999998,61.01359999999997,$0-1,0.41,559917.0
Survivors' Encampment,0.42,1.2898199999999995,0.35994,207.1,-14.3,676.0,WIP,1.1040859199999995,162.87759999999992,$0-1,0.42,583286.0
Louisoix's Sacrifice,0.43,0.4902,0.15007,14.0,-65.1,556.0,WIP,0.4196112,-2.4159999999999946,$0-1,0.25,633987.0
Havenwood Battleground,0.43,0.4902,0.3599099999999999,14.0,-16.3,206.0,WIP,0.4196112,-2.4159999999999946,$0-1,0.39,37494.0
Molten Disaster,0.44,0.99,0.4501199999999999,125.0,2.3,105.0,WIP,0.84744,92.6,$0-1,0.48,72190.0
"Thalia, Guardian of Thraben",0.47,0.4902099999999999,0.36002,4.3,-23.4,378.0,WIP,0.4196197599999999,-10.719200000000004,$0-1,0.49,252859.0
Awaken the Honored Dead,0.47,0.4902099999999999,0.14993,4.3,-68.1,342.0,WIP,0.4196197599999999,-10.719200000000004,$0-1,0.37,625744.0
Auratouched Mage,0.49,0.34986,0.17983,-28.6,-63.3,108.0,WIP,0.29948016,-38.8816,$0-1,0.35,13194.0
Werefox Bodyguard,0.49,0.5899599999999999,0.16023,20.4,-67.3,212.0,WIP,0.50500576,3.062399999999996,$0-1,0.56,512676.0
Battered Golem,0.49,0.68992,0.46011,40.8,-6.1,416.0,WIP,0.59057152,20.52480000000001,$0-1,0.59,11783.0
Metallic Mimic,0.49,1.29017,0.3601499999999999,163.3,-26.5,865.0,WIP,1.10438552,125.38480000000004,$0-1,0.42,697416.0
Bringer of the Last Gift,0.5,0.59,0.26,18.0,-48.0,293.0,WIP,0.5050399999999999,1.007999999999987,$0-1,0.54,524318.0
Soulstone Sanctuary,0.51,0.98991,0.16014,94.1,-68.6,730.0,WIP,0.84736296,66.14959999999999,$0-1,0.37,591327.0
Blood Pet,0.51,1.49022,0.82008,192.2,60.8,481.0,WIP,1.27562832,150.12320000000005,$0-1,0.92,2835.0
"Lavinia, Azorius Renegade",0.52,0.5902000000000001,0.2199599999999999,13.5,-57.7,223.0,WIP,0.5052112000000001,-2.8439999999999874,$0-1,0.25,182131.0
Sire of Insanity,0.52,0.7898800000000001,0.39,51.9,-25.0,194.0,WIP,0.6761372800000001,30.02640000000001,$0-1,0.5,67898.0
Patrol Signaler,0.53,0.7902300000000001,0.49979,49.1,-5.7,98.0,WIP,0.67643688,27.6296,$0-1,0.47,27177.0
Sage of the Skies,0.53,0.4902500000000001,0.1499899999999999,-7.5,-71.7,731.0,WIP,0.4196540000000001,-20.81999999999999,$0-1,0.48,625719.0
Pawpatch Recruit,0.57,0.99009,0.1801199999999999,73.7,-68.4,712.0,WIP,0.84751704,48.687200000000026,$0-1,0.44,559486.0
Pithing Needle,0.58,0.78996,0.29986,36.2,-48.3,218.0,WIP,0.67620576,16.587200000000006,$0-1,0.5,247969.0
Leyline of the Void,0.58,0.6901999999999999,0.1600799999999999,19.0,-72.4,514.0,WIP,0.5908111999999999,1.8639999999999843,$0-1,0.38,583661.0
"Lukka, Coppercoat Outcast",0.58,0.99006,0.4698,70.7,-19.0,70.0,WIP,0.84749136,46.11920000000001,$0-1,0.79,211996.0
Gudul Lurker,0.59,1.28974,0.41005,118.6,-30.5,257.0,WIP,1.10401744,87.12160000000002,$0-1,0.45,581324.0
Shadow of Mortality,0.62,1.29022,0.30008,108.1,-51.6,261.0,WIP,1.10442832,78.1336,$0-1,0.66,268782.0
Eidolon of Rhetoric,0.62,1.29022,0.60016,108.1,-3.2,358.0,WIP,1.10442832,78.1336,$0-1,0.74,82243.0
Autumn's Veil,0.62,0.69006,0.30008,11.3,-51.6,444.0,WIP,0.59069136,-4.7272,$0-1,0.48,47710.0
Fatal Push,0.63,0.98973,0.14994,57.1,-76.2,995.0,WIP,0.8472088799999999,34.47759999999999,$0-1,0.45,484511.0
Echoing Deeps,0.64,0.6899200000000001,0.30016,7.8,-53.1,356.0,WIP,0.59057152,-7.723199999999999,$0-1,0.59,525285.0
Goblin Rabblemaster,0.68,1.28996,0.35972,89.7,-47.1,231.0,WIP,1.10420576,62.38319999999997,$0-1,0.41,590545.0
Neoform,0.74,0.99012,0.48026,33.8,-35.1,710.0,WIP,0.84754272,14.532799999999998,$0-1,0.75,188217.0
Trophy Mage,0.75,1.7902499999999997,0.56025,138.7,-25.3,525.0,WIP,1.5324539999999998,104.32719999999998,$0-1,0.64,125849.0
Damping Sphere,0.75,0.99,0.63975,32.0,-14.7,709.0,WIP,0.84744,12.991999999999996,$0-1,0.56,461925.0
Spirit of the Labyrinth,0.78,0.6903,0.3003,-11.5,-61.5,239.0,WIP,0.5908968,-24.244000000000003,$0-1,,78851.0
Troll of Khazad-dûm,0.79,1.79014,0.39974,126.6,-49.4,1010.0,WIP,1.53235984,93.9696,$0-1,0.88,
"Hammerhead, Maggia Boss",0.79,0.79,0.48032,0.0,-39.2,421.0,WIP,0.6762400000000001,-14.399999999999997,$0-1,,697259.0
"Oko, Lorwyn Liege",0.83,0.99019,0.33034,19.3,-60.2,399.0,WIP,0.84760264,2.1208000000000005,$0-1,,671043.0
Key to the City,0.89,0.4903899999999999,0.15041,-44.9,-83.1,649.0,WIP,0.4197738399999999,-52.83440000000002,$0-1,0.23,631182.0
Ertai Resurrected,0.91,0.99008,0.31031,8.8,-65.9,242.0,WIP,0.8475084799999999,-6.867200000000015,$0-1,0.44,283607.0
Ghost Quarter,0.92,1.28984,0.36984,40.2,-59.8,612.0,WIP,1.10410304,20.0112,$0-1,0.56,499590.0
Oath of Teferi,0.94,0.7896,0.4399199999999999,-16.0,-53.2,212.0,WIP,0.6758976,-28.096,$0-1,0.59,162141.0
The Jolly Balloon Man,0.95,0.6897,0.36005,-27.4,-62.1,459.0,WIP,0.5903832,-37.8544,$0-1,0.53,594379.0
Emberheart Challenger,0.95,1.7897999999999998,0.28025,88.4,-70.5,617.0,WIP,1.5320687999999998,61.27039999999998,$0-1,0.49,559076.0
Rest in Peace,0.98,1.4896,0.1597399999999999,52.0,-83.7,662.0,WIP,1.2750976,30.112000000000005,$0-1,0.56,555448.0
Lumbering Worldwagon,1.0,0.99,0.38,-1.0,-62.0,634.0,WIP,0.84744,-15.256000000000004,$1-2,0.55,615648.0
"Kona, Rescue Beastie",1.01,1.48975,0.91001,47.5,-9.9,1010.0,WIP,1.275226,26.259999999999994,$1-2,1.08,
Cursed Totem,1.03,1.49041,0.8404800000000001,44.7,-18.4,530.0,WIP,1.27579096,23.86319999999999,$1-2,1.07,240154.0
Blood Celebrant,1.06,0.99004,0.64024,-6.6,-39.6,452.0,WIP,0.84747424,-20.0496,$1-2,0.76,10746.0
Glen Elendra's Answer,1.12,0.99008,0.46032,-11.6,-58.9,459.0,WIP,0.8475084799999999,-24.329600000000013,$1-2,0.63,670991.0
"Kavaron, Memorial World",1.16,1.7898799999999997,0.25984,54.3,-77.6,644.0,WIP,1.5321372799999995,32.08079999999999,$1-2,1.1,645535.0
"Surrak, Elusive Hunter",1.22,0.98942,0.15006,-18.9,-87.7,666.0,WIP,0.84694352,-30.5784,$1-2,0.25,625742.0
Nature's Claim,1.23,1.2902699999999998,0.3702299999999999,4.9,-69.9,523.0,WIP,1.10447112,-10.205600000000006,$1-2,0.54,118676.0
Preacher of the Schism,1.23,1.2902699999999998,0.5694899999999999,4.9,-53.7,398.0,WIP,1.10447112,-10.205600000000006,$1-2,,526832.0
Oildeep Gearhulk,1.26,1.98954,0.8303400000000001,57.9,-34.1,390.0,WIP,1.70304624,35.16239999999999,$1-2,0.94,614344.0
Mothdust Changeling,1.29,1.48995,0.2605800000000001,15.5,-79.8,356.0,WIP,1.2753972,-1.132000000000002,$1-2,,581626.0
Aven Mindcensor,1.34,0.6901,0.45962,-48.5,-65.7,306.0,WIP,0.5907256000000001,-55.916,$1-2,0.49,581255.0
Centaur Garden,1.38,1.4904,1.6201199999999998,8.0,17.4,135.0,WIP,1.2757824,-7.551999999999993,$1-2,1.06,9591.0
Altar of the Wretched,1.39,2.9898899999999995,4.680129999999999,115.1,236.7,134.0,WIP,2.55934584,84.12559999999996,$1-2,,526401.0
Leyline of Abundance,1.41,1.4903699999999998,0.94047,5.7,-33.3,419.0,WIP,1.2757567199999995,-9.520800000000014,$1-2,1.16,192638.0
Soot Imp,1.45,0.5901500000000001,1.0599500000000002,-59.3,-26.9,97.0,WIP,0.5051684000000001,-65.1608,$1-2,,93603.0
Waterlogged Grove,1.47,1.79046,0.6497400000000001,21.8,-55.8,699.0,WIP,1.53263376,4.260799999999999,$1-2,,519273.0
Blue Elemental Blast,1.49,1.29034,0.59004,-13.4,-60.4,1562.0,WIP,1.10453104,-25.870400000000004,$1-2,,1667.0
Sanctum Prelate,1.5,1.4895,1.56,-0.7,4.0,117.0,WIP,1.275012,-14.999199999999998,$1-2,1.25,121628.0
Skullsnatcher,1.5,0.4905000000000001,0.1499999999999999,-67.3,-90.0,248.0,WIP,0.4198680000000001,-72.0088,$1-2,0.2,582867.0
Saheeli Rai,1.51,1.99018,1.36051,31.8,-9.9,185.0,WIP,1.70359408,12.820799999999998,$1-2,1.33,122604.0
Botanical Sanctum,1.52,2.29064,0.95,50.7,-37.5,546.0,WIP,1.96078784,28.999199999999988,$1-2,1.41,122643.0
Slaughter Pact,1.53,1.7901,1.3005,17.0,-15.0,195.0,WIP,1.5323256,0.1520000000000025,$1-2,1.23,68363.0
North Wind Avatar,1.54,1.78948,0.42966,16.2,-72.1,612.0,WIP,1.53179488,-0.5328000000000115,$1-2,,673664.0
Knight of the Reliquary,1.55,1.79025,1.39965,15.5,-9.7,87.0,WIP,1.532454,-1.132000000000004,$1-2,1.45,145478.0
Marang River Regent,1.59,2.79045,2.21964,75.5,39.6,571.0,WIP,2.3886252,50.22799999999998,$1-2,,625724.0
Heartless Summoning,1.62,1.98936,0.92016,22.8,-43.2,273.0,WIP,1.70289216,5.1167999999999925,$1-2,1.1,55979.0
Shred Memory,1.64,0.79048,0.6396,-51.8,-61.0,359.0,WIP,0.67665088,-58.74080000000001,$1-2,0.55,13417.0
Keen-Eyed Curator,1.65,1.48995,0.2606999999999999,-9.7,-84.2,720.0,WIP,1.2753972,-22.703199999999995,$1-2,0.29,559484.0
"Krark, the Thumbless",1.7,1.9907,1.0404000000000002,17.1,-38.8,446.0,WIP,1.7040392,0.2376000000000012,$1-2,1.6,226121.0
Ricochet Trap,1.71,0.58995,0.2000699999999999,-65.5,-88.3,348.0,WIP,0.5049971999999999,-70.468,$1-2,,583425.0
Phyrexian Walker,1.73,2.79049,1.65042,61.3,-4.6,744.0,WIP,2.38865944,38.07280000000001,$1-2,,5899.0
Tinder Wall,1.76,0.98912,0.49984,-43.8,-71.6,834.0,WIP,0.84668672,-51.8928,$1-2,,4919.0
Restless Cottage,1.79,1.99048,1.17961,11.2,-34.1,415.0,WIP,1.70385088,-4.812799999999998,$1-2,,512205.0
"Tyvar, Jubilant Brawler",1.89,1.99017,1.0395,5.3,-45.0,528.0,WIP,1.70358552,-9.863200000000004,$1-2,1.35,481674.0
Blinkmoth Nexus,1.9,0.9899,0.7904,-47.9,-58.4,81.0,WIP,0.8473544,-55.40239999999999,$1-2,1.09,98643.0
Inspiring Vantage,1.96,3.49076,1.35044,78.1,-31.1,631.0,WIP,2.98809056,52.45359999999999,$1-2,1.67,122658.0
Eternal Witness,2.02,1.49076,1.26048,-26.2,-37.6,619.0,WIP,1.27609056,-36.82719999999999,$2-5,1.31,456789.0
Archon of Emeria,2.1,2.4906,1.0101,18.6,-51.9,611.0,WIP,2.1319536,1.5216000000000012,$2-5,1.5,223894.0
Oboro Breezecaller,2.12,0.9900400000000004,1.52004,-53.3,-28.3,504.0,WIP,0.8474742400000003,-60.02479999999999,$2-5,,12498.0
Tishana's Tidebinder,2.2,3.990800000000001,2.079,81.4,-5.5,552.0,WIP,3.416124800000001,55.278400000000026,$2-5,2.66,525207.0
Restless Reef,2.26,2.2893799999999995,1.2090999999999996,1.3,-46.5,449.0,WIP,1.95970928,-13.287200000000013,$2-5,1.76,525367.0
Virtue of Courage,2.38,7.989659999999999,3.9389,235.7,65.5,257.0,WIP,6.839148959999999,187.3592,$2-5,,514332.0
Abrupt Decay,2.5,2.29,1.04,-8.4,-58.4,497.0,WIP,1.96024,-21.5904,$2-5,1.08,234148.0
Smuggler's Copter,2.51,1.4909399999999997,0.4492900000000001,-40.6,-82.1,370.0,WIP,1.2762446399999998,-49.1536,$2-5,0.99,583192.0
Galvanic Blast,2.51,2.98941,1.86995,19.1,-25.5,1046.0,WIP,2.55893496,1.949599999999999,$2-5,1.98,36340.0
Muddle the Mixture,2.52,2.78964,1.84968,10.7,-26.6,537.0,WIP,2.38793184,-5.240800000000009,$2-5,2.1,13359.0
Spark Mage,2.52,3.4902,2.58048,38.5,2.4,148.0,WIP,2.9876112,18.556,$2-5,2.35,9497.0
Mirrormade,2.53,3.98981,1.5407699999999998,57.7,-39.1,470.0,WIP,3.41527736,34.9912,$2-5,1.62,199057.0
"Sisay, Weatherlight Captain",2.55,2.7897,2.19045,9.4,-14.1,469.0,WIP,2.3879832,-6.353599999999999,$2-5,2.45,190933.0
Thousand-Faced Shadow,2.57,2.49033,1.1899099999999998,-3.1,-53.7,403.0,WIP,2.13172248,-17.053599999999992,$2-5,1.43,263942.0
Dizzy Spell,2.63,2.49061,2.28021,-5.3,-13.3,556.0,WIP,2.13196216,-18.936799999999995,$2-5,,13259.0
"Magda, Brazen Outlaw",2.63,3.49001,2.60107,32.7,-1.1,827.0,WIP,2.98744856,13.591199999999995,$2-5,2.74,229232.0
"Aminatou, the Fateshifter",2.64,3.9890400000000006,2.88024,51.1,9.1,109.0,WIP,3.41461824,29.3416,$2-5,2.7,276336.0
Blooming Marsh,2.69,3.98927,2.03095,48.3,-24.5,583.0,WIP,3.41481512,26.94479999999999,$2-5,2.14,122642.0
Vial Smasher the Fierce,2.7,2.7891,1.35,3.3,-50.0,210.0,WIP,2.3874696,-11.575200000000017,$2-5,,578922.0
Dark Petition,2.72,6.489920000000001,2.61936,138.6,-3.7,544.0,WIP,5.5553715200000005,104.2416,$2-5,,100099.0
Surgical Extraction,2.77,3.4902,0.7811400000000001,26.0,-71.8,549.0,WIP,2.9876112,7.855999999999996,$2-5,1.87,544865.0
Gush,2.87,3.48992,1.6703400000000004,21.6,-41.8,683.0,WIP,2.98737152,4.089599999999995,$2-5,1.86,6547.0
Crippling Fear,2.87,0.99015,0.35875,-65.5,-87.5,350.0,WIP,0.8475684,-70.468,$2-5,0.66,230901.0
Geier Reach Sanitarium,2.88,3.9888,1.50912,38.5,-47.6,542.0,WIP,3.4144128,18.556000000000004,$2-5,2.6,243957.0
Hazel's Brewmaster,2.96,3.99008,1.85,34.8,-37.5,725.0,WIP,3.41550848,15.388799999999993,$2-5,1.99,560002.0
"Tayam, Luminous Enigma",2.98,9.98896,3.17072,235.2,6.4,208.0,WIP,8.55054976,186.9312,$2-5,1.7,212143.0
Necrotic Ooze,3.04,2.28912,1.8908800000000003,-24.7,-37.8,198.0,WIP,1.95948672,-35.543200000000006,$2-5,2.14,36409.0
Soulless Jailer,3.06,2.28888,1.11996,-25.2,-63.4,504.0,WIP,1.95928128,-35.9712,$2-5,1.46,481681.0
Temporal Trespass,3.16,4.9896400000000005,2.55012,57.9,-19.3,292.0,WIP,4.271131840000001,35.16240000000002,$2-5,2.69,541325.0
"Teferi, Who Slows the Sunset",3.17,5.49044,3.45847,73.2,9.1,222.0,WIP,4.69981664,48.2592,$2-5,3.68,248179.0
Mirrorpool,3.25,3.991,2.5187500000000003,22.8,-22.5,213.0,WIP,3.416296,5.1168,$2-5,,110694.0
Doomsday,3.27,5.49033,2.93973,67.9,-10.1,318.0,WIP,4.69972248,43.72240000000001,$2-5,2.95,697282.0
Sculpting Steel,3.32,2.99132,1.8094,-9.9,-45.5,332.0,WIP,2.56056992,-22.8744,$2-5,2.4,122860.0
From the Ashes,3.33,2.79054,1.54845,-16.2,-53.5,94.0,WIP,2.38870224,-28.26720000000001,$2-5,,71881.0
Legion Extruder,3.34,4.98996,3.16966,49.4,-5.1,365.0,WIP,4.27140576,27.886399999999988,$2-5,3.2,544937.0
Mistblade Shinobi,3.39,1.4915999999999998,0.6508800000000002,-56.0,-80.8,422.0,WIP,1.2768095999999998,-62.33600000000001,$2-5,,581561.0
Gemstone Mine,3.4,4.4914,2.04,32.1,-40.0,284.0,WIP,3.8446384,13.07759999999999,$2-5,3.05,6036.0
Ghostly Pilferer,3.4,3.4884,1.921,2.6,-43.5,337.0,WIP,2.9860704,-12.1744,$2-5,2.21,254048.0
"Selvala, Heart of the Wilds",3.45,5.48895,3.381,59.1,-2.0,1728.0,WIP,4.6985412,36.1896,$2-5,3.76,671244.0
Aether Vial,3.45,3.4914,1.7698499999999997,1.2,-48.7,243.0,WIP,2.9886384,-13.372800000000002,$2-5,2.3,122843.0
Grafdigger's Cage,3.46,3.49114,2.07946,0.9,-39.9,312.0,WIP,2.98841584,-13.629599999999996,$2-5,2.06,57673.0
Ruthless Technomancer,3.48,4.99032,2.42904,43.4,-30.2,381.0,WIP,4.27171392,22.7504,$2-5,2.53,590713.0
"Yuriko, the Tiger's Shadow",3.5,2.989,3.01,-14.6,-14.0,315.0,WIP,2.558584,-26.897600000000004,$2-5,3.09,282013.0
Dryad Arbor,3.55,3.9902,3.63165,12.4,2.3,294.0,WIP,3.4156112000000003,-3.7855999999999854,$2-5,3.97,677189.0
Collector Ouphe,3.56,3.99076,2.07904,12.1,-41.6,375.0,WIP,3.41609056,-4.042400000000008,$2-5,2.45,191057.0
Swift Reconfiguration,3.65,5.4896,4.15005,50.4,13.7,292.0,WIP,4.6990976,28.7424,$2-5,5.12,263102.0
Get Lost,3.66,5.49,3.08904,50.0,-15.6,717.0,WIP,4.69944,28.4,$2-5,3.66,524576.0
Baleful Mastery,3.66,2.99022,1.87026,-18.3,-48.9,511.0,WIP,2.55962832,-30.06480000000001,$2-5,,237403.0
Needleverge Pathway,3.69,4.98888,4.04055,35.2,9.5,429.0,WIP,4.27048128,15.731200000000008,$2-5,,221838.0
Mutavault,3.76,6.48976,3.98936,72.6,6.1,248.0,WIP,5.555234560000001,47.74560000000002,$2-5,4.32,273750.0
"Glarb, Calamity's Augur",3.8,3.4884,3.3098,-8.2,-12.9,470.0,WIP,2.9860704,-21.4192,$2-5,3.56,558331.0
"Tivit, Seller of Secrets",3.82,6.9906,3.69012,83.0,-3.4,299.0,WIP,5.9839536,56.648,$2-5,,269717.0
Hope of Ghirapur,3.86,2.9915,2.03036,-22.5,-47.4,364.0,WIP,2.560724,-33.66,$2-5,2.34,492639.0
Eldritch Evolution,3.87,5.49153,2.9799,41.9,-23.0,329.0,WIP,4.70074968,21.466399999999982,$2-5,3.73,489673.0
Bottle-Cap Blast,3.95,5.9882,2.3384000000000005,51.6,-40.8,714.0,WIP,5.1258992,29.7696,$2-5,2.29,541424.0
Dwarven Armorer,3.96,5.991479999999999,2.51064,51.3,-36.6,163.0,WIP,5.128706879999999,29.512799999999984,$2-5,,3622.0
Throat Slitter,4.06,2.78922,2.41164,-31.3,-40.6,228.0,WIP,2.38757232,-41.1928,$2-5,2.56,507595.0
Magus of the Moon,4.13,4.48931,3.89046,8.7,-5.8,217.0,WIP,3.84284936,-6.952800000000003,$2-5,4.14,233956.0
Hickory Woodlot,4.16,4.48864,4.68,7.9,12.5,881.0,WIP,3.84227584,-7.6376,$2-5,3.67,6553.0
Pyrokinesis,4.19,3.49027,2.07824,-16.7,-50.4,318.0,WIP,2.98767112,-28.69520000000001,$2-5,2.24,583411.0
"Winota, Joiner of Forces",4.31,4.49102,2.08173,4.2,-51.7,302.0,WIP,3.84431312,-10.804799999999997,$2-5,,212622.0
Clever Impersonator,4.39,4.991429999999999,2.43206,13.7,-44.6,228.0,WIP,4.272664079999999,-2.6728000000000085,$2-5,3.56,581235.0
"Beza, the Bounding Spring",4.41,5.490450000000001,4.14981,24.5,-5.9,520.0,WIP,4.699825200000001,6.572000000000022,$2-5,3.96,558421.0
Season of Weaving,4.45,7.48935,4.1518500000000005,68.3,-6.7,485.0,WIP,6.4108836,44.06479999999999,$2-5,4.17,558352.0
Lórien Revealed,4.48,6.491520000000001,4.16192,44.9,-7.1,1010.0,WIP,5.556741120000001,24.034400000000005,$2-5,4.93,
Manamorphose,4.58,6.48986,4.78152,41.7,4.4,394.0,WIP,5.55532016,21.2952,$2-5,5.22,18700.0
Root Maze,4.71,6.98964,6.01938,48.4,27.8,120.0,WIP,5.98313184,27.0304,$2-5,4.7,15285.0
"Nicol Bolas, Dragon-God",4.75,3.99,3.42,-16.0,-28.0,291.0,WIP,3.4154400000000003,-28.096,$2-5,2.96,193383.0
Banishing Knack,4.76,1.2899599999999996,1.0519599999999998,-72.9,-77.9,399.0,WIP,1.1042057599999997,-76.8024,$2-5,,27069.0
Phantasmal Image,4.87,6.49171,4.30995,33.3,-11.5,209.0,WIP,5.55690376,14.104799999999996,$2-5,4.28,47629.0
Torpor Orb,4.87,6.98845,3.91061,43.5,-19.7,311.0,WIP,5.9821132,22.83599999999999,$2-5,4.61,39593.0
Ancient Cornucopia,4.88,8.98896,4.68968,84.2,-3.9,520.0,WIP,7.69454976,57.6752,$2-5,5.9,545128.0
Temporal Mastery,4.92,5.987640000000001,3.5916,21.7,-27.0,133.0,WIP,5.12541984,4.175200000000006,$2-5,3.49,204183.0
Windfall,4.97,6.98782,4.5724,40.6,-8.0,567.0,WIP,5.98157392,20.353600000000004,$2-5,4.76,525814.0
Gifts Ungiven,5.1,5.4876,4.6308,7.6,-9.2,256.0,WIP,4.6973856,-7.894400000000001,$5-10,5.19,128644.0
Summoner's Pact,5.12,4.49024,3.11808,-12.3,-39.1,275.0,WIP,3.84364544,-24.928800000000003,$5-10,3.57,234026.0
Last Chance,5.19,4.48935,2.62095,-13.5,-49.5,186.0,WIP,3.8428836,-25.956000000000007,$5-10,,330.0
Gavony Township,5.22,6.989579999999999,4.8807,33.9,-6.5,314.0,WIP,5.983080479999999,14.618399999999989,$5-10,4.73,55910.0
Blightstep Pathway,5.22,7.991820000000001,5.73156,53.1,9.8,430.0,WIP,6.84099792,31.053600000000014,$5-10,,229209.0
Blade Historian,5.27,7.989319999999999,5.090819999999999,51.6,-3.4,534.0,WIP,6.83885792,29.769600000000008,$5-10,5.0,235551.0
Sudden Substitution,5.31,6.98796,5.1507,31.6,-3.0,417.0,WIP,5.98169376,12.649600000000005,$5-10,5.77,196533.0
Headliner Scarlett,5.5,4.488,5.3515,-18.4,-2.7,1010.0,WIP,3.841728,-30.1504,$5-10,5.99,
Professor Onyx,5.54,7.98868,5.36272,44.2,-3.2,351.0,WIP,6.838310079999999,23.435199999999988,$5-10,4.2,579064.0
Machine God's Effigy,5.74,9.48822,6.23938,65.3,8.7,1010.0,WIP,8.12191632,41.4968,$5-10,6.76,
Ethersworn Canonist,5.76,3.99168,2.4883200000000003,-30.7,-56.8,137.0,WIP,3.41687808,-40.6792,$5-10,2.51,27666.0
Blossoming Tortoise,5.79,6.49059,5.1878400000000005,12.1,-10.4,320.0,WIP,5.55594504,-4.042399999999999,$5-10,5.62,512321.0
Gleeful Arsonist,5.83,7.491549999999999,3.3814000000000006,28.5,-42.0,295.0,WIP,6.412766799999999,9.995999999999984,$5-10,,578915.0
Fleshwrither,5.84,4.49096,2.5112,-23.1,-57.0,140.0,WIP,3.84426176,-34.17359999999999,$5-10,1.87,14886.0
Brightglass Gearhulk,5.84,8.98776,5.20928,53.9,-10.8,592.0,WIP,7.69352256,31.7384,$5-10,5.6,596628.0
Rite of Flame,5.94,5.987520000000001,5.19156,0.8,-12.6,525.0,WIP,5.125317120000001,-13.715199999999989,$5-10,5.0,14103.0
Counterbalance,5.98,3.98866,2.691,-33.3,-55.0,121.0,WIP,3.41429296,-42.9048,$5-10,,513179.0
Dwarven Bloodboiler,5.99,9.48816,6.70281,58.4,11.9,188.0,WIP,8.12186496,35.590399999999995,$5-10,,10244.0
Elvish Reclaimer,5.99,5.99,4.660220000000001,0.0,-22.2,345.0,WIP,5.12744,-14.400000000000004,$5-10,4.85,192617.0
Carpet of Flowers,6.0,3.4920000000000004,1.542,-41.8,-74.3,483.0,WIP,2.9891520000000003,-50.18079999999999,$5-10,1.87,519515.0
Whir of Invention,6.03,7.489260000000001,5.20992,24.2,-13.6,546.0,WIP,6.41080656,6.315199999999999,$5-10,5.7,126329.0
Beseech the Queen,6.29,4.987970000000001,4.1576900000000006,-20.7,-33.9,314.0,WIP,4.26970232,-32.11919999999999,$5-10,4.16,677421.0
Pest Control,6.4,7.9872,5.8112,24.8,-9.2,536.0,WIP,6.837043199999999,6.828799999999982,$5-10,,544938.0
Chord of Calling,6.51,7.9877699999999985,5.4684,22.7,-16.0,464.0,WIP,6.837531119999999,5.031199999999982,$5-10,5.78,91110.0
Twincast,6.55,9.49095,7.597999999999999,44.9,16.0,144.0,WIP,8.1242532,24.0344,$5-10,6.14,32748.0
Defense Grid,6.66,6.48684,6.759899999999999,-2.6,1.5,505.0,WIP,5.55273504,-16.625600000000002,$5-10,6.0,126282.0
Imposter Mech,6.66,11.988,6.759899999999999,80.0,1.5,272.0,WIP,10.261728,54.08,$5-10,7.05,263105.0
Lim-Dûl's Vault,6.67,4.488910000000001,2.6013,-32.7,-61.0,1010.0,WIP,3.8425069600000006,-42.39119999999999,$5-10,3.09,
Archivist of Oghma,6.87,9.48747,6.402839999999999,38.1,-6.8,410.0,WIP,8.12127432,18.213599999999992,$5-10,6.52,272914.0
Noxious Revival,6.93,7.99029,5.39154,15.3,-22.2,451.0,WIP,6.83968824,-1.3031999999999946,$5-10,5.16,39555.0
Virtue of Persistence,7.03,8.99137,6.81207,27.9,-3.1,322.0,WIP,7.69661272,9.482399999999998,$5-10,,512610.0
Submerge,7.12,4.99112,3.1328,-29.9,-56.0,277.0,WIP,4.272398719999999,-39.99440000000001,$5-10,3.64,7250.0
Stranglehold,7.24,9.9912,8.318760000000001,38.0,14.9,58.0,WIP,8.552467199999999,18.12799999999998,$5-10,7.36,46952.0
"Tevesh Szat, Doom of Fools",7.28,7.99344,7.287279999999999,9.8,0.1,202.0,WIP,6.84238464,-6.011200000000008,$5-10,7.04,226122.0
Sacrifice,7.35,5.49045,3.94695,-25.3,-46.3,417.0,WIP,4.6998252,-36.0568,$5-10,,1550.0
"Nezahal, Primal Tide",7.4,11.988,7.806999999999999,62.0,5.5,314.0,WIP,10.261728,38.67199999999999,$5-10,7.63,155688.0
Mount Doom,7.5,9.4875,7.41,26.5,-1.2,326.0,WIP,8.1213,8.283999999999997,$5-10,7.33,488273.0
Pirated Copy,7.51,9.9883,18.18171,33.0,142.1,78.0,WIP,8.5499848,13.848000000000011,$5-10,18.95,454840.0
"Sidisi, Undead Vizier",7.59,8.986559999999999,7.142189999999999,18.4,-5.9,329.0,WIP,7.692495359999999,1.3503999999999858,$5-10,7.13,96362.0
Flesh Duplicate,7.77,7.987559999999999,8.010869999999999,2.8,3.1,341.0,WIP,6.83735136,-12.0032,$5-10,,519221.0
Scheming Symmetry,7.96,11.98776,8.28636,50.6,4.1,459.0,WIP,10.26152256,28.913599999999995,$5-10,8.82,192521.0
"Sun Quan, Lord of Wu",8.12,11.99324,8.729,47.7,7.5,191.0,WIP,10.26621344,26.431200000000004,$5-10,7.73,504491.0
Deathrite Shaman,8.13,5.99181,5.92677,-26.3,-27.1,522.0,WIP,5.12898936,-36.9128,$5-10,6.5,66547.0
Steal Enchantment,8.17,5.98861,8.276209999999999,-26.7,1.3,300.0,WIP,5.1262501600000006,-37.2552,$5-10,7.24,5753.0
Time Sieve,8.19,9.49221,7.18263,15.9,-12.3,172.0,WIP,8.12533176,-0.7895999999999952,$5-10,7.83,31822.0
Kederekt Parasite,8.36,9.9902,5.208279999999999,19.5,-37.7,282.0,WIP,8.5516112,2.2920000000000065,$5-10,5.28,578921.0
Lazotep Quarry,8.39,7.98728,5.41155,-4.8,-35.5,850.0,WIP,6.83711168,-18.50880000000001,$5-10,5.19,553207.0
Sanctum of Eternity,8.4,13.986,7.2828,66.5,-13.3,251.0,WIP,11.972016,42.524,$5-10,8.13,196429.0
Force of Vigor,8.5,7.4885,3.9015,-11.9,-54.1,527.0,WIP,6.410156,-24.5864,$5-10,,190734.0
"Yoshimaru, Ever Faithful",8.51,8.49298,6.24634,-0.2,-26.6,236.0,WIP,7.269990879999999,-14.57120000000001,$5-10,,535918.0
Mnemonic Betrayal,8.62,9.49062,8.32692,10.1,-3.4,406.0,WIP,8.123970719999999,-5.754400000000002,$5-10,8.17,176839.0
Jeweled Amulet,8.69,9.48948,4.28417,9.2,-50.7,494.0,WIP,8.12299488,-6.524799999999992,$5-10,,4751.0
Deep Gnome Terramancer,8.77,8.989249999999998,7.05108,2.5,-19.6,221.0,WIP,7.694797999999999,-12.26000000000001,$5-10,8.49,273676.0
Crystal Vein,8.93,1.99139,1.7770700000000006,-77.7,-80.1,292.0,WIP,1.70462984,-80.91120000000001,$5-10,,5019.0
"Slicer, Hired Muscle",8.94,10.98726,7.286099999999999,22.9,-18.5,524.0,WIP,9.405094559999998,5.202399999999988,$5-10,,448834.0
"Vilis, Broker of Blood",9.19,13.98718,7.572559999999999,52.2,-17.6,444.0,WIP,11.97302608,30.28320000000001,$5-10,8.41,192644.0
"Chandra, Awakened Inferno",9.34,13.99132,7.817579999999999,49.8,-16.3,228.0,WIP,11.97656992,28.2288,$5-10,9.48,192222.0
"Kaito, Bane of Nightmares",9.39,16.986510000000003,8.32893,80.9,-11.3,426.0,WIP,14.540452560000002,54.85040000000001,$5-10,8.89,575076.0
Rain of Filth,9.44,8.98688,4.8616,-4.8,-48.5,251.0,WIP,7.692769279999999,-18.508800000000004,$5-10,4.75,6992.0
Forbidden Orchard,9.72,11.99448,7.785720000000001,23.4,-19.9,173.0,WIP,10.26727488,5.630399999999979,$5-10,8.9,276798.0
Goblin Engineer,9.94,10.99364,9.35354,10.6,-5.9,453.0,WIP,9.41055584,-5.326400000000006,$5-10,8.91,190867.0
Chain of Smog,10.36,9.48976,6.35068,-8.4,-38.7,388.0,WIP,8.12323456,-21.590399999999992,$10-20,6.02,10340.0
Paradise Mantle,10.53,10.99332,7.476299999999999,4.4,-29.0,308.0,WIP,9.41028192,-10.633599999999984,$10-20,8.49,480504.0
Silence,10.59,11.98788,7.80483,13.2,-26.3,375.0,WIP,10.26162528,-3.100799999999994,$10-20,7.66,69953.0
Rootpath Purifier,10.67,8.99481,8.80275,-15.7,-17.5,62.0,WIP,7.699557359999999,-27.83920000000001,$10-20,7.7,452480.0
Eladamri's Call,10.84,13.99444,9.74516,29.1,-10.1,440.0,WIP,11.97924064,10.509600000000004,$10-20,10.02,191062.0
Clown Car,11.0,16.994999999999997,11.242,54.5,2.2,329.0,WIP,14.547719999999998,32.25199999999999,$10-20,10.68,287522.0
Praetor's Grasp,11.03,15.9935,11.44914,45.0,3.8,357.0,WIP,13.690435999999998,24.11999999999999,$10-20,11.2,39423.0
Giver of Runes,11.14,11.98664,9.44672,7.6,-15.2,431.0,WIP,10.26056384,-7.894400000000008,$10-20,9.57,190865.0
Misdirection,11.73,16.98504,11.46021,44.8,-2.3,238.0,WIP,14.53919424,23.9488,$10-20,11.0,6609.0
Eldrazi Confluence,11.79,16.98939,10.08045,44.1,-14.5,501.0,WIP,14.54291784,23.3496,$10-20,10.25,553171.0
Balthor the Defiled,12.17,10.98951,12.68114,-9.7,4.2,105.0,WIP,9.40702056,-22.7032,$10-20,11.23,10221.0
Trickbind,12.35,10.9915,8.854949999999999,-11.0,-28.3,147.0,WIP,9.408724,-23.816000000000003,$10-20,8.65,14406.0
Contamination,12.61,14.99329,10.36542,18.9,-17.8,96.0,WIP,12.83425624,1.7784000000000064,$10-20,11.28,284318.0
Noble Hierarch,12.78,14.99094,10.96524,17.3,-14.2,274.0,WIP,12.83224464,0.408800000000011,$10-20,11.98,583112.0
Sphere of Resistance,12.79,11.98423,12.17608,-6.3,-4.8,162.0,WIP,10.25850088,-19.7928,$10-20,9.89,4410.0
Mindcrank,13.08,10.9872,8.20116,-16.0,-37.3,424.0,WIP,9.4050432,-28.096000000000004,$10-20,8.21,39544.0
"Kinnan, Bonder Prodigy",13.54,17.99466,13.51292,32.9,-0.2,364.0,WIP,15.40342896,13.762400000000005,$10-20,13.37,212623.0
"Ral, Crackling Wit",13.85,16.993949999999998,13.018999999999998,22.7,-6.0,522.0,WIP,14.546821199999998,5.03119999999999,$10-20,13.68,558350.0
"Razaketh, the Foulblooded",13.92,14.99184,12.84816,7.7,-7.7,240.0,WIP,12.83301504,-7.808800000000005,$10-20,12.4,135056.0
Imperial Recruiter,13.98,16.9857,13.46274,21.5,-3.7,494.0,WIP,14.5397592,4.004000000000001,$10-20,13.55,239769.0
"Dihada, Binder of Wills",13.98,24.99624,14.31552,78.8,2.4,318.0,WIP,21.39678144,53.052799999999976,$10-20,14.35,282840.0
Thousand-Year Elixir,14.3,23.9954,14.586,67.8,2.0,373.0,WIP,20.5400624,43.6368,$10-20,14.49,236115.0
Vault of Champions,14.4,19.9872,16.012800000000002,38.8,11.2,474.0,WIP,17.109043200000002,18.812800000000014,$10-20,15.75,221351.0
Emiel the Blessed,14.74,12.98594,13.28074,-11.9,-9.9,147.0,WIP,11.11596464,-24.5864,$10-20,13.06,216252.0
Hammerheim,14.78,24.99298,8.33592,69.1,-43.6,94.0,WIP,21.39399088,44.749600000000015,$10-20,,3896.0
Insidious Dreams,14.84,13.99412,18.74292,-5.7,26.3,91.0,WIP,11.97896672,-19.279199999999992,$10-20,13.22,9748.0
"Urza, Lord High Artificer",15.23,19.99699,13.96591,31.3,-8.3,223.0,WIP,17.11742344,12.392799999999994,$10-20,15.27,503426.0
All Will Be One,15.25,14.99075,12.30675,-1.7,-19.3,480.0,WIP,12.832082,-15.855200000000004,$10-20,12.45,479312.0
Mindbreak Trap,15.47,10.9837,6.760390000000001,-29.0,-56.3,457.0,WIP,9.4020472,-39.224,$10-20,6.66,544838.0
Snapcaster Mage,15.59,19.98638,14.15572,28.2,-9.2,437.0,WIP,17.10834128,9.73920000000001,$10-20,,52206.0
Subtlety,15.87,17.996579999999998,13.187969999999998,13.4,-16.9,613.0,WIP,15.405072479999998,-2.9296000000000104,$10-20,13.14,239741.0
Chain of Vapor,16.04,10.9874,9.76836,-31.5,-39.1,389.0,WIP,9.405214399999998,-41.364,$10-20,9.39,10327.0
"Ashaya, Soul of the Wild",16.21,17.993100000000002,14.57279,11.0,-10.1,379.0,WIP,15.4020936,-4.984000000000001,$10-20,14.07,221884.0
Impossible Man,16.45,11.99205,13.80155,-27.1,-16.1,419.0,WIP,10.2651948,-37.5976,$10-20,,697202.0
Dance of the Dead,16.48,18.98496,9.9704,15.2,-39.5,420.0,WIP,16.25112576,-1.388799999999998,$10-20,,4639.0
Mystical Tutor,16.53,20.9931,16.62918,27.0,0.6,359.0,WIP,17.9700936,8.711999999999984,$10-20,14.84,457199.0
Disrupting Shoal,16.76,14.983440000000002,14.21248,-10.6,-15.2,417.0,WIP,12.82582464,-23.473600000000005,$10-20,,180823.0
Knuckles the Echidna,16.87,21.98161,17.39297,30.3,3.1,438.0,WIP,18.81625816,11.536799999999996,$10-20,18.03,643701.0
Entomb,17.12,18.98608,14.56912,10.9,-14.9,254.0,WIP,16.25208448,-5.069600000000002,$10-20,15.22,9407.0
Pact of Negation,17.24,21.99824,16.377999999999997,27.6,-5.0,291.0,WIP,18.83049344,9.225599999999998,$10-20,15.82,233786.0
Training Center,17.28,22.9824,16.6752,33.0,-3.5,483.0,WIP,19.6729344,13.847999999999988,$10-20,17.14,221359.0
Warrior's Oath,17.32,21.9964,18.15136,27.0,4.8,219.0,WIP,18.8289184,8.711999999999993,$10-20,17.65,277214.0
Strip Mine,17.42,19.99816000000001,13.53534,14.8,-22.3,374.0,WIP,17.11842496000001,-1.731199999999956,$10-20,,1938.0
Spellseeker,17.52,24.98352,16.9944,42.6,-3.0,215.0,WIP,21.38589312,22.0656,$10-20,17.25,167811.0
Gamble,17.55,19.98945,16.6725,13.9,-5.0,387.0,WIP,17.1109692,-2.5016000000000065,$10-20,16.45,461900.0
"Deadpool, Trading Card",17.57,17.991680000000002,17.692989999999998,2.4,0.7,1010.0,WIP,15.400878080000002,-12.345599999999992,$10-20,18.79,
Grand Abolisher,17.71,20.98635,16.488010000000003,18.5,-6.9,429.0,WIP,17.964315600000003,1.43600000000001,$10-20,15.83,544936.0
Final Fortune,17.8,10.9826,9.3272,-38.3,-47.6,144.0,WIP,9.4011056,-47.1848,$10-20,9.59,2900.0
Sea of Clouds,17.86,27.98662,18.753,56.7,5.0,472.0,WIP,23.95654672,34.1352,$10-20,19.35,267055.0
Diabolic Intent,18.05,18.9886,15.07175,5.2,-16.5,523.0,WIP,16.2542416,-9.948800000000002,$10-20,15.39,452124.0
Altar of Dementia,18.11,20.98949,16.75175,15.9,-7.5,484.0,WIP,17.96700344,-0.7896000000000016,$10-20,16.58,191735.0
"Esika, God of the Tree",18.15,21.9978,16.6617,21.2,-8.2,301.0,WIP,18.830116800000003,3.747200000000022,$10-20,,230163.0
"Ob Nixilis, Captive Kingpin",18.32,19.98712,16.3048,9.1,-11.0,250.0,WIP,17.10897472,-6.610400000000007,$10-20,17.24,495606.0
"Boseiju, Who Shelters All",18.38,20.98996,17.534519999999997,14.2,-4.6,121.0,WIP,17.96740576,-2.244800000000004,$10-20,22.02,695490.0
Grand Arbiter Augustin IV,18.46,16.9832,15.61716,-8.0,-15.4,321.0,WIP,14.5376192,-21.248000000000005,$10-20,16.18,276439.0
"Shinka, the Bloodsoaked Keep",18.56,18.98688,14.23552,2.3,-23.3,135.0,WIP,16.25276928,-12.4312,$10-20,14.37,12165.0
Tarnished Citadel,18.74,5.490819999999999,4.216499999999999,-70.7,-77.5,116.0,WIP,4.700141919999999,-74.9192,$10-20,4.37,9604.0
Grinding Station,19.0,16.986,12.844,-10.6,-32.4,282.0,WIP,14.540016,-23.4736,$10-20,12.75,11802.0
"Linvala, Keeper of Silence",20.06,23.99176,19.67886,19.6,-1.9,180.0,WIP,20.53694656,2.377600000000009,$20-50,19.08,216559.0
Overlord of the Balemurk,20.32,24.9936,18.43024,23.0,-9.3,694.0,WIP,21.3945216,5.288000000000003,$20-50,20.99,578886.0
Bloodchief Ascension,20.32,22.98192,15.38224,13.1,-24.3,342.0,WIP,19.67252352,-3.186400000000008,$20-50,15.45,504564.0
Beseech the Mirror,20.49,23.99379,20.22363,17.1,-1.3,667.0,WIP,20.53868424,0.2376000000000002,$20-50,19.39,689922.0
Necromancy,20.68,21.98284,20.30776,6.3,-1.8,337.0,WIP,18.81731104,-9.0072,$20-50,21.0,5890.0
Goblin Welder,22.21,23.9868,25.00846,8.0,12.6,190.0,WIP,20.5327008,-7.552000000000017,$20-50,21.94,6321.0
Tiller Engine,23.92,37.98496000000001,24.70936,58.8,3.3,184.0,WIP,32.515125760000004,35.9328,$20-50,23.62,282900.0
City of Solitude,24.52,9.97964,11.23016,-59.3,-54.2,137.0,WIP,8.542571839999999,-65.16080000000001,$20-50,10.79,5814.0
"Mikaeus, the Unhallowed",24.8,27.9992,26.040000000000003,12.9,5.0,160.0,WIP,23.9673152,-3.3576000000000104,$20-50,25.59,504569.0
Breath of Fury,25.64,12.99948,8.35864,-49.3,-67.4,386.0,WIP,11.12755488,-56.60080000000001,$20-50,9.76,693443.0
Grim Tutor,25.66,24.99284,24.7619,-2.6,-3.5,261.0,WIP,21.39387104,-16.6256,$20-50,23.81,215341.0
"Nissa, Resurgent Animist",26.56,37.9808,27.595839999999995,43.0,3.9,230.0,WIP,32.5115648,22.40800000000001,$20-50,26.28,495610.0
Worldly Tutor,26.99,32.98178,24.72284,22.2,-8.4,460.0,WIP,28.23240368,4.603200000000009,$20-50,24.0,5300.0
Deadly Rollick,27.66,24.97698,26.02806,-9.7,-5.9,327.0,WIP,21.38029488,-22.703199999999995,$20-50,25.56,625928.0
Dosan the Falling Leaf,27.68,39.9976,36.537600000000005,44.5,32.0,196.0,WIP,34.2379456,23.69199999999999,$20-50,,11981.0
The Meathook Massacre,27.71,33.002610000000004,26.82328,19.1,-3.2,311.0,WIP,28.25023416,1.9496000000000024,$20-50,26.39,248212.0
Wasteland,28.24,0.7907200000000006,0.5365600000000005,-97.2,-98.1,395.0,WIP,0.6768563200000005,-97.6032,$20-50,,5789.0
Agadeem's Awakening,28.62,29.99376,27.6183,4.8,-3.5,406.0,WIP,25.67465856,-10.291199999999998,$20-50,,222163.0
Green Sun's Zenith,28.69,32.9935,27.59978,15.0,-3.8,441.0,WIP,28.242436,-1.5600000000000118,$20-50,29.06,39050.0
Terror of the Peaks,28.72,34.98096,18.668,21.8,-35.0,429.0,WIP,29.943701760000003,4.260800000000016,$20-50,17.92,544402.0
Morphic Pool,28.96,37.995520000000006,28.12016,31.2,-2.9,493.0,WIP,32.524165120000006,12.307200000000018,$20-50,27.59,267057.0
Sylvan Library,29.29,28.00124,24.75005,-4.4,-15.5,143.0,WIP,23.96906144,-18.166400000000007,$20-50,26.27,4035.0
Field of the Dead,29.88,29.99952,28.86408,0.4,-3.4,408.0,WIP,25.67958912,-14.0576,$20-50,28.88,192562.0
Serra Ascendant,30.18,29.99892,29.18406,-0.6,-3.3,163.0,WIP,25.67907552,-14.913600000000008,$20-50,28.97,35573.0
"Yawgmoth, Thran Physician",31.09,32.98649,27.70119,6.1,-10.9,174.0,WIP,28.23643544,-9.178399999999996,$20-50,30.99,191131.0
Exploration,32.2,39.9924,32.006800000000005,24.2,-0.6,334.0,WIP,34.233494400000005,6.315200000000005,$20-50,30.92,457191.0
Mana Confluence,32.7,48.003600000000006,35.05440000000001,46.8,7.2,500.0,WIP,41.0910816,25.660799999999995,$20-50,35.05,82224.0
Vaultborn Tyrant,32.73,47.98217999999999,31.97721,46.6,-2.3,473.0,WIP,41.07274608,25.4896,$20-50,31.21,544300.0
Scroll Rack,32.85,27.9882,18.724500000000003,-14.8,-43.0,300.0,WIP,23.9578992,-27.068800000000003,$20-50,14.94,226675.0
Consecrated Sphinx,32.88,27.980880000000003,28.96728,-14.9,-11.9,151.0,WIP,23.951633280000003,-27.154399999999995,$20-50,27.62,39058.0
Solitude,33.5,44.9905,36.7495,34.3,9.7,522.0,WIP,38.511868,14.9608,$20-50,36.37,240037.0
Trinisphere,33.57,43.00317,30.95154,28.1,-7.8,197.0,WIP,36.81071352,9.6536,$20-50,32.99,11660.0
"Delney, Streetwise Lookout",33.77,44.981640000000006,31.237250000000003,33.2,-7.5,507.0,WIP,38.50428384000001,14.019200000000009,$20-50,31.99,533402.0
Sakashima of a Thousand Faces,34.07,42.99634,30.08381,26.2,-11.7,316.0,WIP,36.80486704,8.027199999999993,$20-50,29.89,227010.0
Prismatic Vista,34.25,47.98425,26.81775,40.1,-21.7,417.0,WIP,41.074518000000005,19.925600000000014,$20-50,27.9,190748.0
Maralen of the Mornsong,34.99,29.98643,20.014280000000003,-14.3,-42.8,111.0,WIP,25.66838408,-26.64080000000001,$20-50,,18012.0
Tangle Wire,35.26,33.003359999999994,22.46062,-6.4,-36.3,79.0,WIP,28.25087616,-19.878400000000013,$20-50,,7251.0
Legolas's Quick Reflexes,35.94,58.00715999999999,47.76425999999999,61.4,32.9,1010.0,WIP,49.65412896,38.15839999999999,$20-50,42.32,
Natural Order,36.66,21.996,16.313699999999997,-40.0,-55.5,233.0,WIP,18.828576,-48.64,$20-50,16.79,235505.0
Flash Photography,37.26,59.98859999999999,51.0462,61.0,37.0,1010.0,WIP,51.35024159999999,37.81599999999997,$20-50,,
Necropotence,37.65,24.9996,32.0778,-33.6,-14.8,251.0,WIP,21.3996576,-43.16159999999999,$20-50,17.05,509515.0
Agatha's Soul Cauldron,37.71,39.9726,37.48374,6.0,-0.6,497.0,WIP,34.2165456,-9.264000000000012,$20-50,38.49,512510.0
Ranger-Captain of Eos,37.83,55.00482,36.95991,45.4,-2.3,381.0,WIP,47.08412592,24.4624,$20-50,36.89,190873.0
Enlightened Tutor,37.88,37.99364,25.11444,0.3,-33.7,405.0,WIP,32.522555839999995,-14.143200000000016,$20-50,20.9,5051.0
Portal to Phyrexia,38.56,54.98656,43.07152,42.6,11.7,436.0,WIP,47.06849536,22.0656,$20-50,,451962.0
Chromatic Orrery,38.69,44.99647,30.952,16.3,-20.0,310.0,WIP,38.51697832,-0.4471999999999947,$20-50,33.74,215443.0
Tainted Pact,39.7,37.9929,31.243900000000004,-4.3,-21.3,310.0,WIP,32.5219224,-18.080800000000004,$20-50,29.99,235648.0
Sea Gate Restoration,39.77,55.00191,40.12793,38.3,0.9,507.0,WIP,47.08163496,18.384799999999995,$20-50,,222038.0
Food Chain,42.64,29.97592,40.55064,-29.7,-4.9,79.0,WIP,25.65938752,-39.8232,$20-50,42.59,6529.0
Sensei's Divining Top,43.41,55.00046999999999,40.11084,26.7,-7.6,368.0,WIP,47.08040231999999,8.455199999999987,$20-50,39.75,12160.0
"Ragavan, Nimble Pilferer",43.41,55.00046999999999,46.31846999999999,26.7,6.7,523.0,WIP,47.08040231999999,8.455199999999987,$20-50,46.75,239857.0
Scapeshift,47.06,55.01314000000001,49.13064000000001,16.9,4.4,334.0,WIP,47.09124784000001,0.0664000000000128,$20-50,46.58,168720.0
Cavern of Souls,47.36,54.98496,47.40736,16.1,0.1,286.0,WIP,47.06712576,-0.618399999999992,$20-50,49.45,58842.0
Allosaurus Shepherd,50.6,55.0022,50.3976,8.7,-0.4,138.0,WIP,47.0818832,-6.952800000000002,$50-100,49.03,216173.0
Finale of Devastation,52.51,69.99583,50.51462,33.3,-3.8,421.0,WIP,59.91643048,14.104799999999996,$50-100,48.99,188701.0
Gemstone Caverns,52.87,69.99988,55.93646,32.4,5.8,175.0,WIP,59.91989728,13.334400000000008,$50-100,53.7,14244.0
Amulet of Vigor,53.47,58.01495,47.96259,8.5,-10.3,310.0,WIP,49.6607972,-7.124000000000002,$50-100,45.95,34328.0
Firestorm,53.58,9.483660000000002,9.269339999999996,-82.3,-82.7,179.0,WIP,8.118012960000001,-84.8488,$50-100,,6027.0
Force of Negation,54.4,70.0128,48.96,28.7,-10.0,598.0,WIP,59.9309568,10.167199999999998,$50-100,49.23,190647.0
Mana Drain,57.16,64.99092,54.24484,13.7,-5.1,349.0,WIP,55.63222752,-2.672799999999993,$50-100,53.42,544246.0
"Minamo, School at Water's Edge",61.51,74.98069,54.43635,21.9,-11.5,106.0,WIP,64.18347064,4.3463999999999965,$50-100,56.28,12093.0
"Urborg, Tomb of Yawgmoth",62.3,69.96289999999999,59.1227,12.3,-5.1,353.0,WIP,59.88824239999999,-3.871200000000013,$50-100,59.16,91106.0
Deflecting Swat,66.68,95.01900000000002,68.48036,42.5,2.7,485.0,WIP,81.33626400000001,21.980000000000008,$50-100,66.23,212191.0
"Greymond, Avacyn's Stalwart",67.34,89.96624000000001,66.80128,33.6,-0.8,83.0,WIP,77.01110144,14.361600000000005,$50-100,64.25,513295.0
Spectacular Spider-Man,73.74,7.963919999999998,5.677980000000004,-89.2,-92.3,37.0,WIP,6.817115519999998,-90.7552,$50-100,6.18,658360.0
Mox Amber,75.78,94.95234,81.23616000000001,25.3,7.2,482.0,WIP,81.27920304,7.256799999999997,$50-100,75.0,162125.0
"Sheoldred, the Apocalypse",96.04,119.95396000000002,78.08051999999999,24.9,-18.7,436.0,WIP,102.68058976000002,6.914400000000012,$50-100,79.97,282800.0
Shallow Grave,99.75,159.999,106.932,60.4,7.2,288.0,WIP,136.95914399999998,37.30239999999998,$50-100,89.69,5226.0
The One Ring,106.14,109.96104,93.82776,3.6,-11.6,504.0,WIP,94.12665024,-11.318400000000011,$100-200,95.01,487805.0
Mana Vault,115.52,109.97504,93.80224,-4.8,-18.8,204.0,WIP,94.13863424,-18.5088,$100-200,72.0,276291.0
Ancient Tomb,134.33,58.030560000000015,70.79191000000002,-56.8,-47.3,324.0,WIP,49.67415936000001,-63.0208,$100-200,48.99,5457.0
Imperial Seal,163.39,199.98936,166.65779999999998,22.4,2.0,125.0,WIP,171.19089216,4.774400000000012,$100-200,159.79,276288.0
Chrome Mox,168.45,54.91469999999999,39.58575,-67.4,-76.5,161.0,WIP,47.00698319999999,-72.09440000000001,$100-200,32.99,11467.0
Bayou,232.81,230.01628,247.47703,-1.2,6.3,81.0,WIP,196.89393568,-15.427200000000004,$200+,,1342.0
Mox Opal,247.48,249.9548,219.76224,1.0,-11.2,212.0,WIP,213.9613088,-13.543999999999992,$200+,215.32,36238.0
Earthcraft,260.45,350.04479999999995,312.54,34.4,20.0,197.0,WIP,299.6383488,15.04639999999999,$200+,208.88,5529.0
Intuition,358.35,499.89825,268.76250000000005,39.5,-25.0,104.0,WIP,427.912902,19.412000000000003,$200+,,5593.0
Plateau,375.14,399.89924,258.8466,6.6,-31.0,107.0,WIP,342.31374944000004,-8.750399999999987,$200+,,1527.0
Wheel of Fortune,379.5,499.8015,248.952,31.7,-34.4,136.0,WIP,427.830084,12.735199999999985,$200+,,1624.0
Transmute Artifact,396.45,650.178,304.07715,64.0,-23.3,63.0,WIP,556.552368,40.384,$200+,,3330.0
Survival of the Fittest,396.95,550.1727000000001,304.46065,38.6,-23.3,91.0,WIP,470.94783120000005,18.64160000000001,$200+,,4416.0
Taiga,424.19,450.06559,303.72004,6.1,-28.4,98.0,WIP,385.25614504,-9.178400000000003,$200+,,1585.0
Scrubland,435.57,449.94381,293.13861,3.3,-32.7,77.0,WIP,385.15190136,-11.57520000000001,$200+,,1556.0
Grim Monolith,470.23,42.79092999999999,51.7253,-90.9,-89.0,128.0,WIP,36.62903607999999,-92.2104,$200+,24.75,6323.0
Nether Void,507.99,599.93619,656.32308,18.1,29.2,8.0,WIP,513.54537864,1.093599999999992,$200+,,3963.0
Badlands,533.06,649.8001399999998,292.11688,21.9,-45.2,91.0,WIP,556.2289198399999,4.34639999999999,$200+,,1339.0
City of Traitors,538.42,649.87294,435.04336,20.7,-19.2,62.0,WIP,556.29123664,3.3192000000000013,$200+,,4303.0
Timetwister,798.33,1100.09874,989.9292,37.8,24.0,2.0,WIP,941.68452144,17.956799999999983,$200+,,448965.0
Lion's Eye Diamond,816.91,900.23482,749.92338,10.2,-8.2,90.0,WIP,770.60100592,-5.668799999999992,$200+,,5129.0
Underground Sea,987.2,1200.4352,731.5152,21.6,-25.9,81.0,WIP,1027.5725312,4.089599999999991,$200+,,1599.0
Mox Diamond,1139.92,1500.1347200000002,929.0348,31.6,-18.5,67.0,WIP,1284.11532032,12.649600000000005,$200+,,5382.0
Chains of Mephistopheles,1183.06,1399.55998,1094.3305,18.3,-7.5,11.0,WIP,1198.02334288,1.2648000000000024,$200+,,3825.0
Gaea's Cradle,1622.57,2299.18169,1087.1219,41.7,-33.0,62.0,WIP,1968.09952664,21.29519999999999,$200+,,6883.0
The Tabernacle at Pendrell Vale,2899.99,4300.68517,2917.38994,48.3,0.6,4.0,WIP,3681.38650552,26.944800000000008,$200+,,4046.0
Force of Will (JP Alternate Art),168.53,299.99,173.59,78.00391621669733,3.0024328012816723,356.0,gmv-100-200,256.79144,52.371352281492925,$100-200,,686640.0
Vampiric Tutor (JP Alternate Art),107.24,129.99,109.41,21.2140992167102,2.023498694516973,275.0,gmv-100-200,111.27144,3.759268929503933,$100-200,,686555.0
Ancient Tomb (0001) (Borderless),118.85,149.99,119.83,26.201093815734133,0.8245687841817451,356.0,gmv-100-200,128.39144000000002,8.028136306268426,$100-200,,643635.0
Stay with Me - Rhystic Study (Showcase),106.12,139.99,108.35,31.916698077647947,2.1013946475687804,298.0,gmv-100-200,119.83144,12.920693554466636,$100-200,,632052.0
Deflecting Swat (Borderless),103.43,139.99,103.15,35.34757807212608,-0.2707144928937456,259.0,gmv-100-200,119.83144,15.857526829739912,$100-200,,504495.0
Ancient Copper Dragon,109.72,149.99,110.44,36.7025154939847,0.6562158220925983,273.0,gmv-100-200,128.39144000000002,17.01735326285091,$100-200,107.99,273001.0
Balin's Tomb - Ancient Tomb (Borderless),181.11,199.99,182.99,10.424603831925346,1.0380431781790047,159.0,gmv-100-200,171.19144,-5.476539119871908,$100-200,,498456.0
Rhystic Study (Anime Borderless),161.63,199.99,151.09,23.73321784322218,-6.521066633669487,147.0,gmv-100-200,171.19144,5.9156344737981845,$100-200,,509566.0
"Jin Sakai, Ghost of Tsushima",115.4,109.99,118.74,-4.6880415944540825,2.8942807625649816,225.0,gmv-100-200,94.15144,-18.41296360485269,$100-200,120.52,659479.0
Chrome Mox (Borderless),174.59,179.99,175.88,3.092960650667281,0.7388739332149562,141.0,gmv-100-200,154.07144,-11.752425683028816,$100-200,,614390.0
Metalworker,198.18,199.99,148.46,0.9133111312947836,-25.088303562418,154.0,gmv-100-200,171.19144,-13.618205671611667,$100-200,,6209.0
Lake of the Dead,116.89,139.99,69.02,19.76216956112585,-40.95303276584824,198.0,gmv-100-200,119.83144,2.516417144323723,$100-200,,4183.0
"The Dead Marshes - Urborg, Tomb of Yawgmoth (Borderless)",121.51,179.99,119.83,48.12772611307711,-1.3826022549584451,158.0,gmv-100-200,154.07144,26.797333552794,$100-200,,499326.0
The One Ring (Extended Art),128.55,139.99,129.98,8.899260987942432,1.112407623492787,142.0,gmv-100-200,119.83144,-6.782232594321283,$100-200,,488276.0
Gilded Drake,198.32,279.99,137.53,41.18091972569585,-30.652480839048003,107.0,gmv-100-200,239.67144,20.850867285195644,$100-200,,6886.0
Imperial Seal (Borderless),174.9,229.99,170.73,31.497998856489424,-2.384219554030884,97.0,gmv-100-200,196.87144,12.562287021154948,$100-200,,276329.0
Ancient Copper Dragon (Borderless),140.92,179.99,133.11,27.72495032642636,-5.542151575361889,118.0,gmv-100-200,154.07144,9.332557479420954,$100-200,,273003.0
Mana Vault (Borderless),141.45,179.99,140.65,27.24637681159422,-0.5655708731000233,98.0,gmv-100-200,154.07144,8.922898550724643,$100-200,,276323.0
Palantir of Orthanc (Borderless Poster),135.39,199.99,208.34,47.71401137454762,53.88137971785215,94.0,gmv-100-200,171.19144,26.443193736612763,$100-200,,518157.0
Null Rod,113.84,129.99,83.36,14.186577652846106,-26.774420238931835,141.0,gmv-100-200,111.27144,-2.2562895291637304,$100-200,,6076.0
Demonic Tutor (Borderless),112.98,149.99,106.12,32.75801026730395,-6.071871127633209,127.0,gmv-100-200,128.39144000000002,13.640856788812188,$100-200,,504181.0
Aluren,104.49,94.99,58.370000000000005,-9.09177911761891,-44.1381950425878,176.0,gmv-100-200,81.31143999999999,-22.1825629246818,$100-200,,5455.0
Witch-king of Angmar (Borderless Poster),152.26,229.99,229.24,51.05083409956654,50.55825561539473,78.0,gmv-100-200,196.87144,29.299513989228963,$100-200,,518162.0
Tolarian Academy,179.43,249.99,96.54,39.324527670958034,-46.19628824611269,91.0,gmv-100-200,213.99144,19.26179568634008,$100-200,,7073.0
Volrath's Stronghold,117.09,129.99,74.28,11.017166282346915,-36.56161926723034,141.0,gmv-100-200,111.27144,-4.969305662311035,$100-200,,5441.0
"Sheoldred, the Apocalypse (Concept Praetor)",149.16,229.99,176.92000000000002,54.19013140252079,18.610887637436324,77.0,gmv-100-200,196.87144,31.9867524805578,$100-200,,475545.0
Last March of the Ents (Borderless Poster),150.62,229.99,198.39,52.695525162661006,31.715575620767485,71.0,gmv-100-200,196.87144,30.707369539237817,$100-200,,518163.0
Orcish Bowmasters (Showcase Scrolls),109.22,139.99,144.56,28.17249587987549,32.35671122505036,87.0,gmv-100-200,119.83144,9.715656473173413,$100-200,,518043.0
Dark Ritual (1170),133.27,139.99,130.52,5.042395137690401,-2.0634801530727094,69.0,gmv-100-200,119.83144,-10.083709762137024,$100-200,,456562.0
Chrome Mox (Borderless),176.04,199.99,162.48,13.604862531242908,-7.702794819359237,52.0,gmv-100-200,171.19144,-2.754237673256074,$100-200,,614390.0
"Jaws, Relentless Predator",171.11,229.99,191.72,34.41061305592893,12.04488340833381,62.0,gmv-100-200,196.87144,15.055484775875165,$100-200,125.0,656542.0
Ancient Copper Dragon (Showcase),107.54,149.99,106.25,39.47368421052632,-1.1995536544541625,86.0,gmv-100-200,128.39144000000002,19.389473684210536,$100-200,,273002.0
Rishadan Port,107.29,119.99,62.5,11.83707708080901,-41.74666790940442,80.0,gmv-100-200,102.71144,-4.267462018827486,$100-200,,6667.0
Power Artifact,185.2,229.99,125.02,24.18466522678187,-32.494600431965445,53.0,gmv-100-200,196.87144,6.30207343412528,$100-200,,3306.0
The Fourteenth Doctor,112.54,129.99,109.84,15.50559800959659,-2.3991469699662367,44.0,gmv-100-200,111.27144,-1.127208103785315,$100-200,106.0,530360.0
Ancient Tomb (0046) (Borderless),167.66,159.99,177.14,-4.574734581891917,5.65430036979601,28.0,gmv-100-200,136.95144,-18.315972802099488,$100-200,,643637.0
Mishra's Factory (Spring),111.21,229.99,46.87,106.80694182177864,-57.85450948655697,52.0,gmv-100-200,196.87144,77.02674219944251,$100-200,,77296.0
Kaldra Compleat,157.05,139.99,175.87,-10.862782553326966,11.983444762814385,14.0,gmv-100-200,119.83144,-23.698541865647886,$100-200,159.49,240060.0
Mana Crypt,145.42,139.99,96.83,-3.7340118278090895,-33.41356072067116,22.0,gmv-100-200,119.83144,-17.596314124604586,$100-200,,122771.0
Plains - Red Pack (Spears),129.45,119.99,66.84,-7.307840865198914,-48.36616454229432,27.0,gmv-100-200,102.71144,-20.65551178061027,$100-200,,21676.0
Island - Venezia,111.46,159.99,114.62,43.54028350977931,2.835097792930209,22.0,gmv-100-200,136.95144,22.87048268437108,$100-200,,21644.0
In the Eye of Chaos,193.45,159.99,150.65,-17.29645903334194,-22.124579994830697,18.0,gmv-100-200,136.95144,-29.20576893254071,$100-200,,3912.0
Divine Intervention,151.35,159.99,98.03,5.708622398414281,-35.22960026428807,19.0,gmv-100-200,136.95144,-9.513419226957383,$100-200,,3844.0
Triskelion,166.11,159.99,114.6,-3.6843055806393377,-31.009571970381085,17.0,gmv-100-200,136.95144,-17.553765577027285,$100-200,,3331.0
Thunder Spirit,123.38,229.99,100.29,86.40784568001298,-18.714540444156256,20.0,gmv-100-200,196.87144,59.56511590209112,$100-200,77.25,4048.0
Serendib Djinn,151.56,159.99,123.24,5.562153602533654,-18.685669041963585,19.0,gmv-100-200,136.95144,-9.638796516231205,$100-200,,3238.0
Field of Dreams,140.63,149.99,130.25,6.655763350636431,-7.381070895257054,16.0,gmv-100-200,128.39144000000002,-8.702666571855207,$100-200,116.0,3865.0
Strip Mine (Tower),148.25,139.99,57.54,-5.571669477234395,-61.187183811129856,27.0,gmv-100-200,119.83144,-19.16934907251265,$100-200,,71524.0
Tawnos's Coffin,118.0,129.99,95.49,10.16101694915255,-19.07627118644068,23.0,gmv-100-200,111.27144,-5.702169491525414,$100-200,95.99,3324.0
Rasputin Dreamweaver,159.55,199.99,126.21,25.34628643058602,-20.89627076151677,15.0,gmv-100-200,171.19144,7.296421184581628,$100-200,,3993.0
