productId,name,set,tcgplayer,cardkingdom,manapool,ck_pct,mp_pct,source,band
693022,The Mind Stone,Marvel Super Heroes,57.53,79.99,62.52,39.040500608378224,8.673735442377893,top-5000 GMV,$50-100
647302,The Soul Stone,Marvel's Spider-Man,120.5,149.99,123.98,24.47302904564316,2.887966804979256,top-5000 GMV,$100-200
660570,Badgermole Cub,Avatar: The Last Airbender,50.34,79.99,49.72,58.89948351211758,-1.2316249503377126,top-5000 GMV,$50-100
6883,Gaea's Cradle,Urza's Saga,1622.57,2299.99,1042.0,41.7498166488965,-35.78089080902519,top-5000 GMV,$200+
686637,Force of Will,Secrets of Strixhaven: Mystical Archive,63.41,69.99,63.03,10.37691215896546,-0.5992745623718585,top-5000 GMV,$50-100
1608,Volcanic Island,Revised Edition,871.87,1399.99,677.3000000000001,60.57325059928659,-22.316400380790707,top-5000 GMV,$200+
5382,Mox Diamond,Stronghold,1128.58,1499.99,929.3,32.90949688989705,-17.657587410728524,top-5000 GMV,$200+
686640,Force of Will (JP Alternate Art),Secrets of Strixhaven: Mystical Archive,168.53,299.99,173.59,78.00391621669733,3.0024328012816723,top-5000 GMV,$100-200
488270,The One Ring (Borderless) (LTR Bundle),Unique and Miscellaneous Promos,88.96,129.99,125.02,46.12185251798564,40.53507194244605,top-5000 GMV,$50-100
1599,Underground Sea,Revised Edition,987.2,1299.99,731.11,31.6845623987034,-25.94104538087521,top-5000 GMV,$200+
5129,Lion's Eye Diamond,Mirage,816.91,949.99,781.5,16.290656253442855,-4.334626825476487,top-5000 GMV,$200+
641734,Quantum Riddler,Edge of Eternities,31.99,57.99,31.63,81.27539856205065,-1.125351672397623,top-5000 GMV,$20-50
686552,Vampiric Tutor,Secrets of Strixhaven: Mystical Archive,56.05,59.99,57.31,7.02943800178413,2.247992863514728,top-5000 GMV,$50-100
7357,Rhystic Study,Prophecy,60.17,79.99,55.91,32.94000332391556,-7.079940169519702,top-5000 GMV,$50-100
6323,Grim Monolith,Urza's Legacy,471.52,549.99,376.57,16.641923990498817,-20.137003732609436,top-5000 GMV,$200+
487805,The One Ring,Universes Beyond: The Lord of the Rings: Tales of Middle-earth,103.11,119.99,101.94,16.37086606536708,-1.134710503345943,top-5000 GMV,$100-200
689158,Emeritus of Woe,Secrets of Strixhaven,12.17,14.99,11.45,23.17173377156944,-5.916187345932626,top-5000 GMV,$10-20
240035,Esper Sentinel,Modern Horizons 2,59.14,74.99,59.38,26.80081163341223,0.405816706121072,top-5000 GMV,$50-100
498367,Orcish Bowmasters,Universes Beyond: The Lord of the Rings: Tales of Middle-earth,44.37,49.99,44.69,12.66621591165203,0.7212080234392615,top-5000 GMV,$20-50
631015,Vivi Ornitier,FINAL FANTASY,37.6,42.99,33.28,14.335106382978724,-11.48936170212766,top-5000 GMV,$20-50
689151,Jeska's Will,Secrets of Strixhaven: Mystical Archive,45.81,54.99,44.26,20.039292730844792,-3.383540711635024,top-5000 GMV,$20-50
700738,Doom Variant - Roaming Throne (Borderless),Marvel Universe Eternal-Legal,53.1,69.99,54.88,31.807909604519764,3.3521657250470827,top-5000 GMV,$50-100
36238,Mox Opal,Scars of Mirrodin,247.8,279.99,227.83,12.990314769975786,-8.058918482647295,top-5000 GMV,$200+
671005,Hexing Squelcher,Lorwyn Eclipsed,20.98,29.99,18.39,42.94566253574832,-12.34509056244042,top-5000 GMV,$20-50
632704,Buster Sword,FINAL FANTASY,49.49,64.99,43.89,31.31945847645988,-11.315417256011315,top-5000 GMV,$20-50
696296,"Mjolnir, Hammer of Thor",Marvel Super Heroes,22.12,32.99,23.39,49.14104882459313,5.741410488245929,top-5000 GMV,$20-50
660516,"Wan Shi Tong, Librarian",Avatar: The Last Airbender,36.45,59.99,36.44,64.58161865569272,-0.027434842249671,top-5000 GMV,$20-50
525238,Roaming Throne,The Lost Caverns of Ixalan,51.72,57.99,46.59,12.122969837587014,-9.91879350348027,top-5000 GMV,$50-100
71039,"Nykthos, Shrine to Nyx",Theros,53.61,69.99,44.42,30.554001119194176,-17.142324193247525,top-5000 GMV,$50-100
688651,Erode,Secrets of Strixhaven,6.42,9.49,4.64,47.81931464174456,-27.72585669781932,top-5000 GMV,$5-10
1595,Tropical Island,Revised Edition,579.93,699.99,416.8,20.702498577414527,-28.129256979290595,top-5000 GMV,$200+
1624,Wheel of Fortune,Revised Edition,380.49,449.99,265.71,18.265920260716445,-30.166364424820635,top-5000 GMV,$200+
183033,Smothering Tithe,Ravnica Allegiance,50.15,69.99,51.34,39.56131605184446,2.372881355932213,top-5000 GMV,$50-100
686555,Vampiric Tutor (JP Alternate Art),Secrets of Strixhaven: Mystical Archive,107.24,129.99,109.41,21.2140992167102,2.023498694516973,top-5000 GMV,$100-200
1597,Tundra,Revised Edition,670.58,699.99,415.33,4.38575561454263,-38.064063944644936,top-5000 GMV,$200+
282800,"Sheoldred, the Apocalypse",Dominaria United,97.46,129.99,98.99,33.37779601887956,1.5698748204391555,top-5000 GMV,$50-100
517451,The One Ring (Borderless Poster),Universes Beyond: The Lord of the Rings: Tales of Middle-earth,795.5,1299.99,1099.31,63.41797611565053,38.19107479572595,top-5000 GMV,$200+
643635,Ancient Tomb (0001) (Borderless),Edge of Eternities: Stellar Sights,118.85,149.99,119.83,26.201093815734133,0.8245687841817451,top-5000 GMV,$100-200
641733,Ouroboroid,Edge of Eternities,34.63,42.99,30.21,24.140918278948885,-12.763499855616525,top-5000 GMV,$20-50
696312,The Unbeatable Squirrel Girl,Marvel Super Heroes,4.23,4.99,3.33,17.966903073286044,-21.276595744680854,top-5000 GMV,$2-5
212302,The Ozolith,Ikoria: Lair of Behemoths,65.59,79.99,57.31,21.954566244854384,-12.62387559079128,top-5000 GMV,$50-100
697254,"Doctor Doom, Unrivaled",Commander: Marvel Super Heroes,57.74,74.99,57.24,29.87530308278488,-0.8659508139937652,top-5000 GMV,$50-100
262050,"Boseiju, Who Endures",Kamigawa: Neon Dynasty,49.47,69.99,55.2,41.4796846573681,11.582777440873263,top-5000 GMV,$20-50
696314,The Unbeatable Squirrel Girl (Borderless),Marvel Super Heroes,13.79,13.99,11.43,1.450326323422778,-17.113850616388685,top-5000 GMV,$10-20
697546,The Fantasticar,Commander: Marvel Super Heroes,12.13,17.99,11.43,48.30997526793072,-5.770816158285252,top-5000 GMV,$10-20
162125,Mox Amber,Dominaria,76.24,109.99,79.42,44.26810073452256,4.1710388247639125,top-5000 GMV,$50-100
632052,Stay with Me - Rhystic Study (Showcase),FINAL FANTASY: Through the Ages,106.12,139.99,108.35,31.916698077647947,2.1013946475687804,top-5000 GMV,$100-200
5457,Ancient Tomb,Tempest,122.88,159.99,111.37,30.20019531250001,-9.36686197916666,top-5000 GMV,$100-200
671032,Hexing Squelcher (Showcase),Lorwyn Eclipsed,27.03,37.99,26.31,40.54753977062524,-2.663706992230864,top-5000 GMV,$20-50
7030,Serra's Sanctum,Urza's Saga,500.6,599.99,356.57,19.854174990011984,-28.77147423092289,top-5000 GMV,$200+
632705,Buster Sword (Borderless),FINAL FANTASY,88.8,109.99,100.41,23.86261261261261,13.074324324324325,top-5000 GMV,$50-100
644286,Icetill Explorer,Edge of Eternities,14.78,21.99,14.77,48.78213802435724,-0.0676589986468186,top-5000 GMV,$10-20
5615,Lotus Petal,Tempest,33.86,44.99,28.04,32.87064382752511,-17.188422917897224,top-5000 GMV,$20-50
618887,Dragon of Mount Gulg - Ancient Copper Dragon (Showcase),FINAL FANTASY: Through the Ages,99.13,139.99,103.15,41.218601835972976,4.055280944214678,top-5000 GMV,$50-100
697204,"Loki, Lord of Misrule",Commander: Marvel Super Heroes,58.64,79.99,58.86,36.40859481582536,0.3751705320600254,top-5000 GMV,$50-100
5529,Earthcraft,Tempest,279.86,349.99,197.98,25.0589580504538,-29.25748588580005,top-5000 GMV,$200+
552863,Ocelot Pride,Modern Horizons 3,41.39,54.99,40.79,32.85817830393815,-1.4496255134090394,top-5000 GMV,$20-50
1339,Badlands,Revised Edition,538.86,599.99,343.84000000000003,11.344319489292207,-36.19121849831125,top-5000 GMV,$200+
238619,Urza's Saga,Modern Horizons 2,43.11,54.99,37.45,27.55741127348644,-13.12920436093713,top-5000 GMV,$20-50
688521,Flashback,Secrets of Strixhaven,3.84,6.49,2.56,69.01041666666667,-33.33333333333333,top-5000 GMV,$2-5
696349,The Ten Rings,Marvel Super Heroes,17.4,24.99,17.71,43.62068965517242,1.781609195402312,top-5000 GMV,$10-20
518155,"Sauron, the Dark Lord (Borderless Poster)",Universes Beyond: The Lord of the Rings: Tales of Middle-earth,508.42,749.99,625.2,47.51386648833641,22.96919869399316,top-5000 GMV,$200+
688679,Flow State,Secrets of Strixhaven,1.81,3.49,0.62,92.81767955801104,-65.74585635359117,top-5000 GMV,$1-2
5593,Intuition,Tempest,356.55,449.99,338.65000000000003,26.206703127191133,-5.020333754031686,top-5000 GMV,$200+
689345,Cyclonic Rift,Secrets of Strixhaven: Mystical Archive,33.97,39.99,31.33,17.721518987341785,-7.771563143950547,top-5000 GMV,$20-50
686601,Emeritus of Ideation,Secrets of Strixhaven,5.25,7.99,4.62,52.1904761904762,-11.999999999999998,top-5000 GMV,$5-10
686575,Improvisation Capstone,Secrets of Strixhaven,10.47,16.99,9.37,62.27316141356254,-10.506208213944616,top-5000 GMV,$10-20
541274,Polluted Delta,Modern Horizons 3,19.77,27.99,18.97,41.578148710166914,-4.0465351542741566,top-5000 GMV,$10-20
660571,Badgermole Cub (Borderless),Avatar: The Last Airbender,68.42,89.99,69.5,31.52586962876351,1.5784858228588106,top-5000 GMV,$50-100
130149,Anointed Procession,Amonkhet,58.24,69.99,51.52,20.17513736263735,-11.538461538461537,top-5000 GMV,$50-100
697268,Ultron the Annihilator,Commander: Marvel Super Heroes,47.06,54.99,45.2,16.850828729281766,-3.952401189970249,top-5000 GMV,$20-50
238610,Scalding Tarn,Modern Horizons 2,38.39,42.99,39.66,11.982287053920295,3.3081531648866798,top-5000 GMV,$20-50
630950,"Sephiroth, Fabled SOLDIER",FINAL FANTASY,31.65,34.99,26.05,10.552922590837294,-17.693522906793042,top-5000 GMV,$20-50
4416,Survival of the Fittest,Exodus,399.96,599.99,304.40000000000003,50.01250125012502,-23.89238923892388,top-5000 GMV,$200+
1585,Taiga,Revised Edition,425.39,449.99,265.11,5.782928606690336,-37.67836573497261,top-5000 GMV,$200+
1527,Plateau,Revised Edition,375.77,399.99,258.74,6.445432046198481,-31.14405088218857,top-5000 GMV,$200+
631871,Vivi Ornitier (Borderless),FINAL FANTASY,81.61,99.99,82.31,22.52174978556549,0.857738022301192,top-5000 GMV,$50-100
623894,"Ugin, Eye of the Storms",Tarkir: Dragonstorm,41.76,64.99,41.19,55.627394636015325,-1.364942528735633,top-5000 GMV,$20-50
238609,Misty Rainforest,Modern Horizons 2,36.34,42.99,36.2,18.29939460649421,-0.3852504127683009,top-5000 GMV,$20-50
589328,Bloodthirsty Conqueror,Foundations,39.76,42.99,32.3,8.123742454728381,-18.762575452716305,top-5000 GMV,$20-50
509562,Smothering Tithe (Anime Borderless),Wilds of Eldraine: Enchanting Tales,208.35,229.99,205.56,10.386369090472767,-1.3390928725701907,top-5000 GMV,$200+
504495,Deflecting Swat (Borderless),Commander Masters,103.43,139.99,103.15,35.34757807212608,-0.2707144928937456,top-5000 GMV,$100-200
212191,Deflecting Swat,Commander 2020,65.78,99.99,67.73,52.00668896321069,2.96442687747036,top-5000 GMV,$50-100
541275,Bloodstained Mire,Modern Horizons 3,18.51,23.99,17.01,29.60561858454887,-8.103727714748784,top-5000 GMV,$10-20
212218,Fierce Guardianship,Commander 2020,54.83,84.99,57.17,55.00638336677001,4.267736640525266,top-5000 GMV,$50-100
657764,Doubling Season (Borderless),Teenage Mutant Ninja Turtles Source Material,30.24,34.99,30.34,15.70767195767197,0.3306878306878354,top-5000 GMV,$20-50
498425,Orcish Bowmasters (Borderless),Universes Beyond: The Lord of the Rings: Tales of Middle-earth,55.92,57.99,52.08,3.7017167381974256,-6.866952789699576,top-5000 GMV,$50-100
238607,Arid Mesa,Modern Horizons 2,27.51,42.99,28.13,56.27044711014177,2.2537259178480458,top-5000 GMV,$20-50
273001,Ancient Copper Dragon,Commander Legends: Battle for Baldur's Gate,109.72,149.99,110.44,36.7025154939847,0.6562158220925983,top-5000 GMV,$100-200
190647,Force of Negation,Modern Horizons,52.63,69.99,54.18,32.984989549686475,2.945088352650574,top-5000 GMV,$50-100
4303,City of Traitors,Exodus,539.19,649.99,512.65,20.549342532316984,-4.922198111982802,top-5000 GMV,$200+
697383,Devil Dinosaur,Commander: Marvel Super Heroes,41.78,44.99,40.01,7.683101962661562,-4.23647678314984,top-5000 GMV,$20-50
1388,Demonic Tutor,Revised Edition,66.79,79.99,43.76,19.763437640365307,-34.48120976194042,top-5000 GMV,$50-100
1342,Bayou,Revised Edition,457.17,549.99,299.86,20.30316949931098,-34.40951943478356,top-5000 GMV,$200+
696412,T'Challa's Protection - Teferi's Protection (Borderless),Marvel Universe Eternal-Legal,33.22,37.99,34.72,14.35881998795907,4.515352197471403,top-5000 GMV,$20-50
5170,Phyrexian Dreadnought,Mirage,279.42,349.99,203.19,25.255887194903725,-27.281511702812978,top-5000 GMV,$200+
558355,Three Tree City,Bloomburrow,26.61,34.99,26.9,31.491920330702754,1.0898158586997335,top-5000 GMV,$20-50
630959,"Sephiroth, Fabled SOLDIER (0317) (Borderless)",FINAL FANTASY,70.99,99.99,66.47,40.850824059726726,-6.367093956895332,top-5000 GMV,$50-100
590858,Doubling Season,Foundations,33.13,42.99,30.21,29.76154542710534,-8.813763960156962,top-5000 GMV,$20-50
1552,Savannah,Revised Edition,403.73,449.99,250.55,11.458152725831615,-37.94119832561365,top-5000 GMV,$200+
498456,Balin's Tomb - Ancient Tomb (Borderless),Commander: The Lord of the Rings: Tales of Middle-earth,181.11,199.99,182.99,10.424603831925346,1.0380431781790047,top-5000 GMV,$100-200
662549,The Walls of Ba Sing Se,Avatar: The Last Airbender,22.92,34.99,20.84,52.661431064572426,-9.07504363001746,top-5000 GMV,$20-50
509566,Rhystic Study (Anime Borderless),Wilds of Eldraine: Enchanting Tales,161.63,199.99,151.09,23.73321784322218,-6.521066633669487,top-5000 GMV,$100-200
1556,Scrubland,Revised Edition,435.57,499.99,313.63,14.789815643868955,-27.995500149229745,top-5000 GMV,$200+
696581,"Ultron, Artificial Malevolence",Marvel Super Heroes,12.69,19.99,13.35,57.52561071710007,5.200945626477543,top-5000 GMV,$10-20
689348,Cyclonic Rift (JP Alternate Art),Secrets of Strixhaven: Mystical Archive,86.6,109.99,86.48,27.00923787528869,-0.1385681293302429,top-5000 GMV,$50-100
697332,The Vision and Scarlet Witch,Commander: Marvel Super Heroes,58.05,74.99,51.7,29.181739879414295,-10.938845822566744,top-5000 GMV,$50-100
689106,Germination Practicum,Secrets of Strixhaven,10.26,9.99,8.33,-2.631578947368417,-18.81091617933723,top-5000 GMV,$10-20
541277,Wooded Foothills,Modern Horizons 3,16.47,23.99,15.78,45.65877352762599,-4.189435336976318,top-5000 GMV,$10-20
499456,Mithril Coat,Universes Beyond: The Lord of the Rings: Tales of Middle-earth,31.19,42.99,28.57,37.832638666239184,-8.40012824623277,top-5000 GMV,$20-50
659479,"Jin Sakai, Ghost of Tsushima",Secret Lair Drop Series,115.4,109.99,118.74,-4.6880415944540825,2.8942807625649816,top-5000 GMV,$100-200
660517,"Wan Shi Tong, Librarian (Borderless)",Avatar: The Last Airbender,62.14,79.99,64.97,28.725458641776623,4.554232378500158,top-5000 GMV,$50-100
238608,Marsh Flats,Modern Horizons 2,32.0,39.99,29.68,24.968750000000007,-7.250000000000001,top-5000 GMV,$20-50
614390,Chrome Mox (Borderless),Special Guests,174.59,179.99,175.88,3.092960650667281,0.7388739332149562,top-5000 GMV,$100-200
630968,"Sephiroth, Fabled SOLDIER (0382) (Borderless)",FINAL FANTASY,64.35,79.99,59.91,24.304584304584303,-6.899766899766897,top-5000 GMV,$50-100
687438,Land Tax,Commander: Secrets of Strixhaven,15.57,18.99,13.94,21.965317919075133,-10.468850353243422,top-5000 GMV,$10-20
696535,Jennifer Walters,Marvel Super Heroes,11.87,17.99,11.42,51.558550968828975,-3.791069924178596,top-5000 GMV,$10-20
696582,"Ultron, Artificial Malevolence (Borderless) (0344)",Marvel Super Heroes,24.21,32.99,20.82,36.26600578273441,-14.002478314745977,top-5000 GMV,$20-50
591214,Hare Apparent,Foundations,2.32,3.49,0.91,50.43103448275864,-60.77586206896552,top-5000 GMV,$2-5
696324,King T'Challa,Marvel Super Heroes,11.7,18.99,9.46,62.30769230769231,-19.14529914529913,top-5000 GMV,$10-20
673653,"Krang, Utrom Warlord",Teenage Mutant Ninja Turtles,22.7,23.99,21.47,5.6828193832599085,-5.4185022026431735,top-5000 GMV,$20-50
498414,Delighted Halfling,Universes Beyond: The Lord of the Rings: Tales of Middle-earth,29.32,37.99,26.03,29.570259208731247,-11.22100954979536,top-5000 GMV,$20-50
662085,Urza's Saga,Secret Lair Countdown Kit,63.45,69.99,59.38,10.307328605200931,-6.414499605988968,top-5000 GMV,$50-100
552631,Warren Soultrader,Modern Horizons 3,14.84,20.99,14.18,41.442048517520206,-4.447439353099732,top-5000 GMV,$10-20
226653,Jeska's Will,Commander Legends,39.0,49.99,39.9,28.179487179487182,2.307692307692304,top-5000 GMV,$20-50
218602,Mox Opal,Double Masters,247.48,249.99,229.17,1.0142233715855904,-7.3985776628414435,top-5000 GMV,$200+
686619,"Witherbloom, the Balancer (Borderless)",Secrets of Strixhaven,13.64,14.99,11.45,9.897360703812314,-16.05571847507332,top-5000 GMV,$10-20
6209,Metalworker,Urza's Destiny,198.18,199.99,148.46,0.9133111312947836,-25.088303562418,top-5000 GMV,$100-200
541276,Flooded Strand,Modern Horizons 3,15.96,19.99,14.58,25.250626566416024,-8.646616541353389,top-5000 GMV,$10-20
657755,Super Shredder,Teenage Mutant Ninja Turtles,19.3,21.99,18.75,13.93782383419688,-2.8497409326424905,top-5000 GMV,$10-20
451975,Mox Amber,The Brothers' War: Retro Frame Artifacts,80.21,109.99,81.83,37.127540206956745,2.0196982919835493,top-5000 GMV,$50-100
553302,Urza's Incubator,Modern Horizons 3,18.86,19.99,17.87,5.991516436903495,-5.249204665959695,top-5000 GMV,$10-20
5412,Sliver Queen,Stronghold,295.04,299.99,194.31,1.677738611713662,-34.14113340563992,top-5000 GMV,$200+
239857,"Ragavan, Nimble Pilferer",Modern Horizons 2,43.02,54.99,44.72,27.824267782426777,3.9516503951650295,top-5000 GMV,$20-50
623882,"Elspeth, Storm Slayer",Tarkir: Dragonstorm,40.23,49.99,35.93,24.26050211285112,-10.688540889883164,top-5000 GMV,$20-50
658468,Aerith Gainsborough,Pro Tour Promos,279.05,329.99,255.27,18.254793047840888,-8.521770292062355,top-5000 GMV,$200+
504494,Deflecting Swat,Commander Masters,66.56,99.99,67.03,50.22536057692306,0.7061298076923059,top-5000 GMV,$50-100
552582,Sink into Stupor,Modern Horizons 3,5.74,9.99,5.3100000000000005,74.0418118466899,-7.4912891986062675,top-5000 GMV,$5-10
623897,Voice of Victory,Tarkir: Dragonstorm,17.44,27.99,15.63,60.49311926605503,-10.37844036697248,top-5000 GMV,$10-20
615741,Monument to Endurance,Aetherdrift,20.7,29.99,17.66,44.87922705314009,-14.685990338164247,top-5000 GMV,$20-50
696438,"Wolverine, Best There Is (Borderless)",Marvel Universe Eternal-Legal,23.87,27.99,25.76,17.260159195643055,7.917888563049856,top-5000 GMV,$20-50
656711,Steam Vents,Lorwyn Eclipsed,13.87,16.99,10.68,22.494592645998555,-22.999279019466474,top-5000 GMV,$10-20
525241,Roaming Throne (Borderless),The Lost Caverns of Ixalan,43.67,57.99,46.46,32.79138997023128,6.388825280512936,top-5000 GMV,$20-50
238611,Verdant Catacombs,Modern Horizons 2,27.16,37.99,29.12,39.87481590574375,7.216494845360828,top-5000 GMV,$20-50
698015,Molecule Man,Commander: Marvel Super Heroes,18.06,17.99,17.29,-0.3875968992248078,-4.263565891472866,top-5000 GMV,$10-20
670957,Chronicle of Victory,Lorwyn Eclipsed,19.93,29.99,19.79,50.47666833918715,-0.7024586051179156,top-5000 GMV,$10-20
687542,Sol Ring,Commander: Secrets of Strixhaven,1.59,2.79,1.4,75.47169811320754,-11.949685534591206,top-5000 GMV,$1-2
11467,Chrome Mox,Mirrodin,177.38,179.99,145.88,1.471417296200256,-17.75848460931334,top-5000 GMV,$100-200
686613,"Witherbloom, the Balancer",Secrets of Strixhaven,4.08,5.49,3.11,34.55882352941177,-23.77450980392157,top-5000 GMV,$2-5
5226,Shallow Grave,Mirage,99.75,179.99,101.12,80.44110275689223,1.3734335839599043,top-5000 GMV,$50-100
697490,Patriotic Shield - Sword of Fire and Ice (Borderless),Marvel Universe Eternal-Legal,25.79,32.99,25.25,27.917797595967443,-2.093834819697554,top-5000 GMV,$20-50
135074,Torment of Hailfire,Hour of Devastation,37.94,49.99,37.13,31.76067474960465,-2.134949920927768,top-5000 GMV,$20-50
686600,Professor Dellian Fel,Secrets of Strixhaven,4.38,6.99,3.64,59.589041095890416,-16.89497716894977,top-5000 GMV,$2-5
525752,Exquisite Blood,Commander: The Lost Caverns of Ixalan,36.45,42.99,34.64,17.942386831275716,-4.965706447187934,top-5000 GMV,$20-50
696274,"Loki, God of Mischief",Marvel Super Heroes,2.59,5.99,2.17,131.2741312741313,-16.216216216216214,top-5000 GMV,$2-5
660581,"Toph, Earthbending Master",Avatar: The Last Airbender: Eternal-Legal,36.65,54.99,35.35,50.04092769440656,-3.5470668485675234,top-5000 GMV,$20-50
633136,The Earth Crystal,FINAL FANTASY,12.13,17.99,11.72,48.30997526793072,-3.3800494641385006,top-5000 GMV,$10-20
689155,Jeska's Will (JP Alternate Art),Secrets of Strixhaven: Mystical Archive,82.18,94.99,83.54,15.587734241907992,1.6549038695546352,top-5000 GMV,$50-100
3330,Transmute Artifact,Antiquities,396.5,649.99,324.67,63.93190416141236,-18.11601513240857,top-5000 GMV,$200+
662054,Phyrexian Altar,Secret Lair Countdown Kit,60.18,64.99,58.43,7.992688600864066,-2.90794283815221,top-5000 GMV,$50-100
553235,Talon Gates of Madara,Commander: Modern Horizons 3,28.77,29.99,27.92,4.240528328119566,-2.954466458116085,top-5000 GMV,$20-50
630870,"Cloud, Midgar Mercenary",FINAL FANTASY,21.62,24.99,19.78,15.58741905642922,-8.510638297872338,top-5000 GMV,$20-50
262051,"Boseiju, Who Endures (Borderless)",Kamigawa: Neon Dynasty,66.32,94.99,66.08,43.229794933655015,-0.3618817852834664,top-5000 GMV,$50-100
448904,Chrome Mox,Secret Lair Countdown Kit,187.01,179.99,187.56,-3.753809956686799,0.2941019196834455,top-5000 GMV,$100-200
222103,Malakir Rebirth,Zendikar Rising,12.7,16.99,12.52,33.77952755905511,-1.4173228346456672,top-5000 GMV,$10-20
162175,Rat Colony,Dominaria,5.62,7.49,5.09,33.27402135231317,-9.43060498220641,top-5000 GMV,$5-10
6232,Replenish,Urza's Destiny,225.1,199.99,125.02,-11.15504220346512,-44.46023989338072,top-5000 GMV,$200+
630917,Summon: Bahamut,FINAL FANTASY,23.76,32.99,20.63,38.84680134680135,-13.173400673400684,top-5000 GMV,$20-50
262434,"Otawara, Soaring City",Kamigawa: Neon Dynasty,27.69,42.99,29.99,55.25460455037919,8.30624774286745,top-5000 GMV,$20-50
544392,"Bristly Bill, Spine Sower",Outlaws of Thunder Junction,41.82,49.99,40.1,19.536107125777143,-4.112864658058343,top-5000 GMV,$20-50
638912,Sacred Foundry,Edge of Eternities,10.13,14.99,9.37,47.976307996051325,-7.502467917078001,top-5000 GMV,$10-20
660577,The Banyan Tree - The Great Henge (Borderless),Avatar: The Last Airbender: Eternal-Legal,59.04,89.99,60.43,52.4220867208672,2.354336043360435,top-5000 GMV,$50-100
697059,"Shang-Chi, Master of Kung Fu",Marvel Super Heroes,9.99,17.99,10.3,80.08008008008007,3.103103103103108,top-5000 GMV,$5-10
614418,Riverpyre Verge,Aetherdrift,20.41,27.99,20.0,37.13865752082312,-2.0088192062714363,top-5000 GMV,$20-50
648709,Redirect Lightning,Avatar: The Last Airbender,12.22,17.99,10.3,47.21767594108018,-15.71194762684124,top-5000 GMV,$10-20
188701,Finale of Devastation,War of the Spark,46.84,69.99,44.46,49.42356959863363,-5.081127241673789,top-5000 GMV,$20-50
697485,Heaven-Sent Marvel - Archangel of Thune (Borderless),Marvel Universe Eternal-Legal,19.46,19.99,19.01,2.7235354573483943,-2.312435765673172,top-5000 GMV,$10-20
218603,Mox Opal (Borderless),Double Masters,375.63,399.99,307.39,6.485105023560422,-18.166813087346597,top-5000 GMV,$200+
686599,"Prismari, the Inspiration",Secrets of Strixhaven,4.07,4.99,3.12,22.6044226044226,-23.34152334152334,top-5000 GMV,$2-5
688950,Decorum Dissertation,Secrets of Strixhaven,6.97,8.49,5.21,21.80774748923961,-25.251076040172165,top-5000 GMV,$5-10
490390,"Etali, Primal Conqueror",March of the Machine,33.04,42.99,33.08,30.11501210653754,0.1210653753026608,top-5000 GMV,$20-50
641757,Quantum Riddler (Borderless),Edge of Eternities,42.46,64.99,41.68,53.06170513424397,-1.8370230805463992,top-5000 GMV,$20-50
525381,Hunting Velociraptor (Borderless),Universes Beyond: Jurassic World Collection,74.13,74.99,66.96000000000001,1.160124106299743,-9.67219749089436,top-5000 GMV,$50-100
233371,Demonic Tutor,Strixhaven: Mystical Archive,79.26,94.99,67.05,19.846076204895265,-15.404996214988651,top-5000 GMV,$50-100
687365,Faerie Mastermind,Commander: Secrets of Strixhaven,11.92,15.99,10.6,34.144295302013425,-11.073825503355708,top-5000 GMV,$10-20
679211,Donnie's Bo - Shadowspear (Borderless),Teenage Mutant Ninja Turtles Source Material,19.81,27.99,20.6,41.29227662796568,3.9878849066128352,top-5000 GMV,$10-20
517603,Cavern of Souls (0269),The Lost Caverns of Ixalan,47.56,54.99,45.66,15.622371740958789,-3.994953742640887,top-5000 GMV,$20-50
509518,Rhystic Study,Wilds of Eldraine: Enchanting Tales,82.79,84.99,80.35000000000001,2.6573257639811434,-2.947215847324553,top-5000 GMV,$50-100
697396,"Tippy-Toe, Terrific Partner",Commander: Marvel Super Heroes,6.05,9.49,5.19,56.85950413223141,-14.21487603305784,top-5000 GMV,$5-10
518158,Tom Bombadil (Borderless Poster),Universes Beyond: The Lord of the Rings: Tales of Middle-earth,268.08,329.99,316.37,23.09385258131902,18.01327961802448,top-5000 GMV,$200+
552852,Phyrexian Tower,Modern Horizons 3,27.8,39.99,25.47,43.84892086330935,-8.381294964028783,top-5000 GMV,$20-50
696304,"Mjolnir, Hammer of Thor (Borderless) (0339)",Marvel Super Heroes,41.84,59.99,41.66,43.37954110898661,-0.4302103250478174,top-5000 GMV,$20-50
98395,Mox Opal,Modern Masters 2015,234.22,299.99,207.09,28.080437195798822,-11.583126974639226,top-5000 GMV,$200+
696671,Cosmic Cube,Marvel Super Heroes,12.43,17.99,11.46,44.73049074818986,-7.803700724054698,top-5000 GMV,$10-20
697431,Swordsman's Steel,Commander: Marvel Super Heroes,20.11,23.99,18.65,19.293883639980105,-7.260069617105922,top-5000 GMV,$20-50
91106,"Urborg, Tomb of Yawgmoth",Magic 2015 (M15),54.52,79.99,55.29,46.71680117388113,1.412325752017601,top-5000 GMV,$50-100
686615,"Prismari, the Inspiration (Borderless)",Secrets of Strixhaven,11.19,9.49,8.44,-15.192135835567466,-24.575513851653263,top-5000 GMV,$10-20
638914,Watery Grave,Edge of Eternities,9.56,15.99,9.33,67.25941422594141,-2.405857740585778,top-5000 GMV,$5-10
686672,Sylvan Library (Borderless),Special Guests,27.82,32.99,26.03,18.583752695902238,-6.434219985621851,top-5000 GMV,$20-50
638908,"Tezzeret, Cruel Captain",Edge of Eternities,19.88,27.99,17.45,40.794768611670015,-12.223340040241448,top-5000 GMV,$10-20
276288,Imperial Seal,Double Masters 2022,158.52,229.99,157.08,45.0857935907141,-0.908402725208174,top-5000 GMV,$100-200
656667,Formidable Speaker,Lorwyn Eclipsed,8.11,10.99,7.18,35.51171393341555,-11.467324290998764,top-5000 GMV,$5-10
589354,Mossborn Hydra,Foundations,12.09,15.99,8.33,32.25806451612904,-31.100082712985937,top-5000 GMV,$10-20
199361,The Great Henge,Throne of Eldraine,62.61,84.99,61.49,35.74508864398658,-1.7888516211467778,top-5000 GMV,$50-100
656812,Vivi's Persistence (Borderless),Commander: FINAL FANTASY,43.26,79.99,54.43,84.90522422561257,25.820619509939903,top-5000 GMV,$20-50
541272,Windswept Heath,Modern Horizons 3,11.36,14.99,10.94,31.954225352112687,-3.6971830985915486,top-5000 GMV,$10-20
4183,Lake of the Dead,Alliances,116.89,139.99,69.02,19.76216956112585,-40.95303276584824,top-5000 GMV,$100-200
499326,"The Dead Marshes - Urborg, Tomb of Yawgmoth (Borderless)",Commander: The Lord of the Rings: Tales of Middle-earth,121.51,179.99,119.83,48.12772611307711,-1.3826022549584451,top-5000 GMV,$100-200
630919,Summon: Bahamut (Borderless),FINAL FANTASY,48.56,57.99,47.93,19.41927512355848,-1.297364085667221,top-5000 GMV,$20-50
589380,Twinflame Tyrant,Foundations,24.51,37.99,23.94,54.997960016319865,-2.3255813953488382,top-5000 GMV,$20-50
641799,Gemstone Caverns (0016) (Borderless),Edge of Eternities: Stellar Sights,56.12,74.99,58.26,33.62437633642195,3.813257305773344,top-5000 GMV,$50-100
478276,"Mondrak, Glory Dominus",Phyrexia: All Will Be One,41.76,54.99,44.1,31.68103448275863,5.603448275862077,top-5000 GMV,$20-50
656687,Blood Crypt,Lorwyn Eclipsed,9.43,12.99,9.1,37.751855779427366,-3.4994697773064694,top-5000 GMV,$5-10
688836,Akroma's Will,Secrets of Strixhaven: Mystical Archive,17.13,20.99,15.89,22.533566841798013,-7.238762405137178,top-5000 GMV,$10-20
206978,Shadowspear,Theros Beyond Death,31.31,39.99,28.86,27.722772277227737,-7.824976045991693,top-5000 GMV,$20-50
656652,Bitterbloom Bearer,Lorwyn Eclipsed,15.44,21.99,15.61,42.42227979274611,1.1010362694300513,top-5000 GMV,$10-20
697325,"Nico Minoru, Runaway",Commander: Marvel Super Heroes,32.92,42.99,31.78,30.589307411907654,-3.4629404617253967,top-5000 GMV,$20-50
240037,Solitude,Modern Horizons 2,34.22,47.99,38.29,40.23962594973701,11.893629456458212,top-5000 GMV,$20-50
31833,Violent Outburst,Alara Reborn,3.75,5.99,1.4,59.73333333333334,-62.66666666666667,top-5000 GMV,$2-5
689159,Emeritus of Woe (Extended Art),Secrets of Strixhaven,17.98,20.99,17.7,16.740823136818676,-1.5572858731924424,top-5000 GMV,$10-20
222038,Sea Gate Restoration,Zendikar Rising,40.06,49.99,38.55,24.78781827259111,-3.76934598102847,top-5000 GMV,$20-50
533402,"Delney, Streetwise Lookout",Murders at Karlov Manor,34.1,44.99,31.26,31.93548387096774,-8.328445747800586,top-5000 GMV,$20-50
179473,Ancient Tomb,Ultimate Masters,135.94,139.99,125.04,2.979255553920856,-8.018243342651163,top-5000 GMV,$100-200
488276,The One Ring (Extended Art),Universes Beyond: The Lord of the Rings: Tales of Middle-earth,128.55,139.99,129.98,8.899260987942432,1.112407623492787,top-5000 GMV,$100-200
656712,Steam Vents (Borderless),Lorwyn Eclipsed,16.02,22.99,14.83,43.50811485642946,-7.428214731585515,top-5000 GMV,$10-20
688899,Culling the Weak,Secrets of Strixhaven: Mystical Archive,10.35,9.99,7.37,-3.478260869565212,-28.79227053140097,top-5000 GMV,$10-20
638910,Breeding Pool,Edge of Eternities,9.52,15.99,9.25,67.9621848739496,-2.8361344537815083,top-5000 GMV,$5-10
230903,"Birgi, God of Storytelling",Kaldheim,34.13,44.99,31.78,31.81951362437737,-6.885438031057724,top-5000 GMV,$20-50
272901,Displacer Kitten,Commander Legends: Battle for Baldur's Gate,31.35,34.99,28.46,11.610845295055825,-9.218500797448169,top-5000 GMV,$20-50
276291,Mana Vault,Double Masters 2022,116.3,139.99,111.3,20.36973344797937,-4.299226139294927,top-5000 GMV,$100-200
633976,Knights of San d'Oria - Ranger-Captain of Eos (Showcase),FINAL FANTASY: Through the Ages,38.53,57.99,44.51,50.50609914352453,15.520373734752132,top-5000 GMV,$20-50
512510,Agatha's Soul Cauldron,Wilds of Eldraine,38.3,42.99,36.45,12.24543080939949,-4.830287206266304,top-5000 GMV,$20-50
631607,Starting Town,FINAL FANTASY,7.85,10.99,7.81,40.00000000000001,-0.509554140127389,top-5000 GMV,$5-10
656709,Overgrown Tomb,Lorwyn Eclipsed,9.33,13.99,7.81,49.94640943193998,-16.29153269024652,top-5000 GMV,$5-10
544246,Mana Drain,Outlaws of Thunder Junction: Breaking News,47.89,74.99,50.32,56.588014199206505,5.074128210482354,top-5000 GMV,$20-50
552306,Ruby Medallion,Modern Horizons 3,13.79,18.99,11.44,37.70848440899202,-17.04133430021755,top-5000 GMV,$10-20
4146,Force of Will,Alliances,72.34,89.99,62.13,24.398672933370182,-14.113906552391487,top-5000 GMV,$50-100
6886,Gilded Drake,Urza's Saga,198.32,279.99,137.53,41.18091972569585,-30.652480839048003,top-5000 GMV,$100-200
276329,Imperial Seal (Borderless),Double Masters 2022,174.9,229.99,170.73,31.497998856489424,-2.384219554030884,top-5000 GMV,$100-200
689056,Cauldron of Essence,Secrets of Strixhaven,3.53,3.99,2.61,13.031161473087831,-26.06232294617564,top-5000 GMV,$2-5
696417,Simulacrum Synthesizer (Borderless),Marvel Universe Eternal-Legal,19.32,29.99,18.74,55.22774327122152,-3.0020703933747503,top-5000 GMV,$10-20
552830,Fanatic of Rhonas,Modern Horizons 3,13.97,16.99,13.49,21.61775232641373,-3.435934144595565,top-5000 GMV,$10-20
589389,Scythecat Cub,Foundations Jumpstart,24.63,32.99,22.35,33.942346731628106,-9.25700365408038,top-5000 GMV,$20-50
630929,Traveling Chocobo,FINAL FANTASY,19.44,21.99,17.76,13.117283950617267,-8.641975308641973,top-5000 GMV,$10-20
688843,Awaken the Woods,Secrets of Strixhaven: Mystical Archive,14.18,18.99,14.32,33.92101551480958,0.9873060648801169,top-5000 GMV,$10-20
590679,"Rev, Tithe Extractor (Anime)",Foundations Jumpstart,21.05,32.99,19.01,56.722090261282666,-9.691211401425171,top-5000 GMV,$20-50
673622,Cool but Rude,Teenage Mutant Ninja Turtles,8.6,12.99,7.8,51.04651162790699,-9.302325581395348,top-5000 GMV,$5-10
504561,Fierce Guardianship,Commander Masters,56.21,84.99,53.120000000000005,51.20085394057996,-5.497242483543847,top-5000 GMV,$50-100
6303,Deranged Hermit,Urza's Legacy,87.62,89.99,67.71000000000001,2.704861903674949,-22.72312257475462,top-5000 GMV,$50-100
552333,"Tamiyo, Inquisitive Student",Modern Horizons 3,16.24,24.99,13.57,53.8793103448276,-16.440886699507377,top-5000 GMV,$10-20
668460,Bruce Banner,Marvel Super Heroes,6.42,9.99,5.72,55.60747663551402,-10.903426791277262,top-5000 GMV,$5-10
273003,Ancient Copper Dragon (Borderless),Commander Legends: Battle for Baldur's Gate,140.92,179.99,133.11,27.72495032642636,-5.542151575361889,top-5000 GMV,$100-200
641725,Exalted Sunborn,Edge of Eternities,14.51,20.99,12.5,44.65885596140592,-13.852515506547208,top-5000 GMV,$10-20
660518,Force of Negation (Borderless),Avatar: The Last Airbender: Eternal-Legal,46.85,64.99,46.84,38.71931696905014,-0.021344717182493,top-5000 GMV,$20-50
656781,Flash Photography (Borderless),Commander: FINAL FANTASY,40.37,64.99,55.95,60.98588060440922,38.593014614813,top-5000 GMV,$20-50
517252,Call Forth the Tempest (Borderless),Commander: The Lord of the Rings: Tales of Middle-earth,37.12,49.99,39.89,34.67133620689656,7.46228448275863,top-5000 GMV,$20-50
240036,Esper Sentinel (Showcase),Modern Horizons 2,60.18,74.99,58.95,24.609504818876697,-2.043868394815548,top-5000 GMV,$50-100
66473,Cyclonic Rift,Return to Ravnica,29.56,39.99,28.08,35.28416779431666,-5.006765899864684,top-5000 GMV,$20-50
122709,Aetherflux Reservoir,Kaladesh,20.05,27.99,19.95,39.60099750623441,-0.4987531172069896,top-5000 GMV,$20-50
631072,"Sephiroth, the Savior - Atraxa, Grand Unifier (Showcase)",FINAL FANTASY: Through the Ages,27.01,39.99,31.78,48.056275453535726,17.66012587930396,top-5000 GMV,$20-50
686578,Improvisation Capstone (Borderless),Secrets of Strixhaven,13.31,18.99,11.81,42.6746806912096,-11.269722013523666,top-5000 GMV,$10-20
505763,Fierce Guardianship (Borderless),Commander Masters,68.33,89.99,72.2,31.69910727352553,5.663690911751799,top-5000 GMV,$50-100
227008,Mana Drain,Commander Legends,53.38,74.99,53.16,40.48332708879729,-0.4121393780442224,top-5000 GMV,$50-100
658469,"Kratos, God of War",Secret Lair Drop Series,51.25,49.99,52.08,-2.45853658536585,1.6195121951219478,top-5000 GMV,$50-100
624002,Scalding Tarn (Borderless),Special Guests,72.21,84.99,67.61,17.698379725799754,-6.370308821492861,top-5000 GMV,$50-100
578080,Enduring Vitality,Duskmourn: House of Horror,16.73,17.99,14.5,7.531380753138063,-13.329348475791994,top-5000 GMV,$10-20
638911,Godless Shrine,Edge of Eternities,8.64,12.99,7.52,50.34722222222221,-12.962962962962973,top-5000 GMV,$5-10
206926,Thassa's Oracle,Theros Beyond Death,23.72,27.99,19.79,18.001686340640806,-16.568296795952783,top-5000 GMV,$20-50
524230,"Ojer Taq, Deepest Foundation",The Lost Caverns of Ixalan,29.76,39.99,23.22,34.375,-21.97580645161291,top-5000 GMV,$20-50
562746,Enduring Tenacity,Duskmourn: House of Horror,12.07,15.99,12.1,32.47721623860812,0.2485501242750568,top-5000 GMV,$10-20
671525,Wistfulness,Lorwyn Eclipsed,6.87,14.99,6.92,118.19505094614269,0.7278020378457034,top-5000 GMV,$5-10
524414,Bloodletter of Aclazotz,The Lost Caverns of Ixalan,35.6,42.99,33.86,20.75842696629213,-4.887640449438208,top-5000 GMV,$20-50
631812,"Terra Branford - Urza, Lord High Artificer (Showcase)",FINAL FANTASY: Through the Ages,27.26,32.99,25.9,21.01980924431401,-4.988994864270004,top-5000 GMV,$20-50
82224,Mana Confluence,Journey Into Nyx,31.88,47.99,32.45,50.53324968632372,1.7879548306148174,top-5000 GMV,$20-50
591199,Sire of Seven Deaths,Foundations,19.41,32.99,17.69,69.96393611540444,-8.861411643482734,top-5000 GMV,$10-20
10473,Wooded Foothills,Onslaught,115.76,159.99,89.95,38.208362128541815,-22.29612992398065,top-5000 GMV,$100-200
517256,Legolas's Quick Reflexes (Borderless),Commander: The Lord of the Rings: Tales of Middle-earth,36.48,57.99,43.85,58.963815789473706,20.202850877193,top-5000 GMV,$20-50
230923,"Birgi, God of Storytelling (Showcase)",Kaldheim,32.99,42.99,33.99,30.312215822976658,3.031221582297666,top-5000 GMV,$20-50
638909,"Tezzeret, Cruel Captain (Borderless)",Edge of Eternities,39.85,54.99,36.47,37.992471769134255,-8.481806775407785,top-5000 GMV,$20-50
671172,Springleaf Parade,Commander: Lorwyn Eclipsed,8.68,12.99,8.32,49.65437788018434,-4.1474654377880125,top-5000 GMV,$5-10
243293,Old Gnawbone,Adventures in the Forgotten Realms,53.03,57.99,51.620000000000005,9.35319630397888,-2.6588723364133444,top-5000 GMV,$50-100
662430,Deflecting Swat (Showcase),Avatar: The Last Airbender: Eternal-Legal,83.22,109.99,83.54,32.16774813746695,0.3845229512136594,top-5000 GMV,$50-100
499318,Glittering Caves of Aglarond - Gemstone Caverns (Borderless),Commander: The Lord of the Rings: Tales of Middle-earth,70.21,84.99,74.26,21.05113231733372,5.768409058538686,top-5000 GMV,$50-100
696285,"Loki, God of Mischief (Borderless)",Marvel Super Heroes,6.93,9.99,5.3,44.15584415584416,-23.52092352092352,top-5000 GMV,$5-10
9616,Cabal Ritual,Torment,13.37,18.99,13.54,42.03440538519072,1.271503365744203,top-5000 GMV,$10-20
233497,Demonic Tutor (JP Alternate Art),Strixhaven: Mystical Archive,297.96,329.99,276.17,10.749765069136808,-7.313062155994081,top-5000 GMV,$200+
234275,"Urborg, Tomb of Yawgmoth",Time Spiral: Remastered,62.29,74.99,61.38,20.38850537807031,-1.4609086530743245,top-5000 GMV,$50-100
671780,Moonshadow,Lorwyn Eclipsed,11.73,16.99,7.8,44.84228473998293,-33.50383631713555,top-5000 GMV,$10-20
1492,Mana Vault,Revised Edition,101.47,109.99,78.13,8.396570414900951,-23.001872474623045,top-5000 GMV,$100-200
679620,City of Brass,Commander: Teenage Mutant Ninja Turtles,12.17,16.99,10.09,39.60558751027114,-17.091207888249794,top-5000 GMV,$10-20
641743,Terrasymbiosis,Edge of Eternities,7.36,13.99,7.63,90.08152173913044,3.668478260869559,top-5000 GMV,$5-10
509513,Smothering Tithe,Wilds of Eldraine: Enchanting Tales,62.35,64.99,61.370000000000005,4.234161988773045,-1.5717722534081748,top-5000 GMV,$50-100
651338,Norman Osborn (Borderless),Marvel's Spider-Man,23.69,22.99,18.38,-2.954833262980172,-22.41452089489237,top-5000 GMV,$20-50
218811,Chrome Mox,Double Masters,165.86,159.99,159.41,-3.5391293862293525,-3.888821897986264,top-5000 GMV,$100-200
276323,Mana Vault (Borderless),Double Masters 2022,141.45,179.99,140.65,27.24637681159422,-0.5655708731000233,top-5000 GMV,$100-200
168720,Scapeshift,Core Set 2019,46.85,54.99,47.1,17.37459978655283,0.5336179295624333,top-5000 GMV,$20-50
696429,"Captain America, First Avenger (Borderless)",Marvel Universe Eternal-Legal,12.7,11.99,10.83,-5.590551181102355,-14.724409448818893,top-5000 GMV,$10-20
648732,The Cabbage Merchant,Avatar: The Last Airbender: Eternal-Legal,25.23,37.99,22.39,50.57471264367817,-11.256440745144667,top-5000 GMV,$20-50
679072,Trouble in Pairs (Borderless),Teenage Mutant Ninja Turtles Source Material,15.09,20.99,15.98,39.09874088800529,5.897945659377075,top-5000 GMV,$10-20
696351,The Ten Rings (Borderless),Marvel Super Heroes,23.04,32.99,21.88,43.1857638888889,-5.034722222222223,top-5000 GMV,$20-50
532918,Thundering Falls,Murders at Karlov Manor,15.54,20.99,15.61,35.070785070785064,0.4504504504504523,top-5000 GMV,$10-20
618879,"Cloud, Ex-SOLDIER (Borderless)",Commander: FINAL FANTASY,65.69,74.99,67.2,14.157405997868777,2.298675597503433,top-5000 GMV,$50-100
630851,"Kefka, Court Mage (0322) (Borderless)",FINAL FANTASY,35.44,42.99,36.47,21.303611738149,2.9063205417607256,top-5000 GMV,$20-50
56324,Parallel Lives,Innistrad,37.27,44.99,32.230000000000004,20.71371075932385,-13.522940702978264,top-5000 GMV,$20-50
656703,Hallowed Fountain,Lorwyn Eclipsed,7.03,9.99,5.21,42.10526315789473,-25.88904694167852,top-5000 GMV,$5-10
92829,Polluted Delta,Khans of Tarkir,19.8,27.99,18.7,41.36363636363635,-5.5555555555555625,top-5000 GMV,$10-20
696306,"Thor, God of Thunder (Borderless) (0369)",Marvel Super Heroes,34.42,44.99,36.45,30.708890180127835,5.897733875653692,top-5000 GMV,$20-50
696245,Doctor Doom (Borderless) (0365),Marvel Super Heroes,30.47,24.99,29.99,-17.984903183459142,-1.5753199868723349,top-5000 GMV,$20-50
190748,Prismatic Vista,Modern Horizons,35.63,42.99,32.34,20.656749929834405,-9.23379174852652,top-5000 GMV,$20-50
686543,Grave Researcher,Secrets of Strixhaven,2.05,2.79,1.77,36.097560975609774,-13.658536585365846,top-5000 GMV,$2-5
518157,Palantir of Orthanc (Borderless Poster),Universes Beyond: The Lord of the Rings: Tales of Middle-earth,135.39,199.99,208.34,47.71401137454762,53.88137971785215,top-5000 GMV,$100-200
675585,"Lorehold, the Historian (Borderless)",Secrets of Strixhaven,5.4,9.49,5.05,75.74074074074073,-6.481481481481491,top-5000 GMV,$5-10
243294,Old Gnawbone (Borderless),Adventures in the Forgotten Realms,64.77,74.99,67.45,15.778909989192528,4.137718079357739,top-5000 GMV,$50-100
3360,Ashnod's Altar,Chronicles,15.59,16.99,12.19,8.980115458627317,-21.808851828094937,top-5000 GMV,$10-20
552309,"Ulamog, the Defiler",Modern Horizons 3,16.39,18.99,14.37,15.863331299572897,-12.324588163514344,top-5000 GMV,$10-20
697024,Hex Magic,Marvel Super Heroes,1.19,2.99,0.95,151.2605042016807,-20.16806722689076,top-5000 GMV,$1-2
675591,Stock Up,Secrets of Strixhaven: Mystical Archive,1.0,0.79,0.31,-21.0,-69.0,top-5000 GMV,$1-2
558342,"Maha, Its Feathers Night",Bloomburrow,21.83,23.99,20.81,9.89464040311498,-4.672469079248739,top-5000 GMV,$20-50
688522,Flashback (Extended Art),Secrets of Strixhaven,5.99,8.99,4.76,50.08347245409015,-20.534223706176967,top-5000 GMV,$5-10
688652,Erode (Extended Art),Secrets of Strixhaven,7.37,11.99,6.68,62.68656716417911,-9.362279511533249,top-5000 GMV,$5-10
651332,Norman Osborn,Marvel's Spider-Man,17.64,18.99,17.6,7.653061224489783,-0.2267573696145076,top-5000 GMV,$10-20
532905,Undercity Sewers,Murders at Karlov Manor,13.93,19.99,13.07,43.5032304379038,-6.173725771715718,top-5000 GMV,$10-20
7118,Yawgmoth's Will,Urza's Saga,248.15,279.99,193.92,12.830949022768486,-21.85371750957083,top-5000 GMV,$200+
689052,Scheming Silvertongue,Secrets of Strixhaven,1.19,0.99,0.37,-16.806722689075627,-68.90756302521008,top-5000 GMV,$1-2
634431,Genji Glove,FINAL FANTASY,11.36,11.99,5.9,5.545774647887331,-48.06338028169014,top-5000 GMV,$10-20
34328,Amulet of Vigor,Worldwake,53.31,59.99,41.68,12.530482085912586,-21.815794410054405,top-5000 GMV,$50-100
630954,"Zidane Tribal - Ragavan, Nimble Pilferer (Showcase)",FINAL FANTASY: Through the Ages,40.21,57.99,41.42,44.21785625466302,3.0092016911216137,top-5000 GMV,$20-50
696539,Jennifer Walters (Borderless) (0328),Marvel Super Heroes,32.75,39.99,30.19,22.10687022900764,-7.816793893129767,top-5000 GMV,$20-50
552320,Jet Medallion,Modern Horizons 3,11.7,16.99,10.46,45.21367521367521,-10.598290598290586,top-5000 GMV,$10-20
6076,Null Rod,Weatherlight,113.84,129.99,83.36,14.186577652846106,-26.774420238931835,top-5000 GMV,$100-200
544933,Simulacrum Synthesizer,Outlaws of Thunder Junction: The Big Score,26.08,34.99,25.76,34.16411042944787,-1.2269938650306624,top-5000 GMV,$20-50
696388,"Iron Man, Bleeding Edge",Commander: Marvel Super Heroes,7.72,9.99,7.62,29.40414507772021,-1.2953367875647623,top-5000 GMV,$5-10
12160,Sensei's Divining Top,Champions of Kamigawa,47.67,57.99,39.06,21.648835745752045,-18.06167400881057,top-5000 GMV,$20-50
696279,Tony Stark,Marvel Super Heroes,6.29,10.99,5.21,74.72178060413354,-17.170111287758345,top-5000 GMV,$5-10
696300,"Mjolnir, Hammer of Thor (Borderless) (0303)",Marvel Super Heroes,36.8,44.99,33.34,22.25543478260871,-9.40217391304346,top-5000 GMV,$20-50
671067,Bloom Tender,Lorwyn Eclipsed,12.81,17.99,12.11,40.43715846994534,-5.464480874316948,top-5000 GMV,$10-20
578886,Overlord of the Balemurk,Duskmourn: House of Horror,19.03,24.99,18.74,31.31897004729373,-1.5239096163951795,top-5000 GMV,$10-20
58842,Cavern of Souls,Avacyn Restored,50.85,59.99,45.47,17.974434611602756,-10.580137659783682,top-5000 GMV,$50-100
504181,Demonic Tutor (Borderless),Commander Masters,112.98,149.99,106.12,32.75801026730395,-6.071871127633209,top-5000 GMV,$100-200
222003,Ancient Tomb,Zendikar Rising Expeditions,142.71,179.99,148.55,26.122906593791605,4.092214981430876,top-5000 GMV,$100-200
668572,Namor the Sub-Mariner,Marvel Super Heroes,7.76,12.99,6.7700000000000005,67.39690721649485,-12.757731958762877,top-5000 GMV,$5-10
630878,"Cloud, Midgar Mercenary (Borderless)",FINAL FANTASY,41.46,64.99,42.2,56.75349734684031,1.784852870236377,top-5000 GMV,$20-50
697236,"Iron Man, Modern Marvel",Commander: Marvel Super Heroes,19.15,42.99,20.16,124.490861618799,5.27415143603134,top-5000 GMV,$10-20
688951,Decorum Dissertation (Borderless),Secrets of Strixhaven,7.85,10.99,7.67,40.00000000000001,-2.292993630573245,top-5000 GMV,$5-10
697067,"Shang-Chi, Master of Kung Fu (Borderless) (0370)",Marvel Super Heroes,14.63,18.99,14.68,29.801777170198207,0.3417634996582292,top-5000 GMV,$10-20
517987,The One Ring (Showcase Scrolls),Universes Beyond: The Lord of the Rings: Tales of Middle-earth,288.27,449.99,369.99,56.10018385541334,28.348423353106472,top-5000 GMV,$200+
689364,Triumph of the Hordes,Secrets of Strixhaven: Mystical Archive,12.71,16.99,12.88,33.67427222659321,1.3375295043273008,top-5000 GMV,$10-20
696289,Tony Stark (Borderless) (0363),Marvel Super Heroes,25.49,29.99,24.99,17.653981953707337,-1.9615535504119264,top-5000 GMV,$20-50
4815,Mystic Remora,Ice Age,8.55,11.99,6.5600000000000005,40.23391812865496,-23.27485380116959,top-5000 GMV,$5-10
484938,Jeweled Lotus,Commander Masters,43.51,47.99,41.65,10.296483566996102,-4.274879338083198,top-5000 GMV,$20-50
544300,Vaultborn Tyrant,Outlaws of Thunder Junction: The Big Score,34.7,49.99,33.08,44.06340057636887,-4.668587896253615,top-5000 GMV,$20-50
276737,Force of Negation (Borderless),Double Masters 2022,57.98,79.99,60.42,37.961365988271815,4.208347706105562,top-5000 GMV,$50-100
541324,Sword of Feast and Famine,Universes Beyond: Assassin's Creed,34.19,44.99,30.05,31.588183679438448,-12.108803743784724,top-5000 GMV,$20-50
451962,Portal to Phyrexia,The Brothers' War,42.38,57.99,46.02,36.83341198678622,8.588957055214724,top-5000 GMV,$20-50
484655,"Ragavan, Nimble Pilferer",March of the Machine: Multiverse Legends,45.92,59.99,46.25,30.640243902439025,0.7186411149825747,top-5000 GMV,$20-50
689108,Germination Practicum (Borderless),Secrets of Strixhaven,12.21,11.99,10.42,-1.801801801801807,-14.660114660114669,top-5000 GMV,$10-20
226669,Jeweled Lotus,Commander Legends,43.18,44.99,44.56,4.191755442334419,3.195924038906908,top-5000 GMV,$20-50
688831,Ad Nauseam,Secrets of Strixhaven: Mystical Archive,11.04,10.99,10.42,-0.4528985507246281,-5.615942028985501,top-5000 GMV,$10-20
239396,Cabal Coffers,Modern Horizons 2,29.41,32.99,26.05,12.172730363821836,-11.424685481128863,top-5000 GMV,$20-50
267057,Morphic Pool,Commander Legends: Battle for Baldur's Gate,29.51,42.99,27.26,45.67943070145713,-7.624534056252117,top-5000 GMV,$20-50
534084,Slime Against Humanity,Murders at Karlov Manor,1.82,3.99,0.93,119.23076923076924,-48.9010989010989,top-5000 GMV,$1-2
630850,"Terra, Magical Adept (Borderless)",FINAL FANTASY,31.13,42.99,31.26,38.09829746225507,0.4176035978156202,top-5000 GMV,$20-50
499755,Heroic Intervention,Commander: The Lord of the Rings: Tales of Middle-earth,17.1,17.99,12.5,5.204678362573081,-26.90058479532164,top-5000 GMV,$10-20
221923,Roiling Vortex,Zendikar Rising,1.45,2.79,0.97,92.41379310344828,-33.10344827586207,top-5000 GMV,$1-2
688477,Resonating Lute,Secrets of Strixhaven,1.65,1.29,0.76,-21.818181818181813,-53.93939393939393,top-5000 GMV,$1-2
187187,Bolas's Citadel,War of the Spark,16.04,12.99,12.5,-19.01496259351621,-22.069825436408973,top-5000 GMV,$10-20
221774,Valakut Awakening,Zendikar Rising,17.32,24.99,17.43,44.28406466512701,0.6351039260969944,top-5000 GMV,$10-20
656771,Brilliant Wings (Borderless),Commander: FINAL FANTASY,37.59,54.99,32.46,46.28890662410215,-13.647246608140469,top-5000 GMV,$20-50
226134,Vampiric Tutor,Commander Legends,52.8,57.99,51.41,9.829545454545464,-2.632575757575759,top-5000 GMV,$50-100
656713,Temple Garden,Lorwyn Eclipsed,7.85,10.99,7.3,40.00000000000001,-7.006369426751591,top-5000 GMV,$5-10
552814,Vexing Bauble,Modern Horizons 3,2.61,4.49,1.44,72.03065134099619,-44.82758620689656,top-5000 GMV,$2-5
679801,Utrom Monitor,Commander: Teenage Mutant Ninja Turtles,5.63,8.99,4.99,59.68028419182949,-11.367673179396087,top-5000 GMV,$5-10
277167,Smothering Tithe (Borderless),Double Masters 2022,71.49,79.99,75.53,11.889774793677438,5.651140019583167,top-5000 GMV,$50-100
276686,Force of Negation,Double Masters 2022,55.94,69.99,53.05,25.116195924204497,-5.166249553092601,top-5000 GMV,$50-100
552840,Consign to Memory,Modern Horizons 3,4.01,5.99,2.53,49.37655860349128,-36.90773067331671,top-5000 GMV,$2-5
541369,"Lumra, Bellow of the Woods",Bloomburrow,20.43,32.99,21.0,61.47821830641215,2.7900146842878137,top-5000 GMV,$20-50
282740,"Sheoldred, the Apocalypse (Showcase)",Dominaria United,97.25,149.99,111.54,54.231362467866326,14.69408740359898,top-5000 GMV,$50-100
638913,Stomping Ground,Edge of Eternities,6.66,9.99,6.51,50.0,-2.2522522522522577,top-5000 GMV,$5-10
276327,Phyrexian Altar (Borderless),Double Masters 2022,58.25,69.99,61.04,20.154506437768237,4.789699570815449,top-5000 GMV,$50-100
696355,Hidden Lair,Marvel Super Heroes,2.66,6.49,2.08,143.98496240601503,-21.80451127819549,top-5000 GMV,$2-5
5455,Aluren,Tempest,104.49,94.99,58.370000000000005,-9.09177911761891,-44.1381950425878,top-5000 GMV,$100-200
686574,Shattered Sanctum,Secrets of Strixhaven,1.59,2.79,0.78,75.47169811320754,-50.943396226415096,top-5000 GMV,$1-2
652041,Parallel Lives (Borderless),Marvel Universe Eternal-Legal,28.65,42.99,28.96,50.052356020942426,1.082024432809781,top-5000 GMV,$20-50
518162,Witch-king of Angmar (Borderless Poster),Universes Beyond: The Lord of the Rings: Tales of Middle-earth,152.26,229.99,229.24,51.05083409956654,50.55825561539473,top-5000 GMV,$100-200
235381,Teferi's Protection,Strixhaven: Mystical Archive,51.04,54.99,50.49,7.739028213166151,-1.0775862068965465,top-5000 GMV,$50-100
190873,Ranger-Captain of Eos,Modern Horizons,38.34,57.99,38.66,51.25195618153364,0.8346374543557463,top-5000 GMV,$20-50
656705,Hallowed Fountain (Borderless),Lorwyn Eclipsed,13.31,14.99,11.77,12.622088655146504,-11.570247933884303,top-5000 GMV,$10-20
92830,Bloodstained Mire,Khans of Tarkir,17.61,27.99,15.61,58.94378194207837,-11.357183418512207,top-5000 GMV,$10-20
216235,Rhystic Study,Jumpstart,67.55,84.99,68.37,25.817912657290893,1.2139156180607067,top-5000 GMV,$50-100
679098,Super Shredder (Borderless),Teenage Mutant Ninja Turtles,28.67,34.99,25.91,22.04394837809557,-9.62678758283921,top-5000 GMV,$20-50
642791,Swan Song,Commander: Edge of Eternities,9.86,13.99,0.26,41.88640973630833,-97.3630831643002,top-5000 GMV,$5-10
643049,"Evendo, Waking Haven",Edge of Eternities,16.2,21.99,12.85,35.74074074074074,-20.67901234567901,top-5000 GMV,$10-20
556324,Brotherhood Regalia,Universes Beyond: Assassin's Creed,8.93,15.99,7.28,79.05935050391938,-18.477043673012314,top-5000 GMV,$5-10
3528,Goblin Wizard,The Dark,93.57,94.99,51.89,1.517580421075133,-44.54419151437426,top-5000 GMV,$50-100
677479,Displacer Kitten,Secret Lair Drop Series,64.2,54.99,61.47,-14.345794392523365,-4.252336448598137,top-5000 GMV,$50-100
687665,Fabled Passage,Commander: Secrets of Strixhaven,1.1,1.79,0.93,62.72727272727272,-15.454545454545457,top-5000 GMV,$1-2
623998,Misty Rainforest (Borderless),Special Guests,54.31,69.99,51.57,28.871294420916943,-5.045111397532686,top-5000 GMV,$50-100
498381,"Sauron, the Dark Lord",Universes Beyond: The Lord of the Rings: Tales of Middle-earth,26.74,23.99,19.79,-10.284218399401643,-25.99102468212416,top-5000 GMV,$20-50
576504,Untimely Malfunction,Duskmourn: House of Horror,8.83,11.99,7.84,35.78708946772367,-11.211778029445076,top-5000 GMV,$5-10
696944,"Black Widow, Agile Avenger",Commander: Marvel Super Heroes,10.5,17.99,10.74,71.33333333333331,2.285714285714288,top-5000 GMV,$10-20
687486,Reliquary Tower,Commander: Secrets of Strixhaven,3.67,4.99,3.4,35.96730245231608,-7.356948228882834,top-5000 GMV,$2-5
696287,Bruce Banner (Borderless) (0359),Marvel Super Heroes,23.75,23.99,23.44,1.010526315789467,-1.3052631578947314,top-5000 GMV,$20-50
687605,Turbulent Wilderness,Commander: Secrets of Strixhaven,4.73,5.99,4.2700000000000005,26.63847780126849,-9.725158562367865,top-5000 GMV,$2-5
696352,Dark Fortress,Marvel Super Heroes,2.56,3.99,2.54,55.859375,-0.7812500000000007,top-5000 GMV,$2-5
479510,"Solphim, Mayhem Dominus",Phyrexia: All Will Be One,27.68,39.99,26.31,44.47254335260117,-4.949421965317923,top-5000 GMV,$20-50
5051,Enlightened Tutor,Mirage,37.19,47.99,29.53,29.040064533476755,-20.596934659854792,top-5000 GMV,$20-50
677175,"Tamiyo, Inquisitive Student",Secret Lair Showdown,592.41,579.99,500.16,-2.0965209905302,-15.57198561806856,top-5000 GMV,$200+
6150,Caltrops,Urza's Destiny,25.15,19.99,18.57,-20.5168986083499,-26.163021868787272,top-5000 GMV,$20-50
656697,Blood Crypt (Borderless),Lorwyn Eclipsed,13.39,18.99,11.28,41.82225541448841,-15.758028379387612,top-5000 GMV,$10-20
525710,Charismatic Conqueror,Commander: The Lost Caverns of Ixalan,21.73,24.99,19.58,15.002300966405882,-9.894155545329047,top-5000 GMV,$20-50
273014,Ancient Silver Dragon,Commander Legends: Battle for Baldur's Gate,56.78,64.99,56.1,14.459316660796045,-1.1976047904191611,top-5000 GMV,$50-100
548589,Ugin's Labyrinth,Modern Horizons 3,13.4,20.99,11.64,56.6417910447761,-13.134328358208952,top-5000 GMV,$10-20
618880,"Terra, Herald of Hope (Borderless)",Commander: FINAL FANTASY,53.22,64.99,48.48,22.115745960165345,-8.906426155580613,top-5000 GMV,$50-100
661947,Aang's Shelter - Teferi's Protection (Borderless),Avatar: The Last Airbender: Eternal-Legal,38.33,49.99,39.05,30.420036524915226,1.8784242108009368,top-5000 GMV,$20-50
532910,Underground Mortuary,Murders at Karlov Manor,12.78,19.99,12.67,56.41627543035993,-0.8607198748043774,top-5000 GMV,$10-20
92831,Wooded Foothills,Khans of Tarkir,16.64,24.99,16.64,50.180288461538446,0.0,top-5000 GMV,$10-20
1839,Mana Vault,Fourth Edition,96.19,109.99,80.23,14.346605676265725,-16.5921613473334,top-5000 GMV,$50-100
686618,"Silverquill, the Disputant (Borderless)",Secrets of Strixhaven,6.94,7.49,5.09,7.925072046109507,-26.657060518732,top-5000 GMV,$5-10
697073,Iron Man Armor,Marvel Super Heroes,3.97,8.49,3.86,113.85390428211586,-2.770780856423182,top-5000 GMV,$2-5
552839,Kozilek's Command,Modern Horizons 3,7.11,9.99,6.140000000000001,40.50632911392405,-13.64275668073136,top-5000 GMV,$5-10
4848,Pyroblast,Ice Age,8.77,13.99,6.25,59.52109464082099,-28.73432155074116,top-5000 GMV,$5-10
451974,Mox Amber (Schematic),The Brothers' War: Retro Frame Artifacts,90.05,99.99,95.18,11.03831204886174,5.69683509161578,top-5000 GMV,$50-100
5930,Squandered Resources,Visions,91.93,99.99,73.98,8.767540519960825,-19.525726095942566,top-5000 GMV,$50-100
656710,Overgrown Tomb (Borderless),Lorwyn Eclipsed,12.84,15.99,10.42,24.532710280373838,-18.84735202492212,top-5000 GMV,$10-20
10484,Polluted Delta,Onslaught,127.65,139.99,60.8,9.667058362710538,-52.36976106541324,top-5000 GMV,$100-200
553264,Arena of Glory,Modern Horizons 3,7.62,11.99,6.7700000000000005,57.3490813648294,-11.154855643044614,top-5000 GMV,$5-10
662465,Fierce Guardianship (Showcase),Avatar: The Last Airbender: Eternal-Legal,64.23,84.99,65.59,32.32134516581035,2.117390627432663,top-5000 GMV,$50-100
643119,"Joshua Rosfield - Rograkh, Son of Rohgahh (Borderless)",MagicFest Cards,222.67,379.99,359.49,70.65163695154266,61.44518794628824,top-5000 GMV,$200+
651905,Opposition Agent (Borderless),Marvel Universe Eternal-Legal,22.37,27.99,19.26,25.122932498882417,-13.902548055431376,top-5000 GMV,$20-50
192562,Field of the Dead,Core Set 2020,28.93,32.99,28.07,14.03387487037678,-2.972692706533009,top-5000 GMV,$20-50
488284,The Party Tree - The Great Henge (Borderless),Commander: The Lord of the Rings: Tales of Middle-earth,90.38,129.99,91.35,43.826067714096055,1.0732462934277482,top-5000 GMV,$50-100
504588,The Great Henge,Commander Masters,62.97,84.99,63.93,34.96903287279656,1.52453549309195,top-5000 GMV,$50-100
696432,"Iron Man, Titan of Innovation (Borderless)",Marvel Universe Eternal-Legal,12.54,16.99,10.26,35.48644338118022,-18.181818181818176,top-5000 GMV,$10-20
544402,Terror of the Peaks,Outlaws of Thunder Junction,30.7,34.99,26.6,13.973941368078185,-13.355048859934843,top-5000 GMV,$20-50
226314,Opposition Agent,Commander Legends,18.07,23.99,16.66,32.76148312119534,-7.802988378527948,top-5000 GMV,$10-20
498465,Paths of the Dead - Cavern of Souls (Borderless),Commander: The Lord of the Rings: Tales of Middle-earth,78.42,94.99,87.11,21.129813823004326,11.081356796735523,top-5000 GMV,$50-100
522937,Nuka-Cola Vending Machine,Universes Beyond: Fallout,20.92,24.99,18.54,19.4550669216061,-11.376673040152976,top-5000 GMV,$20-50
552336,Witch Enchanter,Modern Horizons 3,4.31,6.49,3.49,50.58004640371232,-19.025522041763328,top-5000 GMV,$2-5
631529,Sphere Grid,Commander: FINAL FANTASY,8.34,10.99,8.46,31.774580335731414,1.4388489208633213,top-5000 GMV,$5-10
555973,Black Market Connections,Universes Beyond: Assassin's Creed,16.46,19.99,15.09,21.445929526123923,-8.323207776427708,top-5000 GMV,$10-20
276325,Phyrexian Altar,Double Masters 2022,56.51,64.99,58.28,15.006193594054146,3.1321889930985725,top-5000 GMV,$50-100
484940,Jeweled Lotus (Borderless),Commander Masters,87.79,89.99,86.0,2.505980179974927,-2.0389566009796174,top-5000 GMV,$50-100
118410,Chrome Mox,Eternal Masters,153.2,179.99,145.84,17.486945169712808,-4.804177545691897,top-5000 GMV,$100-200
475507,"Elesh Norn, Mother of Machines",Phyrexia: All Will Be One,24.05,29.99,24.21,24.698544698544687,0.6652806652806659,top-5000 GMV,$20-50
517606,Cavern of Souls (0345) (Borderless),The Lost Caverns of Ixalan,46.7,54.99,46.02,17.75160599571734,-1.4561027837259095,top-5000 GMV,$20-50
688681,Emeritus of Abundance,Secrets of Strixhaven,2.51,2.99,1.56,19.12350597609564,-37.848605577689234,top-5000 GMV,$2-5
498457,"Argonath, Pillars of the Kings - The Ozolith (Borderless)",Commander: The Lord of the Rings: Tales of Middle-earth,84.68,119.99,95.56,41.69815777042983,12.848370335380247,top-5000 GMV,$50-100
624036,"Ugin, Eye of the Storms (Borderless)",Tarkir: Dragonstorm,43.72,64.99,43.76,48.650503202195786,0.0914913083257071,top-5000 GMV,$20-50
687343,Goldspan Dragon,Commander: Secrets of Strixhaven,6.17,7.49,5.63,21.393841166936795,-8.752025931928689,top-5000 GMV,$5-10
6135,Academy Rector,Urza's Destiny,79.08,109.99,67.49,39.087000505816896,-14.656044511886702,top-5000 GMV,$50-100
553219,"Yavimaya, Cradle of Growth",Commander: Modern Horizons 3,17.35,21.99,14.82,26.74351585014407,-14.582132564841505,top-5000 GMV,$10-20
14311,Ophidian Eye,Time Spiral,12.23,16.99,8.83,38.92068683565002,-27.80049059689289,top-5000 GMV,$10-20
276296,Sensei's Divining Top (Borderless),Double Masters 2022,61.61,69.99,52.67,13.601688037656215,-14.51063139100795,top-5000 GMV,$50-100
493980,Thassa's Oracle,Secret Lair Drop Series,121.01,109.99,116.24,-9.106685397901009,-3.941822989835559,top-5000 GMV,$100-200
457252,Enlightened Tutor (Borderless),Dominaria Remastered,32.06,42.99,34.38,34.09232688708671,7.236431690580162,top-5000 GMV,$20-50
646553,Spectacular Spider-Man (Borderless),Marvel's Spider-Man,9.11,8.49,3.26,-6.805708013172331,-64.21514818880351,top-5000 GMV,$5-10
7073,Tolarian Academy,Urza's Saga,179.43,249.99,96.54,39.324527670958034,-46.19628824611269,top-5000 GMV,$100-200
230135,"Vorinclex, Monstrous Raider",Kaldheim,57.27,64.99,59.38,13.48000698445956,3.684302427099702,top-5000 GMV,$50-100
517520,"Ojer Axonil, Deepest Might",The Lost Caverns of Ixalan,23.45,32.99,21.87,40.68230277185502,-6.7377398720682224,top-5000 GMV,$20-50
524281,Ravenous Tyrannosaurus (Borderless),Universes Beyond: Jurassic World Collection,44.26,39.99,44.15,-9.647537279710791,-0.2485314053321271,top-5000 GMV,$20-50
11423,Seething Song,Mirrodin,13.55,12.99,8.120000000000001,-4.132841328413288,-40.07380073800738,top-5000 GMV,$10-20
662801,Abandoned Air Temple,Avatar: The Last Airbender,5.99,9.99,5.73,66.7779632721202,-4.34056761268781,top-5000 GMV,$5-10
686622,Emeritus of Ideation (Extended Art),Secrets of Strixhaven,7.75,12.99,7.04,67.61290322580645,-9.161290322580646,top-5000 GMV,$5-10
632635,Summon: Knights of Round,FINAL FANTASY,11.92,18.99,9.37,59.31208053691274,-21.392617449664435,top-5000 GMV,$10-20
686614,Professor Dellian Fel (Borderless),Secrets of Strixhaven,6.51,8.99,6.21,38.0952380952381,-4.608294930875574,top-5000 GMV,$5-10
509512,Aggravated Assault,Wilds of Eldraine: Enchanting Tales,26.4,27.99,20.78,6.0227272727272725,-21.287878787878785,top-5000 GMV,$20-50
614178,The Aetherspark,Aetherdrift,20.35,27.99,18.74,37.542997542997526,-7.911547911547926,top-5000 GMV,$20-50
539629,"Codsworth, Handy Helper",Universes Beyond: Fallout,25.19,34.99,21.88,38.9043271139341,-13.14013497419612,top-5000 GMV,$20-50
563270,Sensei's Divining Top (Future Sight),Mystery Booster 2,39.31,49.99,39.43,27.168659374205035,0.3052658356652186,top-5000 GMV,$20-50
575095,"Valgavoth, Harrower of Souls (Borderless)",Commander: Duskmourn: House of Horror,20.5,29.99,19.39,46.29268292682926,-5.41463414634146,top-5000 GMV,$20-50
679213,Raph's Jitte - Umezawa's Jitte (Borderless),Teenage Mutant Ninja Turtles Source Material,3.11,7.99,2.07,156.91318327974278,-33.44051446945338,top-5000 GMV,$2-5
552319,Esper Sentinel (Retro Frame),Modern Horizons 2,61.02,79.99,59.71,31.088167813831515,-2.1468371025893185,top-5000 GMV,$50-100
696338,"Thanos, the Mad Titan (Borderless) (0376)",Marvel Super Heroes,11.96,9.99,9.02,-16.47157190635452,-24.581939799331117,top-5000 GMV,$10-20
696336,King T'Challa (Borderless) (0373),Marvel Super Heroes,24.73,39.99,25.83,61.70642943792964,4.448038819247868,top-5000 GMV,$20-50
5441,Volrath's Stronghold,Stronghold,117.09,129.99,74.28,11.017166282346915,-36.56161926723034,top-5000 GMV,$100-200
5300,Worldly Tutor,Mirage,35.42,42.99,22.92,21.37210615471485,-35.290796160361374,top-5000 GMV,$20-50
656714,Temple Garden (Borderless),Lorwyn Eclipsed,10.88,14.99,8.78,37.77573529411764,-19.301470588235308,top-5000 GMV,$10-20
10475,Windswept Heath,Onslaught,89.01,94.99,59.31,6.718346253229962,-33.367037411526795,top-5000 GMV,$50-100
696354,Gleaming Bastion,Marvel Super Heroes,1.98,4.99,1.55,152.02020202020202,-21.71717171717172,top-5000 GMV,$1-2
696570,"Mole Man, Moloid Master",Marvel Super Heroes,1.19,3.49,0.51,193.27731092436977,-57.14285714285714,top-5000 GMV,$1-2
662017,Field of the Dead,Secret Lair Countdown Kit,29.44,29.99,28.87,1.8682065217391208,-1.936141304347827,top-5000 GMV,$20-50
504566,Demonic Tutor,Commander Masters,74.61,79.99,65.29,7.210829647500329,-12.491623106822134,top-5000 GMV,$50-100
623877,Voice of Victory (Borderless),Tarkir: Dragonstorm,19.48,20.99,18.75,7.751540041067752,-3.7474332648870656,top-5000 GMV,$10-20
686603,"Quandrix, the Proof",Secrets of Strixhaven,2.15,0.99,1.45,-53.95348837209302,-32.558139534883715,top-5000 GMV,$2-5
631106,Tataru Taru,Commander: FINAL FANTASY,8.1,9.99,8.120000000000001,23.333333333333343,0.2469135802469302,top-5000 GMV,$5-10
498341,Last March of the Ents,Universes Beyond: The Lord of the Rings: Tales of Middle-earth,29.62,37.99,27.8,28.257933828494263,-6.144496961512493,top-5000 GMV,$20-50
58373,Exquisite Blood,Avacyn Restored,38.01,42.99,33.34,13.101815311760074,-12.28624046303603,top-5000 GMV,$20-50
504142,Finale of Devastation,Commander Masters,52.52,69.99,47.5,33.263518659558244,-9.558263518659563,top-5000 GMV,$50-100
660549,The Legend of Roku,Avatar: The Last Airbender,10.16,16.99,9.88,67.22440944881888,-2.7559055118110174,top-5000 GMV,$10-20
262437,"Otawara, Soaring City (Borderless)",Kamigawa: Neon Dynasty,38.42,42.99,38.71,11.894846434148882,0.7548152004164475,top-5000 GMV,$20-50
688919,Pyretic Ritual,Secrets of Strixhaven: Mystical Archive,5.03,7.49,4.15,48.9065606361829,-17.495029821073555,top-5000 GMV,$5-10
475545,"Sheoldred, the Apocalypse (Concept Praetor)",Phyrexia: All Will Be One,149.16,229.99,176.92000000000002,54.19013140252079,18.610887637436324,top-5000 GMV,$100-200
518163,Last March of the Ents (Borderless Poster),Universes Beyond: The Lord of the Rings: Tales of Middle-earth,150.62,229.99,198.39,52.695525162661006,31.715575620767485,top-5000 GMV,$100-200
686612,Witherbloom Charm,Secrets of Strixhaven,0.31,0.35,0.15,12.903225806451609,-51.61290322580645,top-5000 GMV,$0-1
518043,Orcish Bowmasters (Showcase Scrolls),Universes Beyond: The Lord of the Rings: Tales of Middle-earth,109.22,139.99,144.56,28.17249587987549,32.35671122505036,top-5000 GMV,$100-200
222163,Agadeem's Awakening,Zendikar Rising,27.91,29.99,27.09,7.452525976352556,-2.938015048369761,top-5000 GMV,$20-50
656653,Bitterbloom Bearer (Showcase),Lorwyn Eclipsed,20.76,27.99,16.82,34.82658959537571,-18.97880539499037,top-5000 GMV,$20-50
558695,Innkeeper's Talent,Bloomburrow,7.87,12.99,7.28,65.0571791613723,-7.496823379923759,top-5000 GMV,$5-10
646661,Multiversal Passage,Marvel's Spider-Man,7.29,9.99,5.68,37.03703703703704,-22.08504801097394,top-5000 GMV,$5-10
498363,Nazgul (0100),Universes Beyond: The Lord of the Rings: Tales of Middle-earth,21.5,27.99,17.71,30.1860465116279,-17.627906976744182,top-5000 GMV,$20-50
693566,Veil of Summer (2348),Secret Lair Drop Series,14.79,17.99,14.8,21.63624070317782,0.0676132521974412,top-5000 GMV,$10-20
215384,"Vito, Thorn of the Dusk Rose",Core Set 2021,12.04,13.99,8.84,16.196013289036554,-26.578073089700997,top-5000 GMV,$10-20
196671,Bone Miser,Commander 2019,29.51,34.99,30.16,18.569976279227383,2.2026431718061623,top-5000 GMV,$20-50
641748,"Uthros, Titanic Godcore",Edge of Eternities,12.32,18.99,11.31,54.13961038961037,-8.198051948051946,top-5000 GMV,$10-20
696353,Gathering Place,Marvel Super Heroes,1.64,3.49,1.77,112.80487804878052,7.92682926829269,top-5000 GMV,$1-2
457158,Enlightened Tutor,Dominaria Remastered,38.73,37.99,34.38,-1.9106635682932995,-11.231603408210676,top-5000 GMV,$20-50
548637,Solitude (Borderless),Special Guests,37.95,54.99,37.76,44.901185770750985,-0.5006587615283394,top-5000 GMV,$20-50
662414,"Longshot, Rebel Bowman",Avatar: The Last Airbender: Eternal-Legal,8.63,12.99,6.78,50.521436848203926,-21.43684820393975,top-5000 GMV,$5-10
120528,Sigarda's Aid,Eldritch Moon,17.36,29.99,15.22,72.75345622119815,-12.32718894009216,top-5000 GMV,$10-20
687674,"Emeria, the Sky Ruin",Commander: Secrets of Strixhaven,5.19,8.49,4.8,63.583815028901725,-7.514450867052033,top-5000 GMV,$5-10
456562,Dark Ritual (1170),Secret Lair Drop Series,133.27,139.99,130.52,5.042395137690401,-2.0634801530727094,top-5000 GMV,$100-200
696305,The Scarlet Witch (Borderless),Marvel Super Heroes,4.27,4.49,3.52,5.152224824355987,-17.56440281030444,top-5000 GMV,$2-5
267058,Luxury Suite,Commander Legends: Battle for Baldur's Gate,17.6,22.99,14.56,30.62499999999998,-17.272727272727277,top-5000 GMV,$10-20
4046,The Tabernacle at Pendrell Vale,Legends,2899.99,4199.99,2917.6,44.82774078531306,0.6072434732533605,top-5000 GMV,$200+
697399,"Wolverine, Claws Out",Commander: Marvel Super Heroes,9.62,10.99,8.32,14.241164241164253,-13.513513513513503,top-5000 GMV,$5-10
696356,Training Compound,Marvel Super Heroes,1.69,3.99,1.08,136.09467455621305,-36.094674556213015,top-5000 GMV,$1-2
631843,"The Emperor, Hell Tyrant - Yawgmoth, Thran Physician (Showcase)",FINAL FANTASY: Through the Ages,27.95,32.99,28.83,18.032200357781765,3.148479427549192,top-5000 GMV,$20-50
671526,Wistfulness (Borderless),Lorwyn Eclipsed,11.06,19.99,9.86,80.74141048824592,-10.84990958408681,top-5000 GMV,$10-20
227048,Commander's Plate,Commander Legends,45.31,47.99,42.36,5.914809092915471,-6.510704038843529,top-5000 GMV,$20-50
621158,"Green Goblin, Nemesis (Borderless)",Marvel's Spider-Man: Eternal-Legal,16.18,15.99,12.64,-1.1742892459826917,-21.878862793572303,top-5000 GMV,$10-20
499960,Lorien Revealed,Universes Beyond: The Lord of the Rings: Tales of Middle-earth,4.73,6.49,3.9,37.20930232558139,-17.547568710359418,top-5000 GMV,$2-5
5506,Cursed Scroll,Tempest,89.41,109.99,61.65,23.01755955709652,-31.047981210155463,top-5000 GMV,$50-100
687598,Turbulent Fen,Commander: Secrets of Strixhaven,6.17,7.49,5.93,21.393841166936795,-3.88978930307942,top-5000 GMV,$5-10
285866,"Ghyrson Starn, Kelermorph","Universes Beyond: Warhammer 40,000",36.94,37.99,37.52,2.842447211694652,1.5701136978884824,top-5000 GMV,$20-50
525773,Black Market Connections,Commander: The Lost Caverns of Ixalan,15.86,19.99,14.16,26.04035308953341,-10.718789407313992,top-5000 GMV,$10-20
687570,"Bitterthorn, Nissa's Animus",Commander: Secrets of Strixhaven,5.58,6.99,5.0,25.26881720430108,-10.394265232974911,top-5000 GMV,$5-10
631018,"Lightning, Army of One (0320) (Borderless)",FINAL FANTASY,33.15,32.99,30.28,-0.4826546003016488,-8.657616892911003,top-5000 GMV,$20-50
578053,Abhorrent Oculus,Duskmourn: House of Horror,15.81,21.99,11.04,39.08918406072105,-30.17077798861481,top-5000 GMV,$10-20
504164,Cyclonic Rift,Commander Masters,34.85,34.99,29.58,0.4017216642754679,-15.121951219512203,top-5000 GMV,$20-50
517244,Galadriel's Dismissal (Borderless),Commander: The Lord of the Rings: Tales of Middle-earth,29.56,39.99,31.26,35.28416779431666,5.751014884979712,top-5000 GMV,$20-50
282741,"Sheoldred, the Apocalypse (Phyrexian)",Dominaria United,73.78,119.99,75.02,62.63214963404716,1.680672268907556,top-5000 GMV,$50-100
552900,Ocelot Pride (Borderless),Modern Horizons 3,76.34,109.99,72.99,44.079119727534696,-4.388263033796186,top-5000 GMV,$50-100
10500,Bloodstained Mire,Onslaught,85.1,129.99,66.86,52.74970622796712,-21.43360752056404,top-5000 GMV,$50-100
633133,"Kefka Palazzo - Purphoros, God of the Forge (Showcase)",FINAL FANTASY: Through the Ages,29.89,39.99,31.23,33.79056540649047,4.483104717296754,top-5000 GMV,$20-50
687353,Moonshaker Cavalry,Commander: Secrets of Strixhaven,6.19,8.99,6.12,45.23424878836833,-1.130856219709213,top-5000 GMV,$5-10
623881,Craterhoof Behemoth,Tarkir: Dragonstorm,23.99,27.99,20.97,16.673614005835766,-12.588578574406,top-5000 GMV,$20-50
212115,Drannith Magistrate,Ikoria: Lair of Behemoths,15.13,19.99,13.01,32.121612690019816,-14.0118968935889,top-5000 GMV,$10-20
92828,Flooded Strand,Khans of Tarkir,14.9,22.99,13.65,54.295302013422805,-8.389261744966444,top-5000 GMV,$10-20
633062,Kefka's Tower - Bolas's Citadel (Showcase),FINAL FANTASY: Through the Ages,17.18,17.99,17.71,4.714784633294522,3.0849825378346982,top-5000 GMV,$10-20
631042,Vivi Ornitier (Extended Art),FINAL FANTASY,55.5,69.99,57.29,26.108108108108095,3.225225225225224,top-5000 GMV,$50-100
541301,Polluted Delta (Borderless),Modern Horizons 3,34.73,44.99,35.42,29.54218255110857,1.9867549668874311,top-5000 GMV,$20-50
457191,Exploration,Dominaria Remastered,31.63,39.99,32.01,26.4306038570977,1.2013910844135285,top-5000 GMV,$20-50
498460,"Dol Amroth - Minamo, School at Water's Edge (Borderless)",Commander: The Lord of the Rings: Tales of Middle-earth,61.39,84.99,61.25,38.44274311777161,-0.2280501710376292,top-5000 GMV,$50-100
39050,Green Sun's Zenith,Mirrodin Besieged,30.36,39.99,20.47,31.71936758893282,-32.57575757575758,top-5000 GMV,$20-50
696242,M.O.D.O.K.,Marvel Super Heroes,4.27,7.99,3.8,87.11943793911009,-11.007025761124115,top-5000 GMV,$2-5
215673,Terror of the Peaks,Core Set 2021,29.99,32.99,26.02,10.00333444481495,-13.2377459153051,top-5000 GMV,$20-50
498682,"Lotho, Corrupt Shirriff",Universes Beyond: The Lord of the Rings: Tales of Middle-earth,12.9,16.99,11.46,31.705426356589133,-11.162790697674414,top-5000 GMV,$10-20
648711,Redirect Lightning (Showcase),Avatar: The Last Airbender,17.77,22.99,15.61,29.37535171637591,-12.155317951603829,top-5000 GMV,$10-20
484652,"Atraxa, Praetors' Voice",March of the Machine: Multiverse Legends,27.31,27.99,23.96,2.489930428414499,-12.266569022336132,top-5000 GMV,$20-50
541307,Polluted Delta (Retro Frame),Modern Horizons 3,29.59,37.99,29.17,28.38796890841501,-1.419398445420744,top-5000 GMV,$20-50
504154,Finale of Devastation (Borderless),Commander Masters,79.64,89.99,72.92,12.995981918633843,-8.437970868910094,top-5000 GMV,$50-100
191568,Ephemerate,Modern Horizons,5.41,6.49,5.12,19.963031423290204,-5.360443622920518,top-5000 GMV,$5-10
630936,Traveling Chocobo (Borderless),FINAL FANTASY,33.67,37.99,31.48,12.830412830412827,-6.504306504306507,top-5000 GMV,$20-50
7070,Time Spiral,Urza's Saga,97.86,99.99,67.11,2.176578786020841,-31.422440220723484,top-5000 GMV,$50-100
168749,Crucible of Worlds,Core Set 2019,31.13,39.99,29.18,28.46129135881787,-6.264053967234178,top-5000 GMV,$20-50
559638,Caretaker's Talent,Bloomburrow,8.52,13.99,8.09,64.20187793427232,-5.046948356807509,top-5000 GMV,$5-10
552580,Fell the Profane,Modern Horizons 3,3.66,5.99,3.42,63.66120218579236,-6.557377049180333,top-5000 GMV,$2-5
679138,All Will Be One (Borderless),Teenage Mutant Ninja Turtles Source Material,12.06,14.99,8.85,24.29519071310116,-26.61691542288558,top-5000 GMV,$10-20
687354,Stensian Sanguinist,Commander: Secrets of Strixhaven,4.62,8.49,4.09,83.76623376623377,-11.471861471861477,top-5000 GMV,$2-5
675586,Mathemagics,Secrets of Strixhaven,2.91,3.49,2.85,19.93127147766323,-2.0618556701030943,top-5000 GMV,$2-5
215443,Chromatic Orrery,Core Set 2021,36.58,44.99,30.58,22.99070530344452,-16.402405686167302,top-5000 GMV,$20-50
498356,Nazgul (0333),Universes Beyond: The Lord of the Rings: Tales of Middle-earth,23.33,27.99,20.84,19.97428204029147,-10.672953279039858,top-5000 GMV,$20-50
671263,"Chimil, the Inner Sun",Commander: Lorwyn Eclipsed,10.36,9.49,8.84,-8.397683397683391,-14.671814671814667,top-5000 GMV,$10-20
10361,Biorhythm,Onslaught,37.2,32.99,28.64,-11.31720430107527,-23.010752688172047,top-5000 GMV,$20-50
278719,"Nykthos, Shrine to Nyx",Pro Tour Promos,70.86,64.99,66.68,-8.283940163703083,-5.898955687270664,top-5000 GMV,$50-100
504559,Smothering Tithe,Commander Masters,61.94,69.99,56.78,12.996448175653857,-8.330642557313524,top-5000 GMV,$50-100
227010,Sakashima of a Thousand Faces,Commander Legends,34.33,42.99,29.17,25.225750072822617,-15.030585493737249,top-5000 GMV,$20-50
662780,The Cabbage Merchant (Extended Art),Avatar: The Last Airbender: Eternal-Legal,27.4,39.99,24.74,45.94890510948906,-9.708029197080291,top-5000 GMV,$20-50
239179,Urza's Saga (Showcase),Modern Horizons 2,39.35,49.99,40.02,27.039390088945364,1.7026683608640447,top-5000 GMV,$20-50
240045,"Yavimaya, Cradle of Growth",Modern Horizons 2,14.42,21.99,14.7,52.49653259361996,1.9417475728155296,top-5000 GMV,$10-20
696401,The Fantastic Four,Commander: Marvel Super Heroes,20.71,24.99,17.66,20.66634476098502,-14.727184934814105,top-5000 GMV,$20-50
262765,Tamiyo's Safekeeping,Kamigawa: Neon Dynasty,6.61,8.99,4.91,36.006051437216335,-25.718608169440245,top-5000 GMV,$5-10
122600,Inventors' Fair,Kaladesh,16.85,21.99,13.86,30.50445103857565,-17.744807121661733,top-5000 GMV,$10-20
559757,Stormchaser's Talent,Bloomburrow,4.29,8.49,3.89,97.9020979020979,-9.324009324009324,top-5000 GMV,$2-5
696339,"Wolverine, Fierce Fighter (Borderless)",Marvel Super Heroes,5.11,4.49,3.27,-12.133072407045011,-36.00782778864971,top-5000 GMV,$5-10
679197,"Krang, Utrom Warlord (Borderless)",Teenage Mutant Ninja Turtles,22.77,32.99,22.1,44.88361879666229,-2.942468159859456,top-5000 GMV,$20-50
532907,Meticulous Archive,Murders at Karlov Manor,10.46,16.99,9.37,62.42829827915867,-10.420650095602308,top-5000 GMV,$10-20
4703,Glacial Chasm,Ice Age,20.1,18.99,13.54,-5.522388059701507,-32.63681592039802,top-5000 GMV,$20-50
179536,"Urborg, Tomb of Yawgmoth",Ultimate Masters,66.58,79.99,57.93,20.141183538600178,-12.99188945629318,top-5000 GMV,$50-100
517522,"Ghalta, Stampede Tyrant",The Lost Caverns of Ixalan,27.93,34.99,26.97,25.277479412817765,-3.437164339419982,top-5000 GMV,$20-50
633148,Aettir and Priwen,FINAL FANTASY,11.59,12.99,10.23,12.07937877480587,-11.734253666954263,top-5000 GMV,$10-20
509515,Necropotence,Wilds of Eldraine: Enchanting Tales,38.62,44.99,25.0,16.494044536509595,-35.26670119109269,top-5000 GMV,$20-50
6609,Misdirection,Mercadian Masques,50.03,44.99,26.22,-10.073955626624024,-47.59144513292025,top-5000 GMV,$50-100
525601,Savage Order (Borderless),Universes Beyond: Jurassic World Collection,34.43,39.99,35.32,16.148707522509444,2.584954981121117,top-5000 GMV,$20-50
688656,Restoration Seminar,Secrets of Strixhaven,3.33,4.49,3.12,34.83483483483484,-6.306306306306306,top-5000 GMV,$2-5
630781,"Yuna, Grand Summoner (Borderless)",Commander: FINAL FANTASY,42.06,59.99,41.04,42.62957679505468,-2.4251069900142728,top-5000 GMV,$20-50
662550,The Walls of Ba Sing Se (Borderless),Avatar: The Last Airbender,31.97,42.99,26.76,34.46981545198625,-16.296527994995298,top-5000 GMV,$20-50
498357,Nazgul (0334),Universes Beyond: The Lord of the Rings: Tales of Middle-earth,22.87,27.99,23.58,22.38740708351551,3.104503716659367,top-5000 GMV,$20-50
633137,The Earth Crystal (Borderless),FINAL FANTASY,21.69,23.99,18.99,10.60396496081142,-12.448132780083,top-5000 GMV,$20-50
641801,Mana Confluence (0025) (Borderless),Edge of Eternities: Stellar Sights,35.76,47.99,35.37,34.200223713646544,-1.0906040268456394,top-5000 GMV,$20-50
632190,"Cloud Strife - Najeela, the Blade-Blossom (Showcase)",FINAL FANTASY: Through the Ages,13.91,17.99,13.41,29.331416247304087,-3.5945363048166783,top-5000 GMV,$10-20
9145,Mox Pearl,Unlimited Edition,3513.33,6999.99,3125.98,99.24089112039005,-11.02515277528726,top-5000 GMV,$200+
532897,Shadowy Backstreet,Murders at Karlov Manor,10.22,15.99,10.07,56.45792563600782,-1.4677103718199642,top-5000 GMV,$10-20
218812,Chrome Mox (Borderless),Double Masters,176.04,199.99,162.48,13.604862531242908,-7.702794819359237,top-5000 GMV,$100-200
4127,Dystopia,Alliances,48.74,57.99,42.72,18.97825194911777,-12.351251538777191,top-5000 GMV,$20-50
12383,Umezawa's Jitte,Betrayers of Kamigawa,18.59,15.99,10.02,-13.986013986013983,-46.100053792361486,top-5000 GMV,$10-20
235648,Tainted Pact,Strixhaven: Mystical Archive,32.32,37.99,32.2,17.54331683168317,-0.3712871287128634,top-5000 GMV,$20-50
563253,Lotus Petal (Future Sight),Mystery Booster 2,37.18,39.99,36.01,7.557826788596025,-3.146853146853151,top-5000 GMV,$20-50
589815,"Aphelia, Viper Whisperer (Anime)",Foundations Jumpstart,17.94,27.99,16.67,56.02006688963209,-7.079152731326642,top-5000 GMV,$10-20
688689,Echocasting Symposium,Secrets of Strixhaven,3.71,4.49,2.54,21.024258760107823,-31.536388140161726,top-5000 GMV,$2-5
69119,Archangel of Thune,Magic 2014 (M14),55.77,57.99,45.03,3.980634749865517,-19.257665411511567,top-5000 GMV,$50-100
449604,Force of Will (Retro Frame),Dominaria Remastered,61.6,79.99,57.36,29.85389610389609,-6.883116883116887,top-5000 GMV,$50-100
212233,Surly Badgersaur,Commander 2020,17.04,24.99,17.45,46.65492957746479,2.4061032863849774,top-5000 GMV,$10-20
499510,Birds of Paradise,Commander: The Lord of the Rings: Tales of Middle-earth,13.21,16.99,9.32,28.614685844057515,-29.447388342165027,top-5000 GMV,$10-20
484937,The Ur-Dragon (Borderless),Commander Masters,47.55,57.99,37.51,21.955835962145123,-21.114616193480547,top-5000 GMV,$20-50
498360,Nazgul (0337),Universes Beyond: The Lord of the Rings: Tales of Middle-earth,23.73,27.99,21.65,17.951959544879887,-8.765276021913197,top-5000 GMV,$20-50
544255,Scapeshift (Borderless),Special Guests,62.45,79.99,61.88,28.086469175340252,-0.9127301841473182,top-5000 GMV,$50-100
478532,"Atraxa, Grand Unifier",Phyrexia: All Will Be One,16.46,22.99,15.63,39.67193195625758,-5.042527339003645,top-5000 GMV,$10-20
501922,"Muxus, Goblin Grandee",Secret Lair Drop Series,99.51,79.99,83.36,-19.616118983016797,-16.22952467088735,top-5000 GMV,$50-100
488291,Sol Ring - Dwarven (0409),Commander: The Lord of the Rings: Tales of Middle-earth,534.95,849.99,729.38,58.891485185531344,36.34545284606037,top-5000 GMV,$200+
696673,Cosmic Cube (Borderless) (0337),Marvel Super Heroes,26.37,32.99,25.39,25.10428517254456,-3.716344330678803,top-5000 GMV,$20-50
633117,The Wind Crystal,FINAL FANTASY,6.23,8.49,5.15,36.2760834670947,-17.335473515248793,top-5000 GMV,$5-10
670976,Chronicle of Victory (Showcase),Lorwyn Eclipsed,22.33,32.99,18.75,47.73846842812362,-16.032243618450508,top-5000 GMV,$20-50
687601,Turbulent Springs,Commander: Secrets of Strixhaven,4.76,6.49,4.43,36.34453781512606,-6.9327731092437,top-5000 GMV,$2-5
631573,Reanimate,Commander: FINAL FANTASY,7.45,12.99,7.57,74.36241610738254,1.6107382550335587,top-5000 GMV,$5-10
558442,Artist's Talent,Bloomburrow,4.94,9.99,4.36,102.22672064777328,-11.74089068825911,top-5000 GMV,$2-5
230450,"Tergrid, God of Fright",Kaldheim,22.22,22.99,16.15,3.4653465346534635,-27.31773177317732,top-5000 GMV,$20-50
512393,Fiery Emancipation,Wilds of Eldraine: Enchanting Tales,13.48,11.99,11.67,-11.053412462908014,-13.427299703264095,top-5000 GMV,$10-20
498358,Nazgul (0335),Universes Beyond: The Lord of the Rings: Tales of Middle-earth,23.56,27.99,21.62,18.803056027164686,-8.234295415959243,top-5000 GMV,$20-50
558341,"Maha, Its Feathers Night (Borderless)",Bloomburrow,32.37,32.99,31.26,1.915353722582653,-3.4291010194624527,top-5000 GMV,$20-50
509556,Necropotence (Anime Borderless),Wilds of Eldraine: Enchanting Tales,49.79,59.99,33.25,20.48604137376984,-33.219521992367945,top-5000 GMV,$20-50
498464,Morgul-Knife - Shadowspear (Borderless),Commander: The Lord of the Rings: Tales of Middle-earth,70.77,94.99,72.94,34.22354104846686,3.0662710187932767,top-5000 GMV,$50-100
630953,The Cloudsea Djinn - Nyxbloom Ancient (Showcase),FINAL FANTASY: Through the Ages,31.12,32.99,29.41,6.008997429305916,-5.494858611825195,top-5000 GMV,$20-50
499316,Minas Morgul - Cabal Coffers (Borderless),Commander: The Lord of the Rings: Tales of Middle-earth,58.13,84.99,57.31,46.20677791157748,-1.410631343540341,top-5000 GMV,$50-100
688842,Armageddon,Secrets of Strixhaven: Mystical Archive,10.0,6.99,6.8500000000000005,-30.1,-31.499999999999996,top-5000 GMV,$10-20
5589,Humility,Tempest,69.23,84.99,41.68,22.76469738552649,-39.794886609851226,top-5000 GMV,$50-100
696435,"Storm, Force of Nature (Borderless)",Marvel Universe Eternal-Legal,8.39,9.49,6.78,13.11084624553039,-19.18951132300358,top-5000 GMV,$5-10
175202,Steam Vents,Guilds of Ravnica,11.46,16.99,11.34,48.2547993019197,-1.0471204188481762,top-5000 GMV,$10-20
5789,Wasteland,Tempest,53.8,64.99,33.29,20.799256505576206,-38.122676579925646,top-5000 GMV,$50-100
14244,Gemstone Caverns,Time Spiral,51.27,84.99,49.69,65.76945582211818,-3.081724205188229,top-5000 GMV,$50-100
82278,Dictate of Erebos,Journey Into Nyx,18.33,22.99,16.16,25.422804146208406,-11.838516093835237,top-5000 GMV,$10-20
696335,King T'Challa (Borderless) (0346),Marvel Super Heroes,19.06,27.99,18.06,46.85204616998951,-5.246589716684156,top-5000 GMV,$10-20
499572,Raise the Palisade,Commander: The Lord of the Rings: Tales of Middle-earth,10.54,11.99,9.28,13.757115749525628,-11.954459203036052,top-5000 GMV,$10-20
576518,Gloomlake Verge,Duskmourn: House of Horror,9.98,12.99,8.82,30.160320641282564,-11.623246492985972,top-5000 GMV,$5-10
227273,Sigarda's Aid,Commander Legends,18.33,27.99,18.75,52.70049099836335,2.2913256955810244,top-5000 GMV,$10-20
532938,Elegant Parlor,Murders at Karlov Manor,8.41,14.99,8.19,78.24019024970274,-2.6159334126040505,top-5000 GMV,$5-10
631496,Walking Ballista,Commander: FINAL FANTASY,7.24,8.99,7.47,24.171270718232044,3.1767955801104906,top-5000 GMV,$5-10
498362,Nazgul (0339),Universes Beyond: The Lord of the Rings: Tales of Middle-earth,18.94,27.99,20.75,47.78247096092923,9.556494192185845,top-5000 GMV,$10-20
689495,Tablet of Discovery,Secrets of Strixhaven,2.07,1.99,1.3,-3.864734299516901,-37.19806763285023,top-5000 GMV,$2-5
226675,Scroll Rack,Commander Legends,34.05,42.99,33.4,26.25550660792953,-1.9089574155653413,top-5000 GMV,$20-50
623992,Marsh Flats (Borderless),Special Guests,41.89,64.99,40.96,55.144425877297664,-2.220100262592504,top-5000 GMV,$20-50
673656,The Ooze,Teenage Mutant Ninja Turtles,3.31,4.99,3.12,50.75528700906344,-5.740181268882173,top-5000 GMV,$2-5
532916,Hedge Maze,Murders at Karlov Manor,10.27,16.99,9.27,65.43330087633883,-9.737098344693282,top-5000 GMV,$10-20
696540,Jennifer Walters (Borderless) (0355),Marvel Super Heroes,23.49,29.99,20.52,27.67134951042997,-12.643678160919537,top-5000 GMV,$20-50
633120,Blessing of the Oracle - Akroma's Will (Showcase),FINAL FANTASY: Through the Ages,32.42,34.99,28.86,7.927205428747687,-10.98087600246762,top-5000 GMV,$20-50
524277,"Indoraptor, the Perfect Hybrid (Borderless)",Universes Beyond: Jurassic World Collection,24.63,24.99,22.61,1.4616321559074277,-8.201380430369467,top-5000 GMV,$20-50
552866,Ripples of Undeath,Modern Horizons 3,5.91,9.99,5.41,69.03553299492386,-8.460236886632826,top-5000 GMV,$5-10
590235,"Dionus, Elvish Archdruid (Anime)",Foundations Jumpstart,9.01,13.99,7.91,55.27192008879024,-12.208657047724747,top-5000 GMV,$5-10
690169,Flusterstorm,Secrets of Strixhaven: Mystical Archive,9.11,9.49,6.18,4.171240395170152,-32.16245883644347,top-5000 GMV,$5-10
687599,Turbulent Moor,Commander: Secrets of Strixhaven,5.49,6.49,4.67,18.21493624772313,-14.936247723132972,top-5000 GMV,$5-10
633131,The Fire Crystal,FINAL FANTASY,6.09,8.49,5.1000000000000005,39.4088669950739,-16.256157635467968,top-5000 GMV,$5-10
504612,Ashnod's Altar,Commander Masters,14.98,19.99,14.57,33.44459279038717,-2.7369826435247004,top-5000 GMV,$10-20
563225,Urza's Saga (White Border),Mystery Booster 2,35.65,49.99,39.07,40.224403927068735,9.593267882187943,top-5000 GMV,$20-50
498382,"Sauron, the Dark Lord (Showcase)",Universes Beyond: The Lord of the Rings: Tales of Middle-earth,21.39,22.99,20.56,7.48013090229078,-3.880317905563356,top-5000 GMV,$20-50
457276,Worldly Tutor (Borderless),Dominaria Remastered,28.75,32.99,24.46,14.747826086956527,-14.92173913043478,top-5000 GMV,$20-50
179462,Demonic Tutor,Ultimate Masters,69.41,69.99,63.2,0.8356144647745258,-8.946837631465199,top-5000 GMV,$50-100
10493,Flooded Strand,Onslaught,117.04,129.99,72.94,11.064593301435409,-37.67942583732058,top-5000 GMV,$100-200
697124,"Captain Marvel, Shooting Star",Commander: Marvel Super Heroes,18.17,22.99,16.81,26.527242707760024,-7.484865162355547,top-5000 GMV,$10-20
656542,"Jaws, Relentless Predator",Secret Lair Drop Series,171.11,229.99,191.72,34.41061305592893,12.04488340833381,top-5000 GMV,$100-200
490422,"Etali, Primal Conqueror (Showcase)",March of the Machine,27.48,39.99,29.38,45.52401746724891,6.914119359534202,top-5000 GMV,$20-50
618858,Jumbo Cactuar,FINAL FANTASY,4.44,5.99,2.85,34.909909909909906,-35.810810810810814,top-5000 GMV,$2-5
253555,Kessig Flamebreather,Innistrad: Crimson Vow,4.08,4.99,3.4,22.30392156862745,-16.66666666666667,top-5000 GMV,$2-5
212004,"Ghidorah, King of the Cosmos - Illuna, Apex of Wishes",Ikoria: Lair of Behemoths,83.28,89.99,89.26,8.057156580211327,7.180595581171954,top-5000 GMV,$50-100
623986,Arid Mesa (Borderless),Special Guests,54.57,57.99,55.16,6.267179769103906,1.0811801356056372,top-5000 GMV,$50-100
686538,"Ral Zarek, Guest Lecturer",Secrets of Strixhaven,1.65,1.99,1.04,20.606060606060613,-36.96969696969696,top-5000 GMV,$1-2
687548,Ohran Frostfang,Commander: Secrets of Strixhaven,5.67,7.49,5.15,32.098765432098766,-9.171075837742498,top-5000 GMV,$5-10
499732,Cavern-Hoard Dragon,Commander: The Lord of the Rings: Tales of Middle-earth,14.15,21.99,13.79,55.40636042402826,-2.544169611307429,top-5000 GMV,$10-20
552348,Ruby Medallion (Borderless),Modern Horizons 3,20.35,29.99,19.72,47.37100737100735,-3.095823095823108,top-5000 GMV,$20-50
532911,Raucous Theater,Murders at Karlov Manor,9.67,15.99,10.22,65.35677352637022,5.687693898655644,top-5000 GMV,$5-10
139830,Teferi's Protection,Commander 2017,49.85,57.99,43.49,16.32898696088265,-12.75827482447342,top-5000 GMV,$20-50
651337,"Electro, Assaulting Battery",Marvel's Spider-Man,6.35,9.49,3.64,49.44881889763781,-42.677165354330704,top-5000 GMV,$5-10
34444,Stoneforge Mystic,Worldwake,29.32,42.99,28.61,46.62346521145976,-2.421555252387452,top-5000 GMV,$20-50
517549,"Indominus Rex, Alpha (Borderless)",Universes Beyond: Jurassic World Collection,23.59,21.99,20.65,-6.782534972445959,-12.46290801186944,top-5000 GMV,$20-50
643700,Super State,Secret Lair Drop Series,23.54,23.99,21.32,1.911639762107049,-9.430756159728118,top-5000 GMV,$20-50
630960,"Clive, Ifrit's Dominant (0318) (Borderless)",FINAL FANTASY,29.22,32.99,29.16,12.90212183436004,-0.2053388090349032,top-5000 GMV,$20-50
541273,Psychic Frog,Modern Horizons 3,5.67,8.49,4.39,49.73544973544974,-22.574955908289247,top-5000 GMV,$5-10
614416,Riverpyre Verge (Borderless),Aetherdrift,19.14,27.99,19.95,46.23824451410657,4.231974921630087,top-5000 GMV,$10-20
273002,Ancient Copper Dragon (Showcase),Commander Legends: Battle for Baldur's Gate,107.54,149.99,106.25,39.47368421052632,-1.1995536544541625,top-5000 GMV,$100-200
687602,Turbulent Steppe,Commander: Secrets of Strixhaven,3.78,6.49,3.12,71.69312169312171,-17.460317460317455,top-5000 GMV,$2-5
696652,The Serpent Society,Marvel Super Heroes,0.7,1.29,0.15,84.28571428571429,-78.57142857142857,top-5000 GMV,$0-1
686581,Stormcarved Coast,Secrets of Strixhaven,2.47,3.49,1.39,41.29554655870445,-43.72469635627531,top-5000 GMV,$2-5
265346,Jetmir's Garden,Streets of New Capenna,17.41,21.99,14.71,26.30672027570361,-15.508328546812171,top-5000 GMV,$10-20
615740,Monument to Endurance (Extended Art),Aetherdrift,19.3,29.99,19.17,55.38860103626941,-0.6735751295336736,top-5000 GMV,$10-20
624139,Dracogenesis,Tarkir: Dragonstorm,12.74,13.99,10.31,9.811616954474095,-19.073783359497643,top-5000 GMV,$10-20
638816,Tifa Lockhart (Borderless),MagicFest Cards,1360.38,1999.99,1771.4,47.01700995310133,30.21361678354577,top-5000 GMV,$200+
675584,"Lorehold, the Historian",Secrets of Strixhaven,1.77,1.49,0.96,-15.819209039548024,-45.76271186440678,top-5000 GMV,$1-2
179517,Mana Vault,Ultimate Masters,115.91,119.99,108.63,3.519972392373392,-6.280735053058409,top-5000 GMV,$100-200
553539,The Reaver Cleaver,Commander: Modern Horizons 3,17.9,21.99,15.61,22.849162011173185,-12.793296089385471,top-5000 GMV,$10-20
690170,Flusterstorm (JP Alternate Art),Secrets of Strixhaven: Mystical Archive,22.08,39.99,19.79,81.11413043478262,-10.3713768115942,top-5000 GMV,$20-50
498359,Nazgul (0336),Universes Beyond: The Lord of the Rings: Tales of Middle-earth,22.57,27.99,22.92,24.01417811253876,1.5507310589277865,top-5000 GMV,$20-50
33417,Scalding Tarn,Zendikar,40.35,54.99,39.95,36.28252788104089,-0.9913258983890918,top-5000 GMV,$20-50
623865,"Elspeth, Storm Slayer (Borderless)",Tarkir: Dragonstorm,39.66,47.99,39.34,21.00353000504288,-0.8068582955118336,top-5000 GMV,$20-50
180774,Phyrexian Altar,Ultimate Masters,57.73,64.99,56.370000000000005,12.575783821236788,-2.3557942144465485,top-5000 GMV,$50-100
187125,Emergence Zone,War of the Spark,4.17,5.99,3.85,43.64508393285372,-7.67386091127098,top-5000 GMV,$2-5
662388,Enlightened Tutor (Showcase),Avatar: The Last Airbender: Eternal-Legal,40.27,44.99,38.56,11.72088403277874,-4.246337223739759,top-5000 GMV,$20-50
624267,Mistrise Village,Tarkir: Dragonstorm,9.29,13.99,7.36,50.592034445640486,-20.77502691065661,top-5000 GMV,$5-10
478277,"Mondrak, Glory Dominus (Showcase)",Phyrexia: All Will Be One,43.21,57.99,44.54,34.20504512844249,3.077991205739408,top-5000 GMV,$20-50
517449,"Arwen, Mortal Queen (Borderless Poster)",Universes Beyond: The Lord of the Rings: Tales of Middle-earth,68.94,109.99,156.08,59.54453147664636,126.39976791412826,top-5000 GMV,$50-100
498361,Nazgul (0338),Universes Beyond: The Lord of the Rings: Tales of Middle-earth,24.06,29.99,20.63,24.646716541978385,-14.25602660016625,top-5000 GMV,$20-50
686617,"Quandrix, the Proof (Borderless)",Secrets of Strixhaven,5.69,5.99,4.13,5.272407732864672,-27.41652021089632,top-5000 GMV,$5-10
641870,Sliver Overlord (Showcase),Special Guests,32.0,34.99,30.72,9.343750000000009,-4.000000000000004,top-5000 GMV,$20-50
541392,"Lumra, Bellow of the Woods (Borderless) (0342)",Bloomburrow,60.46,64.99,57.6,7.492557062520665,-4.730400264637776,top-5000 GMV,$50-100
643901,Green Sun's Zenith (Showcase),Special Guests,28.86,37.99,29.17,31.635481635481643,1.074151074151082,top-5000 GMV,$20-50
686589,Swamp (0269),Secrets of Strixhaven,0.77,1.29,0.35,67.53246753246754,-54.54545454545456,top-5000 GMV,$0-1
589385,"General Kreat, the Boltbringer (Anime)",Foundations Jumpstart,5.76,9.99,5.17,73.43750000000001,-10.243055555555554,top-5000 GMV,$5-10
687556,"Ozolith, the Shattered Spire",Commander: Secrets of Strixhaven,5.0,7.49,4.82,49.8,-3.5999999999999943,top-5000 GMV,$5-10
541291,Wooded Foothills (Retro Frame),Modern Horizons 3,30.01,32.99,27.61,9.93002332555815,-7.997334221926031,top-5000 GMV,$20-50
575065,"Valgavoth, Terror Eater",Duskmourn: House of Horror,16.54,22.99,15.37,38.99637243047158,-7.0737605804111245,top-5000 GMV,$10-20
541285,Flooded Strand (Retro Frame),Modern Horizons 3,24.69,29.99,23.37,21.466180639935185,-5.34629404617254,top-5000 GMV,$20-50
632636,Summon: Knights of Round (Borderless),FINAL FANTASY,25.34,29.99,22.9,18.35043409629044,-9.629044988161017,top-5000 GMV,$20-50
671075,Goblin Sharpshooter (Borderless),Special Guests,24.4,32.99,25.42,35.2049180327869,4.180327868852472,top-5000 GMV,$20-50
503467,Deadly Rollick (Borderless),Commander Masters,35.05,42.99,35.42,22.653352353780328,1.055634807417987,top-5000 GMV,$20-50
286158,Bloodthirster,"Universes Beyond: Warhammer 40,000",31.76,32.99,30.73,3.8727959697733008,-3.2430730478589456,top-5000 GMV,$20-50
272576,Irenicus's Vile Duplication,Commander Legends: Battle for Baldur's Gate,12.82,17.99,11.45,40.32761310452417,-10.68642745709829,top-5000 GMV,$10-20
9627,Cabal Coffers,Torment,33.96,37.99,27.81,11.866902237926976,-18.10954063604241,top-5000 GMV,$20-50
686608,"Silverquill, the Disputant",Secrets of Strixhaven,1.99,1.29,1.01,-35.175879396984925,-49.246231155778894,top-5000 GMV,$1-2
688848,Berserk,Secrets of Strixhaven: Mystical Archive,7.32,8.49,7.15,15.983606557377048,-2.3224043715846987,top-5000 GMV,$5-10
1372,Copy Artifact,Revised Edition,65.24,89.99,28.01,37.93684855916616,-57.066217044757806,top-5000 GMV,$50-100
698116,Luxury Suite,Commander: Marvel Super Heroes,8.74,11.99,8.64,37.18535469107551,-1.1441647597253963,top-5000 GMV,$5-10
240300,"Ragavan, Nimble Pilferer (Borderless)",Modern Horizons 2,60.24,64.99,58.48,7.8851261620185795,-2.92164674634795,top-5000 GMV,$50-100
513420,Throne of Eldraine,Commander: Wilds of Eldraine,30.03,42.99,31.51,43.15684315684315,4.928404928404929,top-5000 GMV,$20-50
630713,"Tifa, Martial Artist (Borderless)",Commander: FINAL FANTASY,36.6,37.99,37.2,3.797814207650275,1.6393442622950858,top-5000 GMV,$20-50
10527,Mana Echoes,Onslaught,56.12,64.99,48.97,15.805416963649318,-12.740555951532428,top-5000 GMV,$50-100
679230,Undercity Sewers (Borderless),Teenage Mutant Ninja Turtles Source Material,8.64,16.99,9.11,96.64351851851848,5.439814814814802,top-5000 GMV,$5-10
267055,Sea of Clouds,Commander Legends: Battle for Baldur's Gate,18.72,29.99,19.46,60.20299145299145,3.952991452991464,top-5000 GMV,$10-20
532966,Thundering Falls (Borderless),Murders at Karlov Manor,20.63,32.99,20.07,59.912748424624354,-2.714493456131841,top-5000 GMV,$20-50
679576,"Irma, Part-Time Mutant",Commander: Teenage Mutant Ninja Turtles,4.81,7.49,4.12,55.71725571725573,-14.345114345114334,top-5000 GMV,$2-5
696288,Namor the Sub-Mariner (Borderless) (0362),Marvel Super Heroes,14.35,16.99,14.41,18.397212543554,0.4181184668989581,top-5000 GMV,$10-20
662547,Ba Sing Se,Avatar: The Last Airbender,4.2,6.49,3.59,54.52380952380952,-14.52380952380953,top-5000 GMV,$2-5
276254,Teferi's Protection,Double Masters 2022,51.76,49.99,47.27,-3.41962905718701,-8.674652241112819,top-5000 GMV,$50-100
204134,Rhystic Study,The List Reprints,70.54,79.99,63.56,13.39665438049332,-9.895094981570743,top-5000 GMV,$50-100
499218,Palantir of Orthanc,Universes Beyond: The Lord of the Rings: Tales of Middle-earth,21.33,24.99,21.1,17.158931082981717,-1.07829348335676,top-5000 GMV,$20-50
619643,Mox Jasper,Tarkir: Dragonstorm,11.62,15.99,9.84,37.60757314974184,-15.318416523235795,top-5000 GMV,$10-20
451976,Unwinding Clock,The Brothers' War: Retro Frame Artifacts,21.85,24.99,18.46,14.370709382151016,-15.514874141876431,top-5000 GMV,$20-50
262128,Kodama of the West Tree,Kamigawa: Neon Dynasty,21.7,24.99,19.62,15.161290322580642,-9.58525345622119,top-5000 GMV,$20-50
591203,Banner of Kinship,Foundations,7.59,10.99,6.140000000000001,44.79578392621871,-19.104084321475614,top-5000 GMV,$5-10
624655,Seedborn Muse,Commander: Tarkir: Dragonstorm,15.52,20.99,14.62,35.24484536082473,-5.798969072164951,top-5000 GMV,$10-20
498352,Mirkwood Bats,Universes Beyond: The Lord of the Rings: Tales of Middle-earth,1.34,1.49,1.05,11.19402985074626,-21.64179104477612,top-5000 GMV,$1-2
11370,Quicksilver Elemental,Mirrodin,23.1,22.99,14.46,-0.476190476190489,-37.4025974025974,top-5000 GMV,$20-50
276270,Sensei's Divining Top,Double Masters 2022,41.73,49.99,39.58,19.79391325185719,-5.15216870357057,top-5000 GMV,$20-50
559037,Dawn's Truce,Bloomburrow,8.41,13.99,7.72,66.34958382877527,-8.204518430439958,top-5000 GMV,$5-10
499188,Flowering of the White Tree,Universes Beyond: The Lord of the Rings: Tales of Middle-earth,10.68,13.99,9.89,30.992509363295884,-7.397003745318344,top-5000 GMV,$10-20
641796,Ouroboroid (Extended Art),Edge of Eternities,46.47,47.99,48.0,3.2709274800946915,3.292446739832152,top-5000 GMV,$20-50
9439,Tainted Pact,Odyssey,40.32,44.99,32.49,11.582341269841274,-19.41964285714285,top-5000 GMV,$20-50
618881,"Tidus, Yuna's Guardian (Borderless)",Commander: FINAL FANTASY,39.32,34.99,35.660000000000004,-11.01220752797558,-9.308240081383513,top-5000 GMV,$20-50
267052,Ancient Brass Dragon,Commander Legends: Battle for Baldur's Gate,43.7,47.99,42.43,9.816933638443931,-2.9061784897025245,top-5000 GMV,$20-50
524419,Bloodletter of Aclazotz (Borderless),The Lost Caverns of Ixalan,32.04,42.99,32.58,34.17602996254683,1.6853932584269635,top-5000 GMV,$20-50
449626,Force of Will (Borderless),Dominaria Remastered,61.65,74.99,54.88,21.6382806163828,-10.981346309813455,top-5000 GMV,$50-100
279241,Mystic Remora (Borderless),Secret Lair Drop Series,60.93,69.99,55.77,14.869522402757257,-8.468734613490886,top-5000 GMV,$50-100
11418,Krark-Clan Shaman,Mirrodin,8.25,9.99,5.21,21.090909090909093,-36.84848484848485,top-5000 GMV,$5-10
535882,Jeska's Will,Commander: Murders at Karlov Manor,41.85,44.99,41.12,7.50298685782557,-1.7443249701314314,top-5000 GMV,$20-50
513893,Primal Vigor,Wilds of Eldraine: Enchanting Tales,10.99,10.99,10.32,0.0,-6.096451319381255,top-5000 GMV,$10-20
452124,Diabolic Intent,The Brothers' War,17.33,20.99,15.1,21.1194460473168,-12.86785920369301,top-5000 GMV,$10-20
583907,"Miku, Divine Diva - Elspeth Tirel",Secret Lair Drop Series,75.55,74.99,64.18,-0.7412309728656549,-15.04963600264724,top-5000 GMV,$50-100
687584,Three Visits,Commander: Secrets of Strixhaven,5.3,6.99,4.94,31.8867924528302,-6.79245283018867,top-5000 GMV,$5-10
3957,Moat,Legends,872.56,1099.99,794.24,26.064683230952607,-8.975887045016954,top-5000 GMV,$200+
239195,Tiamat,Adventures in the Forgotten Realms,23.2,27.99,21.95,20.64655172413793,-5.387931034482759,top-5000 GMV,$20-50
687375,Animate Dead,Commander: Secrets of Strixhaven,5.38,7.49,4.75,39.21933085501859,-11.710037174721188,top-5000 GMV,$5-10
541295,Flooded Strand (Borderless),Modern Horizons 3,32.26,37.99,31.9,17.761934283942978,-1.1159330440173574,top-5000 GMV,$20-50
71042,"Purphoros, God of the Forge",Theros,29.88,37.99,27.19,27.14190093708167,-9.002677376171345,top-5000 GMV,$20-50
696328,"Thanos, the Mad Titan",Marvel Super Heroes,2.15,2.49,0.91,15.813953488372109,-57.67441860465116,top-5000 GMV,$2-5
248212,The Meathook Massacre,Innistrad: Midnight Hunt,27.0,34.99,25.74,29.5925925925926,-4.666666666666672,top-5000 GMV,$20-50
504953,"Avacyn, Angel of Hope",Commander Masters,39.52,42.99,30.54,8.780364372469633,-22.72267206477733,top-5000 GMV,$20-50
559849,Helm of the Host,Commander: Bloomburrow,8.37,8.49,7.140000000000001,1.4336917562724134,-14.6953405017921,top-5000 GMV,$5-10
490536,Tribute to the World Tree,March of the Machine,13.76,21.99,13.02,59.81104651162789,-5.377906976744188,top-5000 GMV,$10-20
696284,Bruce Banner (Borderless) (0331),Marvel Super Heroes,19.08,20.99,17.19,10.010482180293502,-9.905660377358476,top-5000 GMV,$10-20
277161,Smothering Tithe,Double Masters 2022,55.99,64.99,56.25,16.074298981961054,0.4643686372566494,top-5000 GMV,$50-100
273396,Ancient Silver Dragon (Borderless),Commander Legends: Battle for Baldur's Gate,83.54,119.99,74.86,43.63179315298059,-10.390232224084276,top-5000 GMV,$50-100
541296,Bloodstained Mire (Borderless),Modern Horizons 3,32.63,42.99,35.68,31.74992338338952,9.347226478700572,top-5000 GMV,$20-50
92832,Windswept Heath,Khans of Tarkir,10.96,15.99,10.42,45.8941605839416,-4.92700729927008,top-5000 GMV,$10-20
162284,Gaea's Cradle - 1999 Matt Linde (USG),World Championship Decks,310.45,349.99,236.38,12.73635045901112,-23.85891447898212,top-5000 GMV,$200+
558384,Ms. Bumbleflower (Borderless),Commander: Bloomburrow,5.51,11.99,4.16,117.60435571687842,-24.500907441016327,top-5000 GMV,$5-10
512614,Parallel Lives,Wilds of Eldraine: Enchanting Tales,39.79,44.99,34.5,13.068610203568742,-13.294797687861273,top-5000 GMV,$20-50
630934,Tifa Lockhart (Borderless),FINAL FANTASY,12.97,15.99,10.4,23.284502698535075,-19.814957594448728,top-5000 GMV,$10-20
624008,Verdant Catacombs (Borderless),Special Guests,48.49,57.99,48.34,19.59166838523407,-0.3093421323984297,top-5000 GMV,$20-50
696286,Tony Stark (Borderless) (0350),Marvel Super Heroes,19.91,23.99,17.7,20.49221496735308,-11.099949773982926,top-5000 GMV,$10-20
692403,Forest (0035),Secret Lair Showdown,7.95,12.99,9.29,63.39622641509434,16.855345911949673,top-5000 GMV,$5-10
509527,Greater Auramancy,Wilds of Eldraine: Enchanting Tales,32.6,34.99,29.15,7.331288343558285,-10.582822085889578,top-5000 GMV,$20-50
7580,Phyrexian Altar,Invasion,68.53,94.99,58.13,38.61082737487231,-15.1758354005545,top-5000 GMV,$50-100
191735,Altar of Dementia,Modern Horizons,17.07,22.99,16.1,34.680726420620964,-5.682483889865254,top-5000 GMV,$10-20
457269,Worldly Tutor,Dominaria Remastered,27.31,37.99,25.0,39.10655437568658,-8.458440131819842,top-5000 GMV,$20-50
625928,Deadly Rollick,Secret Lair Drop Series,26.74,27.99,26.87,4.674644727000748,0.4861630516080873,top-5000 GMV,$20-50
648645,"Appa, Steadfast Guardian",Avatar: The Last Airbender,6.44,9.99,6.38,55.12422360248447,-0.931677018633548,top-5000 GMV,$5-10
696442,Hidden Lair (Borderless),Marvel Super Heroes,4.21,6.99,3.34,66.0332541567696,-20.665083135391924,top-5000 GMV,$2-5
10222,Cabal Therapy,Judgment,24.24,24.99,16.740000000000002,3.0940594059405946,-30.940594059405928,top-5000 GMV,$20-50
272747,Avenging Hunter,Commander Legends: Battle for Baldur's Gate,4.79,7.49,4.68,56.36743215031316,-2.296450939457209,top-5000 GMV,$2-5
517523,"Ghalta, Stampede Tyrant (Borderless)",The Lost Caverns of Ixalan,29.99,34.99,29.14,16.672224074691577,-2.834278092697559,top-5000 GMV,$20-50
591055,"Aurelia, the Warleader",Foundations,4.61,5.49,3.5,19.088937093275486,-24.07809110629068,top-5000 GMV,$2-5
448902,Necropotence,Secret Lair Countdown Kit,47.12,49.99,48.85,6.090831918505953,3.671477079796274,top-5000 GMV,$20-50
623916,Ureni of the Unwritten (Borderless),Commander: Tarkir: Dragonstorm,13.0,24.99,10.42,92.2307692307692,-19.846153846153847,top-5000 GMV,$10-20
590879,Scrawling Crawler,Foundations,6.67,11.99,5.21,79.76011994003,-21.88905547226387,top-5000 GMV,$5-10
548578,Orim's Chant,Modern Horizons 3,5.76,8.99,4.16,56.07638888888889,-27.77777777777777,top-5000 GMV,$5-10
631155,Clever Concealment,Commander: FINAL FANTASY,5.52,6.99,5.48,26.63043478260871,-0.7246376811594049,top-5000 GMV,$5-10
203369,Teferi's Protection,The List Reprints,52.85,49.99,41.4,-5.41154210028382,-21.665089877010413,top-5000 GMV,$50-100
688844,Awaken the Woods (JP Alternate Art),Secrets of Strixhaven: Mystical Archive,21.85,23.99,22.89,9.794050343249411,4.759725400457661,top-5000 GMV,$20-50
5717,Seeker of Skybreak,Tempest,4.52,6.49,3.85,43.5840707964602,-14.823008849557512,top-5000 GMV,$2-5
519544,Quantum Misalignment,Universes Beyond: Doctor Who,12.07,16.99,10.86,40.762220381110176,-10.024855012427512,top-5000 GMV,$10-20
660579,"Avatar Kyoshi, Earthbender",Avatar: The Last Airbender: Eternal-Legal,14.79,19.99,11.99,35.15889114266396,-18.93171061528059,top-5000 GMV,$10-20
239741,Subtlety,Modern Horizons 2,15.88,16.99,14.02,6.989924433249355,-11.71284634760706,top-5000 GMV,$10-20
631008,"Lightning, Army of One",FINAL FANTASY,8.84,13.99,7.640000000000001,58.2579185520362,-13.574660633484156,top-5000 GMV,$5-10
688657,Restoration Seminar (Borderless),Secrets of Strixhaven,6.07,5.99,4.88,-1.3179571663920933,-19.60461285008238,top-5000 GMV,$5-10
449583,Force of Will,Dominaria Remastered,62.64,74.99,61.55,19.715836526181345,-1.740102171136659,top-5000 GMV,$50-100
688687,Planar Engineering,Secrets of Strixhaven,1.53,0.79,0.52,-48.36601307189542,-66.01307189542483,top-5000 GMV,$1-2
33365,Marsh Flats,Zendikar,32.5,44.99,33.33,38.43076923076924,2.5538461538461488,top-5000 GMV,$20-50
687413,Ghostly Prison,Commander: Secrets of Strixhaven,5.2,6.49,4.39,24.807692307692307,-15.576923076923086,top-5000 GMV,$5-10
221901,Bala Ged Recovery,Zendikar Rising,6.15,7.99,6.18,29.918699186991866,0.4878048780487701,top-5000 GMV,$5-10
541279,"Ajani, Nacatl Pariah",Modern Horizons 3,9.44,13.99,7.99,48.19915254237289,-15.360169491525417,top-5000 GMV,$5-10
696672,Cosmic Cube (Borderless) (0312),Marvel Super Heroes,26.16,27.99,30.67,6.99541284403669,17.240061162079517,top-5000 GMV,$20-50
614431,Wastewood Verge,Aetherdrift,9.28,13.99,9.06,50.7543103448276,-2.3706896551724017,top-5000 GMV,$5-10
235964,Sedgemoor Witch,Strixhaven: School of Mages,6.08,9.49,4.15,56.08552631578948,-31.74342105263157,top-5000 GMV,$5-10
234032,Gemstone Caverns,Time Spiral: Remastered,53.68,74.99,57.29,39.69821162444113,6.725037257824142,top-5000 GMV,$50-100
18079,Thornbite Staff,Morningtide,22.38,21.99,12.74,-1.7426273458445063,-43.07417336907953,top-5000 GMV,$20-50
498364,Nazgul (0332),Universes Beyond: The Lord of the Rings: Tales of Middle-earth,22.03,24.99,18.75,13.436223331820232,-14.888788016341357,top-5000 GMV,$20-50
596272,Edgar Markov,Innistrad Remastered,43.75,39.99,36.47,-8.59428571428571,-16.64,top-5000 GMV,$20-50
66420,Steam Vents,Return to Ravnica,11.46,19.99,11.81,74.43280977312389,3.0541012216404853,top-5000 GMV,$10-20
518154,Glamdring (Borderless Poster),Universes Beyond: The Lord of the Rings: Tales of Middle-earth,78.64,119.99,172.9,52.581383519837225,119.86266531027468,top-5000 GMV,$50-100
632197,Cecil Harvey - Tymna the Weaver (Showcase),FINAL FANTASY: Through the Ages,10.49,12.99,11.46,23.83222116301239,9.246901811248817,top-5000 GMV,$10-20
686586,Plains (0267),Secrets of Strixhaven,1.22,1.79,0.6,46.72131147540984,-50.81967213114754,top-5000 GMV,$1-2
479312,All Will Be One,Phyrexia: All Will Be One,14.9,17.99,11.4,20.738255033557035,-23.48993288590604,top-5000 GMV,$10-20
517547,Welcome to . . .,Universes Beyond: Jurassic World Collection,31.32,34.99,28.91,11.71775223499362,-7.694763729246488,top-5000 GMV,$20-50
662785,"Toph, Earthbending Master (Extended Art)",Avatar: The Last Airbender: Eternal-Legal,49.43,54.99,45.95,11.248229819947406,-7.040258952053402,top-5000 GMV,$20-50
273798,Jeska's Will,Commander Legends: Battle for Baldur's Gate,40.19,47.99,41.87,19.407812888778317,4.180144314506096,top-5000 GMV,$20-50
5321,Constant Mists,Stronghold,19.73,23.99,17.740000000000002,21.59148504815001,-10.086163203243784,top-5000 GMV,$10-20
243046,Circle of Dreams Druid,Adventures in the Forgotten Realms,14.39,21.99,14.43,52.81445448227934,0.2779708130646223,top-5000 GMV,$10-20
6667,Rishadan Port,Mercadian Masques,107.29,119.99,62.5,11.83707708080901,-41.74666790940442,top-5000 GMV,$100-200
679638,Undergrowth Stadium,Commander: Teenage Mutant Ninja Turtles,6.32,7.99,5.21,26.42405063291139,-17.563291139240512,top-5000 GMV,$5-10
512160,Beseech the Mirror,Wilds of Eldraine,19.28,24.99,20.11,29.616182572614093,4.304979253112024,top-5000 GMV,$10-20
686577,Library of Leng (Borderless),Special Guests,10.7,9.49,8.24,-11.308411214953264,-22.99065420560747,top-5000 GMV,$10-20
562493,Thassa's Oracle (Future Sight),Mystery Booster 2,21.67,27.99,19.76,29.16474388555605,-8.814028610982925,top-5000 GMV,$20-50
517243,"Galadriel, Light of Valinor (Borderless)",Commander: The Lord of the Rings: Tales of Middle-earth,22.88,42.99,23.96,87.89335664335665,4.720279720279728,top-5000 GMV,$20-50
576514,Floodfarm Verge,Duskmourn: House of Horror,8.13,11.99,7.47,47.47847478474784,-8.11808118081182,top-5000 GMV,$5-10
643899,Burgeoning (Showcase),Special Guests,26.91,29.99,29.15,11.44555927164622,8.324043106651796,top-5000 GMV,$20-50
696423,Defense of the Heart (Borderless),Marvel Universe Eternal-Legal,9.21,11.99,9.62,30.184581976112916,4.451682953311599,top-5000 GMV,$5-10
614401,Bleachbone Verge,Aetherdrift,11.14,13.99,7.29,25.5834829443447,-34.56014362657092,top-5000 GMV,$10-20
259290,Unstable Harmonics - Rhystic Study,Secret Lair Drop Series,63.88,84.99,64.6,33.04633688165309,1.1271133375078144,top-5000 GMV,$50-100
552286,Sapphire Medallion,Modern Horizons 3,8.09,9.49,4.16,17.305315203955505,-48.57849196538936,top-5000 GMV,$5-10
164377,Cabal Stronghold,Dominaria,11.91,15.99,11.46,34.25692695214106,-3.77833753148614,top-5000 GMV,$10-20
624578,Cori-Steel Cutter,Tarkir: Dragonstorm,5.64,8.49,3.69,50.53191489361704,-34.57446808510638,top-5000 GMV,$5-10
552859,Springheart Nantuko,Modern Horizons 3,5.59,7.49,3.9,33.98926654740609,-30.23255813953488,top-5000 GMV,$5-10
552889,Phyrexian Tower (Borderless),Modern Horizons 3,42.84,54.99,39.58,28.36134453781512,-7.6097105508870335,top-5000 GMV,$20-50
698193,Birds of Paradise,Commander: Marvel Super Heroes,8.07,13.99,9.1,73.35811648079306,12.763320941759597,top-5000 GMV,$5-10
239185,Scalding Tarn (Retro Frame),Modern Horizons 2,44.69,57.99,45.84,29.76057283508616,2.573282613560093,top-5000 GMV,$20-50
532899,Undercity Sewers (Borderless),Murders at Karlov Manor,20.62,29.99,19.99,45.44131910766245,-3.055286129970914,top-5000 GMV,$20-50
163960,Survival of the Fittest - 1998 Brian Selden (EXO),World Championship Decks,76.88,89.99,76.06,17.0525494276795,-1.066597294484903,top-5000 GMV,$50-100
696434,Ravenous Tyrannosaurus (Borderless),Marvel Universe Eternal-Legal,10.56,10.99,8.89,4.071969696969694,-15.81439393939394,top-5000 GMV,$10-20
3825,Chains of Mephistopheles,Legends,1183.06,1299.99,1094.1,9.883691444220924,-7.519483373624333,top-5000 GMV,$200+
484935,The Ur-Dragon,Commander Masters,41.72,39.99,30.61,-4.1466922339405485,-26.62991371045062,top-5000 GMV,$20-50
558350,"Ral, Crackling Wit",Bloomburrow,12.44,16.99,12.99,36.57556270096463,4.421221864951774,top-5000 GMV,$10-20
212691,Zagoth Triome,Ikoria: Lair of Behemoths,23.0,29.99,22.76,30.39130434782608,-1.0434782608695583,top-5000 GMV,$20-50
671008,Painter's Servant (Borderless),Special Guests,33.28,37.99,34.31,14.152644230769232,3.0949519230769265,top-5000 GMV,$20-50
687372,Toxic Deluge,Commander: Secrets of Strixhaven,5.08,6.49,4.26,27.755905511811022,-16.14173228346457,top-5000 GMV,$5-10
525597,Spitting Dilophosaurus (Borderless),Universes Beyond: Jurassic World Collection,29.74,32.99,27.25,10.928043039677217,-8.372562205783451,top-5000 GMV,$20-50
276504,Green Sun's Zenith,Double Masters 2022,30.27,32.99,27.55,8.985794516022473,-8.98579451602246,top-5000 GMV,$20-50
642437,Consult the Star Charts,Edge of Eternities,2.41,5.49,2.29,127.80082987551866,-4.979253112033199,top-5000 GMV,$2-5
544208,Slickshot Show-Off,Outlaws of Thunder Junction,5.81,9.49,4.37,63.33907056798624,-24.784853700516344,top-5000 GMV,$5-10
6275,Yavimaya Hollow,Urza's Destiny,77.27,84.99,46.07,9.99094085673612,-40.37789569043613,top-5000 GMV,$50-100
534080,Archdruid's Charm,Murders at Karlov Manor,6.72,9.49,6.25,41.2202380952381,-6.994047619047615,top-5000 GMV,$5-10
623012,"Celes, Rune Knight (Borderless)",Commander: FINAL FANTASY,31.87,42.99,31.33,34.89174772513336,-1.694383432695333,top-5000 GMV,$20-50
498459,"Fangorn Forest - Yavimaya, Cradle of Growth (Borderless)",Commander: The Lord of the Rings: Tales of Middle-earth,52.07,69.99,49.99,34.415210293835216,-3.9946226233915847,top-5000 GMV,$50-100
239196,Tiamat (Borderless),Adventures in the Forgotten Realms,37.83,44.99,34.37,18.9267776896643,-9.146180280200902,top-5000 GMV,$20-50
82901,Treasonous Ogre,Conspiracy,19.54,29.99,20.33,53.48004094165814,4.042988741044009,top-5000 GMV,$10-20
609688,"Avacyn, Angel of Hope (Showcase)",Innistrad Remastered,41.17,47.99,38.03,16.565460286616467,-7.626912800582949,top-5000 GMV,$20-50
457178,Vampiric Tutor,Dominaria Remastered,58.03,57.99,56.22,-0.0689298638635174,-3.119076339824233,top-5000 GMV,$50-100
668475,World War Hulk,Marvel Super Heroes,0.96,2.49,0.76,159.37500000000003,-20.83333333333333,top-5000 GMV,$0-1
206642,Underworld Breach,Theros Beyond Death,10.45,11.99,8.63,14.736842105263168,-17.41626794258372,top-5000 GMV,$10-20
619704,Mox Jasper (Showcase),Tarkir: Dragonstorm,19.44,20.99,16.67,7.973251028806569,-14.248971193415636,top-5000 GMV,$10-20
39543,Mental Misstep,New Phyrexia,8.66,9.99,6.3500000000000005,15.35796766743649,-26.6743648960739,top-5000 GMV,$5-10
589424,Bloodthirsty Conqueror (Borderless),Foundations,42.72,47.99,41.26,12.336142322097386,-3.417602996254684,top-5000 GMV,$20-50
630980,"Sephiroth, Fabled SOLDIER (Extended Art)",FINAL FANTASY,46.01,49.99,41.68,8.650293414475122,-9.410997609215386,top-5000 GMV,$20-50
10206,Mental Note,Judgment,8.3,10.99,4.68,32.409638554216855,-43.61445783132531,top-5000 GMV,$5-10
10829,Decree of Silence,Scourge,35.08,32.99,22.92,-5.9578107183580284,-34.663625997719485,top-5000 GMV,$20-50
4332,Hatred,Exodus,63.27,54.99,53.54,-13.086770981507826,-15.378536431168015,top-5000 GMV,$50-100
558444,"Chatterfang, Squirrel General (Borderless)",Commander: Bloomburrow,45.5,47.99,47.11,5.472527472527477,3.538461538461537,top-5000 GMV,$20-50
499750,Swan Song,Commander: The Lord of the Rings: Tales of Middle-earth,8.75,13.99,9.15,59.885714285714286,4.571428571428576,top-5000 GMV,$5-10
696413,Counterspell (Borderless) (0052),Marvel Universe Eternal-Legal,10.62,11.99,10.31,12.900188323917147,-2.9190207156308734,top-5000 GMV,$10-20
532880,Commercial District,Murders at Karlov Manor,7.89,10.99,7.18,39.29024081115337,-8.99873257287706,top-5000 GMV,$5-10
142012,Revel in Riches,Ixalan,16.16,24.99,16.830000000000002,54.64108910891088,4.146039603960407,top-5000 GMV,$10-20
518167,Spiteful Banditry (Borderless Poster),Universes Beyond: The Lord of the Rings: Tales of Middle-earth,90.73,109.99,114.62,21.22781880304198,26.330871817480432,top-5000 GMV,$50-100
630780,"Yuna, Grand Summoner",Commander: FINAL FANTASY,3.07,8.49,1.91,176.5472312703583,-37.78501628664496,top-5000 GMV,$2-5
696477,Captain America's Shield,Marvel Super Heroes,1.34,2.29,0.81,70.89552238805969,-39.55223880597015,top-5000 GMV,$1-2
679234,Underworld Breach (Borderless),Teenage Mutant Ninja Turtles Source Material,7.58,10.99,7.77,44.9868073878628,2.506596306068595,top-5000 GMV,$5-10
643701,Knuckles the Echidna,Secret Lair Drop Series,18.91,21.99,17.03,16.28767847699629,-9.941829719725009,top-5000 GMV,$10-20
262420,"Takenuma, Abandoned Mire",Kamigawa: Neon Dynasty,12.53,16.99,9.37,35.59457302474062,-25.219473264166005,top-5000 GMV,$10-20
207021,Nyxbloom Ancient,Theros Beyond Death,28.57,32.99,27.5,15.47077353867694,-3.745187259362969,top-5000 GMV,$20-50
504585,Flawless Maneuver (Borderless),Commander Masters,26.39,32.99,28.13,25.00947328533536,6.593406593406588,top-5000 GMV,$20-50
265348,Spara's Headquarters,Streets of New Capenna,13.28,16.99,13.02,27.9367469879518,-1.9578313253012032,top-5000 GMV,$10-20
668462,Doctor Doom,Marvel Super Heroes,3.59,6.49,2.08,80.7799442896936,-42.06128133704736,top-5000 GMV,$2-5
504546,"Purphoros, God of the Forge",Commander Masters,30.72,32.99,29.13,7.389322916666677,-5.17578125,top-5000 GMV,$20-50
480503,Teysa Karlov,Secret Lair Drop Series,73.72,84.99,70.74,15.287574606619636,-4.042322300596858,top-5000 GMV,$50-100
630862,The Darkness Crystal,FINAL FANTASY,4.65,5.99,4.0600000000000005,28.81720430107526,-12.688172043010749,top-5000 GMV,$2-5
272926,Descent into Avernus,Commander Legends: Battle for Baldur's Gate,12.95,19.99,11.19,54.362934362934354,-13.590733590733588,top-5000 GMV,$10-20
559964,"Chatterfang, Squirrel General",Commander: Bloomburrow,11.39,15.99,10.36,40.38630377524143,-9.043020193151898,top-5000 GMV,$10-20
689366,Veil of Summer,Secrets of Strixhaven: Mystical Archive,3.87,6.49,2.99,67.70025839793283,-22.739018087855296,top-5000 GMV,$2-5
230206,Tibalt's Trickery,Kaldheim,9.85,17.99,10.42,82.63959390862942,5.786802030456856,top-5000 GMV,$5-10
215369,"Rin and Seri, Inseparable",Buy-A-Box Promos,32.94,44.99,31.21,36.58166363084398,-5.251973284760161,top-5000 GMV,$20-50
488290,Sol Ring - Elven (0408),Commander: The Lord of the Rings: Tales of Middle-earth,1657.63,2599.99,2273.69,56.849839831566726,37.16510922220278,top-5000 GMV,$200+
233991,Reiterate,Time Spiral: Remastered,19.27,22.99,18.23,19.30461857810067,-5.396990140114163,top-5000 GMV,$10-20
33252,Arid Mesa,Zendikar,37.81,47.99,25.02,26.92409415498545,-33.82702988627348,top-5000 GMV,$20-50
457251,Enlightened Tutor (Retro Frame),Dominaria Remastered,32.71,37.99,34.78,16.14185264445124,6.328339957199634,top-5000 GMV,$20-50
697079,Iron Man Armor (Extended Art),Marvel Super Heroes,8.34,12.99,7.43,55.75539568345325,-10.91127098321343,top-5000 GMV,$5-10
503565,Deadly Rollick,Commander Masters,26.05,29.99,26.1,15.124760076775424,0.1919385796545132,top-5000 GMV,$20-50
221359,Training Center,Commander Legends,17.81,23.99,17.87,34.699606962380685,0.3368893879842913,top-5000 GMV,$10-20
632688,Shantotto's Coercion - Diabolic Intent (Showcase),FINAL FANTASY: Through the Ages,14.52,20.99,15.06,44.55922865013773,3.719008264462816,top-5000 GMV,$10-20
517259,Nazgul Battle-Mace (Borderless),Commander: The Lord of the Rings: Tales of Middle-earth,22.33,23.99,20.84,7.4339453649798495,-6.672637707120459,top-5000 GMV,$20-50
265349,Raffine's Tower,Streets of New Capenna,13.05,16.99,11.46,30.19157088122603,-12.18390804597701,top-5000 GMV,$10-20
239184,Misty Rainforest (Retro Frame),Modern Horizons 2,44.98,57.99,45.01,28.923966207203215,0.0666963094708784,top-5000 GMV,$20-50
235972,"Blex, Vexing Pest",Strixhaven: School of Mages,12.19,13.99,10.83,14.766201804758005,-11.156685808039372,top-5000 GMV,$10-20
596295,Edgar Markov (Showcase),Innistrad Remastered,35.04,42.99,30.94,22.68835616438357,-11.700913242009127,top-5000 GMV,$20-50
553312,Branching Evolution,Modern Horizons 3,6.79,9.99,5.72,47.12812960235641,-15.758468335787928,top-5000 GMV,$5-10
688884,Crackle with Power,Secrets of Strixhaven: Mystical Archive,7.7,9.49,6.76,23.246753246753247,-12.207792207792211,top-5000 GMV,$5-10
1537,Red Elemental Blast,Revised Edition,3.81,5.49,3.02,44.09448818897639,-20.73490813648294,top-5000 GMV,$2-5
544258,Prismatic Vista (Borderless),Special Guests,43.16,57.99,39.1,34.36051899907323,-9.406858202038917,top-5000 GMV,$20-50
512692,Omniscience (Anime Borderless),Wilds of Eldraine: Enchanting Tales,35.38,42.99,33.34,21.50932730356133,-5.765969474279252,top-5000 GMV,$20-50
587185,Fierce Guardianship,Secret Lair Drop Series,65.35,84.99,72.91,30.053557765876054,11.568477429227242,top-5000 GMV,$50-100
190877,The First Sliver,Modern Horizons,36.52,32.99,28.13,-9.665936473165392,-22.97371303395401,top-5000 GMV,$20-50
52206,Snapcaster Mage,Innistrad,14.85,18.99,11.92,27.87878787878787,-19.73063973063973,top-5000 GMV,$10-20
646034,"Lyla, Holographic Assistant",Marvel's Spider-Man: Eternal-Legal,6.05,16.99,6.09,180.8264462809917,0.661157024793389,top-5000 GMV,$5-10
230983,Wolverine Riders,Commander: Kaldheim,12.08,18.99,13.91,57.20198675496688,15.149006622516556,top-5000 GMV,$10-20
203644,Demonic Tutor (DVD),The List Reprints,59.29,74.99,65.64,26.4800134930005,10.710069151627597,top-5000 GMV,$50-100
548602,"Phelia, Exuberant Shepherd",Modern Horizons 3,5.47,8.49,3.94,55.21023765996345,-27.9707495429616,top-5000 GMV,$5-10
221351,Vault of Champions,Commander Legends,14.23,19.99,15.63,40.47786366830638,9.838369641602252,top-5000 GMV,$10-20
524220,Growing Rites of Itlimoc,The Lost Caverns of Ixalan,8.43,13.99,8.61,65.95492289442468,2.1352313167259758,top-5000 GMV,$5-10
624276,Mistrise Village (Borderless),Tarkir: Dragonstorm,10.75,17.99,8.85,67.34883720930232,-17.674418604651166,top-5000 GMV,$10-20
677494,"Miirym, Sentinel Wyrm",Secret Lair Drop Series,34.33,24.99,33.33,-27.20652490533061,-2.912904165452957,top-5000 GMV,$20-50
688984,Emeritus of Truce,Secrets of Strixhaven,1.27,0.99,0.61,-22.047244094488192,-51.96850393700787,top-5000 GMV,$1-2
67378,Crypt Ghast,Gatecrash,13.14,19.99,8.33,52.13089802130896,-36.60578386605784,top-5000 GMV,$10-20
530995,"Savra, Queen of the Golgari (Anime Borderless)",Ravnica Remastered,20.13,20.99,20.48,4.272230501738696,1.7386984600099429,top-5000 GMV,$20-50
512366,Bitterblossom,Wilds of Eldraine: Enchanting Tales,33.43,39.99,31.26,19.62309303021239,-6.491175590786713,top-5000 GMV,$20-50
541297,Bloodstained Mire (Retro Frame),Modern Horizons 3,22.99,29.99,21.5,30.44802087864289,-6.481078729882552,top-5000 GMV,$20-50
519493,Danny Pink,Universes Beyond: Doctor Who,16.75,20.99,13.53,25.313432835820887,-19.22388059701493,top-5000 GMV,$10-20
660519,Mystic Remora (Borderless),Avatar: The Last Airbender: Eternal-Legal,17.99,24.99,15.63,38.91050583657588,-13.118399110616998,top-5000 GMV,$10-20
14830,"Urborg, Tomb of Yawgmoth",Planar Chaos,59.54,84.99,56.52,42.74437353039973,-5.072220356063144,top-5000 GMV,$50-100
276483,Thrumming Stone,Double Masters 2022,21.81,22.99,22.52,5.41036221916552,3.2553874369555293,top-5000 GMV,$20-50
559747,Sylvan Tutor (Borderless),Special Guests,45.43,54.99,44.75,21.04336341624478,-1.4968082764692927,top-5000 GMV,$20-50
614424,Sunbillow Verge,Aetherdrift,8.82,13.99,8.23,58.61678004535147,-6.689342403628117,top-5000 GMV,$5-10
218702,Force of Will (Borderless),Double Masters,222.06,229.99,225.07,3.5711069080428746,1.3554895073403543,top-5000 GMV,$200+
677496,Cast-Off Consort - Bloodletter of Aclazotz,Secret Lair Drop Series,39.96,42.99,35.09,7.582582582582585,-12.18718718718718,top-5000 GMV,$20-50
552282,Jet Medallion (Borderless),Modern Horizons 3,20.07,24.99,17.71,24.514200298953654,-11.75884404583956,top-5000 GMV,$20-50
276717,Mana Drain (Borderless),Double Masters 2022,67.89,89.99,69.41,32.55265871262335,2.238915893356895,top-5000 GMV,$50-100
563186,Displacer Kitten (White Border),Mystery Booster 2,26.21,37.99,26.76,44.94467760396795,2.098435711560476,top-5000 GMV,$20-50
696390,Hit-Monkey,Commander: Marvel Super Heroes,4.75,6.49,3.86,36.631578947368425,-18.73684210526316,top-5000 GMV,$2-5
267071,Ancient Brass Dragon (Borderless),Commander Legends: Battle for Baldur's Gate,66.3,79.99,66.51,20.648567119155352,0.3167420814479758,top-5000 GMV,$50-100
512538,Grave Pact,Wilds of Eldraine: Enchanting Tales,34.54,32.99,30.21,-4.487550665894607,-12.536189924724953,top-5000 GMV,$20-50
662039,"Myrel, Shield of Argive",Secret Lair Countdown Kit,18.98,18.99,18.98,0.0526870389883983,0.0,top-5000 GMV,$10-20
631183,Farewell,Commander: FINAL FANTASY,5.34,7.49,4.98,40.2621722846442,-6.741573033707855,top-5000 GMV,$5-10
265350,Xander's Lounge,Streets of New Capenna,13.06,19.99,12.49,53.06278713629401,-4.364471669218991,top-5000 GMV,$10-20
69922,Darksteel Forge,Magic 2014 (M14),39.49,64.99,33.95,64.57330969865787,-14.02886806786528,top-5000 GMV,$20-50
504303,Smothering Tithe (Borderless),Commander Masters,71.88,79.99,69.0,11.282693377851976,-4.006677796327206,top-5000 GMV,$50-100
615216,Panharmonicon,Commander: Aetherdrift,6.99,9.99,5.55,42.91845493562232,-20.60085836909872,top-5000 GMV,$5-10
656668,Formidable Speaker (Extended Art),Lorwyn Eclipsed,9.85,12.99,8.33,31.87817258883249,-15.43147208121827,top-5000 GMV,$5-10
104285,"Ulamog, the Ceaseless Hunger",Battle for Zendikar,19.05,27.99,19.23,46.9291338582677,0.944881889763778,top-5000 GMV,$10-20
509529,Doubling Season,Wilds of Eldraine: Enchanting Tales,40.74,44.99,36.99,10.432007854688266,-9.204712812960237,top-5000 GMV,$20-50
699679,The Fantasticar (Extended Art),Commander: Marvel Super Heroes,21.17,32.99,20.58,55.83372697213037,-2.786962683042056,top-5000 GMV,$20-50
631215,Sword of the Animist,Commander: FINAL FANTASY,5.48,6.49,5.19,18.43065693430656,-5.291970802919709,top-5000 GMV,$5-10
6027,Firestorm,Weatherlight,53.04,54.99,35.99,3.6764705882353,-32.14555052790347,top-5000 GMV,$50-100
212150,Flawless Maneuver,Commander 2020,20.69,32.99,20.84,59.44900918318028,0.7249879168680453,top-5000 GMV,$20-50
552272,Six,Modern Horizons 3,5.43,7.99,4.16,47.145488029465945,-23.388581952117857,top-5000 GMV,$5-10
686664,Dualcaster Mage (Borderless),Special Guests,6.71,8.49,6.18,26.527570789865877,-7.898658718330854,top-5000 GMV,$5-10
524231,"Ojer Taq, Deepest Foundation (Showcase)",The Lost Caverns of Ixalan,31.46,39.99,32.33,27.11379529561348,2.76541640178003,top-5000 GMV,$20-50
272931,"Jaheira, Friend of the Forest",Commander Legends: Battle for Baldur's Gate,12.31,13.99,8.33,13.647441104792849,-32.331437855402115,top-5000 GMV,$10-20
286039,Magnus the Red,"Universes Beyond: Warhammer 40,000",15.15,22.99,15.31,51.749174917491736,1.056105610561057,top-5000 GMV,$10-20
498328,Generous Ent,Universes Beyond: The Lord of the Rings: Tales of Middle-earth,2.93,3.99,2.57,36.177474402730375,-12.286689419795232,top-5000 GMV,$2-5
230470,"Tergrid, God of Fright (Showcase)",Kaldheim,16.8,22.99,18.61,36.84523809523808,10.773809523809517,top-5000 GMV,$10-20
544936,Grand Abolisher,Outlaws of Thunder Junction: The Big Score,19.54,21.99,13.54,12.53838280450358,-30.70624360286592,top-5000 GMV,$10-20
688661,Emeritus of Conflict,Secrets of Strixhaven,1.4,0.99,0.78,-29.28571428571428,-44.28571428571428,top-5000 GMV,$1-2
33470,Verdant Catacombs,Zendikar,31.71,44.99,30.4,41.87953327026175,-4.131188899400827,top-5000 GMV,$20-50
6223,Powder Keg,Urza's Destiny,75.32,64.99,50.83,-13.71481678173128,-32.514604354753054,top-5000 GMV,$50-100
687611,Lightning Greaves,Commander: Secrets of Strixhaven,4.48,5.99,3.87,33.70535714285713,-13.616071428571436,top-5000 GMV,$2-5
660703,"Toph, Greatest Earthbender (Borderless)",Avatar: The Last Airbender: Eternal-Legal,19.76,27.99,17.72,41.64979757085018,-10.323886639676124,top-5000 GMV,$10-20
3306,Power Artifact,Antiquities,185.2,229.99,125.02,24.18466522678187,-32.494600431965445,top-5000 GMV,$100-200
238615,Scalding Tarn (Extended Art),Modern Horizons 2,40.62,47.99,40.09,18.143771541112766,-1.304775972427361,top-5000 GMV,$20-50
215550,Heroic Intervention,Core Set 2021,16.16,18.99,13.88,17.51237623762375,-14.108910891089105,top-5000 GMV,$10-20
6321,Goblin Welder,Urza's Legacy,38.68,44.99,30.21,16.313340227507762,-21.897621509824194,top-5000 GMV,$20-50
544417,Three Steps Ahead,Outlaws of Thunder Junction,5.0,8.49,4.94,69.80000000000001,-1.1999999999999922,top-5000 GMV,$5-10
541265,Sword of Wealth and Power,Outlaws of Thunder Junction: The Big Score,18.75,24.99,18.75,33.279999999999994,0.0,top-5000 GMV,$10-20
206667,Idyllic Tutor,Theros Beyond Death,13.03,14.99,10.78,15.0422102839601,-17.267843438219494,top-5000 GMV,$10-20
576512,Blazemire Verge,Duskmourn: House of Horror,8.85,13.99,8.24,58.07909604519775,-6.892655367231633,top-5000 GMV,$5-10
689476,"Moseo, Vein's New Dean",Secrets of Strixhaven,0.83,0.49,0.25,-40.963855421686745,-69.87951807228916,top-5000 GMV,$0-1
218860,Stoneforge Mystic,Double Masters,31.34,39.99,32.230000000000004,27.600510529674544,2.8398213146139253,top-5000 GMV,$20-50
286337,Cryptothrall,"Universes Beyond: Warhammer 40,000",34.86,37.99,29.39,8.978772231784287,-15.691336775674122,top-5000 GMV,$20-50
696266,"Captain America, Super-Soldier (Borderless) (0352)",Marvel Super Heroes,16.5,19.99,16.14,21.15151515151514,-2.1818181818181785,top-5000 GMV,$10-20
668456,"Captain America, Super-Soldier",Marvel Super Heroes,3.83,6.99,2.65,82.50652741514361,-30.809399477806792,top-5000 GMV,$2-5
504586,Doubling Season,Commander Masters,35.3,42.99,31.22,21.784702549575087,-11.558073654390933,top-5000 GMV,$20-50
498454,Last March of the Ents (Borderless),Universes Beyond: The Lord of the Rings: Tales of Middle-earth,32.7,39.99,32.160000000000004,22.29357798165137,-1.651376146788988,top-5000 GMV,$20-50
283016,"Shizo, Death's Storehouse",Commander: Dominaria United,35.24,42.99,35.18,21.99205448354143,-0.1702610669693594,top-5000 GMV,$20-50
559718,Agate Instigator,Commander: Bloomburrow,8.83,8.99,8.32,1.8120045300113263,-5.7757644394110965,top-5000 GMV,$5-10
687475,Harmonic Prodigy,Commander: Secrets of Strixhaven,3.39,5.49,3.11,61.94690265486725,-8.259587020648974,top-5000 GMV,$2-5
552887,Ocelot Pride (Retro Frame),Modern Horizons 3,52.93,64.99,52.47,22.78481012658227,-0.8690723597203871,top-5000 GMV,$50-100
662459,Deadly Rollick (Showcase),Avatar: The Last Airbender: Eternal-Legal,33.84,34.99,33.2,3.3983451536642977,-1.891252955082744,top-5000 GMV,$20-50
98497,Eye of Ugin,Modern Masters 2015,63.51,64.99,44.58,2.330341678475826,-29.8063297118564,top-5000 GMV,$50-100
105007,Void Winnower,Battle for Zendikar,17.66,20.99,15.89,18.856172140430346,-10.02265005662514,top-5000 GMV,$10-20
625925,"Deadpool, Trading Card (1753)",Secret Lair Drop Series,18.65,17.99,17.59,-3.5388739946380707,-5.683646112600529,top-5000 GMV,$10-20
590835,High Fae Trickster,Foundations,4.18,8.49,4.16,103.11004784688996,-0.4784688995215209,top-5000 GMV,$2-5
679633,Spire Garden,Commander: Teenage Mutant Ninja Turtles,6.41,8.49,4.86,32.44929797191888,-24.180967238689544,top-5000 GMV,$5-10
14996,Sprout Swarm,Future Sight,5.6,2.99,3.8,-46.60714285714285,-32.14285714285714,top-5000 GMV,$5-10
553662,Barrowgoyf,Commander: Modern Horizons 3,13.99,19.99,13.44,42.88777698355968,-3.9313795568263097,top-5000 GMV,$10-20
631511,Pitiless Plunderer,Commander: FINAL FANTASY,4.88,5.49,3.33,12.500000000000004,-31.762295081967213,top-5000 GMV,$2-5
552633,"Phlage, Titan of Fire's Fury",Modern Horizons 3,3.56,6.99,3.0700000000000003,96.34831460674158,-13.764044943820217,top-5000 GMV,$2-5
212692,Zagoth Triome (Showcase),Ikoria: Lair of Behemoths,23.91,29.99,18.55,25.428690924299445,-22.41739857800083,top-5000 GMV,$20-50
668492,Horn of Greed (Borderless),Marvel Universe Eternal-Legal,8.32,9.49,7.81,14.0625,-6.1298076923077005,top-5000 GMV,$5-10
631240,Skullclamp,Commander: FINAL FANTASY,6.69,8.99,5.21,34.3796711509716,-22.122571001494773,top-5000 GMV,$5-10
553299,Pinnacle Monk,Modern Horizons 3,1.7,3.49,1.68,105.29411764705884,-1.176470588235295,top-5000 GMV,$1-2
662431,Worldly Tutor (Showcase),Avatar: The Last Airbender: Eternal-Legal,33.13,39.99,31.17,20.706308481738603,-5.916088137639604,top-5000 GMV,$20-50
686693,Inkshield,Commander: Secrets of Strixhaven,5.1,8.49,4.16,66.47058823529413,-18.4313725490196,top-5000 GMV,$5-10
697393,"Sauron, Dino Devotee",Commander: Marvel Super Heroes,12.58,20.99,12.7,66.85214626391097,0.9538950715421244,top-5000 GMV,$10-20
257681,Swamp (298) - JP Full Art,Kamigawa: Neon Dynasty,5.26,6.49,4.48,23.38403041825096,-14.82889733840303,top-5000 GMV,$5-10
33372,Misty Rainforest,Zendikar,38.18,47.99,35.7,25.694080670508125,-6.495547407019374,top-5000 GMV,$20-50
490547,City on Fire,March of the Machine,12.66,14.99,10.96,18.404423380726698,-13.428120063191148,top-5000 GMV,$10-20
539474,Heroic Intervention,Universes Beyond: Fallout,15.89,17.99,13.56,13.21585903083699,-14.663310258023914,top-5000 GMV,$10-20
696439,Dark Fortress (Borderless),Marvel Super Heroes,3.56,4.49,3.38,26.12359550561798,-5.056179775280904,top-5000 GMV,$2-5
272599,Battle Angels of Tyr,Commander Legends: Battle for Baldur's Gate,28.7,37.99,27.6,32.369337979094084,-3.832752613240411,top-5000 GMV,$20-50
631022,"Lightning, Army of One (0400) (Borderless)",FINAL FANTASY,23.94,29.99,20.82,25.27151211361736,-13.03258145363409,top-5000 GMV,$20-50
7306,Foil,Prophecy,14.47,16.99,10.39,17.415342087076695,-28.19626814098134,top-5000 GMV,$10-20
576520,Hushwood Verge,Duskmourn: House of Horror,7.92,10.99,7.29,38.76262626262626,-7.954545454545453,top-5000 GMV,$5-10
671781,Moonshadow (0313) (Showcase),Lorwyn Eclipsed,11.34,19.99,10.81,76.27865961199294,-4.673721340388001,top-5000 GMV,$10-20
686571,Deathcap Glade,Secrets of Strixhaven,2.31,2.99,1.76,29.437229437229444,-23.80952380952381,top-5000 GMV,$2-5
649382,Bender's Waterskin,Avatar: The Last Airbender,0.81,1.79,0.75,120.98765432098764,-7.407407407407414,top-5000 GMV,$0-1
591654,Akroma's Memorial (Showcase),Special Guests,31.61,42.99,36.2,36.00126542233471,14.520721290730792,top-5000 GMV,$20-50
558447,Three Tree City (Borderless) (0339),Bloomburrow,56.41,69.99,48.97,24.07374578975359,-13.189150859776632,top-5000 GMV,$50-100
212221,Deadly Rollick,Commander 2020,26.08,29.99,26.81,14.99233128834356,2.799079754601229,top-5000 GMV,$20-50
552363,"Ulamog, the Defiler (Borderless)",Modern Horizons 3,44.64,57.99,44.19,29.905913978494624,-1.0080645161290387,top-5000 GMV,$20-50
212698,Ketria Triome (Showcase),Ikoria: Lair of Behemoths,18.24,21.99,16.67,20.55921052631579,-8.607456140350859,top-5000 GMV,$10-20
517533,Mana Crypt (Borderless),Special Guests,51.89,69.99,39.59,34.88148005396029,-23.70398920793987,top-5000 GMV,$50-100
273299,Ancient Gold Dragon,Commander Legends: Battle for Baldur's Gate,37.13,39.99,32.46,7.702666307568003,-12.577430649070836,top-5000 GMV,$20-50
284529,"Sheoldred, the Apocalypse",Promo Pack: Dominaria United,96.34,119.99,100.24,24.548474154037773,4.048162756902627,top-5000 GMV,$50-100
552727,Shifting Woodland,Modern Horizons 3,6.27,7.99,4.41,27.43221690590113,-29.66507177033492,top-5000 GMV,$5-10
3378,Concordant Crossroads,Chronicles,30.17,44.99,25.0,49.12164401723566,-17.136228041100434,top-5000 GMV,$20-50
218388,Exploration (Borderless),Double Masters,73.14,94.99,72.38,29.87421383647798,-1.0391030899644589,top-5000 GMV,$50-100
668489,Heroic Intervention (0078) (Borderless),Marvel Universe Eternal-Legal,9.96,14.99,10.67,50.5020080321285,7.12851405622489,top-5000 GMV,$5-10
518679,Diabolic Intent (Borderless),Commander: The Lord of the Rings: Tales of Middle-earth,93.25,119.99,96.86,28.67560321715817,3.871313672922251,top-5000 GMV,$50-100
484539,Faerie Mastermind,March of the Machine,11.69,14.99,10.42,28.229255774165964,-10.863986313088104,top-5000 GMV,$10-20
660604,"Ozai, the Phoenix King (0311) (Borderless)",Avatar: The Last Airbender,26.97,32.99,23.96,22.32109751575826,-11.160548757879118,top-5000 GMV,$20-50
696443,Training Compound (Borderless),Marvel Super Heroes,3.08,4.99,2.29,62.01298701298702,-25.649350649350648,top-5000 GMV,$2-5
552925,Akroma's Will,Commander: Modern Horizons 3,15.0,16.99,14.57,13.266666666666657,-2.866666666666665,top-5000 GMV,$10-20
7428,Aura Shards,Invasion,33.99,27.99,20.62,-17.65225066195941,-39.33509855839953,top-5000 GMV,$20-50
504487,Bloodchief Ascension (Borderless),Commander Masters,29.71,34.99,25.52,17.771794008751264,-14.102995624368903,top-5000 GMV,$20-50
212697,Ketria Triome,Ikoria: Lair of Behemoths,17.46,22.99,16.38,31.672394043528048,-6.185567010309288,top-5000 GMV,$10-20
491205,Urabrask,March of the Machine,18.05,29.99,18.23,66.14958448753461,0.9972299168975052,top-5000 GMV,$10-20
517458,Pact of Negation (Borderless),Commander: The Lord of the Rings: Tales of Middle-earth,88.54,99.99,78.13,12.932008131917764,-11.757397786311282,top-5000 GMV,$50-100
696253,No Mercy (Borderless),Marvel Universe Eternal-Legal,9.3,11.99,9.36,28.924731182795693,0.6451612903225669,top-5000 GMV,$5-10
457181,Vampiric Tutor (Borderless),Dominaria Remastered,57.28,57.99,56.24,1.239525139664806,-1.815642458100557,top-5000 GMV,$50-100
697578,"Galactus, Devourer of Worlds",Commander: Marvel Super Heroes,6.05,8.99,5.5600000000000005,48.59504132231406,-8.099173553718996,top-5000 GMV,$5-10
600475,The Meathook Massacre (Showcase),Innistrad Remastered,37.44,44.99,36.45,20.165598290598304,-2.644230769230756,top-5000 GMV,$20-50
499967,Mithril Coat (Extended Art),Universes Beyond: The Lord of the Rings: Tales of Middle-earth,33.01,44.99,30.21,36.29203271735839,-8.48227809754619,top-5000 GMV,$20-50
535640,Trouble in Pairs,Commander: Murders at Karlov Manor,25.8,29.99,21.63,16.24031007751937,-16.162790697674424,top-5000 GMV,$20-50
544336,High Noon,Outlaws of Thunder Junction,5.6,8.99,4.73,60.53571428571431,-15.535714285714272,top-5000 GMV,$5-10
661938,Avatar's Wrath,Avatar: The Last Airbender,4.43,5.99,3.11,35.21444695259595,-29.79683972911964,top-5000 GMV,$2-5
688818,Echocasting Symposium (Borderless),Secrets of Strixhaven,4.54,6.49,4.4,42.95154185022027,-3.0837004405286272,top-5000 GMV,$2-5
3168,Bazaar of Baghdad,Arabian Nights,1925.24,2899.99,2115.24,50.63005131827719,9.86889946188526,top-5000 GMV,$200+
559991,Bloodroot Apothecary,Commander: Bloomburrow,4.99,5.49,3.42,10.02004008016032,-31.46292585170341,top-5000 GMV,$2-5
632202,"Lightning, Lone Commando - Isshin, Two Heavens as One (Showcase)",FINAL FANTASY: Through the Ages,9.7,9.99,9.89,2.9896907216494943,1.9587628865979516,top-5000 GMV,$5-10
559478,Patchwork Banner,Bloomburrow,3.49,4.49,1.87,28.653295128939828,-46.41833810888252,top-5000 GMV,$2-5
504564,Bloodchief Ascension,Commander Masters,20.41,23.99,17.71,17.540421362077403,-13.228809407153353,top-5000 GMV,$20-50
501908,Goblin Lackey (1311),Secret Lair Drop Series,69.77,57.99,56.5,-16.88404758492188,-19.01963594668195,top-5000 GMV,$50-100
222006,Cavern of Souls,Zendikar Rising Expeditions,57.94,64.99,60.02,12.167759751467033,3.589920607525035,top-5000 GMV,$50-100
206757,"Thassa, Deep-Dwelling",Theros Beyond Death,27.05,39.99,28.43,47.8373382624769,5.101663585951937,top-5000 GMV,$20-50
541298,Wooded Foothills (Borderless),Modern Horizons 3,27.41,29.99,28.39,9.41262313024443,3.575337468077345,top-5000 GMV,$20-50
696445,Gleaming Bastion (Borderless),Marvel Super Heroes,3.33,4.99,3.28,49.84984984984985,-1.5015015015015094,top-5000 GMV,$2-5
671030,Bitterblossom (Borderless),Special Guests,32.78,37.99,31.92,15.893837705918246,-2.623550945698595,top-5000 GMV,$20-50
687597,Fellwar Stone,Commander: Secrets of Strixhaven,0.9,1.79,0.72,98.88888888888889,-20.000000000000004,top-5000 GMV,$0-1
490335,Invasion of Ikoria,March of the Machine,12.19,16.99,11.42,39.376538146021325,-6.316652994257585,top-5000 GMV,$10-20
552466,Disciple of Freyalise,Modern Horizons 3,2.57,4.49,1.64,74.7081712062257,-36.18677042801556,top-5000 GMV,$2-5
187181,Kaya's Ghostform,War of the Spark,1.94,3.99,1.37,105.67010309278352,-29.381443298969064,top-5000 GMV,$1-2
212694,Savai Triome (Showcase),Ikoria: Lair of Behemoths,18.3,27.99,18.75,52.95081967213113,2.459016393442619,top-5000 GMV,$10-20
216173,Allosaurus Shepherd,Jumpstart,49.42,54.99,49.55,11.270740590853906,0.2630513961958629,top-5000 GMV,$20-50
630928,Y'shtola Rhul (Borderless),FINAL FANTASY,24.24,34.99,23.8,44.34818481848187,-1.8151815181518056,top-5000 GMV,$20-50
548583,Sylvan Safekeeper,Modern Horizons 3,6.44,7.99,4.13,24.068322981366457,-35.86956521739131,top-5000 GMV,$5-10
267056,Bountiful Promenade,Commander Legends: Battle for Baldur's Gate,11.85,19.99,10.05,68.69198312236287,-15.189873417721511,top-5000 GMV,$10-20
646684,Multiversal Passage (Borderless),Marvel's Spider-Man,6.92,11.99,5.21,73.26589595375724,-24.710982658959537,top-5000 GMV,$5-10
226634,"Kediss, Emberclaw Familiar",Commander Legends,4.8,9.49,4.99,97.70833333333334,3.9583333333333415,top-5000 GMV,$2-5
484548,Breach the Multiverse,March of the Machine,10.68,17.99,10.36,68.44569288389512,-2.996254681647943,top-5000 GMV,$10-20
239769,Imperial Recruiter,Modern Horizons 2,14.38,16.99,13.34,18.150208623087604,-7.232267037552162,top-5000 GMV,$10-20
660615,Avatar Aang (Borderless),Avatar: The Last Airbender,15.77,17.99,13.27,14.077362079898531,-15.852885225110972,top-5000 GMV,$10-20
506621,Rise of the Eldrazi,Commander Masters,26.42,32.99,27.5,24.867524602573805,4.087812263436784,top-5000 GMV,$20-50
6264,Treachery,Urza's Destiny,43.78,54.99,29.18,25.60529922338968,-33.34856098675195,top-5000 GMV,$20-50
5531,"Eladamri, Lord of Leaves",Tempest,74.08,74.99,43.53,1.2284017278617665,-41.23920086393088,top-5000 GMV,$50-100
591197,Sire of Seven Deaths (Borderless),Foundations,33.11,49.99,32.29,50.98157656297192,-2.476593174267593,top-5000 GMV,$20-50
454994,Rhystic Study,Jumpstart 2022,69.91,79.99,67.37,14.418538120440566,-3.6332427406665606,top-5000 GMV,$50-100
633132,The Fire Crystal (Borderless),FINAL FANTASY,12.18,14.99,10.4,23.07060755336618,-14.61412151067323,top-5000 GMV,$10-20
541342,Sword of Feast and Famine (Borderless),Universes Beyond: Assassin's Creed,45.32,64.99,42.51,43.40247131509266,-6.200353045013244,top-5000 GMV,$20-50
688886,Crop Rotation,Secrets of Strixhaven: Mystical Archive,3.57,4.49,3.12,25.770308123249315,-12.605042016806715,top-5000 GMV,$2-5
671173,Endurance,Commander: Lorwyn Eclipsed,3.88,6.99,3.59,80.15463917525774,-7.474226804123712,top-5000 GMV,$2-5
71202,Swan Song,Theros,12.96,17.99,9.37,38.81172839506171,-27.700617283950628,top-5000 GMV,$10-20
656681,Deceit,Lorwyn Eclipsed,3.19,7.99,3.08,150.4702194357367,-3.448275862068962,top-5000 GMV,$2-5
532970,Meticulous Archive (Borderless),Murders at Karlov Manor,18.64,19.99,17.04,7.242489270386255,-8.58369098712447,top-5000 GMV,$10-20
686583,Sundown Pass,Secrets of Strixhaven,2.17,3.49,1.23,60.829493087557616,-43.31797235023041,top-5000 GMV,$2-5
212693,Savai Triome,Ikoria: Lair of Behemoths,19.64,23.99,18.73,22.14867617107942,-4.633401221995928,top-5000 GMV,$10-20
235505,Natural Order,Strixhaven: Mystical Archive,27.84,27.99,18.48,0.5387931034482708,-33.62068965517241,top-5000 GMV,$20-50
272781,"Karlach, Fury of Avernus",Commander Legends: Battle for Baldur's Gate,24.47,29.99,20.84,22.558234572946464,-14.834491213731097,top-5000 GMV,$20-50
4035,Sylvan Library,Legends,170.0,199.99,120.35,17.641176470588242,-29.20588235294118,top-5000 GMV,$100-200
475527,Swamp (269) - Full Art,Phyrexia: All Will Be One,2.39,3.49,2.53,46.02510460251047,5.857740585774045,top-5000 GMV,$2-5
686628,"Dina, Essence Brewer (Borderless)",Commander: Secrets of Strixhaven,3.23,3.49,1.82,8.049535603715178,-43.65325077399381,top-5000 GMV,$2-5
509564,Aggravated Assault (Anime Borderless),Wilds of Eldraine: Enchanting Tales,28.26,29.99,27.32,6.121726822363754,-3.326256192498235,top-5000 GMV,$20-50
503578,Grand Abolisher (Borderless),Commander Masters,22.13,29.99,19.53,35.517397198373246,-11.748757342973333,top-5000 GMV,$20-50
575157,Enduring Curiosity,Duskmourn: House of Horror,6.01,8.99,5.21,49.584026622296186,-13.31114808652246,top-5000 GMV,$5-10
466633,Gamble (Borderless),Dominaria Remastered,16.48,20.99,17.0,27.36650485436892,3.15533980582524,top-5000 GMV,$10-20
212689,Indatha Triome,Ikoria: Lair of Behemoths,18.11,23.99,16.96,32.46824958586416,-6.350082827167302,top-5000 GMV,$10-20
229254,"Halvar, God of Battle",Kaldheim,25.03,32.99,24.17,31.801837794646424,-3.435876947662802,top-5000 GMV,$20-50
490360,"Sheoldred, Whispering One",March of the Machine: Multiverse Legends,24.37,32.99,24.22,35.371358227328685,-0.6155108740254499,top-5000 GMV,$20-50
544259,Stoneforge Mystic (Borderless),Special Guests,39.46,54.99,38.55,39.35631018753168,-2.306132792701479,top-5000 GMV,$20-50
221812,Scalding Tarn,Zendikar Rising Expeditions,52.43,49.99,51.88,-4.653824146481018,-1.0490177379362906,top-5000 GMV,$50-100
59804,Worldfire,Magic 2013 (M13),33.69,37.99,29.46,12.763431285247862,-12.55565449688334,top-5000 GMV,$20-50
490355,"Elesh Norn, Grand Cenobite",March of the Machine: Multiverse Legends,21.41,23.99,21.36,12.050443717888829,-0.2335357309668412,top-5000 GMV,$20-50
693567,Birthing Pod,Secret Lair Drop Series,15.54,17.99,14.49,15.765765765765764,-6.75675675675675,top-5000 GMV,$10-20
556010,Reconnaissance,Universes Beyond: Assassin's Creed,3.78,7.99,4.16,111.3756613756614,10.052910052910065,top-5000 GMV,$2-5
4727,Hydroblast,Ice Age,4.13,6.49,3.54,57.14285714285715,-14.285714285714285,top-5000 GMV,$2-5
238614,Misty Rainforest (Extended Art),Modern Horizons 2,38.37,47.99,37.87,25.071670575970824,-1.303101381287464,top-5000 GMV,$20-50
518122,"Sauron, the Dark Lord (Showcase Scrolls)",Universes Beyond: The Lord of the Rings: Tales of Middle-earth,89.7,129.99,91.25,44.91638795986623,1.727982162764768,top-5000 GMV,$50-100
699670,Molecule Man (Extended Art),Commander: Marvel Super Heroes,31.06,39.99,31.02,28.750804893754037,-0.1287830006439122,top-5000 GMV,$20-50
457179,Vampiric Tutor (Retro Frame),Dominaria Remastered,59.5,69.99,54.43,17.630252100840327,-8.521008403361344,top-5000 GMV,$50-100
501920,Goblin Recruiter,Secret Lair Drop Series,89.3,79.99,67.73,-10.42553191489362,-24.154535274356096,top-5000 GMV,$50-100
504568,Grave Pact,Commander Masters,36.15,32.99,31.86,-8.741355463347155,-11.867219917012449,top-5000 GMV,$20-50
651377,"Venom, King in Black - Skithiryx, the Blight Dragon (Borderless)",Marvel Universe Eternal-Legal,11.27,12.99,8.35,15.261756876663716,-25.9094942324756,top-5000 GMV,$10-20
215341,Grim Tutor,Core Set 2021,25.79,27.99,24.33,8.53043815432338,-5.661108956960065,top-5000 GMV,$20-50
188468,Spark Double,War of the Spark,8.29,9.99,7.5,20.50663449939688,-9.529553679131476,top-5000 GMV,$5-10
518165,Storm of Saruman (Borderless Poster),Universes Beyond: The Lord of the Rings: Tales of Middle-earth,89.88,119.99,106.9,33.50022251891411,18.93635959056521,top-5000 GMV,$50-100
216530,Bruvac the Grandiloquent,Jumpstart,43.56,42.99,42.65,-1.3085399449035815,-2.089072543618007,top-5000 GMV,$20-50
457088,"Yawgmoth, Thran Physician (Borderless)",Dominaria Remastered,30.23,37.99,31.57,25.669864373139276,4.43268276546477,top-5000 GMV,$20-50
276317,"Kozilek, Butcher of Truth (Borderless)",Double Masters 2022,57.77,64.99,58.89,12.497836247187106,1.938722520339272,top-5000 GMV,$50-100
221350,Spectator Seating,Commander Legends,13.42,14.99,11.28,11.698956780923996,-15.946348733233984,top-5000 GMV,$10-20
239397,Cabal Coffers (Borderless),Modern Horizons 2,41.11,44.99,41.65,9.438092921430314,1.313549014838237,top-5000 GMV,$20-50
591308,Boltwave,Foundations,2.52,3.49,1.04,38.4920634920635,-58.730158730158735,top-5000 GMV,$2-5
273196,"Miirym, Sentinel Wyrm",Commander Legends: Battle for Baldur's Gate,6.35,4.99,6.19,-21.41732283464566,-2.519685039370067,top-5000 GMV,$5-10
226687,Staff of Domination,Commander Legends,9.9,12.99,9.78,31.212121212121207,-1.212121212121222,top-5000 GMV,$5-10
286168,Exalted Flamer of Tzeentch,"Universes Beyond: Warhammer 40,000",23.98,29.99,24.07,25.062552126772303,0.375312760633861,top-5000 GMV,$20-50
596294,Edgar Markov (Retro Frame),Innistrad Remastered,32.31,39.99,28.13,23.769730733519037,-12.93717115444136,top-5000 GMV,$20-50
512618,Agatha's Soul Cauldron (Extended Art),Wilds of Eldraine,50.29,59.99,51.17,19.28812885265461,1.7498508649831033,top-5000 GMV,$50-100
660565,"Avatar Roku, Firebender",Avatar: The Last Airbender: Eternal-Legal,8.86,18.99,8.75,114.33408577878104,-1.241534988713312,top-5000 GMV,$5-10
631315,Three Visits,Commander: FINAL FANTASY,4.53,7.49,4.61,65.34216335540839,1.766004415011039,top-5000 GMV,$2-5
687695,Lotus Field,Commander: Secrets of Strixhaven,2.45,3.49,2.08,42.44897959183673,-15.102040816326534,top-5000 GMV,$2-5
641777,Watery Grave (Borderless),Edge of Eternities,12.22,16.99,11.09,39.0343698854337,-9.24713584288053,top-5000 GMV,$10-20
668470,World War Hulk (Borderless),Marvel Super Heroes,3.48,3.99,2.26,14.65517241379311,-35.05747126436782,top-5000 GMV,$2-5
525618,"Kutzil, Malamet Exemplar",The Lost Caverns of Ixalan,4.49,3.99,2.5,-11.135857461024498,-44.32071269487751,top-5000 GMV,$2-5
532941,Underground Mortuary (Borderless),Murders at Karlov Manor,20.15,24.99,19.58,24.01985111662531,-2.8287841191067016,top-5000 GMV,$20-50
5268,Tombstone Stairwell,Mirage,63.67,59.99,31.13,-5.779802104601853,-51.10727187058271,top-5000 GMV,$50-100
509558,Greater Auramancy (Anime Borderless),Wilds of Eldraine: Enchanting Tales,39.46,42.99,39.57,8.945767866193616,0.2787633046122642,top-5000 GMV,$20-50
6095,Scorched Ruins,Weatherlight,66.35,64.99,39.4,-2.049736247174076,-40.61793519216277,top-5000 GMV,$50-100
589445,Twinflame Tyrant (Borderless),Foundations,37.12,57.99,33.85,56.2230603448276,-8.809267241379299,top-5000 GMV,$20-50
39082,Blightsteel Colossus,Mirrodin Besieged,39.95,54.99,36.98,37.647058823529406,-7.434292866082617,top-5000 GMV,$20-50
552330,"Ral, Monsoon Mage",Modern Horizons 3,7.29,10.99,6.23,50.75445816186557,-14.54046639231824,top-5000 GMV,$5-10
227037,Akroma's Will,Commander Legends,14.47,16.99,14.26,17.415342087076695,-1.4512785072563985,top-5000 GMV,$10-20
503402,Sol Ring (Borderless),Commander Masters,9.64,14.99,7.0200000000000005,55.49792531120331,-27.17842323651452,top-5000 GMV,$5-10
660595,Fire Lord Azula (0313) (Borderless),Avatar: The Last Airbender,16.75,17.99,15.1,7.402985074626857,-9.850746268656716,top-5000 GMV,$10-20
696348,Arc Reactor,Marvel Super Heroes,1.04,1.99,0.39,91.34615384615384,-62.5,top-5000 GMV,$1-2
563204,Pact of Negation (Future Sight),Mystery Booster 2,17.9,24.99,16.88,39.608938547486034,-5.698324022346367,top-5000 GMV,$10-20
457192,Exploration (Retro Frame),Dominaria Remastered,31.96,39.99,31.99,25.12515644555695,0.093867334167702,top-5000 GMV,$20-50
478705,"Atraxa, Grand Unifier (Showcase)",Phyrexia: All Will Be One,19.3,32.99,17.71,70.93264248704664,-8.238341968911916,top-5000 GMV,$10-20
671533,Springleaf Parade (Extended Art),Commander: Lorwyn Eclipsed,9.26,14.99,7.81,61.87904967602592,-15.658747300215984,top-5000 GMV,$5-10
646569,Gwen Stacy (0202) (Borderless),Marvel's Spider-Man,18.09,24.99,17.44,38.14262023217246,-3.5931453841901524,top-5000 GMV,$10-20
2267,Mana Vault,Fifth Edition,97.5,119.99,83.36,23.06666666666666,-14.502564102564104,top-5000 GMV,$50-100
696996,"Black Widow, Super Spy",Marvel Super Heroes,1.6,4.49,0.96,180.625,-40.00000000000001,top-5000 GMV,$1-2
221815,Misty Rainforest,Zendikar Rising Expeditions,53.59,74.99,48.01,39.93282328792683,-10.412390371337946,top-5000 GMV,$50-100
239183,Marsh Flats (Retro Frame),Modern Horizons 2,40.61,49.99,40.9,23.09775917261759,0.7141098251662131,top-5000 GMV,$20-50
687531,Arcane Signet,Commander: Secrets of Strixhaven,0.48,0.99,0.4,106.25,-16.66666666666666,top-5000 GMV,$0-1
204415,Torment of Hailfire,The List Reprints,42.07,49.99,35.52,18.825766579510343,-15.569289279771803,top-5000 GMV,$20-50
696444,Gathering Place (Borderless),Marvel Super Heroes,2.97,4.49,1.97,51.178451178451176,-33.670033670033675,top-5000 GMV,$2-5
638918,Mountain (0265) (Borderless),Edge of Eternities,1.65,3.99,1.27,141.81818181818184,-23.030303030303028,top-5000 GMV,$1-2
548582,Orim's Chant (Borderless),Modern Horizons 3,10.91,15.99,8.02,46.5627864344638,-26.48945921173236,top-5000 GMV,$10-20
553184,Dryad of the Ilysian Grove,Commander: Modern Horizons 3,10.65,9.49,8.74,-10.892018779342724,-17.934272300469484,top-5000 GMV,$10-20
11981,Dosan the Falling Leaf,Champions of Kamigawa,27.76,39.99,20.74,44.05619596541786,-25.28818443804036,top-5000 GMV,$20-50
212212,Twinning Staff,Commander 2020,15.54,21.99,16.13,41.50579150579151,3.796653796653796,top-5000 GMV,$10-20
7783,Diabolic Intent,Planeshift,24.34,34.99,19.47,43.75513557929335,-20.008216926869355,top-5000 GMV,$20-50
689149,Brain Freeze,Secrets of Strixhaven: Mystical Archive,3.15,4.99,2.8000000000000003,58.412698412698425,-11.1111111111111,top-5000 GMV,$2-5
454883,"Preston, the Vanisher",Jumpstart 2022,33.64,34.99,34.660000000000004,4.013079667063025,3.0321046373365137,top-5000 GMV,$20-50
212041,"Godzilla, King of the Monsters - Zilortha, Strength Incarnate",Buy-A-Box Promos,19.47,23.99,18.26,23.215202876219827,-6.21468926553671,top-5000 GMV,$10-20
183213,Guardian Project,Ravnica Allegiance,13.85,19.99,12.8,44.33212996389891,-7.581227436823097,top-5000 GMV,$10-20
590340,"Fumulus, the Infestation (Anime)",Foundations Jumpstart,8.22,12.99,6.68,58.02919708029196,-18.734793187347943,top-5000 GMV,$5-10
552310,"Ragavan, Nimble Pilferer (Retro Frame)",Modern Horizons 2,56.88,64.99,59.26,14.25808720112516,4.18424753867791,top-5000 GMV,$50-100
10327,Chain of Vapor,Onslaught,12.14,15.99,9.9,31.71334431630972,-18.45140032948929,top-5000 GMV,$10-20
212696,Raugrin Triome (Showcase),Ikoria: Lair of Behemoths,15.73,20.99,15.61,33.43928798474251,-0.7628734901462237,top-5000 GMV,$10-20
216047,Exquisite Blood,Jumpstart,36.09,42.99,35.44,19.118869492934326,-1.8010529232474526,top-5000 GMV,$20-50
212690,Indatha Triome (Showcase),Ikoria: Lair of Behemoths,18.17,23.99,15.28,32.03082003302144,-15.905338470005514,top-5000 GMV,$10-20
679179,Dark Leo & Shredder (Borderless),Teenage Mutant Ninja Turtles,14.02,16.99,13.02,21.18402282453637,-7.132667617689016,top-5000 GMV,$10-20
14568,Claws of Gix,Timeshifted,15.36,19.99,11.92,30.143229166666664,-22.39583333333333,top-5000 GMV,$10-20
34365,Eye of Ugin,Worldwake,62.77,74.99,49.95,19.46789867771227,-20.42376931655249,top-5000 GMV,$50-100
276318,Cavern of Souls (Borderless),Double Masters 2022,58.26,79.99,56.26,37.29831788534157,-3.4328870580157917,top-5000 GMV,$50-100
671011,Thousand-Year Elixir (Borderless),Special Guests,22.13,32.99,17.54,49.073655671034814,-20.74107546317217,top-5000 GMV,$20-50
532872,Warleader's Call,Murders at Karlov Manor,5.55,8.99,5.19,61.981981981982,-6.486486486486477,top-5000 GMV,$5-10
688903,Preordain (JP Alternate Art),Secrets of Strixhaven: Mystical Archive,9.06,19.99,9.16,120.64017660044146,1.1037527593818943,top-5000 GMV,$5-10
268342,Ledger Shredder,Streets of New Capenna,8.94,15.99,8.63,78.85906040268458,-3.467561521252782,top-5000 GMV,$5-10
286481,"Celestine, the Living Saint","Universes Beyond: Warhammer 40,000",25.24,37.99,25.52,50.51505546751191,1.1093502377179123,top-5000 GMV,$20-50
552652,Warren Soultrader (Borderless),Modern Horizons 3,24.76,34.99,23.96,41.31663974151858,-3.231017770597741,top-5000 GMV,$20-50
634962,"Seymour Guado - Kinnan, Bonder Prodigy (Showcase)",FINAL FANTASY: Through the Ages,15.75,20.99,15.42,33.26984126984126,-2.095238095238096,top-5000 GMV,$10-20
578973,Ondu Spiritdancer,Commander: Duskmourn: House of Horror,12.54,17.99,12.35,43.46092503987241,-1.5151515151515111,top-5000 GMV,$10-20
6703,Snuff Out,Mercadian Masques,6.93,12.99,4.68,87.44588744588746,-32.467532467532465,top-5000 GMV,$5-10
517524,"Ojer Axonil, Deepest Might (Showcase)",The Lost Caverns of Ixalan,23.41,32.99,23.7,40.922682614267416,1.2387868432293856,top-5000 GMV,$20-50
238612,Arid Mesa (Extended Art),Modern Horizons 2,34.65,44.99,36.1,29.84126984126985,4.184704184704193,top-5000 GMV,$20-50
221807,Polluted Delta,Zendikar Rising Expeditions,43.72,57.99,49.07,32.63952424519672,12.23696248856359,top-5000 GMV,$20-50
631020,"Kefka, Court Mage (0398) (Borderless)",FINAL FANTASY,17.85,20.99,13.36,17.591036414565806,-25.15406162464987,top-5000 GMV,$10-20
475522,"Elesh Norn, Mother of Machines (Borderless)",Phyrexia: All Will Be One,87.65,94.99,90.65,8.374215630347962,3.4227039361095266,top-5000 GMV,$50-100
503888,Archfiend of Despair,Commander Masters,24.15,29.99,22.63,24.182194616977227,-6.293995859213249,top-5000 GMV,$20-50
623871,Craterhoof Behemoth (Borderless),Tarkir: Dragonstorm,22.51,29.99,19.79,33.22967569968901,-12.083518436250564,top-5000 GMV,$20-50
3504,Dust to Dust,The Dark,10.34,15.99,6.91,54.642166344294,-33.172147001934235,top-5000 GMV,$10-20
630849,The Darkness Crystal (Borderless),FINAL FANTASY,12.49,14.99,9.37,20.0160128102482,-24.97998398718976,top-5000 GMV,$10-20
240038,Solitude (Borderless),Modern Horizons 2,41.3,57.99,41.4,40.41162227602907,0.2421307506053303,top-5000 GMV,$20-50
524311,Bonehoard Dracosaur,The Lost Caverns of Ixalan,13.56,16.99,14.05,25.294985250737444,3.613569321533925,top-5000 GMV,$10-20
517257,"Minas Morgul, Dark Fortress (Borderless)",Commander: The Lord of the Rings: Tales of Middle-earth,18.76,21.99,20.16,17.217484008528768,7.462686567164171,top-5000 GMV,$10-20
504045,Hammer of Nazahn,Commander Masters,16.1,14.99,14.93,-6.894409937888206,-7.267080745341625,top-5000 GMV,$10-20
559624,Marrow-Gnawer (Borderless),Commander: Bloomburrow,29.25,34.99,27.25,19.623931623931632,-6.837606837606838,top-5000 GMV,$20-50
273015,Ancient Silver Dragon (Showcase),Commander Legends: Battle for Baldur's Gate,61.14,79.99,62.52,30.830879947661096,2.2571148184494643,top-5000 GMV,$50-100
233438,Chalice of the Void,Time Spiral: Remastered,18.88,24.99,18.0,32.36228813559322,-4.661016949152538,top-5000 GMV,$10-20
235660,Wandering Archaic,Strixhaven: School of Mages,9.44,13.99,8.85,48.19915254237289,-6.249999999999998,top-5000 GMV,$5-10
689541,Cauldron of Essence (Extended Art),Secrets of Strixhaven,4.0,4.49,3.64,12.250000000000004,-8.999999999999996,top-5000 GMV,$2-5
144856,Primal Amulet,Ixalan,13.19,21.99,12.74,66.7172100075815,-3.411675511751321,top-5000 GMV,$10-20
518001,Nazgul (0724) (Showcase Scrolls),Universes Beyond: The Lord of the Rings: Tales of Middle-earth,81.66,109.99,192.71,34.69262796963017,135.99069311780556,top-5000 GMV,$50-100
633071,"Princess Sarah - Azusa, Lost but Seeking (Showcase)",FINAL FANTASY: Through the Ages,11.12,15.99,10.42,43.79496402877699,-6.294964028776972,top-5000 GMV,$10-20
219022,Mana Echoes,Double Masters,60.06,59.99,58.33,-0.116550116550117,-2.880452880452887,top-5000 GMV,$50-100
273121,Kindred Discovery,Commander Legends: Battle for Baldur's Gate,11.97,12.99,10.77,8.521303258145359,-10.025062656641612,top-5000 GMV,$10-20
642112,"Dawnsire, Sunstar Dreadnought",Edge of Eternities,7.31,8.99,5.91,22.98221614227087,-19.15184678522571,top-5000 GMV,$5-10
451908,Ashnod's Altar,The Brothers' War: Retro Frame Artifacts,16.97,19.99,14.57,17.796110783736,-14.142604596346487,top-5000 GMV,$10-20
276341,Allosaurus Shepherd (Borderless),Double Masters 2022,60.36,64.99,59.39,7.670642809807812,-1.6070245195493684,top-5000 GMV,$50-100
18055,Scapeshift,Morningtide,54.72,64.99,47.44,18.768274853801163,-13.304093567251464,top-5000 GMV,$50-100
552307,Pearl Medallion,Modern Horizons 3,5.43,6.99,4.5200000000000005,28.72928176795581,-16.758747697974204,top-5000 GMV,$5-10
688217,Turbulent Fen (Extended Art),Commander: Secrets of Strixhaven,7.31,7.49,6.73,2.4623803009576006,-7.934336525307787,top-5000 GMV,$5-10
479511,"Solphim, Mayhem Dominus (Showcase)",Phyrexia: All Will Be One,30.63,39.99,27.71,30.558276199804123,-9.533137446947432,top-5000 GMV,$20-50
687409,Firemane Commando,Commander: Secrets of Strixhaven,1.0,1.99,0.77,99.0,-23.0,top-5000 GMV,$1-2
689394,Deflecting Palm,Secrets of Strixhaven: Mystical Archive,3.14,2.79,1.97,-11.146496815286628,-37.261146496815286,top-5000 GMV,$2-5
614490,Full Throttle,Aetherdrift,6.62,6.99,5.63,5.589123867069488,-14.954682779456196,top-5000 GMV,$5-10
641793,Terrasymbiosis (Borderless),Edge of Eternities,12.22,17.99,10.4,47.21767594108018,-14.893617021276595,top-5000 GMV,$10-20
524416,Spelunking,The Lost Caverns of Ixalan,3.92,3.99,3.23,1.785714285714293,-17.602040816326532,top-5000 GMV,$2-5
558441,"Ygra, Eater of All",Bloomburrow,11.61,14.99,10.37,29.11283376399657,-10.680447889750218,top-5000 GMV,$10-20
116371,Cryptolith Rite,Shadows over Innistrad,11.34,14.99,11.45,32.18694885361552,0.9700176366842984,top-5000 GMV,$10-20
696411,Steelshaper's Gift (Borderless),Marvel Universe Eternal-Legal,7.39,9.49,5.83,28.41677943166442,-21.109607577807843,top-5000 GMV,$5-10
39595,Triumph of the Hordes,New Phyrexia,12.51,16.99,11.3,35.81135091926458,-9.672262190247794,top-5000 GMV,$10-20
688228,Stensian Sanguinist (Extended Art),Commander: Secrets of Strixhaven,4.56,7.99,3.56,75.21929824561406,-21.929824561403503,top-5000 GMV,$2-5
553266,Arena of Glory (Borderless),Modern Horizons 3,11.32,15.99,10.42,41.25441696113074,-7.950530035335691,top-5000 GMV,$10-20
575047,Enduring Innocence,Duskmourn: House of Horror,3.44,6.99,3.0500000000000003,103.19767441860466,-11.337209302325572,top-5000 GMV,$2-5
591298,Authority of the Consuls,Foundations,4.57,6.49,4.11,42.01312910284464,-10.065645514223194,top-5000 GMV,$2-5
259261,Hunger of the Ancient One - Exquisite Blood,Secret Lair Drop Series,51.46,59.99,52.1,16.575981344733776,1.2436844150796746,top-5000 GMV,$50-100
514501,The First Sliver,Secret Lair Drop Series,65.53,74.99,64.38,14.436136120860663,-1.7549214100412114,top-5000 GMV,$50-100
526899,Roaming Throne,Promo Pack: The Lost Caverns of Ixalan,49.49,59.99,51.04,21.216407355021214,3.131945847645983,top-5000 GMV,$20-50
451929,Aetherflux Reservoir,The Brothers' War: Retro Frame Artifacts,31.06,27.99,25.21,-9.884095299420478,-18.83451384417256,top-5000 GMV,$20-50
697352,"Spider-Man, Web-Spinner",Commander: Marvel Super Heroes,16.94,20.99,16.15,23.90791027154662,-4.663518299881952,top-5000 GMV,$10-20
541306,Windswept Heath (Borderless),Modern Horizons 3,22.74,29.99,22.11,31.882145998240983,-2.7704485488126607,top-5000 GMV,$20-50
686549,Grave Researcher (Extended Art),Secrets of Strixhaven,3.75,2.99,2.79,-20.266666666666666,-25.6,top-5000 GMV,$2-5
279273,Mana Confluence,Secret Lair Drop Series,54.0,57.99,51.71,7.388888888888892,-4.24074074074074,top-5000 GMV,$50-100
276386,Teferi's Protection (Borderless),Double Masters 2022,47.46,49.99,45.98,5.330804888327015,-3.118415507796047,top-5000 GMV,$20-50
457259,Mystical Tutor (Borderless),Dominaria Remastered,16.93,22.99,17.18,35.7944477259303,1.4766686355581808,top-5000 GMV,$10-20
615058,Renewed Solidarity,Commander: Aetherdrift,4.24,7.99,4.16,88.44339622641509,-1.8867924528301905,top-5000 GMV,$2-5
457199,Mystical Tutor,Dominaria Remastered,16.28,21.99,16.67,35.07371007371006,2.3955773955773987,top-5000 GMV,$10-20
212304,The Ozolith (Extended Art),Ikoria: Lair of Behemoths,80.41,99.99,76.09,24.350205198358413,-5.372466111180193,top-5000 GMV,$50-100
257680,Swamp (297) - JP Full Art,Kamigawa: Neon Dynasty,4.81,6.49,3.94,34.92723492723494,-18.08731808731808,top-5000 GMV,$2-5
267059,Reflecting Pool,Commander Legends: Battle for Baldur's Gate,14.81,20.99,13.51,41.72856178257932,-8.777852802160707,top-5000 GMV,$10-20
495610,"Nissa, Resurgent Animist",March of the Machine: The Aftermath,26.71,34.99,27.49,30.999625608386378,2.9202545862972578,top-5000 GMV,$20-50
633149,Aettir and Priwen (Borderless),FINAL FANTASY,15.68,20.99,14.29,33.86479591836734,-8.864795918367351,top-5000 GMV,$10-20
175205,Watery Grave,Guilds of Ravnica,10.25,15.99,9.74,56.00000000000001,-4.975609756097559,top-5000 GMV,$10-20
191131,"Yawgmoth, Thran Physician",Modern Horizons,31.32,34.99,29.87,11.71775223499362,-4.629629629629627,top-5000 GMV,$20-50
499611,Reanimate,Commander: The Lord of the Rings: Tales of Middle-earth,8.08,12.99,8.32,60.76732673267327,2.970297029702973,top-5000 GMV,$5-10
239611,Sword of Hearth and Home,Modern Horizons 2,17.78,19.99,15.05,12.429696287963989,-15.354330708661418,top-5000 GMV,$10-20
456592,Megatron - Blightsteel Colossus,Secret Lair Drop Series,49.13,54.99,45.31,11.927539181762668,-7.7752900468145745,top-5000 GMV,$20-50
662027,Krark-Clan Ironworks,Secret Lair Countdown Kit,16.06,18.99,15.53,18.24408468244085,-3.3001245330012416,top-5000 GMV,$10-20
191050,Sword of Truth and Justice,Modern Horizons,35.7,37.99,30.21,6.414565826330529,-15.378151260504206,top-5000 GMV,$20-50
461900,Gamble,Dominaria Remastered,17.3,20.99,16.67,21.329479768786115,-3.6416184971098207,top-5000 GMV,$10-20
276897,City of Brass (Borderless),Double Masters 2022,29.47,34.99,23.72,18.730912792670523,-19.51136749236512,top-5000 GMV,$20-50
11660,Trinisphere,Darksteel,30.4,54.99,19.78,80.88815789473685,-34.93421052631579,top-5000 GMV,$20-50
686587,Island (0268),Secrets of Strixhaven,1.06,1.49,0.48,40.56603773584905,-54.71698113207547,top-5000 GMV,$1-2
545126,Molten Duplication,Outlaws of Thunder Junction: The Big Score,14.1,20.99,13.23,48.86524822695035,-6.170212765957441,top-5000 GMV,$10-20
496052,"Zhulodok, Void Gorger (Extended Art)",Commander Masters,47.25,69.99,52.19,48.12698412698412,10.45502645502645,top-5000 GMV,$20-50
12093,"Minamo, School at Water's Edge",Champions of Kamigawa,61.51,74.99,41.19,21.915135750284502,-33.03527881645261,top-5000 GMV,$50-100
126488,Heroic Intervention,Aether Revolt,15.16,20.99,13.23,38.45646437994722,-12.730870712401057,top-5000 GMV,$10-20
276940,Concordant Crossroads (Borderless),Double Masters 2022,38.06,49.99,82.51,31.345244351024693,116.78928008407776,top-5000 GMV,$20-50
506749,Darksteel Monolith,Commander Masters,26.74,29.99,23.99,12.154076290201946,-10.284218399401643,top-5000 GMV,$20-50
541305,Windswept Heath (Retro Frame),Modern Horizons 3,18.72,20.99,18.13,12.126068376068377,-3.1517094017094007,top-5000 GMV,$10-20
559733,Pollywog Prodigy,Commander: Bloomburrow,6.18,10.99,4.63,77.831715210356,-25.08090614886731,top-5000 GMV,$5-10
696244,Doctor Doom (Borderless) (0336),Marvel Super Heroes,16.93,19.99,14.48,18.074424099232125,-14.471352628470166,top-5000 GMV,$10-20
687465,Unbound Flourishing,Commander: Secrets of Strixhaven,1.99,2.99,1.64,50.251256281407045,-17.587939698492466,top-5000 GMV,$1-2
161430,Red Elemental Blast,Masters 25,12.93,15.99,9.89,23.665893271461723,-23.511214230471765,top-5000 GMV,$10-20
643665,Strip Mine (0040) (Borderless),Edge of Eternities: Stellar Sights,21.22,27.99,18.75,31.90386427898209,-11.639962299717244,top-5000 GMV,$20-50
662418,"Joo Dee, Public Servant - Sakashima of a Thousand Faces (Borderless)",Avatar: The Last Airbender: Eternal-Legal,17.4,27.99,14.58,60.862068965517246,-16.20689655172413,top-5000 GMV,$10-20
496153,Delighted Halfling (Borderless),Universes Beyond: The Lord of the Rings: Tales of Middle-earth,29.2,42.99,31.26,47.22602739726028,7.054794520547953,top-5000 GMV,$20-50
687578,War Room,Commander: Secrets of Strixhaven,4.46,4.49,3.0500000000000003,0.6726457399103195,-31.614349775784746,top-5000 GMV,$2-5
35651,Pyretic Ritual,Magic 2011 (M11),4.91,8.49,4.13,72.91242362525459,-15.885947046843182,top-5000 GMV,$2-5
5333,Dream Halls,Stronghold,38.5,44.99,21.97,16.85714285714286,-42.935064935064936,top-5000 GMV,$20-50
135017,Solemnity,Hour of Devastation,9.85,11.99,8.75,21.725888324873104,-11.167512690355329,top-5000 GMV,$5-10
633118,The Wind Crystal (Borderless),FINAL FANTASY,11.96,14.99,10.64,25.33444816053511,-11.036789297658864,top-5000 GMV,$10-20
589452,Mossborn Hydra (Borderless),Foundations,19.65,23.99,16.65,22.08651399491094,-15.267175572519085,top-5000 GMV,$10-20
262885,Anointed Procession,The List Reprints,63.77,69.99,57.6,9.753802728555732,-9.675395954210446,top-5000 GMV,$50-100
512663,Impact Tremors,Wilds of Eldraine: Enchanting Tales,2.7,4.99,2.49,84.81481481481481,-7.777777777777777,top-5000 GMV,$2-5
455023,"Zask, Skittering Swarmlord",Jumpstart 2022,29.32,34.99,26.72,19.33833560709414,-8.867667121418831,top-5000 GMV,$20-50
175196,Overgrown Tomb,Guilds of Ravnica,8.68,12.99,9.28,49.65437788018434,6.91244239631336,top-5000 GMV,$5-10
697205,Multiversal Recruitment,Commander: Marvel Super Heroes,8.16,9.49,7.67,16.29901960784314,-6.004901960784316,top-5000 GMV,$5-10
212695,Raugrin Triome,Ikoria: Lair of Behemoths,15.45,18.99,15.61,22.91262135922329,1.035598705501619,top-5000 GMV,$10-20
265351,Ziatora's Proving Ground,Streets of New Capenna,9.98,15.99,9.72,60.22044088176352,-2.605210420841681,top-5000 GMV,$5-10
233786,Pact of Negation,Time Spiral: Remastered,17.83,23.99,16.67,34.54851374088615,-6.505888951205814,top-5000 GMV,$10-20
687592,Coastal Peak,Commander: Secrets of Strixhaven,0.32,0.49,0.15,53.12499999999999,-53.125,top-5000 GMV,$0-1
548628,Ugin's Labyrinth (Borderless),Modern Horizons 3,17.68,29.99,14.43,69.62669683257919,-18.38235294117647,top-5000 GMV,$10-20
230163,"Esika, God of the Tree",Kaldheim,18.69,21.99,16.67,17.6565008025682,-10.80791867308721,top-5000 GMV,$10-20
499597,Relic of Sauron,Commander: The Lord of the Rings: Tales of Middle-earth,9.58,11.99,8.07,25.156576200417536,-15.762004175365345,top-5000 GMV,$5-10
558591,Sword of Fire and Ice (Borderless),Special Guests,43.39,44.99,44.28,3.687485595759395,2.051163862641163,top-5000 GMV,$20-50
631025,"Yuna, Hope of Spira (Borderless)",FINAL FANTASY,19.25,23.99,17.900000000000002,24.62337662337662,-7.012987012987002,top-5000 GMV,$10-20
119260,"Emrakul, the Promised End",Eldritch Moon,19.16,39.99,22.38,108.71607515657622,16.805845511482246,top-5000 GMV,$10-20
688219,Turbulent Moor (Extended Art),Commander: Secrets of Strixhaven,6.35,6.49,5.0200000000000005,2.204724409448828,-20.944881889763767,top-5000 GMV,$5-10
238613,Marsh Flats (Extended Art),Modern Horizons 2,34.01,44.99,34.45,32.284622169950026,1.2937371361364447,top-5000 GMV,$20-50
689148,Angel's Grace,Secrets of Strixhaven: Mystical Archive,2.92,3.99,2.57,36.643835616438366,-11.986301369863018,top-5000 GMV,$2-5
662089,Wasteland,Secret Lair Countdown Kit,13.9,21.99,12.5,58.20143884892085,-10.071942446043169,top-5000 GMV,$10-20
686590,Mountain (0270),Secrets of Strixhaven,1.16,1.29,0.36,11.20689655172415,-68.9655172413793,top-5000 GMV,$1-2
4819,Necropotence,Ice Age,50.41,49.99,36.98,-0.8331680222178032,-26.64153937710772,top-5000 GMV,$50-100
229255,"Halvar, God of Battle (Showcase)",Kaldheim,26.81,34.99,26.02,30.511003356956373,-2.946661693397983,top-5000 GMV,$20-50
651851,Impostor Syndrome,Marvel's Spider-Man,7.83,9.99,6.44,27.58620689655172,-17.752234993614298,top-5000 GMV,$5-10
630969,Fire Magic,FINAL FANTASY,0.85,0.99,0.15,16.47058823529412,-82.35294117647058,top-5000 GMV,$0-1
243389,Teleportation Circle,Adventures in the Forgotten Realms,9.63,12.99,8.02,34.89096573208722,-16.71858774662514,top-5000 GMV,$5-10
615224,Academy Ruins,Commander: Aetherdrift,5.28,8.49,4.08,60.79545454545454,-22.72727272727273,top-5000 GMV,$5-10
688479,Traumatic Critique,Secrets of Strixhaven,0.43,0.49,0.15,13.953488372093023,-65.11627906976744,top-5000 GMV,$0-1
276322,Allosaurus Shepherd,Double Masters 2022,50.52,54.99,51.0,8.8479809976247,0.9501187648455997,top-5000 GMV,$50-100
530802,Cyclonic Rift (Anime Borderless),Ravnica Remastered,46.53,54.99,46.35,18.181818181818183,-0.3868471953578331,top-5000 GMV,$20-50
4374,Plaguebearer,Exodus,40.23,49.99,28.07,24.26050211285112,-30.22619935371613,top-5000 GMV,$20-50
5159,Mystical Tutor,Mirage,20.2,22.99,15.52,13.811881188118807,-23.168316831683168,top-5000 GMV,$20-50
480502,"Azusa, Lost but Seeking",Secret Lair Drop Series,70.09,79.99,72.94,14.124696818376362,4.066200599229554,top-5000 GMV,$50-100
560006,Scurry of Squirrels,Commander: Bloomburrow,5.43,4.99,4.2700000000000005,-8.103130755064448,-21.362799263351736,top-5000 GMV,$5-10
558448,Three Tree City (Borderless) (0340),Bloomburrow,44.68,57.99,44.01,29.78961504028649,-1.4995523724261453,top-5000 GMV,$20-50
6820,Claws of Gix,Urza's Saga,16.6,18.99,12.48,14.397590361445763,-24.819277108433734,top-5000 GMV,$10-20
273294,Breath Weapon,Commander Legends: Battle for Baldur's Gate,6.21,8.49,6.24,36.71497584541063,0.4830917874396175,top-5000 GMV,$5-10
687595,Eclipsed Steppe,Commander: Secrets of Strixhaven,2.82,5.49,2.31,94.6808510638298,-18.085106382978715,top-5000 GMV,$2-5
191349,Hall of Heliod's Generosity,Modern Horizons,12.57,15.99,10.64,27.20763723150358,-15.35401750198886,top-5000 GMV,$10-20
532954,Raucous Theater (Borderless),Murders at Karlov Manor,14.8,21.99,13.59,48.58108108108106,-8.17567567567568,top-5000 GMV,$10-20
591210,Swiftfoot Boots,Foundations,2.99,3.99,2.17,33.44481605351171,-27.424749163879607,top-5000 GMV,$2-5
688928,Return the Favor,Secrets of Strixhaven: Mystical Archive,0.43,0.49,0.15,13.953488372093023,-65.11627906976744,top-5000 GMV,$0-1
142005,Herald of Secret Streams,Ixalan,5.41,9.99,3.12,84.65804066543437,-42.32902033271719,top-5000 GMV,$5-10
221884,"Ashaya, Soul of the Wild",Zendikar Rising,16.4,17.99,15.3,9.695121951219512,-6.70731707317072,top-5000 GMV,$10-20
673630,Dark Leo & Shredder,Teenage Mutant Ninja Turtles,3.83,6.99,3.0500000000000003,82.50652741514361,-20.36553524804177,top-5000 GMV,$2-5
674662,Mothman Egg - Mesmeric Orb,Secret Lair Drop Series,15.97,18.99,16.15,18.910457107075757,1.1271133375078144,top-5000 GMV,$10-20
18661,Helm of the Ghastlord,Shadowmoor,12.03,8.99,5.73,-25.27015793848711,-52.36907730673316,top-5000 GMV,$10-20
673569,"Michelangelo, Weirdness to 11",Teenage Mutant Ninja Turtles,3.26,4.49,3.03,37.73006134969327,-7.05521472392638,top-5000 GMV,$2-5
503556,Heroic Intervention,Commander Masters,16.05,18.99,14.78,18.31775700934578,-7.91277258566979,top-5000 GMV,$10-20
6787,Argothian Enchantress,Urza's Saga,67.99,89.99,42.94,32.35769966171496,-36.84365347845272,top-5000 GMV,$50-100
644287,Icetill Explorer (Extended Art),Edge of Eternities,22.16,23.99,20.84,8.258122743682303,-5.956678700361012,top-5000 GMV,$20-50
221811,Marsh Flats,Zendikar Rising Expeditions,45.99,54.99,34.01,19.569471624266143,-26.04914111763428,top-5000 GMV,$20-50
457202,Entomb (Borderless),Dominaria Remastered,15.93,22.99,15.63,44.31889516635278,-1.8832391713747576,top-5000 GMV,$10-20
532976,Hedge Maze (Borderless),Murders at Karlov Manor,15.79,21.99,15.54,39.26535782140595,-1.5832805573147564,top-5000 GMV,$10-20
633123,The Water Crystal,FINAL FANTASY,3.3,4.99,2.75,51.21212121212123,-16.666666666666664,top-5000 GMV,$2-5
10758,Graveborn Muse,Legions,18.38,23.99,11.17,30.522306855277478,-39.22742110990207,top-5000 GMV,$10-20
212623,"Kinnan, Bonder Prodigy",Ikoria: Lair of Behemoths,14.04,18.99,13.28,35.256410256410255,-5.413105413105412,top-5000 GMV,$10-20
631209,Darksteel Plate,Commander: FINAL FANTASY,4.58,6.49,4.2,41.70305676855895,-8.296943231441045,top-5000 GMV,$2-5
452700,"Myrel, Shield of Argive",The Brothers' War,18.01,18.99,18.68,5.441421432537461,3.720155469183776,top-5000 GMV,$10-20
504554,Flawless Maneuver,Commander Masters,20.73,29.99,20.82,44.66956102267245,0.4341534008683061,top-5000 GMV,$20-50
488278,Sol Ring,Commander: The Lord of the Rings: Tales of Middle-earth,1.89,2.79,1.53,47.61904761904763,-19.04761904761904,top-5000 GMV,$1-2
577808,"Ashaya, Soul of the Wild",Commander: Duskmourn: House of Horror,15.61,17.99,14.49,15.246636771300444,-7.1748878923766775,top-5000 GMV,$10-20
559736,Sol Ring,Commander: Bloomburrow,1.96,2.79,1.49,42.3469387755102,-23.97959183673469,top-5000 GMV,$1-2
524252,Underworld Breach (Borderless),Special Guests,32.85,37.99,26.72,15.6468797564688,-18.660578386605792,top-5000 GMV,$20-50
623900,Mountain (0290),Tarkir: Dragonstorm,14.7,20.99,12.05,42.7891156462585,-18.02721088435373,top-5000 GMV,$10-20
11802,Grinding Station,Fifth Dawn,18.95,18.99,13.75,0.2110817941952462,-27.440633245382585,top-5000 GMV,$10-20
239186,Verdant Catacombs (Retro Frame),Modern Horizons 2,39.34,57.99,38.22,47.40721911540416,-2.846975088967983,top-5000 GMV,$20-50
66415,Hallowed Fountain,Return to Ravnica,7.87,12.99,7.29,65.0571791613723,-7.369758576874206,top-5000 GMV,$5-10
631136,Professional Face-Breaker,Commander: FINAL FANTASY,5.07,7.99,5.19,57.59368836291912,2.3668639053254457,top-5000 GMV,$5-10
11808,Krark-Clan Ironworks,Fifth Dawn,17.77,21.99,15.1,23.747889701744505,-15.02532357906584,top-5000 GMV,$10-20
687513,Goldvein Hydra,Commander: Secrets of Strixhaven,2.97,4.49,2.34,51.178451178451176,-21.21212121212122,top-5000 GMV,$2-5
588098,"Liliana, Dreadhorde General",Foundations,7.19,10.99,6.92,52.85118219749651,-3.755215577190549,top-5000 GMV,$5-10
6341,Memory Jar,Urza's Legacy,36.27,39.99,29.16,10.256410256410252,-19.602977667493803,top-5000 GMV,$20-50
524273,"Pantlaza, Sun-Favored (Borderless)",Commander: The Lost Caverns of Ixalan,15.42,18.99,15.57,23.151750972762635,0.9727626459143992,top-5000 GMV,$10-20
207337,Path to Exile,MagicFest Cards,7.55,7.99,7.91,5.827814569536429,4.768211920529806,top-5000 GMV,$5-10
236401,Stinging Study,Commander 2021,15.56,20.99,14.06,34.89717223650384,-9.640102827763496,top-5000 GMV,$10-20
221808,Bloodstained Mire,Zendikar Rising Expeditions,37.13,47.99,37.5,29.24858604901696,0.9964987880420076,top-5000 GMV,$20-50
687590,Currency Converter,Commander: Secrets of Strixhaven,1.69,2.49,1.44,47.3372781065089,-14.792899408284024,top-5000 GMV,$1-2
630905,Wastes,FINAL FANTASY,1.0,2.29,0.15,129.0,-85.0,top-5000 GMV,$1-2
222160,Sea Gate Restoration (Extended Art),Zendikar Rising,46.38,59.99,42.61,29.34454506252695,-8.128503665373012,top-5000 GMV,$20-50
526216,Akroma's Will,Commander: The Lost Caverns of Ixalan,15.38,17.99,14.52,16.970091027308175,-5.591677503250983,top-5000 GMV,$10-20
576519,Gloomlake Verge (Borderless),Duskmourn: House of Horror,13.8,15.99,11.46,15.8695652173913,-16.956521739130434,top-5000 GMV,$10-20
631576,Rise of the Dark Realms,Commander: FINAL FANTASY,3.87,6.49,3.49,67.70025839793283,-9.81912144702842,top-5000 GMV,$2-5
532951,Shadowy Backstreet (Borderless),Murders at Karlov Manor,15.26,24.99,15.53,63.76146788990825,1.7693315858453444,top-5000 GMV,$10-20
648689,"Katara, Waterbending Master",Avatar: The Last Airbender: Eternal-Legal,7.9,15.99,6.07,102.40506329113924,-23.16455696202532,top-5000 GMV,$5-10
541326,Cover of Darkness,Universes Beyond: Assassin's Creed,7.4,12.99,7.28,75.54054054054053,-1.621621621621623,top-5000 GMV,$5-10
221813,Verdant Catacombs,Zendikar Rising Expeditions,54.74,57.99,57.29,5.937157471684325,4.658385093167697,top-5000 GMV,$50-100
688226,Turbulent Wilderness (Extended Art),Commander: Secrets of Strixhaven,5.21,6.49,4.57,24.568138195777355,-12.28406909788867,top-5000 GMV,$5-10
575076,"Kaito, Bane of Nightmares",Duskmourn: House of Horror,8.33,15.99,8.33,91.95678271308525,0.0,top-5000 GMV,$5-10
552708,Shifting Woodland (Borderless),Modern Horizons 3,8.35,9.99,7.23,19.64071856287426,-13.4131736526946,top-5000 GMV,$5-10
6445,Brainstorm,Mercadian Masques,3.46,3.99,1.61,15.317919075144514,-53.46820809248555,top-5000 GMV,$2-5
688835,Akroma's Will (JP Alternate Art),Secrets of Strixhaven: Mystical Archive,17.61,27.99,18.75,58.94378194207837,6.473594548551962,top-5000 GMV,$10-20
82887,Exploration,Conspiracy,33.31,54.99,33.99,65.08555989192433,2.041429000300209,top-5000 GMV,$20-50
641774,Sacred Foundry (Borderless),Edge of Eternities,11.05,16.99,10.11,53.75565610859726,-8.506787330316753,top-5000 GMV,$10-20
457275,Worldly Tutor (Retro Frame),Dominaria Remastered,25.89,32.99,25.06,27.42371572035536,-3.205870992661266,top-5000 GMV,$20-50
267068,Morphic Pool (Extended Art),Commander Legends: Battle for Baldur's Gate,30.98,42.99,29.9,38.76694641704326,-3.486120077469341,top-5000 GMV,$20-50
698225,Bountiful Promenade,Commander: Marvel Super Heroes,6.76,9.99,6.68,47.7810650887574,-1.1834319526627228,top-5000 GMV,$5-10
39596,Unwinding Clock,New Phyrexia,19.34,29.99,20.24,55.06721820062048,4.653567735263695,top-5000 GMV,$10-20
697454,Spectator Seating,Commander: Marvel Super Heroes,6.14,9.49,6.46,54.56026058631923,5.211726384364826,top-5000 GMV,$5-10
552383,Sapphire Medallion (Borderless),Modern Horizons 3,13.9,16.99,12.5,22.230215827338117,-10.071942446043169,top-5000 GMV,$10-20
1938,Strip Mine,Fourth Edition,17.45,18.99,12.64,8.825214899713462,-27.564469914040107,top-5000 GMV,$10-20
275183,Old Gnawbone,The List Reprints,52.06,57.99,52.07,11.39070303495966,0.0192086054552401,top-5000 GMV,$50-100
505829,Training Center,Commander Masters,17.49,22.99,18.7,31.44654088050315,6.918238993710697,top-5000 GMV,$10-20
671070,Bloom Tender (0324) (Showcase),Lorwyn Eclipsed,14.16,19.99,14.22,41.17231638418078,0.4237288135593255,top-5000 GMV,$10-20
503225,An Offer You Can't Refuse,Secret Lair Showdown,9.57,9.99,10.82,4.388714733542319,13.061650992685475,top-5000 GMV,$5-10
624738,Nature's Rhythm,Tarkir: Dragonstorm,5.17,6.99,4.0,35.20309477756287,-22.63056092843327,top-5000 GMV,$5-10
7036,Show and Tell,Urza's Saga,53.64,84.99,44.0,58.44519015659954,-17.971662938105894,top-5000 GMV,$50-100
552351,Kaalia of the Vast (0343) (Borderless),Modern Horizons 3,43.01,49.99,41.3,16.228784003720076,-3.975819576842597,top-5000 GMV,$20-50
697319,"Karolina Dean, Runaway",Commander: Marvel Super Heroes,11.65,12.99,10.72,11.50214592274678,-7.982832618025748,top-5000 GMV,$10-20
238616,Verdant Catacombs (Extended Art),Modern Horizons 2,35.05,44.99,33.3,28.35948644793154,-4.992867332382311,top-5000 GMV,$20-50
12437,Freed from the Real,Saviors of Kamigawa,8.2,11.99,6.7700000000000005,46.219512195121965,-17.43902439024389,top-5000 GMV,$5-10
651376,Heroic Intervention (Borderless),Marvel Universe Eternal-Legal,14.08,16.99,12.62,20.667613636363622,-10.369318181818189,top-5000 GMV,$10-20
66412,Blood Crypt,Return to Ravnica,9.74,15.99,9.36,64.16837782340862,-3.901437371663252,top-5000 GMV,$5-10
5802,Anvil of Bogardan,Visions,50.25,64.99,39.59,29.33333333333332,-21.2139303482587,top-5000 GMV,$50-100
544888,Reanimate,Outlaws of Thunder Junction: Breaking News,8.99,11.99,7.84,33.37041156840934,-12.791991101223584,top-5000 GMV,$5-10
641771,Breeding Pool (Borderless),Edge of Eternities,11.4,14.99,8.8,31.49122807017544,-22.807017543859644,top-5000 GMV,$10-20
512238,"Alela, Cunning Conqueror",Commander: Wilds of Eldraine,13.99,27.99,12.36,100.07147962830592,-11.651179413867052,top-5000 GMV,$10-20
552583,Sundering Eruption,Modern Horizons 3,1.04,1.79,1.02,72.11538461538461,-1.923076923076925,top-5000 GMV,$1-2
4351,Mind Over Matter,Exodus,42.55,57.99,39.59,36.286721504112826,-6.956521739130421,top-5000 GMV,$20-50
688516,Mana Sculpt,Secrets of Strixhaven,0.89,0.79,0.15,-11.235955056179773,-83.14606741573034,top-5000 GMV,$0-1
532973,Elegant Parlor (Borderless),Murders at Karlov Manor,12.95,22.99,12.5,77.52895752895753,-3.4749034749034693,top-5000 GMV,$10-20
688917,Pyretic Ritual (JP Alternate Art),Secrets of Strixhaven: Mystical Archive,11.13,12.99,9.58,16.711590296495952,-13.926325247079967,top-5000 GMV,$10-20
578052,Abhorrent Oculus (Borderless),Duskmourn: House of Horror,15.38,23.99,16.07,55.9817945383615,4.486345903771128,top-5000 GMV,$10-20
218965,Sword of Feast and Famine (Borderless),Double Masters,91.24,109.99,114.98,20.550197281893904,26.019289785181947,top-5000 GMV,$50-100
453145,Urza's Workshop (Extended Art),Commander: The Brothers' War,18.39,23.99,18.59,30.45133224578574,1.08754758020663,top-5000 GMV,$10-20
203005,Mana Crypt,The List Reprints,40.34,42.99,41.62,6.569162121963308,3.1730292513633964,top-5000 GMV,$20-50
660653,Planetarium of Wan Shi Tong,Avatar: The Last Airbender,5.65,7.49,4.94,32.56637168141592,-12.566371681415928,top-5000 GMV,$5-10
66417,Overgrown Tomb,Return to Ravnica,9.14,15.99,9.55,74.94529540481399,4.485776805251642,top-5000 GMV,$5-10
240149,Strike It Rich,Modern Horizons 2,2.14,2.79,2.02,30.37383177570093,-5.607476635514024,top-5000 GMV,$2-5
696487,"Daredevil, Man Without Fear (Borderless) (0372)",Marvel Super Heroes,5.17,5.99,3.36,15.860735009671188,-35.00967117988395,top-5000 GMV,$5-10
276259,"Kozilek, Butcher of Truth",Double Masters 2022,46.11,57.99,43.76,25.76447625243982,-5.096508349598788,top-5000 GMV,$20-50
631256,Snuff Out,Commander: FINAL FANTASY,6.11,8.99,6.11,47.135842880523725,0.0,top-5000 GMV,$5-10
662551,The Legend of Kyoshi,Avatar: The Last Airbender,5.72,7.99,3.89,39.68531468531469,-31.99300699300699,top-5000 GMV,$5-10
687525,Kami of Whispered Hopes,Commander: Secrets of Strixhaven,2.87,3.99,2.81,39.02439024390244,-2.0905923344947754,top-5000 GMV,$2-5
563314,Cabal Coffers (White Border),Mystery Booster 2,23.11,29.99,24.08,29.770662051060143,4.19731717871051,top-5000 GMV,$20-50
222030,Shatterskull Smashing,Zendikar Rising,9.6,13.99,7.24,45.72916666666668,-24.58333333333333,top-5000 GMV,$5-10
575069,Razorkin Needlehead,Duskmourn: House of Horror,4.53,8.99,4.09,98.45474613686534,-9.713024282560715,top-5000 GMV,$2-5
491202,Sheoldred,March of the Machine,18.22,29.99,18.72,64.59934138309549,2.7442371020856204,top-5000 GMV,$10-20
646613,"Doctor Octopus, Master Planner",Marvel's Spider-Man,9.58,8.99,7.28,-6.158663883089769,-24.00835073068893,top-5000 GMV,$5-10
688691,Mind into Matter,Secrets of Strixhaven,0.4,0.49,0.15,22.499999999999996,-62.5,top-5000 GMV,$0-1
5890,Necromancy,Visions,17.98,23.99,15.71,33.426028921023345,-12.625139043381534,top-5000 GMV,$10-20
688873,Feed the Swarm,Secrets of Strixhaven: Mystical Archive,0.3,0.49,0.15,63.33333333333334,-50.0,top-5000 GMV,$0-1
696250,Dark Ritual,Commander: Marvel Super Heroes,9.02,12.99,8.9,44.01330376940134,-1.330376940133029,top-5000 GMV,$5-10
458224,Snap,Dominaria Remastered,3.06,4.49,2.92,46.73202614379085,-4.575163398692815,top-5000 GMV,$2-5
234216,Sliver Legion,Time Spiral: Remastered,41.42,39.99,34.7,-3.4524384355383866,-16.22404635441815,top-5000 GMV,$20-50
552334,Solitude (Retro Frame),Modern Horizons 2,40.69,49.99,40.06,22.8557385106906,-1.5482919636274155,top-5000 GMV,$20-50
697486,Path to Exile (Borderless) (0047),Marvel Universe Eternal-Legal,6.99,7.99,5.19,14.306151645207438,-25.75107296137339,top-5000 GMV,$5-10
646522,"Anti-Venom, Horrifying Healer",Marvel's Spider-Man,7.2,7.99,5.1000000000000005,10.97222222222222,-29.166666666666664,top-5000 GMV,$5-10
513295,"Greymond, Avacyn's Stalwart",SLX Cards,66.92,89.99,65.05,34.473998804542724,-2.794381350866713,top-5000 GMV,$50-100
688900,Preordain,Secrets of Strixhaven: Mystical Archive,2.49,2.99,1.01,20.08032128514056,-59.43775100401607,top-5000 GMV,$2-5
642114,Cosmogrand Zenith,Edge of Eternities,5.19,7.99,4.94,53.94990366088632,-4.816955684007707,top-5000 GMV,$5-10
544486,"Kambal, Profiteering Mayor",Outlaws of Thunder Junction,4.92,8.49,4.72,72.56097560975611,-4.065040650406507,top-5000 GMV,$2-5
677493,"Klauth, Unrivaled Ancient",Secret Lair Drop Series,23.61,29.99,23.64,27.022448115205417,0.12706480304956,top-5000 GMV,$20-50
696578,"Storm, Windrider (Borderless)",Marvel Super Heroes,2.82,3.49,1.86,23.758865248226964,-34.042553191489354,top-5000 GMV,$2-5
10170,Prismatic Strands,Judgment,6.67,11.99,4.38,79.76011994003,-34.33283358320839,top-5000 GMV,$5-10
563127,Pyroblast (Future Sight),Mystery Booster 2,8.65,13.99,8.370000000000001,61.73410404624276,-3.236994219653172,top-5000 GMV,$5-10
688897,Culling the Weak (JP Alternate Art),Secrets of Strixhaven: Mystical Archive,7.77,9.49,8.120000000000001,22.136422136422144,4.504504504504523,top-5000 GMV,$5-10
11311,Vault of Whispers,Mirrodin,3.97,5.49,2.54,38.28715365239295,-36.02015113350126,top-5000 GMV,$2-5
235245,Dark Ritual,Strixhaven: Mystical Archive,10.82,11.99,10.37,10.813308687615526,-4.158964879852135,top-5000 GMV,$10-20
4639,Dance of the Dead,Ice Age,16.02,17.99,10.39,12.297128589263414,-35.14357053682896,top-5000 GMV,$10-20
588064,Adamantium Bonding Tank - The Ozolith,Secret Lair Drop Series,72.72,89.99,77.68,23.74862486248624,6.820682068206832,top-5000 GMV,$50-100
577863,Giggling Skitterspike,Commander: Duskmourn: House of Horror,14.75,18.99,12.5,28.7457627118644,-15.254237288135592,top-5000 GMV,$10-20
633128,Darkness of Eternity - Dark Ritual (Showcase),FINAL FANTASY: Through the Ages,10.28,11.99,8.71,16.6342412451362,-15.272373540856018,top-5000 GMV,$10-20
182831,Hallowed Fountain,Ravnica Allegiance,8.04,10.99,6.8100000000000005,36.69154228855723,-15.298507462686551,top-5000 GMV,$5-10
624504,Colossal Grave-Reaver,Commander: Tarkir: Dragonstorm,10.29,16.99,9.44,65.11175898931,-8.260447035957236,top-5000 GMV,$10-20
668491,Heroic Intervention (0080) (Borderless),Marvel Universe Eternal-Legal,8.28,13.99,9.02,68.96135265700485,8.937198067632854,top-5000 GMV,$5-10
1898,Red Elemental Blast,Fourth Edition,3.51,5.49,3.25,56.41025641025642,-7.407407407407401,top-5000 GMV,$2-5
553171,Eldrazi Confluence,Commander: Modern Horizons 3,11.71,15.99,10.96,36.54995730145174,-6.404782237403928,top-5000 GMV,$10-20
222131,Scute Swarm,Zendikar Rising,9.84,11.99,7.86,21.849593495934965,-20.12195121951219,top-5000 GMV,$5-10
590506,Kodama of the West Tree (Anime),Foundations Jumpstart,17.27,27.99,19.03,62.07295888824551,10.19108280254778,top-5000 GMV,$10-20
641772,Godless Shrine (Borderless),Edge of Eternities,10.69,14.99,8.33,40.22450888681011,-22.076707202993447,top-5000 GMV,$10-20
518018,Nazgul (0729) (Showcase Scrolls),Universes Beyond: The Lord of the Rings: Tales of Middle-earth,69.88,99.99,156.08,43.0881511161992,123.35432169433318,top-5000 GMV,$50-100
276439,Grand Arbiter Augustin IV,Double Masters 2022,18.3,17.99,15.52,-1.6939890710382637,-15.1912568306011,top-5000 GMV,$10-20
262222,Fable of the Mirror-Breaker,Kamigawa: Neon Dynasty,5.65,8.99,5.82,59.11504424778761,3.0088495575221224,top-5000 GMV,$5-10
206025,Mountain,Theros Beyond Death,1.36,2.29,0.96,68.38235294117646,-29.41176470588236,top-5000 GMV,$1-2
203134,"Animar, Soul of Elements",The List Reprints,31.07,32.99,27.08,6.179594464113298,-12.841969745735444,top-5000 GMV,$20-50
499595,The Black Gate,Commander: The Lord of the Rings: Tales of Middle-earth,9.31,12.99,8.700000000000001,39.52738990332975,-6.552094522019328,top-5000 GMV,$5-10
176839,Mnemonic Betrayal,Guilds of Ravnica,8.61,8.99,7.29,4.413472706155643,-15.331010452961666,top-5000 GMV,$5-10
10856,Brain Freeze,Scourge,10.97,12.99,5.4,18.41385597082953,-50.77484047402005,top-5000 GMV,$10-20
236115,Thousand-Year Elixir,Commander 2021,14.7,23.99,15.3,63.197278911564624,4.081632653061234,top-5000 GMV,$10-20
119687,"Gisela, the Broken Blade",Eldritch Moon,20.74,32.99,16.740000000000002,59.064609450337535,-19.28640308582448,top-5000 GMV,$20-50
498305,"Boromir, Warden of the Tower",Universes Beyond: The Lord of the Rings: Tales of Middle-earth,6.19,8.49,5.21,37.15670436187399,-15.831987075928923,top-5000 GMV,$5-10
555790,"Caduceus, Staff of Hermes",Universes Beyond: Assassin's Creed,6.12,11.99,5.92,95.91503267973856,-3.2679738562091534,top-5000 GMV,$5-10
39521,Gitaxian Probe,New Phyrexia,3.77,4.99,3.12,32.360742705570296,-17.241379310344826,top-5000 GMV,$2-5
662109,Earthbender Ascension,Avatar: The Last Airbender,2.08,2.99,1.47,43.75000000000001,-29.32692307692308,top-5000 GMV,$2-5
545971,"Bristly Bill, Spine Sower",Promo Pack: Outlaws of Thunder Junction,39.47,49.99,41.66,26.65315429440082,5.548517861667084,top-5000 GMV,$20-50
262439,"Boseiju, Who Endures (Extended Art)",Kamigawa: Neon Dynasty,50.84,79.99,58.36,57.33674272226591,14.791502753737207,top-5000 GMV,$50-100
3951,Mana Drain,Legends,249.61,279.99,176.69,12.170986739313326,-29.21357317415168,top-5000 GMV,$200+
286553,Reaver Titan,"Universes Beyond: Warhammer 40,000",22.5,29.99,21.65,33.288888888888884,-3.777777777777784,top-5000 GMV,$20-50
696418,Fiery Emancipation (Borderless),Marvel Universe Eternal-Legal,7.27,8.99,8.07,23.658872077028896,11.004126547455307,top-5000 GMV,$5-10
545129,Generous Plunderer,Outlaws of Thunder Junction: The Big Score,11.39,17.99,10.4,57.94556628621596,-8.691834942932399,top-5000 GMV,$10-20
590828,An Offer You Can't Refuse,Foundations,3.01,4.99,2.34,65.78073089700999,-22.259136212624583,top-5000 GMV,$2-5
660551,The Legend of Roku (Borderless),Avatar: The Last Airbender,16.12,17.99,14.97,11.600496277915616,-7.133995037220846,top-5000 GMV,$10-20
552347,Pearl Medallion (Borderless),Modern Horizons 3,11.05,12.99,7.91,17.556561085972845,-28.416289592760187,top-5000 GMV,$10-20
615183,Lightning Greaves,Commander: Aetherdrift,4.51,5.99,4.16,32.81596452328161,-7.760532150776046,top-5000 GMV,$2-5
697290,Loki's Scepter,Commander: Marvel Super Heroes,5.08,8.49,5.15,67.1259842519685,1.3779527559055174,top-5000 GMV,$5-10
638804,"Torgal, Clive's Companion - Yoshimaru, Ever Faithful (MagicCon: Las Vegas 2025)",MagicFest Cards,36.25,37.99,34.37,4.800000000000006,-5.186206896551731,top-5000 GMV,$20-50
687400,Drumbellower,Commander: Secrets of Strixhaven,1.83,2.49,1.55,36.06557377049181,-15.300546448087433,top-5000 GMV,$1-2
243382,Unexpected Windfall,Adventures in the Forgotten Realms,3.46,4.99,2.85,44.21965317919076,-17.630057803468205,top-5000 GMV,$2-5
591770,Blasphemous Edict,Foundations,4.52,6.99,4.12,54.64601769911507,-8.849557522123883,top-5000 GMV,$2-5
608001,Terror of the Peaks,Unique and Miscellaneous Promos,103.42,179.99,93.78,74.03790369367627,-9.32121446528718,top-5000 GMV,$100-200
517251,"Anduril, Narsil Reforged (Borderless)",Commander: The Lord of the Rings: Tales of Middle-earth,17.06,22.99,16.88,34.759671746776085,-1.0550996483001156,top-5000 GMV,$10-20
11645,Panoptic Mirror,Darksteel,27.28,24.99,16.21,-8.394428152492678,-40.5791788856305,top-5000 GMV,$20-50
2844,Caltrops,7th Edition,22.94,18.99,21.11,-17.21883173496078,-7.977332170880566,top-5000 GMV,$20-50
524257,Amulet of Vigor (Borderless),Commander: The Lost Caverns of Ixalan,69.41,79.99,68.73,15.242760409162942,-0.9796859242184016,top-5000 GMV,$50-100
93033,Stubborn Denial,Khans of Tarkir,3.74,6.49,3.23,73.52941176470587,-13.63636363636364,top-5000 GMV,$2-5
552728,Toxic Deluge,Modern Horizons 3,5.05,6.49,4.38,28.51485148514852,-13.267326732673263,top-5000 GMV,$5-10
553186,Scute Swarm,Commander: Modern Horizons 3,9.29,12.99,7.08,39.82777179763188,-23.789020452099024,top-5000 GMV,$5-10
670971,Vibrance,Lorwyn Eclipsed,2.81,6.99,1.81,148.7544483985765,-35.587188612099645,top-5000 GMV,$2-5
498461,Barrow-Downs - Bojuka Bog (Borderless),Commander: The Lord of the Rings: Tales of Middle-earth,33.07,42.99,30.99,29.99697611127911,-6.289688539461753,top-5000 GMV,$20-50
559141,Mockingbird,Bloomburrow,3.48,4.99,2.82,43.39080459770116,-18.96551724137932,top-5000 GMV,$2-5
512373,Defense of the Heart,Wilds of Eldraine: Enchanting Tales,21.19,23.99,21.87,13.213780084945714,3.209060877772533,top-5000 GMV,$20-50
247841,"Wilhelt, the Rotcleaver",Commander: Innistrad: Midnight Hunt,11.0,16.99,8.84,54.454545454545446,-19.63636363636364,top-5000 GMV,$10-20
4043,The Abyss,Legends,686.35,899.99,598.03,31.126976032636406,-12.868070226560798,top-5000 GMV,$200+
618860,Jumbo Cactuar (Borderless),FINAL FANTASY,10.08,9.99,8.59,-0.8928571428571415,-14.781746031746035,top-5000 GMV,$10-20
632697,Nibelheim Aflame (Borderless),FINAL FANTASY,13.2,16.99,11.46,28.712121212121204,-13.18181818181817,top-5000 GMV,$10-20
512615,Parallel Lives (Anime Borderless),Wilds of Eldraine: Enchanting Tales,44.39,59.99,44.21,35.143050236539764,-0.405496733498535,top-5000 GMV,$20-50
491273,Urabrask (Showcase),March of the Machine,20.71,37.99,22.92,83.43795267986481,10.671173346209564,top-5000 GMV,$20-50
218287,Urza's Tower (Borderless),Double Masters,40.01,39.99,41.35,-0.049987503124209,3.3491627093226786,top-5000 GMV,$20-50
689160,"Arnyn, Deathbloom Botanist",Secrets of Strixhaven,0.37,0.35,0.15,-5.405405405405411,-59.45945945945946,top-5000 GMV,$0-1
5954,Vampiric Tutor,Visions,77.59,69.99,55.85,-9.795076685139849,-28.01907462301843,top-5000 GMV,$50-100
688478,Resonating Lute (Extended Art),Secrets of Strixhaven,1.92,1.79,1.63,-6.770833333333329,-15.104166666666668,top-5000 GMV,$1-2
662034,Llanowar Elves,Secret Lair Countdown Kit,15.0,16.99,13.65,13.266666666666657,-8.999999999999998,top-5000 GMV,$10-20
668490,Heroic Intervention (0079) (Borderless),Marvel Universe Eternal-Legal,8.13,13.99,9.69,72.07872078720786,19.1881918819188,top-5000 GMV,$5-10
15569,Merrow Commerce,Lorwyn,17.09,21.99,11.22,28.67173785839672,-34.34757167934464,top-5000 GMV,$10-20
118457,Argothian Enchantress,Eternal Masters,66.24,74.99,45.5,13.209541062801932,-31.310386473429947,top-5000 GMV,$50-100
1571,Sol Ring,Revised Edition,27.83,24.99,8.06,-10.204814947897953,-71.0384477182896,top-5000 GMV,$20-50
206936,Dryad of the Ilysian Grove,Theros Beyond Death,9.37,9.49,8.28,1.2806830309498507,-11.632870864461044,top-5000 GMV,$5-10
216346,"Muxus, Goblin Grandee",Jumpstart,12.92,14.99,12.3,16.02167182662539,-4.798761609907114,top-5000 GMV,$10-20
70993,Thoughtseize,Theros,6.82,12.99,5.91,90.4692082111437,-13.34310850439883,top-5000 GMV,$5-10
126443,Walking Ballista,Aether Revolt,12.18,12.99,8.31,6.650246305418723,-31.77339901477832,top-5000 GMV,$10-20
513747,Retether,Commander: Wilds of Eldraine,20.41,23.99,17.59,17.540421362077403,-13.81675649191573,top-5000 GMV,$20-50
27091,Crumbling Ashes,Eventide,30.58,23.99,20.84,-21.55003270111184,-31.85088293001962,top-5000 GMV,$20-50
129733,Nest of Scarabs,Amonkhet,5.57,3.99,3.69,-28.366247755834827,-33.75224416517056,top-5000 GMV,$5-10
6215,Opalescence,Urza's Destiny,39.27,37.99,28.21,-3.2594856124267912,-28.163992869875223,top-5000 GMV,$20-50
452353,Portal to Phyrexia (Extended Art),The Brothers' War,49.92,64.99,53.14,30.188301282051267,6.450320512820511,top-5000 GMV,$20-50
93190,Altar of the Brood,Khans of Tarkir,8.05,10.99,6.25,36.52173913043477,-22.36024844720497,top-5000 GMV,$5-10
513585,Leyline of Anticipation,Wilds of Eldraine: Enchanting Tales,6.76,8.49,5.72,25.59171597633137,-15.384615384615383,top-5000 GMV,$5-10
688682,Emeritus of Abundance (Extended Art),Secrets of Strixhaven,5.44,5.49,4.37,0.9191176470588204,-19.66911764705883,top-5000 GMV,$5-10
233776,Ponder,Time Spiral: Remastered,10.65,16.99,10.65,59.53051643192487,0.0,top-5000 GMV,$10-20
674680,Sunset Sarsaparilla Machine - Nuka-Cola Vending Machine,Secret Lair Drop Series,23.17,24.99,20.6,7.854984894259805,-11.091929218817436,top-5000 GMV,$20-50
670995,Dolmen Gate (Borderless),Special Guests,27.22,34.99,28.27,28.545187362233666,3.857457751653199,top-5000 GMV,$20-50
686591,Forest (0271),Secrets of Strixhaven,0.82,1.79,0.37,118.29268292682929,-54.8780487804878,top-5000 GMV,$0-1
58167,"Avacyn, Angel of Hope",Avacyn Restored,40.83,54.99,31.26,34.68038207200589,-23.43864805290227,top-5000 GMV,$20-50
648664,"Aang, Airbending Master",Avatar: The Last Airbender: Eternal-Legal,8.37,16.99,8.17,102.98685782556753,-2.389486260453994,top-5000 GMV,$5-10
563201,Mindbreak Trap (Future Sight),Mystery Booster 2,9.22,13.99,8.22,51.73535791757049,-10.845986984815616,top-5000 GMV,$5-10
218611,Sword of Fire and Ice,Double Masters,48.89,44.99,45.83,-7.97709142974023,-6.258948660257727,top-5000 GMV,$20-50
649608,"Bumi, Eclectic Earthbender",Avatar: The Last Airbender: Eternal-Legal,8.45,15.99,7.9,89.23076923076924,-6.5088757396449575,top-5000 GMV,$5-10
226861,"Ardenn, Intrepid Archaeologist",Commander Legends,5.73,5.99,4.55,4.537521815008723,-20.593368237347303,top-5000 GMV,$5-10
588051,"Wolverine, Best There Is",Secret Lair Drop Series,37.73,32.99,34.56,-12.562947256824794,-8.401802279353285,top-5000 GMV,$20-50
552857,"Ashling, Flame Dancer",Modern Horizons 3,5.38,9.49,5.1000000000000005,76.39405204460968,-5.204460966542739,top-5000 GMV,$5-10
696467,Super-Soldier Serum,Marvel Super Heroes,0.8,1.29,0.42,61.24999999999999,-47.5,top-5000 GMV,$0-1
689060,"Blech, Loafing Pest (Borderless)",Secrets of Strixhaven,2.4,1.99,0.98,-17.083333333333332,-59.16666666666666,top-5000 GMV,$2-5
662064,Sol Ring,Secret Lair Countdown Kit,16.39,19.99,12.33,21.9646125686394,-24.771201952410006,top-5000 GMV,$10-20
524345,Forest,Universes Beyond: Jurassic World Collection,8.64,9.99,7.4,15.624999999999996,-14.351851851851857,top-5000 GMV,$5-10
33464,"Valakut, the Molten Pinnacle",Zendikar,18.54,21.99,11.46,18.6084142394822,-38.18770226537216,top-5000 GMV,$10-20
164411,City of Traitors - 1999 Kai Budde (EXO),World Championship Decks,48.77,57.99,29.57,18.905064588886606,-39.36846421980727,top-5000 GMV,$20-50
563228,Grinding Station (Future Sight),Mystery Booster 2,12.83,15.99,13.0,24.629773967264228,1.3250194855806698,top-5000 GMV,$10-20
563068,City of Brass (Future Sight),Mystery Booster 2,16.11,19.99,16.11,24.084419615145865,0.0,top-5000 GMV,$10-20
235876,Dragon's Approach,Strixhaven: School of Mages,1.76,3.49,1.44,98.29545454545456,-18.181818181818183,top-5000 GMV,$1-2
533427,"Delney, Streetwise Lookout (Showcase)",Murders at Karlov Manor,35.97,42.99,37.04,19.51626355296081,2.9747011398387557,top-5000 GMV,$20-50
226624,Fyndhorn Elves,Commander Legends,2.21,3.49,2.34,57.91855203619911,5.882352941176466,top-5000 GMV,$2-5
517882,"Buttercup, Provincial Princess - Sisay, Weatherlight Captain",Secret Lair Drop Series,66.1,89.99,71.01,36.14220877458397,7.428139183055993,top-5000 GMV,$50-100
614435,Willowrush Verge,Aetherdrift,6.06,9.99,5.21,64.85148514851487,-14.02640264026402,top-5000 GMV,$5-10
687596,Scorched Geyser,Commander: Secrets of Strixhaven,1.65,2.49,1.04,50.90909090909093,-36.96969696969696,top-5000 GMV,$1-2
9003,Chaos Orb,Unlimited Edition,1142.28,2099.99,989.9,83.84196519242217,-13.339986693280109,top-5000 GMV,$200+
578912,Persistent Constrictor,Commander: Duskmourn: House of Horror,11.8,15.99,12.44,35.50847457627118,5.423728813559311,top-5000 GMV,$10-20
631097,Champions from Beyond,Commander: FINAL FANTASY,4.49,4.99,2.96,11.135857461024498,-34.07572383073497,top-5000 GMV,$2-5
688221,Turbulent Springs (Extended Art),Commander: Secrets of Strixhaven,5.3,6.99,5.0,31.8867924528302,-5.660377358490563,top-5000 GMV,$5-10
118421,Sensei's Divining Top,Eternal Masters,44.32,54.99,42.01,24.074909747292423,-5.21209386281589,top-5000 GMV,$20-50
545125,Fomori Vault,Outlaws of Thunder Junction: The Big Score,13.75,19.99,11.83,45.381818181818176,-13.963636363636365,top-5000 GMV,$10-20
212061,"Godzilla, Doom Inevitable - Yidaro, Wandering Monster",Ikoria: Lair of Behemoths,24.46,22.99,22.43,-6.009811937857736,-8.299264104660676,top-5000 GMV,$20-50
552630,Emperor of Bones,Modern Horizons 3,1.57,2.99,0.76,90.44585987261146,-51.59235668789809,top-5000 GMV,$1-2
578877,Sheltered by Ghosts,Duskmourn: House of Horror,1.5,2.79,0.92,86.0,-38.66666666666666,top-5000 GMV,$1-2
696298,The Scarlet Witch,Marvel Super Heroes,0.6,0.99,0.15,65.0,-75.0,top-5000 GMV,$0-1
257020,Steam Vents (Borderless),Unfinity,31.85,39.99,31.26,25.55729984301413,-1.8524332810047088,top-5000 GMV,$20-50
215343,"Azusa, Lost but Seeking",Core Set 2021,11.45,13.99,10.42,22.183406113537128,-8.99563318777292,top-5000 GMV,$10-20
8052,Yavimaya Coast,Apocalypse,32.58,34.99,14.93,7.39717618170658,-54.1743400859423,top-5000 GMV,$20-50
540931,Power Fist,Universes Beyond: Fallout,15.97,18.99,11.46,18.910457107075757,-28.240450845335,top-5000 GMV,$10-20
687344,Expansion Algorithm,Commander: Secrets of Strixhaven,2.17,2.79,1.56,28.571428571428577,-28.110599078341007,top-5000 GMV,$2-5
39423,Praetor's Grasp,New Phyrexia,11.14,15.99,9.25,43.53680430879712,-16.965888689407542,top-5000 GMV,$10-20
503577,Grand Abolisher,Commander Masters,16.43,20.99,17.06,27.75410833840535,3.834449178332313,top-5000 GMV,$10-20
697134,"Hyperion, Supreme Hero",Commander: Marvel Super Heroes,10.97,14.99,10.33,36.64539653600728,-5.834092980856887,top-5000 GMV,$10-20
615620,Bone Miser (Borderless),Special Guests,27.47,44.99,35.2,63.77866763742266,28.139788860575187,top-5000 GMV,$20-50
671180,Abundant Countryside,Commander: Lorwyn Eclipsed,3.05,4.99,2.76,63.6065573770492,-9.508196721311476,top-5000 GMV,$2-5
240047,Academy Manufactor,Modern Horizons 2,6.78,9.49,6.59,39.97050147492625,-2.802359882005905,top-5000 GMV,$5-10
190880,Force of Despair,Modern Horizons,7.89,12.99,7.91,64.63878326996199,0.2534854245880921,top-5000 GMV,$5-10
239837,Zuran Orb,Modern Horizons 2,3.09,2.79,1.97,-9.708737864077664,-36.24595469255663,top-5000 GMV,$2-5
11465,Chalice of the Void,Mirrodin,15.7,32.99,10.93,110.12738853503188,-30.38216560509554,top-5000 GMV,$10-20
559038,Dawn's Truce (Showcase),Bloomburrow,12.53,14.99,12.38,19.63288108539506,-1.197126895450907,top-5000 GMV,$10-20
262458,"Light-Paws, Emperor's Voice",Kamigawa: Neon Dynasty,3.29,5.99,3.43,82.06686930091186,4.255319148936175,top-5000 GMV,$2-5
499221,Entish Restoration,Universes Beyond: The Lord of the Rings: Tales of Middle-earth,3.14,4.49,2.87,42.99363057324841,-8.598726114649683,top-5000 GMV,$2-5
696267,"Captain Marvel, Earth's Protector (Borderless) (0354)",Marvel Super Heroes,11.85,14.99,11.98,26.49789029535865,1.0970464135021163,top-5000 GMV,$10-20
182836,Godless Shrine,Ravnica Allegiance,9.16,12.99,8.33,41.81222707423581,-9.06113537117904,top-5000 GMV,$5-10
514318,Agatha's Soul Cauldron,Promo Pack: Wilds of Eldraine,35.58,39.99,39.28,12.394603709949422,10.39910061832491,top-5000 GMV,$20-50
589357,"Niv-Mizzet, Visionary",Foundations,6.45,9.49,5.37,47.13178294573643,-16.74418604651163,top-5000 GMV,$5-10
504531,Grave Pact (Borderless),Commander Masters,35.75,49.99,35.7,39.83216783216783,-0.1398601398601319,top-5000 GMV,$20-50
698056,Skullclamp,Commander: Marvel Super Heroes,4.21,8.99,4.89,113.53919239904988,16.15201900237529,top-5000 GMV,$2-5
638917,Swamp (0264) (Borderless),Edge of Eternities,1.36,2.29,0.96,68.38235294117646,-29.41176470588236,top-5000 GMV,$1-2
659471,FAS-BOR7 Horus - Blightsteel Colossus,Secret Lair Drop Series,35.2,42.99,39.92,22.130681818181813,13.409090909090905,top-5000 GMV,$20-50
35573,Serra Ascendant,Magic 2011 (M11),31.43,34.99,26.05,11.32675787464207,-17.1174037543748,top-5000 GMV,$20-50
558360,"Ygra, Eater of All (Borderless)",Bloomburrow,18.58,22.99,17.400000000000002,23.73519913885899,-6.35091496232506,top-5000 GMV,$10-20
202945,Dolmen Gate,The List Reprints,29.11,24.99,26.62,-14.153211954654765,-8.553761593953963,top-5000 GMV,$20-50
651342,"Prowler, Clawed Thief",Marvel's Spider-Man,0.19,0.35,0.15,84.21052631578945,-21.052631578947373,top-5000 GMV,$0-1
499784,Rejuvenating Springs,Commander: The Lord of the Rings: Tales of Middle-earth,4.63,7.49,4.44,61.771058315334784,-4.103671706263488,top-5000 GMV,$2-5
276715,Mana Drain,Double Masters 2022,56.7,74.99,57.28,32.25749559082891,1.022927689594353,top-5000 GMV,$50-100
5714,Scroll Rack,Tempest,36.99,54.99,37.91,48.661800486618,2.487158691538239,top-5000 GMV,$20-50
697411,Hulkbuster Armor,Commander: Marvel Super Heroes,3.37,5.49,3.31,62.908011869436194,-1.7804154302670638,top-5000 GMV,$2-5
273400,Displacer Kitten (Extended Art),Commander Legends: Battle for Baldur's Gate,35.29,39.99,31.32,13.318220459053563,-11.249645792009066,top-5000 GMV,$20-50
187141,"Jace, Wielder of Mysteries",War of the Spark,9.22,12.99,8.59,40.88937093275488,-6.832971800433847,top-5000 GMV,$5-10
450544,Skullclamp (1112),Secret Lair Drop Series,77.76,64.99,80.29,-16.42232510288067,3.253600823045269,top-5000 GMV,$50-100
6889,Goblin Lackey,Urza's Saga,29.91,29.99,16.85,0.2674690738883259,-43.66432631227014,top-5000 GMV,$20-50
490977,Sheoldred (Showcase),March of the Machine,23.7,29.99,23.91,26.54008438818565,0.8860759493670923,top-5000 GMV,$20-50
517665,Watery Grave (Retro Frame),Ravnica Remastered,23.26,34.99,19.27,50.42992261392949,-17.153912295786768,top-5000 GMV,$20-50
589432,Phyrexian Arena,Foundations,4.31,5.49,4.14,27.378190255220435,-3.944315545243618,top-5000 GMV,$2-5
697185,Kindred Discovery,Commander: Marvel Super Heroes,5.57,9.49,5.71,70.3770197486535,2.513464991023333,top-5000 GMV,$5-10
221809,Wooded Foothills,Zendikar Rising Expeditions,33.59,37.99,33.34,13.099136647811845,-0.7442691277165823,top-5000 GMV,$20-50
509560,Doubling Season (Anime Borderless),Wilds of Eldraine: Enchanting Tales,40.31,59.99,42.2,48.821632349292976,4.688662862813199,top-5000 GMV,$20-50
662552,The Legend of Kyoshi (Borderless),Avatar: The Last Airbender,12.53,16.99,12.81,35.59457302474062,2.234636871508389,top-5000 GMV,$10-20
253047,"Toxrill, the Corrosive",Innistrad: Crimson Vow,17.25,18.99,12.63,10.086956521739122,-26.78260869565217,top-5000 GMV,$10-20
182838,Blood Crypt,Ravnica Allegiance,9.88,14.99,9.37,51.72064777327934,-5.161943319838072,top-5000 GMV,$5-10
490413,Kami of Whispered Hopes,March of the Machine,2.79,3.99,2.08,43.01075268817205,-25.44802867383512,top-5000 GMV,$2-5
544837,Imp's Mischief,Outlaws of Thunder Junction: Breaking News,7.69,9.99,6.9,29.908972691807534,-10.273081924577374,top-5000 GMV,$5-10
679161,Ninja Pizza,Commander: Teenage Mutant Ninja Turtles,3.19,4.99,2.6,56.42633228840126,-18.49529780564263,top-5000 GMV,$2-5
214835,Mana Crypt,Double Masters,41.21,47.99,40.4,16.452317398689644,-1.9655423440912452,top-5000 GMV,$20-50
37859,Forest - Full Art,Unhinged,10.08,9.49,3.17,-5.853174603174602,-68.5515873015873,top-5000 GMV,$10-20
686541,Withering Curse,Secrets of Strixhaven,0.99,1.29,0.5,30.303030303030308,-49.494949494949495,top-5000 GMV,$0-1
688725,Pongify,Secrets of Strixhaven: Mystical Archive,3.4,4.99,1.56,46.76470588235296,-54.11764705882353,top-5000 GMV,$2-5
687356,Naktamun Lorespinner,Commander: Secrets of Strixhaven,1.9,2.79,1.14,46.842105263157904,-40.0,top-5000 GMV,$1-2
530360,The Fourteenth Doctor,Secret Lair Drop Series,112.54,129.99,109.84,15.50559800959659,-2.3991469699662367,top-5000 GMV,$100-200
679117,Splinter of the Shadows - Ashcoat of the Shadow Swarm (Borderless),Teenage Mutant Ninja Turtles Source Material,4.4,5.99,2.82,36.136363636363626,-35.90909090909092,top-5000 GMV,$2-5
273302,Ancient Gold Dragon (Borderless),Commander Legends: Battle for Baldur's Gate,46.14,47.99,40.4,4.009536194191594,-12.44039878630256,top-5000 GMV,$20-50
609825,Cryptolith Rite,Innistrad Remastered,14.29,15.99,13.08,11.896431070678805,-8.467459762071371,top-5000 GMV,$10-20
457058,Urza's Incubator (Borderless),Dominaria Remastered,27.93,29.99,26.88,7.375581811672033,-3.759398496240604,top-5000 GMV,$20-50
633178,Clive Rosfield - Vial Smasher the Fierce (Showcase),FINAL FANTASY: Through the Ages,10.66,11.99,8.120000000000001,12.4765478424015,-23.82739212007504,top-5000 GMV,$10-20
504180,Balefire Dragon (Borderless),Commander Masters,25.36,39.99,27.08,57.689274447949536,6.782334384858039,top-5000 GMV,$20-50
696560,Avengers Disassembled,Marvel Super Heroes,0.78,2.79,0.45,257.6923076923077,-42.30769230769231,top-5000 GMV,$0-1
206758,"Thassa, Deep-Dwelling (Showcase)",Theros Beyond Death,27.91,34.99,29.08,25.367251881046226,4.192045861698309,top-5000 GMV,$20-50
638916,Island (0263) (Borderless),Edge of Eternities,1.12,2.99,0.52,166.9642857142857,-53.57142857142857,top-5000 GMV,$1-2
671294,Timeless Lotus,Commander: Lorwyn Eclipsed,2.53,4.99,1.82,97.2332015810277,-28.06324110671936,top-5000 GMV,$2-5
530867,Spark Double (Anime Borderless),Ravnica Remastered,18.03,27.99,17.46,55.241264559068206,-3.161397670549086,top-5000 GMV,$10-20
6245,Sigil of Sleep,Urza's Destiny,4.5,4.99,3.01,10.888888888888896,-33.111111111111114,top-5000 GMV,$2-5
548610,"Phelia, Exuberant Shepherd (Borderless)",Modern Horizons 3,7.92,10.99,7.33,38.76262626262626,-7.449494949494947,top-5000 GMV,$5-10
243336,Fighter Class,Adventures in the Forgotten Realms,7.62,7.99,6.7700000000000005,4.855643044619424,-11.154855643044614,top-5000 GMV,$5-10
698213,Helm of the Host,Commander: Marvel Super Heroes,5.91,8.49,5.41,43.65482233502538,-8.460236886632826,top-5000 GMV,$5-10
247826,Shipwreck Marsh,Innistrad: Midnight Hunt,6.57,10.99,6.640000000000001,67.27549467275495,1.0654490106544945,top-5000 GMV,$5-10
214840,Blightsteel Colossus (Borderless),Double Masters,67.58,99.99,73.74,47.95797573246522,9.115122817401591,top-5000 GMV,$50-100
218887,Darksteel Forge,Double Masters,44.32,54.99,44.7,24.074909747292423,0.8574007220216664,top-5000 GMV,$20-50
660567,"Zuko, Firebending Master",Avatar: The Last Airbender: Eternal-Legal,9.13,14.99,8.89,64.18400876232201,-2.628696604600221,top-5000 GMV,$5-10
479577,"Zopandrel, Hunger Dominus",Phyrexia: All Will Be One,12.95,15.99,11.38,23.47490347490348,-12.123552123552113,top-5000 GMV,$10-20
631216,Eye of Nidhogg,Commander: FINAL FANTASY,2.05,2.99,1.78,45.85365853658539,-13.170731707317064,top-5000 GMV,$2-5
257679,Island (296) - JP Full Art,Kamigawa: Neon Dynasty,3.69,4.99,2.77,35.23035230352304,-24.932249322493224,top-5000 GMV,$2-5
128280,Verdant Catacombs,Modern Masters 2017,38.41,37.99,29.12,-1.0934652434261771,-24.18640978911741,top-5000 GMV,$20-50
505965,Ondu Spiritdancer,Commander Masters,13.02,17.99,13.01,38.17204301075268,-0.0768049155145913,top-5000 GMV,$10-20
218573,Trinisphere,Double Masters,33.36,44.99,35.11,34.86211031175061,5.2458033573141485,top-5000 GMV,$20-50
591076,Basilisk Collar,Foundations,4.55,6.49,3.95,42.63736263736265,-13.18681318681318,top-5000 GMV,$2-5
662396,Sol Ring (Showcase),Avatar: The Last Airbender: Eternal-Legal,6.28,5.49,5.98,-12.579617834394904,-4.777070063694264,top-5000 GMV,$5-10
6713,"Squee, Goblin Nabob",Mercadian Masques,32.69,37.99,15.8,16.212909146528006,-51.66717650657693,top-5000 GMV,$20-50
504130,Kindred Dominance,Commander Masters,14.18,13.99,9.57,-1.339915373765864,-32.51057827926657,top-5000 GMV,$10-20
532982,Field of the Dead (Borderless),Special Guests,44.97,59.99,41.68,33.400044474093846,-7.3159884367356,top-5000 GMV,$20-50
218612,Sword of Fire and Ice (Borderless),Double Masters,80.95,84.99,83.49,4.990735021618272,3.1377393452748508,top-5000 GMV,$50-100
495612,"Karn, Legacy Reforged",March of the Machine: The Aftermath,19.86,19.99,21.15,0.6545820745216466,6.495468277945616,top-5000 GMV,$10-20
3376,City of Brass,Chronicles,34.79,37.99,21.65,9.198045415349249,-37.76947398677781,top-5000 GMV,$20-50
15655,Thoughtseize,Lorwyn,16.44,19.99,10.78,21.593673965936723,-34.42822384428224,top-5000 GMV,$10-20
480170,Phyrexian Altar,The List Reprints,55.21,69.99,58.2,26.77051258829921,5.415685564209386,top-5000 GMV,$50-100
59815,Diabolic Revelation,Magic 2013 (M13),9.35,10.99,4.4,17.540106951871664,-52.94117647058823,top-5000 GMV,$5-10
214839,Blightsteel Colossus,Double Masters,41.39,44.99,36.37,8.69775308045422,-12.128533462188942,top-5000 GMV,$20-50
285910,Sporocyst,"Universes Beyond: Warhammer 40,000",12.12,23.99,13.12,97.93729372937293,8.25082508250825,top-5000 GMV,$10-20
519779,Auton Soldier,Universes Beyond: Doctor Who,10.77,14.99,8.33,39.18291550603529,-22.655524605385327,top-5000 GMV,$10-20
641816,Mana Confluence (0070) (Borderless),Edge of Eternities: Stellar Sights,64.3,99.99,81.7,55.505443234836704,27.060653188180417,top-5000 GMV,$50-100
656804,The Destined Black Mage (Borderless),Commander: FINAL FANTASY,17.9,37.99,23.18,112.2346368715084,29.49720670391062,top-5000 GMV,$10-20
544825,Contagion Engine,Outlaws of Thunder Junction: Breaking News,12.13,14.99,11.08,23.577906018136844,-8.656224237427871,top-5000 GMV,$10-20
544175,Insatiable Avarice,Outlaws of Thunder Junction,4.8,6.99,4.75,45.62500000000001,-1.041666666666663,top-5000 GMV,$2-5
282840,"Dihada, Binder of Wills",Commander: Dominaria United,13.73,24.99,13.53,82.01019664967222,-1.456664238892943,top-5000 GMV,$10-20
221814,Arid Mesa,Zendikar Rising Expeditions,48.22,47.99,50.33,-0.4769805060140956,4.375777685607631,top-5000 GMV,$20-50
539469,Guardian Project,Universes Beyond: Fallout,13.26,18.99,12.5,43.21266968325791,-5.7315233785822,top-5000 GMV,$10-20
633737,Restoration Magic,FINAL FANTASY,2.21,2.79,1.12,26.24434389140272,-49.32126696832579,top-5000 GMV,$2-5
651360,"Gwenom, Remorseless",Marvel's Spider-Man,5.42,6.49,2.08,19.741697416974173,-61.62361623616236,top-5000 GMV,$5-10
11625,Darksteel Forge,Darksteel,40.56,57.99,38.55,42.97337278106508,-4.95562130177516,top-5000 GMV,$20-50
641728,"Haliya, Guided by Light",Edge of Eternities,1.8,4.99,1.53,177.22222222222223,-15.0,top-5000 GMV,$1-2
688224,Turbulent Steppe (Extended Art),Commander: Secrets of Strixhaven,4.85,6.49,3.89,33.81443298969074,-19.79381443298968,top-5000 GMV,$2-5
145275,Mana Drain,Iconic Masters,54.73,74.99,55.22,37.01808879956148,0.8953042207199015,top-5000 GMV,$50-100
656537,Demonic Tutor,Secret Lair Drop Series,110.22,119.99,114.62,8.86409000181455,3.992015968063877,top-5000 GMV,$100-200
262929,Sensei's Divining Top,The List Reprints,43.94,49.99,41.15,13.76877560309514,-6.34956759217114,top-5000 GMV,$20-50
498618,Delighted Halfling (Extended Art),Universes Beyond: The Lord of the Rings: Tales of Middle-earth,30.24,39.99,29.17,32.24206349206351,-3.5383597883597773,top-5000 GMV,$20-50
505835,Training Center (Borderless),Commander Masters,19.92,24.99,20.16,25.451807228915648,1.2048192771084258,top-5000 GMV,$10-20
4307,Culling the Weak,Exodus,7.29,12.99,6.24,78.18930041152264,-14.403292181069958,top-5000 GMV,$5-10
517519,The Skullspore Nexus,The Lost Caverns of Ixalan,10.99,12.99,10.87,18.198362147406733,-1.091901728844413,top-5000 GMV,$10-20
222115,Maddening Cacophony,Zendikar Rising,6.14,10.99,5.83,78.99022801302932,-5.048859934853414,top-5000 GMV,$5-10
687620,Patchwork Banner,Commander: Secrets of Strixhaven,2.22,3.49,2.01,57.2072072072072,-9.459459459459476,top-5000 GMV,$2-5
562507,Wasteland (White Border),Mystery Booster 2,15.57,27.99,14.46,79.76878612716762,-7.129094412331403,top-5000 GMV,$10-20
563085,Demonic Consultation (Future Sight),Mystery Booster 2,7.47,9.99,5.21,33.73493975903615,-30.254350736278447,top-5000 GMV,$5-10
230136,"Vorinclex, Monstrous Raider (Showcase)",Kaldheim,61.18,64.99,61.89,6.227525335076814,1.160509970578622,top-5000 GMV,$50-100
544838,Mindbreak Trap,Outlaws of Thunder Junction: Breaking News,9.38,11.99,8.22,27.825159914712145,-12.366737739872068,top-5000 GMV,$5-10
168740,"Nicol Bolas, the Ravager",Core Set 2019,18.33,22.99,11.77,25.422804146208406,-35.78832515002727,top-5000 GMV,$10-20
166662,Morphic Pool,Battlebond,29.15,37.99,29.95,30.32590051457977,2.7444253859348224,top-5000 GMV,$20-50
276316,Cavern of Souls,Double Masters 2022,52.96,57.99,52.02,9.497734138972811,-1.7749244712990893,top-5000 GMV,$50-100
282900,Tiller Engine,Commander: Dominaria United,22.78,37.99,23.46,66.76909569798069,2.98507462686567,top-5000 GMV,$20-50
191062,Eladamri's Call,Modern Horizons,11.39,12.99,9.83,14.047410008779623,-13.696224758560144,top-5000 GMV,$10-20
276937,Concordant Crossroads,Double Masters 2022,33.88,44.99,32.85,32.79220779220779,-3.040141676505316,top-5000 GMV,$20-50
206024,Swamp,Theros Beyond Death,1.73,1.99,0.5,15.028901734104046,-71.09826589595376,top-5000 GMV,$1-2
67321,Sacred Foundry,Gatecrash,9.52,16.99,9.37,78.46638655462183,-1.575630252100844,top-5000 GMV,$5-10
697023,Hawkeye's Bow,Marvel Super Heroes,0.25,0.35,0.15,39.99999999999999,-40.0,top-5000 GMV,$0-1
175203,Temple Garden,Guilds of Ravnica,8.02,10.99,7.55,37.032418952618464,-5.860349127182042,top-5000 GMV,$5-10
532881,Lush Portico,Murders at Karlov Manor,5.11,7.99,4.67,56.360078277886494,-8.61056751467711,top-5000 GMV,$5-10
651853,Counterspell (Borderless),Marvel Universe Eternal-Legal,11.34,12.99,8.32,14.550264550264552,-26.63139329805996,top-5000 GMV,$10-20
697447,Plaza of Heroes,Commander: Marvel Super Heroes,3.74,6.49,3.74,73.52941176470587,0.0,top-5000 GMV,$2-5
249500,The Meathook Massacre,Promo Pack: Innistrad: Midnight Hunt,27.66,34.99,27.72,26.500361532899504,0.2169197396963077,top-5000 GMV,$20-50
47648,Sundial of the Infinite,Magic 2012 (M12),14.7,19.99,10.42,35.986394557823125,-29.1156462585034,top-5000 GMV,$10-20
501913,Goblin Matron,Secret Lair Drop Series,41.06,34.99,42.5,-14.78324403312226,3.5070628348757857,top-5000 GMV,$20-50
662466,Mystical Tutor (Showcase),Avatar: The Last Airbender: Eternal-Legal,21.12,22.99,17.7,8.854166666666655,-16.193181818181827,top-5000 GMV,$20-50
687450,Monologue Tax,Commander: Secrets of Strixhaven,1.86,2.49,1.17,33.87096774193549,-37.09677419354839,top-5000 GMV,$1-2
507090,Rise of the Eldrazi (Extended Art),Commander Masters,24.84,34.99,28.34,40.861513687600656,14.090177133655391,top-5000 GMV,$20-50
235249,Dark Ritual (JP Alternate Art),Strixhaven: Mystical Archive,54.1,49.99,49.75,-7.597042513863215,-8.040665434380777,top-5000 GMV,$50-100
504186,"Mikaeus, the Unhallowed (Borderless)",Commander Masters,33.33,44.99,33.86,34.983498349835,1.5901590159015937,top-5000 GMV,$20-50
151825,Island,Unstable,4.05,4.99,2.85,23.209876543209887,-29.629629629629623,top-5000 GMV,$2-5
6865,Exploration,Urza's Saga,70.54,89.99,40.62,27.57300822228521,-42.41565069464135,top-5000 GMV,$50-100
4386,Recurring Nightmare,Exodus,84.28,84.99,50.76,0.842429995253908,-39.77218794494542,top-5000 GMV,$50-100
11655,Sword of Fire and Ice,Darksteel,44.62,44.99,34.56,0.8292245629762541,-22.545943523083807,top-5000 GMV,$20-50
590683,"Vito, Thorn of the Dusk Rose (Anime)",Foundations Jumpstart,8.37,14.99,8.49,79.0919952210275,1.4336917562724134,top-5000 GMV,$5-10
630866,Aerith Gainsborough (Borderless),FINAL FANTASY,9.86,10.99,6.25,11.460446247464512,-36.61257606490872,top-5000 GMV,$5-10
273372,Decanter of Endless Water,Commander Legends: Battle for Baldur's Gate,4.6,4.99,3.06,8.478260869565231,-33.47826086956521,top-5000 GMV,$2-5
2831,Birds of Paradise,7th Edition,18.93,24.99,57.27,32.012678288431054,202.5356576862124,top-5000 GMV,$10-20
552401,Subtlety (Borderless),Special Guests,15.77,23.99,15.94,52.12428662016486,1.0779961953075454,top-5000 GMV,$10-20
696278,"Shuri, Wakandan Inventor",Marvel Super Heroes,0.39,0.69,0.15,76.9230769230769,-61.53846153846154,top-5000 GMV,$0-1
513414,Court of Garenbrig,Commander: Wilds of Eldraine,16.75,22.99,11.46,37.253731343283576,-31.5820895522388,top-5000 GMV,$10-20
218872,"Avacyn, Angel of Hope (Borderless)",Double Masters,77.79,99.99,102.93,28.53837254145775,32.31777863478596,top-5000 GMV,$50-100
279244,Burgeoning (Borderless),Secret Lair Drop Series,47.27,49.99,42.56,5.754178125661093,-9.96403638671462,top-5000 GMV,$20-50
11976,Desperate Ritual,Champions of Kamigawa,6.34,7.99,4.67,26.02523659305994,-26.340694006309143,top-5000 GMV,$5-10
175582,"Niv-Mizzet, Parun",Guilds of Ravnica,4.64,5.99,4.63,29.09482758620691,-0.2155172413793057,top-5000 GMV,$2-5
6976,Phyrexian Tower,Urza's Saga,49.4,74.99,31.16,51.801619433198375,-36.92307692307692,top-5000 GMV,$20-50
273636,Concordant Crossroads,Secret Lair Drop Series,37.37,39.99,39.89,7.010971367407024,6.743377040406752,top-5000 GMV,$20-50
490400,Surrak and Goreclaw,March of the Machine,10.24,10.99,9.46,7.32421875,-7.617187499999993,top-5000 GMV,$10-20
693576,Lucky the Pizza Dog,Commander: Marvel Super Heroes,1.83,3.49,1.56,90.7103825136612,-14.754098360655735,top-5000 GMV,$1-2
6345,Mother of Runes,Urza's Legacy,13.52,15.99,8.09,18.269230769230774,-40.16272189349112,top-5000 GMV,$10-20
563089,Rishadan Port (Future Sight),Mystery Booster 2,12.22,16.99,9.88,39.0343698854337,-19.148936170212764,top-5000 GMV,$10-20
679188,"Raph & Mikey, Troublemakers (Showcase)",Teenage Mutant Ninja Turtles,5.23,7.99,4.58,52.77246653919693,-12.428298279158708,top-5000 GMV,$5-10
215342,Grim Tutor (Alternate Art),Core Set 2021,25.17,29.99,25.66,19.149781485895893,1.9467620182757184,top-5000 GMV,$20-50
267884,Elvish Spirit Guide (Borderless),Secret Lair Drop Series,33.84,37.99,35.36,12.263593380614653,4.4917257683215,top-5000 GMV,$20-50
499776,Asceticism,Commander: The Lord of the Rings: Tales of Middle-earth,6.3,6.99,4.22,10.95238095238096,-33.01587301587302,top-5000 GMV,$5-10
559142,Mockingbird (Showcase),Bloomburrow,6.87,9.49,6.3100000000000005,38.13682678311499,-8.151382823871902,top-5000 GMV,$5-10
285940,Shadow in the Warp,"Universes Beyond: Warhammer 40,000",19.41,24.99,19.0,28.74806800618237,-2.1123132405976306,top-5000 GMV,$10-20
696446,The Vision (Borderless),Marvel Super Heroes,2.51,3.49,1.45,39.04382470119524,-42.23107569721115,top-5000 GMV,$2-5
5688,Reflecting Pool,Tempest,46.04,44.99,30.03,-2.280625543006076,-34.77410947002606,top-5000 GMV,$20-50
5299,Withering Boon,Mirage,13.28,14.99,10.0,12.876506024096392,-24.69879518072289,top-5000 GMV,$10-20
10688,Seedborn Muse,Legions,20.47,27.99,15.18,36.73668783585735,-25.84269662921348,top-5000 GMV,$20-50
118429,Enlightened Tutor,Eternal Masters,38.3,42.99,35.43,12.24543080939949,-7.493472584856391,top-5000 GMV,$20-50
633124,The Water Crystal (Borderless),FINAL FANTASY,9.23,10.99,6.97,19.068255687973995,-24.485373781148432,top-5000 GMV,$5-10
257025,Watery Grave (Borderless),Unfinity,32.13,42.99,30.73,33.800186741363206,-4.35729847494554,top-5000 GMV,$20-50
190734,Force of Vigor,Modern Horizons,8.57,9.99,8.11,16.56942823803967,-5.367561260210045,top-5000 GMV,$5-10
559146,Valley Floodcaller,Bloomburrow,3.51,5.99,3.03,70.65527065527067,-13.675213675213676,top-5000 GMV,$2-5
167964,Mycosynth Lattice,Battlebond,36.74,39.99,36.53,8.84594447468699,-0.5715841045182386,top-5000 GMV,$20-50
71354,Whip of Erebos,Theros,7.24,12.99,6.19,79.41988950276243,-14.502762430939224,top-5000 GMV,$5-10
643637,Ancient Tomb (0046) (Borderless),Edge of Eternities: Stellar Sights,167.66,159.99,177.14,-4.574734581891917,5.65430036979601,top-5000 GMV,$100-200
686592,Deathcap Glade (Borderless),Secrets of Strixhaven,2.36,4.49,2.08,90.2542372881356,-11.864406779661008,top-5000 GMV,$2-5
226941,Wheel of Misfortune,Commander Legends,7.93,10.99,7.03,38.5876418663304,-11.349306431273638,top-5000 GMV,$5-10
122729,"Kambal, Consul of Allocation",Kaladesh,6.81,8.99,5.09,32.01174743024964,-25.25697503671072,top-5000 GMV,$5-10
656682,Deceit (Borderless),Lorwyn Eclipsed,6.58,10.99,6.9,67.02127659574468,4.8632218844984845,top-5000 GMV,$5-10
222132,Scute Swarm (Showcase),Zendikar Rising,8.82,12.99,8.07,47.27891156462584,-8.503401360544217,top-5000 GMV,$5-10
631176,Damning Verdict,Commander: FINAL FANTASY,3.48,6.49,3.35,86.49425287356323,-3.735632183908043,top-5000 GMV,$2-5
651335,"Electro, Assaulting Battery (Extended Art)",Marvel's Spider-Man,6.62,9.99,5.62,50.90634441087614,-15.105740181268882,top-5000 GMV,$5-10
240156,Archon of Cruelty,Modern Horizons 2,11.38,13.99,8.290000000000001,22.934973637961328,-27.152899824253076,top-5000 GMV,$10-20
151826,Swamp,Unstable,3.85,4.99,2.08,29.61038961038961,-45.97402597402597,top-5000 GMV,$2-5
686596,Stormcarved Coast (Borderless),Secrets of Strixhaven,2.17,3.99,2.29,83.8709677419355,5.529953917050697,top-5000 GMV,$2-5
4410,Sphere of Resistance,Exodus,31.2,42.99,22.87,37.78846153846155,-26.698717948717945,top-5000 GMV,$20-50
7842,Orim's Chant,Planeshift,22.98,27.99,15.47,21.801566579634454,-32.68059181897302,top-5000 GMV,$20-50
696480,Captain America's Shield (Borderless) (0317),Marvel Super Heroes,6.46,7.49,4.2700000000000005,15.944272445820436,-33.90092879256965,top-5000 GMV,$5-10
3484,Blood Moon,The Dark,68.35,89.99,41.68,31.66057059253841,-39.01975128017556,top-5000 GMV,$50-100
648590,Bloodthirsty Conqueror,Promo Pack: Edge of Eternities,34.1,42.99,35.95,26.07038123167155,5.425219941348978,top-5000 GMV,$20-50
34700,"Kozilek, Butcher of Truth",Rise of the Eldrazi,49.85,59.99,42.38,20.341023069207623,-14.984954864593778,top-5000 GMV,$20-50
39058,Consecrated Sphinx,Mirrodin Besieged,31.07,29.99,25.53,-3.476021886063733,-17.83070485999356,top-5000 GMV,$20-50
648704,Fated Firepower,Avatar: The Last Airbender,4.72,7.49,4.0200000000000005,58.68644067796611,-14.830508474576256,top-5000 GMV,$2-5
212007,"Mothra, Supersonic Queen - Luminous Broodmoth",Ikoria: Lair of Behemoths,48.46,49.99,49.34,3.1572430870821315,1.815930664465544,top-5000 GMV,$20-50
276657,"Animar, Soul of Elements",Double Masters 2022,29.81,32.99,30.92,10.667561221066768,3.723582690372369,top-5000 GMV,$20-50
679872,"Michelangelo, Weirdness to 11 (Borderless)",Teenage Mutant Ninja Turtles,6.58,6.99,4.16,6.23100303951368,-36.77811550151976,top-5000 GMV,$5-10
687543,Nature's Lore,Commander: Secrets of Strixhaven,2.75,4.49,2.58,63.27272727272728,-6.181818181818179,top-5000 GMV,$2-5
557276,Overlord of the Hauntwoods,Duskmourn: House of Horror,8.55,11.99,7.29,40.23391812865496,-14.736842105263165,top-5000 GMV,$5-10
33369,Mindbreak Trap,Zendikar,15.49,20.99,8.69,35.50677856681729,-43.89928986442867,top-5000 GMV,$10-20
505831,Vault of Champions,Commander Masters,20.36,18.99,16.04,-6.728880157170929,-21.218074656188605,top-5000 GMV,$20-50
697517,Clever Concealment,Commander: Marvel Super Heroes,4.57,7.49,3.68,63.89496717724288,-19.474835886214443,top-5000 GMV,$2-5
192896,Glint-Horn Buccaneer,Core Set 2020,8.59,13.99,7.38,62.86379511059372,-14.086146682188591,top-5000 GMV,$5-10
614429,Wastewood Verge (Borderless),Aetherdrift,10.06,14.99,9.88,49.005964214711724,-1.7892644135188838,top-5000 GMV,$10-20
618874,"Y'shtola, Night's Blessed",Commander: FINAL FANTASY,4.49,8.99,2.94,100.22271714922049,-34.52115812917595,top-5000 GMV,$2-5
499443,Lembas,Universes Beyond: The Lord of the Rings: Tales of Middle-earth,1.45,2.49,1.19,71.7241379310345,-17.931034482758623,top-5000 GMV,$1-2
187194,"Teferi, Time Raveler",War of the Spark,6.59,7.49,6.140000000000001,13.657056145675272,-6.828528072837623,top-5000 GMV,$5-10
631006,"Kefka, Court Mage",FINAL FANTASY,6.13,8.49,6.7700000000000005,38.49918433931485,10.440456769983696,top-5000 GMV,$5-10
190865,Giver of Runes,Modern Horizons,11.76,12.99,9.63,10.459183673469392,-18.112244897959176,top-5000 GMV,$10-20
162254,Helm of the Host,Dominaria,8.46,8.99,6.7700000000000005,6.264775413711576,-19.97635933806147,top-5000 GMV,$5-10
7720,Tsabo's Web,Invasion,32.74,37.99,19.99,16.035430665852168,-38.94318875992671,top-5000 GMV,$20-50
530880,Utvara Hellkite (Anime Borderless),Ravnica Remastered,26.72,37.99,24.45,42.17814371257486,-8.495508982035926,top-5000 GMV,$20-50
191343,Echo of Eons,Modern Horizons,12.86,12.99,11.08,1.010886469673412,-13.841368584758936,top-5000 GMV,$10-20
221818,Prismatic Vista,Zendikar Rising Expeditions,46.53,54.99,42.68,18.181818181818183,-8.274231678487,top-5000 GMV,$20-50
559137,Into the Flood Maw,Bloomburrow,2.78,4.49,2.03,61.51079136690649,-26.97841726618705,top-5000 GMV,$2-5
499811,Vanquisher's Banner,Commander: The Lord of the Rings: Tales of Middle-earth,5.04,6.99,4.23,38.69047619047619,-16.071428571428566,top-5000 GMV,$5-10
552293,Flare of Fortitude,Modern Horizons 3,4.06,5.99,3.31,47.5369458128079,-18.47290640394088,top-5000 GMV,$2-5
591209,Swiftfoot Boots (Borderless),Foundations,2.29,4.49,2.31,96.0698689956332,0.873362445414848,top-5000 GMV,$2-5
556385,Propaganda,Universes Beyond: Assassin's Creed,2.63,3.49,2.6,32.699619771863134,-1.1406844106463805,top-5000 GMV,$2-5
632108,Hope's Aero Magic - Cyclonic Rift,Secret Lair Drop Series,28.55,37.99,29.43,33.06479859894921,3.0823117338003465,top-5000 GMV,$20-50
697187,Raise Repulsor Shields - Raise the Palisade,Commander: Marvel Super Heroes,4.45,8.49,4.8,90.78651685393258,7.865168539325834,top-5000 GMV,$2-5
646614,"Doctor Octopus, Master Planner (Borderless)",Marvel's Spider-Man,9.12,8.49,7.0600000000000005,-6.907894736842095,-22.5877192982456,top-5000 GMV,$5-10
697387,"Hulk, Strongest There Is",Commander: Marvel Super Heroes,4.45,5.49,3.26,23.370786516853933,-26.741573033707876,top-5000 GMV,$2-5
530973,Bruvac the Grandiloquent (Anime Borderless),Ravnica Remastered,43.31,47.99,42.8,10.805818517663356,-1.177557146155634,top-5000 GMV,$20-50
199556,"Torbran, Thane of Red Fell",Throne of Eldraine,3.87,5.99,3.35,54.78036175710594,-13.436692506459949,top-5000 GMV,$2-5
267060,Ancient Brass Dragon (Showcase),Commander Legends: Battle for Baldur's Gate,44.17,49.99,41.66,13.176364047996378,-5.682589993208072,top-5000 GMV,$20-50
6680,Sandstone Needle,Mercadian Masques,5.56,4.99,1.55,-10.25179856115107,-72.12230215827337,top-5000 GMV,$5-10
563073,Cabal Ritual (Future Sight),Mystery Booster 2,15.18,18.99,15.15,25.098814229249005,-0.1976284584980195,top-5000 GMV,$10-20
559147,Valley Floodcaller (Showcase),Bloomburrow,6.98,7.99,5.71,14.46991404011461,-18.194842406876795,top-5000 GMV,$5-10
491820,"Ayara, First of Locthwain",March of the Machine: Multiverse Legends,9.17,10.99,8.33,19.847328244274813,-9.16030534351145,top-5000 GMV,$5-10
32662,Lurking Predators,Magic 2010 (M10),19.51,22.99,17.8,17.8370066632496,-8.764736032803693,top-5000 GMV,$10-20
448834,"Slicer, Hired Muscle",Universes Beyond: Transformers,8.76,9.99,7.29,14.041095890410965,-16.78082191780822,top-5000 GMV,$5-10
698205,Panther Habit,Commander: Marvel Super Heroes,3.17,4.99,3.18,57.41324921135648,0.3154574132492186,top-5000 GMV,$2-5
668487,Chaos Warp (Borderless),Marvel Universe Eternal-Legal,5.3,5.49,5.05,3.584905660377366,-4.716981132075472,top-5000 GMV,$5-10
2900,Final Fortune,7th Edition,17.8,17.99,14.34,1.067415730337066,-19.43820224719101,top-5000 GMV,$10-20
257021,Hallowed Fountain (Borderless),Unfinity,30.36,39.99,30.93,31.71936758893282,1.8774703557312264,top-5000 GMV,$20-50
272732,Monster Manual,Commander Legends: Battle for Baldur's Gate,9.67,10.99,8.33,13.65046535677353,-13.857290589451912,top-5000 GMV,$5-10
534638,Leyline of the Guildpact,Murders at Karlov Manor,3.57,5.49,3.1,53.781512605042025,-13.165266106442571,top-5000 GMV,$2-5
239180,Arid Mesa (Retro Frame),Modern Horizons 2,43.13,49.99,41.68,15.905402272200323,-3.3619290517041565,top-5000 GMV,$20-50
151828,Forest,Unstable,3.4,4.49,1.56,32.058823529411775,-54.11764705882353,top-5000 GMV,$2-5
687517,Serra Paragon,Commander: Secrets of Strixhaven,0.67,0.99,0.25,47.761194029850735,-62.68656716417911,top-5000 GMV,$0-1
663408,Calliope's Song - Seething Song,Secret Lair Drop Series,19.85,16.99,16.73,-14.408060453400518,-15.717884130982371,top-5000 GMV,$10-20
218698,Force of Will,Double Masters,69.46,84.99,60.77,22.358191765044637,-12.510797581341768,top-5000 GMV,$50-100
638919,Forest (0266) (Borderless),Edge of Eternities,1.07,2.79,0.64,160.74766355140187,-40.18691588785048,top-5000 GMV,$1-2
257040,Godless Shrine (Borderless),Unfinity,29.07,32.99,32.26,13.484692122463027,10.973512211902296,top-5000 GMV,$20-50
11811,Mycosynth Golem,Fifth Dawn,46.35,64.99,35.54,40.21574973031282,-23.322545846817697,top-5000 GMV,$20-50
4211,Phyrexian Devourer,Alliances,40.72,39.99,31.94,-1.7927308447937056,-21.561886051080545,top-5000 GMV,$20-50
9407,Entomb,Odyssey,26.9,32.99,16.09,22.63940520446098,-40.185873605947954,top-5000 GMV,$20-50
206023,Island,Theros Beyond Death,1.27,1.79,0.26,40.94488188976378,-79.52755905511812,top-5000 GMV,$1-2
499815,Herald's Horn,Commander: The Lord of the Rings: Tales of Middle-earth,4.97,5.99,4.49,20.523138832998,-9.65794768611669,top-5000 GMV,$2-5
526131,Permission Denied (Borderless),Universes Beyond: Jurassic World Collection,14.99,17.99,19.57,20.01334222815209,30.55370246831221,top-5000 GMV,$10-20
493992,Umezawa's Jitte,Secret Lair Drop Series,20.52,12.99,13.32,-36.69590643274854,-35.08771929824561,top-5000 GMV,$20-50
699638,"Black Widow, Agile Avenger (Extended Art)",Commander: Marvel Super Heroes,19.15,34.99,19.48,82.71540469973893,1.7232375979112369,top-5000 GMV,$10-20
276355,"Ulamog, the Infinite Gyre (Borderless)",Double Masters 2022,48.62,42.99,41.77,-11.579596873714513,-14.088852324146432,top-5000 GMV,$20-50
630924,Y'shtola Rhul,FINAL FANTASY,4.87,6.49,3.12,33.26488706365503,-35.93429158110883,top-5000 GMV,$2-5
558349,"Ral, Crackling Wit (Borderless)",Bloomburrow,17.07,22.99,15.89,34.680726420620964,-6.912712360867017,top-5000 GMV,$10-20
661960,Bloodbender's Rise - Bloodchief Ascension (Borderless),Avatar: The Last Airbender: Eternal-Legal,14.14,21.99,14.8,55.5162659123055,4.6676096181046685,top-5000 GMV,$10-20
679615,Hidden Hideout,Commander: Teenage Mutant Ninja Turtles,3.0,4.49,2.08,49.66666666666668,-30.666666666666664,top-5000 GMV,$2-5
517241,Galadhrim Brigade (Borderless),Commander: The Lord of the Rings: Tales of Middle-earth,12.91,21.99,11.45,70.33307513555383,-11.309062742060425,top-5000 GMV,$10-20
198909,"Ayara, First of Locthwain",Throne of Eldraine,8.13,10.99,7.8,35.178351783517826,-4.059040590405916,top-5000 GMV,$5-10
558446,Three Tree City (Borderless) (0338),Bloomburrow,42.8,57.99,41.68,35.49065420560749,-2.616822429906536,top-5000 GMV,$20-50
642113,"Adagia, Windswept Bastion",Edge of Eternities,5.53,8.49,4.5600000000000005,53.526220614828205,-17.540687160940323,top-5000 GMV,$5-10
59890,Akroma's Memorial,Magic 2013 (M13),36.59,42.99,25.99,17.491117791746376,-28.96966384257995,top-5000 GMV,$20-50
520174,Heroic Intervention,Universes Beyond: Doctor Who,15.61,16.99,10.42,8.840486867392691,-33.24791800128123,top-5000 GMV,$10-20
268915,Slip Out the Back,Streets of New Capenna,3.86,6.49,3.92,68.13471502590674,1.5544041450777215,top-5000 GMV,$2-5
495606,"Ob Nixilis, Captive Kingpin",March of the Machine: The Aftermath,17.81,18.99,16.67,6.625491297024142,-6.400898371701275,top-5000 GMV,$10-20
670973,Vibrance (Borderless),Lorwyn Eclipsed,5.01,8.49,3.9,69.46107784431139,-22.15568862275449,top-5000 GMV,$5-10
14103,Rite of Flame,Coldsnap,5.86,8.49,5.72,44.88054607508532,-2.3890784982935247,top-5000 GMV,$5-10
675587,Mathemagics (Extended Art),Secrets of Strixhaven,4.94,5.49,3.8,11.133603238866392,-23.076923076923087,top-5000 GMV,$2-5
226407,Three Visits,Commander Legends,4.68,7.49,4.8,60.04273504273505,2.5641025641025665,top-5000 GMV,$2-5
276397,Bitterblossom,Double Masters 2022,34.35,34.99,33.78,1.8631732168850088,-1.6593886462882104,top-5000 GMV,$20-50
253668,Hullbreaker Horror,Innistrad: Crimson Vow,5.67,8.99,5.21,58.55379188712523,-8.112874779541446,top-5000 GMV,$5-10
614399,Bleachbone Verge (Borderless),Aetherdrift,9.71,13.99,9.4,44.07826982492275,-3.192584963954691,top-5000 GMV,$5-10
697200,"Immortus, Master of Eternity",Commander: Marvel Super Heroes,6.2,12.99,6.0600000000000005,109.51612903225806,-2.2580645161290267,top-5000 GMV,$5-10
239727,"Chatterfang, Squirrel General (Borderless)",Modern Horizons 2,24.4,21.99,23.34,-9.87704918032787,-4.344262295081962,top-5000 GMV,$20-50
37875,Island - Full Art,Unhinged,11.87,9.99,3.98,-15.838247683235036,-66.47009267059813,top-5000 GMV,$10-20
517661,Steam Vents (Retro Frame),Ravnica Remastered,25.77,34.99,25.22,35.7780364765231,-2.134264648816456,top-5000 GMV,$20-50
544668,Annie Joins Up,Outlaws of Thunder Junction,4.39,3.49,3.3000000000000003,-20.501138952164,-24.829157175398624,top-5000 GMV,$2-5
679568,Endless Foot Assault,Commander: Teenage Mutant Ninja Turtles,2.88,3.49,1.82,21.180555555555568,-36.80555555555555,top-5000 GMV,$2-5
129836,Throne of the God-Pharaoh,Amonkhet,6.32,9.49,5.42,50.15822784810127,-14.240506329113929,top-5000 GMV,$5-10
480168,Mycosynth Lattice,The List Reprints,37.79,42.99,36.45,13.760254035459123,-3.5459116168298395,top-5000 GMV,$20-50
632145,Cloud's Buster Sword - Umezawa's Jitte,Secret Lair Drop Series,24.74,21.99,24.99,-11.115602263540826,1.0105092966855296,top-5000 GMV,$20-50
457085,"Yawgmoth, Thran Physician (Retro Frame)",Dominaria Remastered,26.14,34.99,31.55,33.85615914307575,20.69625095638868,top-5000 GMV,$20-50
505828,Spectator Seating,Commander Masters,13.72,14.99,10.42,9.256559766763845,-24.052478134110792,top-5000 GMV,$10-20
179463,Goryo's Vengeance,Ultimate Masters,12.81,18.99,12.97,48.243559718969536,1.249024199843873,top-5000 GMV,$10-20
198755,Embercleave,Throne of Eldraine,8.79,14.99,9.24,70.53469852104666,5.119453924914688,top-5000 GMV,$5-10
480185,Sword of Feast and Famine,The List Reprints,39.07,49.99,38.02,27.94983363194267,-2.687484003071403,top-5000 GMV,$20-50
203001,Lotus Petal,The List Reprints,37.31,42.99,35.07,15.223800589654246,-6.003752345215765,top-5000 GMV,$20-50
533194,Ranger-Captain of Eos,The List Reprints,38.28,54.99,39.16,43.65203761755486,2.298850574712632,top-5000 GMV,$20-50
532990,Victimize (Borderless),Special Guests,17.24,21.99,10.93,27.55220417633411,-36.600928074245935,top-5000 GMV,$10-20
519239,Fiery Islet,Universes Beyond: Doctor Who,3.84,5.49,4.04,42.968750000000014,5.208333333333338,top-5000 GMV,$2-5
576515,Floodfarm Verge (Borderless),Duskmourn: House of Horror,10.65,12.99,9.37,21.97183098591549,-12.018779342723017,top-5000 GMV,$10-20
243290,Xorn,Adventures in the Forgotten Realms,7.72,10.99,6.25,42.35751295336788,-19.04145077720207,top-5000 GMV,$5-10
128275,Arid Mesa,Modern Masters 2017,37.04,42.99,33.3,16.06371490280778,-10.097192224622036,top-5000 GMV,$20-50
524352,"Aclazotz, Deepest Betrayal",The Lost Caverns of Ixalan,8.45,12.99,8.57,53.727810650887584,1.4201183431952782,top-5000 GMV,$5-10
582345,"Muxus, Goblin Grandee",The List Reprints,12.43,14.99,12.49,20.59533386967016,0.4827031375703982,top-5000 GMV,$10-20
641776,Stomping Ground (Borderless),Edge of Eternities,9.81,12.99,8.17,32.415902140672785,-16.717635066258925,top-5000 GMV,$5-10
221806,Flooded Strand,Zendikar Rising Expeditions,35.15,44.99,31.88,27.994310099573266,-9.302987197724038,top-5000 GMV,$20-50
6354,Palinchron,Urza's Legacy,44.63,39.99,26.84,-10.396594219135112,-39.86107999103742,top-5000 GMV,$20-50
541294,Wooded Foothills (Extended Art),Modern Horizons 3,21.71,27.99,21.5,28.926761860893585,-0.9672961768770192,top-5000 GMV,$20-50
696485,"Daredevil, Man Without Fear (Borderless) (0324)",Marvel Super Heroes,3.88,4.99,3.1,28.60824742268042,-20.10309278350515,top-5000 GMV,$2-5
451977,Unwinding Clock (Schematic),The Brothers' War: Retro Frame Artifacts,19.81,24.99,19.79,26.14840989399293,-0.1009591115598161,top-5000 GMV,$10-20
541292,Polluted Delta (Extended Art),Modern Horizons 3,23.08,37.99,22.09,64.60138648180245,-4.289428076256493,top-5000 GMV,$20-50
688654,Practiced Offense,Secrets of Strixhaven,1.29,2.49,0.26,93.0232558139535,-79.84496124031007,top-5000 GMV,$1-2
560063,Skullclamp,Commander: Bloomburrow,7.2,8.49,6.37,17.916666666666668,-11.52777777777778,top-5000 GMV,$5-10
563181,Chain of Vapor (Future Sight),Mystery Booster 2,10.0,10.99,9.61,9.900000000000002,-3.9000000000000057,top-5000 GMV,$10-20
34738,Soul's Attendant,Rise of the Eldrazi,4.28,7.49,3.68,75.0,-14.018691588785048,top-5000 GMV,$2-5
668454,The Coming of Galactus,Marvel Super Heroes,1.31,2.79,1.03,112.9770992366412,-21.37404580152672,top-5000 GMV,$1-2
47669,Grand Abolisher,Magic 2012 (M12),19.29,24.99,16.77,29.54898911353032,-13.06376360808709,top-5000 GMV,$10-20
518879,Everybody Lives!,Universes Beyond: Doctor Who,13.95,15.99,13.32,14.623655913978505,-4.516129032258057,top-5000 GMV,$10-20
14368,Spirit Loop,Time Spiral,13.64,11.99,8.49,-12.09677419354839,-37.75659824046921,top-5000 GMV,$10-20
600473,The Meathook Massacre,Innistrad Remastered,26.99,32.99,27.35,22.230455724342363,1.333827343460552,top-5000 GMV,$20-50
631114,Authority of the Consuls,Commander: FINAL FANTASY,4.69,6.49,4.53,38.37953091684434,-3.411513859275056,top-5000 GMV,$2-5
8819,Lightning Bolt,Beta Edition,349.49,329.99,196.81,-5.579558785659103,-43.68651463561189,top-5000 GMV,$200+
696428,"Black Panther, Wakandan King (Borderless)",Marvel Universe Eternal-Legal,4.26,5.49,3.41,28.87323943661973,-19.95305164319248,top-5000 GMV,$2-5
563187,Echo of Eons (Future Sight),Mystery Booster 2,9.71,12.99,9.03,33.779608650875375,-7.003089598352228,top-5000 GMV,$5-10
9236,Tundra,Unlimited Edition,1200.49,2299.99,1042.0,91.58760172929384,-13.202109138768336,top-5000 GMV,$200+
458753,Mystic Remora (Borderless),Dominaria Remastered,11.65,14.99,11.45,28.669527896995707,-1.7167381974249016,top-5000 GMV,$10-20
696268,Monica Rambeau (Borderless) (0356),Marvel Super Heroes,7.25,11.99,7.86,65.37931034482759,8.413793103448281,top-5000 GMV,$5-10
233910,"Kiki-Jiki, Mirror Breaker",Time Spiral: Remastered,16.04,14.99,14.03,-6.546134663341639,-12.531172069825436,top-5000 GMV,$10-20
117736,Force of Will,Eternal Masters,68.42,84.99,65.68,24.21806489330604,-4.004676995030685,top-5000 GMV,$50-100
643051,"Evendo, Waking Haven (Borderless)",Edge of Eternities,18.56,24.99,17.78,34.644396551724135,-4.202586206896539,top-5000 GMV,$10-20
696658,The Wondrous Wasp,Marvel Super Heroes,0.69,1.29,0.15,86.95652173913045,-78.26086956521738,top-5000 GMV,$0-1
697310,"Daredevil, Fearless Fighter",Commander: Marvel Super Heroes,3.12,5.49,2.99,75.96153846153845,-4.166666666666663,top-5000 GMV,$2-5
646136,"Ghost-Spider, Gwen Stacy",Marvel's Spider-Man: Eternal-Legal,11.04,17.99,7.65,62.95289855072463,-30.706521739130427,top-5000 GMV,$10-20
259260,Dracula's Tomb - Phyrexian Tower,Secret Lair Drop Series,50.83,69.99,44.35,37.69427503442848,-12.74837694275034,top-5000 GMV,$50-100
206693,"Heliod, Sun-Crowned (Showcase)",Theros Beyond Death,21.43,32.99,20.08,53.943070461969214,-6.29958002799814,top-5000 GMV,$20-50
697333,Wanda's Vision,Commander: Marvel Super Heroes,7.56,9.49,7.47,25.52910052910054,-1.1904761904761887,top-5000 GMV,$5-10
517697,Watery Grave (Borderless),Ravnica Remastered,27.15,34.99,18.9,28.876611418047897,-30.386740331491712,top-5000 GMV,$20-50
633168,Crystal of Altar Cave - Chromatic Lantern (Showcase),FINAL FANTASY: Through the Ages,6.97,9.99,6.140000000000001,43.32855093256816,-11.908177905308454,top-5000 GMV,$5-10
578081,Enduring Vitality (Extended Art),Duskmourn: House of Horror,14.8,18.99,17.01,28.310810810810796,14.93243243243244,top-5000 GMV,$10-20
505838,Vault of Champions (Borderless),Commander Masters,17.54,22.99,17.44,31.07183580387685,-0.5701254275940586,top-5000 GMV,$10-20
631750,Summon: Yojimbo (Borderless),Commander: FINAL FANTASY,10.76,10.99,9.75,2.1375464684014918,-9.386617100371746,top-5000 GMV,$10-20
262422,"Takenuma, Abandoned Mire (Borderless)",Kamigawa: Neon Dynasty,17.83,19.99,16.66,12.1144139091419,-6.561974200785184,top-5000 GMV,$10-20
535786,Necromancy,Commander: Murders at Karlov Manor,19.87,21.99,19.25,10.669350780070443,-3.120281831907403,top-5000 GMV,$10-20
465580,Gamble (Retro Frame),Dominaria Remastered,16.18,21.99,17.13,35.908529048207654,5.871446229913469,top-5000 GMV,$10-20
5947,Tithe,Visions,36.4,44.99,32.56,23.59890109890111,-10.54945054945054,top-5000 GMV,$20-50
641811,Gemstone Caverns (0061) (Borderless),Edge of Eternities: Stellar Sights,80.34,94.99,103.15,18.235001244709974,28.39183470251432,top-5000 GMV,$50-100
218833,Archangel of Thune,Double Masters,63.45,54.99,39.77,-13.333333333333334,-37.320724980299445,top-5000 GMV,$50-100
1945,Sylvan Library,Fourth Edition,34.42,37.99,27.15,10.371876815804765,-21.12144102266125,top-5000 GMV,$20-50
589326,Archmage of Runes,Foundations,3.15,4.99,2.86,58.412698412698425,-9.20634920634921,top-5000 GMV,$2-5
498525,Forge Anew,Universes Beyond: The Lord of the Rings: Tales of Middle-earth,5.68,5.99,4.54,5.457746478873248,-20.070422535211264,top-5000 GMV,$5-10
145286,Archangel of Thune,Iconic Masters,59.22,54.99,53.14,-7.142857142857138,-10.266801756163456,top-5000 GMV,$50-100
686539,Eiganjo Dynastorian,Commander: Secrets of Strixhaven,1.28,1.49,0.76,16.406249999999996,-40.625,top-5000 GMV,$1-2
697558,Quantum Misalignment,Commander: Marvel Super Heroes,4.26,5.99,4.37,40.61032863849767,2.582159624413153,top-5000 GMV,$2-5
563235,Natural Order (Future Sight),Mystery Booster 2,15.81,21.99,16.080000000000002,39.08918406072105,1.707779886148016,top-5000 GMV,$10-20
286459,Commissar Severina Raine,"Universes Beyond: Warhammer 40,000",18.92,22.99,18.31,21.511627906976724,-3.2241014799154493,top-5000 GMV,$10-20
532898,Commercial District (Borderless),Murders at Karlov Manor,10.98,15.99,10.08,45.62841530054644,-8.196721311475413,top-5000 GMV,$10-20
11314,Isochron Scepter,Mirrodin,12.67,16.99,8.33,34.0962904498816,-34.25414364640884,top-5000 GMV,$10-20
128281,Misty Rainforest,Modern Masters 2017,38.08,42.99,38.12,12.89390756302522,0.1050420168067204,top-5000 GMV,$20-50
6234,"Rofellos, Llanowar Emissary",Urza's Destiny,71.12,49.99,28.58,-29.7103487064117,-59.81439820022497,top-5000 GMV,$50-100
660740,Secret Tunnel,Avatar: The Last Airbender,2.95,3.99,1.3,35.25423728813559,-55.93220338983051,top-5000 GMV,$2-5
513421,Throne of Eldraine (Extended Art),Commander: Wilds of Eldraine,34.61,49.99,33.85,44.4380236925744,-2.195897139555036,top-5000 GMV,$20-50
66547,Deathrite Shaman,Return to Ravnica,7.33,8.99,6.25,22.646657571623464,-14.733969986357437,top-5000 GMV,$5-10
39429,Birthing Pod,New Phyrexia,13.43,14.99,11.48,11.615785554728223,-14.519731943410273,top-5000 GMV,$10-20
552353,"Tamiyo, Inquisitive Student (Borderless)",Modern Horizons 3,23.18,37.99,22.69,63.89128559102676,-2.11389128559102,top-5000 GMV,$20-50
689365,Triumph of the Hordes (JP Alternate Art),Secrets of Strixhaven: Mystical Archive,12.24,16.99,11.59,38.80718954248364,-5.310457516339872,top-5000 GMV,$10-20
563244,Krark-Clan Ironworks (Future Sight),Mystery Booster 2,14.35,18.99,13.69,32.334494773519154,-4.599303135888503,top-5000 GMV,$10-20
562748,Screaming Nemesis,Duskmourn: House of Horror,7.44,9.49,6.0600000000000005,27.55376344086021,-18.548387096774192,top-5000 GMV,$5-10
283118,Plaza of Heroes,Dominaria United,7.67,8.99,6.88,17.20990873533247,-10.29986962190352,top-5000 GMV,$5-10
192644,"Vilis, Broker of Blood",Core Set 2020,9.12,15.99,8.74,75.32894736842107,-4.166666666666656,top-5000 GMV,$5-10
233881,"Yawgmoth, Thran Physician",Time Spiral: Remastered,33.14,32.99,31.26,-0.4526252263126088,-5.672902836451415,top-5000 GMV,$20-50
648668,"Appa, Steadfast Guardian (Borderless)",Avatar: The Last Airbender,12.86,12.99,11.59,1.010886469673412,-9.8755832037325,top-5000 GMV,$10-20
196277,Seedborn Muse,Commander 2019,15.11,20.99,15.1,38.91462607544672,-0.0661813368630032,top-5000 GMV,$10-20
67320,Godless Shrine,Gatecrash,9.22,16.99,8.06,84.27331887201733,-12.58134490238612,top-5000 GMV,$5-10
544277,Spirebluff Canal,Outlaws of Thunder Junction,5.16,8.99,3.85,74.2248062015504,-25.387596899224807,top-5000 GMV,$5-10
578900,The Lord of Pain (Borderless),Commander: Duskmourn: House of Horror,8.87,15.99,8.74,80.27057497181512,-1.4656144306651524,top-5000 GMV,$5-10
457198,Entomb,Dominaria Remastered,16.9,21.99,15.63,30.118343195266277,-7.514792899408272,top-5000 GMV,$10-20
257676,Plains (293) - JP Full Art,Kamigawa: Neon Dynasty,3.07,3.49,3.21,13.680781758957666,4.560260586319222,top-5000 GMV,$2-5
495646,Training Grounds,March of the Machine: The Aftermath,9.77,12.99,8.32,32.95803480040942,-14.84135107471852,top-5000 GMV,$5-10
560662,African Swallow - Birds of Paradise,Secret Lair Drop Series,41.49,44.99,44.36,8.435767654856592,6.917329476982399,top-5000 GMV,$20-50
688910,Dismember,Secrets of Strixhaven: Mystical Archive,2.51,3.49,1.92,39.04382470119524,-23.505976095617527,top-5000 GMV,$2-5
524278,Dino DNA (Borderless),Universes Beyond: Jurassic World Collection,15.91,18.99,15.46,19.358893777498416,-2.8284098051539868,top-5000 GMV,$10-20
286534,Vexilus Praetor,"Universes Beyond: Warhammer 40,000",15.14,18.99,15.31,25.42932628797885,1.1228533685601052,top-5000 GMV,$10-20
552660,Warren Soultrader (Retro Frame),Modern Horizons 3,18.28,24.99,18.75,36.70678336980305,2.571115973741788,top-5000 GMV,$10-20
696424,Primal Vigor (Borderless),Marvel Universe Eternal-Legal,5.32,6.99,5.21,31.39097744360902,-2.0676691729323364,top-5000 GMV,$5-10
504555,"Heliod, Sun-Crowned",Commander Masters,21.33,27.99,20.2,31.223628691983123,-5.297702766057192,top-5000 GMV,$20-50
504569,"Mikaeus, the Unhallowed",Commander Masters,24.27,27.99,21.92,15.32756489493201,-9.682735887927477,top-5000 GMV,$20-50
624325,Goldlust Triad,Commander: Tarkir: Dragonstorm,5.71,7.99,5.19,39.92994746059545,-9.106830122591935,top-5000 GMV,$5-10
478553,Sword of Forge and Frontier,Phyrexia: All Will Be One,10.59,16.99,8.65,60.43437204910291,-18.319169027384323,top-5000 GMV,$10-20
190867,Goblin Engineer,Modern Horizons,9.68,9.99,7.42,3.2024793388429806,-23.34710743801653,top-5000 GMV,$5-10
624049,Sol Ring,Commander: Tarkir: Dragonstorm,1.64,2.79,1.43,70.1219512195122,-12.804878048780486,top-5000 GMV,$1-2
548596,Flare of Denial,Modern Horizons 3,3.4,5.49,2.9,61.47058823529413,-14.705882352941178,top-5000 GMV,$2-5
688877,Living End (JP Alternate Art),Secrets of Strixhaven: Mystical Archive,10.17,16.99,10.42,67.0599803343166,2.4582104228121926,top-5000 GMV,$10-20
695483,Sheltered by Ghosts,Secret Lair Drop Series,20.7,21.99,19.57,6.231884057971011,-5.458937198067628,top-5000 GMV,$20-50
524319,Bonehoard Dracosaur (Borderless),The Lost Caverns of Ixalan,16.05,19.99,15.09,24.548286604361355,-5.981308411214958,top-5000 GMV,$10-20
282860,The Reaver Cleaver,Commander: Dominaria United,20.0,21.99,16.78,9.949999999999992,-16.099999999999994,top-5000 GMV,$20-50
689107,Dina's Guidance,Secrets of Strixhaven,0.97,0.79,0.15,-18.55670103092783,-84.5360824742268,top-5000 GMV,$0-1
553119,Eldrazi Monument,Commander: Modern Horizons 3,9.46,10.99,9.21,16.17336152219872,-2.642706131078224,top-5000 GMV,$5-10
609699,"Avacyn, Angel of Hope (Retro Frame)",Innistrad Remastered,30.35,42.99,33.7,41.647446457990114,11.037891268533777,top-5000 GMV,$20-50
579319,Hall of Heliod's Generosity,Commander: Duskmourn: House of Horror,12.45,15.99,11.84,28.43373493975905,-4.899598393574292,top-5000 GMV,$10-20
696243,M.O.D.O.K. (Extended Art),Marvel Super Heroes,7.22,10.99,5.62,52.21606648199448,-22.1606648199446,top-5000 GMV,$5-10
651956,Savage Beating (Borderless),Marvel Universe Eternal-Legal,10.11,11.99,8.33,18.595450049455994,-17.606330365974276,top-5000 GMV,$10-20
559952,Academy Manufactor,Commander: Bloomburrow,7.06,8.99,6.3500000000000005,27.33711048158641,-10.05665722379602,top-5000 GMV,$5-10
671135,Tree of Perdition,Commander: Lorwyn Eclipsed,2.59,5.49,2.3000000000000003,111.969111969112,-11.19691119691118,top-5000 GMV,$2-5
698220,Black Panther's Claws - Hammer of Nazahn,Commander: Marvel Super Heroes,5.28,8.49,4.58,60.79545454545454,-13.25757575757576,top-5000 GMV,$5-10
276348,Vedalken Orrery,Double Masters 2022,18.87,16.99,16.41,-9.962904080551152,-13.03656597774245,top-5000 GMV,$10-20
215322,Rite of Flame,Signature Spellbook: Chandra,6.5,8.99,5.5200000000000005,38.30769230769231,-15.076923076923071,top-5000 GMV,$5-10
668481,Ephemerate (Borderless),Marvel Universe Eternal-Legal,4.85,7.49,5.19,54.43298969072167,7.0103092783505305,top-5000 GMV,$2-5
688461,Into the Flood Maw (Retro Frame),WPN & Gateway Promos,3.0,5.49,2.95,83.0,-1.6666666666666607,top-5000 GMV,$2-5
591780,Rise of the Dark Realms (Borderless),Foundations,21.97,29.99,17.71,36.504324078288576,-19.39007737824305,top-5000 GMV,$20-50
39106,Sword of Feast and Famine,Mirrodin Besieged,42.09,54.99,39.59,30.64861012116892,-5.939653124257543,top-5000 GMV,$20-50
452750,Cityscape Leveler,The Brothers' War,13.51,15.99,12.47,18.35677276091784,-7.698001480384894,top-5000 GMV,$10-20
540844,Atomize,Universes Beyond: Fallout,12.12,14.99,10.15,23.67986798679869,-16.254125412541246,top-5000 GMV,$10-20
524279,Life Finds a Way (Borderless),Universes Beyond: Jurassic World Collection,16.11,17.99,14.6,11.6697703289882,-9.373060211049037,top-5000 GMV,$10-20
696420,Seize the Day (Borderless),Marvel Universe Eternal-Legal,3.88,5.99,4.1,54.38144329896908,5.670103092783499,top-5000 GMV,$2-5
686568,"Ral Zarek, Guest Lecturer (Borderless)",Secrets of Strixhaven,3.42,2.79,1.84,-18.421052631578945,-46.19883040935672,top-5000 GMV,$2-5
6389,Snap,Urza's Legacy,4.64,5.99,2.07,29.09482758620691,-55.38793103448276,top-5000 GMV,$2-5
262438,"Otawara, Soaring City (Extended Art)",Kamigawa: Neon Dynasty,35.43,42.99,35.42,21.33784928027096,-0.0282246683601411,top-5000 GMV,$20-50
206022,Plains,Theros Beyond Death,0.92,1.79,0.35,94.56521739130434,-61.95652173913045,top-5000 GMV,$0-1
600452,Snapcaster Mage (Retro Frame),Innistrad Remastered,19.07,24.99,17.17,31.04352385946512,-9.963293130571572,top-5000 GMV,$10-20
182842,Breeding Pool,Ravnica Allegiance,9.85,14.99,9.37,52.18274111675128,-4.8730964467005125,top-5000 GMV,$5-10
273532,Astral Dragon,Commander Legends: Battle for Baldur's Gate,19.86,23.99,18.98,20.795568982880155,-4.431017119838867,top-5000 GMV,$10-20
3175,City of Brass,Arabian Nights,789.99,1099.99,703.42,39.24100305067152,-10.958366561602052,top-5000 GMV,$200+
686594,Shattered Sanctum (Borderless),Secrets of Strixhaven,2.22,4.49,1.51,102.25225225225223,-31.98198198198199,top-5000 GMV,$2-5
12581,Biorhythm,9th Edition,33.68,32.99,25.87,-2.0486935866983305,-23.18883610451306,top-5000 GMV,$20-50
624140,Dracogenesis (0300) (Showcase),Tarkir: Dragonstorm,15.62,16.99,14.09,8.770806658130597,-9.795134443021764,top-5000 GMV,$10-20
498680,Borne Upon a Wind,Universes Beyond: The Lord of the Rings: Tales of Middle-earth,4.34,4.49,1.45,3.456221198156691,-66.58986175115207,top-5000 GMV,$2-5
590832,High Fae Trickster (Borderless),Foundations,7.9,11.99,6.86,51.77215189873417,-13.164556962025316,top-5000 GMV,$5-10
180789,Phyrexian Tower,Ultimate Masters,27.97,39.99,26.98,42.97461565963533,-3.539506614229526,top-5000 GMV,$20-50
697018,"Black Widow, Super Spy (Borderless) (0364)",Marvel Super Heroes,9.89,13.99,10.4,41.45601617795753,5.156723963599593,top-5000 GMV,$5-10
176426,Beast Whisperer,Guilds of Ravnica,7.5,10.99,7.05,46.53333333333334,-6.000000000000003,top-5000 GMV,$5-10
536706,"Delney, Streetwise Lookout",Promo Pack: Murders at Karlov Manor,33.1,47.99,33.58,44.98489425981873,1.450151057401803,top-5000 GMV,$20-50
513386,Experimental Confectioner,Wilds of Eldraine,7.19,9.49,7.890000000000001,31.98887343532684,9.73574408901252,top-5000 GMV,$5-10
688475,Sowing Mycospawn,Secret Lair Showdown,4.22,6.49,4.42,53.79146919431281,4.739336492891,top-5000 GMV,$2-5
624741,Nature's Rhythm (Borderless),Tarkir: Dragonstorm,5.89,7.49,4.48,27.1646859083192,-23.93887945670627,top-5000 GMV,$5-10
452236,"Liberator, Urza's Battlethopter",The Brothers' War,7.38,8.99,7.18,21.81571815718158,-2.710027100271005,top-5000 GMV,$5-10
679071,Teleportation Circle (Borderless),Teenage Mutant Ninja Turtles Source Material,5.04,7.49,5.0,48.61111111111112,-0.7936507936507943,top-5000 GMV,$5-10
688875,Living End,Secrets of Strixhaven: Mystical Archive,2.78,3.99,2.84,43.52517985611512,2.158273381294966,top-5000 GMV,$2-5
541308,Bloodstained Mire (Extended Art),Modern Horizons 3,18.95,27.99,21.36,47.70448548812665,12.717678100263855,top-5000 GMV,$10-20
591672,Rise of the Dark Realms,Foundations,6.25,7.99,4.4,27.840000000000003,-29.599999999999994,top-5000 GMV,$5-10
660578,Heroic Intervention (Borderless),Avatar: The Last Airbender: Eternal-Legal,15.31,18.99,14.27,24.036577400391888,-6.792945787067282,top-5000 GMV,$10-20
10878,Stifle,Scourge,38.28,37.99,29.53,-0.7575757575757553,-22.85788923719958,top-5000 GMV,$20-50
624449,Command Beacon,Commander: Tarkir: Dragonstorm,9.07,11.99,7.71,32.19404630650496,-14.99448732083793,top-5000 GMV,$5-10
273301,Ancient Bronze Dragon,Commander Legends: Battle for Baldur's Gate,19.38,20.99,16.86,8.30753353973168,-13.003095975232196,top-5000 GMV,$10-20
559947,"Toski, Bearer of Secrets",Commander: Bloomburrow,8.45,7.99,7.390000000000001,-5.44378698224851,-12.544378698224836,top-5000 GMV,$5-10
273674,Black Market Connections,Commander Legends: Battle for Baldur's Gate,19.14,24.99,18.01,30.564263322884,-5.90386624869383,top-5000 GMV,$10-20
121620,Burgeoning,Conspiracy: Take the Crown,35.26,37.99,30.72,7.742484401588213,-12.875779920589904,top-5000 GMV,$20-50
145317,Serra Ascendant,Iconic Masters,30.84,32.99,28.24,6.971465629053185,-8.430609597924779,top-5000 GMV,$20-50
646008,"Spider-Man, Peter Parker",Marvel's Spider-Man: Eternal-Legal,9.89,15.99,9.27,61.67846309403438,-6.268958543983831,top-5000 GMV,$5-10
552883,Springheart Nantuko (Borderless),Modern Horizons 3,7.53,8.99,6.03,19.389110225763613,-19.9203187250996,top-5000 GMV,$5-10
541283,Psychic Frog (Borderless),Modern Horizons 3,15.22,17.99,14.68,18.199737187910628,-3.547963206307496,top-5000 GMV,$10-20
624149,Ghostly Prison,Commander: Tarkir: Dragonstorm,5.69,5.99,4.16,5.272407732864672,-26.889279437609844,top-5000 GMV,$5-10
563236,Final Fortune (Future Sight),Mystery Booster 2,10.06,11.99,8.32,19.18489065606361,-17.296222664015907,top-5000 GMV,$10-20
221816,Morphic Pool,Zendikar Rising Expeditions,31.24,49.99,24.64,60.01920614596672,-21.12676056338028,top-5000 GMV,$20-50
33265,Bloodchief Ascension,Zendikar,20.11,27.99,16.95,39.18448533068125,-15.713575335653903,top-5000 GMV,$20-50
257022,Blood Crypt (Borderless),Unfinity,26.8,37.99,26.05,41.75373134328358,-2.798507462686567,top-5000 GMV,$20-50
491025,"Ozolith, the Shattered Spire",March of the Machine,7.79,7.49,4.68,-3.8510911424903695,-39.9229781771502,top-5000 GMV,$5-10
697391,Return of the Mole Man,Commander: Marvel Super Heroes,8.42,14.99,7.79,78.02850356294537,-7.482185273159144,top-5000 GMV,$5-10
66421,Temple Garden,Return to Ravnica,7.54,11.99,7.29,59.01856763925729,-3.3156498673740056,top-5000 GMV,$5-10
700798,Aggravated Assault (2691),Secret Lair Drop Series,20.06,24.99,20.82,24.57627118644068,3.788634097706888,top-5000 GMV,$20-50
530858,"Niv-Mizzet, Parun (Anime Borderless)",Ravnica Remastered,9.1,12.99,8.59,42.74725274725276,-5.604395604395602,top-5000 GMV,$5-10
190649,Snow-Covered Island,Modern Horizons,1.92,1.99,1.19,3.645833333333337,-38.02083333333333,top-5000 GMV,$1-2
77298,Mishra's Factory (Winter),Antiquities,659.99,599.99,416.78,-9.09104683404294,-36.85055834179306,top-5000 GMV,$200+
681215,Academy Manufactor (7094),Secret Lair Drop Series,9.02,12.99,8.94,44.01330376940134,-0.8869179600886926,top-5000 GMV,$5-10
199506,The Great Henge (Extended Art),Throne of Eldraine,78.12,119.99,87.3,53.597030209933415,11.751152073732708,top-5000 GMV,$50-100
635394,Tataru Taru (Extended Art),Commander: FINAL FANTASY,10.05,12.99,9.33,29.25373134328357,-7.1641791044776175,top-5000 GMV,$10-20
230165,The World Tree,Kaldheim,6.85,9.49,6.19,38.540145985401466,-9.635036496350354,top-5000 GMV,$5-10
657761,"Raphael, Tag Team Tough",Commander: Teenage Mutant Ninja Turtles,5.93,3.49,3.61,-41.146711635750414,-39.123102866779085,top-5000 GMV,$5-10
643881,Robe of Stars (Showcase),Special Guests,15.72,16.99,14.44,8.078880407124668,-8.142493638676852,top-5000 GMV,$10-20
114864,Eerie Interlude,Shadows over Innistrad,6.42,11.99,6.23,86.7601246105919,-2.9595015576323918,top-5000 GMV,$5-10
257678,Island (295) - JP Full Art,Kamigawa: Neon Dynasty,2.73,4.49,2.35,64.46886446886447,-13.919413919413914,top-5000 GMV,$2-5
175200,Sacred Foundry,Guilds of Ravnica,9.91,15.99,9.97,61.35216952573158,0.6054490413723561,top-5000 GMV,$5-10
262950,Umezawa's Jitte,The List Reprints,15.96,16.99,11.97,6.453634085213017,-25.0,top-5000 GMV,$10-20
6060,Lotus Vale,Weatherlight,38.09,49.99,21.15,31.2417957469152,-44.473615122079295,top-5000 GMV,$20-50
609707,Griselbrand (Showcase),Innistrad Remastered,16.16,18.99,15.83,17.51237623762375,-2.0420792079207923,top-5000 GMV,$10-20
697516,Rejuvenating Springs,Commander: Marvel Super Heroes,3.74,4.49,3.95,20.05347593582888,5.614973262032084,top-5000 GMV,$2-5
452655,Awaken the Woods,The Brothers' War,13.41,18.99,13.49,41.61073825503354,0.5965697240865032,top-5000 GMV,$10-20
552881,Fanatic of Rhonas (Extended Art),Modern Horizons 3,15.51,20.99,16.93,35.33204384268213,9.15538362346873,top-5000 GMV,$10-20
609769,Hullbreaker Horror (Borderless),Innistrad Remastered,10.86,15.99,10.42,47.23756906077349,-4.051565377532224,top-5000 GMV,$10-20
226907,Reshape the Earth,Commander Legends,13.51,16.99,14.17,25.758697261287928,4.885270170244264,top-5000 GMV,$10-20
652015,Mindbreak Trap (Borderless),Marvel Universe Eternal-Legal,7.22,11.99,6.72,66.06648199445985,-6.925207756232688,top-5000 GMV,$5-10
214842,Doubling Season (Borderless),Double Masters,70.09,59.99,68.16,-14.410044228848626,-2.7536025110572218,top-5000 GMV,$50-100
457501,Counterspell,Dominaria Remastered,2.58,3.99,2.56,54.65116279069768,-0.7751937984496131,top-5000 GMV,$2-5
524425,Chromatic Orrery (Borderless),Commander: The Lost Caverns of Ixalan,57.54,64.99,53.08,12.947514772332283,-7.751129648939869,top-5000 GMV,$50-100
625697,"Elspeth, Storm Slayer",Promo Pack: Tarkir: Dragonstorm,36.94,47.99,36.47,29.913373037357893,-1.272333513806169,top-5000 GMV,$20-50
453931,Portal to Phyrexia,Promo Pack: The Brothers' War,36.65,54.99,58.13,50.04092769440656,58.60845839017736,top-5000 GMV,$20-50
576513,Blazemire Verge (Borderless),Duskmourn: House of Horror,10.93,16.99,10.42,55.44373284537968,-4.666056724611161,top-5000 GMV,$10-20
118463,Green Sun's Zenith,Eternal Masters,29.32,37.99,31.66,29.570259208731247,7.980900409276943,top-5000 GMV,$20-50
590118,Ancient Greenwarden,Foundations Jumpstart,11.79,17.99,11.91,52.58693808312128,1.0178117048346145,top-5000 GMV,$10-20
576530,Thornspire Verge,Duskmourn: House of Horror,5.5,7.49,4.87,36.18181818181819,-11.454545454545451,top-5000 GMV,$5-10
145283,"Kokusho, the Evening Star",Iconic Masters,23.4,34.99,22.4,49.52991452991455,-4.273504273504273,top-5000 GMV,$20-50
499501,Sanguine Bond,Commander: The Lord of the Rings: Tales of Middle-earth,5.84,6.49,5.5200000000000005,11.130136986301377,-5.479452054794511,top-5000 GMV,$5-10
78965,"Phenax, God of Deception",Born of the Gods,16.6,15.99,10.4,-3.67469879518073,-37.34939759036145,top-5000 GMV,$10-20
562750,Enduring Tenacity (Extended Art),Duskmourn: House of Horror,11.89,16.99,14.07,42.89318755256516,18.33473507148864,top-5000 GMV,$10-20
674549,"The Ghoul, Gunslinger",Secret Lair Drop Series,10.68,14.99,9.37,40.355805243445694,-12.26591760299626,top-5000 GMV,$10-20
686634,"Adrix and Nev, Twincasters (Borderless)",Special Guests,6.05,7.99,6.25,32.06611570247935,3.305785123966945,top-5000 GMV,$5-10
10871,Pemmin's Aura,Scourge,12.31,12.99,7.49,5.523964256701866,-39.15515840779854,top-5000 GMV,$10-20
674653,Gitaxian Probe (2067),Secret Lair Drop Series,17.71,21.99,16.92,24.167137210615454,-4.460756634669673,top-5000 GMV,$10-20
233864,Thoughtseize,Time Spiral: Remastered,13.43,18.99,13.12,41.399851079672366,-2.308265078183176,top-5000 GMV,$10-20
285880,Nexos,"Universes Beyond: Warhammer 40,000",12.59,18.99,11.62,50.83399523431294,-7.7045274027005615,top-5000 GMV,$10-20
696387,"Iron Man, Armored Avenger",Commander: Marvel Super Heroes,3.92,4.99,3.62,27.295918367346943,-7.653061224489792,top-5000 GMV,$2-5
13261,Doubling Season,Ravnica: City of Guilds,41.24,49.99,31.16,21.2172647914646,-24.44228903976722,top-5000 GMV,$20-50
129978,Approach of the Second Sun,Amonkhet,6.06,4.99,3.94,-17.656765676567648,-34.98349834983498,top-5000 GMV,$5-10
526081,Kindred Discovery,Commander: The Lost Caverns of Ixalan,13.17,12.99,9.21,-1.3667425968109317,-30.06833712984054,top-5000 GMV,$10-20
552345,Six (Borderless),Modern Horizons 3,14.05,16.99,12.42,20.925266903914576,-11.601423487544489,top-5000 GMV,$10-20
457226,Sylvan Library (Borderless),Dominaria Remastered,30.51,32.99,27.61,8.128482464765652,-9.505080301540485,top-5000 GMV,$20-50
609601,"Gisela, the Broken Blade",Innistrad Remastered,20.81,32.99,19.79,58.52955309947143,-4.901489668428638,top-5000 GMV,$20-50
535847,Seedborn Muse,Commander: Murders at Karlov Manor,16.73,20.99,14.58,25.4632396891811,-12.851165570830844,top-5000 GMV,$10-20
199288,Castle Garenbrig,Throne of Eldraine,8.34,11.99,7.29,43.76498800959233,-12.589928057553957,top-5000 GMV,$5-10
499810,Door of Destinies,Commander: The Lord of the Rings: Tales of Middle-earth,6.22,6.49,5.32,4.340836012861744,-14.46945337620578,top-5000 GMV,$5-10
66624,Sphere of Safety,Return to Ravnica,4.64,6.49,3.2,39.87068965517243,-31.03448275862068,top-5000 GMV,$2-5
498350,Minas Tirith,Universes Beyond: The Lord of the Rings: Tales of Middle-earth,6.06,8.99,6.19,48.34983498349836,2.1452145214521585,top-5000 GMV,$5-10
183219,Rhythm of the Wild,Ravnica Allegiance,4.79,6.99,4.16,45.92901878914405,-13.152400835073069,top-5000 GMV,$2-5
686598,Sundown Pass (Borderless),Secrets of Strixhaven,2.21,3.99,1.82,80.54298642533938,-17.647058823529406,top-5000 GMV,$2-5
658482,"Freya, Queen of the Valkyries - Iroas, God of Victory",Secret Lair Drop Series,15.23,17.99,15.0,18.122127380170703,-1.5101772816808956,top-5000 GMV,$10-20
4644,Demonic Consultation,Ice Age,8.06,9.49,5.14,17.741935483870964,-36.22828784119108,top-5000 GMV,$5-10
575273,Ghost Vacuum,Duskmourn: House of Horror,3.58,5.49,2.93,53.35195530726258,-18.156424581005584,top-5000 GMV,$2-5
94339,Goblin Welder,Commander 2014,23.96,32.99,22.91,37.68781302170285,-4.382303839732891,top-5000 GMV,$20-50
688942,Winds of Abandon,Secrets of Strixhaven: Mystical Archive,3.25,4.99,2.92,53.53846153846155,-10.153846153846157,top-5000 GMV,$2-5
697599,Three Visits,Commander: Marvel Super Heroes,4.18,7.49,4.15,79.18660287081342,-0.7177033492822814,top-5000 GMV,$2-5
233914,Simian Spirit Guide,Time Spiral: Remastered,3.26,3.49,2.9,7.055214723926394,-11.04294478527607,top-5000 GMV,$2-5
192521,Scheming Symmetry,Core Set 2020,8.22,11.99,7.55,45.86374695863746,-8.150851581508526,top-5000 GMV,$5-10
662391,Flawless Maneuver (Showcase),Avatar: The Last Airbender: Eternal-Legal,20.8,32.99,21.7,58.60576923076923,4.3269230769230695,top-5000 GMV,$20-50
679194,Rhythm of the Wild (Borderless),Teenage Mutant Ninja Turtles Source Material,4.09,6.99,4.0,70.90464547677263,-2.200488997555009,top-5000 GMV,$2-5
555976,Black Market Connections (Extended Art),Universes Beyond: Assassin's Creed,20.53,22.99,19.21,11.982464685825606,-6.429615197272286,top-5000 GMV,$20-50
548576,Nethergoyf,Modern Horizons 3,3.22,6.99,3.02,117.0807453416149,-6.211180124223608,top-5000 GMV,$2-5
128856,Cyclonic Rift,Modern Masters 2017,33.66,37.99,29.34,12.863933452168762,-12.834224598930472,top-5000 GMV,$20-50
539757,Silver Shroud Costume,Universes Beyond: Fallout,10.38,14.99,9.55,44.412331406551054,-7.996146435452794,top-5000 GMV,$10-20
687658,"Veyran, Voice of Duality",Commander: Secrets of Strixhaven,1.63,3.99,0.98,144.78527607361966,-39.87730061349693,top-5000 GMV,$1-2
696674,Castle Doom,Marvel Super Heroes,0.55,0.49,0.15,-10.90909090909092,-72.72727272727273,top-5000 GMV,$0-1
39095,Inkmoth Nexus,Mirrodin Besieged,12.77,14.99,10.12,17.38449490994519,-20.751761942051687,top-5000 GMV,$10-20
651375,Arachnogenesis (Borderless),Marvel Universe Eternal-Legal,8.62,10.99,7.22,27.49419953596289,-16.241299303944313,top-5000 GMV,$5-10
498397,Witch-king of Angmar,Universes Beyond: The Lord of the Rings: Tales of Middle-earth,7.59,9.99,8.07,31.6205533596838,6.324110671936764,top-5000 GMV,$5-10
277181,Crucible of Worlds,Double Masters 2022,33.52,39.99,34.27,19.30190930787589,2.2374701670644392,top-5000 GMV,$20-50
216247,Lurking Predators,Jumpstart,20.53,21.99,17.89,7.111544081831453,-12.859230394544571,top-5000 GMV,$20-50
503407,Arcane Signet (Borderless),Commander Masters,5.88,9.99,5.19,69.89795918367348,-11.734693877551011,top-5000 GMV,$5-10
662023,Isochron Scepter,Secret Lair Countdown Kit,9.7,12.99,8.33,33.91752577319589,-14.12371134020618,top-5000 GMV,$5-10
700801,Aura Shards (2694),Secret Lair Drop Series,20.21,23.99,19.76,18.70361207323106,-2.226620484908457,top-5000 GMV,$20-50
641978,Exploration Broodship,Commander: Edge of Eternities,3.55,4.49,3.42,26.478873239436638,-3.661971830985913,top-5000 GMV,$2-5
11640,Mycosynth Lattice,Darksteel,38.91,37.99,35.94,-2.3644307375995752,-7.632999228989974,top-5000 GMV,$20-50
475528,"Vorinclex, Monstrous Raider (Concept Praetor)",Phyrexia: All Will Be One,66.55,74.99,61.58,12.68219383921863,-7.468069120961681,top-5000 GMV,$50-100
129468,Coat of Arms,Duel Decks: Mind vs. Might,19.83,23.99,16.61,20.97831568330812,-16.23802319717599,top-5000 GMV,$10-20
630965,Summon: Primal Odin (Borderless),FINAL FANTASY,8.36,7.99,6.62,-4.4258373205741535,-20.813397129186598,top-5000 GMV,$5-10
257682,Mountain (299) - JP Full Art,Kamigawa: Neon Dynasty,2.68,3.49,1.87,30.22388059701492,-30.22388059701492,top-5000 GMV,$2-5
496031,Call of the Ring,Universes Beyond: The Lord of the Rings: Tales of Middle-earth,4.18,5.49,3.82,31.3397129186603,-8.612440191387558,top-5000 GMV,$2-5
1712,Dark Ritual,Fourth Edition,3.75,4.49,1.56,19.733333333333334,-58.4,top-5000 GMV,$2-5
615204,Conjurer's Closet,Commander: Aetherdrift,3.85,5.49,3.48,42.5974025974026,-9.610389610389614,top-5000 GMV,$2-5
57666,"Mikaeus, the Unhallowed",Dark Ascension,25.55,34.99,20.4,36.94716242661448,-20.156555772994132,top-5000 GMV,$20-50
557923,Omniscience,Foundations,5.7,8.49,5.72,48.94736842105263,0.3508771929824486,top-5000 GMV,$5-10
548592,Urza's Cave,Modern Horizons 3,1.12,1.99,0.51,77.6785714285714,-54.46428571428572,top-5000 GMV,$1-2
499327,Henneth Annun - Reflecting Pool (Borderless),Commander: The Lord of the Rings: Tales of Middle-earth,22.39,42.99,19.97,92.00535953550693,-10.80839660562752,top-5000 GMV,$20-50
600474,The Meathook Massacre (Retro Frame),Innistrad Remastered,26.53,32.99,27.83,24.34979268752356,4.900113079532593,top-5000 GMV,$20-50
222167,Ancient Greenwarden,Zendikar Rising,12.05,15.99,11.57,32.697095435684645,-3.983402489626559,top-5000 GMV,$10-20
525784,Herald's Horn,Commander: The Lost Caverns of Ixalan,5.01,5.49,4.3500000000000005,9.5808383233533,-13.173652694610762,top-5000 GMV,$5-10
128282,Scalding Tarn,Modern Masters 2017,41.55,44.99,39.26,8.27918170878461,-5.511432009626954,top-5000 GMV,$20-50
507093,Darksteel Monolith (Extended Art),Commander Masters,24.58,29.99,23.96,22.009764035801467,-2.522375915378346,top-5000 GMV,$20-50
4167,Helm of Obedience,Alliances,27.33,42.99,20.7,57.29967069154777,-24.25905598243688,top-5000 GMV,$20-50
631235,Lightning Greaves,Commander: FINAL FANTASY,4.53,6.49,4.11,43.26710816777042,-9.271523178807945,top-5000 GMV,$2-5
644790,Inventors' Fair (0021) (Borderless),Edge of Eternities: Stellar Sights,16.92,23.99,17.080000000000002,41.78486997635931,0.945626477541372,top-5000 GMV,$10-20
544435,Terror of the Peaks (Extended Art),Outlaws of Thunder Junction,46.23,57.99,40.25,25.438027255029212,-12.93532338308457,top-5000 GMV,$20-50
517657,Hallowed Fountain (Retro Frame),Ravnica Remastered,17.86,32.99,16.1,84.71444568868982,-9.854423292273228,top-5000 GMV,$10-20
475505,Phyrexian Obliterator,Phyrexia: All Will Be One,9.29,13.99,9.25,50.592034445640486,-0.4305705059203353,top-5000 GMV,$5-10
9234,Tropical Island,Unlimited Edition,1049.99,1699.99,820.57,61.9053514795379,-21.84973190220859,top-5000 GMV,$200+
451928,Altar of Dementia,The Brothers' War: Retro Frame Artifacts,17.52,20.99,16.740000000000002,19.805936073059357,-4.452054794520534,top-5000 GMV,$10-20
513890,Waste Not,Wilds of Eldraine: Enchanting Tales,6.23,7.99,5.62,28.250401284109145,-9.79133226324238,top-5000 GMV,$5-10
221308,Sylvan Library,Commander Collection: Green,28.72,32.99,26.57,14.867688022284137,-7.486072423398324,top-5000 GMV,$20-50
215963,Neyith of the Dire Hunt,Jumpstart,12.7,19.99,12.5,57.4015748031496,-1.5748031496062938,top-5000 GMV,$10-20
698010,Kindred Dominance,Commander: Marvel Super Heroes,3.45,5.99,3.02,73.62318840579711,-12.463768115942033,top-5000 GMV,$2-5
517640,Blood Crypt (Retro Frame),Ravnica Remastered,22.72,20.99,19.19,-7.614436619718312,-15.536971830985904,top-5000 GMV,$20-50
52170,Moonmist,Innistrad,2.03,2.49,0.93,22.66009852216751,-54.18719211822659,top-5000 GMV,$2-5
687507,"Gorma, the Gullet (Borderless)",Commander: Secrets of Strixhaven,2.01,1.99,0.78,-0.9950248756218804,-61.19402985074627,top-5000 GMV,$2-5
204758,"Purphoros, God of the Forge",The List Reprints,31.05,34.99,28.81,12.689210950080518,-7.214170692431568,top-5000 GMV,$20-50
679146,"Michelangelo, Improviser (Borderless)",Teenage Mutant Ninja Turtles,8.04,8.49,7.72,5.5970149253731485,-3.980099502487555,top-5000 GMV,$5-10
36417,Grafted Exoskeleton,Scars of Mirrodin,5.79,6.99,4.42,20.725388601036272,-23.66148531951641,top-5000 GMV,$5-10
216140,Phyrexian Tower,Jumpstart,27.73,39.99,26.03,44.2120447169131,-6.1305445366029545,top-5000 GMV,$20-50
552873,Boggart Trawler,Modern Horizons 3,0.87,2.29,0.7000000000000001,163.2183908045977,-19.540229885057464,top-5000 GMV,$0-1
630902,"Firion, Swordmaster - Sram, Senior Edificer (Showcase)",FINAL FANTASY: Through the Ages,6.17,6.99,5.97,13.29011345218801,-3.2414910858995163,top-5000 GMV,$5-10
240166,Dauthi Voidwalker,Modern Horizons 2,4.35,6.49,3.49,49.1954022988506,-19.770114942528725,top-5000 GMV,$2-5
693025,The Vision,Marvel Super Heroes,0.72,1.29,0.26,79.16666666666667,-63.888888888888886,top-5000 GMV,$0-1
578058,Withering Torment,Duskmourn: House of Horror,2.75,3.49,2.07,26.90909090909092,-24.727272727272734,top-5000 GMV,$2-5
67323,Watery Grave,Gatecrash,10.49,16.99,8.44,61.9637750238322,-19.54242135367017,top-5000 GMV,$10-20
39544,Mindcrank,New Phyrexia,9.5,12.99,7.6,36.736842105263165,-20.000000000000004,top-5000 GMV,$5-10
687521,Hardened Scales,Commander: Secrets of Strixhaven,2.24,3.99,1.91,78.12499999999999,-14.732142857142868,top-5000 GMV,$2-5
662779,"Avatar Kyoshi, Earthbender (Extended Art)",Avatar: The Last Airbender: Eternal-Legal,22.07,20.99,19.53,-4.893520616221124,-11.50883552333484,top-5000 GMV,$20-50
544432,"Bristly Bill, Spine Sower (Extended Art)",Outlaws of Thunder Junction,62.4,59.99,61.42,-3.862179487179482,-1.5705128205128156,top-5000 GMV,$50-100
1381,Dark Ritual,Revised Edition,4.59,4.99,2.32,8.714596949891074,-49.455337690631815,top-5000 GMV,$2-5
499325,"Helm's Deep - Shinka, the Bloodsoaked Keep (Borderless)",Commander: The Lord of the Rings: Tales of Middle-earth,26.49,32.99,28.14,24.537561343903374,6.2287655719139385,top-5000 GMV,$20-50
286351,Sceptre of Eternal Glory,"Universes Beyond: Warhammer 40,000",20.13,29.99,20.31,48.98161947342275,0.8941877794336797,top-5000 GMV,$20-50
662007,Altar of the Brood,Secret Lair Countdown Kit,9.69,11.99,8.59,23.7358101135191,-11.35190918472652,top-5000 GMV,$5-10
12271,Goryo's Vengeance,Betrayers of Kamigawa,18.81,34.99,14.76,86.01807549175973,-21.531100478468897,top-5000 GMV,$10-20
10340,Chain of Smog,Onslaught,10.33,10.99,6.96,6.3891577928364,-32.62342691190707,top-5000 GMV,$10-20
641779,Weftstalker Ardent,Edge of Eternities,0.7,2.29,0.4,227.1428571428572,-42.85714285714285,top-5000 GMV,$0-1
617863,Swan Song (1591),Secret Lair Drop Series,55.34,54.99,57.41,-0.6324539212143141,3.7405131911817726,top-5000 GMV,$50-100
641778,Weapons Manufacturing,Edge of Eternities,1.65,3.49,1.03,111.51515151515154,-37.57575757575757,top-5000 GMV,$1-2
162752,Mystical Tutor,Signature Spellbook: Jace,22.0,21.99,14.84,-0.0454545454545525,-32.54545454545455,top-5000 GMV,$20-50
10885,Carrion Feeder,Scourge,4.51,5.99,3.26,32.81596452328161,-27.716186252771617,top-5000 GMV,$2-5
234332,Akroma's Memorial,Time Spiral: Remastered,32.95,39.99,31.04,21.365705614567524,-5.796661608497734,top-5000 GMV,$20-50
279830,Plains (Showcase),Dominaria United,2.81,3.99,2.38,41.99288256227759,-15.302491103202854,top-5000 GMV,$2-5
560228,Alchemist's Talent,Commander: Bloomburrow,4.98,4.99,4.41,0.2008032128514013,-11.445783132530126,top-5000 GMV,$2-5
480143,Blightsteel Colossus,The List Reprints,40.37,44.99,39.37,11.444141689373309,-2.4770869457517963,top-5000 GMV,$20-50
214834,"Atraxa, Praetors' Voice (Borderless)",Double Masters,60.7,84.99,61.99,40.016474464579886,2.1252059308072475,top-5000 GMV,$50-100
673579,"Mutagen Man, Living Ooze",Teenage Mutant Ninja Turtles,1.6,2.29,0.78,43.125,-51.24999999999999,top-5000 GMV,$1-2
525158,Resplendent Angel,The Lost Caverns of Ixalan,8.48,8.99,6.25,6.014150943396224,-26.29716981132076,top-5000 GMV,$5-10
696656,"Ironheart, Clever Champion (Borderless)",Marvel Super Heroes,2.37,1.99,1.42,-16.03375527426161,-40.084388185654014,top-5000 GMV,$2-5
10348,Aggravated Assault,Onslaught,35.32,37.99,26.82,7.559456398641001,-24.065685164212912,top-5000 GMV,$20-50
695481,Queen Marchesa (2688),Secret Lair Drop Series,33.68,37.99,31.23,12.796912114014258,-7.274346793349166,top-5000 GMV,$20-50
589386,Generous Pup,Foundations Jumpstart,6.46,9.49,5.01,46.90402476780186,-22.445820433436538,top-5000 GMV,$5-10
552821,Glaring Fleshraker,Modern Horizons 3,0.8,2.29,0.41,186.25,-48.75000000000001,top-5000 GMV,$0-1
544312,Vaultborn Tyrant (Showcase),Outlaws of Thunder Junction: The Big Score,86.94,89.99,81.33,3.508166551644809,-6.452726017943408,top-5000 GMV,$50-100
600509,"Emrakul, the Promised End",Innistrad Remastered,21.34,29.99,20.84,40.534208059981246,-2.343017806935333,top-5000 GMV,$20-50
6529,Food Chain,Mercadian Masques,53.01,39.99,37.22,-24.561403508771924,-29.78683267308055,top-5000 GMV,$50-100
699669,"Galactus, Devourer of Worlds (Extended Art)",Commander: Marvel Super Heroes,18.1,20.99,16.03,15.966850828729266,-11.436464088397791,top-5000 GMV,$10-20
674804,Innkeeper's Talent,Secret Lair Showdown,28.8,22.99,27.36,-20.17361111111112,-5.000000000000004,top-5000 GMV,$20-50
559973,Reliquary Tower,Commander: Bloomburrow,4.9,5.99,3.43,22.244897959183668,-30.000000000000004,top-5000 GMV,$2-5
504756,Steelshaper's Gift,Commander Masters,9.66,10.99,7.77,13.768115942028986,-19.565217391304355,top-5000 GMV,$5-10
122672,Spirebluff Canal,Kaladesh,5.16,9.99,4.3,93.6046511627907,-16.66666666666667,top-5000 GMV,$5-10
262746,"Eiganjo, Seat of the Empire",Kamigawa: Neon Dynasty,5.31,9.99,3.12,88.135593220339,-41.242937853107335,top-5000 GMV,$5-10
662432,Gamble (Showcase),Avatar: The Last Airbender: Eternal-Legal,18.74,23.99,17.7,28.01494130202775,-5.549626467449302,top-5000 GMV,$10-20
7988,Llanowar Wastes,Apocalypse,32.91,32.99,18.47,0.2430872075357198,-43.87724096019447,top-5000 GMV,$20-50
214836,Mana Crypt (Borderless),Double Masters,67.71,64.99,65.69,-4.017131885984344,-2.983311180032486,top-5000 GMV,$50-100
541393,"Lumra, Bellow of the Woods (Borderless) (0293)",Bloomburrow,38.23,39.99,36.26,4.603714360449922,-5.153021187549043,top-5000 GMV,$20-50
242370,"Sheoldred, Whispering One",Secret Lair Drop Series,21.67,20.99,15.63,-3.1379787724965538,-27.87263497923397,top-5000 GMV,$20-50
251785,Gravecrawler,Secret Lair Drop Series,39.1,37.99,39.54,-2.838874680306904,1.1253196930946234,top-5000 GMV,$20-50
614422,Sunbillow Verge (Borderless),Aetherdrift,9.25,13.99,9.72,51.24324324324324,5.081081081081088,top-5000 GMV,$5-10
449614,Birds of Paradise (Retro Frame),Dominaria Remastered,11.87,17.99,12.29,51.558550968828975,3.5383319292333613,top-5000 GMV,$10-20
2546,Enlightened Tutor,Classic Sixth Edition,37.65,42.99,32.02,14.183266932270929,-14.95351925630809,top-5000 GMV,$20-50
18623,Faerie Macabre,Shadowmoor,7.55,9.99,5.8100000000000005,32.31788079470199,-23.04635761589403,top-5000 GMV,$5-10
696319,"Captain America, Living Legend",Marvel Super Heroes,0.3,0.35,0.15,16.666666666666664,-50.0,top-5000 GMV,$0-1
630880,"Cloud, Midgar Mercenary (Extended Art)",FINAL FANTASY,30.42,39.99,30.93,31.45956607495069,1.676528599605516,top-5000 GMV,$20-50
454872,Ashcoat of the Shadow Swarm,Jumpstart 2022,42.49,42.99,40.51,1.1767474699929394,-4.65991998117205,top-5000 GMV,$20-50
696863,"Taskmaster, Mercenary Mimic",Marvel Super Heroes,0.44,0.69,0.15,56.8181818181818,-65.90909090909092,top-5000 GMV,$0-1
686545,The Dawning Archaic,Secrets of Strixhaven,1.31,1.49,0.62,13.740458015267173,-52.67175572519084,top-5000 GMV,$1-2
656564,"Eirdu, Carrier of Dawn (Borderless)",Lorwyn Eclipsed,5.95,7.49,5.19,25.882352941176475,-12.773109243697474,top-5000 GMV,$5-10
478502,Flawless Maneuver,Commander: Phyrexia: All Will Be One,21.15,32.99,21.23,55.9810874704492,0.3782505910165572,top-5000 GMV,$20-50
247828,Haunted Ridge,Innistrad: Midnight Hunt,8.32,12.99,8.06,56.129807692307686,-3.1249999999999973,top-5000 GMV,$5-10
504497,Craterhoof Behemoth,Commander Masters,23.28,27.99,21.4,20.231958762886585,-8.075601374570457,top-5000 GMV,$20-50
686604,Exhibition Tidecaller,Secrets of Strixhaven,0.66,0.59,0.15,-10.606060606060614,-77.27272727272727,top-5000 GMV,$0-1
277214,Warrior's Oath,Double Masters 2022,17.7,21.99,16.59,24.23728813559321,-6.271186440677963,top-5000 GMV,$10-20
526415,Illustrious Wanderglyph,Commander: The Lost Caverns of Ixalan,18.29,23.99,16.52,31.16457080371788,-9.677419354838708,top-5000 GMV,$10-20
161447,Relentless Rats,Masters 25,4.84,4.99,3.44,3.0991735537190155,-28.92561983471074,top-5000 GMV,$2-5
660540,"Volcano of Roku's Island - Valakut, the Molten Pinnacle (Borderless)",Avatar: The Last Airbender: Eternal-Legal,10.25,16.99,10.96,65.75609756097559,6.926829268292692,top-5000 GMV,$10-20
265374,Jetmir's Garden (Borderless),Streets of New Capenna,26.05,32.99,23.47,26.64107485604607,-9.904030710172751,top-5000 GMV,$20-50
240808,Aura Shards (INV),The List Reprints,20.81,23.99,20.62,15.281114848630464,-0.9130225852955202,top-5000 GMV,$20-50
222161,Glasspool Mimic,Zendikar Rising,6.69,9.49,6.29,41.85351270553064,-5.97907324364724,top-5000 GMV,$5-10
701534,Crucible of Worlds (7162),Secret Lair Drop Series,22.98,24.99,25.43,8.746736292428189,10.66144473455178,top-5000 GMV,$20-50
4641,Dark Ritual,Ice Age,5.07,4.49,2.07,-11.439842209072978,-59.171597633136095,top-5000 GMV,$5-10
668484,Lord of Atlantis (Borderless),Marvel Universe Eternal-Legal,4.71,6.99,2.43,48.40764331210192,-48.407643312101904,top-5000 GMV,$2-5
687669,Bojuka Bog,Commander: Secrets of Strixhaven,1.03,2.29,0.92,122.33009708737865,-10.679611650485436,top-5000 GMV,$1-2
661968,"Aang, Swift Savior (0298) (Borderless)",Avatar: The Last Airbender,8.97,10.99,8.09,22.519509476031207,-9.810479375696774,top-5000 GMV,$5-10
552266,Emerald Medallion,Modern Horizons 3,3.42,4.99,3.12,45.90643274853802,-8.771929824561399,top-5000 GMV,$2-5
39416,Glistening Oil,New Phyrexia,13.27,18.99,8.33,43.104747550866605,-37.226827430293895,top-5000 GMV,$10-20
552731,Guide of Souls,Modern Horizons 3,3.08,3.99,1.54,29.545454545454547,-50.0,top-5000 GMV,$2-5
686584,Molten-Core Maestro,Secrets of Strixhaven,0.66,0.49,0.15,-25.75757575757576,-77.27272727272727,top-5000 GMV,$0-1
98817,Gut Shot,Modern Masters 2015,5.29,8.49,4.14,60.49149338374291,-21.739130434782616,top-5000 GMV,$5-10
461811,Crawlspace,Dominaria Remastered,8.94,12.99,8.3,45.3020134228188,-7.158836689038019,top-5000 GMV,$5-10
5315,Burgeoning,Stronghold,35.74,34.99,32.51,-2.098489087856743,-9.037493005036383,top-5000 GMV,$20-50
206666,"Heliod, Sun-Crowned",Theros Beyond Death,22.45,27.99,18.98,24.677060133630285,-15.456570155902,top-5000 GMV,$20-50
673671,"Raph & Mikey, Troublemakers",Teenage Mutant Ninja Turtles,2.67,5.49,1.04,105.6179775280899,-61.048689138576776,top-5000 GMV,$2-5
696571,"Mole Man, Moloid Master (Extended Art)",Marvel Super Heroes,3.35,3.99,2.44,19.1044776119403,-27.16417910447761,top-5000 GMV,$2-5
39555,Noxious Revival,New Phyrexia,6.91,10.99,5.21,59.04486251808972,-24.602026049204053,top-5000 GMV,$5-10
4927,Urza's Bauble,Ice Age,8.64,10.99,2.08,27.19907407407407,-75.92592592592592,top-5000 GMV,$5-10
257031,Breeding Pool (Borderless),Unfinity,26.34,32.99,25.0,25.246772968868648,-5.087319665907365,top-5000 GMV,$20-50
221810,Windswept Heath,Zendikar Rising Expeditions,29.17,34.99,32.84,19.95200548508742,12.58141926636956,top-5000 GMV,$20-50
509501,"Talion, the Kindly Lord (Borderless)",Wilds of Eldraine,11.0,13.99,10.4,27.181818181818183,-5.454545454545452,top-5000 GMV,$10-20
221309,Worldly Tutor,Commander Collection: Green,26.76,34.99,27.17,30.754857997010465,1.5321375186846045,top-5000 GMV,$20-50
614496,Chandra's Ignition (Borderless),Special Guests,21.24,29.99,22.72,41.195856873822976,6.967984934086631,top-5000 GMV,$20-50
687630,Talisman of Creativity,Commander: Secrets of Strixhaven,2.13,2.99,1.77,40.37558685446011,-16.90140845070422,top-5000 GMV,$2-5
6301,Defense of the Heart,Urza's Legacy,24.45,24.99,15.12,2.2085889570552117,-38.15950920245399,top-5000 GMV,$20-50
171168,Unwinding Clock,Commander 2018,18.98,32.99,19.2,73.81454162276081,1.1591148577449888,top-5000 GMV,$10-20
167787,Diabolic Intent,Battlebond,17.66,19.99,16.830000000000002,13.193657984144952,-4.699886749716865,top-5000 GMV,$10-20
499661,Basalt Monolith,Commander: The Lord of the Rings: Tales of Middle-earth,4.25,5.49,3.23,29.176470588235297,-24.0,top-5000 GMV,$2-5
559719,Arcane Signet,Commander: Bloomburrow,0.69,0.99,0.44,43.478260869565226,-36.23188405797101,top-5000 GMV,$0-1
512399,Land Tax,Wilds of Eldraine: Enchanting Tales,21.31,21.99,19.81,3.1909901454716083,-7.0389488503050215,top-5000 GMV,$20-50
631671,Ultima Weapon,FINAL FANTASY,7.54,9.49,5.4,25.86206896551724,-28.381962864721483,top-5000 GMV,$5-10
277190,Crucible of Worlds (Borderless),Double Masters 2022,34.29,42.99,34.44,25.371828521434832,0.4374453193350789,top-5000 GMV,$20-50
697137,"Matt Murdock, Justice Seeker",Commander: Marvel Super Heroes,2.08,2.99,1.04,43.75000000000001,-50.0,top-5000 GMV,$2-5
587990,"Captain America, First Avenger",Secret Lair Drop Series,37.36,27.99,37.16,-25.08029978586724,-0.5353319057815922,top-5000 GMV,$20-50
218291,Exploration,Double Masters,33.5,42.99,32.68,28.32835820895523,-2.447761194029852,top-5000 GMV,$20-50
67319,Breeding Pool,Gatecrash,9.48,17.99,9.89,89.76793248945145,4.324894514767934,top-5000 GMV,$5-10
697233,Time Warp,Commander: Marvel Super Heroes,6.26,9.99,6.23,59.58466453674123,-0.4792332268370505,top-5000 GMV,$5-10
285868,Biophagus,"Universes Beyond: Warhammer 40,000",17.23,19.99,16.51,16.018572257690064,-4.178757980266969,top-5000 GMV,$10-20
457115,No Mercy,Dominaria Remastered,26.44,23.99,23.96,-9.26626323751892,-9.379727685325266,top-5000 GMV,$20-50
286348,Resurrection Orb,"Universes Beyond: Warhammer 40,000",16.19,20.99,15.63,29.64793082149473,-3.458925262507724,top-5000 GMV,$10-20
188345,Bolt Bend,War of the Spark,3.26,5.49,2.89,68.40490797546013,-11.349693251533733,top-5000 GMV,$2-5
512422,Sanguine Bond,Wilds of Eldraine: Enchanting Tales,6.92,7.49,4.94,8.236994219653184,-28.61271676300577,top-5000 GMV,$5-10
624417,Teval's Judgment,Commander: Tarkir: Dragonstorm,8.14,12.99,7.28,59.58230958230958,-10.565110565110569,top-5000 GMV,$5-10
679160,Level Up,Commander: Teenage Mutant Ninja Turtles,2.6,3.49,2.07,34.23076923076923,-20.384615384615397,top-5000 GMV,$2-5
685504,Reliquary Tower (7104),Secret Lair Drop Series,16.24,16.99,17.81,4.618226600985222,9.667487684729066,top-5000 GMV,$10-20
480504,Paradise Mantle,Secret Lair Drop Series,37.82,34.99,32.36,-7.482813326282385,-14.436805922792177,top-5000 GMV,$20-50
687516,"Primo, the Unbounded (Borderless)",Commander: Secrets of Strixhaven,1.26,1.29,0.41,2.3809523809523827,-67.46031746031747,top-5000 GMV,$1-2
504132,"Ulamog, the Ceaseless Hunger",Commander Masters,20.85,23.99,18.69,15.059952038369287,-10.359712230215829,top-5000 GMV,$20-50
525250,"Chimil, the Inner Sun (Borderless)",Commander: The Lost Caverns of Ixalan,42.25,57.99,39.48,37.25443786982249,-6.556213017751486,top-5000 GMV,$20-50
553519,Talon Gates of Madara (Extended Art),Commander: Modern Horizons 3,39.42,54.99,36.47,39.49771689497717,-7.483510908168449,top-5000 GMV,$20-50
3494,City of Shadows,The Dark,68.64,57.99,21.88,-15.515734265734263,-68.12354312354313,top-5000 GMV,$50-100
552623,Collective Resistance,Modern Horizons 3,1.29,2.99,1.15,131.78294573643413,-10.852713178294584,top-5000 GMV,$1-2
552173,Echoes of Eternity,Modern Horizons 3,2.35,2.49,0.53,5.957446808510643,-77.4468085106383,top-5000 GMV,$2-5
641745,The Eternity Elevator,Edge of Eternities,2.48,3.49,1.56,40.72580645161291,-37.096774193548384,top-5000 GMV,$2-5
541268,"Emrakul, the World Anew",Modern Horizons 3,4.78,6.49,3.54,35.77405857740585,-25.94142259414226,top-5000 GMV,$2-5
12811,Seething Song,9th Edition,11.73,13.99,8.53,19.266837169650465,-27.280477408354653,top-5000 GMV,$10-20
161421,Dark Ritual,Masters 25,4.88,4.99,3.74,2.2540983606557443,-23.36065573770491,top-5000 GMV,$2-5
128221,Marsh Flats,Modern Masters 2017,32.88,42.99,31.81,30.748175182481745,-3.2542579075425904,top-5000 GMV,$20-50
202858,Aetherflux Reservoir,The List Reprints,32.62,27.99,22.91,-14.193746167995094,-29.767014101778045,top-5000 GMV,$20-50
559916,Kalonian Hydra,Commander: Bloomburrow,5.66,7.49,5.14,32.332155477031804,-9.187279151943471,top-5000 GMV,$5-10
503367,Ruby Medallion,Commander Masters,12.3,17.99,12.1,46.26016260162599,-1.62601626016261,top-5000 GMV,$10-20
631895,Vincent Valentine (Borderless),FINAL FANTASY,7.49,6.99,6.7700000000000005,-6.675567423230974,-9.6128170894526,top-5000 GMV,$5-10
699706,"Ultron, Machine Overlord (Borderless)",Commander: Marvel Super Heroes,5.07,7.99,4.53,57.59368836291912,-10.650887573964498,top-5000 GMV,$5-10
9230,Time Vault,Unlimited Edition,1095.01,1899.99,1095.13,73.51348389512424,0.0109588040291977,top-5000 GMV,$200+
179451,"Kozilek, Butcher of Truth",Ultimate Masters,48.42,49.99,43.45,3.242461792647667,-10.264353572903756,top-5000 GMV,$20-50
6139,Attrition,Urza's Destiny,18.43,21.99,15.43,19.3163320672816,-16.277807921866522,top-5000 GMV,$10-20
679091,"April O'Neil, Human Element",Commander: Teenage Mutant Ninja Turtles,5.34,7.99,4.59,49.625468164794015,-14.04494382022472,top-5000 GMV,$5-10
499515,Essence Warden,Commander: The Lord of the Rings: Tales of Middle-earth,9.3,9.99,7.29,7.419354838709672,-21.612903225806456,top-5000 GMV,$5-10
563220,Goblin Lackey (Future Sight),Mystery Booster 2,10.34,17.99,9.63,73.98452611218568,-6.866537717601538,top-5000 GMV,$10-20
517249,"Rammas Echor, Ancient Shield (Borderless)",Commander: The Lord of the Rings: Tales of Middle-earth,11.12,17.99,9.37,61.78057553956834,-15.737410071942447,top-5000 GMV,$10-20
642806,Ripples of Potential,Commander: Edge of Eternities,2.77,4.99,3.0700000000000003,80.14440433212997,10.830324909747302,top-5000 GMV,$2-5
265379,Raffine's Tower (Borderless),Streets of New Capenna,21.94,32.99,21.46,50.36463081130356,-2.1877848678213327,top-5000 GMV,$20-50
552360,"Ral, Monsoon Mage (Borderless)",Modern Horizons 3,13.03,18.99,13.24,45.74059861857252,1.6116653875671592,top-5000 GMV,$10-20
641961,"Braids, Arisen Nightmare",Commander: Edge of Eternities,4.09,6.49,4.16,58.67970660146701,1.711491442542794,top-5000 GMV,$2-5
240318,Murktide Regent,Modern Horizons 2,5.65,10.99,5.46,94.5132743362832,-3.362831858407086,top-5000 GMV,$5-10
488281,Valley of Gorgoroth - Wasteland (Borderless),Commander: The Lord of the Rings: Tales of Middle-earth,29.23,39.99,27.76,36.81149503934314,-5.0290797126240125,top-5000 GMV,$20-50
7201,Parallax Wave,Nemesis,37.26,42.99,20.35,15.378421900161044,-45.38378958668813,top-5000 GMV,$20-50
3925,Karakas,Legends,49.91,54.99,32.24,10.17832097775998,-35.40372670807452,top-5000 GMV,$20-50
3239,Serendib Efreet,Arabian Nights,569.75,899.99,703.35,57.9622641509434,23.448881088196583,top-5000 GMV,$200+
490361,"Skithiryx, the Blight Dragon",March of the Machine: Multiverse Legends,12.52,15.99,12.59,27.715654952076683,0.5591054313099064,top-5000 GMV,$10-20
525624,"Kutzil, Malamet Exemplar (Showcase)",The Lost Caverns of Ixalan,2.13,3.99,2.03,87.32394366197185,-4.694835680751178,top-5000 GMV,$2-5
235969,Beledros Witherbloom (Borderless),Strixhaven: School of Mages,18.13,19.99,14.84,10.2592388306674,-18.146718146718143,top-5000 GMV,$10-20
457200,Entomb (Retro Frame),Dominaria Remastered,15.92,21.99,15.47,38.12814070351757,-2.8266331658291413,top-5000 GMV,$10-20
182841,Stomping Ground,Ravnica Allegiance,6.58,10.99,6.7700000000000005,67.02127659574468,2.8875379939209784,top-5000 GMV,$5-10
262791,March of Swirling Mist,Kamigawa: Neon Dynasty,3.73,6.49,3.78,73.9946380697051,1.340482573726537,top-5000 GMV,$2-5
239807,Harmonic Prodigy,Modern Horizons 2,4.26,5.99,3.43,40.61032863849767,-19.483568075117365,top-5000 GMV,$2-5
272600,Battle Angels of Tyr (Borderless),Commander Legends: Battle for Baldur's Gate,24.22,29.99,26.05,23.823286540049544,7.555739058629241,top-5000 GMV,$20-50
658360,Spectacular Spider-Man,Play Promos,73.52,109.99,78.15,49.605549510337326,6.297606093579993,top-5000 GMV,$50-100
6295,Crop Rotation,Urza's Legacy,3.98,5.49,3.08,37.93969849246231,-22.61306532663316,top-5000 GMV,$2-5
623880,"Betor, Kin to All",Tarkir: Dragonstorm,6.42,8.99,5.93,40.03115264797509,-7.632398753894084,top-5000 GMV,$5-10
552834,Recruiter of the Guard,Modern Horizons 3,5.79,8.49,5.17,46.63212435233161,-10.70811744386874,top-5000 GMV,$5-10
164416,Grim Monolith - 1999 Kai Budde (ULG),World Championship Decks,30.19,42.99,31.26,42.3981450811527,3.544219940377609,top-5000 GMV,$20-50
503400,"Azusa, Lost but Seeking",Commander Masters,12.88,14.99,10.43,16.381987577639745,-19.02173913043479,top-5000 GMV,$10-20
559616,"Teferi, Time Raveler (Borderless)",Commander: Bloomburrow,13.04,16.99,10.18,30.291411042944784,-21.93251533742331,top-5000 GMV,$10-20
553499,Chandra's Ignition,Commander: Modern Horizons 3,8.1,11.99,6.3100000000000005,48.024691358024704,-22.098765432098755,top-5000 GMV,$5-10
668480,The Coming of Galactus (Borderless),Marvel Super Heroes,5.54,5.49,3.0,-0.9025270758122712,-45.84837545126354,top-5000 GMV,$5-10
145267,Growing Rites of Itlimoc,Ixalan,8.53,14.99,8.540000000000001,75.73270808909733,0.1172332942555869,top-5000 GMV,$5-10
696258,Monica Rambeau,Marvel Super Heroes,1.3,2.99,1.04,130.0,-20.0,top-5000 GMV,$1-2
9192,Savannah,Unlimited Edition,690.0,949.99,521.0,37.67971014492753,-24.49275362318841,top-5000 GMV,$200+
204143,Sakashima the Impostor,The List Reprints,12.77,16.99,12.76,33.046202036021924,-0.078308535630382,top-5000 GMV,$10-20
276350,Vedalken Orrery (Borderless),Double Masters 2022,19.06,23.99,18.97,25.865687303252887,-0.4721930745015732,top-5000 GMV,$10-20
5969,Abeyance,Weatherlight,28.65,34.99,20.55,22.12914485165795,-28.27225130890052,top-5000 GMV,$20-50
559826,Lotus Cobra,Commander: Bloomburrow,5.99,7.49,5.4,25.041736227045075,-9.849749582637726,top-5000 GMV,$5-10
687389,Archmage Emeritus,Commander: Secrets of Strixhaven,0.57,1.79,0.41,214.0350877192983,-28.07017543859649,top-5000 GMV,$0-1
559072,Coruscation Mage,Bloomburrow,2.01,2.29,1.04,13.930348258706482,-48.25870646766168,top-5000 GMV,$2-5
553207,Lazotep Quarry,Commander: Modern Horizons 3,6.49,7.99,5.13,23.112480739599384,-20.95531587057011,top-5000 GMV,$5-10
488280,Mount Doom (Borderless),Universes Beyond: The Lord of the Rings: Tales of Middle-earth,9.84,9.99,9.34,1.5243902439024426,-5.08130081300813,top-5000 GMV,$5-10
9604,Tarnished Citadel,Odyssey,18.64,18.99,14.13,1.8776824034334647,-24.19527896995708,top-5000 GMV,$10-20
498620,There and Back Again,Universes Beyond: The Lord of the Rings: Tales of Middle-earth,4.81,6.49,3.99,34.92723492723494,-17.047817047817038,top-5000 GMV,$2-5
14337,Reiterate,Time Spiral,19.37,29.99,14.58,54.82705214248836,-24.728962312854936,top-5000 GMV,$10-20
257039,Sacred Foundry (Borderless),Unfinity,27.54,32.99,24.65,19.78939724037764,-10.49382716049383,top-5000 GMV,$20-50
5701,Ruby Medallion,Tempest,30.09,39.99,22.92,32.90129611166501,-23.828514456630103,top-5000 GMV,$20-50
696416,Show and Tell (Borderless),Marvel Universe Eternal-Legal,3.81,6.99,3.43,83.46456692913387,-9.973753280839892,top-5000 GMV,$2-5
578885,Overlord of the Balemurk (Extended Art),Duskmourn: House of Horror,25.15,29.99,23.94,19.244532803180917,-4.811133200795218,top-5000 GMV,$20-50
559123,Season of Gathering,Bloomburrow,6.6,9.99,5.65,51.36363636363638,-14.393939393939384,top-5000 GMV,$5-10
104997,Conduit of Ruin,Battle for Zendikar,5.52,6.49,3.97,17.572463768115956,-28.079710144927528,top-5000 GMV,$5-10
218926,Sword of Feast and Famine,Double Masters,39.18,49.99,40.39,27.59060745278204,3.088310362429813,top-5000 GMV,$20-50
625135,Jeskai Revelation,Tarkir: Dragonstorm,5.51,8.99,4.4,63.15789473684211,-20.145190562613426,top-5000 GMV,$5-10
6085,Phyrexian Furnace,Weatherlight,12.47,14.99,8.64,20.208500400962304,-30.713712910986366,top-5000 GMV,$10-20
544271,Great Train Heist,Outlaws of Thunder Junction,4.98,5.49,3.94,10.240963855421684,-20.883534136546192,top-5000 GMV,$2-5
673616,South Wind Avatar,Teenage Mutant Ninja Turtles,2.0,3.49,1.22,74.50000000000001,-39.0,top-5000 GMV,$2-5
451893,Mesmeric Orb,The Brothers' War: Retro Frame Artifacts,17.33,17.99,16.66,3.808424697057128,-3.866128101557981,top-5000 GMV,$10-20
235148,Time Warp,Strixhaven: Mystical Archive,15.98,18.99,14.18,18.836045056320387,-11.26408010012516,top-5000 GMV,$10-20
267067,Sea of Clouds (Extended Art),Commander Legends: Battle for Baldur's Gate,22.19,29.99,22.73,35.150968904912105,2.4335286164939123,top-5000 GMV,$20-50
660580,"Hei Bai, Forest Guardian",Avatar: The Last Airbender: Eternal-Legal,6.51,11.99,5.76,84.17818740399386,-11.52073732718894,top-5000 GMV,$5-10
623040,"SpongeBob SquarePants - Jodah, the Unifier",Secret Lair Drop Series,20.49,17.99,19.99,-12.201073694485116,-2.440214738897023,top-5000 GMV,$20-50
519539,Flaming Tyrannosaurus,Universes Beyond: Doctor Who,8.51,11.99,6.86,40.89306698002351,-19.38895417156286,top-5000 GMV,$5-10
615113,Bontu's Monument,Commander: Aetherdrift,3.52,5.49,3.24,55.96590909090909,-7.954545454545449,top-5000 GMV,$2-5
67424,Boros Charm,Gatecrash,5.9,8.99,4.16,52.3728813559322,-29.491525423728817,top-5000 GMV,$5-10
450586,"Archaeon the Everchosen - Najeela, the Blade-Blossom (Borderless)",Secret Lair Drop Series,38.49,54.99,40.63,42.86827747466874,5.559885684593402,top-5000 GMV,$20-50
512419,Kindred Discovery,Wilds of Eldraine: Enchanting Tales,15.92,19.99,13.01,25.565326633165817,-18.27889447236181,top-5000 GMV,$10-20
533392,Vein Ripper,Murders at Karlov Manor,6.48,10.99,6.24,69.59876543209876,-3.703703703703707,top-5000 GMV,$5-10
652043,Wedding Ring (Borderless),Marvel Universe Eternal-Legal,9.56,9.99,6.82,4.497907949790792,-28.661087866108787,top-5000 GMV,$5-10
236212,Seething Song,Commander 2021,12.55,13.99,10.31,11.474103585657366,-17.848605577689245,top-5000 GMV,$10-20
687386,Blood Artist,Commander: Secrets of Strixhaven,2.13,3.99,2.17,87.32394366197185,1.8779342723004715,top-5000 GMV,$2-5
499351,Palantir of Orthanc (Extended Art),Universes Beyond: The Lord of the Rings: Tales of Middle-earth,24.14,34.99,23.98,44.94614747307374,-0.6628003314001663,top-5000 GMV,$20-50
504500,Arachnogenesis,Commander Masters,7.57,9.99,6.25,31.96829590488771,-17.437252311756936,top-5000 GMV,$5-10
6461,Cave-In,Mercadian Masques,14.99,20.99,11.3,40.02668445630419,-24.61641094062708,top-5000 GMV,$10-20
262174,Mirror Box,Kamigawa: Neon Dynasty,5.34,6.49,4.09,21.535580524344574,-23.408239700374533,top-5000 GMV,$5-10
267069,Luxury Suite (Extended Art),Commander Legends: Battle for Baldur's Gate,32.13,23.99,20.3,-25.334578275754755,-36.81917211328976,top-5000 GMV,$20-50
14119,Soul Spike,Coldsnap,16.47,24.99,12.94,51.73041894353369,-21.43290831815422,top-5000 GMV,$10-20
27769,Relic of Progenitus,Shards of Alara,7.18,11.99,6.25,66.99164345403901,-12.952646239554314,top-5000 GMV,$5-10
499812,The Gaffer,Commander: The Lord of the Rings: Tales of Middle-earth,7.02,9.99,6.61,42.30769230769232,-5.84045584045583,top-5000 GMV,$5-10
226839,Rings of Brighthearth,Commander Legends,5.5,7.99,5.8,45.27272727272727,5.454545454545452,top-5000 GMV,$5-10
539217,Teferi's Protection (1691),Secret Lair Drop Series,50.53,54.99,52.81,8.82643973876905,4.512170987532161,top-5000 GMV,$50-100
656831,Campsite Cuisine (Borderless),Commander: FINAL FANTASY,14.82,27.99,15.42,88.86639676113359,4.048582995951414,top-5000 GMV,$10-20
689150,Sleight of Hand,Secrets of Strixhaven: Mystical Archive,0.29,0.35,0.15,20.689655172413797,-48.27586206896552,top-5000 GMV,$0-1
221996,Luxury Suite,Zendikar Rising Expeditions,36.18,34.99,30.58,-3.28911000552791,-15.47816473189608,top-5000 GMV,$20-50
577847,"Aesi, Tyrant of Gyre Strait",Commander: Duskmourn: House of Horror,11.08,15.99,9.63,44.31407942238268,-13.086642599277972,top-5000 GMV,$10-20
559741,Ledger Shredder (Borderless),Special Guests,18.94,23.99,16.75,26.663146779303045,-11.562829989440344,top-5000 GMV,$10-20
212076,"Biollante, Plant Beast Form - Nethroi, Apex of Death",Ikoria: Lair of Behemoths,38.35,39.99,33.34,4.276401564537159,-13.063885267275092,top-5000 GMV,$20-50
179480,Cavern of Souls,Ultimate Masters,52.62,57.99,47.41,10.205245153933877,-9.90117825921703,top-5000 GMV,$50-100
6131,Winding Canyons,Weatherlight,33.17,27.99,17.650000000000002,-15.616520952668084,-46.78926741031052,top-5000 GMV,$20-50
216559,"Linvala, Keeper of Silence",Jumpstart,21.41,23.99,20.18,12.050443717888829,-5.744978981784215,top-5000 GMV,$20-50
687387,Arcane Denial,Commander: Secrets of Strixhaven,1.78,3.49,1.52,96.06741573033707,-14.606741573033707,top-5000 GMV,$1-2
552387,Flare of Fortitude (Borderless),Modern Horizons 3,13.57,17.99,12.49,32.571849668386136,-7.958732498157701,top-5000 GMV,$10-20
98506,"Kozilek, Butcher of Truth",Modern Masters 2015,42.0,57.99,42.44,38.07142857142858,1.047619047619042,top-5000 GMV,$20-50
660617,"Bumi, Unleashed",Avatar: The Last Airbender,4.5,4.99,3.08,10.888888888888896,-31.555555555555557,top-5000 GMV,$2-5
18831,Umbral Mantle,Shadowmoor,12.79,11.99,7.76,-6.25488663017982,-39.32759968725566,top-5000 GMV,$10-20
552823,Birthing Ritual,Modern Horizons 3,4.04,6.99,3.97,73.01980198019803,-1.7326732673267289,top-5000 GMV,$2-5
668485,Widow-Making Infiltrator - Dauthi Voidwalker (Borderless),Marvel Universe Eternal-Legal,2.98,5.49,3.21,84.2281879194631,7.718120805369128,top-5000 GMV,$2-5
450591,"Makari the Lucky Grot - Krenko, Tin Street Kingpin (Borderless)",Secret Lair Drop Series,40.43,57.99,59.17,43.43309423695276,46.35171902052932,top-5000 GMV,$20-50
541355,Ezio Auditore da Firenze (Borderless),Universes Beyond: Assassin's Creed,25.97,37.99,26.51,46.28417404697729,2.0793222949557286,top-5000 GMV,$20-50
512534,Repercussion,Wilds of Eldraine: Enchanting Tales,11.69,12.99,10.42,11.12061591103508,-10.863986313088104,top-5000 GMV,$10-20
167811,Spellseeker,Battlebond,16.43,27.99,13.28,70.35909920876445,-19.1722458916616,top-5000 GMV,$10-20
524251,"Thrasios, Triton Hero (Borderless)",Special Guests,24.23,34.99,23.43,44.40775897647545,-3.301692117210073,top-5000 GMV,$20-50
696330,"Wolverine, Fierce Fighter",Marvel Super Heroes,0.41,0.49,0.15,19.512195121951223,-63.41463414634146,top-5000 GMV,$0-1
96697,Impact Tremors,Dragons of Tarkir,2.93,4.99,2.34,70.30716723549489,-20.136518771331065,top-5000 GMV,$2-5
286332,Canoptek Spyder,"Universes Beyond: Warhammer 40,000",16.55,17.99,14.58,8.700906344410862,-11.903323262839882,top-5000 GMV,$10-20
660529,Cruel Tutor (Borderless),Avatar: The Last Airbender: Eternal-Legal,11.13,11.99,10.3,7.72686433063791,-7.457322551662174,top-5000 GMV,$10-20
3947,Living Plane,Legends,208.61,199.99,182.35,-4.132112554527589,-12.588083025741822,top-5000 GMV,$200+
634630,"Venat, Heart of Hydaelyn (Borderless)",FINAL FANTASY,6.09,5.99,4.94,-1.6420361247947397,-18.883415435139565,top-5000 GMV,$5-10
5502,Corpse Dance,Tempest,30.37,42.99,23.96,41.55416529469872,-21.10635495554824,top-5000 GMV,$20-50
642776,Reflecting Pool (0036) (Borderless),Edge of Eternities: Stellar Sights,15.32,20.99,15.26,37.01044386422975,-0.3916449086161912,top-5000 GMV,$10-20
555447,Sol Ring (1604),Secret Lair Drop Series,55.16,59.99,60.21,8.756345177664986,9.155184916606244,top-5000 GMV,$50-100
545970,Terror of the Peaks,Promo Pack: Outlaws of Thunder Junction,31.85,39.99,30.27,25.55729984301413,-4.9607535321821095,top-5000 GMV,$20-50
646029,"Spider-Man 2099, Miguel O'Hara",Marvel's Spider-Man: Eternal-Legal,8.01,15.99,6.6000000000000005,99.625468164794,-17.60299625468164,top-5000 GMV,$5-10
480496,Sakashima the Impostor,Secret Lair Drop Series,39.23,32.99,39.85,-15.906194239102716,1.5804231455518851,top-5000 GMV,$20-50
14821,Temporal Extortion,Planar Chaos,29.79,22.99,17.71,-22.82645182947298,-40.55052030882847,top-5000 GMV,$20-50
696880,Astonishing Spider-Man,Commander: Marvel Super Heroes,2.02,2.99,2.02,48.01980198019803,0.0,top-5000 GMV,$2-5
96502,Sarkhan Unbroken,Dragons of Tarkir,21.38,20.99,10.94,-1.8241347053320889,-48.830682881197376,top-5000 GMV,$20-50
18012,Maralen of the Mornsong,Morningtide,33.72,29.99,24.11,-11.061684460260974,-28.4994068801898,top-5000 GMV,$20-50
265370,Spara's Headquarters (Borderless),Streets of New Capenna,17.2,22.99,19.27,33.66279069767442,12.034883720930235,top-5000 GMV,$10-20
559742,Rat Colony (Borderless),Special Guests,17.04,15.99,16.25,-6.16197183098591,-4.63615023474178,top-5000 GMV,$10-20
624591,Herd Heirloom,Tarkir: Dragonstorm,3.97,5.49,3.38,38.28715365239295,-14.86146095717885,top-5000 GMV,$2-5
646570,Gwen Stacy (0209) (Borderless),Marvel's Spider-Man,13.08,14.99,11.46,14.602446483180428,-12.385321100917425,top-5000 GMV,$10-20
541288,"Ajani, Nacatl Pariah (Borderless)",Modern Horizons 3,17.01,22.99,16.3,35.15579071134625,-4.1740152851264005,top-5000 GMV,$10-20
151827,Mountain,Unstable,2.66,2.29,1.54,-13.909774436090228,-42.10526315789474,top-5000 GMV,$2-5
624176,Will of the Jeskai,Commander: Tarkir: Dragonstorm,4.26,6.49,2.6,52.3474178403756,-38.96713615023474,top-5000 GMV,$2-5
10528,Goblin Sharpshooter,Onslaught,35.41,42.99,25.0,21.40638237785938,-29.398475007060146,top-5000 GMV,$20-50
530798,Crypt Ghast (Anime Borderless),Ravnica Remastered,17.11,22.99,15.63,34.36586791350087,-8.6499123319696,top-5000 GMV,$10-20
235370,Ephemerate,Strixhaven: Mystical Archive,8.29,9.49,7.77,14.475271411338978,-6.272617611580213,top-5000 GMV,$5-10
589394,Embercleave (Showcase),Special Guests,16.31,20.99,13.81,28.694052728387494,-15.328019619865104,top-5000 GMV,$10-20
553174,Eldritch Immunity,Commander: Modern Horizons 3,7.34,6.49,7.41,-11.58038147138964,0.9536784741144452,top-5000 GMV,$5-10
512498,Bitterblossom (Anime Borderless),Wilds of Eldraine: Enchanting Tales,32.46,37.99,32.13,17.036352433764637,-1.0166358595194032,top-5000 GMV,$20-50
5684,Reanimate,Tempest,14.73,18.99,11.98,28.92057026476577,-18.6693822131704,top-5000 GMV,$10-20
243753,Robe of Stars,Commander: Adventures in the Forgotten Realms,14.33,17.99,13.54,25.540823447313315,-5.512909979064905,top-5000 GMV,$10-20
662084,Boomerang Basics,Avatar: The Last Airbender,0.96,1.29,0.15,34.375000000000014,-84.375,top-5000 GMV,$0-1
226959,Command Beacon,Commander Legends,8.94,11.99,6.92,34.11633109619688,-22.595078299776283,top-5000 GMV,$5-10
243352,Druid Class,Adventures in the Forgotten Realms,1.92,2.79,1.43,45.31250000000001,-25.52083333333333,top-5000 GMV,$1-2
239770,Imperial Recruiter (Borderless),Modern Horizons 2,18.16,18.99,18.01,4.570484581497788,-0.825991189427305,top-5000 GMV,$10-20
215573,Fiery Emancipation,Core Set 2021,13.68,15.99,12.85,16.885964912280706,-6.067251461988304,top-5000 GMV,$10-20
212165,Silent Arbiter,Commander 2020,11.32,15.99,11.6,41.25441696113074,2.473498233215542,top-5000 GMV,$10-20
609684,Craterhoof Behemoth (Retro Frame),Innistrad Remastered,20.85,27.99,20.86,34.24460431654674,0.0479616306954341,top-5000 GMV,$20-50
276441,Grand Arbiter Augustin IV (Borderless),Double Masters 2022,15.23,18.99,15.56,24.688115561391974,2.166776099803021,top-5000 GMV,$10-20
677436,Ancient Bronze Dragon,Secret Lair Drop Series,20.92,19.99,18.06,-4.445506692160627,-13.671128107074582,top-5000 GMV,$20-50
2804,Worldly Tutor,Classic Sixth Edition,25.5,39.99,26.53,56.82352941176472,4.039215686274514,top-5000 GMV,$20-50
687511,"Muddle, the Ever-Changing (Borderless)",Commander: Secrets of Strixhaven,1.05,0.99,0.5,-5.714285714285719,-52.38095238095239,top-5000 GMV,$1-2
635431,Sphere Grid (Extended Art),Commander: FINAL FANTASY,12.82,15.99,11.43,24.72698907956318,-10.842433697347898,top-5000 GMV,$10-20
457086,Sylvan Library,Dominaria Remastered,27.63,29.99,27.59,8.541440463264566,-0.1447701773434641,top-5000 GMV,$20-50
512553,Grave Pact (Anime Borderless),Wilds of Eldraine: Enchanting Tales,38.29,39.99,34.64,4.4398015147558185,-9.532515016975708,top-5000 GMV,$20-50
559118,For the Common Good,Bloomburrow,3.45,4.49,2.08,30.144927536231886,-39.71014492753624,top-5000 GMV,$2-5
660557,Sozin's Comet (0309) (Borderless),Avatar: The Last Airbender,15.65,15.99,15.63,2.172523961661341,-0.1277955271565468,top-5000 GMV,$10-20
9526,Moment's Peace,Odyssey,4.16,6.99,4.16,68.02884615384616,0.0,top-5000 GMV,$2-5
457225,Sylvan Library (Retro Frame),Dominaria Remastered,28.01,32.99,27.93,17.779364512674046,-0.2856122813281037,top-5000 GMV,$20-50
34384,"Jace, the Mind Sculptor",Worldwake,25.21,22.99,18.32,-8.806029353431187,-27.33042443474812,top-5000 GMV,$20-50
11315,Confusion in the Ranks,Mirrodin,18.68,21.99,14.61,17.71948608137044,-21.78800856531049,top-5000 GMV,$10-20
188386,"Karn, the Great Creator",War of the Spark,4.66,5.99,3.62,28.54077253218884,-22.317596566523605,top-5000 GMV,$2-5
525829,"Xenagos, God of Revels",Commander: The Lost Caverns of Ixalan,8.01,13.99,7.640000000000001,74.65667915106118,-4.619225967540565,top-5000 GMV,$5-10
118444,Ashnod's Altar,Eternal Masters,18.59,20.99,15.14,12.910166756320596,-18.55836471221086,top-5000 GMV,$10-20
696261,"Captain America, Super-Soldier (Borderless) (0316)",Marvel Super Heroes,10.9,12.99,7.8,19.174311926605505,-28.440366972477065,top-5000 GMV,$10-20
518219,Warg Rider,Universes Beyond: The Lord of the Rings: Tales of Middle-earth,18.28,20.99,18.51,14.8249452954048,1.2582056892779017,top-5000 GMV,$10-20
215320,Pyroblast,Signature Spellbook: Chandra,10.36,14.99,9.24,44.6911196911197,-10.810810810810803,top-5000 GMV,$10-20
642025,Sol Ring,Commander: Edge of Eternities,1.61,2.79,1.35,73.2919254658385,-16.149068322981368,top-5000 GMV,$1-2
662343,Mayor Tong of Chin Village - Drannith Magistrate (Borderless),Avatar: The Last Airbender: Eternal-Legal,9.2,16.99,9.94,84.67391304347825,8.043478260869568,top-5000 GMV,$5-10
552920,Goldspan Dragon,Commander: Modern Horizons 3,6.33,7.99,5.64,26.224328593996844,-10.900473933649296,top-5000 GMV,$5-10
534578,Corporeal Projection,Ravnica: Clue Edition,15.05,19.99,12.88,32.823920265780714,-14.41860465116279,top-5000 GMV,$10-20
239836,Liquimetal Torque,Modern Horizons 2,3.91,4.99,3.12,27.621483375959084,-20.20460358056266,top-5000 GMV,$2-5
518051,Mithril Coat (Showcase Scrolls),Universes Beyond: The Lord of the Rings: Tales of Middle-earth,43.81,57.99,62.3,32.3670394887012,42.2049760328692,top-5000 GMV,$20-50
451930,Aetherflux Reservoir (Schematic),The Brothers' War: Retro Frame Artifacts,31.09,34.99,32.32,12.54422643936958,3.956256030878097,top-5000 GMV,$20-50
503390,Spellseeker,Commander Masters,17.71,27.99,17.44,58.04630152456238,-1.524562394127609,top-5000 GMV,$10-20
3322,Su-Chi,Antiquities,96.73,109.99,75.10000000000001,13.708260105448144,-22.361211619973115,top-5000 GMV,$50-100
661919,"Aang, Swift Savior",Avatar: The Last Airbender,2.34,3.99,1.32,70.51282051282053,-43.589743589743584,top-5000 GMV,$2-5
687608,Haywire Mite,Commander: Secrets of Strixhaven,0.45,1.49,0.39,231.11111111111117,-13.333333333333334,top-5000 GMV,$0-1
575063,"Valgavoth, Terror Eater (Showcase)",Duskmourn: House of Horror,17.02,22.99,15.47,35.07638072855463,-9.106933019976491,top-5000 GMV,$10-20
7668,Spirit of Resistance,Invasion,21.25,17.99,9.97,-15.34117647058824,-53.08235294117647,top-5000 GMV,$20-50
563284,Tinder Wall (Future Sight),Mystery Booster 2,2.52,4.49,0.92,78.17460317460319,-63.4920634920635,top-5000 GMV,$2-5
21636,Island - Guru,Guru Lands,1117.16,1899.99,1578.61,70.07322138279207,41.30563213863724,top-5000 GMV,$200+
668471,Extinction Event (Borderless),Marvel Universe Eternal-Legal,2.65,2.79,1.66,5.283018867924533,-37.35849056603774,top-5000 GMV,$2-5
544870,Force of Vigor,Outlaws of Thunder Junction: Breaking News,7.74,9.99,7.28,29.069767441860467,-5.943152454780361,top-5000 GMV,$5-10
267925,"Jetmir, Nexus of Revels",Streets of New Capenna,10.9,16.99,10.62,55.8715596330275,-2.568807339449552,top-5000 GMV,$10-20
166661,Luxury Suite,Battlebond,29.59,22.99,17.82,-22.304832713754653,-39.77695167286245,top-5000 GMV,$20-50
527818,"Lara Croft, Tomb Raider",Secret Lair Drop Series,49.01,44.99,50.01,-8.202407671903686,2.040399918384004,top-5000 GMV,$20-50
221874,Valakut Awakening (Extended Art),Zendikar Rising,20.11,32.99,20.84,64.0477374440577,3.630034808552961,top-5000 GMV,$20-50
512640,"Lord Skitter, Sewer King",Wilds of Eldraine,5.1,5.99,4.62,17.450980392156875,-9.411764705882344,top-5000 GMV,$5-10
82890,Misdirection,Conspiracy,12.52,17.99,11.4,43.69009584664536,-8.94568690095846,top-5000 GMV,$10-20
603078,Force of Despair,Secret Lair Showdown,7.48,6.99,8.33,-6.550802139037436,11.363636363636358,top-5000 GMV,$5-10
499772,Lightning Greaves,Commander: The Lord of the Rings: Tales of Middle-earth,4.96,6.49,4.07,30.84677419354839,-17.943548387096765,top-5000 GMV,$2-5
643504,Mightform Harmonizer,Edge of Eternities,1.45,2.79,1.14,92.41379310344828,-21.37931034482759,top-5000 GMV,$1-2
35533,Liliana's Caress,Magic 2011 (M11),6.35,9.99,4.63,57.32283464566931,-27.086614173228345,top-5000 GMV,$5-10
660532,White Lotus Tile,Avatar: The Last Airbender,4.75,6.99,3.01,47.15789473684211,-36.631578947368425,top-5000 GMV,$2-5
679596,Heralds of the Shredder - Vigor,Commander: Teenage Mutant Ninja Turtles,2.25,1.99,1.87,-11.555555555555555,-16.888888888888882,top-5000 GMV,$2-5
526074,Delighted Halfling (Showcase Scrolls),Universes Beyond: The Lord of the Rings: Tales of Middle-earth,48.61,59.99,33.37,23.41082081876157,-31.35157375025716,top-5000 GMV,$20-50
484554,Drana and Linvala,March of the Machine,7.48,7.99,5.15,6.818181818181815,-31.14973262032085,top-5000 GMV,$5-10
504192,Storm-Kiln Artist (Borderless),Commander Masters,3.82,4.99,3.0700000000000003,30.628272251308918,-19.63350785340313,top-5000 GMV,$2-5
11793,Doubling Cube,Fifth Dawn,36.36,34.99,23.41,-3.767876787678761,-35.61606160616061,top-5000 GMV,$20-50
576521,Hushwood Verge (Borderless),Duskmourn: House of Horror,9.35,13.99,9.07,49.62566844919787,-2.9946524064171056,top-5000 GMV,$5-10
686548,The Dawning Archaic (Borderless),Secrets of Strixhaven,2.12,1.99,2.02,-6.132075471698118,-4.716981132075476,top-5000 GMV,$2-5
687566,Primordial Hydra,Commander: Secrets of Strixhaven,1.42,1.49,1.06,4.929577464788737,-25.352112676056333,top-5000 GMV,$1-2
7829,Meddling Mage,Planeshift,33.88,42.99,25.33,26.88902007083825,-25.236127508854796,top-5000 GMV,$20-50
531000,Hellkite Tyrant (Anime Borderless),Ravnica Remastered,9.88,14.99,8.84,51.72064777327934,-10.526315789473694,top-5000 GMV,$5-10
661920,The Legend of Yangchen,Avatar: The Last Airbender,3.65,6.49,2.31,77.80821917808221,-36.71232876712329,top-5000 GMV,$2-5
286555,Thunderhawk Gunship,"Universes Beyond: Warhammer 40,000",16.23,24.99,15.94,53.974121996303126,-1.7868145409735117,top-5000 GMV,$10-20
222164,Agadeem's Awakening (Extended Art),Zendikar Rising,33.85,54.99,34.1,62.451994091580495,0.7385524372230428,top-5000 GMV,$20-50
240050,Sterling Grove,Modern Horizons 2,3.48,5.49,3.28,57.75862068965518,-5.747126436781615,top-5000 GMV,$2-5
14791,Retether,Planar Chaos,19.41,24.99,14.58,28.74806800618237,-24.88408037094281,top-5000 GMV,$10-20
491540,Nesting Dovehawk,Commander: March of the Machine,19.88,21.99,19.2,10.61368209255533,-3.420523138832997,top-5000 GMV,$10-20
514263,Pyroblast,WPN & Gateway Promos,16.77,17.99,16.990000000000002,7.274895646988663,1.3118664281455124,top-5000 GMV,$10-20
34706,"Ulamog, the Infinite Gyre",Rise of the Eldrazi,35.5,49.99,34.89,40.81690140845071,-1.718309859154928,top-5000 GMV,$20-50
77296,Mishra's Factory (Spring),Antiquities,111.21,229.99,46.87,106.80694182177864,-57.85450948655697,top-5000 GMV,$100-200
484595,Faerie Mastermind (Extended Art),March of the Machine,15.75,16.99,13.54,7.873015873015864,-14.031746031746035,top-5000 GMV,$10-20
633176,"Jenova, Ancient Calamity (Borderless)",FINAL FANTASY,6.06,6.99,5.21,15.346534653465357,-14.02640264026402,top-5000 GMV,$5-10
212149,Molten Echoes,Commander 2020,8.75,14.99,8.120000000000001,71.31428571428572,-7.199999999999989,top-5000 GMV,$5-10
589786,Violent Outburst,Foundations Jumpstart,3.0,4.99,1.58,66.33333333333334,-47.333333333333336,top-5000 GMV,$2-5
624214,Reliquary Tower,Commander: Tarkir: Dragonstorm,3.81,5.49,3.38,44.09448818897639,-11.286089238845149,top-5000 GMV,$2-5
541299,Flooded Strand (Extended Art),Modern Horizons 3,18.86,27.99,18.04,48.40933191940614,-4.347826086956523,top-5000 GMV,$10-20
276450,Damnation,Double Masters 2022,20.2,23.99,19.93,18.76237623762376,-1.3366336633663345,top-5000 GMV,$20-50
623347,Kaldra Compleat,Unique and Miscellaneous Promos,157.05,139.99,175.87,-10.862782553326966,11.983444762814385,top-5000 GMV,$100-200
698035,Toxic Deluge,Commander: Marvel Super Heroes,3.7,5.49,3.36,48.37837837837838,-9.189189189189197,top-5000 GMV,$2-5
662354,Monk Gyatso,Avatar: The Last Airbender: Eternal-Legal,7.54,10.99,5.07,45.75596816976128,-32.758620689655174,top-5000 GMV,$5-10
1426,Fork,Revised Edition,34.5,29.99,10.93,-13.072463768115949,-68.31884057971016,top-5000 GMV,$20-50
519746,Ensnared by the Mara,Universes Beyond: Doctor Who,7.62,8.99,7.21,17.979002624671917,-5.380577427821525,top-5000 GMV,$5-10
3187,Elephant Graveyard,Arabian Nights,284.33,299.99,139.86,5.507684732529112,-50.81067773361938,top-5000 GMV,$200+
3793,All Hallow's Eve,Legends,549.54,599.99,312.6,9.180405429996004,-43.11606070531717,top-5000 GMV,$200+
624340,Skullclamp,Commander: Tarkir: Dragonstorm,6.31,8.49,5.71,34.54833597464344,-9.50871632329635,top-5000 GMV,$5-10
677419,"Shadowheart, Dark Justiciar",Secret Lair Drop Series,15.8,18.99,17.94,20.189873417721504,13.544303797468356,top-5000 GMV,$10-20
4912,Swords to Plowshares,Ice Age,13.15,17.99,6.25,36.8060836501901,-52.47148288973384,top-5000 GMV,$10-20
262041,"Jin-Gitaxias, Progress Tyrant",Kamigawa: Neon Dynasty,9.57,11.99,8.870000000000001,25.28735632183908,-7.314524555903859,top-5000 GMV,$5-10
660603,"Ozai, the Phoenix King",Avatar: The Last Airbender,3.65,4.49,2.99,23.013698630136997,-18.08219178082191,top-5000 GMV,$2-5
3184,Drop of Honey,Arabian Nights,474.36,749.99,511.41,58.10565814992832,7.810523652921833,top-5000 GMV,$200+
5849,Goblin Recruiter,Visions,8.22,10.99,4.58,33.69829683698296,-44.28223844282238,top-5000 GMV,$5-10
6305,Engineered Plague,Urza's Legacy,8.26,8.49,4.62,2.784503631961264,-44.06779661016949,top-5000 GMV,$5-10
552651,Revitalizing Repast,Modern Horizons 3,1.06,1.99,0.98,87.73584905660377,-7.547169811320761,top-5000 GMV,$1-2
503464,Kindred Dominance (Borderless),Commander Masters,17.2,20.99,13.54,22.034883720930228,-21.279069767441865,top-5000 GMV,$10-20
530837,Guardian Project (Anime Borderless),Ravnica Remastered,24.08,29.99,23.51,24.543189368770765,-2.3671096345514817,top-5000 GMV,$20-50
71086,"Erebos, God of the Dead",Theros,11.04,11.99,9.27,8.605072463768126,-16.03260869565217,top-5000 GMV,$10-20
541281,"Emrakul, the World Anew (Borderless)",Modern Horizons 3,22.26,24.99,20.82,12.264150943396212,-6.469002695417796,top-5000 GMV,$20-50
498325,Gandalf the White,Universes Beyond: The Lord of the Rings: Tales of Middle-earth,7.8,9.99,6.18,28.076923076923084,-20.76923076923077,top-5000 GMV,$5-10
526862,Bloodletter of Aclazotz,Promo Pack: The Lost Caverns of Ixalan,33.27,39.99,34.84,20.198376916140663,4.718966035467388,top-5000 GMV,$20-50
273342,Nature's Lore,Commander Legends: Battle for Baldur's Gate,2.83,4.49,2.59,58.65724381625442,-8.480565371024742,top-5000 GMV,$2-5
697122,"Captain America, Liberator",Commander: Marvel Super Heroes,2.47,3.99,2.18,61.53846153846153,-11.74089068825911,top-5000 GMV,$2-5
450543,Tezzeret the Seeker (1111),Secret Lair Drop Series,44.89,54.99,46.77,22.499443083092004,4.188015148139903,top-5000 GMV,$20-50
555796,Templar Knight,Universes Beyond: Assassin's Creed,2.94,3.99,0.66,35.71428571428573,-77.55102040816327,top-5000 GMV,$2-5
632205,Balamb Garden - Command Beacon (Showcase),FINAL FANTASY: Through the Ages,8.88,12.99,8.85,46.283783783783775,-0.3378378378378506,top-5000 GMV,$5-10
697181,Professor Hulk,Commander: Marvel Super Heroes,1.84,4.49,1.78,144.02173913043478,-3.260869565217394,top-5000 GMV,$1-2
286268,Out of the Tombs,"Universes Beyond: Warhammer 40,000",14.34,17.99,13.9,25.453277545327747,-3.068340306834027,top-5000 GMV,$10-20
513095,Up the Beanstalk,Wilds of Eldraine,2.29,2.99,1.13,30.56768558951965,-50.655021834061145,top-5000 GMV,$2-5
58187,Craterhoof Behemoth,Avacyn Restored,19.77,32.99,20.84,66.86899342438039,5.412240768841681,top-5000 GMV,$10-20
239757,Patriarch's Bidding,Modern Horizons 2,3.87,4.99,2.08,28.9405684754522,-46.253229974160206,top-5000 GMV,$2-5
37935,Swamp - Full Art,Unhinged,9.74,9.49,4.87,-2.5667351129363447,-50.0,top-5000 GMV,$5-10
518029,Lord of the Nazgul (Showcase Scrolls),Commander: The Lord of the Rings: Tales of Middle-earth,27.12,24.99,34.160000000000004,-7.853982300884965,25.95870206489677,top-5000 GMV,$20-50
697572,Lightning Greaves,Commander: Marvel Super Heroes,3.9,6.49,3.97,66.41025641025642,1.7948717948718025,top-5000 GMV,$2-5
458047,Mystic Remora,Dominaria Remastered,12.57,13.99,11.18,11.296738265712012,-11.058074781225145,top-5000 GMV,$10-20
239756,Subtlety (Borderless),Modern Horizons 2,17.59,19.99,17.09,13.64411597498578,-2.842524161455372,top-5000 GMV,$10-20
163893,Grim Monolith - 2000 Jon Finkel (ULG),World Championship Decks,40.17,39.99,35.300000000000004,-0.4480955937266609,-12.12347523027134,top-5000 GMV,$20-50
254570,Exquisite Blood,The List Reprints,39.66,42.99,38.94,8.396369137670211,-1.8154311649016612,top-5000 GMV,$20-50
534560,Afterlife Insurance,Ravnica: Clue Edition,7.88,11.99,6.24,52.15736040609138,-20.812182741116747,top-5000 GMV,$5-10
243838,Heroic Intervention,Commander: Adventures in the Forgotten Realms,16.85,21.99,16.63,30.50445103857565,-1.30563798219586,top-5000 GMV,$10-20
69953,Silence,Magic 2014 (M14),9.67,13.99,7.07,44.67425025853154,-26.88728024819028,top-5000 GMV,$5-10
559999,Twenty-Toed Toad,Commander: Bloomburrow,6.11,6.99,2.91,14.402618657937804,-52.373158756137485,top-5000 GMV,$5-10
259211,Mystical Tutor,Secret Lair Drop Series,31.88,29.99,30.72,-5.92848180677541,-3.6386449184441663,top-5000 GMV,$20-50
276918,Food Chain,Double Masters 2022,41.07,29.99,36.45,-26.97832968103239,-11.249086924762594,top-5000 GMV,$20-50
582979,"Klauth, Unrivaled Ancient",The List Reprints,11.43,14.99,11.67,31.146106736657924,2.099737532808401,top-5000 GMV,$10-20
243428,Hobgoblin Bandit Lord,Adventures in the Forgotten Realms,4.68,6.99,4.26,49.35897435897437,-8.974358974358973,top-5000 GMV,$2-5
480497,Massacre Girl,Secret Lair Drop Series,38.87,34.99,38.85,-9.981991252894252,-0.0514535631592385,top-5000 GMV,$20-50
100009,Chandra's Ignition,Magic Origins,6.72,13.99,6.25,108.1845238095238,-6.994047619047615,top-5000 GMV,$5-10
668488,Force of Vigor (Borderless),Marvel Universe Eternal-Legal,5.25,7.49,5.17,42.66666666666667,-1.5238095238095253,top-5000 GMV,$5-10
630927,Tifa Lockhart,FINAL FANTASY,2.81,2.79,1.54,-0.7117437722419936,-45.19572953736655,top-5000 GMV,$2-5
11791,Crucible of Worlds,Fifth Dawn,32.03,42.99,32.13,34.21792069934437,0.3122073056509566,top-5000 GMV,$20-50
6495,Dark Ritual,Mercadian Masques,4.99,5.49,2.03,10.02004008016032,-59.318637274549104,top-5000 GMV,$2-5
641742,"Susur Secundi, Void Altar",Edge of Eternities,3.56,6.49,2.88,82.30337078651687,-19.101123595505623,top-5000 GMV,$2-5
191578,Carrion Feeder,Modern Horizons,3.8,4.99,3.66,31.315789473684223,-3.684210526315781,top-5000 GMV,$2-5
632696,Nibelheim Aflame,FINAL FANTASY,4.28,6.49,3.5,51.63551401869159,-18.224299065420567,top-5000 GMV,$2-5
697330,"Spider-Man, New Champion",Commander: Marvel Super Heroes,2.59,4.99,2.44,92.66409266409268,-5.791505791505788,top-5000 GMV,$2-5
648733,Avatar Aang,Avatar: The Last Airbender,3.22,2.99,2.05,-7.142857142857142,-36.33540372670808,top-5000 GMV,$2-5
457258,Mystical Tutor (Retro Frame),Dominaria Remastered,16.94,21.99,16.67,29.81109799291616,-1.593860684769773,top-5000 GMV,$10-20
555901,Sword of Light and Shadow,Universes Beyond: Assassin's Creed,8.04,11.99,7.08,49.12935323383086,-11.940298507462677,top-5000 GMV,$5-10
14308,Norin the Wary,Time Spiral,21.19,21.99,15.56,3.7753657385559087,-26.569136385087305,top-5000 GMV,$20-50
526134,"Anim Pakal, Thousandth Moon",The Lost Caverns of Ixalan,5.6,6.49,4.0200000000000005,15.892857142857151,-28.2142857142857,top-5000 GMV,$5-10
243256,"Delina, Wild Mage",Adventures in the Forgotten Realms,6.57,7.99,5.76,21.61339421613394,-12.32876712328768,top-5000 GMV,$5-10
696269,"The Sentry, Golden Guardian (Borderless)",Marvel Super Heroes,1.84,1.79,0.91,-2.7173913043478284,-50.54347826086957,top-5000 GMV,$1-2
5024,Dark Ritual,Mirage,4.39,4.49,2.08,2.277904328018236,-52.61958997722095,top-5000 GMV,$2-5
504300,Reliquary Tower (Borderless),Commander Masters,7.92,8.99,6.29,13.510101010101014,-20.58080808080808,top-5000 GMV,$5-10
662013,Demonic Consultation,Secret Lair Countdown Kit,8.24,8.99,7.1000000000000005,9.101941747572816,-13.834951456310677,top-5000 GMV,$5-10
72130,Goblin Sharpshooter,Commander 2013,27.73,32.99,22.92,18.968626036783277,-17.345834835917774,top-5000 GMV,$20-50
222002,"Valakut, the Molten Pinnacle",Zendikar Rising Expeditions,25.09,23.99,22.92,-4.3842168194499855,-8.64886408927859,top-5000 GMV,$20-50
532984,Gamble (Borderless),Special Guests,20.19,29.99,19.78,48.5388806339772,-2.030708271421496,top-5000 GMV,$20-50
534569,"Amzu, Swarm's Hunger",Ravnica: Clue Edition,19.15,20.99,18.75,9.608355091383812,-2.0887728459529957,top-5000 GMV,$10-20
541261,Thoughtseize,Outlaws of Thunder Junction: Breaking News,7.62,9.99,6.24,31.10236220472441,-18.11023622047244,top-5000 GMV,$5-10
82202,Sage of Hours,Journey Into Nyx,12.13,9.99,7.67,-17.642209398186317,-36.76834295136027,top-5000 GMV,$10-20
251801,Great Furnace,Secret Lair Drop Series,32.64,34.99,33.72,7.199754901960788,3.308823529411759,top-5000 GMV,$20-50
680775,Mental Misstep (2373),Secret Lair Drop Series,16.62,18.99,14.52,14.25992779783392,-12.635379061371848,top-5000 GMV,$10-20
698222,"Skybreaker, Sword of Bashenga - Sword of the Animist",Commander: Marvel Super Heroes,3.33,6.49,3.24,94.8948948948949,-2.702702702702698,top-5000 GMV,$2-5
499504,Toxic Deluge,Commander: The Lord of the Rings: Tales of Middle-earth,5.78,6.49,4.7700000000000005,12.283737024221452,-17.47404844290657,top-5000 GMV,$5-10
286549,Sister Hospitaller,"Universes Beyond: Warhammer 40,000",11.99,16.99,12.13,41.70141784820682,1.1676396997497962,top-5000 GMV,$10-20
212789,"Kinnan, Bonder Prodigy (Extended Art)",Ikoria: Lair of Behemoths,26.32,32.99,20.84,25.3419452887538,-20.82066869300912,top-5000 GMV,$20-50
216178,Craterhoof Behemoth,Jumpstart,19.75,29.99,20.54,51.84810126582278,3.999999999999996,top-5000 GMV,$10-20
451966,Defense Grid,The Brothers' War: Retro Frame Artifacts,6.25,6.49,5.97,3.840000000000003,-4.480000000000004,top-5000 GMV,$5-10
517693,Godless Shrine (Borderless),Ravnica Remastered,21.98,29.99,21.65,36.44222020018197,-1.501364877161064,top-5000 GMV,$20-50
688982,Petrified Hamlet,Secrets of Strixhaven,0.61,0.49,0.15,-19.672131147540984,-75.40983606557377,top-5000 GMV,$0-1
235374,Ephemerate (JP Alternate Art),Strixhaven: Mystical Archive,27.97,39.99,29.95,42.97461565963533,7.079013228459065,top-5000 GMV,$20-50
679567,Continue?,Commander: Teenage Mutant Ninja Turtles,2.32,3.99,1.77,71.98275862068968,-23.70689655172413,top-5000 GMV,$2-5
504530,Kodama's Reach (Borderless),Commander Masters,1.98,2.99,1.04,51.01010101010103,-47.474747474747474,top-5000 GMV,$1-2
539569,Mantle of the Ancients,Universes Beyond: Fallout,8.01,10.99,7.23,37.20349563046193,-9.737827715355795,top-5000 GMV,$5-10
187186,Dovin's Veto,War of the Spark,3.19,3.99,1.76,25.078369905956123,-44.82758620689656,top-5000 GMV,$2-5
675592,Stock Up (JP Alternate Art),Secrets of Strixhaven: Mystical Archive,2.29,3.49,1.04,52.40174672489084,-54.585152838427945,top-5000 GMV,$2-5
563080,Dark Ritual (Future Sight),Mystery Booster 2,5.69,9.99,5.24,75.57117750439366,-7.908611599297015,top-5000 GMV,$5-10
632195,"Warrior of Light - Jodah, the Unifier (Showcase)",FINAL FANTASY: Through the Ages,4.45,3.99,3.0500000000000003,-10.337078651685392,-31.46067415730337,top-5000 GMV,$2-5
674658,Mindcrank (2456),Secret Lair Drop Series,12.97,12.99,10.78,0.1542020046260568,-16.885119506553593,top-5000 GMV,$10-20
689362,Sheoldred's Edict (JP Alternate Art),Secrets of Strixhaven: Mystical Archive,4.9,5.49,5.11,12.040816326530608,4.285714285714285,top-5000 GMV,$2-5
230161,Goldspan Dragon,Kaldheim,8.93,7.49,5.99,-16.125419932810743,-32.92273236282195,top-5000 GMV,$5-10
503426,"Urza, Lord High Artificer",Commander Masters,15.83,19.99,14.32,26.279216677195187,-9.53885028427037,top-5000 GMV,$10-20
457280,Maze of Ith (Borderless),Dominaria Remastered,10.45,15.99,10.72,53.01435406698566,2.583732057416281,top-5000 GMV,$10-20
235385,Teferi's Protection (JP Alternate Art),Strixhaven: Mystical Archive,74.74,79.99,65.51,7.024351083757025,-12.349478191062335,top-5000 GMV,$50-100
656768,The Destined White Mage (Borderless),Commander: FINAL FANTASY,11.19,19.99,15.63,78.64164432529043,39.678284182305646,top-5000 GMV,$10-20
5351,Grave Pact,Stronghold,32.22,34.99,31.3,8.597144630664195,-2.855369335816257,top-5000 GMV,$20-50
693443,Breath of Fury,Secret Lair Drop Series,8.1,11.99,9.36,48.024691358024704,15.555555555555554,top-5000 GMV,$5-10
631303,Thought Vessel,Commander: FINAL FANTASY,2.5,3.49,2.43,39.60000000000001,-2.7999999999999936,top-5000 GMV,$2-5
517651,Overgrown Tomb (Retro Frame),Ravnica Remastered,16.11,22.99,15.37,42.706393544382365,-4.593420235878338,top-5000 GMV,$10-20
475521,"Elesh Norn, Mother of Machines (Concept Praetor)",Phyrexia: All Will Be One,41.9,47.99,41.84,14.534606205250606,-0.1431980906921126,top-5000 GMV,$20-50
100096,Starfield of Nyx,Magic Origins,13.86,16.99,11.09,22.582972582972577,-19.985569985569985,top-5000 GMV,$10-20
641752,Exalted Sunborn (Extended Art),Edge of Eternities,19.96,29.99,20.77,50.25050100200399,4.058116232464924,top-5000 GMV,$10-20
557921,Llanowar Elves,Foundations,0.32,0.79,0.15,146.875,-53.125,top-5000 GMV,$0-1
6931,Lifeline,Urza's Saga,49.36,37.99,30.94,-23.034846029173416,-37.31766612641815,top-5000 GMV,$20-50
240103,Endurance,Modern Horizons 2,5.1,7.99,5.01,56.66666666666668,-1.7647058823529385,top-5000 GMV,$5-10
136705,Obelisk Spider,Hour of Devastation,3.11,4.49,2.86,44.37299035369776,-8.038585209003216,top-5000 GMV,$2-5
544275,"The Gitrog, Ravenous Ride",Outlaws of Thunder Junction,4.65,7.99,4.47,71.8279569892473,-3.870967741935496,top-5000 GMV,$2-5
646151,"Spider-Man, Miles Morales",Marvel's Spider-Man: Eternal-Legal,7.66,12.99,6.46,69.5822454308094,-15.665796344647523,top-5000 GMV,$5-10
578073,"Marvin, Murderous Mimic (Showcase)",Duskmourn: House of Horror,7.42,6.99,5.04,-5.795148247978433,-32.075471698113205,top-5000 GMV,$5-10
499578,"Arwen, Weaver of Hope",Commander: The Lord of the Rings: Tales of Middle-earth,3.6,6.49,3.12,80.27777777777779,-13.333333333333334,top-5000 GMV,$2-5
687493,Teacher's Pest,Secrets of Strixhaven,0.28,0.35,0.15,24.999999999999982,-46.42857142857144,top-5000 GMV,$0-1
687634,"Gyome, Master Chef",Commander: Secrets of Strixhaven,1.01,1.49,0.45,47.52475247524752,-55.44554455445545,top-5000 GMV,$1-2
91188,Sliver Hivelord,Magic 2015 (M15),19.16,20.99,15.61,9.55114822546972,-18.52818371607516,top-5000 GMV,$10-20
505834,Spectator Seating (Borderless),Commander Masters,17.64,18.99,10.96,7.653061224489783,-37.868480725623584,top-5000 GMV,$10-20
697123,"Captain America, Skybound",Commander: Marvel Super Heroes,2.81,2.99,1.55,6.405693950177942,-44.83985765124555,top-5000 GMV,$2-5
552815,Dreamtide Whale,Modern Horizons 3,2.31,3.99,1.39,72.72727272727273,-39.82683982683983,top-5000 GMV,$2-5
12088,Marrow-Gnawer,Champions of Kamigawa,28.71,37.99,29.09,32.323232323232325,1.323580633925458,top-5000 GMV,$20-50
643058,Inkmoth Nexus (0020) (Borderless),Edge of Eternities: Stellar Sights,11.22,14.99,10.05,33.60071301247771,-10.427807486631014,top-5000 GMV,$10-20
506767,Skittering Cicada,Commander Masters,13.69,20.99,12.5,53.3235938641344,-8.692476260043824,top-5000 GMV,$10-20
39528,Gut Shot,New Phyrexia,5.07,7.99,4.23,57.59368836291912,-16.568047337278102,top-5000 GMV,$5-10
634440,The Masamune (Borderless),FINAL FANTASY,5.99,3.99,3.12,-33.3889816360601,-47.913188647746246,top-5000 GMV,$5-10
503362,Jet Medallion,Commander Masters,12.18,15.99,10.8,31.280788177339907,-11.330049261083737,top-5000 GMV,$10-20
552312,Flare of Duplication,Modern Horizons 3,1.69,2.29,1.08,35.502958579881664,-36.094674556213015,top-5000 GMV,$1-2
253435,Swamp (272),Innistrad: Crimson Vow,1.16,1.99,0.86,71.55172413793105,-25.86206896551724,top-5000 GMV,$1-2
563287,Thornbite Staff (White Border),Mystery Booster 2,11.93,17.99,10.78,50.79631181894383,-9.639564124057005,top-5000 GMV,$10-20
696478,Captain America's Shield (Borderless) (0311),Marvel Super Heroes,4.61,5.49,3.45,19.088937093275486,-25.16268980477224,top-5000 GMV,$2-5
689361,Sheoldred's Edict,Secrets of Strixhaven: Mystical Archive,2.17,2.49,1.0,14.746543778801858,-53.91705069124424,top-5000 GMV,$2-5
169342,Psychic Corrosion,Core Set 2019,5.46,6.99,4.15,28.02197802197803,-23.992673992673986,top-5000 GMV,$5-10
151824,Plains,Unstable,2.98,3.49,1.44,17.11409395973155,-51.67785234899329,top-5000 GMV,$2-5
563209,Show and Tell (Future Sight),Mystery Booster 2,9.31,14.99,8.97,61.00966702470462,-3.651987110633725,top-5000 GMV,$5-10
504578,Balefire Dragon,Commander Masters,21.17,19.99,15.59,-5.573925366084096,-26.35805384978745,top-5000 GMV,$20-50
219499,Toxic Deluge (Borderless),Double Masters,31.95,54.99,34.300000000000004,72.11267605633805,7.355242566510188,top-5000 GMV,$20-50
525608,Pitiless Plunderer (Borderless),Special Guests,24.64,32.99,18.76,33.88798701298702,-23.86363636363636,top-5000 GMV,$20-50
33412,Roil Elemental,Zendikar,14.8,11.99,6.79,-18.98648648648649,-54.12162162162163,top-5000 GMV,$10-20
560007,Swarmyard Massacre,Commander: Bloomburrow,4.38,4.49,2.78,2.5114155251141628,-36.529680365296805,top-5000 GMV,$2-5
6547,Gush,Mercadian Masques,4.55,4.99,2.64,9.67032967032968,-41.97802197802197,top-5000 GMV,$2-5
93202,Brave the Sands,Khans of Tarkir,4.06,6.99,3.42,72.16748768472908,-15.763546798029552,top-5000 GMV,$2-5
632126,Aerith's Curaga Magic - Heroic Intervention,Secret Lair Drop Series,23.21,24.99,24.36,7.6691081430417825,4.954760878931489,top-5000 GMV,$20-50
506648,It That Betrays,Commander Masters,17.38,17.99,13.69,3.5097813578826207,-21.231300345224398,top-5000 GMV,$10-20
677185,Nature's Lore (2278),Secret Lair Drop Series,31.79,39.99,40.85,25.79427492922304,28.4995281535074,top-5000 GMV,$20-50
67322,Stomping Ground,Gatecrash,6.99,12.99,6.25,85.83690987124464,-10.586552217453509,top-5000 GMV,$5-10
9223,Taiga,Unlimited Edition,807.49,1099.99,636.5600000000001,36.22335880320499,-21.16806400079257,top-5000 GMV,$200+
544263,Morbid Opportunist (Borderless),Special Guests,17.42,21.99,16.59,26.23421354764636,-4.764638346727909,top-5000 GMV,$10-20
656908,Fishing Gear (Borderless),Commander: FINAL FANTASY,11.73,22.99,14.36,95.9931798806479,22.421142369991465,top-5000 GMV,$10-20
456636,Mental Misstep (1179),Secret Lair Drop Series,75.98,79.99,92.51,5.277704659120809,21.75572519083969,top-5000 GMV,$50-100
609780,Cathars' Crusade (Showcase),Innistrad Remastered,15.48,18.99,17.14,22.67441860465115,10.723514211886306,top-5000 GMV,$10-20
689824,"Deadpool, Trading Card (7127)",Secret Lair Drop Series,71.72,109.99,89.39,53.360290016731724,24.637479085331847,top-5000 GMV,$50-100
697207,"Namor, Scourge of the Seas",Commander: Marvel Super Heroes,2.65,5.99,1.56,126.03773584905662,-41.13207547169811,top-5000 GMV,$2-5
58195,Angel of Jubilation,Avacyn Restored,10.15,12.99,7.28,27.980295566502463,-28.27586206896552,top-5000 GMV,$10-20
4061,Underworld Dreams,Legends,80.99,99.99,60.44,23.459686381034697,-25.373502901592783,top-5000 GMV,$50-100
631547,Swiftfoot Boots,Commander: FINAL FANTASY,2.37,3.99,2.36,68.35443037974683,-0.421940928270052,top-5000 GMV,$2-5
524259,Chalice of the Void (Borderless),Commander: The Lost Caverns of Ixalan,23.9,34.99,23.78,46.40167364016738,-0.5020920502091943,top-5000 GMV,$20-50
696350,Arc Reactor (Borderless),Marvel Super Heroes,2.62,2.79,0.72,6.488549618320608,-72.51908396946564,top-5000 GMV,$2-5
240233,"Yavimaya, Cradle of Growth (Extended Art)",Modern Horizons 2,19.18,20.99,19.27,9.436913451511986,0.4692387904066729,top-5000 GMV,$10-20
642804,Phyrexian Metamorph,Commander: Edge of Eternities,2.46,3.99,2.42,62.19512195121952,-1.6260162601626031,top-5000 GMV,$2-5
457084,"Yawgmoth, Thran Physician",Dominaria Remastered,30.99,34.99,30.03,12.907389480477583,-3.097773475314609,top-5000 GMV,$20-50
164409,Ancient Tomb - 1999 Kai Budde (TMP),World Championship Decks,49.79,57.99,47.97,16.46917051616791,-3.655352480417756,top-5000 GMV,$20-50
541303,Windswept Heath (Extended Art),Modern Horizons 3,14.35,18.99,14.5,32.334494773519154,1.0452961672473893,top-5000 GMV,$10-20
4232,Shield Sphere,Alliances,12.06,9.99,7.28,-17.164179104477615,-39.63515754560531,top-5000 GMV,$10-20
4751,Jeweled Amulet,Ice Age,8.48,9.49,4.03,11.910377358490564,-52.47641509433962,top-5000 GMV,$5-10
651988,"Chameleon, Master of Disguise",Marvel's Spider-Man,0.81,0.79,0.18,-2.469135802469138,-77.77777777777779,top-5000 GMV,$0-1
689055,"Blech, Loafing Pest",Secrets of Strixhaven,0.42,0.49,0.15,16.666666666666668,-64.28571428571429,top-5000 GMV,$0-1
135056,"Razaketh, the Foulblooded",Hour of Devastation,13.66,16.99,11.83,24.37774524158125,-13.396778916544658,top-5000 GMV,$10-20
82233,"Athreos, God of Passage",Journey Into Nyx,15.22,20.99,12.36,37.9106438896189,-18.7910643889619,top-5000 GMV,$10-20
641831,"Uthros, Titanic Godcore (Borderless)",Edge of Eternities,13.38,20.99,13.07,56.875934230194304,-2.3168908819133067,top-5000 GMV,$10-20
579343,Walk-In Closet // Forgotten Cellar,Duskmourn: House of Horror,6.59,9.49,6.09,44.00606980273142,-7.587253414264036,top-5000 GMV,$5-10
555909,Fiery Islet (Borderless),Universes Beyond: Assassin's Creed,11.87,20.99,11.4,76.832350463353,-3.9595619208087527,top-5000 GMV,$10-20
563303,Walking Ballista (Future Sight),Mystery Booster 2,10.8,12.99,9.69,20.27777777777777,-10.27777777777779,top-5000 GMV,$10-20
6553,Hickory Woodlot,Mercadian Masques,4.29,3.99,1.85,-6.99300699300699,-56.87645687645687,top-5000 GMV,$2-5
617964,Deflecting Swat,Secret Lair Drop Series,84.3,99.99,86.69,18.61209964412811,2.835112692763939,top-5000 GMV,$50-100
625715,"Ugin, Eye of the Storms",Promo Pack: Tarkir: Dragonstorm,41.18,69.99,45.02,69.96114618746964,9.324915007285098,top-5000 GMV,$20-50
553182,Ramunap Excavator,Commander: Modern Horizons 3,5.18,6.99,4.82,34.94208494208495,-6.949806949806939,top-5000 GMV,$5-10
456739,Sol Ring,Starter Commander Decks,1.86,2.79,1.37,49.99999999999999,-26.344086021505376,top-5000 GMV,$1-2
5889,Natural Order,Visions,40.48,44.99,30.15,11.1413043478261,-25.518774703557312,top-5000 GMV,$20-50
559524,Rottenmouth Viper (Borderless),Bloomburrow,9.28,10.99,8.32,18.426724137931043,-10.344827586206886,top-5000 GMV,$5-10
13270,Elves of Deep Shadow,Ravnica: City of Guilds,3.92,3.49,2.08,-10.969387755102034,-46.93877551020408,top-5000 GMV,$2-5
534079,"Anzrag, the Quake-Mole",Murders at Karlov Manor,5.89,8.99,5.08,52.63157894736843,-13.752122241086582,top-5000 GMV,$5-10
218371,Cyclonic Rift (Borderless),Double Masters,48.99,49.99,44.54,2.0412329046744238,-9.083486425801189,top-5000 GMV,$20-50
222763,"Nykthos, Shrine to Nyx",The List Reprints,55.58,69.99,56.65,25.92659229938826,1.925152932709608,top-5000 GMV,$50-100
269734,Change of Plans,Commander: Streets of New Capenna,12.69,12.99,12.49,2.364066193853433,-1.5760441292356129,top-5000 GMV,$10-20
617852,"Miku, Font of Pop - Giada, Font of Hope",Secret Lair Drop Series,28.3,23.99,25.37,-15.229681978798595,-10.353356890459365,top-5000 GMV,$20-50
212168,Species Specialist,Commander 2020,10.19,14.99,9.84,47.10500490677136,-3.4347399411187403,top-5000 GMV,$10-20
518684,Sylvan Tutor (Borderless),Commander: The Lord of the Rings: Tales of Middle-earth,61.71,64.99,98.81,5.315183924809584,60.119915734889,top-5000 GMV,$50-100
265376,Xander's Lounge (Borderless),Streets of New Capenna,18.46,29.99,17.81,62.459371614301176,-3.521126760563392,top-5000 GMV,$10-20
525908,Herald of Secret Streams,Commander: The Lost Caverns of Ixalan,8.62,9.49,5.71,10.09280742459398,-33.75870069605568,top-5000 GMV,$5-10
2290,Necropotence,Fifth Edition,37.37,47.99,37.0,28.418517527428435,-0.9900990099009832,top-5000 GMV,$20-50
239612,Sword of Hearth and Home (Borderless),Modern Horizons 2,23.44,24.99,20.84,6.612627986348111,-11.09215017064847,top-5000 GMV,$20-50
696541,"Nick Fury, Agent of S.H.I.E.L.D. (Borderless) (0357)",Marvel Super Heroes,3.14,4.49,2.08,42.99363057324841,-33.75796178343949,top-5000 GMV,$2-5
517663,Breeding Pool (Retro Frame),Ravnica Remastered,17.54,27.99,14.64,59.57810718358039,-16.533637400228045,top-5000 GMV,$10-20
553545,Lightning Greaves,Commander: Modern Horizons 3,4.28,6.49,4.23,51.63551401869159,-1.1682242990654164,top-5000 GMV,$2-5
226313,Opposition Agent (Extended Art),Commander Legends,29.58,34.99,29.92,18.289384719405017,1.1494252873563335,top-5000 GMV,$20-50
560664,We Want...A SHRUBBERY! - Three Visits,Secret Lair Drop Series,45.8,49.99,45.23,9.148471615720537,-1.2445414847161578,top-5000 GMV,$20-50
559620,Birds of Paradise (Borderless),Commander: Bloomburrow,16.01,24.99,15.43,56.08994378513427,-3.622735790131179,top-5000 GMV,$10-20
687428,Mana Geyser,Commander: Secrets of Strixhaven,1.23,2.79,1.05,126.82926829268293,-14.634146341463412,top-5000 GMV,$1-2
230137,"Vorinclex, Monstrous Raider (Phyrexian)",Kaldheim,34.76,54.99,33.62,58.199079401611066,-3.2796317606444205,top-5000 GMV,$20-50
235658,Solve the Equation,Strixhaven: School of Mages,3.76,6.49,3.51,72.60638297872342,-6.648936170212766,top-5000 GMV,$2-5
552393,Endurance (Borderless),Special Guests,10.03,18.99,9.79,89.3320039880359,-2.392821535393821,top-5000 GMV,$10-20
517701,Breeding Pool (Borderless),Ravnica Remastered,21.93,22.99,13.77,4.833561331509342,-37.2093023255814,top-5000 GMV,$20-50
18732,Painter's Servant,Shadowmoor,56.27,49.99,34.07,-11.160476275102187,-39.45263906166696,top-5000 GMV,$50-100
526440,Thought Vessel (Borderless),Commander: The Lost Caverns of Ixalan,17.95,17.99,15.71,0.2228412256267362,-12.479108635097484,top-5000 GMV,$10-20
687338,Storm-Kiln Artist,Commander: Secrets of Strixhaven,1.4,2.29,1.37,63.57142857142859,-2.142857142857129,top-5000 GMV,$1-2
552813,Buried Alive,Modern Horizons 3,1.01,2.29,0.51,126.73267326732672,-49.50495049504951,top-5000 GMV,$1-2
552635,Marionette Apprentice,Modern Horizons 3,1.01,1.99,0.47,97.02970297029702,-53.46534653465347,top-5000 GMV,$1-2
114839,Relentless Dead,Shadows over Innistrad,11.49,16.99,9.37,47.86771105308963,-18.4508268059182,top-5000 GMV,$10-20
686514,Ancient Stirrings,Secret Lair Showdown,1.41,14.99,1.3,963.1205673758864,-7.801418439716304,top-5000 GMV,$1-2
129741,Bontu's Monument,Amonkhet,3.8,6.49,2.84,70.78947368421053,-25.26315789473684,top-5000 GMV,$2-5
212031,"Godzilla, Primeval Champion - Titanoth Rex",Ikoria: Lair of Behemoths,12.16,11.99,8.98,-1.398026315789473,-26.151315789473685,top-5000 GMV,$10-20
513256,Pemmin's Aura,The List Reprints,11.34,12.99,8.22,14.550264550264552,-27.513227513227505,top-5000 GMV,$10-20
697048,Heroic Feast,Marvel Super Heroes,0.3,0.49,0.15,63.33333333333334,-50.0,top-5000 GMV,$0-1
581986,Ophidian Eye,The List Reprints,11.97,14.99,11.39,25.229741019214696,-4.845446950710109,top-5000 GMV,$10-20
631208,Champion's Helm,Commander: FINAL FANTASY,1.22,2.79,1.03,128.68852459016392,-15.573770491803272,top-5000 GMV,$1-2
190993,Fallen Shinobi,Modern Horizons,6.62,7.49,6.21,13.14199395770393,-6.193353474320244,top-5000 GMV,$5-10
590876,Scrawling Crawler (Borderless),Foundations,10.84,15.99,9.47,47.50922509225093,-12.63837638376383,top-5000 GMV,$10-20
688688,Planar Engineering (Extended Art),Secrets of Strixhaven,2.75,1.49,1.11,-45.81818181818182,-59.63636363636363,top-5000 GMV,$2-5
530999,Deathrite Shaman (Retro Frame),Ravnica Remastered,7.65,8.99,6.24,17.51633986928104,-18.43137254901961,top-5000 GMV,$5-10
615206,Stridehangar Automaton,Commander: Aetherdrift,2.35,3.99,2.11,69.7872340425532,-10.212765957446818,top-5000 GMV,$2-5
243625,Gemstone Caverns,The List Reprints,57.1,74.99,57.72,31.330998248686505,1.0858143607705737,top-5000 GMV,$50-100
696282,"Mister Fantastic, Reed Richards (Borderless)",Marvel Super Heroes,0.58,0.59,0.15,1.7241379310344844,-74.13793103448275,top-5000 GMV,$0-1
563095,Underworld Breach (Future Sight),Mystery Booster 2,8.77,10.99,8.76,25.313568985176747,-0.1140250855188117,top-5000 GMV,$5-10
4480,Didgeridoo,Homelands,15.25,16.99,11.72,11.40983606557376,-23.147540983606557,top-5000 GMV,$10-20
191075,Crashing Footfalls,Modern Horizons,1.41,1.99,0.58,41.13475177304966,-58.86524822695035,top-5000 GMV,$1-2
284314,Chain of Smog,The List Reprints,8.03,8.99,6.17,11.955168119551692,-23.16313823163138,top-5000 GMV,$5-10
513356,Blind Obedience,Wilds of Eldraine: Enchanting Tales,5.56,6.99,4.78,25.719424460431668,-14.028776978417255,top-5000 GMV,$5-10
660612,Lifelong Friendship - Eladamri's Call (Borderless),Avatar: The Last Airbender: Eternal-Legal,10.43,14.99,9.77,43.72003835091084,-6.327900287631833,top-5000 GMV,$10-20
517685,Birds of Paradise (Anime Borderless),Ravnica Remastered,14.4,20.99,13.81,45.76388888888888,-4.0972222222222205,top-5000 GMV,$10-20
12249,Disrupting Shoal,Betrayers of Kamigawa,13.49,22.99,20.82,70.42253521126759,54.33654558932543,top-5000 GMV,$10-20
559729,Jacked Rabbit,Commander: Bloomburrow,3.72,5.49,2.08,47.58064516129032,-44.08602150537634,top-5000 GMV,$2-5
272914,Archivist of Oghma,Commander Legends: Battle for Baldur's Gate,6.89,9.49,6.4,37.73584905660378,-7.111756168359933,top-5000 GMV,$5-10
552643,"Phlage, Titan of Fire's Fury (Borderless)",Modern Horizons 3,7.66,11.99,6.18,56.527415143603136,-19.32114882506528,top-5000 GMV,$5-10
221819,Wasteland,Zendikar Rising Expeditions,31.07,39.99,30.2,28.70936594785968,-2.8001287415513385,top-5000 GMV,$20-50
552311,"Eladamri, Korvecdal",Modern Horizons 3,4.9,7.49,3.62,52.85714285714285,-26.12244897959184,top-5000 GMV,$2-5
36314,Platinum Emperion,Scars of Mirrodin,17.67,20.99,16.66,18.788907753254083,-5.715902659875503,top-5000 GMV,$10-20
671768,Twilight Diviner,Lorwyn Eclipsed,2.05,3.49,1.62,70.24390243902442,-20.975609756097548,top-5000 GMV,$2-5
560030,Swarmyard,Commander: Bloomburrow,6.07,5.99,2.9,-1.3179571663920933,-52.22405271828666,top-5000 GMV,$5-10
539631,"Codsworth, Handy Helper (Extended Art)",Universes Beyond: Fallout,29.87,42.99,31.23,43.92366923334449,4.553063274188147,top-5000 GMV,$20-50
591806,Garruk's Uprising,Foundations,0.43,0.99,0.26,130.2325581395349,-39.53488372093023,top-5000 GMV,$0-1
219004,Mesmeric Orb,Double Masters,17.13,17.99,16.95,5.020431990659659,-1.0507880910682996,top-5000 GMV,$10-20
677480,Tortured Existence,Secret Lair Drop Series,12.78,15.99,9.32,25.117370892018787,-27.0735524256651,top-5000 GMV,$10-20
490365,"Vorinclex, Voice of Hunger",March of the Machine: Multiverse Legends,13.74,10.99,10.96,-20.014556040756915,-20.23289665211062,top-5000 GMV,$10-20
478543,Norn's Choirmaster,Commander: Phyrexia: All Will Be One,17.21,16.99,13.41,-1.2783265543288924,-22.080185938407908,top-5000 GMV,$10-20
36312,Contagion Engine,Scars of Mirrodin,13.22,17.99,9.28,36.08169440242055,-29.803328290468997,top-5000 GMV,$10-20
204371,Revel in Riches,The List Reprints,23.9,27.99,17.19,17.11297071129707,-28.075313807531373,top-5000 GMV,$20-50
499368,Elven Chorus,Universes Beyond: The Lord of the Rings: Tales of Middle-earth,4.88,5.99,3.64,22.745901639344268,-25.409836065573764,top-5000 GMV,$2-5
226662,Court of Ambition,Commander Legends,6.23,7.99,5.74,28.250401284109145,-7.865168539325845,top-5000 GMV,$5-10
204564,Sliver Hivelord,The List Reprints,15.68,17.99,16.38,14.732142857142849,4.46428571428571,top-5000 GMV,$10-20
556388,Desynchronization,Universes Beyond: Assassin's Creed,5.0,8.99,4.42,79.80000000000001,-11.6,top-5000 GMV,$5-10
553328,Malevolent Rumble,Modern Horizons 3,0.34,0.99,0.15,191.17647058823525,-55.88235294117647,top-5000 GMV,$0-1
218370,Cyclonic Rift,Double Masters,31.06,34.99,26.27,12.65292981326466,-15.42176432710882,top-5000 GMV,$20-50
563301,Urza's Bauble (Future Sight),Mystery Booster 2,5.32,7.99,5.38,50.18796992481202,1.1278195488721732,top-5000 GMV,$5-10
517689,Steam Vents (Borderless),Ravnica Remastered,18.87,27.99,15.25,48.33068362480126,-19.18388977212507,top-5000 GMV,$10-20
656883,"Edea, Possessed Sorceress (Borderless)",Commander: FINAL FANTASY,9.8,18.99,10.4,93.7755102040816,6.122448979591832,top-5000 GMV,$5-10
579079,Whip of Erebos,Commander: Duskmourn: House of Horror,8.55,12.99,6.75,51.92982456140351,-21.052631578947377,top-5000 GMV,$5-10
697261,"Kingpin, Wilson Fisk",Commander: Marvel Super Heroes,2.22,3.49,2.03,57.2072072072072,-8.558558558558575,top-5000 GMV,$2-5
265381,Ziatora's Proving Ground (Borderless),Streets of New Capenna,19.53,22.99,15.98,17.71633384536609,-18.177163338453663,top-5000 GMV,$10-20
503384,Land Tax,Commander Masters,21.19,16.99,13.92,-19.820670127418605,-34.308636149126954,top-5000 GMV,$20-50
118587,Pyroblast,Eternal Masters,12.14,15.99,9.73,31.71334431630972,-19.85172981878089,top-5000 GMV,$10-20
624152,Swords to Plowshares,Commander: Tarkir: Dragonstorm,1.69,2.49,1.37,47.3372781065089,-18.93491124260354,top-5000 GMV,$1-2
631194,Propaganda,Commander: FINAL FANTASY,2.99,3.49,2.7,16.722408026755854,-9.698996655518394,top-5000 GMV,$2-5
269353,Twinning Staff,Commander: Streets of New Capenna,20.26,23.99,15.57,18.410661401776885,-23.14906219151037,top-5000 GMV,$20-50
501884,"Syr Konrad, the Grim",Secret Lair Drop Series,43.43,57.99,41.62,33.52521298641493,-4.16762606493208,top-5000 GMV,$20-50
609647,Hermit Druid,Innistrad Remastered,8.57,13.99,6.09,63.2438739789965,-28.93815635939324,top-5000 GMV,$5-10
11312,Great Furnace,Mirrodin,2.34,4.99,1.97,113.24786324786326,-15.811965811965807,top-5000 GMV,$2-5
128633,Cavern of Souls,Modern Masters 2017,51.52,59.99,50.49,16.440217391304344,-1.999223602484474,top-5000 GMV,$50-100
52208,Balefire Dragon,Innistrad,15.84,22.99,15.27,45.13888888888888,-3.59848484848485,top-5000 GMV,$10-20
484546,Jin-Gitaxias,March of the Machine,12.65,15.99,10.42,26.403162055335965,-17.62845849802372,top-5000 GMV,$10-20
110905,Thought-Knot Seer,Oath of the Gatewatch,4.7,8.99,3.78,91.27659574468083,-19.57446808510639,top-5000 GMV,$2-5
167825,Seedborn Muse,Battlebond,15.34,20.99,15.81,36.83181225554106,3.063885267275102,top-5000 GMV,$10-20
505114,Sliver Hivelord,Commander Masters,15.56,18.99,16.67,22.043701799485845,7.133676092544995,top-5000 GMV,$10-20
696664,Earth's Mightiest Heroes,Marvel Super Heroes,0.93,1.29,0.3,38.70967741935484,-67.74193548387098,top-5000 GMV,$0-1
451434,Ashnod's Altar (Schematic),The Brothers' War: Retro Frame Artifacts,17.81,27.99,17.18,57.15889949466592,-3.537338573834919,top-5000 GMV,$10-20
630957,"Clive, Ifrit's Dominant",FINAL FANTASY,3.59,4.99,2.59,38.99721448467968,-27.85515320334262,top-5000 GMV,$2-5
645476,Quantum Riddler,Promo Pack: Edge of Eternities,39.77,59.99,37.78,50.842343474981135,-5.003771687201413,top-5000 GMV,$20-50
503406,Spellseeker (Borderless),Commander Masters,18.38,27.99,19.16,52.28509249183896,4.243743199129495,top-5000 GMV,$10-20
453144,Urza's Workshop,Commander: The Brothers' War,20.1,23.99,18.51,19.353233830845756,-7.910447761194028,top-5000 GMV,$20-50
499878,"Sting, the Glinting Dagger",Universes Beyond: The Lord of the Rings: Tales of Middle-earth,3.29,4.99,3.19,51.671732522796354,-3.039513677811553,top-5000 GMV,$2-5
457119,No Mercy (Borderless),Dominaria Remastered,19.87,22.99,20.05,15.702063412179152,0.9058882737795656,top-5000 GMV,$10-20
478415,"Otharri, Suns' Glory",Commander: Phyrexia: All Will Be One,8.95,9.99,8.07,11.620111731843586,-9.83240223463686,top-5000 GMV,$5-10
10199,Envelop,Judgment,3.15,4.49,2.58,42.53968253968255,-18.09523809523809,top-5000 GMV,$2-5
660560,Fated Firepower (Borderless),Avatar: The Last Airbender,17.86,21.99,16.67,23.12430011198208,-6.662933930571096,top-5000 GMV,$10-20
10956,Sliver Overlord,Scourge,42.88,39.99,27.09,-6.739738805970149,-36.82369402985075,top-5000 GMV,$20-50
697609,"Crystal, Inhuman Princess",Commander: Marvel Super Heroes,1.13,2.79,1.13,146.90265486725667,0.0,top-5000 GMV,$1-2
679602,Big Mother Mouser,Commander: Teenage Mutant Ninja Turtles,3.22,2.29,0.76,-28.881987577639755,-76.3975155279503,top-5000 GMV,$2-5
541424,Bottle-Cap Blast,Universes Beyond: Fallout,3.48,5.99,2.39,72.1264367816092,-31.321839080459768,top-5000 GMV,$2-5
519748,Wound Reflection,Universes Beyond: Doctor Who,8.49,11.99,7.71,41.22497055359246,-9.187279151943466,top-5000 GMV,$5-10
196486,Dockside Extortionist,Commander 2019,8.78,9.99,7.29,13.78132118451026,-16.970387243735757,top-5000 GMV,$5-10
633126,Wild Rose Rebellion - Counterspell (Showcase),FINAL FANTASY: Through the Ages,2.58,3.99,1.75,54.65116279069768,-32.17054263565892,top-5000 GMV,$2-5
499968,Bilbo's Ring,Universes Beyond: The Lord of the Rings: Tales of Middle-earth,14.52,16.99,13.44,17.01101928374655,-7.43801652892562,top-5000 GMV,$10-20
27235,Ward of Bones,Eventide,28.13,39.99,26.93,42.16139353003911,-4.265908282971913,top-5000 GMV,$20-50
167709,Doubling Season,Battlebond,36.4,42.99,34.7,18.104395604395616,-4.670329670329658,top-5000 GMV,$20-50
187122,Flux Channeler,War of the Spark,2.76,3.99,1.82,44.565217391304365,-34.05797101449274,top-5000 GMV,$2-5
559925,Thran Dynamo,Commander: Bloomburrow,4.49,3.99,3.75,-11.135857461024498,-16.481069042316264,top-5000 GMV,$2-5
91041,Sliver Hive,Magic 2015 (M15),12.15,14.99,9.36,23.374485596707817,-22.962962962962973,top-5000 GMV,$10-20
662461,Entomb (Showcase),Avatar: The Last Airbender: Eternal-Legal,14.21,20.99,14.55,47.71287825475016,2.3926812104151995,top-5000 GMV,$10-20
523077,Sol Ring (Borderless),Universes Beyond: Fallout,39.8,39.99,32.28,0.477386934673379,-18.89447236180904,top-5000 GMV,$20-50
262726,Farewell,Kamigawa: Neon Dynasty,5.5,7.49,5.24,36.18181818181819,-4.727272727272724,top-5000 GMV,$5-10
697288,"Black Widow, Daring Operative",Commander: Marvel Super Heroes,8.48,11.99,9.29,41.391509433962256,9.551886792452814,top-5000 GMV,$5-10
221791,Lotus Cobra (Showcase),Zendikar Rising,5.98,6.99,5.82,16.889632107023406,-2.6755852842809387,top-5000 GMV,$5-10
190981,Mox Tantalite,Modern Horizons,11.35,14.99,7.03,32.0704845814978,-38.06167400881057,top-5000 GMV,$10-20
457142,Crop Rotation,Dominaria Remastered,3.69,3.99,3.08,8.130081300813014,-16.531165311653112,top-5000 GMV,$2-5
587995,Flawless Maneuver,Secret Lair Drop Series,29.34,37.99,34.160000000000004,29.48193592365372,16.42808452624405,top-5000 GMV,$20-50
448412,"Urza, Lord Protector",The Brothers' War,10.63,11.99,9.85,12.793979303857004,-7.337723424270942,top-5000 GMV,$10-20
525774,Apex Altisaur,Commander: The Lost Caverns of Ixalan,8.52,11.99,6.76,40.72769953051644,-20.657276995305164,top-5000 GMV,$5-10
229265,Starnheim Aspirant,Kaldheim,9.77,13.99,8.76,43.19344933469807,-10.337768679631523,top-5000 GMV,$5-10
641997,Oracle of Mul Daya,Commander: Edge of Eternities,2.54,4.49,2.47,76.7716535433071,-2.7559055118110174,top-5000 GMV,$2-5
499872,Flame of Anor,Universes Beyond: The Lord of the Rings: Tales of Middle-earth,4.0,5.99,3.11,49.75000000000001,-22.250000000000004,top-5000 GMV,$2-5
126329,Whir of Invention,Aether Revolt,4.94,7.99,2.94,61.7408906882591,-40.48582995951418,top-5000 GMV,$2-5
235651,Tainted Pact (JP Alternate Art),Strixhaven: Mystical Archive,76.19,54.99,67.93,-27.825173907336914,-10.841317758235975,top-5000 GMV,$50-100
687664,Command Tower,Commander: Secrets of Strixhaven,0.33,0.79,0.21,139.3939393939394,-36.36363636363637,top-5000 GMV,$0-1
286152,Nurgle's Rot,"Universes Beyond: Warhammer 40,000",11.06,16.99,9.95,53.61663652802891,-10.0361663652803,top-5000 GMV,$10-20
230134,Masked Vandal,Kaldheim,1.44,2.29,1.23,59.02777777777779,-14.583333333333332,top-5000 GMV,$1-2
10254,Lava Dart,Judgment,1.96,2.29,1.22,16.836734693877556,-37.755102040816325,top-5000 GMV,$1-2
544477,Smuggler's Surprise,Outlaws of Thunder Junction,4.23,5.49,3.65,29.787234042553184,-13.711583924349894,top-5000 GMV,$2-5
656563,"Eirdu, Carrier of Dawn",Lorwyn Eclipsed,2.73,3.99,2.25,46.15384615384616,-17.58241758241758,top-5000 GMV,$2-5
545336,Trinisphere,Secret Lair Drop Series,31.22,47.99,35.13,53.71556694426651,12.524023062139666,top-5000 GMV,$20-50
499350,"Lotho, Corrupt Shirriff (Extended Art)",Universes Beyond: The Lord of the Rings: Tales of Middle-earth,13.54,17.99,12.48,32.8655834564254,-7.828655834564245,top-5000 GMV,$10-20
679200,The Ooze (Extended Art),Teenage Mutant Ninja Turtles,6.05,6.99,3.81,15.537190082644637,-37.02479338842975,top-5000 GMV,$5-10
624279,Will of the Mardu,Commander: Tarkir: Dragonstorm,3.5,4.49,2.69,28.28571428571429,-23.142857142857142,top-5000 GMV,$2-5
677483,Grim Hireling,Secret Lair Drop Series,14.69,15.99,14.31,8.849557522123899,-2.586793737236208,top-5000 GMV,$10-20
615032,The Scarab God,Commander: Aetherdrift,3.39,4.49,3.12,32.448377581120944,-7.964601769911504,top-5000 GMV,$2-5
575894,Noxious Revival (Borderless),Special Guests,15.83,23.99,14.01,51.54769425142134,-11.4971572962729,top-5000 GMV,$10-20
577829,Scute Swarm,Commander: Duskmourn: House of Horror,9.0,11.99,6.68,33.22222222222223,-25.777777777777786,top-5000 GMV,$5-10
491279,Uncivil Unrest,Commander: March of the Machine,18.63,24.99,17.7,34.13848631239935,-4.991948470209338,top-5000 GMV,$10-20
3284,Gate to Phyrexia,Antiquities,53.53,44.99,31.97,-15.953670838781989,-40.2764804782365,top-5000 GMV,$50-100
169152,Goblin Trashmaster,Core Set 2019,5.58,8.99,3.9,61.11111111111112,-30.107526881720432,top-5000 GMV,$5-10
532937,Warleader's Call (Showcase),Murders at Karlov Manor,7.9,12.99,7.29,64.43037974683544,-7.721518987341776,top-5000 GMV,$5-10
698023,Doom's Time Platform,Commander: Marvel Super Heroes,1.97,2.99,1.44,51.7766497461929,-26.903553299492387,top-5000 GMV,$1-2
651942,Superior Spider-Man,Marvel's Spider-Man,2.77,3.49,1.49,25.99277978339351,-46.20938628158845,top-5000 GMV,$2-5
699616,"Hawkeye, Trick Shot (Borderless)",Commander: Marvel Super Heroes,4.8,5.49,3.84,14.37500000000001,-20.0,top-5000 GMV,$2-5
688880,Crackle with Power (JP Alternate Art),Secrets of Strixhaven: Mystical Archive,8.44,9.99,7.22,18.364928909952617,-14.454976303317531,top-5000 GMV,$5-10
688962,Spell Pierce (JP Alternate Art),Secrets of Strixhaven: Mystical Archive,1.76,2.49,1.93,41.47727272727274,9.659090909090905,top-5000 GMV,$1-2
582344,"Iroas, God of Victory",The List Reprints,11.93,12.99,10.15,8.88516345347863,-14.920368818105612,top-5000 GMV,$10-20
624065,Tempest Hawk,Tarkir: Dragonstorm,0.68,0.99,0.15,45.58823529411764,-77.94117647058823,top-5000 GMV,$0-1
66661,Utvara Hellkite,Return to Ravnica,11.96,18.99,11.28,58.7792642140468,-5.685618729097002,top-5000 GMV,$10-20
680909,Sakashima's Student (2359),Secret Lair Drop Series,25.49,29.99,29.2,17.653981953707337,14.5547273440565,top-5000 GMV,$20-50
673619,Splinter's Technique,Teenage Mutant Ninja Turtles,1.85,2.99,1.26,61.62162162162163,-31.89189189189189,top-5000 GMV,$1-2
688908,Dismember (JP Alternate Art),Secrets of Strixhaven: Mystical Archive,5.79,7.99,6.08,37.9965457685665,5.008635578583766,top-5000 GMV,$5-10
624549,Dragonologist,Tarkir: Dragonstorm,0.88,0.79,0.51,-10.227272727272725,-42.04545454545455,top-5000 GMV,$0-1
124419,Burgeoning,Commander 2016,34.13,39.99,31.26,17.16964547319074,-8.409024318781134,top-5000 GMV,$20-50
273850,Astral Dragon (Extended Art),Commander Legends: Battle for Baldur's Gate,20.41,23.99,19.5,17.540421362077403,-4.4585987261146505,top-5000 GMV,$20-50
11592,Skullclamp,Darksteel,6.48,10.99,6.25,69.59876543209876,-3.5493827160493887,top-5000 GMV,$5-10
287522,Clown Car,Unfinity,9.96,17.99,10.03,80.62248995983933,0.7028112449799047,top-5000 GMV,$5-10
660596,Fire Lord Azula (0334) (Borderless),Avatar: The Last Airbender,8.26,6.99,5.21,-15.375302663438251,-36.92493946731234,top-5000 GMV,$5-10
544403,Aven Interrupter,Outlaws of Thunder Junction,3.32,3.99,3.0,20.18072289156628,-9.638554216867464,top-5000 GMV,$2-5
513857,Archmage of Echoes,Commander: Wilds of Eldraine,15.57,20.99,14.58,34.81053307642902,-6.358381502890175,top-5000 GMV,$10-20
478546,Contaminant Grafter,Commander: Phyrexia: All Will Be One,13.42,19.99,11.34,48.956780923994025,-15.499254843517138,top-5000 GMV,$10-20
7792,Eladamri's Call,Planeshift,12.43,17.99,9.37,44.73049074818986,-24.61786001609011,top-5000 GMV,$10-20
589747,Exemplar of Light (0011),Foundations,1.88,3.99,1.04,112.23404255319151,-44.68085106382978,top-5000 GMV,$1-2
631488,Sunken Ruins,Commander: FINAL FANTASY,3.17,4.99,3.12,57.41324921135648,-1.5772870662460512,top-5000 GMV,$2-5
118408,Necropotence,Eternal Masters,37.62,44.99,31.34,19.59064327485381,-16.693248272195635,top-5000 GMV,$20-50
624588,Cori-Steel Cutter (Borderless),Tarkir: Dragonstorm,3.9,7.99,3.92,104.87179487179488,0.5128205128205132,top-5000 GMV,$2-5
662787,"Avatar Roku, Firebender (Extended Art)",Avatar: The Last Airbender: Eternal-Legal,18.0,21.99,15.88,22.166666666666657,-11.777777777777771,top-5000 GMV,$10-20
512480,Defense of the Heart (Anime Borderless),Wilds of Eldraine: Enchanting Tales,33.28,29.99,29.87,-9.885817307692315,-10.24639423076923,top-5000 GMV,$20-50
661950,Sundial of the Infinite (Borderless),Avatar: The Last Airbender: Eternal-Legal,10.06,15.99,8.07,58.94632206759442,-19.781312127236585,top-5000 GMV,$10-20
697017,"Black Widow, Super Spy (Borderless) (0347)",Marvel Super Heroes,6.78,11.99,6.24,76.84365781710915,-7.964601769911504,top-5000 GMV,$5-10
3583,Tormod's Crypt,The Dark,30.23,37.99,15.6,25.669864373139276,-48.3956334766788,top-5000 GMV,$20-50
696265,Monica Rambeau (Borderless) (0345),Marvel Super Heroes,7.99,9.99,8.48,25.03128911138924,6.132665832290366,top-5000 GMV,$5-10
239614,Serra's Emissary,Modern Horizons 2,7.27,9.99,7.28,37.41403026134802,0.1375515818432005,top-5000 GMV,$5-10
179538,Entomb,Ultimate Masters,20.51,21.99,14.58,7.215992198927338,-28.91272549975622,top-5000 GMV,$20-50
504507,"Razaketh, the Foulblooded",Commander Masters,13.11,15.99,12.78,21.967963386727696,-2.517162471395882,top-5000 GMV,$10-20
498432,Witch-king of Angmar (Borderless),Universes Beyond: The Lord of the Rings: Tales of Middle-earth,17.43,20.99,15.1,20.424555364314397,-13.367756741250716,top-5000 GMV,$10-20
696947,"Scarlet Witch, Chaotic Avenger",Commander: Marvel Super Heroes,1.38,1.99,1.08,44.20289855072465,-21.7391304347826,top-5000 GMV,$1-2
524576,Get Lost,The Lost Caverns of Ixalan,3.28,5.99,2.1,82.62195121951221,-35.975609756097555,top-5000 GMV,$2-5
671483,Bloodline Bidding,Lorwyn Eclipsed,2.17,2.49,1.29,14.746543778801858,-40.55299539170507,top-5000 GMV,$2-5
503562,Thran Dynamo (Borderless),Commander Masters,4.79,6.99,4.93,45.92901878914405,2.922755741127342,top-5000 GMV,$2-5
696276,Multiversal Incursion,Marvel Super Heroes,1.25,2.29,1.0,83.2,-20.0,top-5000 GMV,$1-2
253009,Hallowed Haunting,Innistrad: Crimson Vow,10.43,13.99,8.56,34.13231064237776,-17.92905081495685,top-5000 GMV,$10-20
651361,"Gwenom, Remorseless (Extended Art)",Marvel's Spider-Man,7.05,9.49,6.44,34.60992907801419,-8.652482269503539,top-5000 GMV,$5-10
576892,Unstoppable Slasher (0119),Duskmourn: House of Horror,5.35,6.49,4.41,21.30841121495328,-17.570093457943916,top-5000 GMV,$5-10
633977,Memories of Nibelheim - Stroke of Midnight (Showcase),FINAL FANTASY: Through the Ages,1.13,1.29,0.19,14.159292035398243,-83.18584070796462,top-5000 GMV,$1-2
257684,Forest (301) - JP Full Art,Kamigawa: Neon Dynasty,2.25,2.79,0.92,24.000000000000004,-59.11111111111112,top-5000 GMV,$2-5
286331,Canoptek Scarab Swarm,"Universes Beyond: Warhammer 40,000",12.65,19.99,11.04,58.02371541501975,-12.727272727272736,top-5000 GMV,$10-20
498462,"Isengard, Saruman's Fortress - Boseiju, Who Shelters All (Borderless)",Commander: The Lord of the Rings: Tales of Middle-earth,17.51,29.99,18.14,71.27355796687604,3.597944031981718,top-5000 GMV,$10-20
660494,Sozin's Comet,Avatar: The Last Airbender,3.34,3.99,2.2,19.46107784431139,-34.1317365269461,top-5000 GMV,$2-5
190806,Fiery Islet,Modern Horizons,6.84,6.99,5.86,2.192982456140356,-14.327485380116952,top-5000 GMV,$5-10
687436,Terramorphic Expanse,Secrets of Strixhaven,0.29,0.35,0.15,20.689655172413797,-48.27586206896552,top-5000 GMV,$0-1
589390,Shroofus Sproutsire (Anime),Foundations Jumpstart,5.06,8.99,3.79,77.66798418972334,-25.098814229249005,top-5000 GMV,$5-10
545128,Ancient Cornucopia,Outlaws of Thunder Junction: The Big Score,4.8,8.49,4.0200000000000005,76.87500000000001,-16.249999999999986,top-5000 GMV,$2-5
660594,Fire Lord Azula,Avatar: The Last Airbender,0.95,0.99,0.46,4.210526315789478,-51.57894736842105,top-5000 GMV,$0-1
233569,Silence,Time Spiral: Remastered,11.74,12.99,7.7,10.647359454855197,-34.41226575809199,top-5000 GMV,$10-20
673644,Ravenous Robots,Teenage Mutant Ninja Turtles,1.73,2.49,0.98,43.9306358381503,-43.35260115606936,top-5000 GMV,$1-2
575891,Sacrifice (Borderless),Special Guests,15.92,20.99,13.02,31.8467336683417,-18.21608040201005,top-5000 GMV,$10-20
9070,Gauntlet of Might,Unlimited Edition,582.49,999.99,648.03,71.67505021545433,11.251695308073952,top-5000 GMV,$200+
8007,Pernicious Deed,Apocalypse,17.57,27.99,14.55,59.30563460443937,-17.188389299943083,top-5000 GMV,$10-20
161536,Pact of Negation,Masters 25,18.53,22.99,14.66,24.06907717215325,-20.88505126821371,top-5000 GMV,$10-20
696653,The Serpent Society (Extended Art),Marvel Super Heroes,2.43,2.49,1.69,2.469135802469138,-30.452674897119348,top-5000 GMV,$2-5
615159,Adaptive Omnitool,Commander: Aetherdrift,1.71,3.49,1.68,104.09356725146202,-1.7543859649122824,top-5000 GMV,$1-2
240032,Sanctum Weaver,Modern Horizons 2,3.65,6.49,3.64,77.80821917808221,-0.2739726027397202,top-5000 GMV,$2-5
451927,Altar of Dementia (Schematic),The Brothers' War: Retro Frame Artifacts,22.03,23.99,22.29,8.896958692691772,1.1802088061733909,top-5000 GMV,$20-50
583112,Noble Hierarch,The List Reprints,10.74,15.99,10.83,48.88268156424581,0.837988826815641,top-5000 GMV,$10-20
499313,"Herugrim, Sword of Rohan - Sword of Hearth and Home (Borderless)",Commander: The Lord of the Rings: Tales of Middle-earth,24.06,24.99,22.65,3.865336658354114,-5.860349127182046,top-5000 GMV,$20-50
631165,Summon: Yojimbo,Commander: FINAL FANTASY,1.12,2.49,1.04,122.32142857142856,-7.142857142857148,top-5000 GMV,$1-2
268665,Professional Face-Breaker,Streets of New Capenna,6.32,7.99,6.04,26.42405063291139,-4.430379746835446,top-5000 GMV,$5-10
591833,"Loot, Exuberant Explorer",Foundations,3.13,4.99,2.02,59.424920127795545,-35.46325878594249,top-5000 GMV,$2-5
155642,Polyraptor,Rivals of Ixalan,16.27,18.99,13.65,16.717885679164098,-16.103257529194835,top-5000 GMV,$10-20
450601,"Ghazghkull, Prophet of the Waaagh! - Zurgo Helmsmasher (Borderless)",Secret Lair Drop Series,47.4,59.99,50.0,26.561181434599163,5.485232067510552,top-5000 GMV,$20-50
630962,"Clive, Ifrit's Dominant (0385) (Borderless)",FINAL FANTASY,10.53,15.99,8.24,51.85185185185186,-21.747388414055077,top-5000 GMV,$10-20
659036,Passionate Archaeologist,Secret Lair Drop Series,14.81,19.99,15.36,34.97636731937878,3.7137069547602897,top-5000 GMV,$10-20
513961,Shared Animosity,Wilds of Eldraine: Enchanting Tales,2.97,4.49,2.8000000000000003,51.178451178451176,-5.723905723905721,top-5000 GMV,$2-5
276353,"Ulamog, the Infinite Gyre",Double Masters 2022,37.9,37.99,36.39,0.237467018469666,-3.984168865435351,top-5000 GMV,$20-50
688819,Pongify (JP Alternate Art),Secrets of Strixhaven: Mystical Archive,5.08,5.99,4.66,17.913385826771655,-8.267716535433069,top-5000 GMV,$5-10
526242,Charismatic Conqueror (Extended Art),Commander: The Lost Caverns of Ixalan,27.37,34.99,27.86,27.840701497990505,1.790281329923268,top-5000 GMV,$20-50
559918,Thought Vessel,Commander: Bloomburrow,3.01,3.99,2.44,32.55813953488374,-18.93687707641196,top-5000 GMV,$2-5
212235,Drannith Magistrate (Extended Art),Ikoria: Lair of Behemoths,21.72,24.99,18.22,15.055248618784528,-16.114180478821364,top-5000 GMV,$20-50
8984,Bayou,Unlimited Edition,703.0,1199.99,651.25,70.69559032716927,-7.361308677098151,top-5000 GMV,$200+
634950,Garnet Til Alexandros 17th - Loran of the Third Path (Showcase),FINAL FANTASY: Through the Ages,5.5,8.49,4.48,54.36363636363637,-18.545454545454536,top-5000 GMV,$5-10
490357,"Jin-Gitaxias, Core Augur",March of the Machine: Multiverse Legends,12.82,14.99,10.48,16.926677067082682,-18.252730109204364,top-5000 GMV,$10-20
242364,Dryad of the Ilysian Grove,Secret Lair Drop Series,35.32,42.99,30.81,21.71574178935448,-12.76896942242356,top-5000 GMV,$20-50
575282,Twitching Doll,Duskmourn: House of Horror,2.59,1.99,1.86,-23.16602316602316,-28.185328185328174,top-5000 GMV,$2-5
662019,Gray Merchant of Asphodel,Secret Lair Countdown Kit,8.0,8.99,7.55,12.375000000000004,-5.625000000000002,top-5000 GMV,$5-10
257685,Forest (302) - JP Full Art,Kamigawa: Neon Dynasty,2.0,3.49,1.4,74.50000000000001,-30.000000000000004,top-5000 GMV,$2-5
240231,"Yavimaya, Cradle of Growth (Retro Frame)",Modern Horizons 2,20.6,29.99,17.87,45.58252427184464,-13.25242718446602,top-5000 GMV,$20-50
687235,Twinflame,Commander: Secrets of Strixhaven,0.86,0.99,0.41,15.116279069767444,-52.32558139534884,top-5000 GMV,$0-1
203227,Defense of the Heart,The List Reprints,20.88,20.99,18.08,0.5268199233716448,-13.40996168582376,top-5000 GMV,$20-50
559521,Rottenmouth Viper,Bloomburrow,5.08,7.99,4.94,57.28346456692913,-2.7559055118110174,top-5000 GMV,$5-10
240245,Endurance (Borderless),Modern Horizons 2,11.07,12.99,10.0,17.344173441734416,-9.665763324299911,top-5000 GMV,$10-20
559739,Swords to Plowshares (Borderless),Special Guests,16.82,24.99,15.48,48.57312722948869,-7.966706302021402,top-5000 GMV,$10-20
512548,Intruder Alarm,Wilds of Eldraine: Enchanting Tales,4.53,5.49,4.13,21.19205298013245,-8.830022075055195,top-5000 GMV,$2-5
21467,Mana Crypt,Media Promos,145.42,139.99,96.83,-3.7340118278090895,-33.41356072067116,top-5000 GMV,$100-200
6349,No Mercy,Urza's Legacy,27.2,24.99,19.79,-8.125000000000004,-27.242647058823533,top-5000 GMV,$20-50
687667,Arcane Lighthouse,Commander: Secrets of Strixhaven,1.75,3.49,1.03,99.42857142857144,-41.14285714285714,top-5000 GMV,$1-2
563131,Basalt Monolith (Future Sight),Mystery Booster 2,3.55,5.99,3.03,68.7323943661972,-14.647887323943662,top-5000 GMV,$2-5
60035,Clock of Omens,Magic 2013 (M13),3.96,5.99,2.08,51.26262626262626,-47.474747474747474,top-5000 GMV,$2-5
15004,Tarmogoyf,Future Sight,19.87,17.99,9.89,-9.461499748364382,-50.22647206844489,top-5000 GMV,$10-20
591200,Banner of Kinship (Borderless),Foundations,9.61,14.99,6.61,55.983350676378784,-31.21748178980228,top-5000 GMV,$5-10
697195,Daughter of the Deep,Commander: Marvel Super Heroes,4.14,4.99,3.64,20.53140096618359,-12.077294685990328,top-5000 GMV,$2-5
6750,Unmask,Mercadian Masques,20.59,34.99,15.47,69.93686255463818,-24.866440019426904,top-5000 GMV,$20-50
582349,"Aesi, Tyrant of Gyre Strait",The List Reprints,11.07,14.99,9.3,35.41102077687444,-15.989159891598913,top-5000 GMV,$10-20
587993,Captain America's Aid - Sigarda's Aid,Secret Lair Drop Series,27.15,34.99,24.6,28.876611418047897,-9.392265193370156,top-5000 GMV,$20-50
262843,Go-Shintai of Life's Origin,Commander: Kamigawa: Neon Dynasty,8.8,11.99,6.0600000000000005,36.24999999999999,-31.136363636363637,top-5000 GMV,$5-10
679074,"Donatello, Mutant Mechanic (Borderless)",Teenage Mutant Ninja Turtles,5.53,4.99,3.9,-9.76491862567812,-29.475587703435806,top-5000 GMV,$5-10
614433,Willowrush Verge (Borderless),Aetherdrift,5.56,9.99,5.88,79.67625899280577,5.755395683453243,top-5000 GMV,$5-10
582347,Grim Hireling,The List Reprints,10.73,12.99,9.62,21.062441752096923,-10.344827586206907,top-5000 GMV,$10-20
118418,Mana Crypt,Eternal Masters,45.64,47.99,40.62,5.148992112182299,-10.9991235758107,top-5000 GMV,$20-50
646523,"Anti-Venom, Horrifying Healer (Extended Art)",Marvel's Spider-Man,7.79,9.49,5.97,21.822849807445447,-23.3632862644416,top-5000 GMV,$5-10
166663,Sea of Clouds,Battlebond,20.0,29.99,19.78,49.95,-1.0999999999999943,top-5000 GMV,$20-50
286364,Darkness,"Universes Beyond: Warhammer 40,000",16.91,17.99,14.41,6.386753400354809,-14.784151389710232,top-5000 GMV,$10-20
662076,Fire Nation Turret (Borderless),Avatar: The Last Airbender: Eternal-Legal,7.25,13.99,6.25,92.96551724137932,-13.79310344827586,top-5000 GMV,$5-10
526083,Branching Evolution,Commander: The Lost Caverns of Ixalan,7.1,9.49,6.7700000000000005,33.66197183098593,-4.647887323943651,top-5000 GMV,$5-10
699591,"Thanos, Death's Consort (Borderless)",Commander: Marvel Super Heroes,4.46,4.99,3.5500000000000003,11.883408071748883,-20.40358744394618,top-5000 GMV,$2-5
624286,Grand Crescendo,Commander: Tarkir: Dragonstorm,3.42,4.99,3.18,45.90643274853802,-7.017543859649117,top-5000 GMV,$2-5
524118,Reliquary Tower (Full Art),MagicFest Cards,9.7,8.49,7.91,-12.474226804123704,-18.45360824742267,top-5000 GMV,$5-10
692402,Wayfarer's Bauble,MagicFest Cards,6.92,5.99,4.0600000000000005,-13.439306358381495,-41.32947976878612,top-5000 GMV,$5-10
560666,Sir Bedivere's Scales - Ashnod's Altar,Secret Lair Drop Series,46.69,59.99,48.96,28.48575712143929,4.861854786892275,top-5000 GMV,$20-50
565194,Exquisite Blood,Secret Lair Drop Series,53.23,59.99,62.91,12.699605485628416,18.18523389066316,top-5000 GMV,$50-100
578924,Witch's Clinic,Commander: Duskmourn: House of Horror,14.09,22.99,13.54,63.16536550745209,-3.9034776437189542,top-5000 GMV,$10-20
517659,Godless Shrine (Retro Frame),Ravnica Remastered,15.91,24.99,14.34,57.071024512884975,-9.868007542426149,top-5000 GMV,$10-20
540041,"Valakut, the Molten Pinnacle",Secret Lair Showdown,44.04,29.99,39.89,-31.902815622161672,-9.42325158946412,top-5000 GMV,$20-50
7142,Daze,Nemesis,3.77,2.79,0.86,-25.9946949602122,-77.18832891246684,top-5000 GMV,$2-5
686573,Dreamroot Cascade,Secrets of Strixhaven,0.85,1.79,0.51,110.58823529411764,-40.0,top-5000 GMV,$0-1
687423,"Rionya, Fire Dancer",Commander: Secrets of Strixhaven,0.47,0.49,0.2,4.255319148936175,-57.44680851063829,top-5000 GMV,$0-1
97641,Timetwister (CE),Collector's Edition,811.36,1199.99,976.91,47.89859002169197,20.404013015184372,top-5000 GMV,$200+
697215,"Silver Surfer, Cosmic Voyager",Commander: Marvel Super Heroes,2.27,2.99,1.26,31.71806167400882,-44.49339207048458,top-5000 GMV,$2-5
11784,Blasting Station,Fifth Dawn,9.24,16.99,5.34,83.87445887445885,-42.20779220779221,top-5000 GMV,$5-10
449596,Birds of Paradise,Dominaria Remastered,12.28,16.99,12.42,38.35504885993485,1.1400651465798093,top-5000 GMV,$10-20
517690,Sacred Foundry (Borderless),Ravnica Remastered,19.9,23.99,19.0,20.55276381909548,-4.5226130653266265,top-5000 GMV,$10-20
190836,"Urza, Lord High Artificer",Modern Horizons,15.98,19.99,14.41,25.093867334167697,-9.824780976220277,top-5000 GMV,$10-20
577862,Giggling Skitterspike (Extended Art),Commander: Duskmourn: House of Horror,13.69,18.99,12.11,38.71439006574141,-11.54127100073046,top-5000 GMV,$10-20
235551,Blade Historian,Strixhaven: School of Mages,4.42,7.99,4.24,80.76923076923079,-4.072398190045242,top-5000 GMV,$2-5
540956,Panharmonicon,Universes Beyond: Fallout,5.88,9.49,5.19,61.39455782312926,-11.734693877551011,top-5000 GMV,$5-10
575098,Damnation (Borderless),Special Guests,24.69,24.99,22.92,1.2150668286755657,-7.168894289185904,top-5000 GMV,$20-50
257035,Stomping Ground (Borderless),Unfinity,28.16,32.99,25.75,17.151988636363644,-8.558238636363637,top-5000 GMV,$20-50
229274,Elven Ambush,Kaldheim,7.15,8.99,5.99,25.734265734265733,-16.223776223776227,top-5000 GMV,$5-10
2853,City of Brass,7th Edition,33.14,37.99,19.05,14.634882317441164,-42.51659625829813,top-5000 GMV,$20-50
491759,Wrenn's Resolve,March of the Machine,1.92,4.49,1.81,133.85416666666669,-5.72916666666666,top-5000 GMV,$1-2
537385,Sakashima of a Thousand Faces,Secret Lair Drop Series,41.78,39.99,38.72,-4.284346577309715,-7.324078506462428,top-5000 GMV,$20-50
12498,Oboro Breezecaller,Saviors of Kamigawa,1.79,0.99,0.89,-44.6927374301676,-50.27932960893855,top-5000 GMV,$1-2
277303,Damnation (Borderless),Double Masters 2022,19.64,27.99,17.71,42.51527494908349,-9.826883910386965,top-5000 GMV,$10-20
218286,Urza's Power Plant (Borderless),Double Masters,24.15,29.99,21.9,24.182194616977227,-9.316770186335404,top-5000 GMV,$20-50
623902,Swamp (0289),Tarkir: Dragonstorm,6.92,7.49,4.0200000000000005,8.236994219653184,-41.90751445086705,top-5000 GMV,$5-10
198984,Wishclaw Talisman (Extended Art),Throne of Eldraine,18.31,18.99,18.54,3.713817586018568,1.256144183506283,top-5000 GMV,$10-20
554575,Elvish Mystic (0805),Secret Lair Drop Series,33.02,32.99,35.93,-0.0908540278619053,8.812840702604472,top-5000 GMV,$20-50
276894,City of Brass,Double Masters 2022,14.6,19.99,13.98,36.91780821917807,-4.246575342465748,top-5000 GMV,$10-20
631016,"Yuna, Hope of Spira",FINAL FANTASY,4.01,5.99,3.42,49.37655860349128,-14.71321695760598,top-5000 GMV,$2-5
499805,Taunt from the Rampart,Commander: The Lord of the Rings: Tales of Middle-earth,4.33,4.49,4.07,3.695150115473445,-6.004618937644337,top-5000 GMV,$2-5
273530,Artificer Class,Commander Legends: Battle for Baldur's Gate,16.55,24.99,14.11,50.996978851963725,-14.743202416918436,top-5000 GMV,$10-20
257018,Overgrown Tomb (Borderless),Unfinity,23.17,22.99,23.42,-0.7768666378938422,1.0789814415192058,top-5000 GMV,$20-50
560019,Saw in Half,Commander: Bloomburrow,5.73,7.99,4.48,39.44153577661431,-21.815008726003487,top-5000 GMV,$5-10
633119,"Hero of Light - Adeline, Resplendent Cathar (Showcase)",FINAL FANTASY: Through the Ages,5.27,5.99,3.28,13.662239089184077,-37.76091081593928,top-5000 GMV,$5-10
36518,Nihil Spellbomb,Scars of Mirrodin,2.55,4.99,2.86,95.68627450980397,12.156862745098042,top-5000 GMV,$2-5
277166,Emiel the Blessed (Borderless),Double Masters 2022,23.8,21.99,22.91,-7.605042016806732,-3.7394957983193295,top-5000 GMV,$20-50
517696,Overgrown Tomb (Borderless),Ravnica Remastered,15.77,18.99,14.91,20.41851616994293,-5.45339251743817,top-5000 GMV,$10-20
553140,"Morophon, the Boundless",Commander: Modern Horizons 3,7.75,9.99,7.47,28.903225806451616,-3.612903225806455,top-5000 GMV,$5-10
39519,Geosurge,New Phyrexia,3.89,4.99,2.58,28.277634961439592,-33.67609254498715,top-5000 GMV,$2-5
526132,Swooping Pteranodon (Borderless),Universes Beyond: Jurassic World Collection,11.51,9.99,9.35,-13.205907906168546,-18.76629018245005,top-5000 GMV,$10-20
33358,Luminarch Ascension,Zendikar,12.03,15.99,11.28,32.91770573566086,-6.234413965087282,top-5000 GMV,$10-20
624487,Life from the Loam,Commander: Tarkir: Dragonstorm,5.26,8.99,4.14,70.91254752851712,-21.29277566539924,top-5000 GMV,$5-10
257677,Plains (294) - JP Full Art,Kamigawa: Neon Dynasty,1.8,3.99,1.88,121.66666666666669,4.444444444444437,top-5000 GMV,$1-2
524341,Don't Move (Borderless),Universes Beyond: Jurassic World Collection,11.44,9.99,10.4,-12.67482517482517,-9.090909090909085,top-5000 GMV,$10-20
11635,Geth's Grimoire,Darksteel,8.8,8.99,4.11,2.1590909090909034,-53.29545454545455,top-5000 GMV,$5-10
633147,Astral Titan - Primeval Titan (Showcase),FINAL FANTASY: Through the Ages,5.44,5.99,4.1,10.110294117647054,-24.63235294117648,top-5000 GMV,$5-10
155688,"Nezahal, Primal Tide",Rivals of Ixalan,8.05,13.99,6.9,73.7888198757764,-14.285714285714288,top-5000 GMV,$5-10
239403,Profane Tutor,Modern Horizons 2,3.96,3.99,3.75,0.7575757575757638,-5.303030303030303,top-5000 GMV,$2-5
630935,Dark Confidant,FINAL FANTASY,3.64,5.99,2.73,64.56043956043956,-25.000000000000007,top-5000 GMV,$2-5
234359,Manifold Key,Time Spiral: Remastered,7.64,7.99,6.55,4.58115183246074,-14.267015706806282,top-5000 GMV,$5-10
696239,"Elektra, Daughter of the Hand (Borderless) (0366)",Marvel Super Heroes,2.24,2.49,1.65,11.160714285714285,-26.33928571428573,top-5000 GMV,$2-5
677489,Xorn (2495),Secret Lair Drop Series,13.49,12.99,14.26,-3.706449221645664,5.707931801334318,top-5000 GMV,$10-20
12167,"Shizo, Death's Storehouse",Champions of Kamigawa,46.19,54.99,34.72,19.05174280147219,-24.83221476510067,top-5000 GMV,$20-50
11358,Fabricate,Mirrodin,6.52,12.99,6.21,99.23312883435584,-4.754601226993859,top-5000 GMV,$5-10
233860,Dismember,Time Spiral: Remastered,6.08,8.99,5.0200000000000005,47.86184210526316,-17.434210526315784,top-5000 GMV,$5-10
623898,Forest (0291),Tarkir: Dragonstorm,7.92,9.99,7.09,26.13636363636364,-10.47979797979798,top-5000 GMV,$5-10
4756,Karplusan Forest,Ice Age,31.45,24.99,12.31,-20.540540540540544,-60.85850556438792,top-5000 GMV,$20-50
552967,Professional Face-Breaker,Commander: Modern Horizons 3,6.2,8.49,6.0200000000000005,36.93548387096774,-2.903225806451608,top-5000 GMV,$5-10
451904,Staff of Domination,The Brothers' War: Retro Frame Artifacts,11.68,12.99,10.33,11.21575342465754,-11.55821917808219,top-5000 GMV,$10-20
509486,"Talion, the Kindly Lord",Wilds of Eldraine,8.42,10.99,8.02,30.522565320665084,-4.750593824228033,top-5000 GMV,$5-10
506761,Flayer of Loyalties,Commander Masters,15.36,19.99,15.55,30.143229166666664,1.2369791666666752,top-5000 GMV,$10-20
499311,Spiteful Banditry,Universes Beyond: The Lord of the Rings: Tales of Middle-earth,5.57,10.99,6.34,97.30700179533213,13.824057450628358,top-5000 GMV,$5-10
221948,Angel of Destiny,Zendikar Rising,9.78,10.99,8.74,12.372188139059316,-10.63394683026584,top-5000 GMV,$5-10
662802,Abandoned Air Temple (Extended Art),Avatar: The Last Airbender,8.05,15.99,7.79,98.6335403726708,-3.2298136645962816,top-5000 GMV,$5-10
517692,Stomping Ground (Borderless),Ravnica Remastered,16.82,22.99,13.93,36.68252080856122,-17.18192627824019,top-5000 GMV,$10-20
553181,Hydroelectric Specimen,Modern Horizons 3,0.93,1.49,0.47,60.21505376344085,-49.462365591397855,top-5000 GMV,$0-1
129750,Oketra's Monument,Amonkhet,3.25,5.99,2.21,84.30769230769232,-32.0,top-5000 GMV,$2-5
222755,Mycosynth Golem,The List Reprints,53.99,57.99,44.26,7.4087794035932575,-18.02185589924061,top-5000 GMV,$50-100
286475,The Golden Throne,"Universes Beyond: Warhammer 40,000",9.94,15.99,10.05,60.8651911468813,1.1066398390342176,top-5000 GMV,$5-10
206928,Thassa's Oracle (Extended Art),Theros Beyond Death,28.62,39.99,28.61,39.727463312368975,-0.0349406009783422,top-5000 GMV,$20-50
283479,Vodalian Hexcatcher,Dominaria United,6.34,8.49,5.21,33.911671924290225,-17.82334384858044,top-5000 GMV,$5-10
3199,Guardian Beast,Arabian Nights,615.0,699.99,495.93,13.819512195121952,-19.360975609756096,top-5000 GMV,$200+
459038,Mystic Remora (Retro Frame),Dominaria Remastered,10.6,12.99,10.44,22.54716981132076,-1.5094339622641524,top-5000 GMV,$10-20
697488,Cyberdrive Awakener (Borderless),Marvel Universe Eternal-Legal,4.16,4.99,3.81,19.95192307692308,-8.41346153846154,top-5000 GMV,$2-5
523071,Crucible of Worlds (Borderless),Universes Beyond: Fallout,36.53,44.99,35.42,23.159047358335616,-3.038598412263891,top-5000 GMV,$20-50
631197,Nature's Lore,Commander: FINAL FANTASY,2.26,4.49,2.4,98.67256637168144,6.194690265486732,top-5000 GMV,$2-5
615236,Stock Up,Aetherdrift,1.33,3.49,0.17,162.406015037594,-87.21804511278197,top-5000 GMV,$1-2
235516,Grapeshot (JP Alternate Art),Strixhaven: Mystical Archive,25.36,27.99,26.42,10.37066246056782,4.17981072555206,top-5000 GMV,$20-50
456574,The AllSpark - Doubling Cube,Secret Lair Drop Series,35.35,32.99,31.43,-6.676096181046674,-11.089108910891094,top-5000 GMV,$20-50
243777,Wand of Orcus,Commander: Adventures in the Forgotten Realms,14.45,18.99,13.54,31.41868512110726,-6.297577854671281,top-5000 GMV,$10-20
208389,Forest,Unsanctioned,0.73,0.49,0.5,-32.87671232876712,-31.506849315068493,top-5000 GMV,$0-1
679878,"Mona Lisa, Ever Adaptable",Commander: Teenage Mutant Ninja Turtles,5.25,5.49,4.13,4.571428571428576,-21.333333333333336,top-5000 GMV,$5-10
11920,Steelshaper's Gift,Fifth Dawn,10.08,10.99,6.08,9.02777777777778,-39.68253968253968,top-5000 GMV,$10-20
493987,Stoneforge Mystic,Secret Lair Drop Series,39.02,37.99,38.82,-2.639671963095851,-0.5125576627370652,top-5000 GMV,$20-50
190787,Nurturing Peatland,Modern Horizons,6.27,8.49,6.53,35.40669856459331,4.146730462519948,top-5000 GMV,$5-10
552829,Necrodominance,Modern Horizons 3,2.55,5.49,1.71,115.29411764705884,-32.94117647058823,top-5000 GMV,$2-5
95224,"Ugin, the Spirit Dragon",Fate Reforged,10.5,13.99,9.37,33.23809523809524,-10.76190476190477,top-5000 GMV,$10-20
662767,"Katara, Waterbending Master (Extended Art)",Avatar: The Last Airbender: Eternal-Legal,16.9,21.99,16.04,30.118343195266277,-5.088757396449702,top-5000 GMV,$10-20
525761,Blade of the Bloodchief,Commander: The Lost Caverns of Ixalan,4.36,7.99,3.63,83.25688073394495,-16.743119266055054,top-5000 GMV,$2-5
4266,Thawing Glaciers,Alliances,27.45,24.99,12.49,-8.961748633879784,-54.49908925318761,top-5000 GMV,$20-50
218282,Urza's Mine (Borderless),Double Masters,21.85,29.99,25.81,37.25400457665902,18.12356979405033,top-5000 GMV,$20-50
696856,Prismatic Vista,Secret Lair Drop Series,24.88,29.99,26.77,20.53858520900321,7.596463022508042,top-5000 GMV,$20-50
517525,The Skullspore Nexus (Borderless),The Lost Caverns of Ixalan,10.25,13.99,11.15,36.487804878048784,8.780487804878053,top-5000 GMV,$10-20
34452,"Thada Adel, Acquisitor",Worldwake,15.67,14.99,9.7,-4.339502233567324,-38.09827696234844,top-5000 GMV,$10-20
526418,Illustrious Wanderglyph (Extended Art),Commander: The Lost Caverns of Ixalan,14.93,22.99,15.22,53.98526456798392,1.94239785666444,top-5000 GMV,$10-20
578074,"Marvin, Murderous Mimic",Duskmourn: House of Horror,3.54,4.99,3.46,40.960451977401135,-2.25988700564972,top-5000 GMV,$2-5
563271,Seeker of Skybreak (Future Sight),Mystery Booster 2,3.56,5.49,3.58,54.21348314606742,0.5617977528089892,top-5000 GMV,$2-5
192552,"Kaalia, Zenith Seeker",Core Set 2020,11.21,15.99,8.09,42.64049955396966,-27.83229259589653,top-5000 GMV,$10-20
215742,Terror of the Peaks (Extended Art),Core Set 2021,51.35,89.99,52.1,75.24829600778966,1.460564751703992,top-5000 GMV,$50-100
559901,Loran of the Third Path,Commander: Bloomburrow,5.51,7.99,4.16,45.00907441016334,-24.500907441016327,top-5000 GMV,$5-10
688943,Winds of Abandon (JP Alternate Art),Secrets of Strixhaven: Mystical Archive,9.61,9.49,8.21,-1.2486992715920835,-14.568158168574389,top-5000 GMV,$5-10
484596,Breach the Multiverse (Extended Art),March of the Machine,12.04,19.99,10.78,66.0299003322259,-10.465116279069766,top-5000 GMV,$10-20
660605,"Ozai, the Phoenix King (0335) (Borderless)",Avatar: The Last Airbender,13.61,18.99,11.35,39.52975753122704,-16.605437178545188,top-5000 GMV,$10-20
124561,Lurking Predators,Commander 2016,19.71,22.99,18.74,16.64129883307964,-4.921359715880276,top-5000 GMV,$10-20
6207,Masticore,Urza's Destiny,41.38,27.99,21.75,-32.35862735621074,-47.43837602706622,top-5000 GMV,$20-50
688985,Emeritus of Truce (Extended Art),Secrets of Strixhaven,2.65,3.49,1.85,31.698113207547184,-30.18867924528301,top-5000 GMV,$2-5
5381,Mortuary,Stronghold,20.85,23.99,13.53,15.059952038369287,-35.10791366906476,top-5000 GMV,$20-50
276660,"Emrakul, the Aeons Torn",Double Masters 2022,21.42,23.99,17.71,11.998132586367865,-17.3202614379085,top-5000 GMV,$20-50
609691,The Gitrog Monster (Showcase),Innistrad Remastered,16.01,14.99,14.27,-6.371018113678958,-10.868207370393517,top-5000 GMV,$10-20
532955,Lush Portico (Borderless),Murders at Karlov Manor,8.85,12.99,7.29,46.77966101694916,-17.627118644067792,top-5000 GMV,$5-10
631034,"Lightning, Army of One (Extended Art)",FINAL FANTASY,17.56,20.99,16.15,19.533029612756263,-8.029612756264239,top-5000 GMV,$10-20
10387,Exalted Angel,Onslaught,37.5,37.99,22.91,1.306666666666672,-38.906666666666666,top-5000 GMV,$20-50
671019,Manamorphose (Borderless),Special Guests,10.24,16.99,8.790000000000001,65.91796874999997,-14.160156249999991,top-5000 GMV,$10-20
624420,Dauthi Voidwalker,Commander: Tarkir: Dragonstorm,4.83,6.49,4.73,34.368530020703936,-2.0703933747411933,top-5000 GMV,$2-5
679058,"Leonardo, Sewer Samurai (Borderless)",Teenage Mutant Ninja Turtles,5.05,4.99,2.83,-1.1881188118811803,-43.96039603960396,top-5000 GMV,$5-10
525383,Mountain,Universes Beyond: Jurassic World Collection,6.09,6.99,4.07,14.778325123152715,-33.16912972085385,top-5000 GMV,$5-10
639876,Swamp (0033),Secret Lair Showdown,9.11,9.99,7.63,9.659714599341392,-16.24588364434687,top-5000 GMV,$5-10
14809,Simian Spirit Guide,Planar Chaos,3.07,4.49,2.96,46.2540716612378,-3.5830618892508106,top-5000 GMV,$2-5
12073,"Kokusho, the Evening Star",Champions of Kamigawa,29.18,32.99,21.88,13.0568882796436,-25.017135023989034,top-5000 GMV,$20-50
686582,Studious First-Year,Secrets of Strixhaven,0.31,0.35,0.15,12.903225806451609,-51.61290322580645,top-5000 GMV,$0-1
555954,Bureau Headmaster,Universes Beyond: Assassin's Creed,5.86,7.49,5.15,27.815699658703068,-12.116040955631398,top-5000 GMV,$5-10
35627,Voltaic Key,Magic 2011 (M11),3.88,5.99,2.5500000000000003,54.38144329896908,-34.278350515463906,top-5000 GMV,$2-5
552332,Subtlety (Retro Frame),Modern Horizons 2,15.64,19.99,14.89,27.81329923273656,-4.79539641943734,top-5000 GMV,$10-20
17968,Declaration of Naught,Morningtide,17.1,10.99,10.1,-35.73099415204678,-40.935672514619895,top-5000 GMV,$10-20
679864,"Mikey & Leo, Chaos & Order (Borderless)",Teenage Mutant Ninja Turtles,6.33,6.99,5.21,10.426540284360192,-17.69352290679305,top-5000 GMV,$5-10
581340,Irenicus's Vile Duplication,The List Reprints,10.96,16.99,11.12,55.018248175182464,1.4598540145985253,top-5000 GMV,$10-20
526191,Fanatical Offering,The Lost Caverns of Ixalan,1.2,2.99,0.87,149.16666666666669,-27.5,top-5000 GMV,$1-2
239695,Scurry Oak,Modern Horizons 2,2.51,3.49,1.23,39.04382470119524,-50.99601593625498,top-5000 GMV,$2-5
617983,"Veyran, Voice of Duality",Secret Lair Drop Series,49.55,49.99,50.48,0.8879919273461249,1.876892028254288,top-5000 GMV,$20-50
575068,Razorkin Needlehead (Borderless),Duskmourn: House of Horror,5.91,8.99,3.59,52.11505922165821,-39.25549915397632,top-5000 GMV,$5-10
633172,"Joshua, Phoenix's Dominant (Borderless)",FINAL FANTASY,4.7,6.99,3.11,48.723404255319146,-33.82978723404256,top-5000 GMV,$2-5
282850,"Cadric, Soul Kindler",Commander: Dominaria United,8.96,9.99,9.06,11.495535714285705,1.1160714285714244,top-5000 GMV,$5-10
588039,Storm's Will - Jeska's Will,Secret Lair Drop Series,51.69,49.99,49.49,-3.2888372992841863,-4.256142387308949,top-5000 GMV,$50-100
688726,Big Score,Secrets of Strixhaven: Mystical Archive,1.41,2.79,0.71,97.87234042553192,-49.645390070921984,top-5000 GMV,$1-2
479343,"Drivnod, Carnage Dominus",Phyrexia: All Will Be One,6.89,9.49,6.7700000000000005,37.73584905660378,-1.74165457184324,top-5000 GMV,$5-10
560047,Beastmaster Ascension,Commander: Bloomburrow,5.55,6.99,4.44,25.945945945945954,-19.99999999999999,top-5000 GMV,$5-10
478549,Phyresis Outbreak,Commander: Phyrexia: All Will Be One,12.31,18.99,10.42,54.26482534524774,-15.353371242891962,top-5000 GMV,$10-20
5508,Dark Ritual,Tempest,4.36,4.49,2.34,2.9816513761467864,-46.3302752293578,top-5000 GMV,$2-5
8025,Shivan Reef,Apocalypse,32.45,23.99,12.81,-26.07087827426812,-60.52388289676425,top-5000 GMV,$20-50
3481,Ball Lightning,The Dark,49.72,57.99,17.48,16.633145615446505,-64.84312148028961,top-5000 GMV,$20-50
544938,Pest Control,Outlaws of Thunder Junction: The Big Score,5.63,7.49,4.51,33.0373001776199,-19.89342806394316,top-5000 GMV,$5-10
457094,"Urza, Lord High Artificer (Borderless)",Dominaria Remastered,14.66,20.99,14.64,43.17871759890858,-0.1364256480218252,top-5000 GMV,$10-20
227009,Mana Drain (Extended Art),Commander Legends,74.26,99.99,75.63,34.64853218421759,1.844869377861554,top-5000 GMV,$50-100
226641,"Rograkh, Son of Rohgahh",Commander Legends,2.24,2.79,2.08,24.55357142857142,-7.142857142857148,top-5000 GMV,$2-5
688905,Daze (JP Alternate Art),Secrets of Strixhaven: Mystical Archive,3.91,7.49,3.9,91.56010230179028,-0.2557544757033307,top-5000 GMV,$2-5
526893,"Ghalta, Stampede Tyrant",Promo Pack: The Lost Caverns of Ixalan,25.73,37.99,28.37,47.64865915274,10.26039642440731,top-5000 GMV,$20-50
688901,Daze,Secrets of Strixhaven: Mystical Archive,0.96,2.29,0.84,138.54166666666669,-12.5,top-5000 GMV,$0-1
227034,"Akroma, Vision of Ixidor",Commander Legends,10.6,12.99,7.79,22.54716981132076,-26.50943396226415,top-5000 GMV,$10-20
642807,"Tekuthal, Inquiry Dominus",Commander: Edge of Eternities,1.26,2.29,1.25,81.74603174603175,-0.7936507936507943,top-5000 GMV,$1-2
651957,Tangle (Borderless),Marvel Universe Eternal-Legal,7.12,9.49,4.42,33.28651685393258,-37.921348314606746,top-5000 GMV,$5-10
251799,Seat of the Synod,Secret Lair Drop Series,30.85,34.99,30.71,13.419773095623988,-0.4538087520259338,top-5000 GMV,$20-50
638915,Plains (0262) (Borderless),Edge of Eternities,0.92,1.79,0.44,94.56521739130434,-52.17391304347826,top-5000 GMV,$0-1
544962,Simulacrum Synthesizer (Showcase),Outlaws of Thunder Junction: The Big Score,68.76,94.99,70.3,38.14717859220475,2.2396742292030134,top-5000 GMV,$50-100
498419,Mirkwood Bats (Borderless),Universes Beyond: The Lord of the Rings: Tales of Middle-earth,1.65,1.79,0.98,8.484848484848492,-40.60606060606061,top-5000 GMV,$1-2
514313,Beseech the Mirror,Promo Pack: Wilds of Eldraine,17.96,23.99,18.65,33.574610244988854,3.84187082405344,top-5000 GMV,$10-20
662075,Sokka's Charge (Borderless),Avatar: The Last Airbender: Eternal-Legal,8.26,15.99,8.33,93.58353510895884,0.8474576271186476,top-5000 GMV,$5-10
37896,Mountain - Full Art,Unhinged,9.64,9.49,4.49,-1.556016597510377,-53.42323651452282,top-5000 GMV,$5-10
190942,Changeling Outcast,Modern Horizons,1.71,1.49,1.29,-12.865497076023392,-24.561403508771924,top-5000 GMV,$1-2
677490,"Prosper, Tome-Bound",Secret Lair Drop Series,12.13,15.99,11.39,31.82192910140148,-6.10057708161583,top-5000 GMV,$10-20
544422,Lively Dirge,Outlaws of Thunder Junction,2.2,3.49,1.74,58.63636363636363,-20.90909090909092,top-5000 GMV,$2-5
233495,Swords to Plowshares (JP Alternate Art),Strixhaven: Mystical Archive,29.73,34.99,29.75,17.692566431214267,0.0672721157080376,top-5000 GMV,$20-50
237594,Gamble,Secret Lair Drop Series,36.5,37.99,35.78,4.082191780821924,-1.972602739726024,top-5000 GMV,$20-50
517694,Blood Crypt (Borderless),Ravnica Remastered,14.71,18.99,13.16,29.09585316111487,-10.537049626104697,top-5000 GMV,$10-20
623927,Ruinous Ultimatum (Borderless),Special Guests,13.37,16.99,12.63,27.075542258788328,-5.534779356768874,top-5000 GMV,$10-20
519221,Flesh Duplicate,Universes Beyond: Doctor Who,8.43,7.49,6.59,-11.150652431791215,-21.82680901542112,top-5000 GMV,$5-10
238617,Counterspell,Modern Horizons 2,2.66,3.99,1.56,50.0,-41.35338345864662,top-5000 GMV,$2-5
14008,Boreal Druid,Coldsnap,5.8,4.99,3.19,-13.965517241379304,-45.0,top-5000 GMV,$5-10
505972,Starfield of Nyx,Commander Masters,13.66,17.99,13.53,31.698389458272317,-0.9516837481698448,top-5000 GMV,$10-20
10683,"Akroma, Angel of Wrath",Legions,20.95,24.99,15.61,19.284009546539377,-25.489260143198088,top-5000 GMV,$20-50
5632,Mirri's Guile,Tempest,32.21,27.99,21.35,-13.10152126668737,-33.716237193418195,top-5000 GMV,$20-50
499345,Elanor Gardner,Universes Beyond: The Lord of the Rings: Tales of Middle-earth,4.78,7.49,4.8,56.69456066945606,0.4184100418409952,top-5000 GMV,$2-5
273303,Ancient Gold Dragon (Showcase),Commander Legends: Battle for Baldur's Gate,34.17,39.99,32.480000000000004,17.032484635645304,-4.945858940591156,top-5000 GMV,$20-50
263052,Bear Umbra,Commander: Kamigawa: Neon Dynasty,12.11,14.99,9.89,23.781998348472342,-18.33195706028075,top-5000 GMV,$10-20
247829,Haunted Ridge (Borderless),Innistrad: Midnight Hunt,8.66,13.99,8.83,61.54734411085451,1.9630484988452648,top-5000 GMV,$5-10
687431,"Jadar, Ghoulcaller of Nephalia",Commander: Secrets of Strixhaven,1.11,2.29,0.84,106.30630630630628,-24.324324324324333,top-5000 GMV,$1-2
552367,Emerald Medallion (Borderless),Modern Horizons 3,6.13,7.99,5.8500000000000005,30.34257748776509,-4.5676998368678525,top-5000 GMV,$5-10
526073,Cavern-Hoard Dragon (Showcase Scrolls),Commander: The Lord of the Rings: Tales of Middle-earth,39.67,47.99,41.66,20.97302747668263,5.016385177716145,top-5000 GMV,$20-50
161521,"Animar, Soul of Elements",Masters 25,29.29,29.99,27.93,2.389894161829974,-4.643222942983952,top-5000 GMV,$20-50
221778,Lotus Cobra,Zendikar Rising,5.92,6.99,5.36,18.07432432432433,-9.459459459459453,top-5000 GMV,$5-10
687451,Benevolent Hydra,Commander: Secrets of Strixhaven,0.94,1.79,0.26,90.42553191489364,-72.34042553191489,top-5000 GMV,$0-1
227128,Open the Armory,Commander Legends,2.72,3.99,2.6,46.69117647058823,-4.411764705882357,top-5000 GMV,$2-5
535672,"Bennie Bracks, Zoologist",Commander: Murders at Karlov Manor,11.64,13.99,11.55,20.189003436426116,-0.7731958762886585,top-5000 GMV,$10-20
36807,Demonic Tutor,Duel Decks: Divine vs. Demonic,71.2,89.99,64.88,26.39044943820224,-8.876404494382033,top-5000 GMV,$50-100
8877,Red Elemental Blast,Beta Edition,89.18,149.99,95.12,68.18793451446513,6.660686252522985,top-5000 GMV,$50-100
10904,Undead Warchief,Scourge,14.32,17.99,9.48,25.62849162011172,-33.798882681564244,top-5000 GMV,$10-20
673606,Ninja Teen,Teenage Mutant Ninja Turtles,1.27,1.49,0.4,17.32283464566929,-68.50393700787401,top-5000 GMV,$1-2
448819,Howling Mine,The Brothers' War: Retro Frame Artifacts,6.51,6.49,5.15,-0.3072196620583652,-20.890937019969268,top-5000 GMV,$5-10
449630,Birds of Paradise (Borderless),Dominaria Remastered,11.43,16.99,11.1,48.64391951006123,-2.8871391076115493,top-5000 GMV,$10-20
481579,"Mondrak, Glory Dominus",Promo Pack: Phyrexia: All Will Be One,43.46,57.99,43.51,33.433041877588586,0.1150483202945171,top-5000 GMV,$20-50
624907,Windcrag Siege,Tarkir: Dragonstorm,3.57,5.49,1.77,53.781512605042025,-50.42016806722689,top-5000 GMV,$2-5
541252,"Tinybones, the Pickpocket",Outlaws of Thunder Junction,5.78,8.49,4.03,46.88581314878893,-30.276816608996537,top-5000 GMV,$5-10
234321,Rebuff the Wicked,Time Spiral: Remastered,8.11,7.49,6.03,-7.644882860665836,-25.647348951911216,top-5000 GMV,$5-10
512513,Hardened Scales,Wilds of Eldraine: Enchanting Tales,4.69,4.99,4.37,6.396588486140721,-6.823027718550112,top-5000 GMV,$2-5
696414,Mechanized Production (Borderless),Marvel Universe Eternal-Legal,4.4,3.99,2.05,-9.318181818181822,-53.40909090909092,top-5000 GMV,$2-5
525814,Windfall,Commander: The Lost Caverns of Ixalan,5.29,7.99,4.57,51.03969754253308,-13.610586011342148,top-5000 GMV,$5-10
155775,Pitiless Plunderer,Rivals of Ixalan,4.33,4.99,3.3000000000000003,15.242494226327947,-23.787528868360276,top-5000 GMV,$2-5
503438,Insurrection,Commander Masters,14.22,14.99,11.1,5.414908579465538,-21.9409282700422,top-5000 GMV,$10-20
34866,World at War,Rise of the Eldrazi,10.27,15.99,8.24,55.696202531645575,-19.76630963972736,top-5000 GMV,$10-20
457057,Urza's Incubator,Dominaria Remastered,23.06,21.99,18.74,-4.640069384215092,-18.733738074588032,top-5000 GMV,$20-50
36465,Tainted Strike,Scars of Mirrodin,2.94,3.49,2.03,18.70748299319729,-30.95238095238096,top-5000 GMV,$2-5
11503,Krark's Thumb,Mirrodin,14.8,19.99,10.4,35.06756756756755,-29.72972972972973,top-5000 GMV,$10-20
9567,Psychatog,Odyssey,6.95,8.49,4.94,22.15827338129496,-28.920863309352512,top-5000 GMV,$5-10
7168,Kor Haven,Nemesis,18.3,32.99,16.31,80.27322404371586,-10.874316939890722,top-5000 GMV,$10-20
540659,Pitiless Plunderer,Universes Beyond: Fallout,8.05,6.49,4.84,-19.37888198757765,-39.87577639751553,top-5000 GMV,$5-10
216264,Cathars' Crusade,Jumpstart,9.62,10.99,7.28,14.241164241164253,-24.32432432432432,top-5000 GMV,$5-10
525870,"Elenda, the Dusk Rose",Commander: The Lost Caverns of Ixalan,5.21,7.99,4.16,53.35892514395394,-20.15355086372361,top-5000 GMV,$5-10
94263,Cyclonic Rift,Commander 2014,33.92,37.99,29.61,11.99882075471698,-12.706367924528308,top-5000 GMV,$20-50
279269,Bearscape,Secret Lair Drop Series,20.76,20.99,25.0,1.1078998073217576,20.42389210019267,top-5000 GMV,$20-50
696645,"The Mighty Thor, Jane Foster",Marvel Super Heroes,0.44,0.49,0.15,11.36363636363636,-65.90909090909092,top-5000 GMV,$0-1
648705,Fated Firepower (Showcase),Avatar: The Last Airbender,16.79,17.99,15.78,7.147111375818936,-6.015485407980941,top-5000 GMV,$10-20
525620,"Ojer Kaslem, Deepest Growth",The Lost Caverns of Ixalan,6.22,9.49,3.64,52.57234726688104,-41.479099678456585,top-5000 GMV,$5-10
128220,Damnation,Modern Masters 2017,21.11,27.99,19.17,32.59118900994789,-9.189957366177156,top-5000 GMV,$20-50
254425,Molten Echoes,Commander: Innistrad: Crimson Vow,9.5,14.99,9.33,57.78947368421052,-1.7894736842105254,top-5000 GMV,$5-10
6947,Morphling,Urza's Saga,48.98,34.99,26.05,-28.562678644344626,-46.81502654144549,top-5000 GMV,$20-50
273195,Patriar's Seal,Commander Legends: Battle for Baldur's Gate,4.88,7.49,4.5200000000000005,53.48360655737706,-7.377049180327858,top-5000 GMV,$2-5
478536,Glistening Sphere,Commander: Phyrexia: All Will Be One,13.89,15.99,12.5,15.118790496760257,-10.00719942404608,top-5000 GMV,$10-20
451925,Mishra's Bauble,The Brothers' War: Retro Frame Artifacts,2.36,2.99,0.72,26.694915254237305,-69.49152542372882,top-5000 GMV,$2-5
525711,Elenda's Hierophant,Commander: The Lost Caverns of Ixalan,4.78,6.49,3.43,35.77405857740585,-28.24267782426778,top-5000 GMV,$2-5
559653,Starscape Cleric,Bloomburrow,0.74,1.99,0.33,168.91891891891893,-55.4054054054054,top-5000 GMV,$0-1
3963,Nether Void,Legends,507.99,599.99,547.03,18.11059272820331,7.685190653359311,top-5000 GMV,$200+
888,Mountain (UGL),Unglued,9.24,9.49,6.11,2.7056277056277054,-33.874458874458874,top-5000 GMV,$5-10
203649,Dictate of Erebos,The List Reprints,19.37,23.99,17.89,23.85131646876612,-7.640681466184823,top-5000 GMV,$10-20
452309,Diabolic Intent (Extended Art),The Brothers' War,16.4,20.99,17.18,27.987804878048784,4.756097560975617,top-5000 GMV,$10-20
687609,Beledros Witherbloom,Commander: Secrets of Strixhaven,1.57,2.79,1.01,77.70700636942675,-35.668789808917204,top-5000 GMV,$1-2
618878,"Y'shtola, Night's Blessed (Extended Art)",Commander: FINAL FANTASY,11.87,11.99,10.02,1.010951979780969,-15.585509688289804,top-5000 GMV,$10-20
448863,"Slicer, Hired Muscle (Shattered Glass)",Universes Beyond: Transformers,31.99,37.99,30.18,18.755861206627085,-5.6580181306658295,top-5000 GMV,$20-50
694971,"Garfield and Odie, Best Buds - Rin and Seri, Inseparable",Secret Lair Drop Series,13.92,18.99,13.05,36.42241379310344,-6.249999999999995,top-5000 GMV,$10-20
3546,Maze of Ith,The Dark,30.3,29.99,14.05,-1.0231023102310306,-53.63036303630363,top-5000 GMV,$20-50
552285,Flare of Duplication (Borderless),Modern Horizons 3,6.05,9.49,5.21,56.85950413223141,-13.884297520661152,top-5000 GMV,$5-10
623053,"Gary, the Snail - Toxrill, the Corrosive",Secret Lair Drop Series,20.01,18.99,18.96,-5.097451274362834,-5.247376311844081,top-5000 GMV,$20-50
514475,Food Chain,Secret Lair Drop Series,50.6,39.99,44.01,-20.968379446640316,-13.023715415019767,top-5000 GMV,$50-100
517646,Sacred Foundry (Retro Frame),Ravnica Remastered,17.84,27.99,17.18,56.89461883408071,-3.699551569506728,top-5000 GMV,$10-20
206026,Forest,Theros Beyond Death,1.01,1.99,0.52,97.02970297029702,-48.51485148514851,top-5000 GMV,$1-2
199417,Mystic Sanctuary,Throne of Eldraine,1.72,2.79,0.87,62.2093023255814,-49.41860465116279,top-5000 GMV,$1-2
552732,Toxic Deluge (Retro Frame),Modern Horizons 3,6.47,9.99,5.29,54.40494590417312,-18.238021638330757,top-5000 GMV,$5-10
218939,Ad Nauseam,Double Masters,12.62,17.99,10.42,42.55150554675119,-17.43264659270998,top-5000 GMV,$10-20
243349,Wizard Class,Adventures in the Forgotten Realms,2.86,4.99,1.7,74.4755244755245,-40.55944055944056,top-5000 GMV,$2-5
631124,"Gogo, Mysterious Mime",Commander: FINAL FANTASY,1.64,2.79,1.7,70.1219512195122,3.658536585365857,top-5000 GMV,$1-2
18700,Manamorphose,Shadowmoor,4.69,6.99,3.94,49.040511727078886,-15.99147121535182,top-5000 GMV,$2-5
641983,Horizon Explorer,Commander: Edge of Eternities,2.36,3.49,2.53,47.881355932203405,7.203389830508472,top-5000 GMV,$2-5
235389,Brainstorm,Strixhaven: Mystical Archive,3.72,5.99,3.5700000000000003,61.02150537634409,-4.032258064516126,top-5000 GMV,$2-5
696468,Super-Soldier Serum (Borderless),Marvel Super Heroes,1.36,1.99,0.93,46.323529411764696,-31.61764705882353,top-5000 GMV,$1-2
583150,Paradise Mantle,The List Reprints,9.47,11.99,8.4,26.610348468848997,-11.298838437170012,top-5000 GMV,$5-10
563217,Snuff Out (Future Sight),Mystery Booster 2,6.51,10.99,6.49,68.81720430107528,-0.3072196620583652,top-5000 GMV,$5-10
530801,Cyclonic Rift (Retro Frame),Ravnica Remastered,38.73,49.99,37.76,29.073069971598255,-2.5045184611412314,top-5000 GMV,$20-50
525084,Brass's Tunnel-Grinder,The Lost Caverns of Ixalan,3.6,4.99,3.52,38.61111111111112,-2.222222222222224,top-5000 GMV,$2-5
509485,Moonshaker Cavalry,Wilds of Eldraine,9.98,8.49,7.03,-14.92985971943888,-29.559118236472948,top-5000 GMV,$5-10
588031,"Storm, Force of Nature",Secret Lair Drop Series,30.57,27.99,28.32,-8.439646712463206,-7.360157016683022,top-5000 GMV,$20-50
10290,Seedtime,Judgment,13.73,11.99,9.44,-12.672978878368538,-31.245447924253465,top-5000 GMV,$10-20
118417,Sylvan Library,Eternal Masters,28.11,37.99,27.33,35.14763429384561,-2.7748132337246574,top-5000 GMV,$20-50
642855,Karn's Bastion,Commander: Edge of Eternities,2.44,4.99,2.54,104.50819672131148,4.098360655737709,top-5000 GMV,$2-5
519283,Thought Vessel,Universes Beyond: Doctor Who,2.92,3.49,2.34,19.52054794520549,-19.863013698630137,top-5000 GMV,$2-5
689391,Culling Ritual,Secrets of Strixhaven: Mystical Archive,1.19,1.49,0.79,25.21008403361345,-33.613445378151255,top-5000 GMV,$1-2
104234,It That Betrays,Duel Decks: Zendikar vs. Eldrazi,12.03,17.99,11.45,49.54280964256026,-4.821280133000832,top-5000 GMV,$10-20
530996,Bruvac the Grandiloquent (Retro Frame),Ravnica Remastered,43.33,42.99,44.78,-0.7846757442880137,3.3464112624048066,top-5000 GMV,$20-50
222819,Island,Zendikar Rising,0.94,0.49,0.31,-47.87234042553191,-67.02127659574467,top-5000 GMV,$0-1
34414,Quest for Renewal,Worldwake,5.13,7.49,4.73,46.00389863547759,-7.797270955165682,top-5000 GMV,$5-10
4914,Thermokarst,Ice Age,6.01,12.99,4.15,116.13976705490848,-30.94841930116472,top-5000 GMV,$5-10
630961,Dark Confidant (Borderless),FINAL FANTASY,9.55,9.99,9.63,4.607329842931931,0.8376963350785347,top-5000 GMV,$5-10
688683,Harmonized Trio,Secrets of Strixhaven,0.57,0.59,0.15,3.5087719298245648,-73.68421052631578,top-5000 GMV,$0-1
512710,Goblin Bombardment,Wilds of Eldraine: Enchanting Tales,5.16,3.99,2.95,-22.67441860465116,-42.82945736434108,top-5000 GMV,$5-10
6836,Dark Ritual,Urza's Saga,4.58,4.49,2.68,-1.9650655021834031,-41.484716157205234,top-5000 GMV,$2-5
243045,Circle of Dreams Druid (Extended Art),Adventures in the Forgotten Realms,15.42,24.99,15.63,62.062256809338514,1.3618677042801612,top-5000 GMV,$10-20
6484,Counterspell,Mercadian Masques,3.4,4.99,1.56,46.76470588235296,-54.11764705882353,top-5000 GMV,$2-5
591021,Bolt Bend,Foundations,2.53,4.99,2.61,97.2332015810277,3.1620553359683825,top-5000 GMV,$2-5
118476,Natural Order,Eternal Masters,36.66,37.99,29.2,3.627932351336622,-20.34915439170758,top-5000 GMV,$20-50
222409,Turntimber Symbiosis,Zendikar Rising,4.75,5.49,4.16,15.578947368421057,-12.421052631578943,top-5000 GMV,$2-5
488273,Mount Doom,Universes Beyond: The Lord of the Rings: Tales of Middle-earth,7.24,8.99,7.01,24.171270718232044,-3.176795580110503,top-5000 GMV,$5-10
456654,Serra Ascendant,Secret Lair Drop Series,41.43,32.99,43.1,-20.37171132029929,4.030895486362543,top-5000 GMV,$20-50
505833,Rejuvenating Springs (Borderless),Commander Masters,10.54,13.99,10.34,32.73244781783682,-1.8975332068311128,top-5000 GMV,$10-20
5434,Tortured Existence,Stronghold,3.57,5.49,2.88,53.781512605042025,-19.327731092436977,top-5000 GMV,$2-5
192559,Leyline of Anticipation,Core Set 2020,6.88,8.49,5.82,23.40116279069768,-15.40697674418604,top-5000 GMV,$5-10
697422,Thought Vessel,Commander: Marvel Super Heroes,2.31,3.49,2.36,51.08225108225109,2.164502164502157,top-5000 GMV,$2-5
641751,"Haliya, Guided by Light (Borderless)",Edge of Eternities,4.85,6.99,3.52,44.1237113402062,-27.422680412371133,top-5000 GMV,$2-5
658480,"Kratos, Stoic Father",Secret Lair Drop Series,10.19,12.99,10.31,27.47791952894996,1.1776251226692935,top-5000 GMV,$10-20
631663,"Rosa, Resolute White Mage (Extended Art)",FINAL FANTASY,10.67,9.49,8.47,-11.059044048734767,-20.61855670103092,top-5000 GMV,$10-20
504187,Ohran Frostfang (Borderless),Commander Masters,11.72,14.99,10.26,27.901023890784977,-12.45733788395905,top-5000 GMV,$10-20
262459,"Light-Paws, Emperor's Voice (Showcase)",Kamigawa: Neon Dynasty,8.63,11.99,7.2,38.93395133256082,-16.570104287369645,top-5000 GMV,$5-10
230289,"Esika, God of the Tree (Showcase)",Kaldheim,15.68,18.99,15.41,21.109693877551013,-1.7219387755102016,top-5000 GMV,$10-20
673567,"Michelangelo, Improviser",Teenage Mutant Ninja Turtles,3.2,2.99,2.41,-6.562499999999999,-24.6875,top-5000 GMV,$2-5
212208,The Locust God,Commander 2020,6.9,9.49,6.86,37.53623188405797,-0.5797101449275368,top-5000 GMV,$5-10
552946,Farewell,Commander: Modern Horizons 3,5.76,7.49,5.3,30.034722222222232,-7.986111111111111,top-5000 GMV,$5-10
14843,Akroma's Memorial,Future Sight,36.74,39.99,22.35,8.84594447468699,-39.16712030484486,top-5000 GMV,$20-50
272559,Nautiloid Ship,Commander Legends: Battle for Baldur's Gate,14.66,18.99,10.75,29.536152796725773,-26.671214188267395,top-5000 GMV,$10-20
553202,Horizon of Progress,Commander: Modern Horizons 3,3.87,4.99,4.13,28.9405684754522,6.718346253229969,top-5000 GMV,$2-5
624025,"Betor, Kin to All (Showcase)",Tarkir: Dragonstorm,19.23,15.99,16.27,-16.848673946957877,-15.39261570462819,top-5000 GMV,$10-20
236285,Spawning Kraken,Commander 2021,14.51,20.99,14.57,44.65885596140592,0.4135079255685768,top-5000 GMV,$10-20
221360,Undergrowth Stadium,Commander Legends,6.34,8.99,6.2700000000000005,41.79810725552051,-1.1041009463722302,top-5000 GMV,$5-10
454961,"Runadi, Behemoth Caller",Jumpstart 2022,15.97,19.99,15.4,25.172197871008123,-3.569192235441454,top-5000 GMV,$10-20
588005,"Iron Man, Titan of Innovation",Secret Lair Drop Series,21.68,24.99,22.05,15.267527675276746,1.706642066420669,top-5000 GMV,$20-50
36316,Kuldotha Forgemaster,Scars of Mirrodin,9.09,15.99,4.22,75.90759075907592,-53.575357535753575,top-5000 GMV,$5-10
517247,Olorin's Searing Light (Borderless),Commander: The Lord of the Rings: Tales of Middle-earth,6.57,12.99,7.91,97.71689497716896,20.39573820395738,top-5000 GMV,$5-10
618859,Sazh's Chocobo,FINAL FANTASY,0.88,0.49,0.15,-44.31818181818182,-82.95454545454545,top-5000 GMV,$0-1
688960,Shared Roots,Secrets of Strixhaven: Mystical Archive,0.39,0.35,0.15,-10.256410256410266,-61.53846153846154,top-5000 GMV,$0-1
679208,Arcbound Ravager (Borderless),Teenage Mutant Ninja Turtles Source Material,2.9,5.99,3.02,106.55172413793106,4.137931034482762,top-5000 GMV,$2-5
544864,Crackle with Power,Outlaws of Thunder Junction: Breaking News,6.83,8.99,5.83,31.625183016105417,-14.641288433382138,top-5000 GMV,$5-10
559750,"Toski, Bearer of Secrets (Borderless)",Special Guests,14.08,16.99,15.51,20.667613636363622,10.156249999999998,top-5000 GMV,$10-20
503557,Thran Dynamo,Commander Masters,4.79,3.99,3.51,-16.70146137787056,-26.722338204592905,top-5000 GMV,$2-5
202923,"Elesh Norn, Grand Cenobite",The List Reprints,21.72,23.99,18.44,10.451197053406997,-15.101289134438296,top-5000 GMV,$20-50
686566,Reprieve,Secrets of Strixhaven: Mystical Archive,1.59,2.99,0.94,88.0503144654088,-40.88050314465409,top-5000 GMV,$1-2
680769,Hardened Scales,Secret Lair Drop Series,20.39,20.99,22.95,2.9426189308484445,12.555174104953402,top-5000 GMV,$20-50
262058,The Reality Chip,Kamigawa: Neon Dynasty,3.78,5.99,3.63,58.46560846560848,-3.968253968253966,top-5000 GMV,$2-5
631265,An Offer You Can't Refuse,Commander: FINAL FANTASY,2.49,4.99,2.61,100.4016064257028,4.819277108433721,top-5000 GMV,$2-5
697400,"X-23, Deadly Weapon",Commander: Marvel Super Heroes,3.48,3.49,3.4,0.2873563218390871,-2.2988505747126458,top-5000 GMV,$2-5
687523,Sheltered by Ghosts,Commander: Secrets of Strixhaven,1.28,2.79,1.12,117.96875,-12.499999999999991,top-5000 GMV,$1-2
10293,Sylvan Safekeeper,Judgment,15.6,18.99,13.66,21.730769230769223,-12.435897435897433,top-5000 GMV,$10-20
631040,"Terra, Magical Adept (Extended Art)",FINAL FANTASY,13.77,12.99,12.49,-5.664488017429189,-9.2955700798838,top-5000 GMV,$10-20
498426,Witch-king of Angmar (Showcase),Universes Beyond: The Lord of the Rings: Tales of Middle-earth,12.48,14.99,12.21,20.112179487179485,-2.1634615384615348,top-5000 GMV,$10-20
457271,Maze of Ith,Dominaria Remastered,10.2,12.99,9.81,27.3529411764706,-3.8235294117646954,top-5000 GMV,$10-20
190653,Snow-Covered Forest,Modern Horizons,1.27,1.79,0.93,40.94488188976378,-26.77165354330708,top-5000 GMV,$1-2
686593,Dreamroot Cascade (Borderless),Secrets of Strixhaven,1.65,2.49,0.96,50.90909090909093,-41.81818181818181,top-5000 GMV,$1-2
580718,Abhorrent Oculus,Promo Pack: Duskmourn: House of Horror,12.98,21.99,13.38,69.41448382126346,3.081664098613254,top-5000 GMV,$10-20
212197,Call the Coppercoats,Commander 2020,5.79,10.99,6.21,89.81001727115718,7.253886010362693,top-5000 GMV,$5-10
6260,Thran Dynamo,Urza's Destiny,5.49,8.99,4.42,63.752276867030965,-19.489981785063755,top-5000 GMV,$5-10
528210,Sol Ring (1494),Secret Lair Drop Series,83.73,84.99,78.3,1.5048369759942564,-6.485130777499112,top-5000 GMV,$50-100
216249,"Sheoldred, Whispering One",Jumpstart,20.61,29.99,20.12,45.51188743328481,-2.377486656962632,top-5000 GMV,$20-50
624339,Lightning Greaves,Commander: Tarkir: Dragonstorm,4.61,6.49,4.11,40.780911062906725,-10.845986984815616,top-5000 GMV,$2-5
559627,Fountainport,Bloomburrow,2.77,5.49,2.39,98.19494584837544,-13.718411552346566,top-5000 GMV,$2-5
456576,Eldrazi Temple,Secret Lair Drop Series,46.29,44.99,47.75,-2.808381939943826,3.154028947936921,top-5000 GMV,$20-50
180959,Seize the Day,Ultimate Masters,16.69,15.99,8.3,-4.194128220491318,-50.26962252846016,top-5000 GMV,$10-20
557275,Fear of Missing Out,Duskmourn: House of Horror,2.3,3.99,1.82,73.47826086956523,-20.86956521739129,top-5000 GMV,$2-5
591313,"Krenko, Mob Boss",Foundations,1.93,1.99,0.91,3.108808290155443,-52.84974093264248,top-5000 GMV,$1-2
687518,Guardian Augmenter,Commander: Secrets of Strixhaven,1.01,1.99,0.39,97.02970297029702,-61.38613861386138,top-5000 GMV,$1-2
456558,Seize the Day,Secret Lair Drop Series,32.1,29.99,29.99,-6.573208722741441,-6.573208722741441,top-5000 GMV,$20-50
687341,Defiling Daemogoth,Commander: Secrets of Strixhaven,0.79,0.79,0.72,0.0,-8.860759493670892,top-5000 GMV,$0-1
276661,"Emrakul, the Aeons Torn (Borderless)",Double Masters 2022,22.87,27.99,22.37,22.38740708351551,-2.1862702229995628,top-5000 GMV,$20-50
286154,Poxwalkers,"Universes Beyond: Warhammer 40,000",7.33,11.99,7.74,63.5743519781719,5.593451568894954,top-5000 GMV,$5-10
218871,"Avacyn, Angel of Hope",Double Masters,36.04,42.99,35.92,19.284128745837968,-0.3329633740288497,top-5000 GMV,$20-50
145331,Consecrated Sphinx,Iconic Masters,32.65,29.99,25.52,-8.147013782542114,-21.837672281776417,top-5000 GMV,$20-50
4925,Underground River,Ice Age,33.78,27.99,13.76,-17.14031971580818,-59.26583777383068,top-5000 GMV,$20-50
552614,Wrath of the Skies,Modern Horizons 3,2.02,3.49,0.6900000000000001,72.77227722772278,-65.84158415841584,top-5000 GMV,$2-5
673730,Ocelot Pride,Promo Pack: Lorwyn Eclipsed,42.53,59.99,44.25,41.05337408887844,4.044204091229718,top-5000 GMV,$20-50
451202,Deathrite Shaman,Secret Lair Countdown Kit,15.81,12.99,15.09,-17.836812144212523,-4.554079696394691,top-5000 GMV,$10-20
591270,Bloom Tender (Showcase),Special Guests,13.51,17.99,13.35,33.16062176165802,-1.1843079200592164,top-5000 GMV,$10-20
623899,Island (0288),Tarkir: Dragonstorm,8.66,7.99,5.86,-7.736720554272517,-32.33256351039261,top-5000 GMV,$5-10
699615,"Thor, Guardian of Midgard (Borderless)",Commander: Marvel Super Heroes,2.95,5.99,2.81,103.05084745762711,-4.74576271186441,top-5000 GMV,$2-5
118403,Wasteland,Eternal Masters,28.17,34.99,24.15,24.21015264465744,-14.270500532481371,top-5000 GMV,$20-50
652040,Ponder (Borderless),Marvel Universe Eternal-Legal,7.08,8.49,2.5500000000000003,19.91525423728814,-63.98305084745761,top-5000 GMV,$5-10
179454,"Ulamog, the Infinite Gyre",Ultimate Masters,37.2,39.99,37.11,7.499999999999997,-0.2419354838709769,top-5000 GMV,$20-50
187246,God-Pharaoh's Statue,War of the Spark,0.77,1.49,0.2,93.5064935064935,-74.02597402597402,top-5000 GMV,$0-1
267054,Spire Garden,Commander Legends: Battle for Baldur's Gate,7.46,9.49,6.38,27.211796246648795,-14.47721179624665,top-5000 GMV,$5-10
180772,Gamble,Ultimate Masters,17.0,20.99,16.67,23.47058823529411,-1.9411764705882253,top-5000 GMV,$10-20
688855,Bitter Triumph,Secrets of Strixhaven: Mystical Archive,0.28,0.35,0.15,24.999999999999982,-46.42857142857144,top-5000 GMV,$0-1
632157,Tidus's Brotherhood Sword - Sword of Truth and Justice,Secret Lair Drop Series,29.43,34.99,31.23,18.892286782195047,6.116207951070339,top-5000 GMV,$20-50
9495,Seize the Day,Odyssey,13.73,18.99,10.19,38.31026948288418,-25.78295702840496,top-5000 GMV,$10-20
525875,Chandra's Ignition,Commander: The Lost Caverns of Ixalan,6.16,10.99,6.73,78.4090909090909,9.253246753246758,top-5000 GMV,$5-10
203098,Umbral Mantle,The List Reprints,10.57,10.99,8.290000000000001,3.973509933774834,-21.570482497634806,top-5000 GMV,$10-20
163898,Metalworker - 2000 Jon Finkel (UDS),World Championship Decks,29.29,37.99,25.51,29.70297029702971,-12.905428473881864,top-5000 GMV,$20-50
590102,Creeping Bloodsucker,Foundations Jumpstart,4.61,7.49,4.2700000000000005,62.47288503253795,-7.375271149674617,top-5000 GMV,$2-5
118447,Mystical Tutor,Eternal Masters,19.47,21.99,15.76,12.942989214175654,-19.05495634309193,top-5000 GMV,$10-20
624539,Clarion Conqueror,Tarkir: Dragonstorm,2.08,3.49,0.71,67.78846153846155,-65.86538461538461,top-5000 GMV,$2-5
233863,Damnation,Time Spiral: Remastered,21.43,27.99,19.27,30.611292580494627,-10.079328044797014,top-5000 GMV,$20-50
590827,An Offer You Can't Refuse (Borderless),Foundations,5.83,9.49,4.37,62.778730703259015,-25.04288164665523,top-5000 GMV,$5-10
122664,Panharmonicon,Kaladesh,5.84,9.49,5.47,62.500000000000014,-6.335616438356166,top-5000 GMV,$5-10
579060,Persistent Constrictor (Extended Art),Commander: Duskmourn: House of Horror,13.2,17.99,8.33,36.28787878787879,-36.89393939393939,top-5000 GMV,$10-20
235162,Counterspell,Strixhaven: Mystical Archive,6.89,7.49,4.25,8.708272859216263,-38.31640058055152,top-5000 GMV,$5-10
475524,Plains (267) - Full Art,Phyrexia: All Will Be One,1.39,2.29,0.52,64.74820143884894,-62.58992805755396,top-5000 GMV,$1-2
539950,Assaultron Invader - Walking Ballista (Showcase),Universes Beyond: Fallout,24.01,24.99,21.36,4.081632653061211,-11.03706788837985,top-5000 GMV,$20-50
662077,Earthshape (Borderless),Avatar: The Last Airbender: Eternal-Legal,7.79,13.99,7.57,79.58921694480104,-2.8241335044929365,top-5000 GMV,$5-10
651850,Impostor Syndrome (Extended Art),Marvel's Spider-Man,8.06,11.99,6.25,48.75930521091811,-22.456575682382137,top-5000 GMV,$5-10
32609,Fabricate,Magic 2010 (M10),8.04,12.99,6.72,61.567164179104495,-16.417910447761187,top-5000 GMV,$5-10
671204,Evolution Sage,Commander: Lorwyn Eclipsed,2.19,4.49,2.07,105.02283105022832,-5.479452054794526,top-5000 GMV,$2-5
530023,Crashing Footfalls (Borderless),Special Guests,9.2,7.49,3.77,-18.58695652173912,-59.02173913043478,top-5000 GMV,$5-10
686645,Archmage Emeritus (Borderless),Special Guests,4.55,4.49,2.81,-1.3186813186813102,-38.24175824175824,top-5000 GMV,$2-5
635378,Champions from Beyond (Extended Art),Commander: FINAL FANTASY,7.73,6.99,7.16,-9.57309184993532,-7.373868046571802,top-5000 GMV,$5-10
518919,Wedding Ring,Universes Beyond: Doctor Who,10.19,9.99,9.63,-1.9627085377821325,-5.495583905789978,top-5000 GMV,$10-20
697126,"Doctor Strange, Surgeon",Commander: Marvel Super Heroes,1.41,2.99,0.94,112.05673758865252,-33.33333333333333,top-5000 GMV,$1-2
559611,"Derevi, Empyrial Tactician (Borderless)",Commander: Bloomburrow,10.16,10.99,7.03,8.169291338582678,-30.80708661417323,top-5000 GMV,$10-20
499213,"Arwen, Mortal Queen",Universes Beyond: The Lord of the Rings: Tales of Middle-earth,6.75,8.99,6.01,33.18518518518519,-10.962962962962964,top-5000 GMV,$5-10
490572,Hoarding Broodlord,March of the Machine,5.55,7.49,4.53,34.954954954954964,-18.37837837837837,top-5000 GMV,$5-10
243432,The Book of Exalted Deeds,Adventures in the Forgotten Realms,8.69,11.99,7.45,37.97468354430381,-14.269275028768694,top-5000 GMV,$5-10
673659,"Mikey & Leo, Chaos & Order",Teenage Mutant Ninja Turtles,1.62,1.99,1.06,22.839506172839496,-34.567901234567906,top-5000 GMV,$1-2
273423,Decanter of Endless Water (Showcase),Commander Legends: Battle for Baldur's Gate,2.51,4.49,2.56,78.88446215139444,1.9920318725099708,top-5000 GMV,$2-5
91110,Chord of Calling,Magic 2015 (M15),6.12,8.99,4.01,46.89542483660131,-34.47712418300654,top-5000 GMV,$5-10
58931,Battle Hymn,Avacyn Restored,1.36,1.79,1.25,31.61764705882352,-8.088235294117654,top-5000 GMV,$1-2
679603,Coin of Mastery,Commander: Teenage Mutant Ninja Turtles,1.95,2.49,1.04,27.692307692307704,-46.66666666666666,top-5000 GMV,$1-2
275220,Tiamat,The List Reprints,26.13,29.99,22.89,14.77229238423268,-12.399540757749708,top-5000 GMV,$20-50
212220,Tidal Barracuda,Commander 2020,8.19,9.49,8.66,15.873015873015884,5.738705738705747,top-5000 GMV,$5-10
527822,Totec's Spear - Shadowspear,Secret Lair Drop Series,70.52,79.99,72.02,13.428814520703344,2.127056154282473,top-5000 GMV,$50-100
181716,Lightning Bolt,MagicFest Cards,4.78,4.49,3.29,-6.066945606694561,-31.171548117154813,top-5000 GMV,$2-5
504617,Reliquary Tower,Commander Masters,3.67,5.49,3.61,49.59128065395097,-1.6348773841961868,top-5000 GMV,$2-5
230869,Righteous Valkyrie,Kaldheim,4.47,8.99,4.16,101.1185682326622,-6.935123042505585,top-5000 GMV,$2-5
5355,Hermit Druid,Stronghold,13.17,17.99,8.32,36.59832953682611,-36.82611996962794,top-5000 GMV,$10-20
276378,Consecrated Sphinx,Double Masters 2022,30.19,27.99,27.95,-7.28718118582313,-7.419675389201728,top-5000 GMV,$20-50
192543,Veil of Summer,Core Set 2020,3.45,5.99,2.62,73.62318840579711,-24.057971014492757,top-5000 GMV,$2-5
548636,Flare of Denial (Borderless),Modern Horizons 3,9.97,14.99,10.51,50.35105315947843,5.416248746238708,top-5000 GMV,$5-10
96362,"Sidisi, Undead Vizier",Dragons of Tarkir,8.06,9.99,5.78,23.945409429280392,-28.287841191067,top-5000 GMV,$5-10
286037,Keeper of Secrets,"Universes Beyond: Warhammer 40,000",11.92,16.99,10.31,42.53355704697985,-13.506711409395969,top-5000 GMV,$10-20
512199,"Kellan, the Fae-Blooded",Wilds of Eldraine,6.8,8.49,5.1000000000000005,24.852941176470598,-24.99999999999999,top-5000 GMV,$5-10
235501,Mizzix's Mastery,Strixhaven: Mystical Archive,10.41,13.99,9.36,34.390009606147935,-10.08645533141211,top-5000 GMV,$10-20
633139,Summon: Titan (Borderless),FINAL FANTASY,5.18,5.49,5.22,5.984555984555994,0.7722007722007729,top-5000 GMV,$5-10
273535,Bothersome Quasit,Commander Legends: Battle for Baldur's Gate,14.48,20.99,13.37,44.95856353591159,-7.665745856353599,top-5000 GMV,$10-20
236538,Witch's Clinic,Commander 2021,14.2,21.99,12.49,54.85915492957746,-12.042253521126757,top-5000 GMV,$10-20
8725,Dark Ritual,Beta Edition,210.23,279.99,95.33,33.18270465680446,-54.65442610474243,top-5000 GMV,$200+
540892,Mutational Advantage,Universes Beyond: Fallout,6.23,9.49,6.0600000000000005,52.3274478330658,-2.728731942215087,top-5000 GMV,$5-10
619670,"Teval, the Balanced Scale (Borderless)",Commander: Tarkir: Dragonstorm,5.92,12.99,6.08,119.42567567567568,2.7027027027027053,top-5000 GMV,$5-10
229291,Cavern of Souls,The List Reprints,51.75,57.99,49.91,12.057971014492756,-3.5555555555555625,top-5000 GMV,$50-100
661940,The Legend of Yangchen (Borderless),Avatar: The Last Airbender,8.21,9.99,5.21,21.680876979293533,-36.54080389768576,top-5000 GMV,$5-10
513861,Misleading Signpost,Commander: Wilds of Eldraine,14.05,19.99,12.95,42.27758007117436,-7.829181494661931,top-5000 GMV,$10-20
552314,"Kozilek, the Broken Reality",Modern Horizons 3,3.42,4.99,2.49,45.90643274853802,-27.192982456140346,top-5000 GMV,$2-5
253436,Swamp (273),Innistrad: Crimson Vow,0.97,1.49,0.5,53.608247422680414,-48.45360824742268,top-5000 GMV,$0-1
687374,Archaeomancer's Map,Commander: Secrets of Strixhaven,1.18,2.29,1.04,94.06779661016952,-11.864406779661008,top-5000 GMV,$1-2
697602,Seize the Day,Commander: Marvel Super Heroes,2.04,2.99,2.01,46.5686274509804,-1.4705882352941295,top-5000 GMV,$2-5
695490,"Boseiju, Who Shelters All",Secret Lair Drop Series,17.82,20.99,17.26,17.789001122334444,-3.142536475869802,top-5000 GMV,$10-20
518090,Lorien Revealed (Showcase Scrolls),Universes Beyond: The Lord of the Rings: Tales of Middle-earth,14.15,18.99,11.98,34.20494699646642,-15.335689045936396,top-5000 GMV,$10-20
71521,"Oloro, Ageless Ascetic",Commander 2013,20.06,22.99,16.06,14.6061814556331,-19.94017946161516,top-5000 GMV,$20-50
13891,Magewright's Stone,Dissension,8.86,13.99,6.44,57.90067720090295,-27.313769751692995,top-5000 GMV,$5-10
589392,"Vilis, Broker of Blood (Anime)",Foundations Jumpstart,8.24,14.99,8.16,81.91747572815534,-0.9708737864077678,top-5000 GMV,$5-10
478440,Phyrexian Arena,Phyrexia: All Will Be One,3.77,6.49,3.95,72.14854111405836,4.774535809018572,top-5000 GMV,$2-5
7250,Submerge,Nemesis,5.98,5.49,3.43,-8.19397993311037,-42.642140468227424,top-5000 GMV,$5-10
188119,"Krenko, Tin Street Kingpin",War of the Spark,3.07,4.49,2.42,46.2540716612378,-21.17263843648208,top-5000 GMV,$2-5
698026,Propaganda,Commander: Marvel Super Heroes,2.35,3.99,2.49,69.7872340425532,5.957446808510643,top-5000 GMV,$2-5
501900,"Nekusar, the Mindrazer",Secret Lair Drop Series,54.07,57.99,52.08,7.249861290919182,-3.680414277788056,top-5000 GMV,$50-100
493994,"Linvala, Keeper of Silence",Secret Lair Drop Series,35.15,29.99,36.25,-14.679943100995734,3.1294452347083968,top-5000 GMV,$20-50
696665,Earth's Mightiest Heroes (Borderless),Marvel Super Heroes,2.68,3.99,1.64,48.88059701492537,-38.80597014925374,top-5000 GMV,$2-5
452418,Platinum Angel,The Brothers' War: Retro Frame Artifacts,10.52,10.99,8.23,4.467680608365026,-21.76806083650189,top-5000 GMV,$10-20
97649,Underground Sea (CE),Collector's Edition,480.0,549.99,515.76,14.58125,7.449999999999998,top-5000 GMV,$200+
696538,"Nick Fury, Agent of S.H.I.E.L.D. (Borderless) (0314)",Marvel Super Heroes,2.43,2.79,1.29,14.814814814814808,-46.91358024691358,top-5000 GMV,$2-5
671027,Devoted Druid (Borderless),Special Guests,8.93,12.99,7.54,45.46472564389698,-15.56550951847704,top-5000 GMV,$5-10
5814,City of Solitude,Visions,24.0,22.99,9.86,-4.208333333333339,-58.91666666666667,top-5000 GMV,$20-50
504536,Steelshaper's Gift (Borderless),Commander Masters,8.57,12.99,7.97,51.5752625437573,-7.00116686114353,top-5000 GMV,$5-10
9506,Call of the Herd,Odyssey,23.0,24.99,18.04,8.652173913043471,-21.56521739130435,top-5000 GMV,$20-50
499947,"Witch-king, Bringer of Ruin",Universes Beyond: The Lord of the Rings: Tales of Middle-earth,13.08,11.99,11.34,-8.333333333333332,-13.302752293577983,top-5000 GMV,$10-20
632188,Dawn Warriors' Legacy - Mizzix's Mastery (Showcase),FINAL FANTASY: Through the Ages,5.29,8.99,6.0200000000000005,69.94328922495274,13.799621928166358,top-5000 GMV,$5-10
495598,"Calix, Guided by Fate",March of the Machine: The Aftermath,13.12,19.99,11.87,52.36280487804878,-9.527439024390244,top-5000 GMV,$10-20
206648,Nyx Lotus,Theros Beyond Death,5.3,6.99,4.63,31.8867924528302,-12.641509433962264,top-5000 GMV,$5-10
503440,Insurrection (Borderless),Commander Masters,13.97,21.99,13.34,57.40873299928416,-4.509663564781681,top-5000 GMV,$10-20
698200,"Bast, Panther Goddess",Commander: Marvel Super Heroes,1.76,2.99,1.64,69.88636363636364,-6.818181818181825,top-5000 GMV,$1-2
698045,Patchwork Banner,Commander: Marvel Super Heroes,2.01,3.49,1.74,73.63184079601993,-13.432835820895514,top-5000 GMV,$2-5
14137,Thrumming Stone,Coldsnap,21.98,27.99,26.43,27.343039126478608,20.245677888989988,top-5000 GMV,$20-50
544269,"Gisa, the Hellraiser",Outlaws of Thunder Junction,5.35,8.99,5.0,68.0373831775701,-6.542056074766349,top-5000 GMV,$5-10
615167,Chromatic Lantern,Commander: Aetherdrift,1.06,2.49,0.78,134.9056603773585,-26.41509433962264,top-5000 GMV,$1-2
660610,"Katara, the Fearless (Borderless)",Avatar: The Last Airbender,7.3,8.49,4.72,16.301369863013704,-35.342465753424655,top-5000 GMV,$5-10
215338,"Ugin, the Spirit Dragon",Core Set 2021,14.23,11.99,9.36,-15.7413914265636,-34.22347153900211,top-5000 GMV,$10-20
454197,Urza's Saga,The List Reprints,43.07,49.99,40.63,16.066867889482243,-5.665196192245177,top-5000 GMV,$20-50
18655,Greater Auramancy,Shadowmoor,39.39,44.99,25.94,14.21680629601422,-34.14572226453414,top-5000 GMV,$20-50
555861,Edward Kenway,Universes Beyond: Assassin's Creed,7.49,9.99,5.21,33.37783711615487,-30.440587449933247,top-5000 GMV,$5-10
478328,Bloated Contaminator,Phyrexia: All Will Be One,3.81,4.49,2.86,17.847769028871397,-24.934383202099745,top-5000 GMV,$2-5
662796,"Zuko, Firebending Master (Extended Art)",Avatar: The Last Airbender: Eternal-Legal,15.27,18.99,10.76,24.361493123772096,-29.53503601833661,top-5000 GMV,$10-20
164359,Unwind,Dominaria,1.16,1.99,1.01,71.55172413793105,-12.931034482758614,top-5000 GMV,$1-2
689084,Scheming Silvertongue (Extended Art),Secrets of Strixhaven,2.13,1.79,0.92,-15.962441314553985,-56.8075117370892,top-5000 GMV,$2-5
632741,"Lindblum, Industrial Regency",FINAL FANTASY,2.67,4.49,2.62,68.16479400749064,-1.872659176029956,top-5000 GMV,$2-5
504533,Imp's Mischief,Commander Masters,6.85,9.99,7.1000000000000005,45.83941605839417,3.6496350364963632,top-5000 GMV,$5-10
563212,Stifle (Future Sight),Mystery Booster 2,8.98,15.99,6.3500000000000005,78.06236080178172,-29.287305122494427,top-5000 GMV,$5-10
226104,Mnemonic Deluge,Commander Legends,6.5,9.99,6.71,53.69230769230769,3.23076923076923,top-5000 GMV,$5-10
552621,Strix Serenade,Modern Horizons 3,1.79,2.99,0.51,67.03910614525141,-71.50837988826815,top-5000 GMV,$1-2
687547,Swords to Plowshares,Commander: Secrets of Strixhaven,1.46,2.49,1.39,70.54794520547946,-4.79452054794521,top-5000 GMV,$1-2
698206,Panther Robot,Commander: Marvel Super Heroes,2.51,4.99,2.62,98.80478087649404,4.382470119521926,top-5000 GMV,$2-5
149174,Misdirection,Duel Decks: Merfolk vs. Goblins,11.87,17.99,10.42,51.558550968828975,-12.2156697556866,top-5000 GMV,$10-20
450541,Phyrexian Metamorph (Borderless),Secret Lair Drop Series,37.46,32.99,38.56,-11.932728243459689,2.936465563267489,top-5000 GMV,$20-50
276326,Bloom Tender (Borderless),Double Masters 2022,14.17,18.99,14.49,34.01552575864501,2.258292166549049,top-5000 GMV,$10-20
536016,Trouble in Pairs (Extended Art),Commander: Murders at Karlov Manor,26.5,34.99,25.0,32.03773584905661,-5.660377358490567,top-5000 GMV,$20-50
273711,Grim Hireling,Commander Legends: Battle for Baldur's Gate,10.96,12.99,10.96,18.52189781021897,0.0,top-5000 GMV,$10-20
215373,Peer into the Abyss,Core Set 2021,3.53,4.49,2.91,27.19546742209633,-17.563739376770528,top-5000 GMV,$2-5
642853,Great Furnace,Commander: Edge of Eternities,2.35,3.99,2.6,69.7872340425532,10.638297872340424,top-5000 GMV,$2-5
11597,Whispersilk Cloak,Darksteel,4.09,3.99,1.5,-2.444987775061116,-63.32518337408312,top-5000 GMV,$2-5
633127,To the Crystal Tower - Cryptic Command (Showcase),FINAL FANTASY: Through the Ages,5.02,9.49,3.64,89.04382470119523,-27.490039840637444,top-5000 GMV,$5-10
145438,Mindcrank,Iconic Masters,11.55,11.99,7.78,3.809523809523805,-32.64069264069264,top-5000 GMV,$10-20
11771,Engineered Explosives,Fifth Dawn,9.22,16.99,7.22,84.27331887201733,-21.691973969631245,top-5000 GMV,$5-10
674654,The Wise Mothman,Secret Lair Drop Series,9.42,11.99,8.31,27.2823779193206,-11.783439490445854,top-5000 GMV,$5-10
545144,Generous Plunderer (Showcase),Outlaws of Thunder Junction: The Big Score,40.67,74.99,41.12,84.38652569461517,1.106466683058755,top-5000 GMV,$20-50
524342,Compy Swarm (Borderless),Universes Beyond: Jurassic World Collection,10.36,9.99,9.36,-3.571428571428564,-9.652509652509652,top-5000 GMV,$10-20
565157,Goldspan Dragon,Secret Lair Drop Series,41.58,47.99,40.22,15.416065416065424,-3.270803270803269,top-5000 GMV,$20-50
519249,Nanogene Conversion,Universes Beyond: Doctor Who,9.47,12.99,9.1,37.17001055966208,-3.907074973600855,top-5000 GMV,$5-10
503394,"Azusa, Lost but Seeking (Borderless)",Commander Masters,13.65,18.99,13.55,39.1208791208791,-0.73260073260073,top-5000 GMV,$10-20
5063,Final Fortune,Mirage,20.32,18.99,13.15,-6.54527559055119,-35.28543307086614,top-5000 GMV,$20-50
283524,Relic of Legends,Dominaria United,2.8,2.29,1.37,-18.214285714285708,-51.07142857142857,top-5000 GMV,$2-5
517649,Stomping Ground (Retro Frame),Ravnica Remastered,14.23,18.99,13.38,33.45045678144763,-5.973295853829934,top-5000 GMV,$10-20
257683,Mountain (300) - JP Full Art,Kamigawa: Neon Dynasty,2.21,2.79,1.37,26.24434389140272,-38.00904977375565,top-5000 GMV,$2-5
503399,Command Tower (Borderless),Commander Masters,2.33,2.99,1.75,28.32618025751073,-24.892703862660948,top-5000 GMV,$2-5
9696,Grim Lavamancer,Torment,20.24,24.99,15.52,23.46837944664032,-23.320158102766797,top-5000 GMV,$20-50
530782,"Aurelia, Exemplar of Justice (Anime Borderless)",Ravnica Remastered,17.4,23.99,16.35,37.87356321839081,-6.034482758620674,top-5000 GMV,$10-20
545286,Seize the Spotlight,Commander: Outlaws of Thunder Junction,15.62,21.99,14.43,40.78104993597951,-7.618437900128037,top-5000 GMV,$10-20
235391,Brainstorm (JP Alternate Art),Strixhaven: Mystical Archive,28.7,24.99,23.44,-12.926829268292686,-18.327526132404177,top-5000 GMV,$20-50
498298,"Aragorn, the Uniter",Universes Beyond: The Lord of the Rings: Tales of Middle-earth,7.42,9.49,6.3500000000000005,27.897574123989223,-14.420485175202147,top-5000 GMV,$5-10
512408,Sneak Attack,Wilds of Eldraine: Enchanting Tales,11.44,14.99,10.8,31.031468531468537,-5.594405594405584,top-5000 GMV,$10-20
8718,Counterspell,Beta Edition,919.92,749.99,662.63,-18.472258457257148,-27.9687364118619,top-5000 GMV,$200+
539459,Agent Frank Horrigan,Universes Beyond: Fallout,5.48,8.49,5.61,54.92700729927007,2.3722627737226256,top-5000 GMV,$5-10
544452,Railway Brawler,Outlaws of Thunder Junction,5.6,6.99,4.16,24.821428571428584,-25.714285714285705,top-5000 GMV,$5-10
643887,Darkness (Showcase),Special Guests,10.54,15.99,10.42,51.70777988614802,-1.1385199240986643,top-5000 GMV,$10-20
212040,"Bio-Quartz Spacegodzilla - Brokkos, Apex of Forever",Ikoria: Lair of Behemoths,24.59,23.99,24.01,-2.440016266775117,-2.3586823912159343,top-5000 GMV,$20-50
229208,Darkbore Pathway,Kaldheim,6.29,9.49,6.88,50.87440381558029,9.379968203497612,top-5000 GMV,$5-10
576497,Funeral Room // Awakening Hall,Duskmourn: House of Horror,5.86,7.99,5.67,36.348122866894194,-3.2423208191126345,top-5000 GMV,$5-10
451948,Fade from History,The Brothers' War,3.59,4.49,3.33,25.069637883008365,-7.242339832869075,top-5000 GMV,$2-5
696579,"Winter Soldier, Icy Assassin (Borderless)",Marvel Super Heroes,1.08,0.99,0.15,-8.33333333333334,-86.1111111111111,top-5000 GMV,$1-2
222110,Lithoform Engine,Zendikar Rising,7.29,9.49,6.46,30.17832647462277,-11.385459533607682,top-5000 GMV,$5-10
687454,Nether Traitor,Commander: Secrets of Strixhaven,0.8,2.29,0.41,186.25,-48.75000000000001,top-5000 GMV,$0-1
688232,Naktamun Lorespinner (Extended Art),Commander: Secrets of Strixhaven,2.33,2.49,1.75,6.866952789699576,-24.892703862660948,top-5000 GMV,$2-5
267070,Bountiful Promenade (Extended Art),Commander Legends: Battle for Baldur's Gate,17.65,21.99,13.73,24.589235127478755,-22.20963172804532,top-5000 GMV,$10-20
267066,Reflecting Pool (Extended Art),Commander Legends: Battle for Baldur's Gate,16.41,21.99,16.65,34.00365630712979,1.4625228519195517,top-5000 GMV,$10-20
517872,Cabin of the Dead - Field of the Dead,Secret Lair Drop Series,80.47,74.99,78.36,-6.809991301106007,-2.622095190754318,top-5000 GMV,$50-100
677501,Swamp (2511),Secret Lair Drop Series,7.95,5.49,8.27,-30.943396226415093,4.0251572327043945,top-5000 GMV,$5-10
3222,Mountain (Arabian Nights),Arabian Nights,234.23,179.99,176.09,-23.156726294667624,-24.821756393288645,top-5000 GMV,$200+
1818,Land Tax,Fourth Edition,25.35,23.99,18.18,-5.364891518737684,-28.28402366863906,top-5000 GMV,$20-50
643621,Pinnacle Emissary,Edge of Eternities,1.27,2.49,0.15,96.06299212598428,-88.18897637795277,top-5000 GMV,$1-2
17950,Bitterblossom,Morningtide,38.43,42.99,33.59,11.86572989851679,-12.5943273484257,top-5000 GMV,$20-50
671022,Idyllic Tutor (Borderless),Special Guests,14.15,18.99,13.22,34.20494699646642,-6.572438162544167,top-5000 GMV,$10-20
519206,Deserted Beach,Universes Beyond: Doctor Who,4.4,7.49,4.16,70.22727272727272,-5.45454545454546,top-5000 GMV,$2-5
273852,Bothersome Quasit (Extended Art),Commander Legends: Battle for Baldur's Gate,13.53,19.99,13.54,47.74575018477457,0.0739098300073894,top-5000 GMV,$10-20
633395,"Noctis Lucis Caelum - Kenrith, the Returned King (Showcase)",FINAL FANTASY: Through the Ages,3.97,3.49,2.08,-12.090680100755666,-47.60705289672544,top-5000 GMV,$2-5
552274,Flare of Malice,Modern Horizons 3,1.65,3.49,1.03,111.51515151515154,-37.57575757575757,top-5000 GMV,$1-2
499821,Thought Vessel,Commander: The Lord of the Rings: Tales of Middle-earth,3.53,3.99,2.8000000000000003,13.031161473087831,-20.6798866855524,top-5000 GMV,$2-5
642982,Famished Worldsire,Edge of Eternities,2.75,4.49,2.6,63.27272727272728,-5.454545454545452,top-5000 GMV,$2-5
674670,"Joshua Graham, Burned Man - Isshin, Two Heavens as One",Secret Lair Drop Series,8.31,5.99,6.74,-27.91817087845969,-18.892900120336943,top-5000 GMV,$5-10
478982,Ichormoon Gauntlet,Phyrexia: All Will Be One,4.39,8.49,4.47,93.39407744874715,1.8223234624145803,top-5000 GMV,$2-5
687336,Changing Loyalty,Commander: Secrets of Strixhaven,0.68,0.59,0.15,-13.23529411764707,-77.94117647058823,top-5000 GMV,$0-1
643911,Lotus Field (0023) (Borderless),Edge of Eternities: Stellar Sights,9.36,10.99,8.9,17.414529914529925,-4.914529914529905,top-5000 GMV,$5-10
21676,Plains - Red Pack (Spears),APAC Lands,129.45,119.99,66.84,-7.307840865198914,-48.36616454229432,top-5000 GMV,$100-200
480523,Exotic Orchard,Secret Lair Drop Series,35.66,34.99,35.49,-1.8788558609085664,-0.4767246214245502,top-5000 GMV,$20-50
47708,Birds of Paradise,Magic 2012 (M12),12.78,17.99,10.61,40.76682316118935,-16.97965571205008,top-5000 GMV,$10-20
285848,Blood for the Blood God!,"Universes Beyond: Warhammer 40,000",10.17,13.99,9.88,37.56145526057031,-2.851524090462135,top-5000 GMV,$10-20
1344,Birds of Paradise,Revised Edition,28.81,27.99,11.65,-2.8462339465463398,-59.56265185699409,top-5000 GMV,$20-50
662429,Obscuring Haze (Showcase),Avatar: The Last Airbender: Eternal-Legal,11.18,13.99,10.54,25.13416815742397,-5.72450805008945,top-5000 GMV,$10-20
631162,Arcane Signet (0332),Commander: FINAL FANTASY,0.51,1.29,0.46,152.94117647058826,-9.803921568627448,top-5000 GMV,$0-1
646583,Miles Morales (0211) (Borderless),Marvel's Spider-Man,8.19,9.49,6.25,15.873015873015884,-23.687423687423685,top-5000 GMV,$5-10
686531,Colorstorm Stallion,Secrets of Strixhaven,0.37,0.49,0.15,32.432432432432435,-59.45945945945946,top-5000 GMV,$0-1
558389,"Jace, the Mind Sculptor (Borderless)",Commander: Bloomburrow,23.67,34.99,19.77,47.82425010561893,-16.47655259822561,top-5000 GMV,$20-50
262579,"Isshin, Two Heavens as One",Kamigawa: Neon Dynasty,3.3,4.49,3.04,36.06060606060608,-7.878787878787873,top-5000 GMV,$2-5
576531,Thornspire Verge (Borderless),Duskmourn: House of Horror,6.39,7.99,5.03,25.03912363067294,-21.283255086071986,top-5000 GMV,$5-10
5440,Volrath's Shapeshifter,Stronghold,12.0,16.99,9.89,41.58333333333332,-17.58333333333333,top-5000 GMV,$10-20
693003,Smaug the Magnificent,The Hobbit,75.46,29.99,31.23,-60.25708984892658,-58.61383514444738,top-5000 GMV,$50-100
188414,"Ilharg, the Raze-Boar",War of the Spark,8.95,11.99,7.65,33.96648044692739,-14.52513966480446,top-5000 GMV,$5-10
222095,Forsaken Monument,Zendikar Rising,6.51,8.49,5.7700000000000005,30.414746543778808,-11.367127496159744,top-5000 GMV,$5-10
589426,Bloodthirsty Conqueror (Extended Art),Foundations,43.41,54.99,36.27,26.67588113337942,-16.4478230822391,top-5000 GMV,$20-50
273868,"Zellix, Sanity Flayer (Extended Art)",Commander Legends: Battle for Baldur's Gate,31.28,47.99,27.85,53.42071611253198,-10.96547314578005,top-5000 GMV,$20-50
5095,Harbinger of Night,Mirage,30.63,21.99,12.06,-28.207639569049952,-60.62683643486778,top-5000 GMV,$20-50
58297,Cathars' Crusade,Avacyn Restored,8.55,11.99,6.9,40.23391812865496,-19.29824561403509,top-5000 GMV,$5-10
83147,Altar of Dementia,Conspiracy,20.65,24.99,16.8,21.016949152542374,-18.64406779661016,top-5000 GMV,$20-50
68444,Chalice of the Void,Modern Masters,15.97,24.99,16.53,56.48090169067,3.5065748278021323,top-5000 GMV,$10-20
688847,Berserk (JP Alternate Art),Secrets of Strixhaven: Mystical Archive,8.07,9.49,7.08,17.59603469640644,-12.267657992565058,top-5000 GMV,$5-10
575887,Expropriate (Borderless),Special Guests,20.47,20.99,17.71,2.54030288226673,-13.483146067415722,top-5000 GMV,$20-50
688662,Emeritus of Conflict (Extended Art),Secrets of Strixhaven,3.19,2.49,1.72,-21.94357366771159,-46.08150470219436,top-5000 GMV,$2-5
190994,Wrenn and Six,Modern Horizons,9.19,9.99,7.29,8.7051142546246,-20.6746463547334,top-5000 GMV,$5-10
68449,Paradise Mantle,Modern Masters,10.14,12.99,7.62,28.10650887573964,-24.85207100591716,top-5000 GMV,$10-20
578989,Ancient Cellarspawn,Commander: Duskmourn: House of Horror,7.53,8.99,4.36,19.389110225763613,-42.09827357237715,top-5000 GMV,$5-10
631622,"Rin and Seri, Inseparable (1910)",Secret Lair Drop Series,28.24,32.99,28.76,16.820113314447603,1.841359773371116,top-5000 GMV,$20-50
21644,Island - Venezia,European Lands,111.46,159.99,114.62,43.54028350977931,2.835097792930209,top-5000 GMV,$100-200
535300,Insidious Roots,Murders at Karlov Manor,1.29,2.79,0.84,116.27906976744188,-34.88372093023256,top-5000 GMV,$1-2
39414,"Elesh Norn, Grand Cenobite",New Phyrexia,22.98,24.99,20.8,8.746736292428189,-9.48651000870322,top-5000 GMV,$20-50
268317,An Offer You Can't Refuse,Streets of New Capenna,2.56,4.99,2.41,94.921875,-5.8593749999999964,top-5000 GMV,$2-5
100224,Alhammarret's Archive,Magic Origins,10.51,14.99,9.89,42.626070409134165,-5.8991436726926665,top-5000 GMV,$10-20
552584,Disruptor Flute,Modern Horizons 3,1.49,2.99,0.31,100.67114093959732,-79.19463087248322,top-5000 GMV,$1-2
505825,Exsanguinate (Borderless),Commander Masters,3.55,3.99,2.06,12.39436619718311,-41.97183098591549,top-5000 GMV,$2-5
478419,Clever Concealment,Commander: Phyrexia: All Will Be One,14.19,14.99,12.08,5.63777307963355,-14.869626497533469,top-5000 GMV,$10-20
498752,Troll of Khazad-dum,Universes Beyond: The Lord of the Rings: Tales of Middle-earth,0.75,1.79,0.4,138.66666666666669,-46.66666666666666,top-5000 GMV,$0-1
222001,Strip Mine,Zendikar Rising Expeditions,27.35,29.99,23.86,9.652650822669091,-12.76051188299818,top-5000 GMV,$20-50
235661,Wandering Archaic (Extended Art),Strixhaven: School of Mages,16.79,15.99,14.7,-4.76474091721262,-12.447885646217989,top-5000 GMV,$10-20
6036,Gemstone Mine,Weatherlight,12.52,11.99,5.21,-4.233226837060698,-58.38658146964856,top-5000 GMV,$10-20
499536,Path to Exile,Commander: The Lord of the Rings: Tales of Middle-earth,2.03,2.79,1.15,37.43842364532021,-43.34975369458128,top-5000 GMV,$2-5
689153,Brain Freeze (JP Alternate Art),Secrets of Strixhaven: Mystical Archive,4.52,4.49,4.58,-0.663716814159278,1.3274336283185952,top-5000 GMV,$2-5
680916,"Miyamoto Usagi - Baylen, the Haymaker",Secret Lair Drop Series,17.79,14.99,16.77,-15.739179314221468,-5.733558178752106,top-5000 GMV,$10-20
519758,"The Master, Multiplied",Universes Beyond: Doctor Who,6.69,8.49,4.42,26.905829596412552,-33.93124065769806,top-5000 GMV,$5-10
689152,Angel's Grace (JP Alternate Art),Secrets of Strixhaven: Mystical Archive,4.87,4.99,4.83,2.464065708418893,-0.8213552361396311,top-5000 GMV,$2-5
68353,Faerie Macabre,Modern Masters,6.19,8.99,6.4,45.23424878836833,3.3925686591276247,top-5000 GMV,$5-10
559761,"Dragonhawk, Fate's Tempest",Bloomburrow,4.4,6.99,2.3000000000000003,58.86363636363635,-47.72727272727273,top-5000 GMV,$2-5
10329,Wheel and Deal,Onslaught,17.27,20.99,11.77,21.540243196294146,-31.84713375796178,top-5000 GMV,$10-20
642824,Cloud Key,Commander: Edge of Eternities,1.98,3.49,2.14,76.26262626262627,8.080808080808088,top-5000 GMV,$1-2
630864,Aerith Gainsborough,FINAL FANTASY,2.27,2.29,1.35,0.8810572687224677,-40.52863436123348,top-5000 GMV,$2-5
14703,Damnation,Planar Chaos,21.66,32.99,19.21,52.30840258541091,-11.311172668513384,top-5000 GMV,$20-50
190650,Snow-Covered Mountain,Modern Horizons,0.96,1.49,0.52,55.208333333333336,-45.83333333333333,top-5000 GMV,$0-1
272560,Nautiloid Ship (Borderless),Commander Legends: Battle for Baldur's Gate,14.06,18.99,8.41,35.06401137980084,-40.184921763869134,top-5000 GMV,$10-20
15461,Dolmen Gate,Lorwyn,30.5,27.99,25.14,-8.229508196721316,-17.573770491803277,top-5000 GMV,$20-50
490412,Drana and Linvala (Showcase),March of the Machine,6.32,7.49,5.92,18.5126582278481,-6.329113924050639,top-5000 GMV,$5-10
279833,Mountain (Showcase),Dominaria United,1.41,3.49,0.71,147.5177304964539,-49.645390070921984,top-5000 GMV,$1-2
680776,"Splinter, Vengeful Sensei - Ink-Eyes, Servant of Oni",Secret Lair Drop Series,15.24,12.99,10.4,-14.763779527559054,-31.75853018372704,top-5000 GMV,$10-20
100098,Tainted Remedy,Magic Origins,8.1,7.99,5.21,-1.3580246913580178,-35.67901234567901,top-5000 GMV,$5-10
34698,"Emrakul, the Aeons Torn",Rise of the Eldrazi,28.16,29.99,23.47,6.49857954545454,-16.65482954545455,top-5000 GMV,$20-50
544475,Forsaken Miner,Outlaws of Thunder Junction,1.29,1.99,1.03,54.26356589147287,-20.155038759689923,top-5000 GMV,$1-2
646579,Miles Morales,Marvel's Spider-Man,5.15,4.99,3.42,-3.106796116504857,-33.59223300970874,top-5000 GMV,$5-10
448411,The Mightstone and Weakstone,The Brothers' War,4.44,6.49,3.17,46.17117117117117,-28.60360360360361,top-5000 GMV,$2-5
277162,Consecrated Sphinx (Borderless),Double Masters 2022,36.0,34.99,32.660000000000004,-2.80555555555555,-9.277777777777768,top-5000 GMV,$20-50
10355,Goblin Piledriver,Onslaught,30.88,34.99,20.7,13.30958549222799,-32.96632124352332,top-5000 GMV,$20-50
559759,"Dragonhawk, Fate's Tempest (Borderless)",Bloomburrow,9.93,12.99,7.81,30.815709969788525,-21.349446122860023,top-5000 GMV,$5-10
559503,Dour Port-Mage,Bloomburrow,2.44,4.49,1.96,84.01639344262296,-19.672131147540984,top-5000 GMV,$2-5
190796,Silent Clearing,Modern Horizons,5.87,6.99,4.67,19.08006814310051,-20.442930153321974,top-5000 GMV,$5-10
633190,Ancient Adamantoise,FINAL FANTASY,3.22,4.49,2.5,39.440993788819874,-22.36024844720497,top-5000 GMV,$2-5
687463,Thunderclap Drake,Commander: Secrets of Strixhaven,0.6,0.99,0.26,65.0,-56.66666666666666,top-5000 GMV,$0-1
559623,"Ink-Eyes, Servant of Oni (Borderless)",Commander: Bloomburrow,11.06,11.99,9.27,8.408679927667267,-16.18444846292948,top-5000 GMV,$10-20
589455,"Niv-Mizzet, Visionary (Borderless)",Foundations,13.36,16.99,11.12,27.170658682634723,-16.766467065868266,top-5000 GMV,$10-20
624537,Call the Spirit Dragons,Tarkir: Dragonstorm,2.89,3.99,2.08,38.062283737024224,-28.027681660899656,top-5000 GMV,$2-5
1412,Fastbond,Revised Edition,27.12,23.99,14.56,-11.541297935103254,-46.312684365781706,top-5000 GMV,$20-50
254575,Vampiric Tutor,The List Reprints,62.57,59.99,50.71,-4.123381812370143,-18.954770656864312,top-5000 GMV,$50-100
656572,"Dwight Schrute, Hay King - Heliod, Sun-Crowned",Secret Lair Drop Series,28.85,39.99,25.99,38.61351819757366,-9.913344887348362,top-5000 GMV,$20-50
696675,Castle Doom (Extended Art),Marvel Super Heroes,2.49,2.49,1.08,0.0,-56.62650602409639,top-5000 GMV,$2-5
221822,Riverglide Pathway,Zendikar Rising,5.93,6.49,4.16,9.443507588532892,-29.848229342327144,top-5000 GMV,$5-10
642115,Cosmogrand Zenith (Borderless),Edge of Eternities,6.66,8.99,6.93,34.98498498498498,4.054054054054047,top-5000 GMV,$5-10
81986,"Iroas, God of Victory",Journey Into Nyx,14.05,14.99,8.35,6.690391459074729,-40.5693950177936,top-5000 GMV,$10-20
3796,Angus Mackenzie,Legends,216.02,199.99,125.04,-7.420609202851589,-42.11647069715767,top-5000 GMV,$200+
609739,Balefire Dragon (Retro Frame),Innistrad Remastered,14.75,21.99,13.65,49.084745762711854,-7.457627118644066,top-5000 GMV,$10-20
512610,Virtue of Persistence,Wilds of Eldraine,6.98,9.49,5.99,35.95988538681948,-14.183381088825216,top-5000 GMV,$5-10
643661,Plaza of Heroes (0033) (Borderless),Edge of Eternities: Stellar Sights,9.89,13.99,7.81,41.45601617795753,-21.031344792719928,top-5000 GMV,$5-10
519199,Dinosaurs on a Spaceship,Universes Beyond: Doctor Who,8.71,10.99,8.51,26.176808266360496,-2.296211251435144,top-5000 GMV,$5-10
624341,Blade of Selves,Commander: Tarkir: Dragonstorm,3.12,5.49,2.94,75.96153846153845,-5.769230769230775,top-5000 GMV,$2-5
191049,Sword of Sinew and Steel,Modern Horizons,11.07,7.99,7.72,-27.822944896115622,-30.261969286359538,top-5000 GMV,$10-20
677500,Island (2510),Secret Lair Drop Series,6.89,7.99,7.17,15.965166908563145,4.063860667634256,top-5000 GMV,$5-10
218617,Hammer of Nazahn,Double Masters,15.52,14.99,14.84,-3.414948453608244,-4.381443298969071,top-5000 GMV,$10-20
699641,"Crystal, Inhuman Princess (Extended Art)",Commander: Marvel Super Heroes,14.25,11.99,14.57,-15.859649122807015,2.2456140350877214,top-5000 GMV,$10-20
83296,Reflecting Pool,Conspiracy,17.67,20.99,16.5,18.788907753254083,-6.62139219015281,top-5000 GMV,$10-20
262384,Kodama of the West Tree (Showcase),Kamigawa: Neon Dynasty,24.28,32.99,23.8,35.873146622734765,-1.97693574958814,top-5000 GMV,$20-50
107746,Daxos the Returned,Commander 2015,17.0,21.99,13.02,29.35294117647058,-23.411764705882355,top-5000 GMV,$10-20
560246,Bloodroot Apothecary (Extended Art),Commander: Bloomburrow,8.0,10.99,5.96,37.375,-25.5,top-5000 GMV,$5-10
7247,Stronghold Gambit,Nemesis,5.5,17.99,9.89,227.0909090909091,79.81818181818183,top-5000 GMV,$5-10
499873,Flame of Anor (Borderless),Universes Beyond: The Lord of the Rings: Tales of Middle-earth,4.93,6.99,3.9,41.78498985801218,-20.892494929006084,top-5000 GMV,$2-5
507086,Flayer of Loyalties (Extended Art),Commander Masters,16.25,20.99,16.55,29.16923076923076,1.8461538461538505,top-5000 GMV,$10-20
696391,"Captain America, Team Leader (Borderless)",Commander: Marvel Super Heroes,3.8,5.99,1.06,57.63157894736843,-72.10526315789474,top-5000 GMV,$2-5
4694,Fyndhorn Elves,Ice Age,2.94,4.99,1.49,69.72789115646259,-49.31972789115646,top-5000 GMV,$2-5
116436,Open the Armory,Shadows over Innistrad,2.64,4.99,2.62,89.01515151515152,-0.7575757575757582,top-5000 GMV,$2-5
236672,Alhammarret's Archive,Commander 2021,10.47,14.99,10.29,43.170964660936,-1.719197707736404,top-5000 GMV,$10-20
122918,Authority of the Consuls,Kaladesh,4.7,6.49,4.1,38.08510638297872,-12.76595744680852,top-5000 GMV,$2-5
6149,Bubbling Muck,Urza's Destiny,2.94,4.49,2.05,52.72108843537416,-30.27210884353742,top-5000 GMV,$2-5
577874,Reliquary Tower,Commander: Duskmourn: House of Horror,4.27,5.49,3.38,28.571428571428587,-20.84309133489461,top-5000 GMV,$2-5
641717,Anticausal Vestige,Edge of Eternities,1.37,1.99,0.77,45.255474452554736,-43.79562043795621,top-5000 GMV,$1-2
660720,"Bumi, Unleashed (Showcase)",Avatar: The Last Airbender,7.97,7.99,5.58,0.2509410288582241,-29.987452948557085,top-5000 GMV,$5-10
8008,Phyrexian Arena,Apocalypse,20.21,17.99,14.04,-10.984661058881754,-30.529440870856018,top-5000 GMV,$20-50
660584,"Aang, at the Crossroads (Borderless)",Avatar: The Last Airbender,6.59,6.49,5.57,-1.517450682852802,-15.477996965098628,top-5000 GMV,$5-10
513704,Mantle of the Ancients,Commander: Wilds of Eldraine,9.53,12.99,7.2,36.30640083945437,-24.44910807974816,top-5000 GMV,$5-10
631305,Hardened Scales,Commander: FINAL FANTASY,1.78,3.99,1.85,124.15730337078652,3.9325842696629247,top-5000 GMV,$1-2
6154,Carnival of Souls,Urza's Destiny,13.11,12.99,9.33,-0.9153318077803144,-28.832951945080087,top-5000 GMV,$10-20
559642,Eddymurk Crab,Bloomburrow,1.11,1.79,0.46,61.26126126126125,-58.55855855855856,top-5000 GMV,$1-2
498440,"Aragorn, the Uniter (Borderless)",Universes Beyond: The Lord of the Rings: Tales of Middle-earth,11.6,17.99,11.22,55.08620689655172,-3.2758620689655085,top-5000 GMV,$10-20
273623,Delayed Blast Fireball,Commander Legends: Battle for Baldur's Gate,15.68,18.99,14.52,21.109693877551013,-7.39795918367347,top-5000 GMV,$10-20
491280,Chivalric Alliance,Commander: March of the Machine,14.19,18.99,14.43,33.82663847780126,1.6913319238900648,top-5000 GMV,$10-20
699668,Absorbing Man and Titania (Borderless),Commander: Marvel Super Heroes,4.13,7.49,3.82,81.35593220338984,-7.506053268765135,top-5000 GMV,$2-5
552321,Endurance (Retro Frame),Modern Horizons 2,10.74,15.99,10.19,48.88268156424581,-5.121042830540044,top-5000 GMV,$10-20
540960,Lightning Greaves,Universes Beyond: Fallout,5.13,6.49,4.15,26.51072124756336,-19.103313840155938,top-5000 GMV,$5-10
697248,"Black Widow, Deadly Hunter",Commander: Marvel Super Heroes,2.25,4.99,1.93,121.7777777777778,-14.222222222222223,top-5000 GMV,$2-5
503475,The Immortal Sun,Commander Masters,13.2,17.99,11.96,36.28787878787879,-9.393939393939382,top-5000 GMV,$10-20
630988,Absolute Virtue,FINAL FANTASY,2.45,3.49,1.95,42.44897959183673,-20.408163265306133,top-5000 GMV,$2-5
518686,Timber Protector (Borderless),Commander: The Lord of the Rings: Tales of Middle-earth,32.56,29.99,34.71,-7.893120393120405,6.603194103194099,top-5000 GMV,$20-50
11097,Grave Pact,8th Edition,41.58,44.99,31.67,8.20105820105821,-23.833573833573823,top-5000 GMV,$20-50
6589,Land Grant,Mercadian Masques,3.03,4.49,2.07,48.18481848184821,-31.683168316831683,top-5000 GMV,$2-5
506729,Lightning Greaves,Commander Masters,4.62,6.49,4.25,40.47619047619048,-8.008658008658012,top-5000 GMV,$2-5
221899,Sejiri Shelter,Zendikar Rising,2.05,3.49,2.24,70.24390243902442,9.268292682926848,top-5000 GMV,$2-5
9345,Careful Study,Odyssey,4.75,3.99,1.23,-15.999999999999996,-74.10526315789474,top-5000 GMV,$2-5
651943,"Spider-Woman, Stunning Savior",Marvel's Spider-Man,1.93,2.49,0.5700000000000001,29.01554404145079,-70.46632124352331,top-5000 GMV,$1-2
686605,Pensive Professor,Secrets of Strixhaven,0.43,0.49,0.15,13.953488372093023,-65.11627906976744,top-5000 GMV,$0-1
478445,Conduit of Worlds,Phyrexia: All Will Be One,3.17,2.99,2.67,-5.678233438485796,-15.772870662460567,top-5000 GMV,$2-5
254051,Kami of the Crescent Moon,Commander: Innistrad: Crimson Vow,7.86,13.99,7.95,77.98982188295165,1.1450381679389294,top-5000 GMV,$5-10
524359,"Aclazotz, Deepest Betrayal (Showcase)",The Lost Caverns of Ixalan,9.26,13.99,9.24,51.079913606911454,-0.2159827213822848,top-5000 GMV,$5-10
686621,Colorstorm Stallion (Borderless),Secrets of Strixhaven,1.08,0.99,0.19,-8.33333333333334,-82.40740740740742,top-5000 GMV,$1-2
631749,Summon: Ixion (Borderless),Commander: FINAL FANTASY,6.47,8.99,5.21,38.94899536321484,-19.474497681607417,top-5000 GMV,$5-10
686644,Archaeomancer (Borderless),Special Guests,2.25,4.49,1.51,99.55555555555556,-32.88888888888889,top-5000 GMV,$2-5
145298,Necropotence,Iconic Masters,37.7,44.99,35.42,19.3368700265252,-6.0477453580901885,top-5000 GMV,$20-50
512543,Polluted Bonds,Wilds of Eldraine: Enchanting Tales,5.27,3.99,5.05,-24.28842504743832,-4.174573055028459,top-5000 GMV,$5-10
688213,Expansion Algorithm (Extended Art),Commander: Secrets of Strixhaven,2.44,3.49,1.66,43.03278688524592,-31.967213114754102,top-5000 GMV,$2-5
498306,"Boromir, Warden of the Tower (Showcase)",Universes Beyond: The Lord of the Rings: Tales of Middle-earth,6.54,8.49,5.61,29.816513761467892,-14.220183486238527,top-5000 GMV,$5-10
624196,"Veyran, Voice of Duality",Commander: Tarkir: Dragonstorm,1.11,3.99,0.94,259.4594594594594,-15.315315315315328,top-5000 GMV,$1-2
553123,Forsaken Monument,Commander: Modern Horizons 3,5.44,8.49,6.0,56.06617647058823,10.294117647058815,top-5000 GMV,$5-10
541266,Sword of Wealth and Power (Showcase),Outlaws of Thunder Junction: The Big Score,53.72,64.99,50.74,20.97915115413253,-5.547282204020843,top-5000 GMV,$50-100
269596,Master of Ceremonies,Commander: Streets of New Capenna,16.51,19.99,15.34,21.078134463961216,-7.086614173228356,top-5000 GMV,$10-20
552618,Harbinger of the Seas,Modern Horizons 3,1.72,1.99,0.44,15.69767441860465,-74.4186046511628,top-5000 GMV,$1-2
12009,Hall of the Bandit Lord,Champions of Kamigawa,22.14,21.99,18.95,-0.6775067750677602,-14.40831074977417,top-5000 GMV,$20-50
662763,Training Grounds (Borderless),Avatar: The Last Airbender: Eternal-Legal,8.66,12.99,7.49,50.0,-13.510392609699768,top-5000 GMV,$5-10
691920,Terror of the Peaks,Secret Lair Drop Series,19.25,24.99,18.74,29.81818181818181,-2.649350649350658,top-5000 GMV,$10-20
182965,Wilderness Reclamation,Ravnica Allegiance,3.13,4.49,2.12,43.45047923322685,-32.26837060702874,top-5000 GMV,$2-5
609777,Cathars' Crusade,Innistrad Remastered,8.66,8.99,6.9,3.8106235565819873,-20.323325635103924,top-5000 GMV,$5-10
4360,Oath of Druids,Exodus,32.19,47.99,25.85,49.08356632494566,-19.6955576265921,top-5000 GMV,$20-50
504102,Extraplanar Lens,Commander Masters,12.43,17.99,10.15,44.73049074818986,-18.342719227674976,top-5000 GMV,$10-20
273724,Mother of Runes,Commander Legends: Battle for Baldur's Gate,12.82,14.99,9.89,16.926677067082682,-22.85491419656786,top-5000 GMV,$10-20
240157,Tireless Provisioner,Modern Horizons 2,2.13,3.49,2.06,63.84976525821598,-3.2863849765258144,top-5000 GMV,$2-5
634034,"Midgar, City of Mako",FINAL FANTASY,1.94,2.99,1.3,54.123711340206206,-32.98969072164948,top-5000 GMV,$1-2
499321,"Osgiliath, Fallen Capital - Kor Haven (Borderless)",Commander: The Lord of the Rings: Tales of Middle-earth,17.71,24.99,17.45,41.10671936758892,-1.468097120271042,top-5000 GMV,$10-20
203966,Expropriate,The List Reprints,14.42,17.99,14.37,24.757281553398048,-0.3467406380027788,top-5000 GMV,$10-20
221821,Riverglide Pathway (Borderless),Zendikar Rising,4.7,6.49,4.43,38.08510638297872,-5.74468085106384,top-5000 GMV,$2-5
227296,"Nezahal, Primal Tide",Commander Legends,7.68,12.99,6.97,69.14062500000001,-9.244791666666668,top-5000 GMV,$5-10
699592,"M.O.D.O.K., Evil Intellect (Borderless)",Commander: Marvel Super Heroes,4.07,6.99,2.95,71.74447174447174,-27.51842751842752,top-5000 GMV,$2-5
221354,Rejuvenating Springs,Commander Legends,8.05,7.99,5.69,-0.7453416149068385,-29.316770186335404,top-5000 GMV,$5-10
631550,Talisman of Indulgence,Commander: FINAL FANTASY,1.89,2.79,1.71,47.61904761904763,-9.52380952380952,top-5000 GMV,$1-2
533901,Doppelgang,Murders at Karlov Manor,1.56,2.99,1.55,91.66666666666669,-0.6410256410256416,top-5000 GMV,$1-2
251754,Beast Within,Secret Lair Drop Series,24.38,23.99,22.7,-1.5996718621821189,-6.890894175553732,top-5000 GMV,$20-50
6790,Attunement,Urza's Saga,25.23,23.99,14.27,-4.914783987316694,-43.440348791121686,top-5000 GMV,$20-50
656772,Judgment of Alexander (Borderless),Commander: FINAL FANTASY,7.58,12.99,7.67,71.37203166226914,1.187335092348283,top-5000 GMV,$5-10
697554,Unstable Molecule Suit,Commander: Marvel Super Heroes,1.51,2.79,1.05,84.76821192052981,-30.4635761589404,top-5000 GMV,$1-2
512532,Nature's Will,Wilds of Eldraine: Enchanting Tales,6.42,6.99,6.34,8.8785046728972,-1.2461059190031163,top-5000 GMV,$5-10
204076,Misdirection,The List Reprints,13.79,16.99,11.72,23.20522117476432,-15.01087744742566,top-5000 GMV,$10-20
243790,Neverwinter Hydra,Commander: Adventures in the Forgotten Realms,8.12,10.99,7.86,35.34482758620691,-3.2019704433497407,top-5000 GMV,$5-10
656910,Chocobo Camp (Borderless),Commander: FINAL FANTASY,9.57,18.99,8.01,98.43260188087773,-16.30094043887148,top-5000 GMV,$5-10
514519,"Jeska, Thrice Reborn",Secret Lair Drop Series,37.61,47.99,41.46,27.5990428077639,10.236639191704338,top-5000 GMV,$20-50
448869,"Optimus Prime, Hero (Shattered Glass)",Universes Beyond: Transformers,31.06,32.99,28.1,6.21377978106891,-9.5299420476497,top-5000 GMV,$20-50
215524,Massacre Wurm (Alternate Art),Core Set 2021,8.86,11.99,8.27,35.327313769751704,-6.659142212189615,top-5000 GMV,$5-10
11643,Nemesis Mask,Darksteel,8.8,10.99,6.24,24.88636363636363,-29.090909090909093,top-5000 GMV,$5-10
524223,Growing Rites of Itlimoc (Extended Art),The Lost Caverns of Ixalan,11.49,15.99,11.59,39.1644908616188,0.8703220191470813,top-5000 GMV,$10-20
519996,Snuff Out,Universes Beyond: Doctor Who,5.93,8.99,6.13,51.60202360876899,3.3726812816188905,top-5000 GMV,$5-10
11617,Arcbound Ravager,Darksteel,19.48,22.99,13.51,18.01848049281313,-30.64681724845996,top-5000 GMV,$10-20
662045,Fire Nation Palace,Avatar: The Last Airbender,2.37,2.79,0.67,17.72151898734177,-71.72995780590718,top-5000 GMV,$2-5
525223,Diamond Pick-Axe,The Lost Caverns of Ixalan,0.97,1.49,0.78,53.608247422680414,-19.587628865979376,top-5000 GMV,$0-1
589765,"Etali, Primal Storm (Borderless)",Foundations,5.7,9.49,4.61,66.49122807017544,-19.122807017543856,top-5000 GMV,$5-10
559852,Fellwar Stone,Commander: Bloomburrow,1.04,1.49,0.78,43.26923076923077,-25.0,top-5000 GMV,$1-2
269606,Seize the Spotlight,Commander: Streets of New Capenna,16.16,20.99,14.91,29.888613861386126,-7.735148514851485,top-5000 GMV,$10-20
33260,Blade of the Bloodchief,Zendikar,6.98,9.99,5.26,43.123209169054434,-24.64183381088826,top-5000 GMV,$5-10
491264,Shalai and Hallar,Commander: March of the Machine,7.05,8.99,6.25,27.517730496453908,-11.347517730496453,top-5000 GMV,$5-10
589447,Twinflame Tyrant (Extended Art),Foundations,29.66,39.99,34.75,34.82805124747135,17.161159811193528,top-5000 GMV,$20-50
662382,Bolt Bend,Avatar: The Last Airbender: Eternal-Legal,5.57,6.49,3.54,16.51705565529623,-36.44524236983842,top-5000 GMV,$5-10
563237,Isochron Scepter (White Border),Mystery Booster 2,9.34,12.99,9.25,39.07922912205568,-0.9635974304068506,top-5000 GMV,$5-10
541278,Priest of Titania,Modern Horizons 3,0.56,1.29,0.35,130.35714285714283,-37.500000000000014,top-5000 GMV,$0-1
633982,"Gogo, Master of Mimicry",FINAL FANTASY,3.22,4.49,2.13,39.440993788819874,-33.85093167701864,top-5000 GMV,$2-5
577660,The Mindskinner,Duskmourn: House of Horror,2.7,2.49,1.81,-7.777777777777777,-32.96296296296297,top-5000 GMV,$2-5
501894,Underworld Dreams,Secret Lair Drop Series,42.85,29.99,38.19,-30.011668611435244,-10.875145857642948,top-5000 GMV,$20-50
526437,Coat of Arms (Borderless),Commander: The Lost Caverns of Ixalan,28.17,32.99,25.1,17.11040113596024,-10.898118565850195,top-5000 GMV,$20-50
689537,"Moseo, Vein's New Dean (Extended Art)",Secrets of Strixhaven,1.73,0.79,0.72,-54.33526011560693,-58.38150289017341,top-5000 GMV,$1-2
699656,"Scarlet Witch, Chaotic Avenger (Extended Art)",Commander: Marvel Super Heroes,11.72,11.99,11.13,2.3037542662116004,-5.034129692832763,top-5000 GMV,$10-20
563160,Giver of Runes (Future Sight),Mystery Booster 2,9.35,12.99,9.79,38.93048128342247,4.705882352941171,top-5000 GMV,$5-10
558421,"Beza, the Bounding Spring",Bloomburrow,4.61,5.49,3.79,19.088937093275486,-17.78741865509762,top-5000 GMV,$2-5
71034,"Nylea, God of the Hunt",Theros,11.52,12.99,8.52,12.760416666666677,-26.041666666666668,top-5000 GMV,$10-20
198390,Witch's Cottage,Throne of Eldraine,0.93,1.79,0.76,92.47311827956987,-18.27956989247312,top-5000 GMV,$0-1
656770,"Rinoa, Angel Wing (Borderless)",Commander: FINAL FANTASY,8.57,13.99,9.89,63.2438739789965,15.402567094515756,top-5000 GMV,$5-10
591760,"Lathril, Blade of the Elves (Borderless)",Foundations,5.23,8.49,5.18,62.332695984703626,-0.9560229445506828,top-5000 GMV,$5-10
478411,Tyrranax Rex,Phyrexia: All Will Be One,5.9,8.99,5.1000000000000005,52.3728813559322,-13.559322033898304,top-5000 GMV,$5-10
631021,"Kuja, Genome Sorcerer (Borderless)",FINAL FANTASY,4.42,5.99,4.32,35.520361990950235,-2.262443438914019,top-5000 GMV,$2-5
609822,Olivia Voldaren (Showcase),Innistrad Remastered,9.61,8.49,8.540000000000001,-11.654526534859514,-11.134235171696137,top-5000 GMV,$5-10
276261,Bloom Tender,Double Masters 2022,13.13,17.99,13.01,37.014470677837,-0.9139375476009216,top-5000 GMV,$10-20
240055,Dragon's Rage Channeler,Modern Horizons 2,1.5,1.79,0.77,19.333333333333336,-48.66666666666666,top-5000 GMV,$1-2
696632,The Astonishing Ant-Man,Marvel Super Heroes,0.31,0.49,0.15,58.06451612903225,-51.61290322580645,top-5000 GMV,$0-1
279831,Island (Showcase),Dominaria United,1.3,3.49,1.03,168.46153846153848,-20.76923076923077,top-5000 GMV,$1-2
559998,Tempt with Bunnies,Commander: Bloomburrow,4.49,4.49,3.48,0.0,-22.49443207126949,top-5000 GMV,$2-5
6062,Mana Web,Weatherlight,18.49,18.99,11.82,2.7041644131963225,-36.073553272038936,top-5000 GMV,$10-20
282758,"Braids, Arisen Nightmare",Dominaria United,3.8,5.99,3.12,57.63157894736843,-17.894736842105257,top-5000 GMV,$2-5
688940,Shamanic Revelation,Secrets of Strixhaven: Mystical Archive,1.57,2.49,0.97,58.59872611464969,-38.21656050955414,top-5000 GMV,$1-2
651864,Beast Within (Borderless),Marvel Universe Eternal-Legal,5.4,6.49,3.45,20.18518518518518,-36.11111111111111,top-5000 GMV,$5-10
276875,Panharmonicon (Borderless),Double Masters 2022,13.29,14.99,12.04,12.791572610985714,-9.405568096313017,top-5000 GMV,$10-20
167983,War's Toll,Battlebond,10.26,12.99,8.5,26.60818713450293,-17.15399610136452,top-5000 GMV,$10-20
283626,Silverback Elder,Dominaria United,7.5,8.49,5.65,13.200000000000005,-24.66666666666666,top-5000 GMV,$5-10
652002,Cosmic Spider-Man,Marvel's Spider-Man,3.96,2.99,1.81,-24.494949494949488,-54.292929292929294,top-5000 GMV,$2-5
229494,"Toski, Bearer of Secrets",Kaldheim,7.44,7.99,7.17,7.392473118279567,-3.629032258064522,top-5000 GMV,$5-10
555924,Battlefield Improvisation,Universes Beyond: Assassin's Creed,9.1,11.99,8.32,31.75824175824177,-8.571428571428564,top-5000 GMV,$5-10
672227,Hexing Squelcher,Promo Pack: Lorwyn Eclipsed,22.59,29.99,22.61,32.75785745905267,0.0885347498893296,top-5000 GMV,$20-50
499320,White Tower of Ecthelion - Karakas (Borderless),Commander: The Lord of the Rings: Tales of Middle-earth,15.74,23.99,15.21,52.41423125794154,-3.36721728081321,top-5000 GMV,$10-20
633983,"Gogo, Master of Mimicry (Borderless)",FINAL FANTASY,8.9,9.99,8.32,12.247191011235952,-6.51685393258427,top-5000 GMV,$5-10
2783,Vampiric Tutor,Classic Sixth Edition,67.02,69.99,57.61,4.43151298119964,-14.040584900029836,top-5000 GMV,$50-100
624623,Colossal Grave-Reaver (Extended Art),Commander: Tarkir: Dragonstorm,12.4,17.99,11.68,45.08064516129031,-5.806451612903231,top-5000 GMV,$10-20
679212,Leo's Katana - Sword of Sinew and Steel (Borderless),Teenage Mutant Ninja Turtles Source Material,3.17,2.29,2.05,-27.7602523659306,-35.33123028391167,top-5000 GMV,$2-5
557269,Screaming Nemesis (Borderless),Duskmourn: House of Horror,7.96,9.99,6.54,25.502512562814072,-17.839195979899497,top-5000 GMV,$5-10
273008,Wrathful Red Dragon,Commander Legends: Battle for Baldur's Gate,5.41,8.99,4.79,66.17375231053605,-11.460258780036972,top-5000 GMV,$5-10
687522,"Scriv, the Obligator (Borderless)",Commander: Secrets of Strixhaven,0.86,1.29,0.39,50.000000000000014,-54.65116279069767,top-5000 GMV,$0-1
624447,Conduit of Worlds,Commander: Tarkir: Dragonstorm,4.27,3.49,2.74,-18.26697892271661,-35.83138173302107,top-5000 GMV,$2-5
498466,Three Rings for the Elven-Kings - Rings of Brighthearth (Borderless),Commander: The Lord of the Rings: Tales of Middle-earth,13.73,19.99,12.7,45.59359067734886,-7.501820830298624,top-5000 GMV,$10-20
479587,"Zopandrel, Hunger Dominus (Showcase)",Phyrexia: All Will Be One,11.26,17.99,10.67,59.76909413854351,-5.239786856127885,top-5000 GMV,$10-20
686588,Molten-Core Maestro (Extended Art),Secrets of Strixhaven,0.95,0.79,0.19,-16.842105263157887,-80.0,top-5000 GMV,$0-1
191064,Weather the Storm,Modern Horizons,1.11,2.29,1.15,106.30630630630628,3.6036036036035854,top-5000 GMV,$1-2
518015,Relic of Sauron (Showcase Scrolls),Commander: The Lord of the Rings: Tales of Middle-earth,21.94,27.99,31.04,27.575205104831348,41.47675478577938,top-5000 GMV,$20-50
69253,Dark Prophecy,Magic 2014 (M14),6.5,9.99,6.07,53.69230769230769,-6.6153846153846105,top-5000 GMV,$5-10
272800,"Karlach, Fury of Avernus (Showcase)",Commander Legends: Battle for Baldur's Gate,18.27,24.99,17.82,36.78160919540229,-2.4630541871921143,top-5000 GMV,$10-20
631810,Summon: Leviathan (Borderless),FINAL FANTASY,4.75,5.99,3.61,26.105263157894743,-24.000000000000004,top-5000 GMV,$2-5
633170,"Joshua, Phoenix's Dominant",FINAL FANTASY,1.68,1.79,0.76,6.547619047619054,-54.76190476190476,top-5000 GMV,$1-2
693441,Battle Hymn,Secret Lair Drop Series,3.69,4.49,3.6,21.68021680216803,-2.439024390243899,top-5000 GMV,$2-5
475523,Forest (271) - Full Art,Phyrexia: All Will Be One,1.05,1.99,0.5700000000000001,89.52380952380952,-45.71428571428572,top-5000 GMV,$1-2
688841,Armageddon (JP Alternate Art),Secrets of Strixhaven: Mystical Archive,7.75,10.99,7.82,41.80645161290323,0.9032258064516168,top-5000 GMV,$5-10
646171,Peter Parker,Marvel's Spider-Man,3.71,3.49,2.07,-5.9299191374663005,-44.20485175202157,top-5000 GMV,$2-5
624646,Will of the Abzan,Commander: Tarkir: Dragonstorm,5.08,6.49,4.15,27.755905511811022,-18.307086614173222,top-5000 GMV,$5-10
641784,Weapons Manufacturing (Borderless),Edge of Eternities,3.07,5.99,2.08,95.114006514658,-32.24755700325732,top-5000 GMV,$2-5
660506,The Legend of Kuruk,Avatar: The Last Airbender,2.04,3.49,1.84,71.07843137254902,-9.803921568627448,top-5000 GMV,$2-5
618865,"Emet-Selch, Unsundered (Borderless)",FINAL FANTASY,8.64,8.99,7.55,4.050925925925922,-12.61574074074075,top-5000 GMV,$5-10
651854,Relentless Assault (Borderless),Marvel Universe Eternal-Legal,6.07,6.99,3.64,15.15650741350906,-40.0329489291598,top-5000 GMV,$5-10
5753,Steal Enchantment,Tempest,8.23,5.99,6.23,-27.21749696233293,-24.30133657351154,top-5000 GMV,$5-10
561011,Three Tree City,Promo Pack: Bloomburrow,25.31,37.99,29.01,50.09877518767287,14.618727775582784,top-5000 GMV,$20-50
229209,Blightstep Pathway,Kaldheim,5.67,8.49,5.73,49.73544973544974,1.058201058201067,top-5000 GMV,$5-10
478960,Phyrexian Vindicator,Phyrexia: All Will Be One,5.24,8.49,4.89,62.02290076335878,-6.679389312977109,top-5000 GMV,$5-10
671260,Sol Ring (0058),Commander: Lorwyn Eclipsed,2.17,4.49,1.87,106.9124423963134,-13.82488479262672,top-5000 GMV,$2-5
279832,Swamp (Showcase),Dominaria United,1.46,2.29,1.25,56.84931506849316,-14.383561643835616,top-5000 GMV,$1-2
240882,"Urborg, Tomb of Yawgmoth",The List Reprints,63.42,79.99,61.98,26.127404604225784,-2.2705771050141985,top-5000 GMV,$50-100
478278,"Skrelv, Defector Mite",Phyrexia: All Will Be One,3.08,4.49,3.02,45.77922077922078,-1.9480519480519496,top-5000 GMV,$2-5
671473,Sunderflock,Lorwyn Eclipsed,1.78,1.99,1.0,11.797752808988765,-43.82022471910113,top-5000 GMV,$1-2
77295,Mishra's Factory (Fall),Antiquities,208.41,229.99,77.42,10.354589511059936,-62.85207043807879,top-5000 GMV,$200+
202902,Coat of Arms,The List Reprints,17.1,20.99,15.84,22.74853801169589,-7.368421052631588,top-5000 GMV,$10-20
202957,Font of Mythos,The List Reprints,18.44,21.99,14.24,19.251626898047704,-22.7765726681128,top-5000 GMV,$10-20
651371,Path to Exile (Borderless) (0004),Marvel Universe Eternal-Legal,6.48,6.99,4.37,7.870370370370367,-32.56172839506173,top-5000 GMV,$5-10
499774,Whispersilk Cloak,Commander: The Lord of the Rings: Tales of Middle-earth,3.63,2.99,2.33,-17.63085399449035,-35.81267217630854,top-5000 GMV,$2-5
32731,Soul Warden,Magic 2010 (M10),4.03,4.49,2.44,11.414392059553348,-39.45409429280397,top-5000 GMV,$2-5
239839,Goblin Bombardment,Modern Horizons 2,2.49,3.49,2.31,40.16064257028112,-7.228915662650608,top-5000 GMV,$2-5
660705,Aang and Katara (Borderless),Avatar: The Last Airbender: Eternal-Legal,5.8,8.99,4.58,55.00000000000001,-21.034482758620687,top-5000 GMV,$5-10
5503,Counterspell,Tempest,3.39,3.99,2.39,17.69911504424779,-29.49852507374631,top-5000 GMV,$2-5
513403,Court of Ardenvale,Commander: Wilds of Eldraine,9.87,12.99,9.31,31.61094224924013,-5.673758865248215,top-5000 GMV,$5-10
180810,Desperate Ritual,Ultimate Masters,6.76,7.49,5.93,10.798816568047345,-12.27810650887574,top-5000 GMV,$5-10
39432,Suture Priest,New Phyrexia,2.6,2.79,1.4,7.307692307692306,-46.15384615384615,top-5000 GMV,$2-5
699581,"Iron Man, Futurist Paragon (Borderless)",Commander: Marvel Super Heroes,4.88,5.49,2.49,12.500000000000004,-48.97540983606557,top-5000 GMV,$2-5
11559,Sword of Kaldra,Mirrodin,21.1,21.99,10.94,4.218009478672971,-48.15165876777252,top-5000 GMV,$20-50
215368,Teferi's Ageless Insight,Core Set 2021,4.89,6.49,3.87,32.71983640081801,-20.858895705521466,top-5000 GMV,$2-5
243754,Winged Boots,Commander: Adventures in the Forgotten Realms,9.84,12.99,8.33,32.01219512195122,-15.345528455284551,top-5000 GMV,$5-10
512565,Polluted Bonds (Anime Borderless),Wilds of Eldraine: Enchanting Tales,9.1,7.49,7.890000000000001,-17.692307692307686,-13.296703296703289,top-5000 GMV,$5-10
218374,Noble Hierarch (Borderless),Double Masters,21.81,34.99,22.51,60.43099495644202,3.2095369096744744,top-5000 GMV,$20-50
533895,Proft's Eidetic Memory,Murders at Karlov Manor,1.93,4.99,2.15,158.54922279792748,11.398963730569948,top-5000 GMV,$1-2
14832,Vampiric Link,Planar Chaos,4.12,3.49,2.89,-15.291262135922326,-29.85436893203883,top-5000 GMV,$2-5
3912,In the Eye of Chaos,Legends,193.45,159.99,150.65,-17.29645903334194,-22.124579994830697,top-5000 GMV,$100-200
498480,Minas Tirith (0341) (Borderless),Universes Beyond: The Lord of the Rings: Tales of Middle-earth,7.55,9.49,6.25,25.6953642384106,-17.218543046357617,top-5000 GMV,$5-10
36397,"Ezuri, Renegade Leader",Scars of Mirrodin,13.84,16.99,9.94,22.76011560693641,-28.179190751445088,top-5000 GMV,$10-20
631060,"G'raha Tia, Scion Reborn (Borderless)",Commander: FINAL FANTASY,13.88,15.99,11.46,15.201729106628235,-17.43515850144092,top-5000 GMV,$10-20
263926,"Boseiju, Who Endures",Promo Pack: Kamigawa: Neon Dynasty,60.18,74.99,62.690000000000005,24.609504818876697,4.170820870721179,top-5000 GMV,$50-100
559890,Greater Good,Commander: Bloomburrow,4.52,3.49,2.0,-22.78761061946901,-55.75221238938053,top-5000 GMV,$2-5
457117,No Mercy (Retro Frame),Dominaria Remastered,18.1,22.99,17.19,27.01657458563534,-5.027624309392265,top-5000 GMV,$10-20
658471,Battle of Olympus - World at War,Secret Lair Drop Series,10.62,13.99,13.32,31.732580037664796,25.42372881355933,top-5000 GMV,$10-20
650783,Get Lost,Unique and Miscellaneous Promos,29.39,22.99,26.6,-21.77611432460021,-9.493024838380398,top-5000 GMV,$20-50
235125,Professor Onyx (Borderless),Strixhaven: School of Mages,11.95,14.99,9.37,25.439330543933064,-21.589958158995817,top-5000 GMV,$10-20
3801,Avoid Fate,Legends,17.25,14.99,7.29,-13.101449275362317,-57.739130434782616,top-5000 GMV,$10-20
680918,Master of Ceremonies,Secret Lair Drop Series,18.01,20.99,20.62,16.54636313159354,14.49194891726818,top-5000 GMV,$10-20
15687,"Wort, Boggart Auntie",Lorwyn,29.14,32.99,16.47,13.212079615648598,-43.47975291695265,top-5000 GMV,$20-50
658473,The Blades of Chaos Bond - Rite of Flame,Secret Lair Drop Series,7.47,8.49,6.66,13.654618473895589,-10.843373493975898,top-5000 GMV,$5-10
218589,Wooded Bastion,Double Masters,16.64,18.99,15.37,14.12259615384614,-7.632211538461546,top-5000 GMV,$10-20
457270,Elvish Spirit Guide,Dominaria Remastered,3.02,2.99,2.33,-0.993377483443702,-22.84768211920529,top-5000 GMV,$2-5
507208,Counterspell (Borderless),Commander Masters,2.47,4.49,2.29,81.78137651821862,-7.287449392712557,top-5000 GMV,$2-5
589324,"Arahbo, the First Fang",Foundations,0.82,1.99,0.15,142.6829268292683,-81.70731707317073,top-5000 GMV,$0-1
226654,Jeska's Will (Extended Art),Commander Legends,51.57,49.99,52.8,-3.0637967810742643,2.385107620709709,top-5000 GMV,$50-100
560661,'Tis But a Scratch! - Dismember,Secret Lair Drop Series,43.83,32.99,43.76,-24.731918777093306,-0.1597079625827065,top-5000 GMV,$20-50
490621,Tribute to the World Tree (Extended Art),March of the Machine,13.68,22.99,13.93,68.05555555555554,1.827485380116959,top-5000 GMV,$10-20
199388,Castle Locthwain,Throne of Eldraine,4.15,4.49,2.59,8.192771084337345,-37.590361445783145,top-5000 GMV,$2-5
453207,Loran's Escape,The Brothers' War,2.18,3.49,2.34,60.09174311926605,7.339449541284389,top-5000 GMV,$2-5
198745,Wishclaw Talisman,Throne of Eldraine,5.9,3.49,2.59,-40.84745762711864,-56.10169491525424,top-5000 GMV,$5-10
118603,Winter Orb,Eternal Masters,16.25,17.99,11.03,10.707692307692298,-32.12307692307693,top-5000 GMV,$10-20
503378,"Kozilek, the Great Distortion",Commander Masters,5.71,6.99,4.63,22.4168126094571,-18.914185639229423,top-5000 GMV,$5-10
518220,Warg Rider (Extended Art),Universes Beyond: The Lord of the Rings: Tales of Middle-earth,17.42,21.99,19.95,26.23421354764636,14.523536165327194,top-5000 GMV,$10-20
218935,Thoughtseize (Borderless),Double Masters,19.86,29.99,22.05,51.00704934541792,11.02719033232629,top-5000 GMV,$10-20
273355,Traverse the Outlands,Commander Legends: Battle for Baldur's Gate,4.91,8.99,5.05,83.09572301425662,2.851323828920564,top-5000 GMV,$2-5
544425,Archangel of Tithes,Outlaws of Thunder Junction,4.66,7.99,4.16,71.45922746781116,-10.72961373390558,top-5000 GMV,$2-5
643505,Mightform Harmonizer (Borderless),Edge of Eternities,3.47,4.99,3.11,43.80403458213256,-10.374639769452456,top-5000 GMV,$2-5
203020,Bloom Tender,The List Reprints,13.06,17.99,12.78,37.74885145482387,-2.143950995405828,top-5000 GMV,$10-20
484569,Jin-Gitaxias (Showcase),March of the Machine,13.6,16.99,13.87,24.926470588235286,1.9852941176470555,top-5000 GMV,$10-20
641790,Frenzied Baloth,Edge of Eternities,1.27,2.49,1.0,96.06299212598428,-21.25984251968504,top-5000 GMV,$1-2
243740,Reckless Endeavor,Commander: Adventures in the Forgotten Realms,10.27,14.99,8.950000000000001,45.959104186952295,-12.852969814995118,top-5000 GMV,$10-20
630938,Tifa Lockhart (Extended Art),FINAL FANTASY,7.36,7.99,4.68,8.55978260869565,-36.41304347826088,top-5000 GMV,$5-10
5951,Undiscovered Paradise,Visions,36.67,24.99,19.8,-31.85164985001364,-46.00490864466867,top-5000 GMV,$20-50
493989,Grand Abolisher,Secret Lair Drop Series,30.38,29.99,28.93,-1.283739302172484,-4.772876892692559,top-5000 GMV,$20-50
552579,Bridgeworks Battle,Modern Horizons 3,0.94,1.99,0.89,111.70212765957449,-5.319148936170206,top-5000 GMV,$0-1
696272,Kang the Conqueror,Marvel Super Heroes,0.51,0.99,0.15,94.11764705882352,-70.58823529411764,top-5000 GMV,$0-1
700294,Fury of the Horde (Borderless),Marvel Universe Eternal-Legal,2.09,3.49,2.18,66.98564593301437,4.306220095693795,top-5000 GMV,$2-5
540939,Rampaging Yao Guai,Universes Beyond: Fallout,6.14,7.49,6.140000000000001,21.986970684039097,1.4465446574920607e-14,top-5000 GMV,$5-10
697394,"Shang-Chi, Martial Mentor",Commander: Marvel Super Heroes,2.12,2.79,1.81,31.603773584905653,-14.622641509433963,top-5000 GMV,$2-5
251787,Rise of the Dark Realms,Secret Lair Drop Series,26.98,27.99,25.51,3.743513713862113,-5.448480355819121,top-5000 GMV,$20-50
563072,Bolas's Citadel (White Border),Mystery Booster 2,10.26,10.99,10.88,7.115009746588698,6.042884990253421,top-5000 GMV,$10-20
14877,Dryad Arbor,Future Sight,4.93,5.49,4.11,11.359026369168369,-16.63286004056794,top-5000 GMV,$2-5
512642,Not Dead After All,Wilds of Eldraine,1.45,2.49,1.0,71.7241379310345,-31.034482758620683,top-5000 GMV,$1-2
166660,Bountiful Promenade,Battlebond,16.04,17.99,12.45,12.157107231920197,-22.381546134663346,top-5000 GMV,$10-20
9331,Tireless Tribe,Odyssey,2.26,3.49,1.85,54.42477876106197,-18.14159292035397,top-5000 GMV,$2-5
265373,Jetmir's Garden (Showcase),Streets of New Capenna,16.19,21.99,16.67,35.824583075972804,2.964793082149477,top-5000 GMV,$10-20
39445,"Sheoldred, Whispering One",New Phyrexia,24.38,29.99,20.4,23.01066447908121,-16.32485643970468,top-5000 GMV,$20-50
642444,"Dawnsire, Sunstar Dreadnought (Extended Art)",Edge of Eternities,13.19,14.99,9.37,13.646702047005313,-28.96133434420016,top-5000 GMV,$10-20
115904,Diregraf Colossus,Shadows over Innistrad,6.71,7.49,3.78,11.62444113263786,-43.666169895678095,top-5000 GMV,$5-10
552939,Sol Ring,Commander: Modern Horizons 3,1.8,2.79,1.4,54.99999999999999,-22.22222222222223,top-5000 GMV,$1-2
13259,Dizzy Spell,Ravnica: City of Guilds,2.59,2.29,1.12,-11.583011583011576,-56.75675675675676,top-5000 GMV,$2-5
631132,Hellkite Tyrant,Commander: FINAL FANTASY,1.89,2.99,1.35,58.20105820105822,-28.57142857142857,top-5000 GMV,$1-2
588019,Inventors' Fair,Secret Lair Drop Series,20.57,21.99,21.29,6.903257170636841,3.5002430724355804,top-5000 GMV,$20-50
192617,Elvish Reclaimer,Core Set 2020,6.23,6.49,4.16,4.173354735152484,-33.22632423756019,top-5000 GMV,$5-10
559644,"Eluge, the Shoreless Sea",Bloomburrow,4.61,6.99,4.16,51.626898047722335,-9.76138828633406,top-5000 GMV,$2-5
544727,Commandeer,Outlaws of Thunder Junction: Breaking News,2.47,4.49,2.21,81.78137651821862,-10.526315789473694,top-5000 GMV,$2-5
243752,Mantle of the Ancients,Commander: Adventures in the Forgotten Realms,8.92,12.99,8.15,45.62780269058296,-8.63228699551569,top-5000 GMV,$5-10
687399,Brazen Borrower,Commander: Secrets of Strixhaven,0.4,0.99,0.15,147.5,-62.5,top-5000 GMV,$0-1
28538,Font of Mythos,Conflux,15.24,27.99,14.84,83.66141732283464,-2.624671916010501,top-5000 GMV,$10-20
530804,Divine Visitation (Anime Borderless),Ravnica Remastered,17.56,23.99,16.93,36.617312072892936,-3.587699316628696,top-5000 GMV,$10-20
9210,Sol Ring,Unlimited Edition,122.5,139.99,45.58,14.277551020408172,-62.79183673469389,top-5000 GMV,$100-200
216189,Vedalken Archmage,Jumpstart,14.39,16.99,12.76,18.06810284920082,-11.327310632383606,top-5000 GMV,$10-20
696655,"Ironheart, Clever Champion",Marvel Super Heroes,0.36,0.49,0.15,36.11111111111112,-58.333333333333336,top-5000 GMV,$0-1
214833,"Atraxa, Praetors' Voice",Double Masters,32.62,29.99,29.16,-8.062538320049047,-10.606989576946653,top-5000 GMV,$20-50
535641,Smuggler's Share,Commander: Murders at Karlov Manor,9.61,14.99,8.33,55.983350676378784,-13.319458896982304,top-5000 GMV,$5-10
3240,Shahrazad,Arabian Nights,456.74,649.99,374.18,42.31072382537111,-18.075929412795023,top-5000 GMV,$200+
552284,Thraben Charm,Modern Horizons 3,0.33,0.59,0.15,78.78787878787877,-54.54545454545456,top-5000 GMV,$0-1
239819,Mirari's Wake,Modern Horizons 2,6.67,8.49,5.67,27.28635682158921,-14.992503748125936,top-5000 GMV,$5-10
512369,Blood Moon,Wilds of Eldraine: Enchanting Tales,9.47,13.99,8.46,47.72967265047517,-10.665258711721222,top-5000 GMV,$5-10
504159,"Ulamog, the Ceaseless Hunger (Borderless)",Commander Masters,22.24,24.99,20.73,12.365107913669066,-6.789568345323732,top-5000 GMV,$20-50
499323,"Bucklebury Ferry - Oboro, Palace in the Clouds (Borderless)",Commander: The Lord of the Rings: Tales of Middle-earth,16.65,27.99,16.48,68.10810810810811,-1.02102102102101,top-5000 GMV,$10-20
499314,Ring of Barahir - Sword of the Animist (Borderless),Commander: The Lord of the Rings: Tales of Middle-earth,15.93,20.99,13.52,31.76396735718769,-15.128688010043945,top-5000 GMV,$10-20
498326,Gandalf the White (Showcase),Universes Beyond: The Lord of the Rings: Tales of Middle-earth,11.79,12.99,11.35,10.178117048346063,-3.731976251060217,top-5000 GMV,$10-20
503403,Fellwar Stone (Borderless),Commander Masters,3.92,5.49,3.3000000000000003,40.05102040816328,-15.816326530612235,top-5000 GMV,$2-5
83250,Stifle,Conspiracy,13.79,14.99,11.83,8.70195794053663,-14.213197969543142,top-5000 GMV,$10-20
671501,Collective Inferno,Lorwyn Eclipsed,1.51,2.49,0.78,64.90066225165563,-48.34437086092715,top-5000 GMV,$1-2
638899,"Sothera, the Supervoid",Edge of Eternities,1.85,2.49,1.28,34.594594594594604,-30.81081081081081,top-5000 GMV,$1-2
490388,Elesh Norn,March of the Machine,7.29,9.49,4.16,30.17832647462277,-42.93552812071331,top-5000 GMV,$5-10
14954,Pact of Negation,Future Sight,20.8,29.99,19.79,44.18269230769229,-4.855769230769238,top-5000 GMV,$20-50
98507,"Ulamog, the Infinite Gyre",Modern Masters 2015,34.8,44.99,34.29,29.281609195402314,-1.4655172413793047,top-5000 GMV,$20-50
192222,"Chandra, Awakened Inferno",Core Set 2020,9.58,14.99,7.74,56.471816283924845,-19.206680584551147,top-5000 GMV,$5-10
1849,Mishra's Factory,Fourth Edition,9.29,11.99,4.15,29.06350914962326,-55.328310010764255,top-5000 GMV,$5-10
687398,Pest Rescuer,Commander: Secrets of Strixhaven,0.84,1.29,0.64,53.57142857142858,-23.809523809523807,top-5000 GMV,$0-1
687699,Mystic Sanctuary,Commander: Secrets of Strixhaven,1.01,2.79,1.02,176.23762376237624,0.990099009900991,top-5000 GMV,$1-2
505837,Undergrowth Stadium (Borderless),Commander Masters,12.03,12.99,11.31,7.980049875311729,-5.985037406483781,top-5000 GMV,$10-20
615077,Drowned Catacomb,Commander: Aetherdrift,2.09,2.79,1.53,33.492822966507184,-26.794258373205736,top-5000 GMV,$2-5
32575,Coat of Arms,Magic 2010 (M10),18.85,22.99,13.95,21.9628647214854,-25.99469496021221,top-5000 GMV,$10-20
591796,"Zimone, Paradox Sculptor",Foundations,3.11,5.99,2.84,92.60450160771704,-8.681672025723474,top-5000 GMV,$2-5
283469,Leaf-Crowned Visionary,Dominaria United,4.81,5.99,4.15,24.532224532224543,-13.721413721413708,top-5000 GMV,$2-5
575044,Dollmaker's Shop // Porcelain Gallery,Duskmourn: House of Horror,4.59,7.49,4.16,63.18082788671025,-9.368191721132892,top-5000 GMV,$2-5
631024,"Squall, SeeD Mercenary (Borderless)",FINAL FANTASY,4.26,3.99,3.64,-6.338028169014074,-14.553990610328633,top-5000 GMV,$2-5
662625,Torment of Hailfire (2287),Secret Lair Drop Series,43.92,49.99,45.3,13.820582877959929,3.14207650273223,top-5000 GMV,$20-50
205237,Bitterblossom,Secret Lair Drop Series,41.51,42.99,38.06,3.565405926282833,-8.311250301132247,top-5000 GMV,$20-50
590623,Pitiless Plunderer,Foundations Jumpstart,4.49,5.99,3.79,33.4075723830735,-15.590200445434302,top-5000 GMV,$2-5
3844,Divine Intervention,Legends,151.35,159.99,98.03,5.708622398414281,-35.22960026428807,top-5000 GMV,$100-200
4527,Merchant Scroll,Homelands,6.4,7.99,3.27,24.84375,-48.90625,top-5000 GMV,$5-10
525779,Sol Ring,Commander: The Lost Caverns of Ixalan,1.6,2.99,1.51,86.875,-5.625000000000005,top-5000 GMV,$1-2
512516,Beseech the Mirror (Extended Art),Wilds of Eldraine,35.51,32.99,27.45,-7.096592509152341,-22.697831596733312,top-5000 GMV,$20-50
618888,"Yuffie Kisaragi - Yuriko, the Tiger's Shadow (Showcase)",FINAL FANTASY: Through the Ages,3.53,2.99,2.18,-15.297450424929169,-38.24362606232294,top-5000 GMV,$2-5
660545,The Last Agni Kai,Avatar: The Last Airbender,2.76,3.99,1.28,44.565217391304365,-53.62318840579709,top-5000 GMV,$2-5
577689,Hedge Shredder,Duskmourn: House of Horror,3.09,3.99,1.95,29.126213592233025,-36.89320388349515,top-5000 GMV,$2-5
11816,Paradise Mantle,Fifth Dawn,11.81,12.99,7.83,9.991532599491954,-33.700254022015244,top-5000 GMV,$10-20
686691,Anguished Unmaking,Commander: Secrets of Strixhaven,1.35,2.79,1.03,106.66666666666669,-23.703703703703702,top-5000 GMV,$1-2
648741,"Toph, the First Metalbender (Showcase)",Avatar: The Last Airbender,3.83,3.49,1.55,-8.877284595300257,-59.53002610966058,top-5000 GMV,$2-5
273203,Ancient Bronze Dragon (Borderless),Commander Legends: Battle for Baldur's Gate,28.48,24.99,23.96,-12.254213483146074,-15.87078651685393,top-5000 GMV,$20-50
524255,Arcane Signet (Borderless),Commander: The Lost Caverns of Ixalan,16.14,19.99,10.59,23.8537794299876,-34.38661710037175,top-5000 GMV,$10-20
162234,"Marwyn, the Nurturer",Dominaria,4.98,6.49,3.09,30.32128514056224,-37.95180722891567,top-5000 GMV,$2-5
243737,Grim Hireling,Commander: Adventures in the Forgotten Realms,11.51,13.99,10.82,21.546481320590797,-5.994787141615983,top-5000 GMV,$10-20
624180,Curse of Opulence,Commander: Tarkir: Dragonstorm,3.1,5.49,2.6,77.09677419354838,-16.129032258064516,top-5000 GMV,$2-5
634001,"Gilgamesh, Weapon Collector - Godo, Bandit Warlord (Showcase)",FINAL FANTASY: Through the Ages,3.11,4.99,2.04,60.4501607717042,-34.40514469453376,top-5000 GMV,$2-5
6300,Defense Grid,Urza's Legacy,16.47,14.99,11.44,-8.986035215543405,-30.54037644201578,top-5000 GMV,$10-20
196454,Apex Altisaur,Commander 2019,8.57,11.99,7.79,39.90665110851808,-9.101516919486585,top-5000 GMV,$5-10
559643,"Eluge, the Shoreless Sea (Borderless)",Bloomburrow,7.92,12.99,7.29,64.01515151515152,-7.954545454545453,top-5000 GMV,$5-10
5339,Ensnaring Bridge,Stronghold,14.14,18.99,11.25,34.29985855728429,-20.438472418670443,top-5000 GMV,$10-20
100419,Sword of the Animist,Magic Origins,7.37,8.49,5.89,15.19674355495251,-20.08141112618725,top-5000 GMV,$5-10
235165,Counterspell (JP Alternate Art),Strixhaven: Mystical Archive,29.81,34.99,25.71,17.376719221737684,-13.753773901375371,top-5000 GMV,$20-50
652264,Saw in Half (Borderless),Marvel Universe Eternal-Legal,5.1,7.49,2.6,46.862745098039234,-49.01960784313725,top-5000 GMV,$5-10
558437,Valley Rotcaller,Bloomburrow,3.54,3.99,0.78,12.711864406779666,-77.96610169491525,top-5000 GMV,$2-5
632742,"Lindblum, Industrial Regency (Borderless)",FINAL FANTASY,5.15,5.99,4.2700000000000005,16.31067961165048,-17.087378640776695,top-5000 GMV,$5-10
591207,Leyline Axe,Foundations,2.47,4.99,1.3,102.0242914979757,-47.36842105263158,top-5000 GMV,$2-5
668483,Harbinger of the Seas (Borderless),Marvel Universe Eternal-Legal,3.05,3.49,0.78,14.426229508196736,-74.42622950819671,top-5000 GMV,$2-5
589331,Darksteel Colossus,Foundations,1.01,1.29,0.5700000000000001,27.72277227722773,-43.56435643564356,top-5000 GMV,$1-2
686547,Eiganjo Dynastorian (Extended Art),Commander: Secrets of Strixhaven,2.08,1.49,1.12,-28.36538461538462,-46.15384615384615,top-5000 GMV,$2-5
94113,Grave Sifter,Commander 2014,11.73,14.99,9.59,27.791986359761296,-18.24381926683717,top-5000 GMV,$10-20
6515,Dust Bowl,Mercadian Masques,36.1,29.99,24.33,-16.925207756232695,-32.6038781163435,top-5000 GMV,$20-50
484941,Capture of Jingzhou,Commander Masters,10.5,12.99,7.390000000000001,23.714285714285715,-29.619047619047613,top-5000 GMV,$10-20
697425,Avengers Monitoring Station - Herald's Horn,Commander: Marvel Super Heroes,1.96,3.99,2.05,103.57142857142858,4.59183673469387,top-5000 GMV,$1-2
14281,Living End,Time Spiral,6.23,5.49,3.95,-11.878009630818624,-36.597110754414125,top-5000 GMV,$5-10
679123,"Raphael, Ninja Destroyer (Borderless)",Teenage Mutant Ninja Turtles,5.4,3.49,4.47,-35.37037037037037,-17.222222222222232,top-5000 GMV,$5-10
657790,Forest (0257),Teenage Mutant Ninja Turtles,0.6,1.29,0.35,115.0,-41.66666666666667,top-5000 GMV,$0-1
648738,"Toph, the First Metalbender",Avatar: The Last Airbender,1.55,0.99,0.46,-36.12903225806452,-70.3225806451613,top-5000 GMV,$1-2
12165,"Shinka, the Bloodsoaked Keep",Champions of Kamigawa,18.63,22.99,13.74,23.40311325818572,-26.24798711755233,top-5000 GMV,$10-20
671233,Kodama's Reach,Commander: Lorwyn Eclipsed,1.45,2.99,1.49,106.20689655172416,2.758620689655175,top-5000 GMV,$1-2
624156,Narset's Reversal,Commander: Tarkir: Dragonstorm,2.57,3.99,2.28,55.25291828793776,-11.284046692607005,top-5000 GMV,$2-5
229233,"Magda, Brazen Outlaw (Showcase)",Kaldheim,4.01,5.49,4.15,36.90773067331672,3.491271820448892,top-5000 GMV,$2-5
696437,Warleader's Call (Borderless),Marvel Universe Eternal-Legal,3.4,6.99,3.1,105.58823529411764,-8.823529411764701,top-5000 GMV,$2-5
188415,"Nissa, Who Shakes the World",War of the Spark,4.5,4.99,3.11,10.888888888888896,-30.888888888888893,top-5000 GMV,$2-5
694972,Talk to the Paw - Orim's Chant,Secret Lair Drop Series,9.59,10.99,9.32,14.598540145985409,-2.8154327424400374,top-5000 GMV,$5-10
4907,Sulfurous Springs,Ice Age,19.02,18.99,9.34,-0.1577287066246116,-50.893796004206095,top-5000 GMV,$10-20
582844,Sedgemoor Witch,The List Reprints,7.08,8.99,5.69,26.977401129943505,-19.632768361581917,top-5000 GMV,$5-10
623905,Mountain (0275),Tarkir: Dragonstorm,2.22,5.49,1.02,147.2972972972973,-54.054054054054056,top-5000 GMV,$2-5
14986,Sliver Legion,Future Sight,47.98,42.99,33.92,-10.400166736140047,-29.303876615256343,top-5000 GMV,$20-50
218934,Thoughtseize,Double Masters,8.84,10.99,7.5,24.3212669683258,-15.15837104072398,top-5000 GMV,$5-10
3165,Ali from Cairo,Arabian Nights,400.0,379.99,296.97,-5.002499999999998,-25.757499999999997,top-5000 GMV,$200+
118433,Vampiric Tutor,Eternal Masters,65.35,59.99,59.620000000000005,-8.201989288446814,-8.768171384850788,top-5000 GMV,$50-100
491841,"Aurelia, the Warleader",March of the Machine: Multiverse Legends,12.36,12.99,10.36,5.097087378640784,-16.181229773462785,top-5000 GMV,$10-20
552895,"Ashling, Flame Dancer (Borderless)",Modern Horizons 3,11.25,17.99,12.08,59.91111111111109,7.377777777777779,top-5000 GMV,$10-20
512561,Blood Moon (Anime Borderless),Wilds of Eldraine: Enchanting Tales,15.21,16.99,14.58,11.702827087442454,-4.142011834319532,top-5000 GMV,$10-20
6992,Rain of Filth,Urza's Saga,9.15,10.99,6.19,20.109289617486336,-32.349726775956285,top-5000 GMV,$5-10
27066,"Ashling, the Extinguisher",Eventide,30.75,23.99,16.29,-21.983739837398375,-47.024390243902445,top-5000 GMV,$20-50
512601,Virtue of Loyalty,Wilds of Eldraine,6.75,8.99,4.88,33.18518518518519,-27.703703703703702,top-5000 GMV,$5-10
33293,Eternity Vessel,Zendikar,16.04,14.99,12.28,-6.546134663341639,-23.44139650872818,top-5000 GMV,$10-20
490344,Kami of Whispered Hopes,Promo Pack: March of the Machine,10.2,5.99,5.09,-41.27450980392156,-50.09803921568627,top-5000 GMV,$10-20
631661,"Beatrix, Loyal General (Extended Art)",FINAL FANTASY,6.76,6.49,4.5200000000000005,-3.99408284023668,-33.136094674556205,top-5000 GMV,$5-10
253811,"Umbris, Fear Manifest",Commander: Innistrad: Crimson Vow,11.92,16.99,8.97,42.53355704697985,-24.748322147651,top-5000 GMV,$10-20
696574,"Storm, Windrider",Marvel Super Heroes,0.45,0.49,0.15,8.888888888888884,-66.66666666666667,top-5000 GMV,$0-1
499538,Swords to Plowshares,Commander: The Lord of the Rings: Tales of Middle-earth,1.78,2.49,1.46,39.88764044943821,-17.97752808988764,top-5000 GMV,$1-2
619700,Island (0032),Secret Lair Showdown,43.25,44.99,39.57,4.023121387283242,-8.508670520231213,top-5000 GMV,$20-50
2077,City of Brass,Fifth Edition,25.13,23.99,14.71,-4.5364106645443725,-41.46438519697572,top-5000 GMV,$20-50
643600,Knuckles's Gloves - The Reaver Cleaver,Secret Lair Drop Series,16.14,21.99,17.06,36.24535315985128,5.700123915737287,top-5000 GMV,$10-20
525781,Vanquisher's Banner,Commander: The Lost Caverns of Ixalan,4.92,7.49,3.9,52.23577235772359,-20.731707317073173,top-5000 GMV,$2-5
239716,Drossforge Bridge,Modern Horizons 2,0.91,2.29,0.77,151.64835164835165,-15.384615384615383,top-5000 GMV,$0-1
10226,Filth,Judgment,6.96,8.49,5.5200000000000005,21.982758620689665,-20.689655172413783,top-5000 GMV,$5-10
145357,"Avacyn, Angel of Hope",Iconic Masters,38.57,49.99,34.17,29.608504018667364,-11.40782991962665,top-5000 GMV,$20-50
98597,Bitterblossom,Modern Masters 2015,34.16,39.99,31.0,17.066744730679172,-9.250585480093669,top-5000 GMV,$20-50
591815,Rite of the Dragoncaller,Foundations,4.2,4.99,2.84,18.80952380952381,-32.38095238095239,top-5000 GMV,$2-5
697257,"Green Goblin, Back for More",Commander: Marvel Super Heroes,1.5,2.99,0.72,99.33333333333336,-52.0,top-5000 GMV,$1-2
671769,Twilight Diviner (Showcase),Lorwyn Eclipsed,2.89,3.99,2.01,38.062283737024224,-30.44982698961939,top-5000 GMV,$2-5
3507,Elves of Deep Shadow,The Dark,21.23,27.99,12.13,31.84173339613753,-42.86387187941592,top-5000 GMV,$20-50
475525,Mountain (270) - Full Art,Phyrexia: All Will Be One,0.86,2.29,0.66,166.27906976744188,-23.255813953488367,top-5000 GMV,$0-1
235118,Storm-Kiln Artist,Strixhaven: School of Mages,2.43,2.29,1.55,-5.761316872427988,-36.21399176954733,top-5000 GMV,$2-5
4696,Game of Chaos,Ice Age,12.54,14.99,9.34,19.53748006379586,-25.51834130781499,top-5000 GMV,$10-20
614491,Full Throttle (Extended Art),Aetherdrift,6.51,6.99,5.63,7.373271889400929,-13.517665130568354,top-5000 GMV,$5-10
686546,Withering Curse (Extended Art),Secrets of Strixhaven,2.91,1.99,1.56,-31.61512027491409,-46.39175257731959,top-5000 GMV,$2-5
662548,Ba Sing Se (Extended Art),Avatar: The Last Airbender,7.71,9.99,5.47,29.57198443579767,-29.05317769130999,top-5000 GMV,$5-10
478443,Venerated Rotpriest,Phyrexia: All Will Be One,2.97,4.99,2.59,68.01346801346801,-12.794612794612808,top-5000 GMV,$2-5
641996,Nature's Lore,Commander: Edge of Eternities,3.22,3.99,2.58,23.913043478260867,-19.87577639751553,top-5000 GMV,$2-5
518129,Palantir of Orthanc (Showcase Scrolls),Universes Beyond: The Lord of the Rings: Tales of Middle-earth,49.02,64.99,50.52,32.578539371685004,3.0599755201958385,top-5000 GMV,$20-50
631032,"Kefka, Court Mage (Extended Art)",FINAL FANTASY,13.01,19.99,11.32,53.651037663335885,-12.990007686395078,top-5000 GMV,$10-20
530865,Rhythm of the Wild,Ravnica Remastered,5.12,6.99,4.16,36.5234375,-18.75,top-5000 GMV,$5-10
9248,Volcanic Island,Unlimited Edition,1299.25,2999.99,1615.1,130.90167404271693,24.310178949393872,top-5000 GMV,$200+
688926,Requisition Raid,Secrets of Strixhaven: Mystical Archive,0.31,0.35,0.15,12.903225806451609,-51.61290322580645,top-5000 GMV,$0-1
282759,"Braids, Arisen Nightmare (Showcase)",Dominaria United,5.02,8.49,5.0600000000000005,69.12350597609563,0.7968127490040026,top-5000 GMV,$5-10
283381,"Elas il-Kor, Sadistic Pilgrim",Dominaria United,2.53,2.29,1.09,-9.48616600790513,-56.91699604743082,top-5000 GMV,$2-5
70997,Bow of Nylea,Theros,3.94,6.99,2.4,77.41116751269035,-39.08629441624365,top-5000 GMV,$2-5
641971,"Moraug, Fury of Akoum",Commander: Edge of Eternities,2.15,3.49,2.07,62.32558139534885,-3.720930232558143,top-5000 GMV,$2-5
207162,Underworld Dreams,Theros Beyond Death,1.92,1.99,1.86,3.645833333333337,-3.124999999999991,top-5000 GMV,$1-2
661943,Avatar's Wrath (Extended Art),Avatar: The Last Airbender,6.48,9.99,4.51,54.16666666666666,-30.40123456790124,top-5000 GMV,$5-10
492697,The World Tree,The List Reprints,10.35,9.49,6.57,-8.309178743961347,-36.52173913043477,top-5000 GMV,$10-20
660533,White Lotus Tile (Borderless),Avatar: The Last Airbender,7.12,9.49,6.46,33.28651685393258,-9.269662921348315,top-5000 GMV,$5-10
651903,Winds of Change (Borderless),Marvel Universe Eternal-Legal,5.48,6.99,4.6000000000000005,27.55474452554744,-16.058394160583937,top-5000 GMV,$5-10
286162,Kharn the Betrayer,"Universes Beyond: Warhammer 40,000",7.51,11.99,6.18,59.6537949400799,-17.70972037283622,top-5000 GMV,$5-10
254611,"Shinka, the Bloodsoaked Keep",The List Reprints,15.96,17.99,14.44,12.71929824561402,-9.52380952380953,top-5000 GMV,$10-20
3331,Triskelion,Antiquities,166.11,159.99,114.6,-3.6843055806393377,-31.009571970381085,top-5000 GMV,$100-200
4048,Thunder Spirit,Legends,123.38,229.99,100.29,86.40784568001298,-18.714540444156256,top-5000 GMV,$100-200
694595,Utopia Sprawl (7070),Secret Lair Drop Series,4.34,7.49,2.3000000000000003,72.58064516129033,-47.00460829493087,top-5000 GMV,$2-5
518109,The Black Gate (Showcase Scrolls),Commander: The Lord of the Rings: Tales of Middle-earth,25.01,39.99,29.16,59.89604158336665,16.59336265493802,top-5000 GMV,$20-50
183310,Persistent Petitioners,Ravnica Allegiance,1.2,1.99,0.28,65.83333333333334,-76.66666666666666,top-5000 GMV,$1-2
215966,"Tinybones, Trinket Thief",Jumpstart,16.6,19.99,14.89,20.42168674698793,-10.301204819277112,top-5000 GMV,$10-20
100015,Elemental Bond,Magic Origins,3.48,6.49,2.88,86.49425287356323,-17.241379310344833,top-5000 GMV,$2-5
239492,Fractured Sanity,Modern Horizons 2,2.92,3.49,1.64,19.52054794520549,-43.83561643835617,top-5000 GMV,$2-5
236334,Sedgemoor Witch (Extended Art),Strixhaven: School of Mages,11.32,13.99,10.51,23.58657243816254,-7.155477031802124,top-5000 GMV,$10-20
34727,"Linvala, Keeper of Silence",Rise of the Eldrazi,24.9,29.99,21.88,20.44176706827309,-12.128514056224898,top-5000 GMV,$20-50
633174,"Jenova, Ancient Calamity",FINAL FANTASY,1.35,1.99,0.26,47.4074074074074,-80.74074074074075,top-5000 GMV,$1-2
558352,Season of Weaving,Bloomburrow,4.03,7.49,4.16,85.85607940446648,3.2258064516129004,top-5000 GMV,$2-5
639905,Culling Ritual,WPN & Gateway Promos,6.28,5.99,5.89,-4.617834394904459,-6.210191082802557,top-5000 GMV,$5-10
679095,Brainstorm (Borderless),Teenage Mutant Ninja Turtles Source Material,2.57,3.49,2.08,35.79766536964982,-19.06614785992217,top-5000 GMV,$2-5
11516,Mesmeric Orb,Mirrodin,22.05,21.99,15.11,-0.2721088435374252,-31.473922902494333,top-5000 GMV,$20-50
652493,Infernal Grasp (Borderless),Marvel Universe Eternal-Legal,4.93,5.99,2.52,21.50101419878297,-48.88438133874239,top-5000 GMV,$2-5
118415,Gamble,Eternal Masters,17.57,21.99,17.41,25.156516789982916,-0.9106431417188396,top-5000 GMV,$10-20
190724,Flusterstorm,Buy-A-Box Promos,7.03,7.49,5.89,6.543385490753911,-16.21621621621622,top-5000 GMV,$5-10
13785,Spelltithe Enforcer,Guildpact,11.05,8.49,6.24,-23.16742081447964,-43.52941176470589,top-5000 GMV,$10-20
642795,Cyberdrive Awakener,Commander: Edge of Eternities,1.89,4.49,2.01,137.5661375661376,6.349206349206344,top-5000 GMV,$1-2
656722,Eddie the Judge - Bruvac the Grandiloquent,Secret Lair Drop Series,53.52,49.99,56.65,-6.595665171898357,5.848281016442443,top-5000 GMV,$50-100
5983,Aura of Silence,Weatherlight,9.13,10.99,6.75,20.37239868565169,-26.06790799561885,top-5000 GMV,$5-10
635267,"Ishgard, the Holy See (Borderless)",FINAL FANTASY,4.35,4.99,4.07,14.712643678160934,-6.436781609195388,top-5000 GMV,$2-5
555860,Edward Kenway (Showcase),Universes Beyond: Assassin's Creed,14.31,22.99,14.84,60.65688329839272,3.7037037037036993,top-5000 GMV,$10-20
493979,"Thassa, Deep-Dwelling",Secret Lair Drop Series,39.99,39.99,40.46,0.0,1.1752938234558612,top-5000 GMV,$20-50
513072,Forced Fruition,Wilds of Eldraine: Enchanting Tales,2.98,3.99,2.92,33.892617449664435,-2.0134228187919483,top-5000 GMV,$2-5
14853,Bitter Ordeal,Future Sight,19.46,18.99,10.23,-2.415210688591996,-47.430626927029806,top-5000 GMV,$10-20
688480,Traumatic Critique (Extended Art),Secrets of Strixhaven,2.55,1.29,0.6,-49.41176470588235,-76.47058823529412,top-5000 GMV,$2-5
167637,Archfiend of Despair,Battlebond,23.21,29.99,23.62,29.21154674709176,1.7664799655320986,top-5000 GMV,$20-50
530856,Mizzix's Mastery,Ravnica Remastered,9.97,8.99,9.12,-9.829488465396192,-8.525576730190586,top-5000 GMV,$5-10
699561,"Captain America, Unbowed (Borderless)",Commander: Marvel Super Heroes,3.43,5.49,2.5500000000000003,60.05830903790087,-25.655976676384835,top-5000 GMV,$2-5
696567,"Hawkeye, Master Marksman (Borderless)",Marvel Super Heroes,1.2,0.79,0.45,-34.166666666666664,-62.5,top-5000 GMV,$1-2
540987,Counterspell,MagicFest Cards,8.49,9.99,7.28,17.6678445229682,-14.252061248527678,top-5000 GMV,$5-10
674633,Arcane Signet (2464),Secret Lair Drop Series,8.95,10.99,7.8,22.793296089385485,-12.84916201117318,top-5000 GMV,$5-10
700736,"Monica, the Marvel - Aurelia, the Warleader (Borderless)",Marvel Universe Eternal-Legal,2.85,4.99,3.02,75.08771929824562,5.964912280701752,top-5000 GMV,$2-5
579066,Reanimate,Commander: Duskmourn: House of Horror,9.23,13.99,8.32,51.57096424702058,-9.859154929577466,top-5000 GMV,$5-10
660616,Fire Lord Zuko (Borderless),Avatar: The Last Airbender,3.91,3.49,2.35,-10.74168797953964,-39.89769820971867,top-5000 GMV,$2-5
3238,Serendib Djinn,Arabian Nights,151.56,159.99,123.24,5.562153602533654,-18.685669041963585,top-5000 GMV,$100-200
12062,"Kiki-Jiki, Mirror Breaker",Champions of Kamigawa,16.94,20.99,14.85,23.90791027154662,-12.337662337662346,top-5000 GMV,$10-20
582348,Reanimate,The List Reprints,9.88,13.99,8.09,41.5991902834008,-18.1174089068826,top-5000 GMV,$5-10
480518,"Rin and Seri, Inseparable (1230)",Secret Lair Drop Series,46.46,44.99,53.4,-3.164012053379248,14.937580714593194,top-5000 GMV,$20-50
540774,Branching Evolution,Universes Beyond: Fallout,7.02,9.49,6.24,35.1851851851852,-11.111111111111102,top-5000 GMV,$5-10
188629,Evolution Sage,War of the Spark,2.91,3.49,2.08,19.93127147766323,-28.52233676975945,top-5000 GMV,$2-5
524221,"Gishath, Sun's Avatar (Borderless)",The Lost Caverns of Ixalan,8.13,8.99,6.3,10.578105781057802,-22.509225092250933,top-5000 GMV,$5-10
632061,Shadowbringers - Dovin's Veto (Showcase),FINAL FANTASY: Through the Ages,1.94,3.49,2.07,79.89690721649487,6.7010309278350455,top-5000 GMV,$1-2
552864,"Nadu, Winged Wisdom",Modern Horizons 3,0.35,0.49,0.15,40.00000000000001,-57.14285714285714,top-5000 GMV,$0-1
677421,Beseech the Queen,Secret Lair Drop Series,13.05,14.99,11.22,14.865900383141758,-14.022988505747126,top-5000 GMV,$10-20
688961,Spell Pierce,Secrets of Strixhaven: Mystical Archive,0.29,0.35,0.15,20.689655172413797,-48.27586206896552,top-5000 GMV,$0-1
505353,Windfall,Commander Masters,5.19,7.99,4.93,53.94990366088632,-5.009633911368027,top-5000 GMV,$5-10
652003,Cosmic Spider-Man (Extended Art),Marvel's Spider-Man,5.03,4.99,2.31,-0.7952286282306169,-54.07554671968191,top-5000 GMV,$5-10
7856,Quirion Dryad,Planeshift,7.55,9.49,2.79,25.6953642384106,-63.04635761589403,top-5000 GMV,$5-10
226474,Court of Cunning,Commander Legends,4.14,5.49,3.8,32.60869565217393,-8.212560386473427,top-5000 GMV,$2-5
700293,Three Steps Ahead (Borderless),Marvel Universe Eternal-Legal,2.69,6.49,1.67,141.2639405204461,-37.9182156133829,top-5000 GMV,$2-5
525765,Pitiless Plunderer,Commander: The Lost Caverns of Ixalan,3.57,6.49,3.61,81.79271708683474,1.1204481792717098,top-5000 GMV,$2-5
33357,Lullmage Mentor,Zendikar,6.81,11.99,6.13,76.06461086637299,-9.985315712187957,top-5000 GMV,$5-10
33472,Warren Instigator,Zendikar,12.75,22.99,10.88,80.31372549019606,-14.66666666666666,top-5000 GMV,$10-20
696627,"Captain America, Wings of Freedom (Borderless)",Marvel Super Heroes,2.1,1.99,0.46,-5.238095238095243,-78.0952380952381,top-5000 GMV,$2-5
273887,Black Market Connections (Extended Art),Commander Legends: Battle for Baldur's Gate,21.32,24.99,19.83,17.213883677298302,-6.98874296435273,top-5000 GMV,$20-50
590824,"Giada, Font of Hope (Borderless)",Foundations,3.57,5.49,2.08,53.781512605042025,-41.73669467787114,top-5000 GMV,$2-5
273861,Delayed Blast Fireball (Extended Art),Commander Legends: Battle for Baldur's Gate,15.26,19.99,15.42,30.996068152031448,1.0484927916120586,top-5000 GMV,$10-20
623901,Plains (0287),Tarkir: Dragonstorm,6.23,6.49,3.49,4.173354735152484,-43.98073836276083,top-5000 GMV,$5-10
662360,Insurrection (Borderless),Avatar: The Last Airbender: Eternal-Legal,6.79,12.99,8.38,91.31075110456554,23.41678939617085,top-5000 GMV,$5-10
69196,Shadowborn Apostle,Magic 2014 (M14),1.59,2.99,0.31,88.0503144654088,-80.50314465408805,top-5000 GMV,$1-2
591020,Wishclaw Talisman,Foundations,1.61,3.99,1.69,147.82608695652172,4.968944099378873,top-5000 GMV,$1-2
541492,Farewell (Borderless),Universes Beyond: Fallout,24.54,34.99,20.33,42.583537082314606,-17.155664221678897,top-5000 GMV,$20-50
94225,Grand Abolisher,Commander 2014,19.93,21.99,16.67,10.336176618163568,-16.3572503763171,top-5000 GMV,$10-20
530978,Cloudstone Curio (Anime Borderless),Ravnica Remastered,13.69,18.99,14.26,38.71439006574141,4.163623082542004,top-5000 GMV,$10-20
631882,"Ultima, Origin of Oblivion (Borderless)",FINAL FANTASY,4.33,2.99,2.44,-30.946882217090067,-43.64896073903002,top-5000 GMV,$2-5
218938,Wound Reflection,Double Masters,14.48,13.99,11.8,-3.3839779005524875,-18.50828729281768,top-5000 GMV,$10-20
674544,"Lucy MacLean, Positively Armed",Secret Lair Drop Series,5.15,8.99,5.09,74.5631067961165,-1.16504854368933,top-5000 GMV,$5-10
686661,Subterranean Tremors,Secrets of Strixhaven: Mystical Archive,1.48,0.99,0.63,-33.108108108108105,-57.43243243243244,top-5000 GMV,$1-2
696256,"Captain Marvel, Earth's Protector",Marvel Super Heroes,0.75,1.49,0.38,98.66666666666669,-49.333333333333336,top-5000 GMV,$0-1
697452,Scorched Geyser,Commander: Marvel Super Heroes,0.4,0.49,0.15,22.499999999999996,-62.5,top-5000 GMV,$0-1
202825,Beacon of Immortality,The List Reprints,16.09,18.99,14.78,18.02361715351149,-8.14170292106899,top-5000 GMV,$10-20
262771,Reckoner's Bargain,Kamigawa: Neon Dynasty,1.43,2.49,0.78,74.12587412587415,-45.45454545454545,top-5000 GMV,$1-2
540032,"MacCready, Lamplight Mayor",Universes Beyond: Fallout,6.26,7.99,4.69,27.635782747603844,-25.079872204472835,top-5000 GMV,$5-10
121849,Horn of Greed,Conspiracy: Take the Crown,17.69,19.99,14.42,13.001695873374771,-18.48501978518938,top-5000 GMV,$10-20
448868,"Megatron, Tyrant (Shattered Glass)",Universes Beyond: Transformers,21.14,17.99,16.85,-14.90066225165564,-20.29328287606433,top-5000 GMV,$20-50
505035,Hatchery Sliver,Commander Masters,9.31,12.99,9.46,39.52738990332975,1.6111707841031184,top-5000 GMV,$5-10
68375,Desperate Ritual,Modern Masters,6.38,7.99,5.29,25.235109717868344,-17.0846394984326,top-5000 GMV,$5-10
644620,Loading Zone,Edge of Eternities,1.32,1.79,0.52,35.6060606060606,-60.60606060606061,top-5000 GMV,$1-2
11282,City of Brass,8th Edition,20.44,21.99,12.98,7.583170254403117,-36.49706457925636,top-5000 GMV,$20-50
449590,Sneak Attack,Dominaria Remastered,11.38,15.99,10.29,40.50966608084357,-9.57820738137084,top-5000 GMV,$10-20
499609,Living Death,Commander: The Lord of the Rings: Tales of Middle-earth,4.07,5.49,2.91,34.88943488943488,-28.501228501228503,top-5000 GMV,$2-5
478718,Clever Concealment (Extended Art),Commander: Phyrexia: All Will Be One,11.87,17.99,11.1,51.558550968828975,-6.486941870261159,top-5000 GMV,$10-20
257028,Temple Garden (Borderless),Unfinity,19.16,23.99,17.63,25.208768267223373,-7.985386221294369,top-5000 GMV,$10-20
589429,Phyrexian Arena (Borderless),Foundations,6.26,9.99,5.93,59.58466453674123,-5.2715654952076685,top-5000 GMV,$5-10
688851,Glimpse of Nature,Secrets of Strixhaven: Mystical Archive,0.94,1.29,0.25,37.2340425531915,-73.40425531914893,top-5000 GMV,$0-1
513656,Scion of Oona,Commander: Wilds of Eldraine,11.09,11.99,9.89,8.115419296663665,-10.820559062218209,top-5000 GMV,$10-20
499528,Tireless Provisioner,Commander: The Lord of the Rings: Tales of Middle-earth,4.4,7.49,3.25,70.22727272727272,-26.13636363636364,top-5000 GMV,$2-5
518674,Soul's Attendant (Borderless),Commander: The Lord of the Rings: Tales of Middle-earth,9.81,9.49,8.8,-3.2619775739041823,-10.295616717635063,top-5000 GMV,$5-10
268398,Ledger Shredder (Extended Art),Streets of New Capenna,8.81,15.99,8.15,81.4982973893303,-7.491486946651533,top-5000 GMV,$5-10
558423,"Beza, the Bounding Spring (Borderless)",Bloomburrow,8.28,10.99,6.78,32.72946859903383,-18.1159420289855,top-5000 GMV,$5-10
689154,Sleight of Hand (JP Alternate Art),Secrets of Strixhaven: Mystical Archive,1.12,2.79,0.44,149.10714285714283,-60.71428571428572,top-5000 GMV,$1-2
192629,Agent of Treachery,Core Set 2020,4.87,7.49,4.54,53.798767967145785,-6.776180698151952,top-5000 GMV,$2-5
456719,Counterspell,Starter Commander Decks,2.5,3.99,2.52,59.60000000000001,0.8000000000000007,top-5000 GMV,$2-5
121906,Show and Tell,Conspiracy: Take the Crown,19.77,17.99,15.09,-9.003540718259996,-23.672230652503792,top-5000 GMV,$10-20
4517,Koskun Falls,Homelands,16.27,15.99,11.87,-1.720958819913948,-27.043638598647824,top-5000 GMV,$10-20
167814,Bonus Round,Battlebond,6.96,9.49,5.47,36.35057471264368,-21.408045977011497,top-5000 GMV,$5-10
6688,Saprazzan Skerry,Mercadian Masques,2.47,1.49,0.8200000000000001,-39.67611336032389,-66.80161943319838,top-5000 GMV,$2-5
134886,Ramunap Excavator,Hour of Devastation,5.69,7.99,5.0,40.42179261862916,-12.126537785588758,top-5000 GMV,$5-10
523076,Wasteland (Borderless),Universes Beyond: Fallout,25.13,34.99,25.83,39.23597294070833,2.785515320334259,top-5000 GMV,$20-50
699582,Black Market Connections (Extended Art),Commander: Marvel Super Heroes,11.72,18.99,13.37,62.03071672354946,14.078498293515343,top-5000 GMV,$10-20
553157,All Is Dust,Commander: Modern Horizons 3,4.99,8.49,5.21,70.14028056112224,4.408817635270536,top-5000 GMV,$2-5
190652,Snow-Covered Swamp,Modern Horizons,0.94,1.29,0.2,37.2340425531915,-78.72340425531915,top-5000 GMV,$0-1
588099,"Liliana, Dreadhorde General (Borderless)",Foundations,13.88,17.99,13.71,29.610951008645515,-1.2247838616714692,top-5000 GMV,$10-20
39593,Torpor Orb,New Phyrexia,5.6,7.99,4.1,42.678571428571445,-26.785714285714285,top-5000 GMV,$5-10
448816,Wurmcoil Engine,The Brothers' War: Retro Frame Artifacts,11.06,12.99,9.27,17.4502712477396,-16.18444846292948,top-5000 GMV,$10-20
236398,Incarnation Technique,Commander 2021,9.67,15.99,9.93,65.35677352637022,2.6887280248190257,top-5000 GMV,$5-10
576881,Grab the Prize,Duskmourn: House of Horror,0.38,1.99,0.15,423.6842105263157,-60.526315789473685,top-5000 GMV,$0-1
286358,Their Name Is Death,"Universes Beyond: Warhammer 40,000",10.58,14.99,9.32,41.68241965973535,-11.909262759924385,top-5000 GMV,$10-20
552375,Sorin of House Markov (Borderless),Modern Horizons 3,10.03,11.99,8.28,19.54137587238286,-17.44765702891326,top-5000 GMV,$10-20
98645,Tezzeret the Seeker,Modern Masters 2015,24.96,32.99,22.73,32.171474358974365,-8.934294871794874,top-5000 GMV,$20-50
499292,"Anduril, Flame of the West",Universes Beyond: The Lord of the Rings: Tales of Middle-earth,5.3,5.99,4.16,13.01886792452831,-21.509433962264147,top-5000 GMV,$5-10
506854,Ondu Spiritdancer (Extended Art),Commander Masters,15.62,21.99,13.38,40.78104993597951,-14.340588988476302,top-5000 GMV,$10-20
873,Island (UGL),Unglued,10.77,12.99,5.87,20.612813370473543,-45.496750232126274,top-5000 GMV,$10-20
633072,"Barnabas Tharmr - Kraum, Ludevic's Opus (Showcase)",FINAL FANTASY: Through the Ages,2.87,3.49,1.56,21.602787456445995,-45.64459930313589,top-5000 GMV,$2-5
227055,Hellkite Courser (Extended Art),Commander Legends,25.09,23.99,25.1,-4.3842168194499855,0.0398565165404605,top-5000 GMV,$20-50
4578,Adarkar Wastes,Ice Age,26.1,32.99,13.24,26.39846743295019,-49.272030651341,top-5000 GMV,$20-50
71021,Gray Merchant of Asphodel,Theros,0.88,2.29,0.72,160.22727272727275,-18.181818181818183,top-5000 GMV,$0-1
555951,"Surtr, Fiery Jötun",Universes Beyond: Assassin's Creed,11.86,15.99,10.31,34.82293423271502,-13.06913996627318,top-5000 GMV,$10-20
560182,Perch Protection,Commander: Bloomburrow,3.56,5.49,2.66,54.21348314606742,-25.28089887640449,top-5000 GMV,$2-5
559505,"Kitsa, Otterball Elite",Bloomburrow,4.35,7.49,4.01,72.18390804597703,-7.816091954022985,top-5000 GMV,$2-5
506681,Kaldra Compleat,Commander Masters,8.71,9.99,8.28,14.695752009184837,-4.93685419058555,top-5000 GMV,$5-10
7340,Overburden,Prophecy,15.4,13.99,8.33,-9.155844155844155,-45.909090909090914,top-5000 GMV,$10-20
688211,Eclipsed Steppe (Extended Art),Commander: Secrets of Strixhaven,2.55,5.49,2.46,115.29411764705884,-3.529411764705877,top-5000 GMV,$2-5
633956,"Dion, Bahamut's Dominant (Borderless)",FINAL FANTASY,4.6,4.99,2.96,8.478260869565231,-35.65217391304347,top-5000 GMV,$2-5
539753,Pip-Boy 3000,Universes Beyond: Fallout,6.06,9.49,5.19,56.60066006600661,-14.356435643564344,top-5000 GMV,$5-10
648212,Arcane Signet (CommandFest 2025),MagicFest Cards,7.24,5.49,7.83,-24.171270718232044,8.149171270718229,top-5000 GMV,$5-10
518673,Tower of Cirith Ungol - Urborg (Borderless),Commander: The Lord of the Rings: Tales of Middle-earth,24.0,23.99,19.78,-0.0416666666666731,-17.58333333333333,top-5000 GMV,$20-50
3865,Field of Dreams,Legends,140.63,149.99,130.25,6.655763350636431,-7.381070895257054,top-5000 GMV,$100-200
530848,Life from the Loam (Anime Borderless),Ravnica Remastered,8.37,11.99,7.29,43.24970131421746,-12.903225806451603,top-5000 GMV,$5-10
651954,Superior Spider-Man (Extended Art),Marvel's Spider-Man,2.51,3.99,1.99,58.96414342629485,-20.717131474103574,top-5000 GMV,$2-5
662413,Solid Ground,Avatar: The Last Airbender: Eternal-Legal,1.63,3.99,1.53,144.78527607361966,-6.134969325153366,top-5000 GMV,$1-2
563190,Flusterstorm (Future Sight),Mystery Booster 2,6.03,7.49,5.19,24.212271973466,-13.930348258706465,top-5000 GMV,$5-10
517528,Forest (0291),The Lost Caverns of Ixalan,1.14,1.79,0.41,57.017543859649145,-64.03508771929825,top-5000 GMV,$1-2
262832,"Yoshimaru, Ever Faithful",Commander: Kamigawa: Neon Dynasty,8.29,8.99,7.79,8.443908323281075,-6.031363088057891,top-5000 GMV,$5-10
687551,Open the Way,Commander: Secrets of Strixhaven,0.93,1.29,0.22,38.70967741935484,-76.34408602150538,top-5000 GMV,$0-1
615260,Renewed Solidarity (Extended Art),Commander: Aetherdrift,5.09,8.99,4.3,76.62082514734774,-15.520628683693518,top-5000 GMV,$5-10
455194,Teferi's Puzzle Box,Jumpstart 2022,24.85,20.99,19.57,-15.533199195171038,-21.247484909456745,top-5000 GMV,$20-50
525776,Shared Animosity,Commander: The Lost Caverns of Ixalan,2.78,4.99,2.82,79.49640287769786,1.4388489208633108,top-5000 GMV,$2-5
588030,Nine-Lives Familiar (Borderless),Foundations,5.64,6.49,5.03,15.070921985815614,-10.815602836879425,top-5000 GMV,$5-10
524344,Plains,Universes Beyond: Jurassic World Collection,4.72,4.99,2.82,5.7203389830508575,-40.25423728813559,top-5000 GMV,$2-5
552615,Wrath of the Skies (Borderless),Modern Horizons 3,6.46,10.99,5.8500000000000005,70.12383900928792,-9.442724458204326,top-5000 GMV,$5-10
71524,Strip Mine (Tower),Antiquities,148.25,139.99,57.54,-5.571669477234395,-61.187183811129856,top-5000 GMV,$100-200
563148,Goblin Recruiter (Future Sight),Mystery Booster 2,6.67,7.99,5.59,19.79010494752624,-16.191904047976013,top-5000 GMV,$5-10
559887,Unnatural Growth,Commander: Bloomburrow,4.35,4.49,2.5,3.218390804597714,-42.5287356321839,top-5000 GMV,$2-5
253689,Arcane Signet (589),Secret Lair Drop Series,29.07,34.99,29.16,20.364637082903343,0.3095975232198137,top-5000 GMV,$20-50
507118,Counterspell,Commander Masters,2.95,3.99,2.46,35.25423728813559,-16.610169491525433,top-5000 GMV,$2-5
628286,Sword of Forge and Frontier (Borderless),Unique and Miscellaneous Promos,20.09,29.99,20.62,49.27824788451966,2.638128422100553,top-5000 GMV,$20-50
699605,Loki's Scepter (Extended Art),Commander: Marvel Super Heroes,11.85,16.99,12.16,43.375527426160325,2.616033755274266,top-5000 GMV,$10-20
662356,Monk Gyatso (Extended Art),Avatar: The Last Airbender: Eternal-Legal,6.7,11.99,5.59,78.95522388059702,-16.56716417910448,top-5000 GMV,$5-10
631207,Graven Cairns,Commander: FINAL FANTASY,1.85,3.99,1.95,115.67567567567568,5.405405405405398,top-5000 GMV,$1-2
37909,Plains - Full Art,Unhinged,5.76,5.99,3.42,3.993055555555563,-40.625,top-5000 GMV,$5-10
273619,Void Winnower,Secret Lair Drop Series,30.91,24.99,23.16,-19.15237787123909,-25.072791976706565,top-5000 GMV,$20-50
577669,Unholy Annex // Ritual Chamber,Duskmourn: House of Horror,1.68,2.99,1.75,77.9761904761905,4.166666666666671,top-5000 GMV,$1-2
687485,Determined Iteration,Commander: Secrets of Strixhaven,0.44,0.69,0.15,56.8181818181818,-65.90909090909092,top-5000 GMV,$0-1
149294,Aggravated Assault,Explorers of Ixalan,29.94,32.99,26.3,10.187040748162994,-12.157648630594524,top-5000 GMV,$20-50
686625,Exhibition Tidecaller (Extended Art),Secrets of Strixhaven,1.24,0.99,0.47,-20.161290322580648,-62.096774193548384,top-5000 GMV,$1-2
236671,Venser's Journal,Commander 2021,9.02,14.99,7.3,66.18625277161864,-19.06873614190687,top-5000 GMV,$5-10
10339,Smother,Onslaught,3.5,3.99,1.84,14.000000000000009,-47.42857142857142,top-5000 GMV,$2-5
662415,Tale of Katara and Toph,Avatar: The Last Airbender: Eternal-Legal,1.53,3.49,1.3,128.1045751633987,-15.032679738562091,top-5000 GMV,$1-2
7297,Entangler,Prophecy,10.78,8.99,4.58,-16.604823747680882,-57.51391465677179,top-5000 GMV,$10-20
1629,Winter Orb,Revised Edition,19.09,16.99,10.42,-11.000523834468316,-45.41644840230487,top-5000 GMV,$10-20
247827,Shipwreck Marsh (Borderless),Innistrad: Midnight Hunt,7.14,9.49,7.04,32.91316526610645,-1.4005602240896309,top-5000 GMV,$5-10
498445,Gandalf the White (Borderless),Universes Beyond: The Lord of the Rings: Tales of Middle-earth,12.99,14.99,10.39,15.396458814472672,-20.015396458814468,top-5000 GMV,$10-20
5360,Horn of Greed,Stronghold,19.9,19.99,14.24,0.4522613065326626,-28.442211055276378,top-5000 GMV,$10-20
687643,Eldrazi Conscription,Commander: Secrets of Strixhaven,1.23,1.79,0.68,45.52845528455285,-44.71544715447154,top-5000 GMV,$1-2
9377,Standstill,Odyssey,10.62,8.49,6.7700000000000005,-20.056497175141235,-36.25235404896421,top-5000 GMV,$10-20
243291,Xorn (Showcase),Adventures in the Forgotten Realms,7.45,9.99,7.33,34.09395973154362,-1.6107382550335587,top-5000 GMV,$5-10
499189,Flowering of the White Tree (Extended Art),Universes Beyond: The Lord of the Rings: Tales of Middle-earth,12.29,13.99,10.06,13.832384052074866,-18.14483319772172,top-5000 GMV,$10-20
674630,"Dogmeat, Constant Companion - Yoshimaru, Ever Faithful",Secret Lair Drop Series,8.79,7.99,7.8,-9.101251422070524,-11.26279863481228,top-5000 GMV,$5-10
484556,Thalia and The Gitrog Monster,March of the Machine,5.82,6.49,4.23,11.512027491408931,-27.31958762886598,top-5000 GMV,$5-10
9092,Ice Storm,Unlimited Edition,56.57,84.99,56.98,50.23864238995933,0.7247657769135524,top-5000 GMV,$50-100
10474,Wirewood Lodge,Onslaught,10.3,11.99,8.33,16.407766990291258,-19.12621359223301,top-5000 GMV,$10-20
272974,Descent into Avernus (Extended Art),Commander Legends: Battle for Baldur's Gate,12.45,19.99,13.22,60.562248995983936,6.184738955823304,top-5000 GMV,$10-20
190635,Lava Dart,Modern Horizons,0.98,1.99,0.56,103.0612244897959,-42.85714285714285,top-5000 GMV,$0-1
491503,Filigree Vector,Commander: March of the Machine,12.3,14.99,10.65,21.869918699186982,-13.414634146341465,top-5000 GMV,$10-20
155586,The Immortal Sun,Rivals of Ixalan,12.61,19.99,9.64,58.5249801744647,-23.552735923869932,top-5000 GMV,$10-20
688517,Mana Sculpt (Extended Art),Secrets of Strixhaven,1.77,2.29,0.8300000000000001,29.37853107344633,-53.10734463276836,top-5000 GMV,$1-2
609975,Conjurer's Closet (Borderless),Innistrad Remastered,6.67,9.49,4.72,42.27886056971515,-29.23538230884558,top-5000 GMV,$5-10
36340,Galvanic Blast,Scars of Mirrodin,2.35,2.99,1.86,27.234042553191497,-20.851063829787236,top-5000 GMV,$2-5
668458,"The Sentry, Golden Guardian",Marvel Super Heroes,0.36,0.49,0.15,36.11111111111112,-58.333333333333336,top-5000 GMV,$0-1
693570,Crypt Ghast,Secret Lair Drop Series,19.47,27.99,20.36,43.759630200308166,4.571135079609659,top-5000 GMV,$10-20
505836,Arachnogenesis (Borderless),Commander Masters,8.08,10.99,7.09,36.01485148514851,-12.252475247524757,top-5000 GMV,$5-10
560957,"Maha, Its Feathers Night",Promo Pack: Bloomburrow,21.38,24.99,22.38,16.884939195509823,4.677268475210478,top-5000 GMV,$20-50
207064,Shadowspear (Extended Art),Theros Beyond Death,43.17,54.99,41.33,27.38012508686588,-4.2622191336576405,top-5000 GMV,$20-50
161448,Rishadan Port,Masters 25,14.93,19.99,13.25,33.891493636972534,-11.252511721366377,top-5000 GMV,$10-20
5628,Meditate,Tempest,28.28,20.99,13.81,-25.77793493635079,-51.16690240452617,top-5000 GMV,$20-50
218838,Lightning Greaves (Borderless),Double Masters,20.48,21.99,21.16,7.37304687499999,3.3203124999999987,top-5000 GMV,$20-50
496061,Personal Tutor,Commander Masters,5.95,5.99,5.19,0.6722689075630258,-12.773109243697474,top-5000 GMV,$5-10
39417,Hex Parasite,New Phyrexia,7.54,8.99,5.19,19.230769230769237,-31.16710875331565,top-5000 GMV,$5-10
3839,Darkness,Legends,16.88,22.99,12.09,36.19668246445498,-28.37677725118483,top-5000 GMV,$10-20
13230,Cloudstone Curio,Ravnica: City of Guilds,13.03,17.99,10.11,38.066001534919415,-22.40982348426708,top-5000 GMV,$10-20
689404,Expressive Iteration (JP Alternate Art),Secrets of Strixhaven: Mystical Archive,1.96,3.99,2.03,103.57142857142858,3.571428571428564,top-5000 GMV,$1-2
136604,Crested Sunmare,Hour of Devastation,8.77,13.99,8.8,59.52109464082099,0.3420752565564554,top-5000 GMV,$5-10
145361,Dowsing Dagger,Ixalan,6.62,9.49,6.15,43.353474320241695,-7.099697885196371,top-5000 GMV,$5-10
513408,Court of Locthwain,Commander: Wilds of Eldraine,5.97,10.99,5.75,84.08710217755446,-3.6850921273031783,top-5000 GMV,$5-10
226135,Vampiric Tutor (Extended Art),Commander Legends,75.77,74.99,63.13,-1.0294311732875825,-16.68206414148079,top-5000 GMV,$50-100
550845,Devourer of Destiny,Modern Horizons 3,1.11,2.29,0.19,106.30630630630628,-82.8828828828829,top-5000 GMV,$1-2
268356,Halo Fountain,Streets of New Capenna,8.16,11.99,7.29,46.93627450980392,-10.661764705882351,top-5000 GMV,$5-10
34702,Not of This World,Rise of the Eldrazi,5.36,6.99,3.54,30.410447761194025,-33.95522388059702,top-5000 GMV,$5-10
552341,Sorin of House Markov,Modern Horizons 3,2.88,4.99,1.53,73.2638888888889,-46.87499999999999,top-5000 GMV,$2-5
176436,"Vraska, Golgari Queen",Guilds of Ravnica,5.36,4.49,3.12,-16.23134328358209,-41.791044776119406,top-5000 GMV,$5-10
235483,Faithless Looting (JP Alternate Art),Strixhaven: Mystical Archive,21.04,27.99,23.85,33.03231939163498,13.3555133079848,top-5000 GMV,$20-50
658390,Cordyceps Excision - Cabal Ritual,Secret Lair Drop Series,14.0,18.99,14.58,35.64285714285713,4.142857142857143,top-5000 GMV,$10-20
630715,Zenos yae Galvus (Borderless),FINAL FANTASY,3.99,4.49,2.89,12.531328320802004,-27.56892230576441,top-5000 GMV,$2-5
509516,Curiosity,Wilds of Eldraine: Enchanting Tales,1.68,1.99,0.7000000000000001,18.45238095238096,-58.33333333333333,top-5000 GMV,$1-2
192630,Cavalier of Night,Core Set 2020,8.44,9.99,5.19,18.364928909952617,-38.50710900473933,top-5000 GMV,$5-10
454794,"Balan, Wandering Knight",Jumpstart 2022,19.38,24.99,20.51,28.947368421052637,5.830753353973182,top-5000 GMV,$10-20
513067,Utopia Sprawl,Wilds of Eldraine: Enchanting Tales,1.73,2.49,1.26,43.9306358381503,-27.167630057803464,top-5000 GMV,$1-2
219247,Isochron Scepter,Double Masters,13.0,13.99,10.1,7.615384615384617,-22.30769230769231,top-5000 GMV,$10-20
452428,Semblance Anvil,The Brothers' War: Retro Frame Artifacts,4.81,6.49,4.67,34.92723492723494,-2.910602910602904,top-5000 GMV,$2-5
513731,Kindred Dominance,Commander: Wilds of Eldraine,13.0,14.99,11.21,15.307692307692308,-13.76923076923076,top-5000 GMV,$10-20
169272,Liliana's Contract,Core Set 2019,4.14,5.49,3.33,32.60869565217393,-19.56521739130434,top-5000 GMV,$2-5
490437,"Orthion, Hero of Lavabrink",March of the Machine,4.96,7.99,4.16,61.08870967741936,-16.129032258064512,top-5000 GMV,$2-5
206133,Setessan Champion,Theros Beyond Death,3.99,5.99,3.84,50.125313283208015,-3.7593984962406095,top-5000 GMV,$2-5
222005,Bountiful Promenade,Zendikar Rising Expeditions,21.88,21.99,20.82,0.5027422303473467,-4.844606946983541,top-5000 GMV,$20-50
457510,Nightscape Familiar,Dominaria Remastered,0.38,0.79,0.28,107.89473684210526,-26.315789473684205,top-5000 GMV,$0-1
69890,Strionic Resonator,Magic 2014 (M14),8.19,9.99,6.23,21.97802197802199,-23.93162393162392,top-5000 GMV,$5-10
656664,"Ashling, Rekindled (Borderless)",Lorwyn Eclipsed,1.87,2.49,1.49,33.15508021390375,-20.32085561497327,top-5000 GMV,$1-2
495609,Tyvar the Bellicose,March of the Machine: The Aftermath,10.2,16.99,10.42,66.56862745098039,2.1568627450980458,top-5000 GMV,$10-20
642438,Consult the Star Charts (Extended Art),Edge of Eternities,5.87,8.99,4.14,53.15161839863713,-29.471890971039187,top-5000 GMV,$5-10
480530,Lotus Cobra,Secret Lair Drop Series,45.44,32.99,34.36,-27.398767605633797,-24.383802816901408,top-5000 GMV,$20-50
161358,Chalice of the Void,Masters 25,15.8,27.99,17.42,77.1518987341772,10.253164556962032,top-5000 GMV,$10-20
524276,Command Tower (Borderless),Universes Beyond: Jurassic World Collection,3.63,3.49,2.6,-3.856749311294757,-28.37465564738292,top-5000 GMV,$2-5
475549,Phyrexian Obliterator (Showcase),Phyrexia: All Will Be One,9.27,17.99,9.69,94.06688241639696,4.530744336569579,top-5000 GMV,$5-10
530852,Lord of the Void (Anime Borderless),Ravnica Remastered,17.31,23.99,13.58,38.59041016753322,-21.54823801270941,top-5000 GMV,$10-20
499762,Overwhelming Stampede,Commander: The Lord of the Rings: Tales of Middle-earth,3.76,2.79,2.03,-25.797872340425528,-46.01063829787234,top-5000 GMV,$2-5
91911,Mountain (A),Beta Edition,23.15,22.99,9.89,-0.6911447084233269,-57.27861771058315,top-5000 GMV,$20-50
498463,Green Dragon Inn - Homeward Path (Borderless),Commander: The Lord of the Rings: Tales of Middle-earth,14.0,22.99,13.85,64.21428571428571,-1.071428571428574,top-5000 GMV,$10-20
199001,Deafening Silence,Throne of Eldraine,2.19,1.99,1.04,-9.1324200913242,-52.51141552511416,top-5000 GMV,$2-5
118439,Cabal Therapy,Eternal Masters,6.28,9.99,5.71,59.0764331210191,-9.076433121019113,top-5000 GMV,$5-10
142034,Vanquisher's Banner,Ixalan,4.57,7.49,3.12,63.89496717724288,-31.728665207877462,top-5000 GMV,$2-5
167924,Victory Chimes,Battlebond,6.24,10.99,6.08,76.12179487179486,-2.5641025641025665,top-5000 GMV,$5-10
15660,Timber Protector,Lorwyn,22.18,22.99,14.57,3.6519386834986416,-34.310189359783585,top-5000 GMV,$20-50
454900,Creeping Bloodsucker,Jumpstart 2022,4.39,7.99,4.5200000000000005,82.00455580865605,2.961275626423708,top-5000 GMV,$2-5
58181,Griselbrand,Avacyn Restored,8.49,12.99,7.05,53.003533568904594,-16.961130742049473,top-5000 GMV,$5-10
686565,Grim Haruspex (Borderless),Special Guests,2.75,2.99,1.91,8.727272727272736,-30.545454545454547,top-5000 GMV,$2-5
5312,Bottomless Pit,Stronghold,7.87,4.99,3.12,-36.59466327827192,-60.35578144853876,top-5000 GMV,$5-10
631495,Sol Ring (0358),Commander: FINAL FANTASY,1.39,2.79,1.44,100.71942446043168,3.5971223021582768,top-5000 GMV,$1-2
652038,"Spider-Gwen, Web-Warrior - Najeela, the Blade-Blossom (Borderless)",Marvel Universe Eternal-Legal,3.86,3.99,3.31,3.367875647668403,-14.24870466321243,top-5000 GMV,$2-5
6898,Great Whale,Urza's Saga,24.68,21.99,11.54,-10.89951377633712,-53.24149108589952,top-5000 GMV,$20-50
699614,"Hulk, Always Angry (Borderless)",Commander: Marvel Super Heroes,2.85,4.49,2.04,57.54385964912281,-28.421052631578945,top-5000 GMV,$2-5
191557,Unsettled Mariner,Modern Horizons,6.07,5.99,5.21,-1.3179571663920933,-14.168039538714996,top-5000 GMV,$5-10
517700,Hallowed Fountain (Borderless),Ravnica Remastered,15.25,18.99,11.58,24.524590163934416,-24.0655737704918,top-5000 GMV,$10-20
3324,Tawnos's Coffin,Antiquities,118.0,129.99,95.49,10.16101694915255,-19.07627118644068,top-5000 GMV,$100-200
697212,"Reed Richards, Smartest Man",Commander: Marvel Super Heroes,1.14,1.49,0.81,30.701754385964925,-28.947368421052623,top-5000 GMV,$1-2
10837,Decree of Justice,Scourge,18.37,18.99,11.76,3.3750680457267146,-35.98258029395755,top-5000 GMV,$10-20
673660,Technodrome,Teenage Mutant Ninja Turtles,1.72,4.49,0.72,161.046511627907,-58.13953488372093,top-5000 GMV,$1-2
32563,Burning Inquiry,Magic 2010 (M10),3.3,4.99,2.07,51.21212121212123,-37.27272727272727,top-5000 GMV,$2-5
4304,Coat of Arms,Exodus,25.12,27.99,10.33,11.42515923566878,-58.87738853503185,top-5000 GMV,$20-50
2397,Sylvan Library,Fifth Edition,29.11,34.99,26.82,20.199244245963595,-7.866712469941597,top-5000 GMV,$20-50
522928,Radstorm,Universes Beyond: Fallout,5.29,8.99,5.19,69.94328922495274,-1.8903591682419596,top-5000 GMV,$5-10
698223,Vibranium Dynamo - Thran Dynamo,Commander: Marvel Super Heroes,2.02,3.99,2.1,97.52475247524754,3.960396039603964,top-5000 GMV,$2-5
558440,"Glarb, Calamity's Augur (Showcase)",Bloomburrow,6.99,7.49,4.15,7.153075822603719,-40.629470672389125,top-5000 GMV,$5-10
651381,Terminate (Borderless),Marvel Universe Eternal-Legal,5.0,6.99,3.65,39.8,-27.0,top-5000 GMV,$5-10
578062,Enduring Courage,Duskmourn: House of Horror,2.74,3.99,2.07,45.62043795620438,-24.45255474452556,top-5000 GMV,$2-5
203142,"Athreos, God of Passage",The List Reprints,15.03,18.99,13.96,26.347305389221557,-7.11909514304723,top-5000 GMV,$10-20
697432,The Thanos-Copter,Commander: Marvel Super Heroes,1.39,2.49,1.55,79.13669064748204,11.510791366906489,top-5000 GMV,$1-2
591783,Blasphemous Edict (Borderless),Foundations,6.84,8.99,6.25,31.4327485380117,-8.625730994152045,top-5000 GMV,$5-10
230466,Swamp,Kaldheim,1.53,0.99,0.4,-35.294117647058826,-73.85620915032679,top-5000 GMV,$1-2
234027,Primeval Titan,Time Spiral: Remastered,7.78,7.49,6.92,-3.7275064267352183,-11.05398457583548,top-5000 GMV,$5-10
276902,"Kambal, Consul of Allocation",Double Masters 2022,8.95,9.49,6.7,6.033519553072637,-25.139664804469263,top-5000 GMV,$5-10
646577,Spider-Punk (0210) (Borderless),Marvel's Spider-Man,4.83,5.99,2.98,24.01656314699793,-38.302277432712216,top-5000 GMV,$2-5
614329,Brightglass Gearhulk (Borderless),Aetherdrift,6.63,12.99,7.0600000000000005,95.92760180995477,6.485671191553553,top-5000 GMV,$5-10
651910,Spider-Sense,Marvel's Spider-Man,1.8,2.79,0.96,54.99999999999999,-46.66666666666666,top-5000 GMV,$1-2
696566,Avengers Disassembled (Borderless),Marvel Super Heroes,1.77,3.49,0.85,97.17514124293788,-51.9774011299435,top-5000 GMV,$1-2
286273,Biotransference,"Universes Beyond: Warhammer 40,000",9.52,14.99,9.37,57.45798319327732,-1.575630252100844,top-5000 GMV,$5-10
233369,Swords to Plowshares,Strixhaven: Mystical Archive,5.37,5.99,5.15,11.545623836126632,-4.096834264432025,top-5000 GMV,$5-10
555443,"Miku, Child of Song - Child of Alara",Secret Lair Drop Series,43.41,39.99,44.27,-7.878369039391833,1.9811103432389003,top-5000 GMV,$20-50
14406,Trickbind,Time Spiral,12.57,12.99,7.29,3.3412887828162283,-42.004773269689736,top-5000 GMV,$10-20
529999,"Rakdos, Patron of Chaos",Murders at Karlov Manor,4.35,7.49,2.86,72.18390804597703,-34.25287356321839,top-5000 GMV,$2-5
68239,Sword of Fire and Ice,Modern Masters,50.19,47.99,44.99,-4.383343295477178,-10.360629607491523,top-5000 GMV,$50-100
631559,Generous Patron,Commander: FINAL FANTASY,0.78,1.49,0.71,91.025641025641,-8.974358974358982,top-5000 GMV,$0-1
161533,Luminarch Ascension,Masters 25,18.09,14.99,12.05,-17.136539524599222,-33.3886124930901,top-5000 GMV,$10-20
234026,Summoner's Pact,Time Spiral: Remastered,5.34,4.99,3.38,-6.554307116104862,-36.70411985018727,top-5000 GMV,$5-10
489674,"Ugin, the Spirit Dragon",Secret Lair Showdown,81.31,94.99,83.14,16.824498831632013,2.2506456770384924,top-5000 GMV,$50-100
696255,Avengers Assemble!,Marvel Super Heroes,1.01,2.79,0.52,176.23762376237624,-48.51485148514851,top-5000 GMV,$1-2
552373,"Ulamog, the Defiler (Retro Frame)",Modern Horizons 3,18.15,20.99,15.55,15.647382920110193,-14.325068870523406,top-5000 GMV,$10-20
13831,Blood Crypt,Dissension,20.51,22.99,13.75,12.09166260360798,-32.95953193564116,top-5000 GMV,$20-50
202872,Ashnod's Altar,The List Reprints,17.31,20.99,15.1,21.25938763720393,-12.767186597342572,top-5000 GMV,$10-20
623041,Counterspell (1933),Secret Lair Drop Series,30.53,34.99,27.3,14.608581722895511,-10.579757615460204,top-5000 GMV,$20-50
534617,Forensic Gadgeteer,Murders at Karlov Manor,1.79,3.49,1.28,94.97206703910616,-28.49162011173184,top-5000 GMV,$1-2
273401,Kindred Discovery (Extended Art),Commander Legends: Battle for Baldur's Gate,11.34,14.99,11.46,32.18694885361552,1.058201058201067,top-5000 GMV,$10-20
646635,"Iron Spider, Stark Upgrade",Marvel's Spider-Man,2.36,3.49,0.62,47.881355932203405,-73.72881355932202,top-5000 GMV,$2-5
221820,Brightclimb Pathway (Borderless),Zendikar Rising,4.12,6.49,4.2,57.52427184466019,1.941747572815536,top-5000 GMV,$2-5
552738,Sowing Mycospawn,Modern Horizons 3,1.77,2.79,1.05,57.6271186440678,-40.67796610169491,top-5000 GMV,$1-2
615912,Howlsquad Heavy,Aetherdrift,3.36,3.99,2.21,18.75000000000001,-34.226190476190474,top-5000 GMV,$2-5
561736,Command Tower (0806),Secret Lair Drop Series,28.89,42.99,29.58,48.80581516095536,2.388369678089296,top-5000 GMV,$20-50
545261,Mizzix's Mastery,Commander: Outlaws of Thunder Junction,9.13,8.49,7.81,-7.009857612267256,-14.457831325301216,top-5000 GMV,$5-10
233888,Sudden Spoiling,Time Spiral: Remastered,7.59,6.49,5.72,-14.4927536231884,-24.637681159420293,top-5000 GMV,$5-10
625027,Warden of the Grove,Tarkir: Dragonstorm,2.37,2.79,1.74,17.72151898734177,-26.58227848101266,top-5000 GMV,$2-5
671093,Wanderwine Prophets (Borderless),Special Guests,9.28,12.99,9.33,39.978448275862085,0.5387931034482836,top-5000 GMV,$5-10
533918,Aftermath Analyst,Murders at Karlov Manor,0.81,0.99,0.7000000000000001,22.22222222222221,-13.580246913580243,top-5000 GMV,$0-1
7273,Avatar of Woe,Prophecy,15.91,7.99,4.0600000000000005,-49.78001257071025,-74.48145820238842,top-5000 GMV,$10-20
661952,The Unagi of Kyoshi Island (Borderless),Avatar: The Last Airbender,3.47,4.99,2.08,43.80403458213256,-40.05763688760807,top-5000 GMV,$2-5
600492,Reforge the Soul,Innistrad Remastered,7.22,8.49,6.09,17.590027700831033,-15.650969529085874,top-5000 GMV,$5-10
262789,"Eiganjo, Seat of the Empire (Borderless)",Kamigawa: Neon Dynasty,8.66,11.99,8.33,38.4526558891455,-3.8106235565819873,top-5000 GMV,$5-10
277238,Shadowborn Apostle,Double Masters 2022,1.49,2.79,0.88,87.24832214765101,-40.939597315436245,top-5000 GMV,$1-2
276823,"Doran, the Siege Tower",Double Masters 2022,8.26,7.49,7.28,-9.32203389830508,-11.864406779661012,top-5000 GMV,$5-10
651352,Eddie Brock,Marvel's Spider-Man,3.33,3.49,1.82,4.804804804804809,-45.34534534534534,top-5000 GMV,$2-5
671000,Door of Destinies (Borderless),Special Guests,10.67,12.99,10.56,21.74320524835989,-1.030927835051541,top-5000 GMV,$10-20
192640,Lotus Field,Core Set 2020,2.46,3.49,1.76,41.86991869918701,-28.455284552845526,top-5000 GMV,$2-5
697142,Quantum Entanglement,Commander: Marvel Super Heroes,4.4,6.49,3.34,47.49999999999999,-24.0909090909091,top-5000 GMV,$2-5
630002,"Rashel, Fist of Torm",SLX Cards,14.66,22.99,17.5,56.82128240109139,19.37244201909959,top-5000 GMV,$10-20
544222,Final Showdown,Outlaws of Thunder Junction,5.7,5.99,3.92,5.087719298245615,-31.2280701754386,top-5000 GMV,$5-10
674642,Ripples of Potential,Secret Lair Drop Series,6.68,8.49,4.6000000000000005,27.095808383233543,-31.137724550898195,top-5000 GMV,$5-10
555916,Nurturing Peatland (Borderless),Universes Beyond: Assassin's Creed,8.73,14.99,8.24,71.70675830469644,-5.612829324169533,top-5000 GMV,$5-10
686629,"Killian, Decisive Mentor (Borderless)",Commander: Secrets of Strixhaven,0.87,0.99,0.17,13.79310344827586,-80.45977011494251,top-5000 GMV,$0-1
229342,Seething Song (DDG),The List Reprints,11.85,14.99,11.47,26.49789029535865,-3.206751054852312,top-5000 GMV,$10-20
662743,"Aang, Airbending Master (Extended Art)",Avatar: The Last Airbender: Eternal-Legal,12.85,18.99,11.46,47.78210116731517,-10.817120622568083,top-5000 GMV,$10-20
10350,Brightstone Ritual,Onslaught,2.1,1.79,1.03,-14.761904761904765,-50.95238095238095,top-5000 GMV,$2-5
687417,Blasphemous Act,Commander: Secrets of Strixhaven,0.81,1.99,0.72,145.67901234567898,-11.11111111111112,top-5000 GMV,$0-1
660496,Airbender Ascension,Avatar: The Last Airbender,1.33,2.29,0.44,72.18045112781954,-66.9172932330827,top-5000 GMV,$1-2
519906,Haunted Ridge,Universes Beyond: Doctor Who,8.6,10.99,8.74,27.790697674418613,1.6279069767441927,top-5000 GMV,$5-10
478722,Norn's Choirmaster (Extended Art),Commander: Phyrexia: All Will Be One,12.7,19.99,13.66,57.4015748031496,7.559055118110243,top-5000 GMV,$10-20
47545,Jace's Archivist,Magic 2012 (M12),10.63,11.99,7.74,12.793979303857004,-27.18720602069615,top-5000 GMV,$10-20
5019,Crystal Vein,Mirage,9.38,8.99,5.21,-4.157782515991477,-44.45628997867804,top-5000 GMV,$5-10
1331,Animate Dead,Revised Edition,7.11,8.99,3.42,26.44163150492264,-51.89873417721519,top-5000 GMV,$5-10
235881,Crackle with Power,Strixhaven: School of Mages,6.91,8.99,7.27,30.101302460202607,5.209840810419673,top-5000 GMV,$5-10
283209,Tiller Engine (Extended Art),Commander: Dominaria United,28.9,42.99,28.61,48.75432525951558,-1.003460207612454,top-5000 GMV,$20-50
635622,"Ishgard, the Holy See",FINAL FANTASY,1.78,2.49,1.03,39.88764044943821,-42.13483146067416,top-5000 GMV,$1-2
279272,Sol Ring (1011),Secret Lair Drop Series,20.52,14.99,20.98,-26.94931773879142,2.2417153996101407,top-5000 GMV,$20-50
248213,The Meathook Massacre (Extended Art),Innistrad: Midnight Hunt,32.5,44.99,31.88,38.43076923076924,-1.907692307692311,top-5000 GMV,$20-50
662380,Duelist's Heritage,Avatar: The Last Airbender: Eternal-Legal,1.91,4.49,1.94,135.07853403141362,1.5706806282722523,top-5000 GMV,$1-2
33281,Crypt of Agadeem,Zendikar,3.63,4.49,2.6,23.691460055096428,-28.37465564738292,top-5000 GMV,$2-5
273204,Vexing Puzzlebox,Commander Legends: Battle for Baldur's Gate,8.14,13.99,8.65,71.86732186732185,6.265356265356262,top-5000 GMV,$5-10
503428,"Urza, Lord High Artificer (Borderless)",Commander Masters,17.35,27.99,16.88,61.325648414985565,-2.7089337175792645,top-5000 GMV,$10-20
576894,Unstoppable Slasher (Showcase),Duskmourn: House of Horror,5.28,5.99,4.1,13.446969696969695,-22.34848484848486,top-5000 GMV,$5-10
590299,"Evereth, Viceroy of Plunder (Anime)",Foundations Jumpstart,2.71,5.99,2.02,121.03321033210332,-25.461254612546124,top-5000 GMV,$2-5
256995,Mountain (243) (Borderless),Unfinity,3.83,5.99,2.12,56.39686684073107,-44.64751958224543,top-5000 GMV,$2-5
526203,Broadside Bombardiers,Commander: The Lost Caverns of Ixalan,2.98,5.99,2.52,101.006711409396,-15.436241610738255,top-5000 GMV,$2-5
624374,Fellwar Stone,Commander: Tarkir: Dragonstorm,1.01,1.79,0.72,77.22772277227723,-28.71287128712872,top-5000 GMV,$1-2
269720,Smuggler's Share,Commander: Streets of New Capenna,9.62,14.99,9.63,55.82120582120583,0.1039501039501201,top-5000 GMV,$5-10
615110,Maskwood Nexus,Commander: Aetherdrift,0.97,2.29,1.17,136.08247422680412,20.61855670103093,top-5000 GMV,$0-1
215349,"Teferi, Master of Time",Core Set 2021,8.07,11.99,7.61,48.57496902106567,-5.700123915737298,top-5000 GMV,$5-10
524280,"Ellie and Alan, Paleontologists (Borderless)",Universes Beyond: Jurassic World Collection,24.97,20.99,15.47,-15.939126952342814,-38.04565478574289,top-5000 GMV,$20-50
452246,Thran Power Suit,The Brothers' War,0.9,1.79,1.54,98.88888888888889,71.11111111111111,top-5000 GMV,$0-1
591182,"Ghalta, Primal Hunger (Borderless)",Foundations,5.59,8.49,3.91,51.87835420393561,-30.053667262969583,top-5000 GMV,$5-10
14575,Darkness,Timeshifted,24.05,23.99,14.16,-0.2494802494802589,-41.12266112266113,top-5000 GMV,$20-50
240275,"Sythis, Harvest's Hand",Modern Horizons 2,2.03,3.99,2.17,96.55172413793106,6.896551724137938,top-5000 GMV,$2-5
646823,Crucible of Worlds (2110),Secret Lair Drop Series,40.3,44.99,36.45,11.637717121588102,-9.553349875930508,top-5000 GMV,$20-50
176427,Runaway Steam-Kin,Guilds of Ravnica,1.66,2.79,1.25,68.07228915662652,-24.69879518072289,top-5000 GMV,$1-2
4611,Brainstorm,Ice Age,2.07,3.49,1.44,68.59903381642515,-30.43478260869565,top-5000 GMV,$2-5
11909,Beacon of Immortality,Fifth Dawn,15.9,20.99,13.28,32.01257861635219,-16.477987421383652,top-5000 GMV,$10-20
11307,Vedalken Archmage,Mirrodin,14.19,17.99,12.42,26.77942212825933,-12.473572938689214,top-5000 GMV,$10-20
27601,Ad Nauseam,Shards of Alara,19.39,19.99,10.42,3.0943785456420727,-46.26095925734915,top-5000 GMV,$10-20
218577,Academy Ruins (Borderless),Double Masters,25.05,29.99,21.22,19.72055888223552,-15.289421157684638,top-5000 GMV,$20-50
558331,"Glarb, Calamity's Augur",Bloomburrow,3.76,3.99,3.3200000000000003,6.117021276595756,-11.702127659574456,top-5000 GMV,$2-5
503587,Extraplanar Lens (Borderless),Commander Masters,12.05,19.99,12.39,65.8921161825726,2.821576763485476,top-5000 GMV,$10-20
579064,Professor Onyx,Commander: Duskmourn: House of Horror,5.86,8.49,5.09,44.88054607508532,-13.13993174061434,top-5000 GMV,$5-10
242368,"Elesh Norn, Grand Cenobite (209)",Secret Lair Drop Series,14.41,19.99,15.3,38.723108952116576,6.176266481609996,top-5000 GMV,$10-20
222123,"Moraug, Fury of Akoum (Showcase)",Zendikar Rising,6.27,7.99,5.3100000000000005,27.43221690590113,-15.31100478468898,top-5000 GMV,$5-10
668473,Doom Reigns Supreme,Marvel Super Heroes,0.33,0.49,0.15,48.48484848484848,-54.54545454545456,top-5000 GMV,$0-1
660562,The Last Agni Kai (Borderless),Avatar: The Last Airbender,3.2,3.99,2.28,24.6875,-28.750000000000007,top-5000 GMV,$2-5
646527,Peter Parker (0208) (Borderless),Marvel's Spider-Man,4.83,5.99,3.35,24.01656314699793,-30.64182194616977,top-5000 GMV,$2-5
221817,Brightclimb Pathway,Zendikar Rising,4.5,5.99,4.16,33.111111111111114,-7.555555555555553,top-5000 GMV,$2-5
661945,The Unagi of Kyoshi Island,Avatar: The Last Airbender,1.37,2.49,0.71,81.75182481751825,-48.17518248175183,top-5000 GMV,$1-2
496056,"Selvala, Heart of the Wilds (Borderless)",Commander Masters,13.78,21.99,12.33,59.57910014513787,-10.522496371552972,top-5000 GMV,$10-20
697167,"Black Panther, Claws of Bast",Commander: Marvel Super Heroes,4.35,6.49,4.5600000000000005,49.1954022988506,4.827586206896572,top-5000 GMV,$2-5
501895,Waste Not,Secret Lair Drop Series,36.63,37.99,29.8,3.7128037128037112,-18.64591864591865,top-5000 GMV,$20-50
3941,Land Tax,Legends,69.56,74.99,30.07,7.806210465784923,-56.77113283496262,top-5000 GMV,$50-100
1479,Lightning Bolt,Revised Edition,2.38,2.79,0.93,17.226890756302527,-60.92436974789916,top-5000 GMV,$2-5
78286,Waste Not,Magic 2015 (M15),7.1,9.49,6.3,33.66197183098593,-11.267605633802814,top-5000 GMV,$5-10
579050,Metamorphosis Fanatic,Commander: Duskmourn: House of Horror,6.05,7.99,4.94,32.06611570247935,-18.34710743801652,top-5000 GMV,$5-10
687459,Tendershoot Dryad,Commander: Secrets of Strixhaven,1.04,1.99,0.89,91.34615384615384,-14.423076923076923,top-5000 GMV,$1-2
623884,Frostcliff Siege,Tarkir: Dragonstorm,2.16,2.99,1.77,38.42592592592592,-18.05555555555556,top-5000 GMV,$2-5
457093,"Urza, Lord High Artificer (Retro Frame)",Dominaria Remastered,14.5,19.99,15.1,37.86206896551723,4.137931034482756,top-5000 GMV,$10-20
7251,Tangle Wire,Nemesis,35.66,29.99,20.55,-15.900168255748731,-42.37240605720695,top-5000 GMV,$20-50
532988,Ghostly Prison (Borderless),Special Guests,15.17,17.99,15.47,18.58932102834541,1.9775873434410067,top-5000 GMV,$10-20
179455,Snapcaster Mage,Ultimate Masters,20.49,20.99,15.56,2.440214738897023,-24.06051732552464,top-5000 GMV,$20-50
525780,Swiftfoot Boots,Commander: The Lost Caverns of Ixalan,3.32,3.99,2.38,20.18072289156628,-28.3132530120482,top-5000 GMV,$2-5
126480,Felidar Guardian,Aether Revolt,2.64,1.99,1.38,-24.621212121212125,-47.727272727272734,top-5000 GMV,$2-5
517903,"Inigo, Avenging Swordsman - Samut, Voice of Dissent",Secret Lair Drop Series,41.46,34.99,41.25,-15.605402797877469,-0.5065123010130267,top-5000 GMV,$20-50
686630,"Quintorius, History Chaser (Borderless)",Commander: Secrets of Strixhaven,0.87,0.99,0.26,13.79310344827586,-70.11494252873564,top-5000 GMV,$0-1
559619,Luminous Broodmoth (Borderless),Commander: Bloomburrow,14.64,14.99,13.61,2.390710382513659,-7.035519125683068,top-5000 GMV,$10-20
169218,Leonin Warleader,Core Set 2019,4.99,8.49,4.67,70.14028056112224,-6.41282565130261,top-5000 GMV,$2-5
581826,Nexus of Fate,The List Reprints,6.06,7.99,5.18,31.84818481848186,-14.52145214521452,top-5000 GMV,$5-10
539393,Sol Ring,Universes Beyond: Fallout,2.3,2.79,1.44,21.304347826086968,-37.39130434782608,top-5000 GMV,$2-5
39449,Mutagenic Growth,New Phyrexia,1.64,2.49,1.04,51.82926829268296,-36.58536585365853,top-5000 GMV,$1-2
91096,Life's Legacy,Magic 2015 (M15),5.11,9.49,4.74,85.71428571428571,-7.240704500978475,top-5000 GMV,$5-10
503911,Sword of the Animist,Commander Masters,6.66,7.49,5.64,12.462462462462463,-15.315315315315322,top-5000 GMV,$5-10
7046,Sneak Attack,Urza's Saga,26.58,34.99,17.19,31.640331075997008,-35.32731376975168,top-5000 GMV,$20-50
196447,Strionic Resonator,Commander 2019,7.85,9.99,6.68,27.261146496815297,-14.904458598726114,top-5000 GMV,$5-10
696536,"Nick Fury, Agent of S.H.I.E.L.D.",Marvel Super Heroes,0.32,0.49,0.15,53.12499999999999,-53.125,top-5000 GMV,$0-1
559476,Fabled Passage,Bloomburrow,1.65,2.79,1.1,69.09090909090911,-33.33333333333333,top-5000 GMV,$1-2
615650,Pathbreaker Ibex (Borderless),Special Guests,13.72,19.99,14.05,45.69970845481048,2.405247813411079,top-5000 GMV,$10-20
498439,"Boromir, Warden of the Tower (Borderless)",Universes Beyond: The Lord of the Rings: Tales of Middle-earth,7.22,9.99,5.41,38.36565096952909,-25.06925207756232,top-5000 GMV,$5-10
641740,Starfield Vocalist,Edge of Eternities,1.48,1.99,0.62,34.45945945945946,-58.108108108108105,top-5000 GMV,$1-2
82179,"Keranos, God of Storms",Journey Into Nyx,10.31,7.49,6.75,-27.352085354025217,-34.52958292919496,top-5000 GMV,$10-20
624613,Staff of Compleation,Commander: Tarkir: Dragonstorm,3.62,5.99,3.12,65.4696132596685,-13.812154696132598,top-5000 GMV,$2-5
512644,Likeness Looter,Wilds of Eldraine,3.52,3.99,3.08,13.352272727272732,-12.499999999999998,top-5000 GMV,$2-5
262172,"Sokenzan, Crucible of Defiance",Kamigawa: Neon Dynasty,2.63,4.49,2.34,70.72243346007606,-11.02661596958175,top-5000 GMV,$2-5
222994,Warren Instigator,Secret Lair Drop Series,21.18,29.99,23.94,41.59584513692162,13.031161473087828,top-5000 GMV,$20-50
552324,Evolution Witness,Modern Horizons 3,0.29,0.79,0.15,172.41379310344828,-48.27586206896552,top-5000 GMV,$0-1
7185,Moggcatcher,Nemesis,14.62,11.99,8.33,-17.989056087551294,-43.02325581395349,top-5000 GMV,$10-20
560021,Second Harvest,Commander: Bloomburrow,4.89,4.99,4.0600000000000005,2.0449897750511354,-16.97341513292432,top-5000 GMV,$2-5
679195,Waves of Aggression (Borderless),Teenage Mutant Ninja Turtles Source Material,2.42,2.49,2.08,2.892561983471086,-14.0495867768595,top-5000 GMV,$2-5
216252,Emiel the Blessed,Jumpstart,13.12,11.99,13.28,-8.612804878048772,1.2195121951219523,top-5000 GMV,$10-20
687418,Gift of Immortality,Commander: Secrets of Strixhaven,0.4,0.69,0.17,72.49999999999997,-57.49999999999999,top-5000 GMV,$0-1
662048,"Ob Nixilis, the Fallen",Secret Lair Countdown Kit,4.58,4.49,3.4,-1.9650655021834031,-25.764192139738,top-5000 GMV,$2-5
21679,Swamp - Blue Pack (Spears),APAC Lands,79.33,74.99,59.28,-5.470818101600912,-25.27417118366317,top-5000 GMV,$50-100
674638,Patchwork Banner,Secret Lair Drop Series,6.64,7.99,5.59,20.331325301204828,-15.81325301204819,top-5000 GMV,$5-10
252822,"Olivia, Crimson Bride",Innistrad: Crimson Vow,8.95,11.99,5.92,33.96648044692739,-33.85474860335195,top-5000 GMV,$5-10
12490,"Miren, the Moaning Well",Saviors of Kamigawa,21.46,29.99,13.98,39.74836905871387,-34.85554520037279,top-5000 GMV,$20-50
686524,Sol Ring (288),Secret Lair Drop Series,8.67,11.99,6.17,38.29296424452134,-28.835063437139564,top-5000 GMV,$5-10
559832,Kodama of the East Tree,Commander: Bloomburrow,3.39,2.79,3.1,-17.69911504424779,-8.554572271386432,top-5000 GMV,$2-5
687458,Path to Exile,Commander: Secrets of Strixhaven,1.17,2.79,1.04,138.46153846153848,-11.111111111111102,top-5000 GMV,$1-2
563257,Memnite (Future Sight),Mystery Booster 2,3.47,3.49,1.89,0.5763688760806921,-45.53314121037464,top-5000 GMV,$2-5
232581,Swamp (Crushing Brutality),Secret Lair Drop Series,25.16,32.99,25.33,31.12082670906201,0.6756756756756683,top-5000 GMV,$20-50
493995,"Emeria, the Sky Ruin",Secret Lair Drop Series,41.7,29.99,42.12,-28.081534772182263,1.0071942446043034,top-5000 GMV,$20-50
191559,Mirrodin Besieged,Modern Horizons,5.04,5.99,4.16,18.84920634920635,-17.46031746031746,top-5000 GMV,$5-10
128953,Soul Warden,Modern Masters 2017,3.81,4.49,2.59,17.847769028871397,-32.020997375328086,top-5000 GMV,$2-5
286165,Chaos Defiler,"Universes Beyond: Warhammer 40,000",7.19,14.99,7.24,108.48400556328232,0.6954102920723202,top-5000 GMV,$5-10
456658,Winds of Change,Secret Lair Drop Series,22.05,18.99,19.21,-13.877551020408172,-12.879818594104307,top-5000 GMV,$20-50
589393,Temporal Manipulation (Showcase),Special Guests,11.72,12.99,8.53,10.836177474402726,-27.218430034129703,top-5000 GMV,$10-20
272932,"Jaheira, Friend of the Forest (Showcase)",Commander Legends: Battle for Baldur's Gate,8.89,12.99,9.41,46.11923509561304,5.84926884139482,top-5000 GMV,$5-10
241890,Tasha's Hideous Laughter,Adventures in the Forgotten Realms,3.76,4.99,3.38,32.71276595744682,-10.106382978723405,top-5000 GMV,$2-5
555441,Chord of Calling (1595),Secret Lair Drop Series,20.21,22.99,20.71,13.755566551212258,2.474022761009401,top-5000 GMV,$20-50
525206,"Inti, Seneschal of the Sun",The Lost Caverns of Ixalan,2.39,2.99,1.95,25.104602510460257,-18.41004184100419,top-5000 GMV,$2-5
52191,Liliana of the Veil,Innistrad,9.61,12.99,7.55,35.171696149843925,-21.436004162330903,top-5000 GMV,$5-10
236550,Sapling of Colfenor,Commander 2021,7.32,11.99,7.61,63.79781420765027,3.9617486338797816,top-5000 GMV,$5-10
679625,Fabled Passage,Commander: Teenage Mutant Ninja Turtles,1.5,1.49,0.92,-0.6666666666666672,-38.66666666666666,top-5000 GMV,$1-2
544314,Vaultborn Tyrant (Extended Art),Outlaws of Thunder Junction: The Big Score,48.17,49.99,35.84,3.778285239775794,-25.596844509030515,top-5000 GMV,$20-50
72308,Thousand-Year Elixir,Commander 2013,15.24,23.99,14.58,57.41469816272965,-4.330708661417323,top-5000 GMV,$10-20
33275,Celestial Mantle,Zendikar,10.14,9.99,8.02,-1.4792899408284057,-20.907297830374763,top-5000 GMV,$10-20
168773,Resplendent Angel,Core Set 2019,8.02,8.49,7.62,5.860349127182054,-4.9875311720698186,top-5000 GMV,$5-10
533889,Case of the Locked Hothouse,Murders at Karlov Manor,2.25,4.49,1.97,99.55555555555556,-12.444444444444445,top-5000 GMV,$2-5
218605,Kuldotha Forgemaster,Double Masters,10.48,15.99,8.32,52.57633587786259,-20.610687022900763,top-5000 GMV,$10-20
488286,The Shire,Universes Beyond: The Lord of the Rings: Tales of Middle-earth,3.62,4.49,2.7,24.03314917127072,-25.41436464088397,top-5000 GMV,$2-5
34701,It That Betrays,Rise of the Eldrazi,12.17,17.99,11.76,47.822514379622014,-3.368940016433855,top-5000 GMV,$10-20
229237,Blightstep Pathway (Borderless),Kaldheim,5.62,9.49,5.84,68.86120996441282,3.9145907473309567,top-5000 GMV,$5-10
517643,Temple Garden (Retro Frame),Ravnica Remastered,13.81,16.99,10.07,23.02679217958,-27.08182476466329,top-5000 GMV,$10-20
68328,Pact of Negation,Modern Masters,19.45,22.99,19.79,18.20051413881748,1.7480719794344468,top-5000 GMV,$10-20
39431,Spellskite,New Phyrexia,7.09,9.99,5.3100000000000005,40.90267983074754,-25.105782792665718,top-5000 GMV,$5-10
6293,Cloud of Faeries,Urza's Legacy,0.65,1.29,0.38,98.46153846153844,-41.53846153846154,top-5000 GMV,$0-1
591719,Brass's Bounty,Foundations,0.46,0.99,0.15,115.21739130434784,-67.3913043478261,top-5000 GMV,$0-1
4636,Counterspell,Ice Age,2.37,4.49,1.52,89.45147679324894,-35.86497890295359,top-5000 GMV,$2-5
286461,And They Shall Know No Fear,"Universes Beyond: Warhammer 40,000",11.5,12.99,10.42,12.956521739130435,-9.391304347826088,top-5000 GMV,$10-20
233900,Living End,Time Spiral: Remastered,5.29,4.99,2.86,-5.671077504725894,-45.93572778827977,top-5000 GMV,$5-10
677503,Forest (2513),Secret Lair Drop Series,5.62,3.99,5.16,-29.003558718861207,-8.185053380782916,top-5000 GMV,$5-10
6346,"Multani, Maro-Sorcerer",Urza's Legacy,16.35,17.99,12.37,10.030581039755331,-24.34250764525995,top-5000 GMV,$10-20
230257,Tibalt's Trickery (Extended Art),Kaldheim,12.17,20.99,11.78,72.47329498767459,-3.204601479046841,top-5000 GMV,$10-20
546499,Sonic Screwdriver,Secret Lair Drop Series,43.45,34.99,47.78,-19.47065592635213,9.965477560414266,top-5000 GMV,$20-50
118584,Price of Progress,Eternal Masters,8.33,9.49,5.19,13.92557022809124,-37.69507803121248,top-5000 GMV,$5-10
651355,Eddie Brock (0224) (Borderless),Marvel's Spider-Man,4.5,5.99,2.0,33.111111111111114,-55.55555555555556,top-5000 GMV,$2-5
695482,Ruinous Ultimatum,Secret Lair Drop Series,10.89,11.99,9.71,10.101010101010097,-10.835629017447197,top-5000 GMV,$10-20
218333,Noble Hierarch,Double Masters,12.47,14.99,11.82,20.208500400962304,-5.2125100240577416,top-5000 GMV,$10-20
276514,Thousand-Year Storm (Borderless),Double Masters 2022,5.7,7.49,4.94,31.403508771929825,-13.33333333333333,top-5000 GMV,$5-10
651351,"Carnage, Crimson Chaos (Borderless)",Marvel's Spider-Man,3.21,2.99,1.12,-6.853582554517127,-65.10903426791276,top-5000 GMV,$2-5
7200,Parallax Tide,Nemesis,19.16,11.99,6.61,-37.421711899791234,-65.50104384133611,top-5000 GMV,$10-20
517003,Rainbow Dash,Secret Lair Drop Series,56.92,57.99,56.7,1.879831342234716,-0.3865073787772292,top-5000 GMV,$50-100
657762,"Michelangelo, the Heart (0005) (Borderless)",Commander: Teenage Mutant Ninja Turtles,3.51,9.49,3.11,170.37037037037038,-11.396011396011394,top-5000 GMV,$2-5
668459,"Quicksilver, Brash Blur",Marvel Super Heroes,0.36,0.49,0.15,36.11111111111112,-58.333333333333336,top-5000 GMV,$0-1
530988,"Teysa, Orzhov Scion (Anime Borderless)",Ravnica Remastered,7.02,7.99,5.32,13.817663817663828,-24.216524216524206,top-5000 GMV,$5-10
3993,Rasputin Dreamweaver,Legends,159.55,199.99,126.21,25.34628643058602,-20.89627076151677,top-5000 GMV,$100-200
552622,Strix Serenade (Borderless),Modern Horizons 3,3.76,5.49,3.0700000000000003,46.010638297872354,-18.351063829787226,top-5000 GMV,$2-5
34769,Lighthouse Chronologist,Rise of the Eldrazi,20.69,20.99,13.02,1.4499758337360906,-37.07104881585308,top-5000 GMV,$20-50
671236,Realmwalker,Commander: Lorwyn Eclipsed,1.23,2.79,1.04,126.82926829268293,-15.44715447154471,top-5000 GMV,$1-2
517644,Sacred Foundry,Ravnica Remastered,11.5,16.99,10.93,47.7391304347826,-4.956521739130437,top-5000 GMV,$10-20
657024,Mountain (0034),Secret Lair Showdown,4.44,8.99,3.11,102.47747747747746,-29.954954954954964,top-5000 GMV,$2-5
658412,Ellie's Rage - Dictate of Erebos,Secret Lair Drop Series,15.11,22.99,18.49,52.15089344804764,22.36929185969556,top-5000 GMV,$10-20
643670,Swarmyard (0042) (Borderless),Edge of Eternities: Stellar Sights,5.19,7.99,4.68,53.94990366088632,-9.826589595375737,top-5000 GMV,$5-10
206241,Serpent of Yawning Depths,Theros Beyond Death,7.81,15.99,7.87,104.73751600512163,0.7682458386683803,top-5000 GMV,$5-10
545070,Scute Swarm,Commander: Outlaws of Thunder Junction,9.16,10.99,9.12,19.978165938864628,-0.4366812227074336,top-5000 GMV,$5-10
530984,Protean Hulk (Anime Borderless),Ravnica Remastered,11.72,16.99,11.89,44.965870307167215,1.4505119453924908,top-5000 GMV,$10-20
696626,"Ares, God of War",Marvel Super Heroes,0.31,0.49,0.15,58.06451612903225,-51.61290322580645,top-5000 GMV,$0-1
82235,Master of the Feast,Journey Into Nyx,6.49,7.99,3.06,23.112480739599384,-52.85053929121726,top-5000 GMV,$5-10
697095,Falcon and Redwing,Commander: Marvel Super Heroes,1.11,2.29,1.07,106.30630630630628,-3.6036036036036063,top-5000 GMV,$1-2
523059,Arcane Signet (Borderless),Universes Beyond: Fallout,23.33,24.99,19.79,7.115302186026576,-15.173596228032574,top-5000 GMV,$20-50
36237,Memnite,Scars of Mirrodin,2.65,2.79,0.98,5.283018867924533,-63.0188679245283,top-5000 GMV,$2-5
559061,"Helga, Skittish Seer (Showcase)",Bloomburrow,7.45,6.99,7.29,-6.174496644295301,-2.147651006711411,top-5000 GMV,$5-10
688214,Scorched Geyser (Extended Art),Commander: Secrets of Strixhaven,2.48,2.79,1.26,12.500000000000004,-49.193548387096776,top-5000 GMV,$2-5
630888,Swamp (0300),FINAL FANTASY,0.3,1.29,0.15,330.0,-50.0,top-5000 GMV,$0-1
222019,Valakut Exploration,Zendikar Rising,3.92,4.49,2.66,14.54081632653062,-32.14285714285714,top-5000 GMV,$2-5
273676,Deep Gnome Terramancer,Commander Legends: Battle for Baldur's Gate,8.86,8.99,7.3,1.4672686230248395,-17.607223476297964,top-5000 GMV,$5-10
698198,Nature's Lore,Commander: Marvel Super Heroes,2.18,4.49,2.25,105.96330275229356,3.21100917431192,top-5000 GMV,$2-5
457091,"Urza, Lord High Artificer",Dominaria Remastered,15.29,19.99,13.92,30.73904512753433,-8.960104643557877,top-5000 GMV,$10-20
553311,Sneaky Snacker,Modern Horizons 3,0.29,0.79,0.15,172.41379310344828,-48.27586206896552,top-5000 GMV,$0-1
191057,Collector Ouphe,Modern Horizons,3.6,3.99,3.11,10.833333333333336,-13.611111111111116,top-5000 GMV,$2-5
273319,Ingenious Artillerist,Commander Legends: Battle for Baldur's Gate,1.04,2.29,1.32,120.1923076923077,26.923076923076927,top-5000 GMV,$1-2
499782,Forth Eorlingas!,Commander: The Lord of the Rings: Tales of Middle-earth,3.58,6.49,2.7,81.28491620111731,-24.581005586592177,top-5000 GMV,$2-5
589317,Swamp (0286),Foundations,0.54,1.79,0.15,231.4814814814815,-72.22222222222221,top-5000 GMV,$0-1
10636,Steely Resolve,Onslaught,19.49,14.99,13.97,-23.08876346844535,-28.322216521292965,top-5000 GMV,$10-20
12089,Masako the Humorless,Champions of Kamigawa,24.93,14.99,15.63,-39.871640593662256,-37.304452466907335,top-5000 GMV,$20-50
512321,Blossoming Tortoise,Wilds of Eldraine,5.53,6.99,5.14,26.40144665461121,-7.05244122965643,top-5000 GMV,$5-10
4616,Brushland,Ice Age,19.96,17.99,11.2,-9.869739478957928,-43.88777555110221,top-5000 GMV,$10-20
13215,Breath of Fury,Ravnica: City of Guilds,18.1,18.99,11.92,4.917127071823187,-34.143646408839786,top-5000 GMV,$10-20
240152,Nettlecyst,Modern Horizons 2,3.12,4.99,2.52,59.93589743589743,-19.230769230769237,top-5000 GMV,$2-5
2030,Ashnod's Altar,Fifth Edition,14.85,20.99,13.48,41.346801346801335,-9.22558922558922,top-5000 GMV,$10-20
698219,Whispersilk Cloak,Commander: Marvel Super Heroes,1.62,2.99,1.3,84.5679012345679,-19.75308641975309,top-5000 GMV,$1-2
559160,Season of Gathering (Borderless),Bloomburrow,8.33,13.99,7.68,67.94717887154862,-7.803121248499403,top-5000 GMV,$5-10
169083,Omniscience,Core Set 2019,6.2,8.49,5.3,36.93548387096774,-14.516129032258071,top-5000 GMV,$5-10
552398,Persist (Borderless),Special Guests,5.94,8.99,4.59,51.34680134680134,-22.727272727272734,top-5000 GMV,$5-10
590714,"Gornog, the Red Reaper (Anime)",Foundations Jumpstart,3.61,6.49,2.37,79.77839335180057,-34.34903047091412,top-5000 GMV,$2-5
203145,Aura Shards (CMD),The List Reprints,19.59,24.99,20.11,27.56508422664624,2.654415518121488,top-5000 GMV,$10-20
264272,Darksteel Citadel,Secret Lair Drop Series,25.1,27.99,22.71,11.513944223107558,-9.521912350597612,top-5000 GMV,$20-50
78846,"Brimaz, King of Oreskos",Born of the Gods,8.88,10.99,6.51,23.76126126126125,-26.6891891891892,top-5000 GMV,$5-10
239776,Quirion Ranger,Modern Horizons 2,1.37,2.29,1.14,67.15328467153283,-16.788321167883225,top-5000 GMV,$1-2
512690,Omniscience,Wilds of Eldraine: Enchanting Tales,9.47,10.99,7.22,16.0506863780359,-23.759239704329467,top-5000 GMV,$5-10
499328,The Battle of Bywater,Universes Beyond: The Lord of the Rings: Tales of Middle-earth,2.9,3.99,1.89,37.58620689655174,-34.827586206896555,top-5000 GMV,$2-5
662420,Fabled Passage (Borderless),Avatar: The Last Airbender: Eternal-Legal,6.76,6.99,5.89,3.402366863905332,-12.869822485207102,top-5000 GMV,$5-10
624634,Canopy Gargantuan,Commander: Tarkir: Dragonstorm,3.55,5.49,2.01,54.64788732394368,-43.38028169014085,top-5000 GMV,$2-5
552893,Birthing Ritual (Borderless),Modern Horizons 3,6.29,11.99,6.24,90.6200317965024,-0.7949125596184391,top-5000 GMV,$5-10
699671,"Silver Surfer, Galactus's Herald (Extended Art)",Commander: Marvel Super Heroes,6.16,7.99,5.86,29.70779220779221,-4.870129870129867,top-5000 GMV,$5-10
279834,Forest (Showcase),Dominaria United,1.2,2.49,0.67,107.5,-44.16666666666666,top-5000 GMV,$1-2
243764,"Minn, Wily Illusionist",Commander: Adventures in the Forgotten Realms,8.04,14.99,7.98,86.44278606965176,-0.7462686567164021,top-5000 GMV,$5-10
624452,Crypt of Agadeem,Commander: Tarkir: Dragonstorm,2.89,3.99,2.47,38.062283737024224,-14.532871972318336,top-5000 GMV,$2-5
524202,"Gishath, Sun's Avatar",The Lost Caverns of Ixalan,7.16,4.49,3.95,-37.290502793296085,-44.83240223463688,top-5000 GMV,$5-10
12410,Choice of Damnations,Saviors of Kamigawa,18.61,27.99,13.71,50.40300913487372,-26.32993014508328,top-5000 GMV,$10-20
236402,Tempting Contract,Commander 2021,9.25,12.99,8.1,40.43243243243244,-12.432432432432435,top-5000 GMV,$5-10
558383,Hazel of the Rootbloom (Borderless),Commander: Bloomburrow,6.68,9.99,2.59,49.55089820359282,-61.227544910179645,top-5000 GMV,$5-10
577658,Silent Hallcreeper,Duskmourn: House of Horror,1.69,2.49,1.14,47.3372781065089,-32.544378698224854,top-5000 GMV,$1-2
247525,Reanimate,Commander Collection: Black,11.25,14.99,11.09,33.24444444444445,-1.4222222222222236,top-5000 GMV,$10-20
15657,Thousand-Year Elixir,Lorwyn,16.33,27.99,14.84,71.40232700551134,-9.124311083894664,top-5000 GMV,$10-20
452822,"Gwenna, Eyes of Gaea",The Brothers' War,4.88,5.49,4.33,12.500000000000004,-11.270491803278686,top-5000 GMV,$2-5
517254,Gimli's Reckless Might (Borderless),Commander: The Lord of the Rings: Tales of Middle-earth,4.66,9.99,11.85,114.37768240343348,154.29184549356222,top-5000 GMV,$2-5
526436,Lightning Greaves (Borderless),Commander: The Lost Caverns of Ixalan,13.15,15.99,10.88,21.59695817490494,-17.262357414448665,top-5000 GMV,$10-20
230989,Elderfang Venom,Commander: Kaldheim,4.66,9.49,4.8500000000000005,103.64806866952787,4.077253218884128,top-5000 GMV,$2-5
167150,"Toothy, Imaginary Friend",Battlebond,9.32,16.99,9.26,82.29613733905578,-0.64377682403434,top-5000 GMV,$5-10
222376,"Sygg, River Cutthroat",Commander: Zendikar Rising,4.2,6.49,4.2700000000000005,54.52380952380952,1.6666666666666732,top-5000 GMV,$2-5
512241,"Tegwyll, Duke of Splendor",Commander: Wilds of Eldraine,5.0,10.99,4.8500000000000005,119.8,-2.9999999999999893,top-5000 GMV,$5-10
687406,Ribtruss Roaster,Commander: Secrets of Strixhaven,0.38,0.49,0.15,28.947368421052627,-60.526315789473685,top-5000 GMV,$0-1
686557,Smallpox,Secrets of Strixhaven: Mystical Archive,0.83,0.59,0.19,-28.915662650602407,-77.10843373493975,top-5000 GMV,$0-1
1353,Braingeyser,Revised Edition,16.14,15.99,6.0200000000000005,-0.9293680297397792,-62.70136307311029,top-5000 GMV,$10-20
559957,Beledros Witherbloom,Commander: Bloomburrow,3.7,2.49,0.94,-32.7027027027027,-74.5945945945946,top-5000 GMV,$2-5
15633,Spellstutter Sprite,Lorwyn,4.18,7.49,3.49,79.18660287081342,-16.507177033492813,top-5000 GMV,$2-5
58302,Reforge the Soul,Avacyn Restored,6.36,9.49,5.12,49.21383647798741,-19.49685534591195,top-5000 GMV,$5-10
206854,Kiora Bests the Sea God,Theros Beyond Death,6.61,11.99,6.92,81.39183055975793,4.689863842662626,top-5000 GMV,$5-10
662038,Cityscape Leveler (Borderless),Avatar: The Last Airbender: Eternal-Legal,6.28,11.99,4.15,90.92356687898088,-33.917197452229296,top-5000 GMV,$5-10
642448,"Adagia, Windswept Bastion (Borderless)",Edge of Eternities,6.91,8.99,5.34,30.101302460202607,-22.72069464544139,top-5000 GMV,$5-10
4890,Songs of the Damned,Ice Age,2.58,1.79,1.02,-30.620155038759687,-60.46511627906976,top-5000 GMV,$2-5
545567,Tower Winder (Extended Art),Commander: Outlaws of Thunder Junction,10.65,11.99,7.29,12.582159624413144,-31.549295774647888,top-5000 GMV,$10-20
247528,Sol Ring,Commander Collection: Black,10.02,11.99,9.38,19.660678642714576,-6.387225548902184,top-5000 GMV,$10-20
286135,Dark Ritual,"Universes Beyond: Warhammer 40,000",7.82,6.99,4.15,-10.61381074168798,-46.9309462915601,top-5000 GMV,$5-10
188708,Narset's Reversal,War of the Spark,3.82,3.99,2.81,4.450261780104722,-26.439790575916227,top-5000 GMV,$2-5
630990,"Cid, Timeless Artificer (0216)",FINAL FANTASY,5.09,5.99,3.84,17.681728880157177,-24.557956777996072,top-5000 GMV,$5-10
633177,"Benedikta Harman - Ishai, Ojutai Dragonspeaker (Showcase)",FINAL FANTASY: Through the Ages,3.35,4.99,3.54,48.95522388059702,5.671641791044775,top-5000 GMV,$2-5
1550,Sacrifice,Revised Edition,6.85,5.99,3.9,-12.554744525547438,-43.06569343065693,top-5000 GMV,$5-10
4739,Illusions of Grandeur,Ice Age,16.52,17.99,6.09,8.898305084745756,-63.13559322033898,top-5000 GMV,$10-20
39509,Dismember,New Phyrexia,3.65,4.49,1.95,23.013698630136997,-46.57534246575342,top-5000 GMV,$2-5
196429,Sanctum of Eternity,Commander 2019,8.39,12.99,7.27,54.82717520858164,-13.349225268176411,top-5000 GMV,$5-10
588027,Omniscience (Borderless),Foundations,9.09,14.99,7.03,64.9064906490649,-22.662266226622656,top-5000 GMV,$5-10
2663,Mystical Tutor,Classic Sixth Edition,17.46,23.99,16.66,37.399770904925525,-4.581901489117988,top-5000 GMV,$10-20
688085,Great Hall of the Biblioplex,Secrets of Strixhaven,0.76,0.49,0.15,-35.526315789473685,-80.26315789473684,top-5000 GMV,$0-1
488255,Reprieve,Universes Beyond: The Lord of the Rings: Tales of Middle-earth,1.58,2.29,0.93,44.93670886075949,-41.13924050632911,top-5000 GMV,$1-2
478745,Glistening Sphere (Extended Art),Commander: Phyrexia: All Will Be One,12.45,17.99,12.69,44.49799196787148,1.927710843373496,top-5000 GMV,$10-20
495611,"Nahiri, Forged in Fury",March of the Machine: The Aftermath,8.48,9.49,7.28,11.910377358490564,-14.150943396226417,top-5000 GMV,$5-10
525628,Polyraptor (Borderless),Special Guests,17.49,19.99,15.29,14.293882218410522,-12.578616352201257,top-5000 GMV,$10-20
134933,The Locust God,Hour of Devastation,8.16,10.99,8.33,34.681372549019606,2.0833333333333326,top-5000 GMV,$5-10
56297,Infernal Plunge,Innistrad,0.51,0.79,0.37,54.90196078431373,-27.450980392156865,top-5000 GMV,$0-1
624048,Arcane Signet,Commander: Tarkir: Dragonstorm,0.62,0.99,0.46,59.67741935483871,-25.80645161290322,top-5000 GMV,$0-1
679842,"Raphael, the Nightwatcher (Borderless)",Teenage Mutant Ninja Turtles,3.36,2.29,1.02,-31.84523809523809,-69.64285714285714,top-5000 GMV,$2-5
646575,Spider-Punk,Marvel's Spider-Man,1.79,2.79,1.22,55.865921787709496,-31.84357541899442,top-5000 GMV,$1-2
696280,Multiversal Incursion (Borderless),Marvel Super Heroes,2.21,3.99,1.35,80.54298642533938,-38.914027149321264,top-5000 GMV,$2-5
492032,Skullclamp,Commander: March of the Machine,7.46,8.99,6.23,20.50938337801609,-16.487935656836456,top-5000 GMV,$5-10
234274,Bojuka Bog,Time Spiral: Remastered,5.71,5.99,5.3500000000000005,4.903677758318743,-6.304728546409797,top-5000 GMV,$5-10
552916,Mystic Gate,Commander: Modern Horizons 3,3.89,5.99,2.62,53.98457583547558,-32.64781491002571,top-5000 GMV,$2-5
221999,Sea of Clouds,Zendikar Rising Expeditions,27.68,32.99,28.13,19.1835260115607,1.6257225433525986,top-5000 GMV,$20-50
559059,"Helga, Skittish Seer",Bloomburrow,3.39,3.99,2.77,17.69911504424779,-18.28908554572272,top-5000 GMV,$2-5
668461,Baron Helmut Zemo,Marvel Super Heroes,0.3,0.49,0.15,63.33333333333334,-50.0,top-5000 GMV,$0-1
671073,Goblin Chieftain (Borderless),Special Guests,6.51,7.99,5.23,22.73425499231952,-19.66205837173578,top-5000 GMV,$5-10
615186,Arcane Denial,Commander: Aetherdrift,2.07,2.99,1.62,44.444444444444464,-21.7391304347826,top-5000 GMV,$2-5
552335,Strike It Rich (Retro Frame),Modern Horizons 2,4.19,5.49,4.18,31.02625298329355,-0.2386634844868896,top-5000 GMV,$2-5
190651,Snow-Covered Plains,Modern Horizons,1.0,0.99,0.39,-1.0000000000000009,-61.0,top-5000 GMV,$1-2
559617,Squirrel Mob (Borderless),Commander: Bloomburrow,7.97,5.49,5.74,-31.116687578419068,-27.97992471769134,top-5000 GMV,$5-10
662782,"Hei Bai, Forest Guardian (Extended Art)",Avatar: The Last Airbender: Eternal-Legal,11.12,14.99,9.22,34.80215827338131,-17.086330935251787,top-5000 GMV,$10-20
253574,"Edgar, Charmed Groom",Innistrad: Crimson Vow,3.86,4.49,2.96,16.32124352331607,-23.316062176165804,top-5000 GMV,$2-5
513413,Court of Garenbrig (Extended Art),Commander: Wilds of Eldraine,16.43,22.99,17.13,39.92696287279367,4.260499087035906,top-5000 GMV,$10-20
632701,Serah Farron (Extended Art),FINAL FANTASY,4.81,2.99,3.58,-37.83783783783783,-25.57172557172556,top-5000 GMV,$2-5
229242,Darkbore Pathway (Borderless),Kaldheim,5.84,9.49,6.25,62.500000000000014,7.020547945205482,top-5000 GMV,$5-10
687583,Immoral Bargain,Commander: Secrets of Strixhaven,0.51,0.69,0.17,35.29411764705881,-66.66666666666666,top-5000 GMV,$0-1
624934,Hellkite Courser,Commander: Tarkir: Dragonstorm,2.86,5.49,2.83,91.95804195804196,-1.0489510489510423,top-5000 GMV,$2-5
449606,Sneak Attack (Retro Frame),Dominaria Remastered,10.1,15.99,11.19,58.31683168316832,10.792079207920793,top-5000 GMV,$10-20
679580,Wave Goodbye,Commander: Teenage Mutant Ninja Turtles,1.98,2.29,0.92,15.65656565656566,-53.535353535353536,top-5000 GMV,$1-2
235463,Approach of the Second Sun,Strixhaven: Mystical Archive,6.57,9.49,5.98,44.44444444444444,-8.98021308980213,top-5000 GMV,$5-10
631262,Inexorable Tide,Commander: FINAL FANTASY,1.13,2.29,1.0,102.6548672566372,-11.504424778761054,top-5000 GMV,$1-2
532987,Show and Tell (Borderless),Special Guests,13.75,19.99,12.5,45.381818181818176,-9.090909090909092,top-5000 GMV,$10-20
662777,Dockside Extortionist (Borderless),Avatar: The Last Airbender: Eternal-Legal,6.79,7.49,5.47,10.309278350515466,-19.44035346097202,top-5000 GMV,$5-10
179490,Noble Hierarch,Ultimate Masters,11.63,15.99,11.18,37.48925193465176,-3.869303525365443,top-5000 GMV,$10-20
687612,"Breena, the Demagogue",Commander: Secrets of Strixhaven,0.5,1.49,0.47,198.0,-6.000000000000005,top-5000 GMV,$0-1
562488,Brainstorm (Future Sight),Mystery Booster 2,2.88,3.99,1.69,38.54166666666668,-41.31944444444444,top-5000 GMV,$2-5
12300,Lifegift,Betrayers of Kamigawa,9.75,14.99,9.56,53.74358974358975,-1.948717948717944,top-5000 GMV,$5-10
517660,Steam Vents,Ravnica Remastered,14.05,18.99,12.5,35.160142348754434,-11.032028469750896,top-5000 GMV,$10-20
451900,Swiftfoot Boots,The Brothers' War: Retro Frame Artifacts,2.6,4.49,2.08,72.6923076923077,-20.0,top-5000 GMV,$2-5
492045,Nesting Dovehawk (Extended Art),Commander: March of the Machine,20.79,24.99,21.62,20.2020202020202,3.992303992304001,top-5000 GMV,$20-50
149288,Beacon of Immortality,Explorers of Ixalan,15.59,20.99,15.93,34.63758819756253,2.1808851828094924,top-5000 GMV,$10-20
553204,Accursed Marauder,Modern Horizons 3,0.37,0.39,0.15,5.405405405405411,-59.45945945945946,top-5000 GMV,$0-1
98387,Noble Hierarch,Modern Masters 2015,10.76,17.99,10.92,67.19330855018586,1.4869888475836444,top-5000 GMV,$10-20
579005,Arachnogenesis,Commander: Duskmourn: House of Horror,7.27,9.99,7.03,37.41403026134802,-3.3012379642365794,top-5000 GMV,$5-10
697075,Super-Adaptoid,Marvel Super Heroes,0.37,0.49,0.15,32.432432432432435,-59.45945945945946,top-5000 GMV,$0-1
679619,Sol Ring,Commander: Teenage Mutant Ninja Turtles,2.06,2.49,1.49,20.873786407767,-27.669902912621364,top-5000 GMV,$2-5
505827,Rejuvenating Springs,Commander Masters,7.56,7.99,7.18,5.687830687830696,-5.026455026455025,top-5000 GMV,$5-10
504701,"Gisela, Blade of Goldnight",Commander Masters,5.04,5.49,4.25,8.928571428571432,-15.674603174603174,top-5000 GMV,$5-10
563259,Oath of Druids (Future Sight),Mystery Booster 2,5.38,7.99,3.53,48.51301115241636,-34.386617100371744,top-5000 GMV,$5-10
7801,Forsaken City,Planeshift,12.52,13.99,7.71,11.741214057507992,-38.418530351437695,top-5000 GMV,$10-20
233889,Goblin Engineer,Time Spiral: Remastered,10.37,9.99,9.25,-3.664416586306644,-10.800385728061707,top-5000 GMV,$10-20
108009,Pathbreaker Ibex,Commander 2015,16.32,22.99,14.67,40.87009803921568,-10.11029411764706,top-5000 GMV,$10-20
4377,Price of Progress,Exodus,9.77,10.99,7.05,12.487205731832146,-27.840327533265096,top-5000 GMV,$5-10
11953,"Boseiju, Who Shelters All",Champions of Kamigawa,18.24,20.99,12.94,15.076754385964913,-29.057017543859647,top-5000 GMV,$10-20
451964,Helm of the Host,The Brothers' War: Retro Frame Artifacts,10.76,8.99,9.75,-16.44981412639405,-9.386617100371746,top-5000 GMV,$10-20
188705,"Narset, Parter of Veils",War of the Spark,0.95,1.49,0.41,56.842105263157904,-56.842105263157904,top-5000 GMV,$0-1
39062,Phyresis,Mirrodin Besieged,1.89,2.79,0.52,47.61904761904763,-72.4867724867725,top-5000 GMV,$1-2
273625,"Rograkh, Son of Rohgahh",Secret Lair Drop Series,29.47,23.99,28.46,-18.595181540549717,-3.4272141160502136,top-5000 GMV,$20-50
544320,"Olivia, Opulent Outlaw (Borderless)",Commander: Outlaws of Thunder Junction,6.01,9.49,5.49,57.90349417637272,-8.652246256239595,top-5000 GMV,$5-10
539352,Ravages of War (Borderless),Universes Beyond: Fallout,23.76,29.99,20.82,26.220538720538705,-12.37373737373738,top-5000 GMV,$20-50
553294,Propaganda,Commander: Modern Horizons 3,4.12,3.49,2.27,-15.291262135922326,-44.90291262135923,top-5000 GMV,$2-5
662615,Tarnished Citadel (Borderless),Avatar: The Last Airbender: Eternal-Legal,5.41,5.99,4.23,10.720887245841036,-21.81146025878003,top-5000 GMV,$5-10
559609,Baleful Strix (Borderless),Commander: Bloomburrow,7.05,8.99,6.25,27.517730496453908,-11.347517730496453,top-5000 GMV,$5-10
268433,Arcane Bombardment,Streets of New Capenna,5.84,11.99,5.21,105.3082191780822,-10.787671232876711,top-5000 GMV,$5-10
553224,Vesuva,Commander: Modern Horizons 3,3.32,4.99,2.34,50.301204819277125,-29.518072289156628,top-5000 GMV,$2-5
686569,Reprieve (JP Alternate Art),Secrets of Strixhaven: Mystical Archive,3.32,3.49,3.44,5.120481927710855,3.614457831325304,top-5000 GMV,$2-5
519530,Reliquary Tower,Universes Beyond: Doctor Who,4.59,6.49,3.6,41.394335511982575,-21.568627450980387,top-5000 GMV,$2-5
679774,"Leonardo, Cutting Edge (Borderless)",Teenage Mutant Ninja Turtles,1.63,2.29,1.61,40.49079754601228,-1.2269938650306624,top-5000 GMV,$1-2
196483,Prismatic Strands,Commander 2019,7.07,12.99,7.7,83.73408769448373,8.91089108910891,top-5000 GMV,$5-10
544296,Spirebluff Canal (Borderless),Outlaws of Thunder Junction,6.55,11.99,5.65,83.05343511450383,-13.740458015267167,top-5000 GMV,$5-10
641744,The Endstone,Edge of Eternities,2.02,3.49,1.82,72.77227722772278,-9.9009900990099,top-5000 GMV,$2-5
67350,Illusionist's Bracers,Gatecrash,4.58,7.49,3.67,63.53711790393013,-19.868995633187776,top-5000 GMV,$2-5
545272,Orochi Soul-Reaver,Commander: Outlaws of Thunder Junction,11.27,11.99,10.56,6.3886424134871405,-6.29991126885536,top-5000 GMV,$10-20
47694,Ponder,Magic 2012 (M12),2.54,4.99,2.04,96.45669291338584,-19.685039370078737,top-5000 GMV,$2-5
263105,Imposter Mech,Commander: Kamigawa: Neon Dynasty,6.55,10.99,4.89,67.78625954198473,-25.343511450381683,top-5000 GMV,$5-10
587982,Heroic Intervention,Secret Lair Drop Series,19.03,20.99,17.92,10.299527062532828,-5.832895428271147,top-5000 GMV,$10-20
548568,"Miku, Lost but Singing - Azusa, Lost but Seeking",Secret Lair Drop Series,34.74,32.99,35.730000000000004,-5.037420840529649,2.8497409326424927,top-5000 GMV,$20-50
15493,Flamekin Harbinger,Lorwyn,6.04,6.99,4.09,15.728476821192055,-32.284768211920536,top-5000 GMV,$5-10
247824,Deserted Beach,Innistrad: Midnight Hunt,5.33,8.49,5.19,59.287054409005634,-2.626641651031889,top-5000 GMV,$5-10
552740,Victimize,Modern Horizons 3,0.5,1.29,0.2,158.0,-60.0,top-5000 GMV,$0-1
631664,"Rosa, Resolute White Mage",FINAL FANTASY,3.95,4.99,2.85,26.329113924050635,-27.848101265822784,top-5000 GMV,$2-5
282720,Liliana of the Veil,Dominaria United,6.01,8.99,5.21,49.584026622296186,-13.31114808652246,top-5000 GMV,$5-10
6313,Frantic Search,Urza's Legacy,1.54,2.29,1.02,48.701298701298704,-33.76623376623377,top-5000 GMV,$1-2
218810,Manamorphose,Double Masters,4.47,6.49,4.65,45.19015659955258,4.026845637583906,top-5000 GMV,$2-5
563224,Goblin King (Future Sight),Mystery Booster 2,4.84,5.99,3.12,23.7603305785124,-35.53719008264463,top-5000 GMV,$2-5
699573,Professor Hulk (Extended Art),Commander: Marvel Super Heroes,7.99,7.49,4.57,-6.25782227784731,-42.8035043804756,top-5000 GMV,$5-10
524196,"Malcolm, Alluring Scoundrel",The Lost Caverns of Ixalan,2.2,3.99,2.05,81.36363636363636,-6.818181818181834,top-5000 GMV,$2-5
272792,Basilisk Collar,Commander Legends: Battle for Baldur's Gate,5.46,6.49,4.58,18.86446886446887,-16.117216117216117,top-5000 GMV,$5-10
277163,Gifts Ungiven (Borderless),Double Masters 2022,6.67,7.49,6.83,12.293853073463271,2.398800599700152,top-5000 GMV,$5-10
539974,Skullclamp,Universes Beyond: Fallout,7.76,9.49,6.11,22.2938144329897,-21.262886597938135,top-5000 GMV,$5-10
512484,Kindred Discovery (Anime Borderless),Wilds of Eldraine: Enchanting Tales,21.16,23.99,20.3,13.374291115311902,-4.064272211720224,top-5000 GMV,$20-50
696360,Island (0280),Marvel Super Heroes,0.29,0.59,0.15,103.44827586206895,-48.27586206896552,top-5000 GMV,$0-1
679185,"Mikey & Leo, Chaos & Order (Showcase)",Teenage Mutant Ninja Turtles,5.67,4.49,4.2,-20.811287477954146,-25.925925925925924,top-5000 GMV,$5-10
135080,Overwhelming Splendor,Hour of Devastation,6.59,10.99,5.18,66.76783004552352,-21.396054628224583,top-5000 GMV,$5-10
534208,Archdruid's Charm (Extended Art),Murders at Karlov Manor,8.99,12.99,7.8,44.493882091212456,-13.23692992213571,top-5000 GMV,$5-10
581381,Mental Note,The List Reprints,7.98,11.99,7.18,50.25062656641603,-10.025062656641612,top-5000 GMV,$5-10
247351,"Michiko Konda, Truth Seeker",Secret Lair Drop Series,22.08,24.99,23.91,13.17934782608696,8.288043478260878,top-5000 GMV,$20-50
8732,Demonic Tutor,Beta Edition,594.16,1199.99,677.28,101.96411740945202,13.989497778376196,top-5000 GMV,$200+
498438,Minas Tirith (0420) (Borderless),Universes Beyond: The Lord of the Rings: Tales of Middle-earth,6.33,8.99,6.59,42.022116903633496,4.107424960505526,top-5000 GMV,$5-10
36390,Venser's Journal,Scars of Mirrodin,9.69,15.99,8.120000000000001,65.015479876161,-16.202270381836932,top-5000 GMV,$5-10
507087,Skittering Cicada (Extended Art),Commander Masters,13.58,20.99,12.08,54.56553755522826,-11.045655375552284,top-5000 GMV,$10-20
490531,City on Fire (Extended Art),March of the Machine,12.16,15.99,11.72,31.49671052631579,-3.618421052631575,top-5000 GMV,$10-20
651344,Behold the Sinister Six!,Marvel's Spider-Man,3.55,5.99,2.05,68.7323943661972,-42.25352112676057,top-5000 GMV,$2-5
267839,Snap,Secret Lair Drop Series,24.79,21.99,17.580000000000002,-11.29487696651876,-29.08430818878579,top-5000 GMV,$20-50
36246,Sword of Body and Mind,Scars of Mirrodin,18.93,17.99,15.78,-4.965662968832548,-16.640253565768624,top-5000 GMV,$10-20
210710,Arid Mesa,Secret Lair Series,42.46,42.99,39.55,1.2482336316533234,-6.853509185115411,top-5000 GMV,$20-50
176588,Doom Whisperer,Guilds of Ravnica,5.79,8.99,4.67,55.26770293609672,-19.34369602763385,top-5000 GMV,$5-10
47412,Aura Shards,Commander,28.21,27.99,21.62,-0.7798652959943367,-23.36051045728465,top-5000 GMV,$20-50
548581,Siege-Gang Lieutenant,Commander: Modern Horizons 3,4.25,0.79,3.19,-81.41176470588235,-24.94117647058824,top-5000 GMV,$2-5
482666,Arcane Signet,MagicFest Cards,8.97,6.49,8.24,-27.647714604236345,-8.138238573021187,top-5000 GMV,$5-10
687432,Rapid Hybridization,Commander: Secrets of Strixhaven,1.16,1.99,0.58,71.55172413793105,-50.0,top-5000 GMV,$1-2
526135,"Anim Pakal, Thousandth Moon (Showcase)",The Lost Caverns of Ixalan,4.28,6.49,4.28,51.63551401869159,0.0,top-5000 GMV,$2-5
513653,Glen Elendra Archmage,Commander: Wilds of Eldraine,11.87,12.99,9.74,9.435551811288972,-17.94439764111204,top-5000 GMV,$10-20
563075,Contamination (Future Sight),Mystery Booster 2,5.39,7.99,3.88,48.23747680890539,-28.014842300556587,top-5000 GMV,$5-10
517686,"Krenko, Mob Boss (Anime Borderless)",Ravnica Remastered,8.74,8.99,5.66,2.860411899313501,-35.24027459954233,top-5000 GMV,$5-10
199058,Mirrormade (Extended Art),Throne of Eldraine,11.45,12.99,10.53,13.449781659388654,-8.034934497816595,top-5000 GMV,$10-20
190720,"Morophon, the Boundless",Modern Horizons,8.64,8.99,7.35,4.050925925925922,-14.930555555555566,top-5000 GMV,$5-10
686540,Hardened Academic,Secrets of Strixhaven,0.42,0.49,0.15,16.666666666666668,-64.28571428571429,top-5000 GMV,$0-1
153226,Storm the Vault,Rivals of Ixalan,5.74,9.49,5.59,65.33101045296166,-2.613240418118473,top-5000 GMV,$5-10
532886,Crime Novelist,Murders at Karlov Manor,1.03,1.99,0.44,93.20388349514562,-57.28155339805826,top-5000 GMV,$1-2
221838,Needleverge Pathway,Zendikar Rising,4.16,5.49,3.5500000000000003,31.97115384615385,-14.663461538461537,top-5000 GMV,$2-5
677477,Seasoned Dungeoneer,Secret Lair Drop Series,6.8,9.49,6.7700000000000005,39.558823529411775,-0.4411764705882259,top-5000 GMV,$5-10
552707,Sowing Mycospawn (Borderless),Modern Horizons 3,3.81,4.49,2.65,17.847769028871397,-30.44619422572179,top-5000 GMV,$2-5
216588,Branching Evolution,Jumpstart,7.36,9.99,6.61,35.73369565217391,-10.190217391304348,top-5000 GMV,$5-10
13475,Watery Grave,Ravnica: City of Guilds,17.27,21.99,12.53,27.3306311522872,-27.446438911407068,top-5000 GMV,$10-20
253542,Reckless Impulse,Innistrad: Crimson Vow,1.44,2.49,1.04,72.91666666666669,-27.77777777777777,top-5000 GMV,$1-2
631013,"Terra, Magical Adept",FINAL FANTASY,1.71,2.49,1.55,45.61403508771932,-9.356725146198826,top-5000 GMV,$1-2
169081,Magistrate's Scepter,Core Set 2019,3.57,3.99,3.26,11.764705882352953,-8.683473389355745,top-5000 GMV,$2-5
696871,"Taskmaster, Mercenary Mimic (Extended Art)",Marvel Super Heroes,2.2,2.79,1.04,26.81818181818181,-52.727272727272734,top-5000 GMV,$2-5
6332,Karmic Guide,Urza's Legacy,5.87,9.49,2.68,61.6695059625213,-54.34412265758092,top-5000 GMV,$5-10
221832,Clearwater Pathway (Borderless),Zendikar Rising,4.37,6.99,4.63,59.95423340961098,5.949656750572077,top-5000 GMV,$2-5
674640,Sol Ring (2467),Secret Lair Drop Series,8.98,9.99,8.53,11.24721603563474,-5.011135857461036,top-5000 GMV,$5-10
697202,Impossible Man,Commander: Marvel Super Heroes,11.92,15.99,10.5,34.144295302013425,-11.912751677852349,top-5000 GMV,$10-20
269595,Life of the Party,Commander: Streets of New Capenna,11.63,17.99,11.29,54.68615649183145,-2.923473774720564,top-5000 GMV,$10-20
283295,Talisman of Dominance (Retro Frame),Secret Lair Drop Series,43.3,47.99,43.03,10.831408775981537,-0.6235565819861341,top-5000 GMV,$20-50
674645,Mutational Advantage,Secret Lair Drop Series,7.83,11.99,6.1000000000000005,53.12899106002554,-22.094508301404847,top-5000 GMV,$5-10
563107,Crashing Footfalls (Future Sight),Mystery Booster 2,1.13,2.79,0.42,146.90265486725667,-62.83185840707964,top-5000 GMV,$1-2
696647,"The Mighty Thor, Jane Foster (Extended Art)",Marvel Super Heroes,1.6,2.29,1.19,43.125,-25.625000000000007,top-5000 GMV,$1-2
563269,Relic of Progenitus (Future Sight),Mystery Booster 2,5.99,10.99,5.93,83.47245409015025,-1.0016694490818112,top-5000 GMV,$5-10
688978,Petrified Hamlet (Extended Art),Secrets of Strixhaven,1.37,1.99,0.25,45.255474452554736,-81.75182481751825,top-5000 GMV,$1-2
203545,Vigor,The List Reprints,15.71,11.99,10.42,-23.679185232336096,-33.67281985996181,top-5000 GMV,$10-20
67436,Legion Loyalist,Gatecrash,5.5,7.49,3.12,36.18181818181819,-43.27272727272727,top-5000 GMV,$5-10
265378,Raffine's Tower (Showcase),Streets of New Capenna,14.19,17.99,13.65,26.77942212825933,-3.805496828752637,top-5000 GMV,$10-20
243329,Cleric Class,Adventures in the Forgotten Realms,2.03,2.99,1.42,47.2906403940887,-30.04926108374384,top-5000 GMV,$2-5
6404,Treetop Village,Urza's Legacy,3.73,4.49,2.49,20.37533512064344,-33.24396782841823,top-5000 GMV,$2-5
631748,Summon: Good King Mog XII (Borderless),Commander: FINAL FANTASY,5.54,8.49,5.15,53.24909747292419,-7.039711191335734,top-5000 GMV,$5-10
286524,Skullclamp,"Universes Beyond: Warhammer 40,000",8.71,11.99,8.120000000000001,37.65786452353616,-6.773823191733637,top-5000 GMV,$5-10
118430,Entomb,Eternal Masters,17.14,24.99,14.58,45.79929988331387,-14.935822637106186,top-5000 GMV,$10-20
559500,Rabbit Response,Bloomburrow,0.13,0.35,0.15,169.2307692307692,15.384615384615378,top-5000 GMV,$0-1
254145,Nirkana Revenant,Commander: Innistrad: Crimson Vow,7.06,8.99,6.9,27.33711048158641,-2.2662889518413496,top-5000 GMV,$5-10
552392,Thought-Knot Seer (Borderless),Special Guests,6.74,11.99,6.43,77.89317507418397,-4.599406528189919,top-5000 GMV,$5-10
668579,High Perfect Morcant (Extended Art),Lorwyn Eclipsed,2.74,3.99,1.84,45.62043795620438,-32.846715328467155,top-5000 GMV,$2-5
634035,"Midgar, City of Mako (Borderless)",FINAL FANTASY,4.93,4.99,2.41,1.2170385395537628,-51.1156186612576,top-5000 GMV,$2-5
560010,Tireless Provisioner,Commander: Bloomburrow,4.12,3.99,2.03,-3.15533980582524,-50.72815533980584,top-5000 GMV,$2-5
200217,Smothering Tithe,Promo Pack: Throne of Eldraine,56.84,84.99,56.2,49.52498240675578,-1.1259676284306834,top-5000 GMV,$50-100
457135,Nature's Lore,Dominaria Remastered,3.05,3.99,2.8000000000000003,30.81967213114756,-8.196721311475395,top-5000 GMV,$2-5
272657,"Tasha, the Witch Queen",Commander Legends: Battle for Baldur's Gate,6.37,8.49,5.21,33.28100470957614,-18.21036106750393,top-5000 GMV,$5-10
575054,Split Up,Duskmourn: House of Horror,1.68,2.79,1.53,66.07142857142858,-8.928571428571423,top-5000 GMV,$1-2
457123,Lyra Dawnbringer (Borderless),Dominaria Remastered,7.69,9.99,6.44,29.908972691807534,-16.25487646293888,top-5000 GMV,$5-10
162150,"Teferi, Hero of Dominaria",Dominaria,5.3,6.99,4.15,31.8867924528302,-21.69811320754716,top-5000 GMV,$5-10
504516,"Mirri, Weatherlight Duelist",Commander Masters,5.78,8.49,4.16,46.88581314878893,-28.027681660899656,top-5000 GMV,$5-10
525612,Lord Windgrace (Borderless),Special Guests,15.2,20.99,14.58,38.09210526315789,-4.078947368421048,top-5000 GMV,$10-20
689486,Blazing Firesinger,Secrets of Strixhaven,0.32,0.35,0.15,9.374999999999991,-53.125,top-5000 GMV,$0-1
519305,Sol Ring,Universes Beyond: Doctor Who,1.89,2.79,1.61,47.61904761904763,-14.814814814814806,top-5000 GMV,$1-2
662110,Earthbender Ascension (Borderless),Avatar: The Last Airbender,3.53,4.49,3.39,27.19546742209633,-3.9660056657223706,top-5000 GMV,$2-5
686597,Prismari Charm,Secrets of Strixhaven,0.34,0.35,0.15,2.9411764705882213,-55.88235294117647,top-5000 GMV,$0-1
641822,Eldrazi Temple (0014) (Borderless),Edge of Eternities: Stellar Sights,3.21,6.99,2.91,117.7570093457944,-9.34579439252336,top-5000 GMV,$2-5
118757,Carrion Feeder,Eternal Masters,4.0,4.99,3.1,24.750000000000007,-22.5,top-5000 GMV,$2-5
233965,Heartwood Storyteller,Time Spiral: Remastered,4.22,4.99,4.33,18.246445497630344,2.6066350710900554,top-5000 GMV,$2-5
906,Swamp (UGL),Unglued,9.41,9.99,6.19,6.163655685441021,-34.218916046758764,top-5000 GMV,$5-10
167791,Vigor,Battlebond,15.23,10.99,11.57,-27.839789888378203,-24.03151674326986,top-5000 GMV,$10-20
283214,The Reaver Cleaver (Extended Art),Commander: Dominaria United,17.35,23.99,19.66,38.2708933717579,13.31412103746397,top-5000 GMV,$10-20
251759,Vault of the Archangel,Secret Lair Drop Series,28.02,27.99,28.49,-0.1070663811563209,1.6773733047822943,top-5000 GMV,$20-50
247830,Rockfall Vale,Innistrad: Midnight Hunt,3.01,4.99,3.17,65.78073089700999,5.315614617940204,top-5000 GMV,$2-5
517684,Massacre Girl (Anime Borderless),Ravnica Remastered,8.56,9.49,5.67,10.864485981308407,-33.76168224299066,top-5000 GMV,$5-10
609708,Griselbrand (Retro Frame),Innistrad Remastered,6.61,10.99,6.24,66.26323751891073,-5.597579425113466,top-5000 GMV,$5-10
218372,Arcum Dagsson,Double Masters,18.86,18.99,17.06,0.6892895015906628,-9.5440084835631,top-5000 GMV,$10-20
279243,Utopia Sprawl (409),Secret Lair Drop Series,16.03,16.99,16.51,5.98877105427322,2.9943855271366213,top-5000 GMV,$10-20
6267,Urza's Incubator,Urza's Destiny,26.54,23.99,18.18,-9.608138658628487,-31.49962321024868,top-5000 GMV,$20-50
253830,Craterhoof Behemoth (375),Secret Lair Drop Series,20.93,27.99,20.84,33.73148590539895,-0.4300047778308641,top-5000 GMV,$20-50
228748,Assassin's Trophy,Secret Lair Drop Series,18.7,22.99,18.42,22.941176470588232,-1.4973262032085433,top-5000 GMV,$10-20
10188,Hunting Grounds,Judgment,5.18,3.99,1.46,-22.972972972972965,-71.81467181467181,top-5000 GMV,$5-10
475519,"Elesh Norn, Mother of Machines (Showcase)",Phyrexia: All Will Be One,33.88,47.99,30.21,41.64698937426209,-10.83234946871311,top-5000 GMV,$20-50
6362,Phyrexian Reclamation,Urza's Legacy,3.38,5.49,2.34,62.42603550295859,-30.76923076923077,top-5000 GMV,$2-5
631026,Absolute Virtue (Extended Art),FINAL FANTASY,12.57,13.99,11.76,11.296738265712012,-6.443914081145588,top-5000 GMV,$10-20
687479,Radiant Summit,Commander: Secrets of Strixhaven,0.73,0.69,0.66,-5.479452054794526,-9.589041095890405,top-5000 GMV,$0-1
579038,Inkshield,Commander: Duskmourn: House of Horror,5.57,8.99,4.12,61.40035906642728,-26.032315978456012,top-5000 GMV,$5-10
643667,Strip Mine (0085) (Borderless),Edge of Eternities: Stellar Sights,34.92,34.99,35.32,0.2004581901489126,1.145475372279492,top-5000 GMV,$20-50
624911,Windcrag Siege (Borderless),Tarkir: Dragonstorm,3.02,5.49,2.92,81.78807947019868,-3.3112582781456985,top-5000 GMV,$2-5
6928,"Karn, Silver Golem",Urza's Saga,19.99,19.99,11.92,0.0,-40.370185092546265,top-5000 GMV,$10-20
580713,"Chucky - Kardur, Doomscourge",Secret Lair Drop Series,23.83,32.99,26.02,38.4389425094419,9.19009651699539,top-5000 GMV,$20-50
687519,Zulaport Cutthroat,Commander: Secrets of Strixhaven,1.09,2.29,0.96,110.09174311926604,-11.926605504587169,top-5000 GMV,$1-2
615374,Unstoppable Plan,Aetherdrift,3.24,3.99,1.43,23.148148148148145,-55.8641975308642,top-5000 GMV,$2-5
273890,Brainstealer Dragon,Commander Legends: Battle for Baldur's Gate,10.37,13.99,9.37,34.90838958534235,-9.643201542912246,top-5000 GMV,$10-20
631137,Swords to Plowshares,Commander: FINAL FANTASY,1.52,2.49,1.25,63.81578947368423,-17.763157894736842,top-5000 GMV,$1-2
671750,Soul Immolation,Lorwyn Eclipsed,2.82,2.79,1.49,-1.063829787234036,-47.16312056737589,top-5000 GMV,$2-5
517698,Temple Garden (Borderless),Ravnica Remastered,16.69,19.99,16.44,19.772318753744734,-1.4979029358897542,top-5000 GMV,$10-20
578059,Withering Torment (Showcase),Duskmourn: House of Horror,3.26,3.99,2.08,22.39263803680983,-36.1963190184049,top-5000 GMV,$2-5
110546,Wastes (183) - Full Art,Oath of the Gatewatch,0.86,1.99,0.45,131.3953488372093,-47.67441860465116,top-5000 GMV,$0-1
699684,Hulkbuster Armor (Extended Art),Commander: Marvel Super Heroes,9.4,7.99,8.120000000000001,-15.000000000000002,-13.617021276595736,top-5000 GMV,$5-10
544337,High Noon (Extended Art),Outlaws of Thunder Junction,8.67,12.99,6.25,49.826989619377166,-27.912341407151096,top-5000 GMV,$5-10
239388,Unmarked Grave,Modern Horizons 2,2.88,4.49,2.5500000000000003,55.90277777777779,-11.45833333333332,top-5000 GMV,$2-5
555903,Sword of Light and Shadow (Borderless),Universes Beyond: Assassin's Creed,14.76,20.99,14.58,42.20867208672086,-1.2195121951219494,top-5000 GMV,$10-20
4881,Snow-Covered Island,Ice Age,3.45,3.99,2.15,15.65217391304348,-37.68115942028986,top-5000 GMV,$2-5
179459,Bitterblossom,Ultimate Masters,34.11,37.99,31.77,11.37496335385518,-6.860158311345646,top-5000 GMV,$20-50
609693,Hermit Druid (Showcase),Innistrad Remastered,10.31,15.99,8.83,55.0921435499515,-14.35499515033948,top-5000 GMV,$10-20
578988,Sphere of Safety,Commander: Duskmourn: House of Horror,5.26,5.99,3.46,13.878326996197726,-34.22053231939163,top-5000 GMV,$5-10
552884,Recruiter of the Guard (Retro Frame),Modern Horizons 3,5.87,8.49,5.8100000000000005,44.63373083475298,-1.022146507666092,top-5000 GMV,$5-10
631540,Sol Ring (0356),Commander: FINAL FANTASY,1.4,2.79,1.49,99.2857142857143,6.428571428571435,top-5000 GMV,$1-2
243342,Sorcerer Class,Adventures in the Forgotten Realms,2.73,3.49,3.0700000000000003,27.838827838827847,12.454212454212463,top-5000 GMV,$2-5
253057,Necroduality,Innistrad: Crimson Vow,7.59,10.99,6.36,44.79578392621871,-16.205533596837938,top-5000 GMV,$5-10
34871,Bear Umbra,Rise of the Eldrazi,14.95,17.99,11.14,20.33444816053511,-25.48494983277591,top-5000 GMV,$10-20
530797,Crypt Ghast (Retro Frame),Ravnica Remastered,14.23,20.99,14.4,47.50527055516513,1.1946591707659868,top-5000 GMV,$10-20
554684,Norin the Wary,Secret Lair Drop Series,29.56,29.99,26.97,1.4546684709066298,-8.761840324763194,top-5000 GMV,$20-50
523121,Nuka-Cola Vending Machine (Borderless),Universes Beyond: Fallout,31.21,34.99,32.04,12.111502723486064,2.659404037167569,top-5000 GMV,$20-50
545554,Ancient Greenwarden,Commander: Outlaws of Thunder Junction,12.08,16.99,11.46,40.6456953642384,-5.132450331125821,top-5000 GMV,$10-20
10352,Insurrection,Onslaught,9.58,15.99,7.68,66.91022964509395,-19.832985386221296,top-5000 GMV,$5-10
3558,Preacher,The Dark,29.16,32.99,18.1,13.134430727023323,-37.92866941015089,top-5000 GMV,$20-50
687439,Yavimaya Bloomsage,Commander: Secrets of Strixhaven,0.4,0.49,0.15,22.499999999999996,-62.5,top-5000 GMV,$0-1
218255,Boon Reflection,Double Masters,13.08,12.99,11.07,-0.6880733944954117,-15.36697247706422,top-5000 GMV,$10-20
643908,Grove of the Burnwillows (0017) (Borderless),Edge of Eternities: Stellar Sights,6.2,12.99,6.37,109.51612903225806,2.741935483870966,top-5000 GMV,$5-10
267829,"Chun-Li, Countless Kicks",Secret Lair Drop Series,17.67,19.99,16.67,13.12959818902092,-5.659309564233163,top-5000 GMV,$10-20
696495,"Doc Samson, Super Psychiatrist",Marvel Super Heroes,0.27,0.35,0.15,29.62962962962961,-44.44444444444445,top-5000 GMV,$0-1
478417,Hexplate Wallbreaker,Commander: Phyrexia: All Will Be One,7.93,11.99,6.04,51.19798234552334,-23.83354350567465,top-5000 GMV,$5-10
212082,"Kogla, the Titan Ape",Ikoria: Lair of Behemoths,3.41,5.49,3.2,60.99706744868036,-6.158357771260996,top-5000 GMV,$2-5
5941,Teferi's Puzzle Box,Visions,20.04,21.99,11.71,9.730538922155684,-41.566866267465066,top-5000 GMV,$20-50
145292,"Sheoldred, Whispering One",Iconic Masters,22.23,27.99,22.69,25.910931174089058,2.069275753486284,top-5000 GMV,$20-50
33292,"Emeria, the Sky Ruin",Zendikar,19.26,17.99,7.26,-6.593977154724834,-62.30529595015577,top-5000 GMV,$10-20
561275,"Flubs, the Fool (Extended Art)",Buy-A-Box Promos,2.43,1.29,2.26,-46.91358024691358,-6.995884773662567,top-5000 GMV,$2-5
11306,Extraplanar Lens,Mirrodin,12.18,18.99,12.28,55.91133004926108,0.8210180623973699,top-5000 GMV,$10-20
697414,Door of Destinies,Commander: Marvel Super Heroes,2.1,3.49,1.83,66.19047619047619,-12.85714285714286,top-5000 GMV,$2-5
11318,Thoughtcast,Mirrodin,2.59,2.79,1.03,7.722007722007729,-60.23166023166024,top-5000 GMV,$2-5
646582,Miles Morales (0200) (Borderless),Marvel's Spider-Man,7.25,8.49,5.38,17.10344827586207,-25.79310344827586,top-5000 GMV,$5-10
589744,Exemplar of Light (Borderless),Foundations,4.87,6.99,3.94,43.53182751540041,-19.09650924024641,top-5000 GMV,$2-5
35601,Relentless Rats,Magic 2011 (M11),5.58,5.49,3.99,-1.612903225806449,-28.494623655913976,top-5000 GMV,$5-10
192602,Voracious Hydra,Core Set 2020,4.43,4.99,2.77,12.641083521444706,-37.471783295711056,top-5000 GMV,$2-5
14902,Grove of the Burnwillows,Future Sight,15.93,22.99,11.85,44.31889516635278,-25.6120527306968,top-5000 GMV,$10-20
689111,Dina's Guidance (Extended Art),Secrets of Strixhaven,1.55,1.29,0.78,-16.7741935483871,-49.67741935483871,top-5000 GMV,$1-2
8823,Llanowar Elves,Beta Edition,109.46,119.99,83.36,9.61995249406176,-23.844326694682984,top-5000 GMV,$100-200
504550,Ezuri's Predation,Commander Masters,6.27,4.99,4.01,-20.414673046251984,-36.04465709728867,top-5000 GMV,$5-10
5078,Forsaken Wastes,Mirage,14.84,12.99,10.34,-12.46630727762803,-30.32345013477089,top-5000 GMV,$10-20
262869,Farewell (Showcase),Kamigawa: Neon Dynasty,10.57,9.99,8.85,-5.487228003784296,-16.27246925260171,top-5000 GMV,$10-20
614483,"Ketramose, the New Dawn",Aetherdrift,3.99,5.49,3.71,37.59398496240601,-7.0175438596491295,top-5000 GMV,$2-5
578994,Timely Ward,Commander: Duskmourn: House of Horror,5.02,7.49,3.82,49.20318725099603,-23.90438247011952,top-5000 GMV,$5-10
196533,Sudden Substitution,Commander 2019,5.47,7.49,4.5,36.92870201096893,-17.733089579524677,top-5000 GMV,$5-10
525283,Tarrian's Soulcleaver,The Lost Caverns of Ixalan,3.61,4.49,2.83,24.37673130193907,-21.60664819944598,top-5000 GMV,$2-5
243390,Teleportation Circle (Extended Art),Adventures in the Forgotten Realms,11.38,13.99,10.38,22.934973637961328,-8.787346221441124,top-5000 GMV,$10-20
560232,Agate Instigator (Extended Art),Commander: Bloomburrow,10.92,10.99,9.87,0.6410256410256436,-9.615384615384622,top-5000 GMV,$10-20
251800,Vault of Whispers,Secret Lair Drop Series,15.48,21.99,16.21,42.05426356589146,4.715762273901811,top-5000 GMV,$10-20
687478,Pawn of Ulamog,Commander: Secrets of Strixhaven,0.47,0.99,0.25,110.63829787234044,-46.80851063829787,top-5000 GMV,$0-1
478548,Norn's Decree,Commander: Phyrexia: All Will Be One,8.66,7.99,8.33,-7.736720554272517,-3.8106235565819873,top-5000 GMV,$5-10
697282,Doomsday,Commander: Marvel Super Heroes,2.39,4.49,2.49,87.86610878661088,4.184100418410045,top-5000 GMV,$2-5
210712,Misty Rainforest,Secret Lair Series,40.93,54.99,41.66,34.35133154165649,1.783532860982157,top-5000 GMV,$20-50
14362,Snapback,Time Spiral,0.59,1.29,0.3,118.6440677966102,-49.15254237288135,top-5000 GMV,$0-1
513707,Bear Umbra,Commander: Wilds of Eldraine,11.13,14.99,10.22,34.68104222821204,-8.176100628930818,top-5000 GMV,$10-20
670980,Heat Shimmer (Borderless),Special Guests,8.06,8.99,6.54,11.538461538461531,-18.85856079404467,top-5000 GMV,$5-10
545263,Tower Winder,Commander: Outlaws of Thunder Junction,9.38,11.99,9.1,27.825159914712145,-2.985074626865684,top-5000 GMV,$5-10
243756,Sword of Hours,Commander: Adventures in the Forgotten Realms,5.12,7.99,4.8,56.0546875,-6.250000000000005,top-5000 GMV,$5-10
488259,Tom Bombadil,Universes Beyond: The Lord of the Rings: Tales of Middle-earth,4.2,3.99,3.29,-4.999999999999999,-21.66666666666667,top-5000 GMV,$2-5
488283,Bridge of Khazad-dum - Ensnaring Bridge (Borderless),Commander: The Lord of the Rings: Tales of Middle-earth,13.07,23.99,13.41,83.55011476664114,2.6013771996939545,top-5000 GMV,$10-20
448845,"Optimus Prime, Hero",Universes Beyond: Transformers,3.37,3.99,2.81,18.39762611275965,-16.617210682492583,top-5000 GMV,$2-5
272928,"Ganax, Astral Hunter",Commander Legends: Battle for Baldur's Gate,1.12,1.99,1.02,77.6785714285714,-8.928571428571436,top-5000 GMV,$1-2
14017,Commandeer,Coldsnap,9.6,11.99,7.03,24.89583333333334,-26.77083333333333,top-5000 GMV,$5-10
91937,Island (C),Beta Edition,46.21,47.99,24.22,3.85198009088942,-47.5871023587968,top-5000 GMV,$20-50
273084,Citadel Gate,Commander Legends: Battle for Baldur's Gate,2.07,4.49,1.84,116.9082125603865,-11.1111111111111,top-5000 GMV,$2-5
139786,Hammer of Nazahn,Commander 2017,16.15,15.99,14.94,-0.9907120743033956,-7.4922600619195,top-5000 GMV,$10-20
559608,"Karn, the Great Creator (Borderless)",Commander: Bloomburrow,10.21,13.99,7.43,37.02252693437805,-27.228207639569057,top-5000 GMV,$10-20
632689,"The Shadow Lord - Gix, Yawgmoth Praetor (Showcase)",FINAL FANTASY: Through the Ages,5.32,5.99,3.34,12.593984962406012,-37.21804511278196,top-5000 GMV,$5-10
192523,"Ajani, Strength of the Pride",Core Set 2020,9.76,9.99,8.73,2.3565573770491848,-10.553278688524584,top-5000 GMV,$5-10
457279,Maze of Ith (Retro Frame),Dominaria Remastered,9.19,12.99,9.25,41.34929270946682,0.6528835690968499,top-5000 GMV,$5-10
221952,Emeria's Call,Zendikar Rising,4.57,6.49,4.5600000000000005,42.01312910284464,-0.2188183807439778,top-5000 GMV,$2-5
5093,Hall of Gemstone,Mirage,14.41,11.99,10.68,-16.793893129770993,-25.884802220680086,top-5000 GMV,$10-20
525380,"Blue, Loyal Raptor (Borderless)",Universes Beyond: Jurassic World Collection,6.47,4.49,5.73,-30.60278207109737,-11.43740340030911,top-5000 GMV,$5-10
552317,Kaalia of the Vast,Modern Horizons 3,2.33,2.79,1.56,19.742489270386265,-33.047210300429185,top-5000 GMV,$2-5
555919,Silent Clearing (Borderless),Universes Beyond: Assassin's Creed,7.62,9.99,7.41,31.10236220472441,-2.755905511811023,top-5000 GMV,$5-10
222414,Akroma's Memorial,The List Reprints,33.8,39.99,30.57,18.31360946745564,-9.556213017751473,top-5000 GMV,$20-50
578921,Kederekt Parasite,Commander: Duskmourn: House of Horror,7.97,10.99,6.25,37.892095357590975,-21.580928481806776,top-5000 GMV,$5-10
657786,Swamp (0255),Teenage Mutant Ninja Turtles,0.5,0.69,0.3,37.99999999999999,-40.0,top-5000 GMV,$0-1
4372,Penance,Exodus,5.38,4.49,4.57,-16.542750929368026,-15.05576208178438,top-5000 GMV,$5-10
215960,Reanimate,Jumpstart,8.4,12.99,8.17,54.64285714285714,-2.738095238095243,top-5000 GMV,$5-10
1174,Lightning Bolt,Alpha Edition,620.0,799.99,281.32,29.030645161290323,-54.6258064516129,top-5000 GMV,$200+
3578,Stone Calendar,The Dark,14.28,14.99,7.5,4.971988795518214,-47.47899159663865,top-5000 GMV,$10-20
552794,Amphibian Downpour,Modern Horizons 3,1.5,2.49,0.93,66.00000000000001,-37.99999999999999,top-5000 GMV,$1-2
696408,Final Showdown (Borderless),Marvel Universe Eternal-Legal,3.36,3.49,2.6,3.869047619047629,-22.619047619047613,top-5000 GMV,$2-5
283456,Vesuvan Duplimancy,Dominaria United,5.96,9.99,5.97,67.61744966442953,0.1677852348993253,top-5000 GMV,$5-10
221926,Soul Shatter,Zendikar Rising,3.82,5.49,3.11,43.717277486911,-18.58638743455497,top-5000 GMV,$2-5
696864,Vision Quest,Marvel Super Heroes,0.3,0.49,0.15,63.33333333333334,-50.0,top-5000 GMV,$0-1
9602,Skycloud Expanse,Odyssey,10.12,15.99,8.44,58.00395256916997,-16.600790513833992,top-5000 GMV,$10-20
577866,Sol Ring,Commander: Duskmourn: House of Horror,1.79,2.79,1.51,55.865921787709496,-15.64245810055866,top-5000 GMV,$1-2
78839,"Xenagos, God of Revels",Born of the Gods,8.16,15.99,7.76,95.95588235294116,-4.901960784313729,top-5000 GMV,$5-10
28579,Noble Hierarch,Conflux,13.53,18.99,12.24,40.354767184035474,-9.53436807095343,top-5000 GMV,$10-20
67430,Lord of the Void,Gatecrash,7.87,14.99,6.34,90.47013977128336,-19.44091486658196,top-5000 GMV,$5-10
6276,Yawgmoth's Bargain,Urza's Destiny,19.12,16.99,10.32,-11.14016736401675,-46.02510460251047,top-5000 GMV,$10-20
5600,Jet Medallion,Tempest,26.77,24.99,17.71,-6.64923421740755,-33.843855061636155,top-5000 GMV,$20-50
630920,"Jill, Shiva's Dominant (Borderless)",FINAL FANTASY,3.62,4.99,2.69,37.84530386740332,-25.69060773480663,top-5000 GMV,$2-5
643663,Plaza of Heroes (0078) (Borderless),Edge of Eternities: Stellar Sights,44.59,49.99,45.27,12.110338640950882,1.525005606638259,top-5000 GMV,$20-50
575074,"Kaito, Bane of Nightmares (Borderless)",Duskmourn: House of Horror,22.11,29.99,21.62,35.639981908638624,-2.2161917684305674,top-5000 GMV,$20-50
498542,Horn of Gondor,Universes Beyond: The Lord of the Rings: Tales of Middle-earth,2.52,3.99,2.33,58.333333333333336,-7.539682539682538,top-5000 GMV,$2-5
631894,Vincent Valentine,FINAL FANTASY,1.26,0.99,0.8200000000000001,-21.42857142857143,-34.92063492063492,top-5000 GMV,$1-2
4955,Zuran Orb,Ice Age,6.86,6.49,2.08,-5.3935860058309055,-69.67930029154519,top-5000 GMV,$5-10
531010,Bruvac the Grandiloquent,Ravnica Remastered,45.9,42.99,41.68,-6.339869281045744,-9.193899782135077,top-5000 GMV,$20-50
687533,Songbirds' Blessing,Commander: Secrets of Strixhaven,0.5,0.79,0.36,58.00000000000001,-28.000000000000004,top-5000 GMV,$0-1
283692,"Greensleeves, Maro-Sorcerer",Commander: Dominaria United,12.34,15.99,12.71,29.578606158833065,2.998379254457058,top-5000 GMV,$10-20
28556,Kederekt Parasite,Conflux,7.42,11.99,5.21,61.59029649595688,-29.784366576819405,top-5000 GMV,$5-10
696469,Baxter Building,Marvel Super Heroes,0.3,0.35,0.15,16.666666666666664,-50.0,top-5000 GMV,$0-1
268451,Professional Face-Breaker (Extended Art),Streets of New Capenna,7.14,9.49,6.99,32.91316526610645,-2.1008403361344463,top-5000 GMV,$5-10
696264,"Captain Marvel, Earth's Protector (Borderless) (0342)",Marvel Super Heroes,4.41,7.99,2.6,81.17913832199545,-41.04308390022676,top-5000 GMV,$2-5
18736,Plague of Vermin,Shadowmoor,21.63,13.99,13.02,-35.3213129912159,-39.80582524271845,top-5000 GMV,$20-50
191774,Winding Way,Modern Horizons,0.93,1.99,0.52,113.97849462365592,-44.08602150537634,top-5000 GMV,$0-1
524812,Get Lost (Borderless),The Lost Caverns of Ixalan,3.27,4.99,3.25,52.5993883792049,-0.6116207951070342,top-5000 GMV,$2-5
522974,Feral Ghoul,Universes Beyond: Fallout,3.37,2.99,2.94,-11.27596439169139,-12.759643916913952,top-5000 GMV,$2-5
582422,Mother of Runes (ULG),The List Reprints,8.64,13.99,10.15,61.92129629629629,17.476851851851848,top-5000 GMV,$5-10
67429,Blind Obedience,Gatecrash,4.36,6.99,3.56,60.32110091743118,-18.348623853211013,top-5000 GMV,$2-5
164263,Replenish - 2000 Tom van de Logt (UDS),World Championship Decks,60.26,74.99,72.21000000000001,24.44407567208761,19.830733488217746,top-5000 GMV,$50-100
452064,Loran of the Third Path,The Brothers' War,5.03,7.99,3.38,58.8469184890656,-32.80318091451293,top-5000 GMV,$5-10
680777,Anger (2375),Secret Lair Drop Series,9.53,9.99,5.54,4.826862539349432,-41.86778593913956,top-5000 GMV,$5-10
69121,Bonescythe Sliver,Magic 2014 (M14),6.7,8.49,5.19,26.71641791044776,-22.537313432835816,top-5000 GMV,$5-10
631813,Endwalker - Brainstorm (Showcase),FINAL FANTASY: Through the Ages,1.24,2.49,1.17,100.80645161290325,-5.645161290322586,top-5000 GMV,$1-2
631246,Trailblazer's Boots,Commander: FINAL FANTASY,1.18,2.49,1.27,111.0169491525424,7.627118644067804,top-5000 GMV,$1-2
525626,"Ghalta, Primal Hunger (Borderless)",Special Guests,14.78,16.99,14.95,14.95263870094722,1.15020297699594,top-5000 GMV,$10-20
565202,"Karlach, Fury of Avernus",Secret Lair Drop Series,46.75,54.99,46.61,17.625668449197864,-0.2994652406417124,top-5000 GMV,$20-50
226829,War Room,Commander Legends,4.93,4.49,4.04,-8.924949290060843,-18.052738336713997,top-5000 GMV,$2-5
624277,Ainok Strike Leader,Commander: Tarkir: Dragonstorm,2.65,4.99,2.34,88.30188679245285,-11.698113207547172,top-5000 GMV,$2-5
451894,Mesmeric Orb (Schematic),The Brothers' War: Retro Frame Artifacts,16.62,20.99,17.34,26.293622141997574,4.33212996389891,top-5000 GMV,$10-20
155581,Journey to Eternity,Rivals of Ixalan,6.13,7.99,5.5600000000000005,30.34257748776509,-9.298531810766711,top-5000 GMV,$5-10
609765,Hullbreaker Horror (Retro Frame),Innistrad Remastered,5.36,8.99,5.99,67.72388059701491,11.75373134328358,top-5000 GMV,$5-10
145492,Sanguine Bond,Iconic Masters,5.47,7.99,4.93,46.069469835466194,-9.87202925045704,top-5000 GMV,$5-10
27824,Tezzeret the Seeker,Shards of Alara,34.9,34.99,19.98,0.2578796561604682,-42.75071633237822,top-5000 GMV,$20-50
273663,Nalfeshnee,Commander Legends: Battle for Baldur's Gate,10.46,13.99,9.26,33.74760994263861,-11.47227533460804,top-5000 GMV,$10-20
219613,Myr Retriever,Double Masters,3.41,2.99,1.75,-12.316715542521992,-48.68035190615836,top-5000 GMV,$2-5
558320,"Camellia, the Seedmiser",Bloomburrow,3.22,2.49,1.03,-22.67080745341615,-68.01242236024846,top-5000 GMV,$2-5
631296,Talisman of Dominance,Commander: FINAL FANTASY,1.59,2.49,1.3,56.60377358490567,-18.238993710691823,top-5000 GMV,$1-2
12207,Uba Mask,Champions of Kamigawa,9.89,8.99,7.21,-9.100101112234585,-27.09807886754298,top-5000 GMV,$5-10
496065,Sliver Gravemother (Extended Art),Commander Masters,29.77,39.99,23.63,34.329862277460535,-20.62479005710447,top-5000 GMV,$20-50
615914,Howlsquad Heavy (Borderless),Aetherdrift,4.1,4.49,2.8000000000000003,9.512195121951232,-31.70731707317072,top-5000 GMV,$2-5
512424,Unnatural Growth,Wilds of Eldraine: Enchanting Tales,5.13,4.99,4.26,-2.7290448343079863,-16.959064327485383,top-5000 GMV,$5-10
641746,Thrumming Hivepool,Edge of Eternities,0.91,1.29,0.19,41.75824175824176,-79.12087912087912,top-5000 GMV,$0-1
526439,Archaeomancer's Map (Borderless),Commander: The Lost Caverns of Ixalan,12.58,18.99,10.4,50.95389507154212,-17.32909379968203,top-5000 GMV,$10-20
552897,Ripples of Undeath (Extended Art),Modern Horizons 3,7.33,10.99,7.12,49.931787175989086,-2.86493860845839,top-5000 GMV,$5-10
688849,Brotherhood's End,Secrets of Strixhaven: Mystical Archive,1.16,2.29,0.28,97.41379310344828,-75.86206896551724,top-5000 GMV,$1-2
118464,Hydroblast,Eternal Masters,5.14,7.49,4.16,45.71984435797667,-19.06614785992217,top-5000 GMV,$5-10
609858,Haunted Ridge,Innistrad Remastered,8.48,12.99,8.44,53.18396226415094,-0.471698113207558,top-5000 GMV,$5-10
609695,"Sorin, Imperious Bloodlord (Borderless)",Innistrad Remastered,9.97,9.99,8.25,0.2006018054162444,-17.251755265797396,top-5000 GMV,$5-10
95379,Dark Deal,Fate Reforged,1.99,4.99,1.54,150.75376884422113,-22.61306532663316,top-5000 GMV,$1-2
276304,Wrenn and Six (Borderless),Double Masters 2022,12.19,15.99,11.27,31.17309269893356,-7.547169811320755,top-5000 GMV,$10-20
242361,Wasteland,Secret Lair Drop Series,26.99,27.99,25.13,3.7050759540570586,-6.891441274546127,top-5000 GMV,$20-50
265372,Xander's Lounge (Showcase),Streets of New Capenna,13.49,19.99,13.54,48.18383988139361,0.3706449221645584,top-5000 GMV,$10-20
34859,Splinter Twin,Rise of the Eldrazi,7.79,7.99,6.37,2.567394094993584,-18.22849807445443,top-5000 GMV,$5-10
34900,Realms Uncharted,Rise of the Eldrazi,11.19,10.99,8.33,-1.7873100983020491,-25.558534405719392,top-5000 GMV,$10-20
526438,Strionic Resonator (Borderless),Commander: The Lost Caverns of Ixalan,20.73,24.99,19.96,20.549927641099845,-3.714423540762178,top-5000 GMV,$20-50
696260,Avengers Assemble! (Borderless) (0297),Marvel Super Heroes,5.32,5.99,4.0,12.593984962406012,-24.812030075187973,top-5000 GMV,$5-10
14876,Delay,Future Sight,1.8,3.49,1.25,93.8888888888889,-30.55555555555556,top-5000 GMV,$1-2
47509,Grave Pact,Commander,30.38,42.99,30.9,41.50757077024359,1.7116524028966411,top-5000 GMV,$20-50
478723,Norn's Decree (Extended Art),Commander: Phyrexia: All Will Be One,9.14,8.49,8.57,-7.111597374179435,-6.236323851203504,top-5000 GMV,$5-10
504522,Song of the Dryads,Commander Masters,5.81,7.49,5.19,28.91566265060242,-10.671256454388972,top-5000 GMV,$5-10
124403,Benefactor's Draught,Commander 2016,15.68,27.99,14.04,78.50765306122447,-10.459183673469392,top-5000 GMV,$10-20
680778,Chord of Calling (2376),Secret Lair Drop Series,9.51,9.49,11.39,-0.2103049421661364,19.768664563617254,top-5000 GMV,$5-10
78634,Squirrel Token (ODY),Magic Player Rewards,43.73,64.99,38.42,48.61651040475646,-12.142693802881308,top-5000 GMV,$20-50
210716,Scalding Tarn,Secret Lair Series,46.98,57.99,49.45,23.435504469987244,5.257556406981707,top-5000 GMV,$20-50
679561,Doubling Season,Promo Pack: Lorwyn Eclipsed,32.05,42.99,41.32,34.13416536661468,28.923556942277703,top-5000 GMV,$20-50
630996,"Cid, Timeless Artificer (0412)",FINAL FANTASY,4.8,5.49,3.18,14.37500000000001,-33.75,top-5000 GMV,$2-5
615049,Underground River,Commander: Aetherdrift,1.74,3.99,1.44,129.31034482758622,-17.241379310344833,top-5000 GMV,$1-2
1178,Llanowar Elves,Alpha Edition,121.49,349.99,364.68,188.0813235657256,200.17285373281752,top-5000 GMV,$100-200
589383,"Brimaz, King of Oreskos (Anime)",Foundations Jumpstart,6.12,10.99,6.09,79.57516339869281,-0.4901960784313766,top-5000 GMV,$5-10
625141,Jeskai Revelation (Borderless),Tarkir: Dragonstorm,6.13,8.49,4.67,38.49918433931485,-23.817292006525285,top-5000 GMV,$5-10
262227,Fable of the Mirror-Breaker (Showcase),Kamigawa: Neon Dynasty,9.39,11.99,8.33,27.68903088391906,-11.288604898828543,top-5000 GMV,$5-10
121625,Expropriate,Conspiracy: Take the Crown,14.91,20.99,14.43,40.77800134138161,-3.2193158953722363,top-5000 GMV,$10-20
535773,Rise of the Dark Realms,Commander: Murders at Karlov Manor,6.94,7.49,4.5600000000000005,7.925072046109507,-34.29394812680115,top-5000 GMV,$5-10
210711,Verdant Catacombs,Secret Lair Series,43.09,44.99,43.4,4.409375725226266,0.7194244604316434,top-5000 GMV,$20-50
5773,Time Warp,Tempest,15.99,21.99,10.74,37.52345215759848,-32.833020637898684,top-5000 GMV,$10-20
544321,"Stella Lee, Wild Card (Borderless)",Commander: Outlaws of Thunder Junction,5.13,7.99,4.16,55.75048732943471,-18.9083820662768,top-5000 GMV,$5-10
687502,"Excava, the Risen Past (Borderless)",Commander: Secrets of Strixhaven,0.74,0.99,0.19,33.78378378378378,-74.32432432432434,top-5000 GMV,$0-1
118465,Isochron Scepter,Eternal Masters,13.35,15.99,10.36,19.77528089887641,-22.397003745318354,top-5000 GMV,$10-20
552346,Kaalia of the Vast (0375) (Borderless),Modern Horizons 3,14.6,18.99,15.02,30.06849315068492,2.876712328767123,top-5000 GMV,$10-20
96180,Mother of Runes,Duel Decks: Elspeth vs. Kiora,11.09,15.99,10.18,44.18394950405772,-8.205590622182148,top-5000 GMV,$10-20
478716,Grafted Exoskeleton,Commander: Phyrexia: All Will Be One,9.57,7.99,5.14,-16.509926854754443,-46.29049111807733,top-5000 GMV,$5-10
33330,"Iona, Shield of Emeria",Zendikar,16.69,14.99,6.5200000000000005,-10.185739964050336,-60.93469143199521,top-5000 GMV,$10-20
687589,Tyvar's Stand,Commander: Secrets of Strixhaven,0.65,1.99,0.65,206.15384615384613,0.0,top-5000 GMV,$0-1
553664,Barrowgoyf (Extended Art),Commander: Modern Horizons 3,15.25,23.99,16.14,57.311475409836056,5.836065573770496,top-5000 GMV,$10-20
230215,Bloodline Pretender,Kaldheim,1.73,2.49,0.98,43.9306358381503,-43.35260115606936,top-5000 GMV,$1-2
525963,Evolution Sage,Commander: The Lost Caverns of Ixalan,3.26,4.49,2.22,37.73006134969327,-31.90184049079753,top-5000 GMV,$2-5
517548,"Ian Malcolm, Chaotician (Borderless)",Universes Beyond: Jurassic World Collection,7.21,5.49,6.25,-23.855755894590843,-13.314840499306518,top-5000 GMV,$5-10
190784,Sunbaked Canyon,Modern Horizons,4.22,7.99,3.12,89.33649289099527,-26.066350710900466,top-5000 GMV,$2-5
696263,Avengers Assemble! (Borderless) (0341),Marvel Super Heroes,5.87,6.49,3.23,10.562180579216356,-44.97444633730835,top-5000 GMV,$5-10
174378,Chrome Mox - 2004 Manuel Bevand (MRD),World Championship Decks,40.32,54.99,41.68,36.38392857142858,3.3730158730158712,top-5000 GMV,$20-50
273500,Mindcrank,Commander Legends: Battle for Baldur's Gate,12.48,11.99,9.63,-3.926282051282053,-22.83653846153846,top-5000 GMV,$10-20
221873,Needleverge Pathway (Borderless),Zendikar Rising,3.37,5.49,3.59,62.908011869436194,6.52818991097922,top-5000 GMV,$2-5
448952,Birthing Pod,Secret Lair Countdown Kit,17.42,15.99,13.44,-8.208955223880606,-22.84730195177957,top-5000 GMV,$10-20
1659,Birds of Paradise,Fourth Edition,17.61,20.99,11.18,19.193639977285628,-36.51334469051675,top-5000 GMV,$10-20
631225,Colossus Hammer,Commander: FINAL FANTASY,0.66,1.79,0.62,171.2121212121212,-6.060606060606066,top-5000 GMV,$0-1
552184,Echoes of Eternity (Borderless),Modern Horizons 3,4.73,3.99,1.55,-15.64482029598309,-67.23044397463002,top-5000 GMV,$2-5
671003,Mirrorform,Lorwyn Eclipsed,1.75,2.99,1.28,70.85714285714288,-26.857142857142858,top-5000 GMV,$1-2
32725,Silence,Magic 2010 (M10),7.42,11.99,6.51,61.59029649595688,-12.264150943396228,top-5000 GMV,$5-10
7550,Mages' Contest,Invasion,15.78,11.99,7.28,-24.01774397972116,-53.86565272496832,top-5000 GMV,$10-20
118645,Relic of Progenitus,Eternal Masters,6.98,11.99,8.33,71.77650429799426,19.34097421203438,top-5000 GMV,$5-10
10662,Enchantress's Presence,Onslaught,13.66,11.99,9.74,-12.225475841874085,-28.69692532942899,top-5000 GMV,$10-20
83215,Vedalken Orrery,Conspiracy,18.45,18.99,16.330000000000002,2.9268292682926784,-11.490514905149038,top-5000 GMV,$10-20
560008,Sword of the Squeak,Commander: Bloomburrow,0.45,0.49,0.2,8.888888888888884,-55.55555555555556,top-5000 GMV,$0-1
479644,Mystical Dispute,Pro Tour Promos,3.65,1.99,3.06,-45.479452054794514,-16.164383561643834,top-5000 GMV,$2-5
226676,Scroll Rack (Extended Art),Commander Legends,39.96,54.99,39.21,37.612612612612615,-1.8768768768768769,top-5000 GMV,$20-50
619702,Stormscale Scion,Tarkir: Dragonstorm,3.21,4.49,2.59,39.8753894080997,-19.314641744548293,top-5000 GMV,$2-5
532888,Assassin's Trophy,Murders at Karlov Manor,0.95,1.49,0.34,56.842105263157904,-64.21052631578947,top-5000 GMV,$0-1
210714,Marsh Flats,Secret Lair Series,41.76,49.99,39.31,19.70785440613028,-5.866858237547882,top-5000 GMV,$20-50
215498,Chromatic Orrery (Extended Art),Core Set 2021,41.57,49.99,37.72,20.254991580466687,-9.261486649025745,top-5000 GMV,$20-50
688650,Daydream,Secrets of Strixhaven,0.4,0.35,0.15,-12.50000000000001,-62.5,top-5000 GMV,$0-1
490630,Vorinclex,March of the Machine,6.78,9.99,5.59,47.345132743362825,-17.551622418879063,top-5000 GMV,$5-10
237581,Watery Grave,Secret Lair Drop Series,12.84,14.99,12.5,16.744548286604363,-2.6479750778816187,top-5000 GMV,$10-20
641902,Nexus of Fate (Showcase),Special Guests,6.94,7.49,6.7,7.925072046109507,-3.458213256484153,top-5000 GMV,$5-10
190992,Seasoned Pyromancer,Modern Horizons,8.74,9.99,5.44,14.302059496567503,-37.75743707093821,top-5000 GMV,$5-10
633145,Fal'Cie Paradise - Carpet of Flowers (Showcase),FINAL FANTASY: Through the Ages,2.75,3.99,2.03,45.0909090909091,-26.18181818181819,top-5000 GMV,$2-5
545131,Lost Jitte,Outlaws of Thunder Junction: The Big Score,5.1,5.99,5.19,17.450980392156875,1.764705882352956,top-5000 GMV,$5-10
145332,Grove of the Burnwillows,Iconic Masters,8.54,12.99,7.47,52.107728337236544,-12.529274004683836,top-5000 GMV,$5-10
525207,Tishana's Tidebinder,The Lost Caverns of Ixalan,2.14,4.49,2.13,109.81308411214954,-0.467289719626179,top-5000 GMV,$2-5
6885,Gamble,Urza's Saga,27.84,29.99,20.63,7.722701149425282,-25.89798850574713,top-5000 GMV,$20-50
121762,Birds of Paradise,Conspiracy: Take the Crown,12.76,16.99,11.32,33.15047021943573,-11.285266457680247,top-5000 GMV,$10-20
10221,Balthor the Defiled,Judgment,12.19,12.99,9.69,6.562756357670227,-20.508613617719444,top-5000 GMV,$10-20
517858,"Ash, Destined Survivor - Puresteel Paladin",Secret Lair Drop Series,36.21,44.99,34.93,24.247445457056063,-3.5349351008008867,top-5000 GMV,$20-50
451903,Staff of Domination (Schematic),The Brothers' War: Retro Frame Artifacts,13.86,13.99,12.37,0.9379509379509436,-10.750360750360752,top-5000 GMV,$10-20
504087,Savage Beating,Commander Masters,10.07,8.49,7.29,-15.690168818272095,-27.606752730883816,top-5000 GMV,$10-20
563195,Hydroblast (Future Sight),Mystery Booster 2,4.99,8.49,5.14,70.14028056112224,3.006012024048085,top-5000 GMV,$2-5
696262,"Invisible Woman, Sue Storm (Borderless)",Marvel Super Heroes,0.33,0.35,0.15,6.060606060606049,-54.54545454545456,top-5000 GMV,$0-1
524268,"Pantlaza, Sun-Favored",Commander: The Lost Caverns of Ixalan,3.41,7.99,5.47,134.3108504398827,60.41055718475072,top-5000 GMV,$2-5
679209,Ronin's Arsenal - Conqueror's Flail (Borderless),Teenage Mutant Ninja Turtles Source Material,1.94,1.99,0.98,2.5773195876288684,-49.48453608247423,top-5000 GMV,$1-2
688971,Skycoach Conductor,Secrets of Strixhaven,0.35,0.49,0.15,40.00000000000001,-57.14285714285714,top-5000 GMV,$0-1
226122,"Tevesh Szat, Doom of Fools",Commander Legends,7.46,7.49,5.19,0.4021447721179658,-30.428954423592486,top-5000 GMV,$5-10
498610,One Ring to Rule Them All,Universes Beyond: The Lord of the Rings: Tales of Middle-earth,2.1,2.49,1.01,18.571428571428577,-51.90476190476191,top-5000 GMV,$2-5
504149,"Neheb, the Eternal",Commander Masters,7.48,9.49,6.9,26.87165775401069,-7.754010695187167,top-5000 GMV,$5-10
535813,"Alandra, Sky Dreamer",Commander: Murders at Karlov Manor,9.16,8.49,9.32,-7.314410480349344,1.746724890829696,top-5000 GMV,$5-10
525625,Thousand Moons Smithy,The Lost Caverns of Ixalan,3.71,5.49,1.77,47.97843665768195,-52.2911051212938,top-5000 GMV,$2-5
456688,True Conviction,Starter Commander Decks,3.41,5.99,2.93,75.65982404692082,-14.076246334310849,top-5000 GMV,$2-5
285916,The Red Terror,"Universes Beyond: Warhammer 40,000",5.84,5.49,5.61,-5.993150684931501,-3.9383561643835536,top-5000 GMV,$5-10
624187,Storm-Kiln Artist,Commander: Tarkir: Dragonstorm,2.78,2.99,1.45,7.553956834532389,-47.84172661870503,top-5000 GMV,$2-5
615086,Dimir Signet,Commander: Aetherdrift,1.47,1.79,1.12,21.768707482993204,-23.8095238095238,top-5000 GMV,$1-2
67317,Enter the Infinite,Gatecrash,6.35,8.99,4.72,41.57480314960631,-25.66929133858268,top-5000 GMV,$5-10
525632,There and Back Again (Showcase Scrolls),Universes Beyond: The Lord of the Rings: Tales of Middle-earth,23.57,27.99,25.59,18.752651675859138,8.570216376750105,top-5000 GMV,$20-50
215339,"Ugin, the Spirit Dragon (Showcase)",Core Set 2021,15.09,15.99,14.43,5.964214711729625,-4.37375745526839,top-5000 GMV,$10-20
623889,Qarsi Revenant,Tarkir: Dragonstorm,2.64,2.29,1.03,-13.25757575757576,-60.98484848484848,top-5000 GMV,$2-5
236634,Stinging Study (Extended Art),Commander 2021,19.02,34.99,17.830000000000002,83.96424815983177,-6.2565720294426805,top-5000 GMV,$10-20
11310,Seat of the Synod,Mirrodin,1.14,2.29,0.41,100.87719298245617,-64.03508771929825,top-5000 GMV,$1-2
32555,Birds of Paradise,Magic 2010 (M10),11.89,17.99,10.42,51.30361648444068,-12.363330529857029,top-5000 GMV,$10-20
1575,Stasis,Revised Edition,12.45,10.99,7.28,-11.72690763052208,-41.52610441767068,top-5000 GMV,$10-20
499562,Arcane Signet,Commander: The Lord of the Rings: Tales of Middle-earth,0.64,1.29,0.45,101.5625,-29.6875,top-5000 GMV,$0-1
230102,"Varragoth, Bloodsky Sire",Kaldheim,4.61,4.99,3.84,8.242950108459866,-16.70281995661606,top-5000 GMV,$2-5
478819,Tyvar's Stand,Phyrexia: All Will Be One,1.11,1.79,0.41,61.26126126126125,-63.06306306306308,top-5000 GMV,$1-2
11787,Clock of Omens,Fifth Dawn,6.35,6.49,3.12,2.204724409448828,-50.86614173228347,top-5000 GMV,$5-10
478687,Unnatural Restoration,Phyrexia: All Will Be One,1.18,1.99,0.8300000000000001,68.64406779661017,-29.66101694915253,top-5000 GMV,$1-2
631318,Drowned Catacomb,Commander: FINAL FANTASY,1.64,2.79,1.57,70.1219512195122,-4.26829268292682,top-5000 GMV,$1-2
3784,Acid Rain,Legends,99.54,99.99,68.12,0.4520795660036052,-31.5651999196303,top-5000 GMV,$50-100
534645,Leyline of the Guildpact (Extended Art),Murders at Karlov Manor,5.91,8.49,4.32,43.65482233502538,-26.903553299492383,top-5000 GMV,$5-10
662009,Brain Freeze,Secret Lair Countdown Kit,4.2,5.49,3.51,30.714285714285715,-16.428571428571438,top-5000 GMV,$2-5
518671,"Treebeard, Eldest of Ents - Doran, the Siege Tower (Borderless)",Commander: The Lord of the Rings: Tales of Middle-earth,20.72,20.99,22.05,1.3030888030888013,6.418918918918928,top-5000 GMV,$20-50
563139,Rat Colony (White Border),Mystery Booster 2,5.73,8.49,4.4,48.167539267015705,-23.211169284467715,top-5000 GMV,$5-10
590526,Lotus Cobra,Foundations Jumpstart,5.79,6.49,5.65,12.08981001727116,-2.417962003454226,top-5000 GMV,$5-10
535850,"Toski, Bearer of Secrets",Commander: Murders at Karlov Manor,8.9,7.49,4.14,-15.842696629213483,-53.48314606741573,top-5000 GMV,$5-10
475520,"Elesh Norn, Mother of Machines (Phyrexian)",Phyrexia: All Will Be One,23.23,32.99,21.93,42.01463624623332,-5.596211795092556,top-5000 GMV,$20-50
677499,Plains (2509),Secret Lair Drop Series,4.95,6.99,3.79,41.21212121212121,-23.43434343434344,top-5000 GMV,$2-5
525378,"Owen Grady, Raptor Trainer (Borderless)",Universes Beyond: Jurassic World Collection,6.62,6.49,6.24,-1.963746223564953,-5.740181268882173,top-5000 GMV,$5-10
677502,Mountain (2512),Secret Lair Drop Series,4.32,6.49,4.8,50.231481481481474,11.1111111111111,top-5000 GMV,$2-5
552649,Legion Leadership,Modern Horizons 3,0.39,1.29,0.15,230.76923076923077,-61.53846153846154,top-5000 GMV,$0-1
267833,"Zangief, the Red Cyclone",Secret Lair Drop Series,13.29,12.99,13.35,-2.2573363431151163,0.4514672686230286,top-5000 GMV,$10-20
212014,"Rodan, Titan of Winged Fury - Vadrok, Apex of Thunder",Ikoria: Lair of Behemoths,15.86,17.99,14.4,13.430012610340471,-9.20554854981084,top-5000 GMV,$10-20
248749,Hordewing Skaab,Commander: Innistrad: Midnight Hunt,6.41,9.99,5.19,55.85023400936038,-19.03276131045241,top-5000 GMV,$5-10
32706,Relentless Rats,Magic 2010 (M10),5.62,4.99,4.67,-11.209964412811384,-16.903914590747334,top-5000 GMV,$5-10
6162,Donate,Urza's Destiny,14.22,11.99,7.58,-15.682137834036569,-46.69479606188467,top-5000 GMV,$10-20
590846,Painful Quandary,Foundations,1.76,1.99,0.61,13.068181818181818,-65.34090909090908,top-5000 GMV,$1-2
273062,Earthquake Dragon,Commander Legends: Battle for Baldur's Gate,3.97,5.49,3.41,38.28715365239295,-14.105793450881611,top-5000 GMV,$2-5
539976,Luck Bobblehead,Universes Beyond: Fallout,5.53,5.49,4.15,-0.7233273056057872,-24.954792043399635,top-5000 GMV,$5-10
221830,Clearwater Pathway,Zendikar Rising,4.03,6.99,4.5600000000000005,73.44913151364764,13.151364764267996,top-5000 GMV,$2-5
192637,Manifold Key,Core Set 2020,1.98,2.49,1.17,25.75757575757577,-40.909090909090914,top-5000 GMV,$1-2
239830,Scion of Draco,Modern Horizons 2,4.23,3.99,2.59,-5.673758865248232,-38.77068557919623,top-5000 GMV,$2-5
688858,Bulk Up,Secrets of Strixhaven: Mystical Archive,0.37,0.35,0.15,-5.405405405405411,-59.45945945945946,top-5000 GMV,$0-1
10917,Goblin War Strike,Scourge,1.96,1.29,0.38,-34.18367346938776,-80.61224489795919,top-5000 GMV,$1-2
503465,Ohran Frostfang,Commander Masters,6.94,7.49,5.19,7.925072046109507,-25.216138328530256,top-5000 GMV,$5-10
10916,Goblin Warchief,Scourge,9.29,5.99,2.6,-35.52206673842841,-72.01291711517761,top-5000 GMV,$5-10
283823,Gamble,The List Reprints,17.65,19.99,17.8,13.257790368271955,0.8498583569405221,top-5000 GMV,$10-20
210395,Geth's Grimoire,The List Reprints,8.82,8.99,6.13,1.9274376417233552,-30.49886621315193,top-5000 GMV,$5-10
677290,Goblin Bombardment,Game Day & Store Championship Promos,2.42,3.99,2.5500000000000003,64.87603305785126,5.371900826446295,top-5000 GMV,$2-5
549475,tOrMEnt oF hAiLFiRe,Secret Lair Drop Series,58.9,69.99,45.47,18.82852292020373,-22.801358234295417,top-5000 GMV,$50-100
6864,Exhume,Urza's Saga,4.33,3.99,2.49,-7.852193995381058,-42.49422632794457,top-5000 GMV,$2-5
581282,Archivist of Oghma,The List Reprints,7.64,8.99,5.67,17.670157068062835,-25.785340314136125,top-5000 GMV,$5-10
282896,Two-Headed Hellkite,Commander: Dominaria United,10.88,14.99,10.24,37.77573529411764,-5.8823529411764754,top-5000 GMV,$10-20
677585,Vaultborn Tyrant,Promo Pack: Lorwyn Eclipsed,31.05,47.99,35.94,54.55716586151369,15.748792270531393,top-5000 GMV,$20-50
633410,The Regalia,FINAL FANTASY,1.66,2.49,1.4,50.00000000000002,-15.66265060240964,top-5000 GMV,$1-2
517534,Lord of Atlantis (Borderless),Special Guests,15.45,20.99,13.37,35.85760517799352,-13.462783171521036,top-5000 GMV,$10-20
9489,Price of Glory,Odyssey,10.95,7.99,3.27,-27.031963470319624,-70.13698630136986,top-5000 GMV,$10-20
639906,Despark,WPN & Gateway Promos,3.73,4.99,3.38,33.780160857908854,-9.383378016085793,top-5000 GMV,$2-5
167800,Chakram Retriever,Battlebond,6.54,6.49,4.99,-0.7645259938837894,-23.700305810397552,top-5000 GMV,$5-10
167533,Virtus the Veiled,Battlebond,8.96,11.99,8.14,33.81696428571427,-9.151785714285715,top-5000 GMV,$5-10
145495,Thoughtseize,Iconic Masters,8.73,11.99,7.71,37.342497136311565,-11.683848797250864,top-5000 GMV,$5-10
557260,Swamp (0274) - Full Art,Duskmourn: House of Horror,0.91,1.99,0.51,118.68131868131869,-43.95604395604396,top-5000 GMV,$0-1
115942,Second Harvest,Shadows over Innistrad,3.3,5.49,2.45,66.36363636363637,-25.757575757575747,top-5000 GMV,$2-5
283384,"Elas il-Kor, Sadistic Pilgrim (Showcase)",Dominaria United,0.85,2.29,1.0,169.41176470588235,17.647058823529417,top-5000 GMV,$0-1
697420,Talisman of Creativity,Commander: Marvel Super Heroes,1.48,2.99,1.35,102.02702702702705,-8.783783783783777,top-5000 GMV,$1-2
695475,Court of Grace (2685),Secret Lair Drop Series,23.84,32.99,24.82,38.38087248322148,4.110738255033559,top-5000 GMV,$20-50
9705,Cleansing Meditation,Torment,7.59,6.49,5.98,-14.4927536231884,-21.212121212121204,top-5000 GMV,$5-10
478727,Phyresis Outbreak (Extended Art),Commander: Phyrexia: All Will Be One,10.91,19.99,10.94,83.2263978001833,0.2749770852428905,top-5000 GMV,$10-20
671053,Virulent Emissary,Lorwyn Eclipsed,1.35,1.79,0.15,32.59259259259258,-88.8888888888889,top-5000 GMV,$1-2
632203,"Orphan, Cocoon fal'Cie - Muldrotha, the Gravetide (Showcase)",FINAL FANTASY: Through the Ages,2.37,3.49,1.28,47.25738396624472,-45.9915611814346,top-5000 GMV,$2-5
698195,Greater Good,Commander: Marvel Super Heroes,1.25,2.79,1.19,123.2,-4.800000000000004,top-5000 GMV,$1-2
145334,Auriok Champion,Iconic Masters,9.89,13.99,7.21,41.45601617795753,-27.09807886754298,top-5000 GMV,$5-10
145290,"Elesh Norn, Grand Cenobite",Iconic Masters,19.88,27.99,13.65,40.794768611670015,-31.33802816901408,top-5000 GMV,$10-20
661925,United Front,Avatar: The Last Airbender,2.16,3.49,1.56,61.57407407407407,-27.77777777777778,top-5000 GMV,$2-5
9621,Nantuko Shade,Torment,16.44,15.99,6.83,-2.7372262773722693,-58.45498783454988,top-5000 GMV,$10-20
532989,Fabricate (Borderless),Special Guests,9.85,12.99,9.95,31.87817258883249,1.0152284263959357,top-5000 GMV,$5-10
689847,Emeritus of Woe,Promo Pack: Secrets of Strixhaven,18.98,20.99,16.56,10.590094836670168,-12.75026343519495,top-5000 GMV,$10-20
2003,Winter Orb,Fourth Edition,17.68,14.99,11.98,-15.214932126696832,-32.23981900452488,top-5000 GMV,$10-20
537913,Seasoned Pyromancer,Pro Tour Promos,17.98,34.99,21.62,94.6051167964405,20.244716351501676,top-5000 GMV,$10-20
624280,"Adeline, Resplendent Cathar",Commander: Tarkir: Dragonstorm,2.37,4.99,2.27,110.54852320675106,-4.2194092827004255,top-5000 GMV,$2-5
55922,Bloodline Keeper,Innistrad,7.56,8.99,5.21,18.915343915343925,-31.08465608465608,top-5000 GMV,$5-10
591832,"Loot, Exuberant Explorer (Borderless)",Foundations,5.83,6.99,3.6,19.89708404802745,-38.25042881646655,top-5000 GMV,$5-10
192830,Cavalier of Dawn,Core Set 2020,7.45,9.99,6.25,34.09395973154362,-16.107382550335572,top-5000 GMV,$5-10
236428,Victory Chimes,Commander 2021,5.86,8.49,5.7700000000000005,44.88054607508532,-1.5358361774744005,top-5000 GMV,$5-10
580721,Overlord of the Balemurk,Promo Pack: Duskmourn: House of Horror,20.05,29.99,24.01,49.57605985037405,19.750623441396517,top-5000 GMV,$20-50
697336,"Thor, Asgard's Avenger",Commander: Marvel Super Heroes,0.27,0.49,0.15,81.48148148148147,-44.44444444444445,top-5000 GMV,$0-1
14788,Rebuff the Wicked,Planar Chaos,6.5,6.99,6.19,7.538461538461541,-4.769230769230763,top-5000 GMV,$5-10
262927,Sakashima's Student,The List Reprints,22.72,24.99,21.14,9.99119718309859,-6.95422535211267,top-5000 GMV,$20-50
563199,Mental Misstep (White Border),Mystery Booster 2,7.2,7.99,6.140000000000001,10.97222222222222,-14.722222222222218,top-5000 GMV,$5-10
661961,"Mai, Scornful Striker",Avatar: The Last Airbender,0.94,1.79,0.26,90.42553191489364,-72.34042553191489,top-5000 GMV,$0-1
7920,Caves of Koilos,Apocalypse,17.45,19.99,6.13,14.555873925501428,-64.87106017191977,top-5000 GMV,$10-20
526217,Wrathful Raptors,Commander: The Lost Caverns of Ixalan,4.18,5.99,3.9,43.30143540669858,-6.698564593301431,top-5000 GMV,$2-5
609763,Hullbreaker Horror,Innistrad Remastered,6.04,8.99,6.24,48.84105960264901,3.3112582781456985,top-5000 GMV,$5-10
265371,Spara's Headquarters (Showcase),Streets of New Capenna,13.79,17.99,12.52,30.45685279187817,-9.209572153734587,top-5000 GMV,$10-20
631058,"Tifa, Martial Artist (Extended Art)",Commander: FINAL FANTASY,5.87,8.49,4.67,44.63373083475298,-20.442930153321974,top-5000 GMV,$5-10
94301,Crypt Ghast,Commander 2014,13.17,19.99,13.35,51.78435839028093,1.3667425968109317,top-5000 GMV,$10-20
512236,Virtue of Knowledge,Wilds of Eldraine,5.17,6.99,5.18,35.20309477756287,0.1934235976789127,top-5000 GMV,$5-10
34451,Terra Eternal,Worldwake,7.48,5.49,3.92,-26.60427807486631,-47.593582887700535,top-5000 GMV,$5-10
539859,Black Market,Universes Beyond: Fallout,4.62,6.49,4.38,40.47619047619048,-5.194805194805199,top-5000 GMV,$2-5
679616,Chromatic Lantern,Commander: Teenage Mutant Ninja Turtles,1.53,2.49,0.52,62.7450980392157,-66.01307189542483,top-5000 GMV,$1-2
507218,Thought Vessel,Commander Masters,3.0,2.99,2.5,-0.3333333333333262,-16.666666666666664,top-5000 GMV,$2-5
656742,"Eddie, Lord of Light - Nekusar, the Mindrazer",Secret Lair Drop Series,35.79,32.99,39.58,-7.823414361553499,10.589550153674208,top-5000 GMV,$20-50
687554,Tocasia's Welcome,Commander: Secrets of Strixhaven,0.59,1.29,0.46,118.6440677966102,-22.033898305084737,top-5000 GMV,$0-1
624601,Overgrown Farmland,Commander: Tarkir: Dragonstorm,3.53,6.49,3.39,83.85269121813033,-3.9660056657223706,top-5000 GMV,$2-5
641878,The Eternity Elevator (Extended Art),Edge of Eternities,5.42,5.49,3.24,1.2915129151291564,-40.221402214022135,top-5000 GMV,$5-10
222031,Shatterskull Smashing (Extended Art),Zendikar Rising,11.5,19.99,13.01,73.82608695652173,13.130434782608694,top-5000 GMV,$10-20
662394,Arcane Signet (Showcase),Avatar: The Last Airbender: Eternal-Legal,2.62,3.99,2.62,52.29007633587786,0.0,top-5000 GMV,$2-5
687576,Defacing Duskmage,Commander: Secrets of Strixhaven,0.44,0.49,0.15,11.36363636363636,-65.90909090909092,top-5000 GMV,$0-1
505819,"Zacama, Primal Calamity (Borderless)",Commander Masters,5.7,8.49,5.47,48.94736842105263,-4.035087719298254,top-5000 GMV,$5-10
272626,"Lae'zel, Vlaakith's Champion",Commander Legends: Battle for Baldur's Gate,2.99,3.99,2.08,33.44481605351171,-30.434782608695656,top-5000 GMV,$2-5
519257,Lightning Greaves,Universes Beyond: Doctor Who,4.3,5.99,4.15,39.30232558139536,-3.488372093023244,top-5000 GMV,$2-5
632198,"Bartz Klauser - Winota, Joiner of Forces (Showcase)",FINAL FANTASY: Through the Ages,2.2,4.49,2.24,104.09090909090908,1.8181818181818197,top-5000 GMV,$2-5
234148,Abrupt Decay,Time Spiral: Remastered,2.66,4.99,2.7,87.59398496240601,1.503759398496242,top-5000 GMV,$2-5
565192,"Astarion, the Decadent",Secret Lair Drop Series,51.03,44.99,85.43,-11.83617479913776,67.41132667058594,top-5000 GMV,$50-100
118424,Animate Dead,Eternal Masters,7.45,7.99,4.16,7.248322147651007,-44.16107382550336,top-5000 GMV,$5-10
540040,Ponder,Secret Lair Showdown,4.78,5.49,3.3200000000000003,14.853556485355648,-30.543933054393303,top-5000 GMV,$2-5
14000,Arcum Dagsson,Coldsnap,16.1,19.99,13.66,24.161490683229797,-15.155279503105596,top-5000 GMV,$10-20
589330,Crystal Barricade,Foundations,2.38,2.99,0.36,25.63025210084035,-84.87394957983194,top-5000 GMV,$2-5
559119,For the Common Good (Showcase),Bloomburrow,4.06,5.99,3.12,47.5369458128079,-23.152709359605904,top-5000 GMV,$2-5
635419,"Gogo, Mysterious Mime (Extended Art)",Commander: FINAL FANTASY,4.86,6.49,4.2,33.53909465020576,-13.580246913580249,top-5000 GMV,$2-5
175204,Underrealm Lich,Guilds of Ravnica,6.16,9.99,6.12,62.175324675324674,-0.6493506493506499,top-5000 GMV,$5-10
140061,Utvara Hellkite,Commander 2017,13.98,18.99,11.17,35.83690987124462,-20.10014306151645,top-5000 GMV,$10-20
513411,Court of Embereth,Commander: Wilds of Eldraine,6.2,10.99,5.72,77.25806451612904,-7.741935483870975,top-5000 GMV,$5-10
34339,Bojuka Bog,Worldwake,1.5,2.29,0.98,52.66666666666667,-34.66666666666667,top-5000 GMV,$1-2
519921,Shipwreck Marsh,Universes Beyond: Doctor Who,7.55,10.99,6.86,45.56291390728477,-9.139072847682112,top-5000 GMV,$5-10
11390,Necrogen Mists,Mirrodin,10.58,13.99,9.89,32.23062381852552,-6.521739130434778,top-5000 GMV,$10-20
687396,Darksteel Mutation,Commander: Secrets of Strixhaven,0.8,1.79,0.51,123.75,-36.25000000000001,top-5000 GMV,$0-1
3261,Ashnod's Altar,Antiquities,39.49,42.99,20.28,8.863003291972651,-48.64522663965561,top-5000 GMV,$20-50
662078,"Appa, the Vigilant (Borderless)",Avatar: The Last Airbender: Eternal-Legal,4.82,7.49,4.8100000000000005,55.39419087136929,-0.2074688796680453,top-5000 GMV,$2-5
234118,Flagstones of Trokair,Time Spiral: Remastered,4.07,6.49,3.81,59.45945945945945,-6.3882063882063935,top-5000 GMV,$2-5
646568,Gwen Stacy,Marvel's Spider-Man,3.55,4.49,2.08,26.478873239436638,-41.40845070422535,top-5000 GMV,$2-5
517789,Mountain (1402),Secret Lair Drop Series,27.08,39.99,23.96,47.67355982274743,-11.52141802067946,top-5000 GMV,$20-50
518670,"Shelob, Whose Lair Is Death - Ishkanah, Grafwidow (Borderless)",Commander: The Lord of the Rings: Tales of Middle-earth,35.97,39.99,33.34,11.175979983319442,-7.311648596052253,top-5000 GMV,$20-50
632178,"Emet-Selch, Ascian - K'rrik, Son of Yawgmoth (Showcase)",FINAL FANTASY: Through the Ages,2.43,4.49,1.45,84.77366255144032,-40.32921810699589,top-5000 GMV,$2-5
697621,"Willie Lumpkin, Postman",Commander: Marvel Super Heroes,0.74,2.29,0.56,209.45945945945948,-24.32432432432432,top-5000 GMV,$0-1
3956,Mirror Universe,Legends,360.23,349.99,241.67,-2.84262832079505,-32.91230602670517,near-parity add,$200+
