card,tcg,ck_price,mp_price,ck_pct,mp_pct,units,origin,ck_cal,ck_cal_pct,band,mp_market,productId,has_direct,cheap_ship,direct_price,cheap_price,cheap_seller,mp_head
Flow State,1.81,3.49,0.62,92.81767955801104,-65.74585635359117,7962.0,live,3.1410000000000005,65.05193370165748,$1-2,1.65,688679,True,1.49,1.0,1.0,,1.65
Flashback,3.84,6.49,2.56,69.01041666666667,-33.33333333333333,4968.0,live,5.841,44.672916666666666,$2-5,,688521,True,1.49,2.45,3.0,,2.56
Erode,6.42,9.49,4.64,47.81931464174456,-27.72585669781932,5161.0,live,8.541,26.533333333333346,$5-10,5.63,688651,True,0.0,4.1,5.95,,5.63
Cauldron of Essence,3.53,3.99,2.61,13.031161473087831,-26.06232294617564,4333.0,live,3.591,-3.2453257790368144,$2-5,2.78,689056,True,1.49,1.4,1.69,,2.78
The Unbeatable Squirrel Girl,4.23,4.99,3.33,17.966903073286044,-21.27659574468085,4253.0,live,4.4910000000000005,0.9796690307328532,$2-5,4.37,696312,True,1.49,2.78,3.0,,4.37
Arcane Signet,0.48,0.99,0.4,106.25,-16.66666666666666,8344.0,live,0.891,76.55,$0-1,0.47,687531,True,1.49,0.47,0.47,,0.47
Stock Up,1.0,0.79,0.31,-21.0,-69.0,6551.0,live,0.7110000000000001,-32.37599999999999,$1-2,,675591,True,1.49,0.8,0.8,,0.31
Sol Ring,1.59,2.79,1.4,75.47169811320754,-11.949685534591206,8498.0,live,2.511,50.20377358490566,$1-2,1.49,687542,True,1.49,1.5,1.5,,1.49
Grave Researcher,2.05,2.79,1.77,36.097560975609774,-13.658536585365846,4095.0,live,2.511,16.49951219512197,$2-5,,686543,True,1.49,0.99,0.99,,1.77
Fabled Passage,1.1,1.79,0.93,62.72727272727272,-15.454545454545457,8855.0,live,1.611,39.29454545454545,$1-2,1.05,687665,True,1.49,0.98,0.98,,1.05
Return the Favor,0.43,0.49,0.15,13.953488372093023,-65.11627906976744,4947.0,live,0.441,-2.4558139534883754,$0-1,0.4,688928,True,1.49,0.38,0.38,,0.4
Resonating Lute,1.65,1.29,0.76,-21.818181818181813,-53.93939393939393,3863.0,live,1.161,-33.076363636363624,$1-2,1.61,688477,True,1.49,1.0,1.0,,1.61
Tablet of Discovery,2.07,1.99,1.3,-3.864734299516901,-37.19806763285023,5808.0,live,1.791,-17.708212560386464,$2-5,1.79,689495,True,1.49,1.0,1.0,,1.79
Planar Engineering,1.53,0.79,0.52,-48.36601307189542,-66.01307189542483,3866.0,live,0.7110000000000001,-55.80130718954248,$1-2,1.36,688687,True,1.49,1.0,1.0,,1.36
Hex Magic,1.19,2.99,0.95,151.2605042016807,-20.16806722689076,7470.0,live,2.6910000000000003,115.07899159663866,$1-2,1.38,697024,True,1.49,0.7,0.7,,1.38
Captain America's Shield,1.34,2.29,0.81,70.89552238805969,-39.55223880597015,3997.0,live,2.061,46.28656716417909,$1-2,0.99,696477,True,1.49,1.0,1.0,,0.99
Sink into Stupor,5.74,9.99,5.3100000000000005,74.0418118466899,-7.4912891986062675,3599.0,live,8.991,48.97979094076653,$5-10,,552582,False,1.49,,4.51,14820,5.3100000000000005
Command Tower,0.33,0.79,0.21,139.3939393939394,-36.36363636363637,5335.0,live,0.7110000000000001,104.92121212121212,$0-1,0.24,687664,True,1.49,0.3,0.3,,0.24
Scheming Silvertongue,1.19,0.99,0.37,-16.806722689075627,-68.90756302521008,3382.0,live,0.891,-28.786554621848737,$1-2,,689052,True,1.49,0.38,0.38,,0.37
Stormcarved Coast,2.47,3.49,1.39,41.29554655870445,-43.72469635627531,3294.0,live,3.1410000000000005,20.948987854251016,$2-5,2.0,686581,True,1.49,1.85,1.85,,2.0
"Mole Man, Moloid Master",1.19,3.49,0.51,193.27731092436977,-57.14285714285714,4722.0,live,3.1410000000000005,151.04537815126054,$1-2,1.2,696570,True,1.49,1.1,1.1,,1.2
Deathcap Glade,2.31,2.99,1.76,29.437229437229444,-23.80952380952381,3321.0,live,2.6910000000000003,10.798268398268393,$2-5,2.27,686571,True,1.49,1.6,1.6,,2.27
Sundown Pass,2.17,3.49,1.23,60.829493087557616,-43.31797235023041,3253.0,live,3.1410000000000005,37.67004608294933,$2-5,1.97,686583,True,1.49,1.48,1.48,,1.97
Mana Sculpt,0.89,0.79,0.15,-11.235955056179773,-83.14606741573034,3456.0,live,0.7110000000000001,-24.017977528089883,$0-1,0.73,688516,True,1.49,0.5,0.5,,0.73
Fell the Profane,3.66,5.99,3.42,63.66120218579236,-6.557377049180333,3100.0,live,5.391,40.09398907103824,$2-5,,552580,False,1.49,,2.5,14820,3.42
Vexing Bauble,2.61,4.49,1.44,72.03065134099619,-44.82758620689656,4655.0,live,4.041,47.25823754789273,$2-5,2.25,552814,False,1.49,,1.96,14820,2.25
Llanowar Elves,0.32,0.79,0.15,146.875,-53.125,4931.0,live,0.7110000000000001,111.325,$0-1,0.25,557921,True,1.49,0.15,0.15,,0.25
Fellwar Stone,0.9,1.79,0.72,98.88888888888889,-20.000000000000004,5360.0,live,1.611,70.2488888888889,$0-1,0.8,687597,True,1.49,0.91,0.91,,0.8
Shared Roots,0.39,0.35,0.15,-10.256410256410266,-61.53846153846154,4227.0,live,0.315,-23.179487179487182,$0-1,0.3,688960,True,1.49,0.1,0.1,,0.3
Reliquary Tower,3.67,4.99,3.4,35.96730245231608,-7.356948228882834,3568.0,live,4.4910000000000005,16.388010899182568,$2-5,3.3,687486,True,1.49,3.13,3.88,,3.3
"Moseo, Vein's New Dean",0.83,0.49,0.25,-40.963855421686745,-69.87951807228916,3121.0,live,0.441,-49.46506024096385,$0-1,0.5,689476,True,1.49,0.49,0.49,,0.5
Emeritus of Woe,12.17,14.99,11.45,23.17173377156944,-5.916187345932626,2628.0,live,13.491,5.43500410846344,$10-20,,689158,True,0.99,11.18,11.18,,11.45
Swamp (0269),0.77,1.29,0.35,67.53246753246754,-54.54545454545456,6901.0,live,1.161,43.40779220779222,$0-1,,686589,True,1.49,0.2,0.2,,0.35
Feed the Swarm,0.3,0.49,0.15,63.33333333333334,-50.0,3547.0,live,0.441,39.81333333333333,$0-1,0.15,688873,True,1.49,0.19,0.19,,0.15
Shattered Sanctum,1.59,2.79,0.78,75.47169811320754,-50.943396226415096,3199.0,live,2.511,50.20377358490566,$1-2,1.37,686574,True,1.49,0.89,0.89,,1.37
Pinnacle Monk,1.7,3.49,1.68,105.29411764705884,-1.176470588235295,3507.0,live,3.1410000000000005,75.73176470588237,$1-2,,553299,True,1.49,0.93,0.93,,1.68
Witch Enchanter,4.31,6.49,3.49,50.58004640371232,-19.025522041763328,3480.0,live,5.841,28.896519721577736,$2-5,,552336,True,1.49,1.0,1.0,,3.49
Spell Pierce,0.29,0.35,0.15,20.6896551724138,-48.27586206896552,3690.0,live,0.315,3.3103448275862064,$0-1,0.15,688961,True,1.49,0.15,0.15,,0.15
Emeritus of Ideation,5.25,7.99,4.62,52.1904761904762,-11.999999999999998,2881.0,live,7.191000000000001,30.27504761904761,$5-10,,686601,True,0.0,4.49,5.8,,4.62
Bender's Waterskin,0.81,1.79,0.75,120.98765432098764,-7.407407407407414,4117.0,live,1.611,89.16543209876544,$0-1,0.96,649382,True,1.49,0.82,0.82,,0.96
Dina's Guidance,0.97,0.79,0.15,-18.55670103092783,-84.5360824742268,3176.0,live,0.7110000000000001,-30.28453608247422,$0-1,0.49,689107,True,1.49,0.45,0.45,,0.49
Practiced Offense,1.29,2.49,0.26,93.0232558139535,-79.84496124031007,4274.0,live,2.241,65.22790697674418,$1-2,0.45,688654,True,1.49,0.49,0.49,,0.45
Cool but Rude,8.6,12.99,7.8,51.04651162790699,-9.302325581395348,2758.0,live,11.691,29.295813953488363,$5-10,7.79,673622,True,1.0,6.35,7.17,,7.79
Mountain (0270),1.16,1.29,0.36,11.20689655172415,-68.9655172413793,6904.0,live,1.161,-4.806896551724122,$1-2,,686590,True,1.49,0.2,0.2,,0.36
The Mind Stone,57.53,79.99,62.52,39.040500608378224,8.673735442377893,2492.0,live,71.991,19.01866852077177,$50-100,62.51,693022,True,0.0,57.0,58.15,,62.51
Germination Practicum,10.26,9.99,8.33,-2.631578947368417,-18.81091617933723,2502.0,live,8.991,-16.65263157894737,$10-20,8.5,689106,True,3.99,7.71,8.99,,8.5
Plains (0267),1.22,1.79,0.6,46.72131147540984,-50.81967213114754,6778.0,live,1.611,25.593442622950825,$1-2,,686586,True,1.49,0.38,0.38,,0.6
Requisition Raid,0.31,0.35,0.15,12.903225806451609,-51.61290322580645,3359.0,live,0.315,-3.354838709677426,$0-1,0.26,688926,True,1.49,0.15,0.15,,0.26
Island (0268),1.06,1.49,0.48,40.56603773584905,-54.71698113207547,6735.0,live,1.341,20.324528301886776,$1-2,,686587,True,1.49,0.39,0.39,,0.48
Forest (0271),0.82,1.79,0.37,118.29268292682929,-54.8780487804878,6556.0,live,1.611,86.85853658536587,$0-1,,686591,True,1.49,0.23,0.23,,0.37
Disciple of Freyalise,2.57,4.49,1.64,74.7081712062257,-36.18677042801556,3015.0,live,4.041,49.5501945525292,$2-5,,552466,True,1.49,1.21,1.21,,1.64
Genji Glove,11.36,11.99,5.9,5.545774647887331,-48.06338028169014,2421.0,live,10.791,-9.652816901408451,$10-20,,634431,True,0.0,7.22,11.47,,5.9
Improvisation Capstone,10.47,16.99,9.37,62.27316141356254,-10.506208213944616,2404.0,live,15.290999999999999,38.905826170009526,$10-20,10.2,686575,True,0.99,7.98,7.98,,10.2
"Shuri, Wakandan Inventor",0.39,0.69,0.15,76.9230769230769,-61.53846153846154,5051.0,live,0.621,51.44615384615384,$0-1,0.35,696278,True,1.49,0.3,0.3,,0.35
Bulk Up,0.37,0.35,0.15,-5.405405405405411,-59.45945945945946,3106.0,live,0.315,-19.02702702702703,$0-1,0.25,688858,True,1.49,0.08,0.08,,0.25
Bitter Triumph,0.28,0.35,0.15,24.999999999999982,-46.42857142857144,3343.0,live,0.315,6.999999999999981,$0-1,0.42,688855,True,1.49,0.16,0.16,,0.42
"Loki, God of Mischief",2.59,5.99,2.17,131.2741312741313,-16.216216216216214,4095.0,live,5.391,97.9706563706564,$2-5,,696274,True,1.49,1.99,1.99,,2.17
Hare Apparent,2.32,3.49,0.91,50.43103448275864,-60.77586206896552,8091.0,live,3.1410000000000005,28.7689655172414,$2-5,2.07,591214,False,1.49,,2.35,4912,2.07
"Prismari, the Inspiration",4.07,4.99,3.12,22.6044226044226,-23.34152334152334,2276.0,live,4.4910000000000005,4.949385749385745,$2-5,,686599,True,1.49,3.49,3.49,,3.12
Studious First-Year,0.31,0.35,0.15,12.903225806451609,-51.61290322580645,4480.0,live,0.315,-3.354838709677426,$0-1,,686582,True,1.49,0.15,0.15,,0.15
Mirkwood Bats,1.34,1.49,1.05,11.19402985074626,-21.64179104477612,2781.0,live,1.341,-4.817910447761207,$1-2,1.4,498352,True,1.49,1.05,1.05,,1.4
Decorum Dissertation,6.97,8.49,5.21,21.80774748923961,-25.251076040172165,2268.0,live,7.641,4.267431850789095,$5-10,6.55,688950,True,1.49,4.01,4.43,,6.55
Accursed Marauder,0.37,0.39,0.15,5.405405405405411,-59.45945945945946,2829.0,live,0.35100000000000003,-9.772972972972966,$0-1,0.27,553204,True,1.49,0.2,0.2,,0.27
"Captain America, Living Legend",0.3,0.35,0.15,16.666666666666664,-50.0,3147.0,live,0.315,-0.1333333333333371,$0-1,0.2,696319,True,1.49,0.05,0.05,,0.2
Restoration Seminar,3.33,4.49,3.12,34.83483483483484,-6.306306306306306,2297.0,live,4.041,15.418618618618622,$2-5,3.46,688656,True,1.49,2.15,2.99,,3.46
"Witherbloom, the Balancer",4.08,5.49,3.11,34.55882352941177,-23.77450980392157,2192.0,live,4.941000000000001,15.182352941176468,$2-5,3.9,686613,True,1.49,3.0,3.72,,3.9
The Serpent Society,0.7,1.29,0.15,84.28571428571429,-78.57142857142857,3348.0,live,1.161,57.74857142857145,$0-1,0.49,696652,True,1.49,0.32,0.32,,0.49
The Scarlet Witch,0.6,0.99,0.15,65.0,-75.0,2758.0,live,0.891,41.24,$0-1,0.49,696298,True,1.49,0.25,0.25,,0.49
Dark Fortress,2.56,3.99,2.54,55.859375,-0.7812500000000007,3487.0,live,3.591,33.415625000000006,$2-5,3.5,696352,True,1.49,1.25,2.49,,3.5
Exsanguinate,0.38,0.79,0.15,107.89473684210526,-60.526315789473685,2639.0,live,0.7110000000000001,77.95789473684212,$0-1,0.41,591153,True,1.49,0.34,0.34,,0.41
Hexing Squelcher,20.98,29.99,18.39,42.94566253574832,-12.34509056244042,2249.0,live,26.991,22.361487130600555,$20-50,20.18,671005,True,1.99,16.24,16.24,,20.18
An Offer You Can't Refuse,3.01,4.99,2.34,65.78073089700999,-22.259136212624583,2327.0,live,4.4910000000000005,41.90830564784054,$2-5,2.52,590828,True,1.49,1.5,1.5,,2.52
The Vision,0.72,1.29,0.26,79.16666666666667,-63.888888888888886,2965.0,live,1.161,53.36666666666668,$0-1,0.68,693025,True,1.49,0.6,0.6,,0.68
Duty Beyond Death,0.27,0.35,0.15,29.62962962962961,-44.44444444444445,2739.0,live,0.315,10.962962962962948,$0-1,0.15,686551,True,1.49,0.14,0.14,,0.15
World War Hulk,0.96,2.49,0.76,159.37500000000003,-20.83333333333333,3290.0,live,2.241,122.025,$0-1,1.12,668475,True,1.49,0.9,0.9,,1.12
Dreamroot Cascade,0.85,1.79,0.51,110.58823529411764,-40.0,2644.0,live,1.611,80.26352941176471,$0-1,0.95,686573,True,1.49,0.63,0.63,,0.95
Buried Alive,1.01,2.29,0.51,126.73267326732672,-49.50495049504951,2525.0,live,2.061,94.08316831683167,$1-2,0.84,552813,False,1.49,,0.5,14820,0.84
Arc Reactor,1.04,1.99,0.39,91.34615384615384,-62.5,3480.0,live,1.791,63.792307692307695,$1-2,0.78,696348,True,1.49,0.65,0.65,,0.78
"Mjolnir, Hammer of Thor",22.12,32.99,23.39,49.14104882459313,5.741410488245929,2168.0,live,29.691000000000003,27.66473779385172,$20-50,,696296,True,0.0,19.15,19.15,,23.39
"Mister Fantastic, Reed Richards (Borderless)",0.58,0.59,0.15,1.7241379310344844,-74.13793103448275,3191.0,live,0.531,-12.924137931034489,$0-1,,696282,True,1.49,0.28,0.28,,0.15
Mathemagics,2.91,3.49,2.85,19.93127147766323,-2.0618556701030943,2219.0,live,3.1410000000000005,2.661168384879731,$2-5,3.07,675586,True,1.49,3.0,3.0,,3.07
Pensive Professor,0.43,0.49,0.15,13.953488372093023,-65.11627906976744,2736.0,live,0.441,-2.4558139534883754,$0-1,0.51,686605,True,1.49,0.3,0.3,,0.51
Gleaming Bastion,1.98,4.99,1.55,152.02020202020202,-21.71717171717172,3468.0,live,4.4910000000000005,115.72929292929297,$1-2,2.75,696354,True,1.49,1.9,1.9,,2.75
Emeritus of Abundance,2.51,2.99,1.56,19.12350597609564,-37.848605577689234,2195.0,live,2.6910000000000003,1.969721115537855,$2-5,,688681,True,1.49,2.52,2.52,,1.56
Urza's Cave,1.12,1.99,0.51,77.6785714285714,-54.46428571428572,2726.0,live,1.791,52.09285714285713,$1-2,1.0,548592,True,1.49,0.7,0.7,,1.0
Echocasting Symposium,3.71,4.49,2.54,21.024258760107823,-31.536388140161726,2144.0,live,4.041,3.5967654986522968,$2-5,,688689,True,1.49,2.48,2.96,,2.54
Hawkeye's Bow,0.25,0.35,0.15,39.99999999999999,-40.0,6052.0,live,0.315,19.83999999999999,$0-1,0.16,697023,True,1.49,0.15,0.15,,0.16
Hidden Lair,2.66,6.49,2.08,143.98496240601503,-21.80451127819549,3431.0,live,5.841,108.85112781954886,$2-5,3.51,696355,True,1.49,1.6,2.8,,3.51
Arcane Signet,0.62,0.99,0.46,59.67741935483871,-25.80645161290322,3314.0,live,0.891,36.68387096774193,$0-1,0.49,687531,True,1.49,0.47,0.47,,0.49
Harmonized Trio,0.57,0.59,0.15,3.5087719298245648,-73.68421052631578,2591.0,live,0.531,-11.39649122807018,$0-1,,688683,True,1.49,0.26,0.26,,0.15
Icetill Explorer,14.78,21.99,14.77,48.78213802435724,-0.0676589986468186,2211.0,live,19.791,27.35751014884979,$10-20,14.18,644286,True,1.22,12.99,13.62,,14.18
The Ten Rings,17.4,24.99,17.71,43.62068965517242,1.781609195402312,2274.0,live,22.491,22.9393103448276,$10-20,19.6,696349,True,3.99,14.93,15.75,,19.6
Sleight of Hand,0.29,0.35,0.15,20.6896551724138,-48.27586206896552,3192.0,live,0.315,3.3103448275862064,$0-1,0.15,689150,True,1.49,0.15,0.15,,0.15
Marionette Apprentice,1.01,1.99,0.47,97.02970297029702,-53.46534653465347,2436.0,live,1.791,68.65742574257426,$1-2,,552635,True,1.49,0.4,0.4,,0.47
Revitalizing Repast,1.06,1.99,0.98,87.73584905660377,-7.547169811320761,2508.0,live,1.791,60.70188679245283,$1-2,,552651,True,1.49,0.5,0.5,,0.98
Training Compound,1.69,3.99,1.08,136.09467455621305,-36.094674556213015,3397.0,live,3.591,102.09704142011836,$1-2,2.04,696356,True,1.49,1.5,1.5,,2.04
Sundering Eruption,1.04,1.79,1.02,72.11538461538461,-1.923076923076925,3207.0,live,1.611,47.33076923076924,$1-2,,552583,True,1.49,0.7,0.7,,1.02
"Lorehold, the Historian",1.77,1.49,0.96,-15.819209039548024,-45.76271186440678,2087.0,live,1.341,-27.94124293785311,$1-2,1.75,675584,True,1.49,1.15,1.15,,1.75
Gathering Place,1.64,3.49,1.77,112.80487804878052,7.92682926829269,3383.0,live,3.1410000000000005,82.16097560975612,$1-2,2.47,696353,True,1.49,1.5,1.5,,2.47
Traumatic Critique,0.43,0.49,0.15,13.953488372093023,-65.11627906976744,2887.0,live,0.441,-2.4558139534883754,$0-1,0.57,688479,True,1.49,0.3,0.3,,0.57
Professor Dellian Fel,4.38,6.99,3.64,59.589041095890416,-16.89497716894977,2303.0,live,6.291,36.608219178082194,$2-5,4.1,686600,True,1.49,2.9,2.9,,4.1
Prismari Charm,0.34,0.35,0.15,2.9411764705882213,-55.88235294117647,3461.0,live,0.315,-11.882352941176483,$0-1,0.25,686597,True,1.49,0.05,0.05,,0.25
"Taskmaster, Mercenary Mimic",0.44,0.69,0.15,56.8181818181818,-65.90909090909092,2786.0,live,0.621,34.23636363636362,$0-1,0.43,696863,True,1.49,0.29,0.29,,0.43
Super-Soldier Serum,0.8,1.29,0.42,61.24999999999999,-47.5,3353.0,live,1.161,38.03000000000001,$0-1,0.77,696467,True,1.49,0.6,0.6,,0.77
"Ultron, Artificial Malevolence",12.69,19.99,13.35,57.52561071710007,5.200945626477543,2084.0,live,17.991,34.84192277383766,$10-20,14.0,696581,True,0.0,9.91,10.24,,14.0
Witherbloom Charm,0.31,0.35,0.15,12.903225806451609,-51.61290322580645,3312.0,live,0.315,-3.354838709677426,$0-1,0.19,686612,True,1.49,0.15,0.15,,0.19
"Quandrix, the Proof",2.15,0.99,1.45,-53.95348837209302,-32.558139534883715,2013.0,live,0.891,-60.584186046511626,$2-5,,686603,True,1.49,1.41,1.41,,1.45
Exhibition Tidecaller,0.66,0.59,0.15,-10.606060606060614,-77.27272727272727,2863.0,live,0.531,-23.47878787878789,$0-1,0.5,686604,True,1.49,0.25,0.25,,0.5
Abrade,0.3,0.39,0.15,30.00000000000001,-50.0,2780.0,live,0.35100000000000003,11.280000000000012,$0-1,0.15,688837,True,1.49,0.12,0.12,,0.15
Hydroelectric Specimen,0.93,1.49,0.47,60.21505376344085,-49.462365591397855,2648.0,live,1.341,37.14408602150536,$0-1,,553181,True,1.49,0.5,0.5,,0.47
Consign to Memory,4.01,5.99,2.53,49.37655860349128,-36.90773067331671,3676.0,live,5.391,27.866334164588537,$2-5,2.99,552840,True,1.49,2.47,2.47,,2.99
Spectacular Spider-Man (Borderless),9.11,8.49,3.26,-6.805708013172331,-64.21514818880351,2006.0,live,7.641,-20.22568605927552,$5-10,,646553,True,0.0,3.13,7.99,,3.26
Garruk's Uprising,0.43,0.99,0.26,130.2325581395349,-39.53488372093023,2662.0,live,0.891,97.07906976744188,$0-1,,591806,True,1.49,0.3,0.3,,0.26
Untimely Malfunction,8.83,11.99,7.84,35.78708946772367,-11.211778029445076,2025.0,live,10.791,16.23374858437145,$5-10,8.11,576504,True,0.0,6.06,7.52,,8.11
"Arnyn, Deathbloom Botanist",0.37,0.35,0.15,-5.405405405405411,-59.45945945945946,2479.0,live,0.315,-19.02702702702703,$0-1,0.16,689160,True,1.49,0.15,0.15,,0.16
"Invisible Woman, Sue Storm (Borderless)",0.33,0.35,0.15,6.060606060606049,-54.54545454545456,2142.0,live,0.315,-9.212121212121223,$0-1,,696262,True,1.49,0.13,0.13,,0.15
"Blech, Loafing Pest",0.42,0.49,0.15,16.666666666666668,-64.28571428571429,2468.0,live,0.441,-0.1333333333333345,$0-1,0.21,689055,True,1.49,0.25,0.25,,0.21
Bojuka Bog,1.03,2.29,0.92,122.33009708737865,-10.679611650485436,3356.0,live,2.061,90.31456310679611,$1-2,1.02,687669,True,1.49,1.0,1.0,,1.02
Lorien Revealed,4.73,6.49,3.9,37.20930232558139,-17.547568710359418,2952.0,live,5.841,17.451162790697662,$2-5,,499960,True,1.49,2.5,2.5,,3.9
M.O.D.O.K.,4.27,7.99,3.8,87.11943793911009,-11.007025761124115,2096.0,live,7.191000000000001,60.17423887587823,$2-5,4.5,696242,True,1.49,3.35,4.27,,4.5
Petrified Hamlet,0.61,0.49,0.15,-19.672131147540984,-75.40983606557377,3061.0,live,0.441,-31.23934426229508,$0-1,0.24,688982,True,1.49,0.24,0.24,,0.24
Fanatic of Rhonas,13.97,16.99,13.49,21.61775232641373,-3.435934144595565,2027.0,live,15.290999999999999,4.10479599141015,$10-20,12.0,552830,True,0.0,9.0,13.99,,12.0
Evolution Witness,0.29,0.79,0.15,172.41379310344828,-48.27586206896552,2525.0,live,0.7110000000000001,133.18620689655177,$0-1,0.25,552324,True,1.49,0.2,0.2,,0.25
"Silverquill, the Disputant",1.99,1.29,1.01,-35.175879396984925,-49.246231155778894,1900.0,live,1.161,-44.51055276381909,$1-2,1.47,686608,True,1.49,0.97,0.97,,1.47
Blood Crypt,9.43,12.99,9.1,37.751855779427366,-3.4994697773064694,2041.0,live,11.691,17.915588547189813,$5-10,9.21,656687,True,1.49,7.0,7.0,,9.21
Blazing Firesinger,0.32,0.35,0.15,9.374999999999991,-53.125,2892.0,live,0.315,-6.375000000000009,$0-1,,689486,True,1.49,0.1,0.1,,0.15
Daydream,0.4,0.35,0.15,-12.50000000000001,-62.5,3099.0,live,0.315,-25.10000000000001,$0-1,0.22,688650,True,1.49,0.2,0.2,,0.22
Cosmic Cube,12.43,17.99,11.46,44.73049074818986,-7.803700724054698,1952.0,live,16.191,23.88930008045051,$10-20,13.0,696671,True,0.0,10.66,11.9,,13.0
The Wondrous Wasp,0.69,1.29,0.15,86.95652173913045,-78.26086956521738,3447.0,live,1.161,60.03478260869568,$0-1,0.5,696658,True,1.49,0.25,0.25,,0.5
Victimize,0.5,1.29,0.2,158.0,-60.0,2550.0,live,1.161,120.84800000000004,$0-1,0.49,552740,True,1.49,0.4,0.4,,0.49
Tamiyo's Safekeeping,6.61,8.99,4.91,36.006051437216335,-25.718608169440245,2163.0,live,8.091000000000001,16.421180030257172,$5-10,5.3,262765,True,1.49,3.99,4.0,,5.3
Formidable Speaker,8.11,10.99,7.18,35.51171393341555,-11.467324290998764,2209.0,live,9.891,15.9980271270037,$5-10,7.12,656667,True,0.0,7.0,7.49,,7.12
Bridgeworks Battle,0.94,1.99,0.89,111.70212765957449,-5.319148936170206,2698.0,live,1.791,81.21702127659576,$0-1,,552579,True,1.49,0.38,0.38,,0.89
"The Mighty Thor, Jane Foster",0.44,0.49,0.15,11.36363636363636,-65.90909090909092,2825.0,live,0.441,-4.672727272727277,$0-1,0.27,696645,True,1.49,0.28,0.28,,0.27
Culling the Weak,10.35,9.99,7.37,-3.478260869565212,-28.79227053140097,1765.0,live,8.991,-17.377391304347828,$10-20,7.22,688899,True,1.25,6.25,6.25,,7.22
Sol Ring,1.89,2.79,1.53,47.61904761904763,-19.04761904761904,2787.0,live,2.511,26.36190476190477,$1-2,1.65,687542,True,1.49,1.5,1.5,,1.65
King T'Challa,11.7,18.99,9.46,62.30769230769231,-19.14529914529913,2136.0,live,17.090999999999998,38.93538461538463,$10-20,,696324,True,0.0,10.0,11.26,,9.46
The Earth Crystal,12.13,17.99,11.72,48.30997526793072,-3.3800494641385006,1776.0,live,16.191,26.9533388293487,$10-20,11.85,633136,True,0.0,9.98,11.3,,11.85
The Astonishing Ant-Man,0.31,0.49,0.15,58.06451612903225,-51.61290322580645,2605.0,live,0.441,35.30322580645161,$0-1,0.28,696632,True,1.49,0.29,0.29,,0.28
Warren Soultrader,14.84,20.99,14.18,41.442048517520206,-4.447439353099732,1858.0,live,18.891,21.074393530997305,$10-20,13.75,552631,True,0.0,11.12,11.12,,13.75
Mirkwood Bats (Borderless),1.65,1.79,0.98,8.484848484848492,-40.60606060606061,2063.0,live,1.611,-7.136969696969689,$1-2,,498419,True,1.49,0.45,0.45,,0.98
Swiftfoot Boots,2.99,3.99,2.17,33.44481605351171,-27.424749163879607,2089.0,live,3.591,14.22876254180602,$2-5,2.25,591210,True,1.49,2.0,2.0,,2.25
Jennifer Walters,11.87,17.99,11.42,51.558550968828975,-3.791069924178596,2036.0,live,16.191,29.7341196293176,$10-20,,696535,True,0.0,10.0,11.1,,11.42
Fellwar Stone,1.04,1.49,0.78,43.26923076923077,-25.0,2494.0,live,1.341,22.638461538461524,$1-2,0.84,687597,True,1.49,0.91,0.91,,0.84
"The Thing, Ben Grimm (Borderless)",0.37,0.35,0.15,-5.405405405405411,-59.45945945945946,2033.0,live,0.315,-19.02702702702703,$0-1,,696313,True,1.49,0.15,0.15,,0.15
Tony Stark,6.29,10.99,5.21,74.72178060413354,-17.170111287758345,1855.0,live,9.891,49.56184419713831,$5-10,,696279,True,0.0,4.9,6.37,,5.21
Terrasymbiosis,7.36,13.99,7.63,90.08152173913044,3.668478260869559,1794.0,live,12.591000000000001,62.70978260869565,$5-10,7.94,641743,True,1.0,6.52,6.52,,7.94
Redirect Lightning,12.22,17.99,10.3,47.21767594108018,-15.71194762684124,1839.0,live,16.191,26.01833060556463,$10-20,10.6,648709,True,0.0,8.98,10.49,,10.6
Steam Vents,13.87,16.99,10.68,22.494592645998555,-22.999279019466474,2031.0,live,15.290999999999999,4.855371304974762,$10-20,11.79,656711,True,0.99,10.0,10.5,,11.79
"Human Torch, Johnny Storm (Borderless)",0.31,0.35,0.15,12.903225806451609,-51.61290322580645,2030.0,live,0.315,-3.354838709677426,$0-1,,696301,True,1.49,0.14,0.14,,0.15
Emeritus of Conflict,1.4,0.99,0.78,-29.28571428571428,-44.28571428571428,2104.0,live,0.891,-39.46857142857142,$1-2,,688661,True,1.49,1.1,1.1,,0.78
Noxious Newt,0.32,0.39,0.15,21.875000000000004,-53.125,4166.0,live,0.35100000000000003,4.3250000000000055,$0-1,0.15,689511,True,1.49,0.09,0.09,,0.15
Stomping Ground,6.66,9.99,6.51,50.0,-2.2522522522522577,1903.0,live,8.991,28.39999999999999,$5-10,6.6,638913,True,0.0,5.5,6.63,,6.6
The Ooze,3.31,4.99,3.12,50.75528700906344,-5.740181268882173,1992.0,live,4.4910000000000005,29.04652567975831,$2-5,3.99,673656,True,1.49,2.88,2.88,,3.99
Patchwork Banner,3.49,4.49,1.87,28.653295128939828,-46.41833810888252,1974.0,live,4.041,10.127220630372491,$2-5,2.0,559478,True,1.49,1.25,2.26,,2.0
Coruscation Mage,2.01,2.29,1.04,13.930348258706482,-48.25870646766168,2227.0,live,2.061,-2.475621890547254,$2-5,,559072,True,1.49,0.99,0.99,,1.04
Emeritus of Truce,1.27,0.99,0.61,-22.047244094488192,-51.96850393700787,1960.0,live,0.891,-33.27244094488189,$1-2,,688984,True,1.49,0.94,0.94,,0.61
Mind into Matter,0.4,0.49,0.15,22.5,-62.5,2341.0,live,0.441,4.85999999999999,$0-1,0.48,688691,True,1.49,0.2,0.2,,0.48
Boggart Trawler,0.87,2.29,0.7000000000000001,163.2183908045977,-19.540229885057464,2703.0,live,2.061,125.31494252873566,$0-1,,552873,True,1.49,0.25,0.25,,0.7000000000000001
Namor the Sub-Mariner,7.76,12.99,6.7700000000000005,67.39690721649485,-12.757731958762877,2244.0,live,11.691,43.29175257731958,$5-10,9.15,668572,True,3.99,3.73,3.73,,9.15
Molten-Core Maestro,0.66,0.49,0.15,-25.75757575757576,-77.27272727272727,2493.0,live,0.441,-36.44848484848485,$0-1,0.35,686584,True,1.49,0.2,0.2,,0.35
Collective Resistance,1.29,2.99,1.15,131.78294573643413,-10.852713178294584,2489.0,live,2.6910000000000003,98.40620155038758,$1-2,1.36,552623,True,1.49,0.71,0.71,,1.36
Bruce Banner,6.42,9.99,5.72,55.60747663551402,-10.903426791277262,1860.0,live,8.991,33.2,$5-10,,668460,True,0.0,5.5,6.27,,5.72
Iron Man Armor,3.97,8.49,3.86,113.85390428211586,-2.770780856423182,2076.0,live,7.641,83.05894206549117,$2-5,4.29,697073,True,1.49,3.2,3.41,,4.29
Glaring Fleshraker,0.8,2.29,0.41,186.25,-48.75000000000001,3226.0,live,2.061,145.03,$0-1,0.74,552821,True,1.49,0.83,0.83,,0.74
Goldspan Dragon,6.17,7.49,5.63,21.393841166936795,-8.752025931928689,2075.0,live,6.7410000000000005,3.913128038897891,$5-10,5.42,687343,True,0.0,5.38,6.9,,5.42
"The Sentry, Golden Guardian",0.36,0.49,0.15,36.11111111111112,-58.333333333333336,2683.0,live,0.441,16.51111111111111,$0-1,0.35,668458,True,1.49,0.25,0.25,,0.35
Watery Grave,9.56,15.99,9.33,67.25941422594141,-2.405857740585778,1870.0,live,14.391,43.17405857740585,$5-10,9.28,638914,True,0.99,7.75,8.24,,9.28
Faerie Mastermind,11.92,15.99,10.6,34.144295302013425,-11.073825503355708,1949.0,live,14.391,14.827516778523494,$10-20,10.18,687365,True,1.31,9.8,10.73,,10.18
Overgrown Tomb,9.33,13.99,7.81,49.94640943193998,-16.29153269024652,1919.0,live,12.591000000000001,28.354126473740628,$5-10,8.38,656709,True,1.25,7.24,7.24,,8.38
Arcane Signet,0.69,0.99,0.44,43.478260869565226,-36.23188405797101,2706.0,live,0.891,22.81739130434783,$0-1,0.5,687531,True,1.49,0.47,0.47,,0.5
"Ozolith, the Shattered Spire",5.0,7.49,4.82,49.8,-3.5999999999999943,1915.0,live,6.7410000000000005,28.2288,$5-10,4.66,687556,True,0.5,4.51,5.45,,4.66
Moonshaker Cavalry,6.19,8.99,6.12,45.23424878836833,-1.130856219709213,2036.0,live,8.091000000000001,24.32051696284328,$5-10,6.06,687353,True,1.49,5.27,5.53,,6.06
Heroic Feast,0.3,0.49,0.15,63.33333333333334,-50.0,3346.0,live,0.441,39.81333333333333,$0-1,0.31,697048,True,1.49,0.19,0.19,,0.31
Ark of Hunger,0.36,0.49,0.15,36.11111111111112,-58.333333333333336,2078.0,live,0.441,16.51111111111111,$0-1,0.34,688665,True,1.49,0.2,0.2,,0.34
Enduring Vitality,16.73,17.99,14.5,7.531380753138063,-13.329348475791994,1755.0,live,16.191,-7.953138075313819,$10-20,16.67,578080,True,1.27,13.0,14.66,,16.67
Boltwave,2.52,3.49,1.04,38.4920634920635,-58.730158730158735,2451.0,live,3.1410000000000005,18.54920634920636,$2-5,1.63,591308,True,1.49,1.74,1.74,,1.63
"Storm, Windrider",0.45,0.49,0.15,8.888888888888884,-66.66666666666667,2395.0,live,0.441,-6.791111111111118,$0-1,0.25,696574,True,1.49,0.25,0.25,,0.25
Ephemerate,5.41,6.49,5.12,19.963031423290204,-5.360443622920518,2175.0,live,5.841,2.68835489833641,$5-10,5.59,191568,True,3.99,4.0,5.24,,5.59
Unexpected Windfall,3.46,4.99,2.85,44.21965317919076,-17.630057803468205,1793.0,live,4.4910000000000005,23.45202312138729,$2-5,3.17,243382,True,1.49,2.49,2.49,,3.17
Ripples of Undeath,5.91,9.99,5.41,69.03553299492386,-8.460236886632826,1704.0,live,8.991,44.694416243654814,$5-10,5.97,552866,True,1.0,4.0,5.0,,5.97
"Wolverine, Fierce Fighter",0.41,0.49,0.15,19.512195121951223,-63.41463414634146,2215.0,live,0.441,2.302439024390245,$0-1,0.25,696330,True,1.49,0.29,0.29,,0.25
Temple Garden,7.85,10.99,7.3,40.00000000000001,-7.006369426751591,1872.0,live,9.891,19.84,$5-10,7.44,656713,True,1.49,5.49,5.49,,7.44
"Captain America, Super-Soldier",3.83,6.99,2.65,82.50652741514361,-30.809399477806792,1915.0,live,6.291,56.225587467362914,$2-5,3.15,668456,True,1.49,2.25,3.36,,3.15
"Shang-Chi, Master of Kung Fu",9.99,17.99,10.3,80.08008008008007,3.103103103103108,1937.0,live,16.191,54.148548548548526,$5-10,10.38,697059,True,0.99,8.49,9.01,,10.38
Hallowed Fountain,7.03,9.99,5.21,42.10526315789473,-25.88904694167852,1893.0,live,8.991,21.64210526315788,$5-10,,656703,True,0.0,5.95,5.95,,5.21
Restoration Magic,2.21,2.79,1.12,26.24434389140272,-49.32126696832579,2038.0,live,2.511,8.06515837104073,$2-5,1.81,633737,True,1.49,0.85,0.85,,1.81
"Kutzil, Malamet Exemplar",4.49,3.99,2.5,-11.135857461024498,-44.32071269487751,1842.0,live,3.591,-23.932293986636967,$2-5,3.42,525618,True,1.49,2.45,3.07,,3.42
Sacred Foundry,10.13,14.99,9.37,47.976307996051325,-7.502467917078001,1835.0,live,13.491,26.667719644619936,$10-20,9.62,638912,True,0.99,7.99,8.25,,9.62
Brain Freeze,3.15,4.99,2.8000000000000003,58.412698412698425,-11.1111111111111,1689.0,live,4.4910000000000005,35.60126984126985,$2-5,3.15,689149,True,1.49,1.9,3.0,,3.15
Castle Doom,0.55,0.49,0.15,-10.90909090909092,-72.72727272727273,3071.0,live,0.441,-23.73818181818183,$0-1,0.5,696674,True,1.49,0.4,0.4,,0.5
Norman Osborn,17.64,18.99,17.6,7.653061224489783,-0.2267573696145076,1709.0,live,17.090999999999998,-7.848979591836737,$10-20,,651332,True,1.49,15.16,15.7,,17.6
Brotherhood Regalia,8.93,15.99,7.28,79.05935050391938,-18.477043673012314,1705.0,live,14.391,53.274804031355,$5-10,,556324,True,1.22,7.75,7.99,,7.28
Malevolent Rumble,0.34,0.99,0.15,191.17647058823525,-55.88235294117647,4635.0,live,0.891,149.2470588235294,$0-1,0.3,553328,False,1.49,,0.28,807066,0.3
Hardened Academic,0.42,0.49,0.15,16.666666666666668,-64.28571428571429,2568.0,live,0.441,-0.1333333333333345,$0-1,0.48,686540,True,1.49,0.25,0.25,,0.48
Breeding Pool,9.52,15.99,9.25,67.9621848739496,-2.8361344537815083,1755.0,live,14.391,43.77563025210085,$5-10,9.31,638910,True,1.5,7.5,7.5,,9.31
Helping Hand,0.24,0.35,0.15,45.83333333333333,-37.5,2262.0,live,0.315,24.83333333333333,$0-1,0.35,688861,True,1.49,0.11,0.11,,0.35
Command Tower,0.34,0.99,0.25,191.17647058823525,-26.470588235294123,2424.0,live,0.891,149.2470588235294,$0-1,0.25,687664,True,1.49,0.3,0.3,,0.25
Kaya's Ghostform,1.94,3.99,1.37,105.67010309278352,-29.381443298969064,1770.0,live,3.591,76.0536082474227,$1-2,,187181,True,1.49,1.0,1.0,,1.37
Weftstalker Ardent,0.7,2.29,0.4,227.1428571428572,-42.85714285714285,2076.0,live,2.061,180.03428571428572,$0-1,,641779,True,1.49,0.4,0.4,,0.4
Springheart Nantuko,5.59,7.49,3.9,33.98926654740609,-30.23255813953488,1685.0,live,6.7410000000000005,14.694812164579607,$5-10,4.91,552859,True,1.49,3.52,3.75,,4.91
Thraben Charm,0.33,0.59,0.15,78.78787878787877,-54.54545454545456,3676.0,live,0.531,53.04242424242421,$0-1,0.31,552284,True,1.49,0.25,0.25,,0.31
Abandoned Air Temple,5.99,9.99,5.73,66.7779632721202,-4.34056761268781,1805.0,live,8.991,42.76193656093488,$5-10,5.51,662801,True,0.0,3.7,5.2,,5.51
Firdoch Core,0.34,0.49,0.15,44.11764705882352,-55.88235294117647,3026.0,live,0.441,23.36470588235293,$0-1,0.36,671721,True,1.49,0.15,0.15,,0.36
Great Hall of the Biblioplex,0.76,0.49,0.15,-35.526315789473685,-80.26315789473684,2748.0,live,0.441,-44.81052631578948,$0-1,0.44,688085,True,1.49,0.26,0.26,,0.44
"Ares, God of War",0.31,0.49,0.15,58.06451612903225,-51.61290322580645,2100.0,live,0.441,35.30322580645161,$0-1,0.28,696626,True,1.49,0.2,0.2,,0.28
Swords to Plowshares,1.69,2.49,1.37,47.3372781065089,-18.93491124260354,2211.0,live,2.241,26.120710059171603,$1-2,1.34,624152,True,1.49,1.23,1.23,,1.34
Ba Sing Se,4.2,6.49,3.59,54.52380952380952,-14.52380952380953,1824.0,live,5.841,32.27238095238095,$2-5,3.95,662547,True,1.49,2.15,3.0,,3.95
Doctor Doom,3.59,6.49,2.08,80.7799442896936,-42.06128133704736,1771.0,live,5.841,54.747632311977725,$2-5,2.62,668462,True,1.49,2.7,3.5,,2.62
Red Hulk (Borderless),0.25,0.35,0.15,39.99999999999999,-40.0,1902.0,live,0.315,19.83999999999999,$0-1,,696663,True,1.49,0.22,0.22,,0.15
Virulent Emissary,1.35,1.79,0.15,32.59259259259258,-88.8888888888889,2064.0,live,1.611,13.499259259259254,$1-2,0.37,671053,True,1.49,0.59,0.59,,0.37
Monstrous Rage,0.23,0.35,0.15,52.17391304347825,-34.78260869565218,2323.0,live,0.315,30.260869565217373,$0-1,0.19,688887,True,1.49,0.12,0.12,,0.19
The Wind Crystal,6.23,8.49,5.15,36.2760834670947,-17.335473515248793,1589.0,live,7.641,16.652327447833052,$5-10,5.48,633117,True,1.49,4.0,4.0,,5.48
"Ral Zarek, Guest Lecturer",1.65,1.99,1.04,20.606060606060613,-36.96969696969696,1812.0,live,1.791,3.238787878787888,$1-2,1.41,686538,True,1.49,1.0,1.0,,1.41
Exotic Orchard,0.36,0.59,0.15,63.888888888888886,-58.333333333333336,2749.0,live,0.531,40.28888888888888,$0-1,0.19,687675,True,1.49,0.17,0.17,,0.19
Godless Shrine,8.64,12.99,7.52,50.34722222222221,-12.962962962962973,1709.0,live,11.691,28.6972222222222,$5-10,8.47,638911,True,0.99,6.44,6.44,,8.47
"Captain America, Wings of Freedom",0.34,0.49,0.15,44.11764705882352,-55.88235294117647,2182.0,live,0.441,23.36470588235293,$0-1,0.19,696625,True,1.49,0.24,0.24,,0.19
"Electro, Assaulting Battery",6.35,9.49,3.64,49.44881889763781,-42.677165354330704,1603.0,live,8.541,27.928188976377967,$5-10,5.74,651337,True,1.49,3.75,3.75,,5.74
Priest of Titania,0.56,1.29,0.35,130.35714285714283,-37.500000000000014,2516.0,live,1.161,97.18571428571428,$0-1,0.61,541278,True,1.49,0.5,0.5,,0.61
Ohran Frostfang,5.67,7.49,5.15,32.098765432098766,-9.171075837742498,1951.0,live,6.7410000000000005,13.07654320987654,$5-10,5.11,687548,True,0.0,4.55,5.84,,5.11
Sol Ring,1.64,2.79,1.43,70.1219512195122,-12.804878048780486,2520.0,live,2.511,45.62439024390245,$1-2,1.42,687542,True,1.49,1.5,1.5,,1.42
Impact Tremors,2.7,4.99,2.49,84.81481481481481,-7.777777777777777,1615.0,live,4.4910000000000005,58.20148148148148,$2-5,2.76,512663,True,1.49,2.34,2.34,,2.76
Land Tax,15.57,18.99,13.94,21.965317919075133,-10.468850353243422,1781.0,live,17.090999999999998,4.402312138728322,$10-20,13.38,687438,True,1.3,13.53,14.19,,13.38
Crop Rotation,3.57,4.49,3.12,25.770308123249315,-12.605042016806715,1610.0,live,4.041,7.65938375350141,$2-5,3.67,688886,True,1.49,2.99,2.99,,3.67
Pyretic Ritual,5.03,7.49,4.15,48.9065606361829,-17.495029821073555,1565.0,live,6.7410000000000005,27.464015904572552,$5-10,4.64,688919,True,1.49,3.61,4.89,,4.64
The Fire Crystal,6.09,8.49,5.1000000000000005,39.4088669950739,-16.256157635467968,1558.0,live,7.641,19.333990147783247,$5-10,5.82,633131,True,0.0,4.05,5.54,,5.82
Mystic Remora,8.55,11.99,6.5600000000000005,40.23391812865496,-23.27485380116959,1629.0,live,10.791,20.040233918128635,$5-10,,4815,True,1.49,4.59,4.75,,6.5600000000000005
Royal Treatment,0.26,0.35,0.15,34.615384615384606,-42.30769230769232,2159.0,live,0.315,15.230769230769218,$0-1,0.2,688935,True,1.49,0.1,0.1,,0.2
The Soul Stone,120.5,149.99,123.98,24.47302904564316,2.887966804979256,1503.0,live,134.991,6.548912863070553,$100-200,119.93,647302,True,0.0,99.99,117.0,,119.93
Skycoach Conductor,0.35,0.49,0.15,40.00000000000001,-57.14285714285714,2283.0,live,0.441,19.840000000000003,$0-1,,688971,True,1.49,0.19,0.19,,0.15
The Darkness Crystal,4.65,5.99,4.0600000000000005,28.81720430107526,-12.688172043010749,1545.0,live,5.391,10.26752688172042,$2-5,4.64,630862,True,1.49,3.4,4.39,,4.64
Zombify,0.2,0.35,0.15,74.99999999999997,-25.000000000000007,2048.0,live,0.315,49.79999999999998,$0-1,0.17,688948,True,1.49,0.1,0.1,,0.17
"Dina, Essence Brewer (Borderless)",3.23,3.49,1.82,8.049535603715178,-43.65325077399381,1828.0,live,3.1410000000000005,-7.509597523219804,$2-5,,686628,True,1.49,1.8,1.8,,1.82
Boomerang Basics,0.96,1.29,0.15,34.375000000000014,-84.375,2735.0,live,1.161,15.025000000000016,$0-1,0.3,662084,True,1.49,0.48,0.48,,0.3
Veil of Summer,3.87,6.49,2.99,67.70025839793283,-22.739018087855296,1589.0,live,5.841,43.551421188630485,$2-5,3.0,689366,True,1.49,2.48,3.85,,3.0
Deflecting Palm,3.14,2.79,1.97,-11.146496815286628,-37.261146496815286,1551.0,live,2.511,-23.941401273885347,$2-5,2.45,689394,True,1.49,1.95,1.95,,2.45
Malakir Rebirth,12.7,16.99,12.52,33.77952755905511,-1.4173228346456672,1568.0,live,15.290999999999999,14.515275590551177,$10-20,,222103,True,1.49,10.51,10.51,,12.52
Topiary Lecturer,0.28,0.35,0.15,24.999999999999982,-46.42857142857144,2261.0,live,0.315,6.999999999999981,$0-1,0.15,689518,True,1.49,0.15,0.15,,0.15
Agent Phil Coulson,0.33,0.49,0.15,48.48484848484848,-54.54545454545456,2083.0,live,0.441,27.10303030303029,$0-1,0.17,696254,True,1.49,0.15,0.15,,0.17
Harmonic Prodigy,3.39,5.49,3.11,61.94690265486725,-8.259587020648974,2076.0,live,4.941000000000001,38.62654867256637,$2-5,3.15,687475,True,1.49,2.8,3.4,,3.15
"Leader, Super-Genius",0.31,0.49,0.15,58.06451612903225,-51.61290322580645,2061.0,live,0.441,35.30322580645161,$0-1,0.2,696273,True,1.49,0.24,0.24,,0.2
The Eternity Elevator,2.48,3.49,1.56,40.72580645161291,-37.096774193548384,1827.0,live,3.1410000000000005,20.46129032258066,$2-5,2.26,641745,True,1.49,1.8,1.8,,2.26
"Thanos, the Mad Titan",2.15,2.49,0.91,15.813953488372109,-57.67441860465116,1681.0,live,2.241,-0.8632558139534843,$2-5,1.95,696328,True,1.49,1.87,1.87,,1.95
Stirring Hopesinger,0.31,0.49,0.15,58.06451612903225,-51.61290322580645,2381.0,live,0.441,35.30322580645161,$0-1,0.24,689077,True,1.49,0.11,0.11,,0.24
Avatar's Wrath,4.43,5.99,3.11,35.21444695259595,-29.79683972911964,1698.0,live,5.391,15.743566591422129,$2-5,3.74,661938,True,1.49,2.5,2.5,,3.74
Magmakin Artillerist,0.26,1.29,0.15,396.1538461538462,-42.30769230769232,1795.0,live,1.161,324.7076923076923,$0-1,0.24,616095,True,1.49,0.12,0.12,,0.24
Sol Ring,1.96,2.79,1.49,42.3469387755102,-23.97959183673469,2321.0,live,2.511,21.848979591836745,$1-2,1.62,687542,True,1.49,1.5,1.5,,1.62
Rogue's Passage,0.4,0.79,0.36,97.5,-10.000000000000009,1889.0,live,0.7110000000000001,69.06000000000002,$0-1,0.4,590880,True,1.49,0.36,0.36,,0.4
"Hawkeye, Young Avenger",0.28,0.59,0.15,110.71428571428568,-46.42857142857144,2450.0,live,0.531,80.37142857142852,$0-1,0.18,697022,True,1.49,0.1,0.1,,0.18
Basking Broodscale,0.2,0.35,0.15,74.99999999999997,-25.000000000000007,2430.0,live,0.315,49.79999999999998,$0-1,0.19,552176,False,1.49,,0.12,457987,0.19
Nyxborn Hydra,0.3,0.39,0.15,30.00000000000001,-50.0,2642.0,live,0.35100000000000003,11.280000000000012,$0-1,0.22,552872,True,1.49,0.22,0.22,,0.22
Starscape Cleric,0.74,1.99,0.33,168.91891891891893,-55.4054054054054,2073.0,live,1.791,130.1945945945946,$0-1,0.68,559653,True,1.49,0.6,0.6,,0.68
Withering Curse,0.99,1.29,0.5,30.303030303030308,-49.494949494949495,1767.0,live,1.161,11.539393939393952,$0-1,0.99,686541,True,1.49,0.75,0.75,,0.99
Vastlands Scavenger,0.34,0.49,0.15,44.11764705882352,-55.88235294117647,2019.0,live,0.441,23.36470588235293,$0-1,,689054,True,1.49,0.23,0.23,,0.15
"Ironheart, Clever Champion",0.36,0.49,0.15,36.11111111111112,-58.333333333333336,2406.0,live,0.441,16.51111111111111,$0-1,0.36,696655,True,1.49,0.25,0.25,,0.36
Banner of Kinship,7.59,10.99,6.140000000000001,44.79578392621871,-19.10408432147561,1574.0,live,9.891,23.94519104084321,$5-10,6.0,591203,True,0.99,5.0,5.7,,6.0
Zuran Orb,3.09,2.79,1.97,-9.708737864077664,-36.24595469255663,1601.0,live,2.511,-22.71067961165048,$2-5,,239837,True,1.49,2.22,2.22,,1.97
"Krang, Utrom Warlord",22.7,23.99,21.47,5.6828193832599085,-5.4185022026431735,1477.0,live,21.590999999999998,-9.535506607929523,$20-50,21.21,673653,True,0.0,15.59,20.49,,21.21
Strike It Rich,2.14,2.79,2.02,30.37383177570093,-5.607476635514024,1961.0,live,2.511,11.6,$2-5,2.43,240149,True,1.49,1.87,1.87,,2.43
"Mister Fantastic, Reed Richards",0.31,0.39,0.15,25.80645161290323,-51.61290322580645,3112.0,live,0.35100000000000003,7.69032258064517,$0-1,0.25,696275,True,1.49,0.15,0.15,,0.25
The Unbeatable Squirrel Girl (Borderless),13.79,13.99,11.43,1.450326323422778,-17.113850616388685,1445.0,live,12.591000000000001,-13.158520667150098,$10-20,,696314,True,0.0,11.4,13.25,,11.43
Demand Answers,0.39,1.49,0.19,282.05128205128204,-51.28205128205129,1862.0,live,1.341,227.03589743589737,$0-1,0.4,529983,True,1.49,0.33,0.33,,0.4
"Bitterthorn, Nissa's Animus",5.58,6.99,5.0,25.26881720430108,-10.394265232974911,1993.0,live,6.291,7.230107526881717,$5-10,5.01,687570,True,3.99,4.75,5.51,,5.01
Entish Restoration,3.14,4.49,2.87,42.99363057324841,-8.598726114649683,1507.0,live,4.041,22.40254777070064,$2-5,3.21,499221,True,1.49,1.19,1.66,,3.21
Unwind,1.16,1.99,1.01,71.55172413793105,-12.931034482758614,1745.0,live,1.791,46.84827586206898,$1-2,1.19,164359,True,1.49,0.8,0.8,,1.19
Angel's Grace,2.92,3.99,2.57,36.643835616438366,-11.986301369863018,1529.0,live,3.591,16.967123287671246,$2-5,2.6,689148,True,1.49,1.84,2.03,,2.6
Kozilek's Command,7.11,9.99,6.140000000000001,40.50632911392405,-13.64275668073136,2136.0,live,8.991,20.27341772151897,$5-10,6.01,552839,True,1.49,4.99,5.39,,6.01
The Water Crystal,3.3,4.99,2.75,51.21212121212123,-16.666666666666664,1512.0,live,4.4910000000000005,29.437575757575768,$2-5,3.35,633123,True,1.49,1.9,2.28,,3.35
"Wolverine, Fierce Fighter (Borderless)",5.11,4.49,3.27,-12.133072407045011,-36.00782778864971,1495.0,live,4.041,-24.785909980430528,$5-10,,696339,True,1.49,3.5,3.5,,3.27
Windswept Heath,11.36,14.99,10.94,31.954225352112687,-3.6971830985915486,1690.0,live,13.491,12.952816901408465,$10-20,11.3,541272,True,0.0,9.96,10.98,,11.3
Curiosity,1.68,1.99,0.7000000000000001,18.45238095238096,-58.33333333333333,1648.0,live,1.791,1.395238095238103,$1-2,0.71,509516,True,1.49,0.7,0.7,,0.71
Fix What's Broken,0.28,0.49,0.15,74.99999999999997,-46.42857142857144,2054.0,live,0.441,49.799999999999976,$0-1,0.29,689078,True,1.49,0.19,0.19,,0.29
Epic Fight,0.36,0.49,0.15,36.11111111111112,-58.333333333333336,2023.0,live,0.441,16.51111111111111,$0-1,0.27,697045,True,1.49,0.2,0.2,,0.27
Waterlogged Teachings,0.38,0.99,0.15,160.52631578947367,-60.526315789473685,1824.0,live,0.891,123.01052631578946,$0-1,,552646,True,1.49,0.24,0.24,,0.15
Six,5.43,7.99,4.16,47.145488029465945,-23.388581952117857,1465.0,live,7.191000000000001,25.95653775322284,$5-10,,552272,True,1.49,3.52,4.54,,4.16
"Emeria, the Sky Ruin",5.19,8.49,4.8,63.583815028901725,-7.514450867052033,1783.0,live,7.641,40.02774566473987,$5-10,4.78,687674,True,1.49,4.0,4.96,,4.78
Into the Flood Maw,2.78,4.49,2.03,61.51079136690649,-26.97841726618705,1776.0,live,4.041,38.25323741007196,$2-5,2.28,559137,True,1.49,1.75,1.75,,2.28
"Chameleon, Master of Disguise",0.81,0.79,0.18,-2.469135802469138,-77.77777777777779,2026.0,live,0.7110000000000001,-16.513580246913577,$0-1,0.44,651988,True,1.49,0.25,0.25,,0.44
Wistfulness,6.87,14.99,6.92,118.19505094614269,0.7278020378457034,1810.0,live,13.491,86.77496360989811,$5-10,8.5,671525,True,0.99,5.38,6.0,,8.5
Animate Dead,5.38,7.49,4.75,39.21933085501859,-11.710037174721188,1821.0,live,6.7410000000000005,19.17174721189591,$5-10,5.0,687375,True,0.0,1.0,5.85,,5.0
Pick Your Poison,0.27,0.35,0.15,29.62962962962961,-44.44444444444445,2092.0,live,0.315,10.962962962962948,$0-1,0.18,688893,True,1.49,0.05,0.05,,0.18
Jet Medallion,11.7,16.99,10.46,45.21367521367521,-10.598290598290586,1432.0,live,15.290999999999999,24.30290598290598,$10-20,10.83,552320,True,0.0,8.14,8.14,,10.83
Goblin Anarchomancer,0.75,2.29,0.31,205.3333333333333,-58.66666666666666,1629.0,live,2.061,161.36533333333333,$0-1,0.4,240412,True,1.49,0.48,0.48,,0.4
"Chimil, the Inner Sun",10.36,9.49,8.84,-8.397683397683391,-14.671814671814667,1907.0,live,8.541,-21.58841698841698,$10-20,8.25,671263,True,0.0,5.93,9.0,,8.25
Seize the Spoils,0.24,0.35,0.15,45.83333333333333,-37.5,2127.0,live,0.315,24.83333333333333,$0-1,0.26,687500,True,1.49,0.05,0.05,,0.26
"Haliya, Guided by Light",1.8,4.99,1.53,177.22222222222223,-15.0,1823.0,live,4.4910000000000005,137.30222222222224,$1-2,1.91,641728,True,1.49,1.05,1.05,,1.91
Origin of Metalbending,0.23,0.35,0.15,52.17391304347825,-34.78260869565218,2244.0,live,0.315,30.260869565217373,$0-1,0.18,661801,True,1.49,0.1,0.1,,0.18
Urza's Incubator,18.86,19.99,17.87,5.991516436903495,-5.249204665959695,1456.0,live,17.991,-9.271261930010612,$10-20,20.04,553302,True,0.0,15.66,17.35,,20.04
Enduring Tenacity,12.07,15.99,12.1,32.47721623860812,0.2485501242750568,1422.0,live,14.391,13.40049710024855,$10-20,12.49,562746,True,0.99,9.27,9.98,,12.49
Farewell,5.34,7.49,4.98,40.2621722846442,-6.741573033707855,1510.0,live,6.7410000000000005,20.06441947565543,$5-10,4.83,631183,True,0.0,3.11,5.37,,4.83
Polluted Delta,19.77,27.99,18.97,41.578148710166914,-4.0465351542741566,1751.0,live,25.191,21.19089529590288,$10-20,20.15,541274,True,3.99,10.3,10.3,,20.15
Burst Lightning,0.29,0.35,0.15,20.6896551724138,-48.27586206896552,2376.0,live,0.315,3.3103448275862064,$0-1,0.15,688866,True,1.49,0.01,0.01,,0.15
Mystic Sanctuary,1.72,2.79,0.87,62.2093023255814,-49.41860465116279,1554.0,live,2.511,38.851162790697686,$1-2,1.4,199417,True,1.49,0.94,0.94,,1.4
Pongify,3.4,4.99,1.56,46.76470588235296,-54.11764705882353,1474.0,live,4.4910000000000005,25.630588235294127,$2-5,2.39,688725,True,1.49,2.0,2.0,,2.39
Swan Song,9.86,13.99,0.26,41.88640973630833,-97.3630831643002,1662.0,live,12.591000000000001,21.454766734279936,$5-10,,642791,True,0.99,7.81,7.81,,0.26
South Wind Avatar,2.0,3.49,1.22,74.50000000000001,-39.0,1512.0,live,3.1410000000000005,49.372000000000014,$2-5,,673616,True,1.49,1.15,1.15,,1.22
"Daredevil, Man Without Fear",0.33,0.49,0.15,48.48484848484848,-54.54545454545456,1785.0,live,0.441,27.10303030303029,$0-1,0.24,696484,True,1.49,0.25,0.25,,0.24
Ruby Medallion,13.79,18.99,11.44,37.70848440899202,-17.04133430021755,1516.0,live,17.090999999999998,17.87846265409718,$10-20,11.92,552306,True,0.0,11.0,12.58,,11.92
War Room,4.46,4.49,3.0500000000000003,0.6726457399103195,-31.614349775784746,2134.0,live,4.041,-13.824215246636768,$2-5,,687578,True,1.49,3.0,4.28,,3.0500000000000003
The Dawning Archaic,1.31,1.49,0.62,13.740458015267173,-52.67175572519084,1603.0,live,1.341,-2.638167938931309,$1-2,1.32,686545,True,1.49,0.8,0.8,,1.32
Legion Leadership,0.39,1.29,0.15,230.7692307692308,-61.53846153846154,1999.0,live,1.161,183.1384615384616,$0-1,,552649,True,1.49,0.32,0.32,,0.15
Slumbering Trudge,0.49,0.59,0.15,20.40816326530612,-69.38775510204081,2260.0,live,0.531,3.0693877551020288,$0-1,0.35,688826,True,1.49,0.15,0.15,,0.35
Kami of Whispered Hopes,2.87,3.99,2.81,39.02439024390244,-2.0905923344947754,1864.0,live,3.591,19.00487804878049,$2-5,2.69,687525,True,1.49,2.49,3.35,,2.69
Sapphire Medallion,8.09,9.49,4.16,17.305315203955505,-48.57849196538936,1401.0,live,8.541,0.4133498145859157,$5-10,,552286,True,0.0,5.0,6.21,,4.16
Slime Against Humanity,1.82,3.99,0.93,119.23076923076924,-48.9010989010989,7730.0,live,3.591,87.66153846153847,$1-2,1.8,534084,True,1.49,1.22,1.22,,1.8
Baron Helmut Zemo,0.3,0.49,0.15,63.33333333333334,-50.0,2649.0,live,0.441,39.81333333333333,$0-1,0.35,668461,True,1.49,0.25,0.25,,0.35
"Gorma, the Gullet (Borderless)",2.01,1.99,0.78,-0.9950248756218804,-61.19402985074627,1523.0,live,1.791,-15.251741293532325,$2-5,,687507,True,1.49,0.75,0.75,,0.78
Mossborn Hydra,12.09,15.99,8.33,32.25806451612904,-31.100082712985937,1548.0,live,14.391,13.212903225806455,$10-20,,589354,True,0.0,8.75,8.75,,8.33
"Muddle, the Ever-Changing (Borderless)",1.05,0.99,0.5,-5.714285714285719,-52.38095238095239,1614.0,live,0.891,-19.29142857142858,$1-2,,687511,True,3.99,0.4,0.4,,0.5
Avengers Disassembled,0.78,2.79,0.45,257.6923076923077,-42.30769230769231,3449.0,live,2.511,206.1846153846154,$0-1,0.75,696560,True,1.49,0.76,0.76,,0.75
Molten Gatekeeper,0.21,0.59,0.15,180.95238095238096,-28.57142857142857,1957.0,live,0.531,140.4952380952381,$0-1,0.22,553280,True,1.49,0.06,0.06,,0.22
Generous Ent,2.93,3.99,2.57,36.177474402730375,-12.286689419795232,2729.0,live,3.591,16.567918088737205,$2-5,3.04,498328,True,1.49,2.21,2.21,,3.04
Flooded Strand,15.96,19.99,14.58,25.250626566416024,-8.646616541353389,1668.0,live,17.991,7.2145363408521135,$10-20,15.0,541276,True,0.0,13.51,15.0,,15.0
Starting Town,7.85,10.99,7.81,40.00000000000001,-0.509554140127389,1678.0,live,9.891,19.84,$5-10,8.4,631607,True,3.99,6.45,7.24,,8.4
Snap,3.06,4.49,2.92,46.73202614379085,-4.575163398692815,1594.0,live,4.041,25.60261437908497,$2-5,3.28,458224,True,1.49,1.81,2.88,,3.28
Wooded Foothills,16.47,23.99,15.78,45.65877352762599,-4.189435336976318,1621.0,live,21.590999999999998,24.68391013964784,$10-20,15.77,541277,True,0.0,11.54,11.54,,15.77
Avengers Tower (Borderless),0.34,0.35,0.15,2.9411764705882213,-55.88235294117647,1916.0,live,0.315,-11.882352941176483,$0-1,,696585,True,1.49,0.14,0.14,,0.15
Pym Particles,0.34,0.59,0.15,73.52941176470587,-55.88235294117647,2688.0,live,0.531,48.541176470588205,$0-1,0.95,696549,True,1.49,0.01,0.01,,0.95
Scrawling Crawler,6.67,11.99,5.21,79.76011994003,-21.88905547226387,1425.0,live,10.791,53.874662668665664,$5-10,,590879,True,0.0,4.87,6.25,,5.21
Spelunking,3.92,3.99,3.23,1.785714285714293,-17.602040816326532,1540.0,live,3.591,-12.871428571428565,$2-5,3.54,524416,True,1.49,2.23,3.0,,3.54
Ghostly Prison,5.2,6.49,4.39,24.807692307692307,-15.576923076923086,1859.0,live,5.841,6.83538461538461,$5-10,4.39,687413,True,0.0,4.0,5.04,,4.39
Quantum Riddler,31.99,57.99,31.63,81.27539856205065,-1.125351672397623,1862.0,live,52.191,55.17174116911536,$20-50,,641734,True,1.49,33.0,33.0,,31.63
Vicious Rivalry,0.38,0.49,0.15,28.947368421052627,-60.526315789473685,2113.0,live,0.441,10.378947368421048,$0-1,0.2,689087,True,1.49,0.1,0.1,,0.2
Wastes,1.0,2.29,0.15,129.0,-85.0,4073.0,live,2.061,96.024,$1-2,0.55,630905,True,1.49,0.1,0.1,,0.55
Terramorphic Expanse,0.29,0.35,0.15,20.6896551724138,-48.27586206896552,2762.0,live,0.315,3.3103448275862064,$0-1,0.15,687436,True,1.49,0.1,0.1,,0.15
Secret Tunnel,2.95,3.99,1.3,35.25423728813559,-55.93220338983051,1520.0,live,3.591,15.77762711864407,$2-5,,660740,True,1.49,1.5,1.5,,1.3
The Scarlet Witch (Borderless),4.27,4.49,3.52,5.152224824355987,-17.56440281030444,1381.0,live,4.041,-9.989695550351277,$2-5,,696305,True,1.49,2.6,3.97,,3.52
"Tannuk, Memorial Ensign",0.46,1.29,0.15,180.43478260869568,-67.3913043478261,1609.0,live,1.161,140.0521739130435,$0-1,0.37,638905,True,1.49,0.26,0.26,,0.37
Gray Merchant of Asphodel,0.88,2.29,0.72,160.22727272727275,-18.181818181818183,2045.0,live,2.061,122.75454545454544,$0-1,0.74,71021,True,1.49,0.5,0.5,,0.74
Undergrowth Stadium,6.32,7.99,5.21,26.42405063291139,-17.563291139240512,1510.0,live,7.191000000000001,8.218987341772142,$5-10,5.7,679638,True,1.49,3.47,3.47,,5.7
Badgermole Cub,50.34,79.99,49.72,58.89948351211758,-1.2316249503377126,1574.0,live,71.991,36.017957886372656,$50-100,47.02,660570,True,0.0,45.0,49.49,,47.02
Bloodstained Mire,18.51,23.99,17.01,29.60561858454887,-8.103727714748784,1754.0,live,21.590999999999998,10.942409508373832,$10-20,17.5,541275,True,0.0,15.89,17.5,,17.5
City of Brass,12.17,16.99,10.09,39.60558751027114,-17.091207888249794,1670.0,live,15.290999999999999,19.5023829087921,$10-20,10.48,679620,True,1.3,9.93,9.99,,10.48
Honored Dreyleader,0.32,0.59,0.15,84.37499999999999,-53.125,1899.0,live,0.531,57.82499999999997,$0-1,0.19,559634,True,1.49,0.18,0.18,,0.19
Three Visits,5.3,6.99,4.94,31.8867924528302,-6.79245283018867,1612.0,live,6.291,12.895094339622643,$5-10,5.0,687584,True,0.0,3.99,5.24,,5.0
Tend the Pests,0.84,1.49,0.71,77.38095238095238,-15.476190476190476,1579.0,live,1.341,51.83809523809523,$0-1,0.99,235947,True,1.49,0.69,0.69,,0.99
Lightning Greaves,4.48,5.99,3.87,33.70535714285713,-13.616071428571436,1650.0,live,5.391,14.451785714285704,$2-5,3.97,687611,True,1.49,4.13,4.13,,3.97
Teacher's Pest,0.28,0.35,0.15,24.999999999999982,-46.42857142857144,2007.0,live,0.315,6.999999999999981,$0-1,0.15,687493,True,1.49,0.1,0.1,,0.15
"Michelangelo, Weirdness to 11",3.26,4.49,3.03,37.73006134969327,-7.05521472392638,1446.0,live,4.041,17.89693251533744,$2-5,3.08,673569,True,1.49,2.0,2.0,,3.08
Shifting Woodland,6.27,7.99,4.41,27.43221690590113,-29.66507177033492,1532.0,live,7.191000000000001,9.08197767145136,$5-10,4.67,552727,True,1.49,3.0,3.0,,4.67
Wisdom of Ages,0.31,0.49,0.15,58.06451612903225,-51.61290322580645,1680.0,live,0.441,35.30322580645161,$0-1,0.15,686620,True,1.49,0.1,0.1,,0.15
"Blech, Loafing Pest (Borderless)",2.4,1.99,0.98,-17.083333333333332,-59.16666666666666,1386.0,live,1.791,-29.02333333333333,$2-5,,689060,True,1.49,0.5,1.43,,0.98
Psychic Frog,5.67,8.49,4.39,49.73544973544974,-22.574955908289247,1875.0,live,7.641,28.173544973544967,$5-10,5.0,541273,True,1.49,3.15,3.15,,5.0
Jumbo Cactuar,4.44,5.99,2.85,34.909909909909906,-35.810810810810814,1418.0,live,5.391,15.482882882882873,$2-5,,618858,True,1.49,2.0,2.0,,2.85
Scurry Oak,2.51,3.49,1.23,39.04382470119524,-50.99601593625498,1536.0,live,3.1410000000000005,19.02151394422313,$2-5,1.5,239695,True,1.49,1.74,1.74,,1.5
Bogwater Lumaret,0.27,0.35,0.15,29.62962962962961,-44.44444444444445,1990.0,live,0.315,10.962962962962948,$0-1,0.15,686526,True,1.49,0.1,0.1,,0.15
Dismember,2.51,3.49,1.92,39.04382470119524,-23.505976095617527,1462.0,live,3.1410000000000005,19.02151394422313,$2-5,2.08,688910,True,1.49,2.55,2.55,,2.08
Island (0263) (Borderless),1.12,2.99,0.52,166.9642857142857,-53.57142857142857,3445.0,live,2.6910000000000003,128.52142857142854,$1-2,,638916,True,1.49,0.93,0.93,,0.52
Doom Reigns Supreme,0.33,0.49,0.15,48.48484848484848,-54.54545454545456,1917.0,live,0.441,27.10303030303029,$0-1,0.28,668473,True,1.49,0.2,0.2,,0.28
Echoes of Eternity,2.35,2.49,0.53,5.957446808510643,-77.4468085106383,2303.0,live,2.241,-9.300425531914897,$2-5,0.96,552173,True,1.49,0.65,0.99,,0.96
Nature's Lore,2.75,4.49,2.58,63.27272727272728,-6.181818181818179,1845.0,live,4.041,39.76145454545455,$2-5,2.9,687543,True,1.49,2.3,2.55,,2.9
Springleaf Parade,8.68,12.99,8.32,49.65437788018434,-4.1474654377880125,2024.0,live,11.691,28.104147465437784,$5-10,8.85,671172,True,0.0,7.75,9.0,,8.85
Mountain (0265) (Borderless),1.65,3.99,1.27,141.81818181818184,-23.030303030303028,3615.0,live,3.591,106.99636363636368,$1-2,,638918,True,1.49,1.25,1.25,,1.27
Earthbender Ascension,2.08,2.99,1.47,43.75000000000001,-29.32692307692308,1662.0,live,2.6910000000000003,23.05,$2-5,1.72,662109,True,1.49,0.67,0.67,,1.72
Moonmist,2.03,2.49,0.93,22.66009852216751,-54.18719211822659,2100.0,live,2.241,4.99704433497538,$2-5,,52170,True,1.49,1.16,1.16,,0.93
Dreamtide Whale,2.31,3.99,1.39,72.72727272727273,-39.82683982683983,1491.0,live,3.591,47.85454545454546,$2-5,2.16,552815,True,1.49,1.97,1.97,,2.16
Colorstorm Stallion,0.37,0.49,0.15,32.432432432432435,-59.45945945945946,2002.0,live,0.441,13.36216216216216,$0-1,0.48,686531,True,1.49,0.21,0.21,,0.48
Arcane Signet,0.64,1.29,0.45,101.5625,-29.6875,2345.0,live,1.161,72.53750000000001,$0-1,0.53,687531,True,1.49,0.47,0.47,,0.53
Drumbellower,1.83,2.49,1.55,36.06557377049181,-15.300546448087433,1925.0,live,2.241,16.47213114754098,$1-2,1.76,687400,True,1.49,1.72,1.72,,1.76
Avengers Assemble!,1.01,2.79,0.52,176.23762376237624,-48.51485148514851,1563.0,live,2.511,136.45940594059408,$1-2,1.05,696255,True,1.49,0.9,0.9,,1.05
Pox Plague,0.33,0.49,0.15,48.48484848484848,-54.54545454545456,1623.0,live,0.441,27.10303030303029,$0-1,0.26,689477,True,1.49,0.21,0.21,,0.26
Wildgrowth Archaic,0.33,0.49,0.15,48.48484848484848,-54.54545454545456,2160.0,live,0.441,27.10303030303029,$0-1,0.25,688974,True,1.49,0.18,0.18,,0.25
Sheltered by Ghosts,1.5,2.79,0.92,86.0,-38.66666666666666,2245.0,live,2.511,59.216000000000015,$1-2,1.22,578877,True,1.49,0.94,0.94,,1.22
Branching Evolution,6.79,9.99,5.72,47.12812960235641,-15.758468335787928,1314.0,live,8.991,25.94167893961708,$5-10,6.6,553312,True,1.49,5.0,5.15,,6.6
"Irma, Part-Time Mutant",4.81,7.49,4.12,55.71725571725573,-14.345114345114334,1712.0,live,6.7410000000000005,33.2939708939709,$2-5,4.63,679576,True,1.49,3.49,3.49,,4.63
Price of Freedom,0.51,1.99,0.15,290.19607843137254,-70.58823529411764,3082.0,live,1.791,234.0078431372549,$0-1,0.35,661887,True,1.49,0.15,0.15,,0.35
Hardened Scales,2.24,3.99,1.91,78.12499999999999,-14.732142857142868,1796.0,live,3.591,52.475,$2-5,1.99,687521,True,1.49,1.6,1.95,,1.99
Kid Loki,0.27,0.35,0.15,29.62962962962961,-44.44444444444445,2052.0,live,0.315,10.962962962962948,$0-1,0.16,696988,True,1.49,0.15,0.15,,0.16
"Loki, God of Mischief (Borderless)",6.93,9.99,5.3,44.15584415584416,-23.52092352092352,1600.0,live,8.991,23.3974025974026,$5-10,,696285,True,1.7,3.8,3.8,,5.3
Fyndhorn Elves,2.21,3.49,2.34,57.91855203619911,5.882352941176466,1599.0,live,3.1410000000000005,35.17828054298644,$2-5,2.32,226624,True,1.49,1.1,1.48,,2.32
Blasphemous Act,0.81,1.99,0.72,145.67901234567898,-11.11111111111112,2026.0,live,1.791,110.30123456790122,$0-1,0.82,687417,True,1.49,0.7,0.7,,0.82
Stargaze,0.2,0.35,0.15,74.99999999999997,-25.000000000000007,1717.0,live,0.315,49.79999999999998,$0-1,0.15,688955,True,1.49,0.1,0.1,,0.15
"Attuma, Atlantean Warlord",0.31,0.35,0.15,12.903225806451609,-51.61290322580645,1685.0,live,0.315,-3.354838709677426,$0-1,0.15,668472,True,1.49,0.15,0.15,,0.15
Super Intelligence,0.31,0.35,0.15,12.903225806451609,-51.61290322580645,2789.0,live,0.315,-3.354838709677426,$0-1,0.15,696551,True,1.49,0.1,0.1,,0.15
"Storm, Windrider (Borderless)",2.82,3.49,1.86,23.758865248226964,-34.042553191489354,1329.0,live,3.1410000000000005,5.937588652482287,$2-5,,696578,True,1.49,1.5,2.5,,1.86
Grab the Prize,0.38,1.99,0.15,423.6842105263157,-60.526315789473685,2830.0,live,1.791,348.2736842105263,$0-1,0.45,576881,True,1.49,0.24,0.24,,0.45
"Green Goblin, Nemesis (Borderless)",16.18,15.99,12.64,-1.1742892459826917,-21.878862793572303,1433.0,live,14.391,-15.405191594561185,$10-20,,621158,True,0.99,10.8,12.99,,12.64
The Coming of Galactus,1.31,2.79,1.03,112.9770992366412,-21.37404580152672,1666.0,live,2.511,82.30839694656488,$1-2,1.14,668454,True,1.49,0.75,1.26,,1.14
Sneaky Snacker,0.29,0.79,0.15,172.41379310344828,-48.27586206896552,4301.0,live,0.7110000000000001,133.18620689655177,$0-1,0.28,553311,True,1.49,0.18,0.18,,0.28
"Scriv, the Obligator (Borderless)",0.86,1.29,0.39,50.000000000000014,-54.65116279069767,1553.0,live,1.161,28.400000000000013,$0-1,,687522,True,1.49,0.37,0.37,,0.39
Blood Artist,2.13,3.99,2.17,87.32394366197185,1.8779342723004715,1812.0,live,3.591,60.34929577464791,$2-5,2.06,687386,True,1.49,1.49,2.35,,2.06
"Tippy-Toe, Terrific Partner",6.05,9.49,5.19,56.85950413223141,-14.21487603305784,1284.0,live,8.541,34.2717355371901,$5-10,5.5,697396,True,1.49,3.91,4.95,,5.5
Turbulent Springs,4.76,6.49,4.43,36.34453781512606,-6.9327731092437,1681.0,live,5.841,16.710924369747904,$2-5,4.43,687601,True,1.49,3.0,4.96,,4.43
Wave Goodbye,1.98,2.29,0.92,15.65656565656566,-53.535353535353536,1715.0,live,2.061,-0.997979797979798,$1-2,1.12,679580,True,1.49,0.46,0.99,,1.12
Pearl Medallion,5.43,6.99,4.5200000000000005,28.72928176795581,-16.758747697974204,1312.0,live,6.291,10.192265193370169,$5-10,5.04,552307,True,1.49,3.49,3.92,,5.04
"Berta, Wise Extrapolator",0.29,0.49,0.15,68.96551724137932,-48.27586206896552,1531.0,live,0.441,44.63448275862069,$0-1,0.15,686530,True,1.49,0.1,0.1,,0.15
Reconnaissance,3.78,7.99,4.16,111.3756613756614,10.052910052910065,1381.0,live,7.191000000000001,80.93756613756614,$2-5,4.18,556010,True,1.49,3.45,3.45,,4.18
Spire Garden,6.41,8.49,4.86,32.44929797191888,-24.180967238689544,1381.0,live,7.641,13.376599063962551,$5-10,5.82,679633,True,3.99,5.07,6.33,,5.82
Storm-Kiln Artist,1.4,2.29,1.37,63.57142857142859,-2.142857142857129,1756.0,live,2.061,40.01714285714287,$1-2,1.45,687338,True,1.49,1.4,1.4,,1.45
Construct a Cosmic Cube,0.34,0.49,0.15,44.11764705882352,-55.88235294117647,1877.0,live,0.441,23.36470588235293,$0-1,0.22,696235,True,1.49,0.21,0.21,,0.22
Eclipsed Steppe,2.82,5.49,2.31,94.6808510638298,-18.085106382978715,1751.0,live,4.941000000000001,66.64680851063831,$2-5,2.58,687595,True,1.49,2.49,2.56,,2.58
Sphere Grid,8.34,10.99,8.46,31.77458033573141,1.4388489208633213,1376.0,live,9.891,12.799040767386083,$5-10,8.37,631529,True,3.99,7.55,8.31,,8.37
Rogue's Passage,0.41,0.99,0.39,141.46341463414635,-4.878048780487796,2327.0,live,0.891,106.69268292682928,$0-1,0.39,590880,True,1.49,0.36,0.36,,0.39
Multiversal Incursion,1.25,2.29,1.0,83.2,-20.0,1680.0,live,2.061,56.8192,$1-2,1.1,696276,True,1.49,1.1,1.1,,1.1
Monument to Endurance,20.7,29.99,17.66,44.87922705314009,-14.685990338164247,1330.0,live,26.991,24.01661835748791,$20-50,17.05,615741,True,0.0,15.0,17.99,,17.05
"Mutagen Man, Living Ooze",1.6,2.29,0.78,43.125,-51.24999999999999,1397.0,live,2.061,22.515,$1-2,1.02,673579,True,1.49,1.25,1.25,,1.02
Rise of the Dark Realms,3.87,6.49,3.49,67.70025839793283,-9.81912144702842,1491.0,live,5.841,43.551421188630485,$2-5,3.75,631576,True,1.49,3.96,3.96,,3.75
Monologue Tax,1.86,2.49,1.17,33.87096774193549,-37.09677419354839,1950.0,live,2.241,14.593548387096767,$1-2,1.8,687450,True,1.49,1.67,1.67,,1.8
"Quicksilver, Brash Blur",0.36,0.49,0.15,36.11111111111112,-58.333333333333336,2640.0,live,0.441,16.51111111111111,$0-1,0.19,668459,True,1.49,0.15,0.15,,0.19
Propaganda,2.63,3.49,2.6,32.699619771863134,-1.1406844106463805,1438.0,live,3.1410000000000005,13.590874524714849,$2-5,3.0,556385,True,1.49,1.75,1.75,,3.0
Grapeshot,0.28,0.59,0.22,110.71428571428568,-21.42857142857144,1781.0,live,0.531,80.37142857142852,$0-1,0.25,457203,True,1.49,0.08,0.08,,0.25
Archmage of Runes,3.15,4.99,2.86,58.412698412698425,-9.20634920634921,1361.0,live,4.4910000000000005,35.60126984126985,$2-5,3.4,589326,True,1.49,2.24,2.24,,3.4
Twinflame,0.86,0.99,0.41,15.116279069767444,-52.32558139534884,2048.0,live,0.891,-1.4604651162790716,$0-1,0.82,687235,True,1.49,0.82,0.82,,0.82
Stroke of Midnight,0.36,0.79,0.2,119.44444444444446,-44.44444444444444,1773.0,live,0.7110000000000001,87.84444444444446,$0-1,0.4,589749,True,1.49,0.28,0.28,,0.4
Lotus Field,2.45,3.49,2.08,42.44897959183673,-15.102040816326534,1794.0,live,3.1410000000000005,21.93632653061225,$2-5,2.19,687695,True,1.49,2.12,2.12,,2.19
Counterspell,2.58,3.99,2.56,54.65116279069768,-0.7751937984496131,1514.0,live,3.591,32.381395348837216,$2-5,2.08,457501,True,1.49,2.01,2.01,,2.08
Reanimate,7.45,12.99,7.57,74.36241610738254,1.6107382550335587,1388.0,live,11.691,49.254228187919445,$5-10,7.71,631573,True,0.0,7.21,7.94,,7.71
Witch's Cottage,0.93,1.79,0.76,92.47311827956987,-18.27956989247312,1503.0,live,1.611,64.75698924731182,$0-1,0.89,198390,True,1.49,0.57,0.57,,0.89
Marauding Blight-Priest,0.35,0.39,0.15,11.42857142857144,-57.14285714285714,1678.0,live,0.35100000000000003,-4.617142857142844,$0-1,0.15,591730,True,1.49,0.1,0.1,,0.15
The Vision (Borderless),2.51,3.49,1.45,39.04382470119524,-42.23107569721115,1334.0,live,3.1410000000000005,19.02151394422313,$2-5,,696446,True,1.49,1.55,1.75,,1.45
Goldvein Hydra,2.97,4.49,2.34,51.178451178451176,-21.21212121212122,1607.0,live,4.041,29.408754208754207,$2-5,2.89,687513,True,1.49,2.65,2.65,,2.89
Disdainful Stroke,0.21,0.35,0.15,66.66666666666666,-28.57142857142857,1692.0,live,0.315,42.66666666666666,$0-1,0.15,686636,True,1.49,0.1,0.1,,0.15
Talisman of Creativity,2.13,2.99,1.77,40.37558685446011,-16.90140845070422,1735.0,live,2.6910000000000003,20.16150234741784,$2-5,1.96,687630,True,1.49,1.75,2.06,,1.96
Emerald Medallion,3.42,4.99,3.12,45.90643274853802,-8.771929824561399,1360.0,live,4.4910000000000005,24.895906432748543,$2-5,3.2,552266,True,1.49,2.0,2.82,,3.2
"Aurelia, the Warleader",4.61,5.49,3.5,19.088937093275486,-24.07809110629068,1438.0,live,4.941000000000001,1.940130151843812,$2-5,4.4,591055,True,1.49,3.49,4.39,,4.4
"Kediss, Emberclaw Familiar",4.8,9.49,4.99,97.70833333333334,3.9583333333333415,1330.0,live,8.541,69.23833333333334,$2-5,5.83,226634,True,1.49,3.5,4.96,,5.83
Negate,0.34,0.35,0.15,2.9411764705882213,-55.88235294117647,1740.0,live,0.315,-11.882352941176483,$0-1,0.25,679073,True,1.49,0.1,0.1,,0.25
Walking Ballista,7.24,8.99,7.47,24.171270718232044,3.1767955801104906,1355.0,live,8.091000000000001,6.290607734806622,$5-10,7.25,631496,True,0.0,5.82,7.0,,7.25
Sylvan Safekeeper,6.44,7.99,4.13,24.068322981366457,-35.86956521739131,1315.0,live,7.191000000000001,6.202484472049679,$5-10,,548583,True,1.49,3.52,3.99,,4.13
Mana Geyser,1.23,2.79,1.05,126.82926829268293,-14.634146341463412,1839.0,live,2.511,94.1658536585366,$1-2,1.09,687428,True,1.49,1.13,1.13,,1.09
Vision of Love,0.26,0.35,0.15,34.615384615384606,-42.30769230769232,2886.0,live,0.315,15.230769230769218,$0-1,0.16,697038,True,1.49,0.01,0.01,,0.16
Chomping Changeling,1.23,1.99,0.45,61.78861788617886,-63.41463414634146,1668.0,live,1.791,38.49105691056912,$1-2,,671031,True,1.49,0.75,0.75,,0.45
"Sanar, Unfinished Genius",0.29,0.35,0.15,20.6896551724138,-48.27586206896552,1701.0,live,0.315,3.3103448275862064,$0-1,,686606,True,1.49,0.1,0.1,,0.15
Scorched Geyser,1.65,2.49,1.04,50.90909090909093,-36.96969696969696,1680.0,live,2.241,29.178181818181827,$1-2,1.69,687596,True,1.49,1.23,1.23,,1.69
Adaptive Omnitool,1.71,3.49,1.68,104.09356725146202,-1.7543859649122824,1787.0,live,3.1410000000000005,74.70409356725149,$1-2,1.84,615159,True,1.49,1.59,2.13,,1.84
High Fae Trickster,4.18,8.49,4.16,103.11004784688996,-0.4784688995215209,1279.0,live,7.641,73.86220095693781,$2-5,4.52,590835,True,1.49,2.3,2.3,,4.52
Sword of the Animist,5.48,6.49,5.19,18.43065693430656,-5.291970802919709,1347.0,live,5.841,1.3766423357664144,$5-10,5.23,631215,True,1.49,3.81,4.99,,5.23
Crime Novelist,1.03,1.99,0.44,93.20388349514562,-57.28155339805826,1730.0,live,1.791,65.38252427184467,$1-2,0.77,532886,True,1.49,0.63,0.63,,0.77
"Raph & Mikey, Troublemakers",2.67,5.49,1.04,105.6179775280899,-61.048689138576776,1515.0,live,4.941000000000001,76.00898876404494,$2-5,,673671,True,1.49,1.0,1.6,,1.04
Authority of the Consuls,4.57,6.49,4.11,42.01312910284464,-10.065645514223194,1369.0,live,5.841,21.563238512035003,$2-5,4.16,591298,True,1.49,2.99,3.6,,4.16
Springleaf Drum,0.35,0.99,0.15,182.8571428571429,-57.14285714285714,1801.0,live,0.891,142.1257142857143,$0-1,0.35,671537,True,1.49,0.25,0.25,,0.35
Pursue the Past,0.23,0.35,0.15,52.17391304347825,-34.78260869565218,2500.0,live,0.315,30.260869565217373,$0-1,0.15,689526,True,1.49,0.09,0.09,,0.15
Super-Adaptoid,0.37,0.49,0.15,32.432432432432435,-59.45945945945946,2063.0,live,0.441,13.36216216216216,$0-1,0.2,697075,True,1.49,0.1,0.1,,0.2
Sazh's Chocobo,0.88,0.49,0.15,-44.31818181818182,-82.95454545454545,1851.0,live,0.441,-52.33636363636364,$0-1,0.21,618859,True,1.49,0.5,0.5,,0.21
Peregrin Took,0.99,1.49,0.31,50.505050505050505,-68.68686868686868,1387.0,live,1.341,28.832323232323223,$0-1,,498369,True,1.49,0.46,0.46,,0.31
Beledros Witherbloom,1.57,2.79,1.01,77.70700636942675,-35.668789808917204,1670.0,live,2.511,52.117197452229306,$1-2,1.3,687609,True,1.49,1.52,1.58,,1.3
World War Hulk (Borderless),3.48,3.99,2.26,14.65517241379311,-35.05747126436782,1380.0,live,3.591,-1.855172413793096,$2-5,,668470,True,1.49,2.39,2.39,,2.26
Pitiless Plunderer,4.88,5.49,3.33,12.500000000000004,-31.762295081967213,1876.0,live,4.941000000000001,-3.699999999999996,$2-5,3.81,631511,True,1.49,3.82,3.82,,3.81
"Captain America, Wings of Freedom (Borderless)",2.1,1.99,0.46,-5.238095238095243,-78.0952380952381,1265.0,live,1.791,-18.883809523809525,$2-5,,696627,True,1.49,0.74,0.75,,0.46
Lorehold Charm,0.24,0.35,0.15,45.83333333333333,-37.5,1848.0,live,0.315,24.83333333333333,$0-1,0.15,686553,True,1.49,0.03,0.03,,0.15
"Ironheart, Clever Champion (Borderless)",2.37,1.99,1.42,-16.03375527426161,-40.084388185654014,1291.0,live,1.791,-28.12489451476793,$2-5,,696656,True,1.49,1.95,1.95,,1.42
Sundown Pass (Borderless),2.21,3.99,1.82,80.54298642533938,-17.647058823529406,1347.0,live,3.591,54.54479638009051,$2-5,,686598,True,1.49,1.0,1.96,,1.82
Arena of Glory,7.62,11.99,6.7700000000000005,57.3490813648294,-11.154855643044614,1438.0,live,10.791,34.69081364829395,$5-10,7.14,553264,True,0.0,5.51,7.7,,7.14
Metastatic Evangel,0.38,0.79,0.15,107.89473684210526,-60.526315789473685,1444.0,live,0.7110000000000001,77.95789473684212,$0-1,0.35,552831,True,1.49,0.3,0.3,,0.35
Innkeeper's Talent,7.87,12.99,7.28,65.0571791613723,-7.496823379923759,1258.0,live,11.691,41.28894536213468,$5-10,8.0,558695,False,1.49,,7.0,510282,8.0
Path of Ancestry,0.25,0.35,0.15,39.99999999999999,-40.0,1985.0,live,0.315,19.83999999999999,$0-1,0.15,631295,True,1.49,0.13,0.13,,0.15
Seeker of Skybreak,4.52,6.49,3.85,43.5840707964602,-14.823008849557512,2598.0,live,5.841,22.907964601769923,$2-5,3.65,5717,True,1.49,2.0,2.0,,3.65
Repulsive Mutation,0.71,1.79,0.62,152.11267605633805,-12.676056338028166,1361.0,live,1.611,115.80845070422536,$0-1,0.82,534196,True,3.99,0.59,0.59,,0.82
Bala Ged Recovery,6.15,7.99,6.18,29.918699186991866,0.4878048780487701,1250.0,live,7.191000000000001,11.21040650406503,$5-10,,221901,True,0.0,4.44,5.86,,6.18
"Doctor Octopus, Master Planner",9.58,8.99,7.28,-6.158663883089769,-24.00835073068893,1349.0,live,8.091000000000001,-19.671816283924848,$5-10,7.97,646613,True,0.0,7.99,8.04,,7.97
Consult the Star Charts,2.41,5.49,2.29,127.80082987551866,-4.979253112033199,1912.0,live,4.941000000000001,94.99751037344396,$2-5,2.59,642437,True,1.49,1.44,1.44,,2.59
Turbulent Steppe,3.78,6.49,3.12,71.69312169312171,-17.460317460317455,1643.0,live,5.841,46.969312169312175,$2-5,3.83,687602,True,1.49,3.13,4.0,,3.83
"Iron Man, Master of Machines",0.29,0.35,0.15,20.6896551724138,-48.27586206896552,1481.0,live,0.315,3.3103448275862064,$0-1,0.15,696321,True,1.49,0.11,0.11,,0.15
Stensian Sanguinist,4.62,8.49,4.09,83.76623376623377,-11.471861471861477,1342.0,live,7.641,57.30389610389609,$2-5,,687354,True,1.49,3.79,4.09,,4.09
"Kutzil, Malamet Exemplar (Showcase)",2.13,3.99,2.03,87.32394366197185,-4.694835680751178,1469.0,live,3.591,60.34929577464791,$2-5,,525624,True,1.49,1.87,1.87,,2.03
Monica Rambeau,1.3,2.99,1.04,130.0,-20.0,1487.0,live,2.6910000000000003,96.88,$1-2,,696258,True,1.49,1.0,1.0,,1.04
Swamp (0264) (Borderless),1.36,2.29,0.96,68.38235294117646,-29.41176470588236,3269.0,live,2.061,44.13529411764704,$1-2,,638917,True,1.49,0.6,0.6,,0.96
Vivi Ornitier,37.6,42.99,33.28,14.335106382978724,-11.48936170212766,1292.0,live,38.691,-2.129148936170205,$20-50,36.45,631015,True,1.99,34.12,33.5,,36.45
Swamp (0300),0.3,1.29,0.15,330.0,-50.0,4263.0,live,1.161,268.08000000000004,$0-1,,630888,True,1.49,0.17,0.17,,0.15
"Longshot, Rebel Bowman",8.63,12.99,6.78,50.521436848203926,-21.43684820393975,1260.0,live,11.691,28.84634994206255,$5-10,7.25,662414,True,0.0,7.0,8.61,,7.25
Bloodline Bidding,2.17,2.49,1.29,14.746543778801858,-40.55299539170507,1450.0,live,2.241,-1.7769585253456188,$2-5,1.24,671483,True,1.49,1.64,1.64,,1.24
Preordain,2.49,2.99,1.01,20.08032128514056,-59.43775100401607,1377.0,live,2.6910000000000003,2.78875502008031,$2-5,2.09,688900,True,1.49,0.93,1.87,,2.09
Flare of Duplication,1.69,2.29,1.08,35.502958579881664,-36.094674556213015,1854.0,live,2.061,15.990532544378702,$1-2,1.63,552312,True,1.49,0.8,0.8,,1.63
Eldrazi Conscription,1.23,1.79,0.68,45.52845528455285,-44.71544715447154,2012.0,live,1.611,24.57235772357724,$1-2,,687643,True,1.49,1.21,1.21,,0.68
Flashback (Extended Art),5.99,8.99,4.76,50.08347245409015,-20.534223706176967,1275.0,live,8.091000000000001,28.47145242070116,$5-10,,688522,True,0.0,4.97,5.96,,4.76
Fellwar Stone,1.01,1.79,0.72,77.22772277227723,-28.71287128712872,2052.0,live,1.611,51.70693069306931,$1-2,0.8,687597,True,1.49,0.91,0.91,,0.8
Iridescent Hornbeetle,0.33,0.99,0.15,200.0,-54.54545454545456,1666.0,live,0.891,156.79999999999995,$0-1,,222034,True,1.49,0.2,0.2,,0.15
Shamanic Revelation,1.57,2.49,0.97,58.59872611464969,-38.21656050955414,1234.0,live,2.241,35.76050955414012,$1-2,2.22,688940,True,1.49,1.0,1.0,,2.22
Aftermath Analyst,0.81,0.99,0.7000000000000001,22.22222222222221,-13.580246913580243,1370.0,live,0.891,4.622222222222212,$0-1,0.83,533918,True,1.49,0.66,0.66,,0.83
Thor Odinson,0.28,0.35,0.15,24.999999999999982,-46.42857142857144,1545.0,live,0.315,6.999999999999981,$0-1,0.15,696329,True,1.49,0.12,0.12,,0.15
Deathcap Glade (Borderless),2.36,4.49,2.08,90.2542372881356,-11.864406779661008,1300.0,live,4.041,62.85762711864409,$2-5,,686592,True,1.49,1.49,2.2,,2.08
"Sram, Senior Edificer",0.78,1.49,0.58,91.025641025641,-25.64102564102565,1971.0,live,1.341,63.51794871794871,$0-1,0.64,687537,True,1.49,0.77,0.8,,0.64
Inspiring Call,0.36,0.69,0.15,91.66666666666666,-58.333333333333336,1387.0,live,0.621,64.06666666666666,$0-1,,591317,True,1.49,0.24,0.24,,0.15
Changeling Outcast,1.71,1.49,1.29,-12.865497076023392,-24.561403508771924,1649.0,live,1.341,-25.412865497076027,$1-2,1.7,190942,True,1.49,1.09,1.09,,1.7
Sheoldred's Edict,2.17,2.49,1.0,14.746543778801858,-53.91705069124424,1306.0,live,2.241,-1.7769585253456188,$2-5,0.99,689361,True,1.49,1.55,1.55,,0.99
Artist's Talent,4.94,9.99,4.36,102.22672064777328,-11.74089068825911,1386.0,live,8.991,73.1060728744939,$2-5,5.8,558442,True,1.49,3.51,4.9,,5.8
Emergence Zone,4.17,5.99,3.85,43.64508393285372,-7.67386091127098,1345.0,live,5.391,22.960191846522783,$2-5,4.04,187125,True,1.49,2.2,2.59,,4.04
Gitaxian Probe,3.77,4.99,3.12,32.360742705570296,-17.241379310344826,1300.0,live,4.4910000000000005,13.300795755968172,$2-5,3.3,39521,True,1.49,1.94,2.59,,3.3
"Veyran, Voice of Duality",1.63,3.99,0.98,144.78527607361966,-39.87730061349693,1639.0,live,3.591,109.53619631901844,$1-2,1.17,687658,True,1.49,1.31,1.31,,1.17
Clever Concealment,5.52,6.99,5.48,26.63043478260871,-0.7246376811594049,1369.0,live,6.291,8.39565217391305,$5-10,5.75,631155,True,1.49,3.8,4.95,,5.75
Darksteel Plate,4.58,6.49,4.2,41.70305676855895,-8.296943231441045,1278.0,live,5.841,21.29781659388646,$2-5,4.14,631209,True,1.49,4.5,4.5,,4.14
Turbulent Moor,5.49,6.49,4.67,18.21493624772313,-14.936247723132972,1568.0,live,5.841,1.1919854280509967,$5-10,5.33,687599,True,0.0,4.69,5.57,,5.33
Arcane Denial,1.78,3.49,1.52,96.06741573033707,-14.606741573033707,1926.0,live,3.1410000000000005,67.83370786516856,$1-2,2.21,687387,True,1.49,1.65,1.65,,2.21
Mystic Sanctuary,1.01,2.79,1.02,176.23762376237624,0.990099009900991,1893.0,live,2.511,136.45940594059408,$1-2,1.15,199417,True,1.49,0.94,0.94,,1.15
Forest (0266) (Borderless),1.07,2.79,0.64,160.74766355140187,-40.18691588785048,3165.0,live,2.511,123.2,$1-2,,638919,True,1.49,0.73,0.73,,0.64
Joined Researchers,0.28,0.49,0.15,74.99999999999997,-46.42857142857144,1474.0,live,0.441,49.799999999999976,$0-1,,686532,True,1.49,0.14,0.14,,0.15
Fiery Inscription,0.43,0.99,0.28,130.2325581395349,-34.88372093023256,1657.0,live,0.891,97.07906976744188,$0-1,0.44,499208,True,1.49,0.34,0.34,,0.44
Splinter's Technique,1.85,2.99,1.26,61.62162162162163,-31.89189189189189,1416.0,live,2.6910000000000003,38.3481081081081,$1-2,2.28,673619,True,1.49,1.0,1.0,,2.28
Stormcarved Coast (Borderless),2.17,3.99,2.29,83.8709677419355,5.529953917050697,1301.0,live,3.591,57.39354838709679,$2-5,,686596,True,1.49,1.5,1.5,,2.29
Amphibian Downpour,1.5,2.49,0.93,66.00000000000001,-37.99999999999999,1407.0,live,2.241,42.096,$1-2,1.42,552794,True,1.49,0.74,0.74,,1.42
Toxic Deluge,5.08,6.49,4.26,27.755905511811022,-16.14173228346457,1542.0,live,5.841,9.359055118110234,$5-10,4.56,687372,True,1.49,3.49,4.85,,4.56
Gift of the Viper,0.27,0.35,0.15,29.62962962962961,-44.44444444444445,1608.0,live,0.315,10.962962962962948,$0-1,0.2,553321,True,1.49,0.1,0.1,,0.2
Comforting Counsel,0.35,0.49,0.15,40.00000000000001,-57.14285714285714,1473.0,live,0.441,19.840000000000003,$0-1,0.19,689503,True,1.49,0.11,0.11,,0.19
"The Sentry, Golden Guardian (Borderless)",1.84,1.79,0.91,-2.7173913043478284,-50.54347826086957,1308.0,live,1.611,-16.72608695652174,$1-2,,696269,True,1.49,0.95,1.44,,0.91
Raph's Jitte - Umezawa's Jitte (Borderless),3.11,7.99,2.07,156.91318327974278,-33.44051446945338,1465.0,live,7.191000000000001,119.9176848874598,$2-5,,679213,True,1.49,1.8,1.8,,2.07
Inkshield,5.1,8.49,4.16,66.47058823529413,-18.4313725490196,1519.0,live,7.641,42.498823529411766,$5-10,4.88,686693,True,1.49,4.0,4.95,,4.88
Fin Fang Foom,0.28,0.49,0.15,74.99999999999997,-46.42857142857144,2073.0,live,0.441,49.799999999999976,$0-1,0.18,696563,True,1.49,0.2,0.2,,0.18
Vision Quest,0.3,0.49,0.15,63.33333333333334,-50.0,1938.0,live,0.441,39.81333333333333,$0-1,0.2,696864,True,1.49,0.19,0.19,,0.2
"Aang, Swift Savior",2.34,3.99,1.32,70.51282051282053,-43.589743589743584,1472.0,live,3.591,45.95897435897438,$2-5,,661919,True,1.49,1.11,1.11,,1.32
Archaeomancer's Map,1.18,2.29,1.04,94.06779661016952,-11.864406779661008,1574.0,live,2.061,66.12203389830509,$1-2,1.27,687374,True,1.49,1.15,1.15,,1.27
Big Mother Mouser,3.22,2.29,0.76,-28.881987577639755,-76.3975155279503,1816.0,live,2.061,-39.12298136645963,$2-5,1.05,679602,True,1.49,0.88,1.85,,1.05
Adventurer's Inn,0.34,0.35,0.15,2.9411764705882213,-55.88235294117647,1847.0,live,0.315,-11.882352941176483,$0-1,0.21,630853,True,1.49,0.05,0.05,,0.21
Collective Inferno,1.51,2.49,0.78,64.90066225165563,-48.34437086092715,1427.0,live,2.241,41.15496688741722,$1-2,,671501,True,1.49,0.34,0.34,,0.78
Airbender Ascension,1.33,2.29,0.44,72.18045112781954,-66.9172932330827,1478.0,live,2.061,47.38646616541352,$1-2,1.07,660496,True,1.49,0.49,0.49,,1.07
Impolite Entrance,0.32,0.79,0.15,146.875,-53.125,1330.0,live,0.7110000000000001,111.325,$0-1,0.25,671503,True,1.49,0.15,0.15,,0.25
Command Tower,0.4,0.79,0.22,97.5,-45.0,1842.0,live,0.7110000000000001,69.06000000000002,$0-1,0.22,687664,True,1.49,0.3,0.3,,0.22
"Primo, the Unbounded (Borderless)",1.26,1.29,0.41,2.3809523809523827,-67.46031746031747,1710.0,live,1.161,-12.361904761904754,$1-2,,687516,True,1.49,0.62,0.62,,0.41
Level Up,2.6,3.49,2.07,34.23076923076923,-20.3846153846154,1383.0,live,3.1410000000000005,14.901538461538468,$2-5,2.25,679160,True,1.49,1.7,2.31,,2.25
"Hawkeye, Master Marksman",0.32,0.49,0.15,53.12499999999999,-53.125,2129.0,live,0.441,31.074999999999992,$0-1,0.21,696564,True,1.49,0.23,0.23,,0.21
Glimpse the Impossible,0.32,0.49,0.15,53.12499999999999,-53.125,1720.0,live,0.441,31.074999999999992,$0-1,0.16,552276,True,1.49,0.1,0.1,,0.16
Sunpetal Grove,0.34,0.49,0.3,44.11764705882352,-11.764705882352953,1562.0,live,0.441,23.36470588235293,$0-1,0.32,631285,True,1.49,0.24,0.24,,0.32
Stormchaser's Talent,4.29,8.49,3.89,97.9020979020979,-9.324009324009324,1578.0,live,7.641,69.4041958041958,$2-5,3.9,559757,True,1.49,2.79,2.85,,3.9
Anguished Unmaking,1.35,2.79,1.03,106.66666666666669,-23.703703703703702,1768.0,live,2.511,76.90666666666667,$1-2,1.1,686691,True,1.49,0.91,1.2,,1.1
Aettir and Priwen,11.59,12.99,10.23,12.07937877480587,-11.734253666954263,1168.0,live,11.691,-4.060051768766184,$10-20,10.3,633148,True,0.0,7.03,10.98,,10.3
Bloodroot Apothecary,4.99,5.49,3.42,10.02004008016032,-31.46292585170341,2025.0,live,4.941000000000001,-5.822845691382769,$2-5,,559991,True,1.49,2.35,4.5,,3.42
Chronicle of Victory,19.93,29.99,19.79,50.47666833918715,-0.7024586051179156,1195.0,live,26.991,28.80802809834419,$10-20,19.26,670957,True,0.99,16.0,16.0,,19.26
Caretaker's Talent,8.52,13.99,8.09,64.20187793427232,-5.046948356807509,1164.0,live,12.591000000000001,40.55680751173711,$5-10,7.98,559638,True,0.0,6.76,7.88,,7.98
Turbulent Wilderness,4.73,5.99,4.2700000000000005,26.63847780126849,-9.725158562367865,1538.0,live,5.391,8.402536997885825,$2-5,4.44,687605,True,1.49,3.49,4.96,,4.44
Corrupted Conviction,0.23,1.79,0.15,678.2608695652174,-34.78260869565218,1592.0,live,1.611,566.1913043478261,$0-1,0.31,544718,False,1.49,,0.21,366347,0.31
Flare of Fortitude,4.06,5.99,3.31,47.5369458128079,-18.47290640394088,1252.0,live,5.391,26.29162561576356,$2-5,3.62,552293,True,1.49,2.98,2.98,,3.62
"Jadar, Ghoulcaller of Nephalia",1.11,2.29,0.84,106.30630630630628,-24.324324324324333,1745.0,live,2.061,76.59819819819819,$1-2,0.82,687431,True,3.99,1.01,1.01,,0.82
"Black Widow, Super Spy",1.6,4.49,0.96,180.625,-40.00000000000001,1741.0,live,4.041,140.215,$1-2,1.94,696996,True,1.49,1.0,1.0,,1.94
Three Tree City,26.61,34.99,26.9,31.491920330702754,1.0898158586997335,1162.0,live,31.491000000000003,12.557083803081555,$20-50,26.07,558355,True,0.99,23.95,24.67,,26.07
Patchwork Banner,2.22,3.49,2.01,57.2072072072072,-9.459459459459476,1976.0,live,3.1410000000000005,34.569369369369376,$2-5,2.09,559478,True,1.49,1.25,2.26,,2.09
"Phelia, Exuberant Shepherd",5.47,8.49,3.94,55.21023765996345,-27.9707495429616,1551.0,live,7.641,32.8599634369287,$5-10,4.25,548602,True,1.49,3.7,4.05,,4.25
"Killian, Decisive Mentor (Borderless)",0.87,0.99,0.17,13.79310344827586,-80.45977011494251,1474.0,live,0.891,-2.5931034482758646,$0-1,,686629,True,1.49,0.33,0.33,,0.17
Command Tower,0.36,0.79,0.26,119.44444444444446,-27.77777777777777,1546.0,live,0.7110000000000001,87.84444444444446,$0-1,0.25,687664,True,1.49,0.3,0.3,,0.25
Ninja Teen,1.27,1.49,0.4,17.32283464566929,-68.50393700787401,1289.0,live,1.341,0.4283464566929047,$1-2,1.11,673606,True,1.49,0.95,0.95,,1.11
Crashing Drawbridge,0.7,1.79,0.52,155.71428571428575,-25.714285714285705,1514.0,live,1.611,118.89142857142858,$0-1,,199543,True,1.49,0.65,0.65,,0.52
The Walls of Ba Sing Se,22.92,34.99,20.84,52.661431064572426,-9.07504363001746,1136.0,live,31.491000000000003,30.678184991273994,$20-50,20.85,662549,True,0.99,19.0,19.0,,20.85
Runaway Steam-Kin,1.66,2.79,1.25,68.07228915662652,-24.69879518072289,1305.0,live,2.511,43.8698795180723,$1-2,1.63,176427,True,1.49,1.09,1.09,,1.63
"Doc Samson, Super Psychiatrist",0.27,0.35,0.15,29.62962962962961,-44.44444444444445,1943.0,live,0.315,10.962962962962948,$0-1,0.15,696495,True,1.49,0.05,0.05,,0.15
"Gyome, Master Chef",1.01,1.49,0.45,47.52475247524752,-55.44554455445545,1713.0,live,1.341,26.28118811881188,$1-2,0.74,687634,True,1.49,0.97,0.97,,0.74
Abandon Attachments,0.36,0.39,0.15,8.333333333333341,-58.333333333333336,2412.0,live,0.35100000000000003,-7.266666666666656,$0-1,0.3,649367,True,1.49,0.15,0.15,,0.3
Buster Sword,49.49,64.99,43.89,31.31945847645988,-11.315417256011315,1115.0,live,58.491,12.409456455849655,$20-50,42.4,632704,True,1.99,44.99,45.0,,42.4
Phyrexian Arena,4.31,5.49,4.14,27.378190255220435,-3.944315545243618,1192.0,live,4.941000000000001,9.035730858468687,$2-5,4.03,589432,True,1.49,3.18,3.18,,4.03
Ouroboroid,34.63,42.99,30.21,24.140918278948885,-12.763499855616525,1226.0,live,38.691,6.264626046780252,$20-50,29.4,641733,True,0.99,29.49,29.49,,29.4
Super-Skrull,0.27,0.49,0.15,81.48148148148147,-44.44444444444445,1695.0,live,0.441,55.34814814814813,$0-1,0.15,668463,True,1.49,0.17,0.17,,0.15
Leyline Axe,2.47,4.99,1.3,102.0242914979757,-47.36842105263158,1324.0,live,4.4910000000000005,72.9327935222672,$2-5,1.38,591207,True,1.49,1.99,1.99,,1.38
Bloom Tender,12.81,17.99,12.11,40.43715846994534,-5.464480874316948,1176.0,live,16.191,20.21420765027321,$10-20,13.45,671067,True,0.99,11.0,11.0,,13.45
Unbound Flourishing,1.99,2.99,1.64,50.251256281407045,-17.587939698492466,1671.0,live,2.6910000000000003,28.61507537688442,$1-2,1.92,687465,True,1.49,0.95,1.99,,1.92
"Rionya, Fire Dancer",0.47,0.49,0.2,4.255319148936175,-57.44680851063829,1962.0,live,0.441,-10.757446808510638,$0-1,,687423,True,1.49,0.4,0.4,,0.2
Tataru Taru,8.1,9.99,8.120000000000001,23.333333333333343,0.2469135802469302,1887.0,live,8.991,5.573333333333332,$5-10,8.13,631106,True,0.0,6.51,8.12,,8.13
Culling Ritual,1.19,1.49,0.79,25.21008403361345,-33.613445378151255,1222.0,live,1.341,7.179831932773107,$1-2,1.09,689391,True,1.49,0.86,0.86,,1.09
Cursed Mirror,0.47,0.79,0.33,68.08510638297875,-29.787234042553184,1737.0,live,0.7110000000000001,43.88085106382981,$0-1,0.44,687394,True,1.49,0.44,0.44,,0.44
Shattered Sanctum (Borderless),2.22,4.49,1.51,102.25225225225223,-31.98198198198199,1237.0,live,4.041,73.12792792792791,$2-5,,686594,True,1.49,1.75,1.75,,1.51
Enter the Enigma,0.35,0.99,0.15,182.8571428571429,-57.14285714285714,1484.0,live,0.891,142.1257142857143,$0-1,0.3,578054,True,1.49,0.17,0.17,,0.3
Ashnod's Altar,15.59,16.99,12.19,8.980115458627317,-21.808851828094937,1160.0,live,15.290999999999999,-6.713021167415017,$10-20,8.0,3360,True,0.99,9.95,9.95,,8.0
Hop to It,0.23,0.35,0.15,52.17391304347825,-34.78260869565218,1629.0,live,0.315,30.260869565217373,$0-1,0.15,688867,True,1.49,0.01,0.01,,0.15
Rhystic Study,60.17,79.99,55.91,32.94000332391556,-7.079940169519702,1168.0,live,71.991,13.796642845271728,$50-100,52.09,7357,True,0.0,43.99,43.99,,52.09
Academy Ruins,5.28,8.49,4.08,60.79545454545454,-22.72727272727273,1183.0,live,7.641,37.64090909090908,$5-10,,615224,True,0.0,4.25,5.53,,4.08
Super Shredder,19.3,21.99,18.75,13.93782383419688,-2.8497409326424905,1210.0,live,19.791,-2.469222797927475,$10-20,18.0,657755,True,0.0,18.0,18.75,,18.0
Glimpse of Nature,0.94,1.29,0.25,37.2340425531915,-73.40425531914893,1331.0,live,1.161,17.472340425531932,$0-1,1.3,688851,True,1.49,0.87,0.87,,1.3
Turbulent Fen,6.17,7.49,5.93,21.393841166936795,-3.88978930307942,1481.0,live,6.7410000000000005,3.913128038897891,$5-10,5.96,687598,True,0.0,4.81,6.13,,5.96
Stump Stomp,0.36,0.99,0.15,175.0,-58.333333333333336,1360.0,live,0.891,135.4,$0-1,,552648,True,1.49,0.3,0.3,,0.15
Fire Magic,0.85,0.99,0.15,16.47058823529412,-82.35294117647058,1642.0,live,0.891,-0.3011764705882361,$0-1,0.89,630969,True,1.49,0.49,0.49,,0.89
Naktamun Lorespinner,1.9,2.79,1.14,46.842105263157904,-40.0,1569.0,live,2.511,25.696842105263173,$1-2,,687356,True,1.49,1.57,1.57,,1.14
Erode (Extended Art),7.37,11.99,6.68,62.68656716417911,-9.362279511533249,1255.0,live,10.791,39.2597014925373,$5-10,,688652,True,0.99,5.0,5.98,,6.68
Scurry of Squirrels,5.43,4.99,4.2700000000000005,-8.103130755064448,-21.362799263351736,2362.0,live,4.4910000000000005,-21.33627992633517,$5-10,4.36,560006,True,1.49,3.76,4.68,,4.36
Sol Ring,1.61,2.79,1.35,73.2919254658385,-16.149068322981368,2241.0,live,2.511,48.33788819875776,$1-2,1.44,687542,True,1.49,1.5,1.5,,1.44
Sewer-veillance Cam,0.31,0.35,0.15,12.903225806451609,-51.61290322580645,2104.0,live,0.315,-3.354838709677426,$0-1,0.25,679787,True,1.49,0.15,0.15,,0.25
Currency Converter,1.69,2.49,1.44,47.3372781065089,-14.792899408284024,1907.0,live,2.241,26.120710059171603,$1-2,1.91,687590,True,1.49,1.55,1.55,,1.91
Blasphemous Edict,4.52,6.99,4.12,54.64601769911507,-8.849557522123883,1224.0,live,6.291,32.376991150442485,$2-5,4.18,591770,True,1.49,3.0,3.71,,4.18
Liquimetal Torque,3.91,4.99,3.12,27.621483375959084,-20.20460358056266,1162.0,live,4.4910000000000005,9.24398976982097,$2-5,3.45,239836,True,1.49,2.75,2.75,,3.45
Enduring Innocence,3.44,6.99,3.0500000000000003,103.19767441860466,-11.337209302325572,1269.0,live,6.291,73.93720930232558,$2-5,4.09,575047,True,1.49,3.1,3.1,,4.09
Plains (0262) (Borderless),0.92,1.79,0.44,94.56521739130434,-52.17391304347826,3001.0,live,1.611,66.54782608695652,$0-1,,638915,True,1.49,0.64,0.64,,0.44
Brushland,0.42,1.29,0.36,207.1428571428572,-14.285714285714285,1773.0,live,1.161,162.91428571428577,$0-1,0.4,631253,True,1.49,0.32,0.32,,0.4
Guardian Augmenter,1.01,1.99,0.39,97.02970297029702,-61.38613861386138,1741.0,live,1.791,68.65742574257426,$1-2,0.56,687518,True,1.49,0.99,0.99,,0.56
Ninja Pizza,3.19,4.99,2.6,56.42633228840126,-18.49529780564263,1480.0,live,4.4910000000000005,33.90094043887148,$2-5,2.66,679161,True,1.49,2.67,3.0,,2.66
"Nick Fury, Agent of S.H.I.E.L.D.",0.32,0.49,0.15,53.12499999999999,-53.125,1876.0,live,0.441,31.074999999999992,$0-1,0.16,696536,True,1.49,0.11,0.11,,0.16
"Torbran, Thane of Red Fell",3.87,5.99,3.35,54.78036175710594,-13.436692506459949,1304.0,live,5.391,32.49198966408268,$2-5,3.78,199556,True,1.49,2.35,3.05,,3.78
Anticausal Vestige,1.37,1.99,0.77,45.255474452554736,-43.79562043795621,1328.0,live,1.791,24.33868613138685,$1-2,1.1,641717,True,1.49,0.6,0.6,,1.1
Troll of Khazad-dum,0.75,1.79,0.4,138.66666666666669,-46.66666666666666,2175.0,live,1.611,104.29866666666668,$0-1,,498752,True,1.49,0.6,0.6,,0.4
"Spider-Woman, Stunning Savior",1.93,2.49,0.5700000000000001,29.01554404145079,-70.46632124352331,1276.0,live,2.241,10.437305699481868,$1-2,1.0,651943,True,1.49,1.0,1.0,,1.0
Daze,0.96,2.29,0.84,138.54166666666669,-12.5,1231.0,live,2.061,104.19166666666668,$0-1,1.09,688901,True,1.49,0.92,0.92,,1.09
Violent Outburst,3.75,5.99,1.4,59.73333333333334,-62.66666666666667,2852.0,live,5.391,36.73173333333333,$2-5,,31833,True,1.49,0.75,1.4,,1.4
Kami of Whispered Hopes,2.79,3.99,2.08,43.01075268817205,-25.44802867383512,1166.0,live,3.591,22.41720430107528,$2-5,,687525,True,1.49,2.49,3.35,,2.08
Big Score,1.41,2.79,0.71,97.87234042553192,-49.645390070921984,1133.0,live,2.511,69.37872340425534,$1-2,1.37,688726,True,1.49,0.68,0.68,,1.37
Voice of Victory,17.44,27.99,15.63,60.49311926605503,-10.37844036697248,1232.0,live,25.191,37.38211009174309,$10-20,16.97,623897,True,0.99,12.72,14.99,,16.97
Red Elemental Blast,3.81,5.49,3.02,44.09448818897639,-20.73490813648294,2085.0,live,4.941000000000001,23.34488188976378,$2-5,,1537,False,1.49,,2.37,175,3.02
"Dawnsire, Sunstar Dreadnought",7.31,8.99,5.91,22.98221614227087,-19.15184678522571,1148.0,live,8.091000000000001,5.2727770177838575,$5-10,6.08,642112,True,0.0,4.49,5.49,,6.08
Expansion Algorithm,2.17,2.79,1.56,28.571428571428577,-28.110599078341007,1515.0,live,2.511,10.057142857142868,$2-5,2.27,687344,True,1.49,2.1,2.1,,2.27
Bitterbloom Bearer,15.44,21.99,15.61,42.42227979274611,1.1010362694300513,1128.0,live,19.791,21.913471502590664,$10-20,15.0,656652,True,0.0,14.14,15.45,,15.0
Guide of Souls,3.08,3.99,1.54,29.545454545454547,-50.0,1555.0,live,3.591,10.890909090909098,$2-5,2.43,552731,True,1.49,1.0,1.0,,2.43
Kessig Flamebreather,4.08,4.99,3.4,22.30392156862745,-16.66666666666667,2467.0,live,4.4910000000000005,4.692156862745099,$2-5,4.0,253555,True,1.49,2.49,2.49,,4.0
Pyroblast,8.77,13.99,6.25,59.52109464082099,-28.73432155074116,1811.0,live,12.591000000000001,36.55005701254277,$5-10,,4848,True,0.0,4.1,5.95,,6.25
Rogue's Passage,0.42,0.99,0.38,135.71428571428575,-9.523809523809518,1667.0,live,0.891,101.77142857142856,$0-1,0.38,590880,True,1.49,0.36,0.36,,0.38
Path to Exile,1.17,2.79,1.04,138.46153846153848,-11.111111111111102,1567.0,live,2.511,104.12307692307694,$1-2,1.15,687458,True,1.49,1.16,1.16,,1.15
Eumidian Terrabotanist,0.34,0.35,0.15,2.9411764705882213,-55.88235294117647,1372.0,live,0.315,-11.882352941176483,$0-1,0.26,644603,True,1.49,0.15,0.15,,0.26
Skullclamp,6.69,8.99,5.21,34.3796711509716,-22.122571001494773,1244.0,live,8.091000000000001,15.028998505231678,$5-10,5.9,631240,True,0.0,4.89,6.12,,5.9
Multiversal Passage,7.29,9.99,5.68,37.03703703703704,-22.08504801097394,1312.0,live,8.991,17.303703703703697,$5-10,5.8,646661,True,0.0,4.78,6.43,,5.8
Full Throttle,6.62,6.99,5.63,5.589123867069488,-14.954682779456196,1137.0,live,6.291,-9.615709969788524,$5-10,5.41,614490,True,1.49,4.25,4.98,,5.41
Oakhollow Village,0.5,0.79,0.15,58.00000000000001,-70.0,1510.0,live,0.7110000000000001,35.24800000000001,$0-1,0.4,558611,True,1.49,0.37,0.37,,0.4
"Ardenn, Intrepid Archaeologist",5.73,5.99,4.55,4.537521815008723,-20.593368237347303,1131.0,live,5.391,-10.515881326352536,$5-10,5.34,226861,True,1.49,3.7,4.69,,5.34
Fire Nation Palace,2.37,2.79,0.67,17.72151898734177,-71.72995780590718,1230.0,live,2.511,0.7696202531645584,$2-5,,662045,True,1.49,0.72,0.72,,0.67
Arc Reactor (Borderless),2.62,2.79,0.72,6.488549618320608,-72.51908396946564,1246.0,live,2.511,-8.845801526717556,$2-5,,696350,True,1.49,1.25,1.68,,0.72
Gleaming Bastion (Borderless),3.33,4.99,3.28,49.84984984984985,-1.5015015015015094,1353.0,live,4.4910000000000005,28.27147147147147,$2-5,,696445,True,1.49,2.76,2.76,,3.28
Pest Infestation,0.54,0.79,0.48,46.29629629629629,-11.11111111111112,1457.0,live,0.7110000000000001,25.229629629629635,$0-1,0.5,687560,True,1.49,0.5,0.5,,0.5
Primordial Hydra,1.42,1.49,1.06,4.929577464788737,-25.352112676056333,1861.0,live,1.341,-10.180281690140848,$1-2,1.24,687566,True,1.49,1.28,1.28,,1.24
Damning Verdict,3.48,6.49,3.35,86.49425287356323,-3.735632183908043,1287.0,live,5.841,59.63908045977011,$2-5,3.29,631176,True,1.49,3.36,3.37,,3.29
Frog Butler,0.28,0.35,0.15,24.999999999999982,-46.42857142857144,1552.0,live,0.315,6.999999999999981,$0-1,0.15,679846,True,1.49,0.1,0.1,,0.15
Tyvar's Stand,0.65,1.99,0.65,206.15384615384613,0.0,1805.0,live,1.791,162.06769230769234,$0-1,0.83,687589,True,1.49,0.65,0.7,,0.83
"Iron Man, Bleeding Edge",7.72,9.99,7.62,29.40414507772021,-1.2953367875647623,1066.0,live,8.991,10.769948186528492,$5-10,8.46,696388,True,1.49,4.98,4.98,,8.46
Thunderclap Drake,0.6,0.99,0.26,65.0,-56.66666666666666,1786.0,live,0.891,41.24,$0-1,0.59,687463,True,1.49,0.59,0.59,,0.59
Starfield Vocalist,1.48,1.99,0.62,34.45945945945946,-58.108108108108105,1425.0,live,1.791,15.097297297297304,$1-2,1.04,641740,True,1.49,1.0,1.0,,1.04
Rapturous Moment,0.26,0.35,0.15,34.615384615384606,-42.30769230769232,1451.0,live,0.315,15.230769230769218,$0-1,0.15,688526,True,1.49,0.04,0.04,,0.15
Firemane Commando,1.0,1.99,0.77,99.0,-23.0,1892.0,live,1.791,70.34400000000001,$1-2,0.79,687409,True,1.49,0.92,0.92,,0.79
"Iron Spider, Stark Upgrade",2.36,3.49,0.62,47.881355932203405,-73.72881355932202,1174.0,live,3.1410000000000005,26.586440677966124,$2-5,,646635,True,1.49,1.73,1.73,,0.62
The Last Agni Kai,2.76,3.99,1.28,44.565217391304365,-53.62318840579709,1206.0,live,3.591,23.747826086956543,$2-5,1.95,660545,True,1.49,1.46,1.46,,1.95
Dreamroot Cascade (Borderless),1.65,2.49,0.96,50.90909090909093,-41.81818181818181,1198.0,live,2.241,29.178181818181827,$1-2,,686593,True,1.49,1.49,1.49,,0.96
Up the Beanstalk,2.29,2.99,1.13,30.56768558951965,-50.655021834061145,1269.0,live,2.6910000000000003,11.765938864628817,$2-5,,513095,True,1.49,1.24,1.24,,1.13
Berserk,7.32,8.49,7.15,15.983606557377048,-2.3224043715846987,1125.0,live,7.641,-0.7180327868852542,$5-10,8.0,688848,True,1.49,4.5,4.5,,8.0
Nightscape Familiar,0.38,0.79,0.28,107.89473684210526,-26.315789473684205,1293.0,live,0.7110000000000001,77.95789473684212,$0-1,,457510,True,1.49,0.38,0.38,,0.28
Swiftfoot Boots,2.37,3.99,2.36,68.35443037974683,-0.421940928270052,1393.0,live,3.591,44.11139240506329,$2-5,2.33,591210,True,1.49,2.0,2.0,,2.33
Path of Ancestry,0.33,0.35,0.15,6.060606060606049,-54.54545454545456,2221.0,live,0.315,-9.212121212121223,$0-1,0.15,631295,True,1.49,0.13,0.13,,0.15
Nature's Lore,2.83,4.49,2.59,58.65724381625442,-8.480565371024742,1131.0,live,4.041,35.810600706713785,$2-5,2.9,687543,True,1.49,2.3,2.55,,2.9
Loading Zone,1.32,1.79,0.52,35.6060606060606,-60.60606060606061,1611.0,live,1.611,16.078787878787875,$1-2,,644620,True,1.49,0.97,0.97,,0.52
Panharmonicon,6.99,9.99,5.55,42.91845493562232,-20.60085836909872,1262.0,live,8.991,22.33819742489269,$5-10,5.38,615216,True,0.0,4.13,5.32,,5.38
Super-Soldier Serum (Borderless),1.36,1.99,0.93,46.323529411764696,-31.61764705882353,1279.0,live,1.791,25.252941176470586,$1-2,,696468,True,1.49,0.65,0.65,,0.93
Cori-Steel Cutter,5.64,8.49,3.69,50.53191489361704,-34.57446808510638,1442.0,live,7.641,28.85531914893617,$5-10,4.74,624578,True,0.0,3.59,5.08,,4.74
Hidden Lair (Borderless),4.21,6.99,3.34,66.0332541567696,-20.665083135391924,1346.0,live,6.291,42.12446555819477,$2-5,,696442,True,1.49,3.0,3.0,,3.34
Beast Within,0.59,1.49,0.51,152.54237288135596,-13.5593220338983,1505.0,live,1.341,116.17627118644069,$0-1,0.6,687484,True,1.49,0.5,0.5,,0.6
"Ms. Marvel, Kamala Khan",0.32,0.49,0.15,53.12499999999999,-53.125,1938.0,live,0.441,31.074999999999992,$0-1,0.25,696548,True,1.49,0.1,0.1,,0.25
Cloud Key,1.98,3.49,2.14,76.26262626262627,8.080808080808088,1417.0,live,3.1410000000000005,50.880808080808094,$1-2,2.96,642824,True,1.49,1.83,1.83,,2.96
Commander's Sphere,0.38,0.49,0.15,28.947368421052627,-60.526315789473685,1966.0,live,0.441,10.378947368421048,$0-1,0.16,499563,True,1.49,0.2,0.2,,0.16
Geometer's Arthropod,0.29,0.49,0.15,68.96551724137932,-48.27586206896552,1366.0,live,0.441,44.63448275862069,$0-1,0.3,688828,True,1.49,0.2,0.2,,0.3
Dramatic Reversal,0.58,0.99,0.32,70.68965517241381,-44.82758620689655,1260.0,live,0.891,46.11034482758621,$0-1,0.54,123110,True,1.49,0.44,0.44,,0.54
"Mikey & Leo, Chaos & Order",1.62,1.99,1.06,22.839506172839496,-34.567901234567906,1159.0,live,1.791,5.150617283950614,$1-2,1.47,673659,True,1.49,1.09,1.09,,1.47
Orim's Chant,5.76,8.99,4.16,56.07638888888889,-27.77777777777777,1422.0,live,8.091000000000001,33.60138888888889,$5-10,6.56,548578,True,1.49,4.0,4.0,,6.56
Brainsurge,0.37,0.99,0.15,167.56756756756758,-59.45945945945946,1701.0,live,0.891,129.03783783783786,$0-1,,552298,True,1.49,0.2,0.2,,0.15
Flare of Malice,1.65,3.49,1.03,111.51515151515154,-37.57575757575757,1396.0,live,3.1410000000000005,81.05696969696973,$1-2,1.61,552274,True,1.49,0.75,0.75,,1.61
Moonshadow,11.73,16.99,7.8,44.84228473998293,-33.50383631713555,1417.0,live,15.290999999999999,23.98499573742539,$10-20,7.52,671780,True,0.99,9.31,9.81,,7.52
Writhing Chrysalis,0.2,0.79,0.15,295.0,-25.000000000000007,3056.0,live,0.7110000000000001,238.12000000000003,$0-1,0.2,551669,False,1.49,,0.18,799786,0.2
Donnie's Bo - Shadowspear (Borderless),19.81,27.99,20.6,41.29227662796568,3.9878849066128352,1093.0,live,25.191,20.94618879353861,$10-20,,679211,True,1.31,13.9,13.9,,20.6
Tendershoot Dryad,1.04,1.99,0.89,91.34615384615384,-14.423076923076923,1336.0,live,1.791,63.792307692307695,$1-2,1.19,687459,True,3.99,1.06,1.06,,1.19
Take Up the Shield (Borderless),0.28,0.35,0.15,24.999999999999982,-46.42857142857144,1549.0,live,0.315,6.999999999999981,$0-1,,696976,True,1.49,0.1,0.1,,0.15
"Krenko, Mob Boss",1.93,1.99,0.91,3.108808290155443,-52.84974093264248,1429.0,live,1.791,-11.738860103626935,$1-2,1.07,591313,True,1.49,1.45,1.45,,1.07
Sejiri Shelter,2.05,3.49,2.24,70.24390243902442,9.268292682926848,1360.0,live,3.1410000000000005,45.7287804878049,$2-5,,221899,True,1.49,0.5,1.23,,2.24
Frantic Search,0.78,1.49,0.72,91.025641025641,-7.692307692307699,1188.0,live,1.341,63.51794871794871,$0-1,0.88,457177,True,1.49,0.64,0.64,,0.88
Sprout Swarm,5.6,2.99,3.8,-46.60714285714285,-32.14285714285714,1209.0,live,2.6910000000000003,-54.29571428571428,$5-10,,14996,True,1.49,3.0,3.25,,3.8
"Captain Marvel, Earth's Protector",0.75,1.49,0.38,98.66666666666669,-49.333333333333336,1609.0,live,1.341,70.05866666666665,$0-1,0.48,696256,True,1.49,0.69,0.69,,0.48
"Uthros, Titanic Godcore",12.32,18.99,11.31,54.13961038961037,-8.198051948051946,1084.0,live,17.090999999999998,31.94350649350649,$10-20,11.36,641748,True,0.0,9.0,10.48,,11.36
Informed Inkwright,0.29,0.49,0.15,68.96551724137932,-48.27586206896552,1705.0,live,0.441,44.63448275862069,$0-1,0.19,689047,True,1.49,0.09,0.09,,0.19
Aetherize,0.44,0.99,0.25,125.0,-43.18181818181818,1574.0,live,0.891,92.6,$0-1,0.3,591162,True,1.49,0.24,0.24,,0.3
For the Common Good,3.45,4.49,2.08,30.144927536231886,-39.71014492753624,1179.0,live,4.041,11.404057971014494,$2-5,3.06,559118,True,1.49,0.9,0.9,,3.06
Seething Song,13.55,12.99,8.120000000000001,-4.132841328413288,-40.07380073800738,1162.0,live,11.691,-17.93771217712178,$10-20,5.12,11423,True,0.0,6.61,7.99,,5.12
Village Rites,0.38,1.29,0.2,239.4736842105264,-47.368421052631575,1589.0,live,1.161,190.58947368421056,$0-1,0.35,230172,True,1.49,0.25,0.25,,0.35
Doubling Season (Borderless),30.24,34.99,30.34,15.70767195767197,0.3306878306878354,1060.0,live,31.491000000000003,-0.9542328042327938,$20-50,,657764,True,1.3,25.0,26.99,,30.34
Absorbing Man,0.27,0.49,0.15,81.48148148148147,-44.44444444444445,1922.0,live,0.441,55.34814814814813,$0-1,0.2,696573,True,1.49,0.12,0.12,,0.2
Gift of Immortality,0.4,0.69,0.17,72.49999999999997,-57.49999999999999,1622.0,live,0.621,47.65999999999998,$0-1,0.48,687418,True,1.49,0.31,0.31,,0.48
Professional Face-Breaker,5.07,7.99,5.19,57.59368836291912,2.3668639053254457,1112.0,live,7.191000000000001,34.90019723865876,$5-10,5.39,631136,True,0.0,4.32,5.03,,5.39
Overprotect,0.86,2.79,0.29,224.41860465116284,-66.27906976744187,1317.0,live,2.511,177.70232558139537,$0-1,,559120,True,1.49,0.42,0.42,,0.29
Null Elemental Blast,0.36,0.69,0.15,91.66666666666666,-58.333333333333336,1581.0,live,0.621,64.06666666666666,$0-1,0.25,548593,True,1.49,0.25,0.25,,0.25
Mightform Harmonizer,1.45,2.79,1.14,92.41379310344828,-21.37931034482759,1440.0,live,2.511,64.70620689655175,$1-2,1.62,643504,True,1.49,1.249,1.249,,1.62
Not Dead After All,1.45,2.49,1.0,71.7241379310345,-31.034482758620683,1173.0,live,2.241,46.99586206896552,$1-2,1.49,512642,True,1.49,0.98,0.98,,1.49
Reckless Ransacking,0.28,0.35,0.15,24.999999999999982,-46.42857142857144,1251.0,live,0.315,6.999999999999981,$0-1,0.15,671946,True,1.49,0.05,0.05,,0.15
Reprieve,1.59,2.99,0.94,88.0503144654088,-40.88050314465409,1149.0,live,2.6910000000000003,60.971069182389925,$1-2,1.36,686566,True,1.49,1.09,1.09,,1.36
Scour for Scrap,0.37,0.99,0.15,167.56756756756758,-59.45945945945946,1203.0,live,0.891,129.03783783783786,$0-1,0.35,644587,True,1.49,0.29,0.29,,0.35
Forest (0291),0.28,0.79,0.15,182.1428571428572,-46.42857142857144,3589.0,live,0.7110000000000001,141.5142857142857,$0-1,,648729,True,1.49,0.1,0.1,,0.15
Vampiric Tutor,56.05,59.99,57.31,7.02943800178413,2.247992863514728,1027.0,live,53.991,-8.382801070472782,$50-100,54.35,686552,True,0.0,49.51,50.0,,54.35
Three Visits,4.53,7.49,4.61,65.34216335540839,1.766004415011039,1124.0,live,6.7410000000000005,41.532891832229566,$2-5,4.94,687584,True,0.0,3.99,5.24,,4.94
Timeless Lotus,2.53,4.99,1.82,97.2332015810277,-28.06324110671936,1680.0,live,4.4910000000000005,68.83162055335971,$2-5,2.03,671294,True,1.49,2.09,2.09,,2.03
Command Tower,0.36,0.69,0.2,91.66666666666666,-44.44444444444444,1731.0,live,0.621,64.06666666666666,$0-1,0.24,687664,True,1.49,0.3,0.3,,0.24
Dark Fortress (Borderless),3.56,4.49,3.38,26.12359550561798,-5.056179775280904,1313.0,live,4.041,7.961797752808993,$2-5,,696439,True,1.49,2.48,2.48,,3.38
"Cloak and Dagger, Entwined",0.33,0.49,0.15,48.48484848484848,-54.54545454545456,1747.0,live,0.441,27.10303030303029,$0-1,0.2,696859,True,1.49,0.16,0.16,,0.2
Lightning Greaves,4.51,5.99,4.16,32.81596452328161,-7.760532150776046,1199.0,live,5.391,13.690465631929053,$2-5,3.86,687611,True,1.49,4.13,4.13,,3.86
Archmage Emeritus,0.57,1.79,0.41,214.0350877192983,-28.07017543859649,1810.0,live,1.611,168.81403508771933,$0-1,0.47,687389,True,1.49,0.48,0.48,,0.47
Force of Will,63.41,69.99,63.03,10.37691215896546,-0.5992745623718585,1072.0,live,62.991,-5.517363191925571,$50-100,62.8,686637,True,1.49,56.4,56.4,,62.8
Eiganjo Dynastorian,1.28,1.49,0.76,16.406249999999996,-40.625,1333.0,live,1.341,-0.3562500000000093,$1-2,,686539,True,1.49,1.15,1.15,,0.76
"Spider-Man, To the Rescue (Borderless)",0.25,0.35,0.15,39.99999999999999,-40.0,1305.0,live,0.315,19.83999999999999,$0-1,,696886,True,1.49,0.07,0.07,,0.15
Archdruid's Charm,6.72,9.49,6.25,41.2202380952381,-6.994047619047615,1215.0,live,8.541,20.88452380952382,$5-10,,534080,True,0.0,5.0,6.25,,6.25
Radiant Summit,0.73,0.69,0.66,-5.479452054794526,-9.589041095890405,1619.0,live,0.621,-19.09041095890412,$0-1,0.78,687479,True,1.49,0.54,0.54,,0.78
Zulaport Cutthroat,1.09,2.29,0.96,110.09174311926604,-11.926605504587169,1534.0,live,2.061,79.83853211009173,$1-2,0.98,687519,True,1.49,0.96,1.08,,0.98
Armageddon,10.0,6.99,6.8500000000000005,-30.1,-31.5,1053.0,live,6.291,-40.1656,$10-20,6.65,688842,True,0.0,7.0,8.77,,6.65
Arcane Signet,0.66,0.99,0.43,49.99999999999999,-34.84848484848485,2000.0,live,0.891,28.39999999999999,$0-1,0.43,687531,True,1.49,0.47,0.47,,0.43
Twilight Diviner,2.05,3.49,1.62,70.24390243902442,-20.975609756097548,1129.0,live,3.1410000000000005,45.7287804878049,$2-5,,671768,True,1.49,1.2,1.2,,1.62
Brotherhood's End,1.16,2.29,0.28,97.41379310344828,-75.86206896551724,1204.0,live,2.061,68.98620689655174,$1-2,0.99,688849,True,1.49,0.75,0.75,,0.99
Twitching Doll,2.59,1.99,1.86,-23.16602316602316,-28.18532818532817,1095.0,live,1.791,-34.23011583011583,$2-5,2.32,575282,True,1.49,0.74,1.72,,2.32
Unnatural Restoration,1.18,1.99,0.8300000000000001,68.64406779661017,-29.66101694915253,1263.0,live,1.791,44.35932203389832,$1-2,1.21,478687,True,1.49,0.84,0.84,,1.21
"Toph, the First Metalbender",1.55,0.99,0.46,-36.12903225806452,-70.3225806451613,1181.0,live,0.891,-45.32645161290323,$1-2,0.95,648738,True,1.49,0.97,0.97,,0.95
Ravenous Robots,1.73,2.49,0.98,43.9306358381503,-43.35260115606936,1362.0,live,2.241,23.20462427745665,$1-2,1.62,673644,True,1.49,1.09,1.09,,1.62
Battle Hymn,1.36,1.79,1.25,31.61764705882352,-8.088235294117654,1342.0,live,1.611,12.664705882352935,$1-2,1.59,58931,False,1.49,,1.17,632225,1.59
Highway Robbery,0.37,1.79,0.15,383.78378378378375,-59.45945945945946,3063.0,live,1.611,314.118918918919,$0-1,0.35,544664,True,1.49,0.27,0.27,,0.35
Command Tower,0.34,0.69,0.21,102.9411764705882,-38.235294117647065,2183.0,live,0.621,73.7176470588235,$0-1,0.24,687664,True,1.49,0.3,0.3,,0.24
"Elektra, Daughter of the Hand",0.3,0.49,0.15,63.33333333333334,-50.0,1555.0,live,0.441,39.81333333333333,$0-1,0.2,696237,True,1.49,0.14,0.14,,0.2
Emperor of Bones,1.57,2.99,0.76,90.44585987261146,-51.59235668789809,1872.0,live,2.6910000000000003,63.0216560509554,$1-2,,552630,True,1.49,0.5,0.5,,0.76
Forest (0306),0.33,1.29,0.15,290.9090909090909,-54.54545454545456,3283.0,live,1.161,234.61818181818185,$0-1,,630899,True,1.49,0.16,0.16,,0.15
"Hawkeye, Master Marksman (Borderless)",1.2,0.79,0.45,-34.166666666666664,-62.5,1125.0,live,0.7110000000000001,-43.64666666666666,$1-2,,696567,True,1.49,0.49,0.49,,0.45
Preposterous Proportions,1.67,2.29,0.46,37.12574850299402,-72.45508982035929,1240.0,live,2.061,17.37964071856288,$1-2,0.45,591191,True,1.49,0.83,0.83,,0.45
Chromatic Lantern,1.06,2.49,0.78,134.9056603773585,-26.41509433962264,1620.0,live,2.241,101.07924528301886,$1-2,0.75,615167,True,1.49,0.85,0.85,,0.75
Exalted Sunborn,14.51,20.99,12.5,44.65885596140592,-13.852515506547208,1128.0,live,18.891,23.82798070296348,$10-20,12.27,641725,True,0.99,12.06,12.4,,12.27
Garruk's Uprising,1.06,1.49,0.41,40.56603773584905,-61.32075471698114,1172.0,live,1.341,20.324528301886776,$1-2,0.42,591806,True,1.49,0.3,0.3,,0.42
Frenzied Baloth,1.27,2.49,1.0,96.06299212598428,-21.25984251968504,1423.0,live,2.241,67.82992125984252,$1-2,1.21,641790,True,1.49,0.62,0.62,,1.21
Gathering Place (Borderless),2.97,4.49,1.97,51.178451178451176,-33.670033670033675,1298.0,live,4.041,29.408754208754207,$2-5,,696444,True,1.49,2.37,2.37,,1.97
Champions from Beyond,4.49,4.99,2.96,11.135857461024498,-34.07572383073497,2052.0,live,4.4910000000000005,-4.867706013363031,$2-5,3.14,631097,True,1.49,3.25,3.75,,3.14
Cauldron of Essence (Extended Art),4.0,4.49,3.64,12.250000000000004,-8.999999999999996,1057.0,live,4.041,-3.9139999999999953,$2-5,,689541,True,1.49,2.4,3.65,,3.64
Ripples of Potential,2.77,4.99,3.0700000000000003,80.14440433212997,10.830324909747302,1540.0,live,4.4910000000000005,54.20361010830326,$2-5,2.89,642806,True,1.49,2.0,2.54,,2.89
Mind Stone,0.31,0.79,0.25,154.83870967741936,-19.35483870967742,1626.0,live,0.7110000000000001,118.141935483871,$0-1,0.37,463303,True,1.49,0.25,0.25,,0.37
Hellkite Tyrant,1.89,2.99,1.35,58.20105820105822,-28.57142857142857,1241.0,live,2.6910000000000003,35.420105820105825,$1-2,,631132,True,1.49,1.69,1.69,,1.35
Phyrexian Metamorph,2.46,3.99,2.42,62.19512195121952,-1.6260162601626031,1419.0,live,3.591,38.83902439024392,$2-5,2.47,642804,True,1.49,1.81,2.29,,2.47
Akroma's Will,17.13,20.99,15.89,22.533566841798013,-7.238762405137178,1011.0,live,18.891,4.888733216579106,$10-20,15.24,688836,True,0.0,14.24,16.0,,15.24
Lively Dirge,2.2,3.49,1.74,58.63636363636363,-20.90909090909092,1547.0,live,3.1410000000000005,35.79272727272728,$2-5,1.86,544422,True,1.49,1.75,1.75,,1.86
Rapid Hybridization,1.16,1.99,0.58,71.55172413793105,-50.0,1845.0,live,1.791,46.84827586206898,$1-2,,687432,True,1.49,0.72,0.9,,0.58
Weapons Manufacturing,1.65,3.49,1.03,111.51515151515154,-37.57575757575757,1623.0,live,3.1410000000000005,81.05696969696973,$1-2,1.5,641778,True,1.49,0.99,0.99,,1.5
Loran's Escape,2.18,3.49,2.34,60.09174311926605,7.339449541284389,1628.0,live,3.1410000000000005,37.03853211009175,$2-5,2.25,453207,True,1.49,0.96,0.96,,2.25
Training Compound (Borderless),3.08,4.99,2.29,62.01298701298702,-25.649350649350648,1290.0,live,4.4910000000000005,38.68311688311689,$2-5,,696443,True,1.49,2.44,2.44,,2.29
Tyvar's Stand,1.11,1.79,0.41,61.26126126126125,-63.06306306306308,1146.0,live,1.611,38.03963963963963,$1-2,1.26,687589,True,1.49,0.65,0.7,,1.26
Bushwhack,0.3,0.59,0.15,96.66666666666669,-50.0,1527.0,live,0.531,68.34666666666665,$0-1,0.3,591758,True,1.49,0.09,0.09,,0.3
Sabotender,0.3,0.35,0.15,16.666666666666664,-50.0,1344.0,live,0.315,-0.1333333333333371,$0-1,0.2,634130,True,1.49,0.1,0.1,,0.2
"Wan Shi Tong, Librarian",36.45,59.99,36.44,64.58161865569272,-0.027434842249671,1104.0,live,53.991,40.881865569272975,$20-50,34.99,660516,True,0.0,33.95,33.95,,34.99
Tifa Lockhart,2.81,2.79,1.54,-0.7117437722419936,-45.19572953736655,1217.0,live,2.511,-15.009252669039142,$2-5,1.89,630927,True,1.49,0.9,1.25,,1.89
Flare of Denial,3.4,5.49,2.9,61.47058823529413,-14.705882352941178,1382.0,live,4.941000000000001,38.21882352941177,$2-5,3.45,548596,True,1.49,2.0,3.35,,3.45
Ophiomancer,0.86,2.29,0.52,166.27906976744188,-39.53488372093023,1494.0,live,2.061,127.93488372093024,$0-1,0.58,687362,True,1.49,0.84,0.84,,0.58
Eddymurk Crab,1.11,1.79,0.46,61.26126126126125,-58.55855855855856,1862.0,live,1.611,38.03963963963963,$1-2,1.01,559642,True,1.49,0.15,0.15,,1.01
Insidious Roots,1.29,2.79,0.84,116.27906976744188,-34.88372093023256,1299.0,live,2.511,85.13488372093025,$1-2,1.2,535300,True,1.49,1.17,1.17,,1.2
Wizard Class,2.86,4.99,1.7,74.4755244755245,-40.55944055944056,1122.0,live,4.4910000000000005,49.35104895104896,$2-5,,243349,True,1.49,2.25,2.25,,1.7
Mockingbird,3.48,4.99,2.82,43.39080459770116,-18.96551724137932,1157.0,live,4.4910000000000005,22.742528735632188,$2-5,3.31,559141,True,1.49,1.93,2.88,,3.31
"General Kreat, the Boltbringer (Anime)",5.76,9.99,5.17,73.43750000000001,-10.243055555555554,1230.0,live,8.991,48.4625,$5-10,,589385,True,0.0,3.99,5.62,,5.17
Stubborn Denial,3.74,6.49,3.23,73.52941176470587,-13.63636363636364,1306.0,live,5.841,48.54117647058823,$2-5,,93033,True,1.49,2.37,2.37,,3.23
"Winter Soldier, Icy Assassin (Borderless)",1.08,0.99,0.15,-8.33333333333334,-86.1111111111111,1063.0,live,0.891,-21.533333333333346,$1-2,,696579,True,1.49,0.65,0.65,,0.15
Caves of Koilos,0.55,1.79,0.52,225.45454545454544,-5.45454545454546,1578.0,live,1.611,178.58909090909088,$0-1,0.55,687671,True,1.49,0.55,0.55,,0.55
Starfield Shepherd,0.36,0.59,0.15,63.888888888888886,-58.333333333333336,1935.0,live,0.531,40.28888888888888,$0-1,0.3,641739,True,1.49,0.25,0.25,,0.3
Impact Tremors,2.93,4.99,2.34,70.30716723549489,-20.136518771331065,1179.0,live,4.4910000000000005,45.782935153583615,$2-5,2.8,512663,True,1.49,2.34,2.34,,2.8
"Leader, Super-Genius (Borderless)",1.22,1.29,0.26,5.737704918032792,-78.68852459016394,1049.0,live,1.161,-9.488524590163925,$1-2,,696283,True,1.49,0.99,0.99,,0.26
"Dionus, Elvish Archdruid (Anime)",9.01,13.99,7.91,55.27192008879024,-12.208657047724747,1232.0,live,12.591000000000001,32.91276359600445,$5-10,,590235,True,3.99,7.56,11.93,,7.91
Jeska's Will,45.81,54.99,44.26,20.039292730844792,-3.383540711635024,987.0,live,49.491,2.753634577603144,$20-50,43.16,689151,True,0.99,42.85,43.0,,43.16
Skateboard,0.29,0.35,0.15,20.6896551724138,-48.27586206896552,1618.0,live,0.315,3.3103448275862064,$0-1,0.3,679869,True,1.49,0.25,0.25,,0.3
"Cloud, Midgar Mercenary",21.62,24.99,19.78,15.58741905642922,-8.510638297872338,1033.0,live,22.491,-1.0571692876965848,$20-50,21.02,630870,True,4.99,14.99,14.99,,21.02
Animist's Awakening,0.39,0.49,0.15,25.64102564102563,-61.53846153846154,1530.0,live,0.441,7.54871794871794,$0-1,0.33,687470,True,1.49,0.28,0.28,,0.33
Painful Quandary,1.76,1.99,0.61,13.068181818181818,-65.34090909090908,1214.0,live,1.791,-3.2136363636363603,$1-2,0.81,590846,True,1.49,1.2,1.2,,0.81
"Loot, Exuberant Explorer",3.13,4.99,2.02,59.424920127795545,-35.46325878594249,1069.0,live,4.4910000000000005,36.46773162939298,$2-5,2.52,591833,True,1.49,1.99,1.99,,2.52
Changing Loyalty,0.68,0.59,0.15,-13.23529411764707,-77.94117647058823,1373.0,live,0.531,-25.72941176470589,$0-1,0.2,687336,True,1.49,0.63,0.63,,0.2
Canopy Vista,0.34,0.49,0.16,44.11764705882352,-52.94117647058824,1338.0,live,0.441,23.36470588235293,$0-1,0.24,631255,True,1.49,0.18,0.18,,0.24
Withering Torment,2.75,3.49,2.07,26.90909090909092,-24.727272727272734,1079.0,live,3.1410000000000005,8.63418181818183,$2-5,,578058,True,1.49,1.15,1.15,,2.07
"Emil, Vastlands Roamer",0.25,0.35,0.15,39.99999999999999,-40.0,1248.0,live,0.315,19.83999999999999,$0-1,0.15,689505,True,1.49,0.05,0.05,,0.15
Cycle of Renewal,0.3,0.35,0.15,16.666666666666664,-50.0,1467.0,live,0.315,-0.1333333333333371,$0-1,0.15,660572,True,1.49,0.1,0.1,,0.15
Spymaster's Vault,1.2,2.29,0.78,90.83333333333334,-35.0,1288.0,live,2.061,63.35333333333334,$1-2,1.08,552624,True,1.49,0.6,0.6,,1.08
Norman Osborn (Borderless),23.69,22.99,18.38,-2.954833262980172,-22.41452089489237,1040.0,live,20.691,-16.929337273111024,$20-50,,651338,True,0.99,18.86,21.94,,18.38
Island (0298),0.24,0.69,0.15,187.5,-37.5,3491.0,live,0.621,146.1,$0-1,,630885,True,1.49,0.17,0.17,,0.15
Tocasia's Welcome,0.59,1.29,0.46,118.6440677966102,-22.033898305084737,1775.0,live,1.161,87.15932203389833,$0-1,0.55,687554,True,1.49,0.57,0.57,,0.55
Hexing Squelcher (Showcase),27.03,37.99,26.31,40.54753977062524,-2.663706992230864,1032.0,live,34.191,20.308694043655205,$20-50,,671032,True,1.49,21.0,23.5,,26.31
Exotic Orchard,0.26,0.59,0.15,126.92307692307688,-42.30769230769232,1550.0,live,0.531,94.24615384615382,$0-1,0.19,687675,True,1.49,0.17,0.17,,0.19
"Lluwen, Exchange Student",0.31,0.35,0.15,12.903225806451609,-51.61290322580645,1229.0,live,0.315,-3.354838709677426,$0-1,,686550,True,1.49,0.1,0.1,,0.15
Oracle of Mul Daya,2.54,4.49,2.47,76.7716535433071,-2.7559055118110174,1143.0,live,4.041,51.31653543307088,$2-5,2.55,641997,True,1.49,2.44,2.44,,2.55
Lembas,1.45,2.49,1.19,71.7241379310345,-17.931034482758623,1789.0,live,2.241,46.99586206896552,$1-2,1.45,499443,True,1.49,0.98,0.98,,1.45
Nightshade Dryad,0.29,0.35,0.15,20.6896551724138,-48.27586206896552,1399.0,live,0.315,3.3103448275862064,$0-1,0.16,553327,True,1.49,0.12,0.12,,0.16
Serra Paragon,0.67,0.99,0.25,47.761194029850735,-62.68656716417911,1744.0,live,0.891,26.483582089552225,$0-1,0.3,687517,True,1.49,0.49,0.49,,0.3
Smallpox,0.83,0.59,0.19,-28.915662650602407,-77.10843373493975,1102.0,live,0.531,-39.15180722891567,$0-1,,686557,True,1.49,0.54,0.54,,0.19
"Lindblum, Industrial Regency",2.67,4.49,2.62,68.16479400749064,-1.872659176029956,1127.0,live,4.041,43.949063670412,$2-5,,632741,True,1.49,1.35,1.35,,2.62
Dawn's Truce,8.41,13.99,7.72,66.34958382877527,-8.204518430439958,1038.0,live,12.591000000000001,42.39524375743164,$5-10,7.65,559037,True,0.99,6.2,6.99,,7.65
Ad Nauseam,11.04,10.99,10.42,-0.4528985507246281,-5.615942028985501,985.0,live,9.891,-14.787681159420288,$10-20,10.47,688831,True,1.3,9.25,9.25,,10.47
Enduring Curiosity,6.01,8.99,5.21,49.584026622296186,-13.31114808652246,1017.0,live,8.091000000000001,28.043926788685525,$5-10,6.3,575157,True,0.0,4.31,5.87,,6.3
"Breena, the Demagogue",0.5,1.49,0.47,198.0,-6.000000000000005,1507.0,live,1.341,155.088,$0-1,0.51,687612,True,1.49,0.45,0.45,,0.51
Escape Tunnel,0.33,0.35,0.15,6.060606060606049,-54.54545454545456,1732.0,live,0.315,-9.212121212121223,$0-1,0.27,679609,True,1.49,0.02,0.02,,0.27
Talisman of Hierarchy,0.42,1.49,0.4,254.7619047619048,-4.761904761904753,1600.0,live,1.341,203.67619047619047,$0-1,0.4,687633,True,3.99,0.4,0.4,,0.4
Moment of Reckoning,0.24,0.49,0.15,104.16666666666669,-37.5,1218.0,live,0.441,74.76666666666667,$0-1,0.15,689080,True,1.49,0.05,0.05,,0.15
Awaken the Woods,14.18,18.99,14.32,33.92101551480958,0.9873060648801169,980.0,live,17.090999999999998,14.636389280677012,$10-20,14.0,688843,True,0.0,8.79,11.755,,14.0
"Shredder, Shadow Master",0.89,1.99,0.32,123.59550561797754,-64.04494382022472,1174.0,live,1.791,91.39775280898876,$0-1,0.55,679112,True,1.49,0.68,0.68,,0.55
Mistrise Village,9.29,13.99,7.36,50.592034445640486,-20.77502691065661,1036.0,live,12.591000000000001,28.906781485468265,$5-10,8.42,624267,True,0.99,6.8,7.5,,8.42
Mountain (0290),0.29,0.69,0.15,137.9310344827586,-48.27586206896552,3119.0,live,0.621,103.66896551724136,$0-1,,648728,True,1.49,0.22,0.22,,0.15
Basilisk Collar,4.55,6.49,3.95,42.63736263736265,-13.18681318681318,1197.0,live,5.841,22.09758241758242,$2-5,3.99,591076,True,1.49,3.61,3.97,,3.99
High Noon,5.6,8.99,4.73,60.53571428571431,-15.535714285714272,1390.0,live,8.091000000000001,37.41857142857143,$5-10,4.59,544336,True,0.0,4.26,5.44,,4.59
Applied Geometry,0.3,0.49,0.15,63.33333333333334,-50.0,1459.0,live,0.441,39.81333333333333,$0-1,0.15,688814,True,1.49,0.05,0.05,,0.15
Anger,0.49,1.49,0.43,204.08163265306123,-12.244897959183673,1506.0,live,1.341,160.29387755102042,$0-1,0.47,687401,True,1.49,0.45,0.45,,0.47
Arcane Lighthouse,1.75,3.49,1.03,99.42857142857144,-41.14285714285714,1818.0,live,3.1410000000000005,70.71085714285717,$1-2,1.12,687667,True,1.49,1.28,1.71,,1.12
Scientist Supreme of A.I.M.,0.28,0.49,0.15,74.99999999999997,-46.42857142857144,1652.0,live,0.441,49.799999999999976,$0-1,0.2,696650,True,1.49,0.11,0.11,,0.2
Guardian of Faith,0.52,1.79,0.26,244.2307692307692,-50.0,1490.0,live,1.611,194.66153846153847,$0-1,0.32,687422,True,3.99,0.5,0.5,,0.32
Witty Roastmaster,1.81,1.49,0.89,-17.679558011049725,-50.82872928176796,1292.0,live,1.341,-29.53370165745857,$1-2,1.15,268790,True,1.49,0.63,0.63,,1.15
Earth's Mightiest Heroes,0.93,1.29,0.3,38.70967741935484,-67.74193548387098,1406.0,live,1.161,18.735483870967748,$0-1,0.89,696664,True,1.49,0.71,0.71,,0.89
Prologue to Phyresis,0.78,0.99,0.15,26.92307692307692,-80.76923076923077,1375.0,live,0.891,8.646153846153839,$0-1,0.65,479581,True,1.49,0.35,0.35,,0.65
Sodden Verdure,0.39,0.49,0.26,25.64102564102563,-33.33333333333333,1615.0,live,0.441,7.54871794871794,$0-1,0.37,687541,True,1.49,0.36,0.36,,0.37
Valley Floodcaller,3.51,5.99,3.03,70.65527065527067,-13.675213675213676,1025.0,live,5.391,46.08091168091169,$2-5,3.89,559146,True,1.49,2.44,2.48,,3.89
Underworld Breach (Borderless),7.58,10.99,7.77,44.9868073878628,2.506596306068595,994.0,live,9.891,24.108707124010547,$5-10,,679234,True,3.99,6.47,7.8,,7.77
Masked Vandal,1.44,2.29,1.23,59.02777777777779,-14.583333333333332,1746.0,live,2.061,36.12777777777778,$1-2,1.5,230134,True,1.49,1.06,1.06,,1.5
Reprieve,1.58,2.29,0.93,44.93670886075949,-41.13924050632911,1186.0,live,2.061,24.06582278481012,$1-2,1.36,686566,True,1.49,1.09,1.09,,1.36
Diamond Pick-Axe,0.97,1.49,0.78,53.608247422680414,-19.587628865979376,1162.0,live,1.341,31.488659793814428,$0-1,1.05,525223,True,1.49,0.52,0.52,,1.05
Decanter of Endless Water,4.6,4.99,3.06,8.478260869565231,-33.47826086956521,1129.0,live,4.4910000000000005,-7.142608695652164,$2-5,3.99,273372,True,1.49,2.9,3.66,,3.99
Trouble in Pairs (Borderless),15.09,20.99,15.98,39.09874088800529,5.897945659377075,1011.0,live,18.891,19.06852220013253,$10-20,,679072,True,0.0,13.29,15.0,,15.98
The Regalia,1.66,2.49,1.4,50.00000000000002,-15.66265060240964,1085.0,live,2.241,28.40000000000001,$1-2,1.71,633410,True,1.49,1.0,1.0,,1.71
Eye of Nidhogg,2.05,2.99,1.78,45.85365853658539,-13.170731707317064,1026.0,live,2.6910000000000003,24.85073170731708,$2-5,,631216,True,1.49,0.74,0.74,,1.78
Defiling Daemogoth,0.79,0.79,0.72,0.0,-8.860759493670892,1248.0,live,0.7110000000000001,-14.399999999999997,$0-1,0.75,687341,True,3.99,0.78,0.78,,0.75
"Ms. Marvel, Kamala Khan (Borderless)",0.69,0.69,0.15,0.0,-78.26086956521738,1085.0,live,0.621,-14.400000000000002,$0-1,,696553,True,1.49,0.49,0.49,,0.15
Darksteel Mutation,0.8,1.79,0.51,123.75,-36.25000000000001,1754.0,live,1.611,91.53,$0-1,0.66,687396,True,1.49,0.7,0.7,,0.66
Exemplar of Light (0011),1.88,3.99,1.04,112.23404255319151,-44.68085106382978,1206.0,live,3.591,81.67234042553194,$1-2,,589747,True,1.49,1.39,1.39,,1.04
Isolated Chapel,0.36,0.99,0.3,175.0,-16.666666666666664,1351.0,live,0.891,135.4,$0-1,0.57,631324,True,1.49,0.29,0.29,,0.57
Tree of Perdition,2.59,5.49,2.3000000000000003,111.969111969112,-11.19691119691118,1189.0,live,4.941000000000001,81.44555984555986,$2-5,2.49,671135,True,1.49,2.49,2.49,,2.49
Proft's Eidetic Memory,1.93,4.99,2.15,158.54922279792748,11.398963730569948,1143.0,live,4.4910000000000005,121.31813471502592,$1-2,2.78,533895,True,1.49,1.85,1.85,,2.78
Plains (0287),0.27,0.79,0.15,192.59259259259247,-44.44444444444445,2960.0,live,0.7110000000000001,150.45925925925928,$0-1,,648725,True,1.49,0.2,0.2,,0.15
The Seriema,1.01,1.99,0.2,97.02970297029702,-80.19801980198021,1384.0,live,1.791,68.65742574257426,$1-2,0.6,638897,True,1.49,0.46,0.46,,0.6
Utopia Sprawl,1.73,2.49,1.26,43.9306358381503,-27.167630057803464,1252.0,live,2.241,23.20462427745665,$1-2,1.55,513067,True,1.49,1.0,1.0,,1.55
"Carnage, Crimson Chaos",2.19,1.99,0.25,-9.1324200913242,-88.58447488584474,1150.0,live,1.791,-22.21735159817351,$2-5,0.6,651336,True,1.49,0.66,0.66,,0.6
Repel Calamity,0.22,0.35,0.15,59.09090909090908,-31.818181818181824,1292.0,live,0.315,36.18181818181817,$0-1,0.15,688920,True,1.49,0.05,0.05,,0.15
Path to Exile,2.03,2.79,1.15,37.43842364532021,-43.34975369458128,1786.0,live,2.511,17.647290640394107,$2-5,1.2,687458,True,1.49,1.16,1.16,,1.2
Caltrops,25.15,19.99,18.57,-20.5168986083499,-26.163021868787272,1123.0,live,17.991,-31.96246520874752,$20-50,20.25,6150,True,0.75,16.59,16.59,,20.25
Armor Wars,0.29,0.49,0.15,68.96551724137932,-48.27586206896552,1540.0,live,0.441,44.63448275862069,$0-1,0.2,696316,True,1.49,0.17,0.17,,0.2
Summon: Bahamut,23.76,32.99,20.63,38.84680134680135,-13.173400673400684,984.0,live,29.691000000000003,18.85286195286195,$20-50,20.0,630917,True,0.2,17.0,20.0,,20.0
Great Divide Guide,1.21,1.79,0.29,47.93388429752067,-76.03305785123966,1354.0,live,1.611,26.63140495867769,$1-2,0.76,662545,True,1.49,0.67,0.67,,0.76
"Vito, Thorn of the Dusk Rose",12.04,13.99,8.84,16.196013289036554,-26.578073089701,984.0,live,12.591000000000001,-0.5362126245847043,$10-20,8.17,215384,True,0.0,8.89,9.0,,8.17
Open the Armory,2.72,3.99,2.6,46.69117647058823,-4.411764705882357,981.0,live,3.591,25.56764705882353,$2-5,2.76,227128,True,1.49,2.01,2.01,,2.76
"Narset, Parter of Veils",0.95,1.49,0.41,56.842105263157904,-56.842105263157904,1407.0,live,1.341,34.25684210526315,$0-1,0.86,188705,True,1.49,0.84,0.84,,0.86
Eviscerator's Insight,0.27,0.59,0.15,118.51851851851848,-44.44444444444445,2020.0,live,0.531,87.05185185185181,$0-1,0.24,552853,True,1.49,0.12,0.12,,0.24
Crackle with Power,7.7,9.49,6.76,23.246753246753247,-12.207792207792211,958.0,live,8.541,5.499220779220782,$5-10,7.68,688884,True,0.0,5.65,6.99,,7.68
Lotus Petal,33.86,44.99,28.04,32.87064382752511,-17.188422917897224,1154.0,live,40.491,13.737271116361493,$20-50,,5615,True,0.0,28.25,28.29,,28.04
"Appa, Steadfast Guardian",6.44,9.99,6.38,55.12422360248447,-0.931677018633548,1036.0,live,8.991,32.78633540372669,$5-10,6.95,648645,True,0.0,4.0,6.28,,6.95
Aerith Gainsborough,2.27,2.29,1.35,0.8810572687224677,-40.52863436123348,1059.0,live,2.061,-13.645814977973568,$2-5,1.65,630864,True,1.49,0.6,1.56,,1.65
Spirit Link,0.35,0.59,0.15,68.57142857142857,-57.14285714285714,1398.0,live,0.531,44.297142857142845,$0-1,0.34,457215,True,1.49,0.1,0.1,,0.34
"Slash, Reptile Rampager",1.03,1.29,0.31,25.24271844660194,-69.90291262135922,1198.0,live,1.161,7.20776699029127,$1-2,0.78,673646,True,1.49,0.77,0.77,,0.78
Heroic Intervention,17.1,17.99,12.5,5.204678362573081,-26.90058479532164,978.0,live,16.191,-9.944795321637445,$10-20,12.59,499755,True,0.0,13.32,14.69,,12.59
"Toph, Hardheaded Teacher",0.85,1.49,0.2,75.29411764705883,-76.47058823529412,1148.0,live,1.341,50.05176470588235,$0-1,,662611,True,1.49,0.68,0.68,,0.2
Bolt Bend,3.26,5.49,2.89,68.40490797546013,-11.349693251533733,1015.0,live,4.941000000000001,44.15460122699388,$2-5,2.99,188345,True,1.49,2.0,2.56,,2.99
Slip Out the Back,3.86,6.49,3.92,68.13471502590674,1.5544041450777215,1101.0,live,5.841,43.92331606217617,$2-5,4.37,268915,True,1.49,3.39,3.39,,4.37
Underworld Dreams,1.92,1.99,1.86,3.645833333333337,-3.124999999999991,1085.0,live,1.791,-11.27916666666666,$1-2,2.05,207162,True,1.49,1.49,1.49,,2.05
Thousand-Year Storm,1.12,1.29,0.45,15.178571428571422,-59.82142857142858,1044.0,live,1.161,-1.4071428571428566,$1-2,0.75,591779,True,1.49,0.72,0.72,,0.75
Raise the Palisade,10.54,11.99,9.28,13.757115749525628,-11.954459203036052,1066.0,live,10.791,-2.623908918406072,$10-20,9.47,499572,True,0.0,9.15,10.01,,9.47
Firebrand Archer,0.28,0.39,0.15,39.28571428571428,-46.42857142857144,1384.0,live,0.35100000000000003,19.228571428571424,$0-1,0.16,591775,True,1.49,0.1,0.1,,0.16
Cleansing Wildfire,0.57,0.79,0.37,38.59649122807019,-35.08771929824561,2348.0,live,0.7110000000000001,18.63859649122809,$0-1,,221913,True,1.49,0.35,0.35,,0.37
Open the Way,0.93,1.29,0.22,38.70967741935484,-76.34408602150538,1893.0,live,1.161,18.735483870967748,$0-1,0.6,687551,True,3.99,0.59,0.59,,0.6
Worn Powerstone,0.37,0.69,0.15,86.48648648648647,-59.45945945945946,1455.0,live,0.621,59.63243243243242,$0-1,0.37,552629,True,1.49,0.23,0.23,,0.37
Kang the Conqueror,0.51,0.99,0.15,94.11764705882352,-70.58823529411764,1478.0,live,0.891,66.16470588235293,$0-1,0.17,696272,True,1.49,0.25,0.25,,0.17
Vernal Fen,0.53,1.29,0.44,143.39622641509433,-16.981132075471702,1496.0,live,1.161,108.34716981132078,$0-1,0.43,687573,True,1.49,0.4,0.4,,0.43
Coin of Mastery,1.95,2.49,1.04,27.692307692307704,-46.66666666666666,1305.0,live,2.241,9.304615384615389,$1-2,1.52,679603,True,1.49,1.74,1.74,,1.52
Herald's Horn,4.97,5.99,4.49,20.523138832998,-9.65794768611669,991.0,live,5.391,3.1678068410462825,$2-5,4.71,499815,True,1.49,4.81,4.81,,4.71
Nether Traitor,0.8,2.29,0.41,186.25,-48.75000000000001,1366.0,live,2.061,145.03,$0-1,0.42,687454,True,1.49,0.74,0.74,,0.42
Thrumming Hivepool,0.91,1.29,0.19,41.75824175824176,-79.12087912087912,1563.0,live,1.161,21.345054945054954,$0-1,0.36,641746,True,1.49,0.82,0.82,,0.36
Doom Variant - Roaming Throne (Borderless),53.1,69.99,54.88,31.807909604519764,3.3521657250470827,950.0,live,62.991,12.827570621468908,$50-100,,700738,True,0.0,47.98,51.48,,54.88
Island (0288),0.33,0.99,0.15,200.0,-54.54545454545456,3073.0,live,0.891,156.79999999999995,$0-1,,648726,True,1.49,0.1,0.1,,0.15
Woodland Cemetery,0.51,1.49,0.51,192.156862745098,0.0,1670.0,live,1.341,150.0862745098039,$0-1,0.5,687585,True,1.49,0.47,0.47,,0.5
The Earth King,1.53,1.79,0.26,16.99346405228758,-83.00653594771242,1109.0,live,1.611,0.1464052287581712,$1-2,,662051,True,1.49,0.76,0.76,,0.26
Ghoulish Impetus,0.48,0.79,0.15,64.58333333333334,-68.74999999999999,1723.0,live,0.7110000000000001,40.88333333333335,$0-1,0.37,687411,True,1.49,0.44,0.44,,0.37
Benevolent Hydra,0.94,1.79,0.26,90.42553191489364,-72.34042553191489,1342.0,live,1.611,63.00425531914895,$0-1,,687451,True,1.49,0.88,0.88,,0.26
"Quintorius, History Chaser (Borderless)",0.87,0.99,0.26,13.79310344827586,-70.11494252873564,1777.0,live,0.891,-2.5931034482758646,$0-1,,686630,True,1.49,0.14,0.14,,0.26
Colossus Hammer,0.66,1.79,0.62,171.2121212121212,-6.060606060606066,1839.0,live,1.611,132.15757575757576,$0-1,0.7,631225,True,3.99,0.66,0.66,,0.7
Lavaspur Boots,1.4,1.99,0.6900000000000001,42.142857142857146,-50.71428571428571,1244.0,live,1.791,21.674285714285727,$1-2,1.19,544354,True,1.49,0.98,0.98,,1.19
Priest of Forgotten Gods,0.54,0.99,0.26,83.33333333333331,-51.85185185185185,1610.0,live,0.891,56.93333333333332,$0-1,0.43,687487,True,3.99,0.48,0.48,,0.43
Chaos Warp,0.39,0.99,0.29,153.84615384615384,-25.64102564102565,1404.0,live,0.891,117.29230769230767,$0-1,0.3,687360,True,1.49,0.35,0.35,,0.3
"Echo, Perceptive Prodigy",0.19,0.35,0.15,84.21052631578945,-21.052631578947373,1586.0,live,0.315,57.68421052631577,$0-1,0.15,696271,True,1.49,0.1,0.1,,0.15
Doppelgang,1.56,2.99,1.55,91.66666666666669,-0.6410256410256416,1049.0,live,2.6910000000000003,64.06666666666666,$1-2,1.63,533901,True,1.49,1.43,1.43,,1.63
"Zimone, Infinite Analyst (Borderless)",0.93,1.29,0.15,38.70967741935484,-83.87096774193549,1080.0,live,1.161,18.735483870967748,$0-1,,686633,True,1.49,0.24,0.24,,0.15
Fire Lord Azula,0.95,0.99,0.46,4.210526315789478,-51.57894736842105,1085.0,live,0.891,-10.79578947368421,$0-1,0.6,660594,True,1.49,0.4,0.4,,0.6
Assassin's Trophy,0.73,1.49,0.6900000000000001,104.10958904109587,-5.479452054794511,1508.0,live,1.341,74.71780821917807,$0-1,0.75,687603,True,1.49,0.71,0.71,,0.75
Dovin's Veto,3.19,3.99,1.76,25.078369905956123,-44.82758620689656,996.0,live,3.591,7.067084639498443,$2-5,,187186,True,1.49,2.25,2.25,,1.76
Triumph of the Hordes,12.71,16.99,12.88,33.67427222659321,1.3375295043273008,942.0,live,15.290999999999999,14.425177025963787,$10-20,12.28,689364,True,0.0,10.75,11.39,,12.28
Tempest Hawk,0.68,0.99,0.15,45.58823529411764,-77.94117647058823,2872.0,live,0.891,24.623529411764693,$0-1,0.74,624065,True,1.49,0.4,0.4,,0.74
PuPu UFO,0.43,0.99,0.15,130.2325581395349,-65.11627906976744,1357.0,live,0.891,97.07906976744188,$0-1,0.38,632703,True,1.49,0.25,0.25,,0.38
Delighted Halfling,29.32,37.99,26.03,29.570259208731247,-11.22100954979536,970.0,live,34.191,10.912141882673952,$20-50,27.65,498414,True,1.49,24.81,25.76,,27.65
"Joshua, Phoenix's Dominant",1.68,1.79,0.76,6.547619047619054,-54.76190476190476,999.0,live,1.611,-8.795238095238089,$1-2,,633170,True,1.49,0.5,0.5,,0.76
Glasswing Grace,0.32,0.35,0.15,9.374999999999991,-53.125,1113.0,live,0.315,-6.375000000000009,$0-1,,552644,True,1.49,0.2,0.2,,0.15
Cyclonic Rift,33.97,39.99,31.33,17.721518987341785,-7.771563143950547,926.0,live,35.991,0.769620253164558,$20-50,33.94,689345,True,1.49,30.57,30.57,,33.94
Annie Joins Up,4.39,3.49,3.3000000000000003,-20.501138952164,-24.829157175398624,961.0,live,3.1410000000000005,-31.948974943052377,$2-5,4.6,544668,True,1.49,2.8,3.0,,4.6
"Ulamog, the Defiler",16.39,18.99,14.37,15.863331299572897,-12.324588163514344,985.0,live,17.090999999999998,-0.8209884075655917,$10-20,15.79,552309,True,1.29,14.06,14.23,,15.79
Endless Foot Assault,2.88,3.49,1.82,21.180555555555568,-36.80555555555555,1170.0,live,3.1410000000000005,3.7305555555555694,$2-5,2.1,679568,True,1.49,2.25,2.25,,2.1
Forest (0257),0.6,1.29,0.35,115.0,-41.66666666666667,3091.0,live,1.161,84.04000000000002,$0-1,,657790,True,1.49,0.49,0.49,,0.35
Refurbished Familiar,0.31,0.39,0.15,25.80645161290323,-51.61290322580645,2271.0,live,0.35100000000000003,7.69032258064517,$0-1,0.25,553237,True,1.49,0.15,0.15,,0.25
Parting Gust,1.02,1.99,0.28,95.09803921568628,-72.54901960784314,1198.0,live,1.791,67.00392156862746,$1-2,0.81,558346,True,1.49,0.5,0.5,,0.81
Ethereal Armor,0.38,0.59,0.15,55.26315789473684,-60.526315789473685,1267.0,live,0.531,32.90526315789472,$0-1,0.29,575288,True,1.49,0.24,0.24,,0.29
"Green Goblin, Revenant",0.36,0.69,0.15,91.66666666666666,-58.333333333333336,1026.0,live,0.621,64.06666666666666,$0-1,0.17,646616,True,1.49,0.11,0.11,,0.17
Gathering Stone,0.7,1.49,0.15,112.85714285714288,-78.57142857142857,1257.0,live,1.341,82.20571428571428,$0-1,0.55,671536,True,1.49,0.41,0.41,,0.55
High Score,1.52,1.29,0.8200000000000001,-15.13157894736842,-46.05263157894737,1225.0,live,1.161,-27.35263157894736,$1-2,1.19,679158,True,1.49,0.88,0.88,,1.19
Black Mage's Rod,0.23,0.35,0.15,52.17391304347825,-34.78260869565218,1467.0,live,0.315,30.260869565217373,$0-1,0.28,630932,True,1.49,0.1,0.1,,0.28
Stridehangar Automaton,2.35,3.99,2.11,69.7872340425532,-10.212765957446818,1263.0,live,3.591,45.33787234042554,$2-5,2.42,615206,True,1.49,2.27,2.47,,2.42
Cascade Bluffs,0.5,0.99,0.26,98.0,-48.0,1594.0,live,0.891,69.488,$0-1,0.33,687670,True,1.49,0.34,0.34,,0.33
Defile,1.42,2.79,1.0,96.47887323943664,-29.57746478873239,1197.0,live,2.511,68.18591549295776,$1-2,1.47,191582,True,1.49,0.99,0.99,,1.47
Harbinger of the Seas,1.72,1.99,0.44,15.69767441860465,-74.4186046511628,1383.0,live,1.791,-0.9627906976744132,$1-2,0.96,552618,True,1.49,1.29,1.29,,0.96
"Rootha, Mastering the Moment (Borderless)",0.58,0.99,0.2,70.68965517241381,-65.51724137931035,1140.0,live,0.891,46.11034482758621,$0-1,,686632,True,1.49,0.3,0.3,,0.2
Wildgrowth Archaic (Borderless),0.8,0.49,0.15,-38.75000000000001,-81.25,1050.0,live,0.441,-47.57000000000001,$0-1,,688983,True,1.49,0.44,0.44,,0.15
Drossforge Bridge,0.91,2.29,0.77,151.64835164835165,-15.384615384615383,1761.0,live,2.061,115.410989010989,$0-1,0.92,239716,True,1.49,0.68,0.68,,0.92
Tragedy Feaster,0.29,0.49,0.15,68.96551724137932,-48.27586206896552,1261.0,live,0.441,44.63448275862069,$0-1,0.15,689053,True,1.49,0.01,0.01,,0.15
Nature's Rhythm,5.17,6.99,4.0,35.20309477756287,-22.63056092843327,1062.0,live,6.291,15.73384912959381,$5-10,4.24,624738,True,1.49,3.41,4.93,,4.24
Asceticism,6.3,6.99,4.22,10.95238095238096,-33.01587301587302,1152.0,live,6.291,-5.024761904761904,$5-10,4.69,499776,True,0.0,4.3,5.29,,4.69
Immoral Bargain,0.51,0.69,0.17,35.29411764705881,-66.66666666666666,1374.0,live,0.621,15.81176470588234,$0-1,0.27,687583,True,1.49,0.48,0.48,,0.27
Mithril Coat,31.19,42.99,28.57,37.832638666239184,-8.40012824623277,922.0,live,38.691,17.984738698300745,$20-50,28.67,499456,True,1.99,26.0,26.0,,28.67
Orcish Bowmasters,44.37,49.99,44.69,12.66621591165203,0.7212080234392615,1051.0,live,44.991,-3.5577191796258645,$20-50,46.75,498367,True,0.99,40.7,41.01,,46.75
Razorkin Needlehead,4.53,8.99,4.09,98.45474613686534,-9.713024282560715,970.0,live,8.091000000000001,69.87726269315672,$2-5,4.74,575069,False,1.49,,3.85,37421,4.74
Quandrix Charm,0.33,0.35,0.15,6.060606060606049,-54.54545454545456,1402.0,live,0.315,-9.212121212121223,$0-1,0.2,686602,True,1.49,0.08,0.08,,0.2
Forsaken Miner,1.29,1.99,1.03,54.26356589147287,-20.155038759689923,1414.0,live,1.791,32.049612403100774,$1-2,1.18,544475,True,1.49,1.2,1.2,,1.18
Realmwalker,1.23,2.79,1.04,126.82926829268293,-15.44715447154471,1469.0,live,2.511,94.1658536585366,$1-2,1.11,671236,True,1.49,1.1,1.1,,1.11
Training Regimen,0.26,0.35,0.15,34.615384615384606,-42.30769230769232,1318.0,live,0.315,15.230769230769218,$0-1,0.15,697062,True,1.49,0.09,0.09,,0.15
Pest Rescuer,0.84,1.29,0.64,53.57142857142858,-23.809523809523807,1285.0,live,1.161,31.45714285714288,$0-1,0.79,687398,True,1.49,0.79,0.79,,0.79
Simian Spirit Guide,3.26,3.49,2.9,7.055214723926394,-11.04294478527607,1142.0,live,3.1410000000000005,-8.360736196319003,$2-5,3.42,233914,True,1.49,1.99,2.75,,3.42
"Iron Lad, Diverging Destiny",0.24,0.35,0.15,45.83333333333333,-37.5,1157.0,live,0.315,24.83333333333333,$0-1,0.15,696547,True,1.49,0.1,0.1,,0.15
The Legend of Roku,10.16,16.99,9.88,67.22440944881888,-2.7559055118110174,1050.0,live,15.290999999999999,43.14409448818896,$10-20,,660549,True,0.99,7.49,7.99,,9.88
Wild Growth,0.51,0.99,0.33,94.11764705882352,-35.29411764705882,1402.0,live,0.891,66.16470588235293,$0-1,0.44,457137,True,1.49,0.3,0.3,,0.44
Heaven-Sent Marvel - Archangel of Thune (Borderless),19.46,19.99,19.01,2.7235354573483943,-2.312435765673172,958.0,live,17.991,-12.068653648509777,$10-20,,697485,True,0.0,16.0,16.15,,19.01
Bloodghast,0.72,1.29,0.51,79.16666666666667,-29.166666666666664,1813.0,live,1.161,53.36666666666668,$0-1,,687391,True,1.49,0.72,0.72,,0.51
Jhoira's Familiar,1.68,3.49,1.28,107.73809523809526,-23.809523809523807,1025.0,live,3.1410000000000005,77.82380952380954,$1-2,,162257,True,1.49,0.81,0.81,,1.28
Essenceknit Scholar,0.27,0.35,0.15,29.62962962962961,-44.44444444444445,1195.0,live,0.315,10.962962962962948,$0-1,0.2,689522,True,1.49,0.1,0.1,,0.2
Horizon Explorer,2.36,3.49,2.53,47.881355932203405,7.203389830508472,1153.0,live,3.1410000000000005,26.586440677966124,$2-5,2.62,641983,True,1.49,2.19,2.19,,2.62
Blight Mound,0.39,0.79,0.15,102.56410256410258,-61.53846153846154,1593.0,live,0.7110000000000001,73.3948717948718,$0-1,0.25,687382,True,1.49,0.37,0.37,,0.25
Elvish Mystic,0.43,1.29,0.47,200.00000000000009,9.302325581395344,1436.0,live,1.161,156.80000000000004,$0-1,0.49,687499,True,1.49,0.4,0.4,,0.49
Mountain (0305),0.27,1.29,0.15,377.77777777777777,-44.44444444444445,3054.0,live,1.161,308.9777777777778,$0-1,,630898,True,1.49,0.11,0.11,,0.15
High Perfect Morcant,1.11,1.29,0.19,16.21621621621621,-82.8828828828829,982.0,live,1.161,-0.5189189189189177,$1-2,0.87,668578,True,1.49,0.4,0.4,,0.87
Reliquary Tower,4.9,5.99,3.43,22.244897959183668,-30.000000000000004,985.0,live,5.391,4.641632653061216,$2-5,3.34,687486,True,1.49,3.13,3.88,,3.34
Secret Invasion,0.27,0.49,0.15,81.48148148148147,-44.44444444444445,1501.0,live,0.441,55.34814814814813,$0-1,0.15,696277,True,1.49,0.15,0.15,,0.15
Peregrine Drake,0.28,0.79,0.15,182.1428571428572,-46.42857142857144,1311.0,live,0.7110000000000001,141.5142857142857,$0-1,0.26,458178,True,1.49,0.1,0.1,,0.26
Shielded by Faith,0.38,0.99,0.15,160.52631578947367,-60.526315789473685,1526.0,live,0.891,123.01052631578946,$0-1,0.35,687526,True,1.49,0.29,0.29,,0.35
"Evendo, Waking Haven",16.2,21.99,12.85,35.74074074074074,-20.67901234567901,950.0,live,19.791,16.194074074074067,$10-20,12.99,643049,True,0.99,14.37,14.75,,12.99
Pinnacle Emissary,1.27,2.49,0.15,96.06299212598428,-88.18897637795277,1521.0,live,2.241,67.82992125984252,$1-2,0.56,643621,True,1.49,0.99,0.99,,0.56
Slickshot Show-Off,5.81,9.49,4.37,63.33907056798624,-24.784853700516344,1302.0,live,8.541,39.81824440619623,$5-10,5.78,544208,True,1.49,2.99,2.99,,5.78
Cultivate,0.5,0.99,0.36,98.0,-28.000000000000004,1120.0,live,0.891,69.488,$0-1,0.4,499506,True,1.49,0.36,0.36,,0.4
Growing Rites of Itlimoc,8.43,13.99,8.61,65.95492289442468,2.135231316725976,956.0,live,12.591000000000001,42.057413997627535,$5-10,,524220,True,0.0,6.75,8.29,,8.61
"Midgar, City of Mako",1.94,2.99,1.3,54.123711340206206,-32.98969072164948,1003.0,live,2.6910000000000003,31.92989690721649,$1-2,,634034,True,1.49,1.04,1.04,,1.3
Dark Ritual,4.59,4.99,2.32,8.714596949891074,-49.455337690631815,1256.0,live,4.4910000000000005,-6.940305010893241,$2-5,,1381,True,1.49,1.15,1.61,,2.32
Swords to Plowshares,1.46,2.49,1.39,70.54794520547946,-4.79452054794521,1523.0,live,2.241,45.989041095890414,$1-2,1.36,624152,True,1.49,1.23,1.23,,1.36
"Sephiroth, Fabled SOLDIER",31.65,34.99,26.05,10.552922590837294,-17.693522906793042,953.0,live,31.491000000000003,-5.366698262243276,$20-50,,630950,True,1.49,29.0,29.07,,26.05
Forgotten Ancient,0.37,0.79,0.26,113.51351351351352,-29.729729729729726,1258.0,live,0.7110000000000001,82.7675675675676,$0-1,0.34,687504,True,1.49,0.34,0.34,,0.34
Helm of the Host,8.37,8.49,7.140000000000001,1.4336917562724134,-14.6953405017921,958.0,live,7.641,-13.17275985663082,$5-10,6.99,559849,True,0.0,5.89,7.12,,6.99
Puresteel Paladin,0.74,0.99,0.61,33.78378378378378,-17.56756756756757,1148.0,live,0.891,14.518918918918915,$0-1,0.71,631130,True,3.99,0.42,0.42,,0.71
Sunderflock,1.78,1.99,1.0,11.797752808988765,-43.82022471910113,1173.0,live,1.791,-4.301123595505615,$1-2,1.84,671473,True,1.49,0.96,0.96,,1.84
Farseek,0.8,1.49,0.66,86.25,-17.5,1392.0,live,1.341,59.42999999999999,$0-1,0.7,559948,True,1.49,0.61,0.61,,0.7
The Unagi of Kyoshi Island,1.37,2.49,0.71,81.75182481751825,-48.17518248175183,1084.0,live,2.241,55.579562043795605,$1-2,,661945,True,1.49,0.98,0.98,,0.71
Traveling Chocobo,19.44,21.99,17.76,13.117283950617267,-8.641975308641973,950.0,live,19.791,-3.1716049382716216,$10-20,17.25,630929,True,1.31,15.97,15.97,,17.25
An Offer You Can't Refuse,2.56,4.99,2.41,94.921875,-5.8593749999999964,973.0,live,4.4910000000000005,66.853125,$2-5,2.52,590828,True,1.49,1.5,1.5,,2.52
Thundering Falls,15.54,20.99,15.61,35.070785070785064,0.4504504504504523,999.0,live,18.891,15.620592020592024,$10-20,15.5,532918,True,0.0,13.99,14.98,,15.5
Loki Laufeyson,0.17,0.35,0.15,105.88235294117644,-11.764705882352953,1272.0,live,0.315,76.23529411764703,$0-1,0.15,697030,True,1.49,0.09,0.09,,0.15
Feather of Flight,0.37,1.29,0.15,248.64864864864865,-59.45945945945946,1368.0,live,1.161,198.44324324324327,$0-1,0.38,559040,True,1.49,0.13,0.13,,0.38
Big Score,0.39,1.49,0.25,282.05128205128204,-35.8974358974359,1687.0,live,1.341,227.03589743589737,$0-1,0.43,688726,True,1.49,0.68,0.68,,0.43
Arcane Signet,0.45,0.99,0.42,120.0,-6.666666666666672,2108.0,live,0.891,88.32,$0-1,0.5,687531,True,1.49,0.47,0.47,,0.5
Expressive Iteration,1.0,1.29,0.32,29.000000000000004,-68.0,1051.0,live,1.161,10.42400000000001,$1-2,0.97,689407,True,1.49,0.39,0.39,,0.97
Mind Stone,0.39,0.99,0.22,153.84615384615384,-43.58974358974359,1289.0,live,0.891,117.29230769230767,$0-1,0.25,463303,True,1.49,0.25,0.25,,0.25
Feign Death,1.51,2.29,0.51,51.65562913907284,-66.22516556291392,1116.0,live,2.061,29.81721854304635,$1-2,1.0,243205,True,1.49,0.61,0.61,,1.0
High Market,0.4,1.29,0.31,222.5,-22.500000000000007,1581.0,live,1.161,176.06,$0-1,0.37,687689,True,1.49,0.34,0.34,,0.37
Sudden Breakthrough,0.27,0.69,0.15,155.55555555555551,-44.44444444444445,1029.0,live,0.621,118.75555555555552,$0-1,0.25,235670,True,1.49,0.12,0.12,,0.25
"Tezzeret, Cruel Captain",19.88,27.99,17.45,40.794768611670015,-12.223340040241448,1032.0,live,25.191,20.52032193158953,$10-20,17.79,638908,True,0.99,17.45,17.94,,17.79
Roaming Throne,51.72,57.99,46.59,12.122969837587014,-9.91879350348027,915.0,live,52.191,-4.022737819025519,$50-100,45.0,525238,True,0.99,44.99,45.01,,45.0
Viscera Seer,0.51,1.29,0.26,152.94117647058826,-49.01960784313725,1515.0,live,1.161,116.51764705882354,$0-1,,687505,True,1.49,0.37,0.37,,0.26
Rogue's Passage,0.39,0.99,0.39,153.84615384615384,0.0,1570.0,live,0.891,117.29230769230767,$0-1,0.39,590880,True,1.49,0.36,0.36,,0.39
Talisman of Indulgence,1.89,2.79,1.71,47.61904761904763,-9.52380952380952,1111.0,live,2.511,26.36190476190477,$1-2,2.1,631550,True,1.49,1.52,1.52,,2.1
Commercial District,7.89,10.99,7.18,39.29024081115337,-8.99873257287706,1030.0,live,9.891,19.23244613434728,$5-10,8.07,532880,True,1.99,5.0,5.75,,8.07
Claim the Kingdom,0.27,0.35,0.15,29.62962962962961,-44.44444444444445,1426.0,live,0.315,10.962962962962948,$0-1,0.15,696569,True,1.49,0.13,0.13,,0.15
"Mai, Scornful Striker",0.94,1.79,0.26,90.42553191489364,-72.34042553191489,1051.0,live,1.611,63.00425531914895,$0-1,0.5,661961,True,1.49,0.72,0.72,,0.5
Firebender Ascension,0.91,0.99,0.2,8.791208791208787,-78.02197802197801,1072.0,live,0.891,-6.874725274725281,$0-1,0.6,661951,True,1.49,0.4,0.4,,0.6
Nature's Lore,2.26,4.49,2.4,98.67256637168144,6.194690265486732,1052.0,live,4.041,70.06371681415932,$2-5,2.47,687543,True,1.49,2.3,2.55,,2.47
Geometer's Arthropod (Borderless),0.82,0.49,0.15,-40.24390243902439,-81.70731707317073,989.0,live,0.441,-48.84878048780487,$0-1,,688829,True,1.49,0.4,0.4,,0.15
Champion's Helm,1.22,2.79,1.03,128.68852459016392,-15.573770491803272,1167.0,live,2.511,95.75737704918036,$1-2,1.33,631208,True,1.49,1.17,1.17,,1.33
"Anti-Venom, Horrifying Healer",7.2,7.99,5.1000000000000005,10.97222222222222,-29.166666666666664,994.0,live,7.191000000000001,-5.007777777777784,$5-10,6.0,646522,True,0.99,3.4,5.72,,6.0
Strength of Will,1.71,2.49,1.04,45.61403508771932,-39.1812865497076,1064.0,live,2.241,24.64561403508772,$1-2,1.38,651996,True,1.49,1.0,1.0,,1.38
"Ashling, Flame Dancer",5.38,9.49,5.1000000000000005,76.39405204460968,-5.204460966542739,918.0,live,8.541,50.99330855018589,$5-10,5.47,552857,False,1.49,,4.61,14820,5.47
Vengeful Bloodwitch,0.31,0.39,0.15,25.80645161290323,-51.61290322580645,1363.0,live,0.35100000000000003,7.69032258064517,$0-1,0.17,563893,True,1.49,0.09,0.09,,0.17
Selfless Spirit,0.44,0.99,0.29,125.0,-34.09090909090909,1577.0,live,0.891,92.6,$0-1,0.31,687503,True,1.49,0.33,0.33,,0.31
Cryogen Relic,0.31,0.69,0.15,122.5806451612903,-51.61290322580645,1734.0,live,0.621,90.5290322580645,$0-1,0.22,643478,True,1.49,0.19,0.19,,0.22
Thought Vessel,2.5,3.49,2.43,39.60000000000001,-2.7999999999999936,1364.0,live,3.1410000000000005,19.497600000000013,$2-5,2.56,631303,True,1.49,2.51,2.51,,2.56
"Braids, Arisen Nightmare",4.09,6.49,4.16,58.67970660146701,1.711491442542794,1160.0,live,5.841,35.82982885085575,$2-5,4.65,641961,True,1.49,2.99,3.1,,4.65
"Ishgard, the Holy See",1.78,2.49,1.03,39.88764044943821,-42.13483146067416,926.0,live,2.241,19.7438202247191,$1-2,,635622,True,1.49,1.15,1.15,,1.03
Druid Class,1.92,2.79,1.43,45.31250000000001,-25.52083333333333,2183.0,live,2.511,24.387500000000014,$1-2,1.81,243352,True,1.49,0.75,0.75,,1.81
Deceit,3.19,7.99,3.08,150.4702194357367,-3.448275862068962,1260.0,live,7.191000000000001,114.4025078369906,$2-5,4.8,656681,True,1.49,2.9,2.9,,4.8
Infectious Bite,1.22,1.79,0.39,46.72131147540984,-68.0327868852459,1203.0,live,1.611,25.593442622950825,$1-2,,479034,True,1.49,0.46,0.46,,0.39
Rhythm of the Wild,4.79,6.99,4.16,45.92901878914405,-13.152400835073069,923.0,live,6.291,24.915240083507303,$2-5,4.15,183219,True,1.49,2.99,4.02,,4.15
Etherium Sculptor,0.77,1.99,0.72,158.4415584415584,-6.493506493506499,1303.0,live,1.791,121.22597402597404,$0-1,0.83,642801,True,1.49,0.69,0.69,,0.83
Flusterstorm,9.11,9.49,6.18,4.171240395170152,-32.16245883644347,917.0,live,8.541,-10.829418221734349,$5-10,5.83,690169,True,0.0,6.99,8.58,,5.83
Epic Fight (Borderless),0.9,0.79,0.15,-12.22222222222222,-83.33333333333333,1000.0,live,0.7110000000000001,-24.86222222222221,$0-1,,697066,True,1.49,0.55,0.55,,0.15
"Michelangelo, the Heart (0005) (Borderless)",3.51,9.49,3.11,170.37037037037038,-11.396011396011394,1366.0,live,8.541,131.43703703703707,$2-5,,657762,True,1.49,0.83,0.83,,3.11
Restoration Seminar (Borderless),6.07,5.99,4.88,-1.3179571663920933,-19.60461285008238,924.0,live,5.391,-15.528171334431637,$5-10,,688657,True,1.49,3.99,4.8,,4.88
Grave Researcher (Extended Art),3.75,2.99,2.79,-20.266666666666666,-25.6,938.0,live,2.6910000000000003,-31.74826666666667,$2-5,,686549,True,1.49,3.2,3.2,,2.79
Flowering of the White Tree,10.68,13.99,9.89,30.992509363295884,-7.397003745318344,889.0,live,12.591000000000001,12.129588014981284,$10-20,10.0,499188,True,0.0,9.0,10.49,,10.0
Superior Spider-Man,2.77,3.49,1.49,25.99277978339351,-46.20938628158845,1202.0,live,3.1410000000000005,7.849819494584848,$2-5,2.02,651942,True,1.49,1.66,1.66,,2.02
Squirrel Mob,2.66,1.99,2.06,-25.18796992481204,-22.55639097744361,1131.0,live,1.791,-35.9609022556391,$2-5,2.26,239440,True,1.49,1.0,2.0,,2.26
Night of the Sweets' Revenge,0.84,1.49,0.22,77.38095238095238,-73.80952380952381,1053.0,live,1.341,51.83809523809523,$0-1,0.59,512656,True,1.49,0.56,0.56,,0.59
Toxic Deluge,5.05,6.49,4.38,28.51485148514852,-13.267326732673263,960.0,live,5.841,10.008712871287132,$5-10,5.09,687372,True,1.49,3.49,4.85,,5.09
Silverquill Charm,0.21,0.35,0.15,66.66666666666666,-28.57142857142857,1371.0,live,0.315,42.66666666666666,$0-1,0.17,686607,True,1.49,0.15,0.15,,0.17
Conjurer's Closet,3.85,5.49,3.48,42.5974025974026,-9.610389610389614,1090.0,live,4.941000000000001,22.06337662337662,$2-5,3.75,615204,True,1.49,3.13,3.13,,3.75
Wild Rose Rebellion - Counterspell (Showcase),2.58,3.99,1.75,54.65116279069768,-32.17054263565892,1028.0,live,3.591,32.381395348837216,$2-5,,633126,True,1.49,1.88,1.88,,1.75
Sphere of Safety,4.64,6.49,3.2,39.87068965517243,-31.03448275862068,919.0,live,5.841,19.7293103448276,$2-5,4.42,66624,True,1.49,2.3,3.4,,4.42
The Legend of Kyoshi,5.72,7.99,3.89,39.68531468531469,-31.99300699300699,929.0,live,7.191000000000001,19.570629370629373,$5-10,,662551,True,1.49,3.49,4.91,,3.89
Overpowering Attack,1.18,2.99,1.04,153.3898305084746,-11.864406779661008,1130.0,live,2.6910000000000003,116.90169491525424,$1-2,1.05,556007,True,1.49,0.99,0.99,,1.05
Swords to Plowshares,1.78,2.49,1.46,39.88764044943821,-17.97752808988764,1482.0,live,2.241,19.7438202247191,$1-2,1.5,624152,True,1.49,1.23,1.23,,1.5
Swiftfoot Boots (Borderless),2.29,4.49,2.31,96.0698689956332,0.873362445414848,1423.0,live,4.041,67.83580786026201,$2-5,,591209,True,1.49,1.95,2.18,,2.31
Decorum Dissertation (Borderless),7.85,10.99,7.67,40.00000000000001,-2.292993630573245,911.0,live,9.891,19.84,$5-10,,688951,True,0.0,6.0,7.29,,7.67
Summon: Knights of Round,11.92,18.99,9.37,59.31208053691274,-21.392617449664435,905.0,live,17.090999999999998,36.37114093959732,$10-20,11.8,632635,True,0.0,9.99,11.55,,11.8
Sedgemoor Witch,6.08,9.49,4.15,56.08552631578948,-31.74342105263157,971.0,live,8.541,33.6092105263158,$5-10,,235964,True,1.49,3.0,3.49,,4.15
Great Train Heist,4.98,5.49,3.94,10.240963855421684,-20.883534136546192,970.0,live,4.941000000000001,-5.633734939759043,$2-5,3.95,544271,True,1.49,3.33,3.77,,3.95
"Raphael, the Nightwatcher",0.93,0.99,0.17,6.451612903225799,-81.72043010752688,1001.0,live,0.891,-8.877419354838716,$0-1,0.7,673643,True,1.49,0.35,0.35,,0.7
"Prismari, the Inspiration (Borderless)",11.19,9.49,8.44,-15.192135835567466,-24.575513851653263,869.0,live,8.541,-27.404468275245748,$10-20,,686615,True,0.0,8.0,9.49,,8.44
Living End,2.78,3.99,2.84,43.52517985611512,2.158273381294966,965.0,live,3.591,22.85755395683455,$2-5,2.84,688875,True,1.49,1.79,2.48,,2.84
Dark Leo & Shredder,3.83,6.99,3.0500000000000003,82.50652741514361,-20.36553524804177,925.0,live,6.291,56.225587467362914,$2-5,3.5,673630,True,1.49,2.0,3.48,,3.5
Rising of the Day,0.9,1.29,0.44,43.333333333333336,-51.11111111111111,1012.0,live,1.161,22.693333333333342,$0-1,0.68,498376,True,1.49,0.39,0.39,,0.68
Ornithopter of Paradise,0.59,0.99,0.43,67.79661016949153,-27.11864406779661,1140.0,live,0.891,43.63389830508475,$0-1,0.55,240340,True,1.49,0.4,0.4,,0.55
Cloudshift,1.22,1.99,0.71,63.114754098360656,-41.80327868852459,1100.0,live,1.791,39.62622950819673,$1-2,1.23,58174,True,1.49,0.4,0.4,,1.23
Ophidian Eye,12.23,16.99,8.83,38.92068683565002,-27.80049059689289,881.0,live,15.290999999999999,18.91610793131642,$10-20,,14311,True,0.0,8.0,9.04,,8.83
Will of the Jeskai,4.26,6.49,2.6,52.3474178403756,-38.96713615023474,1116.0,live,5.841,30.40938967136151,$2-5,,624176,True,1.49,2.5,3.15,,2.6
Giant Growth,0.21,0.35,0.15,66.66666666666666,-28.57142857142857,1296.0,live,0.315,42.66666666666666,$0-1,0.15,686585,True,1.49,0.01,0.01,,0.15
Growth Curve,0.31,0.35,0.15,12.903225806451609,-51.61290322580645,1221.0,live,0.315,-3.354838709677426,$0-1,0.16,689624,True,1.49,0.09,0.09,,0.16
"Kambal, Profiteering Mayor",4.92,8.49,4.72,72.56097560975611,-4.065040650406507,964.0,live,7.641,47.71219512195122,$2-5,5.19,544486,True,1.49,3.25,3.34,,5.19
"Winter Soldier, Icy Assassin",0.26,0.49,0.15,88.46153846153845,-42.30769230769232,1368.0,live,0.441,61.32307692307691,$0-1,0.15,696576,True,1.49,0.09,0.09,,0.15
Sol Ring,1.6,2.99,1.51,86.875,-5.625000000000005,1382.0,live,2.6910000000000003,59.96499999999999,$1-2,1.63,687542,True,1.49,1.5,1.5,,1.63
"Boromir, Warden of the Tower",6.19,8.49,5.21,37.15670436187399,-15.831987075928923,979.0,live,7.641,17.406138933764122,$5-10,6.0,498305,True,1.49,4.0,4.95,,6.0
Dark Ritual,5.07,4.49,2.07,-11.439842209072978,-59.171597633136095,1093.0,live,4.041,-24.192504930966468,$5-10,,1381,True,1.49,1.15,1.61,,2.07
Assassin's Trophy,0.95,1.49,0.34,56.842105263157904,-64.21052631578947,1067.0,live,1.341,34.25684210526315,$0-1,0.67,687603,True,1.49,0.71,0.71,,0.67
Hardened Scales,1.78,3.99,1.85,124.15730337078652,3.9325842696629247,1115.0,live,3.591,91.87865168539328,$1-2,1.99,687521,True,1.49,1.6,1.95,,1.99
Cultivate,0.39,0.99,0.36,153.84615384615384,-7.692307692307699,1430.0,live,0.891,117.29230769230767,$0-1,0.4,499506,True,1.49,0.36,0.36,,0.4
Steam Vents (Borderless),16.02,22.99,14.83,43.50811485642946,-7.428214731585515,951.0,live,20.691,22.84294631710362,$10-20,,656712,True,0.0,14.84,15.99,,14.83
Winding Constrictor,0.48,0.79,0.4,64.58333333333334,-16.66666666666666,1529.0,live,0.7110000000000001,40.88333333333335,$0-1,0.49,126369,True,1.49,0.35,0.35,,0.49
Evolution Sage,2.19,4.49,2.07,105.02283105022832,-5.479452054794526,1029.0,live,4.041,75.49954337899545,$2-5,1.99,671204,True,1.49,2.1,2.1,,1.99
Vanquisher's Banner,5.04,6.99,4.23,38.69047619047619,-16.071428571428566,1096.0,live,6.291,18.71904761904761,$5-10,4.42,499811,True,1.49,3.51,4.42,,4.42
Planetarium of Wan Shi Tong,5.65,7.49,4.94,32.56637168141592,-12.566371681415928,916.0,live,6.7410000000000005,13.476814159292024,$5-10,5.75,660653,True,1.49,3.48,4.75,,5.75
Crystal Barricade,2.38,2.99,0.36,25.63025210084035,-84.87394957983194,1010.0,live,2.6910000000000003,7.53949579831933,$2-5,,589330,True,1.49,1.28,1.28,,0.36
Choreographed Sparks,0.28,0.49,0.15,74.99999999999997,-46.42857142857144,1159.0,live,0.441,49.799999999999976,$0-1,0.15,689488,True,1.49,0.02,0.02,,0.15
Treasure Vault,1.12,2.49,0.98,122.32142857142856,-12.50000000000001,1291.0,live,2.241,90.30714285714284,$1-2,1.11,615181,True,1.49,0.8,0.8,,1.11
Pain for All,0.64,1.79,0.25,179.68749999999997,-60.9375,1175.0,live,1.611,139.4125,$0-1,0.5,643036,True,1.49,0.45,0.45,,0.5
Forge Anew,5.68,5.99,4.54,5.457746478873248,-20.070422535211264,901.0,live,5.391,-9.728169014084502,$5-10,5.17,498525,True,1.49,3.0,3.0,,5.17
Dragon Sniper,1.52,1.99,0.31,30.921052631578945,-79.60526315789474,1203.0,live,1.791,12.068421052631582,$1-2,0.49,625277,True,1.49,1.06,1.06,,0.49
Anger,0.48,1.29,0.4,168.75000000000003,-16.66666666666666,1154.0,live,1.161,130.05,$0-1,0.46,687401,True,1.49,0.45,0.45,,0.46
Doubling Season,33.13,42.99,30.21,29.76154542710534,-8.813763960156962,871.0,live,38.691,11.075882885602176,$20-50,31.1,590858,True,0.0,29.89,30.88,,31.1
Cleric Class,2.03,2.99,1.42,47.2906403940887,-30.04926108374384,966.0,live,2.6910000000000003,26.080788177339908,$2-5,1.64,243329,True,1.49,1.25,1.25,,1.64
Forest (0307),0.29,0.79,0.15,172.41379310344828,-48.27586206896552,2829.0,live,0.7110000000000001,133.18620689655177,$0-1,,630901,True,1.49,0.19,0.19,,0.15
Conqueror's Flail,0.79,1.49,0.77,88.60759493670885,-2.531645569620255,1202.0,live,1.341,61.44810126582277,$0-1,0.78,631291,True,3.99,0.76,0.76,,0.78
Germination Practicum (Borderless),12.21,11.99,10.42,-1.801801801801807,-14.660114660114669,876.0,live,10.791,-15.942342342342355,$10-20,,689108,True,1.49,9.5,9.5,,10.42
Vibrant Outburst,0.29,0.35,0.15,20.6896551724138,-48.27586206896552,1506.0,live,0.315,3.3103448275862064,$0-1,0.15,689531,True,1.49,0.08,0.08,,0.15
Reckless Fireweaver,0.42,0.99,0.31,135.71428571428575,-26.190476190476183,1153.0,live,0.891,101.77142857142856,$0-1,,123071,True,1.49,0.37,0.37,,0.31
Llanowar Wastes,0.5,1.79,0.51,258.0,2.0000000000000018,1352.0,live,1.611,206.448,$0-1,0.56,687692,True,1.49,0.48,0.48,,0.56
Rise of the Witch-king,0.85,0.99,0.43,16.47058823529412,-49.41176470588236,958.0,live,0.891,-0.3011764705882361,$0-1,,499216,True,1.49,0.25,0.25,,0.43
Esper Sentinel,59.14,74.99,59.38,26.80081163341223,0.405816706121072,905.0,live,67.491,8.541494758200878,$50-100,56.54,240035,True,0.0,40.91,40.91,,56.54
Flux Channeler,2.76,3.99,1.82,44.565217391304365,-34.05797101449274,1007.0,live,3.591,23.747826086956543,$2-5,2.65,187122,True,1.49,1.75,1.75,,2.65
"K'rrik, Son of Yawgmoth",0.72,1.29,0.32,79.16666666666667,-55.55555555555556,1025.0,live,1.161,53.36666666666668,$0-1,0.82,552301,True,1.49,0.4,0.4,,0.82
Elvish Mystic,0.39,0.99,0.29,153.84615384615384,-25.64102564102565,1229.0,live,0.891,117.29230769230767,$0-1,,687499,True,1.49,0.4,0.4,,0.29
Spider Manifestation,0.32,0.35,0.15,9.374999999999991,-53.125,1489.0,live,0.315,-6.375000000000009,$0-1,0.2,652016,True,1.49,0.13,0.13,,0.2
Planar Genesis,0.39,0.99,0.15,153.84615384615384,-61.53846153846154,1150.0,live,0.891,117.29230769230767,$0-1,0.36,552841,True,1.49,0.25,0.25,,0.36
Archway of Innovation,1.05,1.99,0.67,89.52380952380952,-36.19047619047619,1108.0,live,1.791,62.23238095238095,$1-2,0.87,552861,True,1.49,0.73,0.73,,0.87
Gaea's Gift,1.14,2.29,0.81,100.87719298245617,-28.947368421052623,1057.0,live,2.061,71.95087719298246,$1-2,1.02,452208,True,1.49,0.79,0.79,,1.02
Bloodthirsty Conqueror,39.76,42.99,32.3,8.123742454728381,-18.762575452716305,897.0,live,38.691,-7.4460764587525,$20-50,31.35,589328,True,0.0,32.3,33.78,,31.35
Pawn of Ulamog,0.47,0.99,0.25,110.63829787234044,-46.80851063829787,1375.0,live,0.891,80.3063829787234,$0-1,0.48,687478,True,1.49,0.47,0.47,,0.48
Ophiomancer,1.1,1.99,0.52,80.90909090909089,-52.727272727272734,942.0,live,1.791,54.85818181818182,$1-2,0.58,687362,True,1.49,0.84,0.84,,0.58
Blasphemous Act,0.9,2.29,0.72,154.44444444444446,-20.000000000000004,1368.0,live,2.061,117.80444444444444,$0-1,0.82,687417,True,1.49,0.7,0.7,,0.82
"Gwenom, Remorseless",5.42,6.49,2.08,19.741697416974173,-61.62361623616236,873.0,live,5.841,2.4988929889298896,$5-10,,651360,True,1.49,3.0,3.0,,2.08
Relic of Legends,2.8,2.29,1.37,-18.214285714285708,-51.07142857142857,942.0,live,2.061,-29.991428571428568,$2-5,2.37,283524,True,1.49,1.0,1.24,,2.37
Heraldic Banner,0.35,0.99,0.15,182.8571428571429,-57.14285714285714,1208.0,live,0.891,142.1257142857143,$0-1,0.18,591325,True,1.49,0.2,0.2,,0.18
Strix Serenade,1.79,2.99,0.51,67.03910614525141,-71.50837988826815,1160.0,live,2.6910000000000003,42.98547486033519,$1-2,1.06,552621,True,1.49,1.55,1.55,,1.06
Mistvault Bridge,0.66,0.35,0.41,-46.969696969696976,-37.87878787878788,1489.0,live,0.315,-54.606060606060616,$0-1,0.57,239718,True,1.49,0.46,0.46,,0.57
Trailblazer's Boots,1.18,2.49,1.27,111.0169491525424,7.627118644067804,1160.0,live,2.241,80.63050847457627,$1-2,1.36,631246,True,1.49,1.0,1.18,,1.36
Open the Armory,2.64,4.99,2.62,89.01515151515152,-0.7575757575757582,981.0,live,4.4910000000000005,61.7969696969697,$2-5,2.76,227128,True,1.49,2.01,2.01,,2.76
The Super Hero Civil War,0.29,0.49,0.15,68.96551724137932,-48.27586206896552,1351.0,live,0.441,44.63448275862069,$0-1,0.2,696498,True,1.49,0.14,0.14,,0.2
Nest of Scarabs,5.57,3.99,3.69,-28.366247755834827,-33.75224416517056,949.0,live,3.591,-38.68150807899461,$5-10,,129733,True,1.49,2.99,2.99,,3.69
Resonating Lute (Extended Art),1.92,1.79,1.63,-6.770833333333329,-15.104166666666668,924.0,live,1.611,-20.19583333333333,$1-2,,688478,True,1.49,1.0,1.74,,1.63
Thought Vessel,3.01,3.99,2.44,32.55813953488374,-18.93687707641196,983.0,live,3.591,13.46976744186048,$2-5,2.56,631303,True,1.49,2.51,2.51,,2.56
"Captain America, First Avenger (Borderless)",12.7,11.99,10.83,-5.590551181102355,-14.724409448818893,856.0,live,10.791,-19.185511811023623,$10-20,,696429,True,0.0,9.81,11.23,,10.83
Duskshell Crawler,0.3,0.49,0.15,63.33333333333334,-50.0,1077.0,live,0.441,39.81333333333333,$0-1,0.27,240460,True,1.49,0.15,0.15,,0.27
Summon: Titan,1.69,2.29,0.87,35.502958579881664,-48.5207100591716,960.0,live,2.061,15.990532544378702,$1-2,1.29,633138,True,1.49,0.99,0.99,,1.29
"Wolverine, Best There Is (Borderless)",23.87,27.99,25.76,17.260159195643055,7.917888563049856,849.0,live,25.191,0.374696271470449,$20-50,,696438,True,1.49,21.2,21.2,,25.76
End the Festivities,1.43,1.29,0.67,-9.790209790209785,-53.14685314685315,1421.0,live,1.161,-22.78041958041957,$1-2,1.22,253770,True,1.49,0.94,0.94,,1.22
Shadowbringers - Dovin's Veto (Showcase),1.94,3.49,2.07,79.89690721649487,6.7010309278350455,936.0,live,3.1410000000000005,53.99175257731961,$1-2,,632061,True,1.49,1.0,1.0,,2.07
Insatiable Avarice,4.8,6.99,4.75,45.62500000000001,-1.041666666666663,954.0,live,6.291,24.655,$2-5,5.4,544175,True,1.49,3.0,3.59,,5.4
"Jenova, Ancient Calamity",1.35,1.99,0.26,47.4074074074074,-80.74074074074075,920.0,live,1.791,26.18074074074073,$1-2,0.61,633174,True,1.49,0.55,0.55,,0.61
Splinter of the Shadows - Ashcoat of the Shadow Swarm (Borderless),4.4,5.99,2.82,36.136363636363626,-35.90909090909092,975.0,live,5.391,16.532727272727264,$2-5,,679117,True,1.49,3.0,3.69,,2.82
Moon Girl and Devil Dinosaur,0.25,0.49,0.15,96.0,-40.0,1402.0,live,0.441,67.776,$0-1,0.15,668476,True,1.49,0.12,0.12,,0.15
Tireless Provisioner,2.13,3.49,2.06,63.84976525821598,-3.2863849765258144,933.0,live,3.1410000000000005,40.25539906103289,$2-5,2.12,240157,False,1.49,,1.86,393710,2.12
Talisman of Dominance,1.59,2.49,1.3,56.60377358490567,-18.238993710691823,972.0,live,2.241,34.05283018867924,$1-2,1.59,631296,True,1.49,1.3,1.3,,1.59
Requiting Hex,0.48,0.99,0.15,106.25,-68.74999999999999,1795.0,live,0.891,76.55,$0-1,0.37,671489,True,1.49,0.15,0.15,,0.37
"Rat King, Verminister",0.99,0.99,0.16,0.0,-83.83838383838383,993.0,live,0.891,-14.400000000000002,$0-1,0.49,673608,True,1.49,0.49,0.49,,0.49
Agate Instigator,8.83,8.99,8.32,1.8120045300113263,-5.7757644394110965,1060.0,live,8.091000000000001,-12.84892412231031,$5-10,8.21,559718,True,0.0,7.99,8.85,,8.21
Dispel,0.37,0.35,0.2,-5.405405405405411,-45.94594594594594,1268.0,live,0.315,-19.02702702702703,$0-1,0.35,105594,True,1.49,0.22,0.22,,0.35
Unclaimed Territory,0.36,0.35,0.16,-2.7777777777777803,-55.55555555555556,1269.0,live,0.315,-16.77777777777778,$0-1,0.25,525827,True,1.49,0.2,0.2,,0.25
Simulacrum Synthesizer (Borderless),19.32,29.99,18.74,55.22774327122152,-3.0020703933747503,892.0,live,26.991,32.874948240165615,$10-20,,696417,True,0.99,17.25,18.0,,18.74
Swamp (0301),0.21,0.59,0.15,180.95238095238096,-28.57142857142857,2887.0,live,0.531,140.4952380952381,$0-1,,630890,True,1.49,0.11,0.11,,0.15
Starwinder,0.85,1.99,0.5700000000000001,134.11764705882354,-32.941176470588225,953.0,live,1.791,100.40470588235296,$0-1,0.9,644278,True,1.49,0.65,0.65,,0.9
Cyberdrive Awakener,1.89,4.49,2.01,137.5661375661376,6.349206349206344,992.0,live,4.041,103.35661375661378,$1-2,1.98,642795,True,1.49,1.85,1.85,,1.98
Angel of Indemnity,0.38,0.69,0.15,81.57894736842104,-60.526315789473685,1563.0,live,0.621,55.43157894736841,$0-1,0.31,687361,True,1.49,0.33,0.33,,0.31
"Rograkh, Son of Rohgahh",2.24,2.79,2.08,24.55357142857142,-7.142857142857148,965.0,live,2.511,6.617857142857139,$2-5,2.27,226641,True,1.49,0.97,1.7,,2.27
Culling Ritual,0.42,0.69,0.31,64.28571428571428,-26.190476190476183,1572.0,live,0.621,40.62857142857142,$0-1,0.44,689391,True,1.49,0.86,0.86,,0.44
Swan Song,8.75,13.99,9.15,59.885714285714286,4.571428571428576,889.0,live,12.591000000000001,36.86217142857144,$5-10,8.98,642791,True,0.99,7.81,7.81,,8.98
Bolas's Citadel,16.04,12.99,12.5,-19.01496259351621,-22.069825436408973,859.0,live,11.691,-30.67680798004988,$10-20,10.77,187187,True,0.0,13.94,15.0,,10.77
Herald of Secret Streams,5.41,9.99,3.12,84.65804066543437,-42.32902033271719,1027.0,live,8.991,58.06728280961182,$5-10,,142005,True,0.0,4.99,5.25,,3.12
Faithless Looting,0.39,0.99,0.3,153.84615384615384,-23.076923076923084,1652.0,live,0.891,117.29230769230767,$0-1,0.42,687403,True,1.49,0.35,0.35,,0.42
Brave the Sands,4.06,6.99,3.42,72.16748768472908,-15.763546798029552,888.0,live,6.291,47.37536945812809,$2-5,,93202,True,1.49,2.23,2.23,,3.42
Command Tower,0.34,0.69,0.2,102.9411764705882,-41.1764705882353,1268.0,live,0.621,73.7176470588235,$0-1,0.24,687664,True,1.49,0.3,0.3,,0.24
Spider-Sense,1.8,2.79,0.96,54.99999999999999,-46.66666666666666,1014.0,live,2.511,32.68000000000001,$1-2,1.15,651910,True,1.49,0.98,0.98,,1.15
Vibrance,2.81,6.99,1.81,148.7544483985765,-35.587188612099645,1100.0,live,6.291,112.93380782918148,$2-5,3.8,670971,True,1.49,1.79,2.94,,3.8
Kodama's Reach (Borderless),1.98,2.99,1.04,51.01010101010103,-47.474747474747474,2041.0,live,2.6910000000000003,29.26464646464646,$1-2,,504530,True,1.49,1.19,1.19,,1.04
Wilderness Reclamation,3.13,4.49,2.12,43.45047923322685,-32.26837060702874,1003.0,live,4.041,22.793610223642183,$2-5,2.25,182965,True,1.49,2.23,2.23,,2.25
Songbirds' Blessing,0.5,0.79,0.36,58.00000000000001,-28.000000000000004,1550.0,live,0.7110000000000001,35.24800000000001,$0-1,0.4,687533,True,1.49,0.42,0.42,,0.4
Summon: Primal Odin,1.84,1.79,0.51,-2.7173913043478284,-72.28260869565217,893.0,live,1.611,-16.72608695652174,$1-2,1.42,630955,True,1.49,0.89,0.89,,1.42
Sheltered by Ghosts,1.28,2.79,1.12,117.96875,-12.499999999999991,1774.0,live,2.511,86.58125000000001,$1-2,1.16,578877,True,1.49,0.94,0.94,,1.16
Brazen Borrower,0.4,0.99,0.15,147.5,-62.5,1921.0,live,0.891,111.86,$0-1,,687399,True,1.49,0.39,0.39,,0.15
"Y'shtola, Night's Blessed",4.49,8.99,2.94,100.22271714922049,-34.52115812917595,1634.0,live,8.091000000000001,71.39064587973273,$2-5,3.14,618874,True,1.49,1.2,1.2,,3.14
Vault of Whispers,3.97,5.49,2.54,38.28715365239295,-36.02015113350126,1450.0,live,4.941000000000001,18.37380352644836,$2-5,2.74,11311,True,1.49,1.3,1.99,,2.74
Vincent Valentine,1.26,0.99,0.8200000000000001,-21.42857142857143,-34.92063492063492,1018.0,live,0.891,-32.74285714285715,$1-2,,631894,True,1.49,0.75,0.75,,0.8200000000000001
"Gogo, Mysterious Mime",1.64,2.79,1.7,70.1219512195122,3.658536585365857,1085.0,live,2.511,45.62439024390245,$1-2,1.72,631124,True,1.49,1.55,1.55,,1.72
Devourer of Destiny,1.11,2.29,0.19,106.30630630630628,-82.8828828828829,1477.0,live,2.061,76.59819819819819,$1-2,0.94,550845,True,1.49,0.43,0.43,,0.94
Steal the Show,0.3,0.49,0.15,63.33333333333334,-50.0,1052.0,live,0.441,39.81333333333333,$0-1,0.15,688513,True,1.49,0.05,0.05,,0.15
Blasphemous Act,0.89,2.29,0.75,157.30337078651684,-15.730337078651688,1289.0,live,2.061,120.25168539325844,$0-1,0.72,687417,True,1.49,0.7,0.7,,0.72
"Iron Man, Titan of Innovation (Borderless)",12.54,16.99,10.26,35.48644338118022,-18.181818181818176,854.0,live,15.290999999999999,15.976395534290267,$10-20,,696432,True,0.0,10.74,11.99,,10.26
Chrome Dome,1.27,1.29,0.15,1.5748031496063006,-88.18897637795277,1003.0,live,1.161,-13.051968503937,$1-2,0.69,673649,True,1.49,0.65,0.65,,0.69
Splatter Technique,0.27,0.49,0.15,81.48148148148147,-44.44444444444445,1310.0,live,0.441,55.34814814814813,$0-1,0.15,688527,True,1.49,0.08,0.08,,0.15
Karn's Bastion,2.44,4.99,2.54,104.50819672131148,4.098360655737709,1167.0,live,4.4910000000000005,75.05901639344263,$2-5,2.71,642855,True,1.49,1.99,2.44,,2.71
Farseek,0.59,1.49,0.59,152.54237288135596,0.0,1882.0,live,1.341,116.17627118644069,$0-1,0.64,559948,True,1.49,0.61,0.61,,0.64
Mountain (0283),0.34,0.49,0.15,44.11764705882352,-55.88235294117647,3175.0,live,0.441,23.36470588235293,$0-1,,696363,True,1.49,0.11,0.11,,0.15
"Tekuthal, Inquiry Dominus",1.26,2.29,1.25,81.74603174603175,-0.7936507936507943,1824.0,live,2.061,55.574603174603176,$1-2,1.33,642807,True,1.49,1.24,1.24,,1.33
Fracture,0.69,1.29,0.15,86.95652173913045,-78.26086956521738,927.0,live,1.161,60.03478260869568,$0-1,0.25,689409,True,1.49,0.4,0.4,,0.25
Defacing Duskmage,0.44,0.49,0.15,11.36363636363636,-65.90909090909092,1211.0,live,0.441,-4.672727272727277,$0-1,,687576,True,1.49,0.38,0.38,,0.15
Swamp (0289),0.33,0.49,0.15,48.48484848484848,-54.54545454545456,2462.0,live,0.441,27.10303030303029,$0-1,,648727,True,1.49,0.18,0.18,,0.15
"Nykthos, Shrine to Nyx",53.61,69.99,44.42,30.554001119194176,-17.142324193247525,874.0,live,62.991,11.754224958030203,$50-100,,71039,True,0.0,42.0,43.95,,44.42
"Yuna, Grand Summoner",3.07,8.49,1.91,176.5472312703583,-37.78501628664496,1863.0,live,7.641,136.72442996742674,$2-5,,630780,True,3.99,0.6,0.6,,1.91
Echocasting Symposium (Borderless),4.54,6.49,4.4,42.95154185022027,-3.0837004405286272,857.0,live,5.841,22.366519823788543,$2-5,,688818,True,1.49,3.54,4.99,,4.4
Twilight Mire,0.4,1.29,0.3,222.5,-25.000000000000007,1407.0,live,1.161,176.06,$0-1,0.39,687571,True,1.49,0.36,0.36,,0.39
Disruptor Flute,1.49,2.99,0.31,100.67114093959732,-79.19463087248322,1467.0,live,2.6910000000000003,71.7744966442953,$1-2,1.53,552584,True,1.49,0.45,0.45,,1.53
The Ten Rings (Borderless),23.04,32.99,21.88,43.1857638888889,-5.034722222222223,906.0,live,29.691000000000003,22.5670138888889,$20-50,,696351,True,1.32,19.46,19.46,,21.88
Farseek,0.88,1.79,0.79,103.40909090909092,-10.227272727272725,1054.0,live,1.611,74.11818181818182,$0-1,0.81,559948,True,1.49,0.61,0.61,,0.81
Oscorp Industries,1.75,1.99,0.46,13.714285714285715,-73.71428571428572,944.0,live,1.791,-2.660571428571425,$1-2,0.93,651978,True,1.49,0.97,0.97,,0.93
Kitsune's Technique,1.24,1.49,0.15,20.161290322580648,-87.90322580645163,1054.0,live,1.341,2.858064516129025,$1-2,,673570,True,1.49,0.76,0.76,,0.15
Valakut Awakening,17.32,24.99,17.43,44.28406466512701,0.6351039260969944,894.0,live,22.491,23.50715935334873,$10-20,,221774,True,1.49,14.28,14.28,,17.43
Sigil of Sleep,4.5,4.99,3.01,10.888888888888896,-33.111111111111114,909.0,live,4.4910000000000005,-5.079111111111109,$2-5,,6245,True,1.49,2.47,2.5,,3.01
Magic Damper,0.29,0.35,0.15,20.6896551724138,-48.27586206896552,1214.0,live,0.315,3.3103448275862064,$0-1,0.15,634189,True,1.49,0.09,0.09,,0.15
Smothering Tithe,50.15,69.99,51.34,39.56131605184446,2.372881355932213,839.0,live,62.991,19.46448654037885,$50-100,48.53,183033,False,0.0,,50.0,13692,48.53
Empty the Warrens,0.42,0.49,0.15,16.666666666666668,-64.28571428571429,930.0,live,0.441,-0.1333333333333345,$0-1,0.2,688913,True,1.49,0.17,0.17,,0.2
An Offer You Can't Refuse,2.49,4.99,2.61,100.4016064257028,4.819277108433721,1107.0,live,4.4910000000000005,71.5437751004016,$2-5,2.67,590828,True,1.49,1.5,1.5,,2.67
Avatar Aang,3.22,2.99,2.05,-7.142857142857142,-36.33540372670808,946.0,live,2.6910000000000003,-20.51428571428572,$2-5,,648733,True,1.49,2.29,2.29,,2.05
"Kefka, Court Mage",6.13,8.49,6.7700000000000005,38.49918433931485,10.440456769983696,887.0,live,7.641,18.555301794453506,$5-10,,631006,True,0.0,3.0,6.24,,6.7700000000000005
Mountain (0192),0.37,0.79,0.15,113.51351351351352,-59.45945945945946,2535.0,live,0.7110000000000001,82.7675675675676,$0-1,,646639,True,1.49,0.2,0.2,,0.15
Demand Answers (Showcase),0.36,1.29,0.33,258.33333333333337,-8.333333333333325,1045.0,live,1.161,206.7333333333334,$0-1,,530025,True,1.49,0.25,0.25,,0.33
Cruel Celebrant,1.16,1.79,0.52,54.31034482758622,-55.172413793103445,1020.0,live,1.611,32.089655172413806,$1-2,1.16,187204,True,1.49,0.4,0.4,,1.16
Path to Exile,1.2,2.79,1.14,132.50000000000003,-5.000000000000004,1151.0,live,2.511,99.02000000000002,$1-2,1.2,687458,True,1.49,1.16,1.16,,1.2
Phyresis,1.89,2.79,0.52,47.61904761904763,-72.4867724867725,1023.0,live,2.511,26.36190476190477,$1-2,,39062,True,1.49,0.5,0.5,,0.52
Y'shtola Rhul,4.87,6.49,3.12,33.26488706365503,-35.93429158110883,869.0,live,5.841,14.074743326488704,$2-5,3.1,630924,True,1.49,3.5,4.24,,3.1
Plains (0295),0.26,0.49,0.15,88.46153846153845,-42.30769230769232,3365.0,live,0.441,61.32307692307691,$0-1,,630879,True,1.49,0.1,0.1,,0.15
Umbral Expanse,0.36,0.49,0.26,36.11111111111112,-27.77777777777777,1425.0,live,0.441,16.51111111111111,$0-1,0.35,687606,True,1.49,0.37,0.37,,0.35
Teleportation Circle (Borderless),5.04,7.49,5.0,48.61111111111112,-0.7936507936507943,920.0,live,6.7410000000000005,27.21111111111111,$5-10,,679071,True,1.49,3.5,4.69,,5.0
Shared Roots,0.38,0.49,0.15,28.947368421052627,-60.526315789473685,1235.0,live,0.441,10.378947368421048,$0-1,0.3,688960,True,1.49,0.1,0.1,,0.3
Solve the Equation,3.76,6.49,3.51,72.60638297872342,-6.648936170212766,866.0,live,5.841,47.75106382978724,$2-5,3.94,235658,True,1.49,1.94,2.99,,3.94
Ms. Bumbleflower (Borderless),5.51,11.99,4.16,117.60435571687842,-24.500907441016327,1416.0,live,10.791,86.2693284936479,$5-10,,558384,True,0.0,4.0,5.0,,4.16
"Moseo, Vein's New Dean (Extended Art)",1.73,0.79,0.72,-54.33526011560693,-58.38150289017341,879.0,live,0.7110000000000001,-60.91098265895955,$1-2,,689537,True,1.49,1.35,1.35,,0.72
"Alexios, Deimos of Kosmos",0.45,1.49,0.17,231.1111111111112,-62.22222222222222,1716.0,live,1.341,183.4311111111111,$0-1,0.5,556351,True,1.49,0.39,0.39,,0.5
Inexorable Tide,1.13,2.29,1.0,102.6548672566372,-11.504424778761054,1210.0,live,2.061,73.47256637168144,$1-2,1.1,631262,True,1.49,1.06,1.06,,1.1
"Moraug, Fury of Akoum",2.15,3.49,2.07,62.32558139534885,-3.720930232558143,964.0,live,3.1410000000000005,38.95069767441863,$2-5,2.18,641971,True,1.49,2.14,2.14,,2.18
"Elas il-Kor, Sadistic Pilgrim",2.53,2.29,1.09,-9.48616600790513,-56.91699604743082,913.0,live,2.061,-22.5201581027668,$2-5,1.45,283381,True,1.49,1.48,1.48,,1.45
Uthros Research Craft,1.24,2.49,1.04,100.80645161290325,-16.129032258064512,1155.0,live,2.241,71.89032258064516,$1-2,1.38,642790,True,1.49,1.1,1.1,,1.38
Stormcatch Mentor,0.28,0.49,0.15,74.99999999999997,-46.42857142857144,1225.0,live,0.441,49.799999999999976,$0-1,0.3,687652,True,1.49,0.27,0.27,,0.3
Wrath of the Skies,2.02,3.49,0.6900000000000001,72.77227722772278,-65.84158415841584,1504.0,live,3.1410000000000005,47.89306930693071,$2-5,1.22,552614,True,1.49,1.1,1.1,,1.22
Isolated Chapel,0.37,1.29,0.3,248.64864864864865,-18.91891891891892,1552.0,live,1.161,198.44324324324327,$0-1,0.57,631324,True,1.49,0.29,0.29,,0.57
Eccentric Pestfinder,0.4,0.49,0.15,22.5,-62.5,1014.0,live,0.441,4.85999999999999,$0-1,,687580,True,1.49,0.31,0.31,,0.15
Strength of the Harvest,0.35,0.35,0.15,0.0,-57.14285714285714,1051.0,live,0.315,-14.400000000000002,$0-1,,552647,True,1.49,0.24,0.24,,0.15
Fetid Heath,0.37,1.29,0.29,248.64864864864865,-21.621621621621625,1339.0,live,1.161,198.44324324324327,$0-1,0.31,687680,True,1.49,0.29,0.29,,0.31
HULK SMASH! (Borderless),0.24,0.35,0.15,45.83333333333333,-37.5,1219.0,live,0.315,24.83333333333333,$0-1,,696302,True,1.49,0.08,0.08,,0.15
Approach of the Second Sun,6.06,4.99,3.94,-17.656765676567648,-34.98349834983498,921.0,live,4.4910000000000005,-29.514191419141905,$5-10,4.49,129978,True,1.49,1.96,3.18,,4.49
Combat Celebrant,1.94,2.29,0.67,18.04123711340207,-65.4639175257732,1062.0,live,2.061,1.0432989690721668,$1-2,0.76,559819,True,1.49,0.78,0.78,,0.76
Fanatical Offering,1.2,2.99,0.87,149.16666666666669,-27.5,1707.0,live,2.6910000000000003,113.28666666666666,$1-2,1.35,526191,True,1.49,1.0,1.0,,1.35
Storm-Kiln Artist,2.43,2.29,1.55,-5.761316872427988,-36.21399176954733,937.0,live,2.061,-19.33168724279836,$2-5,1.46,687338,True,1.49,1.4,1.4,,1.46
Incubation Druid,0.93,1.79,0.88,92.47311827956987,-5.3763440860215095,1010.0,live,1.611,64.75698924731182,$0-1,1.43,631307,True,3.99,0.92,0.92,,1.43
Hidden Hideout,3.0,4.49,2.08,49.66666666666668,-30.666666666666664,1166.0,live,4.041,28.114666666666672,$2-5,2.46,679615,True,1.49,1.4,2.34,,2.46
Colorstorm Stallion (Borderless),1.08,0.99,0.19,-8.33333333333334,-82.40740740740742,1010.0,live,0.891,-21.533333333333346,$1-2,,686621,True,1.49,0.45,0.45,,0.19
The Kingpin of Crime,0.29,0.49,0.15,68.96551724137932,-48.27586206896552,1151.0,live,0.441,44.63448275862069,$0-1,0.16,696325,True,1.49,0.12,0.12,,0.16
Wight of the Reliquary,0.4,0.99,0.26,147.5,-35.0,1352.0,live,0.891,111.86,$0-1,,687659,True,1.49,0.39,0.39,,0.26
"Golbez, Clad in Darkness - Syr Konrad, the Grim (Showcase)",1.41,1.99,0.78,41.13475177304966,-44.68085106382978,930.0,live,1.791,20.811347517730507,$1-2,,633189,True,1.49,0.75,0.75,,0.78
Propaganda,2.99,3.49,2.7,16.722408026755854,-9.698996655518394,959.0,live,3.1410000000000005,-0.0856187290969864,$2-5,2.97,556385,True,1.49,1.75,1.75,,2.97
Surly Badgersaur,17.04,24.99,17.45,46.65492957746479,2.4061032863849774,854.0,live,22.491,25.53661971830986,$10-20,17.0,212233,True,0.0,12.96,15.38,,17.0
Hit-Monkey,4.75,6.49,3.86,36.631578947368425,-18.73684210526316,881.0,live,5.841,16.956631578947366,$2-5,4.25,696390,True,1.49,3.91,4.69,,4.25
Memories of Nibelheim - Stroke of Midnight (Showcase),1.13,1.29,0.19,14.159292035398243,-83.18584070796462,1065.0,live,1.161,-2.279646017699096,$1-2,,633977,True,1.49,0.68,0.68,,0.19
Authority of the Consuls,4.69,6.49,4.53,38.37953091684434,-3.411513859275056,1004.0,live,5.841,18.452878464818752,$2-5,4.4,591298,True,1.49,2.99,3.6,,4.4
Ambitious Augmenter,0.28,0.49,0.15,74.99999999999997,-46.42857142857144,1179.0,live,0.441,49.799999999999976,$0-1,,688645,True,1.49,0.12,0.12,,0.15
Defense of the Heart (Borderless),9.21,11.99,9.62,30.18458197611292,4.451682953311599,901.0,live,10.791,11.43800217155264,$5-10,,696423,True,0.0,8.0,9.14,,9.62
"Krang, the All-Powerful",0.38,1.29,0.17,239.4736842105264,-55.26315789473684,1175.0,live,1.161,190.58947368421056,$0-1,0.38,679577,True,1.49,0.36,0.36,,0.38
All Will Be One (Borderless),12.06,14.99,8.85,24.29519071310116,-26.61691542288558,841.0,live,13.491,6.396683250414595,$10-20,,679138,True,0.99,8.99,9.25,,8.85
Meticulous Archive,10.46,16.99,9.37,62.42829827915867,-10.420650095602308,964.0,live,15.290999999999999,39.03862332695982,$10-20,10.91,532907,True,0.99,8.76,9.0,,10.91
Forest (0193),0.33,0.99,0.15,200.0,-54.54545454545456,2643.0,live,0.891,156.79999999999995,$0-1,,646637,True,1.49,0.24,0.24,,0.15
"Lotho, Corrupt Shirriff",12.9,16.99,11.46,31.705426356589133,-11.162790697674414,827.0,live,15.290999999999999,12.739844961240296,$10-20,12.56,498682,True,0.0,10.01,11.0,,12.56
Avengers Disassembled (Borderless),1.77,3.49,0.85,97.17514124293788,-51.9774011299435,1200.0,live,3.1410000000000005,68.78192090395481,$1-2,,696566,True,1.49,1.0,1.0,,0.85
Mountain,1.36,2.29,0.96,68.38235294117646,-29.41176470588236,3117.0,live,2.061,44.13529411764704,$1-2,,206025,True,1.49,0.6,0.6,,0.96
Hazel of the Rootbloom (Borderless),6.68,9.99,2.59,49.55089820359282,-61.227544910179645,1136.0,live,8.991,28.015568862275448,$5-10,,558383,True,1.49,1.15,1.52,,2.59
Return of the Wildspeaker,0.99,2.49,1.3,151.51515151515153,31.31313131313132,1216.0,live,2.241,115.2969696969697,$0-1,1.42,671239,True,1.49,0.89,1.0,,1.42
Undying Malice,0.52,0.49,0.27,-5.769230769230775,-48.07692307692307,950.0,live,0.441,-19.338461538461544,$0-1,0.4,253735,True,1.49,0.29,0.29,,0.4
Thunderdrum Soloist,0.32,0.35,0.15,9.374999999999991,-53.125,1157.0,live,0.315,-6.375000000000009,$0-1,0.15,688525,True,1.49,0.05,0.05,,0.15
Slip Through Space,0.4,0.59,0.2,47.49999999999999,-50.0,1078.0,live,0.531,26.259999999999977,$0-1,0.36,111073,True,1.49,0.25,0.25,,0.36
"Lyla, Holographic Assistant",6.05,16.99,6.09,180.8264462809917,0.661157024793389,929.0,live,15.290999999999999,140.38743801652893,$5-10,6.4,646034,True,1.49,3.59,3.59,,6.4
Impostor Syndrome,7.83,9.99,6.44,27.58620689655172,-17.752234993614298,849.0,live,8.991,9.21379310344827,$5-10,7.75,651851,True,0.0,5.8,6.91,,7.75
Sire of Seven Deaths,19.41,32.99,17.69,69.96393611540444,-8.861411643482734,939.0,live,29.691000000000003,45.48912931478621,$10-20,18.41,591199,True,1.22,15.0,16.89,,18.41
Counterspell,2.66,3.99,1.56,50.0,-41.35338345864662,1037.0,live,3.591,28.4,$2-5,,457501,True,1.49,2.01,2.01,,1.56
Baxter Building,0.3,0.35,0.15,16.666666666666664,-50.0,1693.0,live,0.315,-0.1333333333333371,$0-1,0.15,696469,True,1.49,0.09,0.09,,0.15
Silent Hallcreeper,1.69,2.49,1.14,47.3372781065089,-32.544378698224854,940.0,live,2.241,26.120710059171603,$1-2,,577658,True,1.49,0.97,0.97,,1.14
"Chatterfang, Squirrel General",11.39,15.99,10.36,40.38630377524143,-9.043020193151898,944.0,live,14.391,20.17067603160667,$10-20,10.58,559964,False,0.0,,11.95,791671,10.58
Herd Heirloom,3.97,5.49,3.38,38.28715365239295,-14.86146095717885,890.0,live,4.941000000000001,18.37380352644836,$2-5,4.18,624591,True,1.49,3.33,3.33,,4.18
"Krang, Master Mind",0.84,1.79,0.39,113.09523809523812,-53.57142857142857,1150.0,live,1.611,82.40952380952382,$0-1,0.46,657751,True,1.49,0.75,0.75,,0.46
Will of the Mardu,3.5,4.49,2.69,28.28571428571429,-23.142857142857142,1202.0,live,4.041,9.812571428571434,$2-5,2.65,624279,True,1.49,2.5,2.62,,2.65
Peter Parker's Camera,1.3,1.99,0.62,53.076923076923066,-52.30769230769232,947.0,live,1.791,31.03384615384616,$1-2,1.18,651386,True,1.49,0.99,0.99,,1.18
Hallowed Fountain (Borderless),13.31,14.99,11.77,12.622088655146504,-11.570247933884303,917.0,live,13.491,-3.5954921111945897,$10-20,,656705,True,0.0,7.35,12.21,,11.77
"Bumi, Unleashed",4.5,4.99,3.08,10.888888888888896,-31.55555555555556,842.0,live,4.4910000000000005,-5.079111111111109,$2-5,3.76,660617,True,1.49,1.78,1.78,,3.76
Improvisation Capstone (Borderless),13.31,18.99,11.81,42.6746806912096,-11.269722013523666,838.0,live,17.090999999999998,22.12952667167543,$10-20,,686578,True,0.78,10.6,12.09,,11.81
Cabal Ritual,13.37,18.99,13.54,42.03440538519072,1.271503365744203,934.0,live,17.090999999999998,21.581451009723267,$10-20,13.64,9616,True,0.0,9.41,10.0,,13.64
Determined Iteration,0.44,0.69,0.15,56.8181818181818,-65.90909090909092,1315.0,live,0.621,34.23636363636362,$0-1,0.5,687485,True,1.49,0.34,0.34,,0.5
Dark Ritual,3.75,4.49,1.56,19.73333333333333,-58.4,1099.0,live,4.041,2.4917333333333387,$2-5,,1381,True,1.49,1.15,1.61,,1.56
Pest Mascot,0.29,0.35,0.15,20.6896551724138,-48.27586206896552,1287.0,live,0.315,3.3103448275862064,$0-1,0.2,686595,True,1.49,0.05,0.05,,0.2
Island (0280),0.29,0.59,0.15,103.44827586206895,-48.27586206896552,3696.0,live,0.531,74.15172413793101,$0-1,,696360,True,1.49,0.1,0.1,,0.15
"Alesha, Who Laughs at Fate",1.37,2.29,1.03,67.15328467153283,-24.817518248175187,914.0,live,2.061,43.08321167883211,$1-2,1.34,590863,True,1.49,0.94,0.94,,1.34
Call of the Ring,4.18,5.49,3.82,31.3397129186603,-8.612440191387558,901.0,live,4.941000000000001,12.426794258373215,$2-5,4.15,496031,True,1.49,2.5,3.25,,4.15
"Venat, Heart of Hydaelyn",2.03,1.29,0.34,-36.45320197044335,-83.2512315270936,883.0,live,1.161,-45.6039408866995,$2-5,,634624,True,1.49,0.39,0.39,,0.34
Sowing Mycospawn,1.77,2.79,1.05,57.6271186440678,-40.67796610169491,1254.0,live,2.511,34.928813559322045,$1-2,,552738,True,1.49,0.99,0.99,,1.05
Three Steps Ahead,5.0,8.49,4.94,69.80000000000001,-1.1999999999999922,975.0,live,7.641,45.3488,$5-10,6.43,544417,True,1.49,3.55,4.5,,6.43
Elegant Parlor,8.41,14.99,8.19,78.24019024970274,-2.6159334126040505,968.0,live,13.491,52.57360285374555,$5-10,8.9,532938,True,0.0,7.02,8.24,,8.9
Arid Mesa,27.51,42.99,28.13,56.27044711014177,2.2537259178480458,940.0,live,38.691,33.767502726281364,$20-50,28.25,238607,True,0.99,26.86,26.86,,28.25
Mountain (0284),0.27,0.49,0.15,81.48148148148147,-44.44444444444445,2929.0,live,0.441,55.34814814814813,$0-1,,696364,True,1.49,0.1,0.1,,0.15
"Raph & Leo, Sibling Rivals",0.81,0.49,0.15,-39.50617283950618,-81.48148148148148,900.0,live,0.441,-48.21728395061729,$0-1,0.25,673670,True,1.49,0.5,0.5,,0.25
"Ultima, Origin of Oblivion",0.92,1.79,0.2,94.56521739130434,-78.26086956521738,1003.0,live,1.611,66.54782608695652,$0-1,,631880,True,1.49,0.21,0.21,,0.2
Scavenger Grounds,0.29,0.49,0.15,68.96551724137932,-48.27586206896552,1157.0,live,0.441,44.63448275862069,$0-1,0.27,631278,True,1.49,0.09,0.09,,0.27
"Matt Murdock, Justice Seeker",2.08,2.99,1.04,43.75000000000001,-50.0,879.0,live,2.6910000000000003,23.05,$2-5,,697137,True,1.49,1.49,1.49,,1.04
Negate,0.22,0.39,0.15,77.27272727272728,-31.818181818181824,1382.0,live,0.35100000000000003,51.74545454545456,$0-1,0.25,679073,True,1.49,0.1,0.1,,0.25
Infectious Inquiry,0.42,1.29,0.2,207.1428571428572,-52.38095238095237,1344.0,live,1.161,162.91428571428577,$0-1,0.35,479616,True,1.49,0.25,0.25,,0.35
Tainted Strike,2.94,3.49,2.03,18.70748299319729,-30.95238095238096,1004.0,live,3.1410000000000005,1.6136054421768835,$2-5,,36465,True,1.49,1.79,1.79,,2.03
Sol Ring,2.06,2.49,1.49,20.873786407767,-27.669902912621364,1099.0,live,2.241,3.467961165048541,$2-5,1.62,687542,True,1.49,1.5,1.5,,1.62
"Raphael, the Muscle (0004) (Borderless)",1.6,3.99,0.26,149.375,-83.75,1367.0,live,3.591,113.465,$1-2,,657760,True,1.49,0.53,0.53,,0.26
Kodama's Reach,1.45,2.99,1.49,106.20689655172416,2.758620689655175,1511.0,live,2.6910000000000003,76.51310344827587,$1-2,1.49,671233,True,1.49,1.39,1.39,,1.49
Hushwood Verge,7.92,10.99,7.29,38.76262626262626,-7.954545454545453,1036.0,live,9.891,18.78080808080807,$5-10,7.5,576520,True,0.0,5.91,7.5,,7.5
Breath Weapon,6.21,8.49,6.24,36.71497584541063,0.4830917874396175,1339.0,live,7.641,17.028019323671494,$5-10,6.3,273294,True,1.49,3.69,4.0,,6.3
Swordsman's Steel,20.11,23.99,18.65,19.293883639980105,-7.260069617105922,842.0,live,21.590999999999998,2.115564395822965,$20-50,21.95,697431,True,0.0,16.16,17.48,,21.95
Silkguard,0.36,1.29,0.25,258.33333333333337,-30.55555555555556,1379.0,live,1.161,206.7333333333334,$0-1,0.33,687572,True,1.49,0.29,0.29,,0.33
"Giada, Font of Hope",0.67,0.99,0.15,47.761194029850735,-77.61194029850746,1297.0,live,0.891,26.483582089552225,$0-1,0.25,590826,True,1.49,0.43,0.43,,0.25
Haywire Mite,0.45,1.49,0.39,231.1111111111112,-13.333333333333334,1487.0,live,1.341,183.4311111111111,$0-1,0.5,687608,True,1.49,0.4,0.4,,0.5
"Camellia, the Seedmiser",3.22,2.49,1.03,-22.67080745341615,-68.01242236024846,939.0,live,2.241,-33.80621118012423,$2-5,1.59,558320,True,1.49,1.75,1.75,,1.59
Together as One,0.29,0.49,0.15,68.96551724137932,-48.27586206896552,1190.0,live,0.441,44.63448275862069,$0-1,0.25,686517,True,1.49,0.14,0.14,,0.25
Generous Patron,0.78,1.49,0.71,91.025641025641,-8.974358974358982,1063.0,live,1.341,63.51794871794871,$0-1,0.94,631559,True,1.49,0.73,0.73,,0.94
Rat Colony,5.62,7.49,5.09,33.27402135231317,-9.43060498220641,3421.0,live,6.7410000000000005,14.082562277580063,$5-10,4.69,162175,True,1.49,4.01,4.31,,4.69
T'Challa's Protection - Teferi's Protection (Borderless),33.22,37.99,34.72,14.35881998795907,4.515352197471403,849.0,live,34.191,-2.1088500903070315,$20-50,,696412,True,0.0,27.4,29.25,,34.72
Fated Firepower,4.72,7.49,4.0200000000000005,58.68644067796611,-14.830508474576256,846.0,live,6.7410000000000005,35.835593220338986,$2-5,4.18,648704,True,1.49,3.0,3.09,,4.18
Dragonskull Summit,0.45,0.99,0.37,120.0,-17.777777777777782,1357.0,live,0.891,88.32,$0-1,0.39,631583,True,1.49,0.4,0.4,,0.39
Temple Garden (Borderless),10.88,14.99,8.78,37.77573529411764,-19.301470588235308,897.0,live,13.491,17.936029411764704,$10-20,,656714,True,0.0,8.89,10.25,,8.78
Leyline of the Guildpact,3.57,5.49,3.1,53.781512605042025,-13.165266106442571,1030.0,live,4.941000000000001,31.63697478991597,$2-5,3.46,534638,True,1.49,2.21,2.95,,3.46
Zulaport Cutthroat,2.01,2.49,0.8300000000000001,23.8805970149254,-58.70646766169153,928.0,live,2.241,6.04179104477613,$2-5,1.07,687519,True,1.49,0.96,1.08,,1.07
"Vraska, Betrayal's Sting",0.78,1.79,0.61,129.4871794871795,-21.7948717948718,1269.0,live,1.611,96.44102564102565,$0-1,0.81,671166,True,1.49,0.7,0.7,,0.81
Overkill,0.3,0.69,0.15,129.99999999999997,-50.0,1145.0,live,0.621,96.88,$0-1,0.24,633991,True,1.49,0.15,0.15,,0.24
"Black Widow, Agile Avenger",10.5,17.99,10.74,71.33333333333331,2.285714285714288,967.0,live,16.191,46.66133333333333,$10-20,11.72,696944,True,0.0,9.26,10.64,,11.72
Spider-Punk,1.79,2.79,1.22,55.865921787709496,-31.84357541899442,929.0,live,2.511,33.42122905027934,$1-2,1.71,646575,True,1.49,1.34,1.34,,1.71
Island (0190),0.33,0.69,0.15,109.09090909090908,-54.54545454545456,2660.0,live,0.621,78.98181818181816,$0-1,,646638,True,1.49,0.1,0.1,,0.15
Swamp (0302),0.23,0.59,0.15,156.52173913043475,-34.78260869565218,2728.0,live,0.531,119.58260869565214,$0-1,,630892,True,1.49,0.15,0.15,,0.15
Vraska's Fall,0.47,1.29,0.2,174.468085106383,-57.44680851063829,1072.0,live,1.161,134.94468085106385,$0-1,0.37,479363,True,1.49,0.25,0.25,,0.37
Grasp of Fate,0.36,0.69,0.22,91.66666666666666,-38.888888888888886,965.0,live,0.621,64.06666666666666,$0-1,0.47,512597,True,1.49,0.25,0.25,,0.47
Exploration Broodship,3.55,4.49,3.42,26.47887323943664,-3.661971830985913,1123.0,live,4.041,8.265915492957756,$2-5,3.8,641978,True,1.49,3.24,3.24,,3.8
Drown in Ichor,0.86,1.79,0.62,108.13953488372094,-27.906976744186046,1255.0,live,1.611,78.16744186046513,$0-1,0.75,479182,True,1.49,0.56,0.56,,0.75
Renewed Solidarity,4.24,7.99,4.16,88.44339622641509,-1.8867924528301905,972.0,live,7.191000000000001,61.30754716981131,$2-5,4.5,615058,True,1.49,3.35,3.35,,4.5
Intangible Virtue,0.34,0.39,0.15,14.705882352941172,-55.88235294117647,955.0,live,0.35100000000000003,-1.8117647058823525,$0-1,0.21,512540,True,1.49,0.2,0.2,,0.21
Raucous Theater,9.67,15.99,10.22,65.35677352637022,5.687693898655644,871.0,live,14.391,41.545398138572914,$5-10,10.44,532911,True,1.31,7.53,7.68,,10.44
Warleader's Call,5.55,8.99,5.19,61.981981981982,-6.486486486486477,855.0,live,8.091000000000001,38.656576576576576,$5-10,6.06,532872,True,1.49,3.75,4.25,,6.06
Forest (0308),0.25,0.49,0.15,96.0,-40.0,2417.0,live,0.441,67.776,$0-1,,630903,True,1.49,0.15,0.15,,0.15
Dragon's Rage Channeler,1.5,1.79,0.77,19.333333333333336,-48.66666666666666,1288.0,live,1.611,2.1493333333333364,$1-2,,240055,True,1.49,0.99,0.99,,0.77
"Yavimaya, Cradle of Growth",17.35,21.99,14.82,26.74351585014407,-14.582132564841505,823.0,live,19.791,8.492449567723321,$10-20,15.5,553219,True,0.0,14.0,15.25,,15.5
Singularity Rupture,0.48,0.99,0.15,106.25,-68.74999999999999,958.0,live,0.891,76.55,$0-1,0.48,641805,True,1.49,0.34,0.34,,0.48
"Lathril, Blade of the Elves",1.26,1.49,0.37,18.253968253968253,-70.63492063492063,915.0,live,1.341,1.2253968253968173,$1-2,0.39,591742,True,1.49,0.8,0.8,,0.39
Twisted Landscape,0.3,0.39,0.15,30.00000000000001,-50.0,1648.0,live,0.35100000000000003,11.280000000000012,$0-1,0.16,553297,True,1.49,0.1,0.1,,0.16
"Krenko, Tin Street Kingpin",3.07,4.49,2.42,46.2540716612378,-21.17263843648208,836.0,live,4.041,25.19348534201956,$2-5,,188119,True,1.49,2.21,2.21,,2.42
"Daredevil, Man Without Fear (Borderless) (0372)",5.17,5.99,3.36,15.860735009671188,-35.00967117988395,818.0,live,5.391,-0.8232108317214687,$5-10,,696487,True,1.49,3.02,3.51,,3.36
Frantic Search (Borderless),1.09,1.49,0.88,36.69724770642201,-19.266055045871568,1053.0,live,1.341,17.01284403669723,$1-2,,507143,True,1.49,0.85,0.85,,0.88
Peer into the Abyss,3.53,4.49,2.91,27.19546742209633,-17.563739376770528,845.0,live,4.041,8.87932011331446,$2-5,3.68,215373,True,1.49,2.15,2.32,,3.68
Swamp (269) - Full Art,2.39,3.49,2.53,46.02510460251047,5.857740585774045,2326.0,live,3.1410000000000005,24.99748953974896,$2-5,,475527,True,1.49,1.3,2.04,,2.53
Ram Through,0.33,1.29,0.26,290.9090909090909,-21.21212121212121,1423.0,live,1.161,234.61818181818185,$0-1,,212717,True,1.49,0.26,0.26,,0.26
Ravenous Tyrannosaurus (Borderless),10.56,10.99,8.89,4.071969696969694,-15.81439393939394,842.0,live,9.891,-10.91439393939395,$10-20,,696434,True,0.0,8.0,9.65,,8.89
Vernal Fen,0.46,0.99,0.26,115.21739130434784,-43.47826086956522,1267.0,live,0.891,84.22608695652173,$0-1,0.46,687573,True,1.49,0.4,0.4,,0.46
Alien Invasion,0.25,0.49,0.15,96.0,-40.0,1424.0,live,0.441,67.776,$0-1,0.25,696623,True,1.49,0.15,0.15,,0.25
Aqueous Form,0.39,1.29,0.29,230.7692307692308,-25.64102564102565,1374.0,live,1.161,183.1384615384616,$0-1,0.45,71316,True,1.49,0.27,0.27,,0.45
Agna Qel'a,1.23,1.79,0.8300000000000001,45.52845528455285,-32.52032520325203,952.0,live,1.611,24.57235772357724,$1-2,1.02,662403,True,1.49,0.49,0.49,,1.02
Underground Mortuary,12.78,19.99,12.67,56.41627543035993,-0.8607198748043774,866.0,live,17.991,33.892331768388104,$10-20,13.2,532910,True,0.0,11.53,12.92,,13.2
Endurance,3.88,6.99,3.59,80.15463917525774,-7.474226804123712,1763.0,live,6.291,54.21237113402062,$2-5,4.0,671173,True,1.49,3.07,3.2,,4.0
Mutable Explorer,1.14,1.29,0.32,13.15789473684212,-71.92982456140349,959.0,live,1.161,-3.13684210526314,$1-2,0.98,656672,True,1.49,0.93,0.93,,0.98
Bolt Bend,2.53,4.99,2.61,97.2332015810277,3.1620553359683825,1068.0,live,4.4910000000000005,68.83162055335971,$2-5,2.65,188345,True,1.49,2.0,2.56,,2.65
Chromatic Lantern,0.94,2.49,0.73,164.89361702127664,-22.34042553191489,1204.0,live,2.241,126.7489361702128,$0-1,0.81,615167,True,1.49,0.85,0.85,,0.81
Swamp (0191),0.46,0.99,0.15,115.21739130434784,-67.3913043478261,2466.0,live,0.891,84.22608695652173,$0-1,,646685,True,1.49,0.19,0.19,,0.15
Arcane Signet,0.63,1.79,0.44,184.12698412698413,-30.15873015873016,1161.0,live,1.611,143.21269841269842,$0-1,0.5,687531,True,1.49,0.47,0.47,,0.5
Soul's Attendant,4.28,7.49,3.68,75.0,-14.018691588785048,870.0,live,6.7410000000000005,49.79999999999999,$2-5,,34738,False,1.79,,2.5,317840,3.68
Patrolling Peacemaker,0.89,1.29,0.87,44.943820224719104,-2.247191011235957,1277.0,live,1.161,24.07191011235956,$0-1,,642782,True,1.49,0.45,0.45,,0.87
Sol Ring,2.3,2.79,1.44,21.304347826086968,-37.39130434782608,1064.0,live,2.511,3.8365217391304487,$2-5,1.47,687542,True,1.49,1.5,1.5,,1.47
Mana Sculpt (Extended Art),1.77,2.29,0.8300000000000001,29.37853107344633,-53.10734463276836,880.0,live,2.061,10.748022598870056,$1-2,,688517,True,1.49,1.0,1.0,,0.8300000000000001
Origin of the Avengers,0.28,0.49,0.15,74.99999999999997,-46.42857142857144,1596.0,live,0.441,49.799999999999976,$0-1,0.15,696474,True,1.49,0.17,0.17,,0.15
Sevinne's Reclamation,0.34,1.29,0.23,279.4117647058823,-32.35294117647059,1149.0,live,1.161,224.77647058823527,$0-1,0.32,687520,True,1.49,0.32,0.32,,0.32
Luminous Broodmoth,0.55,1.49,0.41,170.90909090909088,-25.454545454545464,1060.0,live,1.341,131.89818181818177,$0-1,0.51,631192,True,1.49,0.5,0.5,,0.51
Suture Priest,2.6,2.79,1.4,7.307692307692306,-46.15384615384615,911.0,live,2.511,-8.144615384615381,$2-5,2.09,39432,True,1.49,1.0,1.0,,2.09
Graven Cairns,1.85,3.99,1.95,115.67567567567568,5.405405405405398,973.0,live,3.591,84.61837837837838,$1-2,1.91,631207,True,1.49,1.75,1.75,,1.91
"Tam, Observant Sequencer",0.3,0.35,0.15,16.666666666666664,-50.0,1032.0,live,0.315,-0.1333333333333371,$0-1,,686611,True,1.49,0.05,0.05,,0.15
Chromatic Lantern,1.53,2.49,0.52,62.7450980392157,-66.01307189542483,1108.0,live,2.241,39.30980392156862,$1-2,0.62,615167,True,1.49,0.85,0.85,,0.62
Talon Gates of Madara,28.77,29.99,27.92,4.240528328119566,-2.954466458116085,1161.0,live,26.991,-10.770107751129656,$20-50,27.94,553235,True,2.99,21.11,21.11,,27.94
Cankerbloom,0.58,0.79,0.2,36.20689655172416,-65.51724137931035,1035.0,live,0.7110000000000001,16.59310344827588,$0-1,0.4,479492,True,1.49,0.37,0.37,,0.4
Arcane Denial,2.07,2.99,1.62,44.444444444444464,-21.7391304347826,1080.0,live,2.6910000000000003,23.644444444444453,$2-5,1.72,687387,True,1.49,1.65,1.65,,1.72
Arcane Signet,0.58,0.99,0.38,70.68965517241381,-34.48275862068965,1021.0,live,0.891,46.11034482758621,$0-1,0.41,687531,True,1.49,0.47,0.47,,0.41
"Storm, Force of Nature (Borderless)",8.39,9.49,6.78,13.11084624553039,-19.18951132300358,797.0,live,8.541,-3.177115613825985,$5-10,,696435,True,0.0,6.6,8.0,,6.78
Witherbloom Apprentice,0.57,0.79,0.19,38.59649122807019,-66.66666666666666,1111.0,live,0.7110000000000001,18.63859649122809,$0-1,0.49,235117,True,1.49,0.42,0.42,,0.49
Misty Rainforest,36.34,42.99,36.2,18.29939460649421,-0.3852504127683009,895.0,live,38.691,1.2642817831590552,$20-50,35.8,238609,True,0.0,34.5,35.45,,35.8
Hullbreaker Horror,5.67,8.99,5.21,58.55379188712523,-8.112874779541446,813.0,live,8.091000000000001,35.72204585537918,$5-10,5.85,253668,True,3.99,4.0,5.58,,5.85
Thunderbolts Conspiracy,0.3,0.49,0.15,63.33333333333334,-50.0,1208.0,live,0.441,39.81333333333333,$0-1,0.15,668474,True,1.49,0.11,0.11,,0.15
"Witherbloom, the Balancer (Borderless)",13.64,14.99,11.45,9.897360703812314,-16.05571847507332,784.0,live,13.491,-5.927859237536656,$10-20,,686619,True,0.0,11.75,12.96,,11.45
"Lorehold, the Historian (Borderless)",5.4,9.49,5.05,75.74074074074073,-6.481481481481491,793.0,live,8.541,50.43407407407408,$5-10,,675585,True,1.49,3.99,4.95,,5.05
Shadowy Backstreet,10.22,15.99,10.07,56.45792563600782,-1.4677103718199642,910.0,live,14.391,33.9279843444227,$10-20,10.14,532897,True,0.99,6.0,9.0,,10.14
Staff of the Storyteller,0.51,0.79,0.15,54.90196078431373,-70.58823529411764,1543.0,live,0.7110000000000001,32.59607843137256,$0-1,0.39,687355,True,3.99,0.4,0.4,,0.39
"Arabella, Abandoned Doll",0.49,0.99,0.15,102.04081632653062,-69.38775510204081,996.0,live,0.891,72.9469387755102,$0-1,0.39,578068,True,1.49,0.37,0.37,,0.39
Enter the Avatar State,0.31,0.59,0.15,90.32258064516128,-51.61290322580645,1162.0,live,0.531,62.91612903225804,$0-1,0.31,662030,True,1.49,0.15,0.15,,0.31
Brass's Bounty,0.46,0.99,0.15,115.21739130434784,-67.3913043478261,925.0,live,0.891,84.22608695652173,$0-1,,591719,True,1.49,0.33,0.33,,0.15
"Caduceus, Staff of Hermes",6.12,11.99,5.92,95.91503267973856,-3.2679738562091534,874.0,live,10.791,67.7032679738562,$5-10,5.97,555790,True,1.49,4.62,4.62,,5.97
"Doctor Octopus, Master Planner (Borderless)",9.12,8.49,7.0600000000000005,-6.907894736842095,-22.5877192982456,879.0,live,7.641,-20.31315789473684,$5-10,,646614,True,0.0,8.0,9.5,,7.0600000000000005
"Leonardo, Cutting Edge",0.94,1.29,0.15,37.2340425531915,-84.04255319148936,977.0,live,1.161,17.472340425531932,$0-1,0.56,673550,True,1.49,0.48,0.48,,0.56
Zaffai and the Tempests,0.27,0.49,0.15,81.48148148148147,-44.44444444444445,947.0,live,0.441,55.34814814814813,$0-1,,688510,True,1.49,0.13,0.13,,0.15
Impractical Joke,0.3,0.35,0.15,16.666666666666664,-50.0,1465.0,live,0.315,-0.1333333333333371,$0-1,0.28,688973,True,1.49,0.1,0.1,,0.28
Sword of the Squeak,0.45,0.49,0.2,8.888888888888884,-55.55555555555556,1168.0,live,0.441,-6.791111111111118,$0-1,,560008,True,1.49,0.39,0.39,,0.2
Abstract Paintmage,0.28,0.35,0.15,24.999999999999982,-46.42857142857144,1017.0,live,0.315,6.999999999999981,$0-1,0.15,689520,True,1.49,0.05,0.05,,0.15
Timeline Culler,0.37,0.69,0.15,86.48648648648647,-59.45945945945946,1233.0,live,0.621,59.63243243243242,$0-1,0.26,641767,True,1.49,0.19,0.19,,0.26
Collector's Vault,1.09,1.79,0.38,64.22018348623853,-65.13761467889908,1060.0,live,1.611,40.57247706422017,$1-2,0.95,513354,True,1.49,0.4,0.4,,0.95
Case of the Locked Hothouse,2.25,4.49,1.97,99.55555555555556,-12.444444444444445,825.0,live,4.041,70.81955555555557,$2-5,2.07,533889,True,1.49,1.97,1.97,,2.07
Foundry Inspector,0.45,1.29,0.15,186.66666666666663,-66.66666666666667,962.0,live,1.161,145.3866666666667,$0-1,,227121,True,1.49,0.3,0.3,,0.15
"Ultron, Artificial Malevolence (Borderless) (0344)",24.21,32.99,20.82,36.26600578273441,-14.002478314745977,788.0,live,29.691000000000003,16.64370095002066,$20-50,,696582,True,0.0,21.23,23.22,,20.82
Windcrag Siege,3.57,5.49,1.77,53.781512605042025,-50.42016806722689,827.0,live,4.941000000000001,31.63697478991597,$2-5,2.94,624907,True,1.49,2.5,2.5,,2.94
"Lightning, Army of One",8.84,13.99,7.640000000000001,58.2579185520362,-13.574660633484156,813.0,live,12.591000000000001,35.46877828054299,$5-10,9.14,631008,True,0.0,6.65,8.65,,9.14
Blood Crypt (Borderless),13.39,18.99,11.28,41.82225541448841,-15.758028379387612,849.0,live,17.090999999999998,21.399850634802085,$10-20,,656697,True,0.0,10.8,10.8,,11.28
Stormcatch Mentor,0.26,0.39,0.17,50.0,-34.61538461538461,976.0,live,0.35100000000000003,28.4,$0-1,0.28,687652,True,1.49,0.27,0.27,,0.28
"Jidoor, Aristocratic Capital",2.05,1.79,0.45,-12.682926829268284,-78.04878048780488,873.0,live,1.611,-25.256585365853653,$2-5,,630872,True,1.49,1.0,1.0,,0.45
Cloud of Faeries,0.31,0.69,0.17,122.5806451612903,-45.16129032258064,1231.0,live,0.621,90.5290322580645,$0-1,0.29,457458,True,1.49,0.08,0.08,,0.29
Plains (0189),0.31,0.99,0.15,219.3548387096774,-51.61290322580645,2558.0,live,0.891,173.36774193548385,$0-1,,646662,True,1.49,0.1,0.1,,0.15
The Legend of Yangchen,3.65,6.49,2.31,77.80821917808221,-36.71232876712329,852.0,live,5.841,52.203835616438354,$2-5,,661920,True,1.49,3.17,3.19,,2.31
Sunken Ruins,3.17,4.99,3.12,57.41324921135648,-1.5772870662460512,912.0,live,4.4910000000000005,34.74574132492114,$2-5,3.09,631488,True,1.49,3.09,3.09,,3.09
Rhythm of the Wild (Borderless),4.09,6.99,4.0,70.90464547677263,-2.200488997555009,823.0,live,6.291,46.29437652811736,$2-5,,679194,True,1.49,3.0,3.0,,4.0
Gloomlake Verge,9.98,12.99,8.82,30.160320641282564,-11.623246492985972,930.0,live,11.691,11.417234468937862,$5-10,10.0,576518,True,0.0,7.89,9.0,,10.0
Sulfurous Springs,0.98,1.99,1.01,103.0612244897959,3.061224489795921,1024.0,live,1.791,73.82040816326531,$0-1,1.21,631594,True,1.49,0.96,0.96,,1.21
Mountain (0256),0.44,0.49,0.15,11.36363636363636,-65.90909090909092,2403.0,live,0.441,-4.672727272727277,$0-1,,657787,True,1.49,0.36,0.36,,0.15
Ureni of the Unwritten (Borderless),13.0,24.99,10.42,92.2307692307692,-19.846153846153847,910.0,live,22.491,64.54953846153846,$10-20,,623916,False,0.0,,9.62,84,10.42
There and Back Again,4.81,6.49,3.99,34.92723492723494,-17.047817047817038,823.0,live,5.841,15.497713097713106,$2-5,4.02,498620,True,1.49,3.0,4.95,,4.02
Hide on the Ceiling,1.0,2.29,0.62,129.0,-38.0,935.0,live,2.061,96.024,$1-2,1.02,652059,True,1.49,0.45,0.45,,1.02
Borne Upon a Wind,4.34,4.49,1.45,3.456221198156691,-66.58986175115207,976.0,live,4.041,-11.441474654377872,$2-5,,498680,True,1.49,3.0,3.0,,1.45
Command Tower,0.38,0.69,0.25,81.57894736842104,-34.21052631578947,1229.0,live,0.621,55.43157894736841,$0-1,0.25,687664,True,1.49,0.3,0.3,,0.25
"Excava, the Risen Past (Borderless)",0.74,0.99,0.19,33.78378378378378,-74.32432432432434,1040.0,live,0.891,14.518918918918915,$0-1,,687502,True,1.49,0.27,0.27,,0.19
Eclipsed Realms,0.63,0.99,0.15,57.14285714285714,-76.19047619047619,1161.0,live,0.891,34.514285714285705,$0-1,0.28,671582,True,1.49,0.36,0.36,,0.28
No Mercy (Borderless),9.3,11.99,9.36,28.924731182795693,0.6451612903225669,832.0,live,10.791,10.359569892473102,$5-10,,696253,True,0.0,6.99,8.45,,9.36
Archfiend of Ifnir,0.39,0.79,0.3,102.56410256410258,-23.076923076923084,943.0,live,0.7110000000000001,73.3948717948718,$0-1,0.35,671136,True,1.49,0.23,0.23,,0.35
Harmonized Crescendo,1.18,1.29,0.52,9.322033898305094,-55.932203389830505,967.0,live,1.161,-6.420338983050833,$1-2,0.87,670997,True,1.49,0.7,0.7,,0.87
Avenging Hunter,4.79,7.49,4.68,56.36743215031316,-2.296450939457209,1758.0,live,6.7410000000000005,33.85052192066805,$2-5,4.66,272747,True,1.49,3.45,3.45,,4.66
Ingenious Artillerist,1.04,2.29,1.32,120.1923076923077,26.923076923076927,897.0,live,2.061,88.48461538461537,$1-2,,273319,True,3.99,0.69,0.69,,1.32
Khalni Ambush,0.39,0.79,0.43,102.56410256410258,10.25641025641025,2644.0,live,0.7110000000000001,73.3948717948718,$0-1,,221900,True,1.49,0.35,0.35,,0.43
Undercity Sewers (Borderless),8.64,16.99,9.11,96.64351851851848,5.439814814814802,868.0,live,15.290999999999999,68.32685185185183,$5-10,,679230,True,0.0,7.3,8.7,,9.11
Umbral Collar Zealot,0.35,0.79,0.15,125.71428571428574,-57.14285714285714,1031.0,live,0.7110000000000001,93.2114285714286,$0-1,0.22,642101,True,1.49,0.2,0.2,,0.22
Plains,0.92,1.79,0.35,94.56521739130434,-61.95652173913045,3272.0,live,1.611,66.54782608695652,$0-1,0.35,206022,True,1.49,0.55,0.55,,0.35
Avengers: Under Siege,0.29,0.49,0.15,68.96551724137932,-48.27586206896552,1050.0,live,0.441,44.63448275862069,$0-1,0.15,696857,True,1.49,0.15,0.15,,0.15
"Silverquill, the Disputant (Borderless)",6.94,7.49,5.09,7.925072046109507,-26.657060518732,786.0,live,6.7410000000000005,-7.616138328530267,$5-10,,686618,True,0.0,4.69,5.98,,5.09
Clifftop Retreat,0.33,0.79,0.2,139.3939393939394,-39.39393939393939,1079.0,live,0.7110000000000001,104.92121212121212,$0-1,0.25,624206,True,1.49,0.18,0.18,,0.25
"Marvin, Murderous Mimic",3.54,4.99,3.46,40.960451977401135,-2.25988700564972,877.0,live,4.4910000000000005,20.662146892655368,$2-5,3.91,578074,True,1.49,2.08,3.2,,3.91
Elves of Deep Shadow,3.92,3.49,2.08,-10.969387755102034,-46.93877551020408,991.0,live,3.1410000000000005,-23.789795918367336,$2-5,,13270,True,1.49,1.3,1.3,,2.08
Embrace the Paradox,0.26,0.35,0.15,34.615384615384606,-42.30769230769232,1249.0,live,0.315,15.230769230769218,$0-1,0.15,689521,True,1.49,0.05,0.05,,0.15
Winds of Abandon,3.25,4.99,2.92,53.53846153846155,-10.153846153846157,807.0,live,4.4910000000000005,31.42892307692308,$2-5,2.84,688942,True,1.49,2.35,2.5,,2.84
"Mole Man, Moloid Master (Extended Art)",3.35,3.99,2.44,19.1044776119403,-27.16417910447761,852.0,live,3.591,1.9534328358209003,$2-5,,696571,True,1.49,1.98,1.98,,2.44
Swamp (0255),0.5,0.69,0.3,37.99999999999999,-40.0,2754.0,live,0.621,18.12799999999999,$0-1,,657786,True,1.49,0.39,0.39,,0.3
Sapling Nursery,1.03,1.79,0.26,73.7864077669903,-74.75728155339806,975.0,live,1.611,48.761165048543695,$1-2,0.97,671577,True,1.49,0.73,0.73,,0.97
Ribtruss Roaster,0.38,0.49,0.15,28.947368421052627,-60.526315789473685,1111.0,live,0.441,10.378947368421048,$0-1,0.25,687406,True,1.49,0.21,0.21,,0.25
Thirsting Roots,0.62,1.29,0.3,108.06451612903228,-51.61290322580645,1051.0,live,1.161,78.10322580645163,$0-1,,479564,True,1.49,0.45,0.45,,0.3
Necroblossom Snarl,0.37,0.99,0.32,167.56756756756758,-13.513513513513512,1502.0,live,0.891,129.03783783783786,$0-1,0.4,687700,True,1.49,0.36,0.36,,0.4
Pollywog Prodigy,6.18,10.99,4.63,77.831715210356,-25.08090614886731,1032.0,live,9.891,52.22394822006472,$5-10,6.22,559733,True,1.49,4.46,4.46,,6.22
Aetherflux Reservoir,20.05,27.99,19.95,39.60099750623441,-0.4987531172069896,773.0,live,25.191,19.49845386533664,$20-50,20.47,122709,False,0.0,,19.72,687048,20.47
"Ral, Monsoon Mage",7.29,10.99,6.23,50.75445816186557,-14.54046639231824,938.0,live,9.891,29.04581618655692,$5-10,,552330,True,0.0,5.0,5.0,,6.23
Path to Exile,1.42,2.49,1.18,75.35211267605636,-16.901408450704224,931.0,live,2.241,50.10140845070424,$1-2,1.34,687458,True,1.49,1.16,1.16,,1.34
Savage Lands,0.36,0.69,0.15,91.66666666666666,-58.333333333333336,1149.0,live,0.621,64.06666666666666,$0-1,0.2,671227,True,1.49,0.14,0.14,,0.2
Long River's Pull,0.34,0.79,0.15,132.35294117647058,-55.88235294117647,1010.0,live,0.7110000000000001,98.89411764705883,$0-1,0.36,559139,True,1.49,0.19,0.19,,0.36
Overgrown Tomb (Borderless),12.84,15.99,10.42,24.53271028037384,-18.84735202492212,836.0,live,14.391,6.600000000000004,$10-20,,656710,True,0.0,10.75,11.8,,10.42
"Spider-Woman, Stunning Savior (Borderless)",2.3,2.79,0.5700000000000001,21.304347826086968,-75.21739130434783,866.0,live,2.511,3.8365217391304487,$2-5,,651944,True,1.49,1.0,1.53,,0.5700000000000001
Wishclaw Talisman,1.61,3.99,1.69,147.82608695652172,4.968944099378873,996.0,live,3.591,112.1391304347826,$1-2,1.96,591020,True,1.49,1.5,1.5,,1.96
Imp's Mischief,7.69,9.99,6.9,29.90897269180753,-10.273081924577374,798.0,live,8.991,11.202080624187245,$5-10,7.04,544837,True,3.99,5.24,6.99,,7.04
Alchemist's Refuge,0.34,0.59,0.15,73.52941176470587,-55.88235294117647,1342.0,live,0.531,48.541176470588205,$0-1,0.33,687666,True,1.49,0.31,0.31,,0.33
Tragedy Feaster (Borderless),0.59,0.49,0.15,-16.94915254237288,-74.57627118644066,875.0,live,0.441,-28.908474576271185,$0-1,,689059,True,1.49,0.3,0.3,,0.15
Patriotic Shield - Sword of Fire and Ice (Borderless),25.79,32.99,25.25,27.917797595967443,-2.093834819697554,775.0,live,29.691000000000003,9.49763474214813,$20-50,,697490,True,1.49,20.45,22.89,,25.25
Continue?,2.32,3.99,1.77,71.98275862068968,-23.70689655172413,1110.0,live,3.591,47.217241379310366,$2-5,2.05,679567,True,3.99,0.99,2.22,,2.05
Infernal Plunge,0.51,0.79,0.37,54.90196078431373,-27.450980392156865,1028.0,live,0.7110000000000001,32.59607843137256,$0-1,,56297,True,1.49,0.33,0.33,,0.37
Wrenn's Resolve,1.92,4.49,1.81,133.85416666666669,-5.72916666666666,1254.0,live,4.041,100.17916666666667,$1-2,2.52,491759,True,1.49,1.0,1.0,,2.52
Enduring Courage,2.74,3.99,2.07,45.62043795620438,-24.45255474452556,841.0,live,3.591,24.65109489051095,$2-5,2.51,578062,True,1.49,2.19,2.19,,2.51
Cosmogrand Zenith,5.19,7.99,4.94,53.94990366088632,-4.816955684007707,931.0,live,7.191000000000001,31.78111753371867,$5-10,4.94,642114,True,1.49,3.88,3.88,,4.94
Floodfarm Verge,8.13,11.99,7.47,47.47847478474784,-8.11808118081182,950.0,live,10.791,26.241574415744136,$5-10,7.89,576514,True,0.0,6.56,8.0,,7.89
Plains (0278),0.32,0.49,0.15,53.12499999999999,-53.125,2755.0,live,0.441,31.074999999999992,$0-1,,696358,True,1.49,0.15,0.15,,0.15
Leader's Talent,0.65,0.79,0.15,21.53846153846154,-76.92307692307692,890.0,live,0.7110000000000001,4.036923076923083,$0-1,0.55,673549,True,1.49,0.42,0.42,,0.55
Moonsilver Key,0.89,2.49,0.4,179.77528089887642,-55.0561797752809,986.0,live,2.241,139.48764044943815,$0-1,0.92,248106,True,1.49,0.75,0.75,,0.92
Might of the Meek,0.26,0.35,0.15,34.615384615384606,-42.30769230769232,1168.0,live,0.315,15.230769230769218,$0-1,0.18,558604,True,1.49,0.06,0.06,,0.18
Machinist's Arsenal,0.86,1.29,0.17,50.000000000000014,-80.23255813953489,919.0,live,1.161,28.400000000000013,$0-1,0.59,632167,True,1.49,0.43,0.43,,0.59
Steelshaper's Gift (Borderless),7.39,9.49,5.83,28.41677943166442,-21.109607577807843,797.0,live,8.541,9.924763193504749,$5-10,,696411,True,0.99,5.4,6.4,,5.83
Nowhere to Run,0.56,0.99,0.15,76.78571428571426,-73.21428571428571,1162.0,live,0.891,51.328571428571415,$0-1,0.56,557277,True,1.49,0.32,0.32,,0.56
Rosie Cotton of South Lane,0.32,0.49,0.15,53.12499999999999,-53.125,1067.0,live,0.441,31.074999999999992,$0-1,0.32,498377,True,1.49,0.19,0.19,,0.32
Living Death,4.07,5.49,2.91,34.88943488943488,-28.501228501228503,847.0,live,4.941000000000001,15.46535626535626,$2-5,3.04,499609,True,1.49,2.16,3.05,,3.04
Songs of the Damned,2.58,1.79,1.02,-30.620155038759687,-60.46511627906976,1202.0,live,1.611,-40.610852713178296,$2-5,,4890,True,1.49,0.91,0.91,,1.02
Steelbane Hydra,0.34,0.49,0.15,44.11764705882352,-55.88235294117647,1292.0,live,0.441,23.36470588235293,$0-1,0.2,687579,True,1.49,0.29,0.29,,0.2
"Quandrix, the Proof (Borderless)",5.69,5.99,4.13,5.272407732864672,-27.41652021089632,769.0,live,5.391,-9.886818980667844,$5-10,,686617,True,1.49,3.7,3.7,,4.13
Gyre Sage,1.04,2.29,1.01,120.1923076923077,-2.8846153846153872,885.0,live,2.061,88.48461538461537,$1-2,1.12,631302,True,1.49,0.91,0.91,,1.12
Practiced Offense (Extended Art),1.59,3.49,1.03,119.49685534591194,-35.22012578616353,982.0,live,3.1410000000000005,87.88930817610064,$1-2,,688655,True,1.49,0.5,1.22,,1.03
Prismatic Ending,0.46,0.49,0.15,6.521739130434775,-67.3913043478261,983.0,live,0.441,-8.817391304347835,$0-1,0.35,688909,True,1.49,0.2,0.2,,0.35
"Ghalta, Primal Hunger",1.16,1.49,0.47,28.44827586206897,-59.48275862068966,941.0,live,1.341,9.951724137931034,$1-2,0.77,591184,True,1.49,0.78,0.78,,0.77
Sulfur Falls,0.35,0.59,0.2,68.57142857142857,-42.85714285714285,1262.0,live,0.531,44.297142857142845,$0-1,0.24,687546,True,1.49,0.2,0.2,,0.24
Rejuvenating Springs,4.63,7.49,4.44,61.771058315334784,-4.103671706263488,826.0,live,6.7410000000000005,38.47602591792656,$2-5,5.16,499784,False,1.49,,4.09,644622,5.16
Blazing Crescendo (Borderless),0.19,0.35,0.15,84.21052631578945,-21.052631578947373,1086.0,live,0.315,57.68421052631577,$0-1,,697041,True,1.49,0.09,0.09,,0.15
Nine-Lives Familiar,1.95,2.49,0.45,27.692307692307704,-76.92307692307693,903.0,live,2.241,9.304615384615389,$1-2,,557928,True,1.49,1.1,1.1,,0.45
Conduit Pylons,0.35,0.79,0.15,125.71428571428574,-57.14285714285714,1332.0,live,0.7110000000000001,93.2114285714286,$0-1,0.35,544694,True,1.49,0.09,0.09,,0.35
Bontu's Monument,3.52,5.49,3.24,55.96590909090909,-7.954545454545449,1071.0,live,4.941000000000001,33.50681818181818,$2-5,3.35,615113,True,1.49,2.0,2.96,,3.35
Rogue's Passage,0.37,0.99,0.38,167.56756756756758,2.7027027027027053,1067.0,live,0.891,129.03783783783786,$0-1,0.38,590880,True,1.49,0.36,0.36,,0.38
Rabid Attack,0.25,0.35,0.15,39.99999999999999,-40.0,1214.0,live,0.315,19.83999999999999,$0-1,0.2,689478,True,1.49,0.1,0.1,,0.2
Ultimate Magic: Holy,0.44,0.59,0.34,34.09090909090908,-22.72727272727272,1276.0,live,0.531,14.781818181818164,$0-1,0.47,631150,True,1.49,0.31,0.31,,0.47
"Ozai, the Phoenix King",3.65,4.49,2.99,23.013698630137,-18.08219178082191,769.0,live,4.041,5.299726027397268,$2-5,3.11,660603,True,1.49,1.8,2.83,,3.11
Contentious Plan,0.42,0.99,0.2,135.71428571428575,-52.38095238095237,1160.0,live,0.891,101.77142857142856,$0-1,0.37,188606,True,1.49,0.31,0.31,,0.37
"Emry, Lurker of the Loch",0.61,1.49,0.66,144.2622950819672,8.196721311475418,1575.0,live,1.341,109.08852459016391,$0-1,0.66,642797,True,1.49,0.51,0.51,,0.66
Grand Crescendo,3.42,4.99,3.18,45.90643274853802,-7.017543859649117,889.0,live,4.4910000000000005,24.895906432748543,$2-5,3.35,624286,True,1.49,3.1,3.1,,3.35
Fiery Islet,3.84,5.49,4.04,42.968750000000014,5.208333333333338,1081.0,live,4.941000000000001,22.381250000000005,$2-5,4.32,519239,True,1.49,2.25,3.7,,4.32
Birds of Paradise,13.21,16.99,9.32,28.614685844057515,-29.447388342165027,846.0,live,15.290999999999999,10.09417108251323,$10-20,6.22,499510,True,0.0,8.0,8.0,,6.22
Fire-Lit Thicket,1.02,2.29,0.8300000000000001,124.50980392156865,-18.62745098039215,1020.0,live,2.061,92.18039215686277,$1-2,1.05,631264,True,1.49,0.89,0.89,,1.05
Elven Chorus,4.88,5.99,3.64,22.745901639344268,-25.409836065573764,828.0,live,5.391,5.07049180327869,$2-5,4.45,499368,True,1.49,2.99,4.23,,4.45
Plains (0294),0.25,0.59,0.15,136.0,-40.0,2847.0,live,0.531,102.01599999999998,$0-1,,630875,True,1.49,0.1,0.1,,0.15
Awakening Zone,0.39,0.49,0.15,25.64102564102563,-61.53846153846154,1310.0,live,0.441,7.54871794871794,$0-1,,687474,True,1.49,0.22,0.22,,0.15
"Baron Strucker, HYDRA Overlord (Borderless)",0.28,0.35,0.15,24.999999999999982,-46.42857142857144,967.0,live,0.315,6.999999999999981,$0-1,,696558,True,1.49,0.13,0.13,,0.15
Prairie Stream,0.31,0.49,0.16,58.06451612903225,-48.38709677419354,1114.0,live,0.441,35.30322580645161,$0-1,0.18,631329,True,1.49,0.19,0.19,,0.18
Island,1.27,1.79,0.26,40.94488188976378,-79.52755905511812,2850.0,live,1.611,20.6488188976378,$1-2,0.33,206023,True,1.49,0.74,0.74,,0.33
Maskwood Nexus,1.93,2.29,1.17,18.65284974093265,-39.37823834196891,1178.0,live,2.061,1.5668393782383443,$1-2,1.3,553540,True,1.49,1.07,1.25,,1.3
Pirate's Pillage,2.35,1.29,0.95,-45.1063829787234,-59.57446808510639,956.0,live,1.161,-53.01106382978723,$2-5,1.0,276308,True,1.49,0.46,0.46,,1.0
Darksteel Colossus,1.01,1.29,0.5700000000000001,27.72277227722773,-43.56435643564356,2277.0,live,1.161,9.33069306930694,$1-2,0.89,589331,True,1.49,0.95,0.95,,0.89
The Masamune,1.0,0.99,0.52,-1.0000000000000009,-48.0,862.0,live,0.891,-15.256000000000004,$1-2,,634438,True,1.49,0.6,0.6,,0.52
"Iron Man, Armored Avenger",3.92,4.99,3.62,27.295918367346943,-7.653061224489792,817.0,live,4.4910000000000005,8.965306122448984,$2-5,3.62,696387,True,1.49,3.06,3.25,,3.62
"Adagia, Windswept Bastion",5.53,8.49,4.5600000000000005,53.526220614828205,-17.540687160940323,805.0,live,7.641,31.41844484629293,$5-10,5.25,642113,True,1.49,3.0,3.0,,5.25
Cornered by Black Mages,0.28,0.35,0.15,24.999999999999982,-46.42857142857144,1077.0,live,0.315,6.999999999999981,$0-1,0.25,634042,True,1.49,0.01,0.01,,0.25
"Night Nurse, Healer of Heroes",0.22,0.35,0.15,59.09090909090908,-31.818181818181824,1186.0,live,0.315,36.18181818181817,$0-1,0.15,696967,True,1.49,0.09,0.09,,0.15
"Emrakul, the World Anew",4.78,6.49,3.54,35.77405857740585,-25.94142259414226,859.0,live,5.841,16.222594142259407,$2-5,4.3,541268,True,1.49,3.5,3.56,,4.3
Reckless Impulse,1.44,2.49,1.04,72.91666666666669,-27.77777777777777,1269.0,live,2.241,48.01666666666667,$1-2,1.48,253542,True,1.49,0.99,0.99,,1.48
Scheming Silvertongue (Extended Art),2.13,1.79,0.92,-15.962441314553985,-56.8075117370892,826.0,live,1.611,-28.063849765258208,$2-5,,689084,True,1.49,0.95,1.0,,0.92
Electroduplicate,0.56,1.29,0.19,130.35714285714283,-66.07142857142857,947.0,live,1.161,97.18571428571428,$0-1,0.6,589764,True,1.49,0.4,0.4,,0.6
Fiery Emancipation (Borderless),7.27,8.99,8.07,23.658872077028896,11.004126547455307,809.0,live,8.091000000000001,5.851994497936727,$5-10,,696418,True,3.99,5.25,6.0,,8.07
Snow-Covered Wastes (0229),0.67,1.29,0.15,92.53731343283582,-77.61194029850746,2600.0,live,1.161,64.81194029850747,$0-1,,548383,True,1.49,0.38,0.38,,0.15
Skycoach Waypoint,0.24,0.35,0.15,45.83333333333333,-37.5,1495.0,live,0.315,24.83333333333333,$0-1,0.16,686580,True,1.49,0.01,0.01,,0.16
Cultivate,0.39,0.99,0.3,153.84615384615384,-23.076923076923084,1110.0,live,0.891,117.29230769230767,$0-1,0.27,499506,True,1.49,0.36,0.36,,0.27
Curse of Opulence,3.1,5.49,2.6,77.09677419354838,-16.129032258064516,887.0,live,4.941000000000001,51.59483870967742,$2-5,2.8,624180,True,1.49,2.2,2.25,,2.8
Ledger Shredder,8.94,15.99,8.63,78.85906040268458,-3.467561521252782,823.0,live,14.391,53.103355704698,$5-10,9.57,268342,True,0.99,6.5,7.0,,9.57
Cream of the Crop,0.46,0.79,0.26,71.73913043478261,-43.47826086956522,1694.0,live,0.7110000000000001,47.00869565217392,$0-1,0.43,671194,True,1.49,0.4,0.4,,0.43
Reliquary Tower,3.81,5.49,3.38,44.09448818897639,-11.286089238845149,951.0,live,4.941000000000001,23.34488188976378,$2-5,3.49,687486,True,1.49,3.13,3.88,,3.49
"Muldrotha, the Gravetide",0.56,1.49,0.44,166.07142857142853,-21.42857142857144,1262.0,live,1.341,127.7571428571428,$0-1,0.5,671275,True,1.49,0.42,0.42,,0.5
Clifftop Retreat,0.37,0.79,0.19,113.51351351351352,-48.648648648648646,949.0,live,0.7110000000000001,82.7675675675676,$0-1,0.2,624206,True,1.49,0.18,0.18,,0.2
Undercity Sewers,13.93,19.99,13.07,43.5032304379038,-6.173725771715718,896.0,live,17.991,22.838765254845647,$10-20,13.93,532905,True,0.99,12.5,12.5,,13.93
Lightning Greaves,4.53,6.49,4.11,43.26710816777042,-9.271523178807945,905.0,live,5.841,22.63664459161147,$2-5,4.21,687611,True,1.49,4.13,4.13,,4.21
Yavimaya Coast,0.35,0.79,0.26,125.71428571428574,-25.714285714285705,1480.0,live,0.7110000000000001,93.2114285714286,$0-1,0.35,687588,True,1.49,0.34,0.34,,0.35
Valley Rotcaller,3.54,3.99,0.78,12.711864406779666,-77.96610169491525,919.0,live,3.591,-3.5186440677966035,$2-5,1.01,558437,True,1.49,1.25,1.25,,1.01
Talisman of Dominance,1.43,2.79,1.37,95.10489510489512,-4.195804195804184,886.0,live,2.511,67.00979020979022,$1-2,1.51,631296,True,1.49,1.3,1.3,,1.51
"Bullseye, Death Dealer (Borderless)",0.25,0.35,0.15,39.99999999999999,-40.0,943.0,live,0.315,19.83999999999999,$0-1,,696869,True,1.49,0.1,0.1,,0.15
Avacyn's Pilgrim,0.4,1.79,0.34,347.5,-15.0,957.0,live,1.611,283.05999999999995,$0-1,0.5,55906,True,1.49,0.29,0.29,,0.5
Party Dude,0.65,0.49,0.15,-24.61538461538462,-76.92307692307692,995.0,live,0.441,-35.470769230769235,$0-1,0.62,673584,True,1.49,0.3,0.3,,0.62
Aetheric Amplifier,0.63,1.49,0.35,136.5079365079365,-44.44444444444445,1146.0,live,1.341,102.45079365079364,$0-1,0.57,615193,True,1.49,0.4,0.4,,0.57
Pyretic Ritual,4.91,8.49,4.13,72.91242362525459,-15.885947046843182,925.0,live,7.641,48.01303462321791,$2-5,4.64,688919,True,1.49,3.61,4.89,,4.64
Jacked Rabbit,3.72,5.49,2.08,47.58064516129032,-44.08602150537634,1263.0,live,4.941000000000001,26.32903225806451,$2-5,2.4,559729,True,1.49,1.9,1.98,,2.4
The Mindskinner,2.7,2.49,1.81,-7.777777777777777,-32.96296296296297,884.0,live,2.241,-21.057777777777783,$2-5,2.06,577660,True,1.49,1.15,1.95,,2.06
Absolute Virtue,2.45,3.49,1.95,42.44897959183673,-20.408163265306133,791.0,live,3.1410000000000005,21.93632653061225,$2-5,2.56,630988,True,1.49,1.2,2.0,,2.56
Twinflame Tyrant,24.51,37.99,23.94,54.997960016319865,-2.3255813953488382,758.0,live,34.191,32.678253773969814,$20-50,24.86,589380,True,0.0,22.25,23.63,,24.86
Warden of the Grove,2.37,2.79,1.74,17.72151898734177,-26.58227848101266,806.0,live,2.511,0.7696202531645584,$2-5,,625027,True,1.49,1.4,1.4,,1.74
Rune-Scarred Demon,0.85,1.79,0.3,110.58823529411764,-64.70588235294117,905.0,live,1.611,80.26352941176471,$0-1,0.6,591774,True,1.49,0.49,0.49,,0.6
Sulfur Falls,0.33,0.49,0.26,48.48484848484848,-21.21212121212121,1039.0,live,0.441,27.10303030303029,$0-1,0.35,687546,True,1.49,0.2,0.2,,0.35
Expedite,0.41,0.79,0.21,92.68292682926833,-48.78048780487805,964.0,live,0.7110000000000001,64.93658536585369,$0-1,,110989,True,1.49,0.21,0.21,,0.21
Command Tower (Borderless),2.33,2.99,1.75,28.32618025751073,-24.892703862660948,1080.0,live,2.6910000000000003,9.84721030042918,$2-5,,503399,True,1.49,0.9,1.0,,1.75
Glacial Fortress,0.31,0.49,0.16,58.06451612903225,-48.38709677419354,1057.0,live,0.441,35.30322580645161,$0-1,0.19,631321,True,1.49,0.2,0.2,,0.19
"Boseiju, Who Endures",49.47,69.99,55.2,41.4796846573681,11.582777440873263,794.0,live,62.991,21.10661006670708,$20-50,51.99,262050,True,0.0,40.99,40.99,,51.99
Riverpyre Verge,20.41,27.99,20.0,37.13865752082312,-2.0088192062714363,938.0,live,25.191,17.390690837824582,$20-50,20.09,614418,True,1.31,17.68,17.68,,20.09
Putrid Goblin,0.45,0.69,0.26,53.33333333333332,-42.22222222222222,987.0,live,0.621,31.25333333333332,$0-1,0.44,191753,True,1.49,0.28,0.28,,0.44
"Tidus, Yuna's Guardian",2.6,6.99,0.8200000000000001,168.84615384615387,-68.46153846153847,1166.0,live,6.291,130.13230769230768,$2-5,,618873,True,1.49,0.33,0.33,,0.8200000000000001
Blazemire Verge,8.85,13.99,8.24,58.07909604519775,-6.892655367231633,835.0,live,12.591000000000001,35.31570621468928,$5-10,8.5,576512,True,0.0,7.0,8.13,,8.5
Mana Reflection,1.15,1.49,1.15,29.565217391304355,0.0,950.0,live,1.341,10.907826086956522,$1-2,1.2,553293,True,1.49,1.13,1.13,,1.2
Zack Fair,0.3,1.99,0.15,563.3333333333334,-50.0,1312.0,live,1.791,467.8133333333333,$0-1,0.15,631142,True,1.49,0.05,0.05,,0.15
Mana Geyser,2.12,2.49,1.03,17.45283018867925,-51.41509433962265,898.0,live,2.241,0.539622641509429,$2-5,1.13,687428,True,1.49,1.13,1.13,,1.13
Day of Judgment,1.1,1.49,0.22,35.454545454545446,-80.0,1089.0,live,1.341,15.949090909090891,$1-2,0.35,557922,True,1.49,0.6,0.6,,0.35
Haste Magic,0.26,0.35,0.15,34.615384615384606,-42.30769230769232,1099.0,live,0.315,15.230769230769218,$0-1,0.16,632747,True,1.49,0.03,0.03,,0.16
Glissa Sunslayer,0.45,1.49,0.34,231.1111111111112,-24.44444444444444,1206.0,live,1.341,183.4311111111111,$0-1,0.4,671267,True,1.49,0.38,0.38,,0.4
"Arwen, Weaver of Hope",3.6,6.49,3.12,80.27777777777779,-13.333333333333334,853.0,live,5.841,54.31777777777778,$2-5,3.39,499578,True,1.49,3.51,3.51,,3.39
"Thor, Asgard's Avenger",0.27,0.49,0.15,81.48148148148147,-44.44444444444445,895.0,live,0.441,55.34814814814813,$0-1,0.19,697336,True,1.49,0.15,0.15,,0.19
Preordain,0.68,1.29,0.46,89.70588235294117,-32.35294117647059,1041.0,live,1.161,62.388235294117656,$0-1,0.69,688900,True,1.49,0.93,1.87,,0.69
Sozin's Comet,3.34,3.99,2.2,19.46107784431139,-34.1317365269461,777.0,live,3.591,2.25868263473055,$2-5,3.62,660494,True,1.49,2.74,2.74,,3.62
Urza's Saga,43.11,54.99,37.45,27.55741127348644,-13.12920436093713,854.0,live,49.491,9.189144050104392,$20-50,39.55,238619,True,0.0,28.21,28.21,,39.55
Knockout Maneuver,0.23,0.35,0.15,52.17391304347825,-34.78260869565218,996.0,live,0.315,30.260869565217373,$0-1,0.2,688870,True,1.49,0.09,0.09,,0.2
Sylvan Library (Borderless),27.82,32.99,26.03,18.58375269590224,-6.434219985621851,751.0,live,29.691000000000003,1.5076923076923134,$20-50,,686672,True,1.25,25.0,25.25,,26.03
Hydroblast,4.13,6.49,3.54,57.14285714285715,-14.285714285714285,1757.0,live,5.841,34.51428571428571,$2-5,4.2,4727,True,1.49,2.44,3.06,,4.2
Arid Archway,0.79,1.49,0.53,88.60759493670885,-32.91139240506329,1256.0,live,1.341,61.44810126582277,$0-1,0.69,544329,True,1.49,0.44,0.44,,0.69
Ghost Vacuum,3.58,5.49,2.93,53.35195530726258,-18.156424581005584,874.0,live,4.941000000000001,31.26927374301676,$2-5,,575273,True,1.49,2.0,2.0,,2.93
Lord of Atlantis (Borderless),4.71,6.99,2.43,48.40764331210192,-48.407643312101904,821.0,live,6.291,27.03694267515923,$2-5,,668484,True,1.49,2.34,4.74,,2.43
"Jaheira, Friend of the Forest",12.31,13.99,8.33,13.647441104792849,-32.331437855402115,753.0,live,12.591000000000001,-2.7177904142973173,$10-20,,272931,True,0.0,8.0,10.35,,8.33
Verdant Command,1.04,1.99,0.96,91.34615384615384,-7.692307692307699,972.0,live,1.791,63.792307692307695,$1-2,1.01,239824,True,1.49,1.0,1.0,,1.01
Deafening Silence,2.19,1.99,1.04,-9.1324200913242,-52.51141552511416,940.0,live,1.791,-22.21735159817351,$2-5,1.38,199001,True,1.49,0.97,0.97,,1.38
Alchemist's Talent,4.98,4.99,4.41,0.2008032128514013,-11.445783132530126,1156.0,live,4.4910000000000005,-14.228112449799202,$2-5,4.5,560228,True,3.99,3.22,5.18,,4.5
Exotic Orchard,0.24,0.49,0.15,104.16666666666669,-37.5,954.0,live,0.441,74.76666666666667,$0-1,0.19,687675,True,1.49,0.17,0.17,,0.19
Basalt Monolith,4.25,5.49,3.23,29.176470588235297,-24.0,1114.0,live,4.941000000000001,10.575058823529414,$2-5,3.4,499661,True,1.49,3.0,3.49,,3.4
Stock Up,1.33,3.49,0.17,162.406015037594,-87.21804511278197,1246.0,live,3.1410000000000005,124.61954887218045,$1-2,0.38,675591,True,1.49,0.8,0.8,,0.38
Seething Landscape,0.28,0.39,0.15,39.28571428571428,-46.42857142857144,1234.0,live,0.35100000000000003,19.228571428571424,$0-1,0.15,553290,True,1.49,0.1,0.1,,0.15
"Arahbo, the First Fang",0.82,1.99,0.15,142.6829268292683,-81.70731707317073,954.0,live,1.791,107.73658536585368,$0-1,0.35,589324,True,1.49,0.29,0.29,,0.35
Blighted Agent,1.29,1.29,0.76,0.0,-41.08527131782946,970.0,live,1.161,-14.399999999999991,$1-2,,39492,True,1.49,0.6,0.6,,0.76
"Light-Paws, Emperor's Voice",3.29,5.99,3.43,82.06686930091186,4.255319148936175,838.0,live,5.391,55.84924012158054,$2-5,3.81,262458,True,1.49,1.25,1.25,,3.81
Brightstone Ritual,2.1,1.79,1.03,-14.761904761904765,-50.95238095238095,838.0,live,1.611,-27.03619047619048,$2-5,,10350,True,1.49,0.98,0.98,,1.03
Hedge Shredder,3.09,3.99,1.95,29.126213592233025,-36.89320388349515,778.0,live,3.591,10.53203883495147,$2-5,2.75,577689,True,1.49,2.37,2.37,,2.75
Endwalker - Brainstorm (Showcase),1.24,2.49,1.17,100.80645161290325,-5.645161290322586,871.0,live,2.241,71.89032258064516,$1-2,,631813,True,1.49,0.6,0.6,,1.17
Hulkbuster Armor,3.37,5.49,3.31,62.908011869436194,-1.7804154302670638,842.0,live,4.941000000000001,39.44925816023739,$2-5,3.55,697411,True,1.49,2.92,2.92,,3.55
Marsh Flats,32.0,39.99,29.68,24.968750000000007,-7.250000000000001,837.0,live,35.991,6.9732499999999975,$20-50,29.5,238608,True,0.0,24.06,24.06,,29.5
Inventors' Fair,16.85,21.99,13.86,30.50445103857565,-17.744807121661733,750.0,live,19.791,11.71181008902075,$10-20,14.87,122600,True,0.0,11.5,15.0,,14.87
Cast into the Fire,0.87,1.99,0.79,128.73563218390808,-9.19540229885057,1545.0,live,1.791,95.7977011494253,$0-1,0.86,498308,True,1.49,0.58,0.58,,0.86
"Leatherhead, Swamp Stalker",0.93,0.99,0.15,6.451612903225799,-83.87096774193549,1024.0,live,0.891,-8.877419354838716,$0-1,0.59,673562,True,1.49,0.49,0.49,,0.59
"Tifa, Martial Artist",3.53,7.99,2.15,126.34560906515584,-39.09348441926346,1330.0,live,7.191000000000001,93.75184135977337,$2-5,,630712,True,1.49,0.51,0.51,,2.15
Demolition Field,0.29,0.59,0.15,103.44827586206895,-48.27586206896552,1413.0,live,0.531,74.15172413793101,$0-1,0.28,631316,True,1.49,0.12,0.12,,0.28
Path to Exile (Borderless) (0047),6.99,7.99,5.19,14.306151645207438,-25.75107296137339,762.0,live,7.191000000000001,-2.153934191702439,$5-10,,697486,True,0.0,5.38,6.14,,5.19
Bring to Light,0.37,0.49,0.15,32.432432432432435,-59.45945945945946,828.0,live,0.441,13.36216216216216,$0-1,0.24,689382,True,1.49,0.25,0.25,,0.24
Stonecoil Serpent,0.34,0.99,0.15,191.17647058823525,-55.88235294117647,1106.0,live,0.891,149.2470588235294,$0-1,0.27,687627,True,1.49,0.29,0.29,,0.27
Drannith Magistrate,15.13,19.99,13.01,32.121612690019816,-14.0118968935889,795.0,live,17.991,13.096100462656954,$10-20,12.71,212115,True,1.3,12.0,12.0,,12.71
Counterspell (Borderless),2.47,4.49,2.29,81.78137651821862,-7.287449392712557,972.0,live,4.041,55.604858299595136,$2-5,,507208,True,1.49,1.98,1.98,,2.29
Seam Rip,0.4,0.99,0.15,147.5,-62.5,1604.0,live,0.891,111.86,$0-1,0.35,644618,True,1.49,0.15,0.15,,0.35
Cursed Mirror,0.87,0.79,0.2,-9.19540229885057,-77.01149425287356,826.0,live,0.7110000000000001,-22.271264367816084,$0-1,,687394,True,1.49,0.44,0.44,,0.2
Mirrormind Crown,0.81,0.99,0.26,22.22222222222221,-67.90123456790124,1018.0,live,0.891,4.622222222222212,$0-1,,670970,True,1.49,0.5,0.5,,0.26
Invert Polarity,0.44,1.29,0.15,193.18181818181824,-65.90909090909092,1084.0,live,1.161,150.9636363636364,$0-1,0.45,552825,True,1.49,0.3,0.3,,0.45
Jeskai Revelation,5.51,8.99,4.4,63.15789473684211,-20.145190562613426,1005.0,live,8.091000000000001,39.66315789473684,$5-10,4.69,625135,True,1.49,3.69,4.33,,4.69
"Oran-Rief, the Vastwood",0.35,0.99,0.25,182.8571428571429,-28.57142857142857,1148.0,live,0.891,142.1257142857143,$0-1,0.33,687702,True,1.49,0.32,0.32,,0.33
Biorganic Carapace,0.41,0.49,0.15,19.512195121951223,-63.41463414634146,845.0,live,0.441,2.302439024390245,$0-1,0.37,652081,True,1.49,0.25,0.25,,0.37
Witch of the Moors,0.39,0.69,0.15,76.9230769230769,-61.53846153846154,1332.0,live,0.621,51.44615384615384,$0-1,0.63,687508,True,1.49,0.33,0.33,,0.63
Verdant Catacombs,27.16,37.99,29.12,39.87481590574375,7.216494845360828,779.0,live,34.191,19.732842415316654,$20-50,29.85,238611,False,0.0,,28.5,13840,29.85
"Momo, Friendly Flier",0.33,0.59,0.15,78.78787878787877,-54.54545454545456,1273.0,live,0.531,53.04242424242421,$0-1,0.39,648654,True,1.49,0.15,0.15,,0.39
"Elspeth, Sun's Champion (Borderless)",2.4,6.99,1.04,191.25,-56.66666666666666,1000.0,live,6.291,149.31,$2-5,,559726,True,1.49,0.83,0.83,,1.04
Dracogenesis,12.74,13.99,10.31,9.811616954474095,-19.073783359497643,753.0,live,12.591000000000001,-6.001255886970169,$10-20,10.99,624139,True,0.0,9.81,11.1,,10.99
Deadly Dispute,0.4,1.29,0.33,222.5,-17.5,1042.0,live,1.161,176.06,$0-1,0.43,243448,True,1.49,0.3,0.3,,0.43
Fountainport,2.77,5.49,2.39,98.19494584837544,-13.718411552346566,823.0,live,4.941000000000001,69.6548736462094,$2-5,2.62,559627,True,1.49,1.99,1.99,,2.62
Path to Exile,1.21,2.49,1.2,105.78512396694218,-0.8264462809917362,931.0,live,2.241,76.15206611570248,$1-2,1.24,687458,True,1.49,1.16,1.16,,1.24
Irenicus's Vile Duplication,12.82,17.99,11.45,40.32761310452417,-10.68642745709829,764.0,live,16.191,20.120436817472683,$10-20,11.48,272576,True,0.0,10.46,11.66,,11.48
Counterspell (Borderless) (0052),10.62,11.99,10.31,12.900188323917147,-2.9190207156308734,758.0,live,10.791,-3.35743879472693,$10-20,,696413,True,0.99,6.83,6.83,,10.31
Professor Dellian Fel (Borderless),6.51,8.99,6.21,38.0952380952381,-4.608294930875574,799.0,live,8.091000000000001,18.20952380952381,$5-10,,686614,True,0.0,5.0,5.19,,6.21
Spell Snare,0.33,0.99,0.15,200.0,-54.54545454545456,1439.0,live,0.891,156.79999999999995,$0-1,0.29,671055,True,1.49,0.24,0.24,,0.29
"Elas il-Kor, Sadistic Pilgrim (Showcase)",0.85,2.29,1.0,169.41176470588235,17.647058823529417,864.0,live,2.061,130.6164705882353,$0-1,,283384,True,1.49,0.42,0.42,,1.0
Ominous Seas,1.17,2.99,1.14,155.55555555555557,-2.5641025641025665,889.0,live,2.6910000000000003,118.75555555555556,$1-2,1.32,212260,True,1.49,0.99,0.99,,1.32
Spirit Mantle,0.36,0.79,0.15,119.44444444444446,-58.333333333333336,1389.0,live,0.7110000000000001,87.84444444444446,$0-1,0.35,687536,True,1.49,0.18,0.18,,0.35
"Niv-Mizzet, Parun",4.64,5.99,4.63,29.09482758620691,-0.2155172413793057,846.0,live,5.391,10.505172413793112,$2-5,5.15,175582,True,1.49,3.25,3.47,,5.15
Sol Ring,1.8,2.79,1.4,54.99999999999999,-22.22222222222223,1390.0,live,2.511,32.68000000000001,$1-2,1.49,687542,True,1.49,1.5,1.5,,1.49
Fabled Passage,1.5,1.49,0.92,-0.6666666666666672,-38.66666666666666,945.0,live,1.341,-14.970666666666672,$1-2,0.96,687665,True,1.49,0.98,0.98,,0.96
Academy Manufactor,6.78,9.49,6.59,39.97050147492625,-2.802359882005905,770.0,live,8.541,19.814749262536875,$5-10,6.33,240047,True,0.0,5.71,6.79,,6.33
Scalding Tarn,38.39,42.99,39.66,11.982287053920295,3.30815316488668,843.0,live,38.691,-4.143162281844221,$20-50,38.45,238610,True,0.0,26.78,26.78,,38.45
Quirion Ranger,1.37,2.29,1.14,67.15328467153283,-16.788321167883225,1154.0,live,2.061,43.08321167883211,$1-2,,239776,True,1.49,1.0,1.0,,1.14
Changeling Wayfinder,0.25,0.35,0.15,39.99999999999999,-40.0,1371.0,live,0.315,19.83999999999999,$0-1,0.19,672033,True,1.49,0.01,0.01,,0.19
With Great Power . . .,1.23,1.49,0.15,21.138211382113823,-87.8048780487805,932.0,live,1.341,3.6943089430894247,$1-2,0.76,651378,True,1.49,0.55,0.55,,0.76
Goldlust Triad,5.71,7.99,5.19,39.92994746059545,-9.106830122591935,819.0,live,7.191000000000001,19.780035026269697,$5-10,5.57,624325,True,0.0,4.68,5.18,,5.57
"Bugenhagen, Wise Elder",0.44,1.29,0.4,193.18181818181824,-9.090909090909086,1406.0,live,1.161,150.9636363636364,$0-1,0.57,631113,True,1.49,0.39,0.39,,0.57
"Arana, Heart of the Spider",0.77,1.29,0.39,67.53246753246754,-49.35064935064935,837.0,live,1.161,43.40779220779222,$0-1,,651999,True,1.49,0.4,0.4,,0.39
Thassa's Oracle,23.72,27.99,19.79,18.001686340640806,-16.568296795952783,734.0,live,25.191,1.009443507588526,$20-50,18.62,206926,True,0.99,19.99,20.46,,18.62
"Aurelia, the Law Above",1.44,2.29,1.45,59.02777777777779,0.6944444444444451,820.0,live,2.061,36.12777777777778,$1-2,1.65,529989,True,1.49,1.24,1.24,,1.65
Horn of Greed (Borderless),8.32,9.49,7.81,14.0625,-6.1298076923077005,778.0,live,8.541,-2.362499999999998,$5-10,,668492,True,0.0,6.5,7.8,,7.81
Archfiend of Depravity,0.4,0.99,0.15,147.5,-62.5,918.0,live,0.891,111.86,$0-1,,631223,True,1.49,0.22,0.22,,0.15
Winter Moon,0.41,0.99,0.15,141.46341463414635,-63.41463414634146,1032.0,live,0.891,106.69268292682928,$0-1,0.57,548574,True,1.49,0.3,0.3,,0.57
Extinguisher Battleship,0.48,1.29,0.2,168.75000000000003,-58.33333333333333,873.0,live,1.161,130.05,$0-1,0.47,641726,True,1.49,0.32,0.32,,0.47
Moogles' Valor,0.65,0.69,0.23,6.153846153846142,-64.61538461538461,814.0,live,0.621,-9.132307692307704,$0-1,0.54,631823,True,1.49,0.4,0.4,,0.54
"Shang-Chi, Master of Kung Fu (Borderless) (0370)",14.63,18.99,14.68,29.801777170198207,0.3417634996582292,753.0,live,17.090999999999998,11.110321257689671,$10-20,,697067,True,0.0,9.0,13.24,,14.68
Emrakul's Messenger,0.35,0.69,0.15,97.14285714285714,-57.14285714285714,927.0,live,0.621,68.75428571428571,$0-1,0.28,552822,True,1.49,0.14,0.14,,0.28
Lessons from Life,0.32,0.35,0.15,9.374999999999991,-53.125,1128.0,live,0.315,-6.375000000000009,$0-1,0.25,679600,True,1.49,0.09,0.09,,0.25
Patriarch's Bidding,3.87,4.99,2.08,28.9405684754522,-46.253229974160206,770.0,live,4.4910000000000005,10.37312661498708,$2-5,,239757,True,1.49,3.49,3.49,,2.08
White Lotus Tile,4.75,6.99,3.01,47.15789473684211,-36.631578947368425,781.0,live,6.291,25.967157894736843,$2-5,3.27,660532,True,1.49,3.1,3.36,,3.27
Primal Vigor,10.99,10.99,10.32,0.0,-6.096451319381255,748.0,live,9.891,-14.400000000000007,$10-20,10.59,513893,True,0.0,9.7,10.39,,10.59
Phyrexian Tower,27.8,39.99,25.47,43.84892086330935,-8.381294964028783,788.0,live,35.991,23.1346762589928,$20-50,25.74,552852,True,1.2,24.0,25.0,,25.74
Secluded Courtyard,0.38,0.39,0.15,2.6315789473684235,-60.526315789473685,1149.0,live,0.35100000000000003,-12.147368421052626,$0-1,0.2,525821,True,1.49,0.19,0.19,,0.2
Freed from the Real,8.2,11.99,6.7700000000000005,46.219512195121965,-17.43902439024389,766.0,live,10.791,25.1639024390244,$5-10,7.19,12437,True,0.0,5.0,5.0,,7.19
Swords to Plowshares,1.39,2.49,1.4,79.13669064748204,0.7194244604316554,1164.0,live,2.241,53.34100719424462,$1-2,1.4,624152,True,1.49,1.23,1.23,,1.4
Cyberdrive Awakener (Borderless),4.16,4.99,3.81,19.95192307692308,-8.41346153846154,755.0,live,4.4910000000000005,2.6788461538461537,$2-5,,697488,True,1.49,2.99,3.0,,3.81
Namor the Sub-Mariner (Borderless) (0362),14.35,16.99,14.41,18.397212543554,0.4181184668989581,772.0,live,15.290999999999999,1.3480139372822226,$10-20,,696288,True,0.0,12.48,13.46,,14.41
Sheoldred's Edict,1.29,1.79,0.78,38.75968992248062,-39.53488372093023,912.0,live,1.611,18.77829457364341,$1-2,1.43,689361,True,1.49,1.55,1.55,,1.43
Sterling Grove,3.48,5.49,3.28,57.75862068965518,-5.747126436781615,787.0,live,4.941000000000001,35.04137931034483,$2-5,3.87,240050,False,1.49,,2.82,1780,3.87
Buried Ruin,0.38,0.99,0.37,160.52631578947367,-2.6315789473684235,1304.0,live,0.891,123.01052631578946,$0-1,0.45,642848,True,1.49,0.37,0.37,,0.45
Thornspire Verge,5.5,7.49,4.87,36.18181818181819,-11.454545454545451,835.0,live,6.7410000000000005,16.57163636363636,$5-10,5.31,576530,True,1.49,3.7,4.9,,5.31
Claim Jumper,0.35,0.49,0.15,40.00000000000001,-57.14285714285714,1114.0,live,0.441,19.840000000000003,$0-1,0.27,687388,True,1.49,0.29,0.29,,0.27
"Miirym, Sentinel Wyrm",6.35,4.99,6.19,-21.41732283464566,-2.519685039370067,797.0,live,4.4910000000000005,-32.73322834645669,$5-10,7.86,273196,True,0.0,5.26,6.48,,7.86
Summon: Leviathan,1.4,2.29,0.54,63.57142857142859,-61.42857142857142,808.0,live,2.061,40.01714285714287,$1-2,1.6,631807,True,1.49,0.75,0.75,,1.6
Squirrel Sanctuary,0.36,0.79,0.15,119.44444444444446,-58.333333333333336,845.0,live,0.7110000000000001,87.84444444444446,$0-1,0.4,239441,True,1.49,0.29,0.29,,0.4
Auroral Procession,0.48,1.49,0.15,210.41666666666669,-68.74999999999999,1170.0,live,1.341,165.71666666666667,$0-1,0.36,624254,True,1.49,0.22,0.22,,0.36
Dragonskull Summit,0.61,0.79,0.26,29.508196721311485,-57.377049180327866,997.0,live,0.7110000000000001,10.859016393442635,$0-1,,631583,True,1.49,0.4,0.4,,0.26
Ocelot Pride,41.39,54.99,40.79,32.85817830393815,-1.4496255134090394,900.0,live,49.491,13.72660062817106,$20-50,39.73,552863,True,0.99,33.49,35.0,,39.73
Peregrin Took (Showcase),0.4,1.29,0.17,222.5,-57.49999999999999,900.0,live,1.161,176.06,$0-1,,498615,True,1.49,0.12,0.12,,0.17
Shivan Reef,0.4,0.99,0.28,147.5,-30.0,1013.0,live,0.891,111.86,$0-1,0.32,624216,True,1.49,0.27,0.27,,0.32
Kalonian Hydra,5.66,7.49,5.14,32.332155477031804,-9.187279151943471,803.0,live,6.7410000000000005,13.276325088339217,$5-10,6.0,559916,True,1.49,4.0,4.91,,6.0
Archaeomancer's Map,1.06,1.99,0.96,87.73584905660377,-9.433962264150953,925.0,live,1.791,60.70188679245283,$1-2,0.96,687374,True,1.49,1.15,1.15,,0.96
Deduce,0.17,0.35,0.15,105.88235294117644,-11.764705882352953,988.0,live,0.315,76.23529411764703,$0-1,0.15,686635,True,1.49,0.1,0.1,,0.15
Whispersilk Cloak,4.09,3.99,1.5,-2.444987775061116,-63.32518337408312,850.0,live,3.591,-16.492909535452313,$2-5,1.43,11597,True,1.49,1.0,1.0,,1.43
Summon: Fenrir,0.65,0.59,0.15,-9.23076923076924,-76.92307692307692,975.0,live,0.531,-22.30153846153848,$0-1,0.39,630923,True,1.49,0.18,0.18,,0.39
"Liliana, Dreadhorde General",7.19,10.99,6.92,52.85118219749651,-3.755215577190549,742.0,live,9.891,30.840611961057007,$5-10,7.48,588098,True,0.0,5.88,7.03,,7.48
Pest Infestation,0.52,0.79,0.46,51.92307692307693,-11.538461538461538,959.0,live,0.7110000000000001,30.046153846153857,$0-1,0.59,687560,True,1.49,0.5,0.5,,0.59
Dina's Guidance (Extended Art),1.55,1.29,0.78,-16.7741935483871,-49.67741935483871,827.0,live,1.161,-28.758709677419347,$1-2,,689111,True,1.49,1.38,1.38,,0.78
Curious Forager,0.36,0.59,0.15,63.888888888888886,-58.333333333333336,920.0,live,0.531,40.28888888888888,$0-1,0.15,559117,True,1.49,0.1,0.1,,0.15
Diary of Dreams,0.28,0.35,0.15,24.999999999999982,-46.42857142857144,1110.0,live,0.315,6.999999999999981,$0-1,0.15,686572,True,1.49,0.1,0.1,,0.15
Mishra's Bauble,2.36,2.99,0.72,26.694915254237305,-69.49152542372882,1102.0,live,2.6910000000000003,8.450847457627122,$2-5,,451925,True,1.49,0.7,0.7,,0.72
Ringsight,0.41,0.99,0.19,141.46341463414635,-53.65853658536584,832.0,live,0.891,106.69268292682928,$0-1,0.4,498527,True,1.49,0.25,0.25,,0.4
Lava Dart,0.98,1.99,0.56,103.0612244897959,-42.85714285714285,2115.0,live,1.791,73.82040816326531,$0-1,,190635,True,1.49,0.66,0.66,,0.56
Ghostly Prison,5.69,5.99,4.16,5.272407732864672,-26.889279437609844,837.0,live,5.391,-9.886818980667844,$5-10,4.27,687413,True,0.0,4.0,5.04,,4.27
"Kilo, Apogee Mind (Borderless)",1.81,2.49,0.3,37.56906077348067,-83.42541436464089,1196.0,live,2.241,17.759116022099445,$1-2,,638906,True,1.49,0.39,0.39,,0.3
The Emperor of Palamecia,0.3,0.35,0.15,16.666666666666664,-50.0,873.0,live,0.315,-0.1333333333333371,$0-1,,631005,True,1.49,0.12,0.12,,0.15
Nulldrifter,1.2,2.29,0.39,90.83333333333334,-67.5,928.0,live,2.061,63.35333333333334,$1-2,0.97,548590,True,1.49,0.76,0.76,,0.97
Red Elemental Blast,3.51,5.49,3.25,56.41025641025642,-7.407407407407401,1280.0,live,4.941000000000001,33.887179487179495,$2-5,,1537,False,1.49,,2.37,175,3.25
Talisman of Conviction,0.38,0.59,0.2,55.26315789473684,-47.368421052631575,1103.0,live,0.531,32.90526315789472,$0-1,0.32,631187,True,1.49,0.29,0.29,,0.32
Skirk Prospector,0.29,0.69,0.15,137.9310344827586,-48.27586206896552,1259.0,live,0.621,103.66896551724136,$0-1,0.25,462963,True,1.49,0.2,0.2,,0.25
Lush Portico,5.11,7.99,4.67,56.360078277886494,-8.61056751467711,833.0,live,7.191000000000001,33.84422700587083,$5-10,5.36,532881,True,1.49,3.89,4.79,,5.36
"Etali, Primal Storm",0.47,0.79,0.37,68.08510638297875,-21.276595744680847,879.0,live,0.7110000000000001,43.88085106382981,$0-1,0.37,559824,True,1.49,0.45,0.45,,0.37
Carrion Feeder,3.8,4.99,3.66,31.315789473684223,-3.684210526315781,810.0,live,4.4910000000000005,12.406315789473693,$2-5,3.86,191578,True,1.49,3.06,3.06,,3.86
Mountain (0303),0.25,0.59,0.15,136.0,-40.0,2602.0,live,0.531,102.01599999999998,$0-1,,630895,True,1.49,0.07,0.07,,0.15
Dour Port-Mage,2.44,4.49,1.96,84.01639344262296,-19.672131147540984,770.0,live,4.041,57.51803278688526,$2-5,2.23,559503,True,1.49,1.11,1.11,,2.23
The Endstone,2.02,3.49,1.82,72.77227722772278,-9.9009900990099,873.0,live,3.1410000000000005,47.89306930693071,$2-5,2.01,641744,True,1.49,1.78,1.78,,2.01
Return to the Ranks,0.35,0.49,0.15,40.00000000000001,-57.14285714285714,794.0,live,0.441,19.840000000000003,$0-1,0.39,688933,True,1.49,0.25,0.25,,0.39
Crop Rotation,3.69,3.99,3.08,8.130081300813014,-16.531165311653112,888.0,live,3.591,-7.440650406504057,$2-5,3.67,688886,True,1.49,2.99,2.99,,3.67
Day of Black Sun,0.8,1.29,0.15,61.24999999999999,-81.25,924.0,live,1.161,38.03000000000001,$0-1,0.35,660525,True,1.49,0.3,0.3,,0.35
Elvish Spirit Guide,3.02,2.99,2.33,-0.993377483443702,-22.84768211920529,869.0,live,2.6910000000000003,-15.250331125827818,$2-5,2.37,457270,True,1.49,2.0,2.24,,2.37
Twenty-Toed Toad,6.11,6.99,2.91,14.402618657937804,-52.373158756137485,935.0,live,6.291,-2.0713584288052447,$5-10,,559999,True,1.49,3.45,3.78,,2.91
Avenger of Zendikar,0.42,1.29,0.41,207.1428571428572,-2.380952380952383,1191.0,live,1.161,162.91428571428577,$0-1,0.46,671181,True,1.49,0.41,0.41,,0.46
"The Mighty Thor, Jane Foster (Extended Art)",1.6,2.29,1.19,43.125,-25.625000000000007,794.0,live,2.061,22.515,$1-2,,696647,True,1.49,1.47,1.47,,1.19
Madame Hydra (Borderless),0.29,0.35,0.15,20.6896551724138,-48.27586206896552,889.0,live,0.315,3.3103448275862064,$0-1,,696333,True,1.49,0.05,0.05,,0.15
Shipwreck Marsh,6.57,10.99,6.640000000000001,67.27549467275495,1.0654490106544945,761.0,live,9.891,43.18782343987822,$5-10,6.66,247826,True,1.49,4.7,4.7,,6.66
Planar Engineering (Extended Art),2.75,1.49,1.11,-45.81818181818182,-59.63636363636363,803.0,live,1.341,-53.62036363636364,$2-5,,688688,True,1.49,1.45,2.19,,1.11
"Splinter, Radical Rat",0.92,0.49,0.15,-46.73913043478261,-83.69565217391303,818.0,live,0.441,-54.40869565217392,$0-1,0.21,673673,True,1.49,0.37,0.37,,0.21
"Aang, at the Crossroads",0.8,0.79,0.2,-1.250000000000001,-75.00000000000001,828.0,live,0.7110000000000001,-15.469999999999995,$0-1,,660583,True,1.49,0.39,0.39,,0.2
Chaos Warp (Borderless),5.3,5.49,5.05,3.584905660377366,-4.716981132075472,760.0,live,4.941000000000001,-11.331320754716977,$5-10,,668487,True,1.49,4.0,4.0,,5.05
Whispersilk Cloak,3.63,2.99,2.33,-17.63085399449035,-35.81267217630854,897.0,live,2.6910000000000003,-29.492011019283748,$2-5,2.3,11597,True,1.49,1.0,1.0,,2.3
Nature's Lore,3.22,3.99,2.58,23.913043478260867,-19.87577639751553,754.0,live,3.591,6.069565217391306,$2-5,2.9,687543,True,1.49,2.3,2.55,,2.9
Galazeth Prismari,0.37,0.99,0.15,167.56756756756758,-59.45945945945946,1192.0,live,0.891,129.03783783783786,$0-1,0.2,687631,True,1.49,0.33,0.33,,0.2
Origin of the Avengers (Borderless),0.53,0.49,0.15,-7.547169811320761,-71.69811320754717,863.0,live,0.441,-20.86037735849057,$0-1,,696475,True,1.49,0.33,0.33,,0.15
Kazuul's Fury,0.57,1.79,0.5700000000000001,214.0350877192983,1.9477596923248362e-14,973.0,live,1.611,168.81403508771933,$0-1,,222039,True,3.99,0.43,0.43,,0.5700000000000001
Miles Morales,5.15,4.99,3.42,-3.106796116504857,-33.59223300970874,782.0,live,4.4910000000000005,-17.059417475728157,$5-10,,646579,True,1.49,2.74,3.63,,3.42
"Thanos, the Mad Titan (Borderless) (0376)",11.96,9.99,9.02,-16.47157190635452,-24.58193979933112,718.0,live,8.991,-28.49966555183948,$10-20,,696338,True,0.0,9.14,10.14,,9.02
Ugin's Labyrinth,13.4,20.99,11.64,56.6417910447761,-13.134328358208952,1038.0,live,18.891,34.08537313432836,$10-20,12.29,548589,True,0.0,10.57,10.57,,12.29
Lightning Greaves,4.96,6.49,4.07,30.84677419354839,-17.943548387096765,772.0,live,5.841,12.00483870967742,$2-5,4.21,687611,True,1.49,4.13,4.13,,4.21
"Mjolnir, Storm Hammer",2.43,3.99,2.08,64.19753086419753,-14.403292181069965,836.0,live,3.591,40.553086419753086,$2-5,,556330,True,1.49,1.5,1.99,,2.08
Razorgrass Ambush,0.36,0.49,0.15,36.11111111111112,-58.333333333333336,1096.0,live,0.441,16.51111111111111,$0-1,,552581,True,1.49,0.14,0.14,,0.15
Leo's Katana - Sword of Sinew and Steel (Borderless),3.17,2.29,2.05,-27.7602523659306,-35.33123028391167,792.0,live,2.061,-38.1627760252366,$2-5,,679212,True,1.49,1.95,2.47,,2.05
Seat of the Synod,0.8,1.49,0.61,86.25,-23.750000000000007,1156.0,live,1.341,59.42999999999999,$0-1,0.7,642862,True,1.49,0.73,0.73,,0.7
"Taskmaster, Mercenary Mimic (Extended Art)",2.2,2.79,1.04,26.81818181818181,-52.727272727272734,781.0,live,2.511,8.556363636363635,$2-5,,696871,True,1.49,1.45,1.45,,1.04
Monstrous Vortex,0.41,0.39,0.15,-4.878048780487796,-63.41463414634146,919.0,live,0.35100000000000003,-18.57560975609755,$0-1,0.27,552868,True,1.49,0.2,0.2,,0.27
Brokers Hideout,1.21,1.79,0.61,47.93388429752067,-49.58677685950413,851.0,live,1.611,26.63140495867769,$1-2,1.04,269107,True,1.49,0.5,0.5,,1.04
It That Heralds the End,0.42,0.59,0.15,40.47619047619048,-64.28571428571429,1034.0,live,0.531,20.24761904761904,$0-1,0.23,548595,True,1.49,0.15,0.15,,0.23
Bojuka Bog,1.81,2.29,1.03,26.519337016574585,-43.0939226519337,996.0,live,2.061,8.300552486187842,$1-2,1.19,687669,True,1.49,1.0,1.0,,1.19
"Tinybones, Bauble Burglar",1.32,1.29,0.44,-2.2727272727272747,-66.66666666666667,798.0,live,1.161,-16.34545454545454,$1-2,0.76,589379,True,1.49,0.3,0.3,,0.76
Octopus Form,0.22,0.35,0.15,59.09090909090908,-31.818181818181824,1111.0,live,0.315,36.18181818181817,$0-1,0.15,661802,True,1.49,0.03,0.03,,0.15
Maelstrom Artisan,0.24,0.49,0.15,104.16666666666669,-37.5,1119.0,live,0.441,74.76666666666667,$0-1,,688523,True,1.49,0.01,0.01,,0.15
Firebending Student,0.35,0.99,0.15,182.8571428571429,-57.14285714285714,927.0,live,0.891,142.1257142857143,$0-1,0.3,660544,True,1.49,0.22,0.22,,0.3
"Carnage, Crimson Chaos (Borderless)",3.21,2.99,1.12,-6.853582554517127,-65.10903426791276,821.0,live,2.6910000000000003,-20.26666666666667,$2-5,,651351,True,1.49,1.34,1.49,,1.12
Planar Incision,0.38,1.29,0.26,239.4736842105264,-31.57894736842105,928.0,live,1.161,190.58947368421056,$0-1,0.35,262784,True,1.49,0.2,0.2,,0.35
"Ajani, Nacatl Pariah",9.44,13.99,7.99,48.19915254237289,-15.360169491525417,921.0,live,12.591000000000001,26.8584745762712,$5-10,,541279,True,0.0,6.51,8.0,,7.99
Tibalt's Trickery,9.85,17.99,10.42,82.63959390862942,5.786802030456856,734.0,live,16.191,56.33949238578679,$5-10,10.75,230206,True,0.99,8.0,8.44,,10.75
Vandalblast,1.52,2.29,1.23,50.6578947368421,-19.07894736842105,819.0,live,2.061,28.96315789473684,$1-2,1.5,631188,True,3.99,1.23,1.23,,1.5
Coastal Peak,0.32,0.49,0.15,53.12499999999999,-53.125,1317.0,live,0.441,31.074999999999992,$0-1,0.16,687592,True,1.49,0.2,0.2,,0.16
Famished Worldsire,2.75,4.49,2.6,63.27272727272728,-5.454545454545452,740.0,live,4.041,39.76145454545455,$2-5,2.69,642982,True,1.49,2.0,2.0,,2.69
Swamp,1.73,1.99,0.5,15.028901734104046,-71.09826589595376,2504.0,live,1.791,-1.5352601156069317,$1-2,0.3,206024,True,1.49,1.04,1.04,,0.3
The One Ring (Borderless) (LTR Bundle),88.96,129.99,125.02,46.12185251798564,40.53507194244605,739.0,live,116.99100000000001,25.080305755395703,$50-100,,488270,True,1.24,88.83,89.68,,125.02
Summon: Yojimbo,1.12,2.49,1.04,122.32142857142856,-7.142857142857148,1699.0,live,2.241,90.30714285714284,$1-2,1.24,631165,True,1.49,1.04,1.04,,1.24
Cultivate,0.4,0.99,0.35,147.5,-12.50000000000001,1258.0,live,0.891,111.86,$0-1,0.45,499506,True,1.49,0.36,0.36,,0.45
Political Triumph,0.22,0.35,0.15,59.09090909090908,-31.818181818181824,1753.0,live,0.315,36.18181818181817,$0-1,0.16,696476,True,1.49,0.05,0.05,,0.16
Dark Ritual,4.39,4.49,2.08,2.277904328018236,-52.61958997722095,901.0,live,4.041,-12.45011389521639,$2-5,,1381,True,1.49,1.15,1.61,,2.08
Reckoner's Bargain,1.43,2.49,0.78,74.12587412587415,-45.45454545454545,1575.0,live,2.241,49.05174825174826,$1-2,,262771,True,1.49,0.79,0.79,,0.78
Devoted Druid,0.39,1.29,0.36,230.7692307692308,-7.692307692307699,1564.0,live,1.161,183.1384615384616,$0-1,0.42,671202,True,1.49,0.35,0.35,,0.42
Sanguine Bond,5.84,6.49,5.5200000000000005,11.130136986301377,-5.479452054794511,883.0,live,5.841,-4.872602739726027,$5-10,4.81,499501,True,1.49,4.0,4.0,,4.81
Maskwood Nexus,0.97,2.29,1.17,136.08247422680412,20.61855670103093,1066.0,live,2.061,102.08659793814434,$0-1,1.3,553540,True,1.49,1.07,1.25,,1.3
Hedge Maze,10.27,16.99,9.27,65.43330087633883,-9.737098344693282,791.0,live,15.290999999999999,41.61090555014605,$10-20,10.9,532916,False,1.0,,10.0,492502,10.9
March of Swirling Mist,3.73,6.49,3.78,73.9946380697051,1.340482573726537,778.0,live,5.841,48.93941018766756,$2-5,4.6,262791,True,1.49,1.91,2.98,,4.6
Erebor Flamesmith,0.36,0.99,0.3,175.0,-16.666666666666664,1101.0,live,0.891,135.4,$0-1,0.35,499920,True,1.49,0.25,0.25,,0.35
Abundant Countryside,3.05,4.99,2.76,63.6065573770492,-9.508196721311476,1525.0,live,4.4910000000000005,40.04721311475411,$2-5,3.12,671180,True,1.49,1.88,2.65,,3.12
Fangs of Kalonia,0.32,0.49,0.15,53.12499999999999,-53.125,890.0,live,0.441,31.074999999999992,$0-1,0.27,552812,True,1.49,0.21,0.21,,0.27
Battlefield Forge,0.34,0.79,0.18,132.35294117647058,-47.05882352941177,1034.0,live,0.7110000000000001,98.89411764705883,$0-1,0.24,624204,True,1.49,0.14,0.14,,0.24
All That Glitters (Borderless),0.39,1.29,0.4,230.7692307692308,2.5641025641025665,803.0,live,1.161,183.1384615384616,$0-1,,507185,True,1.49,0.37,0.37,,0.4
Mechanized Production (Borderless),4.4,3.99,2.05,-9.318181818181822,-53.40909090909092,734.0,live,3.591,-22.376363636363635,$2-5,,696414,True,1.49,1.5,2.3,,2.05
Decanter of Endless Water (Showcase),2.51,4.49,2.56,78.88446215139444,1.9920318725099708,913.0,live,4.041,53.12509960159365,$2-5,,273423,True,1.49,1.9,1.9,,2.56
Narset's Reversal,2.57,3.99,2.28,55.25291828793776,-11.284046692607005,804.0,live,3.591,32.896498054474726,$2-5,2.19,624156,True,1.49,1.67,1.68,,2.19
"Susur Secundi, Void Altar",3.56,6.49,2.88,82.30337078651687,-19.101123595505623,774.0,live,5.841,56.05168539325842,$2-5,,641742,True,1.49,2.93,2.93,,2.88
Call Damage Control,0.21,0.35,0.15,66.66666666666666,-28.57142857142857,1760.0,live,0.315,42.66666666666666,$0-1,0.15,697044,True,1.49,0.05,0.05,,0.15
Ashling's Command,0.54,0.79,0.26,46.29629629629629,-51.85185185185185,904.0,live,0.7110000000000001,25.229629629629635,$0-1,,656679,True,1.49,0.25,0.25,,0.26
"Splinter, the Mentor (0003) (Borderless)",2.16,4.99,0.78,131.0185185185185,-63.88888888888889,1193.0,live,4.4910000000000005,97.75185185185184,$2-5,,657756,True,1.49,0.55,0.55,,0.78
Ornithopter,0.32,0.69,0.16,115.62499999999996,-50.0,1918.0,live,0.621,84.57499999999997,$0-1,0.19,457188,True,1.49,0.2,0.2,,0.19
Mycoloth,0.39,0.99,0.25,153.84615384615384,-35.8974358974359,1225.0,live,0.891,117.29230769230767,$0-1,0.25,687538,True,1.49,0.32,0.32,,0.25
Plumb the Forbidden,0.34,0.79,0.19,132.35294117647058,-44.117647058823536,1008.0,live,0.7110000000000001,98.89411764705883,$0-1,0.2,687481,True,1.49,0.26,0.26,,0.2
Glint-Horn Buccaneer,8.59,13.99,7.38,62.86379511059372,-14.086146682188591,718.0,live,12.591000000000001,39.41140861466823,$5-10,7.9,192896,True,3.99,6.09,7.21,,7.9
"Zul Ashur, Lich Lord",0.68,1.49,0.15,119.11764705882352,-77.94117647058823,802.0,live,1.341,87.56470588235291,$0-1,0.54,589382,True,1.49,0.51,0.51,,0.54
Nomad Outpost,0.3,0.69,0.15,129.99999999999997,-50.0,919.0,live,0.621,96.88,$0-1,0.21,624269,True,1.49,0.2,0.2,,0.21
"Ashling, Rekindled",1.02,0.99,0.43,-2.9411764705882377,-57.84313725490197,891.0,live,0.891,-16.917647058823533,$1-2,,656663,True,1.49,0.31,0.31,,0.43
Simic Ascendancy,0.49,1.49,0.31,204.08163265306123,-36.734693877551024,888.0,live,1.341,160.29387755102042,$0-1,0.49,559899,True,1.49,0.38,0.38,,0.49
"Eirdu, Carrier of Dawn",2.73,3.99,2.25,46.15384615384616,-17.58241758241758,754.0,live,3.591,25.10769230769232,$2-5,,656563,True,1.49,2.66,2.66,,2.25
Seize the Day (Borderless),3.88,5.99,4.1,54.38144329896908,5.670103092783499,742.0,live,5.391,32.15051546391753,$2-5,,696420,True,1.49,2.74,2.74,,4.1
"Wiccan, Rising Magician",0.22,0.35,0.15,59.09090909090908,-31.818181818181824,1358.0,live,0.315,36.18181818181817,$0-1,0.15,696993,True,1.49,0.1,0.1,,0.15
"Aziza, Mage Tower Captain",0.27,0.49,0.15,81.48148148148147,-44.44444444444445,850.0,live,0.441,55.34814814814813,$0-1,0.15,688667,True,1.49,0.09,0.09,,0.15
"Sting, the Glinting Dagger",3.29,4.99,3.19,51.671732522796354,-3.039513677811553,796.0,live,4.4910000000000005,29.83100303951368,$2-5,3.41,499878,False,1.49,,3.4,10133,3.41
"Katara, the Fearless",0.69,0.59,0.15,-14.492753623188404,-78.26086956521738,838.0,live,0.531,-26.80579710144928,$0-1,0.3,648735,True,1.49,0.34,0.34,,0.3
Tithing Blade,0.53,0.69,0.26,30.188679245283,-50.943396226415096,1329.0,live,0.621,11.441509433962247,$0-1,,526379,True,1.49,0.3,0.3,,0.26
Sulfurous Springs,1.18,2.29,1.19,94.06779661016952,0.8474576271186449,1348.0,live,2.061,66.12203389830509,$1-2,1.24,631594,True,1.49,0.96,0.96,,1.24
Armored Skyhunter,0.39,0.79,0.15,102.56410256410258,-61.53846153846154,1274.0,live,0.7110000000000001,73.3948717948718,$0-1,0.25,687380,True,1.49,0.2,0.2,,0.25
Sanctum Weaver,3.65,6.49,3.64,77.80821917808221,-0.2739726027397202,725.0,live,5.841,52.203835616438354,$2-5,4.07,240032,True,1.49,2.5,3.06,,4.07
Armor Wars (Borderless),0.51,0.49,0.15,-3.921568627450984,-70.58823529411764,804.0,live,0.441,-17.756862745098047,$0-1,,696332,True,1.49,0.4,0.4,,0.15
Ignoble Hierarch,1.27,2.29,0.52,80.31496062992126,-59.055118110236215,1054.0,live,2.061,54.3496062992126,$1-2,,671175,True,1.49,1.03,1.03,,0.52
Ethereal Armor,0.49,0.59,0.25,20.40816326530612,-48.97959183673469,1080.0,live,0.531,3.0693877551020288,$0-1,0.33,575288,True,1.49,0.24,0.24,,0.33
"Hawkeye, Trick Shot (Borderless)",4.8,5.49,3.84,14.37500000000001,-20.0,709.0,live,4.941000000000001,-2.094999999999996,$2-5,,699616,True,1.49,2.78,2.78,,3.84
"Toph, the Blind Bandit",0.25,0.35,0.15,39.99999999999999,-40.0,930.0,live,0.315,19.83999999999999,$0-1,0.15,649616,True,1.49,0.08,0.08,,0.15
Scute Swarm,9.84,11.99,7.86,21.849593495934965,-20.12195121951219,741.0,live,10.791,4.303252032520319,$5-10,7.77,222131,True,1.3,6.81,7.02,,7.77
Cosmic Spider-Man,3.96,2.99,1.81,-24.494949494949488,-54.292929292929294,796.0,live,2.6910000000000003,-35.36767676767677,$2-5,1.93,652002,True,1.49,2.0,3.0,,1.93
Swords to Plowshares,1.52,2.49,1.25,63.81578947368423,-17.763157894736842,1077.0,live,2.241,40.22631578947368,$1-2,1.43,624152,True,1.49,1.23,1.23,,1.43
Corrupted Conviction,2.04,1.79,0.2,-12.254901960784313,-90.19607843137256,847.0,live,1.611,-24.89019607843137,$2-5,,544718,False,1.49,,0.21,366347,0.2
Great Furnace,2.35,3.99,2.6,69.7872340425532,10.638297872340424,1051.0,live,3.591,45.33787234042554,$2-5,2.64,642853,True,1.49,1.96,2.28,,2.64
The Ruinous Wrecking Crew,0.32,0.49,0.15,53.12499999999999,-53.125,1132.0,live,0.441,31.074999999999992,$0-1,0.18,696489,True,1.49,0.1,0.1,,0.18
Curiosity,0.8,1.79,0.41,123.75,-48.75000000000001,882.0,live,1.611,91.53,$0-1,1.04,509516,True,1.49,0.7,0.7,,1.04
"Niv-Mizzet, Visionary",6.45,9.49,5.37,47.13178294573643,-16.74418604651163,745.0,live,8.541,25.944806201550392,$5-10,5.47,589357,True,0.0,4.99,6.38,,5.47
"Takenuma, Abandoned Mire",12.53,16.99,9.37,35.59457302474062,-25.219473264166005,711.0,live,15.290999999999999,16.068954509177967,$10-20,,262420,True,1.49,9.0,9.5,,9.37
Unnatural Growth,4.35,4.49,2.5,3.218390804597714,-42.5287356321839,803.0,live,4.041,-11.645057471264357,$2-5,2.73,559887,True,1.49,2.75,2.94,,2.73
Groundchuck & Dirtbag,0.58,0.49,0.15,-15.51724137931034,-74.13793103448275,951.0,live,0.441,-27.68275862068965,$0-1,0.55,673560,True,1.49,0.35,0.35,,0.55
Viscera Seer,0.79,1.29,0.32,63.291139240506325,-59.493670886075954,816.0,live,1.161,39.77721518987343,$0-1,0.4,687505,True,1.49,0.37,0.37,,0.4
Blade of Selves,3.12,5.49,2.94,75.96153846153845,-5.769230769230775,821.0,live,4.941000000000001,50.62307692307692,$2-5,2.86,624341,True,1.49,2.4,2.71,,2.86
"Otawara, Soaring City",27.69,42.99,29.99,55.25460455037919,8.30624774286745,708.0,live,38.691,32.897941495124606,$20-50,28.79,262434,False,0.99,,27.5,249430,28.79
Heroes in a Half Shell (0006) (Borderless),1.68,3.99,0.51,137.50000000000006,-69.64285714285714,1477.0,live,3.591,103.3,$1-2,,657766,True,1.49,0.58,0.58,,0.51
Heroic Intervention (0079) (Borderless),8.13,13.99,9.69,72.07872078720786,19.1881918819188,761.0,live,12.591000000000001,47.299384993849934,$5-10,,668490,True,0.99,6.5,6.99,,9.69
All That Glitters,0.74,1.29,0.41,74.32432432432434,-44.5945945945946,821.0,live,1.161,49.22162162162164,$0-1,0.6,198548,True,1.49,0.48,0.48,,0.6
"Jhoira, Weatherlight Captain",0.47,1.29,0.36,174.468085106383,-23.40425531914893,795.0,live,1.161,134.94468085106385,$0-1,,642818,True,1.49,0.38,0.38,,0.36
Thought Vessel,3.53,3.99,2.8000000000000003,13.031161473087831,-20.6798866855524,843.0,live,3.591,-3.2453257790368144,$2-5,2.7,631303,True,1.49,2.51,2.51,,2.7
Omni-Changeling,0.31,0.39,0.15,25.80645161290323,-51.61290322580645,935.0,live,0.35100000000000003,7.69032258064517,$0-1,0.25,671470,True,1.49,0.1,0.1,,0.25
Wave of Reckoning,0.44,0.49,0.15,11.36363636363636,-65.90909090909092,1432.0,live,0.441,-4.672727272727277,$0-1,0.3,687357,True,1.49,0.4,0.4,,0.3
"Mysterio, Master of Illusion",0.41,0.49,0.15,19.512195121951223,-63.41463414634146,1019.0,live,0.441,2.302439024390245,$0-1,0.32,651345,True,1.49,0.25,0.25,,0.32
Pongify,1.73,4.49,1.67,159.53757225433526,-3.4682080924855523,889.0,live,4.041,122.164161849711,$1-2,1.99,688725,True,1.49,2.0,2.0,,1.99
Charcoal Diamond,0.48,0.99,0.26,106.25,-45.83333333333333,1232.0,live,0.891,76.55,$0-1,0.59,226319,True,1.49,0.3,0.3,,0.59
Evolution Sage,2.91,3.49,2.08,19.93127147766323,-28.52233676975945,717.0,live,3.1410000000000005,2.661168384879731,$2-5,2.0,671204,True,1.49,2.1,2.1,,2.0
Forensic Gadgeteer,1.79,3.49,1.28,94.97206703910616,-28.49162011173184,997.0,live,3.1410000000000005,66.89608938547488,$1-2,1.66,534617,True,1.49,1.42,1.42,,1.66
Cultivate,0.47,0.79,0.35,68.08510638297875,-25.53191489361702,1014.0,live,0.7110000000000001,43.88085106382981,$0-1,0.45,499506,True,1.49,0.36,0.36,,0.45
Thran Power Suit,0.9,1.79,1.54,98.88888888888889,71.11111111111111,1179.0,live,1.611,70.2488888888889,$0-1,,452246,True,1.49,0.82,0.82,,1.54
Sol Ring,1.86,2.79,1.37,49.99999999999999,-26.344086021505376,1932.0,live,2.511,28.4,$1-2,1.49,687542,True,1.49,1.5,1.5,,1.49
Cover of Darkness,7.4,12.99,7.28,75.54054054054053,-1.621621621621623,704.0,live,11.691,50.26270270270269,$5-10,7.32,541326,True,0.0,5.63,7.08,,7.32
Ephemerate (Borderless),4.85,7.49,5.19,54.43298969072167,7.0103092783505305,806.0,live,6.7410000000000005,32.19463917525774,$2-5,,668481,True,1.49,3.25,3.85,,5.19
Moldervine Reclamation,0.34,0.35,0.19,2.9411764705882213,-44.117647058823536,981.0,live,0.315,-11.882352941176483,$0-1,0.29,687640,True,1.49,0.29,0.29,,0.29
Ride the Shoopuf,0.34,0.39,0.15,14.705882352941172,-55.88235294117647,880.0,live,0.35100000000000003,-1.8117647058823525,$0-1,0.29,633393,True,1.49,0.2,0.2,,0.29
Selfless Safewright,0.52,0.99,0.21,90.38461538461536,-59.61538461538463,896.0,live,0.891,62.96923076923076,$0-1,,671080,True,1.49,0.25,0.25,,0.21
Foundry Inspector,0.36,1.29,0.34,258.33333333333337,-5.555555555555546,1300.0,live,1.161,206.7333333333334,$0-1,0.65,227121,True,1.49,0.3,0.3,,0.65
Silundi Vision,0.45,1.29,0.41,186.66666666666663,-8.888888888888896,847.0,live,1.161,145.3866666666667,$0-1,,222102,False,1.49,,0.35,15231,0.41
Karmic Guide,0.36,0.59,0.16,63.888888888888886,-55.55555555555556,1342.0,live,0.531,40.28888888888888,$0-1,0.49,687430,True,1.49,0.27,0.27,,0.49
Pongify,1.86,4.49,1.72,141.39784946236557,-7.526881720430113,808.0,live,4.041,106.63655913978494,$1-2,1.85,688725,True,1.49,2.0,2.0,,1.85
Plains (0253),0.32,0.49,0.15,53.12499999999999,-53.125,2173.0,live,0.441,31.074999999999992,$0-1,,657781,True,1.49,0.18,0.18,,0.15
Final Act,0.38,0.59,0.15,55.26315789473684,-60.526315789473685,1285.0,live,0.531,32.90526315789472,$0-1,0.39,687408,True,1.49,0.2,0.2,,0.39
Helm of the Ghastlord,12.03,8.99,5.73,-25.27015793848711,-52.36907730673316,707.0,live,8.091000000000001,-36.03125519534497,$10-20,,18661,True,0.0,4.05,5.42,,5.73
Primal Vigor (Borderless),5.32,6.99,5.21,31.39097744360902,-2.0676691729323364,763.0,live,6.291,12.470676691729317,$5-10,,696424,True,0.0,4.12,5.6,,5.21
Universal Automaton,0.73,0.99,0.41,35.61643835616439,-43.83561643835617,1019.0,live,0.891,16.08767123287671,$0-1,,191572,True,1.49,0.45,0.45,,0.41
Black Market Connections,16.46,19.99,15.09,21.445929526123923,-8.323207776427708,697.0,live,17.991,3.9577156743620736,$10-20,15.05,555973,True,0.0,13.44,14.92,,15.05
Blasphemous Act,0.9,1.79,0.68,98.88888888888889,-24.44444444444444,869.0,live,1.611,70.2488888888889,$0-1,0.66,687417,True,1.49,0.7,0.7,,0.66
"Yavimaya, Cradle of Growth",14.42,21.99,14.7,52.49653259361996,1.9417475728155296,709.0,live,19.791,30.537031900138683,$10-20,15.5,553219,True,0.0,14.0,15.25,,15.5
Caldera Pyremaw,0.38,1.29,0.15,239.4736842105264,-60.526315789473685,1333.0,live,1.161,190.58947368421056,$0-1,0.36,624174,True,1.49,0.18,0.18,,0.36
Carrion Feeder,4.51,5.99,3.26,32.81596452328161,-27.716186252771617,882.0,live,5.391,13.690465631929053,$2-5,3.86,191578,True,1.49,3.06,3.06,,3.86
"Songbird, Sonic Screamer",0.45,0.59,0.15,31.1111111111111,-66.66666666666667,1005.0,live,0.531,12.231111111111094,$0-1,0.17,697277,True,1.49,0.27,0.27,,0.17
Warstorm Surge,0.93,1.49,0.62,60.21505376344085,-33.333333333333336,979.0,live,1.341,37.14408602150536,$0-1,1.25,559885,True,1.49,0.65,0.65,,1.25
Llanowar Elves,0.35,0.69,0.15,97.14285714285714,-57.14285714285714,1273.0,live,0.621,68.75428571428571,$0-1,0.25,557921,True,1.49,0.15,0.15,,0.25
Sol Ring (0358),1.39,2.79,1.44,100.71942446043168,3.5971223021582768,1341.0,live,2.511,71.81582733812952,$1-2,,631495,True,1.49,1.38,1.38,,1.44
Ruin Crab,1.69,1.99,0.78,17.751479289940832,-53.84615384615385,942.0,live,1.791,0.7952662721893562,$1-2,0.84,221841,True,1.49,0.99,0.99,,0.84
"Black Panther, Wakandan King (Borderless)",4.26,5.49,3.41,28.87323943661973,-19.95305164319248,700.0,live,4.941000000000001,10.315492957746486,$2-5,,696428,True,1.49,2.98,3.0,,3.41
Black Waltz No. 3,0.33,0.35,0.15,6.060606060606049,-54.54545454545456,842.0,live,0.315,-9.212121212121223,$0-1,0.18,634002,True,1.49,0.05,0.05,,0.18
Roiling Vortex,1.45,2.79,0.97,92.41379310344828,-33.10344827586207,1050.0,live,2.511,64.70620689655175,$1-2,1.39,221923,True,1.49,0.94,0.94,,1.39
Steel Overseer,0.38,1.29,0.34,239.4736842105264,-10.52631578947368,1146.0,live,1.161,190.58947368421056,$0-1,0.36,642840,True,1.49,0.28,0.28,,0.36
Envoy of the Ancestors,0.34,0.49,0.15,44.11764705882352,-55.88235294117647,794.0,live,0.441,23.36470588235293,$0-1,0.25,553133,True,1.49,0.15,0.15,,0.25
"Inti, Seneschal of the Sun",2.39,2.99,1.95,25.104602510460257,-18.41004184100419,816.0,live,2.6910000000000003,7.089539748953968,$2-5,2.37,525206,True,1.49,0.99,1.39,,2.37
Sol Ring (Showcase),6.28,5.49,5.98,-12.579617834394904,-4.777070063694264,761.0,live,4.941000000000001,-25.16815286624204,$5-10,,662396,True,0.0,4.89,6.23,,5.98
Lifestream's Blessing,0.87,1.79,0.71,105.7471264367816,-18.390804597701152,904.0,live,1.611,76.11954022988506,$0-1,0.93,631152,True,1.49,0.75,0.75,,0.93
Cori Mountain Monastery,1.07,2.79,0.51,160.74766355140187,-52.33644859813084,1123.0,live,2.511,123.2,$1-2,0.92,624261,True,1.49,0.4,0.4,,0.92
Feed the Swarm,0.27,0.49,0.15,81.48148148148147,-44.44444444444445,1210.0,live,0.441,55.34814814814813,$0-1,0.15,688873,True,1.49,0.19,0.19,,0.15
Nibelheim Aflame,4.28,6.49,3.5,51.63551401869159,-18.224299065420567,707.0,live,5.841,29.8,$2-5,4.11,632696,True,1.49,3.49,3.49,,4.11
Return the Favor,0.47,0.59,0.15,25.53191489361702,-68.08510638297872,845.0,live,0.531,7.455319148936162,$0-1,0.4,688928,True,1.49,0.38,0.38,,0.4
Spirit Water Revival,0.96,1.79,0.26,86.45833333333334,-72.91666666666666,808.0,live,1.611,59.60833333333334,$0-1,0.65,661928,True,3.99,0.4,0.4,,0.65
Forest (0278),0.33,0.99,0.15,200.0,-54.54545454545456,1763.0,live,0.891,156.79999999999995,$0-1,,671058,True,1.49,0.22,0.22,,0.15
Electrodominance,0.42,1.49,0.34,254.7619047619048,-19.04761904761904,908.0,live,1.341,203.67619047619047,$0-1,0.89,624181,True,1.49,0.39,0.39,,0.89
Coastal Piracy,0.43,0.99,0.25,130.2325581395349,-41.860465116279066,814.0,live,0.891,97.07906976744188,$0-1,0.41,556390,True,1.49,0.29,0.29,,0.41
Relic of Legends,1.25,1.99,1.21,59.2,-3.200000000000003,867.0,live,1.791,36.275200000000005,$1-2,1.28,283524,True,1.49,1.0,1.24,,1.28
Curiosity Crafter,0.35,0.79,0.15,125.71428571428574,-57.14285714285714,1065.0,live,0.7110000000000001,93.2114285714286,$0-1,0.27,687402,True,1.49,0.25,0.25,,0.27
Ioreth of the Healing House,0.36,0.79,0.15,119.44444444444446,-58.333333333333336,874.0,live,0.7110000000000001,87.84444444444446,$0-1,0.26,498609,True,1.49,0.15,0.15,,0.26
Mystical Dispute,0.92,0.99,0.36,7.608695652173908,-60.86956521739131,1309.0,live,0.891,-7.886956521739137,$0-1,,198683,True,1.49,0.3,0.3,,0.36
Mirror Box,5.34,6.49,4.09,21.53558052434457,-23.408239700374533,752.0,live,5.841,4.034456928838953,$5-10,4.04,262174,True,1.49,3.5,4.95,,4.04
Captain America's Shield (Borderless) (0317),6.46,7.49,4.2700000000000005,15.944272445820436,-33.90092879256965,696.0,live,6.7410000000000005,-0.7517027863777114,$5-10,,696480,True,0.0,4.5,6.49,,4.2700000000000005
Kozilek's Unsealing,0.46,0.39,0.15,-15.217391304347828,-67.3913043478261,871.0,live,0.35100000000000003,-27.42608695652174,$0-1,0.24,551670,True,1.49,0.2,0.2,,0.24
Eddie Brock,3.33,3.49,1.82,4.804804804804809,-45.34534534534534,773.0,live,3.1410000000000005,-10.28708708708708,$2-5,,651352,True,1.49,1.6,2.32,,1.82
"Tamiyo, Inquisitive Student",16.24,24.99,13.57,53.8793103448276,-16.440886699507377,977.0,live,22.491,31.720689655172425,$10-20,,552333,True,0.0,14.0,15.3,,13.57
Obelisk Spider,3.11,4.49,2.86,44.37299035369776,-8.038585209003216,761.0,live,4.041,23.583279742765285,$2-5,2.96,136705,True,1.49,2.2,2.2,,2.96
Chaos Warp,0.36,0.99,0.25,175.0,-30.55555555555556,1099.0,live,0.891,135.4,$0-1,0.35,687360,True,1.49,0.35,0.35,,0.35
"Syr Konrad, the Grim",1.03,1.79,0.76,73.7864077669903,-26.21359223300971,799.0,live,1.611,48.761165048543695,$1-2,0.86,198407,True,1.49,0.65,0.65,,0.86
Birds of Paradise,8.07,13.99,9.1,73.35811648079306,12.763320941759597,1082.0,live,12.591000000000001,48.394547707558864,$5-10,6.22,499510,True,0.0,8.0,8.0,,6.22
Underworld Breach,10.45,11.99,8.63,14.736842105263168,-17.41626794258372,688.0,live,10.791,-1.7852631578947378,$10-20,9.38,206642,True,0.99,9.0,9.0,,9.38
Hit the Mother Lode,0.82,0.79,0.54,-3.658536585365844,-34.14634146341463,836.0,live,0.7110000000000001,-17.53170731707316,$0-1,1.06,524180,True,1.49,0.49,0.49,,1.06
Ruinous Ultimatum,0.43,1.29,0.37,200.00000000000009,-13.953488372093023,877.0,live,1.161,156.80000000000004,$0-1,0.54,631577,True,1.49,0.33,0.33,,0.54
Dazzling Angel (0009),0.33,0.39,0.15,18.18181818181818,-54.54545454545456,1042.0,live,0.35100000000000003,1.163636363636367,$0-1,,591702,True,1.49,0.08,0.08,,0.15
"Hulk, Gamma Goliath",0.25,0.35,0.15,39.99999999999999,-40.0,903.0,live,0.315,19.83999999999999,$0-1,0.15,696320,True,1.49,0.11,0.11,,0.15
Essence Flux,1.35,2.99,1.03,121.48148148148148,-23.703703703703702,756.0,live,2.6910000000000003,89.58814814814812,$1-2,1.3,609749,True,1.49,1.0,1.0,,1.3
Nettlecyst,3.12,4.99,2.52,59.93589743589743,-19.23076923076924,707.0,live,4.4910000000000005,36.90512820512821,$2-5,3.16,240152,True,1.49,2.75,2.75,,3.16
Elder Gargaroth,1.41,2.79,1.16,97.87234042553192,-17.73049645390071,1003.0,live,2.511,69.37872340425534,$1-2,1.3,615176,True,1.49,0.98,0.98,,1.3
Steam Vents,11.46,16.99,11.34,48.2547993019197,-1.0471204188481762,836.0,live,15.290999999999999,26.906108202443257,$10-20,11.0,656711,True,0.99,10.0,10.5,,11.0
Burnt Offering,1.51,0.99,0.77,-34.437086092715234,-49.00662251655629,952.0,live,0.891,-43.87814569536424,$1-2,,4617,True,1.49,0.64,0.64,,0.77
Smuggler's Surprise,4.23,5.49,3.65,29.787234042553184,-13.711583924349894,737.0,live,4.941000000000001,11.097872340425525,$2-5,4.25,544477,True,1.49,4.01,4.01,,4.25
Fear of Missing Out,2.3,3.99,1.82,73.47826086956523,-20.86956521739129,822.0,live,3.591,48.49739130434785,$2-5,2.81,557275,True,1.49,1.5,1.5,,2.81
Conciliator's Duelist,0.27,0.49,0.15,81.48148148148147,-44.44444444444445,926.0,live,0.441,55.34814814814813,$0-1,0.15,686533,True,1.49,0.01,0.01,,0.15
"Galactus, Devourer of Worlds",6.05,8.99,5.5600000000000005,48.59504132231406,-8.099173553718996,748.0,live,8.091000000000001,27.197355371900823,$5-10,6.13,697578,True,0.0,4.55,5.9,,6.13
Dryad of the Ilysian Grove,10.65,9.49,8.74,-10.892018779342724,-17.934272300469484,773.0,live,8.541,-23.723568075117367,$10-20,9.0,553184,True,1.99,7.95,7.95,,9.0
Exotic Orchard,0.35,0.59,0.17,68.57142857142857,-51.42857142857142,894.0,live,0.531,44.297142857142845,$0-1,0.25,687675,True,1.49,0.17,0.17,,0.25
Brass Infiniscope,0.28,0.49,0.15,74.99999999999997,-46.42857142857144,996.0,live,0.441,49.799999999999976,$0-1,0.24,687515,True,1.49,0.14,0.14,,0.24
Defend the Rider,0.8,2.29,0.79,186.25,-1.250000000000001,1042.0,live,2.061,145.03,$0-1,0.87,615038,True,1.49,0.57,0.57,,0.87
Bojuka Bog,1.04,1.99,1.04,91.34615384615384,0.0,1105.0,live,1.791,63.792307692307695,$1-2,1.28,687669,True,1.49,1.0,1.0,,1.28
"Page, Loose Leaf",0.25,0.35,0.15,39.99999999999999,-40.0,1634.0,live,0.315,19.83999999999999,$0-1,0.15,689535,True,1.49,0.05,0.05,,0.15
Sunken Hollow,0.37,0.59,0.2,59.45945945945945,-45.94594594594594,908.0,live,0.531,36.49729729729728,$0-1,0.3,679634,True,1.49,0.24,0.24,,0.3
Ka-Zar of the Savage Land,0.24,0.35,0.15,45.83333333333333,-37.5,918.0,live,0.315,24.83333333333333,$0-1,0.15,696667,True,1.49,0.05,0.05,,0.15
Island (0279),0.3,0.49,0.15,63.33333333333334,-50.0,2520.0,live,0.441,39.81333333333333,$0-1,,696359,True,1.49,0.09,0.09,,0.15
Myriad Landscape,0.36,0.59,0.25,63.888888888888886,-30.55555555555556,1105.0,live,0.531,40.28888888888888,$0-1,0.24,525811,True,1.49,0.24,0.24,,0.24
Venerated Rotpriest,2.97,4.99,2.59,68.01346801346801,-12.794612794612808,821.0,live,4.4910000000000005,43.81952861952861,$2-5,3.05,478443,True,1.49,1.55,1.99,,3.05
Emet-Selch of the Third Seat,0.35,0.49,0.16,40.00000000000001,-54.285714285714285,1563.0,live,0.441,19.840000000000003,$0-1,0.32,631052,True,1.49,0.24,0.24,,0.32
Blur,0.39,0.99,0.36,153.84615384615384,-7.692307692307699,1216.0,live,0.891,117.29230769230767,$0-1,0.49,272558,True,1.49,0.3,0.3,,0.49
Sol Ring (0356),1.4,2.79,1.49,99.2857142857143,6.428571428571435,1265.0,live,2.511,70.58857142857144,$1-2,,631540,True,1.49,1.39,1.39,,1.49
Coercive Impetus,0.34,0.49,0.15,44.11764705882352,-55.88235294117647,921.0,live,0.441,23.36470588235293,$0-1,0.17,687339,True,1.49,0.25,0.25,,0.17
Second Harvest,4.89,4.99,4.0600000000000005,2.0449897750511354,-16.97341513292432,758.0,live,4.4910000000000005,-12.649488752556229,$2-5,3.98,560021,True,1.49,3.01,3.01,,3.98
High Tide,2.29,1.29,1.02,-43.66812227074236,-55.45851528384279,742.0,live,1.161,-51.779912663755454,$2-5,0.99,457180,True,1.49,1.25,1.25,,0.99
Kindred Summons,0.56,1.99,0.53,255.35714285714283,-5.357142857142862,1185.0,live,1.791,204.18571428571428,$0-1,0.56,671230,True,1.49,0.55,0.55,,0.56
Teferi's Time Twist,0.42,0.79,0.15,88.09523809523812,-64.28571428571429,982.0,live,0.7110000000000001,61.00952380952384,$0-1,,187221,True,1.49,0.26,0.26,,0.15
Counterspell,2.95,3.99,2.46,35.25423728813559,-16.610169491525433,791.0,live,3.591,15.77762711864407,$2-5,2.38,457501,True,1.49,2.01,2.01,,2.38
Heroic Intervention (0080) (Borderless),8.28,13.99,9.02,68.96135265700485,8.937198067632854,738.0,live,12.591000000000001,44.63091787439616,$5-10,,668491,True,0.0,6.74,8.24,,9.02
Sunpetal Grove,0.58,1.29,0.55,122.41379310344828,-5.172413793103434,842.0,live,1.161,90.38620689655176,$0-1,0.62,631285,True,1.49,0.24,0.24,,0.62
"Moonstone, Harsh Mistress",0.23,0.35,0.15,52.17391304347825,-34.78260869565218,918.0,live,0.315,30.260869565217373,$0-1,0.15,697004,True,1.49,0.09,0.09,,0.15
Elvish Mystic (Borderless),0.85,0.99,0.67,16.47058823529412,-21.17647058823529,920.0,live,0.891,-0.3011764705882361,$0-1,,507178,True,1.49,0.78,0.78,,0.67
"Toski, Bearer of Secrets",8.45,7.99,7.390000000000001,-5.44378698224851,-12.544378698224836,906.0,live,7.191000000000001,-19.05988165680473,$5-10,7.03,559947,True,0.0,6.0,6.62,,7.03
Prized Statue,0.44,0.79,0.34,79.54545454545455,-22.72727272727272,1343.0,live,0.7110000000000001,53.6909090909091,$0-1,0.43,273386,True,1.49,0.2,0.2,,0.43
"Madame Null, Power Broker",0.37,0.49,0.15,32.432432432432435,-59.45945945945946,842.0,live,0.441,13.36216216216216,$0-1,0.48,673605,True,1.49,0.29,0.29,,0.48
"Michelangelo, Improviser",3.2,2.99,2.41,-6.562499999999999,-24.6875,711.0,live,2.6910000000000003,-20.01750000000001,$2-5,2.92,673567,True,1.49,1.73,1.73,,2.92
"Doctor Strange, Surgeon",1.41,2.99,0.94,112.05673758865252,-33.33333333333333,822.0,live,2.6910000000000003,81.52056737588653,$1-2,1.35,697126,True,1.49,1.28,1.28,,1.35
Manor Gate,1.26,1.79,1.08,42.06349206349206,-14.28571428571428,1377.0,live,1.611,21.60634920634921,$1-2,,273083,True,1.49,0.5,0.5,,1.08
Meltdown,0.24,0.59,0.15,145.83333333333331,-37.5,1283.0,live,0.531,110.43333333333332,$0-1,0.2,548605,False,1.49,,0.06,694842,0.2
Gravecrawler,0.95,2.29,0.6900000000000001,141.0526315789474,-27.368421052631568,994.0,live,2.061,106.34105263157896,$0-1,0.9,615096,True,1.49,0.83,0.83,,0.9
Fortune Teller's Talent,0.47,0.79,0.15,68.08510638297875,-68.08510638297872,1440.0,live,0.7110000000000001,43.88085106382981,$0-1,0.25,559728,True,1.49,0.27,0.27,,0.25
Peter Parker,3.71,3.49,2.07,-5.9299191374663005,-44.20485175202157,730.0,live,3.1410000000000005,-19.47601078167115,$2-5,,646171,True,1.49,1.9,2.73,,2.07
Professor Hulk,1.84,4.49,1.78,144.02173913043478,-3.260869565217394,745.0,live,4.041,108.88260869565218,$1-2,2.62,697181,True,1.49,1.25,1.25,,2.62
Advanced Reconstruction,0.36,0.59,0.15,63.888888888888886,-58.333333333333336,1048.0,live,0.531,40.28888888888888,$0-1,0.25,687471,True,1.49,0.25,0.25,,0.25
Arcane Signet,0.98,0.99,0.44,1.020408163265307,-55.102040816326536,863.0,live,0.891,-13.5265306122449,$0-1,0.5,687531,True,1.49,0.47,0.47,,0.5
"Kuja, Genome Sorcerer",1.49,1.29,1.04,-13.422818791946304,-30.20134228187919,770.0,live,1.161,-25.88993288590603,$1-2,,631007,True,1.49,0.9,0.9,,1.04
"Doc Aurlock, Grizzled Genius",0.32,0.79,0.25,146.875,-21.875000000000004,1139.0,live,0.7110000000000001,111.325,$0-1,0.41,544683,True,1.49,0.19,0.19,,0.41
The Reaver Cleaver,17.9,21.99,15.61,22.849162011173185,-12.793296089385471,684.0,live,19.791,5.158882681564243,$10-20,15.98,553539,True,0.0,12.22,12.22,,15.98
Captain America's Shield (Borderless) (0311),4.61,5.49,3.45,19.088937093275486,-25.16268980477224,689.0,live,4.941000000000001,1.940130151843812,$2-5,,696478,True,1.49,2.89,3.93,,3.45
Heroic Intervention (0078) (Borderless),9.96,14.99,10.67,50.5020080321285,7.12851405622489,718.0,live,13.491,28.829718875502003,$5-10,,668489,True,1.49,7.69,7.69,,10.67
Fire Diamond,0.4,0.79,0.3,97.5,-25.000000000000007,1167.0,live,0.7110000000000001,69.06000000000002,$0-1,0.4,226892,True,1.49,0.25,0.25,,0.4
Reanimate,8.08,12.99,8.32,60.76732673267327,2.970297029702973,733.0,live,11.691,37.61683168316831,$5-10,8.54,631573,True,0.0,7.21,7.94,,8.54
Stock Up (JP Alternate Art),2.29,3.49,1.04,52.40174672489084,-54.585152838427945,862.0,live,3.1410000000000005,30.45589519650656,$2-5,,675592,True,1.49,1.0,2.0,,1.04
Shadow of the Goblin,0.88,1.79,0.19,103.40909090909092,-78.4090909090909,735.0,live,1.611,74.11818181818182,$0-1,0.52,651989,True,1.49,0.52,0.52,,0.52
Show and Tell (Borderless),3.81,6.99,3.43,83.46456692913387,-9.973753280839892,809.0,live,6.291,57.04566929133858,$2-5,,696416,True,1.49,3.25,3.75,,3.43
Cryptolith Rite,11.34,14.99,11.45,32.18694885361552,0.9700176366842984,720.0,live,13.491,13.152028218694891,$10-20,10.75,116371,True,1.49,7.47,7.47,,10.75
"Anim Pakal, Thousandth Moon",5.6,6.49,4.0200000000000005,15.892857142857151,-28.2142857142857,688.0,live,5.841,-0.7957142857142807,$5-10,4.67,526134,True,1.49,3.5,4.46,,4.67
The Dawning Archaic (Borderless),2.12,1.99,2.02,-6.132075471698118,-4.716981132075476,700.0,live,1.791,-19.649056603773584,$2-5,,686548,True,1.49,1.2,1.2,,2.02
Electrostatic Field,2.12,2.79,0.52,31.603773584905653,-75.47169811320755,792.0,live,2.511,12.652830188679246,$2-5,,176833,True,1.49,0.75,0.75,,0.52
Turbulent Moor (Extended Art),6.35,6.49,5.0200000000000005,2.204724409448828,-20.944881889763767,730.0,live,5.841,-12.512755905511808,$5-10,,688219,True,0.0,4.92,6.24,,5.0200000000000005
Spectral Denial,0.34,0.59,0.15,73.52941176470587,-55.88235294117647,774.0,live,0.531,48.541176470588205,$0-1,0.35,624381,True,1.49,0.14,0.14,,0.35
"Betor, Ancestor's Voice (Borderless)",3.42,8.99,1.02,162.86549707602342,-70.17543859649122,898.0,live,8.091000000000001,125.01286549707602,$2-5,,625122,True,1.49,0.98,0.98,,1.02
"Electro, Assaulting Battery (Extended Art)",6.62,9.99,5.62,50.90634441087614,-15.105740181268882,714.0,live,8.991,29.17583081570996,$5-10,,651335,True,1.49,4.25,4.25,,5.62
"Fumulus, the Infestation (Anime)",8.22,12.99,6.68,58.02919708029196,-18.734793187347943,725.0,live,11.691,35.27299270072991,$5-10,,590340,True,0.0,6.71,7.37,,6.68
The Super Hero Civil War (Borderless),0.39,0.49,0.15,25.64102564102563,-61.53846153846154,812.0,live,0.441,7.54871794871794,$0-1,,696499,True,1.49,0.35,0.35,,0.15
Luminous Broodmoth,1.08,2.29,0.47,112.03703703703702,-56.48148148148149,785.0,live,2.061,81.50370370370369,$1-2,0.58,631192,True,1.49,0.5,0.5,,0.58
Helm of the Host,5.91,8.49,5.41,43.65482233502538,-8.460236886632826,877.0,live,7.641,22.96852791878172,$5-10,5.25,559849,True,0.0,5.89,7.12,,5.25
Shore Up,0.31,0.49,0.15,58.06451612903225,-51.61290322580645,984.0,live,0.441,35.30322580645161,$0-1,0.15,559751,True,1.49,0.07,0.07,,0.15
Harmonic Prodigy,4.26,5.99,3.43,40.61032863849767,-19.483568075117365,738.0,live,5.391,20.362441314554,$2-5,3.89,687475,True,1.49,2.8,3.4,,3.89
Supreme Verdict,1.62,2.79,1.62,72.22222222222221,0.0,955.0,live,2.511,47.422222222222224,$1-2,1.58,499834,True,1.49,1.48,1.48,,1.58
Bushy Bodyguard,0.33,0.79,0.15,139.3939393939394,-54.54545454545456,855.0,live,0.7110000000000001,104.92121212121212,$0-1,0.15,559116,True,1.49,0.09,0.09,,0.15
Gene Pollinator,0.25,0.35,0.15,39.99999999999999,-40.0,1389.0,live,0.315,19.83999999999999,$0-1,0.22,644609,True,1.49,0.05,0.05,,0.22
Fighter Class,7.62,7.99,6.7700000000000005,4.855643044619424,-11.154855643044614,730.0,live,7.191000000000001,-10.24356955380578,$5-10,7.15,243336,True,0.0,4.8,7.0,,7.15
Death to Our Enemies,0.25,0.35,0.15,39.99999999999999,-40.0,1282.0,live,0.315,19.83999999999999,$0-1,0.15,696561,True,1.49,0.1,0.1,,0.15
"Kambal, Consul of Allocation",6.81,8.99,5.09,32.01174743024964,-25.25697503671072,688.0,live,8.091000000000001,13.002055800293686,$5-10,,122729,True,0.0,4.47,5.39,,5.09
"Donatello, the Brains (0002) (Borderless)",1.62,4.49,0.93,177.16049382716048,-42.5925925925926,1152.0,live,4.041,137.24938271604938,$1-2,,657752,True,1.49,0.54,0.54,,0.93
"Misty Knight, Hero for Hire",0.22,0.35,0.15,59.09090909090908,-31.818181818181824,954.0,live,0.315,36.18181818181817,$0-1,0.15,696661,True,1.49,0.08,0.08,,0.15
Sodden Verdure,0.6,0.49,0.21,-18.33333333333333,-65.0,1001.0,live,0.441,-30.093333333333334,$0-1,0.25,687541,True,1.49,0.36,0.36,,0.25
"Cid, Freeflier Pilot",0.37,0.79,0.19,113.51351351351352,-48.648648648648646,1265.0,live,0.7110000000000001,82.7675675675676,$0-1,0.39,631092,True,1.49,0.21,0.21,,0.39
Improvised Arsenal,0.44,0.69,0.15,56.8181818181818,-65.90909090909092,805.0,live,0.621,34.23636363636362,$0-1,0.42,673624,True,1.49,0.37,0.37,,0.42
Wastewood Verge,9.28,13.99,9.06,50.7543103448276,-2.3706896551724017,745.0,live,12.591000000000001,29.04568965517243,$5-10,9.67,614431,True,0.0,7.51,8.59,,9.67
Archmage Emeritus,0.67,1.79,0.51,167.16417910447765,-23.88059701492537,1053.0,live,1.611,128.6925373134328,$0-1,0.52,687389,True,1.49,0.48,0.48,,0.52
Divergent Equation,0.2,0.35,0.15,74.99999999999997,-25.000000000000007,901.0,live,0.315,49.79999999999998,$0-1,0.18,688734,True,1.49,0.09,0.09,,0.18
Vesuva,3.32,4.99,2.34,50.301204819277125,-29.518072289156628,901.0,live,4.4910000000000005,28.657831325301213,$2-5,2.55,553224,True,1.49,1.89,2.38,,2.55
Pensive Professor (Extended Art),1.09,0.59,0.27,-45.87155963302753,-75.22935779816514,801.0,live,0.531,-53.66605504587157,$1-2,,686627,True,1.49,0.69,0.69,,0.27
"Crimson Cowl, Master of Evil",0.85,0.99,0.34,16.47058823529412,-60.0,681.0,live,0.891,-0.3011764705882361,$0-1,0.64,697253,True,1.49,0.71,0.71,,0.64
Assassin's Trophy,0.69,1.49,0.26,115.94202898550728,-62.31884057971014,996.0,live,1.341,84.8463768115942,$0-1,0.68,687603,True,1.49,0.71,0.71,,0.68
Homunculus Horde,1.5,2.29,0.15,52.66666666666667,-90.0,802.0,live,2.061,30.682666666666663,$1-2,0.35,589459,True,1.49,0.48,0.48,,0.35
Scute Swarm,9.29,12.99,7.08,39.82777179763188,-23.789020452099024,722.0,live,11.691,19.692572658772875,$5-10,7.52,222131,True,1.3,6.81,7.02,,7.52
"Maha, Its Feathers Night",21.83,23.99,20.81,9.89464040311498,-4.672469079248739,701.0,live,21.590999999999998,-5.930187814933581,$20-50,20.58,558342,True,0.99,19.71,20.0,,20.58
"Daredevil, Man Without Fear (Borderless) (0324)",3.88,4.99,3.1,28.60824742268042,-20.10309278350515,710.0,live,4.4910000000000005,10.08865979381444,$2-5,,696485,True,1.49,2.69,2.69,,3.1
Petrified Hamlet (Extended Art),1.37,1.99,0.25,45.255474452554736,-81.75182481751825,838.0,live,1.791,24.33868613138685,$1-2,,688978,True,1.49,0.8,0.8,,0.25
Flickering Ward,0.37,0.49,0.15,32.432432432432435,-59.45945945945946,1104.0,live,0.441,13.36216216216216,$0-1,0.48,687352,True,1.49,0.2,0.2,,0.48
Aven Interrupter,3.32,3.99,3.0,20.18072289156628,-9.638554216867464,829.0,live,3.591,2.8746987951807355,$2-5,3.21,544403,True,1.49,2.28,2.28,,3.21
"Wolverine, Claws Out",9.62,10.99,8.32,14.241164241164253,-13.513513513513503,664.0,live,9.891,-2.209563409563408,$5-10,10.39,697399,True,0.0,7.0,8.49,,10.39
Dragonstorm Globe,0.31,0.35,0.15,12.903225806451609,-51.61290322580645,1049.0,live,0.315,-3.354838709677426,$0-1,0.21,624914,True,1.49,0.1,0.1,,0.21
Arcbound Ravager (Borderless),2.9,5.99,3.02,106.55172413793106,4.137931034482762,831.0,live,5.391,76.80827586206898,$2-5,,679208,True,1.49,1.19,2.47,,3.02
Harmonized Trio (Extended Art),1.25,1.79,0.2,43.2,-84.00000000000001,763.0,live,1.611,22.579200000000004,$1-2,,688685,True,1.49,0.57,0.57,,0.2
Extinction Event (Borderless),2.65,2.79,1.66,5.283018867924533,-37.35849056603774,691.0,live,2.511,-9.877735849056595,$2-5,,668471,True,1.49,1.7,1.99,,1.66
"Abomination, Terrifying Titan (Borderless)",0.23,0.35,0.15,52.17391304347825,-34.78260869565218,832.0,live,0.315,30.260869565217373,$0-1,,696577,True,1.49,0.04,0.04,,0.15
The Scarab God,3.39,4.49,3.12,32.448377581120944,-7.964601769911504,729.0,live,4.041,13.375811209439528,$2-5,3.38,615032,True,1.49,2.48,2.48,,3.38
Baleful Strix,0.95,2.49,0.97,162.10526315789477,2.105263157894739,900.0,live,2.241,124.3621052631579,$0-1,1.0,631279,True,1.49,0.92,0.92,,1.0
Three Visits,4.68,7.49,4.8,60.04273504273505,2.5641025641025665,693.0,live,6.7410000000000005,36.9965811965812,$2-5,4.8,687584,True,0.0,3.99,5.24,,4.8
Kaalia of the Vast,2.33,2.79,1.56,19.742489270386265,-33.047210300429185,794.0,live,2.511,2.499570815450647,$2-5,,552317,True,1.49,1.0,1.0,,1.56
"Hulk, Strongest There Is",4.45,5.49,3.26,23.370786516853933,-26.74157303370788,671.0,live,4.941000000000001,5.605393258426964,$2-5,3.51,697387,True,1.49,2.72,2.93,,3.51
Devil Dinosaur,41.78,44.99,40.01,7.683101962661562,-4.23647678314984,661.0,live,40.491,-7.823264719961706,$20-50,40.25,697383,True,0.0,37.24,38.94,,40.25
"Squall, SeeD Mercenary",0.89,0.99,0.15,11.235955056179773,-83.14606741573034,741.0,live,0.891,-4.782022471910117,$0-1,0.5,631012,True,1.49,0.44,0.44,,0.5
Island (0254),0.42,0.49,0.15,16.666666666666668,-64.28571428571429,1975.0,live,0.441,-0.1333333333333345,$0-1,,657783,True,1.49,0.2,0.2,,0.15
Frostcliff Siege,2.16,2.99,1.77,38.42592592592592,-18.05555555555556,709.0,live,2.6910000000000003,18.492592592592583,$2-5,2.3,623884,True,1.49,1.5,1.5,,2.3
Waterbender Ascension,0.79,0.99,0.41,25.31645569620252,-48.10126582278482,742.0,live,0.891,7.270886075949358,$0-1,0.76,662402,True,1.49,0.47,0.47,,0.76
Deserted Temple,0.52,1.49,0.23,186.53846153846152,-55.76923076923077,922.0,live,1.341,145.27692307692303,$0-1,0.5,552268,True,1.49,0.4,0.4,,0.5
Thousand Moons Smithy,3.71,5.49,1.77,47.97843665768195,-52.2911051212938,740.0,live,4.941000000000001,26.66954177897574,$2-5,,525625,True,1.49,1.2,2.28,,1.77
Champions of the Perfect,0.95,1.49,0.15,56.842105263157904,-84.21052631578947,763.0,live,1.341,34.25684210526315,$0-1,0.75,671082,True,1.49,0.74,0.74,,0.75
"Terra, Magical Adept",1.71,2.49,1.55,45.61403508771932,-9.356725146198826,738.0,live,2.241,24.64561403508772,$1-2,,631013,True,1.49,1.49,1.49,,1.55
The Warring Triad,0.63,0.99,0.51,57.14285714285714,-19.047619047619047,1036.0,live,0.891,34.514285714285705,$0-1,0.65,631210,True,3.99,0.43,0.43,,0.65
Port Razer,1.12,2.49,1.01,122.32142857142856,-9.82142857142858,1011.0,live,2.241,90.30714285714284,$1-2,1.01,525742,True,1.49,0.74,1.14,,1.01
Colossal Skyturtle,0.5,0.59,0.33,17.999999999999993,-34.0,1040.0,live,0.531,1.007999999999987,$0-1,,262770,True,1.49,0.42,0.42,,0.33
Chaos Warp,0.38,0.99,0.2,160.52631578947367,-47.368421052631575,1056.0,live,0.891,123.01052631578946,$0-1,0.36,687360,True,1.49,0.35,0.35,,0.36
Desynchronization,5.0,8.99,4.42,79.80000000000001,-11.6,736.0,live,8.091000000000001,53.90879999999999,$5-10,5.62,556388,True,1.49,4.29,4.29,,5.62
Siege Smash,0.28,0.39,0.15,39.28571428571428,-46.42857142857144,1035.0,live,0.35100000000000003,19.228571428571424,$0-1,0.16,553303,True,1.49,0.09,0.09,,0.16
"Tigra, Feline Fury",0.22,0.35,0.15,59.09090909090908,-31.818181818181824,1272.0,live,0.315,36.18181818181817,$0-1,0.15,696311,True,1.49,0.1,0.1,,0.15
Manifold Key,1.57,2.49,1.35,58.59872611464969,-14.012738853503182,721.0,live,2.241,35.76050955414012,$1-2,1.62,273376,True,1.49,1.5,1.5,,1.62
Mesa Enchantress,0.67,0.99,0.45,47.761194029850735,-32.83582089552239,794.0,live,0.891,26.483582089552225,$0-1,0.73,457159,True,1.49,0.48,0.48,,0.73
Isolated Chapel,0.44,0.99,0.31,125.0,-29.545454545454547,836.0,live,0.891,92.6,$0-1,0.31,631324,True,1.49,0.29,0.29,,0.31
Breach the Multiverse,10.68,17.99,10.36,68.44569288389512,-2.996254681647943,684.0,live,16.191,44.18951310861422,$10-20,10.1,484548,True,1.49,8.0,8.0,,10.1
Does Machines,0.55,0.49,0.15,-10.90909090909092,-72.72727272727273,1115.0,live,0.441,-23.73818181818183,$0-1,0.46,673592,True,1.49,0.27,0.27,,0.46
Drowned Catacomb,1.64,2.79,1.57,70.1219512195122,-4.26829268292682,912.0,live,2.511,45.62439024390245,$1-2,1.11,631318,True,1.49,0.99,0.99,,1.11
Exhibition Tidecaller (Extended Art),1.24,0.99,0.47,-20.161290322580648,-62.096774193548384,786.0,live,0.891,-31.65806451612904,$1-2,,686625,True,1.49,1.0,1.0,,0.47
"Squall Leonhart - Danitha Capashen, Paragon (Showcase)",0.51,0.69,0.15,35.29411764705881,-70.58823529411764,713.0,live,0.621,15.81176470588234,$0-1,,632169,True,1.49,0.25,0.25,,0.15
Terminate,0.4,0.69,0.27,72.49999999999997,-32.5,829.0,live,0.621,47.65999999999998,$0-1,0.3,556347,True,1.49,0.2,0.2,,0.3
Spell Pierce (JP Alternate Art),1.76,2.49,1.93,41.47727272727274,9.659090909090905,811.0,live,2.241,21.10454545454545,$1-2,,688962,True,1.49,1.0,1.0,,1.93
Kinetic Ooze,0.38,0.49,0.15,28.947368421052627,-60.526315789473685,870.0,live,0.441,10.378947368421048,$0-1,0.19,687379,True,1.49,0.2,0.2,,0.19
Path of Ancestry,0.34,0.35,0.15,2.9411764705882213,-55.88235294117647,1147.0,live,0.315,-11.882352941176483,$0-1,0.15,631295,True,1.49,0.13,0.13,,0.15
Lyra Dawnbringer (0707),0.62,2.79,0.64,350.0,3.2258064516129057,1113.0,live,2.511,285.2,$0-1,,589350,True,3.99,0.51,0.51,,0.64
Bruenor Battlehammer,0.92,1.79,0.66,94.56521739130434,-28.26086956521739,734.0,live,1.611,66.54782608695652,$0-1,0.68,239364,True,1.49,0.88,0.88,,0.68
Goblin Matron,0.26,0.49,0.15,88.46153846153845,-42.30769230769232,1009.0,live,0.441,61.32307692307691,$0-1,0.2,461961,True,1.49,0.1,0.1,,0.2
Arcane Signet (0332),0.51,1.29,0.46,152.94117647058826,-9.803921568627448,925.0,live,1.161,116.51764705882354,$0-1,,631162,True,1.49,0.4,0.4,,0.46
Skyshroud Claim,0.97,1.49,0.9,53.608247422680414,-7.2164948453608195,1036.0,live,1.341,31.488659793814428,$0-1,0.99,642001,True,1.49,0.83,0.83,,0.99
"Sothera, the Supervoid",1.85,2.49,1.28,34.594594594594604,-30.81081081081081,778.0,live,2.241,15.212972972972969,$1-2,1.76,638899,True,1.49,0.75,1.73,,1.76
Bygone Colossus,0.3,0.59,0.15,96.66666666666669,-50.0,807.0,live,0.531,68.34666666666665,$0-1,0.25,641874,True,1.49,0.16,0.16,,0.25
Bleachbone Verge,11.14,13.99,7.29,25.5834829443447,-34.56014362657092,750.0,live,12.591000000000001,7.499461400359067,$10-20,,614401,True,2.0,6.25,6.25,,7.29
Soul Warden,4.03,4.49,2.44,11.414392059553348,-39.45409429280397,771.0,live,4.041,-4.629280397022334,$2-5,2.75,32731,True,1.49,1.75,1.75,,2.75
Loki's Scepter,5.08,8.49,5.15,67.1259842519685,1.3779527559055174,780.0,live,7.641,43.05984251968504,$5-10,5.96,697290,True,1.49,3.9,4.94,,5.96
"Bushmaster, Coiled Henchman",0.9,0.99,0.41,9.999999999999996,-54.44444444444445,813.0,live,0.891,-5.840000000000005,$0-1,0.62,697380,True,1.49,0.69,0.69,,0.62
"Teval, the Balanced Scale (Borderless)",5.92,12.99,6.08,119.42567567567568,2.7027027027027053,760.0,live,11.691,87.82837837837837,$5-10,,619670,True,1.49,2.44,3.3,,6.08
"Baylen, the Haymaker",0.82,1.29,0.19,57.317073170731724,-76.82926829268291,758.0,live,1.161,34.66341463414636,$0-1,0.75,559115,True,1.49,0.57,0.57,,0.75
Goblin War Strike,1.96,1.29,0.38,-34.18367346938776,-80.61224489795919,741.0,live,1.161,-43.66122448979591,$1-2,,10917,True,1.49,0.91,0.91,,0.38
Wight of the Reliquary,0.58,1.29,0.17,122.41379310344828,-70.68965517241378,763.0,live,1.161,90.38620689655176,$0-1,0.41,687659,True,1.49,0.39,0.39,,0.41
Spark Double,8.29,9.99,7.5,20.50663449939688,-9.529553679131476,660.0,live,8.991,3.15367913148372,$5-10,7.59,188468,True,0.0,5.99,7.5,,7.59
Villainous Wrath,0.58,1.49,0.21,156.89655172413794,-63.793103448275865,756.0,live,1.341,119.90344827586208,$0-1,0.24,652457,True,1.49,0.44,0.44,,0.24
Multiversal Passage (Borderless),6.92,11.99,5.21,73.26589595375724,-24.710982658959537,807.0,live,10.791,48.31560693641618,$5-10,,646684,True,1.5,5.25,5.25,,5.21
Risky Shortcut,0.29,0.49,0.15,68.96551724137932,-48.27586206896552,840.0,live,0.441,44.63448275862069,$0-1,0.25,616085,True,1.49,0.1,0.1,,0.25
Postmortem Professor,0.18,0.49,0.15,172.22222222222223,-16.666666666666664,843.0,live,0.441,133.0222222222222,$0-1,0.24,689105,True,1.49,0.01,0.01,,0.24
Bloated Contaminator,3.81,4.49,2.86,17.847769028871397,-24.934383202099745,737.0,live,4.041,0.8776902887139143,$2-5,,478328,True,1.49,1.5,2.47,,2.86
"SP//dr, Piloted by Peni (Borderless)",0.35,0.35,0.15,0.0,-57.14285714285714,716.0,live,0.315,-14.400000000000002,$0-1,,652642,True,1.49,0.2,0.2,,0.15
Forest (0286),0.29,0.49,0.15,68.96551724137932,-48.27586206896552,2825.0,live,0.441,44.63448275862069,$0-1,,696366,True,1.49,0.1,0.1,,0.15
Forest (271) - Full Art,1.05,1.99,0.5700000000000001,89.52380952380952,-45.71428571428572,1774.0,live,1.791,62.23238095238095,$1-2,,475523,True,1.49,0.51,0.51,,0.5700000000000001
"Mazirek, Kraul Death Priest",0.36,0.49,0.15,36.11111111111112,-58.333333333333336,897.0,live,0.441,16.51111111111111,$0-1,0.25,687639,True,1.49,0.28,0.28,,0.25
Plains (0296),0.25,0.49,0.15,96.0,-40.0,2124.0,live,0.441,67.776,$0-1,,630881,True,1.49,0.06,0.06,,0.15
Elvish Piper,1.38,2.49,0.94,80.43478260869567,-31.88405797101449,946.0,live,2.241,54.45217391304349,$1-2,1.29,499711,True,1.49,1.25,1.25,,1.29
Sakura-Tribe Elder,0.34,0.99,0.26,191.17647058823525,-23.529411764705884,1096.0,live,0.891,149.2470588235294,$0-1,0.31,687569,True,1.49,0.3,0.3,,0.31
Swarmyard,6.07,5.99,2.9,-1.3179571663920933,-52.22405271828666,795.0,live,5.391,-15.528171334431637,$5-10,4.96,560030,True,1.49,4.01,4.09,,4.96
"Sokka, Tenacious Tactician",0.57,0.49,0.15,-14.03508771929824,-73.68421052631578,761.0,live,0.441,-26.41403508771929,$0-1,0.46,660606,True,1.49,0.2,0.2,,0.46
Bloodline Pretender,1.73,2.49,0.98,43.9306358381503,-43.35260115606936,1058.0,live,2.241,23.20462427745665,$1-2,,230215,True,1.49,1.14,1.14,,0.98
Technodrome,1.72,4.49,0.72,161.046511627907,-58.13953488372093,722.0,live,4.041,123.4558139534884,$1-2,1.46,673660,True,1.49,1.47,1.47,,1.46
Drown in Dreams,2.2,1.99,1.05,-9.545454545454552,-52.27272727272727,855.0,live,1.791,-22.57090909090909,$2-5,1.29,553258,True,1.49,0.63,0.89,,1.29
Clock of Omens,3.96,5.99,2.08,51.26262626262626,-47.474747474747474,696.0,live,5.391,29.48080808080808,$2-5,,60035,True,1.49,2.4,2.4,,2.08
Waves of Aggression (Borderless),2.42,2.49,2.08,2.892561983471086,-14.0495867768595,714.0,live,2.241,-11.923966942148756,$2-5,,679195,True,1.49,1.85,1.85,,2.08
Unearth,0.64,1.29,0.47,101.5625,-26.562500000000007,1093.0,live,1.161,72.53750000000001,$0-1,0.54,191138,True,3.99,0.4,0.4,,0.54
Overwhelming Stampede,3.76,2.79,2.03,-25.797872340425528,-46.01063829787234,881.0,live,2.511,-36.48297872340424,$2-5,1.98,499762,True,1.49,1.68,2.08,,1.98
Vision Quest (Borderless),0.39,0.49,0.15,25.64102564102563,-61.53846153846154,757.0,live,0.441,7.54871794871794,$0-1,,696868,True,1.49,0.39,0.39,,0.15
Tectonic Hazard,0.49,1.29,0.15,163.26530612244898,-69.38775510204081,989.0,live,1.161,125.35510204081636,$0-1,0.38,526294,True,1.49,0.19,0.19,,0.38
The Coming of Galactus (Borderless),5.54,5.49,3.0,-0.9025270758122712,-45.84837545126354,684.0,live,4.941000000000001,-15.172563176895308,$5-10,,668480,True,1.49,3.35,3.35,,3.0
Lotus Cobra,5.99,7.49,5.4,25.041736227045075,-9.849749582637726,668.0,live,6.7410000000000005,7.035726210350577,$5-10,5.39,559826,True,0.0,4.76,5.75,,5.39
"Nick Fury, Agent of S.H.I.E.L.D. (Borderless) (0357)",3.14,4.49,2.08,42.99363057324841,-33.75796178343949,656.0,live,4.041,22.40254777070064,$2-5,,696541,True,1.49,2.08,2.49,,2.08
"Phlage, Titan of Fire's Fury",3.56,6.99,3.0700000000000003,96.34831460674158,-13.764044943820217,858.0,live,6.291,68.07415730337078,$2-5,3.33,552633,True,1.49,2.45,2.92,,3.33
Lucky the Pizza Dog,1.83,3.49,1.56,90.7103825136612,-14.754098360655735,754.0,live,3.1410000000000005,63.248087431694,$1-2,2.1,693576,True,1.49,1.18,1.18,,2.1
Exquisite Blood,36.45,42.99,34.64,17.942386831275716,-4.965706447187934,654.0,live,38.691,0.95868312757202,$20-50,36.1,525752,True,0.0,31.64,32.0,,36.1
Weather Maker,0.58,0.49,0.15,-15.51724137931034,-74.13793103448275,807.0,live,0.441,-27.68275862068965,$0-1,0.53,673668,True,1.49,0.25,0.25,,0.53
Battlefield Forge,0.26,0.69,0.19,165.38461538461536,-26.923076923076927,859.0,live,0.621,127.16923076923077,$0-1,0.39,624204,True,1.49,0.14,0.14,,0.39
Command Tower,0.46,0.69,0.25,49.99999999999999,-45.65217391304349,1107.0,live,0.621,28.39999999999998,$0-1,0.25,687664,True,1.49,0.3,0.3,,0.25
Artful Dodge,0.5,0.79,0.36,58.00000000000001,-28.000000000000004,781.0,live,0.7110000000000001,35.24800000000001,$0-1,,57854,False,1.49,,0.33,335020,0.36
"Kingpin, Wilson Fisk",2.22,3.49,2.03,57.2072072072072,-8.558558558558575,780.0,live,3.1410000000000005,34.569369369369376,$2-5,2.19,697261,True,1.49,1.18,1.18,,2.19
Secret Invasion (Borderless),0.45,0.49,0.15,8.888888888888884,-66.66666666666667,770.0,live,0.441,-6.791111111111118,$0-1,,696281,True,1.49,0.28,0.28,,0.15
"Zimone, Paradox Sculptor",3.11,5.99,2.84,92.60450160771704,-8.681672025723474,661.0,live,5.391,64.8694533762058,$2-5,3.61,591796,True,3.99,1.0,2.49,,3.61
Broodguard Elite,0.25,0.35,0.15,39.99999999999999,-40.0,747.0,live,0.315,19.83999999999999,$0-1,0.25,644597,True,1.49,0.1,0.1,,0.25
Springleaf Parade (Extended Art),9.26,14.99,7.81,61.87904967602592,-15.658747300215984,707.0,live,13.491,38.56846652267819,$5-10,,671533,True,0.0,6.69,8.75,,7.81
Brass's Tunnel-Grinder,3.6,4.99,3.52,38.61111111111112,-2.222222222222224,682.0,live,4.4910000000000005,18.65111111111112,$2-5,,525084,True,1.49,3.09,3.09,,3.52
Traumatic Critique (Extended Art),2.55,1.29,0.6,-49.41176470588235,-76.47058823529412,786.0,live,1.161,-56.69647058823528,$2-5,,688480,True,1.49,0.85,0.85,,0.6
Honor,0.29,0.49,0.15,68.96551724137932,-48.27586206896552,1033.0,live,0.441,44.63448275862069,$0-1,0.15,643962,True,1.49,0.1,0.1,,0.15
Fiery Emancipation,13.48,11.99,11.67,-11.053412462908014,-13.427299703264095,648.0,live,10.791,-23.861721068249267,$10-20,11.2,512393,True,0.0,11.67,12.8,,11.2
Sorin of House Markov,2.88,4.99,1.53,73.2638888888889,-46.87499999999999,811.0,live,4.4910000000000005,48.3138888888889,$2-5,,552341,True,1.49,2.32,2.32,,1.53
Pariah,2.23,2.49,1.39,11.659192825112118,-37.668161434977584,780.0,live,2.241,-4.419730941704035,$2-5,1.97,544871,True,1.49,0.99,0.99,,1.97
Conduit of Ruin,5.52,6.49,3.97,17.572463768115956,-28.079710144927528,707.0,live,5.841,0.642028985507253,$5-10,4.42,104997,True,1.49,3.0,3.2,,4.42
Lifeblood Hydra,0.49,0.49,0.15,0.0,-69.38775510204081,1099.0,live,0.441,-14.400000000000002,$0-1,0.47,687529,True,1.49,0.26,0.26,,0.47
"Rev, Tithe Extractor (Anime)",21.05,32.99,19.01,56.722090261282666,-9.691211401425171,688.0,live,29.691000000000003,34.15410926365796,$20-50,,590679,True,1.29,19.39,19.39,,19.01
Heritage Reclamation,0.37,0.99,0.15,167.56756756756758,-59.45945945945946,1341.0,live,0.891,129.03783783783786,$0-1,0.24,624376,True,1.49,0.19,0.19,,0.24
Swamp (297) - JP Full Art,4.81,6.49,3.94,34.92723492723494,-18.08731808731808,1218.0,live,5.841,15.497713097713106,$2-5,,257680,True,1.49,3.01,3.93,,3.94
Rampant Growth,0.42,1.29,0.39,207.1428571428572,-7.142857142857137,1717.0,live,1.161,162.91428571428577,$0-1,0.36,631199,True,1.49,0.39,0.39,,0.36
Recruiter of the Guard,5.79,8.49,5.17,46.63212435233161,-10.70811744386874,725.0,live,7.641,25.51709844559585,$5-10,5.32,552834,True,1.49,4.1,4.1,,5.32
Weather the Storm,1.11,2.29,1.15,106.30630630630628,3.6036036036035854,2005.0,live,2.061,76.59819819819819,$1-2,1.25,191064,True,1.49,0.4,0.4,,1.25
Flare of Cultivation,0.62,0.79,0.15,27.419354838709687,-75.80645161290323,1069.0,live,0.7110000000000001,9.070967741935494,$0-1,0.49,541270,True,1.49,0.3,0.3,,0.49
Kor Spiritdancer,0.37,1.29,0.2,248.64864864864865,-45.94594594594594,1400.0,live,1.161,198.44324324324327,$0-1,,687434,True,1.49,0.33,0.33,,0.2
Accumulate Wisdom,0.3,0.69,0.15,129.99999999999997,-50.0,1125.0,live,0.621,96.88,$0-1,0.2,662604,True,1.49,0.15,0.15,,0.2
Grave Venerations,0.56,0.69,0.5700000000000001,23.21428571428569,1.785714285714287,1152.0,live,0.621,5.471428571428551,$0-1,0.68,671125,True,1.49,0.05,0.05,,0.68
Heaped Harvest,0.31,0.35,0.15,12.903225806451609,-51.61290322580645,1013.0,live,0.315,-3.354838709677426,$0-1,0.19,559774,True,1.49,0.05,0.05,,0.19
Shivan Reef,0.36,0.99,0.26,175.0,-27.77777777777777,1267.0,live,0.891,135.4,$0-1,0.25,624216,True,1.49,0.27,0.27,,0.25
"Jadzi, Steward of Fate",0.19,0.49,0.15,157.89473684210526,-21.052631578947373,843.0,live,0.441,120.75789473684208,$0-1,,688732,True,1.49,0.1,0.1,,0.15
"Etali, Primal Storm",0.45,0.99,0.32,120.0,-28.888888888888893,883.0,live,0.891,88.32,$0-1,0.43,559824,True,1.49,0.45,0.45,,0.43
Templar Knight,2.94,3.99,0.66,35.71428571428573,-77.55102040816327,1853.0,live,3.591,16.17142857142858,$2-5,1.91,555796,True,1.49,1.0,1.0,,1.91
Counterspell,3.39,3.99,2.39,17.69911504424779,-29.49852507374631,994.0,live,3.591,0.75044247787611,$2-5,2.54,457501,True,1.49,2.01,2.01,,2.54
Reconnaissance Mission,1.26,1.99,0.52,57.93650793650793,-58.730158730158735,684.0,live,1.791,35.1936507936508,$1-2,0.75,212181,True,1.49,0.65,0.65,,0.75
Island (0297),0.23,0.49,0.15,113.04347826086956,-34.78260869565218,2203.0,live,0.441,82.36521739130434,$0-1,,630882,True,1.49,0.1,0.1,,0.15
Archmage Emeritus,0.45,1.79,0.46,297.77777777777777,2.222222222222224,961.0,live,1.611,240.4977777777778,$0-1,0.48,687389,True,1.49,0.48,0.48,,0.48
Snuff Out,6.11,8.99,6.11,47.135842880523725,0.0,965.0,live,8.091000000000001,25.9482815057283,$5-10,6.32,631256,True,0.0,4.64,5.41,,6.32
Adarkar Wastes,0.38,0.99,0.23,160.52631578947367,-39.47368421052632,1017.0,live,0.891,123.01052631578946,$0-1,0.39,559858,True,1.49,0.23,0.23,,0.39
Ghostly Flicker,2.45,2.49,1.56,1.632653061224491,-36.3265306122449,689.0,live,2.241,-13.002448979591843,$2-5,1.89,507400,True,1.49,1.08,1.08,,1.89
Swamp (0274),0.36,1.29,0.15,258.33333333333337,-58.333333333333336,2376.0,live,1.161,206.7333333333334,$0-1,,529991,True,1.49,0.27,0.27,,0.15
Chthonian Nightmare,0.55,1.29,0.35,134.54545454545453,-36.36363636363637,1046.0,live,1.161,100.77090909090909,$0-1,0.59,548588,True,1.49,0.3,0.3,,0.59
Oketra's Monument,3.25,5.99,2.21,84.30769230769232,-32.0,661.0,live,5.391,57.76738461538462,$2-5,,129750,False,1.49,,2.98,16639,2.21
HYDRA Assault Robot,0.18,0.35,0.15,94.44444444444444,-16.666666666666664,1426.0,live,0.315,66.44444444444444,$0-1,0.15,697026,True,1.49,0.05,0.05,,0.15
"Koma, World-Eater",0.52,1.49,0.33,186.53846153846152,-36.53846153846153,755.0,live,1.341,145.27692307692303,$0-1,0.57,591324,True,1.49,0.39,0.39,,0.57
Walking Atlas,1.66,1.79,1.19,7.831325301204826,-28.3132530120482,892.0,live,1.611,-7.696385542168667,$1-2,1.33,34464,True,1.49,0.78,0.78,,1.33
Swiftfoot Boots,2.6,4.49,2.08,72.6923076923077,-20.0,718.0,live,4.041,47.824615384615385,$2-5,2.46,591210,True,1.49,2.0,2.0,,2.46
Red Hulk,0.2,0.35,0.15,74.99999999999997,-25.000000000000007,916.0,live,0.315,49.79999999999998,$0-1,0.15,696662,True,1.49,0.14,0.14,,0.15
Assassin's Trophy,0.99,1.49,0.38,50.505050505050505,-61.61616161616161,783.0,live,1.341,28.832323232323223,$0-1,0.78,687603,True,1.49,0.71,0.71,,0.78
Junk Diver,0.27,0.59,0.15,118.51851851851848,-44.44444444444445,719.0,live,0.531,87.05185185185181,$0-1,0.24,552793,True,1.49,0.1,0.1,,0.24
Magmablood Archaic (Borderless),0.38,0.49,0.15,28.947368421052627,-60.526315789473685,770.0,live,0.441,10.378947368421048,$0-1,,688976,True,1.49,0.3,0.3,,0.15
"Ugin, Eye of the Storms",41.76,64.99,41.19,55.627394636015325,-1.364942528735633,755.0,live,58.491,33.217049808429124,$20-50,38.86,623894,True,0.0,38.69,38.69,,38.86
Cavern-Hoard Dragon,14.15,21.99,13.79,55.40636042402826,-2.544169611307429,708.0,live,19.791,33.02784452296818,$10-20,14.07,499732,True,1.99,8.53,8.53,,14.07
Castle Doom (Extended Art),2.49,2.49,1.08,0.0,-56.62650602409639,767.0,live,2.241,-14.400000000000007,$2-5,,696675,True,1.49,1.68,2.41,,1.08
Forest (0278),0.34,0.99,0.15,191.17647058823525,-55.88235294117647,2019.0,live,0.891,149.2470588235294,$0-1,,671058,True,1.49,0.22,0.22,,0.15
Archenemy's Charm,0.61,1.79,0.16,193.4426229508197,-73.77049180327869,821.0,live,1.611,151.18688524590164,$0-1,0.55,641718,True,1.49,0.5,0.47,,0.55
Feral Appetite,0.36,0.49,0.15,36.11111111111112,-58.333333333333336,767.0,live,0.441,16.51111111111111,$0-1,0.24,687369,True,1.49,0.26,0.26,,0.24
Rise of the Dark Realms,6.25,7.99,4.4,27.840000000000003,-29.599999999999994,654.0,live,7.191000000000001,9.431039999999996,$5-10,5.71,631576,True,1.49,3.96,3.96,,5.71
Thopter Spy Network,0.37,0.79,0.2,113.51351351351352,-45.94594594594594,894.0,live,0.7110000000000001,82.7675675675676,$0-1,0.3,615219,True,1.49,0.22,0.22,,0.3
"Valgavoth, Harrower of Souls (Borderless)",20.5,29.99,19.39,46.29268292682926,-5.41463414634146,679.0,live,26.991,25.22653658536584,$20-50,,575095,True,0.99,14.8,16.0,,19.39
"Yuna, Hope of Spira",4.01,5.99,3.42,49.37655860349128,-14.71321695760598,682.0,live,5.391,27.866334164588537,$2-5,3.95,631016,True,1.49,2.5,3.7,,3.95
Essence Channeler,0.5,1.29,0.15,158.0,-70.0,1056.0,live,1.161,120.84800000000004,$0-1,,559639,True,1.49,0.36,0.36,,0.15
Go for the Throat,0.4,1.29,0.31,222.5,-22.500000000000007,1010.0,live,1.161,176.06,$0-1,0.35,556023,True,1.49,0.32,0.32,,0.35
Split Up,1.68,2.79,1.53,66.07142857142858,-8.928571428571423,842.0,live,2.511,42.15714285714287,$1-2,1.86,575054,True,1.49,1.44,1.44,,1.86
Dance with Calamity,0.31,0.49,0.15,58.06451612903225,-51.61290322580645,917.0,live,0.441,35.30322580645161,$0-1,0.22,687462,True,1.49,0.19,0.19,,0.22
Serah Farron,0.48,0.79,0.15,64.58333333333334,-68.74999999999999,763.0,live,0.7110000000000001,40.88333333333335,$0-1,,632700,True,1.49,0.29,0.29,,0.15
Infestation Sage,0.27,0.39,0.15,44.44444444444444,-44.44444444444445,1071.0,live,0.35100000000000003,23.64444444444445,$0-1,0.16,591764,True,1.49,0.06,0.06,,0.16
Mischievous Mystic,0.28,0.39,0.15,39.28571428571428,-46.42857142857144,828.0,live,0.35100000000000003,19.228571428571424,$0-1,0.2,591172,True,1.49,0.09,0.09,,0.2
Ember Island Production,0.35,0.49,0.15,40.00000000000001,-57.14285714285714,1020.0,live,0.441,19.840000000000003,$0-1,0.26,662101,True,1.49,0.14,0.14,,0.26
"Ultron, Machine Overlord (Borderless)",5.07,7.99,4.53,57.59368836291912,-10.650887573964498,652.0,live,7.191000000000001,34.90019723865876,$5-10,,699706,True,1.49,3.38,3.38,,4.53
Forest,1.01,1.99,0.52,97.02970297029702,-48.51485148514851,2425.0,live,1.791,68.65742574257426,$1-2,0.68,206026,True,1.49,0.75,0.75,,0.68
Perch Protection,3.56,5.49,2.66,54.21348314606742,-25.28089887640449,787.0,live,4.941000000000001,32.00674157303371,$2-5,3.28,560182,True,3.99,2.5,3.27,,3.28
Woodland Cemetery,0.45,1.29,0.46,186.66666666666663,2.222222222222224,1359.0,live,1.161,145.3866666666667,$0-1,0.5,687585,True,1.49,0.47,0.47,,0.5
Tempt with Bunnies,4.49,4.49,3.48,0.0,-22.49443207126949,879.0,live,4.041,-14.4,$2-5,3.51,559998,True,1.49,1.63,1.63,,3.51
Minas Tirith,6.06,8.99,6.19,48.34983498349836,2.1452145214521585,653.0,live,8.091000000000001,26.987458745874587,$5-10,6.15,498350,True,1.99,3.44,3.44,,6.15
Desperate Ritual,6.34,7.99,4.67,26.02523659305994,-26.340694006309143,832.0,live,7.191000000000001,7.877602523659305,$5-10,,11976,True,1.49,3.5,4.01,,4.67
Tribute to the World Tree,13.76,21.99,13.02,59.81104651162789,-5.377906976744188,660.0,live,19.791,36.79825581395348,$10-20,12.5,490536,True,0.0,9.51,9.51,,12.5
Maddening Cacophony,6.14,10.99,5.83,78.99022801302932,-5.048859934853414,679.0,live,9.891,53.21563517915309,$5-10,6.2,222115,False,0.0,,5.47,178743,6.2
Village Rites,0.29,0.99,0.15,241.3793103448276,-48.27586206896552,840.0,live,0.891,192.2206896551724,$0-1,0.34,230172,True,1.49,0.25,0.25,,0.34
"Lulu, Stern Guardian",0.45,0.49,0.26,8.888888888888884,-42.22222222222222,866.0,live,0.441,-6.791111111111118,$0-1,0.36,631236,True,1.49,0.35,0.35,,0.36
"Raph & Mikey, Troublemakers (Showcase)",5.23,7.99,4.58,52.77246653919693,-12.428298279158708,689.0,live,7.191000000000001,30.773231357552568,$5-10,,679188,True,1.49,3.75,4.16,,4.58
"Black Widow, Double Agent",0.24,0.35,0.15,45.83333333333333,-37.5,846.0,live,0.315,24.83333333333333,$0-1,0.15,696318,True,1.49,0.1,0.1,,0.15
Faithless Looting (Borderless),0.79,1.79,0.52,126.58227848101264,-34.177215189873415,962.0,live,1.611,93.95443037974684,$0-1,,507166,True,1.49,0.44,0.44,,0.52
Izzet Signet,0.4,0.99,0.36,147.5,-10.000000000000009,837.0,live,0.891,111.86,$0-1,0.4,624200,True,1.49,0.39,0.39,,0.4
Falcon and Redwing,1.11,2.29,1.07,106.30630630630628,-3.6036036036036063,988.0,live,2.061,76.59819819819819,$1-2,1.29,697095,True,1.49,0.94,0.94,,1.29
Triplicate Titan,0.42,0.99,0.2,135.71428571428575,-52.38095238095237,845.0,live,0.891,101.77142857142856,$0-1,0.4,615198,True,1.49,0.18,0.18,,0.4
Dirgur Focusmage,0.33,0.49,0.15,48.48484848484848,-54.54545454545456,960.0,live,0.441,27.10303030303029,$0-1,,687333,True,1.49,0.1,0.1,,0.15
Glacial Fortress,0.37,0.49,0.22,32.432432432432435,-40.54054054054054,816.0,live,0.441,13.36216216216216,$0-1,0.25,631321,True,1.49,0.2,0.2,,0.25
Thought Vessel,2.31,3.49,2.36,51.08225108225109,2.164502164502157,1042.0,live,3.1410000000000005,29.32640692640694,$2-5,2.49,631303,True,1.49,2.51,2.51,,2.49
The Reality Chip,3.78,5.99,3.63,58.46560846560848,-3.968253968253966,664.0,live,5.391,35.64656084656085,$2-5,4.2,262058,True,1.49,2.3,3.25,,4.2
Prismari Pianist,0.34,0.49,0.15,44.11764705882352,-55.88235294117647,885.0,live,0.441,23.36470588235293,$0-1,0.25,687456,True,1.49,0.1,0.1,,0.25
Party Thrasher,0.43,0.99,0.28,130.2325581395349,-34.88372093023256,1085.0,live,0.891,97.07906976744188,$0-1,0.44,552832,True,1.49,0.35,0.35,,0.44
Heralds of the Shredder - Vigor,2.25,1.99,1.87,-11.555555555555555,-16.888888888888882,1367.0,live,1.791,-24.29155555555555,$2-5,,679596,True,1.49,1.46,1.95,,1.87
Ancient Den,1.01,2.79,1.02,176.23762376237624,0.990099009900991,1368.0,live,2.511,136.45940594059408,$1-2,1.49,642847,True,1.49,0.97,0.97,,1.49
"Armaggon, Future Shark",0.37,0.49,0.15,32.432432432432435,-59.45945945945946,716.0,live,0.441,13.36216216216216,$0-1,0.4,673601,True,1.49,0.25,0.25,,0.4
"Clive, Ifrit's Dominant",3.59,4.99,2.59,38.99721448467968,-27.85515320334262,663.0,live,4.4910000000000005,18.9816155988858,$2-5,,630957,True,1.49,2.77,2.77,,2.59
Tempest Technique,0.31,0.69,0.15,122.5806451612903,-51.61290322580645,864.0,live,0.621,90.5290322580645,$0-1,0.34,624146,True,1.49,0.15,0.15,,0.34
"Ant-Man, Colony Commander",0.24,0.35,0.15,45.83333333333333,-37.5,889.0,live,0.315,24.83333333333333,$0-1,0.16,696315,True,1.49,0.09,0.09,,0.16
Fable of the Mirror-Breaker,5.65,8.99,5.82,59.11504424778761,3.0088495575221224,763.0,live,8.091000000000001,36.20247787610618,$5-10,,262222,True,1.49,4.0,4.0,,5.82
Profane Tutor,3.96,3.99,3.75,0.7575757575757638,-5.303030303030303,706.0,live,3.591,-13.751515151515145,$2-5,3.88,239403,True,1.49,2.51,3.2,,3.88
"Eiganjo, Seat of the Empire",5.31,9.99,3.12,88.135593220339,-41.242937853107335,672.0,live,8.991,61.04406779661017,$5-10,,262746,False,1.5,,3.6,634674,3.12
Felidar Guardian,2.64,1.99,1.38,-24.621212121212125,-47.727272727272734,682.0,live,1.791,-35.47575757575758,$2-5,,126480,True,1.49,1.2,1.2,,1.38
Elvish Mystic,1.18,1.29,0.48,9.322033898305094,-59.32203389830508,966.0,live,1.161,-6.420338983050833,$1-2,0.49,687499,True,1.49,0.4,0.4,,0.49
Generous Gift (Borderless),1.19,1.99,0.96,67.22689075630252,-19.327731092436977,708.0,live,1.791,43.146218487394975,$1-2,,507170,True,1.49,0.89,0.89,,0.96
"Daredevil, Fearless Fighter",3.12,5.49,2.99,75.96153846153845,-4.166666666666663,644.0,live,4.941000000000001,50.62307692307692,$2-5,3.46,697310,True,1.49,2.19,2.19,,3.46
Greedy Freebooter,0.45,0.99,0.15,120.0,-66.66666666666667,903.0,live,0.891,88.32,$0-1,0.35,526296,True,1.49,0.17,0.17,,0.35
Elvish Archdruid,0.44,0.69,0.15,56.8181818181818,-65.90909090909092,803.0,live,0.621,34.23636363636362,$0-1,0.3,589337,True,1.49,0.24,0.24,,0.3
Wistfulness (Borderless),11.06,19.99,9.86,80.74141048824592,-10.84990958408681,794.0,live,17.991,54.7146473779385,$10-20,,671526,True,0.0,7.0,9.95,,9.86
Fecund Greenshell,0.65,0.99,0.22,52.3076923076923,-66.15384615384616,785.0,live,0.891,30.375384615384604,$0-1,0.54,559635,True,1.49,0.24,0.24,,0.54
Mask of Memory,0.27,0.99,0.28,266.66666666666663,3.703703703703707,978.0,live,0.891,213.86666666666665,$0-1,0.41,631238,True,1.49,0.27,0.27,,0.41
"Mahadi, Emporium Master",1.72,2.79,1.56,62.2093023255814,-9.302325581395344,636.0,live,2.511,38.851162790697686,$1-2,2.0,272705,True,1.49,1.0,1.0,,2.0
Sunbillow Verge,8.82,13.99,8.23,58.61678004535147,-6.689342403628117,705.0,live,12.591000000000001,35.77596371882086,$5-10,9.05,614424,True,0.99,6.0,6.0,,9.05
"Tombstone, Career Criminal",0.23,0.35,0.15,52.17391304347825,-34.78260869565218,1457.0,live,0.315,30.260869565217373,$0-1,0.15,646049,True,1.49,0.1,0.1,,0.15
"Donatello, Gadget Master",0.42,0.49,0.15,16.666666666666668,-64.28571428571429,743.0,live,0.441,-0.1333333333333345,$0-1,0.38,673595,True,1.49,0.32,0.32,,0.38
Dualcaster Mage (Borderless),6.71,8.49,6.18,26.52757078986588,-7.898658718330854,638.0,live,7.641,8.307600596125182,$5-10,,686664,True,0.0,5.0,6.0,,6.18
Ronin's Arsenal - Conqueror's Flail (Borderless),1.94,1.99,0.98,2.5773195876288684,-49.48453608247423,659.0,live,1.791,-12.193814432989685,$1-2,,679209,True,1.49,1.2,1.38,,0.98
Solemn Simulacrum,0.38,0.59,0.23,55.26315789473684,-39.47368421052632,1218.0,live,0.531,32.90526315789472,$0-1,0.31,687624,True,1.49,0.25,0.25,,0.31
Austere Command,0.36,0.99,0.34,175.0,-5.555555555555546,988.0,live,0.891,135.4,$0-1,0.4,631171,True,1.49,0.25,0.25,,0.4
Amazing Acrobatics,0.22,0.35,0.15,59.09090909090908,-31.818181818181824,1068.0,live,0.315,36.18181818181817,$0-1,0.15,652062,True,1.49,0.06,0.06,,0.15
Voyager Quickwelder,0.26,0.69,0.15,165.38461538461536,-42.30769230769232,788.0,live,0.621,127.16923076923077,$0-1,0.25,616058,True,1.49,0.14,0.14,,0.25
Swamp (0282),0.3,0.49,0.15,63.33333333333334,-50.0,2362.0,live,0.441,39.81333333333333,$0-1,,696362,True,1.49,0.11,0.11,,0.15
Psychosis Crawler,0.92,1.49,0.52,61.95652173913042,-43.47826086956522,976.0,live,1.341,38.63478260869563,$0-1,0.75,559919,True,1.49,0.6,0.6,,0.75
"Michelangelo, Weirdness to 11 (Borderless)",6.58,6.99,4.16,6.23100303951368,-36.77811550151976,656.0,live,6.291,-9.066261398176296,$5-10,,679872,True,1.49,4.39,4.39,,4.16
Qarsi Revenant,2.64,2.29,1.03,-13.25757575757576,-60.98484848484848,806.0,live,2.061,-25.748484848484853,$2-5,1.2,623889,True,1.49,1.35,1.35,,1.2
Path of Ancestry (Borderless),0.76,1.29,0.45,69.73684210526316,-40.78947368421053,777.0,live,1.161,45.29473684210528,$0-1,,503398,True,1.49,0.4,0.4,,0.45
Blacksmith's Skill,0.47,0.79,0.15,68.08510638297875,-68.08510638297872,894.0,live,0.7110000000000001,43.88085106382981,$0-1,0.25,240197,True,1.49,0.19,0.19,,0.25
"Eladamri, Korvecdal",4.9,7.49,3.62,52.85714285714285,-26.12244897959184,686.0,live,6.7410000000000005,30.84571428571427,$2-5,3.93,552311,True,1.49,3.31,4.2,,3.93
Candy Trail,1.24,2.29,0.64,84.67741935483872,-48.38709677419354,1502.0,live,2.061,58.08387096774194,$1-2,,513362,True,1.49,0.49,0.49,,0.64
"Kozilek, the Broken Reality",3.42,4.99,2.49,45.90643274853802,-27.192982456140346,718.0,live,4.4910000000000005,24.895906432748543,$2-5,3.0,552314,True,1.49,3.25,3.25,,3.0
Turbulent Fen (Extended Art),7.31,7.49,6.73,2.4623803009576006,-7.934336525307787,707.0,live,6.7410000000000005,-12.2922024623803,$5-10,,688217,True,0.0,6.0,7.33,,6.73
"Liberator, Urza's Battlethopter",7.38,8.99,7.18,21.81571815718158,-2.710027100271005,664.0,live,8.091000000000001,4.274254742547422,$5-10,7.76,452236,True,0.0,5.0,7.49,,7.76
Island (295) - JP Full Art,2.73,4.49,2.35,64.46886446886447,-13.919413919413914,1257.0,live,4.041,40.78534798534799,$2-5,,257678,True,1.49,1.39,1.75,,2.35
"Ultron, Unlimited",0.81,1.79,0.88,120.98765432098764,8.64197530864197,654.0,live,1.611,89.16543209876544,$0-1,1.14,697989,True,1.49,0.68,0.68,,1.14
Elvish Mystic,0.49,1.29,0.31,163.26530612244898,-36.734693877551024,876.0,live,1.161,125.35510204081636,$0-1,,687499,True,1.49,0.4,0.4,,0.31
"Ral Zarek, Guest Lecturer (Borderless)",3.42,2.79,1.84,-18.421052631578945,-46.19883040935672,684.0,live,2.511,-30.16842105263157,$2-5,,686568,True,1.49,1.9,2.56,,1.84
Felidar Retreat,1.02,2.29,0.93,124.50980392156865,-8.823529411764703,934.0,live,2.061,92.18039215686277,$1-2,1.09,590974,True,1.49,0.98,0.98,,1.09
H.E.R.B.I.E. Scout Unit,0.23,0.35,0.15,52.17391304347825,-34.78260869565218,1254.0,live,0.315,30.260869565217373,$0-1,0.15,697072,True,1.49,0.05,0.05,,0.15
Shared Animosity,2.97,4.49,2.8000000000000003,51.178451178451176,-5.723905723905721,685.0,live,4.041,29.408754208754207,$2-5,2.94,513961,True,1.49,2.54,2.9,,2.94
Path of Ancestry,0.3,0.35,0.15,16.666666666666664,-50.0,1174.0,live,0.315,-0.1333333333333371,$0-1,0.15,631295,True,1.49,0.13,0.13,,0.15
Laughing Mad,0.23,0.35,0.15,52.17391304347825,-34.78260869565218,878.0,live,0.315,30.260869565217373,$0-1,0.16,631602,True,1.49,0.04,0.04,,0.16
"Skrelv, Defector Mite",3.08,4.49,3.02,45.77922077922078,-1.9480519480519496,665.0,live,4.041,24.78701298701299,$2-5,3.39,478278,True,1.49,2.27,2.27,,3.39
Chasm Skulker,0.29,0.79,0.26,172.41379310344828,-10.344827586206886,858.0,live,0.7110000000000001,133.18620689655177,$0-1,0.29,631260,True,1.49,0.28,0.28,,0.29
Meteor Sword,0.28,0.35,0.15,24.999999999999982,-46.42857142857144,782.0,live,0.315,6.999999999999981,$0-1,0.21,662613,True,1.49,0.15,0.15,,0.21
"Kardur, Doomscourge",0.81,0.99,0.62,22.22222222222221,-23.456790123456795,909.0,live,0.891,4.622222222222212,$0-1,0.7,230430,True,1.49,0.54,0.54,,0.7
Seedborn Muse,15.52,20.99,14.62,35.24484536082473,-5.798969072164951,641.0,live,18.891,15.76958762886598,$10-20,14.55,624655,True,1.49,13.91,13.91,,14.55
Insight Engine,1.0,1.79,0.93,79.0,-6.999999999999995,1215.0,live,1.611,53.224,$1-2,1.1,642789,True,1.49,0.9,0.9,,1.1
On Wings of Gold,0.86,1.29,0.78,50.000000000000014,-9.302325581395344,749.0,live,1.161,28.400000000000013,$0-1,0.99,615115,True,1.49,0.62,0.62,,0.99
The Legend of Kuruk,2.04,3.49,1.84,71.07843137254902,-9.803921568627448,674.0,live,3.1410000000000005,46.44313725490197,$2-5,,660506,True,1.49,1.8,1.8,,1.84
Boros Signet,0.44,1.29,0.44,193.18181818181824,0.0,788.0,live,1.161,150.9636363636364,$0-1,0.43,624199,True,1.49,0.35,0.46,,0.43
Splash Portal,0.36,0.99,0.15,175.0,-58.333333333333336,793.0,live,0.891,135.4,$0-1,0.35,559145,True,1.49,0.19,0.19,,0.35
Monastery Mentor,0.67,1.49,0.43,122.38805970149252,-35.820895522388064,970.0,live,1.341,90.3641791044776,$0-1,0.52,624151,True,1.49,0.46,0.46,,0.52
Vampiric Rites,0.4,0.35,0.15,-12.50000000000001,-62.5,719.0,live,0.315,-25.10000000000001,$0-1,0.15,513566,True,1.49,0.2,0.2,,0.15
Island (0299),0.21,0.49,0.15,133.33333333333334,-28.57142857142857,2088.0,live,0.441,99.73333333333332,$0-1,,630886,True,1.49,0.1,0.1,,0.15
Storm-Kiln Artist,2.78,2.99,1.45,7.553956834532389,-47.84172661870503,917.0,live,2.6910000000000003,-7.933812949640282,$2-5,1.59,687338,True,1.49,1.4,1.4,,1.59
The Ozolith,65.59,79.99,57.31,21.954566244854384,-12.62387559079128,625.0,live,71.991,4.3931087055953615,$50-100,65.51,212302,True,0.99,61.05,61.05,,65.51
Ghostly Flicker,1.42,2.79,1.16,96.47887323943664,-18.30985915492958,931.0,live,2.511,68.18591549295776,$1-2,1.4,507400,True,1.49,1.08,1.08,,1.4
Omniscience,5.7,8.49,5.72,48.94736842105263,0.3508771929824486,683.0,live,7.641,27.49894736842105,$5-10,6.0,557923,True,0.0,4.02,5.82,,6.0
Ancient Adamantoise,3.22,4.49,2.5,39.440993788819874,-22.36024844720497,658.0,live,4.041,19.36149068322981,$2-5,3.15,633190,True,1.49,3.04,3.04,,3.15
World Map,0.28,0.35,0.15,24.999999999999982,-46.42857142857144,1127.0,live,0.315,6.999999999999981,$0-1,0.15,633411,True,1.49,0.05,0.05,,0.15
"Doran, Besieged by Time",0.55,0.49,0.15,-10.90909090909092,-72.72727272727273,689.0,live,0.441,-23.73818181818183,$0-1,0.5,671516,True,1.49,0.4,0.4,,0.5
Villainous Hideout,0.19,0.35,0.15,84.21052631578945,-21.052631578947373,996.0,live,0.315,57.68421052631577,$0-1,0.15,697092,True,1.49,0.02,0.02,,0.15
Mountain (270) - Full Art,0.86,2.29,0.66,166.27906976744188,-23.255813953488367,1745.0,live,2.061,127.93488372093024,$0-1,,475525,True,1.49,0.84,0.84,,0.66
Dragon's Approach,1.76,3.49,1.44,98.29545454545456,-18.181818181818183,1853.0,live,3.1410000000000005,69.74090909090911,$1-2,,235876,True,1.49,1.25,1.25,,1.44
"Rat King, Pale Piper",0.39,0.79,0.15,102.56410256410258,-61.53846153846154,846.0,live,0.7110000000000001,73.3948717948718,$0-1,0.33,679586,True,1.49,0.25,0.25,,0.33
Dauthi Voidwalker,4.35,6.49,3.49,49.1954022988506,-19.770114942528725,747.0,live,5.841,27.711264367816103,$2-5,3.14,240166,True,1.49,3.36,3.49,,3.14
Turbulent Springs (Extended Art),5.3,6.99,5.0,31.8867924528302,-5.660377358490563,711.0,live,6.291,12.895094339622643,$5-10,,688221,True,0.0,4.75,5.47,,5.0
Library of Leng (Borderless),10.7,9.49,8.24,-11.308411214953264,-22.99065420560747,627.0,live,8.541,-24.07999999999999,$10-20,,686577,True,0.0,8.57,9.18,,8.24
Suspend Aggression,0.27,0.49,0.15,81.48148148148147,-44.44444444444445,851.0,live,0.441,55.34814814814813,$0-1,0.15,688670,True,1.49,0.01,0.01,,0.15
"Atsushi, the Blazing Sky",0.34,0.99,0.15,191.17647058823525,-55.88235294117647,930.0,live,0.891,149.2470588235294,$0-1,0.21,687397,True,1.49,0.28,0.28,,0.21
Island (296) - JP Full Art,3.69,4.99,2.77,35.23035230352304,-24.932249322493224,1295.0,live,4.4910000000000005,15.757181571815725,$2-5,,257679,True,3.99,1.77,2.1,,2.77
"Veyran, Voice of Duality",1.11,3.99,0.94,259.4594594594594,-15.315315315315328,853.0,live,3.591,207.6972972972973,$1-2,1.14,687658,True,1.49,1.31,1.31,,1.14
Combat Research,0.65,1.49,0.51,129.23076923076923,-21.53846153846154,843.0,live,1.341,96.22153846153844,$0-1,0.57,283615,True,1.49,0.4,0.4,,0.57
Oliphaunt (Borderless),0.26,0.35,0.15,34.615384615384606,-42.30769230769232,1136.0,live,0.315,15.230769230769218,$0-1,,498433,True,1.49,0.09,0.09,,0.15
"Lumra, Bellow of the Woods",20.43,32.99,21.0,61.47821830641215,2.7900146842878137,634.0,live,29.691000000000003,38.2253548702888,$20-50,20.0,541369,False,0.99,,19.01,415908,20.0
Hobgoblin Bandit Lord,4.68,6.99,4.26,49.35897435897437,-8.974358974358973,636.0,live,6.291,27.85128205128205,$2-5,4.85,243428,True,1.49,3.0,4.48,,4.85
Hardened Academic (Extended Art),1.2,1.49,0.39,24.16666666666667,-67.5,801.0,live,1.341,6.286666666666663,$1-2,,686626,True,1.49,0.6,0.6,,0.39
The Serpent Society (Extended Art),2.43,2.49,1.69,2.469135802469138,-30.452674897119348,679.0,live,2.241,-12.286419753086426,$2-5,,696653,True,1.49,1.39,1.39,,1.69
Utrom Monitor,5.63,8.99,4.99,59.68028419182949,-11.367673179396087,2233.0,live,8.091000000000001,36.68632326820603,$5-10,5.34,679801,True,3.99,4.0,5.49,,5.34
Stensian Sanguinist (Extended Art),4.56,7.99,3.56,75.21929824561406,-21.929824561403503,650.0,live,7.191000000000001,49.98771929824562,$2-5,,688228,True,1.49,3.01,3.01,,3.56
Idyllic Tutor,13.03,14.99,10.78,15.0422102839601,-17.267843438219494,635.0,live,13.491,-1.5238679969301516,$10-20,12.31,206667,True,0.99,9.98,10.49,,12.31
Unstoppable Plan,3.24,3.99,1.43,23.148148148148145,-55.8641975308642,689.0,live,3.591,5.414814814814815,$2-5,2.6,615374,True,1.49,2.23,2.23,,2.6
Shoot the Sheriff,0.41,0.79,0.15,92.68292682926833,-63.41463414634146,1132.0,live,0.7110000000000001,64.93658536585369,$0-1,0.41,544398,True,1.49,0.2,0.2,,0.41
Turbulent Wilderness (Extended Art),5.21,6.49,4.57,24.568138195777355,-12.28406909788867,691.0,live,5.841,6.630326295585412,$5-10,,688226,True,1.49,4.08,4.99,,4.57
"Ganax, Astral Hunter",1.12,1.99,1.02,77.6785714285714,-8.928571428571436,819.0,live,1.791,52.09285714285713,$1-2,1.1,272928,True,1.49,0.95,0.95,,1.1
"Adrix and Nev, Twincasters (Borderless)",6.05,7.99,6.25,32.06611570247935,3.305785123966945,639.0,live,7.191000000000001,13.048595041322312,$5-10,,686634,True,0.0,4.6,6.0,,6.25
Zurgo Stormrender (Borderless),5.18,9.99,3.85,92.85714285714288,-25.67567567567567,751.0,live,8.991,65.08571428571427,$5-10,,623917,True,1.49,0.64,0.64,,3.85
"Lady Octopus, Inspired Inventor",0.81,1.29,0.2,59.25925925925925,-75.30864197530866,741.0,live,1.161,36.32592592592593,$0-1,0.54,651941,True,1.49,0.5,0.5,,0.54
Charismatic Conqueror,21.73,24.99,19.58,15.002300966405882,-9.894155545329047,664.0,live,22.491,-1.5580303727565628,$20-50,20.99,525710,True,3.79,16.99,16.99,,20.99
Monumental Henge,0.33,0.99,0.15,200.0,-54.54545454545456,748.0,live,0.891,156.79999999999995,$0-1,0.4,552871,True,1.49,0.3,0.3,,0.4
Warleader's Call (Borderless),3.4,6.99,3.1,105.58823529411764,-8.823529411764701,681.0,live,6.291,75.9835294117647,$2-5,,696437,True,1.49,2.25,2.33,,3.1
Fractured Sanity,2.92,3.49,1.64,19.52054794520549,-43.83561643835617,844.0,live,3.1410000000000005,2.309589041095904,$2-5,2.21,239492,True,1.49,1.0,2.07,,2.21
Rugged Prairie,0.33,0.69,0.15,109.09090909090908,-54.54545454545456,824.0,live,0.621,78.98181818181816,$0-1,0.19,631276,True,1.49,0.16,0.16,,0.19
Chatterstorm,0.25,0.35,0.15,39.99999999999999,-40.0,898.0,live,0.315,19.83999999999999,$0-1,0.15,239746,True,1.49,0.1,0.1,,0.15
Fell,0.36,0.79,0.15,119.44444444444446,-58.333333333333336,950.0,live,0.7110000000000001,87.84444444444446,$0-1,0.33,558602,True,1.49,0.17,0.17,,0.33
Antiquities on the Loose,0.22,0.49,0.15,122.72727272727272,-31.818181818181824,796.0,live,0.441,90.65454545454544,$0-1,0.15,688648,True,1.49,0.12,0.12,,0.15
Relic of Sauron,9.58,11.99,8.07,25.156576200417536,-15.762004175365345,768.0,live,10.791,7.134029227557402,$5-10,8.31,499597,True,1.49,7.63,7.63,,8.31
Duskshell Crawler,0.26,0.49,0.17,88.46153846153845,-34.61538461538461,776.0,live,0.441,61.32307692307691,$0-1,0.27,240460,True,1.49,0.15,0.15,,0.27
Stitch Together,0.42,1.29,0.31,207.1428571428572,-26.190476190476183,784.0,live,1.161,162.91428571428577,$0-1,,631579,True,1.49,0.38,0.38,,0.31
Underground River,1.74,3.99,1.44,129.31034482758622,-17.241379310344833,920.0,live,3.591,96.28965517241382,$1-2,1.63,615049,True,1.49,1.32,1.35,,1.63
Bloodstained Mire,17.61,27.99,15.61,58.94378194207837,-11.357183418512207,753.0,live,25.191,36.055877342419066,$10-20,17.5,541275,True,0.0,15.89,17.5,,17.5
Searslicer Goblin,1.17,1.79,0.27,52.991452991453,-76.92307692307692,869.0,live,1.611,30.96068376068377,$1-2,0.37,589362,True,1.49,0.54,0.54,,0.37
Creakwood Liege,0.31,0.49,0.15,58.06451612903225,-51.61290322580645,1001.0,live,0.441,35.30322580645161,$0-1,0.19,687616,True,1.49,0.18,0.18,,0.19
"Crystal, Inhuman Princess",1.13,2.79,1.13,146.90265486725667,0.0,700.0,live,2.511,111.3486725663717,$1-2,1.56,697609,True,3.99,0.9,0.9,,1.56
Furycalm Snarl,0.31,0.49,0.15,58.06451612903225,-51.61290322580645,835.0,live,0.441,35.30322580645161,$0-1,0.18,631270,True,1.49,0.15,0.15,,0.18
Forced Fruition,2.98,3.99,2.92,33.892617449664435,-2.0134228187919483,653.0,live,3.591,14.61208053691276,$2-5,3.32,513072,True,1.49,2.29,2.83,,3.32
"Blex, Vexing Pest",12.19,13.99,10.83,14.766201804758005,-11.156685808039372,649.0,live,12.591000000000001,-1.7601312551271433,$10-20,,235972,True,1.49,3.11,3.11,,10.83
Shineshadow Snarl,0.27,0.49,0.15,81.48148148148147,-44.44444444444445,864.0,live,0.441,55.34814814814813,$0-1,0.2,631117,True,1.49,0.11,0.11,,0.2
Honest Rutstein,0.38,1.49,0.15,292.1052631578947,-60.526315789473685,738.0,live,1.341,235.64210526315787,$0-1,0.39,544218,True,1.49,0.29,0.29,,0.39
Cabal Stronghold,11.91,15.99,11.46,34.25692695214106,-3.77833753148614,625.0,live,14.391,14.923929471032748,$10-20,11.5,164377,True,0.0,10.15,11.29,,11.5
Fellwar Stone,0.96,1.79,0.7000000000000001,86.45833333333334,-27.083333333333325,1275.0,live,1.611,59.60833333333334,$0-1,0.81,687597,True,1.49,0.91,0.91,,0.81
Excalibur II,0.78,0.99,0.15,26.92307692307692,-80.76923076923077,669.0,live,0.891,8.646153846153839,$0-1,0.34,634428,True,1.49,0.25,0.25,,0.34
Horn of Gondor,2.52,3.99,2.33,58.333333333333336,-7.539682539682538,677.0,live,3.591,35.533333333333346,$2-5,2.32,498542,True,1.49,1.49,1.49,,2.32
"Katara, Water Tribe's Hope",0.58,0.69,0.15,18.96551724137931,-74.13793103448275,699.0,live,0.621,1.8344827586206869,$0-1,0.32,648736,True,1.49,0.3,0.3,,0.32
Kindred Discovery,5.57,9.49,5.71,70.3770197486535,2.513464991023333,755.0,live,8.541,45.8427289048474,$5-10,5.65,697185,True,0.0,3.5,5.93,,5.65
Turbulent Steppe (Extended Art),4.85,6.49,3.89,33.81443298969074,-19.79381443298968,690.0,live,5.841,14.545154639175264,$2-5,,688224,True,1.49,3.64,4.85,,3.89
Disallow,0.45,0.79,0.15,75.55555555555556,-66.66666666666667,1127.0,live,0.7110000000000001,50.27555555555556,$0-1,0.4,615189,True,1.49,0.3,0.3,,0.4
Swamp (0193),0.26,0.49,0.15,88.46153846153845,-42.30769230769232,1716.0,live,0.441,61.32307692307691,$0-1,,679217,True,1.49,0.15,0.15,,0.15
Mountain (0194),0.29,0.49,0.15,68.96551724137932,-48.27586206896552,1594.0,live,0.441,44.63448275862069,$0-1,,679218,True,1.49,0.15,0.15,,0.15
Altar of the Brood,8.05,10.99,6.25,36.52173913043477,-22.36024844720497,628.0,live,9.891,16.862608695652156,$5-10,7.63,93190,True,0.0,7.0,7.89,,7.63
Champion of the Path,0.46,0.49,0.15,6.521739130434775,-67.3913043478261,693.0,live,0.441,-8.817391304347835,$0-1,0.25,671763,True,1.49,0.05,0.05,,0.25
Swamp (298) - JP Full Art,5.26,6.49,4.48,23.38403041825096,-14.82889733840303,1163.0,live,5.841,5.6167300380228165,$5-10,,257681,True,1.49,3.02,4.74,,4.48
"Teferi, Time Raveler",6.59,7.49,6.140000000000001,13.657056145675272,-6.828528072837623,708.0,live,6.7410000000000005,-2.7095599393019736,$5-10,6.23,187194,True,0.0,4.5,5.46,,6.23
Persist,1.16,1.79,0.92,54.31034482758622,-20.689655172413783,1124.0,live,1.611,32.089655172413806,$1-2,1.12,671161,True,1.49,1.0,1.0,,1.12
Talisman of Curiosity,0.32,0.79,0.2,146.875,-37.5,1069.0,live,0.7110000000000001,111.325,$0-1,0.34,615190,True,1.49,0.32,0.32,,0.34
Bilious Skulldweller,0.35,0.79,0.15,125.71428571428574,-57.14285714285714,1010.0,live,0.7110000000000001,93.2114285714286,$0-1,0.3,478809,True,1.49,0.19,0.19,,0.3
Rootbound Crag,0.4,0.59,0.18,47.49999999999999,-55.00000000000001,831.0,live,0.531,26.259999999999977,$0-1,0.29,679630,True,1.49,0.24,0.24,,0.29
Graduation Day,0.31,0.35,0.15,12.903225806451609,-51.61290322580645,953.0,live,0.315,-3.354838709677426,$0-1,0.15,686528,True,1.49,0.05,0.05,,0.15
Windswept Heath,10.96,15.99,10.42,45.8941605839416,-4.92700729927008,731.0,live,14.391,24.88540145985401,$10-20,10.91,541272,True,0.0,9.96,10.98,,10.91
Ominous Harvest,0.42,0.49,0.15,16.666666666666668,-64.28571428571429,1130.0,live,0.441,-0.1333333333333345,$0-1,0.35,687350,True,1.49,0.31,0.31,,0.35
Mudflat Village,0.31,0.59,0.15,90.32258064516128,-51.61290322580645,839.0,live,0.531,62.91612903225804,$0-1,0.24,558609,True,1.49,0.21,0.21,,0.24
Fabled Passage,1.65,2.79,1.1,69.09090909090911,-33.33333333333333,793.0,live,2.511,44.7418181818182,$1-2,1.6,687665,True,1.49,0.98,0.98,,1.6
Squirrel Sovereign,0.33,0.69,0.15,109.09090909090908,-54.54545454545456,776.0,live,0.621,78.98181818181816,$0-1,0.24,239443,True,1.49,0.22,0.22,,0.24
Secluded Courtyard,0.35,0.35,0.15,0.0,-57.14285714285714,920.0,live,0.315,-14.400000000000002,$0-1,0.2,525821,True,1.49,0.19,0.19,,0.2
Tifa's Limit Break,0.36,0.35,0.15,-2.7777777777777803,-58.333333333333336,715.0,live,0.315,-16.77777777777778,$0-1,0.16,634955,True,1.49,0.14,0.14,,0.16
Gilded Goose,0.35,1.29,0.15,268.5714285714286,-57.14285714285714,1003.0,live,1.161,215.49714285714293,$0-1,0.3,687509,True,1.49,0.29,0.29,,0.3
Frantic Search,0.66,1.79,0.65,171.2121212121212,-1.5151515151515165,792.0,live,1.611,132.15757575757576,$0-1,0.66,457177,True,1.49,0.64,0.64,,0.66
Island (0275),0.34,1.79,0.15,426.4705882352941,-55.88235294117647,1752.0,live,1.611,350.65882352941173,$0-1,,671052,True,1.49,0.05,0.05,,0.15
Rockfall Vale,3.01,4.99,3.17,65.78073089700999,5.315614617940204,665.0,live,4.4910000000000005,41.90830564784054,$2-5,3.0,247830,True,1.49,2.39,2.39,,3.0
Goblin Bombardment,2.49,3.49,2.31,40.16064257028112,-7.228915662650608,692.0,live,3.1410000000000005,19.977510040160645,$2-5,3.0,239839,False,1.49,,2.2,522694,3.0
Circle of Power,0.33,0.35,0.15,6.060606060606049,-54.54545454545456,732.0,live,0.315,-9.212121212121223,$0-1,0.23,631598,True,1.49,0.1,0.1,,0.23
Izzet Signet,0.41,0.79,0.36,92.68292682926833,-12.19512195121951,954.0,live,0.7110000000000001,64.93658536585369,$0-1,0.4,624200,True,1.49,0.39,0.39,,0.4
Vault of the Archangel,0.55,1.79,0.68,225.45454545454544,23.63636363636364,809.0,live,1.611,178.58909090909088,$0-1,0.67,624323,True,1.49,0.49,0.6,,0.67
Foundry Inspector,0.8,1.29,0.34,61.24999999999999,-57.49999999999999,744.0,live,1.161,38.03000000000001,$0-1,0.65,227121,True,1.49,0.3,0.3,,0.65
Triceraton Commander,1.43,1.99,0.43,39.16083916083917,-69.93006993006993,646.0,live,1.791,19.12167832167833,$1-2,,673554,True,1.49,0.68,0.68,,0.43
"Ashiok, Dream Render",1.32,1.29,0.71,-2.2727272727272747,-46.21212121212122,754.0,live,1.161,-16.34545454545454,$1-2,1.22,188627,True,1.49,0.76,0.76,,1.22
Karplusan Forest,0.48,1.29,0.36,168.75000000000003,-25.0,1152.0,live,1.161,130.05,$0-1,0.47,642063,True,1.49,0.44,0.44,,0.47
Throne of the God-Pharaoh,6.32,9.49,5.42,50.15822784810127,-14.240506329113929,645.0,live,8.541,28.535443037974684,$5-10,,129836,True,1.49,3.78,4.33,,5.42
Tifa Lockhart (Borderless),12.97,15.99,10.4,23.284502698535075,-19.814957594448728,627.0,live,14.391,5.531534309946028,$10-20,,630934,True,1.24,10.51,10.51,,10.4
Harbinger of the Seas (Borderless),3.05,3.49,0.78,14.426229508196736,-74.42622950819671,679.0,live,3.1410000000000005,-2.05114754098359,$2-5,,668483,True,1.49,1.0,2.49,,0.78
Get Out,0.37,0.49,0.15,32.432432432432435,-59.45945945945946,1151.0,live,0.441,13.36216216216216,$0-1,0.35,578879,True,1.49,0.25,0.25,,0.35
Grafted Exoskeleton,5.79,6.99,4.42,20.725388601036272,-23.66148531951641,682.0,live,6.291,3.340932642487044,$5-10,,36417,False,0.0,,5.54,175,4.42
The Mycosynth Gardens,0.34,0.99,0.33,191.17647058823525,-2.9411764705882377,1025.0,live,0.891,149.2470588235294,$0-1,0.33,642857,True,1.49,0.14,0.14,,0.33
Generous Gift,1.66,2.29,0.93,37.95180722891568,-43.97590361445782,692.0,live,2.061,18.086746987951813,$1-2,1.32,507472,True,1.49,0.96,0.96,,1.32
Island (268) - Full Art,0.98,1.79,0.23,82.6530612244898,-76.53061224489795,1630.0,live,1.611,56.35102040816328,$0-1,,475526,True,1.49,0.74,0.74,,0.23
Bontu's Monument,3.8,6.49,2.84,70.78947368421053,-25.26315789473684,655.0,live,5.841,46.195789473684215,$2-5,2.88,615113,True,1.49,2.0,2.96,,2.88
Plains (0274),0.35,0.99,0.15,182.8571428571429,-57.14285714285714,1605.0,live,0.891,142.1257142857143,$0-1,,671050,True,1.49,0.22,0.22,,0.15
Breaker of Creation,0.28,0.49,0.15,74.99999999999997,-46.42857142857144,801.0,live,0.441,49.799999999999976,$0-1,0.19,550846,True,1.49,0.2,0.2,,0.19
Biomancer's Familiar,1.68,3.49,1.04,107.73809523809526,-38.095238095238095,745.0,live,3.1410000000000005,77.82380952380954,$1-2,,182952,True,1.49,1.35,1.35,,1.04
Nuka-Cola Vending Machine,20.92,24.99,18.54,19.4550669216061,-11.376673040152976,627.0,live,22.491,2.253537284894826,$20-50,17.81,522937,True,1.5,17.0,17.0,,17.81
Plains (267) - Full Art,1.39,2.29,0.52,64.74820143884894,-62.58992805755396,1768.0,live,2.061,41.02446043165469,$1-2,,475524,True,1.49,0.9,0.9,,0.52
Brainstorm,2.07,3.49,1.44,68.59903381642515,-30.43478260869565,1065.0,live,3.1410000000000005,44.32077294685993,$2-5,1.59,4611,True,1.49,0.79,0.79,,1.59
God-Pharaoh's Statue,0.77,1.49,0.2,93.5064935064935,-74.02597402597402,760.0,live,1.341,65.64155844155842,$0-1,,187246,True,1.49,0.57,0.57,,0.2
Sign in Blood,0.4,0.99,0.26,147.5,-35.0,918.0,live,0.891,111.86,$0-1,,90915,True,1.49,0.28,0.28,,0.26
"Sokenzan, Crucible of Defiance",2.63,4.49,2.34,70.72243346007606,-11.02661596958175,633.0,live,4.041,46.13840304182511,$2-5,3.07,262172,True,1.49,1.43,1.83,,3.07
"Hearthhull, the Worldseed (Borderless)",2.13,2.79,0.15,30.985915492957755,-92.95774647887325,1192.0,live,2.511,12.123943661971843,$2-5,,641861,True,1.49,0.28,0.28,,0.15
Whip of Erebos,7.24,12.99,6.19,79.41988950276243,-14.502762430939224,627.0,live,11.691,53.58342541436463,$5-10,7.34,71354,True,1.84,4.25,5.02,,7.34
Drown in the Loch,1.29,1.79,0.9,38.75968992248062,-30.23255813953488,906.0,live,1.611,18.77829457364341,$1-2,1.12,199207,True,1.49,0.71,0.71,,1.12
"Abigale, Poet Laureate",0.24,0.35,0.15,45.83333333333333,-37.5,904.0,live,0.315,24.83333333333333,$0-1,,686529,True,1.49,0.1,0.1,,0.15
Dark Confidant,3.64,5.99,2.73,64.56043956043956,-25.000000000000007,668.0,live,5.391,40.86373626373626,$2-5,,630935,True,1.49,2.95,2.95,,2.73
"Sephiroth, Fallen Hero",0.33,0.49,0.18,48.48484848484848,-45.45454545454546,820.0,live,0.441,27.10303030303029,$0-1,0.29,631053,True,1.49,0.2,0.2,,0.29
Willowrush Verge,6.06,9.99,5.21,64.85148514851487,-14.02640264026402,650.0,live,8.991,41.11287128712872,$5-10,6.3,614435,True,1.49,4.0,4.3,,6.3
"Inspirit, Flagship Vessel (Borderless)",0.92,2.29,0.18,148.91304347826087,-80.43478260869564,931.0,live,2.061,113.06956521739129,$0-1,,641865,True,1.49,0.25,0.25,,0.18
"The Reaper, King No More (Borderless)",0.58,1.79,0.15,208.6206896551724,-74.13793103448275,872.0,live,1.611,164.17931034482763,$0-1,,671254,True,1.49,0.31,0.31,,0.15
Wooded Foothills,16.64,24.99,16.64,50.180288461538446,0.0,742.0,live,22.491,28.55432692307692,$10-20,16.49,541277,True,0.0,11.54,11.54,,16.49
"Adeline, Resplendent Cathar",2.37,4.99,2.27,110.54852320675106,-4.2194092827004255,675.0,live,4.4910000000000005,80.2295358649789,$2-5,2.24,624280,True,1.49,1.79,1.79,,2.24
Spikefield Hazard,0.41,0.39,0.15,-4.878048780487796,-63.41463414634146,729.0,live,0.35100000000000003,-18.57560975609755,$0-1,,221957,True,1.49,0.29,0.29,,0.15
"Donatello, Mutant Mechanic",1.2,0.99,0.44,-17.5,-63.33333333333334,679.0,live,0.891,-29.38,$1-2,0.71,673596,True,1.49,1.0,1.0,,0.71
Mind Stone,0.33,0.99,0.25,200.0,-24.24242424242425,998.0,live,0.891,156.79999999999995,$0-1,0.37,463303,True,1.49,0.25,0.25,,0.37
"Spider-Ham, Peter Porker",1.03,0.79,0.19,-23.300970873786405,-81.55339805825244,659.0,live,0.7110000000000001,-34.345631067961165,$1-2,0.4,646165,True,1.49,0.48,0.48,,0.4
Shadowspear,31.31,39.99,28.86,27.722772277227737,-7.824976045991693,604.0,live,35.991,9.330693069306932,$20-50,28.0,206978,True,1.22,28.35,29.07,,28.0
Astonishing Spider-Man,2.02,2.99,2.02,48.01980198019803,0.0,618.0,live,2.6910000000000003,26.704950495049506,$2-5,2.18,696880,True,1.49,1.32,1.32,,2.18
Cinder Glade,0.39,0.49,0.19,25.64102564102563,-51.28205128205129,772.0,live,0.441,7.54871794871794,$0-1,0.21,679618,True,1.49,0.19,0.19,,0.21
"Alexios, Deimos of Kosmos (Showcase)",0.34,0.79,0.15,132.35294117647058,-55.88235294117647,800.0,live,0.7110000000000001,98.89411764705883,$0-1,,556349,True,1.49,0.19,0.19,,0.15
Forest (0291),1.14,1.79,0.41,57.017543859649145,-64.03508771929825,1777.0,live,1.611,34.407017543859666,$1-2,,648729,True,1.49,0.1,0.1,,0.41
Reanimate,8.99,11.99,7.84,33.37041156840934,-12.791991101223584,632.0,live,10.791,14.165072302558388,$5-10,8.53,631573,True,0.0,7.21,7.94,,8.53
Demonic Counsel,2.09,2.99,1.34,43.062200956937815,-35.88516746411482,701.0,live,2.6910000000000003,22.461244019138764,$2-5,2.11,575060,True,1.49,0.74,0.74,,2.11
Lightning Greaves,3.9,6.49,3.97,66.41025641025642,1.7948717948718025,821.0,live,5.841,42.44717948717949,$2-5,3.97,687611,True,1.49,4.13,4.13,,3.97
"Gilgamesh, Master-at-Arms",0.52,0.49,0.15,-5.769230769230775,-71.15384615384615,672.0,live,0.441,-19.338461538461544,$0-1,0.34,630858,True,1.49,0.25,0.25,,0.34
City on Fire,12.66,14.99,10.96,18.404423380726698,-13.428120063191148,608.0,live,13.491,1.3541864139020576,$10-20,11.77,490547,True,1.31,7.99,9.43,,11.77
Underground River,1.52,3.99,1.61,162.5,5.921052631578952,898.0,live,3.591,124.70000000000002,$1-2,1.6,615049,True,1.49,1.32,1.35,,1.6
Subterranean Tremors,1.48,0.99,0.63,-33.108108108108105,-57.43243243243244,640.0,live,0.891,-42.740540540540536,$1-2,1.16,686661,True,1.49,0.68,0.68,,1.16
Swiftfoot Boots,3.32,3.99,2.38,20.18072289156628,-28.3132530120482,707.0,live,3.591,2.8746987951807355,$2-5,3.0,591210,True,1.49,2.0,2.0,,3.0
Snow-Covered Island,1.92,1.99,1.19,3.645833333333337,-38.02083333333333,2422.0,live,1.791,-11.27916666666666,$1-2,1.35,190649,True,1.49,0.75,0.75,,1.35
Swamp (272),1.16,1.99,0.86,71.55172413793105,-25.86206896551724,2665.0,live,1.791,46.84827586206898,$1-2,,253435,True,1.49,0.72,0.72,,0.86
Angelic Destiny,0.36,0.99,0.15,175.0,-58.333333333333336,890.0,live,0.891,135.4,$0-1,0.18,687368,True,1.49,0.15,0.15,,0.18
Avengers: Under Siege (Borderless),0.4,0.49,0.15,22.5,-62.5,689.0,live,0.441,4.85999999999999,$0-1,,696867,True,1.49,0.29,0.29,,0.15
Staff of Domination,9.9,12.99,9.78,31.212121212121207,-1.212121212121222,617.0,live,11.691,12.317575757575744,$5-10,9.5,226687,True,0.0,6.96,6.96,,9.5
Spirebluff Canal,5.16,8.99,3.85,74.2248062015504,-25.387596899224807,780.0,live,8.091000000000001,49.13643410852712,$5-10,,544277,True,1.49,2.8,3.0,,3.85
Sandsteppe Citadel,0.34,0.49,0.15,44.11764705882352,-55.88235294117647,755.0,live,0.441,23.36470588235293,$0-1,0.4,624271,True,1.49,0.12,0.12,,0.4
Manifold Key,1.98,2.49,1.17,25.75757575757577,-40.909090909090914,751.0,live,2.241,7.648484848484848,$1-2,1.43,273376,True,1.49,1.5,1.5,,1.43
Colossus Hammer,1.66,2.29,0.52,37.95180722891568,-68.67469879518072,685.0,live,2.061,18.086746987951813,$1-2,0.68,631225,True,3.99,0.66,0.66,,0.68
Teleportation Circle,9.63,12.99,8.02,34.89096573208722,-16.71858774662514,609.0,live,11.691,15.466666666666647,$5-10,8.4,243389,True,0.0,8.0,9.45,,8.4
Spectrum Sentinel,0.36,0.49,0.29,36.11111111111112,-19.444444444444446,1179.0,live,0.441,16.51111111111111,$0-1,0.44,453113,True,1.49,0.25,0.25,,0.44
Boros Charm,5.9,8.99,4.16,52.3728813559322,-29.491525423728817,764.0,live,8.091000000000001,30.431186440677955,$5-10,4.82,67424,True,1.49,3.0,3.29,,4.82
Goldvein Pick,0.28,0.35,0.15,24.999999999999982,-46.42857142857144,973.0,live,0.315,6.999999999999981,$0-1,0.15,591668,True,1.49,0.06,0.06,,0.15
Intruder Alarm,4.53,5.49,4.13,21.19205298013245,-8.830022075055195,619.0,live,4.941000000000001,3.740397350993373,$2-5,4.63,512548,True,1.49,3.19,3.49,,4.63
The Battle of Bywater,2.9,3.99,1.89,37.58620689655174,-34.827586206896555,646.0,live,3.591,17.773793103448288,$2-5,2.52,499328,True,1.49,2.02,2.02,,2.52
Tolarian Terror,0.24,0.35,0.15,45.83333333333333,-37.5,1450.0,live,0.315,24.83333333333333,$0-1,0.15,591307,True,1.49,0.1,0.1,,0.15
Myr Retriever,3.41,2.99,1.75,-12.316715542521992,-48.68035190615836,647.0,live,2.6910000000000003,-24.94310850439884,$2-5,1.9,219613,True,1.49,1.36,1.93,,1.9
Shadrix Silverquill,0.33,0.99,0.15,200.0,-54.54545454545456,817.0,live,0.891,156.79999999999995,$0-1,0.16,687651,True,1.49,0.22,0.22,,0.16
Snap,4.64,5.99,2.07,29.09482758620691,-55.38793103448276,775.0,live,5.391,10.505172413793112,$2-5,,458224,True,1.49,1.81,2.88,,2.07
"Gogo, Master of Mimicry",3.22,4.49,2.13,39.440993788819874,-33.85093167701864,658.0,live,4.041,19.36149068322981,$2-5,2.4,633982,True,1.49,2.0,2.89,,2.4
United Front,2.16,3.49,1.56,61.57407407407407,-27.77777777777778,645.0,live,3.1410000000000005,38.30740740740741,$2-5,,661925,True,1.49,1.33,1.33,,1.56
Big Score,0.44,1.49,0.31,238.63636363636363,-29.545454545454547,1073.0,live,1.341,189.87272727272725,$0-1,0.45,688726,True,1.49,0.68,0.68,,0.45
Darkstar Augur,0.77,1.29,0.25,67.53246753246754,-67.53246753246754,779.0,live,1.161,43.40779220779222,$0-1,0.53,559055,True,1.49,0.31,0.31,,0.53
"Ardyn, the Usurper",0.73,1.29,0.39,76.7123287671233,-46.57534246575342,714.0,live,1.161,51.265753424657554,$0-1,0.83,630930,True,1.49,0.45,0.45,,0.83
Force of Vigor (Borderless),5.25,7.49,5.17,42.66666666666667,-1.5238095238095253,688.0,live,6.7410000000000005,22.122666666666664,$5-10,,668488,True,1.49,3.5,4.9,,5.17
The Aetherspark,20.35,27.99,18.74,37.542997542997526,-7.911547911547926,619.0,live,25.191,17.736805896805873,$20-50,18.74,614178,True,0.0,17.45,18.06,,18.74
Black Market Connections,15.86,19.99,14.16,26.04035308953341,-10.718789407313992,610.0,live,17.991,7.890542244640598,$10-20,14.09,555973,True,0.0,13.44,14.92,,14.09
Chitterspitter,0.4,0.99,0.2,147.5,-50.0,1572.0,live,0.891,111.86,$0-1,0.23,560058,True,1.49,0.35,0.35,,0.23
"Zodiark, Umbral God",0.81,0.69,0.15,-14.814814814814827,-81.48148148148148,692.0,live,0.621,-27.081481481481497,$0-1,0.31,630956,True,1.49,0.3,0.3,,0.31
Wrecking Ball Arm,0.35,0.79,0.15,125.71428571428574,-57.14285714285714,1030.0,live,0.7110000000000001,93.2114285714286,$0-1,0.35,631206,True,1.49,0.33,0.33,,0.35
"Tromell, Seymour's Butler",0.38,0.79,0.34,107.89473684210526,-10.52631578947368,823.0,live,0.7110000000000001,77.95789473684212,$0-1,0.4,631534,True,1.49,0.19,0.19,,0.4
Ashnod's Altar,14.98,19.99,14.57,33.44459279038717,-2.7369826435247004,635.0,live,17.991,14.228571428571414,$10-20,14.49,3360,True,0.99,9.95,9.95,,14.49
Grapple with Death,0.18,0.35,0.15,94.44444444444444,-16.666666666666664,1033.0,live,0.315,66.44444444444444,$0-1,0.15,686527,True,1.49,0.05,0.05,,0.15
"Crystal Skull, Isu Spyglass",1.86,4.99,1.54,168.2795698924731,-17.20430107526882,683.0,live,4.4910000000000005,129.64731182795697,$1-2,1.48,556400,True,1.49,1.49,1.49,,1.48
Turntimber Symbiosis,4.75,5.49,4.16,15.578947368421057,-12.421052631578943,889.0,live,4.941000000000001,-1.0644210526315776,$2-5,,222409,True,1.49,2.24,3.19,,4.16
Vana'diel Adventurers - Laboratory Maniac (Showcase),0.41,1.49,0.15,263.4146341463415,-63.41463414634146,759.0,live,1.341,211.0829268292683,$0-1,,632680,True,1.49,0.23,0.23,,0.15
Bonder's Ornament,0.39,1.49,0.33,282.05128205128204,-15.384615384615383,1751.0,live,1.341,227.03589743589737,$0-1,0.39,507491,True,1.49,0.25,0.25,,0.39
Commandeer,2.47,4.49,2.21,81.78137651821862,-10.526315789473694,668.0,live,4.041,55.604858299595136,$2-5,3.03,544727,True,1.49,2.41,2.41,,3.03
Sevinne's Reclamation,0.38,0.99,0.15,160.52631578947367,-60.526315789473685,676.0,live,0.891,123.01052631578946,$0-1,0.4,687520,True,1.49,0.32,0.32,,0.4
Unstoppable Slasher (0119),5.35,6.49,4.41,21.30841121495328,-17.570093457943916,669.0,live,5.841,3.840000000000006,$5-10,,576892,True,1.49,3.5,3.5,,4.41
Dark Ritual,4.36,4.49,2.34,2.9816513761467864,-46.3302752293578,748.0,live,4.041,-11.84770642201835,$2-5,,1381,True,1.49,1.15,1.61,,2.34
Beastmaster Ascension,5.55,6.99,4.44,25.945945945945954,-19.99999999999999,656.0,live,6.291,7.809729729729731,$5-10,5.04,560047,True,1.49,3.5,4.79,,5.04
Rings of Brighthearth,5.5,7.99,5.8,45.27272727272727,5.454545454545452,611.0,live,7.191000000000001,24.353454545454543,$5-10,6.0,226839,True,1.49,3.98,3.98,,6.0
Flicker of Fate,0.29,1.29,0.18,344.82758620689657,-37.93103448275862,907.0,live,1.161,280.7724137931035,$0-1,0.32,207097,True,1.49,0.19,0.19,,0.32
Bubbling Muck,2.94,4.49,2.05,52.72108843537416,-30.27210884353742,719.0,live,4.041,30.729251700680283,$2-5,1.98,6149,True,1.49,1.4,1.49,,1.98
"Elspeth, Storm Slayer",40.23,49.99,35.93,24.26050211285112,-10.688540889883164,606.0,live,44.991,6.366989808600559,$20-50,36.13,623882,True,0.99,34.9,34.9,,36.13
"Agent Bishop, Man in Black",0.34,1.79,0.15,426.4705882352941,-55.88235294117647,703.0,live,1.611,350.65882352941173,$0-1,0.35,673548,True,1.49,0.1,0.1,,0.35
Starfall Invocation,1.18,1.49,0.5,26.27118644067797,-57.6271186440678,651.0,live,1.341,8.088135593220338,$1-2,0.82,559045,True,1.49,0.54,0.54,,0.82
Anointed Procession,58.24,69.99,51.52,20.17513736263735,-11.538461538461537,598.0,live,62.991,2.869917582417565,$50-100,,130149,True,1.29,46.14,50.23,,51.52
"Sai, Master Thopterist",0.38,0.79,0.15,107.89473684210526,-60.526315789473685,768.0,live,0.7110000000000001,77.95789473684212,$0-1,0.3,615214,True,1.49,0.3,0.3,,0.3
Academy Manufactor,7.06,8.99,6.3500000000000005,27.33711048158641,-10.05665722379602,666.0,live,8.091000000000001,9.000566572237961,$5-10,6.25,240047,True,0.0,5.71,6.79,,6.25
"Mangara, the Diplomat",0.33,1.29,0.19,290.9090909090909,-42.42424242424242,841.0,live,1.161,234.61818181818185,$0-1,0.19,687444,True,1.49,0.25,0.25,,0.19
Forest (0285),0.29,0.49,0.15,68.96551724137932,-48.27586206896552,2281.0,live,0.441,44.63448275862069,$0-1,,696365,True,1.49,0.07,0.07,,0.15
"Arana, Heart of the Spider (Borderless)",0.76,1.79,0.72,135.5263157894737,-5.263157894736847,632.0,live,1.611,101.61052631578949,$0-1,,652005,True,1.49,0.67,0.67,,0.72
"Obyra, Dreaming Duelist",0.36,0.69,0.15,91.66666666666666,-58.333333333333336,700.0,live,0.621,64.06666666666666,$0-1,0.33,512204,True,1.49,0.25,0.25,,0.33
Overrun,0.33,0.39,0.15,18.18181818181818,-54.54545454545456,919.0,live,0.35100000000000003,1.163636363636367,$0-1,0.15,591187,True,1.49,0.1,0.1,,0.15
Sol Ring (0357),1.45,2.79,1.45,92.41379310344828,0.0,1051.0,live,2.511,64.70620689655175,$1-2,,631243,True,1.49,1.28,1.28,,1.45
Wandering Archaic,9.44,13.99,8.85,48.19915254237289,-6.249999999999998,606.0,live,12.591000000000001,26.8584745762712,$5-10,,235660,True,0.0,7.92,9.25,,8.85
Rite of the Dragoncaller,4.2,4.99,2.84,18.80952380952381,-32.38095238095239,645.0,live,4.4910000000000005,1.7009523809523797,$2-5,3.3,591815,True,1.49,2.19,2.26,,3.3
Cascade Bluffs,0.35,0.99,0.25,182.8571428571429,-28.57142857142857,750.0,live,0.891,142.1257142857143,$0-1,0.32,687670,True,1.49,0.34,0.34,,0.32
Insidious Roots (Showcase),1.16,2.79,1.14,140.51724137931038,-1.7241379310344844,765.0,live,2.511,105.88275862068969,$1-2,,535309,True,1.49,1.04,1.04,,1.14
Widow-Making Infiltrator - Dauthi Voidwalker (Borderless),2.98,5.49,3.21,84.2281879194631,7.718120805369128,663.0,live,4.941000000000001,57.69932885906041,$2-5,,668485,True,1.49,2.59,2.8,,3.21
The Cabbage Merchant,25.23,37.99,22.39,50.57471264367817,-11.256440745144667,608.0,live,34.191,28.891954022988514,$20-50,23.8,648732,True,0.99,19.99,22.49,,23.8
Stocking the Pantry,0.33,0.99,0.15,200.0,-54.54545454545456,747.0,live,0.891,156.79999999999995,$0-1,0.34,559780,True,1.49,0.13,0.13,,0.34
Thrill of Possibility,0.3,0.35,0.15,16.666666666666664,-50.0,808.0,live,0.315,-0.1333333333333371,$0-1,0.16,591840,True,1.49,0.09,0.09,,0.16
Gran-Gran,0.28,0.35,0.15,24.999999999999982,-46.42857142857144,1056.0,live,0.315,6.999999999999981,$0-1,0.2,660503,True,1.49,0.14,0.14,,0.2
Reprobation,0.32,0.39,0.15,21.875000000000004,-53.125,685.0,live,0.35100000000000003,4.3250000000000055,$0-1,,191699,True,1.49,0.18,0.18,,0.15
Multiversal Recruitment,8.16,9.49,7.67,16.29901960784314,-6.004901960784316,635.0,live,8.541,-0.4480392156862708,$5-10,8.17,697205,True,0.0,5.71,5.71,,8.17
Spider-Man Noir (Borderless),0.3,0.35,0.15,16.666666666666664,-50.0,1056.0,live,0.315,-0.1333333333333371,$0-1,,646562,True,1.49,0.16,0.16,,0.15
Smell Fear,0.28,0.69,0.15,146.4285714285714,-46.42857142857144,797.0,live,0.621,110.9428571428571,$0-1,0.25,240435,True,1.49,0.1,0.1,,0.25
Great Furnace,2.34,4.99,1.97,113.24786324786326,-15.811965811965807,979.0,live,4.4910000000000005,82.54017094017095,$2-5,2.95,642853,True,1.49,1.96,2.28,,2.95
Exotic Orchard,0.22,0.59,0.15,168.1818181818182,-31.818181818181824,1455.0,live,0.531,129.56363636363633,$0-1,0.19,687675,True,1.49,0.17,0.17,,0.19
Thought Monitor,0.38,0.99,0.39,160.52631578947367,2.6315789473684235,1207.0,live,0.891,123.01052631578946,$0-1,0.47,642808,True,1.49,0.34,0.34,,0.47
Hinterland Harbor,0.39,0.69,0.23,76.9230769230769,-41.02564102564102,1114.0,live,0.621,51.44615384615384,$0-1,0.3,687690,True,1.49,0.27,0.27,,0.3
Abrade (JP Alternate Art),0.99,1.29,0.5700000000000001,30.303030303030308,-42.42424242424242,668.0,live,1.161,11.539393939393952,$0-1,,688838,True,1.49,0.68,0.68,,0.5700000000000001
Opulent Palace,0.44,0.59,0.15,34.09090909090908,-65.90909090909092,918.0,live,0.531,14.781818181818164,$0-1,0.3,624270,True,1.49,0.15,0.15,,0.3
"Black Panther, Most Dangerous",0.59,1.49,0.15,152.54237288135596,-74.57627118644066,630.0,live,1.341,116.17627118644069,$0-1,0.27,697119,True,1.49,0.44,0.44,,0.27
Jeska's Will,39.0,49.99,39.9,28.179487179487182,2.307692307692304,615.0,live,44.991,9.72164102564103,$20-50,39.52,689151,True,0.99,42.85,43.0,,39.52
"Lier, Disciple of the Drowned",0.6,1.29,0.31,115.0,-48.333333333333336,779.0,live,1.161,84.04000000000002,$0-1,0.48,624166,True,1.49,0.46,0.46,,0.48
Cache Grab,0.28,0.35,0.15,24.999999999999982,-46.42857142857144,937.0,live,0.315,6.999999999999981,$0-1,0.17,558407,True,1.49,0.01,0.01,,0.17
"Aphelia, Viper Whisperer (Anime)",17.94,27.99,16.67,56.02006688963209,-7.079152731326642,677.0,live,25.191,33.55317725752506,$10-20,,589815,True,0.0,16.0,17.0,,16.67
Polluted Delta,19.8,27.99,18.7,41.36363636363635,-5.5555555555555625,784.0,live,25.191,21.007272727272703,$10-20,19.67,541274,True,3.99,10.3,10.3,,19.67
"Etali, Primal Conqueror",33.04,42.99,33.08,30.11501210653754,0.1210653753026608,591.0,live,38.691,11.37845036319614,$20-50,,490390,False,0.0,,32.49,345165,33.08
Molecule Man,18.06,17.99,17.29,-0.3875968992248078,-4.263565891472866,739.0,live,16.191,-14.731782945736436,$10-20,16.82,698015,True,0.0,15.41,16.9,,16.82
Wonder,2.09,3.49,1.52,66.98564593301437,-27.272727272727263,626.0,live,3.1410000000000005,42.93971291866031,$2-5,2.17,239503,True,1.49,1.91,1.91,,2.17
The Gitrog Monster,0.53,1.29,0.48,143.39622641509433,-9.433962264150953,802.0,live,1.161,108.34716981132078,$0-1,0.62,642012,True,1.49,0.45,0.45,,0.62
"Mikey & Don, Party Planners",0.52,0.49,0.15,-5.769230769230775,-71.15384615384615,633.0,live,0.441,-19.338461538461544,$0-1,0.43,673654,True,1.49,0.22,0.22,,0.43
Final Showdown (Borderless),3.36,3.49,2.6,3.869047619047629,-22.619047619047613,642.0,live,3.1410000000000005,-11.088095238095224,$2-5,,696408,True,1.49,1.17,3.25,,2.6
Mountain (299) - JP Full Art,2.68,3.49,1.87,30.22388059701492,-30.22388059701492,1215.0,live,3.1410000000000005,11.471641791044782,$2-5,,257682,True,1.49,1.75,1.75,,1.87
Emeritus of Woe (Extended Art),17.98,20.99,17.7,16.740823136818676,-1.5572858731924424,599.0,live,18.891,-0.0698553948832067,$10-20,,689159,True,1.49,15.68,15.79,,17.7
Hallowed Fountain,7.87,12.99,7.29,65.0571791613723,-7.369758576874206,697.0,live,11.691,41.28894536213468,$5-10,7.43,656703,True,0.0,5.95,5.95,,7.43
Jwari Disruption,0.41,1.29,0.33,214.63414634146343,-19.51219512195121,979.0,live,1.161,169.32682926829276,$0-1,,222101,True,1.49,0.27,0.27,,0.33
Fyndhorn Elves,2.94,4.99,1.49,69.72789115646259,-49.31972789115646,855.0,live,4.4910000000000005,45.28707482993198,$2-5,,226624,True,1.49,1.1,1.48,,1.49
Circle of Dreams Druid,14.39,21.99,14.43,52.81445448227934,0.2779708130646223,602.0,live,19.791,30.809173036831112,$10-20,14.04,243046,True,0.0,8.98,14.39,,14.04
Necrodominance,2.55,5.49,1.71,115.29411764705884,-32.94117647058823,920.0,live,4.941000000000001,84.29176470588237,$2-5,2.7,552829,True,1.49,1.78,2.35,,2.7
Arcane Denial,2.8,4.49,1.92,60.35714285714288,-31.428571428571427,626.0,live,4.041,37.2657142857143,$2-5,2.45,687387,True,1.49,1.65,1.65,,2.45
Maelstrom Colossus,0.37,0.79,0.26,113.51351351351352,-29.729729729729726,1374.0,live,0.7110000000000001,82.7675675675676,$0-1,0.42,226151,True,1.49,0.21,0.21,,0.42
Goblin Warchief,1.38,2.29,0.76,65.94202898550726,-44.927536231884055,739.0,live,2.061,42.04637681159421,$1-2,0.91,162167,True,1.49,1.09,1.09,,0.91
"Captain America, Skybound",2.81,2.99,1.55,6.405693950177942,-44.83985765124555,598.0,live,2.6910000000000003,-8.91672597864769,$2-5,2.12,697123,True,1.49,2.48,2.48,,2.12
Bloodsoaked Insight,0.34,0.69,0.15,102.9411764705882,-55.88235294117647,727.0,live,0.621,73.7176470588235,$0-1,,552650,True,1.49,0.09,0.09,,0.15
Sheltering Landscape,0.24,0.49,0.15,104.16666666666669,-37.5,1054.0,live,0.441,74.76666666666667,$0-1,0.15,553295,True,1.49,0.1,0.1,,0.15
Loran of the Third Path,5.51,7.99,4.16,45.00907441016334,-24.500907441016327,701.0,live,7.191000000000001,24.12776769509982,$5-10,4.65,559901,True,1.49,2.87,4.98,,4.65
Distant Melody,0.41,1.29,0.29,214.63414634146343,-29.268292682926827,936.0,live,1.161,169.32682926829276,$0-1,0.3,671148,True,1.49,0.3,0.3,,0.3
Talisman of Progress,0.41,0.79,0.38,92.68292682926833,-7.317073170731701,1205.0,live,0.7110000000000001,64.93658536585369,$0-1,0.51,499820,True,1.49,0.3,0.3,,0.51
"Thor, Guardian of Midgard (Borderless)",2.95,5.99,2.81,103.05084745762711,-4.74576271186441,625.0,live,5.391,73.81152542372881,$2-5,,699615,True,1.49,2.73,2.73,,2.81
"Iron Spider, Stark Upgrade (Extended Art)",2.29,3.99,0.98,74.23580786026201,-57.20524017467249,629.0,live,3.591,49.14585152838429,$2-5,,646636,True,1.49,1.51,1.51,,0.98
Sol Ring,1.63,2.49,1.45,52.76073619631904,-11.04294478527607,733.0,live,2.241,30.763190184049087,$1-2,1.45,687542,True,1.49,1.5,1.5,,1.45
Swamp (0281),0.39,1.29,0.15,230.7692307692308,-61.53846153846154,1507.0,live,1.161,183.1384615384616,$0-1,,671068,True,1.49,0.25,0.25,,0.15
Fight to the Death (Borderless),1.11,1.29,0.78,16.21621621621621,-29.72972972972973,644.0,live,1.161,-0.5189189189189177,$1-2,,696431,True,1.49,0.99,0.99,,0.78
Rising of the Day (Borderless),0.92,1.29,0.4,40.21739130434782,-56.52173913043478,657.0,live,1.161,20.026086956521745,$0-1,,498443,True,1.49,0.39,0.39,,0.4
Diabolic Tutor,2.48,1.99,0.97,-19.758064516129032,-60.88709677419355,686.0,live,1.791,-31.312903225806448,$2-5,1.23,123109,True,1.49,0.89,0.89,,1.23
Talisman of Conviction,0.41,0.59,0.29,43.90243902439025,-29.268292682926827,683.0,live,0.531,23.18048780487804,$0-1,0.39,631187,True,1.49,0.29,0.29,,0.39
Leyline of Anticipation,6.76,8.49,5.72,25.59171597633137,-15.384615384615383,600.0,live,7.641,7.506508875739644,$5-10,6.48,513585,True,1.49,4.51,4.51,,6.48
"Cloud, Ex-SOLDIER",1.32,3.99,0.15,202.27272727272725,-88.63636363636364,1150.0,live,3.591,158.74545454545455,$1-2,0.15,618871,True,1.49,0.25,0.25,,0.15
Psychic Corrosion,5.46,6.99,4.15,28.02197802197803,-23.992673992673986,599.0,live,6.291,9.586813186813185,$5-10,5.08,169342,True,1.49,3.73,4.92,,5.08
Desolate Mire,0.31,0.59,0.16,90.32258064516128,-48.38709677419354,816.0,live,0.531,62.91612903225804,$0-1,0.2,631101,True,1.49,0.18,0.18,,0.2
Island,0.94,0.49,0.31,-47.87234042553191,-67.02127659574467,3621.0,live,0.441,-55.37872340425531,$0-1,0.35,206023,True,1.49,0.74,0.74,,0.35
Volatile Stormdrake,0.47,0.79,0.15,68.08510638297875,-68.08510638297872,789.0,live,0.7110000000000001,43.88085106382981,$0-1,0.46,552327,True,1.49,0.29,0.29,,0.46
Flick a Coin,0.33,0.49,0.15,48.48484848484848,-54.54545454545456,653.0,live,0.441,27.10303030303029,$0-1,0.32,512649,True,1.49,0.1,0.1,,0.32
"Nils, Discipline Enforcer",0.35,0.49,0.15,40.00000000000001,-57.14285714285714,1070.0,live,0.441,19.840000000000003,$0-1,0.24,687453,True,1.49,0.18,0.18,,0.24
"Dion, Bahamut's Dominant",0.75,0.99,0.15,32.0,-80.0,647.0,live,0.891,12.991999999999996,$0-1,,633954,True,1.49,0.44,0.44,,0.15
Dark Depths,2.29,3.99,1.49,74.23580786026201,-34.93449781659389,857.0,live,3.591,49.14585152838429,$2-5,1.72,553225,True,1.49,1.87,1.87,,1.72
Island (0275),0.74,1.49,0.33,101.35135135135135,-55.4054054054054,1165.0,live,1.341,72.35675675675675,$0-1,,671052,True,1.49,0.05,0.05,,0.33
Swamp (0281),0.25,0.49,0.15,96.0,-40.0,2648.0,live,0.441,67.776,$0-1,,671068,True,1.49,0.25,0.25,,0.15
Yavimaya Bloomsage,0.4,0.49,0.15,22.5,-62.5,899.0,live,0.441,4.85999999999999,$0-1,,687439,True,1.49,0.29,0.29,,0.15
Thran Dynamo,4.79,3.99,3.51,-16.70146137787056,-26.722338204592905,648.0,live,3.591,-28.6964509394572,$2-5,3.91,503557,True,1.49,3.41,3.41,,3.91
Sanguine Bond,6.92,7.49,4.94,8.236994219653184,-28.61271676300577,596.0,live,6.7410000000000005,-7.34913294797688,$5-10,5.08,499501,True,1.49,4.0,4.0,,5.08
The Cloning of Shredder,1.32,0.99,0.5,-25.000000000000007,-62.121212121212125,642.0,live,0.891,-35.800000000000004,$1-2,0.58,673602,True,1.49,1.08,1.08,,0.58
"Shelob, Child of Ungoliant",1.83,2.49,1.04,36.06557377049181,-43.16939890710383,651.0,live,2.241,16.47213114754098,$1-2,1.65,499222,True,1.49,1.24,1.24,,1.65
Radiant Summit,0.46,0.79,0.3,71.73913043478261,-34.78260869565218,759.0,live,0.7110000000000001,47.00869565217392,$0-1,0.62,687479,True,1.49,0.54,0.54,,0.62
Spore Frog,0.39,0.99,0.31,153.84615384615384,-20.512820512820515,772.0,live,0.891,117.29230769230767,$0-1,0.33,190862,True,1.49,0.27,0.27,,0.33
Flame of Anor,4.0,5.99,3.11,49.75000000000001,-22.250000000000004,678.0,live,5.391,28.186,$2-5,4.08,499872,True,1.49,2.95,3.04,,4.08
Grim Guardian,0.37,0.49,0.19,32.432432432432435,-48.648648648648646,733.0,live,0.441,13.36216216216216,$0-1,0.25,82365,True,1.49,0.24,0.24,,0.25
Jasmine Dragon Tea Shop,0.73,0.69,0.15,-5.479452054794526,-79.45205479452055,751.0,live,0.621,-19.09041095890412,$0-1,0.35,662041,True,1.49,0.4,0.4,,0.35
Reckless Fireweaver,0.38,0.99,0.2,160.52631578947367,-47.368421052631575,943.0,live,0.891,123.01052631578946,$0-1,0.47,123071,True,1.49,0.37,0.37,,0.47
Soul Immolation,2.82,2.79,1.49,-1.063829787234036,-47.16312056737589,669.0,live,2.511,-15.31063829787233,$2-5,2.51,671750,True,1.49,1.25,1.5,,2.51
Scuzzback Scrounger,0.58,0.79,0.17,36.20689655172416,-70.68965517241378,688.0,live,0.7110000000000001,16.59310344827588,$0-1,0.5,671766,True,1.49,0.35,0.35,,0.5
Replicating Ring,0.61,1.49,0.35,144.2622950819672,-42.62295081967213,760.0,live,1.341,109.08852459016391,$0-1,0.57,230178,True,1.49,0.26,0.26,,0.57
"Iron Lad, Young Avenger",0.34,0.59,0.15,73.52941176470587,-55.88235294117647,662.0,live,0.531,48.541176470588205,$0-1,0.15,696875,True,1.49,0.15,0.15,,0.15
Deep Forest Hermit,0.35,0.79,0.15,125.71428571428574,-57.14285714285714,834.0,live,0.7110000000000001,93.2114285714286,$0-1,0.25,559944,True,1.49,0.28,0.28,,0.25
Cephalid Coliseum,0.32,0.69,0.15,115.62499999999996,-53.125,743.0,live,0.621,84.57499999999997,$0-1,0.21,552626,True,1.49,0.15,0.15,,0.21
Arcane Signet,0.6,0.99,0.43,65.0,-28.33333333333333,1025.0,live,0.891,41.24,$0-1,0.43,687531,True,1.49,0.47,0.47,,0.43
Thrum of the Vestige - Lightning Bolt (Showcase),0.92,1.99,0.52,116.30434782608694,-43.47826086956522,778.0,live,1.791,85.15652173913043,$0-1,,632180,True,1.49,0.41,0.41,,0.52
Clever Concealment,4.57,7.49,3.68,63.89496717724288,-19.474835886214443,966.0,live,6.7410000000000005,40.294091903719895,$2-5,,631155,True,1.49,3.8,4.95,,3.68
"Isshin, Two Heavens as One",3.3,4.49,3.04,36.06060606060608,-7.878787878787873,627.0,live,4.041,16.4678787878788,$2-5,3.75,262579,True,1.49,2.85,2.85,,3.75
Kenrith's Transformation,1.22,2.49,1.04,104.09836065573772,-14.754098360655732,675.0,live,2.241,74.70819672131148,$1-2,1.2,199539,True,1.49,0.97,0.97,,1.2
Exsanguinate,0.41,0.79,0.17,92.68292682926833,-58.53658536585365,1012.0,live,0.7110000000000001,64.93658536585369,$0-1,0.41,591153,True,1.49,0.34,0.34,,0.41
"Banon, the Returners' Leader",0.35,0.49,0.15,40.00000000000001,-57.14285714285714,615.0,live,0.441,19.840000000000003,$0-1,0.29,631149,True,1.49,0.1,0.1,,0.29
"Jace, Wielder of Mysteries",9.22,12.99,8.59,40.88937093275488,-6.832971800433847,587.0,live,11.691,20.60130151843816,$5-10,8.8,187141,True,0.0,5.85,5.85,,8.8
"Hakoda, Selfless Commander",0.35,0.49,0.15,40.00000000000001,-57.14285714285714,742.0,live,0.441,19.840000000000003,$0-1,0.22,662739,True,1.49,0.19,0.19,,0.22
"Bello, Bard of the Brambles (Borderless)",1.89,5.49,1.3,190.4761904761905,-31.216931216931208,684.0,live,4.941000000000001,148.64761904761906,$1-2,,558382,True,1.49,0.45,0.45,,1.3
One Ring to Rule Them All,2.1,2.49,1.01,18.571428571428577,-51.90476190476191,621.0,live,2.241,1.497142857142853,$2-5,1.97,498610,True,1.49,1.28,1.28,,1.97
"Leonardo, Big Brother",0.18,0.35,0.15,94.44444444444444,-16.666666666666664,1272.0,live,0.315,66.44444444444444,$0-1,0.19,679767,True,1.49,0.08,0.08,,0.19
Accelerate,0.53,0.69,0.4,30.188679245283,-24.52830188679245,704.0,live,0.621,11.441509433962247,$0-1,,9689,True,1.49,0.49,0.49,,0.4
Swarmyard Massacre,4.38,4.49,2.78,2.5114155251141628,-36.529680365296805,680.0,live,4.041,-12.250228310502278,$2-5,3.3,560007,True,1.49,2.75,3.47,,3.3
Vraska Joins Up,0.93,1.79,0.36,92.47311827956987,-61.29032258064516,757.0,live,1.611,64.75698924731182,$0-1,0.71,544176,True,1.49,0.39,0.39,,0.71
Ultimate Green Goblin,0.37,0.49,0.15,32.432432432432435,-59.45945945945946,646.0,live,0.441,13.36216216216216,$0-1,0.2,651348,True,1.49,0.25,0.25,,0.2
"Reed Richards, Smartest Man",1.14,1.49,0.81,30.701754385964925,-28.947368421052623,670.0,live,1.341,11.880701754385967,$1-2,1.1,697212,True,1.49,0.79,0.79,,1.1
Hunter's Talent,0.33,0.79,0.19,139.3939393939394,-42.42424242424242,916.0,live,0.7110000000000001,104.92121212121212,$0-1,,558387,True,1.49,0.15,0.15,,0.19
Tortured Existence,3.57,5.49,2.88,53.781512605042025,-19.327731092436977,658.0,live,4.941000000000001,31.63697478991597,$2-5,4.4,5434,True,1.49,2.2,2.2,,4.4
Meltstrider Eulogist,0.28,0.35,0.15,24.999999999999982,-46.42857142857144,687.0,live,0.315,6.999999999999981,$0-1,0.19,643898,True,1.49,0.05,0.05,,0.19
Fury of the Horde (Borderless),2.09,3.49,2.18,66.98564593301437,4.306220095693795,617.0,live,3.1410000000000005,42.93971291866031,$2-5,,700294,True,1.49,1.5,2.01,,2.18
Saw in Half,5.73,7.99,4.48,39.44153577661431,-21.815008726003487,627.0,live,7.191000000000001,19.36195462478184,$5-10,5.23,560019,True,0.0,3.61,5.34,,5.23
Three Steps Ahead (Borderless),2.69,6.49,1.67,141.2639405204461,-37.9182156133829,674.0,live,5.841,106.52193308550186,$2-5,,700293,True,1.49,2.0,2.5,,1.67
The Black Gate,9.31,12.99,8.700000000000001,39.52738990332975,-6.552094522019328,621.0,live,11.691,19.435445757250253,$5-10,9.29,499595,True,1.49,7.8,7.8,,9.29
Duelist's Heritage,1.91,4.49,1.94,135.07853403141362,1.5706806282722523,761.0,live,4.041,101.22722513089006,$1-2,1.9,662380,True,1.49,1.75,1.95,,1.9
Storm-Kiln Artist (Borderless),3.82,4.99,3.0700000000000003,30.62827225130892,-19.63350785340313,599.0,live,4.4910000000000005,11.817801047120428,$2-5,,504192,True,1.49,2.66,2.67,,3.0700000000000003
Hinterland Harbor,0.38,0.69,0.16,81.57894736842104,-57.89473684210527,830.0,live,0.621,55.43157894736841,$0-1,0.23,687690,True,1.49,0.27,0.27,,0.23
Doom's Time Platform,1.97,2.99,1.44,51.7766497461929,-26.903553299492387,955.0,live,2.6910000000000003,29.92081218274112,$1-2,1.89,698023,True,3.99,1.75,1.75,,1.89
Phyrexian Arena,3.77,6.49,3.95,72.14854111405836,4.774535809018572,604.0,live,5.841,47.35915119363395,$2-5,4.03,589432,True,1.49,3.18,3.18,,4.03
Destiny Spinner,1.42,1.99,0.93,40.14084507042254,-34.50704225352112,693.0,live,1.791,19.9605633802817,$1-2,1.37,206965,True,1.49,1.0,1.0,,1.37
Colossal Grave-Reaver,10.29,16.99,9.44,65.11175898931,-8.260447035957236,591.0,live,15.290999999999999,41.33566569484937,$10-20,9.2,624504,True,0.0,8.45,10.0,,9.2
Forest (0195),0.28,0.49,0.15,74.99999999999997,-46.42857142857144,1496.0,live,0.441,49.799999999999976,$0-1,,679219,True,1.49,0.15,0.15,,0.15
"Leonardo, Sewer Samurai",1.81,1.29,0.52,-28.7292817679558,-71.27071823204419,637.0,live,1.161,-38.992265193370166,$1-2,1.27,657743,True,1.49,0.99,0.99,,1.27
"Nick Fury, Agent of S.H.I.E.L.D. (Borderless) (0314)",2.43,2.79,1.29,14.814814814814808,-46.91358024691358,591.0,live,2.511,-1.7185185185185192,$2-5,,696538,True,1.49,1.44,2.38,,1.29
Send in the Pest,1.01,0.35,0.15,-65.34653465346535,-85.14851485148515,917.0,live,0.315,-70.33663366336634,$1-2,0.15,689480,True,1.49,0.01,0.01,,0.15
Temur Battlecrier,0.94,1.29,0.42,37.2340425531915,-55.319148936170215,625.0,live,1.161,17.472340425531932,$0-1,0.96,624023,True,1.49,0.49,0.49,,0.96
Inspiring Call,0.37,0.59,0.29,59.45945945945945,-21.621621621621625,856.0,live,0.531,36.49729729729728,$0-1,0.3,591317,True,1.49,0.24,0.24,,0.3
Ghostfire Slice,0.28,0.49,0.15,74.99999999999997,-46.42857142857144,869.0,live,0.441,49.799999999999976,$0-1,0.2,552827,True,1.49,0.1,0.1,,0.2
Hazoret's Monument,1.62,2.49,0.89,53.70370370370371,-45.06172839506173,653.0,live,2.241,31.57037037037036,$1-2,1.26,129748,True,1.49,0.6,0.6,,1.26
Damn,1.58,2.99,1.5,89.24050632911393,-5.06329113924051,680.0,live,2.6910000000000003,61.98987341772151,$1-2,1.64,615076,True,1.49,1.37,1.37,,1.64
Plargg and Nassari,0.32,0.49,0.15,53.12499999999999,-53.125,1114.0,live,0.441,31.074999999999992,$0-1,0.24,687342,True,1.49,0.25,0.25,,0.24
Ark of Hunger (Extended Art),0.77,0.79,0.18,2.5974025974026,-76.62337662337663,644.0,live,0.7110000000000001,-12.17662337662337,$0-1,,688666,True,1.49,0.34,0.34,,0.18
Black Panther's Claws - Hammer of Nazahn,5.28,8.49,4.58,60.79545454545454,-13.25757575757576,745.0,live,7.641,37.64090909090908,$5-10,,698220,True,1.49,4.43,4.43,,4.58
Swamp (0286),0.54,1.79,0.15,231.4814814814815,-72.22222222222221,1915.0,live,1.611,183.7481481481481,$0-1,,589317,True,1.49,0.36,0.36,,0.15
Court of Ambition,6.23,7.99,5.74,28.250401284109145,-7.865168539325845,588.0,live,7.191000000000001,9.78234349919742,$5-10,6.0,226662,True,0.0,3.2,5.49,,6.0
"O'aka, Traveling Merchant",0.37,0.49,0.15,32.432432432432435,-59.45945945945946,1187.0,live,0.441,13.36216216216216,$0-1,0.32,631242,True,1.49,0.23,0.23,,0.32
"Matoya, Archon Elder",0.5,0.79,0.26,58.00000000000001,-48.0,640.0,live,0.7110000000000001,35.24800000000001,$0-1,0.5,631081,True,1.49,0.29,0.29,,0.5
Metallic Mimic (Borderless),1.59,1.99,1.38,25.15723270440251,-13.207547169811331,637.0,live,1.791,7.134591194968552,$1-2,,679210,True,1.49,0.25,1.03,,1.38
Horizon of Progress,3.87,4.99,4.13,28.9405684754522,6.718346253229969,817.0,live,4.4910000000000005,10.37312661498708,$2-5,4.69,553202,True,1.49,3.53,3.53,,4.69
Raise Repulsor Shields - Raise the Palisade,4.45,8.49,4.8,90.78651685393258,7.865168539325834,755.0,live,7.641,63.31325842696628,$2-5,,697187,True,1.49,3.91,4.95,,4.8
Castle Locthwain,4.15,4.49,2.59,8.192771084337345,-37.590361445783145,626.0,live,4.041,-7.386987951807232,$2-5,,199388,True,1.49,2.49,3.5,,2.59
The Key to the Vault,0.48,1.29,0.25,168.75000000000003,-47.91666666666666,658.0,live,1.161,130.05,$0-1,0.52,544203,True,1.49,0.39,0.39,,0.52
Emeritus of Ideation (Extended Art),7.75,12.99,7.04,67.61290322580645,-9.161290322580646,621.0,live,11.691,43.47664516129032,$5-10,,686622,True,0.0,6.48,7.12,,7.04
Snow-Covered Forest,1.27,1.79,0.93,40.94488188976378,-26.77165354330708,2014.0,live,1.611,20.6488188976378,$1-2,1.19,190653,True,1.49,0.9,0.9,,1.19
Jagged Barrens,0.42,1.99,0.42,373.8095238095239,0.0,1529.0,live,1.791,305.5809523809524,$0-1,0.49,544236,True,1.49,0.36,0.36,,0.49
"Captain America, Unbowed (Borderless)",3.43,5.49,2.5500000000000003,60.05830903790087,-25.655976676384835,597.0,live,4.941000000000001,37.009912536443146,$2-5,,699561,True,1.49,2.34,2.34,,2.5500000000000003
Witch's Mark,0.37,0.69,0.15,86.48648648648647,-59.45945945945946,768.0,live,0.621,59.63243243243242,$0-1,0.42,513980,True,1.49,0.15,0.15,,0.42
Talisman of Progress,0.42,0.99,0.31,135.71428571428575,-26.190476190476183,805.0,live,0.891,101.77142857142856,$0-1,0.39,499820,True,1.49,0.3,0.3,,0.39
"Namor, Scourge of the Seas",2.65,5.99,1.56,126.03773584905662,-41.13207547169811,575.0,live,5.391,93.48830188679246,$2-5,2.75,697207,True,1.49,2.17,2.17,,2.75
Cyclonic Rift,29.56,39.99,28.08,35.28416779431666,-5.006765899864684,583.0,live,35.991,15.803247631935047,$20-50,28.7,689345,True,1.49,30.57,30.57,,28.7
Ancestors' Aid,0.28,0.59,0.15,110.71428571428568,-46.42857142857144,634.0,live,0.531,80.37142857142852,$0-1,0.32,526356,True,1.49,0.09,0.09,,0.32
Sol Ring (0359),1.62,2.79,1.47,72.22222222222221,-9.259259259259268,961.0,live,2.511,47.422222222222224,$1-2,,631294,True,1.49,1.5,1.5,,1.47
Sigarda's Aid,17.36,29.99,15.22,72.75345622119815,-12.32718894009216,596.0,live,26.991,47.87695852534561,$10-20,,120528,True,0.99,15.95,15.97,,15.22
Krark-Clan Shaman,8.25,9.99,5.21,21.090909090909093,-36.84848484848485,1258.0,live,8.991,3.653818181818176,$5-10,,11418,True,0.0,4.95,5.3,,5.21
Black Panther's Redirection - Narset's Reversal (Borderless),1.61,2.99,0.91,85.71428571428572,-43.47826086956522,616.0,live,2.6910000000000003,58.97142857142856,$1-2,,697489,True,1.49,0.95,1.24,,0.91
Absorbing Man and Titania (Borderless),4.13,7.49,3.82,81.35593220338984,-7.506053268765135,624.0,live,6.7410000000000005,55.24067796610169,$2-5,,699668,True,1.49,1.95,2.45,,3.82
Swamp (0276),0.32,0.79,0.15,146.875,-53.125,1364.0,live,0.7110000000000001,111.325,$0-1,,671054,True,1.49,0.19,0.19,,0.15
Quantum Misalignment,4.26,5.99,4.37,40.61032863849767,2.582159624413153,819.0,live,5.391,20.362441314554,$2-5,4.56,697558,True,1.49,3.59,4.0,,4.56
Glacial Chasm,20.1,18.99,13.54,-5.522388059701507,-32.63681592039802,588.0,live,17.090999999999998,-19.127164179104483,$20-50,,4703,True,0.0,10.37,10.42,,13.54
Descent into Avernus,12.95,19.99,11.19,54.362934362934354,-13.590733590733588,589.0,live,17.991,32.134671814671805,$10-20,12.0,272926,True,3.99,11.63,12.98,,12.0
Great Hall of the Biblioplex (Extended Art),1.15,0.79,0.26,-31.304347826086943,-77.39130434782608,720.0,live,0.7110000000000001,-41.196521739130425,$1-2,,688207,True,1.49,0.7,0.7,,0.26
Soulherder,2.03,3.49,1.95,71.92118226600988,-3.940886699507382,634.0,live,3.1410000000000005,47.16453201970447,$2-5,2.17,191633,True,1.49,1.39,1.39,,2.17
Dragonfire Blade,1.58,2.29,1.03,44.93670886075949,-34.810126582278485,639.0,live,2.061,24.06582278481012,$1-2,1.66,624912,True,1.49,1.04,1.04,,1.66
Rogue's Passage,0.59,0.99,0.42,67.79661016949153,-28.8135593220339,661.0,live,0.891,43.63389830508475,$0-1,0.43,590880,True,1.49,0.36,0.36,,0.43
Door of Destinies,6.22,6.49,5.32,4.340836012861744,-14.46945337620578,628.0,live,5.841,-10.684244372990351,$5-10,5.73,499810,True,1.49,3.0,4.29,,5.73
Abhorrent Oculus,15.81,21.99,11.04,39.08918406072105,-30.17077798861481,786.0,live,19.791,19.06034155597721,$10-20,,578053,True,0.0,12.8,13.9,,11.04
"Splinter, Hamato Yoshi",0.32,0.35,0.15,9.374999999999991,-53.125,743.0,live,0.315,-6.375000000000009,$0-1,0.19,680285,True,1.49,0.2,0.2,,0.19
Chaos Warp,0.34,0.99,0.28,191.17647058823525,-17.64705882352941,890.0,live,0.891,149.2470588235294,$0-1,0.3,687360,True,1.49,0.35,0.35,,0.3
Scute Swarm (Showcase),8.82,12.99,8.07,47.27891156462584,-8.503401360544217,589.0,live,11.691,26.07074829931972,$5-10,,222132,True,0.0,5.99,6.81,,8.07
Seachrome Coast,0.32,0.79,0.2,146.875,-37.5,1033.0,live,0.7110000000000001,111.325,$0-1,0.32,559864,True,1.49,0.15,0.15,,0.32
Pest Infestation,0.94,0.99,0.62,5.319148936170218,-34.04255319148936,605.0,live,0.891,-9.846808510638295,$0-1,1.0,687560,True,1.49,0.5,0.5,,1.0
Island (0192),0.27,0.49,0.15,81.48148148148147,-44.44444444444445,1549.0,live,0.441,55.34814814814813,$0-1,,679216,True,1.49,0.13,0.13,,0.15
Port Town,0.25,0.49,0.15,96.0,-40.0,964.0,live,0.441,67.776,$0-1,0.15,631327,True,1.49,0.1,0.1,,0.15
Sol Ring,1.89,2.79,1.61,47.61904761904763,-14.814814814814806,978.0,live,2.511,26.36190476190477,$1-2,1.77,687542,True,1.49,1.5,1.5,,1.77
"Birgi, God of Storytelling",34.13,44.99,31.78,31.81951362437737,-6.885438031057724,573.0,live,40.491,12.837503662467032,$20-50,,230903,True,0.0,28.31,28.99,,31.78
"Black Widow, Deadly Hunter",2.25,4.99,1.93,121.7777777777778,-14.222222222222223,599.0,live,4.4910000000000005,89.84177777777779,$2-5,2.27,697248,True,1.49,1.66,1.66,,2.27
"Raphael, Tough Turtle",0.27,0.35,0.15,29.62962962962961,-44.44444444444445,873.0,live,0.315,10.962962962962948,$0-1,0.15,679049,True,1.49,0.09,0.09,,0.15
"Michelangelo, Mutant BFF (Borderless)",0.55,0.35,0.15,-36.36363636363637,-72.72727272727273,689.0,live,0.315,-45.52727272727274,$0-1,,679870,True,1.49,0.3,0.3,,0.15
"Sythis, Harvest's Hand",2.03,3.99,2.17,96.55172413793106,6.896551724137938,615.0,live,3.591,68.248275862069,$2-5,2.34,240275,False,1.49,,1.99,811868,2.34
Aqueous Form,0.36,0.99,0.25,175.0,-30.55555555555556,706.0,live,0.891,135.4,$0-1,0.42,71316,True,1.49,0.27,0.27,,0.42
Shenanigans,0.25,0.35,0.15,39.99999999999999,-40.0,852.0,live,0.315,19.83999999999999,$0-1,0.29,191351,True,1.49,0.14,0.14,,0.29
Glasspool Mimic,6.69,9.49,6.29,41.85351270553064,-5.97907324364724,608.0,live,8.541,21.42660687593423,$5-10,,222161,True,1.49,4.95,4.95,,6.29
Iroh's Demonstration,0.29,0.35,0.15,20.6896551724138,-48.27586206896552,837.0,live,0.315,3.3103448275862064,$0-1,0.25,662079,True,1.49,0.14,0.14,,0.25
Temple of the False God,0.27,0.35,0.15,29.62962962962961,-44.44444444444445,984.0,live,0.315,10.962962962962948,$0-1,0.15,631492,True,1.49,0.14,0.14,,0.15
Grievous Wound,0.49,0.69,0.18,40.81632653061224,-63.26530612244898,712.0,live,0.621,20.538775510204072,$0-1,0.2,575280,True,1.49,0.37,0.37,,0.2
"Invisible Woman, Sue Storm",0.28,0.35,0.15,24.999999999999982,-46.42857142857144,722.0,live,0.315,6.999999999999981,$0-1,0.15,696257,True,1.49,0.1,0.1,,0.15
"Chainer, Nightmare Adept",0.99,1.99,0.72,101.010101010101,-27.27272727272728,606.0,live,1.791,72.06464646464647,$0-1,0.77,240161,False,1.49,,0.8,799236,0.77
Everflowing Chalice,0.37,0.79,0.16,113.51351351351352,-56.75675675675676,886.0,live,0.7110000000000001,82.7675675675676,$0-1,0.25,631494,True,1.49,0.25,0.25,,0.25
Eriette of the Charmed Apple,0.35,0.99,0.15,182.8571428571429,-57.14285714285714,1136.0,live,0.891,142.1257142857143,$0-1,0.27,687626,True,1.49,0.2,0.2,,0.27
Magebane Lizard,0.6,1.49,0.2,148.33333333333334,-66.66666666666666,1025.0,live,1.341,112.57333333333332,$0-1,0.39,544512,True,1.49,0.3,0.3,,0.39
Eerie Interlude,6.42,11.99,6.23,86.7601246105919,-2.959501557632392,612.0,live,10.791,59.86666666666666,$5-10,6.31,114864,True,0.0,4.99,6.0,,6.31
Forest (301) - JP Full Art,2.25,2.79,0.92,24.000000000000004,-59.11111111111112,1394.0,live,2.511,6.144000000000006,$2-5,,257684,True,1.49,0.94,0.94,,0.92
Waste Not,6.23,7.99,5.62,28.250401284109145,-9.79133226324238,580.0,live,7.191000000000001,9.78234349919742,$5-10,6.14,513890,True,0.0,4.51,6.2,,6.14
"Silver Surfer, Cosmic Voyager",2.27,2.99,1.26,31.71806167400882,-44.49339207048458,590.0,live,2.6910000000000003,12.750660792951535,$2-5,,697215,True,1.49,1.72,1.72,,1.26
Invasion of Ikoria,12.19,16.99,11.42,39.376538146021325,-6.316652994257585,583.0,live,15.290999999999999,19.30631665299425,$10-20,,490335,True,1.49,7.72,10.0,,11.42
It'll Quench Ya!,0.18,0.35,0.15,94.44444444444444,-16.666666666666664,1010.0,live,0.315,66.44444444444444,$0-1,0.15,649372,True,1.49,0.09,0.09,,0.15
Bitter Work,0.32,0.39,0.15,21.875000000000004,-53.125,755.0,live,0.35100000000000003,4.3250000000000055,$0-1,0.2,662029,True,1.49,0.1,0.1,,0.2
Notion Thief,2.65,2.99,1.03,12.830188679245294,-61.13207547169811,909.0,live,2.6910000000000003,-3.417358490566037,$2-5,1.1,499638,True,1.49,0.99,1.99,,1.1
Torment of Hailfire,37.94,49.99,37.13,31.76067474960465,-2.134949920927768,569.0,live,44.991,12.78713758566158,$20-50,35.86,135074,True,0.0,29.82,30.6,,35.86
Taunt from the Rampart,4.33,4.49,4.07,3.695150115473445,-6.004618937644337,638.0,live,4.041,-11.236951501154731,$2-5,4.48,499805,True,1.49,2.25,2.3,,4.48
Sazacap's Brew,0.31,0.39,0.15,25.80645161290323,-51.61290322580645,988.0,live,0.35100000000000003,7.69032258064517,$0-1,0.15,559766,True,1.49,0.05,0.05,,0.15
Valgavoth's Lair,0.74,1.49,0.19,101.35135135135135,-74.32432432432434,695.0,live,1.341,72.35675675675675,$0-1,0.75,575086,True,1.49,0.5,0.5,,0.75
Meren of Clan Nel Toth,1.08,2.29,0.91,112.03703703703702,-15.740740740740744,772.0,live,2.061,81.50370370370369,$1-2,1.26,624498,True,1.49,0.95,0.95,,1.26
"Sally Pride, Lioness Leader",0.34,0.49,0.15,44.11764705882352,-55.88235294117647,661.0,live,0.441,23.36470588235293,$0-1,0.42,673553,True,1.49,0.2,0.2,,0.42
Dragonologist,0.88,0.79,0.51,-10.227272727272725,-42.04545454545455,918.0,live,0.7110000000000001,-23.154545454545445,$0-1,0.52,624549,True,1.49,0.5,0.5,,0.52
Beamtown Beatstick,0.65,0.99,0.25,52.3076923076923,-61.53846153846154,633.0,live,0.891,30.375384615384604,$0-1,0.5,490530,True,1.49,0.35,0.35,,0.5
Mox Jasper,11.62,15.99,9.84,37.60757314974184,-15.318416523235795,650.0,live,14.391,17.792082616179012,$10-20,9.99,619643,True,0.0,10.25,11.2,,9.99
Reliquary Tower,3.67,5.49,3.61,49.59128065395097,-1.6348773841961868,606.0,live,4.941000000000001,28.05013623978202,$2-5,3.67,687486,True,1.49,3.13,3.88,,3.67
Counterspell,2.37,4.49,1.52,89.45147679324894,-35.86497890295359,912.0,live,4.041,62.1704641350211,$2-5,,457501,True,1.49,2.01,2.01,,1.52
Farseek,0.76,1.79,0.66,135.5263157894737,-13.157894736842104,847.0,live,1.611,101.61052631578949,$0-1,0.7,559948,True,1.49,0.61,0.61,,0.7
"Magda, the Hoardmaster",0.67,1.79,0.15,167.16417910447765,-77.61194029850746,751.0,live,1.611,128.6925373134328,$0-1,0.65,544268,True,1.49,0.5,0.5,,0.65
Ultima Weapon,7.54,9.49,5.4,25.86206896551724,-28.381962864721483,592.0,live,8.541,7.737931034482765,$5-10,5.74,631671,True,0.0,5.02,6.43,,5.74
Arcane Signet,0.52,1.29,0.42,148.0769230769231,-19.23076923076924,1505.0,live,1.161,112.35384615384616,$0-1,0.5,687531,True,1.49,0.47,0.47,,0.5
"SP//dr, Piloted by Peni",0.29,0.49,0.15,68.96551724137932,-48.27586206896552,645.0,live,0.441,44.63448275862069,$0-1,0.17,646164,True,1.49,0.01,0.01,,0.17
Plains (293) - JP Full Art,3.07,3.49,3.21,13.680781758957666,4.560260586319222,1194.0,live,3.1410000000000005,-2.689250814332232,$2-5,,257676,True,3.99,1.7,1.7,,3.21
Great Hall of the Citadel,0.42,0.35,0.15,-16.666666666666668,-64.28571428571429,690.0,live,0.315,-28.666666666666668,$0-1,0.35,499027,True,1.49,0.24,0.24,,0.35
"Mona Lisa, Science Geek",0.27,0.35,0.15,29.62962962962961,-44.44444444444445,778.0,live,0.315,10.962962962962948,$0-1,0.15,679569,True,1.49,0.12,0.12,,0.15
Dreamroot Cascade,0.68,0.99,0.5700000000000001,45.58823529411764,-16.176470588235293,880.0,live,0.891,24.623529411764693,$0-1,0.9,686573,True,1.49,0.63,0.63,,0.9
Baron Rivalry - Deadly Dispute (Showcase),0.37,0.99,0.31,167.56756756756758,-16.216216216216218,629.0,live,0.891,129.03783783783786,$0-1,,632177,True,1.49,0.3,0.3,,0.31
"Cecil, Dark Knight",0.8,0.99,0.15,23.75,-81.25,705.0,live,0.891,5.929999999999991,$0-1,,618854,True,1.49,0.4,0.4,,0.15
Citadel Gate,2.07,4.49,1.84,116.9082125603865,-11.1111111111111,1143.0,live,4.041,85.67342995169085,$2-5,1.94,273084,True,1.49,1.15,1.5,,1.94
Fortified Village,0.32,0.49,0.15,53.12499999999999,-53.125,728.0,live,0.441,31.074999999999992,$0-1,0.15,631267,True,1.49,0.11,0.11,,0.15
Beledros Witherbloom,3.7,2.49,0.94,-32.7027027027027,-74.5945945945946,639.0,live,2.241,-42.39351351351351,$2-5,0.99,687609,True,1.49,1.52,1.58,,0.99
Plains (0272),0.39,0.99,0.15,153.84615384615384,-61.53846153846154,2001.0,live,0.891,117.29230769230767,$0-1,,530006,True,1.49,0.22,0.22,,0.15
Island (0280),0.32,1.29,0.15,303.125,-53.125,1587.0,live,1.161,245.075,$0-1,,696360,True,1.49,0.1,0.1,,0.15
Plague of Vermin (Borderless),1.99,2.29,0.75,15.075376884422113,-62.311557788944725,659.0,live,2.061,-1.4954773869346738,$1-2,,679118,True,1.49,1.34,1.34,,0.75
Shared Animosity,2.78,4.99,2.82,79.49640287769786,1.4388489208633108,803.0,live,4.4910000000000005,53.64892086330937,$2-5,2.94,513961,True,1.49,2.54,2.9,,2.94
Brainstorm (Borderless),2.57,3.49,2.08,35.79766536964982,-19.06614785992217,653.0,live,3.1410000000000005,16.242801556420254,$2-5,,679095,True,1.49,1.25,2.01,,2.08
Demonic Tutor,66.79,79.99,43.76,19.763437640365307,-34.48120976194042,576.0,live,71.991,2.517502620152709,$50-100,,1388,True,0.0,44.45,44.45,,43.76
"Dina, Soul Steeper",0.35,0.35,0.15,0.0,-57.14285714285714,756.0,live,0.315,-14.400000000000002,$0-1,0.2,491416,True,1.49,0.15,0.15,,0.2
Airbender's Reversal,0.26,0.35,0.15,34.615384615384606,-42.30769230769232,833.0,live,0.315,15.230769230769218,$0-1,0.18,662536,True,1.49,0.1,0.1,,0.18
Propaganda,2.35,3.99,2.49,69.7872340425532,5.957446808510643,896.0,live,3.591,45.33787234042554,$2-5,2.4,556385,True,1.49,1.75,1.75,,2.4
Clifftop Retreat,0.32,0.69,0.18,115.62499999999996,-43.75000000000001,1333.0,live,0.621,84.57499999999997,$0-1,0.35,624206,True,1.49,0.18,0.18,,0.35
Skullclamp,7.2,8.49,6.37,17.916666666666668,-11.52777777777778,714.0,live,7.641,0.9366666666666598,$5-10,6.48,631240,True,0.0,4.89,6.12,,6.48
Feed the Swarm (JP Alternate Art),1.62,1.29,0.51,-20.37037037037037,-68.51851851851852,640.0,live,1.161,-31.837037037037035,$1-2,,688874,True,1.49,0.99,0.99,,0.51
Skullclamp,4.21,8.99,4.89,113.53919239904988,16.15201900237529,925.0,live,8.091000000000001,82.7895486935867,$2-5,4.99,631240,True,0.0,4.89,6.12,,4.99
"She-Hulk, Jade Defender",0.19,0.35,0.15,84.21052631578945,-21.052631578947373,801.0,live,0.315,57.68421052631577,$0-1,0.15,697060,True,1.49,0.09,0.09,,0.15
Esper Origins,0.94,0.99,0.2,5.319148936170218,-78.72340425531915,735.0,live,0.891,-9.846808510638295,$0-1,,635072,True,1.49,0.5,0.5,,0.2
Thran Dynamo,4.49,3.99,3.75,-11.135857461024498,-16.481069042316264,776.0,live,3.591,-23.932293986636967,$2-5,4.09,503557,True,1.49,3.41,3.41,,4.09
Fire Lord Zuko (Borderless),3.91,3.49,2.35,-10.74168797953964,-39.89769820971867,576.0,live,3.1410000000000005,-23.594884910485927,$2-5,,660616,True,1.49,1.73,1.73,,2.35
Frantic Search,1.35,2.29,0.93,69.62962962962962,-31.11111111111111,636.0,live,2.061,45.20296296296295,$1-2,1.07,457177,True,1.49,0.64,0.64,,1.07
Slither Blade,0.34,0.49,0.15,44.11764705882352,-55.88235294117647,669.0,live,0.441,23.36470588235293,$0-1,0.35,130277,True,1.49,0.18,0.18,,0.35
Wheel of Misfortune,7.93,10.99,7.03,38.5876418663304,-11.349306431273638,568.0,live,9.891,18.63102143757881,$5-10,7.86,226941,True,0.0,6.07,7.24,,7.86
Eclipsed Steppe (Extended Art),2.55,5.49,2.46,115.29411764705884,-3.529411764705877,613.0,live,4.941000000000001,84.29176470588237,$2-5,,688211,True,1.49,1.29,2.3,,2.46
Contaminated Landscape,0.18,0.39,0.15,116.66666666666669,-16.666666666666664,956.0,live,0.35100000000000003,85.4666666666667,$0-1,0.15,553276,True,1.49,0.09,0.09,,0.15
Spectator Seating,6.14,9.49,6.46,54.56026058631923,5.211726384364826,832.0,live,8.541,32.30358306188926,$5-10,6.5,697454,True,0.0,5.75,6.18,,6.5
Witch's Oven,0.97,1.79,0.41,84.53608247422682,-57.731958762886606,662.0,live,1.611,57.96288659793816,$0-1,,198898,True,1.49,0.59,0.59,,0.41
"Captain America, Team Leader (Borderless)",3.8,5.99,1.06,57.63157894736843,-72.10526315789474,692.0,live,5.391,34.93263157894738,$2-5,,696391,True,1.49,1.03,1.03,,1.06
"Shark Shredder, Killer Clone",0.34,0.49,0.15,44.11764705882352,-55.88235294117647,681.0,live,0.441,23.36470588235293,$0-1,0.3,673613,True,1.49,0.2,0.2,,0.3
Surge Conductor,0.37,0.79,0.31,113.51351351351352,-16.216216216216218,901.0,live,0.7110000000000001,82.7675675675676,$0-1,0.41,642823,True,1.49,0.2,0.2,,0.41
Siege-Gang Lieutenant,4.25,0.79,3.19,-81.41176470588235,-24.94117647058824,1526.0,live,0.7110000000000001,-84.0884705882353,$2-5,,548581,True,1.49,0.99,0.99,,3.19
Instant Ramen,0.25,0.35,0.15,39.99999999999999,-40.0,1690.0,live,0.315,19.83999999999999,$0-1,0.15,632204,True,1.49,0.01,0.01,,0.15
Dreadhorde Invasion,0.43,0.69,0.42,60.46511627906976,-2.325581395348839,778.0,live,0.621,37.35813953488371,$0-1,0.48,615105,True,1.49,0.32,0.32,,0.48
Conduit of Worlds,4.27,3.49,2.74,-18.26697892271661,-35.83138173302107,607.0,live,3.1410000000000005,-30.036533957845418,$2-5,3.55,624447,True,1.49,2.41,3.2,,3.55
"Firion, Wild Rose Warrior",0.74,0.69,0.15,-6.756756756756762,-79.72972972972973,598.0,live,0.621,-20.18378378378379,$0-1,0.42,630859,True,1.49,0.35,0.35,,0.42
"Elektra, Daughter of the Hand (Borderless) (0366)",2.24,2.49,1.65,11.160714285714285,-26.33928571428573,576.0,live,2.241,-4.84642857142858,$2-5,,696239,True,1.49,1.45,1.89,,1.65
Pinnacle Kill-Ship,0.26,0.35,0.15,34.615384615384606,-42.30769230769232,1282.0,live,0.315,15.230769230769218,$0-1,0.2,644592,True,1.49,0.09,0.09,,0.2
Ainok Strike Leader,2.65,4.99,2.34,88.30188679245285,-11.698113207547172,608.0,live,4.4910000000000005,61.18641509433963,$2-5,2.65,624277,True,1.49,2.48,2.48,,2.65
Chocobo Racetrack,0.34,0.35,0.15,2.9411764705882213,-55.88235294117647,697.0,live,0.315,-11.882352941176483,$0-1,0.25,634138,True,1.49,0.15,0.15,,0.25
Fierce Guardianship,54.83,84.99,57.17,55.00638336677001,4.267736640525266,573.0,live,76.491,32.68546416195512,$50-100,55.35,212218,True,1.29,51.5,51.71,,55.35
The Kingpin of Crime (Borderless) (0374),1.99,2.79,1.25,40.20100502512563,-37.185929648241206,573.0,live,2.511,20.012060301507542,$1-2,,696337,True,1.49,0.79,1.25,,1.25
Plains (294) - JP Full Art,1.8,3.99,1.88,121.66666666666669,4.444444444444437,1281.0,live,3.591,89.74666666666667,$1-2,,257677,True,1.49,0.99,0.99,,1.88
Crypt Ghast,13.14,19.99,8.33,52.13089802130896,-36.60578386605784,565.0,live,17.991,30.22404870624047,$10-20,,67378,True,1.42,9.89,10.0,,8.33
Steely Resolve (Borderless),1.47,1.79,1.25,21.768707482993204,-14.96598639455782,669.0,live,1.611,4.234013605442182,$1-2,,696425,True,1.49,1.0,1.09,,1.25
Buried Ruin,0.4,0.79,0.37,97.5,-7.500000000000007,803.0,live,0.7110000000000001,69.06000000000002,$0-1,0.45,642848,True,1.49,0.37,0.37,,0.45
Luxury Suite,8.74,11.99,8.64,37.18535469107551,-1.1441647597253963,776.0,live,10.791,17.43066361556063,$5-10,9.76,698116,True,0.5,7.64,8.36,,9.76
Daughter of the Deep,4.14,4.99,3.64,20.53140096618359,-12.077294685990328,574.0,live,4.4910000000000005,3.174879227053151,$2-5,4.25,697195,True,1.49,3.39,3.39,,4.25
Training Grounds,9.77,12.99,8.32,32.95803480040942,-14.84135107471852,579.0,live,11.691,13.812077789150456,$5-10,7.22,495646,True,0.99,5.75,6.0,,7.22
Rootcast Apprenticeship,0.78,0.99,0.26,26.92307692307692,-66.66666666666666,708.0,live,0.891,8.646153846153839,$0-1,0.3,560005,True,1.49,0.3,0.3,,0.3
"Ygra, Eater of All",11.61,14.99,10.37,29.11283376399657,-10.680447889750218,577.0,live,13.491,10.52058570198106,$10-20,10.43,558441,True,0.0,8.24,10.98,,10.43
Steam Vents,11.46,19.99,11.81,74.43280977312389,3.0541012216404853,660.0,live,17.991,49.31448516579404,$10-20,11.39,656711,True,0.99,10.0,10.5,,11.39
Rejuvenating Springs,3.74,4.49,3.95,20.05347593582888,5.614973262032084,1006.0,live,4.041,2.765775401069518,$2-5,3.86,499784,False,1.49,,4.09,644622,3.86
Hallowed Fountain,8.04,10.99,6.8100000000000005,36.69154228855723,-15.298507462686551,625.0,live,9.891,17.00796019900498,$5-10,7.63,656703,True,0.0,5.95,5.95,,7.63
Ferrous Lake,0.34,0.79,0.15,132.35294117647058,-55.88235294117647,988.0,live,0.7110000000000001,98.89411764705883,$0-1,,687676,True,1.49,0.22,0.22,,0.15
Maskwood Nexus,1.74,2.29,1.12,31.60919540229885,-35.632183908045974,693.0,live,2.061,12.657471264367814,$1-2,1.12,553540,True,1.49,1.07,1.25,,1.12
"Raphael, Tag Team Tough",5.93,3.49,3.61,-41.146711635750414,-39.123102866779085,603.0,live,3.1410000000000005,-49.62158516020235,$5-10,4.29,657761,True,0.0,4.39,5.84,,4.29
Umbral Collar Zealot,0.32,0.69,0.15,115.62499999999996,-53.125,905.0,live,0.621,84.57499999999997,$0-1,0.22,642101,True,1.49,0.2,0.2,,0.22
Behold the Sinister Six!,3.55,5.99,2.05,68.7323943661972,-42.25352112676057,590.0,live,5.391,44.43492957746479,$2-5,1.99,651344,True,1.49,1.2,2.32,,1.99
Forest (276),0.43,0.99,0.33,130.2325581395349,-23.255813953488367,2838.0,live,0.891,97.07906976744188,$0-1,,246244,True,1.49,0.37,0.37,,0.33
Devastating Onslaught,2.05,2.99,1.49,45.85365853658539,-27.317073170731703,663.0,live,2.6910000000000003,24.85073170731708,$2-5,1.74,644614,True,1.49,1.25,1.25,,1.74
Mountain (0290),0.66,1.29,0.17,95.45454545454544,-74.24242424242425,1564.0,live,1.161,67.30909090909091,$0-1,,648728,True,1.49,0.22,0.22,,0.17
Guardian Scalelord,0.33,0.49,0.15,48.48484848484848,-54.54545454545456,1107.0,live,0.441,27.10303030303029,$0-1,0.2,687427,True,1.49,0.24,0.24,,0.2
Ophiomancer,0.91,2.29,0.52,151.64835164835165,-42.85714285714285,739.0,live,2.061,115.410989010989,$0-1,0.58,687362,True,1.49,0.84,0.84,,0.58
Iron Myr,0.95,1.29,0.54,35.789473684210535,-43.1578947368421,673.0,live,1.161,16.23578947368423,$0-1,,36234,True,1.49,0.46,0.46,,0.54
Hollowmurk Siege,1.0,1.49,0.25,49.0,-75.0,682.0,live,1.341,27.54399999999999,$1-2,0.31,624567,True,1.49,0.76,0.76,,0.31
"Kang, Temporal Tyrant",0.19,0.35,0.15,84.21052631578945,-21.052631578947373,640.0,live,0.315,57.68421052631577,$0-1,0.15,696322,True,1.49,0.07,0.07,,0.15
Soul Warden,3.81,4.49,2.59,17.847769028871397,-32.020997375328086,656.0,live,4.041,0.8776902887139143,$2-5,2.79,32731,True,1.49,1.75,1.75,,2.79
Blossoming Bogbeast,0.38,0.99,0.15,160.52631578947367,-60.526315789473685,1099.0,live,0.891,123.01052631578946,$0-1,0.24,687488,True,1.49,0.29,0.29,,0.24
Smoldering Marsh,0.37,0.59,0.2,59.45945945945945,-45.94594594594594,746.0,live,0.531,36.49729729729728,$0-1,0.21,679631,True,1.49,0.19,0.19,,0.21
The Last Ronin,1.17,0.99,0.43,-15.38461538461538,-63.24786324786326,613.0,live,0.891,-27.569230769230767,$1-2,0.99,673648,True,1.49,0.63,0.63,,0.99
Chandra's Ignition,6.72,13.99,6.25,108.1845238095238,-6.994047619047615,593.0,live,12.591000000000001,78.2059523809524,$5-10,6.06,100009,True,1.31,4.0,5.44,,6.06
"Monica, the Marvel - Aurelia, the Warleader (Borderless)",2.85,4.99,3.02,75.08771929824562,5.964912280701752,621.0,live,4.4910000000000005,49.87508771929824,$2-5,,700736,True,1.49,1.5,1.5,,3.02
Xander's Lounge,13.06,19.99,12.49,53.06278713629401,-4.364471669218991,574.0,live,17.991,31.02174578866767,$10-20,12.0,265350,True,1.99,11.0,11.0,,12.0
Final Act (Borderless),1.63,0.99,1.01,-39.26380368098159,-38.03680981595092,596.0,live,0.891,-48.00981595092024,$1-2,,696252,True,1.49,0.89,0.89,,1.01
Ancestral Anger,0.26,0.35,0.15,34.615384615384606,-42.30769230769232,878.0,live,0.315,15.230769230769218,$0-1,0.2,689485,True,1.49,0.05,0.05,,0.2
Ramunap Excavator,5.18,6.99,4.82,34.94208494208495,-6.949806949806939,599.0,live,6.291,15.510424710424711,$5-10,5.0,553182,True,1.49,3.0,3.56,,5.0
Splendid Reclamation,0.38,0.79,0.2,107.89473684210526,-47.368421052631575,829.0,live,0.7110000000000001,77.95789473684212,$0-1,,642002,True,1.49,0.35,0.35,,0.2
Shadow Rift,1.81,2.49,1.11,37.56906077348067,-38.67403314917127,620.0,live,2.241,17.759116022099445,$1-2,,5722,True,1.49,0.8,0.8,,1.11
"M.O.D.O.K., Evil Intellect (Borderless)",4.07,6.99,2.95,71.74447174447174,-27.51842751842752,579.0,live,6.291,47.0132678132678,$2-5,,699592,True,1.49,2.0,2.25,,2.95
Borrowed Knowledge,0.26,0.35,0.15,34.615384615384606,-42.30769230769232,794.0,live,0.315,15.230769230769218,$0-1,0.15,688669,True,1.49,0.05,0.05,,0.15
Surveillance Room,0.19,0.35,0.15,84.21052631578945,-21.052631578947373,1173.0,live,0.315,57.68421052631577,$0-1,0.15,697091,True,1.49,0.05,0.05,,0.15
"Kefka, Dancing Mad",0.33,0.59,0.15,78.78787878787877,-54.54545454545456,734.0,live,0.531,53.04242424242421,$0-1,0.3,631158,True,1.49,0.24,0.24,,0.3
Crux of Fate,0.39,0.79,0.15,102.56410256410258,-61.53846153846154,699.0,live,0.7110000000000001,73.3948717948718,$0-1,,631233,True,1.49,0.31,0.31,,0.15
Gut Shot,5.29,8.49,4.14,60.49149338374291,-21.739130434782616,786.0,live,7.641,37.38071833648392,$5-10,,98817,True,1.49,3.15,3.55,,4.14
Grave Titan,0.35,0.99,0.17,182.8571428571429,-51.42857142857142,747.0,live,0.891,142.1257142857143,$0-1,0.36,671142,True,1.49,0.32,0.32,,0.36
Mind into Matter (Extended Art),0.8,0.59,0.2,-26.250000000000007,-75.00000000000001,620.0,live,0.531,-36.87000000000001,$0-1,,688813,True,1.49,0.45,0.45,,0.2
Kodama of the East Tree,3.39,2.79,3.1,-17.69911504424779,-8.554572271386432,681.0,live,2.511,-29.550442477876103,$2-5,3.32,559832,True,1.49,2.84,2.84,,3.32
Plaza of Heroes,3.74,6.49,3.74,73.52941176470587,0.0,982.0,live,5.841,48.54117647058823,$2-5,3.78,697447,True,1.49,3.45,3.45,,3.78
Scythecat Cub,24.63,32.99,22.35,33.942346731628106,-9.25700365408038,651.0,live,29.691000000000003,14.654648802273664,$20-50,22.1,589389,True,1.49,22.0,22.0,,22.1
The Thanos-Copter,1.39,2.49,1.55,79.13669064748204,11.510791366906489,582.0,live,2.241,53.34100719424462,$1-2,,697432,True,1.49,1.08,1.08,,1.55
"Anzrag, the Quake-Mole",5.89,8.99,5.08,52.63157894736843,-13.752122241086582,575.0,live,8.091000000000001,30.65263157894737,$5-10,4.93,534079,True,1.6,4.0,4.0,,4.93
Exotic Orchard,0.38,0.49,0.15,28.947368421052627,-60.526315789473685,1008.0,live,0.441,10.378947368421048,$0-1,0.19,687675,True,1.49,0.17,0.17,,0.19
Chandra's Ignition,8.1,11.99,6.3100000000000005,48.024691358024704,-22.098765432098755,642.0,live,10.791,26.70913580246913,$5-10,6.06,100009,True,1.31,4.0,5.44,,6.06
Conformer Shuriken,0.38,0.49,0.16,28.947368421052627,-57.89473684210527,1368.0,live,0.441,10.378947368421048,$0-1,1.02,631204,True,1.49,0.24,0.24,,1.02
Battle at the Big Bridge - Fatal Push (Showcase),0.55,1.49,0.15,170.90909090909088,-72.72727272727273,742.0,live,1.341,131.89818181818177,$0-1,,633063,True,1.49,0.2,0.2,,0.15
Sunspine Lynx,2.1,2.79,0.77,32.857142857142854,-63.33333333333333,671.0,live,2.511,13.725714285714288,$2-5,,558711,True,1.49,0.97,0.97,,0.77
Unmarked Grave,2.88,4.49,2.5500000000000003,55.90277777777779,-11.45833333333332,635.0,live,4.041,33.45277777777779,$2-5,2.98,239388,True,1.49,2.37,2.37,,2.98
Nethergoyf,3.22,6.99,3.02,117.0807453416149,-6.211180124223608,914.0,live,6.291,85.82111801242235,$2-5,3.11,548576,True,1.49,2.37,2.37,,3.11
Felothar the Steadfast (Borderless),2.74,7.99,2.18,191.6058394160584,-20.437956204379564,648.0,live,7.191000000000001,149.61459854014595,$2-5,,623911,True,1.49,1.34,1.34,,2.18
Lion Sash,2.33,3.49,2.07,49.785407725321896,-11.158798283261811,579.0,live,3.1410000000000005,28.216309012875545,$2-5,2.37,262184,True,1.49,1.49,1.49,,2.37
Molten-Core Maestro (Extended Art),0.95,0.79,0.19,-16.842105263157887,-80.0,651.0,live,0.7110000000000001,-28.816842105263145,$0-1,,686588,True,1.49,0.43,0.43,,0.19
Command Beacon,9.07,11.99,7.71,32.19404630650496,-14.99448732083793,608.0,live,10.791,13.158103638368235,$5-10,7.36,624449,True,0.0,6.49,7.8,,7.36
Bident of Thassa,0.43,0.49,0.33,13.953488372093023,-23.255813953488367,810.0,live,0.441,-2.4558139534883754,$0-1,0.4,559848,True,1.49,0.37,0.37,,0.4
Dark Deed,0.17,0.35,0.15,105.88235294117644,-11.764705882352953,1258.0,live,0.315,76.23529411764703,$0-1,0.21,696236,True,1.49,0.07,0.07,,0.21
The Gold Saucer,0.33,0.35,0.15,6.060606060606049,-54.54545454545456,677.0,live,0.315,-9.212121212121223,$0-1,0.2,633409,True,1.49,0.11,0.11,,0.2
Hagra Constrictor,0.17,0.35,0.15,105.88235294117644,-11.764705882352953,662.0,live,0.315,76.23529411764703,$0-1,0.24,221936,True,1.49,0.07,0.07,,0.24
Sol Ring,1.79,2.79,1.51,55.865921787709496,-15.64245810055866,748.0,live,2.511,33.42122905027934,$1-2,1.63,687542,True,1.49,1.5,1.5,,1.63
Expansion Algorithm (Extended Art),2.44,3.49,1.66,43.03278688524592,-31.967213114754102,599.0,live,3.1410000000000005,22.43606557377051,$2-5,,688213,True,1.49,2.1,2.1,,1.66
Talisman of Progress,0.39,0.99,0.34,153.84615384615384,-12.820512820512816,859.0,live,0.891,117.29230769230767,$0-1,0.41,499820,True,1.49,0.3,0.3,,0.41
Spara's Headquarters,13.28,16.99,13.02,27.9367469879518,-1.9578313253012032,569.0,live,15.290999999999999,9.513855421686742,$10-20,13.78,265348,True,0.99,11.0,11.5,,13.78
Turtles Forever,0.34,0.49,0.15,44.11764705882352,-55.88235294117647,924.0,live,0.441,23.36470588235293,$0-1,0.27,657745,True,1.49,0.1,0.1,,0.27
Deep-Cavern Bat,0.39,0.49,0.15,25.64102564102563,-61.53846153846154,1050.0,live,0.441,7.54871794871794,$0-1,0.35,524168,True,1.49,0.25,0.25,,0.35
Strategic Betrayal,1.02,0.99,0.15,-2.9411764705882377,-85.29411764705883,994.0,live,0.891,-16.917647058823533,$1-2,0.24,625197,True,1.49,0.3,0.3,,0.24
Rampant Growth,0.47,1.29,0.4,174.468085106383,-14.893617021276588,851.0,live,1.161,134.94468085106385,$0-1,0.44,631199,True,1.49,0.39,0.39,,0.44
Astrologian's Planisphere,0.35,0.49,0.15,40.00000000000001,-57.14285714285714,779.0,live,0.441,19.840000000000003,$0-1,0.21,631588,True,1.49,0.1,0.1,,0.21
Regal Caracal,0.41,0.69,0.15,68.29268292682926,-63.41463414634146,794.0,live,0.621,44.05853658536585,$0-1,0.4,590980,True,1.49,0.37,0.37,,0.4
Marauding Mako,0.51,1.49,0.22,192.156862745098,-56.86274509803923,935.0,live,1.341,150.0862745098039,$0-1,,614498,True,1.49,0.24,0.24,,0.22
Killian's Confidence,0.23,0.35,0.15,52.17391304347825,-34.78260869565218,836.0,live,0.315,30.260869565217373,$0-1,0.15,689079,True,1.49,0.1,0.1,,0.15
Shatterskull Smashing,9.6,13.99,7.24,45.72916666666668,-24.58333333333333,628.0,live,12.591000000000001,24.74416666666668,$5-10,,222030,True,0.0,8.0,9.08,,7.24
Kefka's Tower - Bolas's Citadel (Showcase),17.18,17.99,17.71,4.714784633294522,3.0849825378346982,560.0,live,16.191,-10.364144353899892,$10-20,,633062,True,1.0,13.57,15.99,,17.71
Kodama's Reach,1.97,2.79,1.54,41.62436548223351,-21.82741116751269,585.0,live,2.511,21.23045685279189,$1-2,1.61,671233,True,1.49,1.39,1.39,,1.61
Kappa Cannoneer,0.81,0.99,0.29,22.22222222222221,-64.19753086419753,812.0,live,0.891,4.622222222222212,$0-1,0.53,548591,True,1.49,0.3,0.3,,0.53
Extract a Confession,0.35,0.99,0.15,182.8571428571429,-57.14285714285714,1282.0,live,0.891,142.1257142857143,$0-1,0.25,532879,True,1.49,0.14,0.14,,0.25
"Tergrid, God of Fright",22.22,22.99,16.15,3.4653465346534635,-27.31773177317732,554.0,live,20.691,-11.433663366336631,$20-50,,230450,True,0.0,11.28,11.28,,16.15
Forest (0296),0.43,1.49,0.2,246.5116279069768,-53.48837209302325,1094.0,live,1.341,196.6139534883721,$0-1,,660538,True,1.49,0.2,0.2,,0.2
Plague Myr,1.69,2.79,1.4,65.08875739644971,-17.15976331360947,639.0,live,2.511,41.31597633136096,$1-2,,39135,False,1.49,,1.3,125936,1.4
Second Harvest,3.3,5.49,2.45,66.36363636363637,-25.757575757575747,648.0,live,4.941000000000001,42.40727272727274,$2-5,3.56,560021,True,1.49,3.01,3.01,,3.56
Season of Gathering,6.6,9.99,5.65,51.36363636363638,-14.393939393939384,575.0,live,8.991,29.567272727272726,$5-10,5.61,559123,True,1.49,4.0,4.0,,5.61
Gold Myr,1.29,0.99,0.35,-23.25581395348837,-72.86821705426357,751.0,live,0.891,-34.30697674418605,$1-2,,36232,True,1.49,0.37,0.37,,0.35
Beast Whisperer,7.5,10.99,7.05,46.53333333333334,-6.000000000000003,563.0,live,9.891,25.432533333333325,$5-10,7.22,176426,True,1.99,4.99,4.99,,7.22
Mountain (Showcase),1.41,3.49,0.71,147.5177304964539,-49.645390070921984,1427.0,live,3.1410000000000005,111.87517730496457,$1-2,,279833,True,1.49,0.75,0.75,,0.71
"Dyadrine, Synthesis Amalgam",0.3,0.49,0.15,63.33333333333334,-50.0,875.0,live,0.441,39.81333333333333,$0-1,0.28,643506,True,1.49,0.11,0.11,,0.28
Opt,0.43,0.49,0.18,13.953488372093023,-58.13953488372093,899.0,live,0.441,-2.4558139534883754,$0-1,0.22,233373,True,1.49,0.35,0.35,,0.22
"Jarad, Golgari Lich Lord",1.22,2.79,1.04,128.68852459016392,-14.754098360655732,609.0,live,2.511,95.75737704918036,$1-2,1.65,624494,True,1.49,1.2,1.25,,1.65
The Fire Crystal (Borderless),12.18,14.99,10.4,23.07060755336618,-14.61412151067323,552.0,live,13.491,5.348440065681452,$10-20,,633132,True,1.25,7.0,9.56,,10.4
Doomsday Excruciator,1.09,1.29,0.26,18.34862385321101,-76.14678899082568,754.0,live,1.161,1.3064220183486266,$1-2,0.5,562745,True,1.49,0.68,0.68,,0.5
Memnite,2.65,2.79,0.98,5.283018867924533,-63.0188679245283,752.0,live,2.511,-9.877735849056595,$2-5,,36237,True,1.49,1.15,1.15,,0.98
Spellbook Vendor,0.5,1.49,0.33,198.0,-34.0,757.0,live,1.341,155.088,$0-1,0.5,512598,True,1.49,0.35,0.35,,0.5
Sulfur Falls,0.43,0.59,0.18,37.20930232558139,-58.13953488372093,851.0,live,0.531,17.451162790697662,$0-1,0.25,687546,True,1.49,0.2,0.2,,0.25
"Raphael, the Nightwatcher (Borderless)",3.36,2.29,1.02,-31.84523809523809,-69.64285714285714,570.0,live,2.061,-41.659523809523805,$2-5,,679842,True,1.49,1.17,2.0,,1.02
Thought Vessel,2.92,3.49,2.34,19.52054794520549,-19.863013698630137,691.0,live,3.1410000000000005,2.309589041095904,$2-5,2.49,631303,True,1.49,2.51,2.51,,2.49
Too Evil to Stay Dead,0.21,0.35,0.15,66.66666666666666,-28.57142857142857,811.0,live,0.315,42.66666666666666,$0-1,0.15,697010,True,1.49,0.05,0.05,,0.15
The Shire,3.62,4.49,2.7,24.03314917127072,-25.41436464088397,571.0,live,4.041,6.172375690607737,$2-5,3.3,488286,True,1.49,2.9,2.9,,3.3
Blazing Crescendo,0.26,0.39,0.15,50.0,-42.30769230769232,677.0,live,0.35100000000000003,28.4,$0-1,0.15,479576,True,1.49,0.06,0.06,,0.15
Haywire Mite,0.85,1.29,0.32,51.76470588235295,-62.35294117647059,639.0,live,1.161,29.91058823529413,$0-1,0.61,687608,True,1.49,0.4,0.4,,0.61
Earth's Mightiest Heroes (Borderless),2.68,3.99,1.64,48.88059701492537,-38.80597014925374,603.0,live,3.591,27.44179104477612,$2-5,,696665,True,1.49,1.89,1.89,,1.64
Tandem Lookout,1.22,1.79,0.67,46.72131147540984,-45.08196721311475,666.0,live,1.611,25.593442622950825,$1-2,0.98,58267,True,1.49,0.73,0.73,,0.98
Mountain (0304),0.2,0.49,0.15,144.99999999999997,-25.000000000000007,1892.0,live,0.441,109.71999999999996,$0-1,,630896,True,1.49,0.09,0.09,,0.15
Boros Signet,0.58,1.49,0.4,156.89655172413794,-31.03448275862068,724.0,live,1.341,119.90344827586208,$0-1,0.47,624199,True,1.49,0.35,0.46,,0.47
Skrelv's Hive,2.15,2.99,1.28,39.06976744186048,-40.46511627906976,641.0,live,2.6910000000000003,19.04372093023256,$2-5,2.09,478281,True,1.49,0.75,1.58,,2.09
Maximum Carnage,0.63,0.99,0.26,57.14285714285714,-58.730158730158735,619.0,live,0.891,34.514285714285705,$0-1,0.61,652074,True,1.49,0.5,0.5,,0.61
Pest Summoning,0.16,0.35,0.15,118.74999999999996,-6.250000000000005,690.0,live,0.315,87.24999999999999,$0-1,0.16,235124,True,1.49,0.1,0.1,,0.16
Drowned Catacomb,2.09,2.79,1.53,33.492822966507184,-26.794258373205736,915.0,live,2.511,14.269856459330155,$2-5,1.69,631318,True,1.49,0.99,0.99,,1.69
Alpha Authority,2.38,2.99,0.8300000000000001,25.63025210084035,-65.12605042016806,606.0,live,2.6910000000000003,7.53949579831933,$2-5,,67583,True,1.49,1.0,1.0,,0.8300000000000001
Mountain (300) - JP Full Art,2.21,2.79,1.37,26.24434389140272,-38.00904977375565,1240.0,live,2.511,8.06515837104073,$2-5,,257683,True,3.99,1.25,1.25,,1.37
Necroskitter,0.59,1.99,0.18,237.28813559322032,-69.49152542372882,1131.0,live,1.791,188.71864406779665,$0-1,0.47,671133,True,1.49,0.3,0.3,,0.47
Hellkite Courser,2.86,5.49,2.83,91.95804195804196,-1.0489510489510423,659.0,live,4.941000000000001,64.31608391608393,$2-5,2.78,624934,True,1.49,2.5,2.8,,2.78
Redirect Lightning (Showcase),17.77,22.99,15.61,29.37535171637591,-12.155317951603829,549.0,live,20.691,10.745301069217785,$10-20,,648711,True,0.0,10.95,15.94,,15.61
White Sun's Twilight,2.54,2.99,1.45,17.716535433070874,-42.91338582677165,579.0,live,2.6910000000000003,0.7653543307086575,$2-5,2.19,478284,True,1.49,1.43,1.43,,2.19
Dragonskull Summit,0.77,0.99,0.4,28.57142857142857,-48.05194805194805,792.0,live,0.891,10.05714285714285,$0-1,0.39,631583,True,1.49,0.4,0.4,,0.39
Command Tower,0.37,0.69,0.26,86.48648648648647,-29.729729729729726,988.0,live,0.621,59.63243243243242,$0-1,0.25,687664,True,1.49,0.3,0.3,,0.25
The Lord of Pain (Borderless),8.87,15.99,8.74,80.27057497181512,-1.4656144306651524,553.0,live,14.391,54.31161217587375,$5-10,,578900,True,0.0,7.5,8.98,,8.74
Arcane Signet,0.86,1.29,0.46,50.000000000000014,-46.51162790697674,672.0,live,1.161,28.400000000000013,$0-1,0.49,687531,True,1.49,0.47,0.47,,0.49
Opposition Agent,18.07,23.99,16.66,32.76148312119534,-7.802988378527948,563.0,live,21.590999999999998,13.643829551743206,$10-20,18.0,226314,False,0.0,,17.53,10133,18.0
Winnowing,0.32,0.49,0.15,53.12499999999999,-53.125,745.0,live,0.441,31.074999999999992,$0-1,0.37,670972,True,1.49,0.22,0.22,,0.37
Sazh Katzroy,0.47,0.49,0.15,4.255319148936175,-68.08510638297872,607.0,live,0.441,-10.757446808510638,$0-1,0.28,632698,True,1.49,0.25,0.25,,0.28
Xorn,7.72,10.99,6.25,42.35751295336788,-19.04145077720207,556.0,live,9.891,21.858031088082896,$5-10,,243290,True,3.99,6.0,7.72,,6.25
Kappa Cannoneer,0.41,0.99,0.32,141.46341463414635,-21.95121951219512,1281.0,live,0.891,106.69268292682928,$0-1,0.47,548591,True,1.49,0.3,0.3,,0.47
Swamp (273),0.97,1.49,0.5,53.608247422680414,-48.45360824742268,2371.0,live,1.341,31.488659793814428,$0-1,,253436,True,1.49,0.48,0.48,,0.5
Bandit's Talent,0.33,0.79,0.15,139.3939393939394,-54.54545454545456,737.0,live,0.7110000000000001,104.92121212121212,$0-1,0.33,559150,True,1.49,0.2,0.2,,0.33
"Iron Man, Futurist Paragon (Borderless)",4.88,5.49,2.49,12.500000000000004,-48.97540983606557,559.0,live,4.941000000000001,-3.699999999999996,$2-5,,699581,True,1.49,1.92,1.92,,2.49
Arcane Signet (0333),0.47,0.99,0.43,110.63829787234044,-8.510638297872337,967.0,live,0.891,80.3063829787234,$0-1,,631221,True,1.49,0.33,0.33,,0.43
Dread Return (Borderless),0.5,0.99,0.5,98.0,0.0,664.0,live,0.891,69.488,$0-1,,507190,True,1.49,0.45,0.45,,0.5
Season of Growth,0.34,0.69,0.17,102.9411764705882,-50.0,614.0,live,0.621,73.7176470588235,$0-1,0.2,513107,True,1.49,0.1,0.1,,0.2
Blind Obedience,5.56,6.99,4.78,25.719424460431668,-14.028776978417255,557.0,live,6.291,7.6158273381295025,$5-10,5.04,513356,True,1.49,3.18,3.94,,5.04
Gwen Stacy,3.55,4.49,2.08,26.47887323943664,-41.40845070422535,595.0,live,4.041,8.265915492957756,$2-5,,646568,True,1.49,1.45,2.02,,2.08
Vibrant Cityscape,0.25,0.35,0.15,39.99999999999999,-40.0,850.0,live,0.315,19.83999999999999,$0-1,0.15,651928,True,1.49,0.06,0.06,,0.15
Scorched Geyser,0.4,0.49,0.15,22.5,-62.5,1619.0,live,0.441,4.85999999999999,$0-1,0.38,687596,True,1.49,1.23,1.23,,0.38
"Toph, Earthbending Master",36.65,54.99,35.35,50.04092769440656,-3.5470668485675234,541.0,live,49.491,28.43503410641201,$20-50,36.5,660581,True,1.99,32.0,32.0,,36.5
Arcane Signet (Showcase),2.62,3.99,2.62,52.29007633587786,0.0,615.0,live,3.591,30.360305343511456,$2-5,,662394,True,1.49,2.25,2.62,,2.62
Mental Misstep,8.66,9.99,6.3500000000000005,15.35796766743649,-26.6743648960739,564.0,live,8.991,-1.2535796766743723,$5-10,6.05,39543,True,0.0,6.5,6.7,,6.05
Arasta of the Endless Web,0.5,0.49,0.3,-2.0000000000000018,-40.0,655.0,live,0.441,-16.112000000000005,$0-1,0.34,559941,True,1.49,0.34,0.34,,0.34
Privileged Position (Borderless),1.83,1.49,1.04,-18.5792349726776,-43.16939890710383,593.0,live,1.341,-30.303825136612023,$1-2,,696433,True,1.49,1.0,1.0,,1.04
Frantic Search,0.78,1.49,0.72,91.025641025641,-7.692307692307699,619.0,live,1.341,63.51794871794871,$0-1,0.88,457177,True,1.49,0.64,0.64,,0.88
Seismic Sense,0.29,0.35,0.15,20.6896551724138,-48.27586206896552,708.0,live,0.315,3.3103448275862064,$0-1,0.17,660575,True,1.49,0.1,0.1,,0.17
Copy Enchantment,2.04,2.49,0.8300000000000001,22.05882352941177,-59.31372549019608,576.0,live,2.241,4.482352941176469,$2-5,,514021,True,1.49,1.0,1.0,,0.8300000000000001
Search for the Frozen Esper - Nature's Claim (Showcase),0.61,1.29,0.37,111.47540983606558,-39.34426229508197,681.0,live,1.161,81.02295081967216,$0-1,,632060,True,1.49,0.3,0.3,,0.37
Teval's Judgment,8.14,12.99,7.28,59.58230958230958,-10.565110565110569,564.0,live,11.691,36.60245700245699,$5-10,7.5,624417,True,0.0,6.25,7.67,,7.5
Raid Bombardment,0.34,0.35,0.15,2.9411764705882213,-55.88235294117647,869.0,live,0.315,-11.882352941176483,$0-1,0.24,512550,True,1.49,0.11,0.11,,0.24
The Mightstone and Weakstone,4.44,6.49,3.17,46.17117117117117,-28.60360360360361,566.0,live,5.841,25.122522522522512,$2-5,,448411,True,1.49,3.49,4.35,,3.17
Conduit of Worlds,3.17,2.99,2.67,-5.678233438485796,-15.772870662460567,560.0,live,2.6910000000000003,-19.260567823343848,$2-5,3.71,624447,True,1.49,2.41,3.2,,3.71
Skullclamp,6.31,8.49,5.71,34.54833597464344,-9.50871632329635,568.0,live,7.641,15.173375594294772,$5-10,5.77,631240,True,0.0,4.89,6.12,,5.77
Goblin Anarchomancer (Retro Frame),0.42,1.79,0.32,326.1904761904762,-23.809523809523807,767.0,live,1.611,264.81904761904764,$0-1,,240454,True,1.49,0.29,0.29,,0.32
Life from the Loam,5.26,8.99,4.14,70.91254752851712,-21.29277566539924,630.0,live,8.091000000000001,46.30114068441065,$5-10,,624487,True,1.49,3.6,3.98,,4.14
Plains (0277),0.28,0.49,0.15,74.99999999999997,-46.42857142857144,1978.0,live,0.441,49.799999999999976,$0-1,,696357,True,1.49,0.1,0.1,,0.15
Bootleggers' Stash,0.32,0.99,0.15,209.375,-53.125,1090.0,live,0.891,164.825,$0-1,0.26,615200,True,1.49,0.24,0.24,,0.26
Dryad of the Ilysian Grove,9.37,9.49,8.28,1.2806830309498507,-11.632870864461044,574.0,live,8.541,-13.303735325506924,$5-10,8.08,553184,True,1.99,7.95,7.95,,8.08
Flourishing Defenses,1.18,2.49,1.0,111.0169491525424,-15.254237288135588,638.0,live,2.241,80.63050847457627,$1-2,1.11,671213,True,1.49,0.92,0.92,,1.11
"Braids, Cabal Minion",0.94,0.79,0.15,-15.95744680851063,-84.04255319148936,602.0,live,0.7110000000000001,-28.059574468085096,$0-1,,240059,True,1.49,0.55,0.55,,0.15
Transpose,0.34,0.49,0.15,44.11764705882352,-55.88235294117647,1427.0,live,0.441,23.36470588235293,$0-1,0.34,631226,True,1.49,0.24,0.24,,0.34
Mind Stone,0.31,0.99,0.2,219.3548387096774,-35.48387096774193,933.0,live,0.891,173.36774193548385,$0-1,0.25,463303,True,1.49,0.25,0.25,,0.25
Firebending Lesson,0.22,0.35,0.15,59.09090909090908,-31.818181818181824,1021.0,live,0.315,36.18181818181817,$0-1,0.2,662768,True,1.49,0.01,0.01,,0.2
Preordain,0.6,1.29,0.55,115.0,-8.333333333333323,843.0,live,1.161,84.04000000000002,$0-1,0.56,688900,True,1.49,0.93,1.87,,0.56
"Lord Skitter, Sewer King",5.1,5.99,4.62,17.450980392156875,-9.411764705882344,654.0,live,5.391,0.5380392156862814,$5-10,5.0,512640,True,1.49,2.17,2.17,,5.0
Forest (302) - JP Full Art,2.0,3.49,1.4,74.50000000000001,-30.000000000000004,1215.0,live,3.1410000000000005,49.372000000000014,$2-5,,257685,True,1.49,1.16,1.65,,1.4
"Crossbones, Malicious Mercenary",0.26,0.35,0.15,34.615384615384606,-42.30769230769232,628.0,live,0.315,15.230769230769218,$0-1,0.17,696486,True,1.49,0.08,0.08,,0.17
"Donatello, Way with Machines (Borderless)",0.36,0.35,0.15,-2.7777777777777803,-58.333333333333336,705.0,live,0.315,-16.77777777777778,$0-1,,679790,True,1.49,0.25,0.25,,0.15
Plains (Showcase),2.81,3.99,2.38,41.99288256227759,-15.302491103202854,1359.0,live,3.591,21.54590747330961,$2-5,,279830,True,1.49,0.99,1.68,,2.38
Scene of the Crime,0.44,0.59,0.15,34.09090909090908,-65.90909090909092,651.0,live,0.531,14.781818181818164,$0-1,,532873,True,1.49,0.25,0.25,,0.15
Heap Gate,0.41,1.29,0.34,214.63414634146343,-17.073170731707307,1324.0,live,1.161,169.32682926829276,$0-1,0.45,273081,True,1.49,0.35,0.35,,0.45
Sleight of Hand (JP Alternate Art),1.12,2.79,0.44,149.10714285714283,-60.71428571428572,671.0,live,2.511,113.23571428571428,$1-2,,689154,True,1.49,1.0,1.0,,0.44
Ultron the Annihilator,47.06,54.99,45.2,16.850828729281766,-3.952401189970249,539.0,live,49.491,0.024309392265194,$20-50,46.95,697268,True,0.0,39.99,39.99,,46.95
Mirrorform,1.75,2.99,1.28,70.85714285714288,-26.857142857142858,664.0,live,2.6910000000000003,46.25371428571428,$1-2,1.82,671003,True,1.49,1.39,1.39,,1.82
Fade from History,3.59,4.49,3.33,25.069637883008365,-7.242339832869075,752.0,live,4.041,7.059610027855162,$2-5,3.08,451948,True,1.49,2.0,2.12,,3.08
Dragonlord Dromoka,2.07,3.49,0.98,68.59903381642515,-52.65700483091788,566.0,live,3.1410000000000005,44.32077294685993,$2-5,1.05,624629,True,1.49,1.53,1.53,,1.05
Birthing Ritual,4.04,6.99,3.97,73.01980198019803,-1.7326732673267289,764.0,live,6.291,48.1049504950495,$2-5,3.84,552823,True,1.49,2.9,3.75,,3.84
"Korvold, Fae-Cursed King",0.47,1.29,0.2,174.468085106383,-57.44680851063829,938.0,live,1.161,134.94468085106385,$0-1,0.45,642014,True,1.49,0.42,0.42,,0.45
Craterhoof Behemoth,23.99,27.99,20.97,16.673614005835766,-12.588578574406,543.0,live,25.191,-0.1273864110045904,$20-50,18.87,623881,True,1.3,18.09,19.17,,18.87
"Valentin, Dean of the Vein",1.05,1.29,0.98,22.857142857142858,-6.666666666666672,654.0,live,1.161,5.165714285714292,$1-2,,235202,True,1.49,0.65,0.65,,0.98
Farseek,0.78,1.79,0.5700000000000001,129.4871794871795,-26.92307692307692,621.0,live,1.611,96.44102564102565,$0-1,0.64,559948,True,1.49,0.61,0.61,,0.64
Carnelian Orb of Dragonkind,0.32,0.79,0.31,146.875,-3.1250000000000027,605.0,live,0.7110000000000001,111.325,$0-1,0.44,272973,True,1.49,0.29,0.29,,0.44
Estrid's Invocation,0.34,0.79,0.15,132.35294117647058,-55.88235294117647,675.0,live,0.7110000000000001,98.89411764705883,$0-1,0.38,552726,True,1.49,0.23,0.23,,0.38
Three Visits,4.18,7.49,4.15,79.18660287081342,-0.7177033492822814,922.0,live,6.7410000000000005,53.38373205741628,$2-5,4.33,687584,True,0.0,3.99,5.24,,4.33
Thran Dynamo (Borderless),4.79,6.99,4.93,45.92901878914405,2.922755741127342,590.0,live,6.291,24.915240083507303,$2-5,,503562,True,1.49,3.5,4.67,,4.93
Swamp (0274) - Full Art,0.91,1.99,0.51,118.68131868131869,-43.95604395604396,1637.0,live,1.791,87.1912087912088,$0-1,,557260,True,1.49,0.48,0.48,,0.51
Iridescent Vinelasher,1.08,1.79,0.41,65.74074074074073,-62.037037037037045,685.0,live,1.611,41.87407407407407,$1-2,0.67,558625,True,1.49,0.52,0.52,,0.67
Arbor Elf,0.34,0.99,0.15,191.17647058823525,-55.88235294117647,785.0,live,0.891,149.2470588235294,$0-1,,60009,True,1.49,0.27,0.27,,0.15
"Black Cat, Cunning Thief",0.71,1.29,0.15,81.69014084507043,-78.87323943661971,658.0,live,1.161,55.52676056338031,$0-1,0.5,652051,True,1.49,0.4,0.4,,0.5
Void Rend,0.38,0.99,0.15,160.52631578947367,-60.526315789473685,696.0,live,0.891,123.01052631578946,$0-1,0.3,631284,True,1.49,0.29,0.29,,0.3
Enchantress's Presence,1.36,2.29,1.03,68.38235294117646,-24.264705882352946,612.0,live,2.061,44.13529411764704,$1-2,1.29,240051,True,1.49,0.89,0.89,,1.29
Plains (0273),0.51,1.99,0.34,290.19607843137254,-33.33333333333333,1155.0,live,1.791,234.0078431372549,$0-1,,488126,True,1.49,0.38,0.38,,0.34
Deeproot Pilgrimage,1.74,3.49,1.08,100.57471264367815,-37.93103448275862,631.0,live,3.1410000000000005,71.69195402298853,$1-2,1.75,524353,True,1.49,0.2,1.5,,1.75
Talisman of Conviction,0.4,0.59,0.31,47.49999999999999,-22.500000000000007,882.0,live,0.531,26.259999999999977,$0-1,0.31,631187,True,1.49,0.29,0.29,,0.31
Mines of Moria (Borderless),2.14,3.49,1.51,63.08411214953272,-29.4392523364486,577.0,live,3.1410000000000005,39.60000000000001,$2-5,,498833,True,1.49,0.99,1.69,,1.51
"Malcolm, Alluring Scoundrel",2.2,3.99,2.05,81.36363636363636,-6.818181818181834,562.0,live,3.591,55.24727272727272,$2-5,2.2,524196,True,1.49,1.49,1.49,,2.2
"Ghalta, Primal Hunger",1.21,1.79,0.81,47.93388429752067,-33.05785123966942,746.0,live,1.611,26.63140495867769,$1-2,0.78,591184,True,1.49,0.78,0.78,,0.78
"Tam, Mindful First-Year",0.48,0.59,0.15,22.916666666666664,-68.74999999999999,633.0,live,0.531,5.216666666666657,$0-1,0.42,671578,True,1.49,0.2,0.2,,0.42
Swamp (0277),1.4,2.29,0.94,63.57142857142859,-32.857142857142854,1062.0,live,2.061,40.01714285714287,$1-2,,488131,True,1.49,0.69,0.69,,0.94
Clarion Conqueror,2.08,3.49,0.71,67.78846153846155,-65.86538461538461,790.0,live,3.1410000000000005,43.626923076923084,$2-5,,624539,True,1.49,1.16,1.16,,0.71
Fabled Passage,1.48,1.49,1.17,0.6756756756756763,-20.945945945945947,747.0,live,1.341,-13.821621621621627,$1-2,1.83,687665,True,1.49,0.98,0.98,,1.83
"Rikku, Resourceful Guardian",0.36,0.49,0.15,36.11111111111112,-58.333333333333336,671.0,live,0.441,16.51111111111111,$0-1,0.32,631247,True,1.49,0.19,0.19,,0.32
Island (Showcase),1.3,3.49,1.03,168.46153846153848,-20.76923076923077,1441.0,live,3.1410000000000005,129.80307692307693,$1-2,,279831,True,1.49,1.0,1.0,,1.03
"Silver Sable, Mercenary Leader",0.26,0.49,0.15,88.46153846153845,-42.30769230769232,654.0,live,0.441,61.32307692307691,$0-1,0.15,652304,True,1.49,0.02,0.02,,0.15
The Rise of Sozin,1.66,2.29,0.63,37.95180722891568,-62.04819277108433,594.0,live,2.061,18.086746987951813,$1-2,,648697,True,1.49,0.97,0.97,,0.63
Blossoming Defense,0.32,0.49,0.15,53.12499999999999,-53.125,737.0,live,0.441,31.074999999999992,$0-1,0.15,671048,True,1.49,0.1,0.1,,0.15
"Tatyova, Benthic Druid",0.31,0.35,0.15,12.903225806451609,-51.61290322580645,618.0,live,0.315,-3.354838709677426,$0-1,0.15,591196,True,1.49,0.1,0.1,,0.15
Slagstorm,0.38,0.59,0.15,55.26315789473684,-60.526315789473685,920.0,live,0.531,32.90526315789472,$0-1,0.28,589769,True,1.49,0.19,0.19,,0.28
Ornithopter of Paradise,0.7,0.99,0.39,41.42857142857144,-44.28571428571428,835.0,live,0.891,21.062857142857148,$0-1,0.65,240340,True,1.49,0.4,0.4,,0.65
Aftermath Analyst,0.79,1.29,0.76,63.291139240506325,-3.797468354430383,837.0,live,1.161,39.77721518987343,$0-1,0.83,533918,True,1.49,0.66,0.66,,0.83
Mistrise Village (Borderless),10.75,17.99,8.85,67.34883720930232,-17.674418604651166,559.0,live,16.191,43.25060465116277,$10-20,,624276,True,0.0,8.24,8.24,,8.85
Celestial Armor,0.48,1.29,0.15,168.75000000000003,-68.74999999999999,683.0,live,1.161,130.05,$0-1,0.38,591157,True,1.49,0.2,0.2,,0.38
"Massacre Girl, Known Killer",0.79,1.79,0.5700000000000001,126.58227848101264,-27.848101265822777,744.0,live,1.611,93.95443037974684,$0-1,0.63,671152,True,1.49,0.45,0.45,,0.63
Wonder,2.26,3.49,1.87,54.42477876106197,-17.25663716814158,629.0,live,3.1410000000000005,32.187610619469055,$2-5,1.81,239503,True,1.49,1.91,1.91,,1.81
Lightning Bolt,1.38,1.99,1.03,44.20289855072465,-25.3623188405797,948.0,live,1.791,23.437681159420304,$1-2,1.11,267051,True,1.49,1.0,1.0,,1.11
"Thanos, Death's Consort (Borderless)",4.46,4.99,3.5500000000000003,11.883408071748883,-20.40358744394618,560.0,live,4.4910000000000005,-4.227802690582956,$2-5,,699591,True,1.49,1.95,2.41,,3.5500000000000003
Ring of the Lucii,0.32,0.35,0.15,9.374999999999991,-53.125,661.0,live,0.315,-6.375000000000009,$0-1,0.27,634163,True,1.49,0.1,0.1,,0.27
Scorched Geyser (Extended Art),2.48,2.79,1.26,12.500000000000004,-49.193548387096776,589.0,live,2.511,-3.6999999999999935,$2-5,,688214,True,1.49,1.25,1.98,,1.26
Tranquil Landscape,0.26,0.35,0.15,34.615384615384606,-42.30769230769232,994.0,live,0.315,15.230769230769218,$0-1,0.15,553296,True,1.49,0.09,0.09,,0.15
Enthusiastic Mechanaut,0.28,0.69,0.15,146.4285714285714,-46.42857142857144,696.0,live,0.621,110.9428571428571,$0-1,0.31,642816,True,1.49,0.15,0.15,,0.31
Brass Squire,3.32,2.29,0.87,-31.024096385542165,-73.79518072289156,630.0,live,2.061,-40.956626506024094,$2-5,,39067,True,1.49,0.7,0.7,,0.87
Displace,0.38,1.29,0.31,239.4736842105264,-18.42105263157895,643.0,live,1.161,190.58947368421056,$0-1,0.38,120478,True,1.49,0.31,0.31,,0.38
"Valgavoth, Terror Eater",16.54,22.99,15.37,38.99637243047158,-7.0737605804111245,562.0,live,20.691,18.98089480048368,$10-20,14.92,575065,True,0.99,14.0,14.19,,14.92
Eldritch Immunity,7.34,6.49,7.41,-11.58038147138964,0.9536784741144452,585.0,live,5.841,-24.31280653950953,$5-10,7.81,553174,True,3.99,6.77,7.69,,7.81
Panther Habit,3.17,4.99,3.18,57.41324921135648,0.3154574132492186,616.0,live,4.4910000000000005,34.74574132492114,$2-5,4.34,698205,True,1.49,2.62,2.9,,4.34
Avengers Tower,0.2,0.35,0.15,74.99999999999997,-25.000000000000007,1064.0,live,0.315,49.79999999999998,$0-1,0.15,696584,True,1.49,0.09,0.09,,0.15
Solemnity,9.85,11.99,8.75,21.725888324873104,-11.167512690355329,551.0,live,10.791,4.197360406091367,$5-10,10.11,135017,True,0.99,7.97,7.98,,10.11
Dwarven Mine,0.36,0.49,0.16,36.11111111111112,-55.55555555555556,679.0,live,0.441,16.51111111111111,$0-1,0.26,199542,True,1.49,0.15,0.15,,0.26
Path of Ancestry,0.34,0.35,0.15,2.9411764705882213,-55.88235294117647,691.0,live,0.315,-11.882352941176483,$0-1,0.15,631295,True,1.49,0.13,0.13,,0.15
Crashing Footfalls,1.41,1.99,0.58,41.13475177304966,-58.86524822695035,1115.0,live,1.791,20.811347517730507,$1-2,1.28,191075,True,1.49,0.36,0.36,,1.28
Flooded Strand,14.9,22.99,13.65,54.295302013422805,-8.389261744966444,685.0,live,20.691,32.07677852348993,$10-20,15.0,541276,True,0.0,13.51,15.0,,15.0
Whispersilk Cloak,1.62,2.99,1.3,84.5679012345679,-19.75308641975309,984.0,live,2.6910000000000003,57.99012345679011,$1-2,1.43,11597,True,1.49,1.0,1.0,,1.43
"Ojer Taq, Deepest Foundation",29.76,39.99,23.22,34.375,-21.97580645161291,543.0,live,35.991,15.024999999999991,$20-50,,524230,True,0.0,20.81,22.3,,23.22
Nihil Spellbomb,2.55,4.99,2.86,95.68627450980397,12.156862745098042,1062.0,live,4.4910000000000005,67.50745098039216,$2-5,3.15,36518,True,1.49,1.35,1.55,,3.15
Swamp (0276),0.73,1.79,0.2,145.2054794520548,-72.6027397260274,1154.0,live,1.611,109.89589041095893,$0-1,,671054,True,1.49,0.19,0.19,,0.2
Abstergo Entertainment,2.62,4.99,2.07,90.45801526717555,-20.99236641221375,690.0,live,4.4910000000000005,63.03206106870228,$2-5,2.75,555906,True,1.49,1.77,1.77,,2.75
Krang & Shredder,0.32,0.49,0.15,53.12499999999999,-53.125,599.0,live,0.441,31.074999999999992,$0-1,0.23,673640,True,1.49,0.2,0.2,,0.23
"Shredder, Unrelenting (Borderless)",0.36,0.35,0.15,-2.7777777777777803,-58.333333333333336,625.0,live,0.315,-16.77777777777778,$0-1,,679815,True,1.49,0.2,0.2,,0.15
"Toski, Bearer of Secrets",7.44,7.99,7.17,7.392473118279567,-3.629032258064522,641.0,live,7.191000000000001,-8.072043010752697,$5-10,5.64,559947,True,0.0,6.0,6.62,,5.64
Stitcher's Supplier,0.38,0.79,0.15,107.89473684210526,-60.526315789473685,724.0,live,0.7110000000000001,77.95789473684212,$0-1,0.24,631512,True,1.49,0.2,0.2,,0.24
Blade of the Bloodchief,4.36,7.99,3.63,83.25688073394495,-16.743119266055054,887.0,live,7.191000000000001,56.86788990825686,$2-5,3.95,525761,True,1.49,2.15,4.36,,3.95
Midnight Clock,0.34,0.79,0.16,132.35294117647058,-52.94117647058824,960.0,live,0.7110000000000001,98.89411764705883,$0-1,0.32,615178,True,1.49,0.26,0.26,,0.32
Raise the Past,0.55,1.29,0.15,134.54545454545453,-72.72727272727273,749.0,live,1.161,100.77090909090909,$0-1,0.49,591301,True,1.49,0.4,0.4,,0.49
Bonders' Enclave,0.4,1.29,0.36,222.5,-10.000000000000009,840.0,live,1.161,176.06,$0-1,0.39,631250,True,1.49,0.27,0.27,,0.39
Parapet Thrasher,1.31,0.79,1.04,-39.69465648854962,-20.610687022900763,1189.0,live,0.7110000000000001,-48.37862595419848,$1-2,1.28,624922,True,1.49,1.2,1.2,,1.28
"Abigale, Eloquent First-Year",0.38,0.49,0.15,28.947368421052627,-60.526315789473685,715.0,live,0.441,10.378947368421048,$0-1,0.34,670978,True,1.49,0.3,0.3,,0.34
Bountiful Landscape,0.2,0.35,0.15,74.99999999999997,-25.000000000000007,923.0,live,0.315,49.79999999999998,$0-1,0.15,553272,True,1.49,0.1,0.1,,0.15
Woodland Cemetery,0.65,1.49,0.46,129.23076923076923,-29.23076923076924,785.0,live,1.341,96.22153846153844,$0-1,0.5,687585,True,1.49,0.47,0.47,,0.5
No More Lies,0.38,0.79,0.15,107.89473684210526,-60.526315789473685,967.0,live,0.7110000000000001,77.95789473684212,$0-1,0.32,532893,True,1.49,0.2,0.2,,0.32
Skycoach Conductor (Extended Art),0.81,0.49,0.15,-39.50617283950618,-81.48148148148148,620.0,live,0.441,-48.21728395061729,$0-1,,688977,True,1.49,0.59,0.59,,0.15
Your Temple Is Under Attack,0.38,1.79,2.5500000000000003,371.0526315789474,571.0526315789474,930.0,live,1.611,303.2210526315789,$0-1,,273443,True,1.49,0.31,0.31,,2.5500000000000003
"Ares, God of War (Extended Art)",1.15,0.79,0.51,-31.304347826086943,-55.65217391304348,597.0,live,0.7110000000000001,-41.196521739130425,$1-2,,696628,True,1.49,0.75,0.75,,0.51
Dark Deal,1.99,4.99,1.54,150.75376884422113,-22.61306532663316,580.0,live,4.4910000000000005,114.64522613065328,$1-2,2.43,95379,False,1.49,,1.9,12599,2.43
Arbor Adherent,1.62,2.49,1.03,53.70370370370371,-36.41975308641975,820.0,live,2.241,31.57037037037036,$1-2,1.36,624628,True,1.49,1.0,1.55,,1.36
Ponder,2.54,4.99,2.04,96.45669291338584,-19.685039370078737,727.0,live,4.4910000000000005,68.16692913385826,$2-5,1.92,47694,True,1.49,1.47,1.47,,1.92
Lightning Greaves,4.28,6.49,4.23,51.63551401869159,-1.1682242990654164,693.0,live,5.841,29.8,$2-5,4.27,687611,True,1.49,4.13,4.13,,4.27
Sodden Verdure,0.42,0.49,0.38,16.666666666666668,-9.523809523809518,803.0,live,0.441,-0.1333333333333345,$0-1,0.47,687541,True,1.49,0.36,0.36,,0.47
Plains (0191),0.24,0.49,0.15,104.16666666666669,-37.5,1501.0,live,0.441,74.76666666666667,$0-1,,679215,True,1.49,0.05,0.05,,0.15
Consuming Corruption,0.32,0.69,0.15,115.62499999999996,-53.125,661.0,live,0.621,84.57499999999997,$0-1,0.24,552837,True,1.49,0.19,0.19,,0.24
Maelstrom of the Spirit Dragon,2.18,2.29,1.03,5.045871559633022,-52.75229357798166,599.0,live,2.061,-10.080733944954137,$2-5,1.6,623886,True,1.49,0.92,0.92,,1.6
"Ivora, Insatiable Heir (Anime)",0.57,1.79,0.25,214.0350877192983,-56.14035087719298,726.0,live,1.611,168.81403508771933,$0-1,,590536,True,1.49,0.42,0.42,,0.25
Containment Construct,0.35,0.35,0.15,0.0,-57.14285714285714,764.0,live,0.315,-14.400000000000002,$0-1,0.15,687582,True,1.49,0.21,0.21,,0.15
Insidious Fungus,0.54,0.99,0.15,83.33333333333331,-72.22222222222221,674.0,live,0.891,56.93333333333332,$0-1,0.52,576885,True,1.49,0.3,0.3,,0.52
Locust Spray,0.12,0.35,0.15,191.66666666666663,25.0,744.0,live,0.315,149.66666666666666,$0-1,0.2,688881,True,1.49,0.05,0.05,,0.2
Kindred Dominance,3.45,5.99,3.02,73.62318840579711,-12.463768115942033,931.0,live,5.391,48.62144927536231,$2-5,2.92,698010,True,1.49,3.0,3.45,,2.92
Snow-Covered Swamp,0.94,1.29,0.2,37.2340425531915,-78.72340425531915,2045.0,live,1.161,17.472340425531932,$0-1,,190652,True,1.49,0.33,0.33,,0.2
Quick Study,0.25,0.35,0.15,39.99999999999999,-40.0,902.0,live,0.315,19.83999999999999,$0-1,0.15,689462,True,1.49,0.03,0.03,,0.15
"Puppet Master, String Puller",0.75,1.99,0.72,165.33333333333334,-4.000000000000004,901.0,live,1.791,127.12533333333332,$0-1,0.89,698074,True,1.49,0.55,0.55,,0.89
Tireless Provisioner,4.12,3.99,2.03,-3.15533980582524,-50.72815533980584,640.0,live,3.591,-17.1009708737864,$2-5,2.12,240157,False,1.49,,1.86,393710,2.12
Generous Pup,6.46,9.49,5.01,46.90402476780186,-22.445820433436538,616.0,live,8.541,25.7498452012384,$5-10,5.76,589386,True,0.99,3.5,5.0,,5.76
"Betor, Kin to All",6.42,8.99,5.93,40.03115264797509,-7.632398753894084,536.0,live,8.091000000000001,19.866666666666664,$5-10,5.99,623880,True,1.49,4.0,4.0,,5.99
"Kogla, the Titan Ape",3.41,5.49,3.2,60.99706744868036,-6.158357771260996,558.0,live,4.941000000000001,37.81348973607038,$2-5,3.5,212082,True,1.49,1.7,1.96,,3.5
Jetmir's Garden,17.41,21.99,14.71,26.30672027570361,-15.508328546812171,549.0,live,19.791,8.118552556002284,$10-20,,265346,True,0.99,15.0,15.0,,14.71
Forest (0281),0.88,1.49,0.38,69.31818181818181,-56.81818181818182,1112.0,live,1.341,44.93636363636362,$0-1,,488133,True,1.49,0.64,0.64,,0.38
Outrageous Robbery,0.39,0.99,0.21,153.84615384615384,-46.15384615384615,657.0,live,0.891,117.29230769230767,$0-1,0.4,535247,True,1.49,0.34,0.34,,0.4
Rugged Prairie,0.29,0.79,0.17,172.41379310344828,-41.37931034482758,957.0,live,0.7110000000000001,133.18620689655177,$0-1,0.24,631276,True,1.49,0.16,0.16,,0.24
Concealed Courtyard,0.86,1.99,0.7000000000000001,131.3953488372093,-18.604651162790688,793.0,live,1.791,98.07441860465116,$0-1,,122646,True,1.49,0.82,0.82,,0.7000000000000001
Worlds Within Worlds,0.2,0.49,0.15,144.99999999999997,-25.000000000000007,810.0,live,0.441,109.71999999999996,$0-1,0.15,696331,True,1.49,0.1,0.1,,0.15
Forgotten Ancient,0.36,0.79,0.3,119.44444444444446,-16.666666666666664,879.0,live,0.7110000000000001,87.84444444444446,$0-1,0.31,687504,True,1.49,0.34,0.34,,0.31
"Toph, the First Metalbender (Showcase)",3.83,3.49,1.55,-8.877284595300257,-59.53002610966058,541.0,live,3.1410000000000005,-21.998955613577017,$2-5,,648741,True,1.49,1.83,2.48,,1.55
Heroic Feast (Extended Art),0.88,0.99,0.19,12.499999999999998,-78.4090909090909,658.0,live,0.891,-3.700000000000004,$0-1,,697069,True,1.49,0.66,0.66,,0.19
Protection Magic,0.38,0.49,0.15,28.947368421052627,-60.526315789473685,686.0,live,0.441,10.378947368421048,$0-1,0.3,631154,True,1.49,0.28,0.28,,0.3
Samwise Gamgee,2.47,2.79,1.67,12.955465587044529,-32.38866396761134,565.0,live,2.511,-3.3101214574898807,$2-5,1.87,498378,True,1.49,1.63,1.63,,1.87
"Black Cat, Cunning Thief (Borderless)",1.37,1.99,0.48,45.255474452554736,-64.96350364963504,575.0,live,1.791,24.33868613138685,$1-2,,652052,True,1.49,1.0,1.0,,0.48
"Ob Nixilis, the Fallen",1.46,2.49,0.76,70.54794520547946,-47.94520547945205,647.0,live,2.241,45.989041095890414,$1-2,0.95,624430,True,1.49,1.15,1.15,,0.95
"Hulk, Always Angry (Borderless)",2.85,4.49,2.04,57.54385964912281,-28.421052631578945,553.0,live,4.041,34.85754385964913,$2-5,,699614,True,1.49,2.03,2.03,,2.04
Mountain (0295),0.41,0.79,0.26,92.68292682926833,-36.58536585365853,1080.0,live,0.7110000000000001,64.93658536585369,$0-1,,660537,True,1.49,0.1,0.1,,0.26
Castle Garenbrig,8.34,11.99,7.29,43.76498800959233,-12.589928057553957,567.0,live,10.791,23.062829736211025,$5-10,8.29,199288,True,1.31,5.69,5.69,,8.29
Jukai Naturalist,0.74,0.99,0.51,33.78378378378378,-31.08108108108108,643.0,live,0.891,14.518918918918915,$0-1,0.65,262257,True,1.49,0.5,0.5,,0.65
Sol Talisman,0.99,1.49,0.68,50.505050505050505,-31.313131313131308,784.0,live,1.341,28.832323232323223,$0-1,0.93,240266,True,1.49,0.82,0.82,,0.93
Thought Vessel,3.0,2.99,2.5,-0.3333333333333262,-16.666666666666664,616.0,live,2.6910000000000003,-14.685333333333336,$2-5,2.56,631303,True,1.49,2.51,2.51,,2.56
Slagwoods Bridge,0.3,0.39,0.15,30.00000000000001,-50.0,984.0,live,0.35100000000000003,11.280000000000012,$0-1,0.27,239717,True,1.49,0.2,0.2,,0.27
Evolving Wilds,0.26,0.35,0.15,34.615384615384606,-42.30769230769232,849.0,live,0.315,15.230769230769218,$0-1,0.25,591642,True,1.49,0.05,0.05,,0.25
Big Score,0.65,1.49,0.43,129.23076923076923,-33.84615384615385,815.0,live,1.341,96.22153846153844,$0-1,0.71,688726,True,1.49,0.68,0.68,,0.71
Spider-Man 2099,0.61,0.49,0.15,-19.672131147540984,-75.40983606557377,601.0,live,0.441,-31.23934426229508,$0-1,0.18,646166,True,1.49,0.2,0.2,,0.18
Island (0274),0.62,1.49,0.23,140.3225806451613,-62.903225806451616,1115.0,live,1.341,105.71612903225804,$0-1,,488250,True,1.49,0.46,0.46,,0.23
Opera Love Song,0.33,0.35,0.15,6.060606060606049,-54.54545454545456,690.0,live,0.315,-9.212121212121223,$0-1,0.2,634125,True,1.49,0.15,0.15,,0.2
Infernal Grasp,0.33,0.79,0.18,139.3939393939394,-45.45454545454546,948.0,live,0.7110000000000001,104.92121212121212,$0-1,0.25,687424,True,1.49,0.2,0.2,,0.25
Shredder's Technique,0.33,0.35,0.15,6.060606060606049,-54.54545454545456,782.0,live,0.315,-9.212121212121223,$0-1,0.2,679052,True,1.49,0.2,0.2,,0.2
Lunar Convocation,0.93,1.49,0.15,60.21505376344085,-83.87096774193549,654.0,live,1.341,37.14408602150536,$0-1,0.48,559480,True,1.49,0.39,0.39,,0.48
Voltaic Key,3.88,5.99,2.5500000000000003,54.38144329896908,-34.278350515463906,563.0,live,5.391,32.15051546391753,$2-5,2.99,35627,True,1.49,2.5,2.55,,2.99
Restorative Technique,0.21,0.35,0.15,66.66666666666666,-28.57142857142857,1151.0,live,0.315,42.66666666666666,$0-1,0.15,697055,True,1.49,0.05,0.05,,0.15
Bureau Headmaster,5.86,7.49,5.15,27.815699658703068,-12.116040955631398,540.0,live,6.7410000000000005,9.41023890784982,$5-10,5.39,555954,True,1.49,4.38,4.38,,5.39
Starnheim Courser,0.3,0.39,0.15,30.00000000000001,-50.0,699.0,live,0.35100000000000003,11.280000000000012,$0-1,0.22,230933,True,1.49,0.15,0.15,,0.22
Thrakkus the Butcher,0.43,0.99,0.26,130.2325581395349,-39.53488372093023,624.0,live,0.891,97.07906976744188,$0-1,,272791,True,1.49,0.31,0.31,,0.26
Ornithopter of Paradise (Retro Frame),0.44,0.99,0.4,125.0,-9.090909090909086,862.0,live,0.891,92.6,$0-1,,240458,True,1.49,0.32,0.32,,0.4
Vodalian Hexcatcher,6.34,8.49,5.21,33.911671924290225,-17.82334384858044,609.0,live,7.641,14.628391167192426,$5-10,5.27,283479,True,0.5,3.56,5.0,,5.27
Raffine's Tower,13.05,16.99,11.46,30.19157088122603,-12.18390804597701,540.0,live,15.290999999999999,11.443984674329483,$10-20,11.5,265349,True,1.0,11.93,12.0,,11.5
Forest (0283),0.35,1.29,0.15,268.5714285714286,-57.14285714285714,1279.0,live,1.161,215.49714285714293,$0-1,,671072,True,1.49,0.2,0.2,,0.15
Skirge Familiar,0.25,0.79,0.15,216.0,-40.0,623.0,live,0.7110000000000001,170.49600000000004,$0-1,0.45,239843,False,1.49,,0.25,301668,0.45
Grimm Fate - Beast Within (Borderless),1.18,1.99,0.8200000000000001,68.64406779661017,-30.508474576271176,561.0,live,1.791,44.35932203389832,$1-2,,696422,True,1.49,0.68,1.0,,0.8200000000000001
Bastion of Remembrance,0.29,0.69,0.17,137.9310344827586,-41.37931034482758,668.0,live,0.621,103.66896551724136,$0-1,0.28,631230,True,1.49,0.23,0.23,,0.28
Infantry Shield,0.71,1.49,0.45,109.85915492957749,-36.61971830985915,819.0,live,1.341,79.63943661971831,$0-1,0.63,624326,True,1.49,0.62,0.62,,0.63
South Pole Voyager,0.28,0.49,0.15,74.99999999999997,-46.42857142857144,757.0,live,0.441,49.799999999999976,$0-1,0.2,662594,True,1.49,0.05,0.05,,0.2
Lightning Greaves,4.61,6.49,4.11,40.780911062906725,-10.845986984815616,604.0,live,5.841,20.508459869848146,$2-5,4.21,687611,True,1.49,4.13,4.13,,4.21
Nadier's Nightblade,0.31,0.35,0.15,12.903225806451609,-51.61290322580645,743.0,live,0.315,-3.354838709677426,$0-1,0.2,553230,True,1.49,0.1,0.1,,0.2
Path to Exile,7.55,7.99,7.91,5.827814569536429,4.768211920529806,610.0,live,7.191000000000001,-9.411390728476825,$5-10,8.78,687458,True,1.49,1.16,1.16,,8.78
Big Score,0.65,1.49,0.36,129.23076923076923,-44.61538461538462,622.0,live,1.341,96.22153846153844,$0-1,0.54,688726,True,1.49,0.68,0.68,,0.54
"Zanarkand, Ancient Metropolis",0.72,0.79,0.19,9.72222222222223,-73.61111111111111,571.0,live,0.7110000000000001,-6.077777777777765,$0-1,,630874,True,1.49,0.35,0.35,,0.19
"Matzalantli, the Great Door",2.63,4.49,2.29,70.72243346007606,-12.92775665399239,560.0,live,4.041,46.13840304182511,$2-5,,524378,True,1.49,1.75,1.75,,2.29
Archmage Emeritus (Borderless),4.55,4.49,2.81,-1.3186813186813102,-38.24175824175824,539.0,live,4.041,-15.5287912087912,$2-5,,686645,True,1.49,2.75,3.88,,2.81
Wild Ride,0.31,0.35,0.15,12.903225806451609,-51.61290322580645,978.0,live,0.315,-3.354838709677426,$0-1,0.15,625258,True,1.49,0.1,0.1,,0.15
"Captain America, Liberator",2.47,3.99,2.18,61.53846153846153,-11.74089068825911,534.0,live,3.591,38.27692307692308,$2-5,3.01,697122,True,1.49,1.28,1.28,,3.01
Dictate of Erebos,18.33,22.99,16.16,25.422804146208406,-11.838516093835237,549.0,live,20.691,7.361920349154399,$10-20,16.72,82278,True,0.0,11.03,12.0,,16.72
Leech Collector,0.25,0.35,0.15,39.99999999999999,-40.0,871.0,live,0.315,19.83999999999999,$0-1,,689473,True,1.49,0.1,0.1,,0.15
Helping Hand (JP Alternate Art),0.73,0.79,0.34,8.219178082191789,-53.42465753424656,599.0,live,0.7110000000000001,-7.364383561643825,$0-1,,688862,True,1.49,0.57,0.57,,0.34
Inevitable Defeat,0.61,1.29,0.15,111.47540983606558,-75.40983606557377,889.0,live,1.161,81.02295081967216,$0-1,0.19,619636,True,1.49,0.28,0.28,,0.19
Hydra's Growth,1.85,2.29,1.22,23.78378378378378,-34.054054054054056,603.0,live,2.061,5.958918918918913,$1-2,1.56,206943,True,1.49,0.95,0.95,,1.56
Daily Bugle Building,0.28,0.35,0.15,24.999999999999982,-46.42857142857144,757.0,live,0.315,6.999999999999981,$0-1,0.2,651358,True,1.49,0.08,0.08,,0.2
"Marwyn, the Nurturer",4.98,6.49,3.09,30.32128514056224,-37.95180722891567,556.0,live,5.841,11.555020080321274,$2-5,3.47,162234,True,1.49,2.0,2.61,,3.47
Leyline of Transformation,0.59,0.79,0.15,33.89830508474578,-74.57627118644066,658.0,live,0.7110000000000001,14.616949152542388,$0-1,0.51,576493,True,1.49,0.29,0.29,,0.51
"Nev, the Practical Dean",0.33,0.49,0.15,48.48484848484848,-54.54545454545456,704.0,live,0.441,27.10303030303029,$0-1,0.22,687392,True,1.49,0.17,0.17,,0.22
Temple Garden,8.02,10.99,7.55,37.032418952618464,-5.860349127182042,608.0,live,9.891,17.299750623441394,$5-10,7.76,656713,True,1.49,5.49,5.49,,7.76
Mountain (0279),0.56,1.49,0.25,166.07142857142853,-55.35714285714286,1362.0,live,1.341,127.7571428571428,$0-1,,488134,True,1.49,0.3,0.3,,0.25
Herd Baloth,0.3,0.79,0.26,163.33333333333334,-13.333333333333329,652.0,live,0.7110000000000001,125.41333333333336,$0-1,0.38,239852,False,1.49,,0.28,807066,0.38
The Earth Crystal (Borderless),21.69,23.99,18.99,10.60396496081142,-12.448132780083,523.0,live,21.590999999999998,-5.323005993545428,$20-50,,633137,True,0.0,18.17,18.57,,18.99
Perpetual Timepiece,0.26,0.49,0.15,88.46153846153845,-42.30769230769232,660.0,live,0.441,61.32307692307691,$0-1,0.42,687622,True,1.49,0.2,0.2,,0.42
"Loki, Lord of Misrule",58.64,79.99,58.86,36.40859481582536,0.3751705320600254,525.0,live,71.991,16.765757162346524,$50-100,58.99,697204,True,0.99,51.96,51.96,,58.99
Suplex,0.26,0.35,0.15,34.615384615384606,-42.30769230769232,1085.0,live,0.315,15.230769230769218,$0-1,0.15,632694,True,1.49,0.05,0.05,,0.15
Touch the Spirit Realm,0.84,1.29,0.5700000000000001,53.57142857142858,-32.14285714285713,648.0,live,1.161,31.45714285714288,$0-1,1.04,262694,True,1.49,0.45,0.45,,1.04
"Atraxa, Grand Unifier",16.46,22.99,15.63,39.67193195625758,-5.042527339003645,667.0,live,20.691,19.55917375455649,$10-20,16.91,478532,True,0.0,12.95,15.0,,16.91
Marauding Blight-Priest,0.21,0.39,0.15,85.71428571428574,-28.57142857142857,860.0,live,0.35100000000000003,58.97142857142859,$0-1,0.15,591730,True,1.49,0.1,0.1,,0.15
End of the Hunt,0.26,0.35,0.15,34.615384615384606,-42.30769230769232,1036.0,live,0.315,15.230769230769218,$0-1,0.19,688972,True,1.49,0.07,0.07,,0.19
Shroofus Sproutsire (Anime),5.06,8.99,3.79,77.66798418972334,-25.098814229249005,600.0,live,8.091000000000001,52.08379446640316,$5-10,,589390,True,0.0,3.85,5.05,,3.79
Teferi's Ageless Insight,4.89,6.49,3.87,32.71983640081801,-20.858895705521466,536.0,live,5.841,13.60817995910021,$2-5,3.26,215368,True,1.49,2.89,3.16,,3.26
"Bumi, Eclectic Earthbender",8.45,15.99,7.9,89.23076923076924,-6.5088757396449575,527.0,live,14.391,61.98153846153848,$5-10,9.32,649608,True,0.0,6.01,6.9,,9.32
Howlsquad Heavy,3.36,3.99,2.21,18.75000000000001,-34.226190476190474,600.0,live,3.591,1.6500000000000112,$2-5,2.29,615912,True,1.49,1.6,2.0,,2.29
Snort,0.37,0.69,0.15,86.48648648648647,-59.45945945945946,885.0,live,0.621,59.63243243243242,$0-1,0.35,631569,True,1.49,0.19,0.19,,0.35
God-Eternal Oketra,0.76,1.49,0.71,96.05263157894736,-6.5789473684210575,615.0,live,1.341,67.82105263157894,$0-1,0.72,615089,True,1.49,0.56,0.56,,0.72
Frog-Squirrels,0.17,0.49,0.15,188.23529411764704,-11.764705882352953,680.0,live,0.441,146.72941176470584,$0-1,0.34,649597,True,1.49,0.14,0.14,,0.34
Unholy Annex // Ritual Chamber,1.68,2.99,1.75,77.9761904761905,4.166666666666671,706.0,live,2.6910000000000003,52.347619047619055,$1-2,2.12,577669,True,1.49,1.09,1.09,,2.12
Reliquary Tower,4.27,5.49,3.38,28.571428571428587,-20.84309133489461,616.0,live,4.941000000000001,10.05714285714287,$2-5,3.49,687486,True,1.49,3.13,3.88,,3.49
Taurean Mauler,0.59,1.79,0.56,203.3898305084746,-5.08474576271185,883.0,live,1.611,159.70169491525425,$0-1,0.6,591036,True,1.49,0.57,0.57,,0.6
Aang's Iceberg,0.49,0.69,0.15,40.81632653061224,-69.38775510204081,653.0,live,0.621,20.538775510204072,$0-1,0.38,648642,True,1.49,0.25,0.25,,0.38
Barad-dur,1.71,1.99,1.17,16.374269005847957,-31.57894736842105,616.0,live,1.791,-0.3836257309941461,$1-2,,498301,True,1.49,1.1,1.1,,1.17
Hoarding Broodlord,5.55,7.49,4.53,34.954954954954964,-18.37837837837837,529.0,live,6.7410000000000005,15.52144144144144,$5-10,4.59,490572,True,1.49,3.5,3.56,,4.59
Mountain (0278),0.48,0.69,0.27,43.74999999999999,-43.74999999999999,1320.0,live,0.621,23.05,$0-1,,488252,True,1.49,0.25,0.25,,0.27
Rapid Hybridization,1.46,1.99,0.67,36.3013698630137,-54.10958904109589,598.0,live,1.791,16.673972602739735,$1-2,0.67,687432,True,1.49,0.72,0.9,,0.67
Riverchurn Monument,1.74,2.99,0.96,71.83908045977013,-44.82758620689656,640.0,live,2.6910000000000003,47.094252873563214,$1-2,1.7,615370,True,1.49,1.45,1.45,,1.7
Naktamun Lorespinner (Extended Art),2.33,2.49,1.75,6.866952789699576,-24.892703862660948,578.0,live,2.241,-8.52188841201717,$2-5,,688232,True,1.49,1.49,1.49,,1.75
Mountain (0275),0.32,0.79,0.15,146.875,-53.125,1852.0,live,0.7110000000000001,111.325,$0-1,,529996,True,1.49,0.2,0.2,,0.15
Practiced Scrollsmith,0.19,0.35,0.15,84.21052631578945,-21.052631578947373,931.0,live,0.315,57.68421052631577,$0-1,0.15,688673,True,1.49,0.05,0.05,,0.15
Command Tower,0.28,0.69,0.23,146.4285714285714,-17.85714285714286,1381.0,live,0.621,110.9428571428571,$0-1,0.25,687664,True,1.49,0.3,0.3,,0.25
"Hashaton, Scarab's Fist (Borderless)",0.84,2.49,0.73,196.42857142857147,-13.095238095238091,768.0,live,2.241,153.74285714285716,$0-1,,614335,True,1.49,0.33,0.33,,0.73
Wear // Tear,1.23,2.49,0.84,102.43902439024392,-31.70731707317073,785.0,live,2.241,73.28780487804877,$1-2,,67878,False,1.49,,0.94,689456,0.84
Bountiful Promenade,6.76,9.99,6.68,47.7810650887574,-1.1834319526627228,800.0,live,8.991,26.50059171597633,$5-10,7.02,698225,True,3.99,5.05,5.05,,7.02
Nature's Lore,2.18,4.49,2.25,105.96330275229356,3.21100917431192,873.0,live,4.041,76.3045871559633,$2-5,2.29,687543,True,1.49,2.3,2.55,,2.29
Dispel,0.33,0.39,0.2,18.18181818181818,-39.39393939393939,885.0,live,0.35100000000000003,1.163636363636367,$0-1,0.35,105594,True,1.49,0.22,0.22,,0.35
Parallel Lives (Borderless),28.65,42.99,28.96,50.052356020942426,1.082024432809781,527.0,live,38.691,28.444816753926723,$20-50,,652041,True,0.99,25.0,25.73,,28.96
"Captain Mar-Vell, Space-Born",0.22,0.35,0.15,59.09090909090908,-31.818181818181824,727.0,live,0.315,36.18181818181817,$0-1,0.15,696470,True,1.49,0.06,0.06,,0.15
Plains (0287),0.51,0.99,0.25,94.11764705882352,-50.98039215686274,1520.0,live,0.891,66.16470588235293,$0-1,,648725,True,1.49,0.2,0.2,,0.25
Monk Gyatso,7.54,10.99,5.07,45.75596816976128,-32.758620689655174,541.0,live,9.891,24.767108753315643,$5-10,4.93,662354,True,0.0,5.0,6.75,,4.93
Scavenger's Talent,0.81,1.29,0.29,59.25925925925925,-64.19753086419753,620.0,live,1.161,36.32592592592593,$0-1,0.7,559652,True,1.49,0.46,0.46,,0.7
Arasta of the Endless Web,0.36,0.59,0.26,63.888888888888886,-27.77777777777777,627.0,live,0.531,40.28888888888888,$0-1,0.34,559941,True,1.49,0.34,0.34,,0.34
Frostboil Snarl,0.36,0.49,0.15,36.11111111111112,-58.333333333333336,818.0,live,0.441,16.51111111111111,$0-1,0.16,687682,True,1.49,0.15,0.15,,0.16
Patriar's Seal,4.88,7.49,4.5200000000000005,53.48360655737706,-7.377049180327858,537.0,live,6.7410000000000005,31.381967213114752,$2-5,5.18,273195,True,1.49,3.34,3.66,,5.18
Northern Air Temple,0.26,0.35,0.15,34.615384615384606,-42.30769230769232,635.0,live,0.315,15.230769230769218,$0-1,0.15,660709,True,1.49,0.1,0.1,,0.15
"Spider-Man, New Champion",2.59,4.99,2.44,92.66409266409268,-5.791505791505788,540.0,live,4.4910000000000005,64.92046332046334,$2-5,2.9,697330,True,1.49,1.21,1.21,,2.9
Force of Despair,7.89,12.99,7.91,64.63878326996199,0.2534854245880921,670.0,live,11.691,40.93079847908745,$5-10,8.29,190880,False,0.0,,7.91,38050,8.29
Moment's Peace,4.16,6.99,4.16,68.02884615384616,0.0,880.0,live,6.291,43.8326923076923,$2-5,4.37,9526,False,1.49,,2.46,569239,4.37
Winternight Stories,1.41,2.29,0.6900000000000001,62.41134751773051,-51.06382978723404,734.0,live,2.061,39.02411347517732,$1-2,1.89,624067,True,1.49,1.0,1.0,,1.89
Idol of Oblivion,2.03,2.79,1.86,37.43842364532021,-8.374384236453189,792.0,live,2.511,17.647290640394107,$2-5,2.49,560060,True,1.49,1.73,1.73,,2.49
Sunscorched Divide,0.31,0.59,0.15,90.32258064516128,-51.61290322580645,710.0,live,0.531,62.91612903225804,$0-1,0.19,631286,True,1.49,0.1,0.1,,0.19
Cankerbloom (Showcase),0.31,0.79,0.15,154.83870967741936,-51.61290322580645,656.0,live,0.7110000000000001,118.141935483871,$0-1,,479039,True,1.49,0.2,0.2,,0.15
Crop Rotation,3.98,5.49,3.08,37.93969849246231,-22.61306532663316,715.0,live,4.941000000000001,18.07638190954773,$2-5,3.67,688886,True,1.49,2.99,2.99,,3.67
Agent Venom,0.48,0.69,0.2,43.74999999999999,-58.33333333333333,603.0,live,0.621,23.05,$0-1,0.25,651382,True,1.49,0.24,0.24,,0.25
Negate,1.12,1.79,0.59,59.82142857142856,-47.32142857142858,652.0,live,1.611,36.80714285714285,$1-2,,679073,True,1.49,0.1,0.1,,0.59
Imprisoned in the Moon,0.28,0.69,0.15,146.4285714285714,-46.42857142857144,683.0,live,0.621,110.9428571428571,$0-1,0.19,591170,True,1.49,0.13,0.13,,0.19
Hinterland Sanctifier,0.33,0.35,0.15,6.060606060606049,-54.54545454545456,990.0,live,0.315,-9.212121212121223,$0-1,0.27,591740,True,1.49,0.15,0.15,,0.27
Trespasser's Curse,0.38,0.35,0.26,-7.89473684210527,-31.57894736842105,787.0,live,0.315,-21.15789473684212,$0-1,0.4,130292,True,1.49,0.25,0.25,,0.4
Displacer Kitten,31.35,34.99,28.46,11.610845295055825,-9.218500797448169,533.0,live,31.491000000000003,-4.461116427432216,$20-50,27.6,272901,True,0.0,27.0,27.3,,27.6
Glistener Elf,1.13,1.29,0.51,14.159292035398243,-54.86725663716814,803.0,live,1.161,-2.279646017699096,$1-2,,39523,True,1.49,0.4,0.4,,0.51
True Ancestry,0.25,0.35,0.15,39.99999999999999,-40.0,636.0,live,0.315,19.83999999999999,$0-1,0.15,660746,True,1.49,0.1,0.1,,0.15
Bastion Protector,0.36,0.49,0.19,36.11111111111112,-47.22222222222222,737.0,live,0.441,16.51111111111111,$0-1,0.27,631125,True,1.49,0.2,0.2,,0.27
Demonic Consultation,8.06,9.49,5.14,17.741935483870964,-36.22828784119108,545.0,live,8.541,0.7870967741935476,$5-10,5.14,4644,False,0.0,,5.37,13951,5.14
Seraph Sanctuary,1.17,0.99,0.39,-15.38461538461538,-66.66666666666666,642.0,live,0.891,-27.569230769230767,$1-2,,58997,True,1.49,0.54,0.54,,0.39
Magmablood Archaic,0.19,0.49,0.15,157.89473684210526,-21.052631578947373,974.0,live,0.441,120.75789473684208,$0-1,0.15,688952,True,1.49,0.01,0.01,,0.15
Dragonskull Summit,0.48,1.29,0.44,168.75000000000003,-8.33333333333333,999.0,live,1.161,130.05,$0-1,0.49,631583,True,1.49,0.4,0.4,,0.49
Swiftfoot Boots (Showcase),2.49,4.49,2.4,80.32128514056224,-3.614457831325313,593.0,live,4.041,54.35502008032128,$2-5,,662395,True,1.49,2.0,2.29,,2.4
Swan Song,12.96,17.99,9.37,38.81172839506171,-27.700617283950628,537.0,live,16.191,18.82283950617282,$10-20,9.21,642791,True,0.99,7.81,7.81,,9.21
Prowler's Helm,0.71,1.49,0.52,109.85915492957749,-26.76056338028168,619.0,live,1.341,79.63943661971831,$0-1,,71411,True,1.49,0.46,0.46,,0.52
Crypt of Agadeem,2.89,3.99,2.47,38.062283737024224,-14.532871972318336,943.0,live,3.591,18.18131487889274,$2-5,2.44,624452,True,1.49,1.5,2.5,,2.44
"Codsworth, Handy Helper",25.19,34.99,21.88,38.9043271139341,-13.14013497419612,524.0,live,31.491000000000003,18.90210400952759,$20-50,24.77,539629,True,0.99,20.0,23.0,,24.77
"Big Apple, 3 a.m.",0.37,0.69,0.15,86.48648648648647,-59.45945945945946,922.0,live,0.621,59.63243243243242,$0-1,0.34,679613,True,1.49,0.2,0.2,,0.34
Thrilling Discovery,0.25,0.79,0.15,216.0,-40.0,979.0,live,0.7110000000000001,170.49600000000004,$0-1,0.3,235595,True,1.49,0.16,0.16,,0.3
Aetherize,0.37,0.99,0.26,167.56756756756758,-29.729729729729726,609.0,live,0.891,129.03783783783786,$0-1,0.3,591162,True,1.49,0.24,0.24,,0.3
Consuming Aberration,0.32,0.49,0.15,53.12499999999999,-53.125,733.0,live,0.441,31.074999999999992,$0-1,0.15,590868,True,1.49,0.18,0.18,,0.15
Dramatic Reversal,0.48,0.99,0.23,106.25,-52.08333333333333,677.0,live,0.891,76.55,$0-1,0.44,123110,True,1.49,0.44,0.44,,0.44
"Spider-Ham, Peter Porker (Borderless)",1.21,1.49,0.72,23.1404958677686,-40.49586776859504,550.0,live,1.341,5.408264462809913,$1-2,,646586,True,1.49,0.6,0.6,,0.72
Inspired Tinkering,1.59,2.29,1.49,44.0251572327044,-6.289308176100635,645.0,live,2.061,23.285534591194963,$1-2,,273323,True,1.49,0.45,1.15,,1.49
Multiversal Incursion (Borderless),2.21,3.99,1.35,80.54298642533938,-38.914027149321264,549.0,live,3.591,54.54479638009051,$2-5,,696280,True,1.49,1.0,1.29,,1.35
Concerted Effort (Borderless),1.22,0.99,0.68,-18.852459016393443,-44.26229508196721,565.0,live,0.891,-30.537704918032787,$1-2,,696407,True,1.49,0.6,0.6,,0.68
Sky Diamond,0.38,0.69,0.2,81.57894736842104,-47.368421052631575,666.0,live,0.621,55.43157894736841,$0-1,0.21,226684,True,1.49,0.23,0.23,,0.21
Rumble Arena,0.3,0.35,0.15,16.666666666666664,-50.0,713.0,live,0.315,-0.1333333333333371,$0-1,0.15,662614,True,1.49,0.1,0.1,,0.15
Moonlit Meditation,0.39,0.59,0.15,51.28205128205126,-61.53846153846154,659.0,live,0.531,29.497435897435874,$0-1,0.38,643884,True,1.49,0.25,0.25,,0.38
Visions of Brutality,0.43,0.69,0.15,60.46511627906976,-65.11627906976744,659.0,live,0.621,37.35813953488371,$0-1,,111091,True,1.49,0.28,0.28,,0.15
Nature's Lore,3.05,3.99,2.8000000000000003,30.81967213114756,-8.196721311475395,552.0,live,3.591,11.98163934426231,$2-5,2.72,687543,True,1.49,2.3,2.55,,2.72
Emerald Charm,0.1,0.35,0.15,250.0,50.0,329.0,WIP,0.315,199.6,$0-1,0.19,457587,True,1.49,0.07,0.07,,0.19
Flashfreeze,0.12,0.39,0.15,225.0,25.0,412.0,WIP,0.35100000000000003,178.20000000000002,$0-1,0.2,35612,True,1.49,0.06,0.06,,0.2
Deathmark,0.12,0.3500399999999999,0.15,191.7,25.0,144.0,WIP,0.3150359999999999,149.69519999999997,$0-1,0.15,47698,True,1.49,0.05,0.05,,0.15
Dimir House Guard,0.12,0.3500399999999999,0.15,191.7,25.0,188.0,WIP,0.3150359999999999,149.69519999999997,$0-1,0.25,531152,True,1.49,0.07,0.07,,0.25
Duress,0.13,0.34996,0.15002,169.2,15.4,594.0,WIP,0.314964,130.4352,$0-1,0.4,96554,True,1.49,0.03,0.03,,0.4
Sudden Shock,0.14,0.35,0.14994,150.0,7.1,84.0,WIP,0.315,113.99999999999996,$0-1,0.15,68394,True,1.49,0.11,0.11,,0.15
Skycrash,0.15,0.34995,0.15,133.3,0.0,124.0,WIP,0.314955,99.70479999999998,$0-1,0.15,616098,True,1.49,0.03,0.03,,0.15
"Tetsuko Umezawa, Fugitive",0.15,0.34995,0.15,133.3,0.0,261.0,WIP,0.314955,99.70479999999998,$0-1,0.15,507460,True,1.49,0.07,0.07,,0.15
Three Tree Mascot,0.15,0.34995,0.15,133.3,0.0,598.0,WIP,0.314955,99.70479999999998,$0-1,0.16,591087,True,1.49,0.1,0.1,,0.16
Crumbling Vestige,0.16,0.34992,0.14992,118.7,-6.3,402.0,WIP,0.31492800000000004,87.2072,$0-1,0.15,110689,True,1.49,0.1,0.1,,0.15
Wingcrafter,0.16,0.34992,0.14992,118.7,-6.3,143.0,WIP,0.31492800000000004,87.2072,$0-1,0.25,128935,True,1.49,0.1,0.1,,0.25
Flywheel Racer,0.16,0.34992,0.14992,118.7,-6.3,155.0,WIP,0.31492800000000004,87.2072,$0-1,0.15,491763,True,1.49,0.07,0.07,,0.15
Dragonfly Swarm,0.17,0.35003,0.14994,105.9,-11.8,226.0,WIP,0.315027,76.2504,$0-1,0.19,660591,True,1.49,0.09,0.09,,0.19
We Say Thee Nay!,0.17,0.35003,0.14994,105.9,-11.8,804.0,WIP,0.315027,76.2504,$0-1,0.15,696992,True,1.49,0.05,0.05,,0.15
"Rishkar, Peema Renegade",0.18,0.59004,0.16992,227.8,-5.6,309.0,WIP,0.5310360000000001,180.59680000000003,$0-1,0.24,503606,True,1.49,0.19,0.19,,0.24
Mardu Devotee,0.18,0.3499199999999999,0.14994,94.4,-16.7,265.0,WIP,0.31492799999999993,66.40639999999995,$0-1,0.15,624397,True,1.49,0.03,0.03,,0.15
Mishra's Factory,0.19,0.34998,0.14991,84.2,-21.1,354.0,WIP,0.31498200000000004,57.67519999999999,$0-1,0.21,1849,True,1.49,3.7,3.7,,0.21
Claim the Firstborn,0.19,0.34998,0.14991,84.2,-21.1,344.0,WIP,0.31498200000000004,57.67519999999999,$0-1,0.19,198858,True,1.49,0.07,0.07,,0.19
"Oroku Saki, Shredder Rising",0.2,0.35,0.15,75.0,-25.0,603.0,WIP,0.315,49.79999999999998,$0-1,0.15,680272,True,1.49,0.04,0.04,,0.15
Dispelling Exhale,0.2,0.35,0.15,75.0,-25.0,224.0,WIP,0.315,49.79999999999998,$0-1,0.2,625012,True,1.49,0.01,0.01,,0.2
Town Greeter,0.2,0.35,0.15,75.0,-25.0,513.0,WIP,0.315,49.79999999999998,$0-1,0.15,631606,True,1.49,0.04,0.04,,0.15
Skirmish Rhino,0.2,0.35,0.15,75.0,-25.0,115.0,WIP,0.315,49.79999999999998,$0-1,0.15,619639,True,1.49,0.01,0.01,,0.15
Essence Scatter,0.2,0.35,0.15,75.0,-25.0,594.0,WIP,0.315,49.79999999999998,$0-1,0.15,69148,True,1.49,0.03,0.03,,0.15
Barkform Harvester,0.2,0.35,0.15,75.0,-25.0,639.0,WIP,0.315,49.79999999999998,$0-1,0.2,558679,True,1.49,0.05,0.05,,0.2
Flamebraider,0.21,0.35007,0.14994,66.7,-28.6,382.0,WIP,0.315063,42.69519999999999,$0-1,0.15,671176,True,1.49,0.01,0.01,,0.15
Divert Disaster,0.21,0.35007,0.14994,66.7,-28.6,255.0,WIP,0.315063,42.69519999999999,$0-1,0.17,644579,True,1.49,0.02,0.02,,0.17
Mogg Salvage,0.21,0.35007,0.14994,66.7,-28.6,319.0,WIP,0.315063,42.69519999999999,$0-1,0.19,239750,True,1.49,0.07,0.07,,0.19
"Dargo, the Shipwrecker",0.21,0.35007,0.14994,66.7,-28.6,169.0,WIP,0.315063,42.69519999999999,$0-1,0.24,226644,True,1.49,0.1,0.1,,0.24
Unstable Amulet,0.22,0.35002,0.1500399999999999,59.1,-31.8,362.0,WIP,0.315018,36.189600000000006,$0-1,0.24,552637,True,1.49,0.03,0.03,,0.24
Shao Jun,0.22,0.35002,0.1500399999999999,59.1,-31.8,115.0,WIP,0.315018,36.189600000000006,$0-1,0.15,556335,True,1.49,0.06,0.06,,0.15
Dust Animus,0.22,0.4899400000000001,0.1500399999999999,122.7,-31.8,88.0,WIP,0.4409460000000001,90.63120000000004,$0-1,0.2,544725,True,1.49,0.1,0.1,,0.2
Glamer Gifter,0.22,0.35002,0.1500399999999999,59.1,-31.8,279.0,WIP,0.315018,36.189600000000006,$0-1,0.15,671468,True,1.49,0.1,0.1,,0.15
Raven Eagle,0.22,0.4899400000000001,0.1500399999999999,122.7,-31.8,389.0,WIP,0.4409460000000001,90.63120000000004,$0-1,0.15,662081,True,1.49,0.1,0.1,,0.15
Pyrrhic Strike,0.23,0.35006,0.14996,52.2,-34.8,381.0,WIP,0.315054,30.283199999999983,$0-1,0.15,671463,True,1.49,0.01,0.01,,0.15
Broodspinner,0.23,0.35006,0.14996,52.2,-34.8,239.0,WIP,0.315054,30.283199999999983,$0-1,0.23,578347,True,1.49,0.05,0.05,,0.23
Vile Entomber,0.23,0.79005,0.14996,243.5,-34.8,480.0,WIP,0.711045,194.036,$0-1,0.24,591019,True,1.49,0.15,0.15,,0.24
Swallowed by Leviathan,0.23,0.35006,0.14996,52.2,-34.8,546.0,WIP,0.315054,30.283199999999983,$0-1,0.16,634191,True,1.49,0.05,0.05,,0.16
Holdout Settlement,0.23,0.39008,0.14996,69.6,-34.8,501.0,WIP,0.351072,45.17759999999997,$0-1,0.35,111039,True,1.49,0.15,0.15,,0.35
Wild Cantor,0.24,0.3499199999999999,0.15,45.8,-37.5,344.0,WIP,0.31492799999999993,24.80479999999996,$0-1,0.25,531170,True,1.49,0.1,0.1,,0.25
Heartless Act,0.24,0.3499199999999999,0.15,45.8,-37.5,351.0,WIP,0.31492799999999993,24.80479999999996,$0-1,0.15,212369,True,1.49,0.04,0.04,,0.15
Feed the Cycle,0.24,0.3499199999999999,0.15,45.8,-37.5,345.0,WIP,0.31492799999999993,24.80479999999996,$0-1,0.15,559509,True,1.49,0.09,0.09,,0.15
Combustion Technique,0.24,0.3499199999999999,0.15,45.8,-37.5,610.0,WIP,0.31492799999999993,24.80479999999996,$0-1,0.19,662106,True,1.49,0.17,0.17,,0.19
Dwarven Scorcher,0.24,0.39,0.27,62.5,12.5,173.0,WIP,0.35100000000000003,39.100000000000016,$0-1,0.33,10246,True,1.49,0.2,0.2,,0.33
Secret Identity,0.24,0.4900799999999999,0.15,104.2,-37.5,987.0,WIP,0.4410719999999999,74.79519999999997,$0-1,0.19,652302,True,1.49,0.1,0.1,,0.19
Iron-Shield Elf,0.25,0.35,0.15,40.0,-40.0,618.0,WIP,0.315,19.83999999999999,$0-1,0.21,670979,True,1.49,0.01,0.01,,0.21
Twinshot Sniper,0.25,0.35,0.15,40.0,-40.0,274.0,WIP,0.315,19.83999999999999,$0-1,0.26,262155,True,1.49,0.09,0.09,,0.26
Drift of Phantasms,0.25,0.69,0.25,176.0,0.0,713.0,WIP,0.621,136.25599999999997,$0-1,0.33,531162,True,1.49,0.1,0.1,,0.33
Skyclave Apparition,0.25,0.49,0.15,96.0,-40.0,480.0,WIP,0.441,67.776,$0-1,0.19,687530,True,1.49,0.15,0.15,,0.19
Wall of Roots,0.26,0.4901,0.15002,88.5,-42.3,466.0,WIP,0.44109,61.356,$0-1,0.15,583322,True,1.49,0.19,0.19,,0.15
Wild Slash,0.26,0.34996,0.15002,34.6,-42.3,105.0,WIP,0.314964,15.2176,$0-1,0.15,251639,True,1.49,0.07,0.07,,0.15
Reap and Sow,0.26,0.34996,0.26,34.6,0.0,157.0,WIP,0.314964,15.2176,$0-1,0.25,11691,True,1.49,0.15,0.15,,0.25
Stalactite Dagger,0.26,0.34996,0.15002,34.6,-42.3,473.0,WIP,0.314964,15.2176,$0-1,0.15,672032,True,1.49,0.05,0.05,,0.15
"Malcolm, Keen-Eyed Navigator",0.26,0.39,0.15002,50.0,-42.3,243.0,WIP,0.35100000000000003,28.4,$0-1,0.34,525759,True,1.49,0.12,0.12,,0.34
White Lotus Hideout,0.26,0.34996,0.15002,34.6,-42.3,498.0,WIP,0.314964,15.2176,$0-1,0.15,660742,True,1.49,0.1,0.1,,0.15
Axgard Cavalry,0.26,0.34996,0.15002,34.6,-42.3,173.0,WIP,0.314964,15.2176,$0-1,0.15,582920,True,1.49,0.05,0.05,,0.15
Scavenging Ooze,0.27,0.49005,0.15012,81.5,-44.4,301.0,WIP,0.441045,55.36399999999999,$0-1,0.28,269444,True,1.49,0.15,0.15,,0.28
Dwarven Grunt,0.27,0.38988,0.27999,44.4,3.7,225.0,WIP,0.35089200000000004,23.60639999999998,$0-1,0.4,9460,True,1.49,0.22,0.22,,0.4
Liberated Dwarf,0.27,0.34992,0.26001,29.6,-3.7,156.0,WIP,0.31492800000000004,10.93759999999999,$0-1,0.33,10255,True,1.49,0.2,0.2,,0.33
Plundering Barbarian,0.27,0.38988,0.15012,44.4,-44.4,324.0,WIP,0.35089200000000004,23.60639999999998,$0-1,0.25,583403,True,1.49,0.17,0.17,,0.25
Barbarian Ring,0.27,0.49005,0.15012,81.5,-44.4,777.0,WIP,0.441045,55.36399999999999,$0-1,0.19,552632,True,1.49,0.1,0.1,,0.19
Strangleroot Geist,0.27,0.34992,0.15012,29.6,-44.4,160.0,WIP,0.31492800000000004,10.93759999999999,$0-1,0.22,57606,True,1.49,0.1,0.1,,0.22
Bounce Off,0.27,0.34992,0.15012,29.6,-44.4,668.0,WIP,0.31492800000000004,10.93759999999999,$0-1,0.24,615614,True,1.49,0.07,0.07,,0.24
Ancient Vendetta,0.27,0.38988,0.15012,44.4,-44.4,381.0,WIP,0.35089200000000004,23.60639999999998,$0-1,0.19,616077,True,1.49,0.05,0.05,,0.19
Lost in the Maze,0.27,0.49005,0.15012,81.5,-44.4,358.0,WIP,0.441045,55.36399999999999,$0-1,0.28,534063,True,1.49,0.19,0.19,,0.28
Trickery Charm,0.28,0.5899600000000002,0.26012,110.7,-7.1,183.0,WIP,0.5309640000000001,80.35920000000002,$0-1,0.35,10326,True,1.49,0.18,0.18,,0.35
Snakeskin Veil,0.28,0.39004,0.15008,39.3,-46.4,689.0,WIP,0.351036,19.240799999999982,$0-1,0.16,230183,True,1.49,0.06,0.06,,0.16
Pyroclasm,0.28,0.35,0.15008,25.0,-46.4,472.0,WIP,0.315,6.999999999999981,$0-1,0.2,32701,True,1.49,0.15,0.15,,0.2
"Felothar, Dawn of the Abzan",0.28,0.49,0.15008,75.0,-46.4,184.0,WIP,0.441,49.799999999999976,$0-1,0.21,625748,True,1.49,0.17,0.17,,0.21
Gumdrop Poisoner,0.28,0.49,0.15008,75.0,-46.4,126.0,WIP,0.441,49.799999999999976,$0-1,,513877,True,1.49,0.15,0.15,,0.15008
"Zhao, the Moon Slayer",0.29,0.4900999999999999,0.14993,69.0,-48.3,414.0,WIP,0.4410899999999999,44.664,$0-1,0.23,662573,True,1.49,0.15,0.15,,0.23
Kishla Village,0.29,0.4900999999999999,0.14993,69.0,-48.3,172.0,WIP,0.4410899999999999,44.664,$0-1,0.28,624266,True,1.49,0.15,0.15,,0.28
Sear,0.29,0.35003,0.14993,20.7,-48.3,677.0,WIP,0.315027,3.319200000000009,$0-1,0.27,671007,True,1.49,0.09,0.09,,0.27
Full Bore,0.29,0.35003,0.14993,20.7,-48.3,512.0,WIP,0.315027,3.319200000000009,$0-1,0.15,643890,True,1.49,0.07,0.07,,0.15
Tax Collector,0.29,0.5898599999999999,0.14993,103.4,-48.3,556.0,WIP,0.530874,74.1104,$0-1,0.3,556306,True,1.49,0.1,0.1,,0.3
Rakshasa's Bargain,0.29,0.35003,0.14993,20.7,-48.3,227.0,WIP,0.315027,3.319200000000009,$0-1,0.16,623890,True,1.49,0.05,0.05,,0.16
Lightning Helix,0.3,0.3501,0.15,16.7,-50.0,566.0,WIP,0.31509000000000004,-0.1047999999999974,$0-1,0.26,530849,True,1.49,0.12,0.12,,0.26
Bloodfire Dwarf,0.3,0.39,0.2498999999999999,30.0,-16.7,218.0,WIP,0.35100000000000003,11.280000000000012,$0-1,0.35,7914,True,1.49,0.19,0.19,,0.35
Tavern Scoundrel,0.3,0.3501,0.15,16.7,-50.0,488.0,WIP,0.31509000000000004,-0.1047999999999974,$0-1,0.22,240341,True,1.49,0.08,0.08,,0.22
Stingerback Terror,0.3,0.4899,0.15,63.3,-50.0,129.0,WIP,0.44091,39.78480000000001,$0-1,0.16,544511,True,1.49,0.1,0.1,,0.16
Dredger's Insight,0.3,0.99,0.15,230.0,-50.0,501.0,WIP,0.891,182.48,$0-1,0.39,615239,True,1.49,0.2,0.2,,0.39
Reckless Handling,0.3,0.5901,0.15,96.7,-50.0,443.0,WIP,0.53109,68.37519999999999,$0-1,0.28,495617,True,1.49,0.2,0.2,,0.28
Mirage Mirror,0.31,0.49011,0.15004,58.1,-51.6,794.0,WIP,0.441099,35.3336,$0-1,0.2,697574,True,1.49,0.23,0.23,,0.2
Phyrexian Revoker,0.31,0.49011,0.24986,58.1,-19.4,112.0,WIP,0.441099,35.3336,$0-1,0.37,91089,True,1.49,0.19,0.19,,0.37
Young Wolf,0.31,0.34999,0.15004,12.9,-51.6,181.0,WIP,0.314991,-3.357600000000004,$0-1,0.33,57853,True,1.49,0.05,0.05,,0.33
Annul,0.31,0.34999,0.15004,12.9,-51.6,667.0,WIP,0.314991,-3.357600000000004,$0-1,0.2,71315,True,1.49,0.1,0.1,,0.2
Promising Vein,0.31,0.34999,0.15004,12.9,-51.6,490.0,WIP,0.314991,-3.357600000000004,$0-1,0.15,526395,True,1.49,0.1,0.1,,0.15
Zoyowa's Justice,0.31,0.34999,0.15004,12.9,-51.6,377.0,WIP,0.314991,-3.357600000000004,$0-1,0.3,525289,True,1.49,0.1,0.1,,0.3
Hidden Strings,0.31,0.58993,0.27001,90.3,-12.9,631.0,WIP,0.530937,62.89679999999999,$0-1,0.37,67963,True,1.49,0.23,0.23,,0.37
Meltstrider's Resolve,0.31,0.38998,0.15004,25.8,-51.6,722.0,WIP,0.350982,7.684799999999997,$0-1,0.19,644628,True,1.49,0.1,0.1,,0.19
Subterranean Schooner,0.31,0.49011,0.15004,58.1,-51.6,163.0,WIP,0.441099,35.3336,$0-1,0.19,526868,True,1.49,0.15,0.15,,0.19
Transmogrify,0.31,0.49011,0.16988,58.1,-45.2,79.0,WIP,0.441099,35.3336,$0-1,0.36,215571,True,1.49,0.2,0.2,,0.36
Divergent Transformations,0.31,0.69006,0.31992,122.6,3.2,116.0,WIP,0.621054,90.5456,$0-1,,124455,True,1.49,0.24,0.24,,0.31992
Anointed Peacekeeper,0.32,0.4899200000000001,0.15008,53.1,-53.1,159.0,WIP,0.4409280000000001,31.053600000000014,$0-1,0.4,283402,True,1.49,0.15,0.15,,0.4
Shock,0.32,0.35008,0.15008,9.4,-53.1,290.0,WIP,0.315072,-6.353599999999997,$0-1,0.16,47249,True,1.49,0.03,0.03,,0.16
Enslaved Dwarf,0.32,0.35008,0.3401599999999999,9.4,6.3,175.0,WIP,0.315072,-6.353599999999997,$0-1,0.37,9694,True,1.49,0.16,0.16,,0.37
"Smellerbee, Rebel Fighter",0.32,0.6899199999999999,0.2,115.6,-37.5,450.0,WIP,0.6209279999999999,84.55359999999996,$0-1,0.26,662367,True,1.49,0.25,0.25,,0.26
Loyal Apprentice,0.32,0.4899200000000001,0.19008,53.1,-40.6,420.0,WIP,0.4409280000000001,31.053600000000014,$0-1,0.47,507155,True,1.49,0.17,0.17,,0.47
"Chainer, Dementia Master",0.32,0.4899200000000001,0.15008,53.1,-53.1,80.0,WIP,0.4409280000000001,31.053600000000014,$0-1,0.3,503401,True,1.49,0.12,0.12,,0.3
Confounding Conundrum,0.32,0.4899200000000001,0.15008,53.1,-53.1,231.0,WIP,0.4409280000000001,31.053600000000014,$0-1,0.27,221854,True,1.49,0.11,0.11,,0.27
March of Wretched Sorrow,0.33,0.49005,0.15015,48.5,-54.5,247.0,WIP,0.441045,27.11599999999999,$0-1,0.39,262443,True,1.49,0.18,0.18,,0.39
Retraction Helix,0.33,0.35013,0.15015,6.1,-54.5,551.0,WIP,0.315117,-9.178400000000014,$0-1,0.2,79146,True,1.49,0.1,0.1,,0.2
Cancel,0.33,0.35013,0.15015,6.1,-54.5,82.0,WIP,0.315117,-9.178400000000014,$0-1,0.2,27629,True,1.49,0.05,0.05,,0.2
Soul-Guide Lantern,0.33,0.35013,0.15015,6.1,-54.5,408.0,WIP,0.315117,-9.178400000000014,$0-1,0.4,589366,True,1.49,0.13,0.13,,0.4
"Vaan, Street Thief",0.33,0.49005,0.15015,48.5,-54.5,362.0,WIP,0.441045,27.11599999999999,$0-1,0.18,633403,True,1.49,0.19,0.19,,0.18
Spire of Industry,0.33,0.49005,0.15015,48.5,-54.5,484.0,WIP,0.441045,27.11599999999999,$0-1,0.2,126422,True,1.49,0.15,0.15,,0.2
Ill-Timed Explosion,0.33,0.49005,0.15015,48.5,-54.5,513.0,WIP,0.441045,27.11599999999999,$0-1,0.27,535985,True,1.49,0.1,0.1,,0.27
Snapback,0.33,0.99,0.29997,200.0,-9.1,617.0,WIP,0.891,156.79999999999995,$0-1,,14362,True,1.49,0.35,0.35,,0.29997
Hired Claw,0.33,0.6900300000000001,0.15015,109.1,-54.5,459.0,WIP,0.6210270000000001,78.98960000000001,$0-1,0.42,559082,True,1.49,0.18,0.18,,0.42
Volatile Fault,0.33,0.39006,0.15015,18.2,-54.5,390.0,WIP,0.35105400000000003,1.1792000000000031,$0-1,0.22,553247,True,1.49,0.12,0.12,,0.22
Dwarven Trader,0.34,0.38998,0.14994,14.7,-55.9,142.0,WIP,0.350982,-1.8168000000000104,$0-1,,4486,True,1.49,0.11,0.11,,0.14994
The Huntsman's Redemption,0.34,0.48994,0.14994,44.1,-55.9,231.0,WIP,0.440946,23.349599999999985,$0-1,0.4,514324,True,1.49,0.24,0.24,,0.4
Light Up the Stage,0.34,0.38998,0.14994,14.7,-55.9,421.0,WIP,0.350982,-1.8168000000000104,$0-1,0.27,534654,True,1.49,0.2,0.2,,0.27
Extravagant Replication,0.34,0.68986,0.14994,102.9,-55.9,603.0,WIP,0.620874,73.68239999999999,$0-1,0.26,591169,True,1.49,0.26,0.26,,0.26
Broadside Barrage,0.34,0.5899,0.14994,73.5,-55.9,722.0,WIP,0.53091,48.516,$0-1,0.33,616114,True,1.49,0.1,0.1,,0.33
Asmodeus the Archfiend,0.35,0.4899999999999999,0.1501499999999999,40.0,-57.1,209.0,WIP,0.4409999999999999,19.839999999999968,$0-1,0.44,243588,True,1.49,0.2,0.2,,0.44
Gingerbrute,0.35,0.68985,0.15995,97.1,-54.3,606.0,WIP,0.620865,68.71759999999999,$0-1,0.24,198887,True,1.49,0.14,0.14,,0.24
Nova Hellkite,0.35,0.4899999999999999,0.1501499999999999,40.0,-57.1,586.0,WIP,0.4409999999999999,19.839999999999968,$0-1,0.3,641732,True,1.49,0.1,0.1,,0.3
Chromatic Star,0.36,0.3499199999999999,0.15012,-2.8,-58.3,396.0,WIP,0.31492799999999993,-16.79680000000003,$0-1,0.25,452387,True,1.49,0.15,0.15,,0.25
Rockface Village,0.36,0.3499199999999999,0.15012,-2.8,-58.3,558.0,WIP,0.31492799999999993,-16.79680000000003,$0-1,0.2,558612,True,1.49,0.1,0.1,,0.2
Unlicensed Hearse,0.37,0.99012,0.14985,167.6,-59.5,304.0,WIP,0.891108,129.0656,$0-1,0.48,544883,True,1.49,0.23,0.23,,0.48
Sylvan Scrying,0.37,0.48988,0.14985,32.4,-59.5,474.0,WIP,0.440892,13.334399999999995,$0-1,0.17,553283,True,1.49,0.25,0.25,,0.17
Spyglass Siren,0.37,0.35002,0.14985,-5.4,-59.5,375.0,WIP,0.315018,-19.0224,$0-1,0.24,524172,True,1.49,0.1,0.1,,0.24
Maelstrom Pulse,0.37,0.48988,0.14985,32.4,-59.5,407.0,WIP,0.440892,13.334399999999995,$0-1,0.2,589351,True,1.49,0.11,0.11,,0.2
Lifecraft Engine,0.37,0.48988,0.14985,32.4,-59.5,293.0,WIP,0.440892,13.334399999999995,$0-1,0.45,610768,True,1.49,0.21,0.21,,0.45
Hearth Elemental,0.37,0.6900499999999999,0.14985,86.5,-59.5,1009.0,WIP,0.621045,59.643999999999984,$0-1,,513331,True,1.49,0.14,0.14,,0.14985
Siren Stormtamer,0.38,1.2901,0.19988,239.5,-47.4,395.0,WIP,1.16109,190.612,$0-1,0.4,582615,True,1.49,0.33,0.33,,0.4
Pit of Offerings,0.38,0.59014,0.25992,55.3,-31.6,637.0,WIP,0.531126,32.936800000000005,$0-1,0.47,525127,True,1.49,0.15,0.15,,0.47
Faerie Seer,0.38,0.59014,0.25004,55.3,-34.2,746.0,WIP,0.531126,32.936800000000005,$0-1,0.37,590537,True,1.49,0.28,0.28,,0.37
Burnout Bashtronaut,0.39,0.59007,0.15015,51.3,-61.5,272.0,WIP,0.531063,29.512799999999977,$0-1,0.48,615634,True,1.49,0.21,0.21,,0.48
Final Parting,0.39,0.59007,0.31005,51.3,-20.5,490.0,WIP,0.531063,29.512799999999977,$0-1,0.44,164398,False,1.49,,0.3,799236,0.44
Impulsive Pilferer,0.39,0.34983,0.15015,-10.3,-61.5,455.0,WIP,0.314847,-23.21680000000001,$0-1,0.25,507454,True,1.49,0.14,0.14,,0.25
Angrath's Marauders,0.39,0.68991,0.15015,76.9,-61.5,394.0,WIP,0.620919,51.42639999999999,$0-1,0.39,525731,True,1.49,0.2,0.2,,0.39
Floodpits Drowner,0.39,0.68991,0.15015,76.9,-61.5,770.0,WIP,0.620919,51.42639999999999,$0-1,0.3,576874,True,1.49,0.25,0.25,,0.3
Momentum Breaker,0.39,0.39,0.15015,0.0,-61.5,369.0,WIP,0.35100000000000003,-14.399999999999997,$0-1,0.3,614563,True,1.49,0.1,0.1,,0.3
"Lena, Selfless Champion",0.39,1.2901200000000002,0.32019,230.8,-17.9,147.0,WIP,1.1611080000000003,183.16480000000004,$0-1,0.37,169111,True,1.49,0.28,0.28,,0.37
"Sandman, Shifting Scoundrel",0.39,0.48984,0.15015,25.6,-61.5,408.0,WIP,0.440856,7.513600000000001,$0-1,0.15,651333,True,1.49,0.24,0.24,,0.15
Glen Elendra Guardian,0.4,0.49,0.15,22.5,-62.5,551.0,WIP,0.441,4.85999999999999,$0-1,0.25,671753,True,1.49,0.21,0.21,,0.25
Dream Beavers,0.4,0.35,0.15,-12.5,-62.5,1012.0,WIP,0.315,-25.10000000000001,$0-1,0.19,680261,True,1.49,0.16,0.16,,0.19
Displacement Wave,0.4,0.79,0.39,97.5,-2.5,85.0,WIP,0.7110000000000001,69.06000000000002,$0-1,0.5,100095,True,1.49,0.29,0.29,,0.5
Deadly Cover-Up,0.4,0.79,0.2299999999999999,97.5,-42.5,639.0,WIP,0.7110000000000001,69.06000000000002,$0-1,0.39,534141,True,1.49,0.34,0.34,,0.39
Restless Vinestalk,0.4,0.6900000000000001,0.15,72.5,-62.5,192.0,WIP,0.6210000000000001,47.66000000000001,$0-1,0.25,513373,True,1.49,0.23,0.23,,0.25
Signal Pest,0.42,0.98994,0.35994,135.7,-14.3,422.0,WIP,0.890946,101.7592,$0-1,0.5,39139,True,1.49,0.35,0.35,,0.5
"Casey Jones, Back Alley Brute",0.42,0.69006,0.14994,64.3,-64.3,689.0,WIP,0.621054,40.640800000000006,$0-1,0.36,679589,True,1.49,0.25,0.25,,0.36
Cut Down,0.42,0.7900199999999998,0.18984,88.1,-54.8,567.0,WIP,0.7110179999999998,61.01359999999997,$0-1,0.47,282845,True,1.49,0.31,0.31,,0.47
Faeburrow Elder,0.42,0.7900199999999998,0.33012,88.1,-21.4,1485.0,WIP,0.7110179999999998,61.01359999999997,$0-1,0.41,559917,True,1.49,0.34,0.34,,0.41
Survivors' Encampment,0.42,1.2898199999999995,0.35994,207.1,-14.3,676.0,WIP,1.1608379999999996,162.87759999999992,$0-1,0.42,583286,True,1.49,0.29,0.29,,0.42
Louisoix's Sacrifice,0.43,0.4902,0.15007,14.0,-65.1,556.0,WIP,0.44118,-2.4159999999999946,$0-1,0.25,633987,True,1.49,0.2,0.2,,0.25
Havenwood Battleground,0.43,0.4902,0.3599099999999999,14.0,-16.3,206.0,WIP,0.44118,-2.4159999999999946,$0-1,0.39,37494,True,1.49,0.26,0.36,,0.39
Molten Disaster,0.44,0.99,0.4501199999999999,125.0,2.3,105.0,WIP,0.891,92.6,$0-1,0.48,72190,True,1.49,0.35,0.35,,0.48
"Thalia, Guardian of Thraben",0.47,0.4902099999999999,0.36002,4.3,-23.4,378.0,WIP,0.44118899999999994,-10.719200000000004,$0-1,0.49,252859,True,1.49,0.33,0.33,,0.49
Awaken the Honored Dead,0.47,0.4902099999999999,0.14993,4.3,-68.1,342.0,WIP,0.44118899999999994,-10.719200000000004,$0-1,0.37,625744,True,1.49,0.32,0.45,,0.37
Auratouched Mage,0.49,0.34986,0.17983,-28.6,-63.3,108.0,WIP,0.314874,-38.8816,$0-1,0.35,13194,True,1.49,0.19,0.19,,0.35
Werefox Bodyguard,0.49,0.5899599999999999,0.16023,20.4,-67.3,212.0,WIP,0.530964,3.062399999999996,$0-1,0.56,512676,True,1.49,0.25,0.25,,0.56
Battered Golem,0.49,0.68992,0.46011,40.8,-6.1,416.0,WIP,0.620928,20.52480000000001,$0-1,0.59,11783,True,1.49,0.32,0.32,,0.59
Metallic Mimic,0.49,1.29017,0.3601499999999999,163.3,-26.5,865.0,WIP,1.161153,125.38480000000004,$0-1,0.42,697416,True,1.49,0.47,0.47,,0.42
Bringer of the Last Gift,0.5,0.59,0.26,18.0,-48.0,293.0,WIP,0.531,1.007999999999987,$0-1,0.54,524318,True,1.49,0.3,0.3,,0.54
Soulstone Sanctuary,0.51,0.98991,0.16014,94.1,-68.6,730.0,WIP,0.890919,66.14959999999999,$0-1,0.37,591327,True,1.49,0.25,0.25,,0.37
Blood Pet,0.51,1.49022,0.82008,192.2,60.8,481.0,WIP,1.3411980000000001,150.12320000000005,$0-1,0.92,2835,True,1.49,0.49,0.49,,0.92
"Lavinia, Azorius Renegade",0.52,0.5902000000000001,0.2199599999999999,13.5,-57.7,223.0,WIP,0.5311800000000001,-2.8439999999999874,$0-1,0.25,182131,True,1.49,0.39,0.39,,0.25
Sire of Insanity,0.52,0.7898800000000001,0.39,51.9,-25.0,194.0,WIP,0.7108920000000002,30.02640000000001,$0-1,0.5,67898,True,1.49,0.4,0.4,,0.5
Patrol Signaler,0.53,0.7902300000000001,0.49979,49.1,-5.7,98.0,WIP,0.7112070000000001,27.6296,$0-1,0.47,27177,True,1.49,0.35,0.35,,0.47
Sage of the Skies,0.53,0.4902500000000001,0.1499899999999999,-7.5,-71.7,731.0,WIP,0.4412250000000001,-20.81999999999999,$0-1,0.48,625719,True,1.49,0.21,0.24,,0.48
Pawpatch Recruit,0.57,0.99009,0.1801199999999999,73.7,-68.4,712.0,WIP,0.891081,48.687200000000026,$0-1,0.44,559486,True,1.49,0.18,0.18,,0.44
Pithing Needle,0.58,0.78996,0.29986,36.2,-48.3,218.0,WIP,0.710964,16.587200000000006,$0-1,0.5,247969,True,1.49,0.3,0.3,,0.5
Leyline of the Void,0.58,0.6901999999999999,0.1600799999999999,19.0,-72.4,514.0,WIP,0.62118,1.8639999999999843,$0-1,0.38,583661,True,1.49,0.48,0.5,,0.38
"Lukka, Coppercoat Outcast",0.58,0.99006,0.4698,70.7,-19.0,70.0,WIP,0.891054,46.11920000000001,$0-1,0.79,211996,True,1.49,0.42,0.42,,0.79
Gudul Lurker,0.59,1.28974,0.41005,118.6,-30.5,257.0,WIP,1.1607660000000002,87.12160000000002,$0-1,0.45,581324,True,1.49,0.35,0.35,,0.45
Shadow of Mortality,0.62,1.29022,0.30008,108.1,-51.6,261.0,WIP,1.161198,78.1336,$0-1,0.66,268782,True,1.49,0.5,0.5,,0.66
Eidolon of Rhetoric,0.62,1.29022,0.60016,108.1,-3.2,358.0,WIP,1.161198,78.1336,$0-1,0.74,82243,True,1.49,0.45,0.45,,0.74
Autumn's Veil,0.62,0.69006,0.30008,11.3,-51.6,444.0,WIP,0.621054,-4.7272,$0-1,0.48,47710,True,1.49,0.44,0.44,,0.48
Fatal Push,0.63,0.98973,0.14994,57.1,-76.2,995.0,WIP,0.890757,34.47759999999999,$0-1,0.45,484511,True,0.0,154.99,154.99,,0.45
Echoing Deeps,0.64,0.6899200000000001,0.30016,7.8,-53.1,356.0,WIP,0.6209280000000001,-7.723199999999999,$0-1,0.59,525285,True,1.49,0.46,0.46,,0.59
Goblin Rabblemaster,0.68,1.28996,0.35972,89.7,-47.1,231.0,WIP,1.160964,62.38319999999997,$0-1,0.41,590545,True,1.49,0.4,0.4,,0.41
Neoform,0.74,0.99012,0.48026,33.8,-35.1,710.0,WIP,0.891108,14.532799999999998,$0-1,0.75,188217,True,1.49,0.58,0.58,,0.75
Trophy Mage,0.75,1.7902499999999997,0.56025,138.7,-25.3,525.0,WIP,1.6112249999999997,104.32719999999998,$0-1,0.64,125849,True,1.49,0.5,0.5,,0.64
Damping Sphere,0.75,0.99,0.63975,32.0,-14.7,709.0,WIP,0.891,12.991999999999996,$0-1,0.56,461925,True,1.49,0.5,0.5,,0.56
Spirit of the Labyrinth,0.78,0.6903,0.3003,-11.5,-61.5,239.0,WIP,0.62127,-24.244000000000003,$0-1,,78851,True,1.49,0.4,0.4,,0.3003
"Hammerhead, Maggia Boss",0.79,0.79,0.48032,0.0,-39.2,421.0,WIP,0.7110000000000001,-14.399999999999997,$0-1,,697259,True,1.49,0.39,0.39,,0.48032
"Oko, Lorwyn Liege",0.83,0.99019,0.33034,19.3,-60.2,399.0,WIP,0.891171,2.1208000000000005,$0-1,,671043,True,1.49,0.37,0.37,,0.33034
Key to the City,0.89,0.4903899999999999,0.15041,-44.9,-83.1,649.0,WIP,0.4413509999999999,-52.83440000000002,$0-1,0.23,631182,True,1.49,0.12,0.12,,0.23
Ertai Resurrected,0.91,0.99008,0.31031,8.8,-65.9,242.0,WIP,0.891072,-6.867200000000015,$0-1,0.44,283607,True,1.49,0.4,0.4,,0.44
Ghost Quarter,0.92,1.28984,0.36984,40.2,-59.8,612.0,WIP,1.160856,20.0112,$0-1,0.56,499590,True,1.49,0.39,0.39,,0.56
Oath of Teferi,0.94,0.7896,0.4399199999999999,-16.0,-53.2,212.0,WIP,0.7106399999999999,-28.096,$0-1,0.59,162141,True,1.49,0.41,0.41,,0.59
The Jolly Balloon Man,0.95,0.6897,0.36005,-27.4,-62.1,459.0,WIP,0.62073,-37.8544,$0-1,0.53,594379,True,1.49,0.5,0.6,,0.53
Emberheart Challenger,0.95,1.7897999999999998,0.28025,88.4,-70.5,617.0,WIP,1.61082,61.27039999999998,$0-1,0.49,559076,True,1.49,0.6,0.6,,0.49
Rest in Peace,0.98,1.4896,0.1597399999999999,52.0,-83.7,662.0,WIP,1.34064,30.112000000000005,$0-1,0.56,555448,True,1.49,0.49,0.49,,0.56
Lumbering Worldwagon,1.0,0.99,0.38,-1.0,-62.0,634.0,WIP,0.891,-15.256000000000004,$1-2,0.55,615648,True,1.49,0.38,0.38,,0.55
Cursed Totem,1.03,1.49041,0.8404800000000001,44.7,-18.4,530.0,WIP,1.341369,23.86319999999999,$1-2,1.07,240154,True,1.49,0.59,0.59,,1.07
Blood Celebrant,1.06,0.99004,0.64024,-6.6,-39.6,452.0,WIP,0.891036,-20.0496,$1-2,0.76,10746,True,1.49,0.3,0.3,,0.76
Glen Elendra's Answer,1.12,0.99008,0.46032,-11.6,-58.9,459.0,WIP,0.891072,-24.329600000000013,$1-2,0.63,670991,True,1.49,0.85,0.85,,0.63
"Kavaron, Memorial World",1.16,1.7898799999999997,0.25984,54.3,-77.6,644.0,WIP,1.6108919999999998,32.08079999999999,$1-2,1.1,645535,True,1.49,0.82,0.86,,1.1
"Surrak, Elusive Hunter",1.22,0.98942,0.15006,-18.9,-87.7,666.0,WIP,0.890478,-30.5784,$1-2,0.25,625742,True,1.49,0.4,0.48,,0.25
Nature's Claim,1.23,1.2902699999999998,0.3702299999999999,4.9,-69.9,523.0,WIP,1.1612429999999998,-10.205600000000006,$1-2,0.54,118676,True,1.49,0.66,0.66,,0.54
Preacher of the Schism,1.23,1.2902699999999998,0.5694899999999999,4.9,-53.7,398.0,WIP,1.1612429999999998,-10.205600000000006,$1-2,,526832,True,1.49,0.83,0.83,,0.5694899999999999
Oildeep Gearhulk,1.26,1.98954,0.8303400000000001,57.9,-34.1,390.0,WIP,1.790586,35.16239999999999,$1-2,0.94,614344,True,1.49,0.93,0.93,,0.94
Mothdust Changeling,1.29,1.48995,0.2605800000000001,15.5,-79.8,356.0,WIP,1.3409550000000001,-1.132000000000002,$1-2,,581626,True,1.49,0.37,0.37,,0.2605800000000001
Aven Mindcensor,1.34,0.6901,0.45962,-48.5,-65.7,306.0,WIP,0.62109,-55.916,$1-2,0.49,581255,True,1.49,0.6,0.6,,0.49
Centaur Garden,1.38,1.4904,1.6201199999999998,8.0,17.4,135.0,WIP,1.3413599999999999,-7.551999999999993,$1-2,1.06,9591,True,1.49,0.55,0.55,,1.06
Altar of the Wretched,1.39,2.9898899999999995,4.680129999999999,115.1,236.7,134.0,WIP,2.6909009999999998,84.12559999999996,$1-2,,526401,True,1.49,0.63,1.14,,4.680129999999999
Leyline of Abundance,1.41,1.4903699999999998,0.94047,5.7,-33.3,419.0,WIP,1.3413329999999999,-9.520800000000014,$1-2,1.16,192638,True,1.49,0.78,0.78,,1.16
Soot Imp,1.45,0.5901500000000001,1.0599500000000002,-59.3,-26.9,97.0,WIP,0.531135,-65.1608,$1-2,,93603,True,1.49,0.87,1.17,,1.0599500000000002
Waterlogged Grove,1.47,1.79046,0.6497400000000001,21.8,-55.8,699.0,WIP,1.611414,4.260799999999999,$1-2,,519273,True,1.49,0.51,0.51,,0.6497400000000001
Blue Elemental Blast,1.49,1.29034,0.59004,-13.4,-60.4,1562.0,WIP,1.1613060000000002,-25.870400000000004,$1-2,,1667,False,1.49,,0.4,18026,0.59004
Sanctum Prelate,1.5,1.4895,1.56,-0.7,4.0,117.0,WIP,1.3405500000000001,-14.999199999999998,$1-2,1.25,121628,True,1.49,0.99,1.15,,1.25
Skullsnatcher,1.5,0.4905000000000001,0.1499999999999999,-67.3,-90.0,248.0,WIP,0.4414500000000001,-72.0088,$1-2,0.2,582867,True,1.49,0.3,0.3,,0.2
Saheeli Rai,1.51,1.99018,1.36051,31.8,-9.9,185.0,WIP,1.7911620000000001,12.820799999999998,$1-2,1.33,122604,True,1.49,1.21,1.21,,1.33
Botanical Sanctum,1.52,2.29064,0.95,50.7,-37.5,546.0,WIP,2.061576,28.999199999999988,$1-2,1.41,122643,True,1.49,1.36,1.36,,1.41
Slaughter Pact,1.53,1.7901,1.3005,17.0,-15.0,195.0,WIP,1.6110900000000001,0.1520000000000025,$1-2,1.23,68363,True,1.49,0.99,1.0,,1.23
North Wind Avatar,1.54,1.78948,0.42966,16.2,-72.1,612.0,WIP,1.610532,-0.5328000000000115,$1-2,,673664,True,1.49,0.99,0.99,,0.42966
Knight of the Reliquary,1.55,1.79025,1.39965,15.5,-9.7,87.0,WIP,1.611225,-1.132000000000004,$1-2,1.45,145478,True,1.49,1.25,1.25,,1.45
Marang River Regent,1.59,2.79045,2.21964,75.5,39.6,571.0,WIP,2.511405,50.22799999999998,$1-2,,625724,True,1.49,1.46,1.46,,2.21964
Heartless Summoning,1.62,1.98936,0.92016,22.8,-43.2,273.0,WIP,1.790424,5.1167999999999925,$1-2,1.1,55979,True,1.49,1.0,1.0,,1.1
Shred Memory,1.64,0.79048,0.6396,-51.8,-61.0,359.0,WIP,0.711432,-58.74080000000001,$1-2,0.55,13417,True,1.49,0.39,0.39,,0.55
Keen-Eyed Curator,1.65,1.48995,0.2606999999999999,-9.7,-84.2,720.0,WIP,1.3409550000000001,-22.703199999999995,$1-2,0.29,559484,True,1.49,0.42,0.42,,0.29
"Krark, the Thumbless",1.7,1.9907,1.0404000000000002,17.1,-38.8,446.0,WIP,1.79163,0.2376000000000012,$1-2,1.6,226121,True,1.49,1.23,1.23,,1.6
Ricochet Trap,1.71,0.58995,0.2000699999999999,-65.5,-88.3,348.0,WIP,0.530955,-70.468,$1-2,,583425,True,1.49,0.3,0.3,,0.2000699999999999
Phyrexian Walker,1.73,2.79049,1.65042,61.3,-4.6,744.0,WIP,2.511441,38.07280000000001,$1-2,,5899,True,1.49,0.76,0.94,,1.65042
Tinder Wall,1.76,0.98912,0.49984,-43.8,-71.6,834.0,WIP,0.890208,-51.8928,$1-2,,4919,True,1.49,0.39,0.39,,0.49984
Restless Cottage,1.79,1.99048,1.17961,11.2,-34.1,415.0,WIP,1.7914320000000001,-4.812799999999998,$1-2,,512205,True,1.49,1.0,1.0,,1.17961
"Tyvar, Jubilant Brawler",1.89,1.99017,1.0395,5.3,-45.0,528.0,WIP,1.791153,-9.863200000000004,$1-2,1.35,481674,True,1.49,1.35,1.75,,1.35
Blinkmoth Nexus,1.9,0.9899,0.7904,-47.9,-58.4,81.0,WIP,0.89091,-55.40239999999999,$1-2,1.09,98643,True,1.49,0.93,0.93,,1.09
Inspiring Vantage,1.96,3.49076,1.35044,78.1,-31.1,631.0,WIP,3.141684,52.45359999999999,$1-2,1.67,122658,True,1.49,0.99,0.99,,1.67
Eternal Witness,2.02,1.49076,1.26048,-26.2,-37.6,619.0,WIP,1.341684,-36.82719999999999,$2-5,1.31,456789,True,1.49,1.07,1.4,,1.31
Archon of Emeria,2.1,2.4906,1.0101,18.6,-51.9,611.0,WIP,2.24154,1.5216000000000012,$2-5,1.5,223894,True,1.49,1.25,1.96,,1.5
Oboro Breezecaller,2.12,0.9900400000000004,1.52004,-53.3,-28.3,504.0,WIP,0.8910360000000004,-60.02479999999999,$2-5,,12498,True,1.49,0.75,0.75,,1.52004
Tishana's Tidebinder,2.2,3.990800000000001,2.079,81.4,-5.5,552.0,WIP,3.591720000000001,55.278400000000026,$2-5,2.66,525207,False,1.49,,2.1,31198,2.66
Restless Reef,2.26,2.2893799999999995,1.2090999999999996,1.3,-46.5,449.0,WIP,2.0604419999999997,-13.287200000000013,$2-5,1.76,525367,True,1.49,1.1,1.1,,1.76
Virtue of Courage,2.38,7.989659999999999,3.9389,235.7,65.5,257.0,WIP,7.190693999999999,187.3592,$2-5,,514332,True,1.49,2.03,2.24,,3.9389
Abrupt Decay,2.5,2.29,1.04,-8.4,-58.4,497.0,WIP,2.061,-21.5904,$2-5,1.08,234148,True,1.49,1.79,2.66,,1.08
Smuggler's Copter,2.51,1.4909399999999997,0.4492900000000001,-40.6,-82.1,370.0,WIP,1.3418459999999999,-49.1536,$2-5,0.99,583192,True,1.49,0.49,0.49,,0.99
Galvanic Blast,2.51,2.98941,1.86995,19.1,-25.5,1046.0,WIP,2.6904689999999998,1.949599999999999,$2-5,1.98,36340,True,1.49,1.3,1.3,,1.98
Muddle the Mixture,2.52,2.78964,1.84968,10.7,-26.6,537.0,WIP,2.510676,-5.240800000000009,$2-5,2.1,13359,True,1.49,1.36,1.36,,2.1
Spark Mage,2.52,3.4902,2.58048,38.5,2.4,148.0,WIP,3.1411800000000003,18.556,$2-5,2.35,9497,True,1.49,1.87,1.87,,2.35
Mirrormade,2.53,3.98981,1.5407699999999998,57.7,-39.1,470.0,WIP,3.590829,34.9912,$2-5,1.62,199057,True,1.49,1.38,2.02,,1.62
"Sisay, Weatherlight Captain",2.55,2.7897,2.19045,9.4,-14.1,469.0,WIP,2.51073,-6.353599999999999,$2-5,2.45,190933,True,1.49,2.05,2.05,,2.45
Thousand-Faced Shadow,2.57,2.49033,1.1899099999999998,-3.1,-53.7,403.0,WIP,2.2412970000000003,-17.053599999999992,$2-5,1.43,263942,True,1.49,1.71,1.71,,1.43
Dizzy Spell,2.63,2.49061,2.28021,-5.3,-13.3,556.0,WIP,2.2415490000000005,-18.936799999999995,$2-5,,13259,True,1.49,0.55,0.8,,2.28021
"Magda, Brazen Outlaw",2.63,3.49001,2.60107,32.7,-1.1,827.0,WIP,3.141009,13.591199999999995,$2-5,2.74,229232,True,1.49,1.55,2.58,,2.74
"Aminatou, the Fateshifter",2.64,3.9890400000000006,2.88024,51.1,9.1,109.0,WIP,3.5901360000000007,29.3416,$2-5,2.7,276336,True,1.49,1.68,2.5,,2.7
Blooming Marsh,2.69,3.98927,2.03095,48.3,-24.5,583.0,WIP,3.590343,26.94479999999999,$2-5,2.14,122642,True,1.49,0.9,1.29,,2.14
Vial Smasher the Fierce,2.7,2.7891,1.35,3.3,-50.0,210.0,WIP,2.51019,-11.575200000000017,$2-5,,578922,True,1.49,1.26,1.62,,1.35
Dark Petition,2.72,6.489920000000001,2.61936,138.6,-3.7,544.0,WIP,5.840928000000001,104.2416,$2-5,,100099,True,1.49,1.99,2.57,,2.61936
Surgical Extraction,2.77,3.4902,0.7811400000000001,26.0,-71.8,549.0,WIP,3.1411800000000003,7.855999999999996,$2-5,1.87,544865,True,1.49,0.99,0.99,,1.87
Gush,2.87,3.48992,1.6703400000000004,21.6,-41.8,683.0,WIP,3.140928,4.089599999999995,$2-5,1.86,6547,True,1.49,1.98,1.98,,1.86
Crippling Fear,2.87,0.99015,0.35875,-65.5,-87.5,350.0,WIP,0.891135,-70.468,$2-5,0.66,230901,True,1.49,0.24,0.24,,0.66
Geier Reach Sanitarium,2.88,3.9888,1.50912,38.5,-47.6,542.0,WIP,3.5899199999999998,18.556000000000004,$2-5,2.6,243957,True,1.49,1.0,1.52,,2.6
Hazel's Brewmaster,2.96,3.99008,1.85,34.8,-37.5,725.0,WIP,3.591072,15.388799999999993,$2-5,1.99,560002,True,1.49,2.89,2.89,,1.99
"Tayam, Luminous Enigma",2.98,9.98896,3.17072,235.2,6.4,208.0,WIP,8.990064,186.9312,$2-5,1.7,212143,True,1.49,0.95,0.95,,1.7
Necrotic Ooze,3.04,2.28912,1.8908800000000003,-24.7,-37.8,198.0,WIP,2.0602080000000003,-35.543200000000006,$2-5,2.14,36409,True,1.49,1.53,1.68,,2.14
Soulless Jailer,3.06,2.28888,1.11996,-25.2,-63.4,504.0,WIP,2.059992,-35.9712,$2-5,1.46,481681,True,1.49,1.1,1.25,,1.46
Temporal Trespass,3.16,4.9896400000000005,2.55012,57.9,-19.3,292.0,WIP,4.490676000000001,35.16240000000002,$2-5,2.69,541325,True,1.49,2.39,2.39,,2.69
"Teferi, Who Slows the Sunset",3.17,5.49044,3.45847,73.2,9.1,222.0,WIP,4.941396,48.2592,$2-5,3.68,248179,True,1.49,2.76,2.99,,3.68
Mirrorpool,3.25,3.991,2.5187500000000003,22.8,-22.5,213.0,WIP,3.5919000000000003,5.1168,$2-5,,110694,True,1.49,1.35,1.55,,2.5187500000000003
Doomsday,3.27,5.49033,2.93973,67.9,-10.1,318.0,WIP,4.9412970000000005,43.72240000000001,$2-5,2.95,697282,True,1.49,1.25,1.25,,2.95
Sculpting Steel,3.32,2.99132,1.8094,-9.9,-45.5,332.0,WIP,2.6921880000000002,-22.8744,$2-5,2.4,122860,True,0.99,99.99,99.99,,2.4
From the Ashes,3.33,2.79054,1.54845,-16.2,-53.5,94.0,WIP,2.511486,-28.26720000000001,$2-5,,71881,True,1.49,1.37,1.5,,1.54845
Legion Extruder,3.34,4.98996,3.16966,49.4,-5.1,365.0,WIP,4.490964,27.886399999999988,$2-5,3.2,544937,True,1.49,3.0,3.0,,3.2
Mistblade Shinobi,3.39,1.4915999999999998,0.6508800000000002,-56.0,-80.8,422.0,WIP,1.3424399999999999,-62.33600000000001,$2-5,,581561,True,1.49,0.93,0.93,,0.6508800000000002
Gemstone Mine,3.4,4.4914,2.04,32.1,-40.0,284.0,WIP,4.04226,13.07759999999999,$2-5,3.05,6036,True,0.0,4.0,5.0,,3.05
Ghostly Pilferer,3.4,3.4884,1.921,2.6,-43.5,337.0,WIP,3.13956,-12.1744,$2-5,2.21,254048,True,1.49,1.19,1.98,,2.21
"Selvala, Heart of the Wilds",3.45,5.48895,3.381,59.1,-2.0,1728.0,WIP,4.940055,36.1896,$2-5,3.76,671244,True,1.49,3.44,4.0,,3.76
Aether Vial,3.45,3.4914,1.7698499999999997,1.2,-48.7,243.0,WIP,3.1422600000000003,-13.372800000000002,$2-5,2.3,122843,True,0.0,110.73,110.73,,2.3
Grafdigger's Cage,3.46,3.49114,2.07946,0.9,-39.9,312.0,WIP,3.142026,-13.629599999999996,$2-5,2.06,57673,True,1.49,1.72,2.0,,2.06
Ruthless Technomancer,3.48,4.99032,2.42904,43.4,-30.2,381.0,WIP,4.491288,22.7504,$2-5,2.53,590713,True,1.49,2.17,2.17,,2.53
"Yuriko, the Tiger's Shadow",3.5,2.989,3.01,-14.6,-14.0,315.0,WIP,2.6901,-26.897600000000004,$2-5,3.09,282013,True,1.49,52.0,52.0,,3.09
Dryad Arbor,3.55,3.9902,3.63165,12.4,2.3,294.0,WIP,3.59118,-3.7855999999999854,$2-5,3.97,677189,True,0.0,22.34,22.34,,3.97
Collector Ouphe,3.56,3.99076,2.07904,12.1,-41.6,375.0,WIP,3.591684,-4.042400000000008,$2-5,2.45,191057,True,1.49,1.99,3.24,,2.45
Swift Reconfiguration,3.65,5.4896,4.15005,50.4,13.7,292.0,WIP,4.94064,28.7424,$2-5,5.12,263102,True,1.49,1.73,3.01,,5.12
Get Lost,3.66,5.49,3.08904,50.0,-15.6,717.0,WIP,4.941000000000001,28.4,$2-5,3.66,524576,True,1.49,2.43,2.43,,3.66
Baleful Mastery,3.66,2.99022,1.87026,-18.3,-48.9,511.0,WIP,2.691198,-30.06480000000001,$2-5,,237403,True,1.49,1.98,1.98,,1.87026
Needleverge Pathway,3.69,4.98888,4.04055,35.2,9.5,429.0,WIP,4.489992,15.731200000000008,$2-5,,221838,True,1.49,2.49,3.29,,4.04055
Mutavault,3.76,6.48976,3.98936,72.6,6.1,248.0,WIP,5.840784,47.74560000000002,$2-5,4.32,273750,False,1.49,,2.0,192604,4.32
"Glarb, Calamity's Augur",3.8,3.4884,3.3098,-8.2,-12.9,470.0,WIP,3.13956,-21.4192,$2-5,3.56,558331,True,1.49,2.42,3.08,,3.56
"Tivit, Seller of Secrets",3.82,6.9906,3.69012,83.0,-3.4,299.0,WIP,6.2915399999999995,56.648,$2-5,,269717,True,1.49,2.05,2.05,,3.69012
Hope of Ghirapur,3.86,2.9915,2.03036,-22.5,-47.4,364.0,WIP,2.69235,-33.66,$2-5,2.34,492639,True,1.49,1.03,1.51,,2.34
Eldritch Evolution,3.87,5.49153,2.9799,41.9,-23.0,329.0,WIP,4.9423770000000005,21.466399999999982,$2-5,3.73,489673,True,0.99,8.19,8.19,,3.73
Bottle-Cap Blast,3.95,5.9882,2.3384000000000005,51.6,-40.8,714.0,WIP,5.38938,29.7696,$2-5,2.29,541424,True,1.49,2.2,2.99,,2.29
Dwarven Armorer,3.96,5.991479999999999,2.51064,51.3,-36.6,163.0,WIP,5.392332,29.512799999999984,$2-5,,3622,True,1.49,1.49,1.63,,2.51064
Throat Slitter,4.06,2.78922,2.41164,-31.3,-40.6,228.0,WIP,2.5102979999999997,-41.1928,$2-5,2.56,507595,True,1.49,1.73,1.73,,2.56
Magus of the Moon,4.13,4.48931,3.89046,8.7,-5.8,217.0,WIP,4.040379,-6.952800000000003,$2-5,4.14,233956,True,1.49,3.5,3.5,,4.14
Hickory Woodlot,4.16,4.48864,4.68,7.9,12.5,881.0,WIP,4.039776000000001,-7.6376,$2-5,3.67,6553,True,1.49,1.79,1.79,,3.67
Pyrokinesis,4.19,3.49027,2.07824,-16.7,-50.4,318.0,WIP,3.1412430000000002,-28.69520000000001,$2-5,2.24,583411,True,1.49,1.5,1.71,,2.24
"Winota, Joiner of Forces",4.31,4.49102,2.08173,4.2,-51.7,302.0,WIP,4.041918,-10.804799999999997,$2-5,,212622,True,1.49,2.94,3.22,,2.08173
Clever Impersonator,4.39,4.991429999999999,2.43206,13.7,-44.6,228.0,WIP,4.492286999999999,-2.6728000000000085,$2-5,3.56,581235,True,1.49,2.2,2.2,,3.56
"Beza, the Bounding Spring",4.41,5.490450000000001,4.14981,24.5,-5.9,520.0,WIP,4.941405000000001,6.572000000000022,$2-5,3.96,558421,True,1.49,2.95,2.95,,3.96
Season of Weaving,4.45,7.48935,4.1518500000000005,68.3,-6.7,485.0,WIP,6.7404150000000005,44.06479999999999,$2-5,4.17,558352,True,1.49,3.0,3.0,,4.17
Manamorphose,4.58,6.48986,4.78152,41.7,4.4,394.0,WIP,5.840874,21.2952,$2-5,5.22,18700,True,1.49,3.23,3.23,,5.22
Root Maze,4.71,6.98964,6.01938,48.4,27.8,120.0,WIP,6.2906759999999995,27.0304,$2-5,4.7,15285,True,1.49,3.1,4.28,,4.7
"Nicol Bolas, Dragon-God",4.75,3.99,3.42,-16.0,-28.0,291.0,WIP,3.591,-28.096,$2-5,2.96,193383,True,1.49,4.43,4.48,,2.96
Banishing Knack,4.76,1.2899599999999996,1.0519599999999998,-72.9,-77.9,399.0,WIP,1.1609639999999997,-76.8024,$2-5,,27069,True,1.49,0.83,0.83,,1.0519599999999998
Phantasmal Image,4.87,6.49171,4.30995,33.3,-11.5,209.0,WIP,5.842539,14.104799999999996,$2-5,4.28,47629,True,1.49,2.85,2.85,,4.28
Torpor Orb,4.87,6.98845,3.91061,43.5,-19.7,311.0,WIP,6.289605000000001,22.83599999999999,$2-5,4.61,39593,True,1.49,3.01,3.25,,4.61
Ancient Cornucopia,4.88,8.98896,4.68968,84.2,-3.9,520.0,WIP,8.090064,57.6752,$2-5,5.9,545128,True,1.49,3.51,4.8,,5.9
Temporal Mastery,4.92,5.987640000000001,3.5916,21.7,-27.0,133.0,WIP,5.388876000000001,4.175200000000006,$2-5,3.49,204183,True,1.49,3.19,3.88,,3.49
Windfall,4.97,6.98782,4.5724,40.6,-8.0,567.0,WIP,6.289038000000001,20.353600000000004,$2-5,4.76,525814,True,1.49,3.7,4.98,,4.76
Gifts Ungiven,5.1,5.4876,4.6308,7.6,-9.2,256.0,WIP,4.93884,-7.894400000000001,$5-10,5.19,128644,True,0.0,3.95,5.29,,5.19
Summoner's Pact,5.12,4.49024,3.11808,-12.3,-39.1,275.0,WIP,4.041216,-24.928800000000003,$5-10,3.57,234026,True,0.0,3.75,5.06,,3.57
Last Chance,5.19,4.48935,2.62095,-13.5,-49.5,186.0,WIP,4.040415,-25.956000000000007,$5-10,,330,True,1.49,3.18,4.0,,2.62095
Gavony Township,5.22,6.989579999999999,4.8807,33.9,-6.5,314.0,WIP,6.290621999999999,14.618399999999989,$5-10,4.73,55910,True,1.49,3.67,3.82,,4.73
Blightstep Pathway,5.22,7.991820000000001,5.73156,53.1,9.8,430.0,WIP,7.1926380000000005,31.053600000000014,$5-10,,229209,True,0.0,3.95,5.0,,5.73156
Blade Historian,5.27,7.989319999999999,5.090819999999999,51.6,-3.4,534.0,WIP,7.190388,29.769600000000008,$5-10,5.0,235551,True,1.49,3.35,3.35,,5.0
Sudden Substitution,5.31,6.98796,5.1507,31.6,-3.0,417.0,WIP,6.289164,12.649600000000005,$5-10,5.77,196533,True,1.99,3.24,3.24,,5.77
Professor Onyx,5.54,7.98868,5.36272,44.2,-3.2,351.0,WIP,7.189812,23.435199999999988,$5-10,4.2,579064,True,1.49,4.27,4.27,,4.2
Ethersworn Canonist,5.76,3.99168,2.4883200000000003,-30.7,-56.8,137.0,WIP,3.592512,-40.6792,$5-10,2.51,27666,True,1.49,3.0,3.45,,2.51
Blossoming Tortoise,5.79,6.49059,5.1878400000000005,12.1,-10.4,320.0,WIP,5.841531,-4.042399999999999,$5-10,5.62,512321,True,1.5,3.6,3.6,,5.62
Gleeful Arsonist,5.83,7.491549999999999,3.3814000000000006,28.5,-42.0,295.0,WIP,6.742394999999999,9.995999999999984,$5-10,,578915,True,0.0,4.0,5.47,,3.3814000000000006
Fleshwrither,5.84,4.49096,2.5112,-23.1,-57.0,140.0,WIP,4.041864,-34.17359999999999,$5-10,1.87,14886,True,1.49,0.75,1.38,,1.87
Brightglass Gearhulk,5.84,8.98776,5.20928,53.9,-10.8,592.0,WIP,8.088984,31.7384,$5-10,5.6,596628,True,0.0,4.68,6.02,,5.6
Rite of Flame,5.94,5.987520000000001,5.19156,0.8,-12.6,525.0,WIP,5.388768000000001,-13.715199999999989,$5-10,5.0,14103,True,0.0,4.41,5.25,,5.0
Counterbalance,5.98,3.98866,2.691,-33.3,-55.0,121.0,WIP,3.589794,-42.9048,$5-10,,513179,True,1.49,3.4,3.4,,2.691
Dwarven Bloodboiler,5.99,9.48816,6.70281,58.4,11.9,188.0,WIP,8.539344000000002,35.590399999999995,$5-10,,10244,True,1.49,4.5,4.95,,6.70281
Elvish Reclaimer,5.99,5.99,4.660220000000001,0.0,-22.2,345.0,WIP,5.391,-14.400000000000004,$5-10,4.85,192617,True,1.49,4.02,4.54,,4.85
Carpet of Flowers,6.0,3.4920000000000004,1.542,-41.8,-74.3,483.0,WIP,3.1428000000000003,-50.18079999999999,$5-10,1.87,519515,True,1.49,1.62,1.62,,1.87
Whir of Invention,6.03,7.489260000000001,5.20992,24.2,-13.6,546.0,WIP,6.740334000000001,6.315199999999999,$5-10,5.7,126329,True,1.49,3.23,4.12,,5.7
Beseech the Queen,6.29,4.987970000000001,4.1576900000000006,-20.7,-33.9,314.0,WIP,4.489173000000001,-32.11919999999999,$5-10,4.16,677421,True,1.99,10.69,10.69,,4.16
Pest Control,6.4,7.9872,5.8112,24.8,-9.2,536.0,WIP,7.18848,6.828799999999982,$5-10,,544938,True,1.49,3.0,3.0,,5.8112
Chord of Calling,6.51,7.9877699999999985,5.4684,22.7,-16.0,464.0,WIP,7.188992999999999,5.031199999999982,$5-10,5.78,91110,True,0.0,3.63,5.81,,5.78
Twincast,6.55,9.49095,7.597999999999999,44.9,16.0,144.0,WIP,8.541855,24.0344,$5-10,6.14,32748,True,0.0,4.04,5.0,,6.14
Defense Grid,6.66,6.48684,6.759899999999999,-2.6,1.5,505.0,WIP,5.838156,-16.625600000000002,$5-10,6.0,126282,True,0.0,139.99,140.0,,6.0
Imposter Mech,6.66,11.988,6.759899999999999,80.0,1.5,272.0,WIP,10.7892,54.08,$5-10,7.05,263105,True,0.99,5.32,5.66,,7.05
Archivist of Oghma,6.87,9.48747,6.402839999999999,38.1,-6.8,410.0,WIP,8.538723000000001,18.213599999999992,$5-10,6.52,272914,True,0.0,5.5,6.33,,6.52
Noxious Revival,6.93,7.99029,5.39154,15.3,-22.2,451.0,WIP,7.191261,-1.3031999999999946,$5-10,5.16,39555,True,0.0,4.91,6.16,,5.16
Virtue of Persistence,7.03,8.99137,6.81207,27.9,-3.1,322.0,WIP,8.092233,9.482399999999998,$5-10,,512610,True,0.0,5.5,6.69,,6.81207
Submerge,7.12,4.99112,3.1328,-29.9,-56.0,277.0,WIP,4.492007999999999,-39.99440000000001,$5-10,3.64,7250,True,1.49,3.29,3.54,,3.64
Stranglehold,7.24,9.9912,8.318760000000001,38.0,14.9,58.0,WIP,8.99208,18.12799999999998,$5-10,7.36,46952,True,0.0,4.94,6.11,,7.36
"Tevesh Szat, Doom of Fools",7.28,7.99344,7.287279999999999,9.8,0.1,202.0,WIP,7.194096,-6.011200000000008,$5-10,7.04,226122,True,0.0,5.87,6.99,,7.04
Sacrifice,7.35,5.49045,3.94695,-25.3,-46.3,417.0,WIP,4.9414050000000005,-36.0568,$5-10,,1550,True,1.49,2.0,2.45,,3.94695
"Nezahal, Primal Tide",7.4,11.988,7.806999999999999,62.0,5.5,314.0,WIP,10.7892,38.67199999999999,$5-10,7.63,155688,True,0.0,6.25,7.5,,7.63
Mount Doom,7.5,9.4875,7.41,26.5,-1.2,326.0,WIP,8.53875,8.283999999999997,$5-10,7.33,488273,True,0.0,6.41,6.99,,7.33
Pirated Copy,7.51,9.9883,18.18171,33.0,142.1,78.0,WIP,8.98947,13.848000000000011,$5-10,18.95,454840,True,0.99,14.72,15.15,,18.95
"Sidisi, Undead Vizier",7.59,8.986559999999999,7.142189999999999,18.4,-5.9,329.0,WIP,8.087904,1.3503999999999858,$5-10,7.13,96362,True,0.0,5.25,5.9,,7.13
Flesh Duplicate,7.77,7.987559999999999,8.010869999999999,2.8,3.1,341.0,WIP,7.188803999999999,-12.0032,$5-10,,519221,True,0.0,5.99,6.38,,8.010869999999999
Scheming Symmetry,7.96,11.98776,8.28636,50.6,4.1,459.0,WIP,10.788984,28.913599999999995,$5-10,8.82,192521,True,3.99,7.1,8.05,,8.82
"Sun Quan, Lord of Wu",8.12,11.99324,8.729,47.7,7.5,191.0,WIP,10.793916000000001,26.431200000000004,$5-10,7.73,504491,True,0.0,7.2,8.25,,7.73
Deathrite Shaman,8.13,5.99181,5.92677,-26.3,-27.1,522.0,WIP,5.392629,-36.9128,$5-10,6.5,66547,True,1.49,4.85,4.85,,6.5
Steal Enchantment,8.17,5.98861,8.276209999999999,-26.7,1.3,300.0,WIP,5.389749,-37.2552,$5-10,7.24,5753,True,1.49,4.0,4.22,,7.24
Time Sieve,8.19,9.49221,7.18263,15.9,-12.3,172.0,WIP,8.542989,-0.7895999999999952,$5-10,7.83,31822,True,0.0,6.54,7.39,,7.83
Kederekt Parasite,8.36,9.9902,5.208279999999999,19.5,-37.7,282.0,WIP,8.99118,2.2920000000000065,$5-10,5.28,578921,True,0.0,5.0,7.0,,5.28
Lazotep Quarry,8.39,7.98728,5.41155,-4.8,-35.5,850.0,WIP,7.1885520000000005,-18.50880000000001,$5-10,5.19,553207,True,0.0,4.5,6.61,,5.19
Sanctum of Eternity,8.4,13.986,7.2828,66.5,-13.3,251.0,WIP,12.5874,42.524,$5-10,8.13,196429,True,0.0,5.88,7.0,,8.13
Force of Vigor,8.5,7.4885,3.9015,-11.9,-54.1,527.0,WIP,6.73965,-24.5864,$5-10,,190734,True,0.0,7.0,8.0,,3.9015
"Yoshimaru, Ever Faithful",8.51,8.49298,6.24634,-0.2,-26.6,236.0,WIP,7.643681999999999,-14.57120000000001,$5-10,,535918,True,1.49,40.0,40.0,,6.24634
Mnemonic Betrayal,8.62,9.49062,8.32692,10.1,-3.4,406.0,WIP,8.541558,-5.754400000000002,$5-10,8.17,176839,True,3.99,7.15,8.26,,8.17
Jeweled Amulet,8.69,9.48948,4.28417,9.2,-50.7,494.0,WIP,8.540532,-6.524799999999992,$5-10,,4751,True,1.49,3.06,3.58,,4.28417
Deep Gnome Terramancer,8.77,8.989249999999998,7.05108,2.5,-19.6,221.0,WIP,8.090324999999998,-12.26000000000001,$5-10,8.49,273676,True,3.99,7.01,8.02,,8.49
Crystal Vein,8.93,1.99139,1.7770700000000006,-77.7,-80.1,292.0,WIP,1.792251,-80.91120000000001,$5-10,,5019,True,1.49,3.29,3.46,,1.7770700000000006
"Slicer, Hired Muscle",8.94,10.98726,7.286099999999999,22.9,-18.5,524.0,WIP,9.888534,5.202399999999988,$5-10,,448834,True,0.0,6.92,7.57,,7.286099999999999
"Vilis, Broker of Blood",9.19,13.98718,7.572559999999999,52.2,-17.6,444.0,WIP,12.588462,30.28320000000001,$5-10,8.41,192644,True,1.99,6.48,6.48,,8.41
"Chandra, Awakened Inferno",9.34,13.99132,7.817579999999999,49.8,-16.3,228.0,WIP,12.592188,28.2288,$5-10,9.48,192222,True,1.49,7.0,7.0,,9.48
"Kaito, Bane of Nightmares",9.39,16.986510000000003,8.32893,80.9,-11.3,426.0,WIP,15.287859000000003,54.85040000000001,$5-10,8.89,575076,False,0.0,,8.25,832586,8.89
Rain of Filth,9.44,8.98688,4.8616,-4.8,-48.5,251.0,WIP,8.088192,-18.508800000000004,$5-10,4.75,6992,True,0.0,4.75,5.91,,4.75
Forbidden Orchard,9.72,11.99448,7.785720000000001,23.4,-19.9,173.0,WIP,10.795031999999999,5.630399999999979,$5-10,8.9,276798,True,0.0,7.0,8.99,,8.9
Goblin Engineer,9.94,10.99364,9.35354,10.6,-5.9,453.0,WIP,9.894276,-5.326400000000006,$5-10,8.91,190867,True,0.0,7.71,8.34,,8.91
Chain of Smog,10.36,9.48976,6.35068,-8.4,-38.7,388.0,WIP,8.540784,-21.590399999999992,$10-20,6.02,10340,True,0.0,5.2,5.2,,6.02
Paradise Mantle,10.53,10.99332,7.476299999999999,4.4,-29.0,308.0,WIP,9.893988,-10.633599999999984,$10-20,8.49,480504,True,0.0,31.59,31.59,,8.49
Silence,10.59,11.98788,7.80483,13.2,-26.3,375.0,WIP,10.789092,-3.100799999999994,$10-20,7.66,69953,True,0.99,5.51,6.0,,7.66
Rootpath Purifier,10.67,8.99481,8.80275,-15.7,-17.5,62.0,WIP,8.095329,-27.83920000000001,$10-20,7.7,452480,True,1.75,3.86,3.86,,7.7
Eladamri's Call,10.84,13.99444,9.74516,29.1,-10.1,440.0,WIP,12.594996000000002,10.509600000000004,$10-20,10.02,191062,True,0.0,8.82,9.9,,10.02
Clown Car,11.0,16.994999999999997,11.242,54.5,2.2,329.0,WIP,15.295499999999999,32.25199999999999,$10-20,10.68,287522,True,0.99,7.52,8.0,,10.68
Praetor's Grasp,11.03,15.9935,11.44914,45.0,3.8,357.0,WIP,14.39415,24.11999999999999,$10-20,11.2,39423,False,0.0,,9.13,27251,11.2
Giver of Runes,11.14,11.98664,9.44672,7.6,-15.2,431.0,WIP,10.787976,-7.894400000000008,$10-20,9.57,190865,True,0.99,6.99,9.51,,9.57
Misdirection,11.73,16.98504,11.46021,44.8,-2.3,238.0,WIP,15.286536000000002,23.9488,$10-20,11.0,6609,True,0.0,23.89,23.89,,11.0
Eldrazi Confluence,11.79,16.98939,10.08045,44.1,-14.5,501.0,WIP,15.290451000000001,23.3496,$10-20,10.25,553171,True,0.0,10.23,10.88,,10.25
Balthor the Defiled,12.17,10.98951,12.68114,-9.7,4.2,105.0,WIP,9.890559,-22.7032,$10-20,11.23,10221,True,0.0,8.82,9.38,,11.23
Trickbind,12.35,10.9915,8.854949999999999,-11.0,-28.3,147.0,WIP,9.89235,-23.816000000000003,$10-20,8.65,14406,True,0.0,7.5,7.81,,8.65
Contamination,12.61,14.99329,10.36542,18.9,-17.8,96.0,WIP,13.493961,1.7784000000000064,$10-20,11.28,284318,True,0.0,7.1,12.02,,11.28
Noble Hierarch,12.78,14.99094,10.96524,17.3,-14.2,274.0,WIP,13.491846,0.408800000000011,$10-20,11.98,583112,True,0.0,9.56,11.2,,11.98
Sphere of Resistance,12.79,11.98423,12.17608,-6.3,-4.8,162.0,WIP,10.785807,-19.7928,$10-20,9.89,4410,True,0.0,23.78,24.0,,9.89
Mindcrank,13.08,10.9872,8.20116,-16.0,-37.3,424.0,WIP,9.88848,-28.096000000000004,$10-20,8.21,39544,True,0.0,6.67,8.05,,8.21
"Kinnan, Bonder Prodigy",13.54,17.99466,13.51292,32.9,-0.2,364.0,WIP,16.195194,13.762400000000005,$10-20,13.37,212623,True,0.0,9.28,9.28,,13.37
"Ral, Crackling Wit",13.85,16.993949999999998,13.018999999999998,22.7,-6.0,522.0,WIP,15.294554999999999,5.03119999999999,$10-20,13.68,558350,True,0.99,11.0,11.0,,13.68
"Razaketh, the Foulblooded",13.92,14.99184,12.84816,7.7,-7.7,240.0,WIP,13.492656,-7.808800000000005,$10-20,12.4,135056,True,0.0,9.79,10.99,,12.4
Imperial Recruiter,13.98,16.9857,13.46274,21.5,-3.7,494.0,WIP,15.287130000000001,4.004000000000001,$10-20,13.55,239769,True,0.0,13.32,14.25,,13.55
"Dihada, Binder of Wills",13.98,24.99624,14.31552,78.8,2.4,318.0,WIP,22.496616,53.052799999999976,$10-20,14.35,282840,True,0.99,10.0,10.0,,14.35
Thousand-Year Elixir,14.3,23.9954,14.586,67.8,2.0,373.0,WIP,21.595860000000002,43.6368,$10-20,14.49,236115,True,0.0,13.65,14.42,,14.49
Vault of Champions,14.4,19.9872,16.012800000000002,38.8,11.2,474.0,WIP,17.988480000000003,18.812800000000014,$10-20,15.75,221351,False,0.99,,13.0,787595,15.75
Emiel the Blessed,14.74,12.98594,13.28074,-11.9,-9.9,147.0,WIP,11.687346,-24.5864,$10-20,13.06,216252,True,0.0,10.65,11.99,,13.06
Hammerheim,14.78,24.99298,8.33592,69.1,-43.6,94.0,WIP,22.493682,44.749600000000015,$10-20,,3896,True,0.0,7.25,9.06,,8.33592
Insidious Dreams,14.84,13.99412,18.74292,-5.7,26.3,91.0,WIP,12.594708,-19.279199999999992,$10-20,13.22,9748,True,0.0,7.54,7.81,,13.22
"Urza, Lord High Artificer",15.23,19.99699,13.96591,31.3,-8.3,223.0,WIP,17.997291,12.392799999999994,$10-20,15.27,503426,True,1.39,13.81,13.81,,15.27
All Will Be One,15.25,14.99075,12.30675,-1.7,-19.3,480.0,WIP,13.491675,-15.855200000000004,$10-20,12.45,479312,True,2.0,12.9,12.9,,12.45
Mindbreak Trap,15.47,10.9837,6.760390000000001,-29.0,-56.3,457.0,WIP,9.885330000000002,-39.224,$10-20,6.66,544838,True,1.0,7.66,8.0,,6.66
Snapcaster Mage,15.59,19.98638,14.15572,28.2,-9.2,437.0,WIP,17.987742,9.73920000000001,$10-20,,52206,False,1.49,,12.75,18512,14.15572
Subtlety,15.87,17.996579999999998,13.187969999999998,13.4,-16.9,613.0,WIP,16.196921999999997,-2.9296000000000104,$10-20,13.14,239741,True,0.99,11.31,11.31,,13.14
Chain of Vapor,16.04,10.9874,9.76836,-31.5,-39.1,389.0,WIP,9.88866,-41.364,$10-20,9.39,10327,True,0.99,9.0,9.0,,9.39
"Ashaya, Soul of the Wild",16.21,17.993100000000002,14.57279,11.0,-10.1,379.0,WIP,16.193790000000003,-4.984000000000001,$10-20,14.07,221884,True,3.99,12.84,14.99,,14.07
Impossible Man,16.45,11.99205,13.80155,-27.1,-16.1,419.0,WIP,10.792845000000002,-37.5976,$10-20,,697202,True,0.0,7.52,8.99,,13.80155
Dance of the Dead,16.48,18.98496,9.9704,15.2,-39.5,420.0,WIP,17.086464000000003,-1.388799999999998,$10-20,,4639,True,0.0,8.0,9.09,,9.9704
Mystical Tutor,16.53,20.9931,16.62918,27.0,0.6,359.0,WIP,18.89379,8.711999999999984,$10-20,14.84,457199,False,0.0,,15.2,4058,14.84
Disrupting Shoal,16.76,14.983440000000002,14.21248,-10.6,-15.2,417.0,WIP,13.485096000000002,-23.473600000000005,$10-20,,180823,True,0.0,23.8,23.8,,14.21248
Knuckles the Echidna,16.87,21.98161,17.39297,30.3,3.1,438.0,WIP,19.783449,11.536799999999996,$10-20,18.03,643701,True,2.0,16.0,16.0,,18.03
Entomb,17.12,18.98608,14.56912,10.9,-14.9,254.0,WIP,17.087472,-5.069600000000002,$10-20,15.22,9407,True,0.0,15.8,15.93,,15.22
Pact of Negation,17.24,21.99824,16.377999999999997,27.6,-5.0,291.0,WIP,19.798416,9.225599999999998,$10-20,15.82,233786,True,0.0,16.85,17.8,,15.82
Training Center,17.28,22.9824,16.6752,33.0,-3.5,483.0,WIP,20.68416,13.847999999999988,$10-20,17.14,221359,True,0.0,15.0,16.88,,17.14
Warrior's Oath,17.32,21.9964,18.15136,27.0,4.8,219.0,WIP,19.796760000000003,8.711999999999993,$10-20,17.65,277214,True,0.0,16.41,17.43,,17.65
Strip Mine,17.42,19.99816000000001,13.53534,14.8,-22.3,374.0,WIP,17.99834400000001,-1.731199999999956,$10-20,,1938,False,0.0,,11.95,503662,13.53534
Spellseeker,17.52,24.98352,16.9944,42.6,-3.0,215.0,WIP,22.485167999999998,22.0656,$10-20,17.25,167811,True,0.99,14.99,14.99,,17.25
Gamble,17.55,19.98945,16.6725,13.9,-5.0,387.0,WIP,17.990505000000002,-2.5016000000000065,$10-20,16.45,461900,True,0.99,13.5,13.5,,16.45
Grand Abolisher,17.71,20.98635,16.488010000000003,18.5,-6.9,429.0,WIP,18.887715000000004,1.43600000000001,$10-20,15.83,544936,True,0.0,13.0,16.89,,15.83
Final Fortune,17.8,10.9826,9.3272,-38.3,-47.6,144.0,WIP,9.88434,-47.1848,$10-20,9.59,2900,True,1.31,10.52,11.19,,9.59
Sea of Clouds,17.86,27.98662,18.753,56.7,5.0,472.0,WIP,25.187958,34.1352,$10-20,19.35,267055,True,0.0,16.49,17.0,,19.35
Diabolic Intent,18.05,18.9886,15.07175,5.2,-16.5,523.0,WIP,17.089740000000003,-9.948800000000002,$10-20,15.39,452124,True,1.3,13.99,13.99,,15.39
Altar of Dementia,18.11,20.98949,16.75175,15.9,-7.5,484.0,WIP,18.890541,-0.7896000000000016,$10-20,16.58,191735,True,1.99,12.99,12.99,,16.58
"Esika, God of the Tree",18.15,21.9978,16.6617,21.2,-8.2,301.0,WIP,19.79802,3.747200000000022,$10-20,,230163,True,0.0,16.74,17.55,,16.6617
"Ob Nixilis, Captive Kingpin",18.32,19.98712,16.3048,9.1,-11.0,250.0,WIP,17.988408,-6.610400000000007,$10-20,17.24,495606,True,1.49,15.0,15.0,,17.24
"Boseiju, Who Shelters All",18.38,20.98996,17.534519999999997,14.2,-4.6,121.0,WIP,18.890964,-2.244800000000004,$10-20,22.02,695490,True,0.0,15.64,15.64,,22.02
Grand Arbiter Augustin IV,18.46,16.9832,15.61716,-8.0,-15.4,321.0,WIP,15.284880000000001,-21.248000000000005,$10-20,16.18,276439,True,0.0,14.81,16.0,,16.18
"Shinka, the Bloodsoaked Keep",18.56,18.98688,14.23552,2.3,-23.3,135.0,WIP,17.088192,-12.4312,$10-20,14.37,12165,True,0.0,12.0,13.55,,14.37
Tarnished Citadel,18.74,5.490819999999999,4.216499999999999,-70.7,-77.5,116.0,WIP,4.941738,-74.9192,$10-20,4.37,9604,True,0.0,12.98,13.13,,4.37
Grinding Station,19.0,16.986,12.844,-10.6,-32.4,282.0,WIP,15.287400000000002,-23.4736,$10-20,12.75,11802,False,0.0,,13.81,503662,12.75
"Linvala, Keeper of Silence",20.06,23.99176,19.67886,19.6,-1.9,180.0,WIP,21.592584,2.377600000000009,$20-50,19.08,216559,True,0.0,17.0,18.97,,19.08
Overlord of the Balemurk,20.32,24.9936,18.43024,23.0,-9.3,694.0,WIP,22.49424,5.288000000000003,$20-50,20.99,578886,True,0.0,17.4,17.4,,20.99
Bloodchief Ascension,20.32,22.98192,15.38224,13.1,-24.3,342.0,WIP,20.683728,-3.186400000000008,$20-50,15.45,504564,True,1.99,18.0,18.0,,15.45
Beseech the Mirror,20.49,23.99379,20.22363,17.1,-1.3,667.0,WIP,21.594411,0.2376000000000002,$20-50,19.39,689922,True,1.99,23.0,23.0,,19.39
Necromancy,20.68,21.98284,20.30776,6.3,-1.8,337.0,WIP,19.784556,-9.0072,$20-50,21.0,5890,True,1.49,12.23,13.18,,21.0
Goblin Welder,22.21,23.9868,25.00846,8.0,12.6,190.0,WIP,21.58812,-7.552000000000017,$20-50,21.94,6321,True,3.99,29.68,29.99,,21.94
Tiller Engine,23.92,37.98496000000001,24.70936,58.8,3.3,184.0,WIP,34.18646400000001,35.9328,$20-50,23.62,282900,True,0.0,18.0,18.0,,23.62
City of Solitude,24.52,9.97964,11.23016,-59.3,-54.2,137.0,WIP,8.981676,-65.16080000000001,$20-50,10.79,5814,True,0.0,13.11,13.11,,10.79
"Mikaeus, the Unhallowed",24.8,27.9992,26.040000000000003,12.9,5.0,160.0,WIP,25.199279999999998,-3.3576000000000104,$20-50,25.59,504569,True,0.0,23.0,23.99,,25.59
Breath of Fury,25.64,12.99948,8.35864,-49.3,-67.4,386.0,WIP,11.699532,-56.60080000000001,$20-50,9.76,693443,True,0.0,5.88,7.37,,9.76
Grim Tutor,25.66,24.99284,24.7619,-2.6,-3.5,261.0,WIP,22.493556,-16.6256,$20-50,23.81,215341,True,1.22,20.0,21.26,,23.81
"Nissa, Resurgent Animist",26.56,37.9808,27.595839999999995,43.0,3.9,230.0,WIP,34.18272,22.40800000000001,$20-50,26.28,495610,True,3.99,24.74,25.0,,26.28
Worldly Tutor,26.99,32.98178,24.72284,22.2,-8.4,460.0,WIP,29.683602,4.603200000000009,$20-50,24.0,5300,True,0.0,22.0,22.59,,24.0
Deadly Rollick,27.66,24.97698,26.02806,-9.7,-5.9,327.0,WIP,22.479282,-22.703199999999995,$20-50,25.56,625928,True,1.49,23.23,23.23,,25.56
Dosan the Falling Leaf,27.68,39.9976,36.537600000000005,44.5,32.0,196.0,WIP,35.99784,23.69199999999999,$20-50,,11981,True,0.0,19.0,21.14,,36.537600000000005
The Meathook Massacre,27.71,33.002610000000004,26.82328,19.1,-3.2,311.0,WIP,29.702349000000005,1.9496000000000024,$20-50,26.39,248212,True,0.0,22.0,25.99,,26.39
Wasteland,28.24,0.7907200000000006,0.5365600000000005,-97.2,-98.1,395.0,WIP,0.7116480000000006,-97.6032,$20-50,,5789,False,0.0,,28.99,368,0.5365600000000005
Agadeem's Awakening,28.62,29.99376,27.6183,4.8,-3.5,406.0,WIP,26.994384000000004,-10.291199999999998,$20-50,,222163,True,0.0,24.39,26.99,,27.6183
Green Sun's Zenith,28.69,32.9935,27.59978,15.0,-3.8,441.0,WIP,29.694149999999997,-1.5600000000000118,$20-50,29.06,39050,True,0.0,23.92,25.7,,29.06
Terror of the Peaks,28.72,34.98096,18.668,21.8,-35.0,429.0,WIP,31.482864000000003,4.260800000000016,$20-50,17.92,544402,True,0.0,24.79,24.8,,17.92
Morphic Pool,28.96,37.995520000000006,28.12016,31.2,-2.9,493.0,WIP,34.19596800000001,12.307200000000018,$20-50,27.59,267057,True,2.0,24.99,25.99,,27.59
Sylvan Library,29.29,28.00124,24.75005,-4.4,-15.5,143.0,WIP,25.201116,-18.166400000000007,$20-50,26.27,4035,True,1.99,81.5,81.5,,26.27
Field of the Dead,29.88,29.99952,28.86408,0.4,-3.4,408.0,WIP,26.999568,-14.0576,$20-50,28.88,192562,True,0.0,26.49,28.27,,28.88
Serra Ascendant,30.18,29.99892,29.18406,-0.6,-3.3,163.0,WIP,26.999028,-14.913600000000008,$20-50,28.97,35573,True,0.0,24.12,24.49,,28.97
"Yawgmoth, Thran Physician",31.09,32.98649,27.70119,6.1,-10.9,174.0,WIP,29.687841000000002,-9.178399999999996,$20-50,30.99,191131,True,1.0,27.0,27.0,,30.99
Exploration,32.2,39.9924,32.006800000000005,24.2,-0.6,334.0,WIP,35.99316,6.315200000000005,$20-50,30.92,457191,True,1.99,24.0,24.0,,30.92
Mana Confluence,32.7,48.003600000000006,35.05440000000001,46.8,7.2,500.0,WIP,43.20324000000001,25.660799999999995,$20-50,35.05,82224,True,0.0,26.17,26.17,,35.05
Vaultborn Tyrant,32.73,47.98217999999999,31.97721,46.6,-2.3,473.0,WIP,43.183961999999994,25.4896,$20-50,31.21,544300,True,0.0,30.51,31.0,,31.21
Scroll Rack,32.85,27.9882,18.724500000000003,-14.8,-43.0,300.0,WIP,25.18938,-27.068800000000003,$20-50,14.94,226675,True,3.99,30.5,31.99,,14.94
Consecrated Sphinx,32.88,27.980880000000003,28.96728,-14.9,-11.9,151.0,WIP,25.182792000000003,-27.154399999999995,$20-50,27.62,39058,True,0.0,21.89,21.89,,27.62
Solitude,33.5,44.9905,36.7495,34.3,9.7,522.0,WIP,40.49145,14.9608,$20-50,36.37,240037,False,1.99,,28.75,428533,36.37
Trinisphere,33.57,43.00317,30.95154,28.1,-7.8,197.0,WIP,38.702853,9.6536,$20-50,32.99,11660,False,0.0,,29.0,18019,32.99
"Delney, Streetwise Lookout",33.77,44.981640000000006,31.237250000000003,33.2,-7.5,507.0,WIP,40.483476,14.019200000000009,$20-50,31.99,533402,True,0.0,32.99,34.14,,31.99
Sakashima of a Thousand Faces,34.07,42.99634,30.08381,26.2,-11.7,316.0,WIP,38.696706,8.027199999999993,$20-50,29.89,227010,True,0.99,29.98,30.0,,29.89
Prismatic Vista,34.25,47.98425,26.81775,40.1,-21.7,417.0,WIP,43.185825,19.925600000000014,$20-50,27.9,190748,True,0.99,32.0,32.0,,27.9
Maralen of the Mornsong,34.99,29.98643,20.014280000000003,-14.3,-42.8,111.0,WIP,26.987787,-26.64080000000001,$20-50,,18012,True,0.0,17.32,17.32,,20.014280000000003
Tangle Wire,35.26,33.003359999999994,22.46062,-6.4,-36.3,79.0,WIP,29.703023999999996,-19.878400000000013,$20-50,,7251,True,0.0,19.77,21.26,,22.46062
Natural Order,36.66,21.996,16.313699999999997,-40.0,-55.5,233.0,WIP,19.7964,-48.64,$20-50,16.79,235505,True,4.99,17.74,17.74,,16.79
Necropotence,37.65,24.9996,32.0778,-33.6,-14.8,251.0,WIP,22.499640000000003,-43.16159999999999,$20-50,17.05,509515,True,0.0,35.22,37.0,,17.05
Agatha's Soul Cauldron,37.71,39.9726,37.48374,6.0,-0.6,497.0,WIP,35.97534,-9.264000000000012,$20-50,38.49,512510,True,0.0,32.02,34.0,,38.49
Ranger-Captain of Eos,37.83,55.00482,36.95991,45.4,-2.3,381.0,WIP,49.504338000000004,24.4624,$20-50,36.89,190873,True,0.0,36.99,38.5,,36.89
Enlightened Tutor,37.88,37.99364,25.11444,0.3,-33.7,405.0,WIP,34.194276,-14.143200000000016,$20-50,20.9,5051,True,2.49,25.25,25.25,,20.9
Portal to Phyrexia,38.56,54.98656,43.07152,42.6,11.7,436.0,WIP,49.487904,22.0656,$20-50,,451962,True,0.0,41.96,43.0,,43.07152
Chromatic Orrery,38.69,44.99647,30.952,16.3,-20.0,310.0,WIP,40.496823000000006,-0.4471999999999947,$20-50,33.74,215443,True,0.0,28.5,32.61,,33.74
Tainted Pact,39.7,37.9929,31.243900000000004,-4.3,-21.3,310.0,WIP,34.19361,-18.080800000000004,$20-50,29.99,235648,True,0.99,30.46,30.46,,29.99
Sea Gate Restoration,39.77,55.00191,40.12793,38.3,0.9,507.0,WIP,49.501719,18.384799999999995,$20-50,,222038,True,0.0,28.28,28.28,,40.12793
Food Chain,42.64,29.97592,40.55064,-29.7,-4.9,79.0,WIP,26.978327999999998,-39.8232,$20-50,42.59,6529,True,0.0,27.26,27.26,,42.59
Sensei's Divining Top,43.41,55.00046999999999,40.11084,26.7,-7.6,368.0,WIP,49.500423,8.455199999999987,$20-50,39.75,12160,True,0.0,31.0,33.32,,39.75
"Ragavan, Nimble Pilferer",43.41,55.00046999999999,46.31846999999999,26.7,6.7,523.0,WIP,49.500423,8.455199999999987,$20-50,46.75,239857,False,0.0,,35.95,38939,46.75
Scapeshift,47.06,55.01314000000001,49.13064000000001,16.9,4.4,334.0,WIP,49.511826000000006,0.0664000000000128,$20-50,46.58,168720,True,1.49,43.98,44.0,,46.58
Cavern of Souls,47.36,54.98496,47.40736,16.1,0.1,286.0,WIP,49.486464000000005,-0.618399999999992,$20-50,49.45,58842,True,0.0,42.98,43.2,,49.45
Allosaurus Shepherd,50.6,55.0022,50.3976,8.7,-0.4,138.0,WIP,49.50198,-6.952800000000002,$50-100,49.03,216173,True,0.0,46.5,46.93,,49.03
Finale of Devastation,52.51,69.99583,50.51462,33.3,-3.8,421.0,WIP,62.996247,14.104799999999996,$50-100,48.99,188701,True,0.0,40.0,43.99,,48.99
Gemstone Caverns,52.87,69.99988,55.93646,32.4,5.8,175.0,WIP,62.999892,13.334400000000008,$50-100,53.7,14244,True,0.99,50.48,54.0,,53.7
Amulet of Vigor,53.47,58.01495,47.96259,8.5,-10.3,310.0,WIP,52.213455,-7.124000000000002,$50-100,45.95,34328,True,0.0,42.92,42.92,,45.95
Firestorm,53.58,9.483660000000002,9.269339999999996,-82.3,-82.7,179.0,WIP,8.535294000000002,-84.8488,$50-100,,6027,True,3.0,27.48,27.48,,9.269339999999996
Force of Negation,54.4,70.0128,48.96,28.7,-10.0,598.0,WIP,63.01152,10.167199999999998,$50-100,49.23,190647,True,0.99,47.0,47.0,,49.23
Mana Drain,57.16,64.99092,54.24484,13.7,-5.1,349.0,WIP,58.491828000000005,-2.672799999999993,$50-100,53.42,544246,True,1.49,46.45,46.45,,53.42
"Minamo, School at Water's Edge",61.51,74.98069,54.43635,21.9,-11.5,106.0,WIP,67.482621,4.3463999999999965,$50-100,56.28,12093,False,0.0,,44.0,227740,56.28
"Urborg, Tomb of Yawgmoth",62.3,69.96289999999999,59.1227,12.3,-5.1,353.0,WIP,62.966609999999996,-3.871200000000013,$50-100,59.16,91106,False,0.0,,48.73,45469,59.16
Deflecting Swat,66.68,95.01900000000002,68.48036,42.5,2.7,485.0,WIP,85.51710000000001,21.980000000000008,$50-100,66.23,212191,True,0.99,60.97,63.99,,66.23
"Greymond, Avacyn's Stalwart",67.34,89.96624000000001,66.80128,33.6,-0.8,83.0,WIP,80.96961600000002,14.361600000000005,$50-100,64.25,513295,True,1.99,62.0,62.91,,64.25
Spectacular Spider-Man,73.74,7.963919999999998,5.677980000000004,-89.2,-92.3,37.0,WIP,7.167527999999998,-90.7552,$50-100,6.18,658360,True,0.0,72.95,72.95,,6.18
Mox Amber,75.78,94.95234,81.23616000000001,25.3,7.2,482.0,WIP,85.45710600000001,7.256799999999997,$50-100,75.0,162125,True,2.49,60.78,60.78,,75.0
"Sheoldred, the Apocalypse",96.04,119.95396000000002,78.08051999999999,24.9,-18.7,436.0,WIP,107.95856400000002,6.914400000000012,$50-100,79.97,282800,True,1.99,90.92,90.92,,79.97
Shallow Grave,99.75,159.999,106.932,60.4,7.2,288.0,WIP,143.9991,37.30239999999998,$50-100,89.69,5226,True,1.49,85.0,85.0,,89.69
The One Ring,106.14,109.96104,93.82776,3.6,-11.6,504.0,WIP,98.964936,-11.318400000000011,$100-200,95.01,487805,True,1.21,99.69,99.78,,95.01
Mana Vault,115.52,109.97504,93.80224,-4.8,-18.8,204.0,WIP,98.97753600000001,-18.5088,$100-200,72.0,276291,True,0.0,90.69,105.5,,72.0
Ancient Tomb,134.33,58.030560000000015,70.79191000000002,-56.8,-47.3,324.0,WIP,52.22750400000002,-63.0208,$100-200,48.99,5457,False,0.0,,106.89,178743,48.99
Imperial Seal,163.39,199.98936,166.65779999999998,22.4,2.0,125.0,WIP,179.99042400000002,4.774400000000012,$100-200,159.79,276288,True,0.0,142.0,155.6,,159.79
Chrome Mox,168.45,54.91469999999999,39.58575,-67.4,-76.5,161.0,WIP,49.42322999999999,-72.09440000000001,$100-200,32.99,11467,True,0.0,127.54,128.69,,32.99
Bayou,232.81,230.01628,247.47703,-1.2,6.3,81.0,WIP,207.014652,-15.427200000000004,$200+,,1342,True,0.0,269.43,269.43,,247.47703
Mox Opal,247.48,249.9548,219.76224,1.0,-11.2,212.0,WIP,224.95932000000002,-13.543999999999992,$200+,215.32,36238,True,0.0,214.99,215.98,,215.32
Earthcraft,260.45,350.04479999999995,312.54,34.4,20.0,197.0,WIP,315.04031999999995,15.04639999999999,$200+,208.88,5529,True,0.0,190.0,190.0,,208.88
Intuition,358.35,499.89825,268.76250000000005,39.5,-25.0,104.0,WIP,449.908425,19.412000000000003,$200+,,5593,True,4.99,247.42,247.42,,268.76250000000005
Plateau,375.14,399.89924,258.8466,6.6,-31.0,107.0,WIP,359.90931600000005,-8.750399999999987,$200+,,1527,False,0.0,,245.0,29568,258.8466
Wheel of Fortune,379.5,499.8015,248.952,31.7,-34.4,136.0,WIP,449.82135,12.735199999999985,$200+,,1624,False,0.0,,265.0,208734,248.952
Transmute Artifact,396.45,650.178,304.07715,64.0,-23.3,63.0,WIP,585.1602,40.384,$200+,,3330,True,1.49,288.88,288.88,,304.07715
Survival of the Fittest,396.95,550.1727000000001,304.46065,38.6,-23.3,91.0,WIP,495.1554300000001,18.64160000000001,$200+,,4416,True,0.0,292.14,292.14,,304.46065
Taiga,424.19,450.06559,303.72004,6.1,-28.4,98.0,WIP,405.059031,-9.178400000000003,$200+,,1585,False,0.99,,250.0,467477,303.72004
Scrubland,435.57,449.94381,293.13861,3.3,-32.7,77.0,WIP,404.949429,-11.57520000000001,$200+,,1556,False,1.49,,280.0,336385,293.13861
Grim Monolith,470.23,42.79092999999999,51.7253,-90.9,-89.0,128.0,WIP,38.51183699999999,-92.2104,$200+,24.75,6323,True,0.0,352.47,352.47,,24.75
Nether Void,507.99,599.93619,656.32308,18.1,29.2,8.0,WIP,539.942571,1.093599999999992,$200+,,3963,True,1.49,454.99,454.99,,656.32308
Badlands,533.06,649.8001399999998,292.11688,21.9,-45.2,91.0,WIP,584.8201259999998,4.34639999999999,$200+,,1339,True,0.0,280.15,280.15,,292.11688
City of Traitors,538.42,649.87294,435.04336,20.7,-19.2,62.0,WIP,584.885646,3.3192000000000013,$200+,,4303,True,2.99,390.0,390.0,,435.04336
Timetwister,798.33,1100.09874,989.9292,37.8,24.0,2.0,WIP,990.0888659999999,17.956799999999983,$200+,,448965,True,2.99,869.69,869.69,,989.9292
Lion's Eye Diamond,816.91,900.23482,749.92338,10.2,-8.2,90.0,WIP,810.2113380000001,-5.668799999999992,$200+,,5129,True,0.0,718.99,719.89,,749.92338
Underground Sea,987.2,1200.4352,731.5152,21.6,-25.9,81.0,WIP,1080.39168,4.089599999999991,$200+,,1599,True,0.99,686.01,686.01,,731.5152
Mox Diamond,1139.92,1500.1347200000002,929.0348,31.6,-18.5,67.0,WIP,1350.1212480000002,12.649600000000005,$200+,,5382,True,0.0,875.99,875.99,,929.0348
Chains of Mephistopheles,1183.06,1399.55998,1094.3305,18.3,-7.5,11.0,WIP,1259.603982,1.2648000000000024,$200+,,3825,True,1.33,924.99,925.0,,1094.3305
Gaea's Cradle,1622.57,2299.18169,1087.1219,41.7,-33.0,62.0,WIP,2069.263521,21.29519999999999,$200+,,6883,True,0.0,1043.9,1043.9,,1087.1219
The Tabernacle at Pendrell Vale,2899.99,4300.68517,2917.38994,48.3,0.6,4.0,WIP,3870.616653,26.944800000000008,$200+,,4046,True,0.0,2599.99,2599.99,,2917.38994
Force of Will (JP Alternate Art),168.53,299.99,173.59,78.00391621669733,3.0024328012816723,356.0,gmv-100-200,269.99100000000004,52.371352281492925,$100-200,,686640,True,0.0,164.99,166.99,,173.59
Vampiric Tutor (JP Alternate Art),107.24,129.99,109.41,21.2140992167102,2.023498694516973,275.0,gmv-100-200,116.99100000000001,3.759268929503933,$100-200,,686555,True,0.0,106.79,107.24,,109.41
Ancient Tomb (0001) (Borderless),118.85,149.99,119.83,26.201093815734133,0.8245687841817451,356.0,gmv-100-200,134.991,8.028136306268426,$100-200,,643635,True,0.99,120.0,120.0,,119.83
Stay with Me - Rhystic Study (Showcase),106.12,139.99,108.35,31.916698077647947,2.1013946475687804,298.0,gmv-100-200,125.99100000000001,12.920693554466636,$100-200,,632052,True,0.0,92.0,96.39,,108.35
Deflecting Swat (Borderless),103.43,139.99,103.15,35.34757807212608,-0.2707144928937456,259.0,gmv-100-200,125.99100000000001,15.857526829739912,$100-200,,504495,True,0.0,101.83,102.81,,103.15
Ancient Copper Dragon,109.72,149.99,110.44,36.7025154939847,0.6562158220925983,273.0,gmv-100-200,134.991,17.01735326285091,$100-200,107.99,273001,True,0.99,103.0,106.27,,107.99
Balin's Tomb - Ancient Tomb (Borderless),181.11,199.99,182.99,10.424603831925346,1.0380431781790047,159.0,gmv-100-200,179.991,-5.476539119871908,$100-200,,498456,True,0.99,171.95,171.95,,182.99
Rhystic Study (Anime Borderless),161.63,199.99,151.09,23.73321784322218,-6.521066633669487,147.0,gmv-100-200,179.991,5.9156344737981845,$100-200,,509566,True,0.0,125.0,125.0,,151.09
"Jin Sakai, Ghost of Tsushima",115.4,109.99,118.74,-4.6880415944540825,2.8942807625649816,225.0,gmv-100-200,98.991,-18.41296360485269,$100-200,120.52,659479,True,0.99,108.82,109.8,,120.52
Chrome Mox (Borderless),174.59,179.99,175.88,3.092960650667281,0.7388739332149562,141.0,gmv-100-200,161.991,-11.752425683028816,$100-200,,614390,True,0.0,149.99,169.98,,175.88
Metalworker,198.18,199.99,148.46,0.9133111312947836,-25.088303562418,154.0,gmv-100-200,179.991,-13.618205671611667,$100-200,,6209,False,2.49,,139.99,52,148.46
Lake of the Dead,116.89,139.99,69.02,19.76216956112585,-40.95303276584824,198.0,gmv-100-200,125.99100000000001,2.516417144323723,$100-200,,4183,True,1.6,68.0,68.0,,69.02
"The Dead Marshes - Urborg, Tomb of Yawgmoth (Borderless)",121.51,179.99,119.83,48.12772611307711,-1.3826022549584451,158.0,gmv-100-200,161.991,26.797333552794,$100-200,,499326,True,0.0,93.98,93.98,,119.83
The One Ring (Extended Art),128.55,139.99,129.98,8.899260987942432,1.112407623492787,142.0,gmv-100-200,125.99100000000001,-6.782232594321283,$100-200,,488276,True,0.0,108.33,108.33,,129.98
Gilded Drake,198.32,279.99,137.53,41.18091972569585,-30.652480839048003,107.0,gmv-100-200,251.991,20.850867285195644,$100-200,,6886,True,0.0,142.65,142.65,,137.53
Imperial Seal (Borderless),174.9,229.99,170.73,31.497998856489424,-2.384219554030884,97.0,gmv-100-200,206.991,12.562287021154948,$100-200,,276329,True,1.42,170.0,170.0,,170.73
Ancient Copper Dragon (Borderless),140.92,179.99,133.11,27.72495032642636,-5.542151575361889,118.0,gmv-100-200,161.991,9.332557479420954,$100-200,,273003,True,1.49,132.43,132.43,,133.11
Mana Vault (Borderless),141.45,179.99,140.65,27.24637681159422,-0.5655708731000233,98.0,gmv-100-200,161.991,8.922898550724643,$100-200,,276323,True,0.0,133.64,133.94,,140.65
Palantir of Orthanc (Borderless Poster),135.39,199.99,208.34,47.71401137454762,53.88137971785215,94.0,gmv-100-200,179.991,26.443193736612763,$100-200,,518157,True,0.0,150.0,150.0,,208.34
Null Rod,113.84,129.99,83.36,14.186577652846106,-26.774420238931835,141.0,gmv-100-200,116.99100000000001,-2.2562895291637304,$100-200,,6076,True,0.0,79.86,79.98,,83.36
Demonic Tutor (Borderless),112.98,149.99,106.12,32.75801026730395,-6.071871127633209,127.0,gmv-100-200,134.991,13.640856788812188,$100-200,,504181,True,1.99,94.59,94.59,,106.12
Aluren,104.49,94.99,58.370000000000005,-9.09177911761891,-44.1381950425878,176.0,gmv-100-200,85.491,-22.1825629246818,$100-200,,5455,True,0.0,51.69,51.69,,58.370000000000005
Witch-king of Angmar (Borderless Poster),152.26,229.99,229.24,51.05083409956654,50.55825561539473,78.0,gmv-100-200,206.991,29.299513989228963,$100-200,,518162,True,1.99,200.0,200.0,,229.24
Tolarian Academy,179.43,249.99,96.54,39.324527670958034,-46.19628824611269,91.0,gmv-100-200,224.991,19.26179568634008,$100-200,,7073,True,0.0,94.48,94.48,,96.54
Volrath's Stronghold,117.09,129.99,74.28,11.017166282346915,-36.56161926723034,141.0,gmv-100-200,116.99100000000001,-4.969305662311035,$100-200,,5441,True,0.99,61.99,61.99,,74.28
"Sheoldred, the Apocalypse (Concept Praetor)",149.16,229.99,176.92000000000002,54.19013140252079,18.610887637436324,77.0,gmv-100-200,206.991,31.9867524805578,$100-200,,475545,True,0.0,140.05,140.05,,176.92000000000002
Last March of the Ents (Borderless Poster),150.62,229.99,198.39,52.695525162661006,31.715575620767485,71.0,gmv-100-200,206.991,30.707369539237817,$100-200,,518163,True,0.0,180.0,184.98,,198.39
Orcish Bowmasters (Showcase Scrolls),109.22,139.99,144.56,28.17249587987549,32.35671122505036,87.0,gmv-100-200,125.99100000000001,9.715656473173413,$100-200,,518043,True,0.99,113.0,116.0,,144.56
Dark Ritual (1170),133.27,139.99,130.52,5.042395137690401,-2.0634801530727094,69.0,gmv-100-200,125.99100000000001,-10.083709762137024,$100-200,,456562,True,0.0,125.0,126.11,,130.52
Chrome Mox (Borderless),176.04,199.99,162.48,13.604862531242908,-7.702794819359237,52.0,gmv-100-200,179.991,-2.754237673256074,$100-200,,614390,True,0.0,149.99,169.98,,162.48
"Jaws, Relentless Predator",171.11,229.99,191.72,34.41061305592893,12.04488340833381,62.0,gmv-100-200,206.991,15.055484775875165,$100-200,125.0,656542,True,0.0,183.05,183.05,,125.0
Ancient Copper Dragon (Showcase),107.54,149.99,106.25,39.47368421052632,-1.1995536544541625,86.0,gmv-100-200,134.991,19.389473684210536,$100-200,,273002,True,0.0,100.0,105.24,,106.25
Rishadan Port,107.29,119.99,62.5,11.83707708080901,-41.74666790940442,80.0,gmv-100-200,107.991,-4.267462018827486,$100-200,,6667,True,0.0,64.99,64.99,,62.5
Power Artifact,185.2,229.99,125.02,24.18466522678187,-32.494600431965445,53.0,gmv-100-200,206.991,6.30207343412528,$100-200,,3306,True,1.49,106.96,106.96,,125.02
The Fourteenth Doctor,112.54,129.99,109.84,15.50559800959659,-2.3991469699662367,44.0,gmv-100-200,116.99100000000001,-1.127208103785315,$100-200,106.0,530360,True,0.99,108.0,108.0,,106.0
Ancient Tomb (0046) (Borderless),167.66,159.99,177.14,-4.574734581891917,5.65430036979601,28.0,gmv-100-200,143.991,-18.315972802099488,$100-200,,643637,True,1.99,160.0,160.0,,177.14
Mishra's Factory (Spring),111.21,229.99,46.87,106.80694182177864,-57.85450948655697,52.0,gmv-100-200,206.991,77.02674219944251,$100-200,,77296,True,0.0,38.44,38.44,,46.87
Kaldra Compleat,157.05,139.99,175.87,-10.862782553326966,11.983444762814385,14.0,gmv-100-200,125.99100000000001,-23.698541865647886,$100-200,159.49,240060,True,0.0,5.36,5.36,,159.49
Mana Crypt,145.42,139.99,96.83,-3.7340118278090895,-33.41356072067116,22.0,gmv-100-200,125.99100000000001,-17.596314124604586,$100-200,,122771,True,0.0,429.99,400.0,,96.83
Plains - Red Pack (Spears),129.45,119.99,66.84,-7.307840865198914,-48.36616454229432,27.0,gmv-100-200,107.991,-20.65551178061027,$100-200,,21676,True,0.0,66.09,66.09,,66.84
Island - Venezia,111.46,159.99,114.62,43.54028350977931,2.835097792930209,22.0,gmv-100-200,143.991,22.87048268437108,$100-200,,21644,True,1.49,182.25,182.25,,114.62
In the Eye of Chaos,193.45,159.99,150.65,-17.29645903334194,-22.124579994830697,18.0,gmv-100-200,143.991,-29.20576893254071,$100-200,,3912,True,1.59,121.85,120.0,,150.65
Divine Intervention,151.35,159.99,98.03,5.708622398414281,-35.22960026428807,19.0,gmv-100-200,143.991,-9.513419226957383,$100-200,,3844,True,0.0,96.99,96.99,,98.03
Triskelion,166.11,159.99,114.6,-3.6843055806393377,-31.009571970381085,17.0,gmv-100-200,143.991,-17.553765577027285,$100-200,,3331,False,0.0,,127.04,178743,114.6
Thunder Spirit,123.38,229.99,100.29,86.40784568001298,-18.714540444156256,20.0,gmv-100-200,206.991,59.56511590209112,$100-200,77.25,4048,True,1.42,90.0,90.0,,77.25
Serendib Djinn,151.56,159.99,123.24,5.562153602533654,-18.685669041963585,19.0,gmv-100-200,143.991,-9.638796516231205,$100-200,,3238,True,0.0,98.99,100.0,,123.24
Field of Dreams,140.63,149.99,130.25,6.655763350636431,-7.381070895257054,16.0,gmv-100-200,134.991,-8.702666571855207,$100-200,116.0,3865,True,0.0,115.19,115.19,,116.0
Strip Mine (Tower),148.25,139.99,57.54,-5.571669477234395,-61.187183811129856,27.0,gmv-100-200,125.99100000000001,-19.16934907251265,$100-200,,71524,True,4.9,48.41,48.41,,57.54
Tawnos's Coffin,118.0,129.99,95.49,10.16101694915255,-19.07627118644068,23.0,gmv-100-200,116.99100000000001,-5.702169491525414,$100-200,95.99,3324,True,2.49,64.99,64.99,,95.99
Rasputin Dreamweaver,159.55,199.99,126.21,25.34628643058602,-20.89627076151677,15.0,gmv-100-200,179.991,7.296421184581628,$100-200,,3993,True,0.0,115.8,115.8,,126.21
