productId,name,set,transactions,units,gmv_sale,tcgplayer,cardkingdom,manapool,ck_pct,mp_pct,band
688679,Flow State,Secrets of Strixhaven,4218,7962,35152.65,1.81,3.49,0.62,92.81767955801105,-65.74585635359117,$1-2
688521,Flashback,Secrets of Strixhaven,3915,4968,35594.57,3.84,6.49,2.56,69.01041666666667,-33.33333333333333,$2-5
688651,Erode,Secrets of Strixhaven,3771,5161,44420.03,6.42,9.49,4.64,47.819314641744555,-27.725856697819317,$5-10
689056,Cauldron of Essence,Secrets of Strixhaven,3767,4333,18222.39,3.53,3.99,2.61,13.031161473087833,-26.062322946175637,$2-5
696312,The Unbeatable Squirrel Girl,Marvel Super Heroes,3688,4253,41653.38,4.23,4.99,3.33,17.966903073286044,-21.276595744680858,$2-5
687531,Arcane Signet,Commander: Secrets of Strixhaven,3680,8344,6437.52,0.48,0.99,0.4,106.25,-16.66666666666666,$0-1
675591,Stock Up,Secrets of Strixhaven: Mystical Archive,3646,6551,15411.32,1.0,0.79,0.31,-20.999999999999996,-69.0,$1-2
687542,Sol Ring,Commander: Secrets of Strixhaven,3436,8498,23317.87,1.59,2.79,1.4,75.47169811320754,-11.949685534591206,$1-2
686543,Grave Researcher,Secrets of Strixhaven,3398,4095,15607.6,2.05,2.79,1.77,36.097560975609774,-13.658536585365846,$2-5
687665,Fabled Passage,Commander: Secrets of Strixhaven,3367,8855,13574.05,1.1,1.79,0.93,62.72727272727272,-15.454545454545457,$1-2
688928,Return the Favor,Secrets of Strixhaven: Mystical Archive,3261,4947,5798.26,0.43,0.49,0.15,13.953488372093023,-65.11627906976744,$0-1
688477,Resonating Lute,Secrets of Strixhaven,3102,3863,14264.78,1.65,1.29,0.76,-21.818181818181813,-53.93939393939393,$1-2
689495,Tablet of Discovery,Secrets of Strixhaven,3028,5808,9875.35,2.07,1.99,1.3,-3.864734299516901,-37.19806763285023,$2-5
688687,Planar Engineering,Secrets of Strixhaven,2910,3866,8409.43,1.53,0.79,0.52,-48.36601307189542,-66.01307189542483,$1-2
697024,Hex Magic,Marvel Super Heroes,2827,7470,15453.01,1.19,2.99,0.95,151.2605042016807,-20.168067226890756,$1-2
696477,Captain America's Shield,Marvel Super Heroes,2799,3997,7903.99,1.34,2.29,0.81,70.89552238805969,-39.55223880597015,$1-2
552582,Sink into Stupor,Modern Horizons 3,2654,3599,24673.06,5.74,9.99,5.3100000000000005,74.0418118466899,-7.4912891986062675,$5-10
687664,Command Tower,Commander: Secrets of Strixhaven,2605,5335,3074.48,0.33,0.79,0.21,139.3939393939394,-36.36363636363637,$0-1
689052,Scheming Silvertongue,Secrets of Strixhaven,2582,3382,15267.57,1.19,0.99,0.37,-16.806722689075627,-68.90756302521008,$1-2
686581,Stormcarved Coast,Secrets of Strixhaven,2575,3294,9405.92,2.47,3.49,1.39,41.29554655870445,-43.72469635627531,$2-5
696570,"Mole Man, Moloid Master",Marvel Super Heroes,2574,4722,11939.48,1.19,3.49,0.51,193.27731092436977,-57.14285714285714,$1-2
686571,Deathcap Glade,Secrets of Strixhaven,2561,3321,7094.92,2.31,2.99,1.76,29.437229437229444,-23.80952380952381,$2-5
686583,Sundown Pass,Secrets of Strixhaven,2529,3253,6763.39,2.17,3.49,1.23,60.829493087557616,-43.31797235023041,$2-5
688516,Mana Sculpt,Secrets of Strixhaven,2525,3456,5531.57,0.89,0.79,0.15,-11.235955056179773,-83.14606741573034,$0-1
552580,Fell the Profane,Modern Horizons 3,2485,3100,10972.41,3.66,5.99,3.42,63.661202185792355,-6.557377049180333,$2-5
552814,Vexing Bauble,Modern Horizons 3,2470,4655,14060.59,2.61,4.49,1.44,72.03065134099619,-44.827586206896555,$2-5
557921,Llanowar Elves,Foundations,2470,4931,3327.57,0.32,0.79,0.15,146.875,-53.125,$0-1
687597,Fellwar Stone,Commander: Secrets of Strixhaven,2466,5360,6907.57,0.9,1.79,0.72,98.88888888888889,-20.000000000000004,$0-1
688960,Shared Roots,Secrets of Strixhaven: Mystical Archive,2455,4227,2641.83,0.39,0.35,0.15,-10.256410256410266,-61.53846153846154,$0-1
687486,Reliquary Tower,Commander: Secrets of Strixhaven,2451,3568,13527.73,3.67,4.99,3.4,35.96730245231608,-7.3569482288828345,$2-5
689476,"Moseo, Vein's New Dean",Secrets of Strixhaven,2447,3121,7305.73,0.83,0.49,0.25,-40.963855421686745,-69.87951807228916,$0-1
689158,Emeritus of Woe,Secrets of Strixhaven,2444,2628,53654.09,12.17,14.99,11.45,23.171733771569436,-5.916187345932626,$10-20
686589,Swamp (0269),Secrets of Strixhaven,2420,6901,9213.73,0.77,1.29,0.35,67.53246753246754,-54.545454545454554,$0-1
688873,Feed the Swarm,Secrets of Strixhaven: Mystical Archive,2395,3547,5470.16,0.3,0.49,0.15,63.33333333333334,-50.0,$0-1
686574,Shattered Sanctum,Secrets of Strixhaven,2387,3199,13881.45,1.59,2.79,0.78,75.47169811320754,-50.943396226415096,$1-2
553299,Pinnacle Monk,Modern Horizons 3,2387,3507,7177.15,1.7,3.49,1.68,105.29411764705885,-1.176470588235295,$1-2
552336,Witch Enchanter,Modern Horizons 3,2372,3480,12811.24,4.31,6.49,3.49,50.580046403712316,-19.025522041763328,$2-5
688961,Spell Pierce,Secrets of Strixhaven: Mystical Archive,2369,3690,2147.57,0.29,0.35,0.15,20.689655172413794,-48.275862068965516,$0-1
686601,Emeritus of Ideation,Secrets of Strixhaven,2343,2881,33634.76,5.25,7.99,4.62,52.1904761904762,-11.999999999999998,$5-10
649382,Bender's Waterskin,Avatar: The Last Airbender,2342,4117,7092.63,0.81,1.79,0.75,120.98765432098763,-7.407407407407414,$0-1
689107,Dina's Guidance,Secrets of Strixhaven,2325,3176,4273.45,0.97,0.79,0.15,-18.55670103092783,-84.5360824742268,$0-1
688654,Practiced Offense,Secrets of Strixhaven,2320,4274,4437.39,1.29,2.49,0.26,93.0232558139535,-79.84496124031007,$1-2
673622,Cool but Rude,Teenage Mutant Ninja Turtles,2318,2758,17976.62,8.6,12.99,7.8,51.04651162790699,-9.302325581395348,$5-10
686590,Mountain (0270),Secrets of Strixhaven,2306,6904,5899.98,1.16,1.29,0.36,11.20689655172415,-68.9655172413793,$1-2
693022,The Mind Stone,Marvel Super Heroes,2301,2492,177420.29,57.53,79.99,62.52,39.040500608378224,8.673735442377893,$50-100
689106,Germination Practicum,Secrets of Strixhaven,2296,2502,27255.53,10.26,9.99,8.33,-2.6315789473684172,-18.81091617933723,$10-20
686586,Plains (0267),Secrets of Strixhaven,2291,6778,8276.01,1.22,1.79,0.6,46.72131147540984,-50.81967213114754,$1-2
688926,Requisition Raid,Secrets of Strixhaven: Mystical Archive,2285,3359,2184.57,0.31,0.35,0.15,12.903225806451607,-51.61290322580645,$0-1
686587,Island (0268),Secrets of Strixhaven,2281,6735,6060.97,1.06,1.49,0.48,40.56603773584905,-54.71698113207547,$1-2
686591,Forest (0271),Secrets of Strixhaven,2249,6556,5210.46,0.82,1.79,0.37,118.29268292682929,-54.878048780487795,$0-1
552466,Disciple of Freyalise,Modern Horizons 3,2236,3015,6902.4,2.57,4.49,1.64,74.7081712062257,-36.18677042801556,$2-5
634431,Genji Glove,FINAL FANTASY,2232,2421,15200.67,11.36,11.99,5.9,5.545774647887331,-48.06338028169014,$10-20
686575,Improvisation Capstone,Secrets of Strixhaven,2229,2404,33561.75,10.47,16.99,9.37,62.27316141356254,-10.506208213944616,$10-20
696278,"Shuri, Wakandan Inventor",Marvel Super Heroes,2220,5051,4757.91,0.39,0.69,0.15,76.9230769230769,-61.53846153846154,$0-1
688858,Bulk Up,Secrets of Strixhaven: Mystical Archive,2203,3106,1668.75,0.37,0.35,0.15,-5.405405405405411,-59.45945945945946,$0-1
688855,Bitter Triumph,Secrets of Strixhaven: Mystical Archive,2184,3343,2610.71,0.28,0.35,0.15,24.999999999999982,-46.42857142857144,$0-1
696274,"Loki, God of Mischief",Marvel Super Heroes,2184,4095,22407.65,2.59,5.99,2.17,131.2741312741313,-16.216216216216214,$2-5
591214,Hare Apparent,Foundations,2181,8091,25803.42,2.32,3.49,0.91,50.43103448275864,-60.775862068965516,$2-5
686599,"Prismari, the Inspiration",Secrets of Strixhaven,2174,2276,21160.16,4.07,4.99,3.12,22.6044226044226,-23.34152334152334,$2-5
686582,Studious First-Year,Secrets of Strixhaven,2163,4480,2815.06,0.31,0.35,0.15,12.903225806451607,-51.61290322580645,$0-1
498352,Mirkwood Bats,Universes Beyond: The Lord of the Rings: Tales of Middle-earth,2157,2781,8920.94,1.34,1.49,1.05,11.194029850746261,-21.64179104477612,$1-2
688950,Decorum Dissertation,Secrets of Strixhaven,2089,2268,21140.21,6.97,8.49,5.21,21.807747489239606,-25.251076040172165,$5-10
553204,Accursed Marauder,Modern Horizons 3,2061,2829,1868.56,0.37,0.39,0.15,5.405405405405411,-59.45945945945946,$0-1
696319,"Captain America, Living Legend",Marvel Super Heroes,2055,3147,3885.7,0.3,0.35,0.15,16.666666666666664,-50.0,$0-1
688656,Restoration Seminar,Secrets of Strixhaven,2050,2297,10629.85,3.33,4.49,3.12,34.83483483483484,-6.306306306306306,$2-5
686613,"Witherbloom, the Balancer",Secrets of Strixhaven,2033,2192,23054.02,4.08,5.49,3.11,34.55882352941177,-23.774509803921575,$2-5
696652,The Serpent Society,Marvel Super Heroes,2031,3348,9407.67,0.7,1.29,0.15,84.28571428571429,-78.57142857142857,$0-1
696298,The Scarlet Witch,Marvel Super Heroes,2030,2758,5105.55,0.6,0.99,0.15,65.0,-75.0,$0-1
696352,Dark Fortress,Marvel Super Heroes,2006,3487,13484.64,2.56,3.99,2.54,55.859375,-0.7812500000000007,$2-5
591153,Exsanguinate,Foundations,2001,2639,1480.48,0.38,0.79,0.15,107.89473684210526,-60.526315789473685,$0-1
671005,Hexing Squelcher,Lorwyn Eclipsed,1999,2249,47272.12,20.98,29.99,18.39,42.94566253574832,-12.345090562440419,$20-50
590828,An Offer You Can't Refuse,Foundations,1998,2327,5325.86,3.01,4.99,2.34,65.78073089700999,-22.259136212624583,$2-5
693025,The Vision,Marvel Super Heroes,1998,2965,3981.74,0.72,1.29,0.26,79.16666666666667,-63.888888888888886,$0-1
686551,Duty Beyond Death,Secrets of Strixhaven: Mystical Archive,1995,2739,1443.2,0.27,0.35,0.15,29.629629629629612,-44.44444444444445,$0-1
668475,World War Hulk,Marvel Super Heroes,1995,3290,8018.85,0.96,2.49,0.76,159.37500000000003,-20.83333333333333,$0-1
686573,Dreamroot Cascade,Secrets of Strixhaven,1986,2644,2926.52,0.85,1.79,0.51,110.58823529411765,-40.0,$0-1
552813,Buried Alive,Modern Horizons 3,1981,2525,3211.57,1.01,2.29,0.51,126.73267326732673,-49.504950495049506,$1-2
696348,Arc Reactor,Marvel Super Heroes,1978,3480,6495.77,1.04,1.99,0.39,91.34615384615384,-62.5,$1-2
696296,"Mjolnir, Hammer of Thor",Marvel Super Heroes,1972,2168,45841.31,22.12,32.99,23.39,49.14104882459313,5.741410488245929,$20-50
696282,"Mister Fantastic, Reed Richards (Borderless)",Marvel Super Heroes,1968,3191,3193.35,0.58,0.59,0.15,1.7241379310344844,-74.13793103448275,$0-1
675586,Mathemagics,Secrets of Strixhaven,1962,2219,10918.68,2.91,3.49,2.85,19.93127147766323,-2.0618556701030943,$2-5
686605,Pensive Professor,Secrets of Strixhaven,1940,2736,2400.44,0.43,0.49,0.15,13.953488372093023,-65.11627906976744,$0-1
696354,Gleaming Bastion,Marvel Super Heroes,1939,3468,11945.56,1.98,4.99,1.55,152.02020202020202,-21.717171717171716,$1-2
688681,Emeritus of Abundance,Secrets of Strixhaven,1929,2195,12643.18,2.51,2.99,1.56,19.123505976095636,-37.848605577689234,$2-5
548592,Urza's Cave,Modern Horizons 3,1925,2726,4022.79,1.12,1.99,0.51,77.6785714285714,-54.46428571428572,$1-2
688689,Echocasting Symposium,Secrets of Strixhaven,1919,2144,10417.67,3.71,4.49,2.54,21.024258760107823,-31.536388140161726,$2-5
697023,Hawkeye's Bow,Marvel Super Heroes,1918,6052,4792.52,0.25,0.35,0.15,39.99999999999999,-40.0,$0-1
696355,Hidden Lair,Marvel Super Heroes,1918,3431,13950.19,2.66,6.49,2.08,143.98496240601503,-21.80451127819549,$2-5
624048,Arcane Signet,Commander: Tarkir: Dragonstorm,1910,3314,1885.79,0.62,0.99,0.46,59.67741935483871,-25.80645161290322,$0-1
688683,Harmonized Trio,Secrets of Strixhaven,1904,2591,2675.13,0.57,0.59,0.15,3.5087719298245648,-73.68421052631578,$0-1
644286,Icetill Explorer,Edge of Eternities,1900,2211,37394.02,14.78,21.99,14.77,48.78213802435724,-0.0676589986468186,$10-20
696349,The Ten Rings,Marvel Super Heroes,1899,2274,35517.26,17.4,24.99,17.71,43.62068965517242,1.781609195402312,$10-20
689150,Sleight of Hand,Secrets of Strixhaven: Mystical Archive,1896,3192,3633.61,0.29,0.35,0.15,20.689655172413794,-48.275862068965516,$0-1
552635,Marionette Apprentice,Modern Horizons 3,1886,2436,3207.64,1.01,1.99,0.47,97.02970297029702,-53.46534653465347,$1-2
552651,Revitalizing Repast,Modern Horizons 3,1882,2508,3437.22,1.06,1.99,0.98,87.73584905660377,-7.547169811320761,$1-2
696356,Training Compound,Marvel Super Heroes,1877,3397,11404.52,1.69,3.99,1.08,136.09467455621305,-36.094674556213015,$1-2
552583,Sundering Eruption,Modern Horizons 3,1875,3207,5532.86,1.04,1.79,1.02,72.11538461538461,-1.9230769230769247,$1-2
675584,"Lorehold, the Historian",Secrets of Strixhaven,1871,2087,9347.42,1.77,1.49,0.96,-15.819209039548024,-45.76271186440678,$1-2
696353,Gathering Place,Marvel Super Heroes,1870,3383,11522.11,1.64,3.49,1.77,112.80487804878052,7.92682926829269,$1-2
688479,Traumatic Critique,Secrets of Strixhaven,1868,2887,5855.4,0.43,0.49,0.15,13.953488372093023,-65.11627906976744,$0-1
686600,Professor Dellian Fel,Secrets of Strixhaven,1865,2303,22433.9,4.38,6.99,3.64,59.589041095890416,-16.89497716894977,$2-5
686597,Prismari Charm,Secrets of Strixhaven,1862,3461,1811.02,0.34,0.35,0.15,2.9411764705882213,-55.88235294117647,$0-1
696863,"Taskmaster, Mercenary Mimic",Marvel Super Heroes,1853,2786,3879.24,0.44,0.69,0.15,56.8181818181818,-65.90909090909092,$0-1
696467,Super-Soldier Serum,Marvel Super Heroes,1851,3353,5183.1,0.8,1.29,0.42,61.24999999999999,-47.5,$0-1
696581,"Ultron, Artificial Malevolence",Marvel Super Heroes,1850,2084,27391.69,12.69,19.99,13.35,57.52561071710007,5.200945626477543,$10-20
686612,Witherbloom Charm,Secrets of Strixhaven,1847,3312,11731.22,0.31,0.35,0.15,12.903225806451607,-51.61290322580645,$0-1
686603,"Quandrix, the Proof",Secrets of Strixhaven,1835,2013,11897.94,2.15,0.99,1.45,-53.95348837209302,-32.558139534883715,$2-5
686604,Exhibition Tidecaller,Secrets of Strixhaven,1834,2863,3873.97,0.66,0.59,0.15,-10.606060606060614,-77.27272727272727,$0-1
688837,Abrade,Secrets of Strixhaven: Mystical Archive,1827,2780,1261.88,0.3,0.39,0.15,30.00000000000001,-50.0,$0-1
553181,Hydroelectric Specimen,Modern Horizons 3,1811,2648,2858.49,0.93,1.49,0.47,60.21505376344085,-49.462365591397855,$0-1
552840,Consign to Memory,Modern Horizons 3,1809,3676,14039.22,4.01,5.99,2.53,49.37655860349128,-36.907730673316706,$2-5
646553,Spectacular Spider-Man (Borderless),Marvel's Spider-Man,1808,2006,12449.0,9.11,8.49,3.26,-6.805708013172331,-64.21514818880351,$5-10
591806,Garruk's Uprising,Foundations,1808,2662,3172.19,0.43,0.99,0.26,130.2325581395349,-39.53488372093023,$0-1
576504,Untimely Malfunction,Duskmourn: House of Horror,1806,2025,13549.56,8.83,11.99,7.84,35.78708946772367,-11.211778029445076,$5-10
689160,"Arnyn, Deathbloom Botanist",Secrets of Strixhaven,1796,2479,5257.41,0.37,0.35,0.15,-5.405405405405411,-59.45945945945946,$0-1
696262,"Invisible Woman, Sue Storm (Borderless)",Marvel Super Heroes,1776,2142,1686.43,0.33,0.35,0.15,6.060606060606049,-54.545454545454554,$0-1
689055,"Blech, Loafing Pest",Secrets of Strixhaven,1773,2468,3255.93,0.42,0.49,0.15,16.666666666666668,-64.28571428571429,$0-1
687669,Bojuka Bog,Commander: Secrets of Strixhaven,1764,3356,3851.43,1.03,2.29,0.92,122.33009708737863,-10.679611650485436,$1-2
499960,Lorien Revealed,Universes Beyond: The Lord of the Rings: Tales of Middle-earth,1763,2952,11349.28,4.73,6.49,3.9,37.20930232558139,-17.547568710359418,$2-5
696242,M.O.D.O.K.,Marvel Super Heroes,1758,2096,11085.77,4.27,7.99,3.8,87.11943793911009,-11.007025761124117,$2-5
688982,Petrified Hamlet,Secrets of Strixhaven,1755,3061,3354.22,0.61,0.49,0.15,-19.672131147540984,-75.40983606557377,$0-1
552830,Fanatic of Rhonas,Modern Horizons 3,1753,2027,18100.09,13.97,16.99,13.49,21.61775232641373,-3.435934144595565,$10-20
552324,Evolution Witness,Modern Horizons 3,1746,2525,1957.99,0.29,0.79,0.15,172.41379310344828,-48.275862068965516,$0-1
686608,"Silverquill, the Disputant",Secrets of Strixhaven,1741,1900,9115.14,1.99,1.29,1.01,-35.175879396984925,-49.246231155778894,$1-2
656687,Blood Crypt,Lorwyn Eclipsed,1740,2041,19317.79,9.43,12.99,9.1,37.751855779427366,-3.4994697773064694,$5-10
689486,Blazing Firesinger,Secrets of Strixhaven,1738,2892,1811.48,0.32,0.35,0.15,9.374999999999991,-53.125,$0-1
688650,Daydream,Secrets of Strixhaven,1737,3099,1696.4,0.4,0.35,0.15,-12.50000000000001,-62.5,$0-1
696671,Cosmic Cube,Marvel Super Heroes,1737,1952,20320.85,12.43,17.99,11.46,44.73049074818986,-7.803700724054698,$10-20
696658,The Wondrous Wasp,Marvel Super Heroes,1733,3447,4396.65,0.69,1.29,0.15,86.95652173913045,-78.26086956521738,$0-1
552740,Victimize,Modern Horizons 3,1730,2550,1849.19,0.5,1.29,0.2,158.0,-60.0,$0-1
262765,Tamiyo's Safekeeping,Kamigawa: Neon Dynasty,1729,2163,10781.38,6.61,8.99,4.91,36.006051437216335,-25.718608169440245,$5-10
656667,Formidable Speaker,Lorwyn Eclipsed,1721,2209,19911.64,8.11,10.99,7.18,35.51171393341555,-11.467324290998764,$5-10
552579,Bridgeworks Battle,Modern Horizons 3,1716,2698,2286.53,0.94,1.99,0.89,111.70212765957447,-5.319148936170206,$0-1
696645,"The Mighty Thor, Jane Foster",Marvel Super Heroes,1710,2825,2725.78,0.44,0.49,0.15,11.36363636363636,-65.90909090909092,$0-1
688899,Culling the Weak,Secrets of Strixhaven: Mystical Archive,1710,1765,18706.38,10.35,9.99,7.37,-3.478260869565212,-28.792270531400966,$10-20
488278,Sol Ring,Commander: The Lord of the Rings: Tales of Middle-earth,1706,2787,5738.3,1.89,2.79,1.53,47.61904761904763,-19.04761904761904,$1-2
696324,King T'Challa,Marvel Super Heroes,1705,2136,25784.7,11.7,18.99,9.46,62.30769230769231,-19.145299145299134,$10-20
633136,The Earth Crystal,FINAL FANTASY,1701,1776,22255.09,12.13,17.99,11.72,48.309975267930724,-3.3800494641385006,$10-20
696632,The Astonishing Ant-Man,Marvel Super Heroes,1701,2605,2353.83,0.31,0.49,0.15,58.06451612903225,-51.61290322580645,$0-1
552631,Warren Soultrader,Modern Horizons 3,1700,1858,25367.76,14.84,20.99,14.18,41.442048517520206,-4.447439353099732,$10-20
498419,Mirkwood Bats (Borderless),Universes Beyond: The Lord of the Rings: Tales of Middle-earth,1698,2063,2781.04,1.65,1.79,0.98,8.484848484848492,-40.60606060606061,$1-2
591210,Swiftfoot Boots,Foundations,1698,2089,5801.09,2.99,3.99,2.17,33.44481605351171,-27.424749163879607,$2-5
696535,Jennifer Walters,Marvel Super Heroes,1696,2036,25879.83,11.87,17.99,11.42,51.558550968828975,-3.7910699241785957,$10-20
559852,Fellwar Stone,Commander: Bloomburrow,1695,2494,2367.7,1.04,1.49,0.78,43.26923076923077,-25.0,$1-2
696313,"The Thing, Ben Grimm (Borderless)",Marvel Super Heroes,1694,2033,1321.95,0.37,0.35,0.15,-5.405405405405411,-59.45945945945946,$0-1
696279,Tony Stark,Marvel Super Heroes,1688,1855,14961.39,6.29,10.99,5.21,74.72178060413354,-17.170111287758345,$5-10
641743,Terrasymbiosis,Edge of Eternities,1686,1794,16117.49,7.36,13.99,7.63,90.08152173913044,3.668478260869559,$5-10
648709,Redirect Lightning,Avatar: The Last Airbender,1682,1839,21253.16,12.22,17.99,10.3,47.21767594108018,-15.71194762684124,$10-20
656711,Steam Vents,Lorwyn Eclipsed,1678,2031,24236.45,13.87,16.99,10.68,22.494592645998555,-22.999279019466474,$10-20
696301,"Human Torch, Johnny Storm (Borderless)",Marvel Super Heroes,1674,2030,1394.09,0.31,0.35,0.15,12.903225806451607,-51.61290322580645,$0-1
688661,Emeritus of Conflict,Secrets of Strixhaven,1670,2104,7374.69,1.4,0.99,0.78,-29.28571428571428,-44.28571428571428,$1-2
689511,Noxious Newt,Secrets of Strixhaven,1669,4166,1575.37,0.32,0.39,0.15,21.875000000000004,-53.125,$0-1
638913,Stomping Ground,Edge of Eternities,1665,1903,14018.03,6.66,9.99,6.51,50.0,-2.2522522522522577,$5-10
673656,The Ooze,Teenage Mutant Ninja Turtles,1664,1992,9849.2,3.31,4.99,3.12,50.755287009063444,-5.740181268882173,$2-5
559478,Patchwork Banner,Bloomburrow,1663,1974,6962.83,3.49,4.49,1.87,28.653295128939828,-46.41833810888252,$2-5
559072,Coruscation Mage,Bloomburrow,1663,2227,3681.39,2.01,2.29,1.04,13.930348258706482,-48.25870646766168,$2-5
688984,Emeritus of Truce,Secrets of Strixhaven,1660,1960,7630.04,1.27,0.99,0.61,-22.047244094488192,-51.96850393700787,$1-2
688691,Mind into Matter,Secrets of Strixhaven,1659,2341,5475.8,0.4,0.49,0.15,22.499999999999993,-62.5,$0-1
552873,Boggart Trawler,Modern Horizons 3,1656,2703,3985.34,0.87,2.29,0.7000000000000001,163.2183908045977,-19.540229885057464,$0-1
668572,Namor the Sub-Mariner,Marvel Super Heroes,1647,2244,14738.72,7.76,12.99,6.7700000000000005,67.39690721649485,-12.757731958762877,$5-10
686584,Molten-Core Maestro,Secrets of Strixhaven,1644,2493,3846.06,0.66,0.49,0.15,-25.75757575757576,-77.27272727272727,$0-1
552623,Collective Resistance,Modern Horizons 3,1642,2489,3768.93,1.29,2.99,1.15,131.78294573643413,-10.852713178294584,$1-2
668460,Bruce Banner,Marvel Super Heroes,1640,1860,17821.85,6.42,9.99,5.72,55.60747663551402,-10.903426791277262,$5-10
697073,Iron Man Armor,Marvel Super Heroes,1640,2076,13206.53,3.97,8.49,3.86,113.85390428211586,-2.770780856423182,$2-5
552821,Glaring Fleshraker,Modern Horizons 3,1636,3226,3928.49,0.8,2.29,0.41,186.24999999999997,-48.75000000000001,$0-1
687343,Goldspan Dragon,Commander: Secrets of Strixhaven,1634,2075,12565.39,6.17,7.49,5.63,21.393841166936795,-8.752025931928689,$5-10
668458,"The Sentry, Golden Guardian",Marvel Super Heroes,1632,2683,2068.48,0.36,0.49,0.15,36.111111111111114,-58.333333333333336,$0-1
638914,Watery Grave,Edge of Eternities,1630,1870,20053.46,9.56,15.99,9.33,67.25941422594141,-2.405857740585778,$5-10
687365,Faerie Mastermind,Commander: Secrets of Strixhaven,1628,1949,20938.11,11.92,15.99,10.6,34.144295302013425,-11.073825503355707,$10-20
656709,Overgrown Tomb,Lorwyn Eclipsed,1624,1919,18407.29,9.33,13.99,7.81,49.94640943193998,-16.29153269024652,$5-10
559719,Arcane Signet,Commander: Bloomburrow,1613,2706,3816.26,0.69,0.99,0.44,43.478260869565226,-36.23188405797101,$0-1
687556,"Ozolith, the Shattered Spire",Commander: Secrets of Strixhaven,1607,1915,9198.38,5.0,7.49,4.82,49.800000000000004,-3.5999999999999943,$5-10
687353,Moonshaker Cavalry,Commander: Secrets of Strixhaven,1600,2036,11184.52,6.19,8.99,6.12,45.23424878836833,-1.130856219709213,$5-10
697048,Heroic Feast,Marvel Super Heroes,1600,3346,3201.13,0.3,0.49,0.15,63.33333333333334,-50.0,$0-1
688665,Ark of Hunger,Secrets of Strixhaven,1600,2078,1088.69,0.36,0.49,0.15,36.111111111111114,-58.333333333333336,$0-1
578080,Enduring Vitality,Duskmourn: House of Horror,1598,1755,16990.36,16.73,17.99,14.5,7.531380753138063,-13.329348475791994,$10-20
591308,Boltwave,Foundations,1598,2451,6593.45,2.52,3.49,1.04,38.4920634920635,-58.730158730158735,$2-5
696574,"Storm, Windrider",Marvel Super Heroes,1596,2395,2195.88,0.45,0.49,0.15,8.888888888888884,-66.66666666666667,$0-1
191568,Ephemerate,Modern Horizons,1591,2175,11026.24,5.41,6.49,5.12,19.963031423290204,-5.360443622920518,$5-10
243382,Unexpected Windfall,Adventures in the Forgotten Realms,1591,1793,5305.2,3.46,4.99,2.85,44.21965317919076,-17.630057803468205,$2-5
552866,Ripples of Undeath,Modern Horizons 3,1588,1704,9831.32,5.91,9.99,5.41,69.03553299492386,-8.460236886632826,$5-10
696330,"Wolverine, Fierce Fighter",Marvel Super Heroes,1583,2215,3611.16,0.41,0.49,0.15,19.512195121951226,-63.41463414634146,$0-1
656713,Temple Garden,Lorwyn Eclipsed,1582,1872,14108.55,7.85,10.99,7.3,40.00000000000001,-7.006369426751591,$5-10
668456,"Captain America, Super-Soldier",Marvel Super Heroes,1575,1915,7295.02,3.83,6.99,2.65,82.50652741514361,-30.809399477806792,$2-5
697059,"Shang-Chi, Master of Kung Fu",Marvel Super Heroes,1569,1937,21389.37,9.99,17.99,10.3,80.08008008008007,3.103103103103108,$5-10
656703,Hallowed Fountain,Lorwyn Eclipsed,1567,1893,15730.04,7.03,9.99,5.21,42.10526315789473,-25.889046941678522,$5-10
633737,Restoration Magic,FINAL FANTASY,1566,2038,4842.3,2.21,2.79,1.12,26.244343891402718,-49.32126696832579,$2-5
525618,"Kutzil, Malamet Exemplar",The Lost Caverns of Ixalan,1565,1842,6545.1,4.49,3.99,2.5,-11.135857461024498,-44.32071269487751,$2-5
638912,Sacred Foundry,Edge of Eternities,1563,1835,21465.02,10.13,14.99,9.37,47.976307996051325,-7.502467917078001,$10-20
689149,Brain Freeze,Secrets of Strixhaven: Mystical Archive,1552,1689,6412.15,3.15,4.99,2.8000000000000003,58.412698412698425,-11.1111111111111,$2-5
696674,Castle Doom,Marvel Super Heroes,1545,3071,4049.45,0.55,0.49,0.15,-10.909090909090919,-72.72727272727273,$0-1
651332,Norman Osborn,Marvel's Spider-Man,1543,1709,15357.81,17.64,18.99,17.6,7.653061224489783,-0.22675736961450763,$10-20
556324,Brotherhood Regalia,Universes Beyond: Assassin's Creed,1543,1705,13653.84,8.93,15.99,7.28,79.05935050391938,-18.477043673012314,$5-10
553328,Malevolent Rumble,Modern Horizons 3,1540,4635,3156.49,0.34,0.99,0.15,191.17647058823525,-55.88235294117647,$0-1
686540,Hardened Academic,Secrets of Strixhaven,1538,2568,1832.59,0.42,0.49,0.15,16.666666666666668,-64.28571428571429,$0-1
638910,Breeding Pool,Edge of Eternities,1535,1755,18685.54,9.52,15.99,9.25,67.9621848739496,-2.8361344537815083,$5-10
688861,Helping Hand,Secrets of Strixhaven: Mystical Archive,1529,2262,785.5,0.24,0.35,0.15,45.83333333333333,-37.5,$0-1
623982,Command Tower,Commander: Tarkir: Dragonstorm,1528,2424,943.24,0.34,0.99,0.25,191.17647058823525,-26.470588235294123,$0-1
187181,Kaya's Ghostform,War of the Spark,1527,1770,6897.07,1.94,3.99,1.37,105.67010309278353,-29.381443298969064,$1-2
641779,Weftstalker Ardent,Edge of Eternities,1524,2076,3954.45,0.7,2.29,0.4,227.14285714285717,-42.85714285714285,$0-1
552859,Springheart Nantuko,Modern Horizons 3,1521,1685,8183.56,5.59,7.49,3.9,33.98926654740609,-30.23255813953488,$5-10
552284,Thraben Charm,Modern Horizons 3,1516,3676,2258.19,0.33,0.59,0.15,78.78787878787877,-54.545454545454554,$0-1
662801,Abandoned Air Temple,Avatar: The Last Airbender,1514,1805,12387.75,5.99,9.99,5.73,66.7779632721202,-4.34056761268781,$5-10
671721,Firdoch Core,Lorwyn Eclipsed,1511,3026,1310.71,0.34,0.49,0.15,44.117647058823515,-55.88235294117647,$0-1
688085,Great Hall of the Biblioplex,Secrets of Strixhaven,1509,2748,1888.69,0.76,0.49,0.15,-35.526315789473685,-80.26315789473684,$0-1
696626,"Ares, God of War",Marvel Super Heroes,1508,2100,1926.12,0.31,0.49,0.15,58.06451612903225,-51.61290322580645,$0-1
624152,Swords to Plowshares,Commander: Tarkir: Dragonstorm,1507,2211,3137.42,1.69,2.49,1.37,47.3372781065089,-18.93491124260354,$1-2
662547,Ba Sing Se,Avatar: The Last Airbender,1502,1824,9050.84,4.2,6.49,3.59,54.52380952380952,-14.52380952380953,$2-5
668462,Doctor Doom,Marvel Super Heroes,1502,1771,7854.71,3.59,6.49,2.08,80.7799442896936,-42.061281337047355,$2-5
696663,Red Hulk (Borderless),Marvel Super Heroes,1500,1902,1274.18,0.25,0.35,0.15,39.99999999999999,-40.0,$0-1
671053,Virulent Emissary,Lorwyn Eclipsed,1498,2064,1655.76,1.35,1.79,0.15,32.59259259259258,-88.8888888888889,$1-2
688887,Monstrous Rage,Secrets of Strixhaven: Mystical Archive,1498,2323,794.12,0.23,0.35,0.15,52.17391304347825,-34.78260869565218,$0-1
633117,The Wind Crystal,FINAL FANTASY,1497,1589,10285.75,6.23,8.49,5.15,36.2760834670947,-17.335473515248793,$5-10
686538,"Ral Zarek, Guest Lecturer",Secrets of Strixhaven,1494,1812,9524.35,1.65,1.99,1.04,20.606060606060613,-36.96969696969696,$1-2
687675,Exotic Orchard,Commander: Secrets of Strixhaven,1494,2749,1008.92,0.36,0.59,0.15,63.888888888888886,-58.333333333333336,$0-1
638911,Godless Shrine,Edge of Eternities,1493,1709,16972.04,8.64,12.99,7.52,50.34722222222221,-12.962962962962973,$5-10
696625,"Captain America, Wings of Freedom",Marvel Super Heroes,1481,2182,1388.51,0.34,0.49,0.15,44.117647058823515,-55.88235294117647,$0-1
651337,"Electro, Assaulting Battery",Marvel's Spider-Man,1477,1603,9463.41,6.35,9.49,3.64,49.44881889763781,-42.677165354330704,$5-10
541278,Priest of Titania,Modern Horizons 3,1477,2516,2364.12,0.56,1.29,0.35,130.35714285714283,-37.500000000000014,$0-1
687548,Ohran Frostfang,Commander: Secrets of Strixhaven,1471,1951,9478.31,5.67,7.49,5.15,32.098765432098766,-9.171075837742498,$5-10
624049,Sol Ring,Commander: Tarkir: Dragonstorm,1468,2520,4278.8,1.64,2.79,1.43,70.1219512195122,-12.804878048780486,$1-2
512663,Impact Tremors,Wilds of Eldraine: Enchanting Tales,1467,1615,5978.0,2.7,4.99,2.49,84.81481481481481,-7.777777777777777,$2-5
687438,Land Tax,Commander: Secrets of Strixhaven,1465,1781,25895.59,15.57,18.99,13.94,21.965317919075133,-10.468850353243422,$10-20
688886,Crop Rotation,Secrets of Strixhaven: Mystical Archive,1465,1610,6789.02,3.57,4.49,3.12,25.770308123249315,-12.605042016806717,$2-5
688919,Pyretic Ritual,Secrets of Strixhaven: Mystical Archive,1465,1565,11796.82,5.03,7.49,4.15,48.9065606361829,-17.495029821073555,$5-10
633131,The Fire Crystal,FINAL FANTASY,1459,1558,9808.77,6.09,8.49,5.1000000000000005,39.4088669950739,-16.256157635467968,$5-10
4815,Mystic Remora,Ice Age,1453,1629,14616.86,8.55,11.99,6.5600000000000005,40.23391812865496,-23.27485380116959,$5-10
688935,Royal Treatment,Secrets of Strixhaven: Mystical Archive,1450,2159,744.95,0.26,0.35,0.15,34.615384615384606,-42.307692307692314,$0-1
647302,The Soul Stone,Marvel's Spider-Man,1447,1503,138835.12,120.5,149.99,123.98,24.47302904564316,2.887966804979256,$100-200
688971,Skycoach Conductor,Secrets of Strixhaven,1447,2283,1685.82,0.35,0.49,0.15,40.00000000000001,-57.14285714285714,$0-1
630862,The Darkness Crystal,FINAL FANTASY,1447,1545,7820.63,4.65,5.99,4.0600000000000005,28.81720430107526,-12.688172043010749,$2-5
688948,Zombify,Secrets of Strixhaven: Mystical Archive,1442,2048,884.72,0.2,0.35,0.15,74.99999999999997,-25.000000000000007,$0-1
686628,"Dina, Essence Brewer (Borderless)",Commander: Secrets of Strixhaven,1442,1828,6716.16,3.23,3.49,1.82,8.049535603715178,-43.653250773993804,$2-5
662084,Boomerang Basics,Avatar: The Last Airbender,1435,2735,3564.39,0.96,1.29,0.15,34.375000000000014,-84.375,$0-1
689366,Veil of Summer,Secrets of Strixhaven: Mystical Archive,1433,1589,7803.3,3.87,6.49,2.99,67.70025839793283,-22.739018087855296,$2-5
689394,Deflecting Palm,Secrets of Strixhaven: Mystical Archive,1432,1551,6186.45,3.14,2.79,1.97,-11.146496815286627,-37.261146496815286,$2-5
222103,Malakir Rebirth,Zendikar Rising,1432,1568,21826.46,12.7,16.99,12.52,33.77952755905511,-1.4173228346456672,$10-20
689518,Topiary Lecturer,Secrets of Strixhaven,1432,2261,1050.22,0.28,0.35,0.15,24.999999999999982,-46.42857142857144,$0-1
696254,Agent Phil Coulson,Marvel Super Heroes,1432,2083,1302.36,0.33,0.49,0.15,48.48484848484848,-54.545454545454554,$0-1
687475,Harmonic Prodigy,Commander: Secrets of Strixhaven,1430,2076,7261.86,3.39,5.49,3.11,61.94690265486725,-8.259587020648974,$2-5
696273,"Leader, Super-Genius",Marvel Super Heroes,1429,2061,1587.73,0.31,0.49,0.15,58.06451612903225,-51.61290322580645,$0-1
641745,The Eternity Elevator,Edge of Eternities,1429,1827,3767.82,2.48,3.49,1.56,40.72580645161291,-37.096774193548384,$2-5
696328,"Thanos, the Mad Titan",Marvel Super Heroes,1424,1681,8712.32,2.15,2.49,0.91,15.813953488372107,-57.67441860465116,$2-5
689077,Stirring Hopesinger,Secrets of Strixhaven,1423,2381,1249.68,0.31,0.49,0.15,58.06451612903225,-51.61290322580645,$0-1
661938,Avatar's Wrath,Avatar: The Last Airbender,1423,1698,6986.27,4.43,5.99,3.11,35.21444695259595,-29.79683972911964,$2-5
616095,Magmakin Artillerist,Aetherdrift,1422,1795,1474.55,0.26,1.29,0.15,396.1538461538462,-42.307692307692314,$0-1
559736,Sol Ring,Commander: Bloomburrow,1420,2321,5735.37,1.96,2.79,1.49,42.3469387755102,-23.97959183673469,$1-2
590880,Rogue's Passage,Foundations,1420,1889,1545.94,0.4,0.79,0.36,97.5,-10.000000000000009,$0-1
697022,"Hawkeye, Young Avenger",Marvel Super Heroes,1419,2450,1191.92,0.28,0.59,0.15,110.71428571428568,-46.42857142857144,$0-1
552176,Basking Broodscale,Modern Horizons 3,1417,2430,1157.85,0.2,0.35,0.15,74.99999999999997,-25.000000000000007,$0-1
552872,Nyxborn Hydra,Modern Horizons 3,1415,2642,1297.52,0.3,0.39,0.15,30.00000000000001,-50.0,$0-1
559653,Starscape Cleric,Bloomburrow,1413,2073,2716.76,0.74,1.99,0.33,168.91891891891893,-55.4054054054054,$0-1
686541,Withering Curse,Secrets of Strixhaven,1413,1767,4983.74,0.99,1.29,0.5,30.303030303030308,-49.494949494949495,$0-1
689054,Vastlands Scavenger,Secrets of Strixhaven,1413,2019,1524.55,0.34,0.49,0.15,44.117647058823515,-55.88235294117647,$0-1
696655,"Ironheart, Clever Champion",Marvel Super Heroes,1410,2406,2262.54,0.36,0.49,0.15,36.111111111111114,-58.333333333333336,$0-1
591203,Banner of Kinship,Foundations,1410,1574,8959.01,7.59,10.99,6.140000000000001,44.79578392621871,-19.104084321475618,$5-10
239837,Zuran Orb,Modern Horizons 2,1406,1601,5078.37,3.09,2.79,1.97,-9.708737864077664,-36.24595469255663,$2-5
673653,"Krang, Utrom Warlord",Teenage Mutant Ninja Turtles,1405,1477,25680.86,22.7,23.99,21.47,5.6828193832599085,-5.4185022026431735,$20-50
240149,Strike It Rich,Modern Horizons 2,1405,1961,5496.77,2.14,2.79,2.02,30.37383177570093,-5.607476635514024,$2-5
696275,"Mister Fantastic, Reed Richards",Marvel Super Heroes,1403,3112,1496.16,0.31,0.39,0.15,25.80645161290323,-51.61290322580645,$0-1
696314,The Unbeatable Squirrel Girl (Borderless),Marvel Super Heroes,1402,1445,40163.43,13.79,13.99,11.43,1.4503263234227781,-17.113850616388685,$10-20
529983,Demand Answers,Murders at Karlov Manor,1401,1862,1067.94,0.39,1.49,0.19,282.05128205128204,-51.28205128205129,$0-1
687570,"Bitterthorn, Nissa's Animus",Commander: Secrets of Strixhaven,1399,1993,11248.62,5.58,6.99,5.0,25.268817204301076,-10.394265232974911,$5-10
499221,Entish Restoration,Universes Beyond: The Lord of the Rings: Tales of Middle-earth,1395,1507,5069.82,3.14,4.49,2.87,42.99363057324841,-8.598726114649683,$2-5
164359,Unwind,Dominaria,1391,1745,2530.44,1.16,1.99,1.01,71.55172413793105,-12.931034482758614,$1-2
689148,Angel's Grace,Secrets of Strixhaven: Mystical Archive,1390,1529,5905.77,2.92,3.99,2.57,36.643835616438366,-11.986301369863018,$2-5
552839,Kozilek's Command,Modern Horizons 3,1389,2136,13192.61,7.11,9.99,6.140000000000001,40.50632911392405,-13.64275668073136,$5-10
633123,The Water Crystal,FINAL FANTASY,1388,1512,5760.64,3.3,4.99,2.75,51.21212121212123,-16.666666666666664,$2-5
696339,"Wolverine, Fierce Fighter (Borderless)",Marvel Super Heroes,1388,1495,10726.8,5.11,4.49,3.27,-12.133072407045011,-36.00782778864971,$5-10
541272,Windswept Heath,Modern Horizons 3,1384,1690,19673.34,11.36,14.99,10.94,31.954225352112687,-3.6971830985915486,$10-20
509516,Curiosity,Wilds of Eldraine: Enchanting Tales,1382,1648,2057.28,1.68,1.99,0.7000000000000001,18.452380952380956,-58.33333333333333,$1-2
689078,Fix What's Broken,Secrets of Strixhaven,1380,2054,947.73,0.28,0.49,0.15,74.99999999999997,-46.42857142857144,$0-1
697045,Epic Fight,Marvel Super Heroes,1378,2023,1450.61,0.36,0.49,0.15,36.111111111111114,-58.333333333333336,$0-1
552646,Waterlogged Teachings,Modern Horizons 3,1377,1824,1262.5,0.38,0.99,0.15,160.52631578947367,-60.526315789473685,$0-1
552272,Six,Modern Horizons 3,1370,1465,7442.88,5.43,7.99,4.16,47.145488029465945,-23.388581952117857,$5-10
687674,"Emeria, the Sky Ruin",Commander: Secrets of Strixhaven,1370,1783,11476.52,5.19,8.49,4.8,63.583815028901725,-7.514450867052033,$5-10
559137,Into the Flood Maw,Bloomburrow,1368,1776,4628.84,2.78,4.49,2.03,61.51079136690649,-26.978417266187055,$2-5
651988,"Chameleon, Master of Disguise",Marvel's Spider-Man,1368,2026,3257.86,0.81,0.79,0.18,-2.469135802469138,-77.77777777777779,$0-1
671525,Wistfulness,Lorwyn Eclipsed,1367,1810,16909.52,6.87,14.99,6.92,118.19505094614267,0.7278020378457034,$5-10
687375,Animate Dead,Commander: Secrets of Strixhaven,1366,1821,8734.47,5.38,7.49,4.75,39.21933085501859,-11.710037174721188,$5-10
688893,Pick Your Poison,Secrets of Strixhaven: Mystical Archive,1366,2092,821.36,0.27,0.35,0.15,29.629629629629612,-44.44444444444445,$0-1
552320,Jet Medallion,Modern Horizons 3,1365,1432,15068.48,11.7,16.99,10.46,45.21367521367521,-10.598290598290586,$10-20
240412,Goblin Anarchomancer,Modern Horizons 2,1362,1629,1338.12,0.75,2.29,0.31,205.33333333333331,-58.666666666666664,$0-1
671263,"Chimil, the Inner Sun",Commander: Lorwyn Eclipsed,1361,1907,10857.78,10.36,9.49,8.84,-8.397683397683391,-14.671814671814667,$10-20
687500,Seize the Spoils,Secrets of Strixhaven,1360,2127,1326.34,0.24,0.35,0.15,45.83333333333333,-37.5,$0-1
641728,"Haliya, Guided by Light",Edge of Eternities,1358,1823,4840.06,1.8,4.99,1.53,177.22222222222223,-15.0,$1-2
661801,Origin of Metalbending,Avatar: The Last Airbender,1356,2244,734.89,0.23,0.35,0.15,52.17391304347825,-34.78260869565218,$0-1
553302,Urza's Incubator,Modern Horizons 3,1353,1456,25186.66,18.86,19.99,17.87,5.991516436903495,-5.249204665959695,$10-20
562746,Enduring Tenacity,Duskmourn: House of Horror,1352,1422,16929.23,12.07,15.99,12.1,32.47721623860812,0.24855012427505685,$10-20
631183,Farewell,Commander: FINAL FANTASY,1352,1510,7507.83,5.34,7.49,4.98,40.2621722846442,-6.741573033707855,$5-10
541274,Polluted Delta,Modern Horizons 3,1349,1751,33437.93,19.77,27.99,18.97,41.578148710166914,-4.0465351542741566,$10-20
688866,Burst Lightning,Secrets of Strixhaven: Mystical Archive,1349,2376,1292.29,0.29,0.35,0.15,20.689655172413794,-48.275862068965516,$0-1
199417,Mystic Sanctuary,Throne of Eldraine,1348,1554,2701.92,1.72,2.79,0.87,62.2093023255814,-49.41860465116279,$1-2
688725,Pongify,Secrets of Strixhaven: Mystical Archive,1348,1474,4979.36,3.4,4.99,1.56,46.764705882352956,-54.11764705882353,$2-5
642791,Swan Song,Commander: Edge of Eternities,1346,1662,13681.02,9.86,13.99,0.26,41.88640973630833,-97.3630831643002,$5-10
673616,South Wind Avatar,Teenage Mutant Ninja Turtles,1345,1512,3664.44,2.0,3.49,1.22,74.50000000000001,-39.0,$2-5
696484,"Daredevil, Man Without Fear",Marvel Super Heroes,1344,1785,1326.79,0.33,0.49,0.15,48.48484848484848,-54.545454545454554,$0-1
552306,Ruby Medallion,Modern Horizons 3,1342,1516,18321.71,13.79,18.99,11.44,37.70848440899202,-17.04133430021755,$10-20
687578,War Room,Commander: Secrets of Strixhaven,1341,2134,6000.44,4.46,4.49,3.0500000000000003,0.6726457399103195,-31.614349775784746,$2-5
686545,The Dawning Archaic,Secrets of Strixhaven,1341,1603,3878.77,1.31,1.49,0.62,13.740458015267171,-52.67175572519084,$1-2
552649,Legion Leadership,Modern Horizons 3,1341,1999,1673.64,0.39,1.29,0.15,230.76923076923075,-61.53846153846154,$0-1
688826,Slumbering Trudge,Secrets of Strixhaven,1339,2260,1008.79,0.49,0.59,0.15,20.40816326530612,-69.38775510204081,$0-1
687525,Kami of Whispered Hopes,Commander: Secrets of Strixhaven,1338,1864,5485.41,2.87,3.99,2.81,39.02439024390244,-2.0905923344947754,$2-5
552286,Sapphire Medallion,Modern Horizons 3,1337,1401,8189.04,8.09,9.49,4.16,17.305315203955505,-48.57849196538936,$5-10
534084,Slime Against Humanity,Murders at Karlov Manor,1336,7730,14356.13,1.82,3.99,0.93,119.23076923076923,-48.9010989010989,$1-2
668461,Baron Helmut Zemo,Marvel Super Heroes,1335,2649,1882.42,0.3,0.49,0.15,63.33333333333334,-50.0,$0-1
687507,"Gorma, the Gullet (Borderless)",Commander: Secrets of Strixhaven,1334,1523,3989.42,2.01,1.99,0.78,-0.9950248756218805,-61.19402985074627,$2-5
589354,Mossborn Hydra,Foundations,1334,1548,19895.87,12.09,15.99,8.33,32.25806451612904,-31.100082712985937,$10-20
687511,"Muddle, the Ever-Changing (Borderless)",Commander: Secrets of Strixhaven,1333,1614,3553.93,1.05,0.99,0.5,-5.714285714285719,-52.38095238095239,$1-2
696560,Avengers Disassembled,Marvel Super Heroes,1333,3449,4948.77,0.78,2.79,0.45,257.6923076923077,-42.30769230769231,$0-1
553280,Molten Gatekeeper,Modern Horizons 3,1333,1957,1036.93,0.21,0.59,0.15,180.95238095238096,-28.57142857142857,$0-1
498328,Generous Ent,Universes Beyond: The Lord of the Rings: Tales of Middle-earth,1331,2729,7401.26,2.93,3.99,2.57,36.177474402730375,-12.286689419795232,$2-5
541276,Flooded Strand,Modern Horizons 3,1331,1668,25288.58,15.96,19.99,14.58,25.250626566416024,-8.646616541353389,$10-20
631607,Starting Town,FINAL FANTASY,1330,1678,18459.22,7.85,10.99,7.81,40.00000000000001,-0.509554140127389,$5-10
458224,Snap,Dominaria Remastered,1330,1594,5464.21,3.06,4.49,2.92,46.732026143790854,-4.575163398692815,$2-5
541277,Wooded Foothills,Modern Horizons 3,1330,1621,27216.12,16.47,23.99,15.78,45.65877352762599,-4.189435336976318,$10-20
696585,Avengers Tower (Borderless),Marvel Super Heroes,1329,1916,1250.38,0.34,0.35,0.15,2.9411764705882213,-55.88235294117647,$0-1
696549,Pym Particles,Marvel Super Heroes,1329,2688,1429.07,0.34,0.59,0.15,73.52941176470587,-55.88235294117647,$0-1
590879,Scrawling Crawler,Foundations,1328,1425,8496.06,6.67,11.99,5.21,79.76011994003,-21.88905547226387,$5-10
524416,Spelunking,The Lost Caverns of Ixalan,1327,1540,6173.81,3.92,3.99,3.23,1.785714285714293,-17.602040816326532,$2-5
687413,Ghostly Prison,Commander: Secrets of Strixhaven,1325,1859,8387.09,5.2,6.49,4.39,24.807692307692307,-15.576923076923086,$5-10
641734,Quantum Riddler,Edge of Eternities,1322,1862,65347.76,31.99,57.99,31.63,81.27539856205065,-1.1253516723976227,$20-50
689087,Vicious Rivalry,Secrets of Strixhaven,1322,2113,1225.22,0.38,0.49,0.15,28.947368421052627,-60.526315789473685,$0-1
630905,Wastes,FINAL FANTASY,1321,4073,5691.43,1.0,2.29,0.15,129.0,-85.0,$1-2
687436,Terramorphic Expanse,Secrets of Strixhaven,1320,2762,3010.1,0.29,0.35,0.15,20.689655172413794,-48.275862068965516,$0-1
660740,Secret Tunnel,Avatar: The Last Airbender,1320,1520,4331.42,2.95,3.99,1.3,35.25423728813559,-55.93220338983051,$2-5
696305,The Scarlet Witch (Borderless),Marvel Super Heroes,1319,1381,11460.33,4.27,4.49,3.52,5.152224824355987,-17.56440281030444,$2-5
638905,"Tannuk, Memorial Ensign",Edge of Eternities,1318,1609,904.2,0.46,1.29,0.15,180.43478260869566,-67.3913043478261,$0-1
71021,Gray Merchant of Asphodel,Theros,1313,2045,2106.61,0.88,2.29,0.72,160.22727272727275,-18.181818181818183,$0-1
679638,Undergrowth Stadium,Commander: Teenage Mutant Ninja Turtles,1309,1510,8232.74,6.32,7.99,5.21,26.42405063291139,-17.563291139240512,$5-10
660570,Badgermole Cub,Avatar: The Last Airbender,1308,1574,85413.69,50.34,79.99,49.72,58.89948351211758,-1.2316249503377126,$50-100
541275,Bloodstained Mire,Modern Horizons 3,1308,1754,31099.03,18.51,23.99,17.01,29.60561858454887,-8.103727714748784,$10-20
679620,City of Brass,Commander: Teenage Mutant Ninja Turtles,1307,1670,16132.87,12.17,16.99,10.09,39.60558751027114,-17.091207888249794,$10-20
559634,Honored Dreyleader,Bloomburrow,1307,1899,915.74,0.32,0.59,0.15,84.37499999999999,-53.125,$0-1
687584,Three Visits,Commander: Secrets of Strixhaven,1305,1612,8779.92,5.3,6.99,4.94,31.8867924528302,-6.79245283018867,$5-10
235947,Tend the Pests,Strixhaven: School of Mages,1305,1579,1605.21,0.84,1.49,0.71,77.38095238095238,-15.476190476190476,$0-1
687611,Lightning Greaves,Commander: Secrets of Strixhaven,1305,1650,7362.58,4.48,5.99,3.87,33.70535714285713,-13.616071428571436,$2-5
687493,Teacher's Pest,Secrets of Strixhaven,1304,2007,3316.18,0.28,0.35,0.15,24.999999999999982,-46.42857142857144,$0-1
673569,"Michelangelo, Weirdness to 11",Teenage Mutant Ninja Turtles,1304,1446,5785.97,3.26,4.49,3.03,37.730061349693266,-7.05521472392638,$2-5
552727,Shifting Woodland,Modern Horizons 3,1304,1532,7058.79,6.27,7.99,4.41,27.43221690590113,-29.665071770334922,$5-10
686620,Wisdom of Ages,Secrets of Strixhaven,1303,1680,795.62,0.31,0.49,0.15,58.06451612903225,-51.61290322580645,$0-1
689060,"Blech, Loafing Pest (Borderless)",Secrets of Strixhaven,1298,1386,5182.61,2.4,1.99,0.98,-17.083333333333332,-59.166666666666664,$2-5
541273,Psychic Frog,Modern Horizons 3,1295,1875,9447.23,5.67,8.49,4.39,49.73544973544974,-22.574955908289247,$5-10
618858,Jumbo Cactuar,FINAL FANTASY,1295,1418,9631.17,4.44,5.99,2.85,34.909909909909906,-35.810810810810814,$2-5
239695,Scurry Oak,Modern Horizons 2,1295,1536,2806.91,2.51,3.49,1.23,39.04382470119524,-50.99601593625498,$2-5
686526,Bogwater Lumaret,Secrets of Strixhaven,1295,1990,683.63,0.27,0.35,0.15,29.629629629629612,-44.44444444444445,$0-1
688910,Dismember,Secrets of Strixhaven: Mystical Archive,1293,1462,4294.29,2.51,3.49,1.92,39.04382470119524,-23.505976095617527,$2-5
638916,Island (0263) (Borderless),Edge of Eternities,1288,3445,4946.23,1.12,2.99,0.52,166.9642857142857,-53.57142857142857,$1-2
668473,Doom Reigns Supreme,Marvel Super Heroes,1287,1917,1975.93,0.33,0.49,0.15,48.48484848484848,-54.545454545454554,$0-1
552173,Echoes of Eternity,Modern Horizons 3,1287,2303,3767.98,2.35,2.49,0.53,5.957446808510643,-77.4468085106383,$2-5
687543,Nature's Lore,Commander: Secrets of Strixhaven,1285,1845,4656.31,2.75,4.49,2.58,63.27272727272728,-6.181818181818179,$2-5
671172,Springleaf Parade,Commander: Lorwyn Eclipsed,1284,2024,16443.85,8.68,12.99,8.32,49.65437788018434,-4.1474654377880125,$5-10
638918,Mountain (0265) (Borderless),Edge of Eternities,1283,3615,6429.32,1.65,3.99,1.27,141.81818181818184,-23.030303030303028,$1-2
662109,Earthbender Ascension,Avatar: The Last Airbender,1283,1662,5360.59,2.08,2.99,1.47,43.75000000000001,-29.326923076923077,$2-5
52170,Moonmist,Innistrad,1282,2100,3990.03,2.03,2.49,0.93,22.66009852216751,-54.18719211822659,$2-5
552815,Dreamtide Whale,Modern Horizons 3,1280,1491,3310.01,2.31,3.99,1.39,72.72727272727273,-39.82683982683983,$2-5
686531,Colorstorm Stallion,Secrets of Strixhaven,1279,2002,2471.92,0.37,0.49,0.15,32.432432432432435,-59.45945945945946,$0-1
499562,Arcane Signet,Commander: The Lord of the Rings: Tales of Middle-earth,1279,2345,1678.77,0.64,1.29,0.45,101.5625,-29.6875,$0-1
687400,Drumbellower,Commander: Secrets of Strixhaven,1276,1925,5306.91,1.83,2.49,1.55,36.06557377049181,-15.300546448087433,$1-2
696255,Avengers Assemble!,Marvel Super Heroes,1276,1563,2012.2,1.01,2.79,0.52,176.23762376237624,-48.51485148514851,$1-2
689477,Pox Plague,Secrets of Strixhaven,1275,1623,755.04,0.33,0.49,0.15,48.48484848484848,-54.545454545454554,$0-1
688974,Wildgrowth Archaic,Secrets of Strixhaven,1273,2160,1099.4,0.33,0.49,0.15,48.48484848484848,-54.545454545454554,$0-1
578877,Sheltered by Ghosts,Duskmourn: House of Horror,1271,2245,5107.1,1.5,2.79,0.92,86.0,-38.666666666666664,$1-2
553312,Branching Evolution,Modern Horizons 3,1270,1314,7708.74,6.79,9.99,5.72,47.12812960235641,-15.758468335787928,$5-10
679576,"Irma, Part-Time Mutant",Commander: Teenage Mutant Ninja Turtles,1269,1712,9064.91,4.81,7.49,4.12,55.71725571725573,-14.345114345114334,$2-5
661887,Price of Freedom,Avatar: The Last Airbender,1268,3082,1598.37,0.51,1.99,0.15,290.19607843137254,-70.58823529411764,$0-1
687521,Hardened Scales,Commander: Secrets of Strixhaven,1268,1796,3969.3,2.24,3.99,1.91,78.12499999999999,-14.732142857142868,$2-5
696988,Kid Loki,Marvel Super Heroes,1266,2052,1029.99,0.27,0.35,0.15,29.629629629629612,-44.44444444444445,$0-1
696285,"Loki, God of Mischief (Borderless)",Marvel Super Heroes,1264,1600,16268.41,6.93,9.99,5.3,44.155844155844164,-23.52092352092352,$5-10
226624,Fyndhorn Elves,Commander Legends,1264,1599,5160.91,2.21,3.49,2.34,57.91855203619911,5.882352941176466,$2-5
687417,Blasphemous Act,Commander: Secrets of Strixhaven,1260,2026,1994.21,0.81,1.99,0.72,145.67901234567898,-11.11111111111112,$0-1
688955,Stargaze,Secrets of Strixhaven: Mystical Archive,1260,1717,648.76,0.2,0.35,0.15,74.99999999999997,-25.000000000000007,$0-1
668472,"Attuma, Atlantean Warlord",Marvel Super Heroes,1257,1685,1082.42,0.31,0.35,0.15,12.903225806451607,-51.61290322580645,$0-1
696551,Super Intelligence,Marvel Super Heroes,1254,2789,1399.13,0.31,0.35,0.15,12.903225806451607,-51.61290322580645,$0-1
696578,"Storm, Windrider (Borderless)",Marvel Super Heroes,1253,1329,5449.61,2.82,3.49,1.86,23.758865248226964,-34.042553191489354,$2-5
576881,Grab the Prize,Duskmourn: House of Horror,1251,2830,2112.2,0.38,1.99,0.15,423.6842105263157,-60.526315789473685,$0-1
621158,"Green Goblin, Nemesis (Borderless)",Marvel's Spider-Man: Eternal-Legal,1250,1433,11367.87,16.18,15.99,12.64,-1.1742892459826915,-21.878862793572306,$10-20
668454,The Coming of Galactus,Marvel Super Heroes,1249,1666,4424.3,1.31,2.79,1.03,112.97709923664121,-21.37404580152672,$1-2
553311,Sneaky Snacker,Modern Horizons 3,1246,4301,1919.55,0.29,0.79,0.15,172.41379310344828,-48.275862068965516,$0-1
687522,"Scriv, the Obligator (Borderless)",Commander: Secrets of Strixhaven,1246,1553,2339.09,0.86,1.29,0.39,50.000000000000014,-54.65116279069767,$0-1
687386,Blood Artist,Commander: Secrets of Strixhaven,1245,1812,3647.74,2.13,3.99,2.17,87.32394366197185,1.8779342723004713,$2-5
697396,"Tippy-Toe, Terrific Partner",Commander: Marvel Super Heroes,1244,1284,20538.62,6.05,9.49,5.19,56.85950413223141,-14.214876033057841,$5-10
687601,Turbulent Springs,Commander: Secrets of Strixhaven,1243,1681,10261.98,4.76,6.49,4.43,36.34453781512606,-6.9327731092436995,$2-5
679580,Wave Goodbye,Commander: Teenage Mutant Ninja Turtles,1241,1715,1877.22,1.98,2.29,0.92,15.656565656565661,-53.535353535353536,$1-2
552307,Pearl Medallion,Modern Horizons 3,1241,1312,6193.88,5.43,6.99,4.5200000000000005,28.72928176795581,-16.758747697974204,$5-10
686530,"Berta, Wise Extrapolator",Secrets of Strixhaven,1238,1531,786.5,0.29,0.49,0.15,68.96551724137932,-48.275862068965516,$0-1
556010,Reconnaissance,Universes Beyond: Assassin's Creed,1233,1381,6640.36,3.78,7.99,4.16,111.3756613756614,10.052910052910063,$2-5
679633,Spire Garden,Commander: Teenage Mutant Ninja Turtles,1232,1381,7236.84,6.41,8.49,4.86,32.44929797191888,-24.180967238689544,$5-10
687338,Storm-Kiln Artist,Commander: Secrets of Strixhaven,1230,1756,3212.61,1.4,2.29,1.37,63.57142857142859,-2.142857142857129,$1-2
696235,Construct a Cosmic Cube,Marvel Super Heroes,1230,1877,1100.39,0.34,0.49,0.15,44.117647058823515,-55.88235294117647,$0-1
687595,Eclipsed Steppe,Commander: Secrets of Strixhaven,1229,1751,5813.76,2.82,5.49,2.31,94.6808510638298,-18.085106382978715,$2-5
631529,Sphere Grid,Commander: FINAL FANTASY,1228,1376,12809.91,8.34,10.99,8.46,31.774580335731418,1.4388489208633213,$5-10
499592,Rogue's Passage,Commander: The Lord of the Rings: Tales of Middle-earth,1228,2327,1239.85,0.41,0.99,0.39,141.46341463414637,-4.878048780487796,$0-1
696276,Multiversal Incursion,Marvel Super Heroes,1228,1680,3021.53,1.25,2.29,1.0,83.2,-20.0,$1-2
615741,Monument to Endurance,Aetherdrift,1225,1330,24474.03,20.7,29.99,17.66,44.87922705314009,-14.685990338164249,$20-50
673579,"Mutagen Man, Living Ooze",Teenage Mutant Ninja Turtles,1225,1397,3939.34,1.6,2.29,0.78,43.125,-51.24999999999999,$1-2
631576,Rise of the Dark Realms,Commander: FINAL FANTASY,1222,1491,5669.82,3.87,6.49,3.49,67.70025839793283,-9.81912144702842,$2-5
687450,Monologue Tax,Commander: Secrets of Strixhaven,1220,1950,4784.22,1.86,2.49,1.17,33.87096774193549,-37.09677419354839,$1-2
668459,"Quicksilver, Brash Blur",Marvel Super Heroes,1220,2640,1931.95,0.36,0.49,0.15,36.111111111111114,-58.333333333333336,$0-1
556385,Propaganda,Universes Beyond: Assassin's Creed,1220,1438,4627.07,2.63,3.49,2.6,32.699619771863134,-1.1406844106463805,$2-5
457203,Grapeshot,Dominaria Remastered,1219,1781,752.33,0.28,0.59,0.22,110.71428571428568,-21.428571428571434,$0-1
589326,Archmage of Runes,Foundations,1218,1361,4361.98,3.15,4.99,2.86,58.412698412698425,-9.20634920634921,$2-5
687235,Twinflame,Commander: Secrets of Strixhaven,1217,2048,2965.79,0.86,0.99,0.41,15.116279069767444,-52.32558139534884,$0-1
589749,Stroke of Midnight,Foundations,1216,1773,634.4,0.36,0.79,0.2,119.44444444444446,-44.44444444444444,$0-1
687695,Lotus Field,Commander: Secrets of Strixhaven,1215,1794,6567.6,2.45,3.49,2.08,42.44897959183673,-15.102040816326534,$2-5
457501,Counterspell,Dominaria Remastered,1215,1514,4131.77,2.58,3.99,2.56,54.65116279069768,-0.7751937984496131,$2-5
631573,Reanimate,Commander: FINAL FANTASY,1215,1388,10253.73,7.45,12.99,7.57,74.36241610738254,1.6107382550335587,$5-10
198390,Witch's Cottage,Throne of Eldraine,1215,1503,2358.91,0.93,1.79,0.76,92.47311827956989,-18.27956989247312,$0-1
591730,Marauding Blight-Priest,Foundations,1212,1678,595.63,0.35,0.39,0.15,11.42857142857144,-57.14285714285714,$0-1
696446,The Vision (Borderless),Marvel Super Heroes,1211,1334,4725.22,2.51,3.49,1.45,39.04382470119524,-42.23107569721115,$2-5
687513,Goldvein Hydra,Commander: Secrets of Strixhaven,1210,1607,5717.66,2.97,4.49,2.34,51.178451178451176,-21.21212121212122,$2-5
686636,Disdainful Stroke,Secrets of Strixhaven: Mystical Archive,1209,1692,619.9,0.21,0.35,0.15,66.66666666666666,-28.57142857142857,$0-1
687630,Talisman of Creativity,Commander: Secrets of Strixhaven,1209,1735,3832.04,2.13,2.99,1.77,40.37558685446011,-16.90140845070422,$2-5
552266,Emerald Medallion,Modern Horizons 3,1209,1360,3850.26,3.42,4.99,3.12,45.90643274853802,-8.771929824561399,$2-5
591055,"Aurelia, the Warleader",Foundations,1209,1438,8502.9,4.61,5.49,3.5,19.088937093275486,-24.078091106290678,$2-5
226634,"Kediss, Emberclaw Familiar",Commander Legends,1208,1330,6845.92,4.8,9.49,4.99,97.70833333333334,3.9583333333333415,$2-5
679073,Negate,Teenage Mutant Ninja Turtles,1207,1740,398.26,0.34,0.35,0.15,2.9411764705882213,-55.88235294117647,$0-1
631496,Walking Ballista,Commander: FINAL FANTASY,1206,1355,9890.09,7.24,8.99,7.47,24.171270718232044,3.1767955801104906,$5-10
548583,Sylvan Safekeeper,Modern Horizons 3,1206,1315,6884.7,6.44,7.99,4.13,24.068322981366457,-35.86956521739131,$5-10
687428,Mana Geyser,Commander: Secrets of Strixhaven,1205,1839,3216.1,1.23,2.79,1.05,126.82926829268293,-14.634146341463412,$1-2
697038,Vision of Love,Marvel Super Heroes,1205,2886,1190.13,0.26,0.35,0.15,34.615384615384606,-42.307692307692314,$0-1
671031,Chomping Changeling,Lorwyn Eclipsed,1202,1668,1607.11,1.23,1.99,0.45,61.78861788617886,-63.41463414634146,$1-2
686606,"Sanar, Unfinished Genius",Secrets of Strixhaven,1201,1701,695.85,0.29,0.35,0.15,20.689655172413794,-48.275862068965516,$0-1
687596,Scorched Geyser,Commander: Secrets of Strixhaven,1200,1680,5151.04,1.65,2.49,1.04,50.90909090909093,-36.96969696969696,$1-2
615159,Adaptive Omnitool,Commander: Aetherdrift,1200,1787,2996.58,1.71,3.49,1.68,104.09356725146202,-1.7543859649122824,$1-2
590835,High Fae Trickster,Foundations,1199,1279,7246.46,4.18,8.49,4.16,103.11004784688997,-0.47846889952152094,$2-5
631215,Sword of the Animist,Commander: FINAL FANTASY,1199,1347,7451.18,5.48,6.49,5.19,18.430656934306562,-5.291970802919709,$5-10
532886,Crime Novelist,Murders at Karlov Manor,1199,1730,1832.23,1.03,1.99,0.44,93.20388349514562,-57.28155339805826,$1-2
673671,"Raph & Mikey, Troublemakers",Teenage Mutant Ninja Turtles,1198,1515,3842.41,2.67,5.49,1.04,105.6179775280899,-61.048689138576776,$2-5
591298,Authority of the Consuls,Foundations,1198,1369,6136.84,4.57,6.49,4.11,42.01312910284464,-10.065645514223194,$2-5
671537,Springleaf Drum,Lorwyn Eclipsed,1197,1801,750.03,0.35,0.99,0.15,182.85714285714286,-57.14285714285714,$0-1
689526,Pursue the Past,Secrets of Strixhaven,1197,2500,669.36,0.23,0.35,0.15,52.17391304347825,-34.78260869565218,$0-1
697075,Super-Adaptoid,Marvel Super Heroes,1194,2063,1867.69,0.37,0.49,0.15,32.432432432432435,-59.45945945945946,$0-1
618859,Sazh's Chocobo,FINAL FANTASY,1193,1851,2643.17,0.88,0.49,0.15,-44.31818181818182,-82.95454545454545,$0-1
498369,Peregrin Took,Universes Beyond: The Lord of the Rings: Tales of Middle-earth,1193,1387,1208.1,0.99,1.49,0.31,50.505050505050505,-68.68686868686868,$0-1
687609,Beledros Witherbloom,Commander: Secrets of Strixhaven,1192,1670,2711.61,1.57,2.79,1.01,77.70700636942675,-35.668789808917204,$1-2
668470,World War Hulk (Borderless),Marvel Super Heroes,1191,1380,6552.44,3.48,3.99,2.26,14.65517241379311,-35.05747126436782,$2-5
631511,Pitiless Plunderer,Commander: FINAL FANTASY,1189,1876,7229.04,4.88,5.49,3.33,12.500000000000005,-31.762295081967213,$2-5
696627,"Captain America, Wings of Freedom (Borderless)",Marvel Super Heroes,1188,1265,2136.94,2.1,1.99,0.46,-5.238095238095243,-78.0952380952381,$2-5
686553,Lorehold Charm,Secrets of Strixhaven,1185,1848,676.68,0.24,0.35,0.15,45.83333333333333,-37.5,$0-1
696656,"Ironheart, Clever Champion (Borderless)",Marvel Super Heroes,1184,1291,3935.49,2.37,1.99,1.42,-16.03375527426161,-40.084388185654014,$2-5
686598,Sundown Pass (Borderless),Secrets of Strixhaven,1182,1347,4077.58,2.21,3.99,1.82,80.54298642533938,-17.647058823529406,$2-5
553264,Arena of Glory,Modern Horizons 3,1181,1438,13089.17,7.62,11.99,6.7700000000000005,57.3490813648294,-11.154855643044614,$5-10
552831,Metastatic Evangel,Modern Horizons 3,1181,1444,857.63,0.38,0.79,0.15,107.89473684210526,-60.526315789473685,$0-1
558695,Innkeeper's Talent,Bloomburrow,1180,1258,11639.6,7.87,12.99,7.28,65.0571791613723,-7.496823379923759,$5-10
631295,Path of Ancestry,Commander: FINAL FANTASY,1179,1985,720.27,0.25,0.35,0.15,39.99999999999999,-40.0,$0-1
5717,Seeker of Skybreak,Tempest,1179,2598,8451.97,4.52,6.49,3.85,43.584070796460196,-14.823008849557512,$2-5
534196,Repulsive Mutation,Murders at Karlov Manor,1179,1361,1436.56,0.71,1.79,0.62,152.11267605633805,-12.676056338028166,$0-1
221901,Bala Ged Recovery,Zendikar Rising,1178,1250,8375.24,6.15,7.99,6.18,29.918699186991866,0.4878048780487701,$5-10
646613,"Doctor Octopus, Master Planner",Marvel's Spider-Man,1176,1349,5476.36,9.58,8.99,7.28,-6.158663883089769,-24.00835073068893,$5-10
642437,Consult the Star Charts,Edge of Eternities,1175,1912,8086.17,2.41,5.49,2.29,127.80082987551866,-4.979253112033199,$2-5
687602,Turbulent Steppe,Commander: Secrets of Strixhaven,1173,1643,9420.26,3.78,6.49,3.12,71.69312169312171,-17.460317460317455,$2-5
696321,"Iron Man, Master of Machines",Marvel Super Heroes,1172,1481,582.52,0.29,0.35,0.15,20.689655172413794,-48.275862068965516,$0-1
687354,Stensian Sanguinist,Commander: Secrets of Strixhaven,1170,1342,10947.95,4.62,8.49,4.09,83.76623376623377,-11.471861471861477,$2-5
525624,"Kutzil, Malamet Exemplar (Showcase)",The Lost Caverns of Ixalan,1170,1469,3723.08,2.13,3.99,2.03,87.32394366197185,-4.694835680751178,$2-5
696258,Monica Rambeau,Marvel Super Heroes,1169,1487,3688.11,1.3,2.99,1.04,130.0,-20.0,$1-2
638917,Swamp (0264) (Borderless),Edge of Eternities,1168,3269,5051.57,1.36,2.29,0.96,68.38235294117646,-29.41176470588236,$1-2
631015,Vivi Ornitier,FINAL FANTASY,1168,1292,49500.96,37.6,42.99,33.28,14.335106382978724,-11.48936170212766,$20-50
630888,Swamp (0300),FINAL FANTASY,1167,4263,1921.9,0.3,1.29,0.15,330.0,-50.0,$0-1
662414,"Longshot, Rebel Bowman",Avatar: The Last Airbender: Eternal-Legal,1165,1260,11486.46,8.63,12.99,6.78,50.521436848203926,-21.43684820393975,$5-10
671483,Bloodline Bidding,Lorwyn Eclipsed,1165,1450,3023.5,2.17,2.49,1.29,14.746543778801858,-40.55299539170507,$2-5
688900,Preordain,Secrets of Strixhaven: Mystical Archive,1163,1377,5452.95,2.49,2.99,1.01,20.08032128514056,-59.43775100401607,$2-5
552312,Flare of Duplication,Modern Horizons 3,1162,1854,3300.57,1.69,2.29,1.08,35.502958579881664,-36.094674556213015,$1-2
687643,Eldrazi Conscription,Commander: Secrets of Strixhaven,1158,2012,2077.41,1.23,1.79,0.68,45.52845528455285,-44.71544715447154,$1-2
688522,Flashback (Extended Art),Secrets of Strixhaven,1157,1275,15377.9,5.99,8.99,4.76,50.08347245409015,-20.534223706176967,$5-10
624374,Fellwar Stone,Commander: Tarkir: Dragonstorm,1155,2052,1985.65,1.01,1.79,0.72,77.22772277227723,-28.712871287128717,$1-2
222034,Iridescent Hornbeetle,Zendikar Rising,1155,1666,630.85,0.33,0.99,0.15,199.99999999999994,-54.545454545454554,$0-1
688940,Shamanic Revelation,Secrets of Strixhaven: Mystical Archive,1154,1234,2345.11,1.57,2.49,0.97,58.59872611464969,-38.21656050955414,$1-2
533918,Aftermath Analyst,Murders at Karlov Manor,1153,1370,2003.93,0.81,0.99,0.7000000000000001,22.222222222222214,-13.580246913580243,$0-1
696329,Thor Odinson,Marvel Super Heroes,1152,1545,665.96,0.28,0.35,0.15,24.999999999999982,-46.42857142857144,$0-1
686592,Deathcap Glade (Borderless),Secrets of Strixhaven,1149,1300,4700.28,2.36,4.49,2.08,90.25423728813561,-11.864406779661008,$2-5
687537,"Sram, Senior Edificer",Commander: Secrets of Strixhaven,1149,1971,1604.44,0.78,1.49,0.58,91.02564102564101,-25.64102564102565,$0-1
591317,Inspiring Call,Foundations,1148,1387,1072.46,0.36,0.69,0.15,91.66666666666666,-58.333333333333336,$0-1
190942,Changeling Outcast,Modern Horizons,1144,1649,2776.06,1.71,1.49,1.29,-12.865497076023392,-24.561403508771924,$1-2
689361,Sheoldred's Edict,Secrets of Strixhaven: Mystical Archive,1144,1306,3298.88,2.17,2.49,1.0,14.746543778801858,-53.91705069124424,$2-5
558442,Artist's Talent,Bloomburrow,1143,1386,10229.24,4.94,9.99,4.36,102.22672064777328,-11.74089068825911,$2-5
187125,Emergence Zone,War of the Spark,1141,1345,9309.32,4.17,5.99,3.85,43.64508393285372,-7.67386091127098,$2-5
39521,Gitaxian Probe,New Phyrexia,1140,1300,5360.92,3.77,4.99,3.12,32.360742705570296,-17.241379310344826,$2-5
687658,"Veyran, Voice of Duality",Commander: Secrets of Strixhaven,1140,1639,4050.84,1.63,3.99,0.98,144.78527607361966,-39.87730061349693,$1-2
631155,Clever Concealment,Commander: FINAL FANTASY,1139,1369,8482.05,5.52,6.99,5.48,26.63043478260871,-0.7246376811594049,$5-10
631209,Darksteel Plate,Commander: FINAL FANTASY,1139,1278,5747.09,4.58,6.49,4.2,41.70305676855895,-8.296943231441045,$2-5
687599,Turbulent Moor,Commander: Secrets of Strixhaven,1139,1568,9816.4,5.49,6.49,4.67,18.21493624772313,-14.936247723132972,$5-10
687387,Arcane Denial,Commander: Secrets of Strixhaven,1137,1926,3621.86,1.78,3.49,1.52,96.06741573033709,-14.606741573033707,$1-2
687699,Mystic Sanctuary,Commander: Secrets of Strixhaven,1136,1893,2245.42,1.01,2.79,1.02,176.23762376237624,0.990099009900991,$1-2
638919,Forest (0266) (Borderless),Edge of Eternities,1136,3165,4566.14,1.07,2.79,0.64,160.74766355140187,-40.186915887850475,$1-2
686532,Joined Researchers,Secrets of Strixhaven,1136,1474,660.65,0.28,0.49,0.15,74.99999999999997,-46.42857142857144,$0-1
499208,Fiery Inscription,Universes Beyond: The Lord of the Rings: Tales of Middle-earth,1135,1657,1161.92,0.43,0.99,0.28,130.2325581395349,-34.883720930232556,$0-1
673619,Splinter's Technique,Teenage Mutant Ninja Turtles,1135,1416,3046.62,1.85,2.99,1.26,61.62162162162163,-31.891891891891895,$1-2
686596,Stormcarved Coast (Borderless),Secrets of Strixhaven,1134,1301,4685.21,2.17,3.99,2.29,83.8709677419355,5.529953917050697,$2-5
552794,Amphibian Downpour,Modern Horizons 3,1134,1407,1759.28,1.5,2.49,0.93,66.00000000000001,-37.99999999999999,$1-2
687372,Toxic Deluge,Commander: Secrets of Strixhaven,1133,1542,8099.21,5.08,6.49,4.26,27.755905511811026,-16.14173228346457,$5-10
553321,Gift of the Viper,Modern Horizons 3,1133,1608,590.2,0.27,0.35,0.15,29.629629629629612,-44.44444444444445,$0-1
689503,Comforting Counsel,Secrets of Strixhaven,1132,1473,594.75,0.35,0.49,0.15,40.00000000000001,-57.14285714285714,$0-1
696269,"The Sentry, Golden Guardian (Borderless)",Marvel Super Heroes,1128,1308,3381.36,1.84,1.79,0.91,-2.7173913043478284,-50.54347826086957,$1-2
679213,Raph's Jitte - Umezawa's Jitte (Borderless),Teenage Mutant Ninja Turtles Source Material,1127,1465,12124.14,3.11,7.99,2.07,156.91318327974278,-33.44051446945338,$2-5
686693,Inkshield,Commander: Secrets of Strixhaven,1125,1519,7147.99,5.1,8.49,4.16,66.47058823529413,-18.4313725490196,$5-10
696563,Fin Fang Foom,Marvel Super Heroes,1125,2073,1428.29,0.28,0.49,0.15,74.99999999999997,-46.42857142857144,$0-1
696864,Vision Quest,Marvel Super Heroes,1124,1938,1755.42,0.3,0.49,0.15,63.33333333333334,-50.0,$0-1
661919,"Aang, Swift Savior",Avatar: The Last Airbender,1122,1472,3516.59,2.34,3.99,1.32,70.51282051282053,-43.589743589743584,$2-5
687374,Archaeomancer's Map,Commander: Secrets of Strixhaven,1122,1574,2553.15,1.18,2.29,1.04,94.06779661016951,-11.864406779661008,$1-2
679602,Big Mother Mouser,Commander: Teenage Mutant Ninja Turtles,1122,1816,3110.97,3.22,2.29,0.76,-28.881987577639755,-76.3975155279503,$2-5
630853,Adventurer's Inn,FINAL FANTASY,1122,1847,606.88,0.34,0.35,0.15,2.9411764705882213,-55.88235294117647,$0-1
671501,Collective Inferno,Lorwyn Eclipsed,1121,1427,2251.6,1.51,2.49,0.78,64.90066225165563,-48.34437086092715,$1-2
660496,Airbender Ascension,Avatar: The Last Airbender,1120,1478,1994.12,1.33,2.29,0.44,72.18045112781954,-66.9172932330827,$1-2
671503,Impolite Entrance,Lorwyn Eclipsed,1119,1330,455.02,0.32,0.79,0.15,146.875,-53.125,$0-1
499589,Command Tower,Commander: The Lord of the Rings: Tales of Middle-earth,1119,1842,1164.4,0.4,0.79,0.22,97.5,-45.0,$0-1
687516,"Primo, the Unbounded (Borderless)",Commander: Secrets of Strixhaven,1116,1710,3775.76,1.26,1.29,0.41,2.3809523809523827,-67.46031746031747,$1-2
679160,Level Up,Commander: Teenage Mutant Ninja Turtles,1116,1383,3782.95,2.6,3.49,2.07,34.23076923076923,-20.384615384615394,$2-5
696564,"Hawkeye, Master Marksman",Marvel Super Heroes,1113,2129,1297.62,0.32,0.49,0.15,53.124999999999986,-53.125,$0-1
552276,Glimpse the Impossible,Modern Horizons 3,1113,1720,629.63,0.32,0.49,0.15,53.124999999999986,-53.125,$0-1
631285,Sunpetal Grove,Commander: FINAL FANTASY,1110,1562,854.39,0.34,0.49,0.3,44.117647058823515,-11.764705882352951,$0-1
559757,Stormchaser's Talent,Bloomburrow,1109,1578,10727.69,4.29,8.49,3.89,97.9020979020979,-9.324009324009323,$2-5
686691,Anguished Unmaking,Commander: Secrets of Strixhaven,1107,1768,2231.45,1.35,2.79,1.03,106.66666666666667,-23.703703703703706,$1-2
633148,Aettir and Priwen,FINAL FANTASY,1107,1168,10691.04,11.59,12.99,10.23,12.07937877480587,-11.734253666954265,$10-20
559991,Bloodroot Apothecary,Commander: Bloomburrow,1107,2025,6972.92,4.99,5.49,3.42,10.020040080160319,-31.46292585170341,$2-5
670957,Chronicle of Victory,Lorwyn Eclipsed,1106,1195,23468.74,19.93,29.99,19.79,50.47666833918715,-0.7024586051179156,$10-20
559638,Caretaker's Talent,Bloomburrow,1105,1164,10985.03,8.52,13.99,8.09,64.20187793427232,-5.046948356807509,$5-10
687605,Turbulent Wilderness,Commander: Secrets of Strixhaven,1105,1538,13502.26,4.73,5.99,4.2700000000000005,26.63847780126849,-9.725158562367863,$2-5
544718,Corrupted Conviction,Outlaws of Thunder Junction,1105,1592,1485.39,0.23,1.79,0.15,678.2608695652174,-34.78260869565218,$0-1
552293,Flare of Fortitude,Modern Horizons 3,1104,1252,4628.56,4.06,5.99,3.31,47.5369458128079,-18.47290640394088,$2-5
687431,"Jadar, Ghoulcaller of Nephalia",Commander: Secrets of Strixhaven,1103,1745,2761.32,1.11,2.29,0.84,106.30630630630628,-24.324324324324333,$1-2
696996,"Black Widow, Super Spy",Marvel Super Heroes,1103,1741,6452.52,1.6,4.49,0.96,180.625,-40.00000000000001,$1-2
558355,Three Tree City,Bloomburrow,1102,1162,28672.54,26.61,34.99,26.9,31.491920330702754,1.0898158586997337,$20-50
687620,Patchwork Banner,Commander: Secrets of Strixhaven,1102,1976,4819.91,2.22,3.49,2.01,57.2072072072072,-9.459459459459477,$2-5
548602,"Phelia, Exuberant Shepherd",Modern Horizons 3,1100,1551,7644.88,5.47,8.49,3.94,55.21023765996345,-27.970749542961602,$5-10
686629,"Killian, Decisive Mentor (Borderless)",Commander: Secrets of Strixhaven,1099,1474,1995.4,0.87,0.99,0.17,13.793103448275861,-80.45977011494251,$0-1
559724,Command Tower,Commander: Bloomburrow,1099,1546,1038.28,0.36,0.79,0.26,119.44444444444446,-27.777777777777775,$0-1
673606,Ninja Teen,Teenage Mutant Ninja Turtles,1098,1289,2751.7,1.27,1.49,0.4,17.32283464566929,-68.50393700787401,$1-2
199543,Crashing Drawbridge,Throne of Eldraine,1098,1514,1205.9,0.7,1.79,0.52,155.71428571428575,-25.714285714285705,$0-1
662549,The Walls of Ba Sing Se,Avatar: The Last Airbender,1098,1136,28108.07,22.92,34.99,20.84,52.661431064572426,-9.07504363001746,$20-50
176427,Runaway Steam-Kin,Guilds of Ravnica,1098,1305,1981.48,1.66,2.79,1.25,68.07228915662652,-24.69879518072289,$1-2
696495,"Doc Samson, Super Psychiatrist",Marvel Super Heroes,1097,1943,1785.61,0.27,0.35,0.15,29.629629629629612,-44.44444444444445,$0-1
687634,"Gyome, Master Chef",Commander: Secrets of Strixhaven,1097,1713,3313.48,1.01,1.49,0.45,47.524752475247524,-55.44554455445545,$1-2
649367,Abandon Attachments,Avatar: The Last Airbender,1096,2412,951.71,0.36,0.39,0.15,8.333333333333341,-58.333333333333336,$0-1
632704,Buster Sword,FINAL FANTASY,1095,1115,46692.32,49.49,64.99,43.89,31.31945847645988,-11.315417256011317,$20-50
589432,Phyrexian Arena,Foundations,1095,1192,5012.64,4.31,5.49,4.14,27.378190255220435,-3.944315545243618,$2-5
641733,Ouroboroid,Edge of Eternities,1094,1226,41896.74,34.63,42.99,30.21,24.140918278948885,-12.763499855616523,$20-50
668463,Super-Skrull,Marvel Super Heroes,1093,1695,1090.16,0.27,0.49,0.15,81.48148148148147,-44.44444444444445,$0-1
591207,Leyline Axe,Foundations,1093,1324,2217.3,2.47,4.99,1.3,102.0242914979757,-47.36842105263158,$2-5
671067,Bloom Tender,Lorwyn Eclipsed,1091,1176,14912.87,12.81,17.99,12.11,40.43715846994534,-5.464480874316948,$10-20
687465,Unbound Flourishing,Commander: Secrets of Strixhaven,1088,1671,6012.89,1.99,2.99,1.64,50.251256281407045,-17.587939698492466,$1-2
687423,"Rionya, Fire Dancer",Commander: Secrets of Strixhaven,1088,1962,2925.88,0.47,0.49,0.2,4.255319148936175,-57.44680851063829,$0-1
631106,Tataru Taru,Commander: FINAL FANTASY,1088,1887,11886.64,8.1,9.99,8.120000000000001,23.333333333333343,0.24691358024693028,$5-10
689391,Culling Ritual,Secrets of Strixhaven: Mystical Archive,1087,1222,2679.6,1.19,1.49,0.79,25.21008403361345,-33.613445378151255,$1-2
687394,Cursed Mirror,Commander: Secrets of Strixhaven,1086,1737,1137.49,0.47,0.79,0.33,68.08510638297875,-29.787234042553184,$0-1
686594,Shattered Sanctum (Borderless),Secrets of Strixhaven,1086,1237,4232.38,2.22,4.49,1.51,102.25225225225225,-31.98198198198199,$2-5
578054,Enter the Enigma,Duskmourn: House of Horror,1085,1484,663.31,0.35,0.99,0.15,182.85714285714286,-57.14285714285714,$0-1
3360,Ashnod's Altar,Chronicles,1083,1160,15483.25,15.59,16.99,12.19,8.980115458627317,-21.808851828094937,$10-20
688867,Hop to It,Secrets of Strixhaven: Mystical Archive,1083,1629,538.25,0.23,0.35,0.15,52.17391304347825,-34.78260869565218,$0-1
7357,Rhystic Study,Prophecy,1081,1168,62619.2,60.17,79.99,55.91,32.94000332391556,-7.079940169519702,$50-100
615224,Academy Ruins,Commander: Aetherdrift,1081,1183,5869.39,5.28,8.49,4.08,60.79545454545454,-22.72727272727273,$5-10
657755,Super Shredder,Teenage Mutant Ninja Turtles,1080,1210,25268.64,19.3,21.99,18.75,13.93782383419688,-2.8497409326424905,$10-20
688851,Glimpse of Nature,Secrets of Strixhaven: Mystical Archive,1080,1331,2119.27,0.94,1.29,0.25,37.2340425531915,-73.40425531914893,$0-1
687598,Turbulent Fen,Commander: Secrets of Strixhaven,1079,1481,11276.97,6.17,7.49,5.93,21.393841166936795,-3.88978930307942,$5-10
552648,Stump Stomp,Modern Horizons 3,1079,1360,823.09,0.36,0.99,0.15,175.0,-58.333333333333336,$0-1
630969,Fire Magic,FINAL FANTASY,1078,1642,5878.4,0.85,0.99,0.15,16.47058823529412,-82.35294117647058,$0-1
687356,Naktamun Lorespinner,Commander: Secrets of Strixhaven,1076,1569,4976.86,1.9,2.79,1.14,46.842105263157904,-40.0,$1-2
688652,Erode (Extended Art),Secrets of Strixhaven,1074,1255,15362.96,7.37,11.99,6.68,62.68656716417911,-9.362279511533247,$5-10
560006,Scurry of Squirrels,Commander: Bloomburrow,1072,2362,5824.72,5.43,4.99,4.2700000000000005,-8.103130755064448,-21.362799263351736,$5-10
642025,Sol Ring,Commander: Edge of Eternities,1072,2241,3528.2,1.61,2.79,1.35,73.2919254658385,-16.149068322981368,$1-2
679787,Sewer-veillance Cam,Teenage Mutant Ninja Turtles,1072,2104,956.91,0.31,0.35,0.15,12.903225806451607,-51.61290322580645,$0-1
687590,Currency Converter,Commander: Secrets of Strixhaven,1072,1907,5692.75,1.69,2.49,1.44,47.3372781065089,-14.792899408284024,$1-2
591770,Blasphemous Edict,Foundations,1071,1224,5302.66,4.52,6.99,4.12,54.64601769911507,-8.849557522123883,$2-5
239836,Liquimetal Torque,Modern Horizons 2,1071,1162,3522.41,3.91,4.99,3.12,27.621483375959084,-20.20460358056266,$2-5
575047,Enduring Innocence,Duskmourn: House of Horror,1070,1269,6140.8,3.44,6.99,3.0500000000000003,103.19767441860466,-11.337209302325572,$2-5
638915,Plains (0262) (Borderless),Edge of Eternities,1070,3001,2783.52,0.92,1.79,0.44,94.56521739130434,-52.17391304347826,$0-1
631253,Brushland,Commander: FINAL FANTASY,1070,1773,1028.23,0.42,1.29,0.36,207.14285714285717,-14.285714285714285,$0-1
687518,Guardian Augmenter,Commander: Secrets of Strixhaven,1070,1741,2623.89,1.01,1.99,0.39,97.02970297029702,-61.386138613861384,$1-2
679161,Ninja Pizza,Commander: Teenage Mutant Ninja Turtles,1068,1480,4987.9,3.19,4.99,2.6,56.42633228840126,-18.49529780564263,$2-5
696536,"Nick Fury, Agent of S.H.I.E.L.D.",Marvel Super Heroes,1068,1876,1965.27,0.32,0.49,0.15,53.124999999999986,-53.125,$0-1
199556,"Torbran, Thane of Red Fell",Throne of Eldraine,1068,1304,4619.22,3.87,5.99,3.35,54.78036175710594,-13.436692506459949,$2-5
641717,Anticausal Vestige,Edge of Eternities,1067,1328,2414.47,1.37,1.99,0.77,45.255474452554736,-43.79562043795621,$1-2
498752,Troll of Khazad-dum,Universes Beyond: The Lord of the Rings: Tales of Middle-earth,1067,2175,2447.66,0.75,1.79,0.4,138.66666666666669,-46.666666666666664,$0-1
651943,"Spider-Woman, Stunning Savior",Marvel's Spider-Man,1065,1276,2400.57,1.93,2.49,0.5700000000000001,29.01554404145079,-70.46632124352331,$1-2
688901,Daze,Secrets of Strixhaven: Mystical Archive,1065,1231,2788.44,0.96,2.29,0.84,138.54166666666669,-12.5,$0-1
31833,Violent Outburst,Alara Reborn,1065,2852,18955.79,3.75,5.99,1.4,59.73333333333334,-62.66666666666667,$2-5
490413,Kami of Whispered Hopes,March of the Machine,1065,1166,4991.02,2.79,3.99,2.08,43.01075268817205,-25.448028673835122,$2-5
688726,Big Score,Secrets of Strixhaven: Mystical Archive,1063,1133,2800.79,1.41,2.79,0.71,97.87234042553193,-49.645390070921984,$1-2
623897,Voice of Victory,Tarkir: Dragonstorm,1063,1232,24642.83,17.44,27.99,15.63,60.49311926605503,-10.378440366972479,$10-20
1537,Red Elemental Blast,Revised Edition,1063,2085,7700.61,3.81,5.49,3.02,44.094488188976385,-20.73490813648294,$2-5
642112,"Dawnsire, Sunstar Dreadnought",Edge of Eternities,1061,1148,6203.42,7.31,8.99,5.91,22.98221614227087,-19.15184678522571,$5-10
687344,Expansion Algorithm,Commander: Secrets of Strixhaven,1060,1515,5087.56,2.17,2.79,1.56,28.571428571428577,-28.110599078341007,$2-5
656652,Bitterbloom Bearer,Lorwyn Eclipsed,1060,1128,19235.59,15.44,21.99,15.61,42.42227979274611,1.1010362694300513,$10-20
552731,Guide of Souls,Modern Horizons 3,1060,1555,3846.47,3.08,3.99,1.54,29.545454545454547,-50.0,$2-5
253555,Kessig Flamebreather,Innistrad: Crimson Vow,1058,2467,9596.18,4.08,4.99,3.4,22.303921568627455,-16.66666666666667,$2-5
4848,Pyroblast,Ice Age,1058,1811,13152.83,8.77,13.99,6.25,59.52109464082099,-28.73432155074116,$5-10
525818,Rogue's Passage,Commander: The Lost Caverns of Ixalan,1058,1667,862.07,0.42,0.99,0.38,135.71428571428575,-9.523809523809518,$0-1
687458,Path to Exile,Commander: Secrets of Strixhaven,1055,1567,1951.18,1.17,2.79,1.04,138.46153846153848,-11.111111111111102,$1-2
644603,Eumidian Terrabotanist,Edge of Eternities,1054,1372,432.16,0.34,0.35,0.15,2.9411764705882213,-55.88235294117647,$0-1
631240,Skullclamp,Commander: FINAL FANTASY,1053,1244,7182.66,6.69,8.99,5.21,34.379671150971596,-22.122571001494773,$5-10
646661,Multiversal Passage,Marvel's Spider-Man,1053,1312,11622.09,7.29,9.99,5.68,37.03703703703704,-22.08504801097394,$5-10
614490,Full Throttle,Aetherdrift,1053,1137,6181.56,6.62,6.99,5.63,5.589123867069488,-14.954682779456196,$5-10
558611,Oakhollow Village,Bloomburrow,1053,1510,815.27,0.5,0.79,0.15,58.00000000000001,-70.0,$0-1
226861,"Ardenn, Intrepid Archaeologist",Commander Legends,1052,1131,5198.81,5.73,5.99,4.55,4.537521815008723,-20.593368237347303,$5-10
662045,Fire Nation Palace,Avatar: The Last Airbender,1051,1230,2368.8,2.37,2.79,0.67,17.72151898734177,-71.72995780590718,$2-5
696350,Arc Reactor (Borderless),Marvel Super Heroes,1051,1246,3268.7,2.62,2.79,0.72,6.488549618320608,-72.51908396946564,$2-5
696445,Gleaming Bastion (Borderless),Marvel Super Heroes,1051,1353,6916.43,3.33,4.99,3.28,49.84984984984985,-1.5015015015015094,$2-5
687560,Pest Infestation,Commander: Secrets of Strixhaven,1050,1457,948.53,0.54,0.79,0.48,46.29629629629629,-11.11111111111112,$0-1
687566,Primordial Hydra,Commander: Secrets of Strixhaven,1050,1861,3488.04,1.42,1.49,1.06,4.929577464788737,-25.352112676056333,$1-2
631176,Damning Verdict,Commander: FINAL FANTASY,1050,1287,4692.2,3.48,6.49,3.35,86.49425287356323,-3.735632183908043,$2-5
679846,Frog Butler,Teenage Mutant Ninja Turtles,1050,1552,461.46,0.28,0.35,0.15,24.999999999999982,-46.42857142857144,$0-1
687589,Tyvar's Stand,Commander: Secrets of Strixhaven,1049,1805,1710.24,0.65,1.99,0.65,206.15384615384613,0.0,$0-1
696388,"Iron Man, Bleeding Edge",Commander: Marvel Super Heroes,1048,1066,15019.6,7.72,9.99,7.62,29.404145077720212,-1.2953367875647623,$5-10
687463,Thunderclap Drake,Commander: Secrets of Strixhaven,1048,1786,2431.93,0.6,0.99,0.26,65.0,-56.666666666666664,$0-1
641740,Starfield Vocalist,Edge of Eternities,1048,1425,1961.53,1.48,1.99,0.62,34.45945945945946,-58.108108108108105,$1-2
688526,Rapturous Moment,Secrets of Strixhaven,1047,1451,481.23,0.26,0.35,0.15,34.615384615384606,-42.307692307692314,$0-1
687409,Firemane Commando,Commander: Secrets of Strixhaven,1046,1892,6190.35,1.0,1.99,0.77,99.0,-23.0,$1-2
646635,"Iron Spider, Stark Upgrade",Marvel's Spider-Man,1045,1174,2009.17,2.36,3.49,0.62,47.881355932203405,-73.72881355932202,$2-5
660545,The Last Agni Kai,Avatar: The Last Airbender,1044,1206,2234.93,2.76,3.99,1.28,44.565217391304365,-53.623188405797094,$2-5
686593,Dreamroot Cascade (Borderless),Secrets of Strixhaven,1043,1198,2628.53,1.65,2.49,0.96,50.90909090909093,-41.81818181818181,$1-2
513095,Up the Beanstalk,Wilds of Eldraine,1041,1269,3420.49,2.29,2.99,1.13,30.567685589519655,-50.655021834061145,$2-5
688848,Berserk,Secrets of Strixhaven: Mystical Archive,1041,1125,9104.18,7.32,8.49,7.15,15.983606557377048,-2.3224043715846987,$5-10
457510,Nightscape Familiar,Dominaria Remastered,1040,1293,2052.34,0.38,0.79,0.28,107.89473684210526,-26.315789473684205,$0-1
631547,Swiftfoot Boots,Commander: FINAL FANTASY,1040,1393,3269.1,2.37,3.99,2.36,68.35443037974683,-0.421940928270052,$2-5
687468,Path of Ancestry,Commander: Secrets of Strixhaven,1038,2221,607.14,0.33,0.35,0.15,6.060606060606049,-54.545454545454554,$0-1
273342,Nature's Lore,Commander Legends: Battle for Baldur's Gate,1037,1131,3432.26,2.83,4.49,2.59,58.65724381625442,-8.480565371024742,$2-5
644620,Loading Zone,Edge of Eternities,1037,1611,2122.42,1.32,1.79,0.52,35.6060606060606,-60.60606060606061,$1-2
615216,Panharmonicon,Commander: Aetherdrift,1037,1262,7470.43,6.99,9.99,5.55,42.91845493562232,-20.600858369098717,$5-10
696468,Super-Soldier Serum (Borderless),Marvel Super Heroes,1037,1279,2694.67,1.36,1.99,0.93,46.323529411764696,-31.61764705882353,$1-2
624578,Cori-Steel Cutter,Tarkir: Dragonstorm,1036,1442,8186.0,5.64,8.49,3.69,50.531914893617035,-34.57446808510638,$5-10
696442,Hidden Lair (Borderless),Marvel Super Heroes,1036,1346,8541.15,4.21,6.99,3.34,66.0332541567696,-20.665083135391924,$2-5
687484,Beast Within,Commander: Secrets of Strixhaven,1036,1505,1097.71,0.59,1.49,0.51,152.54237288135596,-13.5593220338983,$0-1
696548,"Ms. Marvel, Kamala Khan",Marvel Super Heroes,1034,1938,1187.5,0.32,0.49,0.15,53.124999999999986,-53.125,$0-1
642824,Cloud Key,Commander: Edge of Eternities,1033,1417,2442.87,1.98,3.49,2.14,76.26262626262627,8.080808080808088,$1-2
499563,Commander's Sphere,Commander: The Lord of the Rings: Tales of Middle-earth,1033,1966,682.9,0.38,0.49,0.15,28.947368421052627,-60.526315789473685,$0-1
688828,Geometer's Arthropod,Secrets of Strixhaven,1033,1366,558.83,0.29,0.49,0.15,68.96551724137932,-48.275862068965516,$0-1
123110,Dramatic Reversal,Kaladesh,1032,1260,1328.52,0.58,0.99,0.32,70.68965517241381,-44.82758620689655,$0-1
673659,"Mikey & Leo, Chaos & Order",Teenage Mutant Ninja Turtles,1030,1159,2582.59,1.62,1.99,1.06,22.839506172839496,-34.567901234567906,$1-2
548578,Orim's Chant,Modern Horizons 3,1029,1422,8495.33,5.76,8.99,4.16,56.07638888888889,-27.777777777777775,$5-10
552298,Brainsurge,Modern Horizons 3,1028,1701,837.67,0.37,0.99,0.15,167.56756756756758,-59.45945945945946,$0-1
552274,Flare of Malice,Modern Horizons 3,1028,1396,2482.22,1.65,3.49,1.03,111.51515151515154,-37.57575757575757,$1-2
671780,Moonshadow,Lorwyn Eclipsed,1027,1417,16172.96,11.73,16.99,7.8,44.84228473998293,-33.50383631713555,$10-20
551669,Writhing Chrysalis,Modern Horizons 3,1027,3056,1123.74,0.2,0.79,0.15,295.0,-25.000000000000007,$0-1
679211,Donnie's Bo - Shadowspear (Borderless),Teenage Mutant Ninja Turtles Source Material,1026,1093,20630.22,19.81,27.99,20.6,41.29227662796568,3.9878849066128352,$10-20
687459,Tendershoot Dryad,Commander: Secrets of Strixhaven,1026,1336,1969.63,1.04,1.99,0.89,91.34615384615384,-14.423076923076925,$1-2
696976,Take Up the Shield (Borderless),Marvel Super Heroes,1026,1549,599.79,0.28,0.35,0.15,24.999999999999982,-46.42857142857144,$0-1
591313,"Krenko, Mob Boss",Foundations,1026,1429,2624.21,1.93,1.99,0.91,3.108808290155443,-52.84974093264248,$1-2
221899,Sejiri Shelter,Zendikar Rising,1025,1360,2401.55,2.05,3.49,2.24,70.24390243902442,9.268292682926848,$2-5
457177,Frantic Search,Dominaria Remastered,1025,1188,1087.48,0.78,1.49,0.72,91.02564102564101,-7.692307692307699,$0-1
14996,Sprout Swarm,Future Sight,1025,1209,7236.11,5.6,2.99,3.8,-46.607142857142854,-32.14285714285714,$5-10
696256,"Captain Marvel, Earth's Protector",Marvel Super Heroes,1025,1609,2127.98,0.75,1.49,0.38,98.66666666666667,-49.333333333333336,$0-1
641748,"Uthros, Titanic Godcore",Edge of Eternities,1024,1084,11548.04,12.32,18.99,11.31,54.13961038961037,-8.198051948051946,$10-20
689047,Informed Inkwright,Secrets of Strixhaven,1024,1705,657.69,0.29,0.49,0.15,68.96551724137932,-48.275862068965516,$0-1
591162,Aetherize,Foundations,1023,1574,645.24,0.44,0.99,0.25,125.0,-43.18181818181818,$0-1
559118,For the Common Good,Bloomburrow,1022,1179,3551.4,3.45,4.49,2.08,30.144927536231886,-39.710144927536234,$2-5
11423,Seething Song,Mirrodin,1021,1162,12428.46,13.55,12.99,8.120000000000001,-4.132841328413288,-40.07380073800738,$10-20
230172,Village Rites,Kaldheim,1021,1589,680.5,0.38,1.29,0.2,239.47368421052633,-47.368421052631575,$0-1
657764,Doubling Season (Borderless),Teenage Mutant Ninja Turtles Source Material,1019,1060,30851.81,30.24,34.99,30.34,15.70767195767197,0.3306878306878354,$20-50
696573,Absorbing Man,Marvel Super Heroes,1019,1922,1132.3,0.27,0.49,0.15,81.48148148148147,-44.44444444444445,$0-1
687418,Gift of Immortality,Commander: Secrets of Strixhaven,1017,1622,1955.61,0.4,0.69,0.17,72.49999999999997,-57.49999999999999,$0-1
631136,Professional Face-Breaker,Commander: FINAL FANTASY,1017,1112,5726.37,5.07,7.99,5.19,57.593688362919124,2.3668639053254457,$5-10
559120,Overprotect,Bloomburrow,1017,1317,1353.48,0.86,2.79,0.29,224.41860465116284,-66.27906976744187,$0-1
548593,Null Elemental Blast,Modern Horizons 3,1016,1581,756.66,0.36,0.69,0.15,91.66666666666666,-58.333333333333336,$0-1
643504,Mightform Harmonizer,Edge of Eternities,1016,1440,3498.9,1.45,2.79,1.14,92.41379310344828,-21.37931034482759,$1-2
512642,Not Dead After All,Wilds of Eldraine,1016,1173,2280.79,1.45,2.49,1.0,71.7241379310345,-31.034482758620683,$1-2
671946,Reckless Ransacking,Lorwyn Eclipsed,1015,1251,343.55,0.28,0.35,0.15,24.999999999999982,-46.42857142857144,$0-1
686566,Reprieve,Secrets of Strixhaven: Mystical Archive,1015,1149,2636.58,1.59,2.99,0.94,88.0503144654088,-40.88050314465409,$1-2
644587,Scour for Scrap,Edge of Eternities,1014,1203,545.15,0.37,0.99,0.15,167.56756756756758,-59.45945945945946,$0-1
648729,Forest (0291),Avatar: The Last Airbender,1013,3589,1420.4,0.28,0.79,0.15,182.14285714285714,-46.42857142857144,$0-1
686552,Vampiric Tutor,Secrets of Strixhaven: Mystical Archive,1013,1027,62963.15,56.05,59.99,57.31,7.02943800178413,2.247992863514728,$50-100
631315,Three Visits,Commander: FINAL FANTASY,1013,1124,6567.62,4.53,7.49,4.61,65.34216335540839,1.766004415011039,$2-5
671294,Timeless Lotus,Commander: Lorwyn Eclipsed,1013,1680,4944.62,2.53,4.99,1.82,97.2332015810277,-28.06324110671936,$2-5
525809,Command Tower,Commander: The Lost Caverns of Ixalan,1013,1731,707.98,0.36,0.69,0.2,91.66666666666666,-44.44444444444444,$0-1
696439,Dark Fortress (Borderless),Marvel Super Heroes,1012,1313,7114.31,3.56,4.49,3.38,26.12359550561798,-5.056179775280904,$2-5
696859,"Cloak and Dagger, Entwined",Marvel Super Heroes,1012,1747,881.6,0.33,0.49,0.15,48.48484848484848,-54.545454545454554,$0-1
615183,Lightning Greaves,Commander: Aetherdrift,1011,1199,5319.68,4.51,5.99,4.16,32.81596452328161,-7.760532150776046,$2-5
687389,Archmage Emeritus,Commander: Secrets of Strixhaven,1011,1810,3683.29,0.57,1.79,0.41,214.0350877192983,-28.07017543859649,$0-1
686637,Force of Will,Secrets of Strixhaven: Mystical Archive,1011,1072,79855.2,63.41,69.99,63.03,10.37691215896546,-0.5992745623718585,$50-100
686539,Eiganjo Dynastorian,Commander: Secrets of Strixhaven,1010,1333,4354.56,1.28,1.49,0.76,16.406249999999996,-40.625,$1-2
696886,"Spider-Man, To the Rescue (Borderless)",Marvel Super Heroes,1010,1305,615.6,0.25,0.35,0.15,39.99999999999999,-40.0,$0-1
534080,Archdruid's Charm,Murders at Karlov Manor,1010,1215,8071.6,6.72,9.49,6.25,41.2202380952381,-6.994047619047615,$5-10
687479,Radiant Summit,Commander: Secrets of Strixhaven,1009,1619,1800.92,0.73,0.69,0.66,-5.479452054794526,-9.589041095890405,$0-1
687519,Zulaport Cutthroat,Commander: Secrets of Strixhaven,1009,1534,1797.43,1.09,2.29,0.96,110.09174311926604,-11.926605504587167,$1-2
688842,Armageddon,Secrets of Strixhaven: Mystical Archive,1009,1053,10038.48,10.0,6.99,6.8500000000000005,-30.099999999999998,-31.499999999999993,$10-20
552945,Arcane Signet,Commander: Modern Horizons 3,1008,2000,1202.92,0.66,0.99,0.43,49.999999999999986,-34.84848484848485,$0-1
671768,Twilight Diviner,Lorwyn Eclipsed,1008,1129,3174.97,2.05,3.49,1.62,70.24390243902442,-20.975609756097548,$2-5
688849,Brotherhood's End,Secrets of Strixhaven: Mystical Archive,1008,1204,1731.39,1.16,2.29,0.28,97.41379310344828,-75.86206896551724,$1-2
575282,Twitching Doll,Duskmourn: House of Horror,1008,1095,2970.91,2.59,1.99,1.86,-23.166023166023162,-28.185328185328178,$2-5
478687,Unnatural Restoration,Phyrexia: All Will Be One,1007,1263,1677.19,1.18,1.99,0.8300000000000001,68.64406779661017,-29.66101694915253,$1-2
648738,"Toph, the First Metalbender",Avatar: The Last Airbender,1006,1181,2212.0,1.55,0.99,0.46,-36.12903225806452,-70.3225806451613,$1-2
673644,Ravenous Robots,Teenage Mutant Ninja Turtles,1005,1362,3004.17,1.73,2.49,0.98,43.9306358381503,-43.35260115606936,$1-2
58931,Battle Hymn,Avacyn Restored,1004,1342,2580.99,1.36,1.79,1.25,31.617647058823522,-8.088235294117654,$1-2
544664,Highway Robbery,Outlaws of Thunder Junction,1004,3063,1184.21,0.37,1.79,0.15,383.78378378378375,-59.45945945945946,$0-1
642032,Command Tower,Commander: Edge of Eternities,1003,2183,796.03,0.34,0.69,0.21,102.9411764705882,-38.235294117647065,$0-1
696237,"Elektra, Daughter of the Hand",Marvel Super Heroes,1003,1555,1034.13,0.3,0.49,0.15,63.33333333333334,-50.0,$0-1
552630,Emperor of Bones,Modern Horizons 3,1001,1872,5107.73,1.57,2.99,0.76,90.44585987261146,-51.59235668789809,$1-2
630899,Forest (0306),FINAL FANTASY,1001,3283,1311.02,0.33,1.29,0.15,290.9090909090909,-54.545454545454554,$0-1
696567,"Hawkeye, Master Marksman (Borderless)",Marvel Super Heroes,1001,1125,2157.65,1.2,0.79,0.45,-34.166666666666664,-62.5,$1-2
591191,Preposterous Proportions,Foundations,998,1240,1514.21,1.67,2.29,0.46,37.12574850299402,-72.45508982035929,$1-2
615167,Chromatic Lantern,Commander: Aetherdrift,998,1620,2535.78,1.06,2.49,0.78,134.9056603773585,-26.41509433962264,$1-2
641725,Exalted Sunborn,Edge of Eternities,997,1128,17658.28,14.51,20.99,12.5,44.65885596140592,-13.852515506547208,$10-20
512544,Garruk's Uprising,Wilds of Eldraine: Enchanting Tales,996,1172,1565.65,1.06,1.49,0.41,40.56603773584905,-61.32075471698114,$1-2
641790,Frenzied Baloth,Edge of Eternities,992,1423,2290.05,1.27,2.49,1.0,96.06299212598427,-21.25984251968504,$1-2
696444,Gathering Place (Borderless),Marvel Super Heroes,991,1298,6431.56,2.97,4.49,1.97,51.178451178451176,-33.670033670033675,$2-5
631097,Champions from Beyond,Commander: FINAL FANTASY,991,2052,5146.1,4.49,4.99,2.96,11.135857461024498,-34.07572383073497,$2-5
689541,Cauldron of Essence (Extended Art),Secrets of Strixhaven,991,1057,6227.62,4.0,4.49,3.64,12.250000000000005,-8.999999999999996,$2-5
642806,Ripples of Potential,Commander: Edge of Eternities,990,1540,3737.81,2.77,4.99,3.0700000000000003,80.14440433212997,10.830324909747302,$2-5
463303,Mind Stone,Dominaria Remastered,990,1626,554.76,0.31,0.79,0.25,154.83870967741936,-19.35483870967742,$0-1
631132,Hellkite Tyrant,Commander: FINAL FANTASY,990,1241,2270.34,1.89,2.99,1.35,58.20105820105822,-28.571428571428566,$1-2
642804,Phyrexian Metamorph,Commander: Edge of Eternities,990,1419,3265.76,2.46,3.99,2.42,62.19512195121952,-1.6260162601626031,$2-5
688836,Akroma's Will,Secrets of Strixhaven: Mystical Archive,990,1011,19314.19,17.13,20.99,15.89,22.533566841798013,-7.238762405137178,$10-20
544422,Lively Dirge,Outlaws of Thunder Junction,989,1547,2774.89,2.2,3.49,1.74,58.63636363636363,-20.909090909090917,$2-5
687432,Rapid Hybridization,Commander: Secrets of Strixhaven,989,1845,1836.25,1.16,1.99,0.58,71.55172413793105,-50.0,$1-2
641778,Weapons Manufacturing,Edge of Eternities,989,1623,3953.08,1.65,3.49,1.03,111.51515151515154,-37.57575757575757,$1-2
453207,Loran's Escape,The Brothers' War,989,1628,2293.73,2.18,3.49,2.34,60.09174311926605,7.339449541284389,$2-5
696443,Training Compound (Borderless),Marvel Super Heroes,988,1290,7033.58,3.08,4.99,2.29,62.01298701298702,-25.649350649350648,$2-5
478819,Tyvar's Stand,Phyrexia: All Will Be One,988,1146,1677.81,1.11,1.79,0.41,61.26126126126125,-63.063063063063076,$1-2
591758,Bushwhack,Foundations,987,1527,456.14,0.3,0.59,0.15,96.66666666666667,-50.0,$0-1
634130,Sabotender,FINAL FANTASY,986,1344,423.01,0.3,0.35,0.15,16.666666666666664,-50.0,$0-1
660516,"Wan Shi Tong, Librarian",Avatar: The Last Airbender,985,1104,45162.86,36.45,59.99,36.44,64.58161865569272,-0.027434842249671094,$20-50
630927,Tifa Lockhart,FINAL FANTASY,985,1217,3391.16,2.81,2.79,1.54,-0.7117437722419936,-45.195729537366546,$2-5
548596,Flare of Denial,Modern Horizons 3,985,1382,4277.3,3.4,5.49,2.9,61.47058823529413,-14.705882352941178,$2-5
687362,Ophiomancer,Commander: Secrets of Strixhaven,985,1494,1481.08,0.86,2.29,0.52,166.27906976744188,-39.53488372093023,$0-1
559642,Eddymurk Crab,Bloomburrow,985,1862,2410.95,1.11,1.79,0.46,61.26126126126125,-58.55855855855856,$1-2
535300,Insidious Roots,Murders at Karlov Manor,983,1299,2451.59,1.29,2.79,0.84,116.27906976744187,-34.88372093023256,$1-2
243349,Wizard Class,Adventures in the Forgotten Realms,983,1122,2701.31,2.86,4.99,1.7,74.4755244755245,-40.55944055944056,$2-5
559141,Mockingbird,Bloomburrow,983,1157,5284.65,3.48,4.99,2.82,43.390804597701155,-18.965517241379317,$2-5
589385,"General Kreat, the Boltbringer (Anime)",Foundations Jumpstart,982,1230,9202.27,5.76,9.99,5.17,73.43750000000001,-10.243055555555554,$5-10
93033,Stubborn Denial,Khans of Tarkir,981,1306,5292.39,3.74,6.49,3.23,73.52941176470587,-13.63636363636364,$2-5
696579,"Winter Soldier, Icy Assassin (Borderless)",Marvel Super Heroes,981,1063,2494.23,1.08,0.99,0.15,-8.33333333333334,-86.1111111111111,$1-2
687671,Caves of Koilos,Commander: Secrets of Strixhaven,980,1578,1065.45,0.55,1.79,0.52,225.45454545454544,-5.4545454545454595,$0-1
641739,Starfield Shepherd,Edge of Eternities,980,1935,838.77,0.36,0.59,0.15,63.888888888888886,-58.333333333333336,$0-1
96697,Impact Tremors,Dragons of Tarkir,980,1179,3610.74,2.93,4.99,2.34,70.30716723549489,-20.136518771331065,$2-5
696283,"Leader, Super-Genius (Borderless)",Marvel Super Heroes,979,1049,1444.39,1.22,1.29,0.26,5.737704918032792,-78.68852459016394,$1-2
590235,"Dionus, Elvish Archdruid (Anime)",Foundations Jumpstart,979,1232,9827.75,9.01,13.99,7.91,55.27192008879024,-12.208657047724747,$5-10
689151,Jeska's Will,Secrets of Strixhaven: Mystical Archive,979,987,49097.54,45.81,54.99,44.26,20.039292730844792,-3.3835407116350233,$20-50
679869,Skateboard,Teenage Mutant Ninja Turtles,976,1618,866.46,0.29,0.35,0.15,20.689655172413794,-48.275862068965516,$0-1
630870,"Cloud, Midgar Mercenary",FINAL FANTASY,976,1033,22037.16,21.62,24.99,19.78,15.58741905642922,-8.510638297872338,$20-50
687470,Animist's Awakening,Commander: Secrets of Strixhaven,976,1530,1004.05,0.39,0.49,0.15,25.64102564102563,-61.53846153846154,$0-1
590846,Painful Quandary,Foundations,976,1214,1670.54,1.76,1.99,0.61,13.068181818181818,-65.34090909090908,$1-2
591833,"Loot, Exuberant Explorer",Foundations,976,1069,2993.35,3.13,4.99,2.02,59.424920127795545,-35.46325878594249,$2-5
687336,Changing Loyalty,Commander: Secrets of Strixhaven,976,1373,2477.81,0.68,0.59,0.15,-13.23529411764707,-77.94117647058823,$0-1
631255,Canopy Vista,Commander: FINAL FANTASY,975,1338,499.29,0.34,0.49,0.16,44.117647058823515,-52.94117647058824,$0-1
578058,Withering Torment,Duskmourn: House of Horror,974,1079,3971.91,2.75,3.49,2.07,26.909090909090917,-24.727272727272734,$2-5
689505,"Emil, Vastlands Roamer",Secrets of Strixhaven,974,1248,375.58,0.25,0.35,0.15,39.99999999999999,-40.0,$0-1
660572,Cycle of Renewal,Avatar: The Last Airbender,974,1467,401.3,0.3,0.35,0.15,16.666666666666664,-50.0,$0-1
552624,Spymaster's Vault,Modern Horizons 3,974,1288,1290.54,1.2,2.29,0.78,90.83333333333334,-35.0,$1-2
651338,Norman Osborn (Borderless),Marvel's Spider-Man,973,1040,16010.67,23.69,22.99,18.38,-2.954833262980172,-22.414520894892366,$20-50
630885,Island (0298),FINAL FANTASY,973,3491,1198.04,0.24,0.69,0.15,187.49999999999997,-37.5,$0-1
687554,Tocasia's Welcome,Commander: Secrets of Strixhaven,972,1775,1643.76,0.59,1.29,0.46,118.64406779661019,-22.033898305084737,$0-1
671032,Hexing Squelcher (Showcase),Lorwyn Eclipsed,971,1032,38496.73,27.03,37.99,26.31,40.547539770625235,-2.6637069922308636,$20-50
624207,Exotic Orchard,Commander: Tarkir: Dragonstorm,971,1550,452.59,0.26,0.59,0.15,126.92307692307689,-42.307692307692314,$0-1
686550,"Lluwen, Exchange Student",Secrets of Strixhaven,971,1229,355.95,0.31,0.35,0.15,12.903225806451607,-51.61290322580645,$0-1
641997,Oracle of Mul Daya,Commander: Edge of Eternities,971,1143,3076.47,2.54,4.49,2.47,76.7716535433071,-2.7559055118110174,$2-5
499443,Lembas,Universes Beyond: The Lord of the Rings: Tales of Middle-earth,969,1789,4639.88,1.45,2.49,1.19,71.7241379310345,-17.931034482758623,$1-2
553327,Nightshade Dryad,Modern Horizons 3,969,1399,372.93,0.29,0.35,0.15,20.689655172413794,-48.275862068965516,$0-1
687517,Serra Paragon,Commander: Secrets of Strixhaven,969,1744,4574.76,0.67,0.99,0.25,47.761194029850735,-62.68656716417911,$0-1
686557,Smallpox,Secrets of Strixhaven: Mystical Archive,966,1102,1896.48,0.83,0.59,0.19,-28.915662650602407,-77.10843373493975,$0-1
632741,"Lindblum, Industrial Regency",FINAL FANTASY,965,1127,2529.88,2.67,4.49,2.62,68.16479400749064,-1.872659176029956,$2-5
559037,Dawn's Truce,Bloomburrow,965,1038,8887.05,8.41,13.99,7.72,66.34958382877527,-8.204518430439958,$5-10
688831,Ad Nauseam,Secrets of Strixhaven: Mystical Archive,964,985,14427.72,11.04,10.99,10.42,-0.4528985507246281,-5.615942028985501,$10-20
575157,Enduring Curiosity,Duskmourn: House of Horror,964,1017,6696.04,6.01,8.99,5.21,49.584026622296186,-13.31114808652246,$5-10
687612,"Breena, the Demagogue",Commander: Secrets of Strixhaven,963,1507,1872.01,0.5,1.49,0.47,198.0,-6.000000000000005,$0-1
679609,Escape Tunnel,Teenage Mutant Ninja Turtles,962,1732,430.8,0.33,0.35,0.15,6.060606060606049,-54.545454545454554,$0-1
687633,Talisman of Hierarchy,Commander: Secrets of Strixhaven,961,1600,883.49,0.42,1.49,0.4,254.7619047619048,-4.761904761904753,$0-1
689080,Moment of Reckoning,Secrets of Strixhaven,961,1218,627.46,0.24,0.49,0.15,104.16666666666667,-37.5,$0-1
688843,Awaken the Woods,Secrets of Strixhaven: Mystical Archive,961,980,17997.36,14.18,18.99,14.32,33.92101551480958,0.9873060648801169,$10-20
679112,"Shredder, Shadow Master",Commander: Teenage Mutant Ninja Turtles,961,1174,1424.52,0.89,1.99,0.32,123.59550561797754,-64.04494382022472,$0-1
624267,Mistrise Village,Tarkir: Dragonstorm,960,1036,9288.29,9.29,13.99,7.36,50.592034445640486,-20.77502691065661,$5-10
648728,Mountain (0290),Avatar: The Last Airbender,960,3119,1208.64,0.29,0.69,0.15,137.9310344827586,-48.275862068965516,$0-1
591076,Basilisk Collar,Foundations,959,1197,4897.13,4.55,6.49,3.95,42.63736263736265,-13.186813186813179,$2-5
544336,High Noon,Outlaws of Thunder Junction,959,1390,6987.49,5.6,8.99,4.73,60.535714285714306,-15.535714285714272,$5-10
688814,Applied Geometry,Secrets of Strixhaven,958,1459,534.01,0.3,0.49,0.15,63.33333333333334,-50.0,$0-1
687401,Anger,Commander: Secrets of Strixhaven,957,1506,1379.65,0.49,1.49,0.43,204.08163265306123,-12.244897959183673,$0-1
687667,Arcane Lighthouse,Commander: Secrets of Strixhaven,957,1818,2954.31,1.75,3.49,1.03,99.42857142857144,-41.14285714285714,$1-2
696650,Scientist Supreme of A.I.M.,Marvel Super Heroes,956,1652,1046.68,0.28,0.49,0.15,74.99999999999997,-46.42857142857144,$0-1
687422,Guardian of Faith,Commander: Secrets of Strixhaven,955,1490,1447.61,0.52,1.79,0.26,244.2307692307692,-50.0,$0-1
268790,Witty Roastmaster,Streets of New Capenna,955,1292,1342.18,1.81,1.49,0.89,-17.679558011049725,-50.82872928176796,$1-2
696664,Earth's Mightiest Heroes,Marvel Super Heroes,955,1406,3121.98,0.93,1.29,0.3,38.70967741935484,-67.74193548387098,$0-1
479581,Prologue to Phyresis,Phyrexia: All Will Be One,955,1375,810.8,0.78,0.99,0.15,26.923076923076916,-80.76923076923077,$0-1
687541,Sodden Verdure,Commander: Secrets of Strixhaven,954,1615,941.21,0.39,0.49,0.26,25.64102564102563,-33.33333333333333,$0-1
559146,Valley Floodcaller,Bloomburrow,954,1025,4711.65,3.51,5.99,3.03,70.65527065527067,-13.675213675213676,$2-5
679234,Underworld Breach (Borderless),Teenage Mutant Ninja Turtles Source Material,954,994,7896.06,7.58,10.99,7.77,44.9868073878628,2.506596306068595,$5-10
230134,Masked Vandal,Kaldheim,953,1746,3072.3,1.44,2.29,1.23,59.02777777777779,-14.583333333333332,$1-2
488255,Reprieve,Universes Beyond: The Lord of the Rings: Tales of Middle-earth,953,1186,1888.6,1.58,2.29,0.93,44.93670886075949,-41.13924050632911,$1-2
525223,Diamond Pick-Axe,The Lost Caverns of Ixalan,952,1162,2368.77,0.97,1.49,0.78,53.608247422680414,-19.587628865979376,$0-1
273372,Decanter of Endless Water,Commander Legends: Battle for Baldur's Gate,951,1129,4765.92,4.6,4.99,3.06,8.478260869565231,-33.47826086956521,$2-5
679072,Trouble in Pairs (Borderless),Teenage Mutant Ninja Turtles Source Material,951,1011,15861.39,15.09,20.99,15.98,39.09874088800529,5.897945659377075,$10-20
633410,The Regalia,FINAL FANTASY,951,1085,1663.97,1.66,2.49,1.4,50.00000000000002,-15.66265060240964,$1-2
631216,Eye of Nidhogg,Commander: FINAL FANTASY,951,1026,4916.19,2.05,2.99,1.78,45.85365853658539,-13.170731707317065,$2-5
687341,Defiling Daemogoth,Commander: Secrets of Strixhaven,951,1248,2621.67,0.79,0.79,0.72,0.0,-8.860759493670892,$0-1
696553,"Ms. Marvel, Kamala Khan (Borderless)",Marvel Super Heroes,950,1085,1442.12,0.69,0.69,0.15,0.0,-78.26086956521738,$0-1
687396,Darksteel Mutation,Commander: Secrets of Strixhaven,950,1754,1635.36,0.8,1.79,0.51,123.74999999999999,-36.25000000000001,$0-1
589747,Exemplar of Light (0011),Foundations,950,1206,3040.8,1.88,3.99,1.04,112.23404255319151,-44.68085106382978,$1-2
631324,Isolated Chapel,Commander: FINAL FANTASY,949,1351,588.97,0.36,0.99,0.3,175.0,-16.666666666666664,$0-1
671135,Tree of Perdition,Commander: Lorwyn Eclipsed,949,1189,4262.67,2.59,5.49,2.3000000000000003,111.96911196911199,-11.19691119691118,$2-5
533895,Proft's Eidetic Memory,Murders at Karlov Manor,949,1143,2309.12,1.93,4.99,2.15,158.54922279792748,11.398963730569948,$1-2
648725,Plains (0287),Avatar: The Last Airbender,948,2960,1039.09,0.27,0.79,0.15,192.59259259259258,-44.44444444444445,$0-1
638897,The Seriema,Edge of Eternities,948,1384,1211.28,1.01,1.99,0.2,97.02970297029702,-80.19801980198021,$1-2
513067,Utopia Sprawl,Wilds of Eldraine: Enchanting Tales,947,1252,2055.66,1.73,2.49,1.26,43.9306358381503,-27.167630057803464,$1-2
651336,"Carnage, Crimson Chaos",Marvel's Spider-Man,947,1150,1518.25,2.19,1.99,0.25,-9.1324200913242,-88.58447488584474,$2-5
688920,Repel Calamity,Secrets of Strixhaven: Mystical Archive,946,1292,450.21,0.22,0.35,0.15,59.09090909090908,-31.818181818181824,$0-1
499536,Path to Exile,Commander: The Lord of the Rings: Tales of Middle-earth,946,1786,2445.61,2.03,2.79,1.15,37.43842364532021,-43.34975369458128,$2-5
6150,Caltrops,Urza's Destiny,944,1123,13379.25,25.15,19.99,18.57,-20.5168986083499,-26.163021868787272,$20-50
696316,Armor Wars,Marvel Super Heroes,944,1540,927.76,0.29,0.49,0.15,68.96551724137932,-48.275862068965516,$0-1
630917,Summon: Bahamut,FINAL FANTASY,943,984,21577.96,23.76,32.99,20.63,38.84680134680135,-13.173400673400684,$20-50
662545,Great Divide Guide,Avatar: The Last Airbender,943,1354,1428.94,1.21,1.79,0.29,47.93388429752067,-76.03305785123966,$1-2
215384,"Vito, Thorn of the Dusk Rose",Core Set 2021,942,984,11576.73,12.04,13.99,8.84,16.196013289036554,-26.578073089700993,$10-20
227128,Open the Armory,Commander Legends,941,981,2754.83,2.72,3.99,2.6,46.69117647058823,-4.411764705882357,$2-5
188705,"Narset, Parter of Veils",War of the Spark,940,1407,1863.24,0.95,1.49,0.41,56.842105263157904,-56.842105263157904,$0-1
552853,Eviscerator's Insight,Modern Horizons 3,940,2020,741.82,0.27,0.59,0.15,118.51851851851849,-44.44444444444445,$0-1
688884,Crackle with Power,Secrets of Strixhaven: Mystical Archive,940,958,7706.14,7.7,9.49,6.76,23.246753246753247,-12.207792207792213,$5-10
5615,Lotus Petal,Tempest,939,1154,37326.22,33.86,44.99,28.04,32.87064382752511,-17.188422917897224,$20-50
648645,"Appa, Steadfast Guardian",Avatar: The Last Airbender,938,1036,8542.19,6.44,9.99,6.38,55.12422360248447,-0.931677018633548,$5-10
630864,Aerith Gainsborough,FINAL FANTASY,938,1059,2442.64,2.27,2.29,1.35,0.8810572687224677,-40.52863436123348,$2-5
457215,Spirit Link,Dominaria Remastered,937,1398,502.27,0.35,0.59,0.15,68.57142857142857,-57.14285714285714,$0-1
673646,"Slash, Reptile Rampager",Teenage Mutant Ninja Turtles,937,1198,1387.26,1.03,1.29,0.31,25.24271844660194,-69.90291262135922,$1-2
499755,Heroic Intervention,Commander: The Lord of the Rings: Tales of Middle-earth,936,978,14342.14,17.1,17.99,12.5,5.204678362573081,-26.90058479532164,$10-20
662611,"Toph, Hardheaded Teacher",Avatar: The Last Airbender,936,1148,1439.74,0.85,1.49,0.2,75.29411764705883,-76.47058823529412,$0-1
188345,Bolt Bend,War of the Spark,935,1015,3793.8,3.26,5.49,2.89,68.40490797546013,-11.349693251533733,$2-5
268915,Slip Out the Back,Streets of New Capenna,934,1101,4525.83,3.86,6.49,3.92,68.13471502590674,1.5544041450777215,$2-5
207162,Underworld Dreams,Theros Beyond Death,933,1085,2181.67,1.92,1.99,1.86,3.645833333333337,-3.124999999999991,$1-2
591779,Thousand-Year Storm,Foundations,932,1044,1247.23,1.12,1.29,0.45,15.178571428571422,-59.821428571428584,$1-2
499572,Raise the Palisade,Commander: The Lord of the Rings: Tales of Middle-earth,932,1066,9980.92,10.54,11.99,9.28,13.757115749525628,-11.954459203036052,$10-20
591775,Firebrand Archer,Foundations,931,1384,408.66,0.28,0.39,0.15,39.28571428571428,-46.42857142857144,$0-1
221913,Cleansing Wildfire,Zendikar Rising,931,2348,1295.63,0.57,0.79,0.37,38.59649122807019,-35.08771929824561,$0-1
687551,Open the Way,Commander: Secrets of Strixhaven,930,1893,2096.54,0.93,1.29,0.22,38.70967741935484,-76.34408602150538,$0-1
552629,Worn Powerstone,Modern Horizons 3,930,1455,718.63,0.37,0.69,0.15,86.48648648648647,-59.45945945945946,$0-1
696272,Kang the Conqueror,Marvel Super Heroes,930,1478,2286.28,0.51,0.99,0.15,94.11764705882352,-70.58823529411764,$0-1
687573,Vernal Fen,Commander: Secrets of Strixhaven,930,1496,1166.95,0.53,1.29,0.44,143.39622641509433,-16.981132075471702,$0-1
679603,Coin of Mastery,Commander: Teenage Mutant Ninja Turtles,929,1305,2579.76,1.95,2.49,1.04,27.692307692307704,-46.666666666666664,$1-2
499815,Herald's Horn,Commander: The Lord of the Rings: Tales of Middle-earth,929,991,4552.83,4.97,5.99,4.49,20.523138832997997,-9.65794768611669,$2-5
687454,Nether Traitor,Commander: Secrets of Strixhaven,928,1366,2492.97,0.8,2.29,0.41,186.24999999999997,-48.75000000000001,$0-1
641746,Thrumming Hivepool,Edge of Eternities,927,1563,1732.45,0.91,1.29,0.19,41.75824175824176,-79.12087912087912,$0-1
700738,Doom Variant - Roaming Throne (Borderless),Marvel Universe Eternal-Legal,926,950,48228.45,53.1,69.99,54.88,31.807909604519764,3.3521657250470827,$50-100
648726,Island (0288),Avatar: The Last Airbender,926,3073,1085.81,0.33,0.99,0.15,199.99999999999994,-54.545454545454554,$0-1
687585,Woodland Cemetery,Commander: Secrets of Strixhaven,925,1670,757.5,0.51,1.49,0.51,192.156862745098,0.0,$0-1
662051,The Earth King,Avatar: The Last Airbender,925,1109,1262.06,1.53,1.79,0.26,16.99346405228758,-83.00653594771242,$1-2
687411,Ghoulish Impetus,Commander: Secrets of Strixhaven,924,1723,1469.8,0.48,0.79,0.15,64.58333333333334,-68.74999999999999,$0-1
687451,Benevolent Hydra,Commander: Secrets of Strixhaven,924,1342,2755.56,0.94,1.79,0.26,90.42553191489363,-72.34042553191489,$0-1
686630,"Quintorius, History Chaser (Borderless)",Commander: Secrets of Strixhaven,924,1777,1967.91,0.87,0.99,0.26,13.793103448275861,-70.11494252873564,$0-1
631225,Colossus Hammer,Commander: FINAL FANTASY,924,1839,1702.0,0.66,1.79,0.62,171.2121212121212,-6.060606060606066,$0-1
544354,Lavaspur Boots,Outlaws of Thunder Junction,923,1244,1433.64,1.4,1.99,0.6900000000000001,42.142857142857146,-50.71428571428571,$1-2
687487,Priest of Forgotten Gods,Commander: Secrets of Strixhaven,923,1610,1410.16,0.54,0.99,0.26,83.33333333333331,-51.85185185185185,$0-1
687360,Chaos Warp,Commander: Secrets of Strixhaven,923,1404,1434.81,0.39,0.99,0.29,153.84615384615384,-25.64102564102565,$0-1
696271,"Echo, Perceptive Prodigy",Marvel Super Heroes,922,1586,849.3,0.19,0.35,0.15,84.21052631578945,-21.052631578947373,$0-1
533901,Doppelgang,Murders at Karlov Manor,922,1049,2376.19,1.56,2.99,1.55,91.66666666666667,-0.6410256410256416,$1-2
686633,"Zimone, Infinite Analyst (Borderless)",Commander: Secrets of Strixhaven,921,1080,1133.21,0.93,1.29,0.15,38.70967741935484,-83.87096774193549,$0-1
660594,Fire Lord Azula,Avatar: The Last Airbender,921,1085,3008.68,0.95,0.99,0.46,4.210526315789478,-51.57894736842105,$0-1
687603,Assassin's Trophy,Commander: Secrets of Strixhaven,920,1508,1237.46,0.73,1.49,0.6900000000000001,104.10958904109589,-5.4794520547945105,$0-1
187186,Dovin's Veto,War of the Spark,920,996,3346.25,3.19,3.99,1.76,25.078369905956123,-44.827586206896555,$2-5
689364,Triumph of the Hordes,Secrets of Strixhaven: Mystical Archive,920,942,14636.01,12.71,16.99,12.88,33.67427222659321,1.3375295043273008,$10-20
624065,Tempest Hawk,Tarkir: Dragonstorm,919,2872,3048.11,0.68,0.99,0.15,45.58823529411764,-77.94117647058823,$0-1
632703,PuPu UFO,FINAL FANTASY,918,1357,733.3,0.43,0.99,0.15,130.2325581395349,-65.11627906976744,$0-1
498414,Delighted Halfling,Universes Beyond: The Lord of the Rings: Tales of Middle-earth,918,970,25645.12,29.32,37.99,26.03,29.570259208731247,-11.22100954979536,$20-50
633170,"Joshua, Phoenix's Dominant",FINAL FANTASY,917,999,2333.05,1.68,1.79,0.76,6.547619047619054,-54.76190476190476,$1-2
552644,Glasswing Grace,Modern Horizons 3,917,1113,599.58,0.32,0.35,0.15,9.374999999999991,-53.125,$0-1
689345,Cyclonic Rift,Secrets of Strixhaven: Mystical Archive,917,926,33661.33,33.97,39.99,31.33,17.721518987341785,-7.771563143950547,$20-50
544668,Annie Joins Up,Outlaws of Thunder Junction,916,961,4497.48,4.39,3.49,3.3000000000000003,-20.501138952164,-24.829157175398624,$2-5
552309,"Ulamog, the Defiler",Modern Horizons 3,914,985,15453.05,16.39,18.99,14.37,15.863331299572897,-12.324588163514345,$10-20
679568,Endless Foot Assault,Commander: Teenage Mutant Ninja Turtles,914,1170,4492.9,2.88,3.49,1.82,21.180555555555568,-36.80555555555555,$2-5
657790,Forest (0257),Teenage Mutant Ninja Turtles,913,3091,2212.11,0.6,1.29,0.35,115.00000000000001,-41.66666666666667,$0-1
553237,Refurbished Familiar,Modern Horizons 3,913,2271,916.13,0.31,0.39,0.15,25.80645161290323,-51.61290322580645,$0-1
558346,Parting Gust,Bloomburrow,913,1198,1146.56,1.02,1.99,0.28,95.09803921568627,-72.54901960784314,$1-2
575288,Ethereal Armor,Duskmourn: House of Horror,913,1267,800.13,0.38,0.59,0.15,55.263157894736835,-60.526315789473685,$0-1
646616,"Green Goblin, Revenant",Marvel's Spider-Man,913,1026,414.09,0.36,0.69,0.15,91.66666666666666,-58.333333333333336,$0-1
671536,Gathering Stone,Lorwyn Eclipsed,912,1257,956.47,0.7,1.49,0.15,112.85714285714288,-78.57142857142857,$0-1
679158,High Score,Commander: Teenage Mutant Ninja Turtles,912,1225,1502.59,1.52,1.29,0.8200000000000001,-15.131578947368421,-46.05263157894737,$1-2
630932,Black Mage's Rod,FINAL FANTASY,911,1467,588.53,0.23,0.35,0.15,52.17391304347825,-34.78260869565218,$0-1
615206,Stridehangar Automaton,Commander: Aetherdrift,911,1263,3193.76,2.35,3.99,2.11,69.7872340425532,-10.212765957446818,$2-5
687670,Cascade Bluffs,Commander: Secrets of Strixhaven,911,1594,1345.04,0.5,0.99,0.26,98.0,-48.0,$0-1
191582,Defile,Modern Horizons,911,1197,1577.55,1.42,2.79,1.0,96.47887323943664,-29.57746478873239,$1-2
552618,Harbinger of the Seas,Modern Horizons 3,909,1383,2389.6,1.72,1.99,0.44,15.69767441860465,-74.4186046511628,$1-2
686632,"Rootha, Mastering the Moment (Borderless)",Commander: Secrets of Strixhaven,908,1140,1075.7,0.58,0.99,0.2,70.68965517241381,-65.51724137931035,$0-1
688983,Wildgrowth Archaic (Borderless),Secrets of Strixhaven,908,1050,1298.13,0.8,0.49,0.15,-38.75000000000001,-81.25,$0-1
239716,Drossforge Bridge,Modern Horizons 2,908,1761,2192.7,0.91,2.29,0.77,151.64835164835165,-15.384615384615385,$0-1
689053,Tragedy Feaster,Secrets of Strixhaven,907,1261,610.31,0.29,0.49,0.15,68.96551724137932,-48.275862068965516,$0-1
624738,Nature's Rhythm,Tarkir: Dragonstorm,906,1062,5575.47,5.17,6.99,4.0,35.20309477756287,-22.63056092843327,$5-10
499776,Asceticism,Commander: The Lord of the Rings: Tales of Middle-earth,905,1152,4729.78,6.3,6.99,4.22,10.95238095238096,-33.01587301587302,$5-10
687583,Immoral Bargain,Commander: Secrets of Strixhaven,904,1374,1879.35,0.51,0.69,0.17,35.29411764705881,-66.66666666666666,$0-1
499456,Mithril Coat,Universes Beyond: The Lord of the Rings: Tales of Middle-earth,902,922,26544.4,31.19,42.99,28.57,37.832638666239184,-8.40012824623277,$20-50
498367,Orcish Bowmasters,Universes Beyond: The Lord of the Rings: Tales of Middle-earth,902,1051,50732.94,44.37,49.99,44.69,12.66621591165203,0.7212080234392615,$20-50
575069,Razorkin Needlehead,Duskmourn: House of Horror,901,970,5477.64,4.53,8.99,4.09,98.45474613686534,-9.713024282560715,$2-5
686602,Quandrix Charm,Secrets of Strixhaven,901,1402,415.58,0.33,0.35,0.15,6.060606060606049,-54.545454545454554,$0-1
544475,Forsaken Miner,Outlaws of Thunder Junction,898,1414,2437.37,1.29,1.99,1.03,54.263565891472865,-20.155038759689923,$1-2
671236,Realmwalker,Commander: Lorwyn Eclipsed,898,1469,1929.14,1.23,2.79,1.04,126.82926829268293,-15.44715447154471,$1-2
697062,Training Regimen,Marvel Super Heroes,897,1318,506.85,0.26,0.35,0.15,34.615384615384606,-42.307692307692314,$0-1
687398,Pest Rescuer,Commander: Secrets of Strixhaven,897,1285,2245.46,0.84,1.29,0.64,53.571428571428584,-23.809523809523807,$0-1
233914,Simian Spirit Guide,Time Spiral: Remastered,897,1142,4063.52,3.26,3.49,2.9,7.055214723926394,-11.04294478527607,$2-5
696547,"Iron Lad, Diverging Destiny",Marvel Super Heroes,896,1157,453.3,0.24,0.35,0.15,45.83333333333333,-37.5,$0-1
660549,The Legend of Roku,Avatar: The Last Airbender,896,1050,11828.85,10.16,16.99,9.88,67.22440944881888,-2.7559055118110174,$10-20
457137,Wild Growth,Dominaria Remastered,896,1402,828.59,0.51,0.99,0.33,94.11764705882352,-35.29411764705882,$0-1
697485,Heaven-Sent Marvel - Archangel of Thune (Borderless),Marvel Universe Eternal-Legal,895,958,21203.73,19.46,19.99,19.01,2.7235354573483943,-2.3124357656731718,$10-20
687391,Bloodghast,Commander: Secrets of Strixhaven,894,1813,1575.79,0.72,1.29,0.51,79.16666666666667,-29.166666666666664,$0-1
162257,Jhoira's Familiar,Dominaria,894,1025,1563.42,1.68,3.49,1.28,107.73809523809526,-23.809523809523807,$1-2
689522,Essenceknit Scholar,Secrets of Strixhaven,893,1195,326.08,0.27,0.35,0.15,29.629629629629612,-44.44444444444445,$0-1
641983,Horizon Explorer,Commander: Edge of Eternities,892,1153,2696.6,2.36,3.49,2.53,47.881355932203405,7.203389830508472,$2-5
687382,Blight Mound,Commander: Secrets of Strixhaven,892,1593,1292.75,0.39,0.79,0.15,102.56410256410258,-61.53846153846154,$0-1
687499,Elvish Mystic,Commander: Secrets of Strixhaven,891,1436,966.76,0.43,1.29,0.47,200.00000000000006,9.302325581395344,$0-1
630898,Mountain (0305),FINAL FANTASY,891,3054,1021.7,0.27,1.29,0.15,377.77777777777777,-44.44444444444445,$0-1
668578,High Perfect Morcant,Lorwyn Eclipsed,891,982,1405.44,1.11,1.29,0.19,16.21621621621621,-82.8828828828829,$1-2
559973,Reliquary Tower,Commander: Bloomburrow,890,985,3912.89,4.9,5.99,3.43,22.244897959183668,-30.000000000000004,$2-5
696277,Secret Invasion,Marvel Super Heroes,890,1501,739.87,0.27,0.49,0.15,81.48148148148147,-44.44444444444445,$0-1
458178,Peregrine Drake,Dominaria Remastered,889,1311,485.93,0.28,0.79,0.15,182.14285714285714,-46.42857142857144,$0-1
687526,Shielded by Faith,Commander: Secrets of Strixhaven,889,1526,849.92,0.38,0.99,0.15,160.52631578947367,-60.526315789473685,$0-1
643049,"Evendo, Waking Haven",Edge of Eternities,888,950,13658.47,16.2,21.99,12.85,35.74074074074074,-20.67901234567901,$10-20
643621,Pinnacle Emissary,Edge of Eternities,888,1521,2487.63,1.27,2.49,0.15,96.06299212598427,-88.18897637795277,$1-2
544208,Slickshot Show-Off,Outlaws of Thunder Junction,888,1302,8085.62,5.81,9.49,4.37,63.33907056798624,-24.784853700516344,$5-10
499506,Cultivate,Commander: The Lord of the Rings: Tales of Middle-earth,888,1120,487.96,0.5,0.99,0.36,98.0,-28.000000000000004,$0-1
524220,Growing Rites of Itlimoc,The Lost Caverns of Ixalan,888,956,7637.13,8.43,13.99,8.61,65.95492289442468,2.1352313167259753,$5-10
634034,"Midgar, City of Mako",FINAL FANTASY,888,1003,2383.91,1.94,2.99,1.3,54.123711340206206,-32.98969072164948,$1-2
1381,Dark Ritual,Revised Edition,887,1256,3961.43,4.59,4.99,2.32,8.714596949891074,-49.455337690631815,$2-5
687547,Swords to Plowshares,Commander: Secrets of Strixhaven,887,1523,2527.11,1.46,2.49,1.39,70.54794520547946,-4.79452054794521,$1-2
630950,"Sephiroth, Fabled SOLDIER",FINAL FANTASY,886,953,31940.09,31.65,34.99,26.05,10.552922590837294,-17.693522906793042,$20-50
687504,Forgotten Ancient,Commander: Secrets of Strixhaven,886,1258,514.19,0.37,0.79,0.26,113.51351351351353,-29.729729729729726,$0-1
559849,Helm of the Host,Commander: Bloomburrow,886,958,8677.53,8.37,8.49,7.140000000000001,1.4336917562724134,-14.695340501792101,$5-10
631130,Puresteel Paladin,Commander: FINAL FANTASY,885,1148,910.38,0.74,0.99,0.61,33.78378378378378,-17.56756756756757,$0-1
671473,Sunderflock,Lorwyn Eclipsed,885,1173,2320.5,1.78,1.99,1.0,11.797752808988763,-43.82022471910113,$1-2
559948,Farseek,Commander: Bloomburrow,885,1392,1397.63,0.8,1.49,0.66,86.25,-17.5,$0-1
661945,The Unagi of Kyoshi Island,Avatar: The Last Airbender,885,1084,1974.12,1.37,2.49,0.71,81.75182481751825,-48.17518248175183,$1-2
630929,Traveling Chocobo,FINAL FANTASY,885,950,18005.69,19.44,21.99,17.76,13.117283950617267,-8.641975308641973,$10-20
268317,An Offer You Can't Refuse,Streets of New Capenna,884,973,2450.96,2.56,4.99,2.41,94.921875,-5.8593749999999964,$2-5
532918,Thundering Falls,Murders at Karlov Manor,884,999,15796.25,15.54,20.99,15.61,35.070785070785064,0.4504504504504523,$10-20
697030,Loki Laufeyson,Marvel Super Heroes,884,1272,516.67,0.17,0.35,0.15,105.88235294117645,-11.764705882352951,$0-1
559040,Feather of Flight,Bloomburrow,883,1368,545.15,0.37,1.29,0.15,248.64864864864865,-59.45945945945946,$0-1
687495,Big Score,Commander: Secrets of Strixhaven,883,1687,1227.39,0.39,1.49,0.25,282.05128205128204,-35.8974358974359,$0-1
642024,Arcane Signet,Commander: Edge of Eternities,882,2108,1107.1,0.45,0.99,0.42,120.0,-6.666666666666672,$0-1
689407,Expressive Iteration,Secrets of Strixhaven: Mystical Archive,882,1051,1437.24,1.0,1.29,0.32,29.000000000000004,-68.0,$1-2
559854,Mind Stone,Commander: Bloomburrow,882,1289,707.52,0.39,0.99,0.22,153.84615384615384,-43.58974358974359,$0-1
243205,Feign Death,Adventures in the Forgotten Realms,882,1116,1100.0,1.51,2.29,0.51,51.65562913907284,-66.22516556291392,$1-2
687689,High Market,Commander: Secrets of Strixhaven,880,1581,1198.08,0.4,1.29,0.31,222.5,-22.500000000000007,$0-1
235670,Sudden Breakthrough,Strixhaven: School of Mages,880,1029,359.96,0.27,0.69,0.15,155.55555555555551,-44.44444444444445,$0-1
638908,"Tezzeret, Cruel Captain",Edge of Eternities,880,1032,19930.12,19.88,27.99,17.45,40.794768611670015,-12.223340040241448,$10-20
525238,Roaming Throne,The Lost Caverns of Ixalan,879,915,45155.52,51.72,57.99,46.59,12.122969837587014,-9.91879350348027,$50-100
687505,Viscera Seer,Commander: Secrets of Strixhaven,879,1515,786.9,0.51,1.29,0.26,152.94117647058826,-49.01960784313725,$0-1
687524,Rogue's Passage,Commander: Secrets of Strixhaven,878,1570,760.19,0.39,0.99,0.39,153.84615384615384,0.0,$0-1
631550,Talisman of Indulgence,Commander: FINAL FANTASY,877,1111,2376.45,1.89,2.79,1.71,47.61904761904763,-9.52380952380952,$1-2
532880,Commercial District,Murders at Karlov Manor,877,1030,7930.45,7.89,10.99,7.18,39.29024081115337,-8.99873257287706,$5-10
696569,Claim the Kingdom,Marvel Super Heroes,877,1426,1577.29,0.27,0.35,0.15,29.629629629629612,-44.44444444444445,$0-1
661961,"Mai, Scornful Striker",Avatar: The Last Airbender,877,1051,1648.72,0.94,1.79,0.26,90.42553191489363,-72.34042553191489,$0-1
661951,Firebender Ascension,Avatar: The Last Airbender,877,1072,1126.79,0.91,0.99,0.2,8.791208791208787,-78.02197802197801,$0-1
631197,Nature's Lore,Commander: FINAL FANTASY,877,1052,2851.2,2.26,4.49,2.4,98.67256637168144,6.194690265486732,$2-5
688829,Geometer's Arthropod (Borderless),Secrets of Strixhaven,876,989,1181.02,0.82,0.49,0.15,-40.24390243902439,-81.70731707317073,$0-1
631208,Champion's Helm,Commander: FINAL FANTASY,876,1167,3198.96,1.22,2.79,1.03,128.68852459016392,-15.573770491803273,$1-2
646522,"Anti-Venom, Horrifying Healer",Marvel's Spider-Man,876,994,5457.45,7.2,7.99,5.1000000000000005,10.972222222222221,-29.166666666666664,$5-10
651996,Strength of Will,Marvel's Spider-Man,875,1064,1531.73,1.71,2.49,1.04,45.614035087719316,-39.1812865497076,$1-2
552857,"Ashling, Flame Dancer",Modern Horizons 3,875,918,5184.7,5.38,9.49,5.1000000000000005,76.39405204460968,-5.204460966542739,$5-10
563893,Vengeful Bloodwitch,Foundations,875,1363,425.85,0.31,0.39,0.15,25.80645161290323,-51.61290322580645,$0-1
687503,Selfless Spirit,Commander: Secrets of Strixhaven,874,1577,844.25,0.44,0.99,0.29,125.0,-34.09090909090909,$0-1
643478,Cryogen Relic,Edge of Eternities,874,1734,673.51,0.31,0.69,0.15,122.5806451612903,-51.61290322580645,$0-1
631303,Thought Vessel,Commander: FINAL FANTASY,874,1364,3334.76,2.5,3.49,2.43,39.60000000000001,-2.7999999999999936,$2-5
641961,"Braids, Arisen Nightmare",Commander: Edge of Eternities,873,1160,3734.39,4.09,6.49,4.16,58.67970660146701,1.711491442542794,$2-5
635622,"Ishgard, the Holy See",FINAL FANTASY,873,926,1990.21,1.78,2.49,1.03,39.88764044943821,-42.13483146067416,$1-2
243352,Druid Class,Adventures in the Forgotten Realms,873,2183,3562.05,1.92,2.79,1.43,45.31250000000001,-25.520833333333332,$1-2
656681,Deceit,Lorwyn Eclipsed,873,1260,6771.48,3.19,7.99,3.08,150.4702194357367,-3.448275862068962,$2-5
479034,Infectious Bite,Phyrexia: All Will Be One,872,1203,945.44,1.22,1.79,0.39,46.72131147540984,-68.0327868852459,$1-2
183219,Rhythm of the Wild,Ravnica Allegiance,872,923,4080.86,4.79,6.99,4.16,45.92901878914405,-13.152400835073067,$2-5
642801,Etherium Sculptor,Commander: Edge of Eternities,872,1303,875.35,0.77,1.99,0.72,158.4415584415584,-6.493506493506499,$0-1
690169,Flusterstorm,Secrets of Strixhaven: Mystical Archive,872,917,9826.8,9.11,9.49,6.18,4.171240395170152,-32.16245883644347,$5-10
697066,Epic Fight (Borderless),Marvel Super Heroes,872,1000,871.19,0.9,0.79,0.15,-12.22222222222222,-83.33333333333333,$0-1
657762,"Michelangelo, the Heart (0005) (Borderless)",Commander: Teenage Mutant Ninja Turtles,871,1366,1932.01,3.51,9.49,3.11,170.37037037037038,-11.396011396011394,$2-5
688657,Restoration Seminar (Borderless),Secrets of Strixhaven,871,924,8430.53,6.07,5.99,4.88,-1.3179571663920933,-19.60461285008238,$5-10
686549,Grave Researcher (Extended Art),Secrets of Strixhaven,871,938,6115.27,3.75,2.99,2.79,-20.266666666666662,-25.6,$2-5
499188,Flowering of the White Tree,Universes Beyond: The Lord of the Rings: Tales of Middle-earth,870,889,8863.69,10.68,13.99,9.89,30.992509363295884,-7.397003745318344,$10-20
651942,Superior Spider-Man,Marvel's Spider-Man,870,1202,3058.4,2.77,3.49,1.49,25.99277978339351,-46.20938628158845,$2-5
239440,Squirrel Mob,Modern Horizons 2,870,1131,1024.92,2.66,1.99,2.06,-25.187969924812037,-22.55639097744361,$2-5
512656,Night of the Sweets' Revenge,Wilds of Eldraine,870,1053,1067.52,0.84,1.49,0.22,77.38095238095238,-73.80952380952381,$0-1
552728,Toxic Deluge,Modern Horizons 3,870,960,5291.67,5.05,6.49,4.38,28.514851485148522,-13.267326732673265,$5-10
686607,Silverquill Charm,Secrets of Strixhaven,870,1371,428.06,0.21,0.35,0.15,66.66666666666666,-28.57142857142857,$0-1
615204,Conjurer's Closet,Commander: Aetherdrift,870,1090,4025.44,3.85,5.49,3.48,42.5974025974026,-9.610389610389614,$2-5
633126,Wild Rose Rebellion - Counterspell (Showcase),FINAL FANTASY: Through the Ages,870,1028,3105.82,2.58,3.99,1.75,54.65116279069768,-32.17054263565892,$2-5
66624,Sphere of Safety,Return to Ravnica,869,919,4081.46,4.64,6.49,3.2,39.87068965517243,-31.03448275862068,$2-5
662551,The Legend of Kyoshi,Avatar: The Last Airbender,869,929,5491.27,5.72,7.99,3.89,39.685314685314694,-31.99300699300699,$5-10
556007,Overpowering Attack,Universes Beyond: Assassin's Creed,869,1130,1321.5,1.18,2.99,1.04,153.3898305084746,-11.864406779661008,$1-2
499538,Swords to Plowshares,Commander: The Lord of the Rings: Tales of Middle-earth,869,1482,2195.64,1.78,2.49,1.46,39.88764044943821,-17.97752808988764,$1-2
591209,Swiftfoot Boots (Borderless),Foundations,868,1423,4628.08,2.29,4.49,2.31,96.06986899563319,0.873362445414848,$2-5
688951,Decorum Dissertation (Borderless),Secrets of Strixhaven,868,911,14690.68,7.85,10.99,7.67,40.00000000000001,-2.292993630573245,$5-10
632635,Summon: Knights of Round,FINAL FANTASY,868,905,12332.1,11.92,18.99,9.37,59.31208053691274,-21.392617449664435,$10-20
235964,Sedgemoor Witch,Strixhaven: School of Mages,867,971,8349.02,6.08,9.49,4.15,56.08552631578948,-31.743421052631575,$5-10
544271,Great Train Heist,Outlaws of Thunder Junction,866,970,3666.18,4.98,5.49,3.94,10.240963855421683,-20.883534136546192,$2-5
673643,"Raphael, the Nightwatcher",Teenage Mutant Ninja Turtles,866,1001,1231.0,0.93,0.99,0.17,6.451612903225799,-81.72043010752688,$0-1
686615,"Prismari, the Inspiration (Borderless)",Secrets of Strixhaven,865,869,20126.49,11.19,9.49,8.44,-15.192135835567466,-24.575513851653263,$10-20
688875,Living End,Secrets of Strixhaven: Mystical Archive,865,965,4204.82,2.78,3.99,2.84,43.52517985611512,2.158273381294966,$2-5
673630,Dark Leo & Shredder,Teenage Mutant Ninja Turtles,865,925,5789.91,3.83,6.99,3.0500000000000003,82.50652741514361,-20.36553524804177,$2-5
498376,Rising of the Day,Universes Beyond: The Lord of the Rings: Tales of Middle-earth,865,1012,803.63,0.9,1.29,0.44,43.333333333333336,-51.11111111111111,$0-1
240340,Ornithopter of Paradise,Modern Horizons 2,864,1140,1068.15,0.59,0.99,0.43,67.79661016949153,-27.11864406779661,$0-1
58174,Cloudshift,Avacyn Restored,864,1100,1039.93,1.22,1.99,0.71,63.114754098360656,-41.80327868852459,$1-2
14311,Ophidian Eye,Time Spiral,864,881,12496.56,12.23,16.99,8.83,38.920686835650024,-27.800490596892892,$10-20
624176,Will of the Jeskai,Commander: Tarkir: Dragonstorm,863,1116,3578.36,4.26,6.49,2.6,52.3474178403756,-38.96713615023474,$2-5
686585,Giant Growth,Secrets of Strixhaven: Mystical Archive,863,1296,436.94,0.21,0.35,0.15,66.66666666666666,-28.57142857142857,$0-1
689624,Growth Curve,Secrets of Strixhaven,863,1221,369.38,0.31,0.35,0.15,12.903225806451607,-51.61290322580645,$0-1
544486,"Kambal, Profiteering Mayor",Outlaws of Thunder Junction,863,964,5451.62,4.92,8.49,4.72,72.56097560975611,-4.065040650406507,$2-5
696576,"Winter Soldier, Icy Assassin",Marvel Super Heroes,862,1368,773.76,0.26,0.49,0.15,88.46153846153845,-42.307692307692314,$0-1
525779,Sol Ring,Commander: The Lost Caverns of Ixalan,862,1382,2236.87,1.6,2.99,1.51,86.875,-5.625000000000005,$1-2
498305,"Boromir, Warden of the Tower",Universes Beyond: The Lord of the Rings: Tales of Middle-earth,862,979,5362.9,6.19,8.49,5.21,37.156704361873985,-15.831987075928925,$5-10
4641,Dark Ritual,Ice Age,862,1093,3854.05,5.07,4.49,2.07,-11.439842209072978,-59.171597633136095,$5-10
532888,Assassin's Trophy,Murders at Karlov Manor,862,1067,1698.11,0.95,1.49,0.34,56.842105263157904,-64.21052631578947,$0-1
631305,Hardened Scales,Commander: FINAL FANTASY,861,1115,2411.2,1.78,3.99,1.85,124.15730337078652,3.9325842696629247,$1-2
687496,Cultivate,Commander: Secrets of Strixhaven,860,1430,572.16,0.39,0.99,0.36,153.84615384615384,-7.692307692307699,$0-1
656712,Steam Vents (Borderless),Lorwyn Eclipsed,860,951,18726.93,16.02,22.99,14.83,43.50811485642946,-7.428214731585515,$10-20
126369,Winding Constrictor,Aether Revolt,859,1529,716.15,0.48,0.79,0.4,64.58333333333334,-16.66666666666666,$0-1
671204,Evolution Sage,Commander: Lorwyn Eclipsed,858,1029,2592.71,2.19,4.49,2.07,105.02283105022832,-5.479452054794526,$2-5
499811,Vanquisher's Banner,Commander: The Lord of the Rings: Tales of Middle-earth,858,1096,4628.6,5.04,6.99,4.23,38.69047619047619,-16.071428571428566,$5-10
660653,Planetarium of Wan Shi Tong,Avatar: The Last Airbender,858,916,5501.1,5.65,7.49,4.94,32.56637168141592,-12.566371681415928,$5-10
589330,Crystal Barricade,Foundations,858,1010,1638.94,2.38,2.99,0.36,25.63025210084035,-84.87394957983194,$2-5
689488,Choreographed Sparks,Secrets of Strixhaven,858,1159,442.66,0.28,0.49,0.15,74.99999999999997,-46.42857142857144,$0-1
615181,Treasure Vault,Commander: Aetherdrift,857,1291,1492.03,1.12,2.49,0.98,122.32142857142856,-12.50000000000001,$1-2
643036,Pain for All,Edge of Eternities,857,1175,696.63,0.64,1.79,0.25,179.68749999999997,-60.9375,$0-1
498525,Forge Anew,Universes Beyond: The Lord of the Rings: Tales of Middle-earth,856,901,4358.99,5.68,5.99,4.54,5.457746478873248,-20.070422535211264,$5-10
625277,Dragon Sniper,Tarkir: Dragonstorm,856,1203,1069.17,1.52,1.99,0.31,30.921052631578945,-79.60526315789474,$1-2
631135,Anger,Commander: FINAL FANTASY,855,1154,925.88,0.48,1.29,0.4,168.75000000000003,-16.66666666666666,$0-1
590858,Doubling Season,Foundations,855,871,28482.04,33.13,42.99,30.21,29.76154542710534,-8.813763960156962,$20-50
243329,Cleric Class,Adventures in the Forgotten Realms,855,966,1820.77,2.03,2.99,1.42,47.2906403940887,-30.04926108374384,$2-5
630901,Forest (0307),FINAL FANTASY,855,2829,1007.38,0.29,0.79,0.15,172.41379310344828,-48.275862068965516,$0-1
631291,Conqueror's Flail,Commander: FINAL FANTASY,855,1202,1288.16,0.79,1.49,0.77,88.60759493670885,-2.531645569620255,$0-1
689108,Germination Practicum (Borderless),Secrets of Strixhaven,855,876,14477.94,12.21,11.99,10.42,-1.801801801801807,-14.660114660114667,$10-20
689531,Vibrant Outburst,Secrets of Strixhaven,854,1506,464.85,0.29,0.35,0.15,20.689655172413794,-48.275862068965516,$0-1
123071,Reckless Fireweaver,Kaladesh,854,1153,983.49,0.42,0.99,0.31,135.71428571428575,-26.190476190476186,$0-1
687692,Llanowar Wastes,Commander: Secrets of Strixhaven,854,1352,950.03,0.5,1.79,0.51,258.0,2.0000000000000018,$0-1
499216,Rise of the Witch-king,Universes Beyond: The Lord of the Rings: Tales of Middle-earth,853,958,864.58,0.85,0.99,0.43,16.47058823529412,-49.411764705882355,$0-1
240035,Esper Sentinel,Modern Horizons 2,853,905,52529.9,59.14,74.99,59.38,26.80081163341223,0.405816706121072,$50-100
187122,Flux Channeler,War of the Spark,853,1007,3098.66,2.76,3.99,1.82,44.565217391304365,-34.05797101449274,$2-5
552301,"K'rrik, Son of Yawgmoth",Modern Horizons 3,853,1025,795.18,0.72,1.29,0.32,79.16666666666667,-55.55555555555556,$0-1
90945,Elvish Mystic,Magic 2015 (M15),853,1229,721.16,0.39,0.99,0.29,153.84615384615384,-25.64102564102565,$0-1
652016,Spider Manifestation,Marvel's Spider-Man,852,1489,468.3,0.32,0.35,0.15,9.374999999999991,-53.125,$0-1
552841,Planar Genesis,Modern Horizons 3,852,1150,783.16,0.39,0.99,0.15,153.84615384615384,-61.53846153846154,$0-1
552861,Archway of Innovation,Modern Horizons 3,852,1108,969.85,1.05,1.99,0.67,89.52380952380952,-36.19047619047619,$1-2
452208,Gaea's Gift,The Brothers' War,852,1057,1178.3,1.14,2.29,0.81,100.87719298245617,-28.947368421052623,$1-2
589328,Bloodthirsty Conqueror,Foundations,851,897,31536.51,39.76,42.99,32.3,8.123742454728381,-18.762575452716302,$20-50
687478,Pawn of Ulamog,Commander: Secrets of Strixhaven,851,1375,1774.37,0.47,0.99,0.25,110.63829787234043,-46.80851063829787,$0-1
552625,Ophiomancer,Modern Horizons 3,851,942,1162.27,1.1,1.99,0.52,80.90909090909089,-52.727272727272734,$1-2
615171,Blasphemous Act,Commander: Aetherdrift,850,1368,1207.8,0.9,2.29,0.72,154.44444444444446,-20.000000000000004,$0-1
651360,"Gwenom, Remorseless",Marvel's Spider-Man,850,873,4841.85,5.42,6.49,2.08,19.741697416974173,-61.62361623616236,$5-10
283524,Relic of Legends,Dominaria United,850,942,2504.14,2.8,2.29,1.37,-18.214285714285708,-51.07142857142857,$2-5
591325,Heraldic Banner,Foundations,850,1208,441.34,0.35,0.99,0.15,182.85714285714286,-57.14285714285714,$0-1
552621,Strix Serenade,Modern Horizons 3,850,1160,2527.36,1.79,2.99,0.51,67.03910614525141,-71.50837988826815,$1-2
239718,Mistvault Bridge,Modern Horizons 2,849,1489,959.09,0.66,0.35,0.41,-46.969696969696976,-37.87878787878788,$0-1
631246,Trailblazer's Boots,Commander: FINAL FANTASY,849,1160,1739.92,1.18,2.49,1.27,111.01694915254241,7.627118644067804,$1-2
116436,Open the Armory,Shadows over Innistrad,849,981,2418.47,2.64,4.99,2.62,89.01515151515152,-0.7575757575757582,$2-5
696498,The Super Hero Civil War,Marvel Super Heroes,848,1351,716.42,0.29,0.49,0.15,68.96551724137932,-48.275862068965516,$0-1
129733,Nest of Scarabs,Amonkhet,847,949,5228.43,5.57,3.99,3.69,-28.366247755834827,-33.75224416517056,$5-10
688478,Resonating Lute (Extended Art),Secrets of Strixhaven,846,924,5251.99,1.92,1.79,1.63,-6.770833333333329,-15.104166666666668,$1-2
559918,Thought Vessel,Commander: Bloomburrow,846,983,2983.07,3.01,3.99,2.44,32.55813953488374,-18.936877076411957,$2-5
696429,"Captain America, First Avenger (Borderless)",Marvel Universe Eternal-Legal,845,856,15963.64,12.7,11.99,10.83,-5.590551181102355,-14.724409448818893,$10-20
240460,Duskshell Crawler,Modern Horizons 2,845,1077,349.98,0.3,0.49,0.15,63.33333333333334,-50.0,$0-1
633138,Summon: Titan,FINAL FANTASY,845,960,1445.18,1.69,2.29,0.87,35.502958579881664,-48.5207100591716,$1-2
696438,"Wolverine, Best There Is (Borderless)",Marvel Universe Eternal-Legal,845,849,24370.85,23.87,27.99,25.76,17.260159195643055,7.917888563049856,$20-50
253770,End the Festivities,Innistrad: Crimson Vow,845,1421,1589.6,1.43,1.29,0.67,-9.790209790209783,-53.14685314685315,$1-2
632061,Shadowbringers - Dovin's Veto (Showcase),FINAL FANTASY: Through the Ages,845,936,2152.03,1.94,3.49,2.07,79.89690721649487,6.7010309278350455,$1-2
544175,Insatiable Avarice,Outlaws of Thunder Junction,844,954,4853.17,4.8,6.99,4.75,45.62500000000001,-1.041666666666663,$2-5
633174,"Jenova, Ancient Calamity",FINAL FANTASY,844,920,2167.93,1.35,1.99,0.26,47.4074074074074,-80.74074074074075,$1-2
679117,Splinter of the Shadows - Ashcoat of the Shadow Swarm (Borderless),Teenage Mutant Ninja Turtles Source Material,844,975,4970.77,4.4,5.99,2.82,36.136363636363626,-35.90909090909092,$2-5
668476,Moon Girl and Devil Dinosaur,Marvel Super Heroes,843,1402,641.46,0.25,0.49,0.15,96.0,-40.0,$0-1
240157,Tireless Provisioner,Modern Horizons 2,843,933,2384.28,2.13,3.49,2.06,63.84976525821598,-3.2863849765258144,$2-5
631296,Talisman of Dominance,Commander: FINAL FANTASY,843,972,1734.92,1.59,2.49,1.3,56.60377358490567,-18.238993710691826,$1-2
671489,Requiting Hex,Lorwyn Eclipsed,842,1795,1400.71,0.48,0.99,0.15,106.25,-68.74999999999999,$0-1
673608,"Rat King, Verminister",Teenage Mutant Ninja Turtles,842,993,884.37,0.99,0.99,0.16,0.0,-83.83838383838383,$0-1
559718,Agate Instigator,Commander: Bloomburrow,842,1060,7275.96,8.83,8.99,8.32,1.8120045300113266,-5.7757644394110965,$5-10
105594,Dispel,Battle for Zendikar,841,1268,824.21,0.37,0.35,0.2,-5.405405405405411,-45.945945945945944,$0-1
525827,Unclaimed Territory,Commander: The Lost Caverns of Ixalan,841,1269,717.2,0.36,0.35,0.16,-2.7777777777777803,-55.55555555555556,$0-1
696417,Simulacrum Synthesizer (Borderless),Marvel Universe Eternal-Legal,840,892,18177.38,19.32,29.99,18.74,55.22774327122152,-3.0020703933747503,$10-20
630890,Swamp (0301),FINAL FANTASY,840,2887,900.59,0.21,0.59,0.15,180.95238095238096,-28.57142857142857,$0-1
644278,Starwinder,Edge of Eternities,840,953,1022.06,0.85,1.99,0.5700000000000001,134.11764705882354,-32.941176470588225,$0-1
642795,Cyberdrive Awakener,Commander: Edge of Eternities,840,992,2164.85,1.89,4.49,2.01,137.5661375661376,6.3492063492063435,$1-2
687361,Angel of Indemnity,Commander: Secrets of Strixhaven,839,1563,942.38,0.38,0.69,0.15,81.57894736842104,-60.526315789473685,$0-1
226641,"Rograkh, Son of Rohgahh",Commander Legends,839,965,2791.24,2.24,2.79,2.08,24.55357142857142,-7.142857142857148,$2-5
687618,Culling Ritual,Commander: Secrets of Strixhaven,839,1572,938.54,0.42,0.69,0.31,64.28571428571428,-26.190476190476186,$0-1
499750,Swan Song,Commander: The Lord of the Rings: Tales of Middle-earth,839,889,7945.57,8.75,13.99,9.15,59.885714285714286,4.571428571428576,$5-10
187187,Bolas's Citadel,War of the Spark,838,859,14222.38,16.04,12.99,12.5,-19.014962593516206,-22.069825436408973,$10-20
142005,Herald of Secret Streams,Ixalan,838,1027,5796.56,5.41,9.99,3.12,84.65804066543437,-42.329020332717185,$5-10
687403,Faithless Looting,Commander: Secrets of Strixhaven,838,1652,723.0,0.39,0.99,0.3,153.84615384615384,-23.076923076923084,$0-1
93202,Brave the Sands,Khans of Tarkir,838,888,3286.84,4.06,6.99,3.42,72.16748768472908,-15.763546798029552,$2-5
679621,Command Tower,Commander: Teenage Mutant Ninja Turtles,838,1268,456.76,0.34,0.69,0.2,102.9411764705882,-41.1764705882353,$0-1
651910,Spider-Sense,Marvel's Spider-Man,838,1014,2019.99,1.8,2.79,0.96,54.99999999999999,-46.666666666666664,$1-2
670971,Vibrance,Lorwyn Eclipsed,836,1100,5289.38,2.81,6.99,1.81,148.7544483985765,-35.587188612099645,$2-5
504530,Kodama's Reach (Borderless),Commander Masters,836,2041,3347.48,1.98,2.99,1.04,51.010101010101025,-47.474747474747474,$1-2
182965,Wilderness Reclamation,Ravnica Allegiance,835,1003,2387.95,3.13,4.49,2.12,43.450479233226844,-32.26837060702874,$2-5
687533,Songbirds' Blessing,Commander: Secrets of Strixhaven,835,1550,1746.88,0.5,0.79,0.36,58.00000000000001,-28.000000000000004,$0-1
630955,Summon: Primal Odin,FINAL FANTASY,834,893,1606.73,1.84,1.79,0.51,-2.7173913043478284,-72.28260869565217,$1-2
687523,Sheltered by Ghosts,Commander: Secrets of Strixhaven,834,1774,2632.43,1.28,2.79,1.12,117.96875,-12.499999999999993,$1-2
687399,Brazen Borrower,Commander: Secrets of Strixhaven,834,1921,2267.24,0.4,0.99,0.15,147.5,-62.5,$0-1
618874,"Y'shtola, Night's Blessed",Commander: FINAL FANTASY,834,1634,4640.41,4.49,8.99,2.94,100.22271714922049,-34.52115812917595,$2-5
11311,Vault of Whispers,Mirrodin,833,1450,5426.46,3.97,5.49,2.54,38.287153652392945,-36.02015113350126,$2-5
631894,Vincent Valentine,FINAL FANTASY,832,1018,1748.42,1.26,0.99,0.8200000000000001,-21.42857142857143,-34.92063492063492,$1-2
631124,"Gogo, Mysterious Mime",Commander: FINAL FANTASY,832,1085,2698.64,1.64,2.79,1.7,70.1219512195122,3.658536585365857,$1-2
550845,Devourer of Destiny,Modern Horizons 3,831,1477,2061.68,1.11,2.29,0.19,106.30630630630628,-82.8828828828829,$1-2
688513,Steal the Show,Secrets of Strixhaven,831,1052,409.15,0.3,0.49,0.15,63.33333333333334,-50.0,$0-1
641969,Blasphemous Act,Commander: Edge of Eternities,831,1289,1402.82,0.89,2.29,0.75,157.30337078651684,-15.730337078651688,$0-1
696432,"Iron Man, Titan of Innovation (Borderless)",Marvel Universe Eternal-Legal,831,854,12913.76,12.54,16.99,10.26,35.48644338118022,-18.181818181818176,$10-20
673649,Chrome Dome,Teenage Mutant Ninja Turtles,831,1003,954.0,1.27,1.29,0.15,1.5748031496063006,-88.18897637795277,$1-2
688527,Splatter Technique,Secrets of Strixhaven,831,1310,463.65,0.27,0.49,0.15,81.48148148148147,-44.44444444444445,$0-1
642855,Karn's Bastion,Commander: Edge of Eternities,831,1167,2680.81,2.44,4.99,2.54,104.50819672131149,4.098360655737709,$2-5
631548,Farseek,Commander: FINAL FANTASY,830,1882,1394.94,0.59,1.49,0.59,152.54237288135596,0.0,$0-1
696363,Mountain (0283),Marvel Super Heroes,830,3175,1444.65,0.34,0.49,0.15,44.117647058823515,-55.88235294117647,$0-1
642807,"Tekuthal, Inquiry Dominus",Commander: Edge of Eternities,830,1824,2787.42,1.26,2.29,1.25,81.74603174603175,-0.7936507936507943,$1-2
689409,Fracture,Secrets of Strixhaven: Mystical Archive,830,927,997.53,0.69,1.29,0.15,86.95652173913045,-78.26086956521738,$0-1
687576,Defacing Duskmage,Commander: Secrets of Strixhaven,829,1211,1641.12,0.44,0.49,0.15,11.36363636363636,-65.90909090909092,$0-1
648727,Swamp (0289),Avatar: The Last Airbender,829,2462,893.15,0.33,0.49,0.15,48.48484848484848,-54.545454545454554,$0-1
71039,"Nykthos, Shrine to Nyx",Theros,829,874,44694.62,53.61,69.99,44.42,30.554001119194176,-17.142324193247525,$50-100
630780,"Yuna, Grand Summoner",Commander: FINAL FANTASY,828,1863,7911.05,3.07,8.49,1.91,176.5472312703583,-37.785016286644954,$2-5
688818,Echocasting Symposium (Borderless),Secrets of Strixhaven,828,857,6981.76,4.54,6.49,4.4,42.95154185022027,-3.0837004405286272,$2-5
687571,Twilight Mire,Commander: Secrets of Strixhaven,828,1407,543.21,0.4,1.29,0.3,222.5,-25.000000000000007,$0-1
552584,Disruptor Flute,Modern Horizons 3,828,1467,2450.78,1.49,2.99,0.31,100.67114093959732,-79.19463087248322,$1-2
696351,The Ten Rings (Borderless),Marvel Super Heroes,828,906,15827.88,23.04,32.99,21.88,43.1857638888889,-5.034722222222223,$20-50
499507,Farseek,Commander: The Lord of the Rings: Tales of Middle-earth,827,1054,776.36,0.88,1.79,0.79,103.40909090909092,-10.227272727272723,$0-1
651978,Oscorp Industries,Marvel's Spider-Man,827,944,1193.5,1.75,1.99,0.46,13.714285714285715,-73.71428571428572,$1-2
673570,Kitsune's Technique,Teenage Mutant Ninja Turtles,827,1054,1396.36,1.24,1.49,0.15,20.161290322580648,-87.90322580645163,$1-2
221774,Valakut Awakening,Zendikar Rising,826,894,14196.16,17.32,24.99,17.43,44.28406466512701,0.6351039260969944,$10-20
6245,Sigil of Sleep,Urza's Destiny,826,909,4936.61,4.5,4.99,3.01,10.888888888888895,-33.111111111111114,$2-5
634189,Magic Damper,FINAL FANTASY,826,1214,324.83,0.29,0.35,0.15,20.689655172413794,-48.275862068965516,$0-1
183033,Smothering Tithe,Ravnica Allegiance,826,839,43753.43,50.15,69.99,51.34,39.56131605184446,2.372881355932213,$50-100
688913,Empty the Warrens,Secrets of Strixhaven: Mystical Archive,826,930,635.74,0.42,0.49,0.15,16.666666666666668,-64.28571428571429,$0-1
631265,An Offer You Can't Refuse,Commander: FINAL FANTASY,826,1107,2632.62,2.49,4.99,2.61,100.4016064257028,4.819277108433721,$2-5
648733,Avatar Aang,Avatar: The Last Airbender,825,946,3386.58,3.22,2.99,2.05,-7.142857142857142,-36.33540372670808,$2-5
631006,"Kefka, Court Mage",FINAL FANTASY,825,887,4635.93,6.13,8.49,6.7700000000000005,38.49918433931485,10.440456769983696,$5-10
646639,Mountain (0192),Marvel's Spider-Man,825,2535,855.01,0.37,0.79,0.15,113.51351351351353,-59.45945945945946,$0-1
530025,Demand Answers (Showcase),Murders at Karlov Manor,824,1045,577.06,0.36,1.29,0.33,258.33333333333337,-8.333333333333325,$0-1
187204,Cruel Celebrant,War of the Spark,824,1020,1138.31,1.16,1.79,0.52,54.31034482758622,-55.172413793103445,$1-2
631196,Path to Exile,Commander: FINAL FANTASY,824,1151,1433.53,1.2,2.79,1.14,132.50000000000003,-5.000000000000004,$1-2
39062,Phyresis,Mirrodin Besieged,824,1023,1861.87,1.89,2.79,0.52,47.61904761904763,-72.4867724867725,$1-2
630924,Y'shtola Rhul,FINAL FANTASY,824,869,4544.89,4.87,6.49,3.12,33.26488706365503,-35.93429158110883,$2-5
630879,Plains (0295),FINAL FANTASY,823,3365,1005.31,0.26,0.49,0.15,88.46153846153845,-42.307692307692314,$0-1
687606,Umbral Expanse,Commander: Secrets of Strixhaven,823,1425,1289.77,0.36,0.49,0.26,36.111111111111114,-27.777777777777775,$0-1
679071,Teleportation Circle (Borderless),Teenage Mutant Ninja Turtles Source Material,823,920,4205.59,5.04,7.49,5.0,48.611111111111114,-0.7936507936507943,$5-10
661944,Shared Roots,Avatar: The Last Airbender,823,1235,836.26,0.38,0.49,0.15,28.947368421052627,-60.526315789473685,$0-1
235658,Solve the Equation,Strixhaven: School of Mages,822,866,3214.62,3.76,6.49,3.51,72.60638297872342,-6.648936170212766,$2-5
558384,Ms. Bumbleflower (Borderless),Commander: Bloomburrow,822,1416,8634.83,5.51,11.99,4.16,117.60435571687842,-24.500907441016327,$5-10
689537,"Moseo, Vein's New Dean (Extended Art)",Secrets of Strixhaven,822,879,2362.35,1.73,0.79,0.72,-54.33526011560693,-58.38150289017341,$1-2
556351,"Alexios, Deimos of Kosmos",Universes Beyond: Assassin's Creed,822,1716,905.9,0.45,1.49,0.17,231.11111111111114,-62.22222222222222,$0-1
631262,Inexorable Tide,Commander: FINAL FANTASY,822,1210,1874.49,1.13,2.29,1.0,102.65486725663719,-11.504424778761054,$1-2
641971,"Moraug, Fury of Akoum",Commander: Edge of Eternities,821,964,2181.92,2.15,3.49,2.07,62.32558139534885,-3.720930232558143,$2-5
283381,"Elas il-Kor, Sadistic Pilgrim",Dominaria United,821,913,2183.27,2.53,2.29,1.09,-9.48616600790513,-56.91699604743082,$2-5
642790,Uthros Research Craft,Commander: Edge of Eternities,821,1155,1383.82,1.24,2.49,1.04,100.80645161290325,-16.129032258064512,$1-2
687652,Stormcatch Mentor,Commander: Secrets of Strixhaven,820,1225,702.17,0.28,0.49,0.15,74.99999999999997,-46.42857142857144,$0-1
552614,Wrath of the Skies,Modern Horizons 3,820,1504,2616.23,2.02,3.49,0.6900000000000001,72.77227722772278,-65.84158415841584,$2-5
687691,Isolated Chapel,Commander: Secrets of Strixhaven,820,1552,562.47,0.37,1.29,0.3,248.64864864864865,-18.91891891891892,$0-1
687580,Eccentric Pestfinder,Commander: Secrets of Strixhaven,820,1014,840.22,0.4,0.49,0.15,22.499999999999993,-62.5,$0-1
552647,Strength of the Harvest,Modern Horizons 3,820,1051,481.89,0.35,0.35,0.15,0.0,-57.14285714285714,$0-1
687680,Fetid Heath,Commander: Secrets of Strixhaven,820,1339,733.05,0.37,1.29,0.29,248.64864864864865,-21.621621621621625,$0-1
696302,HULK SMASH! (Borderless),Marvel Super Heroes,820,1219,559.59,0.24,0.35,0.15,45.83333333333333,-37.5,$0-1
129978,Approach of the Second Sun,Amonkhet,819,921,4088.42,6.06,4.99,3.94,-17.656765676567648,-34.98349834983498,$5-10
559819,Combat Celebrant,Commander: Bloomburrow,819,1062,1204.84,1.94,2.29,0.67,18.04123711340207,-65.4639175257732,$1-2
526191,Fanatical Offering,The Lost Caverns of Ixalan,819,1707,2807.51,1.2,2.99,0.87,149.16666666666669,-27.499999999999996,$1-2
235118,Storm-Kiln Artist,Strixhaven: School of Mages,818,937,2187.86,2.43,2.29,1.55,-5.761316872427988,-36.21399176954733,$2-5
631307,Incubation Druid,Commander: FINAL FANTASY,818,1010,1322.61,0.93,1.79,0.88,92.47311827956989,-5.3763440860215095,$0-1
679615,Hidden Hideout,Commander: Teenage Mutant Ninja Turtles,818,1166,4541.28,3.0,4.49,2.08,49.66666666666668,-30.666666666666664,$2-5
686621,Colorstorm Stallion (Borderless),Secrets of Strixhaven,817,1010,2395.89,1.08,0.99,0.19,-8.33333333333334,-82.40740740740742,$1-2
696325,The Kingpin of Crime,Marvel Super Heroes,816,1151,796.47,0.29,0.49,0.15,68.96551724137932,-48.275862068965516,$0-1
687659,Wight of the Reliquary,Commander: Secrets of Strixhaven,816,1352,903.26,0.4,0.99,0.26,147.5,-35.0,$0-1
633189,"Golbez, Clad in Darkness - Syr Konrad, the Grim (Showcase)",FINAL FANTASY: Through the Ages,815,930,1585.8,1.41,1.99,0.78,41.13475177304966,-44.68085106382978,$1-2
631194,Propaganda,Commander: FINAL FANTASY,815,959,3136.73,2.99,3.49,2.7,16.722408026755854,-9.698996655518394,$2-5
212233,Surly Badgersaur,Commander 2020,815,854,10368.26,17.04,24.99,17.45,46.654929577464785,2.4061032863849774,$10-20
696390,Hit-Monkey,Commander: Marvel Super Heroes,815,881,7522.45,4.75,6.49,3.86,36.631578947368425,-18.73684210526316,$2-5
633977,Memories of Nibelheim - Stroke of Midnight (Showcase),FINAL FANTASY: Through the Ages,814,1065,3017.55,1.13,1.29,0.19,14.159292035398243,-83.18584070796462,$1-2
631114,Authority of the Consuls,Commander: FINAL FANTASY,814,1004,4415.79,4.69,6.49,4.53,38.37953091684434,-3.411513859275056,$2-5
688645,Ambitious Augmenter,Secrets of Strixhaven,814,1179,415.94,0.28,0.49,0.15,74.99999999999997,-46.42857142857144,$0-1
696423,Defense of the Heart (Borderless),Marvel Universe Eternal-Legal,814,901,8203.72,9.21,11.99,9.62,30.184581976112913,4.451682953311599,$5-10
679577,"Krang, the All-Powerful",Commander: Teenage Mutant Ninja Turtles,814,1175,795.66,0.38,1.29,0.17,239.47368421052633,-55.263157894736835,$0-1
679138,All Will Be One (Borderless),Teenage Mutant Ninja Turtles Source Material,813,841,10958.44,12.06,14.99,8.85,24.29519071310116,-26.61691542288558,$10-20
532907,Meticulous Archive,Murders at Karlov Manor,812,964,10719.39,10.46,16.99,9.37,62.42829827915867,-10.420650095602308,$10-20
646637,Forest (0193),Marvel's Spider-Man,812,2643,1345.24,0.33,0.99,0.15,199.99999999999994,-54.545454545454554,$0-1
498682,"Lotho, Corrupt Shirriff",Universes Beyond: The Lord of the Rings: Tales of Middle-earth,812,827,11074.89,12.9,16.99,11.46,31.705426356589133,-11.162790697674414,$10-20
696566,Avengers Disassembled (Borderless),Marvel Super Heroes,811,1200,2019.67,1.77,3.49,0.85,97.17514124293787,-51.9774011299435,$1-2
206025,Mountain,Theros Beyond Death,811,3117,5377.95,1.36,2.29,0.96,68.38235294117646,-29.41176470588236,$1-2
558383,Hazel of the Rootbloom (Borderless),Commander: Bloomburrow,811,1136,1904.49,6.68,9.99,2.59,49.55089820359282,-61.227544910179645,$5-10
671239,Return of the Wildspeaker,Commander: Lorwyn Eclipsed,810,1216,1194.06,0.99,2.49,1.3,151.51515151515153,31.313131313131322,$0-1
253735,Undying Malice,Innistrad: Crimson Vow,810,950,623.4,0.52,0.49,0.27,-5.7692307692307745,-48.07692307692307,$0-1
688525,Thunderdrum Soloist,Secrets of Strixhaven,810,1157,1345.91,0.32,0.35,0.15,9.374999999999991,-53.125,$0-1
111073,Slip Through Space,Oath of the Gatewatch,810,1078,586.37,0.4,0.59,0.2,47.499999999999986,-50.0,$0-1
646034,"Lyla, Holographic Assistant",Marvel's Spider-Man: Eternal-Legal,810,929,7664.2,6.05,16.99,6.09,180.8264462809917,0.661157024793389,$5-10
651851,Impostor Syndrome,Marvel's Spider-Man,810,849,5884.84,7.83,9.99,6.44,27.586206896551722,-17.752234993614298,$5-10
591199,Sire of Seven Deaths,Foundations,810,939,16789.01,19.41,32.99,17.69,69.96393611540444,-8.861411643482734,$10-20
238617,Counterspell,Modern Horizons 2,810,1037,2766.35,2.66,3.99,1.56,50.0,-41.35338345864662,$2-5
696469,Baxter Building,Marvel Super Heroes,810,1693,1746.44,0.3,0.35,0.15,16.666666666666664,-50.0,$0-1
577658,Silent Hallcreeper,Duskmourn: House of Horror,809,940,1904.41,1.69,2.49,1.14,47.3372781065089,-32.544378698224854,$1-2
559964,"Chatterfang, Squirrel General",Commander: Bloomburrow,809,944,7806.44,11.39,15.99,10.36,40.38630377524143,-9.043020193151898,$10-20
624591,Herd Heirloom,Tarkir: Dragonstorm,809,890,3580.6,3.97,5.49,3.38,38.287153652392945,-14.86146095717885,$2-5
657751,"Krang, Master Mind",Teenage Mutant Ninja Turtles,808,1150,1571.88,0.84,1.79,0.39,113.09523809523812,-53.57142857142857,$0-1
624279,Will of the Mardu,Commander: Tarkir: Dragonstorm,808,1202,3068.97,3.5,4.49,2.69,28.285714285714292,-23.142857142857146,$2-5
651386,Peter Parker's Camera,Marvel's Spider-Man,807,947,1555.75,1.3,1.99,0.62,53.076923076923066,-52.307692307692314,$1-2
656705,Hallowed Fountain (Borderless),Lorwyn Eclipsed,807,917,13790.81,13.31,14.99,11.77,12.622088655146504,-11.570247933884303,$10-20
660617,"Bumi, Unleashed",Avatar: The Last Airbender,807,842,3618.4,4.5,4.99,3.08,10.888888888888895,-31.555555555555554,$2-5
686578,Improvisation Capstone (Borderless),Secrets of Strixhaven,807,838,17381.03,13.31,18.99,11.81,42.6746806912096,-11.269722013523666,$10-20
9616,Cabal Ritual,Torment,806,934,16211.91,13.37,18.99,13.54,42.03440538519072,1.271503365744203,$10-20
687485,Determined Iteration,Commander: Secrets of Strixhaven,806,1315,2087.25,0.44,0.69,0.15,56.8181818181818,-65.90909090909092,$0-1
1712,Dark Ritual,Fourth Edition,806,1099,4027.73,3.75,4.49,1.56,19.733333333333338,-58.4,$2-5
686595,Pest Mascot,Secrets of Strixhaven,806,1287,290.1,0.29,0.35,0.15,20.689655172413794,-48.275862068965516,$0-1
696360,Island (0280),Marvel Super Heroes,805,3696,1844.13,0.29,0.59,0.15,103.44827586206897,-48.275862068965516,$0-1
590863,"Alesha, Who Laughs at Fate",Foundations,805,914,1220.75,1.37,2.29,1.03,67.15328467153283,-24.817518248175187,$1-2
496031,Call of the Ring,Universes Beyond: The Lord of the Rings: Tales of Middle-earth,805,901,4031.2,4.18,5.49,3.82,31.3397129186603,-8.612440191387558,$2-5
634624,"Venat, Heart of Hydaelyn",FINAL FANTASY,804,883,1357.74,2.03,1.29,0.34,-36.453201970443345,-83.2512315270936,$2-5
552738,Sowing Mycospawn,Modern Horizons 3,804,1254,2008.95,1.77,2.79,1.05,57.6271186440678,-40.67796610169491,$1-2
544417,Three Steps Ahead,Outlaws of Thunder Junction,804,975,7326.52,5.0,8.49,4.94,69.80000000000001,-1.1999999999999922,$5-10
532938,Elegant Parlor,Murders at Karlov Manor,804,968,9925.72,8.41,14.99,8.19,78.24019024970274,-2.6159334126040505,$5-10
238607,Arid Mesa,Modern Horizons 2,803,940,30609.27,27.51,42.99,28.13,56.27044711014177,2.2537259178480458,$20-50
696364,Mountain (0284),Marvel Super Heroes,803,2929,1386.11,0.27,0.49,0.15,81.48148148148147,-44.44444444444445,$0-1
673670,"Raph & Leo, Sibling Rivals",Teenage Mutant Ninja Turtles,803,900,1008.64,0.81,0.49,0.15,-39.50617283950618,-81.48148148148148,$0-1
631880,"Ultima, Origin of Oblivion",FINAL FANTASY,803,1003,1422.98,0.92,1.79,0.2,94.56521739130434,-78.26086956521738,$0-1
631278,Scavenger Grounds,Commander: FINAL FANTASY,803,1157,483.31,0.29,0.49,0.15,68.96551724137932,-48.275862068965516,$0-1
697137,"Matt Murdock, Justice Seeker",Commander: Marvel Super Heroes,801,879,3806.52,2.08,2.99,1.04,43.75000000000001,-50.0,$2-5
222130,Negate,Zendikar Rising,801,1382,428.96,0.22,0.39,0.15,77.27272727272728,-31.818181818181824,$0-1
479616,Infectious Inquiry,Phyrexia: All Will Be One,801,1344,549.43,0.42,1.29,0.2,207.14285714285717,-52.38095238095237,$0-1
36465,Tainted Strike,Scars of Mirrodin,801,1004,2740.67,2.94,3.49,2.03,18.70748299319729,-30.95238095238096,$2-5
679619,Sol Ring,Commander: Teenage Mutant Ninja Turtles,800,1099,1867.52,2.06,2.49,1.49,20.873786407766996,-27.669902912621364,$2-5
657760,"Raphael, the Muscle (0004) (Borderless)",Commander: Teenage Mutant Ninja Turtles,800,1367,1256.4,1.6,3.99,0.26,149.375,-83.75,$1-2
671233,Kodama's Reach,Commander: Lorwyn Eclipsed,800,1511,2210.95,1.45,2.99,1.49,106.20689655172416,2.758620689655175,$1-2
576520,Hushwood Verge,Duskmourn: House of Horror,800,1036,7098.22,7.92,10.99,7.29,38.76262626262626,-7.954545454545453,$5-10
273294,Breath Weapon,Commander Legends: Battle for Baldur's Gate,800,1339,5818.21,6.21,8.49,6.24,36.71497584541063,0.4830917874396175,$5-10
697431,Swordsman's Steel,Commander: Marvel Super Heroes,799,842,20310.72,20.11,23.99,18.65,19.293883639980105,-7.260069617105922,$20-50
687572,Silkguard,Commander: Secrets of Strixhaven,799,1379,823.17,0.36,1.29,0.25,258.33333333333337,-30.555555555555554,$0-1
590826,"Giada, Font of Hope",Foundations,799,1297,847.95,0.67,0.99,0.15,47.761194029850735,-77.61194029850746,$0-1
687608,Haywire Mite,Commander: Secrets of Strixhaven,798,1487,3516.17,0.45,1.49,0.39,231.11111111111114,-13.333333333333334,$0-1
558320,"Camellia, the Seedmiser",Bloomburrow,798,939,1734.98,3.22,2.49,1.03,-22.67080745341615,-68.01242236024846,$2-5
686517,Together as One,Secrets of Strixhaven,798,1190,392.27,0.29,0.49,0.15,68.96551724137932,-48.275862068965516,$0-1
631559,Generous Patron,Commander: FINAL FANTASY,798,1063,2015.84,0.78,1.49,0.71,91.02564102564101,-8.974358974358982,$0-1
162175,Rat Colony,Dominaria,797,3421,21823.39,5.62,7.49,5.09,33.27402135231317,-9.43060498220641,$5-10
696412,T'Challa's Protection - Teferi's Protection (Borderless),Marvel Universe Eternal-Legal,797,849,29590.33,33.22,37.99,34.72,14.35881998795907,4.515352197471403,$20-50
648704,Fated Firepower,Avatar: The Last Airbender,797,846,4665.16,4.72,7.49,4.0200000000000005,58.68644067796611,-14.830508474576257,$2-5
631583,Dragonskull Summit,Commander: FINAL FANTASY,797,1357,919.19,0.45,0.99,0.37,120.0,-17.777777777777782,$0-1
656714,Temple Garden (Borderless),Lorwyn Eclipsed,796,897,11981.59,10.88,14.99,8.78,37.77573529411764,-19.301470588235308,$10-20
534638,Leyline of the Guildpact,Murders at Karlov Manor,796,1030,4581.32,3.57,5.49,3.1,53.781512605042025,-13.165266106442571,$2-5
105714,Zulaport Cutthroat,Battle for Zendikar,796,928,1425.06,2.01,2.49,0.8300000000000001,23.8805970149254,-58.70646766169153,$2-5
671166,"Vraska, Betrayal's Sting",Commander: Lorwyn Eclipsed,796,1269,1318.49,0.78,1.79,0.61,129.4871794871795,-21.7948717948718,$0-1
633991,Overkill,FINAL FANTASY,796,1145,375.0,0.3,0.69,0.15,129.99999999999997,-50.0,$0-1
696944,"Black Widow, Agile Avenger",Commander: Marvel Super Heroes,795,967,13532.89,10.5,17.99,10.74,71.33333333333331,2.285714285714288,$10-20
646575,Spider-Punk,Marvel's Spider-Man,795,929,1884.66,1.79,2.79,1.22,55.865921787709496,-31.84357541899442,$1-2
646638,Island (0190),Marvel's Spider-Man,794,2660,945.95,0.33,0.69,0.15,109.09090909090907,-54.545454545454554,$0-1
630892,Swamp (0302),FINAL FANTASY,794,2728,918.67,0.23,0.59,0.15,156.52173913043475,-34.78260869565218,$0-1
479363,Vraska's Fall,Phyrexia: All Will Be One,794,1072,360.76,0.47,1.29,0.2,174.468085106383,-57.44680851063829,$0-1
512597,Grasp of Fate,Wilds of Eldraine: Enchanting Tales,794,965,446.21,0.36,0.69,0.22,91.66666666666666,-38.888888888888886,$0-1
641978,Exploration Broodship,Commander: Edge of Eternities,794,1123,4040.85,3.55,4.49,3.42,26.478873239436634,-3.661971830985913,$2-5
479182,Drown in Ichor,Phyrexia: All Will Be One,793,1255,1176.82,0.86,1.79,0.62,108.13953488372094,-27.906976744186046,$0-1
615058,Renewed Solidarity,Commander: Aetherdrift,793,972,6097.17,4.24,7.99,4.16,88.44339622641509,-1.8867924528301903,$2-5
512540,Intangible Virtue,Wilds of Eldraine: Enchanting Tales,793,955,338.1,0.34,0.39,0.15,14.705882352941172,-55.88235294117647,$0-1
532911,Raucous Theater,Murders at Karlov Manor,793,871,9465.19,9.67,15.99,10.22,65.35677352637022,5.687693898655644,$5-10
532872,Warleader's Call,Murders at Karlov Manor,792,855,6357.73,5.55,8.99,5.19,61.981981981981995,-6.486486486486477,$5-10
630903,Forest (0308),FINAL FANTASY,792,2417,777.86,0.25,0.49,0.15,96.0,-40.0,$0-1
240055,Dragon's Rage Channeler,Modern Horizons 2,792,1288,2353.85,1.5,1.79,0.77,19.333333333333336,-48.666666666666664,$1-2
553219,"Yavimaya, Cradle of Growth",Commander: Modern Horizons 3,792,823,12534.51,17.35,21.99,14.82,26.74351585014407,-14.582132564841505,$10-20
641805,Singularity Rupture,Edge of Eternities,792,958,788.01,0.48,0.99,0.15,106.25,-68.74999999999999,$0-1
591742,"Lathril, Blade of the Elves",Foundations,792,915,1462.87,1.26,1.49,0.37,18.253968253968253,-70.63492063492063,$1-2
553297,Twisted Landscape,Modern Horizons 3,791,1648,428.16,0.3,0.39,0.15,30.00000000000001,-50.0,$0-1
188119,"Krenko, Tin Street Kingpin",War of the Spark,790,836,2548.69,3.07,4.49,2.42,46.2540716612378,-21.17263843648208,$2-5
696487,"Daredevil, Man Without Fear (Borderless) (0372)",Marvel Super Heroes,790,818,5496.11,5.17,5.99,3.36,15.860735009671187,-35.00967117988395,$5-10
507143,Frantic Search (Borderless),Commander Masters,790,1053,1189.35,1.09,1.49,0.88,36.69724770642201,-19.266055045871568,$1-2
215373,Peer into the Abyss,Core Set 2021,790,845,2522.01,3.53,4.49,2.91,27.195467422096332,-17.563739376770528,$2-5
475527,Swamp (269) - Full Art,Phyrexia: All Will Be One,789,2326,6717.85,2.39,3.49,2.53,46.02510460251047,5.857740585774045,$2-5
212717,Ram Through,Ikoria: Lair of Behemoths,789,1423,816.7,0.33,1.29,0.26,290.9090909090909,-21.21212121212121,$0-1
696434,Ravenous Tyrannosaurus (Borderless),Marvel Universe Eternal-Legal,789,842,8127.41,10.56,10.99,8.89,4.071969696969694,-15.81439393939394,$10-20
679639,Vernal Fen,Commander: Teenage Mutant Ninja Turtles,789,1267,753.65,0.46,0.99,0.26,115.21739130434783,-43.47826086956522,$0-1
696623,Alien Invasion,Marvel Super Heroes,788,1424,947.63,0.25,0.49,0.15,96.0,-40.0,$0-1
71316,Aqueous Form,Theros,788,1374,920.61,0.39,1.29,0.29,230.76923076923075,-25.64102564102565,$0-1
662403,Agna Qel'a,Avatar: The Last Airbender,788,952,1305.53,1.23,1.79,0.8300000000000001,45.52845528455285,-32.52032520325203,$1-2
532910,Underground Mortuary,Murders at Karlov Manor,787,866,13300.08,12.78,19.99,12.67,56.41627543035993,-0.8607198748043774,$10-20
671173,Endurance,Commander: Lorwyn Eclipsed,787,1763,6784.82,3.88,6.99,3.59,80.15463917525774,-7.474226804123712,$2-5
656672,Mutable Explorer,Lorwyn Eclipsed,787,959,1175.32,1.14,1.29,0.32,13.157894736842119,-71.92982456140349,$1-2
591021,Bolt Bend,Foundations,787,1068,2673.45,2.53,4.99,2.61,97.2332015810277,3.1620553359683825,$2-5
671266,Chromatic Lantern,Commander: Lorwyn Eclipsed,787,1204,1363.56,0.94,2.49,0.73,164.89361702127664,-22.34042553191489,$0-1
646685,Swamp (0191),Marvel's Spider-Man,787,2466,1302.13,0.46,0.99,0.15,115.21739130434783,-67.3913043478261,$0-1
524261,Arcane Signet,Commander: The Lost Caverns of Ixalan,787,1161,710.04,0.63,1.79,0.44,184.12698412698413,-30.158730158730158,$0-1
34738,Soul's Attendant,Rise of the Eldrazi,786,870,4425.73,4.28,7.49,3.68,75.0,-14.018691588785048,$2-5
642782,Patrolling Peacemaker,Commander: Edge of Eternities,786,1277,1585.46,0.89,1.29,0.87,44.943820224719104,-2.247191011235957,$0-1
539393,Sol Ring,Universes Beyond: Fallout,786,1064,1967.25,2.3,2.79,1.44,21.304347826086968,-37.39130434782608,$2-5
688517,Mana Sculpt (Extended Art),Secrets of Strixhaven,785,880,2071.68,1.77,2.29,0.8300000000000001,29.37853107344633,-53.10734463276836,$1-2
696474,Origin of the Avengers,Marvel Super Heroes,785,1596,917.75,0.28,0.49,0.15,74.99999999999997,-46.42857142857144,$0-1
687520,Sevinne's Reclamation,Commander: Secrets of Strixhaven,785,1149,473.76,0.34,1.29,0.23,279.4117647058823,-32.35294117647059,$0-1
631192,Luminous Broodmoth,Commander: FINAL FANTASY,785,1060,1128.13,0.55,1.49,0.41,170.90909090909088,-25.454545454545464,$0-1
39432,Suture Priest,New Phyrexia,784,911,2312.38,2.6,2.79,1.4,7.307692307692306,-46.15384615384615,$2-5
631207,Graven Cairns,Commander: FINAL FANTASY,784,973,2089.84,1.85,3.99,1.95,115.67567567567568,5.405405405405398,$1-2
686611,"Tam, Observant Sequencer",Secrets of Strixhaven,784,1032,616.28,0.3,0.35,0.15,16.666666666666664,-50.0,$0-1
679616,Chromatic Lantern,Commander: Teenage Mutant Ninja Turtles,783,1108,1644.87,1.53,2.49,0.52,62.7450980392157,-66.01307189542483,$1-2
553235,Talon Gates of Madara,Commander: Modern Horizons 3,783,1161,22209.65,28.77,29.99,27.92,4.240528328119566,-2.9544664581160855,$20-50
479492,Cankerbloom,Phyrexia: All Will Be One,783,1035,680.41,0.58,0.79,0.2,36.20689655172416,-65.51724137931035,$0-1
615186,Arcane Denial,Commander: Aetherdrift,782,1080,1881.96,2.07,2.99,1.62,44.444444444444464,-21.7391304347826,$2-5
679614,Arcane Signet,Commander: Teenage Mutant Ninja Turtles,782,1021,752.74,0.58,0.99,0.38,70.68965517241381,-34.48275862068965,$0-1
696435,"Storm, Force of Nature (Borderless)",Marvel Universe Eternal-Legal,782,797,10027.24,8.39,9.49,6.78,13.11084624553039,-19.18951132300358,$5-10
235117,Witherbloom Apprentice,Strixhaven: School of Mages,781,1111,1006.03,0.57,0.79,0.19,38.59649122807019,-66.66666666666666,$0-1
238609,Misty Rainforest,Modern Horizons 2,781,895,31538.45,36.34,42.99,36.2,18.299394606494214,-0.3852504127683009,$20-50
253668,Hullbreaker Horror,Innistrad: Crimson Vow,781,813,4511.9,5.67,8.99,5.21,58.55379188712523,-8.112874779541446,$5-10
668474,Thunderbolts Conspiracy,Marvel Super Heroes,780,1208,545.71,0.3,0.49,0.15,63.33333333333334,-50.0,$0-1
686619,"Witherbloom, the Balancer (Borderless)",Secrets of Strixhaven,780,784,25290.45,13.64,14.99,11.45,9.897360703812314,-16.05571847507332,$10-20
675585,"Lorehold, the Historian (Borderless)",Secrets of Strixhaven,780,793,15574.15,5.4,9.49,5.05,75.74074074074073,-6.481481481481491,$5-10
532897,Shadowy Backstreet,Murders at Karlov Manor,780,910,10536.62,10.22,15.99,10.07,56.45792563600782,-1.4677103718199642,$10-20
687355,Staff of the Storyteller,Commander: Secrets of Strixhaven,779,1543,1232.09,0.51,0.79,0.15,54.90196078431373,-70.58823529411764,$0-1
578068,"Arabella, Abandoned Doll",Duskmourn: House of Horror,779,996,594.32,0.49,0.99,0.15,102.04081632653062,-69.38775510204081,$0-1
662030,Enter the Avatar State,Avatar: The Last Airbender,779,1162,359.79,0.31,0.59,0.15,90.32258064516128,-51.61290322580645,$0-1
591719,Brass's Bounty,Foundations,779,925,1937.84,0.46,0.99,0.15,115.21739130434783,-67.3913043478261,$0-1
555790,"Caduceus, Staff of Hermes",Universes Beyond: Assassin's Creed,778,874,5362.87,6.12,11.99,5.92,95.91503267973856,-3.2679738562091534,$5-10
646614,"Doctor Octopus, Master Planner (Borderless)",Marvel's Spider-Man,778,879,4622.69,9.12,8.49,7.0600000000000005,-6.907894736842095,-22.587719298245602,$5-10
673550,"Leonardo, Cutting Edge",Teenage Mutant Ninja Turtles,778,977,1169.24,0.94,1.29,0.15,37.2340425531915,-84.04255319148936,$0-1
688510,Zaffai and the Tempests,Secrets of Strixhaven,778,947,318.16,0.27,0.49,0.15,81.48148148148147,-44.44444444444445,$0-1
688973,Impractical Joke,Secrets of Strixhaven,778,1465,410.9,0.3,0.35,0.15,16.666666666666664,-50.0,$0-1
560008,Sword of the Squeak,Commander: Bloomburrow,778,1168,1699.29,0.45,0.49,0.2,8.888888888888884,-55.55555555555556,$0-1
689520,Abstract Paintmage,Secrets of Strixhaven,777,1017,300.48,0.28,0.35,0.15,24.999999999999982,-46.42857142857144,$0-1
641767,Timeline Culler,Edge of Eternities,777,1233,478.34,0.37,0.69,0.15,86.48648648648647,-59.45945945945946,$0-1
513354,Collector's Vault,Wilds of Eldraine,777,1060,1244.54,1.09,1.79,0.38,64.22018348623853,-65.13761467889908,$1-2
533889,Case of the Locked Hothouse,Murders at Karlov Manor,777,825,1942.62,2.25,4.49,1.97,99.55555555555556,-12.444444444444445,$2-5
227121,Foundry Inspector,Commander Legends,776,962,458.87,0.45,1.29,0.15,186.66666666666666,-66.66666666666667,$0-1
696582,"Ultron, Artificial Malevolence (Borderless) (0344)",Marvel Super Heroes,776,788,25848.48,24.21,32.99,20.82,36.26600578273441,-14.002478314745975,$20-50
624907,Windcrag Siege,Tarkir: Dragonstorm,776,827,2749.46,3.57,5.49,1.77,53.781512605042025,-50.42016806722689,$2-5
631008,"Lightning, Army of One",FINAL FANTASY,774,813,8431.7,8.84,13.99,7.640000000000001,58.2579185520362,-13.574660633484156,$5-10
656697,Blood Crypt (Borderless),Lorwyn Eclipsed,774,849,13373.76,13.39,18.99,11.28,41.82225541448841,-15.758028379387612,$10-20
558400,Stormcatch Mentor,Bloomburrow,774,976,541.7,0.26,0.39,0.17,50.0,-34.61538461538461,$0-1
630872,"Jidoor, Aristocratic Capital",FINAL FANTASY,774,873,1418.59,2.05,1.79,0.45,-12.682926829268284,-78.04878048780488,$2-5
457458,Cloud of Faeries,Dominaria Remastered,773,1231,425.21,0.31,0.69,0.17,122.5806451612903,-45.16129032258064,$0-1
646662,Plains (0189),Marvel's Spider-Man,773,2558,1171.02,0.31,0.99,0.15,219.3548387096774,-51.61290322580645,$0-1
661920,The Legend of Yangchen,Avatar: The Last Airbender,773,852,3482.52,3.65,6.49,2.31,77.80821917808221,-36.71232876712329,$2-5
631488,Sunken Ruins,Commander: FINAL FANTASY,773,912,3039.2,3.17,4.99,3.12,57.41324921135648,-1.5772870662460512,$2-5
679194,Rhythm of the Wild (Borderless),Teenage Mutant Ninja Turtles Source Material,773,823,4056.29,4.09,6.99,4.0,70.90464547677263,-2.200488997555009,$2-5
576518,Gloomlake Verge,Duskmourn: House of Horror,773,930,9951.34,9.98,12.99,8.82,30.160320641282564,-11.623246492985972,$5-10
631594,Sulfurous Springs,Commander: FINAL FANTASY,772,1024,1295.4,0.98,1.99,1.01,103.0612244897959,3.061224489795921,$0-1
657787,Mountain (0256),Teenage Mutant Ninja Turtles,772,2403,1102.7,0.44,0.49,0.15,11.36363636363636,-65.90909090909092,$0-1
623916,Ureni of the Unwritten (Borderless),Commander: Tarkir: Dragonstorm,772,910,8499.99,13.0,24.99,10.42,92.23076923076921,-19.846153846153847,$10-20
498620,There and Back Again,Universes Beyond: The Lord of the Rings: Tales of Middle-earth,772,823,3676.39,4.81,6.49,3.99,34.92723492723494,-17.047817047817038,$2-5
652059,Hide on the Ceiling,Marvel's Spider-Man,771,935,1367.01,1.0,2.29,0.62,129.0,-38.0,$1-2
498680,Borne Upon a Wind,Universes Beyond: The Lord of the Rings: Tales of Middle-earth,771,976,4223.77,4.34,4.49,1.45,3.456221198156691,-66.58986175115207,$2-5
552950,Command Tower,Commander: Modern Horizons 3,771,1229,428.45,0.38,0.69,0.25,81.57894736842104,-34.21052631578947,$0-1
687502,"Excava, the Risen Past (Borderless)",Commander: Secrets of Strixhaven,771,1040,1712.78,0.74,0.99,0.19,33.78378378378378,-74.32432432432434,$0-1
671582,Eclipsed Realms,Lorwyn Eclipsed,771,1161,674.75,0.63,0.99,0.15,57.14285714285714,-76.19047619047619,$0-1
696253,No Mercy (Borderless),Marvel Universe Eternal-Legal,770,832,7012.27,9.3,11.99,9.36,28.924731182795693,0.6451612903225669,$5-10
671136,Archfiend of Ifnir,Commander: Lorwyn Eclipsed,770,943,417.54,0.39,0.79,0.3,102.56410256410258,-23.076923076923084,$0-1
670997,Harmonized Crescendo,Lorwyn Eclipsed,770,967,1032.15,1.18,1.29,0.52,9.322033898305094,-55.932203389830505,$1-2
272747,Avenging Hunter,Commander Legends: Battle for Baldur's Gate,770,1758,8514.15,4.79,7.49,4.68,56.36743215031316,-2.296450939457209,$2-5
273319,Ingenious Artillerist,Commander Legends: Battle for Baldur's Gate,769,897,1918.33,1.04,2.29,1.32,120.1923076923077,26.923076923076927,$1-2
221900,Khalni Ambush,Zendikar Rising,769,2644,1160.62,0.39,0.79,0.43,102.56410256410258,10.25641025641025,$0-1
679230,Undercity Sewers (Borderless),Teenage Mutant Ninja Turtles Source Material,768,868,9072.05,8.64,16.99,9.11,96.64351851851849,5.439814814814802,$5-10
642101,Umbral Collar Zealot,Edge of Eternities,768,1031,1382.2,0.35,0.79,0.15,125.71428571428574,-57.14285714285714,$0-1
206022,Plains,Theros Beyond Death,768,3272,4240.4,0.92,1.79,0.35,94.56521739130434,-61.956521739130444,$0-1
696857,Avengers: Under Siege,Marvel Super Heroes,767,1050,551.95,0.29,0.49,0.15,68.96551724137932,-48.275862068965516,$0-1
686618,"Silverquill, the Disputant (Borderless)",Secrets of Strixhaven,767,786,13256.04,6.94,7.49,5.09,7.925072046109507,-26.657060518731996,$5-10
624206,Clifftop Retreat,Commander: Tarkir: Dragonstorm,767,1079,333.31,0.33,0.79,0.2,139.3939393939394,-39.39393939393939,$0-1
578074,"Marvin, Murderous Mimic",Duskmourn: House of Horror,767,877,2838.69,3.54,4.99,3.46,40.960451977401135,-2.25988700564972,$2-5
13270,Elves of Deep Shadow,Ravnica: City of Guilds,767,991,3235.57,3.92,3.49,2.08,-10.969387755102034,-46.93877551020408,$2-5
689521,Embrace the Paradox,Secrets of Strixhaven,767,1249,312.35,0.26,0.35,0.15,34.615384615384606,-42.307692307692314,$0-1
688942,Winds of Abandon,Secrets of Strixhaven: Mystical Archive,767,807,4068.23,3.25,4.99,2.92,53.53846153846155,-10.153846153846157,$2-5
696571,"Mole Man, Moloid Master (Extended Art)",Marvel Super Heroes,766,852,3840.54,3.35,3.99,2.44,19.1044776119403,-27.164179104477615,$2-5
657786,Swamp (0255),Teenage Mutant Ninja Turtles,766,2754,1761.46,0.5,0.69,0.3,37.999999999999986,-40.0,$0-1
671577,Sapling Nursery,Lorwyn Eclipsed,766,975,1571.29,1.03,1.79,0.26,73.7864077669903,-74.75728155339806,$1-2
687406,Ribtruss Roaster,Commander: Secrets of Strixhaven,766,1111,1897.85,0.38,0.49,0.15,28.947368421052627,-60.526315789473685,$0-1
479564,Thirsting Roots,Phyrexia: All Will Be One,765,1051,782.58,0.62,1.29,0.3,108.06451612903227,-51.61290322580645,$0-1
687700,Necroblossom Snarl,Commander: Secrets of Strixhaven,765,1502,694.13,0.37,0.99,0.32,167.56756756756758,-13.513513513513512,$0-1
559733,Pollywog Prodigy,Commander: Bloomburrow,765,1032,6026.96,6.18,10.99,4.63,77.831715210356,-25.08090614886731,$5-10
122709,Aetherflux Reservoir,Kaladesh,765,773,17389.85,20.05,27.99,19.95,39.60099750623441,-0.49875311720698967,$20-50
552330,"Ral, Monsoon Mage",Modern Horizons 3,765,938,6516.07,7.29,10.99,6.23,50.75445816186557,-14.540466392318239,$5-10
555998,Path to Exile,Universes Beyond: Assassin's Creed,764,931,1247.2,1.42,2.49,1.18,75.35211267605636,-16.901408450704224,$1-2
671227,Savage Lands,Commander: Lorwyn Eclipsed,764,1149,382.41,0.36,0.69,0.15,91.66666666666666,-58.333333333333336,$0-1
559139,Long River's Pull,Bloomburrow,763,1010,313.01,0.34,0.79,0.15,132.35294117647058,-55.88235294117647,$0-1
656710,Overgrown Tomb (Borderless),Lorwyn Eclipsed,763,836,13102.04,12.84,15.99,10.42,24.532710280373834,-18.847352024922117,$10-20
651944,"Spider-Woman, Stunning Savior (Borderless)",Marvel's Spider-Man,762,866,1494.8,2.3,2.79,0.5700000000000001,21.304347826086968,-75.21739130434783,$2-5
591020,Wishclaw Talisman,Foundations,761,996,2134.43,1.61,3.99,1.69,147.82608695652172,4.968944099378873,$1-2
544837,Imp's Mischief,Outlaws of Thunder Junction: Breaking News,761,798,4989.99,7.69,9.99,6.9,29.908972691807538,-10.273081924577374,$5-10
687666,Alchemist's Refuge,Commander: Secrets of Strixhaven,761,1342,654.87,0.34,0.59,0.15,73.52941176470587,-55.88235294117647,$0-1
689059,Tragedy Feaster (Borderless),Secrets of Strixhaven,761,875,1040.85,0.59,0.49,0.15,-16.94915254237288,-74.57627118644066,$0-1
697490,Patriotic Shield - Sword of Fire and Ice (Borderless),Marvel Universe Eternal-Legal,761,775,22647.77,25.79,32.99,25.25,27.917797595967443,-2.093834819697554,$20-50
679567,Continue?,Commander: Teenage Mutant Ninja Turtles,761,1110,3353.85,2.32,3.99,1.77,71.98275862068968,-23.70689655172413,$2-5
56297,Infernal Plunge,Innistrad,760,1028,1886.25,0.51,0.79,0.37,54.90196078431373,-27.450980392156865,$0-1
491759,Wrenn's Resolve,March of the Machine,760,1254,2915.84,1.92,4.49,1.81,133.85416666666669,-5.72916666666666,$1-2
578062,Enduring Courage,Duskmourn: House of Horror,759,841,2025.29,2.74,3.99,2.07,45.62043795620438,-24.45255474452556,$2-5
642114,Cosmogrand Zenith,Edge of Eternities,759,931,5452.47,5.19,7.99,4.94,53.949903660886314,-4.816955684007707,$5-10
576514,Floodfarm Verge,Duskmourn: House of Horror,759,950,8211.24,8.13,11.99,7.47,47.47847478474784,-8.11808118081182,$5-10
696358,Plains (0278),Marvel Super Heroes,758,2755,1355.5,0.32,0.49,0.15,53.124999999999986,-53.125,$0-1
673549,Leader's Talent,Teenage Mutant Ninja Turtles,758,890,823.02,0.65,0.79,0.15,21.53846153846154,-76.92307692307692,$0-1
248106,Moonsilver Key,Innistrad: Midnight Hunt,758,986,1469.37,0.89,2.49,0.4,179.77528089887642,-55.0561797752809,$0-1
558604,Might of the Meek,Bloomburrow,758,1168,383.19,0.26,0.35,0.15,34.615384615384606,-42.307692307692314,$0-1
632167,Machinist's Arsenal,FINAL FANTASY,757,919,954.49,0.86,1.29,0.17,50.000000000000014,-80.23255813953489,$0-1
696411,Steelshaper's Gift (Borderless),Marvel Universe Eternal-Legal,757,797,6161.37,7.39,9.49,5.83,28.41677943166442,-21.109607577807843,$5-10
557277,Nowhere to Run,Duskmourn: House of Horror,757,1162,798.27,0.56,0.99,0.15,76.78571428571426,-73.21428571428571,$0-1
498377,Rosie Cotton of South Lane,Universes Beyond: The Lord of the Rings: Tales of Middle-earth,755,1067,444.22,0.32,0.49,0.15,53.124999999999986,-53.125,$0-1
499609,Living Death,Commander: The Lord of the Rings: Tales of Middle-earth,755,847,2122.18,4.07,5.49,2.91,34.88943488943488,-28.501228501228503,$2-5
4890,Songs of the Damned,Ice Age,755,1202,1894.23,2.58,1.79,1.02,-30.620155038759687,-60.46511627906976,$2-5
687579,Steelbane Hydra,Commander: Secrets of Strixhaven,754,1292,803.31,0.34,0.49,0.15,44.117647058823515,-55.88235294117647,$0-1
686617,"Quandrix, the Proof (Borderless)",Secrets of Strixhaven,754,769,9248.3,5.69,5.99,4.13,5.2724077328646715,-27.416520210896316,$5-10
631302,Gyre Sage,Commander: FINAL FANTASY,754,885,1426.79,1.04,2.29,1.01,120.1923076923077,-2.8846153846153872,$1-2
688655,Practiced Offense (Extended Art),Secrets of Strixhaven,754,982,1250.49,1.59,3.49,1.03,119.49685534591194,-35.22012578616353,$1-2
688909,Prismatic Ending,Secrets of Strixhaven: Mystical Archive,754,983,658.09,0.46,0.49,0.15,6.521739130434775,-67.3913043478261,$0-1
591184,"Ghalta, Primal Hunger",Foundations,754,941,945.54,1.16,1.49,0.47,28.44827586206897,-59.48275862068966,$1-2
687546,Sulfur Falls,Commander: Secrets of Strixhaven,753,1262,604.71,0.35,0.59,0.2,68.57142857142857,-42.85714285714285,$0-1
499784,Rejuvenating Springs,Commander: The Lord of the Rings: Tales of Middle-earth,753,826,5031.93,4.63,7.49,4.44,61.771058315334784,-4.103671706263488,$2-5
697041,Blazing Crescendo (Borderless),Marvel Super Heroes,753,1086,442.71,0.19,0.35,0.15,84.21052631578945,-21.052631578947373,$0-1
557928,Nine-Lives Familiar,Foundations,753,903,1433.73,1.95,2.49,0.45,27.692307692307704,-76.92307692307693,$1-2
544694,Conduit Pylons,Outlaws of Thunder Junction,753,1332,384.35,0.35,0.79,0.15,125.71428571428574,-57.14285714285714,$0-1
615113,Bontu's Monument,Commander: Aetherdrift,752,1071,3656.21,3.52,5.49,3.24,55.96590909090909,-7.954545454545449,$2-5
631195,Rogue's Passage,Commander: FINAL FANTASY,752,1067,537.57,0.37,0.99,0.38,167.56756756756758,2.7027027027027053,$0-1
689478,Rabid Attack,Secrets of Strixhaven,752,1214,350.71,0.25,0.35,0.15,39.99999999999999,-40.0,$0-1
631150,Ultimate Magic: Holy,Commander: FINAL FANTASY,752,1276,893.6,0.44,0.59,0.34,34.09090909090908,-22.72727272727272,$0-1
660603,"Ozai, the Phoenix King",Avatar: The Last Airbender,752,769,3439.36,3.65,4.49,2.99,23.013698630136993,-18.08219178082191,$2-5
188606,Contentious Plan,War of the Spark,752,1160,687.84,0.42,0.99,0.2,135.71428571428575,-52.38095238095237,$0-1
642797,"Emry, Lurker of the Loch",Commander: Edge of Eternities,751,1575,999.63,0.61,1.49,0.66,144.2622950819672,8.196721311475418,$0-1
624286,Grand Crescendo,Commander: Tarkir: Dragonstorm,751,889,2931.45,3.42,4.99,3.18,45.90643274853802,-7.017543859649117,$2-5
519239,Fiery Islet,Universes Beyond: Doctor Who,750,1081,4462.95,3.84,5.49,4.04,42.968750000000014,5.208333333333338,$2-5
499510,Birds of Paradise,Commander: The Lord of the Rings: Tales of Middle-earth,750,846,10367.69,13.21,16.99,9.32,28.614685844057515,-29.447388342165027,$10-20
631264,Fire-Lit Thicket,Commander: FINAL FANTASY,750,1020,1512.6,1.02,2.29,0.8300000000000001,124.50980392156863,-18.62745098039215,$1-2
499368,Elven Chorus,Universes Beyond: The Lord of the Rings: Tales of Middle-earth,749,828,3161.67,4.88,5.99,3.64,22.745901639344268,-25.409836065573764,$2-5
630875,Plains (0294),FINAL FANTASY,749,2847,835.81,0.25,0.59,0.15,136.0,-40.0,$0-1
687474,Awakening Zone,Commander: Secrets of Strixhaven,749,1310,1438.05,0.39,0.49,0.15,25.64102564102563,-61.53846153846154,$0-1
696558,"Baron Strucker, HYDRA Overlord (Borderless)",Marvel Super Heroes,749,967,353.1,0.28,0.35,0.15,24.999999999999982,-46.42857142857144,$0-1
631329,Prairie Stream,Commander: FINAL FANTASY,749,1114,409.68,0.31,0.49,0.16,58.06451612903225,-48.387096774193544,$0-1
206023,Island,Theros Beyond Death,748,2850,4559.82,1.27,1.79,0.26,40.94488188976378,-79.52755905511812,$1-2
553540,Maskwood Nexus,Commander: Modern Horizons 3,748,1178,1403.88,1.93,2.29,1.17,18.65284974093265,-39.37823834196891,$1-2
276308,Pirate's Pillage,Double Masters 2022,748,956,633.84,2.35,1.29,0.95,-45.1063829787234,-59.57446808510639,$2-5
589331,Darksteel Colossus,Foundations,748,2277,2215.8,1.01,1.29,0.5700000000000001,27.722772277227726,-43.56435643564356,$1-2
634438,The Masamune,FINAL FANTASY,748,862,1029.96,1.0,0.99,0.52,-1.0000000000000009,-48.0,$1-2
696387,"Iron Man, Armored Avenger",Commander: Marvel Super Heroes,748,817,4098.98,3.92,4.99,3.62,27.295918367346943,-7.653061224489792,$2-5
642113,"Adagia, Windswept Bastion",Edge of Eternities,747,805,4532.41,5.53,8.49,4.5600000000000005,53.526220614828205,-17.540687160940323,$5-10
634042,Cornered by Black Mages,FINAL FANTASY,747,1077,278.69,0.28,0.35,0.15,24.999999999999982,-46.42857142857144,$0-1
696967,"Night Nurse, Healer of Heroes",Marvel Super Heroes,746,1186,496.61,0.22,0.35,0.15,59.09090909090908,-31.818181818181824,$0-1
541268,"Emrakul, the World Anew",Modern Horizons 3,746,859,3767.78,4.78,6.49,3.54,35.77405857740585,-25.94142259414226,$2-5
253542,Reckless Impulse,Innistrad: Crimson Vow,746,1269,1828.33,1.44,2.49,1.04,72.91666666666669,-27.777777777777775,$1-2
689084,Scheming Silvertongue (Extended Art),Secrets of Strixhaven,746,826,2530.0,2.13,1.79,0.92,-15.962441314553985,-56.8075117370892,$2-5
589764,Electroduplicate,Foundations,745,947,602.64,0.56,1.29,0.19,130.35714285714283,-66.07142857142857,$0-1
696418,Fiery Emancipation (Borderless),Marvel Universe Eternal-Legal,745,809,5341.28,7.27,8.99,8.07,23.658872077028896,11.004126547455307,$5-10
548383,Snow-Covered Wastes (0229),Modern Horizons 3,745,2600,1088.28,0.67,1.29,0.15,92.53731343283582,-77.61194029850746,$0-1
686580,Skycoach Waypoint,Secrets of Strixhaven,743,1495,539.6,0.24,0.35,0.15,45.83333333333333,-37.5,$0-1
679587,Cultivate,Commander: Teenage Mutant Ninja Turtles,743,1110,443.64,0.39,0.99,0.3,153.84615384615384,-23.076923076923084,$0-1
624180,Curse of Opulence,Commander: Tarkir: Dragonstorm,743,887,2224.39,3.1,5.49,2.6,77.09677419354838,-16.129032258064516,$2-5
268342,Ledger Shredder,Streets of New Capenna,743,823,6345.08,8.94,15.99,8.63,78.85906040268458,-3.467561521252782,$5-10
671194,Cream of the Crop,Commander: Lorwyn Eclipsed,743,1694,1087.04,0.46,0.79,0.26,71.73913043478261,-43.47826086956522,$0-1
624214,Reliquary Tower,Commander: Tarkir: Dragonstorm,743,951,3466.97,3.81,5.49,3.38,44.094488188976385,-11.286089238845149,$2-5
671275,"Muldrotha, the Gravetide",Commander: Lorwyn Eclipsed,743,1262,916.24,0.56,1.49,0.44,166.07142857142853,-21.428571428571434,$0-1
631259,Clifftop Retreat,Commander: FINAL FANTASY,743,949,356.38,0.37,0.79,0.19,113.51351351351353,-48.648648648648646,$0-1
532905,Undercity Sewers,Murders at Karlov Manor,743,896,15354.25,13.93,19.99,13.07,43.503230437903795,-6.173725771715718,$10-20
631235,Lightning Greaves,Commander: FINAL FANTASY,742,905,4006.51,4.53,6.49,4.11,43.26710816777042,-9.271523178807945,$2-5
687588,Yavimaya Coast,Commander: Secrets of Strixhaven,742,1480,504.76,0.35,0.79,0.26,125.71428571428574,-25.714285714285705,$0-1
558437,Valley Rotcaller,Bloomburrow,742,919,2217.89,3.54,3.99,0.78,12.711864406779666,-77.96610169491525,$2-5
615067,Talisman of Dominance,Commander: Aetherdrift,742,886,1518.67,1.43,2.79,1.37,95.10489510489512,-4.195804195804184,$1-2
696869,"Bullseye, Death Dealer (Borderless)",Marvel Super Heroes,742,943,440.39,0.25,0.35,0.15,39.99999999999999,-40.0,$0-1
55906,Avacyn's Pilgrim,Innistrad,742,957,561.95,0.4,1.79,0.34,347.5,-15.0,$0-1
673584,Party Dude,Teenage Mutant Ninja Turtles,741,995,951.25,0.65,0.49,0.15,-24.61538461538462,-76.92307692307692,$0-1
615193,Aetheric Amplifier,Commander: Aetherdrift,741,1146,1241.96,0.63,1.49,0.35,136.5079365079365,-44.44444444444445,$0-1
35651,Pyretic Ritual,Magic 2011 (M11),741,925,6000.34,4.91,8.49,4.13,72.91242362525459,-15.885947046843182,$2-5
559729,Jacked Rabbit,Commander: Bloomburrow,741,1263,3182.87,3.72,5.49,2.08,47.58064516129032,-44.086021505376344,$2-5
577660,The Mindskinner,Duskmourn: House of Horror,741,884,2363.69,2.7,2.49,1.81,-7.777777777777777,-32.96296296296297,$2-5
630988,Absolute Virtue,FINAL FANTASY,741,791,2405.13,2.45,3.49,1.95,42.44897959183673,-20.408163265306133,$2-5
589380,Twinflame Tyrant,Foundations,741,758,19497.32,24.51,37.99,23.94,54.997960016319865,-2.3255813953488382,$20-50
625027,Warden of the Grove,Tarkir: Dragonstorm,741,806,2004.45,2.37,2.79,1.74,17.72151898734177,-26.58227848101266,$2-5
591774,Rune-Scarred Demon,Foundations,741,905,1285.35,0.85,1.79,0.3,110.58823529411765,-64.70588235294117,$0-1
624218,Sulfur Falls,Commander: Tarkir: Dragonstorm,740,1039,361.68,0.33,0.49,0.26,48.48484848484848,-21.21212121212121,$0-1
110989,Expedite,Oath of the Gatewatch,740,964,680.32,0.41,0.79,0.21,92.68292682926831,-48.78048780487805,$0-1
503399,Command Tower (Borderless),Commander Masters,739,1080,2503.36,2.33,2.99,1.75,28.326180257510735,-24.892703862660948,$2-5
631321,Glacial Fortress,Commander: FINAL FANTASY,738,1057,404.07,0.31,0.49,0.16,58.06451612903225,-48.387096774193544,$0-1
262050,"Boseiju, Who Endures",Kamigawa: Neon Dynasty,738,794,40247.32,49.47,69.99,55.2,41.4796846573681,11.582777440873265,$20-50
614418,Riverpyre Verge,Aetherdrift,738,938,21297.7,20.41,27.99,20.0,37.138657520823116,-2.0088192062714363,$20-50
191753,Putrid Goblin,Modern Horizons,738,987,730.22,0.45,0.69,0.26,53.33333333333332,-42.22222222222222,$0-1
618873,"Tidus, Yuna's Guardian",Commander: FINAL FANTASY,738,1166,916.94,2.6,6.99,0.8200000000000001,168.84615384615387,-68.46153846153847,$2-5
576512,Blazemire Verge,Duskmourn: House of Horror,737,835,7307.64,8.85,13.99,8.24,58.07909604519775,-6.892655367231633,$5-10
553293,Mana Reflection,Commander: Modern Horizons 3,737,950,1413.37,1.15,1.49,1.15,29.565217391304355,0.0,$1-2
631142,Zack Fair,FINAL FANTASY,737,1312,353.85,0.3,1.99,0.15,563.3333333333334,-50.0,$0-1
624184,Mana Geyser,Commander: Tarkir: Dragonstorm,737,898,1448.94,2.12,2.49,1.03,17.45283018867925,-51.41509433962265,$2-5
557922,Day of Judgment,Foundations,736,1089,763.56,1.1,1.49,0.22,35.454545454545446,-80.0,$1-2
632747,Haste Magic,FINAL FANTASY,736,1099,293.54,0.26,0.35,0.15,34.615384615384606,-42.307692307692314,$0-1
671267,Glissa Sunslayer,Commander: Lorwyn Eclipsed,736,1206,660.05,0.45,1.49,0.34,231.11111111111114,-24.44444444444444,$0-1
499578,"Arwen, Weaver of Hope",Commander: The Lord of the Rings: Tales of Middle-earth,736,853,3317.56,3.6,6.49,3.12,80.27777777777779,-13.333333333333334,$2-5
697336,"Thor, Asgard's Avenger",Commander: Marvel Super Heroes,736,895,1650.52,0.27,0.49,0.15,81.48148148148147,-44.44444444444445,$0-1
226646,Preordain,Commander Legends,736,1041,926.58,0.68,1.29,0.46,89.70588235294117,-32.35294117647059,$0-1
660494,Sozin's Comet,Avatar: The Last Airbender,736,777,3013.05,3.34,3.99,2.2,19.46107784431139,-34.1317365269461,$2-5
238619,Urza's Saga,Modern Horizons 2,735,854,35875.67,43.11,54.99,37.45,27.557411273486437,-13.12920436093713,$20-50
688870,Knockout Maneuver,Secrets of Strixhaven: Mystical Archive,735,996,328.59,0.23,0.35,0.15,52.17391304347825,-34.78260869565218,$0-1
686672,Sylvan Library (Borderless),Special Guests,735,751,20008.27,27.82,32.99,26.03,18.583752695902234,-6.434219985621851,$20-50
4727,Hydroblast,Ice Age,735,1757,6634.8,4.13,6.49,3.54,57.14285714285715,-14.285714285714283,$2-5
544329,Arid Archway,Outlaws of Thunder Junction,734,1256,868.64,0.79,1.49,0.53,88.60759493670885,-32.91139240506329,$0-1
575273,Ghost Vacuum,Duskmourn: House of Horror,734,874,4071.97,3.58,5.49,2.93,53.35195530726258,-18.156424581005584,$2-5
668484,Lord of Atlantis (Borderless),Marvel Universe Eternal-Legal,734,821,3853.37,4.71,6.99,2.43,48.40764331210192,-48.407643312101904,$2-5
272931,"Jaheira, Friend of the Forest",Commander Legends: Battle for Baldur's Gate,734,753,7414.52,12.31,13.99,8.33,13.647441104792849,-32.331437855402115,$10-20
239824,Verdant Command,Modern Horizons 2,734,972,907.76,1.04,1.99,0.96,91.34615384615384,-7.692307692307699,$1-2
199001,Deafening Silence,Throne of Eldraine,733,940,2044.23,2.19,1.99,1.04,-9.1324200913242,-52.51141552511416,$2-5
560228,Alchemist's Talent,Commander: Bloomburrow,733,1156,3946.84,4.98,4.99,4.41,0.20080321285140132,-11.445783132530126,$2-5
559727,Exotic Orchard,Commander: Bloomburrow,733,954,298.2,0.24,0.49,0.15,104.16666666666667,-37.5,$0-1
499661,Basalt Monolith,Commander: The Lord of the Rings: Tales of Middle-earth,732,1114,3820.67,4.25,5.49,3.23,29.176470588235297,-24.0,$2-5
615236,Stock Up,Aetherdrift,732,1246,2850.66,1.33,3.49,0.17,162.406015037594,-87.21804511278197,$1-2
553290,Seething Landscape,Modern Horizons 3,732,1234,343.94,0.28,0.39,0.15,39.28571428571428,-46.42857142857144,$0-1
589324,"Arahbo, the First Fang",Foundations,732,954,2300.49,0.82,1.99,0.15,142.6829268292683,-81.70731707317073,$0-1
39492,Blighted Agent,New Phyrexia,732,970,1212.35,1.29,1.29,0.76,0.0,-41.08527131782946,$1-2
262458,"Light-Paws, Emperor's Voice",Kamigawa: Neon Dynasty,731,838,5070.58,3.29,5.99,3.43,82.06686930091186,4.255319148936175,$2-5
10350,Brightstone Ritual,Onslaught,731,838,1994.25,2.1,1.79,1.03,-14.761904761904765,-50.95238095238095,$2-5
577689,Hedge Shredder,Duskmourn: House of Horror,730,778,2232.83,3.09,3.99,1.95,29.126213592233025,-36.89320388349515,$2-5
631813,Endwalker - Brainstorm (Showcase),FINAL FANTASY: Through the Ages,730,871,1740.31,1.24,2.49,1.17,100.80645161290325,-5.645161290322586,$1-2
697411,Hulkbuster Armor,Commander: Marvel Super Heroes,730,842,5026.44,3.37,5.49,3.31,62.908011869436194,-1.7804154302670638,$2-5
238608,Marsh Flats,Modern Horizons 2,730,837,26385.95,32.0,39.99,29.68,24.968750000000007,-7.250000000000001,$20-50
122600,Inventors' Fair,Kaladesh,730,750,10751.36,16.85,21.99,13.86,30.50445103857565,-17.744807121661733,$10-20
498308,Cast into the Fire,Universes Beyond: The Lord of the Rings: Tales of Middle-earth,730,1545,1299.24,0.87,1.99,0.79,128.73563218390808,-9.19540229885057,$0-1
673562,"Leatherhead, Swamp Stalker",Teenage Mutant Ninja Turtles,729,1024,674.34,0.93,0.99,0.15,6.451612903225799,-83.87096774193549,$0-1
630712,"Tifa, Martial Artist",Commander: FINAL FANTASY,729,1330,1580.06,3.53,7.99,2.15,126.34560906515584,-39.09348441926346,$2-5
631316,Demolition Field,Commander: FINAL FANTASY,729,1413,459.13,0.29,0.59,0.15,103.44827586206897,-48.275862068965516,$0-1
697486,Path to Exile (Borderless) (0047),Marvel Universe Eternal-Legal,729,762,5459.4,6.99,7.99,5.19,14.306151645207438,-25.75107296137339,$5-10
689382,Bring to Light,Secrets of Strixhaven: Mystical Archive,728,828,427.38,0.37,0.49,0.15,32.432432432432435,-59.45945945945946,$0-1
687627,Stonecoil Serpent,Commander: Secrets of Strixhaven,728,1106,412.41,0.34,0.99,0.15,191.17647058823525,-55.88235294117647,$0-1
212115,Drannith Magistrate,Ikoria: Lair of Behemoths,728,795,11182.52,15.13,19.99,13.01,32.121612690019816,-14.0118968935889,$10-20
507208,Counterspell (Borderless),Commander Masters,728,972,2301.04,2.47,4.49,2.29,81.78137651821862,-7.287449392712557,$2-5
644618,Seam Rip,Edge of Eternities,727,1604,944.33,0.4,0.99,0.15,147.5,-62.5,$0-1
552729,Cursed Mirror,Modern Horizons 3,727,826,695.28,0.87,0.79,0.2,-9.19540229885057,-77.01149425287356,$0-1
670970,Mirrormind Crown,Lorwyn Eclipsed,727,1018,1269.55,0.81,0.99,0.26,22.222222222222214,-67.90123456790124,$0-1
552825,Invert Polarity,Modern Horizons 3,727,1084,628.88,0.44,1.29,0.15,193.18181818181822,-65.90909090909092,$0-1
625135,Jeskai Revelation,Tarkir: Dragonstorm,727,1005,3668.13,5.51,8.99,4.4,63.15789473684211,-20.145190562613422,$5-10
687702,"Oran-Rief, the Vastwood",Commander: Secrets of Strixhaven,727,1148,381.76,0.35,0.99,0.25,182.85714285714286,-28.571428571428566,$0-1
652081,Biorganic Carapace,Marvel's Spider-Man,727,845,368.98,0.41,0.49,0.15,19.512195121951226,-63.41463414634146,$0-1
