productId,name,set,transactions,units,gmv_sale,tcgplayer,cardkingdom,manapool,ck_pct,mp_pct,band
693022,The Mind Stone,Marvel Super Heroes,2301,2492,177420.29,57.53,79.99,62.52,39.040500608378224,8.673735442377893,$50-100
647302,The Soul Stone,Marvel's Spider-Man,1447,1503,138835.12,120.5,149.99,123.98,24.47302904564316,2.887966804979256,$100-200
660570,Badgermole Cub,Avatar: The Last Airbender,1308,1574,85413.69,50.34,79.99,49.72,58.89948351211758,-1.2316249503377126,$50-100
6883,Gaea's Cradle,Urza's Saga,59,62,83416.03,1622.57,2299.99,1042.0,41.7498166488965,-35.78089080902519,$200+
686637,Force of Will,Secrets of Strixhaven: Mystical Archive,1011,1072,79855.2,63.41,69.99,63.03,10.37691215896546,-0.5992745623718585,$50-100
1608,Volcanic Island,Revised Edition,85,99,72685.13,871.87,1399.99,677.3000000000001,60.57325059928659,-22.316400380790707,$200+
5382,Mox Diamond,Stronghold,62,67,69849.8,1128.58,1499.99,929.3,32.90949688989705,-17.657587410728524,$200+
686640,Force of Will (JP Alternate Art),Secrets of Strixhaven: Mystical Archive,345,356,67766.69,168.53,299.99,173.59,78.00391621669733,3.0024328012816723,$100-200
488270,The One Ring (Borderless) (LTR Bundle),Unique and Miscellaneous Promos,700,739,67037.19,88.96,129.99,125.02,46.12185251798564,40.53507194244605,$50-100
1599,Underground Sea,Revised Edition,69,81,66468.29,987.2,1299.99,731.11,31.6845623987034,-25.941045380875206,$200+
5129,Lion's Eye Diamond,Mirage,83,90,66115.17,816.91,949.99,781.5,16.290656253442855,-4.334626825476487,$200+
641734,Quantum Riddler,Edge of Eternities,1322,1862,65347.76,31.99,57.99,31.63,81.27539856205065,-1.1253516723976227,$20-50
686552,Vampiric Tutor,Secrets of Strixhaven: Mystical Archive,1013,1027,62963.15,56.05,59.99,57.31,7.02943800178413,2.247992863514728,$50-100
7357,Rhystic Study,Prophecy,1081,1168,62619.2,60.17,79.99,55.91,32.94000332391556,-7.079940169519702,$50-100
6323,Grim Monolith,Urza's Legacy,123,128,60958.36,471.52,549.99,376.57,16.641923990498817,-20.137003732609433,$200+
487805,The One Ring,Universes Beyond: The Lord of the Rings: Tales of Middle-earth,471,504,54063.35,103.11,119.99,101.94,16.37086606536708,-1.134710503345943,$100-200
689158,Emeritus of Woe,Secrets of Strixhaven,2444,2628,53654.09,12.17,14.99,11.45,23.171733771569436,-5.916187345932626,$10-20
240035,Esper Sentinel,Modern Horizons 2,853,905,52529.9,59.14,74.99,59.38,26.80081163341223,0.405816706121072,$50-100
498367,Orcish Bowmasters,Universes Beyond: The Lord of the Rings: Tales of Middle-earth,902,1051,50732.94,44.37,49.99,44.69,12.66621591165203,0.7212080234392615,$20-50
631015,Vivi Ornitier,FINAL FANTASY,1168,1292,49500.96,37.6,42.99,33.28,14.335106382978724,-11.48936170212766,$20-50
689151,Jeska's Will,Secrets of Strixhaven: Mystical Archive,979,987,49097.54,45.81,54.99,44.26,20.039292730844792,-3.3835407116350233,$20-50
700738,Doom Variant - Roaming Throne (Borderless),Marvel Universe Eternal-Legal,926,950,48228.45,53.1,69.99,54.88,31.807909604519764,3.3521657250470827,$50-100
36238,Mox Opal,Scars of Mirrodin,174,212,47972.49,247.8,279.99,227.83,12.990314769975786,-8.058918482647295,$200+
671005,Hexing Squelcher,Lorwyn Eclipsed,1999,2249,47272.12,20.98,29.99,18.39,42.94566253574832,-12.345090562440419,$20-50
632704,Buster Sword,FINAL FANTASY,1095,1115,46692.32,49.49,64.99,43.89,31.31945847645988,-11.315417256011317,$20-50
696296,"Mjolnir, Hammer of Thor",Marvel Super Heroes,1972,2168,45841.31,22.12,32.99,23.39,49.14104882459313,5.741410488245929,$20-50
660516,"Wan Shi Tong, Librarian",Avatar: The Last Airbender,985,1104,45162.86,36.45,59.99,36.44,64.58161865569272,-0.027434842249671094,$20-50
525238,Roaming Throne,The Lost Caverns of Ixalan,879,915,45155.52,51.72,57.99,46.59,12.122969837587014,-9.91879350348027,$50-100
71039,"Nykthos, Shrine to Nyx",Theros,829,874,44694.62,53.61,69.99,44.42,30.554001119194176,-17.142324193247525,$50-100
688651,Erode,Secrets of Strixhaven,3771,5161,44420.03,6.42,9.49,4.64,47.819314641744555,-27.725856697819317,$5-10
1595,Tropical Island,Revised Edition,86,95,44094.18,579.93,699.99,416.8,20.702498577414527,-28.129256979290595,$200+
1624,Wheel of Fortune,Revised Edition,136,136,43943.92,380.49,449.99,265.71,18.265920260716445,-30.166364424820635,$200+
183033,Smothering Tithe,Ravnica Allegiance,826,839,43753.43,50.15,69.99,51.34,39.56131605184446,2.372881355932213,$50-100
686555,Vampiric Tutor (JP Alternate Art),Secrets of Strixhaven: Mystical Archive,274,275,43407.91,107.24,129.99,109.41,21.214099216710196,2.023498694516973,$100-200
1597,Tundra,Revised Edition,75,93,43155.11,670.58,699.99,415.33,4.38575561454263,-38.064063944644936,$200+
282800,"Sheoldred, the Apocalypse",Dominaria United,414,436,42451.92,97.46,129.99,98.99,33.37779601887956,1.5698748204391557,$50-100
517451,The One Ring (Borderless Poster),Universes Beyond: The Lord of the Rings: Tales of Middle-earth,39,40,42229.61,795.5,1299.99,1099.31,63.41797611565053,38.19107479572595,$200+
643635,Ancient Tomb (0001) (Borderless),Edge of Eternities: Stellar Sights,352,356,42001.99,118.85,149.99,119.83,26.201093815734133,0.8245687841817451,$100-200
641733,Ouroboroid,Edge of Eternities,1094,1226,41896.74,34.63,42.99,30.21,24.140918278948885,-12.763499855616523,$20-50
696312,The Unbeatable Squirrel Girl,Marvel Super Heroes,3688,4253,41653.38,4.23,4.99,3.33,17.966903073286044,-21.276595744680858,$2-5
212302,The Ozolith,Ikoria: Lair of Behemoths,618,625,41394.88,65.59,79.99,57.31,21.954566244854384,-12.62387559079128,$50-100
697254,"Doctor Doom, Unrivaled",Commander: Marvel Super Heroes,493,505,41378.21,57.74,74.99,57.24,29.875303082784882,-0.8659508139937652,$50-100
262050,"Boseiju, Who Endures",Kamigawa: Neon Dynasty,738,794,40247.32,49.47,69.99,55.2,41.4796846573681,11.582777440873265,$20-50
696314,The Unbeatable Squirrel Girl (Borderless),Marvel Super Heroes,1402,1445,40163.43,13.79,13.99,11.43,1.4503263234227781,-17.113850616388685,$10-20
697546,The Fantasticar,Commander: Marvel Super Heroes,472,1320,40153.98,12.13,17.99,11.43,48.309975267930724,-5.7708161582852515,$10-20
162125,Mox Amber,Dominaria,448,482,39190.26,76.24,109.99,79.42,44.26810073452256,4.1710388247639125,$50-100
632052,Stay with Me - Rhystic Study (Showcase),FINAL FANTASY: Through the Ages,296,298,38885.53,106.12,139.99,108.35,31.916698077647947,2.1013946475687804,$100-200
5457,Ancient Tomb,Tempest,276,324,38528.53,122.88,159.99,111.37,30.20019531250001,-9.36686197916666,$100-200
671032,Hexing Squelcher (Showcase),Lorwyn Eclipsed,971,1032,38496.73,27.03,37.99,26.31,40.547539770625235,-2.6637069922308636,$20-50
7030,Serra's Sanctum,Urza's Saga,83,89,38452.96,500.6,599.99,356.57,19.854174990011984,-28.771474230922895,$200+
632705,Buster Sword (Borderless),FINAL FANTASY,377,383,37591.77,88.8,109.99,100.41,23.86261261261261,13.074324324324325,$50-100
644286,Icetill Explorer,Edge of Eternities,1900,2211,37394.02,14.78,21.99,14.77,48.78213802435724,-0.0676589986468186,$10-20
5615,Lotus Petal,Tempest,939,1154,37326.22,33.86,44.99,28.04,32.87064382752511,-17.188422917897224,$20-50
618887,Dragon of Mount Gulg - Ancient Copper Dragon (Showcase),FINAL FANTASY: Through the Ages,281,281,37192.89,99.13,139.99,103.15,41.218601835972976,4.055280944214678,$50-100
697204,"Loki, Lord of Misrule",Commander: Marvel Super Heroes,520,525,36970.73,58.64,79.99,58.86,36.40859481582536,0.3751705320600254,$50-100
5529,Earthcraft,Tempest,190,197,36203.26,279.86,349.99,197.98,25.058958050453796,-29.25748588580005,$200+
552863,Ocelot Pride,Modern Horizons 3,716,900,36022.15,41.39,54.99,40.79,32.85817830393815,-1.4496255134090394,$20-50
1339,Badlands,Revised Edition,82,91,35955.66,538.86,599.99,343.84000000000003,11.344319489292207,-36.191218498311244,$200+
238619,Urza's Saga,Modern Horizons 2,735,854,35875.67,43.11,54.99,37.45,27.557411273486437,-13.12920436093713,$20-50
688521,Flashback,Secrets of Strixhaven,3915,4968,35594.57,3.84,6.49,2.56,69.01041666666667,-33.33333333333333,$2-5
696349,The Ten Rings,Marvel Super Heroes,1899,2274,35517.26,17.4,24.99,17.71,43.62068965517242,1.781609195402312,$10-20
518155,"Sauron, the Dark Lord (Borderless Poster)",Universes Beyond: The Lord of the Rings: Tales of Middle-earth,69,69,35311.33,508.42,749.99,625.2,47.51386648833641,22.96919869399316,$200+
688679,Flow State,Secrets of Strixhaven,4218,7962,35152.65,1.81,3.49,0.62,92.81767955801105,-65.74585635359117,$1-2
5593,Intuition,Tempest,99,104,34624.8,356.55,449.99,338.65000000000003,26.206703127191133,-5.020333754031686,$200+
689345,Cyclonic Rift,Secrets of Strixhaven: Mystical Archive,917,926,33661.33,33.97,39.99,31.33,17.721518987341785,-7.771563143950547,$20-50
686601,Emeritus of Ideation,Secrets of Strixhaven,2343,2881,33634.76,5.25,7.99,4.62,52.1904761904762,-11.999999999999998,$5-10
686575,Improvisation Capstone,Secrets of Strixhaven,2229,2404,33561.75,10.47,16.99,9.37,62.27316141356254,-10.506208213944616,$10-20
541274,Polluted Delta,Modern Horizons 3,1349,1751,33437.93,19.77,27.99,18.97,41.578148710166914,-4.0465351542741566,$10-20
660571,Badgermole Cub (Borderless),Avatar: The Last Airbender,390,424,32929.07,68.42,89.99,69.5,31.52586962876351,1.5784858228588106,$50-100
130149,Anointed Procession,Amonkhet,591,598,32787.74,58.24,69.99,51.52,20.17513736263735,-11.538461538461537,$50-100
697268,Ultron the Annihilator,Commander: Marvel Super Heroes,537,539,32483.51,47.06,54.99,45.2,16.850828729281766,-3.952401189970249,$20-50
238610,Scalding Tarn,Modern Horizons 2,723,843,32081.95,38.39,42.99,39.66,11.982287053920295,3.3081531648866793,$20-50
630950,"Sephiroth, Fabled SOLDIER",FINAL FANTASY,886,953,31940.09,31.65,34.99,26.05,10.552922590837294,-17.693522906793042,$20-50
4416,Survival of the Fittest,Exodus,87,91,31934.16,399.96,599.99,304.40000000000003,50.01250125012502,-23.89238923892388,$200+
1585,Taiga,Revised Edition,91,98,31917.08,425.39,449.99,265.11,5.782928606690336,-37.67836573497261,$200+
1527,Plateau,Revised Edition,94,107,31836.74,375.77,399.99,258.74,6.445432046198481,-31.144050882188566,$200+
631871,Vivi Ornitier (Borderless),FINAL FANTASY,314,319,31636.96,81.61,99.99,82.31,22.52174978556549,0.857738022301192,$50-100
623894,"Ugin, Eye of the Storms",Tarkir: Dragonstorm,633,755,31543.68,41.76,64.99,41.19,55.627394636015325,-1.364942528735633,$20-50
238609,Misty Rainforest,Modern Horizons 2,781,895,31538.45,36.34,42.99,36.2,18.299394606494214,-0.3852504127683009,$20-50
589328,Bloodthirsty Conqueror,Foundations,851,897,31536.51,39.76,42.99,32.3,8.123742454728381,-18.762575452716302,$20-50
509562,Smothering Tithe (Anime Borderless),Wilds of Eldraine: Enchanting Tales,142,142,31506.04,208.35,229.99,205.56,10.386369090472769,-1.3390928725701907,$200+
504495,Deflecting Swat (Borderless),Commander Masters,255,259,31407.63,103.43,139.99,103.15,35.347578072126076,-0.2707144928937456,$100-200
212191,Deflecting Swat,Commander 2020,482,485,31377.17,65.78,99.99,67.73,52.00668896321069,2.96442687747036,$50-100
541275,Bloodstained Mire,Modern Horizons 3,1308,1754,31099.03,18.51,23.99,17.01,29.60561858454887,-8.103727714748784,$10-20
212218,Fierce Guardianship,Commander 2020,556,573,30911.99,54.83,84.99,57.17,55.00638336677001,4.267736640525266,$50-100
657764,Doubling Season (Borderless),Teenage Mutant Ninja Turtles Source Material,1019,1060,30851.81,30.24,34.99,30.34,15.70767195767197,0.3306878306878354,$20-50
498425,Orcish Bowmasters (Borderless),Universes Beyond: The Lord of the Rings: Tales of Middle-earth,470,506,30840.34,55.92,57.99,52.08,3.7017167381974256,-6.866952789699576,$50-100
238607,Arid Mesa,Modern Horizons 2,803,940,30609.27,27.51,42.99,28.13,56.27044711014177,2.2537259178480458,$20-50
273001,Ancient Copper Dragon,Commander Legends: Battle for Baldur's Gate,270,273,30369.32,109.72,149.99,110.44,36.7025154939847,0.6562158220925983,$100-200
190647,Force of Negation,Modern Horizons,454,598,30257.39,52.63,69.99,54.18,32.984989549686475,2.945088352650574,$50-100
4303,City of Traitors,Exodus,61,62,29828.88,539.19,649.99,512.65,20.549342532316984,-4.922198111982802,$200+
697383,Devil Dinosaur,Commander: Marvel Super Heroes,653,661,29813.43,41.78,44.99,40.01,7.683101962661562,-4.23647678314984,$20-50
1388,Demonic Tutor,Revised Edition,560,576,29789.94,66.79,79.99,43.76,19.763437640365307,-34.48120976194042,$50-100
1342,Bayou,Revised Edition,73,81,29753.39,457.17,549.99,299.86,20.30316949931098,-34.40951943478356,$200+
696412,T'Challa's Protection - Teferi's Protection (Borderless),Marvel Universe Eternal-Legal,797,849,29590.33,33.22,37.99,34.72,14.35881998795907,4.515352197471403,$20-50
5170,Phyrexian Dreadnought,Mirage,91,113,28695.21,279.42,349.99,203.19,25.255887194903725,-27.281511702812978,$200+
558355,Three Tree City,Bloomburrow,1102,1162,28672.54,26.61,34.99,26.9,31.491920330702754,1.0898158586997337,$20-50
630959,"Sephiroth, Fabled SOLDIER (0317) (Borderless)",FINAL FANTASY,298,303,28483.51,70.99,99.99,66.47,40.850824059726726,-6.367093956895332,$50-100
590858,Doubling Season,Foundations,855,871,28482.04,33.13,42.99,30.21,29.76154542710534,-8.813763960156962,$20-50
1552,Savannah,Revised Edition,85,94,28251.48,403.73,449.99,250.55,11.458152725831617,-37.94119832561365,$200+
498456,Balin's Tomb - Ancient Tomb (Borderless),Commander: The Lord of the Rings: Tales of Middle-earth,155,159,28123.71,181.11,199.99,182.99,10.424603831925346,1.0380431781790047,$100-200
662549,The Walls of Ba Sing Se,Avatar: The Last Airbender,1098,1136,28108.07,22.92,34.99,20.84,52.661431064572426,-9.07504363001746,$20-50
509566,Rhystic Study (Anime Borderless),Wilds of Eldraine: Enchanting Tales,145,147,27813.25,161.63,199.99,151.09,23.73321784322218,-6.521066633669487,$100-200
1556,Scrubland,Revised Edition,74,77,27448.33,435.57,499.99,313.63,14.789815643868955,-27.995500149229745,$200+
696581,"Ultron, Artificial Malevolence",Marvel Super Heroes,1850,2084,27391.69,12.69,19.99,13.35,57.52561071710007,5.200945626477543,$10-20
689348,Cyclonic Rift (JP Alternate Art),Secrets of Strixhaven: Mystical Archive,256,257,27317.3,86.6,109.99,86.48,27.00923787528869,-0.1385681293302429,$50-100
697332,The Vision and Scarlet Witch,Commander: Marvel Super Heroes,396,402,27280.02,58.05,74.99,51.7,29.181739879414298,-10.938845822566744,$50-100
689106,Germination Practicum,Secrets of Strixhaven,2296,2502,27255.53,10.26,9.99,8.33,-2.6315789473684172,-18.81091617933723,$10-20
541277,Wooded Foothills,Modern Horizons 3,1330,1621,27216.12,16.47,23.99,15.78,45.65877352762599,-4.189435336976318,$10-20
499456,Mithril Coat,Universes Beyond: The Lord of the Rings: Tales of Middle-earth,902,922,26544.4,31.19,42.99,28.57,37.832638666239184,-8.40012824623277,$20-50
659479,"Jin Sakai, Ghost of Tsushima",Secret Lair Drop Series,187,225,26428.31,115.4,109.99,118.74,-4.6880415944540825,2.8942807625649816,$100-200
660517,"Wan Shi Tong, Librarian (Borderless)",Avatar: The Last Airbender,322,332,26413.35,62.14,79.99,64.97,28.725458641776626,4.554232378500158,$50-100
238608,Marsh Flats,Modern Horizons 2,730,837,26385.95,32.0,39.99,29.68,24.968750000000007,-7.250000000000001,$20-50
614390,Chrome Mox (Borderless),Special Guests,141,141,26100.49,174.59,179.99,175.88,3.092960650667281,0.7388739332149562,$100-200
630968,"Sephiroth, Fabled SOLDIER (0382) (Borderless)",FINAL FANTASY,330,335,26004.37,64.35,79.99,59.91,24.304584304584306,-6.899766899766897,$50-100
687438,Land Tax,Commander: Secrets of Strixhaven,1465,1781,25895.59,15.57,18.99,13.94,21.965317919075133,-10.468850353243422,$10-20
696535,Jennifer Walters,Marvel Super Heroes,1696,2036,25879.83,11.87,17.99,11.42,51.558550968828975,-3.7910699241785957,$10-20
696582,"Ultron, Artificial Malevolence (Borderless) (0344)",Marvel Super Heroes,776,788,25848.48,24.21,32.99,20.82,36.26600578273441,-14.002478314745975,$20-50
591214,Hare Apparent,Foundations,2181,8091,25803.42,2.32,3.49,0.91,50.43103448275864,-60.775862068965516,$2-5
696324,King T'Challa,Marvel Super Heroes,1705,2136,25784.7,11.7,18.99,9.46,62.30769230769231,-19.145299145299134,$10-20
673653,"Krang, Utrom Warlord",Teenage Mutant Ninja Turtles,1405,1477,25680.86,22.7,23.99,21.47,5.6828193832599085,-5.4185022026431735,$20-50
498414,Delighted Halfling,Universes Beyond: The Lord of the Rings: Tales of Middle-earth,918,970,25645.12,29.32,37.99,26.03,29.570259208731247,-11.22100954979536,$20-50
662085,Urza's Saga,Secret Lair Countdown Kit,299,340,25592.79,63.45,69.99,59.38,10.307328605200933,-6.414499605988968,$50-100
552631,Warren Soultrader,Modern Horizons 3,1700,1858,25367.76,14.84,20.99,14.18,41.442048517520206,-4.447439353099732,$10-20
226653,Jeska's Will,Commander Legends,587,615,25352.2,39.0,49.99,39.9,28.179487179487182,2.307692307692304,$20-50
218602,Mox Opal,Double Masters,87,105,25301.81,247.48,249.99,229.17,1.0142233715855904,-7.3985776628414435,$200+
686619,"Witherbloom, the Balancer (Borderless)",Secrets of Strixhaven,780,784,25290.45,13.64,14.99,11.45,9.897360703812314,-16.05571847507332,$10-20
6209,Metalworker,Urza's Destiny,143,154,25289.12,198.18,199.99,148.46,0.9133111312947837,-25.088303562418,$100-200
541276,Flooded Strand,Modern Horizons 3,1331,1668,25288.58,15.96,19.99,14.58,25.250626566416024,-8.646616541353389,$10-20
657755,Super Shredder,Teenage Mutant Ninja Turtles,1080,1210,25268.64,19.3,21.99,18.75,13.93782383419688,-2.8497409326424905,$10-20
451975,Mox Amber,The Brothers' War: Retro Frame Artifacts,266,277,25234.59,80.21,109.99,81.83,37.127540206956745,2.0196982919835493,$50-100
553302,Urza's Incubator,Modern Horizons 3,1353,1456,25186.66,18.86,19.99,17.87,5.991516436903495,-5.249204665959695,$10-20
5412,Sliver Queen,Stronghold,98,101,25153.84,295.04,299.99,194.31,1.677738611713662,-34.14113340563992,$200+
239857,"Ragavan, Nimble Pilferer",Modern Horizons 2,453,523,24999.77,43.02,54.99,44.72,27.824267782426777,3.9516503951650295,$20-50
623882,"Elspeth, Storm Slayer",Tarkir: Dragonstorm,591,606,24933.87,40.23,49.99,35.93,24.26050211285112,-10.688540889883164,$20-50
658468,Aerith Gainsborough,Pro Tour Promos,83,85,24899.6,279.05,329.99,255.27,18.254793047840888,-8.521770292062355,$200+
504494,Deflecting Swat,Commander Masters,353,362,24716.89,66.56,99.99,67.03,50.22536057692306,0.7061298076923059,$50-100
552582,Sink into Stupor,Modern Horizons 3,2654,3599,24673.06,5.74,9.99,5.3100000000000005,74.0418118466899,-7.4912891986062675,$5-10
623897,Voice of Victory,Tarkir: Dragonstorm,1063,1232,24642.83,17.44,27.99,15.63,60.49311926605503,-10.378440366972479,$10-20
615741,Monument to Endurance,Aetherdrift,1225,1330,24474.03,20.7,29.99,17.66,44.87922705314009,-14.685990338164249,$20-50
696438,"Wolverine, Best There Is (Borderless)",Marvel Universe Eternal-Legal,845,849,24370.85,23.87,27.99,25.76,17.260159195643055,7.917888563049856,$20-50
656711,Steam Vents,Lorwyn Eclipsed,1678,2031,24236.45,13.87,16.99,10.68,22.494592645998555,-22.999279019466474,$10-20
525241,Roaming Throne (Borderless),The Lost Caverns of Ixalan,479,490,23833.89,43.67,57.99,46.46,32.79138997023128,6.388825280512936,$20-50
238611,Verdant Catacombs,Modern Horizons 2,727,779,23756.19,27.16,37.99,29.12,39.87481590574375,7.216494845360828,$20-50
698015,Molecule Man,Commander: Marvel Super Heroes,586,739,23560.53,18.06,17.99,17.29,-0.3875968992248078,-4.263565891472866,$10-20
670957,Chronicle of Victory,Lorwyn Eclipsed,1106,1195,23468.74,19.93,29.99,19.79,50.47666833918715,-0.7024586051179156,$10-20
687542,Sol Ring,Commander: Secrets of Strixhaven,3436,8498,23317.87,1.59,2.79,1.4,75.47169811320754,-11.949685534591206,$1-2
11467,Chrome Mox,Mirrodin,157,161,23304.08,177.38,179.99,145.88,1.4714172962002559,-17.75848460931334,$100-200
686613,"Witherbloom, the Balancer",Secrets of Strixhaven,2033,2192,23054.02,4.08,5.49,3.11,34.55882352941177,-23.774509803921575,$2-5
5226,Shallow Grave,Mirage,209,288,22980.25,99.75,179.99,101.12,80.44110275689223,1.3734335839599043,$50-100
697490,Patriotic Shield - Sword of Fire and Ice (Borderless),Marvel Universe Eternal-Legal,761,775,22647.77,25.79,32.99,25.25,27.917797595967443,-2.093834819697554,$20-50
135074,Torment of Hailfire,Hour of Devastation,563,569,22555.69,37.94,49.99,37.13,31.76067474960465,-2.134949920927768,$20-50
686600,Professor Dellian Fel,Secrets of Strixhaven,1865,2303,22433.9,4.38,6.99,3.64,59.589041095890416,-16.89497716894977,$2-5
525752,Exquisite Blood,Commander: The Lost Caverns of Ixalan,640,654,22427.04,36.45,42.99,34.64,17.942386831275716,-4.965706447187934,$20-50
696274,"Loki, God of Mischief",Marvel Super Heroes,2184,4095,22407.65,2.59,5.99,2.17,131.2741312741313,-16.216216216216214,$2-5
660581,"Toph, Earthbending Master",Avatar: The Last Airbender: Eternal-Legal,540,541,22342.12,36.65,54.99,35.35,50.040927694406555,-3.5470668485675234,$20-50
633136,The Earth Crystal,FINAL FANTASY,1701,1776,22255.09,12.13,17.99,11.72,48.309975267930724,-3.3800494641385006,$10-20
689155,Jeska's Will (JP Alternate Art),Secrets of Strixhaven: Mystical Archive,256,256,22253.45,82.18,94.99,83.54,15.587734241907992,1.6549038695546352,$50-100
3330,Transmute Artifact,Antiquities,58,63,22242.0,396.5,649.99,324.67,63.931904161412355,-18.116015132408574,$200+
662054,Phyrexian Altar,Secret Lair Countdown Kit,386,396,22215.79,60.18,64.99,58.43,7.992688600864066,-2.90794283815221,$50-100
553235,Talon Gates of Madara,Commander: Modern Horizons 3,783,1161,22209.65,28.77,29.99,27.92,4.240528328119566,-2.9544664581160855,$20-50
630870,"Cloud, Midgar Mercenary",FINAL FANTASY,976,1033,22037.16,21.62,24.99,19.78,15.58741905642922,-8.510638297872338,$20-50
262051,"Boseiju, Who Endures (Borderless)",Kamigawa: Neon Dynasty,232,236,21935.02,66.32,94.99,66.08,43.229794933655015,-0.3618817852834664,$50-100
448904,Chrome Mox,Secret Lair Countdown Kit,100,104,21841.41,187.01,179.99,187.56,-3.7538099566867986,0.2941019196834455,$100-200
222103,Malakir Rebirth,Zendikar Rising,1432,1568,21826.46,12.7,16.99,12.52,33.77952755905511,-1.4173228346456672,$10-20
162175,Rat Colony,Dominaria,797,3421,21823.39,5.62,7.49,5.09,33.27402135231317,-9.43060498220641,$5-10
6232,Replenish,Urza's Destiny,108,119,21656.82,225.1,199.99,125.02,-11.15504220346512,-44.460239893380724,$200+
630917,Summon: Bahamut,FINAL FANTASY,943,984,21577.96,23.76,32.99,20.63,38.84680134680135,-13.173400673400684,$20-50
262434,"Otawara, Soaring City",Kamigawa: Neon Dynasty,688,708,21503.08,27.69,42.99,29.99,55.25460455037919,8.30624774286745,$20-50
544392,"Bristly Bill, Spine Sower",Outlaws of Thunder Junction,474,502,21486.9,41.82,49.99,40.1,19.536107125777143,-4.112864658058343,$20-50
638912,Sacred Foundry,Edge of Eternities,1563,1835,21465.02,10.13,14.99,9.37,47.976307996051325,-7.502467917078001,$10-20
660577,The Banyan Tree - The Great Henge (Borderless),Avatar: The Last Airbender: Eternal-Legal,343,343,21398.41,59.04,89.99,60.43,52.4220867208672,2.354336043360435,$50-100
697059,"Shang-Chi, Master of Kung Fu",Marvel Super Heroes,1569,1937,21389.37,9.99,17.99,10.3,80.08008008008007,3.103103103103108,$5-10
614418,Riverpyre Verge,Aetherdrift,738,938,21297.7,20.41,27.99,20.0,37.138657520823116,-2.0088192062714363,$20-50
648709,Redirect Lightning,Avatar: The Last Airbender,1682,1839,21253.16,12.22,17.99,10.3,47.21767594108018,-15.71194762684124,$10-20
188701,Finale of Devastation,War of the Spark,415,421,21229.31,46.84,69.99,44.46,49.42356959863363,-5.081127241673789,$20-50
697485,Heaven-Sent Marvel - Archangel of Thune (Borderless),Marvel Universe Eternal-Legal,895,958,21203.73,19.46,19.99,19.01,2.7235354573483943,-2.3124357656731718,$10-20
218603,Mox Opal (Borderless),Double Masters,54,55,21177.5,375.63,399.99,307.39,6.485105023560422,-18.166813087346593,$200+
686599,"Prismari, the Inspiration",Secrets of Strixhaven,2174,2276,21160.16,4.07,4.99,3.12,22.6044226044226,-23.34152334152334,$2-5
688950,Decorum Dissertation,Secrets of Strixhaven,2089,2268,21140.21,6.97,8.49,5.21,21.807747489239606,-25.251076040172165,$5-10
490390,"Etali, Primal Conqueror",March of the Machine,586,591,21072.89,33.04,42.99,33.08,30.11501210653754,0.12106537530266086,$20-50
641757,Quantum Riddler (Borderless),Edge of Eternities,327,415,21012.0,42.46,64.99,41.68,53.06170513424397,-1.8370230805463992,$20-50
525381,Hunting Velociraptor (Borderless),Universes Beyond: Jurassic World Collection,285,286,20999.2,74.13,74.99,66.96000000000001,1.160124106299743,-9.672197490894359,$50-100
233371,Demonic Tutor,Strixhaven: Mystical Archive,233,237,20956.78,79.26,94.99,67.05,19.846076204895265,-15.404996214988653,$50-100
687365,Faerie Mastermind,Commander: Secrets of Strixhaven,1628,1949,20938.11,11.92,15.99,10.6,34.144295302013425,-11.073825503355707,$10-20
679211,Donnie's Bo - Shadowspear (Borderless),Teenage Mutant Ninja Turtles Source Material,1026,1093,20630.22,19.81,27.99,20.6,41.29227662796568,3.9878849066128352,$10-20
517603,Cavern of Souls (0269),The Lost Caverns of Ixalan,372,404,20571.35,47.56,54.99,45.66,15.622371740958787,-3.9949537426408868,$20-50
509518,Rhystic Study,Wilds of Eldraine: Enchanting Tales,221,237,20558.16,82.79,84.99,80.35000000000001,2.6573257639811434,-2.947215847324553,$50-100
697396,"Tippy-Toe, Terrific Partner",Commander: Marvel Super Heroes,1244,1284,20538.62,6.05,9.49,5.19,56.85950413223141,-14.214876033057841,$5-10
518158,Tom Bombadil (Borderless Poster),Universes Beyond: The Lord of the Rings: Tales of Middle-earth,71,72,20506.09,268.08,329.99,316.37,23.09385258131902,18.01327961802448,$200+
552852,Phyrexian Tower,Modern Horizons 3,719,788,20470.09,27.8,39.99,25.47,43.84892086330935,-8.381294964028783,$20-50
696304,"Mjolnir, Hammer of Thor (Borderless) (0339)",Marvel Super Heroes,466,471,20463.94,41.84,59.99,41.66,43.37954110898661,-0.4302103250478174,$20-50
98395,Mox Opal,Modern Masters 2015,77,89,20346.87,234.22,299.99,207.09,28.080437195798822,-11.583126974639226,$200+
696671,Cosmic Cube,Marvel Super Heroes,1737,1952,20320.85,12.43,17.99,11.46,44.73049074818986,-7.803700724054698,$10-20
697431,Swordsman's Steel,Commander: Marvel Super Heroes,799,842,20310.72,20.11,23.99,18.65,19.293883639980105,-7.260069617105922,$20-50
91106,"Urborg, Tomb of Yawgmoth",Magic 2015 (M15),351,353,20276.54,54.52,79.99,55.29,46.71680117388113,1.412325752017601,$50-100
686615,"Prismari, the Inspiration (Borderless)",Secrets of Strixhaven,865,869,20126.49,11.19,9.49,8.44,-15.192135835567466,-24.575513851653263,$10-20
638914,Watery Grave,Edge of Eternities,1630,1870,20053.46,9.56,15.99,9.33,67.25941422594141,-2.405857740585778,$5-10
686672,Sylvan Library (Borderless),Special Guests,735,751,20008.27,27.82,32.99,26.03,18.583752695902234,-6.434219985621851,$20-50
638908,"Tezzeret, Cruel Captain",Edge of Eternities,880,1032,19930.12,19.88,27.99,17.45,40.794768611670015,-12.223340040241448,$10-20
276288,Imperial Seal,Double Masters 2022,125,125,19913.67,158.52,229.99,157.08,45.085793590714104,-0.9084027252081741,$100-200
656667,Formidable Speaker,Lorwyn Eclipsed,1721,2209,19911.64,8.11,10.99,7.18,35.51171393341555,-11.467324290998764,$5-10
589354,Mossborn Hydra,Foundations,1334,1548,19895.87,12.09,15.99,8.33,32.25806451612904,-31.100082712985937,$10-20
199361,The Great Henge,Throne of Eldraine,303,310,19891.63,62.61,84.99,61.49,35.74508864398658,-1.7888516211467778,$50-100
656812,Vivi's Persistence (Borderless),Commander: FINAL FANTASY,480,485,19832.86,43.26,79.99,54.43,84.90522422561257,25.820619509939903,$20-50
541272,Windswept Heath,Modern Horizons 3,1384,1690,19673.34,11.36,14.99,10.94,31.954225352112687,-3.6971830985915486,$10-20
4183,Lake of the Dead,Alliances,173,198,19634.27,116.89,139.99,69.02,19.76216956112585,-40.953032765848235,$100-200
499326,"The Dead Marshes - Urborg, Tomb of Yawgmoth (Borderless)",Commander: The Lord of the Rings: Tales of Middle-earth,157,158,19578.51,121.51,179.99,119.83,48.12772611307711,-1.3826022549584451,$100-200
630919,Summon: Bahamut (Borderless),FINAL FANTASY,340,342,19547.98,48.56,57.99,47.93,19.41927512355848,-1.297364085667221,$20-50
589380,Twinflame Tyrant,Foundations,741,758,19497.32,24.51,37.99,23.94,54.997960016319865,-2.3255813953488382,$20-50
641799,Gemstone Caverns (0016) (Borderless),Edge of Eternities: Stellar Sights,330,334,19426.56,56.12,74.99,58.26,33.62437633642195,3.813257305773344,$50-100
478276,"Mondrak, Glory Dominus",Phyrexia: All Will Be One,430,435,19412.89,41.76,54.99,44.1,31.68103448275863,5.603448275862077,$20-50
656687,Blood Crypt,Lorwyn Eclipsed,1740,2041,19317.79,9.43,12.99,9.1,37.751855779427366,-3.4994697773064694,$5-10
688836,Akroma's Will,Secrets of Strixhaven: Mystical Archive,990,1011,19314.19,17.13,20.99,15.89,22.533566841798013,-7.238762405137178,$10-20
206978,Shadowspear,Theros Beyond Death,598,604,19286.27,31.31,39.99,28.86,27.722772277227737,-7.8249760459916935,$20-50
656652,Bitterbloom Bearer,Lorwyn Eclipsed,1060,1128,19235.59,15.44,21.99,15.61,42.42227979274611,1.1010362694300513,$10-20
697325,"Nico Minoru, Runaway",Commander: Marvel Super Heroes,472,474,18995.34,32.92,42.99,31.78,30.589307411907658,-3.4629404617253967,$20-50
240037,Solitude,Modern Horizons 2,384,522,18991.33,34.22,47.99,38.29,40.239625949737004,11.893629456458212,$20-50
31833,Violent Outburst,Alara Reborn,1065,2852,18955.79,3.75,5.99,1.4,59.73333333333334,-62.66666666666667,$2-5
689159,Emeritus of Woe (Extended Art),Secrets of Strixhaven,585,599,18928.64,17.98,20.99,17.7,16.740823136818676,-1.5572858731924424,$10-20
222038,Sea Gate Restoration,Zendikar Rising,446,507,18845.39,40.06,49.99,38.55,24.78781827259111,-3.76934598102847,$20-50
533402,"Delney, Streetwise Lookout",Murders at Karlov Manor,498,507,18812.82,34.1,44.99,31.26,31.93548387096774,-8.328445747800586,$20-50
179473,Ancient Tomb,Ultimate Masters,143,145,18772.9,135.94,139.99,125.04,2.9792555539208556,-8.018243342651163,$100-200
488276,The One Ring (Extended Art),Universes Beyond: The Lord of the Rings: Tales of Middle-earth,128,142,18757.17,128.55,139.99,129.98,8.899260987942432,1.1124076234927873,$100-200
656712,Steam Vents (Borderless),Lorwyn Eclipsed,860,951,18726.93,16.02,22.99,14.83,43.50811485642946,-7.428214731585515,$10-20
688899,Culling the Weak,Secrets of Strixhaven: Mystical Archive,1710,1765,18706.38,10.35,9.99,7.37,-3.478260869565212,-28.792270531400966,$10-20
638910,Breeding Pool,Edge of Eternities,1535,1755,18685.54,9.52,15.99,9.25,67.9621848739496,-2.8361344537815083,$5-10
230903,"Birgi, God of Storytelling",Kaldheim,566,573,18645.22,34.13,44.99,31.78,31.819513624377375,-6.885438031057724,$20-50
272901,Displacer Kitten,Commander Legends: Battle for Baldur's Gate,514,533,18534.59,31.35,34.99,28.46,11.610845295055823,-9.218500797448167,$20-50
276291,Mana Vault,Double Masters 2022,157,166,18520.42,116.3,139.99,111.3,20.369733447979375,-4.299226139294927,$100-200
633976,Knights of San d'Oria - Ranger-Captain of Eos (Showcase),FINAL FANTASY: Through the Ages,313,331,18515.65,38.53,57.99,44.51,50.50609914352453,15.520373734752132,$20-50
512510,Agatha's Soul Cauldron,Wilds of Eldraine,449,497,18463.87,38.3,42.99,36.45,12.24543080939949,-4.830287206266304,$20-50
631607,Starting Town,FINAL FANTASY,1330,1678,18459.22,7.85,10.99,7.81,40.00000000000001,-0.509554140127389,$5-10
656709,Overgrown Tomb,Lorwyn Eclipsed,1624,1919,18407.29,9.33,13.99,7.81,49.94640943193998,-16.29153269024652,$5-10
544246,Mana Drain,Outlaws of Thunder Junction: Breaking News,347,349,18352.84,47.89,74.99,50.32,56.588014199206505,5.074128210482354,$20-50
552306,Ruby Medallion,Modern Horizons 3,1342,1516,18321.71,13.79,18.99,11.44,37.70848440899202,-17.04133430021755,$10-20
4146,Force of Will,Alliances,212,266,18290.17,72.34,89.99,62.13,24.398672933370182,-14.113906552391487,$50-100
6886,Gilded Drake,Urza's Saga,105,107,18281.51,198.32,279.99,137.53,41.18091972569585,-30.652480839048003,$100-200
276329,Imperial Seal (Borderless),Double Masters 2022,96,97,18258.96,174.9,229.99,170.73,31.497998856489424,-2.384219554030884,$100-200
689056,Cauldron of Essence,Secrets of Strixhaven,3767,4333,18222.39,3.53,3.99,2.61,13.031161473087833,-26.062322946175637,$2-5
696417,Simulacrum Synthesizer (Borderless),Marvel Universe Eternal-Legal,840,892,18177.38,19.32,29.99,18.74,55.22774327122152,-3.0020703933747503,$10-20
552830,Fanatic of Rhonas,Modern Horizons 3,1753,2027,18100.09,13.97,16.99,13.49,21.61775232641373,-3.435934144595565,$10-20
589389,Scythecat Cub,Foundations Jumpstart,551,651,18019.33,24.63,32.99,22.35,33.942346731628106,-9.25700365408038,$20-50
630929,Traveling Chocobo,FINAL FANTASY,885,950,18005.69,19.44,21.99,17.76,13.117283950617267,-8.641975308641973,$10-20
688843,Awaken the Woods,Secrets of Strixhaven: Mystical Archive,961,980,17997.36,14.18,18.99,14.32,33.92101551480958,0.9873060648801169,$10-20
590679,"Rev, Tithe Extractor (Anime)",Foundations Jumpstart,638,688,17984.62,21.05,32.99,19.01,56.722090261282666,-9.691211401425173,$20-50
673622,Cool but Rude,Teenage Mutant Ninja Turtles,2318,2758,17976.62,8.6,12.99,7.8,51.04651162790699,-9.302325581395348,$5-10
504561,Fierce Guardianship,Commander Masters,302,311,17937.86,56.21,84.99,53.120000000000005,51.20085394057996,-5.497242483543847,$50-100
6303,Deranged Hermit,Urza's Legacy,212,233,17875.15,87.62,89.99,67.71000000000001,2.704861903674949,-22.72312257475462,$50-100
552333,"Tamiyo, Inquisitive Student",Modern Horizons 3,673,977,17836.42,16.24,24.99,13.57,53.879310344827594,-16.440886699507377,$10-20
668460,Bruce Banner,Marvel Super Heroes,1640,1860,17821.85,6.42,9.99,5.72,55.60747663551402,-10.903426791277262,$5-10
273003,Ancient Copper Dragon (Borderless),Commander Legends: Battle for Baldur's Gate,118,118,17694.45,140.92,179.99,133.11,27.724950326426356,-5.542151575361889,$100-200
641725,Exalted Sunborn,Edge of Eternities,997,1128,17658.28,14.51,20.99,12.5,44.65885596140592,-13.852515506547208,$10-20
660518,Force of Negation (Borderless),Avatar: The Last Airbender: Eternal-Legal,346,367,17608.52,46.85,64.99,46.84,38.71931696905014,-0.021344717182493086,$20-50
656781,Flash Photography (Borderless),Commander: FINAL FANTASY,483,513,17573.75,40.37,64.99,55.95,60.98588060440922,38.593014614813,$20-50
517252,Call Forth the Tempest (Borderless),Commander: The Lord of the Rings: Tales of Middle-earth,507,523,17551.87,37.12,49.99,39.89,34.67133620689656,7.46228448275863,$20-50
240036,Esper Sentinel (Showcase),Modern Horizons 2,287,291,17505.38,60.18,74.99,58.95,24.609504818876697,-2.043868394815548,$50-100
66473,Cyclonic Rift,Return to Ravnica,569,583,17398.19,29.56,39.99,28.08,35.28416779431666,-5.006765899864684,$20-50
122709,Aetherflux Reservoir,Kaladesh,765,773,17389.85,20.05,27.99,19.95,39.60099750623441,-0.49875311720698967,$20-50
631072,"Sephiroth, the Savior - Atraxa, Grand Unifier (Showcase)",FINAL FANTASY: Through the Ages,302,335,17383.26,27.01,39.99,31.78,48.056275453535726,17.66012587930396,$20-50
686578,Improvisation Capstone (Borderless),Secrets of Strixhaven,807,838,17381.03,13.31,18.99,11.81,42.6746806912096,-11.269722013523666,$10-20
505763,Fierce Guardianship (Borderless),Commander Masters,206,208,17368.6,68.33,89.99,72.2,31.699107273525534,5.663690911751799,$50-100
227008,Mana Drain,Commander Legends,319,330,17286.31,53.38,74.99,53.16,40.48332708879729,-0.41213937804422246,$50-100
658469,"Kratos, God of War",Secret Lair Drop Series,275,322,17148.87,51.25,49.99,52.08,-2.45853658536585,1.6195121951219478,$50-100
624002,Scalding Tarn (Borderless),Special Guests,192,203,17032.0,72.21,84.99,67.61,17.698379725799754,-6.370308821492861,$50-100
578080,Enduring Vitality,Duskmourn: House of Horror,1598,1755,16990.36,16.73,17.99,14.5,7.531380753138063,-13.329348475791994,$10-20
638911,Godless Shrine,Edge of Eternities,1493,1709,16972.04,8.64,12.99,7.52,50.34722222222221,-12.962962962962973,$5-10
206926,Thassa's Oracle,Theros Beyond Death,722,734,16967.32,23.72,27.99,19.79,18.001686340640806,-16.568296795952783,$20-50
524230,"Ojer Taq, Deepest Foundation",The Lost Caverns of Ixalan,531,543,16960.76,29.76,39.99,23.22,34.375,-21.97580645161291,$20-50
562746,Enduring Tenacity,Duskmourn: House of Horror,1352,1422,16929.23,12.07,15.99,12.1,32.47721623860812,0.24855012427505685,$10-20
671525,Wistfulness,Lorwyn Eclipsed,1367,1810,16909.52,6.87,14.99,6.92,118.19505094614267,0.7278020378457034,$5-10
524414,Bloodletter of Aclazotz,The Lost Caverns of Ixalan,428,457,16906.37,35.6,42.99,33.86,20.758426966292134,-4.887640449438208,$20-50
631812,"Terra Branford - Urza, Lord High Artificer (Showcase)",FINAL FANTASY: Through the Ages,280,282,16897.59,27.26,32.99,25.9,21.019809244314015,-4.988994864270004,$20-50
82224,Mana Confluence,Journey Into Nyx,487,500,16868.68,31.88,47.99,32.45,50.53324968632372,1.7879548306148174,$20-50
591199,Sire of Seven Deaths,Foundations,810,939,16789.01,19.41,32.99,17.69,69.96393611540444,-8.861411643482734,$10-20
10473,Wooded Foothills,Onslaught,83,116,16643.49,115.76,159.99,89.95,38.208362128541815,-22.29612992398065,$100-200
517256,Legolas's Quick Reflexes (Borderless),Commander: The Lord of the Rings: Tales of Middle-earth,502,514,16536.46,36.48,57.99,43.85,58.963815789473706,20.202850877192997,$20-50
230923,"Birgi, God of Storytelling (Showcase)",Kaldheim,445,451,16536.28,32.99,42.99,33.99,30.312215822976658,3.031221582297666,$20-50
638909,"Tezzeret, Cruel Captain (Borderless)",Edge of Eternities,289,298,16523.43,39.85,54.99,36.47,37.992471769134255,-8.481806775407785,$20-50
671172,Springleaf Parade,Commander: Lorwyn Eclipsed,1284,2024,16443.85,8.68,12.99,8.32,49.65437788018434,-4.1474654377880125,$5-10
243293,Old Gnawbone,Adventures in the Forgotten Realms,318,318,16376.99,53.03,57.99,51.620000000000005,9.35319630397888,-2.6588723364133444,$50-100
662430,Deflecting Swat (Showcase),Avatar: The Last Airbender: Eternal-Legal,207,208,16363.05,83.22,109.99,83.54,32.16774813746695,0.3845229512136594,$50-100
499318,Glittering Caves of Aglarond - Gemstone Caverns (Borderless),Commander: The Lord of the Rings: Tales of Middle-earth,220,231,16304.04,70.21,84.99,74.26,21.051132317333717,5.768409058538686,$50-100
696285,"Loki, God of Mischief (Borderless)",Marvel Super Heroes,1264,1600,16268.41,6.93,9.99,5.3,44.155844155844164,-23.52092352092352,$5-10
9616,Cabal Ritual,Torment,806,934,16211.91,13.37,18.99,13.54,42.03440538519072,1.271503365744203,$10-20
233497,Demonic Tutor (JP Alternate Art),Strixhaven: Mystical Archive,42,42,16201.62,297.96,329.99,276.17,10.749765069136807,-7.313062155994081,$200+
234275,"Urborg, Tomb of Yawgmoth",Time Spiral: Remastered,257,263,16189.69,62.29,74.99,61.38,20.38850537807031,-1.4609086530743243,$50-100
671780,Moonshadow,Lorwyn Eclipsed,1027,1417,16172.96,11.73,16.99,7.8,44.84228473998293,-33.50383631713555,$10-20
1492,Mana Vault,Revised Edition,201,204,16157.6,101.47,109.99,78.13,8.396570414900951,-23.001872474623045,$100-200
679620,City of Brass,Commander: Teenage Mutant Ninja Turtles,1307,1670,16132.87,12.17,16.99,10.09,39.60558751027114,-17.091207888249794,$10-20
641743,Terrasymbiosis,Edge of Eternities,1686,1794,16117.49,7.36,13.99,7.63,90.08152173913044,3.668478260869559,$5-10
509513,Smothering Tithe,Wilds of Eldraine: Enchanting Tales,255,259,16036.87,62.35,64.99,61.370000000000005,4.234161988773045,-1.5717722534081748,$50-100
651338,Norman Osborn (Borderless),Marvel's Spider-Man,973,1040,16010.67,23.69,22.99,18.38,-2.954833262980172,-22.414520894892366,$20-50
218811,Chrome Mox,Double Masters,95,95,16006.66,165.86,159.99,159.41,-3.5391293862293525,-3.8888218979862637,$100-200
276323,Mana Vault (Borderless),Double Masters 2022,91,98,15990.04,141.45,179.99,140.65,27.24637681159422,-0.5655708731000233,$100-200
168720,Scapeshift,Core Set 2019,299,334,15973.48,46.85,54.99,47.1,17.37459978655283,0.5336179295624333,$20-50
696429,"Captain America, First Avenger (Borderless)",Marvel Universe Eternal-Legal,845,856,15963.64,12.7,11.99,10.83,-5.590551181102355,-14.724409448818893,$10-20
648732,The Cabbage Merchant,Avatar: The Last Airbender: Eternal-Legal,589,608,15944.06,25.23,37.99,22.39,50.57471264367817,-11.256440745144667,$20-50
679072,Trouble in Pairs (Borderless),Teenage Mutant Ninja Turtles Source Material,951,1011,15861.39,15.09,20.99,15.98,39.09874088800529,5.897945659377075,$10-20
696351,The Ten Rings (Borderless),Marvel Super Heroes,828,906,15827.88,23.04,32.99,21.88,43.1857638888889,-5.034722222222223,$20-50
532918,Thundering Falls,Murders at Karlov Manor,884,999,15796.25,15.54,20.99,15.61,35.070785070785064,0.4504504504504523,$10-20
618879,"Cloud, Ex-SOLDIER (Borderless)",Commander: FINAL FANTASY,229,229,15763.05,65.69,74.99,67.2,14.157405997868775,2.298675597503433,$50-100
630851,"Kefka, Court Mage (0322) (Borderless)",FINAL FANTASY,300,318,15748.56,35.44,42.99,36.47,21.303611738148998,2.9063205417607256,$20-50
56324,Parallel Lives,Innistrad,449,459,15741.92,37.27,44.99,32.230000000000004,20.71371075932385,-13.522940702978264,$20-50
656703,Hallowed Fountain,Lorwyn Eclipsed,1567,1893,15730.04,7.03,9.99,5.21,42.10526315789473,-25.889046941678522,$5-10
92829,Polluted Delta,Khans of Tarkir,586,784,15719.01,19.8,27.99,18.7,41.36363636363635,-5.5555555555555625,$10-20
696306,"Thor, God of Thunder (Borderless) (0369)",Marvel Super Heroes,375,380,15712.62,34.42,44.99,36.45,30.708890180127835,5.897733875653692,$20-50
696245,Doctor Doom (Borderless) (0365),Marvel Super Heroes,399,404,15649.13,30.47,24.99,29.99,-17.984903183459142,-1.5753199868723349,$20-50
190748,Prismatic Vista,Modern Horizons,379,417,15633.78,35.63,42.99,32.34,20.656749929834405,-9.233791748526519,$20-50
686543,Grave Researcher,Secrets of Strixhaven,3398,4095,15607.6,2.05,2.79,1.77,36.097560975609774,-13.658536585365846,$2-5
518157,Palantir of Orthanc (Borderless Poster),Universes Beyond: The Lord of the Rings: Tales of Middle-earth,93,94,15605.73,135.39,199.99,208.34,47.714011374547624,53.88137971785215,$100-200
675585,"Lorehold, the Historian (Borderless)",Secrets of Strixhaven,780,793,15574.15,5.4,9.49,5.05,75.74074074074073,-6.481481481481491,$5-10
243294,Old Gnawbone (Borderless),Adventures in the Forgotten Realms,205,207,15542.09,64.77,74.99,67.45,15.778909989192528,4.137718079357739,$50-100
3360,Ashnod's Altar,Chronicles,1083,1160,15483.25,15.59,16.99,12.19,8.980115458627317,-21.808851828094937,$10-20
552309,"Ulamog, the Defiler",Modern Horizons 3,914,985,15453.05,16.39,18.99,14.37,15.863331299572897,-12.324588163514345,$10-20
697024,Hex Magic,Marvel Super Heroes,2827,7470,15453.01,1.19,2.99,0.95,151.2605042016807,-20.168067226890756,$1-2
675591,Stock Up,Secrets of Strixhaven: Mystical Archive,3646,6551,15411.32,1.0,0.79,0.31,-20.999999999999996,-69.0,$1-2
558342,"Maha, Its Feathers Night",Bloomburrow,656,701,15391.81,21.83,23.99,20.81,9.89464040311498,-4.672469079248739,$20-50
688522,Flashback (Extended Art),Secrets of Strixhaven,1157,1275,15377.9,5.99,8.99,4.76,50.08347245409015,-20.534223706176967,$5-10
688652,Erode (Extended Art),Secrets of Strixhaven,1074,1255,15362.96,7.37,11.99,6.68,62.68656716417911,-9.362279511533247,$5-10
651332,Norman Osborn,Marvel's Spider-Man,1543,1709,15357.81,17.64,18.99,17.6,7.653061224489783,-0.22675736961450763,$10-20
532905,Undercity Sewers,Murders at Karlov Manor,743,896,15354.25,13.93,19.99,13.07,43.503230437903795,-6.173725771715718,$10-20
7118,Yawgmoth's Will,Urza's Saga,77,77,15339.03,248.15,279.99,193.92,12.830949022768486,-21.85371750957083,$200+
689052,Scheming Silvertongue,Secrets of Strixhaven,2582,3382,15267.57,1.19,0.99,0.37,-16.806722689075627,-68.90756302521008,$1-2
634431,Genji Glove,FINAL FANTASY,2232,2421,15200.67,11.36,11.99,5.9,5.545774647887331,-48.06338028169014,$10-20
34328,Amulet of Vigor,Worldwake,266,310,15162.47,53.31,59.99,41.68,12.530482085912586,-21.815794410054405,$50-100
630954,"Zidane Tribal - Ragavan, Nimble Pilferer (Showcase)",FINAL FANTASY: Through the Ages,247,257,15147.52,40.21,57.99,41.42,44.21785625466302,3.0092016911216137,$20-50
696539,Jennifer Walters (Borderless) (0328),Marvel Super Heroes,395,400,15133.29,32.75,39.99,30.19,22.10687022900764,-7.816793893129767,$20-50
552320,Jet Medallion,Modern Horizons 3,1365,1432,15068.48,11.7,16.99,10.46,45.21367521367521,-10.598290598290586,$10-20
6076,Null Rod,Weatherlight,107,141,15054.38,113.84,129.99,83.36,14.186577652846106,-26.774420238931835,$100-200
544933,Simulacrum Synthesizer,Outlaws of Thunder Junction: The Big Score,479,526,15025.38,26.08,34.99,25.76,34.16411042944787,-1.2269938650306624,$20-50
696388,"Iron Man, Bleeding Edge",Commander: Marvel Super Heroes,1048,1066,15019.6,7.72,9.99,7.62,29.404145077720212,-1.2953367875647623,$5-10
12160,Sensei's Divining Top,Champions of Kamigawa,355,368,14981.51,47.67,57.99,39.06,21.648835745752045,-18.06167400881057,$20-50
696279,Tony Stark,Marvel Super Heroes,1688,1855,14961.39,6.29,10.99,5.21,74.72178060413354,-17.170111287758345,$5-10
696300,"Mjolnir, Hammer of Thor (Borderless) (0303)",Marvel Super Heroes,454,464,14930.69,36.8,44.99,33.34,22.25543478260871,-9.40217391304346,$20-50
671067,Bloom Tender,Lorwyn Eclipsed,1091,1176,14912.87,12.81,17.99,12.11,40.43715846994534,-5.464480874316948,$10-20
578886,Overlord of the Balemurk,Duskmourn: House of Horror,508,694,14859.11,19.03,24.99,18.74,31.318970047293732,-1.5239096163951795,$10-20
58842,Cavern of Souls,Avacyn Restored,261,286,14818.08,50.85,59.99,45.47,17.974434611602756,-10.580137659783682,$50-100
504181,Demonic Tutor (Borderless),Commander Masters,127,127,14795.42,112.98,149.99,106.12,32.75801026730395,-6.071871127633209,$100-200
222003,Ancient Tomb,Zendikar Rising Expeditions,97,101,14777.47,142.71,179.99,148.55,26.122906593791605,4.0922149814308755,$100-200
668572,Namor the Sub-Mariner,Marvel Super Heroes,1647,2244,14738.72,7.76,12.99,6.7700000000000005,67.39690721649485,-12.757731958762877,$5-10
630878,"Cloud, Midgar Mercenary (Borderless)",FINAL FANTASY,314,320,14704.88,41.46,64.99,42.2,56.75349734684031,1.784852870236377,$20-50
697236,"Iron Man, Modern Marvel",Commander: Marvel Super Heroes,352,360,14704.76,19.15,42.99,20.16,124.49086161879899,5.27415143603134,$10-20
688951,Decorum Dissertation (Borderless),Secrets of Strixhaven,868,911,14690.68,7.85,10.99,7.67,40.00000000000001,-2.292993630573245,$5-10
697067,"Shang-Chi, Master of Kung Fu (Borderless) (0370)",Marvel Super Heroes,720,753,14675.64,14.63,18.99,14.68,29.801777170198207,0.3417634996582292,$10-20
517987,The One Ring (Showcase Scrolls),Universes Beyond: The Lord of the Rings: Tales of Middle-earth,32,34,14668.23,288.27,449.99,369.99,56.10018385541334,28.348423353106472,$200+
689364,Triumph of the Hordes,Secrets of Strixhaven: Mystical Archive,920,942,14636.01,12.71,16.99,12.88,33.67427222659321,1.3375295043273008,$10-20
696289,Tony Stark (Borderless) (0363),Marvel Super Heroes,379,384,14618.08,25.49,29.99,24.99,17.653981953707337,-1.9615535504119264,$20-50
4815,Mystic Remora,Ice Age,1453,1629,14616.86,8.55,11.99,6.5600000000000005,40.23391812865496,-23.27485380116959,$5-10
484938,Jeweled Lotus,Commander Masters,236,323,14590.04,43.51,47.99,41.65,10.296483566996102,-4.274879338083198,$20-50
544300,Vaultborn Tyrant,Outlaws of Thunder Junction: The Big Score,448,473,14585.57,34.7,49.99,33.08,44.06340057636887,-4.668587896253615,$20-50
276737,Force of Negation (Borderless),Double Masters 2022,211,236,14579.75,57.98,79.99,60.42,37.961365988271815,4.208347706105562,$50-100
541324,Sword of Feast and Famine,Universes Beyond: Assassin's Creed,418,421,14573.67,34.19,44.99,30.05,31.588183679438448,-12.108803743784724,$20-50
451962,Portal to Phyrexia,The Brothers' War,426,436,14538.47,42.38,57.99,46.02,36.83341198678622,8.588957055214724,$20-50
484655,"Ragavan, Nimble Pilferer",March of the Machine: Multiverse Legends,248,270,14480.7,45.92,59.99,46.25,30.640243902439025,0.7186411149825747,$20-50
689108,Germination Practicum (Borderless),Secrets of Strixhaven,855,876,14477.94,12.21,11.99,10.42,-1.801801801801807,-14.660114660114667,$10-20
226669,Jeweled Lotus,Commander Legends,289,325,14435.75,43.18,44.99,44.56,4.191755442334419,3.1959240389069077,$20-50
688831,Ad Nauseam,Secrets of Strixhaven: Mystical Archive,964,985,14427.72,11.04,10.99,10.42,-0.4528985507246281,-5.615942028985501,$10-20
239396,Cabal Coffers,Modern Horizons 2,453,468,14402.81,29.41,32.99,26.05,12.172730363821836,-11.424685481128865,$20-50
267057,Morphic Pool,Commander Legends: Battle for Baldur's Gate,490,493,14394.08,29.51,42.99,27.26,45.67943070145713,-7.624534056252117,$20-50
534084,Slime Against Humanity,Murders at Karlov Manor,1336,7730,14356.13,1.82,3.99,0.93,119.23076923076923,-48.9010989010989,$1-2
630850,"Terra, Magical Adept (Borderless)",FINAL FANTASY,296,298,14348.52,31.13,42.99,31.26,38.09829746225507,0.4176035978156202,$20-50
499755,Heroic Intervention,Commander: The Lord of the Rings: Tales of Middle-earth,936,978,14342.14,17.1,17.99,12.5,5.204678362573081,-26.90058479532164,$10-20
221923,Roiling Vortex,Zendikar Rising,678,1050,14275.88,1.45,2.79,0.97,92.41379310344828,-33.10344827586207,$1-2
688477,Resonating Lute,Secrets of Strixhaven,3102,3863,14264.78,1.65,1.29,0.76,-21.818181818181813,-53.93939393939393,$1-2
187187,Bolas's Citadel,War of the Spark,838,859,14222.38,16.04,12.99,12.5,-19.014962593516206,-22.069825436408973,$10-20
221774,Valakut Awakening,Zendikar Rising,826,894,14196.16,17.32,24.99,17.43,44.28406466512701,0.6351039260969944,$10-20
656771,Brilliant Wings (Borderless),Commander: FINAL FANTASY,377,395,14186.44,37.59,54.99,32.46,46.28890662410215,-13.647246608140467,$20-50
226134,Vampiric Tutor,Commander Legends,231,235,14160.66,52.8,57.99,51.41,9.829545454545464,-2.632575757575759,$50-100
656713,Temple Garden,Lorwyn Eclipsed,1582,1872,14108.55,7.85,10.99,7.3,40.00000000000001,-7.006369426751591,$5-10
552814,Vexing Bauble,Modern Horizons 3,2470,4655,14060.59,2.61,4.49,1.44,72.03065134099619,-44.827586206896555,$2-5
679801,Utrom Monitor,Commander: Teenage Mutant Ninja Turtles,613,2233,14046.36,5.63,8.99,4.99,59.68028419182949,-11.367673179396087,$5-10
277167,Smothering Tithe (Borderless),Double Masters 2022,188,189,14044.34,71.49,79.99,75.53,11.889774793677438,5.651140019583167,$50-100
276686,Force of Negation,Double Masters 2022,242,279,14041.66,55.94,69.99,53.05,25.116195924204497,-5.166249553092601,$50-100
552840,Consign to Memory,Modern Horizons 3,1809,3676,14039.22,4.01,5.99,2.53,49.37655860349128,-36.907730673316706,$2-5
541369,"Lumra, Bellow of the Woods",Bloomburrow,614,634,14020.36,20.43,32.99,21.0,61.478218306412145,2.7900146842878137,$20-50
282740,"Sheoldred, the Apocalypse (Showcase)",Dominaria United,139,140,14019.08,97.25,149.99,111.54,54.231362467866326,14.69408740359898,$50-100
638913,Stomping Ground,Edge of Eternities,1665,1903,14018.03,6.66,9.99,6.51,50.0,-2.2522522522522577,$5-10
276327,Phyrexian Altar (Borderless),Double Masters 2022,230,237,13992.49,58.25,69.99,61.04,20.154506437768234,4.789699570815449,$50-100
696355,Hidden Lair,Marvel Super Heroes,1918,3431,13950.19,2.66,6.49,2.08,143.98496240601503,-21.80451127819549,$2-5
5455,Aluren,Tempest,141,176,13908.88,104.49,94.99,58.370000000000005,-9.09177911761891,-44.1381950425878,$100-200
686574,Shattered Sanctum,Secrets of Strixhaven,2387,3199,13881.45,1.59,2.79,0.78,75.47169811320754,-50.943396226415096,$1-2
652041,Parallel Lives (Borderless),Marvel Universe Eternal-Legal,517,527,13869.62,28.65,42.99,28.96,50.052356020942426,1.082024432809781,$20-50
518162,Witch-king of Angmar (Borderless Poster),Universes Beyond: The Lord of the Rings: Tales of Middle-earth,78,78,13824.62,152.26,229.99,229.24,51.05083409956654,50.55825561539473,$100-200
235381,Teferi's Protection,Strixhaven: Mystical Archive,243,247,13815.77,51.04,54.99,50.49,7.739028213166151,-1.0775862068965463,$50-100
190873,Ranger-Captain of Eos,Modern Horizons,321,381,13813.46,38.34,57.99,38.66,51.25195618153364,0.8346374543557463,$20-50
656705,Hallowed Fountain (Borderless),Lorwyn Eclipsed,807,917,13790.81,13.31,14.99,11.77,12.622088655146504,-11.570247933884303,$10-20
92830,Bloodstained Mire,Khans of Tarkir,611,753,13761.13,17.61,27.99,15.61,58.94378194207837,-11.357183418512209,$10-20
216235,Rhystic Study,Jumpstart,207,217,13758.97,67.55,84.99,68.37,25.817912657290893,1.2139156180607067,$50-100
679098,Super Shredder (Borderless),Teenage Mutant Ninja Turtles,385,403,13737.95,28.67,34.99,25.91,22.04394837809557,-9.62678758283921,$20-50
642791,Swan Song,Commander: Edge of Eternities,1346,1662,13681.02,9.86,13.99,0.26,41.88640973630833,-97.3630831643002,$5-10
643049,"Evendo, Waking Haven",Edge of Eternities,888,950,13658.47,16.2,21.99,12.85,35.74074074074074,-20.67901234567901,$10-20
556324,Brotherhood Regalia,Universes Beyond: Assassin's Creed,1543,1705,13653.84,8.93,15.99,7.28,79.05935050391938,-18.477043673012314,$5-10
3528,Goblin Wizard,The Dark,182,204,13630.02,93.57,94.99,51.89,1.517580421075133,-44.54419151437426,$50-100
677479,Displacer Kitten,Secret Lair Drop Series,179,197,13584.87,64.2,54.99,61.47,-14.345794392523365,-4.252336448598137,$50-100
687665,Fabled Passage,Commander: Secrets of Strixhaven,3367,8855,13574.05,1.1,1.79,0.93,62.72727272727272,-15.454545454545457,$1-2
623998,Misty Rainforest (Borderless),Special Guests,181,194,13566.15,54.31,69.99,51.57,28.871294420916943,-5.045111397532686,$50-100
498381,"Sauron, the Dark Lord",Universes Beyond: The Lord of the Rings: Tales of Middle-earth,441,464,13557.13,26.74,23.99,19.79,-10.284218399401645,-25.99102468212416,$20-50
576504,Untimely Malfunction,Duskmourn: House of Horror,1806,2025,13549.56,8.83,11.99,7.84,35.78708946772367,-11.211778029445076,$5-10
696944,"Black Widow, Agile Avenger",Commander: Marvel Super Heroes,795,967,13532.89,10.5,17.99,10.74,71.33333333333331,2.285714285714288,$10-20
687486,Reliquary Tower,Commander: Secrets of Strixhaven,2451,3568,13527.73,3.67,4.99,3.4,35.96730245231608,-7.3569482288828345,$2-5
696287,Bruce Banner (Borderless) (0359),Marvel Super Heroes,389,392,13509.98,23.75,23.99,23.44,1.010526315789467,-1.3052631578947314,$20-50
687605,Turbulent Wilderness,Commander: Secrets of Strixhaven,1105,1538,13502.26,4.73,5.99,4.2700000000000005,26.63847780126849,-9.725158562367863,$2-5
696352,Dark Fortress,Marvel Super Heroes,2006,3487,13484.64,2.56,3.99,2.54,55.859375,-0.7812500000000007,$2-5
479510,"Solphim, Mayhem Dominus",Phyrexia: All Will Be One,483,494,13460.68,27.68,39.99,26.31,44.472543352601164,-4.949421965317923,$20-50
5051,Enlightened Tutor,Mirage,378,405,13455.8,37.19,47.99,29.53,29.040064533476755,-20.596934659854792,$20-50
677175,"Tamiyo, Inquisitive Student",Secret Lair Showdown,13,16,13400.8,592.41,579.99,500.16,-2.0965209905302,-15.57198561806856,$200+
6150,Caltrops,Urza's Destiny,944,1123,13379.25,25.15,19.99,18.57,-20.5168986083499,-26.163021868787272,$20-50
656697,Blood Crypt (Borderless),Lorwyn Eclipsed,774,849,13373.76,13.39,18.99,11.28,41.82225541448841,-15.758028379387612,$10-20
525710,Charismatic Conqueror,Commander: The Lost Caverns of Ixalan,612,664,13366.75,21.73,24.99,19.58,15.002300966405882,-9.894155545329047,$20-50
273014,Ancient Silver Dragon,Commander Legends: Battle for Baldur's Gate,230,233,13341.39,56.78,64.99,56.1,14.459316660796043,-1.1976047904191611,$50-100
548589,Ugin's Labyrinth,Modern Horizons 3,706,1038,13339.06,13.4,20.99,11.64,56.6417910447761,-13.134328358208952,$10-20
618880,"Terra, Herald of Hope (Borderless)",Commander: FINAL FANTASY,249,252,13324.23,53.22,64.99,48.48,22.115745960165345,-8.906426155580613,$50-100
661947,Aang's Shelter - Teferi's Protection (Borderless),Avatar: The Last Airbender: Eternal-Legal,289,292,13311.19,38.33,49.99,39.05,30.420036524915222,1.8784242108009366,$20-50
532910,Underground Mortuary,Murders at Karlov Manor,787,866,13300.08,12.78,19.99,12.67,56.41627543035993,-0.8607198748043774,$10-20
92831,Wooded Foothills,Khans of Tarkir,599,742,13296.08,16.64,24.99,16.64,50.180288461538446,0.0,$10-20
1839,Mana Vault,Fourth Edition,154,158,13258.69,96.19,109.99,80.23,14.346605676265723,-16.5921613473334,$50-100
686618,"Silverquill, the Disputant (Borderless)",Secrets of Strixhaven,767,786,13256.04,6.94,7.49,5.09,7.925072046109507,-26.657060518731996,$5-10
697073,Iron Man Armor,Marvel Super Heroes,1640,2076,13206.53,3.97,8.49,3.86,113.85390428211586,-2.770780856423182,$2-5
552839,Kozilek's Command,Modern Horizons 3,1389,2136,13192.61,7.11,9.99,6.140000000000001,40.50632911392405,-13.64275668073136,$5-10
4848,Pyroblast,Ice Age,1058,1811,13152.83,8.77,13.99,6.25,59.52109464082099,-28.73432155074116,$5-10
451974,Mox Amber (Schematic),The Brothers' War: Retro Frame Artifacts,105,109,13125.76,90.05,99.99,95.18,11.03831204886174,5.69683509161578,$50-100
5930,Squandered Resources,Visions,173,175,13108.05,91.93,99.99,73.98,8.767540519960825,-19.525726095942566,$50-100
656710,Overgrown Tomb (Borderless),Lorwyn Eclipsed,763,836,13102.04,12.84,15.99,10.42,24.532710280373834,-18.847352024922117,$10-20
10484,Polluted Delta,Onslaught,69,92,13097.51,127.65,139.99,60.8,9.667058362710538,-52.36976106541324,$100-200
553264,Arena of Glory,Modern Horizons 3,1181,1438,13089.17,7.62,11.99,6.7700000000000005,57.3490813648294,-11.154855643044614,$5-10
662465,Fierce Guardianship (Showcase),Avatar: The Last Airbender: Eternal-Legal,208,208,13059.14,64.23,84.99,65.59,32.32134516581035,2.117390627432663,$50-100
643119,"Joshua Rosfield - Rograkh, Son of Rohgahh (Borderless)",MagicFest Cards,21,24,13050.0,222.67,379.99,359.49,70.65163695154266,61.445187946288236,$200+
651905,Opposition Agent (Borderless),Marvel Universe Eternal-Legal,445,479,13033.1,22.37,27.99,19.26,25.122932498882417,-13.902548055431376,$20-50
192562,Field of the Dead,Core Set 2020,391,412,13017.1,28.93,32.99,28.07,14.033874870376781,-2.972692706533009,$20-50
488284,The Party Tree - The Great Henge (Borderless),Commander: The Lord of the Rings: Tales of Middle-earth,142,143,12989.25,90.38,129.99,91.35,43.826067714096055,1.0732462934277482,$50-100
504588,The Great Henge,Commander Masters,189,200,12922.44,62.97,84.99,63.93,34.96903287279656,1.52453549309195,$50-100
696432,"Iron Man, Titan of Innovation (Borderless)",Marvel Universe Eternal-Legal,831,854,12913.76,12.54,16.99,10.26,35.48644338118022,-18.181818181818176,$10-20
544402,Terror of the Peaks,Outlaws of Thunder Junction,423,429,12895.5,30.7,34.99,26.6,13.973941368078185,-13.355048859934845,$20-50
226314,Opposition Agent,Commander Legends,542,563,12877.88,18.07,23.99,16.66,32.76148312119534,-7.802988378527948,$10-20
498465,Paths of the Dead - Cavern of Souls (Borderless),Commander: The Lord of the Rings: Tales of Middle-earth,157,163,12877.88,78.42,94.99,87.11,21.129813823004326,11.081356796735523,$50-100
522937,Nuka-Cola Vending Machine,Universes Beyond: Fallout,601,627,12839.97,20.92,24.99,18.54,19.4550669216061,-11.376673040152975,$20-50
552336,Witch Enchanter,Modern Horizons 3,2372,3480,12811.24,4.31,6.49,3.49,50.580046403712316,-19.025522041763328,$2-5
631529,Sphere Grid,Commander: FINAL FANTASY,1228,1376,12809.91,8.34,10.99,8.46,31.774580335731418,1.4388489208633213,$5-10
555973,Black Market Connections,Universes Beyond: Assassin's Creed,682,697,12798.94,16.46,19.99,15.09,21.445929526123923,-8.323207776427708,$10-20
276325,Phyrexian Altar,Double Masters 2022,228,230,12758.8,56.51,64.99,58.28,15.006193594054146,3.1321889930985725,$50-100
484940,Jeweled Lotus (Borderless),Commander Masters,110,120,12677.24,87.79,89.99,86.0,2.505980179974927,-2.0389566009796174,$50-100
118410,Chrome Mox,Eternal Masters,83,84,12659.08,153.2,179.99,145.84,17.486945169712808,-4.804177545691897,$100-200
475507,"Elesh Norn, Mother of Machines",Phyrexia: All Will Be One,453,494,12657.6,24.05,29.99,24.21,24.698544698544687,0.6652806652806659,$20-50
517606,Cavern of Souls (0345) (Borderless),The Lost Caverns of Ixalan,222,232,12647.72,46.7,54.99,46.02,17.75160599571734,-1.4561027837259095,$20-50
688681,Emeritus of Abundance,Secrets of Strixhaven,1929,2195,12643.18,2.51,2.99,1.56,19.123505976095636,-37.848605577689234,$2-5
498457,"Argonath, Pillars of the Kings - The Ozolith (Borderless)",Commander: The Lord of the Rings: Tales of Middle-earth,149,150,12591.04,84.68,119.99,95.56,41.69815777042983,12.848370335380249,$50-100
624036,"Ugin, Eye of the Storms (Borderless)",Tarkir: Dragonstorm,250,285,12571.3,43.72,64.99,43.76,48.650503202195786,0.09149130832570711,$20-50
687343,Goldspan Dragon,Commander: Secrets of Strixhaven,1634,2075,12565.39,6.17,7.49,5.63,21.393841166936795,-8.752025931928689,$5-10
6135,Academy Rector,Urza's Destiny,144,159,12559.01,79.08,109.99,67.49,39.087000505816896,-14.656044511886702,$50-100
553219,"Yavimaya, Cradle of Growth",Commander: Modern Horizons 3,792,823,12534.51,17.35,21.99,14.82,26.74351585014407,-14.582132564841505,$10-20
14311,Ophidian Eye,Time Spiral,864,881,12496.56,12.23,16.99,8.83,38.920686835650024,-27.800490596892892,$10-20
276296,Sensei's Divining Top (Borderless),Double Masters 2022,199,200,12495.08,61.61,69.99,52.67,13.601688037656217,-14.51063139100795,$50-100
493980,Thassa's Oracle,Secret Lair Drop Series,77,77,12487.33,121.01,109.99,116.24,-9.106685397901009,-3.941822989835559,$100-200
457252,Enlightened Tutor (Borderless),Dominaria Remastered,341,347,12464.72,32.06,42.99,34.38,34.09232688708671,7.2364316905801624,$20-50
646553,Spectacular Spider-Man (Borderless),Marvel's Spider-Man,1808,2006,12449.0,9.11,8.49,3.26,-6.805708013172331,-64.21514818880351,$5-10
7073,Tolarian Academy,Urza's Saga,84,91,12441.97,179.43,249.99,96.54,39.324527670958034,-46.19628824611269,$100-200
230135,"Vorinclex, Monstrous Raider",Kaldheim,224,226,12438.56,57.27,64.99,59.38,13.48000698445956,3.684302427099702,$50-100
517520,"Ojer Axonil, Deepest Might",The Lost Caverns of Ixalan,457,485,12436.33,23.45,32.99,21.87,40.68230277185502,-6.7377398720682224,$20-50
524281,Ravenous Tyrannosaurus (Borderless),Universes Beyond: Jurassic World Collection,245,246,12433.57,44.26,39.99,44.15,-9.647537279710791,-0.2485314053321271,$20-50
11423,Seething Song,Mirrodin,1021,1162,12428.46,13.55,12.99,8.120000000000001,-4.132841328413288,-40.07380073800738,$10-20
662801,Abandoned Air Temple,Avatar: The Last Airbender,1514,1805,12387.75,5.99,9.99,5.73,66.7779632721202,-4.34056761268781,$5-10
686622,Emeritus of Ideation (Extended Art),Secrets of Strixhaven,570,621,12350.16,7.75,12.99,7.04,67.61290322580645,-9.161290322580646,$5-10
632635,Summon: Knights of Round,FINAL FANTASY,868,905,12332.1,11.92,18.99,9.37,59.31208053691274,-21.392617449664435,$10-20
686614,Professor Dellian Fel (Borderless),Secrets of Strixhaven,725,799,12298.96,6.51,8.99,6.21,38.0952380952381,-4.608294930875574,$5-10
509512,Aggravated Assault,Wilds of Eldraine: Enchanting Tales,451,452,12222.57,26.4,27.99,20.78,6.0227272727272725,-21.287878787878782,$20-50
614178,The Aetherspark,Aetherdrift,593,619,12208.13,20.35,27.99,18.74,37.542997542997526,-7.911547911547926,$20-50
539629,"Codsworth, Handy Helper",Universes Beyond: Fallout,513,524,12184.93,25.19,34.99,21.88,38.9043271139341,-13.140134974196119,$20-50
563270,Sensei's Divining Top (Future Sight),Mystery Booster 2,298,306,12180.07,39.31,49.99,39.43,27.168659374205035,0.30526583566521864,$20-50
575095,"Valgavoth, Harrower of Souls (Borderless)",Commander: Duskmourn: House of Horror,632,679,12154.34,20.5,29.99,19.39,46.29268292682926,-5.41463414634146,$20-50
679213,Raph's Jitte - Umezawa's Jitte (Borderless),Teenage Mutant Ninja Turtles Source Material,1127,1465,12124.14,3.11,7.99,2.07,156.91318327974278,-33.44051446945338,$2-5
552319,Esper Sentinel (Retro Frame),Modern Horizons 2,175,183,12081.79,61.02,79.99,59.71,31.088167813831515,-2.1468371025893185,$50-100
696338,"Thanos, the Mad Titan (Borderless) (0376)",Marvel Super Heroes,706,718,12063.18,11.96,9.99,9.02,-16.47157190635452,-24.581939799331114,$10-20
696336,King T'Challa (Borderless) (0373),Marvel Super Heroes,354,360,12033.71,24.73,39.99,25.83,61.70642943792964,4.448038819247868,$20-50
5441,Volrath's Stronghold,Stronghold,139,141,12025.16,117.09,129.99,74.28,11.017166282346917,-36.56161926723034,$100-200
5300,Worldly Tutor,Mirage,424,460,11994.41,35.42,42.99,22.92,21.37210615471485,-35.290796160361374,$20-50
656714,Temple Garden (Borderless),Lorwyn Eclipsed,796,897,11981.59,10.88,14.99,8.78,37.77573529411764,-19.301470588235308,$10-20
10475,Windswept Heath,Onslaught,78,98,11959.85,89.01,94.99,59.31,6.718346253229962,-33.367037411526795,$50-100
696354,Gleaming Bastion,Marvel Super Heroes,1939,3468,11945.56,1.98,4.99,1.55,152.02020202020202,-21.717171717171716,$1-2
696570,"Mole Man, Moloid Master",Marvel Super Heroes,2574,4722,11939.48,1.19,3.49,0.51,193.27731092436977,-57.14285714285714,$1-2
662017,Field of the Dead,Secret Lair Countdown Kit,398,408,11927.77,29.44,29.99,28.87,1.8682065217391206,-1.936141304347827,$20-50
504566,Demonic Tutor,Commander Masters,169,169,11913.38,74.61,79.99,65.29,7.210829647500329,-12.491623106822134,$50-100
623877,Voice of Victory (Borderless),Tarkir: Dragonstorm,450,505,11899.45,19.48,20.99,18.75,7.751540041067752,-3.7474332648870656,$10-20
686603,"Quandrix, the Proof",Secrets of Strixhaven,1835,2013,11897.94,2.15,0.99,1.45,-53.95348837209302,-32.558139534883715,$2-5
631106,Tataru Taru,Commander: FINAL FANTASY,1088,1887,11886.64,8.1,9.99,8.120000000000001,23.333333333333343,0.24691358024693028,$5-10
498341,Last March of the Ents,Universes Beyond: The Lord of the Rings: Tales of Middle-earth,390,394,11882.21,29.62,37.99,27.8,28.257933828494263,-6.144496961512493,$20-50
58373,Exquisite Blood,Avacyn Restored,332,339,11864.79,38.01,42.99,33.34,13.101815311760074,-12.28624046303603,$20-50
504142,Finale of Devastation,Commander Masters,221,224,11861.32,52.52,69.99,47.5,33.263518659558244,-9.558263518659563,$50-100
660549,The Legend of Roku,Avatar: The Last Airbender,896,1050,11828.85,10.16,16.99,9.88,67.22440944881888,-2.7559055118110174,$10-20
262437,"Otawara, Soaring City (Borderless)",Kamigawa: Neon Dynasty,233,235,11813.03,38.42,42.99,38.71,11.894846434148882,0.7548152004164475,$20-50
688919,Pyretic Ritual,Secrets of Strixhaven: Mystical Archive,1465,1565,11796.82,5.03,7.49,4.15,48.9065606361829,-17.495029821073555,$5-10
475545,"Sheoldred, the Apocalypse (Concept Praetor)",Phyrexia: All Will Be One,75,77,11787.77,149.16,229.99,176.92000000000002,54.19013140252079,18.610887637436324,$100-200
518163,Last March of the Ents (Borderless Poster),Universes Beyond: The Lord of the Rings: Tales of Middle-earth,70,71,11765.13,150.62,229.99,198.39,52.695525162661006,31.715575620767485,$100-200
686612,Witherbloom Charm,Secrets of Strixhaven,1847,3312,11731.22,0.31,0.35,0.15,12.903225806451607,-51.61290322580645,$0-1
518043,Orcish Bowmasters (Showcase Scrolls),Universes Beyond: The Lord of the Rings: Tales of Middle-earth,80,87,11668.67,109.22,139.99,144.56,28.17249587987549,32.35671122505036,$100-200
222163,Agadeem's Awakening,Zendikar Rising,397,406,11656.21,27.91,29.99,27.09,7.452525976352556,-2.938015048369761,$20-50
656653,Bitterbloom Bearer (Showcase),Lorwyn Eclipsed,450,460,11646.93,20.76,27.99,16.82,34.82658959537571,-18.97880539499037,$20-50
558695,Innkeeper's Talent,Bloomburrow,1180,1258,11639.6,7.87,12.99,7.28,65.0571791613723,-7.496823379923759,$5-10
646661,Multiversal Passage,Marvel's Spider-Man,1053,1312,11622.09,7.29,9.99,5.68,37.03703703703704,-22.08504801097394,$5-10
498363,Nazgul (0100),Universes Beyond: The Lord of the Rings: Tales of Middle-earth,462,517,11613.27,21.5,27.99,17.71,30.1860465116279,-17.627906976744182,$20-50
693566,Veil of Summer (2348),Secret Lair Drop Series,300,519,11580.45,14.79,17.99,14.8,21.63624070317782,0.06761325219744127,$10-20
215384,"Vito, Thorn of the Dusk Rose",Core Set 2021,942,984,11576.73,12.04,13.99,8.84,16.196013289036554,-26.578073089700993,$10-20
196671,Bone Miser,Commander 2019,488,497,11571.15,29.51,34.99,30.16,18.569976279227383,2.2026431718061623,$20-50
641748,"Uthros, Titanic Godcore",Edge of Eternities,1024,1084,11548.04,12.32,18.99,11.31,54.13961038961037,-8.198051948051946,$10-20
696353,Gathering Place,Marvel Super Heroes,1870,3383,11522.11,1.64,3.49,1.77,112.80487804878052,7.92682926829269,$1-2
457158,Enlightened Tutor,Dominaria Remastered,306,306,11517.23,38.73,37.99,34.38,-1.9106635682932995,-11.231603408210676,$20-50
548637,Solitude (Borderless),Special Guests,243,296,11500.27,37.95,54.99,37.76,44.901185770750985,-0.5006587615283394,$20-50
662414,"Longshot, Rebel Bowman",Avatar: The Last Airbender: Eternal-Legal,1165,1260,11486.46,8.63,12.99,6.78,50.521436848203926,-21.43684820393975,$5-10
120528,Sigarda's Aid,Eldritch Moon,569,596,11480.45,17.36,29.99,15.22,72.75345622119815,-12.32718894009216,$10-20
687674,"Emeria, the Sky Ruin",Commander: Secrets of Strixhaven,1370,1783,11476.52,5.19,8.49,4.8,63.583815028901725,-7.514450867052033,$5-10
456562,Dark Ritual (1170),Secret Lair Drop Series,67,69,11475.42,133.27,139.99,130.52,5.042395137690401,-2.0634801530727094,$100-200
696305,The Scarlet Witch (Borderless),Marvel Super Heroes,1319,1381,11460.33,4.27,4.49,3.52,5.152224824355987,-17.56440281030444,$2-5
267058,Luxury Suite,Commander Legends: Battle for Baldur's Gate,398,406,11450.41,17.6,22.99,14.56,30.62499999999998,-17.272727272727277,$10-20
4046,The Tabernacle at Pendrell Vale,Legends,4,4,11422.48,2899.99,4199.99,2917.6,44.82774078531306,0.6072434732533605,$200+
697399,"Wolverine, Claws Out",Commander: Marvel Super Heroes,655,664,11411.49,9.62,10.99,8.32,14.241164241164253,-13.513513513513503,$5-10
696356,Training Compound,Marvel Super Heroes,1877,3397,11404.52,1.69,3.99,1.08,136.09467455621305,-36.094674556213015,$1-2
631843,"The Emperor, Hell Tyrant - Yawgmoth, Thran Physician (Showcase)",FINAL FANTASY: Through the Ages,261,266,11395.48,27.95,32.99,28.83,18.032200357781765,3.1484794275491916,$20-50
671526,Wistfulness (Borderless),Lorwyn Eclipsed,624,794,11390.14,11.06,19.99,9.86,80.74141048824592,-10.84990958408681,$10-20
227048,Commander's Plate,Commander Legends,251,252,11389.23,45.31,47.99,42.36,5.914809092915471,-6.510704038843529,$20-50
621158,"Green Goblin, Nemesis (Borderless)",Marvel's Spider-Man: Eternal-Legal,1250,1433,11367.87,16.18,15.99,12.64,-1.1742892459826915,-21.878862793572306,$10-20
499960,Lorien Revealed,Universes Beyond: The Lord of the Rings: Tales of Middle-earth,1763,2952,11349.28,4.73,6.49,3.9,37.20930232558139,-17.547568710359418,$2-5
5506,Cursed Scroll,Tempest,107,159,11287.07,89.41,109.99,61.65,23.01755955709652,-31.047981210155463,$50-100
687598,Turbulent Fen,Commander: Secrets of Strixhaven,1079,1481,11276.97,6.17,7.49,5.93,21.393841166936795,-3.88978930307942,$5-10
285866,"Ghyrson Starn, Kelermorph","Universes Beyond: Warhammer 40,000",296,303,11253.56,36.94,37.99,37.52,2.842447211694652,1.5701136978884824,$20-50
525773,Black Market Connections,Commander: The Lost Caverns of Ixalan,593,610,11249.18,15.86,19.99,14.16,26.040353089533415,-10.718789407313993,$10-20
687570,"Bitterthorn, Nissa's Animus",Commander: Secrets of Strixhaven,1399,1993,11248.62,5.58,6.99,5.0,25.268817204301076,-10.394265232974911,$5-10
631018,"Lightning, Army of One (0320) (Borderless)",FINAL FANTASY,270,276,11241.74,33.15,32.99,30.28,-0.4826546003016488,-8.657616892911003,$20-50
578053,Abhorrent Oculus,Duskmourn: House of Horror,567,786,11235.53,15.81,21.99,11.04,39.08918406072105,-30.170777988614812,$10-20
504164,Cyclonic Rift,Commander Masters,344,354,11232.68,34.85,34.99,29.58,0.4017216642754679,-15.121951219512203,$20-50
517244,Galadriel's Dismissal (Borderless),Commander: The Lord of the Rings: Tales of Middle-earth,417,440,11228.14,29.56,39.99,31.26,35.28416779431666,5.751014884979712,$20-50
282741,"Sheoldred, the Apocalypse (Phyrexian)",Dominaria United,136,139,11206.5,73.78,119.99,75.02,62.63214963404716,1.680672268907556,$50-100
552900,Ocelot Pride (Borderless),Modern Horizons 3,107,126,11197.88,76.34,109.99,72.99,44.079119727534696,-4.388263033796186,$50-100
10500,Bloodstained Mire,Onslaught,89,121,11196.11,85.1,129.99,66.86,52.74970622796712,-21.43360752056404,$50-100
633133,"Kefka Palazzo - Purphoros, God of the Forge (Showcase)",FINAL FANTASY: Through the Ages,289,289,11193.1,29.89,39.99,31.23,33.79056540649047,4.483104717296754,$20-50
687353,Moonshaker Cavalry,Commander: Secrets of Strixhaven,1600,2036,11184.52,6.19,8.99,6.12,45.23424878836833,-1.130856219709213,$5-10
623881,Craterhoof Behemoth,Tarkir: Dragonstorm,537,543,11184.12,23.99,27.99,20.97,16.673614005835766,-12.588578574406,$20-50
212115,Drannith Magistrate,Ikoria: Lair of Behemoths,728,795,11182.52,15.13,19.99,13.01,32.121612690019816,-14.0118968935889,$10-20
92828,Flooded Strand,Khans of Tarkir,531,685,11170.26,14.9,22.99,13.65,54.295302013422805,-8.389261744966444,$10-20
633062,Kefka's Tower - Bolas's Citadel (Showcase),FINAL FANTASY: Through the Ages,547,560,11167.32,17.18,17.99,17.71,4.714784633294522,3.0849825378346982,$10-20
631042,Vivi Ornitier (Extended Art),FINAL FANTASY,163,165,11153.59,55.5,69.99,57.29,26.108108108108098,3.2252252252252234,$50-100
541301,Polluted Delta (Borderless),Modern Horizons 3,211,235,11141.26,34.73,44.99,35.42,29.54218255110857,1.9867549668874311,$20-50
457191,Exploration,Dominaria Remastered,321,334,11137.56,31.63,39.99,32.01,26.4306038570977,1.2013910844135283,$20-50
498460,"Dol Amroth - Minamo, School at Water's Edge (Borderless)",Commander: The Lord of the Rings: Tales of Middle-earth,181,184,11130.24,61.39,84.99,61.25,38.44274311777161,-0.2280501710376292,$50-100
39050,Green Sun's Zenith,Mirrodin Besieged,370,441,11127.64,30.36,39.99,20.47,31.71936758893282,-32.57575757575758,$20-50
696242,M.O.D.O.K.,Marvel Super Heroes,1758,2096,11085.77,4.27,7.99,3.8,87.11943793911009,-11.007025761124117,$2-5
215673,Terror of the Peaks,Core Set 2021,355,362,11080.13,29.99,32.99,26.02,10.00333444481495,-13.2377459153051,$20-50
498682,"Lotho, Corrupt Shirriff",Universes Beyond: The Lord of the Rings: Tales of Middle-earth,812,827,11074.89,12.9,16.99,11.46,31.705426356589133,-11.162790697674414,$10-20
648711,Redirect Lightning (Showcase),Avatar: The Last Airbender,543,549,11065.12,17.77,22.99,15.61,29.37535171637591,-12.155317951603827,$10-20
484652,"Atraxa, Praetors' Voice",March of the Machine: Multiverse Legends,332,410,11051.77,27.31,27.99,23.96,2.489930428414499,-12.266569022336133,$20-50
541307,Polluted Delta (Retro Frame),Modern Horizons 3,172,203,11042.82,29.59,37.99,29.17,28.38796890841501,-1.419398445420744,$20-50
504154,Finale of Devastation (Borderless),Commander Masters,133,133,11034.52,79.64,89.99,72.92,12.995981918633845,-8.437970868910094,$50-100
191568,Ephemerate,Modern Horizons,1591,2175,11026.24,5.41,6.49,5.12,19.963031423290204,-5.360443622920518,$5-10
630936,Traveling Chocobo (Borderless),FINAL FANTASY,294,296,11011.19,33.67,37.99,31.48,12.830412830412829,-6.504306504306507,$20-50
7070,Time Spiral,Urza's Saga,109,125,11008.11,97.86,99.99,67.11,2.1765787860208414,-31.422440220723484,$50-100
168749,Crucible of Worlds,Core Set 2019,332,341,11005.88,31.13,39.99,29.18,28.46129135881787,-6.264053967234178,$20-50
559638,Caretaker's Talent,Bloomburrow,1105,1164,10985.03,8.52,13.99,8.09,64.20187793427232,-5.046948356807509,$5-10
552580,Fell the Profane,Modern Horizons 3,2485,3100,10972.41,3.66,5.99,3.42,63.661202185792355,-6.557377049180333,$2-5
679138,All Will Be One (Borderless),Teenage Mutant Ninja Turtles Source Material,813,841,10958.44,12.06,14.99,8.85,24.29519071310116,-26.61691542288558,$10-20
687354,Stensian Sanguinist,Commander: Secrets of Strixhaven,1170,1342,10947.95,4.62,8.49,4.09,83.76623376623377,-11.471861471861477,$2-5
675586,Mathemagics,Secrets of Strixhaven,1962,2219,10918.68,2.91,3.49,2.85,19.93127147766323,-2.0618556701030943,$2-5
215443,Chromatic Orrery,Core Set 2021,302,310,10914.46,36.58,44.99,30.58,22.990705303444518,-16.402405686167302,$20-50
498356,Nazgul (0333),Universes Beyond: The Lord of the Rings: Tales of Middle-earth,463,484,10899.65,23.33,27.99,20.84,19.97428204029147,-10.672953279039858,$20-50
671263,"Chimil, the Inner Sun",Commander: Lorwyn Eclipsed,1361,1907,10857.78,10.36,9.49,8.84,-8.397683397683391,-14.671814671814667,$10-20
10361,Biorhythm,Onslaught,321,334,10856.49,37.2,32.99,28.64,-11.31720430107527,-23.010752688172047,$20-50
278719,"Nykthos, Shrine to Nyx",Pro Tour Promos,104,104,10851.41,70.86,64.99,66.68,-8.283940163703083,-5.898955687270664,$50-100
504559,Smothering Tithe,Commander Masters,182,186,10842.07,61.94,69.99,56.78,12.996448175653855,-8.330642557313524,$50-100
227010,Sakashima of a Thousand Faces,Commander Legends,316,316,10820.21,34.33,42.99,29.17,25.225750072822617,-15.030585493737247,$20-50
662780,The Cabbage Merchant (Extended Art),Avatar: The Last Airbender: Eternal-Legal,359,367,10819.77,27.4,39.99,24.74,45.94890510948906,-9.708029197080293,$20-50
239179,Urza's Saga (Showcase),Modern Horizons 2,221,247,10811.45,39.35,49.99,40.02,27.039390088945364,1.7026683608640447,$20-50
240045,"Yavimaya, Cradle of Growth",Modern Horizons 2,681,709,10810.04,14.42,21.99,14.7,52.49653259361996,1.9417475728155296,$10-20
696401,The Fantastic Four,Commander: Marvel Super Heroes,417,420,10783.67,20.71,24.99,17.66,20.66634476098502,-14.727184934814103,$20-50
262765,Tamiyo's Safekeeping,Kamigawa: Neon Dynasty,1729,2163,10781.38,6.61,8.99,4.91,36.006051437216335,-25.718608169440245,$5-10
122600,Inventors' Fair,Kaladesh,730,750,10751.36,16.85,21.99,13.86,30.50445103857565,-17.744807121661733,$10-20
559757,Stormchaser's Talent,Bloomburrow,1109,1578,10727.69,4.29,8.49,3.89,97.9020979020979,-9.324009324009323,$2-5
696339,"Wolverine, Fierce Fighter (Borderless)",Marvel Super Heroes,1388,1495,10726.8,5.11,4.49,3.27,-12.133072407045011,-36.00782778864971,$5-10
679197,"Krang, Utrom Warlord (Borderless)",Teenage Mutant Ninja Turtles,468,481,10722.13,22.77,32.99,22.1,44.88361879666229,-2.942468159859456,$20-50
532907,Meticulous Archive,Murders at Karlov Manor,812,964,10719.39,10.46,16.99,9.37,62.42829827915867,-10.420650095602308,$10-20
4703,Glacial Chasm,Ice Age,568,588,10713.73,20.1,18.99,13.54,-5.522388059701507,-32.63681592039802,$20-50
179536,"Urborg, Tomb of Yawgmoth",Ultimate Masters,166,170,10704.58,66.58,79.99,57.93,20.141183538600178,-12.99188945629318,$50-100
517522,"Ghalta, Stampede Tyrant",The Lost Caverns of Ixalan,414,424,10698.06,27.93,34.99,26.97,25.277479412817765,-3.437164339419982,$20-50
633148,Aettir and Priwen,FINAL FANTASY,1107,1168,10691.04,11.59,12.99,10.23,12.07937877480587,-11.734253666954265,$10-20
509515,Necropotence,Wilds of Eldraine: Enchanting Tales,247,251,10659.21,38.62,44.99,25.0,16.494044536509595,-35.26670119109269,$20-50
6609,Misdirection,Mercadian Masques,94,99,10650.97,50.03,44.99,26.22,-10.073955626624024,-47.59144513292025,$50-100
525601,Savage Order (Borderless),Universes Beyond: Jurassic World Collection,287,291,10646.41,34.43,39.99,35.32,16.148707522509444,2.584954981121117,$20-50
688656,Restoration Seminar,Secrets of Strixhaven,2050,2297,10629.85,3.33,4.49,3.12,34.83483483483484,-6.306306306306306,$2-5
630781,"Yuna, Grand Summoner (Borderless)",Commander: FINAL FANTASY,222,224,10622.7,42.06,59.99,41.04,42.62957679505468,-2.4251069900142728,$20-50
662550,The Walls of Ba Sing Se (Borderless),Avatar: The Last Airbender,297,301,10621.62,31.97,42.99,26.76,34.46981545198625,-16.296527994995298,$20-50
498357,Nazgul (0334),Universes Beyond: The Lord of the Rings: Tales of Middle-earth,426,436,10600.24,22.87,27.99,23.58,22.38740708351551,3.104503716659367,$20-50
633137,The Earth Crystal (Borderless),FINAL FANTASY,520,523,10592.73,21.69,23.99,18.99,10.60396496081142,-12.448132780083,$20-50
641801,Mana Confluence (0025) (Borderless),Edge of Eternities: Stellar Sights,280,284,10584.6,35.76,47.99,35.37,34.200223713646544,-1.0906040268456394,$20-50
632190,"Cloud Strife - Najeela, the Blade-Blossom (Showcase)",FINAL FANTASY: Through the Ages,333,346,10554.93,13.91,17.99,13.41,29.331416247304087,-3.5945363048166783,$10-20
9145,Mox Pearl,Unlimited Edition,3,3,10539.98,3513.33,6999.99,3125.98,99.24089112039005,-11.02515277528726,$200+
532897,Shadowy Backstreet,Murders at Karlov Manor,780,910,10536.62,10.22,15.99,10.07,56.45792563600782,-1.4677103718199642,$10-20
218812,Chrome Mox (Borderless),Double Masters,52,52,10519.36,176.04,199.99,162.48,13.604862531242908,-7.702794819359237,$100-200
4127,Dystopia,Alliances,171,255,10518.87,48.74,57.99,42.72,18.978251949117766,-12.351251538777191,$20-50
12383,Umezawa's Jitte,Betrayers of Kamigawa,288,375,10510.86,18.59,15.99,10.02,-13.986013986013985,-46.100053792361486,$10-20
235648,Tainted Pact,Strixhaven: Mystical Archive,304,310,10459.69,32.32,37.99,32.2,17.54331683168317,-0.3712871287128634,$20-50
563253,Lotus Petal (Future Sight),Mystery Booster 2,239,253,10452.38,37.18,39.99,36.01,7.557826788596025,-3.146853146853151,$20-50
589815,"Aphelia, Viper Whisperer (Anime)",Foundations Jumpstart,586,677,10450.53,17.94,27.99,16.67,56.02006688963209,-7.079152731326642,$10-20
688689,Echocasting Symposium,Secrets of Strixhaven,1919,2144,10417.67,3.71,4.49,2.54,21.024258760107823,-31.536388140161726,$2-5
69119,Archangel of Thune,Magic 2014 (M14),184,187,10379.09,55.77,57.99,45.03,3.980634749865517,-19.257665411511567,$50-100
449604,Force of Will (Retro Frame),Dominaria Remastered,95,135,10370.96,61.6,79.99,57.36,29.853896103896094,-6.8831168831168865,$50-100
212233,Surly Badgersaur,Commander 2020,815,854,10368.26,17.04,24.99,17.45,46.654929577464785,2.4061032863849774,$10-20
499510,Birds of Paradise,Commander: The Lord of the Rings: Tales of Middle-earth,750,846,10367.69,13.21,16.99,9.32,28.614685844057515,-29.447388342165027,$10-20
484937,The Ur-Dragon (Borderless),Commander Masters,188,228,10319.06,47.55,57.99,37.51,21.955835962145123,-21.114616193480547,$20-50
498360,Nazgul (0337),Universes Beyond: The Lord of the Rings: Tales of Middle-earth,433,465,10309.71,23.73,27.99,21.65,17.951959544879887,-8.765276021913197,$20-50
544255,Scapeshift (Borderless),Special Guests,133,135,10305.08,62.45,79.99,61.88,28.086469175340255,-0.9127301841473182,$50-100
478532,"Atraxa, Grand Unifier",Phyrexia: All Will Be One,520,667,10301.65,16.46,22.99,15.63,39.67193195625758,-5.042527339003645,$10-20
501922,"Muxus, Goblin Grandee",Secret Lair Drop Series,110,116,10297.88,99.51,79.99,83.36,-19.616118983016793,-16.22952467088735,$50-100
488291,Sol Ring - Dwarven (0409),Commander: The Lord of the Rings: Tales of Middle-earth,19,19,10292.89,534.95,849.99,729.38,58.891485185531344,36.34545284606037,$200+
696673,Cosmic Cube (Borderless) (0337),Marvel Super Heroes,432,445,10292.08,26.37,32.99,25.39,25.10428517254456,-3.716344330678803,$20-50
633117,The Wind Crystal,FINAL FANTASY,1497,1589,10285.75,6.23,8.49,5.15,36.2760834670947,-17.335473515248793,$5-10
670976,Chronicle of Victory (Showcase),Lorwyn Eclipsed,379,392,10282.71,22.33,32.99,18.75,47.73846842812362,-16.032243618450508,$20-50
687601,Turbulent Springs,Commander: Secrets of Strixhaven,1243,1681,10261.98,4.76,6.49,4.43,36.34453781512606,-6.9327731092436995,$2-5
631573,Reanimate,Commander: FINAL FANTASY,1215,1388,10253.73,7.45,12.99,7.57,74.36241610738254,1.6107382550335587,$5-10
558442,Artist's Talent,Bloomburrow,1143,1386,10229.24,4.94,9.99,4.36,102.22672064777328,-11.74089068825911,$2-5
230450,"Tergrid, God of Fright",Kaldheim,546,554,10207.15,22.22,22.99,16.15,3.4653465346534635,-27.31773177317732,$20-50
512393,Fiery Emancipation,Wilds of Eldraine: Enchanting Tales,638,648,10186.26,13.48,11.99,11.67,-11.053412462908014,-13.427299703264097,$10-20
498358,Nazgul (0335),Universes Beyond: The Lord of the Rings: Tales of Middle-earth,429,446,10159.83,23.56,27.99,21.62,18.803056027164686,-8.234295415959243,$20-50
558341,"Maha, Its Feathers Night (Borderless)",Bloomburrow,261,265,10157.49,32.37,32.99,31.26,1.9153537225826527,-3.4291010194624527,$20-50
509556,Necropotence (Anime Borderless),Wilds of Eldraine: Enchanting Tales,159,165,10128.01,49.79,59.99,33.25,20.48604137376984,-33.219521992367945,$20-50
498464,Morgul-Knife - Shadowspear (Borderless),Commander: The Lord of the Rings: Tales of Middle-earth,137,139,10120.86,70.77,94.99,72.94,34.22354104846686,3.0662710187932767,$50-100
630953,The Cloudsea Djinn - Nyxbloom Ancient (Showcase),FINAL FANTASY: Through the Ages,273,273,10109.71,31.12,32.99,29.41,6.008997429305916,-5.494858611825195,$20-50
499316,Minas Morgul - Cabal Coffers (Borderless),Commander: The Lord of the Rings: Tales of Middle-earth,184,185,10038.64,58.13,84.99,57.31,46.20677791157748,-1.410631343540341,$50-100
688842,Armageddon,Secrets of Strixhaven: Mystical Archive,1009,1053,10038.48,10.0,6.99,6.8500000000000005,-30.099999999999998,-31.499999999999993,$10-20
5589,Humility,Tempest,160,172,10030.54,69.23,84.99,41.68,22.764697385526492,-39.794886609851226,$50-100
696435,"Storm, Force of Nature (Borderless)",Marvel Universe Eternal-Legal,782,797,10027.24,8.39,9.49,6.78,13.11084624553039,-19.18951132300358,$5-10
175202,Steam Vents,Guilds of Ravnica,672,836,10025.35,11.46,16.99,11.34,48.2547993019197,-1.0471204188481762,$10-20
5789,Wasteland,Tempest,165,243,10011.92,53.8,64.99,33.29,20.799256505576206,-38.122676579925646,$50-100
14244,Gemstone Caverns,Time Spiral,164,175,10004.42,51.27,84.99,49.69,65.76945582211818,-3.0817242051882294,$50-100
82278,Dictate of Erebos,Journey Into Nyx,522,549,9999.78,18.33,22.99,16.16,25.422804146208406,-11.838516093835235,$10-20
696335,King T'Challa (Borderless) (0346),Marvel Super Heroes,398,409,9983.71,19.06,27.99,18.06,46.85204616998951,-5.246589716684156,$10-20
499572,Raise the Palisade,Commander: The Lord of the Rings: Tales of Middle-earth,932,1066,9980.92,10.54,11.99,9.28,13.757115749525628,-11.954459203036052,$10-20
576518,Gloomlake Verge,Duskmourn: House of Horror,773,930,9951.34,9.98,12.99,8.82,30.160320641282564,-11.623246492985972,$5-10
227273,Sigarda's Aid,Commander Legends,504,519,9947.11,18.33,27.99,18.75,52.70049099836335,2.2913256955810244,$10-20
532938,Elegant Parlor,Murders at Karlov Manor,804,968,9925.72,8.41,14.99,8.19,78.24019024970274,-2.6159334126040505,$5-10
631496,Walking Ballista,Commander: FINAL FANTASY,1206,1355,9890.09,7.24,8.99,7.47,24.171270718232044,3.1767955801104906,$5-10
498362,Nazgul (0339),Universes Beyond: The Lord of the Rings: Tales of Middle-earth,454,466,9877.02,18.94,27.99,20.75,47.78247096092923,9.556494192185843,$10-20
689495,Tablet of Discovery,Secrets of Strixhaven,3028,5808,9875.35,2.07,1.99,1.3,-3.864734299516901,-37.19806763285023,$2-5
226675,Scroll Rack,Commander Legends,300,300,9868.94,34.05,42.99,33.4,26.25550660792953,-1.9089574155653413,$20-50
623992,Marsh Flats (Borderless),Special Guests,173,173,9856.35,41.89,64.99,40.96,55.144425877297664,-2.2201002625925037,$20-50
673656,The Ooze,Teenage Mutant Ninja Turtles,1664,1992,9849.2,3.31,4.99,3.12,50.755287009063444,-5.740181268882173,$2-5
532916,Hedge Maze,Murders at Karlov Manor,698,791,9847.67,10.27,16.99,9.27,65.43330087633883,-9.737098344693282,$10-20
696540,Jennifer Walters (Borderless) (0355),Marvel Super Heroes,328,337,9843.64,23.49,29.99,20.52,27.67134951042997,-12.643678160919535,$20-50
633120,Blessing of the Oracle - Akroma's Will (Showcase),FINAL FANTASY: Through the Ages,221,222,9842.67,32.42,34.99,28.86,7.927205428747687,-10.98087600246762,$20-50
524277,"Indoraptor, the Perfect Hybrid (Borderless)",Universes Beyond: Jurassic World Collection,343,360,9833.25,24.63,24.99,22.61,1.4616321559074277,-8.201380430369467,$20-50
552866,Ripples of Undeath,Modern Horizons 3,1588,1704,9831.32,5.91,9.99,5.41,69.03553299492386,-8.460236886632826,$5-10
590235,"Dionus, Elvish Archdruid (Anime)",Foundations Jumpstart,979,1232,9827.75,9.01,13.99,7.91,55.27192008879024,-12.208657047724747,$5-10
690169,Flusterstorm,Secrets of Strixhaven: Mystical Archive,872,917,9826.8,9.11,9.49,6.18,4.171240395170152,-32.16245883644347,$5-10
687599,Turbulent Moor,Commander: Secrets of Strixhaven,1139,1568,9816.4,5.49,6.49,4.67,18.21493624772313,-14.936247723132972,$5-10
633131,The Fire Crystal,FINAL FANTASY,1459,1558,9808.77,6.09,8.49,5.1000000000000005,39.4088669950739,-16.256157635467968,$5-10
504612,Ashnod's Altar,Commander Masters,592,635,9792.95,14.98,19.99,14.57,33.44459279038717,-2.7369826435247004,$10-20
563225,Urza's Saga (White Border),Mystery Booster 2,246,283,9786.07,35.65,49.99,39.07,40.224403927068735,9.593267882187943,$20-50
498382,"Sauron, the Dark Lord (Showcase)",Universes Beyond: The Lord of the Rings: Tales of Middle-earth,407,436,9776.89,21.39,22.99,20.56,7.48013090229078,-3.880317905563356,$20-50
457276,Worldly Tutor (Borderless),Dominaria Remastered,339,345,9730.65,28.75,32.99,24.46,14.747826086956529,-14.92173913043478,$20-50
179462,Demonic Tutor,Ultimate Masters,142,143,9702.21,69.41,69.99,63.2,0.8356144647745258,-8.946837631465199,$50-100
10493,Flooded Strand,Onslaught,53,76,9702.1,117.04,129.99,72.94,11.064593301435409,-37.67942583732058,$100-200
697124,"Captain Marvel, Shooting Star",Commander: Marvel Super Heroes,463,480,9688.24,18.17,22.99,16.81,26.527242707760024,-7.484865162355547,$10-20
656542,"Jaws, Relentless Predator",Secret Lair Drop Series,62,62,9670.97,171.11,229.99,191.72,34.41061305592893,12.04488340833381,$100-200
490422,"Etali, Primal Conqueror (Showcase)",March of the Machine,326,326,9654.66,27.48,39.99,29.38,45.52401746724891,6.914119359534202,$20-50
618858,Jumbo Cactuar,FINAL FANTASY,1295,1418,9631.17,4.44,5.99,2.85,34.909909909909906,-35.810810810810814,$2-5
253555,Kessig Flamebreather,Innistrad: Crimson Vow,1058,2467,9596.18,4.08,4.99,3.4,22.303921568627455,-16.66666666666667,$2-5
212004,"Ghidorah, King of the Cosmos - Illuna, Apex of Wishes",Ikoria: Lair of Behemoths,108,108,9556.67,83.28,89.99,89.26,8.057156580211327,7.180595581171954,$50-100
623986,Arid Mesa (Borderless),Special Guests,158,164,9540.56,54.57,57.99,55.16,6.267179769103906,1.0811801356056372,$50-100
686538,"Ral Zarek, Guest Lecturer",Secrets of Strixhaven,1494,1812,9524.35,1.65,1.99,1.04,20.606060606060613,-36.96969696969696,$1-2
687548,Ohran Frostfang,Commander: Secrets of Strixhaven,1471,1951,9478.31,5.67,7.49,5.15,32.098765432098766,-9.171075837742498,$5-10
499732,Cavern-Hoard Dragon,Commander: The Lord of the Rings: Tales of Middle-earth,633,708,9477.98,14.15,21.99,13.79,55.40636042402826,-2.544169611307429,$10-20
552348,Ruby Medallion (Borderless),Modern Horizons 3,336,367,9467.17,20.35,29.99,19.72,47.37100737100735,-3.095823095823108,$20-50
532911,Raucous Theater,Murders at Karlov Manor,793,871,9465.19,9.67,15.99,10.22,65.35677352637022,5.687693898655644,$5-10
139830,Teferi's Protection,Commander 2017,193,193,9464.55,49.85,57.99,43.49,16.32898696088265,-12.75827482447342,$20-50
651337,"Electro, Assaulting Battery",Marvel's Spider-Man,1477,1603,9463.41,6.35,9.49,3.64,49.44881889763781,-42.677165354330704,$5-10
34444,Stoneforge Mystic,Worldwake,291,332,9456.93,29.32,42.99,28.61,46.62346521145976,-2.421555252387452,$20-50
517549,"Indominus Rex, Alpha (Borderless)",Universes Beyond: Jurassic World Collection,378,396,9450.57,23.59,21.99,20.65,-6.7825349724459585,-12.462908011869441,$20-50
643700,Super State,Secret Lair Drop Series,465,494,9449.69,23.54,23.99,21.32,1.9116397621070491,-9.430756159728118,$20-50
630960,"Clive, Ifrit's Dominant (0318) (Borderless)",FINAL FANTASY,264,265,9448.15,29.22,32.99,29.16,12.90212183436004,-0.20533880903490323,$20-50
541273,Psychic Frog,Modern Horizons 3,1295,1875,9447.23,5.67,8.49,4.39,49.73544973544974,-22.574955908289247,$5-10
614416,Riverpyre Verge (Borderless),Aetherdrift,343,393,9444.14,19.14,27.99,19.95,46.23824451410657,4.231974921630087,$10-20
273002,Ancient Copper Dragon (Showcase),Commander Legends: Battle for Baldur's Gate,86,86,9435.78,107.54,149.99,106.25,39.473684210526315,-1.1995536544541623,$100-200
687602,Turbulent Steppe,Commander: Secrets of Strixhaven,1173,1643,9420.26,3.78,6.49,3.12,71.69312169312171,-17.460317460317455,$2-5
696652,The Serpent Society,Marvel Super Heroes,2031,3348,9407.67,0.7,1.29,0.15,84.28571428571429,-78.57142857142857,$0-1
686581,Stormcarved Coast,Secrets of Strixhaven,2575,3294,9405.92,2.47,3.49,1.39,41.29554655870445,-43.72469635627531,$2-5
265346,Jetmir's Garden,Streets of New Capenna,527,549,9391.55,17.41,21.99,14.71,26.30672027570361,-15.508328546812173,$10-20
615740,Monument to Endurance (Extended Art),Aetherdrift,510,536,9380.9,19.3,29.99,19.17,55.388601036269414,-0.6735751295336736,$10-20
624139,Dracogenesis,Tarkir: Dragonstorm,726,753,9358.68,12.74,13.99,10.31,9.811616954474097,-19.073783359497643,$10-20
638816,Tifa Lockhart (Borderless),MagicFest Cards,4,4,9351.09,1360.38,1999.99,1771.4,47.01700995310133,30.21361678354577,$200+
675584,"Lorehold, the Historian",Secrets of Strixhaven,1871,2087,9347.42,1.77,1.49,0.96,-15.819209039548024,-45.76271186440678,$1-2
179517,Mana Vault,Ultimate Masters,80,82,9342.41,115.91,119.99,108.63,3.5199723923733917,-6.280735053058409,$100-200
553539,The Reaver Cleaver,Commander: Modern Horizons 3,663,684,9341.96,17.9,21.99,15.61,22.849162011173185,-12.793296089385473,$10-20
690170,Flusterstorm (JP Alternate Art),Secrets of Strixhaven: Mystical Archive,260,268,9337.46,22.08,39.99,19.79,81.11413043478262,-10.3713768115942,$20-50
498359,Nazgul (0336),Universes Beyond: The Lord of the Rings: Tales of Middle-earth,395,401,9335.03,22.57,27.99,22.92,24.014178112538758,1.5507310589277865,$20-50
33417,Scalding Tarn,Zendikar,193,232,9334.36,40.35,54.99,39.95,36.28252788104089,-0.9913258983890918,$20-50
623865,"Elspeth, Storm Slayer (Borderless)",Tarkir: Dragonstorm,207,214,9324.49,39.66,47.99,39.34,21.00353000504288,-0.8068582955118336,$20-50
180774,Phyrexian Altar,Ultimate Masters,166,168,9319.31,57.73,64.99,56.370000000000005,12.575783821236788,-2.3557942144465485,$50-100
187125,Emergence Zone,War of the Spark,1141,1345,9309.32,4.17,5.99,3.85,43.64508393285372,-7.67386091127098,$2-5
662388,Enlightened Tutor (Showcase),Avatar: The Last Airbender: Eternal-Legal,219,220,9299.52,40.27,44.99,38.56,11.72088403277874,-4.246337223739759,$20-50
624267,Mistrise Village,Tarkir: Dragonstorm,960,1036,9288.29,9.29,13.99,7.36,50.592034445640486,-20.77502691065661,$5-10
478277,"Mondrak, Glory Dominus (Showcase)",Phyrexia: All Will Be One,210,210,9276.06,43.21,57.99,44.54,34.20504512844249,3.077991205739408,$20-50
517449,"Arwen, Mortal Queen (Borderless Poster)",Universes Beyond: The Lord of the Rings: Tales of Middle-earth,118,119,9274.21,68.94,109.99,156.08,59.544531476646355,126.39976791412826,$50-100
498361,Nazgul (0338),Universes Beyond: The Lord of the Rings: Tales of Middle-earth,395,406,9265.16,24.06,29.99,20.63,24.646716541978385,-14.25602660016625,$20-50
686617,"Quandrix, the Proof (Borderless)",Secrets of Strixhaven,754,769,9248.3,5.69,5.99,4.13,5.2724077328646715,-27.416520210896316,$5-10
641870,Sliver Overlord (Showcase),Special Guests,286,298,9243.1,32.0,34.99,30.72,9.343750000000007,-4.0000000000000036,$20-50
541392,"Lumra, Bellow of the Woods (Borderless) (0342)",Bloomburrow,127,127,9240.45,60.46,64.99,57.6,7.492557062520665,-4.730400264637776,$50-100
643901,Green Sun's Zenith (Showcase),Special Guests,252,270,9215.49,28.86,37.99,29.17,31.635481635481643,1.074151074151082,$20-50
686589,Swamp (0269),Secrets of Strixhaven,2420,6901,9213.73,0.77,1.29,0.35,67.53246753246754,-54.545454545454554,$0-1
589385,"General Kreat, the Boltbringer (Anime)",Foundations Jumpstart,982,1230,9202.27,5.76,9.99,5.17,73.43750000000001,-10.243055555555554,$5-10
687556,"Ozolith, the Shattered Spire",Commander: Secrets of Strixhaven,1607,1915,9198.38,5.0,7.49,4.82,49.800000000000004,-3.5999999999999943,$5-10
541291,Wooded Foothills (Retro Frame),Modern Horizons 3,177,208,9196.35,30.01,32.99,27.61,9.93002332555815,-7.997334221926031,$20-50
575065,"Valgavoth, Terror Eater",Duskmourn: House of Horror,532,562,9186.05,16.54,22.99,15.37,38.99637243047158,-7.0737605804111245,$10-20
541285,Flooded Strand (Retro Frame),Modern Horizons 3,172,192,9178.87,24.69,29.99,23.37,21.466180639935185,-5.34629404617254,$20-50
632636,Summon: Knights of Round (Borderless),FINAL FANTASY,345,350,9175.37,25.34,29.99,22.9,18.350434096290442,-9.629044988161017,$20-50
671075,Goblin Sharpshooter (Borderless),Special Guests,335,339,9168.18,24.4,32.99,25.42,35.2049180327869,4.180327868852472,$20-50
503467,Deadly Rollick (Borderless),Commander Masters,242,242,9166.22,35.05,42.99,35.42,22.653352353780328,1.0556348074179873,$20-50
286158,Bloodthirster,"Universes Beyond: Warhammer 40,000",277,280,9161.09,31.76,32.99,30.73,3.8727959697733008,-3.2430730478589456,$20-50
272576,Irenicus's Vile Duplication,Commander Legends: Battle for Baldur's Gate,725,764,9118.42,12.82,17.99,11.45,40.32761310452417,-10.68642745709829,$10-20
9627,Cabal Coffers,Torment,279,289,9117.75,33.96,37.99,27.81,11.866902237926976,-18.10954063604241,$20-50
686608,"Silverquill, the Disputant",Secrets of Strixhaven,1741,1900,9115.14,1.99,1.29,1.01,-35.175879396984925,-49.246231155778894,$1-2
688848,Berserk,Secrets of Strixhaven: Mystical Archive,1041,1125,9104.18,7.32,8.49,7.15,15.983606557377048,-2.3224043715846987,$5-10
1372,Copy Artifact,Revised Edition,180,186,9103.3,65.24,89.99,28.01,37.93684855916616,-57.066217044757806,$50-100
698116,Luxury Suite,Commander: Marvel Super Heroes,556,776,9099.87,8.74,11.99,8.64,37.18535469107551,-1.1441647597253963,$5-10
240300,"Ragavan, Nimble Pilferer (Borderless)",Modern Horizons 2,121,133,9087.24,60.24,64.99,58.48,7.8851261620185795,-2.92164674634795,$50-100
513420,Throne of Eldraine,Commander: Wilds of Eldraine,267,269,9086.98,30.03,42.99,31.51,43.15684315684315,4.928404928404929,$20-50
630713,"Tifa, Martial Artist (Borderless)",Commander: FINAL FANTASY,214,214,9079.43,36.6,37.99,37.2,3.797814207650275,1.6393442622950858,$20-50
10527,Mana Echoes,Onslaught,165,169,9078.27,56.12,64.99,48.97,15.805416963649318,-12.740555951532428,$50-100
679230,Undercity Sewers (Borderless),Teenage Mutant Ninja Turtles Source Material,768,868,9072.05,8.64,16.99,9.11,96.64351851851849,5.439814814814802,$5-10
267055,Sea of Clouds,Commander Legends: Battle for Baldur's Gate,468,472,9071.15,18.72,29.99,19.46,60.20299145299145,3.952991452991464,$10-20
532966,Thundering Falls (Borderless),Murders at Karlov Manor,328,361,9067.33,20.63,32.99,20.07,59.912748424624354,-2.714493456131841,$20-50
679576,"Irma, Part-Time Mutant",Commander: Teenage Mutant Ninja Turtles,1269,1712,9064.91,4.81,7.49,4.12,55.71725571725573,-14.345114345114334,$2-5
696288,Namor the Sub-Mariner (Borderless) (0362),Marvel Super Heroes,718,772,9056.14,14.35,16.99,14.41,18.397212543553998,0.41811846689895815,$10-20
662547,Ba Sing Se,Avatar: The Last Airbender,1502,1824,9050.84,4.2,6.49,3.59,54.52380952380952,-14.52380952380953,$2-5
276254,Teferi's Protection,Double Masters 2022,168,168,9032.59,51.76,49.99,47.27,-3.41962905718701,-8.674652241112819,$50-100
204134,Rhystic Study,The List Reprints,137,140,9018.34,70.54,79.99,63.56,13.39665438049332,-9.895094981570745,$50-100
499218,Palantir of Orthanc,Universes Beyond: The Lord of the Rings: Tales of Middle-earth,386,392,9007.17,21.33,24.99,21.1,17.158931082981717,-1.07829348335676,$20-50
619643,Mox Jasper,Tarkir: Dragonstorm,562,650,9001.69,11.62,15.99,9.84,37.60757314974184,-15.318416523235795,$10-20
451976,Unwinding Clock,The Brothers' War: Retro Frame Artifacts,453,458,8968.21,21.85,24.99,18.46,14.370709382151015,-15.514874141876431,$20-50
262128,Kodama of the West Tree,Kamigawa: Neon Dynasty,404,407,8963.96,21.7,24.99,19.62,15.161290322580642,-9.58525345622119,$20-50
591203,Banner of Kinship,Foundations,1410,1574,8959.01,7.59,10.99,6.140000000000001,44.79578392621871,-19.104084321475618,$5-10
624655,Seedborn Muse,Commander: Tarkir: Dragonstorm,619,641,8945.89,15.52,20.99,14.62,35.24484536082473,-5.798969072164951,$10-20
498352,Mirkwood Bats,Universes Beyond: The Lord of the Rings: Tales of Middle-earth,2157,2781,8920.94,1.34,1.49,1.05,11.194029850746261,-21.64179104477612,$1-2
11370,Quicksilver Elemental,Mirrodin,355,384,8903.75,23.1,22.99,14.46,-0.47619047619048904,-37.4025974025974,$20-50
276270,Sensei's Divining Top,Double Masters 2022,194,198,8888.37,41.73,49.99,39.58,19.79391325185719,-5.15216870357057,$20-50
559037,Dawn's Truce,Bloomburrow,965,1038,8887.05,8.41,13.99,7.72,66.34958382877527,-8.204518430439958,$5-10
499188,Flowering of the White Tree,Universes Beyond: The Lord of the Rings: Tales of Middle-earth,870,889,8863.69,10.68,13.99,9.89,30.992509363295884,-7.397003745318344,$10-20
641796,Ouroboroid (Extended Art),Edge of Eternities,154,168,8860.98,46.47,47.99,48.0,3.2709274800946915,3.292446739832152,$20-50
9439,Tainted Pact,Odyssey,142,142,8851.08,40.32,44.99,32.49,11.582341269841274,-19.41964285714285,$20-50
618881,"Tidus, Yuna's Guardian (Borderless)",Commander: FINAL FANTASY,221,222,8842.18,39.32,34.99,35.660000000000004,-11.01220752797558,-9.308240081383511,$20-50
267052,Ancient Brass Dragon,Commander Legends: Battle for Baldur's Gate,199,202,8836.47,43.7,47.99,42.43,9.816933638443933,-2.9061784897025245,$20-50
524419,Bloodletter of Aclazotz (Borderless),The Lost Caverns of Ixalan,252,256,8833.01,32.04,42.99,32.58,34.17602996254683,1.6853932584269637,$20-50
449626,Force of Will (Borderless),Dominaria Remastered,115,122,8831.35,61.65,74.99,54.88,21.6382806163828,-10.981346309813457,$50-100
279241,Mystic Remora (Borderless),Secret Lair Drop Series,117,117,8828.33,60.93,69.99,55.77,14.869522402757255,-8.468734613490886,$50-100
11418,Krark-Clan Shaman,Mirrodin,569,1258,8824.1,8.25,9.99,5.21,21.090909090909093,-36.848484848484844,$5-10
535882,Jeska's Will,Commander: Murders at Karlov Manor,213,215,8815.45,41.85,44.99,41.12,7.50298685782557,-1.7443249701314314,$20-50
513893,Primal Vigor,Wilds of Eldraine: Enchanting Tales,720,748,8814.14,10.99,10.99,10.32,0.0,-6.096451319381255,$10-20
452124,Diabolic Intent,The Brothers' War,492,523,8806.29,17.33,20.99,15.1,21.119446047316796,-12.86785920369301,$10-20
583907,"Miku, Divine Diva - Elspeth Tirel",Secret Lair Drop Series,133,194,8795.32,75.55,74.99,64.18,-0.7412309728656549,-15.04963600264724,$50-100
687584,Three Visits,Commander: Secrets of Strixhaven,1305,1612,8779.92,5.3,6.99,4.94,31.8867924528302,-6.79245283018867,$5-10
3957,Moat,Legends,12,12,8770.94,872.56,1099.99,794.24,26.064683230952607,-8.975887045016954,$200+
239195,Tiamat,Adventures in the Forgotten Realms,306,347,8757.48,23.2,27.99,21.95,20.64655172413793,-5.387931034482759,$20-50
687375,Animate Dead,Commander: Secrets of Strixhaven,1366,1821,8734.47,5.38,7.49,4.75,39.21933085501859,-11.710037174721188,$5-10
541295,Flooded Strand (Borderless),Modern Horizons 3,188,209,8713.78,32.26,37.99,31.9,17.761934283942978,-1.1159330440173574,$20-50
71042,"Purphoros, God of the Forge",Theros,297,308,8712.37,29.88,37.99,27.19,27.14190093708167,-9.002677376171345,$20-50
696328,"Thanos, the Mad Titan",Marvel Super Heroes,1424,1681,8712.32,2.15,2.49,0.91,15.813953488372107,-57.67441860465116,$2-5
248212,The Meathook Massacre,Innistrad: Midnight Hunt,305,311,8707.87,27.0,34.99,25.74,29.5925925925926,-4.666666666666672,$20-50
504953,"Avacyn, Angel of Hope",Commander Masters,232,240,8695.38,39.52,42.99,30.54,8.780364372469633,-22.722672064777335,$20-50
559849,Helm of the Host,Commander: Bloomburrow,886,958,8677.53,8.37,8.49,7.140000000000001,1.4336917562724134,-14.695340501792101,$5-10
490536,Tribute to the World Tree,March of the Machine,629,660,8674.87,13.76,21.99,13.02,59.81104651162789,-5.377906976744188,$10-20
696284,Bruce Banner (Borderless) (0331),Marvel Super Heroes,314,319,8673.05,19.08,20.99,17.19,10.010482180293502,-9.905660377358476,$10-20
277161,Smothering Tithe,Double Masters 2022,153,153,8669.41,55.99,64.99,56.25,16.074298981961054,0.46436863725664945,$50-100
273396,Ancient Silver Dragon (Borderless),Commander Legends: Battle for Baldur's Gate,95,95,8660.85,83.54,119.99,74.86,43.63179315298059,-10.390232224084277,$50-100
541296,Bloodstained Mire (Borderless),Modern Horizons 3,192,205,8659.56,32.63,42.99,35.68,31.74992338338952,9.347226478700572,$20-50
92832,Windswept Heath,Khans of Tarkir,605,731,8651.95,10.96,15.99,10.42,45.8941605839416,-4.92700729927008,$10-20
162284,Gaea's Cradle - 1999 Matt Linde (USG),World Championship Decks,31,33,8642.56,310.45,349.99,236.38,12.73635045901112,-23.858914478982122,$200+
558384,Ms. Bumbleflower (Borderless),Commander: Bloomburrow,822,1416,8634.83,5.51,11.99,4.16,117.60435571687842,-24.500907441016327,$5-10
512614,Parallel Lives,Wilds of Eldraine: Enchanting Tales,221,222,8626.48,39.79,44.99,34.5,13.068610203568742,-13.294797687861271,$20-50
630934,Tifa Lockhart (Borderless),FINAL FANTASY,603,627,8615.78,12.97,15.99,10.4,23.284502698535075,-19.814957594448728,$10-20
624008,Verdant Catacombs (Borderless),Special Guests,154,161,8582.81,48.49,57.99,48.34,19.59166838523407,-0.3093421323984297,$20-50
696286,Tony Stark (Borderless) (0350),Marvel Super Heroes,365,373,8579.55,19.91,23.99,17.7,20.492214967353082,-11.099949773982926,$10-20
692403,Forest (0035),Secret Lair Showdown,179,433,8571.31,7.95,12.99,9.29,63.39622641509434,16.855345911949673,$5-10
509527,Greater Auramancy,Wilds of Eldraine: Enchanting Tales,247,249,8566.39,32.6,34.99,29.15,7.331288343558285,-10.582822085889578,$20-50
7580,Phyrexian Altar,Invasion,122,122,8564.73,68.53,94.99,58.13,38.61082737487231,-15.175835400554499,$50-100
191735,Altar of Dementia,Modern Horizons,472,484,8553.57,17.07,22.99,16.1,34.680726420620964,-5.682483889865254,$10-20
457269,Worldly Tutor,Dominaria Remastered,297,306,8545.58,27.31,37.99,25.0,39.10655437568658,-8.458440131819842,$20-50
625928,Deadly Rollick,Secret Lair Drop Series,313,327,8543.77,26.74,27.99,26.87,4.674644727000748,0.48616305160808737,$20-50
648645,"Appa, Steadfast Guardian",Avatar: The Last Airbender,938,1036,8542.19,6.44,9.99,6.38,55.12422360248447,-0.931677018633548,$5-10
696442,Hidden Lair (Borderless),Marvel Super Heroes,1036,1346,8541.15,4.21,6.99,3.34,66.0332541567696,-20.665083135391924,$2-5
10222,Cabal Therapy,Judgment,204,368,8514.89,24.24,24.99,16.740000000000002,3.0940594059405946,-30.940594059405928,$20-50
272747,Avenging Hunter,Commander Legends: Battle for Baldur's Gate,770,1758,8514.15,4.79,7.49,4.68,56.36743215031316,-2.296450939457209,$2-5
517523,"Ghalta, Stampede Tyrant (Borderless)",The Lost Caverns of Ixalan,271,272,8512.4,29.99,34.99,29.14,16.672224074691577,-2.834278092697559,$20-50
591055,"Aurelia, the Warleader",Foundations,1209,1438,8502.9,4.61,5.49,3.5,19.088937093275486,-24.078091106290678,$2-5
448902,Necropotence,Secret Lair Countdown Kit,153,154,8502.44,47.12,49.99,48.85,6.090831918505953,3.671477079796274,$20-50
623916,Ureni of the Unwritten (Borderless),Commander: Tarkir: Dragonstorm,772,910,8499.99,13.0,24.99,10.42,92.23076923076921,-19.846153846153847,$10-20
590879,Scrawling Crawler,Foundations,1328,1425,8496.06,6.67,11.99,5.21,79.76011994003,-21.88905547226387,$5-10
548578,Orim's Chant,Modern Horizons 3,1029,1422,8495.33,5.76,8.99,4.16,56.07638888888889,-27.777777777777775,$5-10
631155,Clever Concealment,Commander: FINAL FANTASY,1139,1369,8482.05,5.52,6.99,5.48,26.63043478260871,-0.7246376811594049,$5-10
203369,Teferi's Protection,The List Reprints,165,166,8459.25,52.85,49.99,41.4,-5.41154210028382,-21.665089877010413,$50-100
688844,Awaken the Woods (JP Alternate Art),Secrets of Strixhaven: Mystical Archive,259,266,8456.64,21.85,23.99,22.89,9.794050343249413,4.759725400457661,$20-50
5717,Seeker of Skybreak,Tempest,1179,2598,8451.97,4.52,6.49,3.85,43.584070796460196,-14.823008849557512,$2-5
519544,Quantum Misalignment,Universes Beyond: Doctor Who,418,442,8436.13,12.07,16.99,10.86,40.762220381110176,-10.024855012427512,$10-20
660579,"Avatar Kyoshi, Earthbender",Avatar: The Last Airbender: Eternal-Legal,466,466,8433.33,14.79,19.99,11.99,35.15889114266396,-18.93171061528059,$10-20
239741,Subtlety,Modern Horizons 2,438,613,8431.77,15.88,16.99,14.02,6.989924433249355,-11.71284634760706,$10-20
631008,"Lightning, Army of One",FINAL FANTASY,774,813,8431.7,8.84,13.99,7.640000000000001,58.2579185520362,-13.574660633484156,$5-10
688657,Restoration Seminar (Borderless),Secrets of Strixhaven,871,924,8430.53,6.07,5.99,4.88,-1.3179571663920933,-19.60461285008238,$5-10
449583,Force of Will,Dominaria Remastered,120,126,8428.43,62.64,74.99,61.55,19.715836526181345,-1.7401021711366593,$50-100
688687,Planar Engineering,Secrets of Strixhaven,2910,3866,8409.43,1.53,0.79,0.52,-48.36601307189542,-66.01307189542483,$1-2
33365,Marsh Flats,Zendikar,230,253,8398.17,32.5,44.99,33.33,38.430769230769236,2.5538461538461488,$20-50
687413,Ghostly Prison,Commander: Secrets of Strixhaven,1325,1859,8387.09,5.2,6.49,4.39,24.807692307692307,-15.576923076923086,$5-10
221901,Bala Ged Recovery,Zendikar Rising,1178,1250,8375.24,6.15,7.99,6.18,29.918699186991866,0.4878048780487701,$5-10
541279,"Ajani, Nacatl Pariah",Modern Horizons 3,701,921,8373.25,9.44,13.99,7.99,48.19915254237289,-15.360169491525417,$5-10
696672,Cosmic Cube (Borderless) (0312),Marvel Super Heroes,416,429,8356.5,26.16,27.99,30.67,6.99541284403669,17.240061162079517,$20-50
614431,Wastewood Verge,Aetherdrift,656,745,8352.31,9.28,13.99,9.06,50.7543103448276,-2.3706896551724017,$5-10
235964,Sedgemoor Witch,Strixhaven: School of Mages,867,971,8349.02,6.08,9.49,4.15,56.08552631578948,-31.743421052631575,$5-10
234032,Gemstone Caverns,Time Spiral: Remastered,139,143,8344.09,53.68,74.99,57.29,39.69821162444113,6.725037257824142,$50-100
18079,Thornbite Staff,Morningtide,442,455,8341.88,22.38,21.99,12.74,-1.7426273458445065,-43.07417336907953,$20-50
498364,Nazgul (0332),Universes Beyond: The Lord of the Rings: Tales of Middle-earth,386,397,8329.52,22.03,24.99,18.75,13.436223331820232,-14.888788016341357,$20-50
596272,Edgar Markov,Innistrad Remastered,165,179,8322.6,43.75,39.99,36.47,-8.59428571428571,-16.64,$20-50
66420,Steam Vents,Return to Ravnica,555,660,8314.5,11.46,19.99,11.81,74.43280977312389,3.0541012216404853,$10-20
518154,Glamdring (Borderless Poster),Universes Beyond: The Lord of the Rings: Tales of Middle-earth,94,97,8311.55,78.64,119.99,172.9,52.581383519837225,119.86266531027468,$50-100
632197,Cecil Harvey - Tymna the Weaver (Showcase),FINAL FANTASY: Through the Ages,464,470,8285.75,10.49,12.99,11.46,23.83222116301239,9.246901811248815,$10-20
686586,Plains (0267),Secrets of Strixhaven,2291,6778,8276.01,1.22,1.79,0.6,46.72131147540984,-50.81967213114754,$1-2
479312,All Will Be One,Phyrexia: All Will Be One,470,480,8274.82,14.9,17.99,11.4,20.738255033557035,-23.48993288590604,$10-20
517547,Welcome to . . .,Universes Beyond: Jurassic World Collection,288,290,8274.17,31.32,34.99,28.91,11.71775223499362,-7.694763729246488,$20-50
662785,"Toph, Earthbending Master (Extended Art)",Avatar: The Last Airbender: Eternal-Legal,167,167,8252.55,49.43,54.99,45.95,11.248229819947406,-7.040258952053402,$20-50
273798,Jeska's Will,Commander Legends: Battle for Baldur's Gate,190,196,8242.47,40.19,47.99,41.87,19.407812888778313,4.180144314506096,$20-50
5321,Constant Mists,Stronghold,429,454,8242.0,19.73,23.99,17.740000000000002,21.591485048150012,-10.086163203243784,$10-20
243046,Circle of Dreams Druid,Adventures in the Forgotten Realms,584,602,8234.5,14.39,21.99,14.43,52.81445448227934,0.2779708130646223,$10-20
6667,Rishadan Port,Mercadian Masques,53,80,8234.4,107.29,119.99,62.5,11.83707708080901,-41.74666790940442,$100-200
679638,Undergrowth Stadium,Commander: Teenage Mutant Ninja Turtles,1309,1510,8232.74,6.32,7.99,5.21,26.42405063291139,-17.563291139240512,$5-10
512160,Beseech the Mirror,Wilds of Eldraine,375,402,8230.47,19.28,24.99,20.11,29.616182572614093,4.304979253112024,$10-20
686577,Library of Leng (Borderless),Special Guests,615,627,8227.66,10.7,9.49,8.24,-11.308411214953264,-22.99065420560747,$10-20
562493,Thassa's Oracle (Future Sight),Mystery Booster 2,284,286,8218.8,21.67,27.99,19.76,29.16474388555605,-8.814028610982925,$20-50
517243,"Galadriel, Light of Valinor (Borderless)",Commander: The Lord of the Rings: Tales of Middle-earth,374,374,8217.05,22.88,42.99,23.96,87.89335664335665,4.720279720279728,$20-50
576514,Floodfarm Verge,Duskmourn: House of Horror,759,950,8211.24,8.13,11.99,7.47,47.47847478474784,-8.11808118081182,$5-10
643899,Burgeoning (Showcase),Special Guests,276,279,8204.3,26.91,29.99,29.15,11.445559271646221,8.324043106651796,$20-50
696423,Defense of the Heart (Borderless),Marvel Universe Eternal-Legal,814,901,8203.72,9.21,11.99,9.62,30.184581976112913,4.451682953311599,$5-10
614401,Bleachbone Verge,Aetherdrift,645,750,8197.75,11.14,13.99,7.29,25.5834829443447,-34.56014362657092,$10-20
259290,Unstable Harmonics - Rhystic Study,Secret Lair Drop Series,127,130,8195.61,63.88,84.99,64.6,33.04633688165309,1.1271133375078144,$50-100
552286,Sapphire Medallion,Modern Horizons 3,1337,1401,8189.04,8.09,9.49,4.16,17.305315203955505,-48.57849196538936,$5-10
164377,Cabal Stronghold,Dominaria,609,625,8186.24,11.91,15.99,11.46,34.25692695214106,-3.77833753148614,$10-20
624578,Cori-Steel Cutter,Tarkir: Dragonstorm,1036,1442,8186.0,5.64,8.49,3.69,50.531914893617035,-34.57446808510638,$5-10
552859,Springheart Nantuko,Modern Horizons 3,1521,1685,8183.56,5.59,7.49,3.9,33.98926654740609,-30.23255813953488,$5-10
552889,Phyrexian Tower (Borderless),Modern Horizons 3,161,166,8181.24,42.84,54.99,39.58,28.36134453781512,-7.6097105508870335,$20-50
698193,Birds of Paradise,Commander: Marvel Super Heroes,673,1082,8179.93,8.07,13.99,9.1,73.35811648079306,12.763320941759595,$5-10
239185,Scalding Tarn (Retro Frame),Modern Horizons 2,143,161,8166.59,44.69,57.99,45.84,29.76057283508616,2.5732826135600932,$20-50
532899,Undercity Sewers (Borderless),Murders at Karlov Manor,218,232,8147.26,20.62,29.99,19.99,45.44131910766245,-3.055286129970914,$20-50
163960,Survival of the Fittest - 1998 Brian Selden (EXO),World Championship Decks,81,121,8135.2,76.88,89.99,76.06,17.0525494276795,-1.066597294484903,$50-100
696434,Ravenous Tyrannosaurus (Borderless),Marvel Universe Eternal-Legal,789,842,8127.41,10.56,10.99,8.89,4.071969696969694,-15.81439393939394,$10-20
3825,Chains of Mephistopheles,Legends,10,11,8124.97,1183.06,1299.99,1094.1,9.883691444220924,-7.519483373624333,$200+
484935,The Ur-Dragon,Commander Masters,201,202,8123.54,41.72,39.99,30.61,-4.1466922339405485,-26.62991371045062,$20-50
558350,"Ral, Crackling Wit",Bloomburrow,499,522,8120.28,12.44,16.99,12.99,36.575562700964625,4.421221864951774,$10-20
212691,Zagoth Triome,Ikoria: Lair of Behemoths,316,319,8107.72,23.0,29.99,22.76,30.391304347826082,-1.0434782608695583,$20-50
671008,Painter's Servant (Borderless),Special Guests,230,238,8101.29,33.28,37.99,34.31,14.152644230769232,3.0949519230769265,$20-50
687372,Toxic Deluge,Commander: Secrets of Strixhaven,1133,1542,8099.21,5.08,6.49,4.26,27.755905511811026,-16.14173228346457,$5-10
525597,Spitting Dilophosaurus (Borderless),Universes Beyond: Jurassic World Collection,240,240,8095.69,29.74,32.99,27.25,10.928043039677215,-8.372562205783451,$20-50
276504,Green Sun's Zenith,Double Masters 2022,274,296,8091.38,30.27,32.99,27.55,8.985794516022473,-8.98579451602246,$20-50
642437,Consult the Star Charts,Edge of Eternities,1175,1912,8086.17,2.41,5.49,2.29,127.80082987551866,-4.979253112033199,$2-5
544208,Slickshot Show-Off,Outlaws of Thunder Junction,888,1302,8085.62,5.81,9.49,4.37,63.33907056798624,-24.784853700516344,$5-10
6275,Yavimaya Hollow,Urza's Destiny,106,108,8076.89,77.27,84.99,46.07,9.990940856736119,-40.37789569043613,$50-100
534080,Archdruid's Charm,Murders at Karlov Manor,1010,1215,8071.6,6.72,9.49,6.25,41.2202380952381,-6.994047619047615,$5-10
623012,"Celes, Rune Knight (Borderless)",Commander: FINAL FANTASY,231,231,8069.3,31.87,42.99,31.33,34.89174772513336,-1.694383432695333,$20-50
498459,"Fangorn Forest - Yavimaya, Cradle of Growth (Borderless)",Commander: The Lord of the Rings: Tales of Middle-earth,158,158,8050.09,52.07,69.99,49.99,34.415210293835216,-3.9946226233915847,$50-100
239196,Tiamat (Borderless),Adventures in the Forgotten Realms,176,185,8047.11,37.83,44.99,34.37,18.9267776896643,-9.146180280200902,$20-50
82901,Treasonous Ogre,Conspiracy,401,410,8041.76,19.54,29.99,20.33,53.48004094165814,4.042988741044009,$10-20
609688,"Avacyn, Angel of Hope (Showcase)",Innistrad Remastered,189,191,8036.7,41.17,47.99,38.03,16.565460286616467,-7.626912800582949,$20-50
457178,Vampiric Tutor,Dominaria Remastered,131,131,8025.83,58.03,57.99,56.22,-0.0689298638635174,-3.119076339824233,$50-100
668475,World War Hulk,Marvel Super Heroes,1995,3290,8018.85,0.96,2.49,0.76,159.37500000000003,-20.83333333333333,$0-1
206642,Underworld Breach,Theros Beyond Death,673,688,8007.94,10.45,11.99,8.63,14.736842105263168,-17.41626794258372,$10-20
619704,Mox Jasper (Showcase),Tarkir: Dragonstorm,270,282,8005.83,19.44,20.99,16.67,7.973251028806569,-14.248971193415635,$10-20
39543,Mental Misstep,New Phyrexia,540,564,8000.35,8.66,9.99,6.3500000000000005,15.35796766743649,-26.6743648960739,$5-10
589424,Bloodthirsty Conqueror (Borderless),Foundations,192,192,7998.4,42.72,47.99,41.26,12.336142322097386,-3.4176029962546837,$20-50
630980,"Sephiroth, Fabled SOLDIER (Extended Art)",FINAL FANTASY,123,124,7991.49,46.01,49.99,41.68,8.650293414475122,-9.410997609215386,$20-50
10206,Mental Note,Judgment,399,892,7968.56,8.3,10.99,4.68,32.409638554216855,-43.61445783132531,$5-10
10829,Decree of Silence,Scourge,171,227,7959.14,35.08,32.99,22.92,-5.9578107183580284,-34.663625997719485,$20-50
4332,Hatred,Exodus,145,156,7951.26,63.27,54.99,53.54,-13.086770981507826,-15.378536431168015,$50-100
558444,"Chatterfang, Squirrel General (Borderless)",Commander: Bloomburrow,178,179,7947.77,45.5,47.99,47.11,5.472527472527477,3.5384615384615374,$20-50
499750,Swan Song,Commander: The Lord of the Rings: Tales of Middle-earth,839,889,7945.57,8.75,13.99,9.15,59.885714285714286,4.571428571428576,$5-10
696413,Counterspell (Borderless) (0052),Marvel Universe Eternal-Legal,725,758,7939.97,10.62,11.99,10.31,12.900188323917147,-2.9190207156308734,$10-20
532880,Commercial District,Murders at Karlov Manor,877,1030,7930.45,7.89,10.99,7.18,39.29024081115337,-8.99873257287706,$5-10
142012,Revel in Riches,Ixalan,448,463,7923.41,16.16,24.99,16.830000000000002,54.641089108910876,4.146039603960407,$10-20
518167,Spiteful Banditry (Borderless Poster),Universes Beyond: The Lord of the Rings: Tales of Middle-earth,77,80,7917.13,90.73,109.99,114.62,21.22781880304198,26.330871817480432,$50-100
630780,"Yuna, Grand Summoner",Commander: FINAL FANTASY,828,1863,7911.05,3.07,8.49,1.91,176.5472312703583,-37.785016286644954,$2-5
696477,Captain America's Shield,Marvel Super Heroes,2799,3997,7903.99,1.34,2.29,0.81,70.89552238805969,-39.55223880597015,$1-2
679234,Underworld Breach (Borderless),Teenage Mutant Ninja Turtles Source Material,954,994,7896.06,7.58,10.99,7.77,44.9868073878628,2.506596306068595,$5-10
643701,Knuckles the Echidna,Secret Lair Drop Series,394,438,7893.31,18.91,21.99,17.03,16.28767847699629,-9.941829719725009,$10-20
262420,"Takenuma, Abandoned Mire",Kamigawa: Neon Dynasty,690,711,7891.97,12.53,16.99,9.37,35.59457302474062,-25.219473264166005,$10-20
207021,Nyxbloom Ancient,Theros Beyond Death,262,266,7875.02,28.57,32.99,27.5,15.47077353867694,-3.745187259362969,$20-50
504585,Flawless Maneuver (Borderless),Commander Masters,256,260,7861.12,26.39,32.99,28.13,25.00947328533536,6.593406593406588,$20-50
265348,Spara's Headquarters,Streets of New Capenna,548,569,7858.2,13.28,16.99,13.02,27.9367469879518,-1.9578313253012032,$10-20
668462,Doctor Doom,Marvel Super Heroes,1502,1771,7854.71,3.59,6.49,2.08,80.7799442896936,-42.061281337047355,$2-5
504546,"Purphoros, God of the Forge",Commander Masters,252,263,7850.62,30.72,32.99,29.13,7.389322916666677,-5.17578125,$20-50
480503,Teysa Karlov,Secret Lair Drop Series,103,104,7820.7,73.72,84.99,70.74,15.287574606619636,-4.042322300596858,$50-100
630862,The Darkness Crystal,FINAL FANTASY,1447,1545,7820.63,4.65,5.99,4.0600000000000005,28.81720430107526,-12.688172043010749,$2-5
272926,Descent into Avernus,Commander Legends: Battle for Baldur's Gate,568,589,7807.31,12.95,19.99,11.19,54.362934362934354,-13.590733590733588,$10-20
559964,"Chatterfang, Squirrel General",Commander: Bloomburrow,809,944,7806.44,11.39,15.99,10.36,40.38630377524143,-9.043020193151898,$10-20
689366,Veil of Summer,Secrets of Strixhaven: Mystical Archive,1433,1589,7803.3,3.87,6.49,2.99,67.70025839793283,-22.739018087855296,$2-5
230206,Tibalt's Trickery,Kaldheim,701,734,7763.88,9.85,17.99,10.42,82.63959390862942,5.7868020304568555,$5-10
215369,"Rin and Seri, Inseparable",Buy-A-Box Promos,210,244,7763.57,32.94,44.99,31.21,36.58166363084398,-5.251973284760161,$20-50
488290,Sol Ring - Elven (0408),Commander: The Lord of the Rings: Tales of Middle-earth,4,4,7758.97,1657.63,2599.99,2273.69,56.849839831566726,37.16510922220278,$200+
233991,Reiterate,Time Spiral: Remastered,413,420,7758.3,19.27,22.99,18.23,19.30461857810067,-5.396990140114163,$10-20
33252,Arid Mesa,Zendikar,166,205,7756.92,37.81,47.99,25.02,26.92409415498545,-33.82702988627348,$20-50
457251,Enlightened Tutor (Retro Frame),Dominaria Remastered,239,243,7746.79,32.71,37.99,34.78,16.14185264445124,6.328339957199634,$20-50
697079,Iron Man Armor (Extended Art),Marvel Super Heroes,463,480,7742.94,8.34,12.99,7.43,55.755395683453244,-10.91127098321343,$5-10
503565,Deadly Rollick,Commander Masters,273,283,7742.02,26.05,29.99,26.1,15.124760076775424,0.19193857965451327,$20-50
221359,Training Center,Commander Legends,473,483,7740.38,17.81,23.99,17.87,34.699606962380685,0.3368893879842913,$10-20
632688,Shantotto's Coercion - Diabolic Intent (Showcase),FINAL FANTASY: Through the Ages,465,475,7732.99,14.52,20.99,15.06,44.55922865013773,3.719008264462816,$10-20
517259,Nazgul Battle-Mace (Borderless),Commander: The Lord of the Rings: Tales of Middle-earth,384,389,7725.75,22.33,23.99,20.84,7.4339453649798495,-6.672637707120459,$20-50
265349,Raffine's Tower,Streets of New Capenna,523,540,7721.08,13.05,16.99,11.46,30.19157088122603,-12.18390804597701,$10-20
239184,Misty Rainforest (Retro Frame),Modern Horizons 2,137,154,7720.61,44.98,57.99,45.01,28.923966207203218,0.06669630947087848,$20-50
235972,"Blex, Vexing Pest",Strixhaven: School of Mages,610,649,7714.11,12.19,13.99,10.83,14.766201804758005,-11.156685808039372,$10-20
596295,Edgar Markov (Showcase),Innistrad Remastered,198,233,7712.13,35.04,42.99,30.94,22.68835616438357,-11.700913242009127,$20-50
553312,Branching Evolution,Modern Horizons 3,1270,1314,7708.74,6.79,9.99,5.72,47.12812960235641,-15.758468335787928,$5-10
688884,Crackle with Power,Secrets of Strixhaven: Mystical Archive,940,958,7706.14,7.7,9.49,6.76,23.246753246753247,-12.207792207792213,$5-10
1537,Red Elemental Blast,Revised Edition,1063,2085,7700.61,3.81,5.49,3.02,44.094488188976385,-20.73490813648294,$2-5
544258,Prismatic Vista (Borderless),Special Guests,130,137,7684.73,43.16,57.99,39.1,34.36051899907323,-9.406858202038915,$20-50
512692,Omniscience (Anime Borderless),Wilds of Eldraine: Enchanting Tales,168,179,7683.88,35.38,42.99,33.34,21.50932730356133,-5.7659694742792515,$20-50
587185,Fierce Guardianship,Secret Lair Drop Series,123,125,7680.37,65.35,84.99,72.91,30.053557765876054,11.568477429227242,$50-100
190877,The First Sliver,Modern Horizons,198,208,7677.21,36.52,32.99,28.13,-9.665936473165392,-22.973713033954006,$20-50
52206,Snapcaster Mage,Innistrad,362,437,7676.52,14.85,18.99,11.92,27.87878787878787,-19.73063973063973,$10-20
646034,"Lyla, Holographic Assistant",Marvel's Spider-Man: Eternal-Legal,810,929,7664.2,6.05,16.99,6.09,180.8264462809917,0.661157024793389,$5-10
230983,Wolverine Riders,Commander: Kaldheim,468,613,7659.22,12.08,18.99,13.91,57.201986754966875,15.149006622516556,$10-20
203644,Demonic Tutor (DVD),The List Reprints,130,131,7647.12,59.29,74.99,65.64,26.4800134930005,10.710069151627597,$50-100
548602,"Phelia, Exuberant Shepherd",Modern Horizons 3,1100,1551,7644.88,5.47,8.49,3.94,55.21023765996345,-27.970749542961602,$5-10
221351,Vault of Champions,Commander Legends,469,474,7643.08,14.23,19.99,15.63,40.47786366830638,9.838369641602252,$10-20
524220,Growing Rites of Itlimoc,The Lost Caverns of Ixalan,888,956,7637.13,8.43,13.99,8.61,65.95492289442468,2.1352313167259753,$5-10
624276,Mistrise Village (Borderless),Tarkir: Dragonstorm,533,559,7635.66,10.75,17.99,8.85,67.34883720930232,-17.674418604651166,$10-20
677494,"Miirym, Sentinel Wyrm",Secret Lair Drop Series,224,239,7631.59,34.33,24.99,33.33,-27.206524905330614,-2.912904165452957,$20-50
688984,Emeritus of Truce,Secrets of Strixhaven,1660,1960,7630.04,1.27,0.99,0.61,-22.047244094488192,-51.96850393700787,$1-2
67378,Crypt Ghast,Gatecrash,556,565,7628.79,13.14,19.99,8.33,52.13089802130896,-36.60578386605784,$10-20
530995,"Savra, Queen of the Golgari (Anime Borderless)",Ravnica Remastered,276,286,7621.82,20.13,20.99,20.48,4.2722305017386955,1.7386984600099427,$20-50
512366,Bitterblossom,Wilds of Eldraine: Enchanting Tales,225,226,7617.29,33.43,39.99,31.26,19.62309303021239,-6.491175590786713,$20-50
541297,Bloodstained Mire (Retro Frame),Modern Horizons 3,156,182,7614.97,22.99,29.99,21.5,30.44802087864289,-6.481078729882552,$20-50
519493,Danny Pink,Universes Beyond: Doctor Who,500,514,7606.9,16.75,20.99,13.53,25.313432835820887,-19.22388059701493,$10-20
660519,Mystic Remora (Borderless),Avatar: The Last Airbender: Eternal-Legal,295,297,7605.61,17.99,24.99,15.63,38.91050583657588,-13.118399110616998,$10-20
14830,"Urborg, Tomb of Yawgmoth",Planar Chaos,126,131,7594.65,59.54,84.99,56.52,42.74437353039973,-5.072220356063144,$50-100
276483,Thrumming Stone,Double Masters 2022,342,353,7588.07,21.81,22.99,22.52,5.41036221916552,3.2553874369555293,$20-50
559747,Sylvan Tutor (Borderless),Special Guests,165,168,7587.65,45.43,54.99,44.75,21.04336341624478,-1.4968082764692927,$20-50
614424,Sunbillow Verge,Aetherdrift,623,705,7585.52,8.82,13.99,8.23,58.61678004535147,-6.689342403628117,$5-10
218702,Force of Will (Borderless),Double Masters,29,30,7584.92,222.06,229.99,225.07,3.5711069080428746,1.3554895073403543,$200+
677496,Cast-Off Consort - Bloodletter of Aclazotz,Secret Lair Drop Series,200,223,7579.12,39.96,42.99,35.09,7.582582582582585,-12.187187187187181,$20-50
552282,Jet Medallion (Borderless),Modern Horizons 3,332,339,7555.51,20.07,24.99,17.71,24.514200298953654,-11.75884404583956,$20-50
276717,Mana Drain (Borderless),Double Masters 2022,99,100,7536.05,67.89,89.99,69.41,32.55265871262335,2.238915893356895,$50-100
563186,Displacer Kitten (White Border),Mystery Booster 2,262,268,7532.22,26.21,37.99,26.76,44.94467760396795,2.0984357115604757,$20-50
696390,Hit-Monkey,Commander: Marvel Super Heroes,815,881,7522.45,4.75,6.49,3.86,36.631578947368425,-18.73684210526316,$2-5
267071,Ancient Brass Dragon (Borderless),Commander Legends: Battle for Baldur's Gate,113,114,7520.57,66.3,79.99,66.51,20.648567119155352,0.31674208144797583,$50-100
512538,Grave Pact,Wilds of Eldraine: Enchanting Tales,218,220,7519.95,34.54,32.99,30.21,-4.487550665894607,-12.536189924724953,$20-50
662039,"Myrel, Shield of Argive",Secret Lair Countdown Kit,357,363,7510.55,18.98,18.99,18.98,0.05268703898839836,0.0,$10-20
631183,Farewell,Commander: FINAL FANTASY,1352,1510,7507.83,5.34,7.49,4.98,40.2621722846442,-6.741573033707855,$5-10
265350,Xander's Lounge,Streets of New Capenna,553,574,7504.42,13.06,19.99,12.49,53.06278713629401,-4.364471669218991,$10-20
69922,Darksteel Forge,Magic 2014 (M14),206,206,7495.02,39.49,64.99,33.95,64.57330969865787,-14.02886806786528,$20-50
504303,Smothering Tithe (Borderless),Commander Masters,105,105,7483.58,71.88,79.99,69.0,11.282693377851976,-4.006677796327206,$50-100
615216,Panharmonicon,Commander: Aetherdrift,1037,1262,7470.43,6.99,9.99,5.55,42.91845493562232,-20.600858369098717,$5-10
656668,Formidable Speaker (Extended Art),Lorwyn Eclipsed,392,448,7463.34,9.85,12.99,8.33,31.87817258883249,-15.43147208121827,$5-10
104285,"Ulamog, the Ceaseless Hunger",Battle for Zendikar,360,381,7460.72,19.05,27.99,19.23,46.929133858267704,0.944881889763778,$10-20
509529,Doubling Season,Wilds of Eldraine: Enchanting Tales,187,189,7459.75,40.74,44.99,36.99,10.432007854688266,-9.204712812960235,$20-50
699679,The Fantasticar (Extended Art),Commander: Marvel Super Heroes,216,235,7454.3,21.17,32.99,20.58,55.83372697213037,-2.786962683042056,$20-50
631215,Sword of the Animist,Commander: FINAL FANTASY,1199,1347,7451.18,5.48,6.49,5.19,18.430656934306562,-5.291970802919709,$5-10
6027,Firestorm,Weatherlight,167,179,7450.42,53.04,54.99,35.99,3.6764705882352997,-32.14555052790347,$50-100
212150,Flawless Maneuver,Commander 2020,352,358,7447.23,20.69,32.99,20.84,59.44900918318028,0.7249879168680453,$20-50
552272,Six,Modern Horizons 3,1370,1465,7442.88,5.43,7.99,4.16,47.145488029465945,-23.388581952117857,$5-10
686664,Dualcaster Mage (Borderless),Special Guests,623,638,7438.7,6.71,8.49,6.18,26.527570789865873,-7.898658718330854,$5-10
524231,"Ojer Taq, Deepest Foundation (Showcase)",The Lost Caverns of Ixalan,219,223,7424.64,31.46,39.99,32.33,27.11379529561348,2.76541640178003,$20-50
272931,"Jaheira, Friend of the Forest",Commander Legends: Battle for Baldur's Gate,734,753,7414.52,12.31,13.99,8.33,13.647441104792849,-32.331437855402115,$10-20
286039,Magnus the Red,"Universes Beyond: Warhammer 40,000",354,359,7403.97,15.15,22.99,15.31,51.749174917491736,1.056105610561057,$10-20
498328,Generous Ent,Universes Beyond: The Lord of the Rings: Tales of Middle-earth,1331,2729,7401.26,2.93,3.99,2.57,36.177474402730375,-12.286689419795232,$2-5
230470,"Tergrid, God of Fright (Showcase)",Kaldheim,393,401,7382.32,16.8,22.99,18.61,36.84523809523808,10.773809523809517,$10-20
544936,Grand Abolisher,Outlaws of Thunder Junction: The Big Score,417,429,7379.29,19.54,21.99,13.54,12.538382804503579,-30.706243602865918,$10-20
688661,Emeritus of Conflict,Secrets of Strixhaven,1670,2104,7374.69,1.4,0.99,0.78,-29.28571428571428,-44.28571428571428,$1-2
33470,Verdant Catacombs,Zendikar,187,216,7370.57,31.71,44.99,30.4,41.879533270261746,-4.131188899400827,$20-50
6223,Powder Keg,Urza's Destiny,101,122,7362.6,75.32,64.99,50.83,-13.71481678173128,-32.514604354753054,$50-100
687611,Lightning Greaves,Commander: Secrets of Strixhaven,1305,1650,7362.58,4.48,5.99,3.87,33.70535714285713,-13.616071428571436,$2-5
660703,"Toph, Greatest Earthbender (Borderless)",Avatar: The Last Airbender: Eternal-Legal,401,409,7357.39,19.76,27.99,17.72,41.64979757085018,-10.323886639676125,$10-20
3306,Power Artifact,Antiquities,50,53,7354.85,185.2,229.99,125.02,24.18466522678187,-32.494600431965445,$100-200
238615,Scalding Tarn (Extended Art),Modern Horizons 2,168,184,7337.22,40.62,47.99,40.09,18.143771541112766,-1.304775972427361,$20-50
215550,Heroic Intervention,Core Set 2021,485,503,7333.9,16.16,18.99,13.88,17.51237623762375,-14.108910891089105,$10-20
6321,Goblin Welder,Urza's Legacy,110,136,7328.24,38.68,44.99,30.21,16.313340227507762,-21.897621509824194,$20-50
544417,Three Steps Ahead,Outlaws of Thunder Junction,804,975,7326.52,5.0,8.49,4.94,69.80000000000001,-1.1999999999999922,$5-10
541265,Sword of Wealth and Power,Outlaws of Thunder Junction: The Big Score,384,391,7322.53,18.75,24.99,18.75,33.279999999999994,0.0,$10-20
206667,Idyllic Tutor,Theros Beyond Death,613,635,7318.6,13.03,14.99,10.78,15.0422102839601,-17.267843438219494,$10-20
576512,Blazemire Verge,Duskmourn: House of Horror,737,835,7307.64,8.85,13.99,8.24,58.07909604519775,-6.892655367231633,$5-10
689476,"Moseo, Vein's New Dean",Secrets of Strixhaven,2447,3121,7305.73,0.83,0.49,0.25,-40.963855421686745,-69.87951807228916,$0-1
218860,Stoneforge Mystic,Double Masters,210,242,7300.02,31.34,39.99,32.230000000000004,27.600510529674544,2.8398213146139253,$20-50
286337,Cryptothrall,"Universes Beyond: Warhammer 40,000",335,335,7299.78,34.86,37.99,29.39,8.978772231784287,-15.691336775674122,$20-50
696266,"Captain America, Super-Soldier (Borderless) (0352)",Marvel Super Heroes,437,438,7296.43,16.5,19.99,16.14,21.15151515151514,-2.1818181818181785,$10-20
668456,"Captain America, Super-Soldier",Marvel Super Heroes,1575,1915,7295.02,3.83,6.99,2.65,82.50652741514361,-30.809399477806792,$2-5
504586,Doubling Season,Commander Masters,204,210,7290.93,35.3,42.99,31.22,21.784702549575087,-11.558073654390931,$20-50
498454,Last March of the Ents (Borderless),Universes Beyond: The Lord of the Rings: Tales of Middle-earth,219,220,7290.31,32.7,39.99,32.160000000000004,22.29357798165137,-1.651376146788988,$20-50
283016,"Shizo, Death's Storehouse",Commander: Dominaria United,202,202,7281.48,35.24,42.99,35.18,21.99205448354143,-0.17026106696935944,$20-50
559718,Agate Instigator,Commander: Bloomburrow,842,1060,7275.96,8.83,8.99,8.32,1.8120045300113266,-5.7757644394110965,$5-10
687475,Harmonic Prodigy,Commander: Secrets of Strixhaven,1430,2076,7261.86,3.39,5.49,3.11,61.94690265486725,-8.259587020648974,$2-5
552887,Ocelot Pride (Retro Frame),Modern Horizons 3,102,124,7255.11,52.93,64.99,52.47,22.78481012658227,-0.8690723597203871,$50-100
662459,Deadly Rollick (Showcase),Avatar: The Last Airbender: Eternal-Legal,220,220,7254.93,33.84,34.99,33.2,3.3983451536642977,-1.8912529550827437,$20-50
98497,Eye of Ugin,Modern Masters 2015,131,137,7254.82,63.51,64.99,44.58,2.330341678475826,-29.8063297118564,$50-100
105007,Void Winnower,Battle for Zendikar,392,400,7248.1,17.66,20.99,15.89,18.856172140430342,-10.022650056625139,$10-20
625925,"Deadpool, Trading Card (1753)",Secret Lair Drop Series,292,360,7246.83,18.65,17.99,17.59,-3.5388739946380707,-5.683646112600529,$10-20
590835,High Fae Trickster,Foundations,1199,1279,7246.46,4.18,8.49,4.16,103.11004784688997,-0.47846889952152094,$2-5
679633,Spire Garden,Commander: Teenage Mutant Ninja Turtles,1232,1381,7236.84,6.41,8.49,4.86,32.44929797191888,-24.180967238689544,$5-10
14996,Sprout Swarm,Future Sight,1025,1209,7236.11,5.6,2.99,3.8,-46.607142857142854,-32.14285714285714,$5-10
553662,Barrowgoyf,Commander: Modern Horizons 3,376,524,7229.26,13.99,19.99,13.44,42.887776983559675,-3.9313795568263097,$10-20
631511,Pitiless Plunderer,Commander: FINAL FANTASY,1189,1876,7229.04,4.88,5.49,3.33,12.500000000000005,-31.762295081967213,$2-5
552633,"Phlage, Titan of Fire's Fury",Modern Horizons 3,640,858,7214.43,3.56,6.99,3.0700000000000003,96.34831460674158,-13.764044943820217,$2-5
212692,Zagoth Triome (Showcase),Ikoria: Lair of Behemoths,273,275,7200.45,23.91,29.99,18.55,25.428690924299445,-22.41739857800083,$20-50
668492,Horn of Greed (Borderless),Marvel Universe Eternal-Legal,721,778,7189.88,8.32,9.49,7.81,14.0625,-6.1298076923077005,$5-10
631240,Skullclamp,Commander: FINAL FANTASY,1053,1244,7182.66,6.69,8.99,5.21,34.379671150971596,-22.122571001494773,$5-10
553299,Pinnacle Monk,Modern Horizons 3,2387,3507,7177.15,1.7,3.49,1.68,105.29411764705885,-1.176470588235295,$1-2
662431,Worldly Tutor (Showcase),Avatar: The Last Airbender: Eternal-Legal,231,233,7155.21,33.13,39.99,31.17,20.706308481738603,-5.916088137639604,$20-50
686693,Inkshield,Commander: Secrets of Strixhaven,1125,1519,7147.99,5.1,8.49,4.16,66.47058823529413,-18.4313725490196,$5-10
697393,"Sauron, Dino Devotee",Commander: Marvel Super Heroes,279,282,7146.79,12.58,20.99,12.7,66.85214626391097,0.9538950715421243,$10-20
257681,Swamp (298) - JP Full Art,Kamigawa: Neon Dynasty,606,1163,7141.96,5.26,6.49,4.48,23.38403041825096,-14.82889733840303,$5-10
33372,Misty Rainforest,Zendikar,171,192,7138.31,38.18,47.99,35.7,25.694080670508125,-6.495547407019374,$20-50
490547,City on Fire,March of the Machine,596,608,7129.69,12.66,14.99,10.96,18.404423380726698,-13.428120063191148,$10-20
539474,Heroic Intervention,Universes Beyond: Fallout,483,507,7123.49,15.89,17.99,13.56,13.21585903083699,-14.663310258023914,$10-20
696439,Dark Fortress (Borderless),Marvel Super Heroes,1012,1313,7114.31,3.56,4.49,3.38,26.12359550561798,-5.056179775280904,$2-5
272599,Battle Angels of Tyr,Commander Legends: Battle for Baldur's Gate,251,257,7110.68,28.7,37.99,27.6,32.369337979094084,-3.832752613240411,$20-50
631022,"Lightning, Army of One (0400) (Borderless)",FINAL FANTASY,307,308,7103.38,23.94,29.99,20.82,25.271512113617362,-13.03258145363409,$20-50
7306,Foil,Prophecy,243,407,7099.77,14.47,16.99,10.39,17.415342087076695,-28.19626814098134,$10-20
576520,Hushwood Verge,Duskmourn: House of Horror,800,1036,7098.22,7.92,10.99,7.29,38.76262626262626,-7.954545454545453,$5-10
671781,Moonshadow (0313) (Showcase),Lorwyn Eclipsed,467,554,7096.1,11.34,19.99,10.81,76.27865961199294,-4.673721340388001,$10-20
686571,Deathcap Glade,Secrets of Strixhaven,2561,3321,7094.92,2.31,2.99,1.76,29.437229437229444,-23.80952380952381,$2-5
649382,Bender's Waterskin,Avatar: The Last Airbender,2342,4117,7092.63,0.81,1.79,0.75,120.98765432098763,-7.407407407407414,$0-1
591654,Akroma's Memorial (Showcase),Special Guests,221,221,7091.16,31.61,42.99,36.2,36.00126542233471,14.520721290730792,$20-50
558447,Three Tree City (Borderless) (0339),Bloomburrow,113,113,7088.96,56.41,69.99,48.97,24.07374578975359,-13.189150859776632,$50-100
212221,Deadly Rollick,Commander 2020,251,261,7087.32,26.08,29.99,26.81,14.99233128834356,2.799079754601229,$20-50
552363,"Ulamog, the Defiler (Borderless)",Modern Horizons 3,119,122,7086.63,44.64,57.99,44.19,29.905913978494624,-1.0080645161290387,$20-50
212698,Ketria Triome (Showcase),Ikoria: Lair of Behemoths,332,336,7081.43,18.24,21.99,16.67,20.55921052631579,-8.607456140350859,$10-20
517533,Mana Crypt (Borderless),Special Guests,109,114,7074.32,51.89,69.99,39.59,34.88148005396029,-23.70398920793987,$50-100
273299,Ancient Gold Dragon,Commander Legends: Battle for Baldur's Gate,187,187,7073.29,37.13,39.99,32.46,7.702666307568003,-12.577430649070836,$20-50
284529,"Sheoldred, the Apocalypse",Promo Pack: Dominaria United,72,72,7065.27,96.34,119.99,100.24,24.548474154037773,4.048162756902627,$50-100
552727,Shifting Woodland,Modern Horizons 3,1304,1532,7058.79,6.27,7.99,4.41,27.43221690590113,-29.665071770334922,$5-10
3378,Concordant Crossroads,Chronicles,309,315,7056.66,30.17,44.99,25.0,49.12164401723566,-17.136228041100434,$20-50
218388,Exploration (Borderless),Double Masters,95,98,7053.09,73.14,94.99,72.38,29.87421383647798,-1.0391030899644587,$50-100
668489,Heroic Intervention (0078) (Borderless),Marvel Universe Eternal-Legal,663,718,7047.99,9.96,14.99,10.67,50.5020080321285,7.12851405622489,$5-10
518679,Diabolic Intent (Borderless),Commander: The Lord of the Rings: Tales of Middle-earth,74,74,7047.34,93.25,119.99,96.86,28.67560321715817,3.871313672922251,$50-100
484539,Faerie Mastermind,March of the Machine,488,510,7041.12,11.69,14.99,10.42,28.229255774165964,-10.863986313088105,$10-20
660604,"Ozai, the Phoenix King (0311) (Borderless)",Avatar: The Last Airbender,191,191,7040.52,26.97,32.99,23.96,22.32109751575826,-11.160548757879118,$20-50
696443,Training Compound (Borderless),Marvel Super Heroes,988,1290,7033.58,3.08,4.99,2.29,62.01298701298702,-25.649350649350648,$2-5
552925,Akroma's Will,Commander: Modern Horizons 3,432,477,7031.77,15.0,16.99,14.57,13.266666666666657,-2.866666666666665,$10-20
7428,Aura Shards,Invasion,265,270,7031.12,33.99,27.99,20.62,-17.65225066195941,-39.33509855839953,$20-50
504487,Bloodchief Ascension (Borderless),Commander Masters,244,246,7030.61,29.71,34.99,25.52,17.771794008751264,-14.102995624368903,$20-50
212697,Ketria Triome,Ikoria: Lair of Behemoths,390,403,7025.15,17.46,22.99,16.38,31.672394043528048,-6.185567010309288,$10-20
491205,Urabrask,March of the Machine,408,418,7024.84,18.05,29.99,18.23,66.14958448753461,0.9972299168975053,$10-20
517458,Pact of Negation (Borderless),Commander: The Lord of the Rings: Tales of Middle-earth,74,75,7022.31,88.54,99.99,78.13,12.932008131917764,-11.757397786311282,$50-100
696253,No Mercy (Borderless),Marvel Universe Eternal-Legal,770,832,7012.27,9.3,11.99,9.36,28.924731182795693,0.6451612903225669,$5-10
457181,Vampiric Tutor (Borderless),Dominaria Remastered,99,99,7012.03,57.28,57.99,56.24,1.239525139664806,-1.815642458100557,$50-100
697578,"Galactus, Devourer of Worlds",Commander: Marvel Super Heroes,671,748,7008.89,6.05,8.99,5.5600000000000005,48.59504132231406,-8.099173553718996,$5-10
600475,The Meathook Massacre (Showcase),Innistrad Remastered,185,189,6997.12,37.44,44.99,36.45,20.165598290598304,-2.644230769230756,$20-50
499967,Mithril Coat (Extended Art),Universes Beyond: The Lord of the Rings: Tales of Middle-earth,227,231,6990.59,33.01,44.99,30.21,36.29203271735839,-8.48227809754619,$20-50
535640,Trouble in Pairs,Commander: Murders at Karlov Manor,250,251,6987.52,25.8,29.99,21.63,16.24031007751937,-16.162790697674424,$20-50
544336,High Noon,Outlaws of Thunder Junction,959,1390,6987.49,5.6,8.99,4.73,60.535714285714306,-15.535714285714272,$5-10
661938,Avatar's Wrath,Avatar: The Last Airbender,1423,1698,6986.27,4.43,5.99,3.11,35.21444695259595,-29.79683972911964,$2-5
688818,Echocasting Symposium (Borderless),Secrets of Strixhaven,828,857,6981.76,4.54,6.49,4.4,42.95154185022027,-3.0837004405286272,$2-5
3168,Bazaar of Baghdad,Arabian Nights,3,4,6977.17,1925.24,2899.99,2115.24,50.63005131827719,9.86889946188526,$200+
559991,Bloodroot Apothecary,Commander: Bloomburrow,1107,2025,6972.92,4.99,5.49,3.42,10.020040080160319,-31.46292585170341,$2-5
632202,"Lightning, Lone Commando - Isshin, Two Heavens as One (Showcase)",FINAL FANTASY: Through the Ages,432,447,6965.59,9.7,9.99,9.89,2.9896907216494943,1.9587628865979514,$5-10
559478,Patchwork Banner,Bloomburrow,1663,1974,6962.83,3.49,4.49,1.87,28.653295128939828,-46.41833810888252,$2-5
504564,Bloodchief Ascension,Commander Masters,332,342,6961.44,20.41,23.99,17.71,17.540421362077403,-13.228809407153353,$20-50
501908,Goblin Lackey (1311),Secret Lair Drop Series,108,120,6960.6,69.77,57.99,56.5,-16.88404758492188,-19.01963594668195,$50-100
222006,Cavern of Souls,Zendikar Rising Expeditions,88,90,6958.37,57.94,64.99,60.02,12.167759751467031,3.589920607525035,$50-100
206757,"Thassa, Deep-Dwelling",Theros Beyond Death,209,214,6953.32,27.05,39.99,28.43,47.8373382624769,5.101663585951937,$20-50
541298,Wooded Foothills (Borderless),Modern Horizons 3,184,199,6933.95,27.41,29.99,28.39,9.41262313024443,3.5753374680773455,$20-50
696445,Gleaming Bastion (Borderless),Marvel Super Heroes,1051,1353,6916.43,3.33,4.99,3.28,49.84984984984985,-1.5015015015015094,$2-5
671030,Bitterblossom (Borderless),Special Guests,201,201,6909.18,32.78,37.99,31.92,15.893837705918246,-2.623550945698595,$20-50
687597,Fellwar Stone,Commander: Secrets of Strixhaven,2466,5360,6907.57,0.9,1.79,0.72,98.88888888888889,-20.000000000000004,$0-1
490335,Invasion of Ikoria,March of the Machine,563,583,6904.65,12.19,16.99,11.42,39.376538146021325,-6.316652994257585,$10-20
552466,Disciple of Freyalise,Modern Horizons 3,2236,3015,6902.4,2.57,4.49,1.64,74.7081712062257,-36.18677042801556,$2-5
187181,Kaya's Ghostform,War of the Spark,1527,1770,6897.07,1.94,3.99,1.37,105.67010309278353,-29.381443298969064,$1-2
212694,Savai Triome (Showcase),Ikoria: Lair of Behemoths,298,302,6887.77,18.3,27.99,18.75,52.95081967213113,2.459016393442619,$10-20
216173,Allosaurus Shepherd,Jumpstart,137,138,6885.3,49.42,54.99,49.55,11.270740590853906,0.26305139619586293,$20-50
630928,Y'shtola Rhul (Borderless),FINAL FANTASY,236,238,6884.73,24.24,34.99,23.8,44.34818481848187,-1.8151815181518058,$20-50
548583,Sylvan Safekeeper,Modern Horizons 3,1206,1315,6884.7,6.44,7.99,4.13,24.068322981366457,-35.86956521739131,$5-10
267056,Bountiful Promenade,Commander Legends: Battle for Baldur's Gate,390,391,6884.25,11.85,19.99,10.05,68.69198312236287,-15.189873417721511,$10-20
646684,Multiversal Passage (Borderless),Marvel's Spider-Man,644,807,6864.21,6.92,11.99,5.21,73.26589595375724,-24.710982658959537,$5-10
226634,"Kediss, Emberclaw Familiar",Commander Legends,1208,1330,6845.92,4.8,9.49,4.99,97.70833333333334,3.9583333333333415,$2-5
484548,Breach the Multiverse,March of the Machine,649,684,6843.31,10.68,17.99,10.36,68.44569288389512,-2.996254681647943,$10-20
239769,Imperial Recruiter,Modern Horizons 2,485,494,6843.2,14.38,16.99,13.34,18.150208623087604,-7.232267037552162,$10-20
660615,Avatar Aang (Borderless),Avatar: The Last Airbender,373,381,6840.75,15.77,17.99,13.27,14.077362079898533,-15.852885225110972,$10-20
506621,Rise of the Eldrazi,Commander Masters,318,332,6835.32,26.42,32.99,27.5,24.867524602573805,4.087812263436784,$20-50
6264,Treachery,Urza's Destiny,115,120,6833.38,43.78,54.99,29.18,25.60529922338968,-33.34856098675195,$20-50
5531,"Eladamri, Lord of Leaves",Tempest,113,114,6808.84,74.08,74.99,43.53,1.2284017278617665,-41.23920086393088,$50-100
591197,Sire of Seven Deaths (Borderless),Foundations,160,172,6799.85,33.11,49.99,32.29,50.98157656297192,-2.4765931742675935,$20-50
454994,Rhystic Study,Jumpstart 2022,96,100,6797.57,69.91,79.99,67.37,14.418538120440566,-3.6332427406665606,$50-100
633132,The Fire Crystal (Borderless),FINAL FANTASY,545,552,6795.27,12.18,14.99,10.4,23.07060755336618,-14.61412151067323,$10-20
541342,Sword of Feast and Famine (Borderless),Universes Beyond: Assassin's Creed,152,153,6793.8,45.32,64.99,42.51,43.40247131509266,-6.200353045013244,$20-50
688886,Crop Rotation,Secrets of Strixhaven: Mystical Archive,1465,1610,6789.02,3.57,4.49,3.12,25.770308123249315,-12.605042016806717,$2-5
671173,Endurance,Commander: Lorwyn Eclipsed,787,1763,6784.82,3.88,6.99,3.59,80.15463917525774,-7.474226804123712,$2-5
71202,Swan Song,Theros,513,537,6782.76,12.96,17.99,9.37,38.81172839506171,-27.700617283950628,$10-20
656681,Deceit,Lorwyn Eclipsed,873,1260,6771.48,3.19,7.99,3.08,150.4702194357367,-3.448275862068962,$2-5
532970,Meticulous Archive (Borderless),Murders at Karlov Manor,264,296,6769.94,18.64,19.99,17.04,7.242489270386255,-8.58369098712447,$10-20
686583,Sundown Pass,Secrets of Strixhaven,2529,3253,6763.39,2.17,3.49,1.23,60.829493087557616,-43.31797235023041,$2-5
212693,Savai Triome,Ikoria: Lair of Behemoths,337,341,6761.68,19.64,23.99,18.73,22.14867617107942,-4.6334012219959275,$10-20
235505,Natural Order,Strixhaven: Mystical Archive,229,233,6743.74,27.84,27.99,18.48,0.5387931034482708,-33.62068965517241,$20-50
272781,"Karlach, Fury of Avernus",Commander Legends: Battle for Baldur's Gate,274,274,6731.26,24.47,29.99,20.84,22.558234572946464,-14.834491213731097,$20-50
4035,Sylvan Library,Legends,45,50,6727.07,170.0,199.99,120.35,17.641176470588242,-29.20588235294118,$100-200
475527,Swamp (269) - Full Art,Phyrexia: All Will Be One,789,2326,6717.85,2.39,3.49,2.53,46.02510460251047,5.857740585774045,$2-5
686628,"Dina, Essence Brewer (Borderless)",Commander: Secrets of Strixhaven,1442,1828,6716.16,3.23,3.49,1.82,8.049535603715178,-43.653250773993804,$2-5
509564,Aggravated Assault (Anime Borderless),Wilds of Eldraine: Enchanting Tales,228,230,6699.0,28.26,29.99,27.32,6.121726822363754,-3.326256192498235,$20-50
503578,Grand Abolisher (Borderless),Commander Masters,264,271,6697.33,22.13,29.99,19.53,35.517397198373246,-11.748757342973331,$20-50
575157,Enduring Curiosity,Duskmourn: House of Horror,964,1017,6696.04,6.01,8.99,5.21,49.584026622296186,-13.31114808652246,$5-10
466633,Gamble (Borderless),Dominaria Remastered,404,414,6692.73,16.48,20.99,17.0,27.366504854368916,3.15533980582524,$10-20
212689,Indatha Triome,Ikoria: Lair of Behemoths,337,341,6675.39,18.11,23.99,16.96,32.46824958586416,-6.350082827167302,$10-20
229254,"Halvar, God of Battle",Kaldheim,240,240,6673.36,25.03,32.99,24.17,31.801837794646424,-3.435876947662802,$20-50
490360,"Sheoldred, Whispering One",March of the Machine: Multiverse Legends,253,253,6672.29,24.37,32.99,24.22,35.371358227328685,-0.6155108740254499,$20-50
544259,Stoneforge Mystic (Borderless),Special Guests,149,155,6660.85,39.46,54.99,38.55,39.356310187531676,-2.306132792701479,$20-50
221812,Scalding Tarn,Zendikar Rising Expeditions,98,110,6655.04,52.43,49.99,51.88,-4.653824146481018,-1.0490177379362906,$50-100
59804,Worldfire,Magic 2013 (M13),217,218,6647.31,33.69,37.99,29.46,12.763431285247862,-12.555654496883339,$20-50
490355,"Elesh Norn, Grand Cenobite",March of the Machine: Multiverse Legends,286,303,6642.9,21.41,23.99,21.36,12.050443717888829,-0.23353573096684127,$20-50
693567,Birthing Pod,Secret Lair Drop Series,259,315,6640.64,15.54,17.99,14.49,15.765765765765764,-6.75675675675675,$10-20
556010,Reconnaissance,Universes Beyond: Assassin's Creed,1233,1381,6640.36,3.78,7.99,4.16,111.3756613756614,10.052910052910063,$2-5
4727,Hydroblast,Ice Age,735,1757,6634.8,4.13,6.49,3.54,57.14285714285715,-14.285714285714283,$2-5
238614,Misty Rainforest (Extended Art),Modern Horizons 2,152,166,6633.44,38.37,47.99,37.87,25.071670575970824,-1.3031013812874641,$20-50
518122,"Sauron, the Dark Lord (Showcase Scrolls)",Universes Beyond: The Lord of the Rings: Tales of Middle-earth,56,56,6632.15,89.7,129.99,91.25,44.91638795986623,1.727982162764768,$50-100
699670,Molecule Man (Extended Art),Commander: Marvel Super Heroes,144,153,6631.52,31.06,39.99,31.02,28.750804893754033,-0.12878300064391227,$20-50
457179,Vampiric Tutor (Retro Frame),Dominaria Remastered,93,95,6629.47,59.5,69.99,54.43,17.630252100840327,-8.521008403361344,$50-100
501920,Goblin Recruiter,Secret Lair Drop Series,101,101,6629.45,89.3,79.99,67.73,-10.42553191489362,-24.154535274356096,$50-100
504568,Grave Pact,Commander Masters,203,205,6624.97,36.15,32.99,31.86,-8.741355463347155,-11.867219917012447,$20-50
651377,"Venom, King in Black - Skithiryx, the Blight Dragon (Borderless)",Marvel Universe Eternal-Legal,462,475,6622.5,11.27,12.99,8.35,15.261756876663716,-25.9094942324756,$10-20
215341,Grim Tutor,Core Set 2021,260,261,6620.19,25.79,27.99,24.33,8.53043815432338,-5.661108956960065,$20-50
188468,Spark Double,War of the Spark,645,660,6603.01,8.29,9.99,7.5,20.506634499396878,-9.529553679131475,$5-10
518165,Storm of Saruman (Borderless Poster),Universes Beyond: The Lord of the Rings: Tales of Middle-earth,77,78,6602.48,89.88,119.99,106.9,33.50022251891411,18.93635959056521,$50-100
216530,Bruvac the Grandiloquent,Jumpstart,148,153,6601.04,43.56,42.99,42.65,-1.3085399449035817,-2.089072543618007,$20-50
457088,"Yawgmoth, Thran Physician (Borderless)",Dominaria Remastered,197,204,6598.75,30.23,37.99,31.57,25.669864373139273,4.43268276546477,$20-50
276317,"Kozilek, Butcher of Truth (Borderless)",Double Masters 2022,117,118,6597.94,57.77,64.99,58.89,12.497836247187106,1.938722520339272,$50-100
221350,Spectator Seating,Commander Legends,393,399,6594.63,13.42,14.99,11.28,11.698956780923995,-15.946348733233984,$10-20
239397,Cabal Coffers (Borderless),Modern Horizons 2,147,150,6594.3,41.11,44.99,41.65,9.438092921430314,1.313549014838237,$20-50
591308,Boltwave,Foundations,1598,2451,6593.45,2.52,3.49,1.04,38.4920634920635,-58.730158730158735,$2-5
273196,"Miirym, Sentinel Wyrm",Commander Legends: Battle for Baldur's Gate,717,797,6585.74,6.35,4.99,6.19,-21.41732283464566,-2.519685039370067,$5-10
226687,Staff of Domination,Commander Legends,595,617,6582.67,9.9,12.99,9.78,31.212121212121207,-1.2121212121212221,$5-10
286168,Exalted Flamer of Tzeentch,"Universes Beyond: Warhammer 40,000",245,253,6581.22,23.98,29.99,24.07,25.062552126772303,0.375312760633861,$20-50
596294,Edgar Markov (Retro Frame),Innistrad Remastered,187,211,6573.89,32.31,39.99,28.13,23.769730733519033,-12.93717115444136,$20-50
512618,Agatha's Soul Cauldron (Extended Art),Wilds of Eldraine,103,105,6570.53,50.29,59.99,51.17,19.28812885265461,1.7498508649831033,$50-100
660565,"Avatar Roku, Firebender",Avatar: The Last Airbender: Eternal-Legal,453,480,6567.76,8.86,18.99,8.75,114.33408577878103,-1.241534988713312,$5-10
631315,Three Visits,Commander: FINAL FANTASY,1013,1124,6567.62,4.53,7.49,4.61,65.34216335540839,1.766004415011039,$2-5
687695,Lotus Field,Commander: Secrets of Strixhaven,1215,1794,6567.6,2.45,3.49,2.08,42.44897959183673,-15.102040816326534,$2-5
641777,Watery Grave (Borderless),Edge of Eternities,410,434,6558.47,12.22,16.99,11.09,39.0343698854337,-9.24713584288053,$10-20
668470,World War Hulk (Borderless),Marvel Super Heroes,1191,1380,6552.44,3.48,3.99,2.26,14.65517241379311,-35.05747126436782,$2-5
525618,"Kutzil, Malamet Exemplar",The Lost Caverns of Ixalan,1565,1842,6545.1,4.49,3.99,2.5,-11.135857461024498,-44.32071269487751,$2-5
532941,Underground Mortuary (Borderless),Murders at Karlov Manor,244,254,6545.02,20.15,24.99,19.58,24.01985111662531,-2.8287841191067016,$20-50
5268,Tombstone Stairwell,Mirage,118,120,6544.38,63.67,59.99,31.13,-5.779802104601853,-51.10727187058271,$50-100
509558,Greater Auramancy (Anime Borderless),Wilds of Eldraine: Enchanting Tales,138,138,6525.87,39.46,42.99,39.57,8.945767866193616,0.2787633046122642,$20-50
6095,Scorched Ruins,Weatherlight,140,143,6525.75,66.35,64.99,39.4,-2.049736247174076,-40.61793519216277,$50-100
589445,Twinflame Tyrant (Borderless),Foundations,164,165,6523.67,37.12,57.99,33.85,56.2230603448276,-8.809267241379299,$20-50
39082,Blightsteel Colossus,Mirrodin Besieged,167,171,6518.43,39.95,54.99,36.98,37.647058823529406,-7.434292866082617,$20-50
552330,"Ral, Monsoon Mage",Modern Horizons 3,765,938,6516.07,7.29,10.99,6.23,50.75445816186557,-14.540466392318239,$5-10
227037,Akroma's Will,Commander Legends,413,420,6512.57,14.47,16.99,14.26,17.415342087076695,-1.4512785072563983,$10-20
503402,Sol Ring (Borderless),Commander Masters,416,501,6510.99,9.64,14.99,7.0200000000000005,55.49792531120331,-27.178423236514522,$5-10
660595,Fire Lord Azula (0313) (Borderless),Avatar: The Last Airbender,326,326,6503.72,16.75,17.99,15.1,7.402985074626857,-9.850746268656717,$10-20
696348,Arc Reactor,Marvel Super Heroes,1978,3480,6495.77,1.04,1.99,0.39,91.34615384615384,-62.5,$1-2
563204,Pact of Negation (Future Sight),Mystery Booster 2,238,267,6494.98,17.9,24.99,16.88,39.608938547486034,-5.698324022346367,$10-20
457192,Exploration (Retro Frame),Dominaria Remastered,206,211,6487.54,31.96,39.99,31.99,25.12515644555695,0.09386733416770207,$20-50
478705,"Atraxa, Grand Unifier (Showcase)",Phyrexia: All Will Be One,267,322,6471.17,19.3,32.99,17.71,70.93264248704664,-8.238341968911916,$10-20
671533,Springleaf Parade (Extended Art),Commander: Lorwyn Eclipsed,639,707,6465.38,9.26,14.99,7.81,61.87904967602592,-15.658747300215985,$5-10
646569,Gwen Stacy (0202) (Borderless),Marvel's Spider-Man,265,268,6464.98,18.09,24.99,17.44,38.14262023217246,-3.5931453841901524,$10-20
2267,Mana Vault,Fifth Edition,72,72,6463.95,97.5,119.99,83.36,23.06666666666666,-14.502564102564103,$50-100
696996,"Black Widow, Super Spy",Marvel Super Heroes,1103,1741,6452.52,1.6,4.49,0.96,180.625,-40.00000000000001,$1-2
221815,Misty Rainforest,Zendikar Rising Expeditions,93,101,6442.84,53.59,74.99,48.01,39.93282328792683,-10.412390371337946,$50-100
239183,Marsh Flats (Retro Frame),Modern Horizons 2,128,158,6437.98,40.61,49.99,40.9,23.09775917261759,0.7141098251662131,$20-50
687531,Arcane Signet,Commander: Secrets of Strixhaven,3680,8344,6437.52,0.48,0.99,0.4,106.25,-16.66666666666666,$0-1
204415,Torment of Hailfire,The List Reprints,154,155,6434.9,42.07,49.99,35.52,18.825766579510343,-15.569289279771803,$20-50
696444,Gathering Place (Borderless),Marvel Super Heroes,991,1298,6431.56,2.97,4.49,1.97,51.178451178451176,-33.670033670033675,$2-5
638918,Mountain (0265) (Borderless),Edge of Eternities,1283,3615,6429.32,1.65,3.99,1.27,141.81818181818184,-23.030303030303028,$1-2
548582,Orim's Chant (Borderless),Modern Horizons 3,310,359,6426.38,10.91,15.99,8.02,46.562786434463796,-26.48945921173236,$10-20
553184,Dryad of the Ilysian Grove,Commander: Modern Horizons 3,671,773,6425.51,10.65,9.49,8.74,-10.892018779342724,-17.934272300469484,$10-20
11981,Dosan the Falling Leaf,Champions of Kamigawa,191,196,6421.15,27.76,39.99,20.74,44.056195965417864,-25.288184438040357,$20-50
212212,Twinning Staff,Commander 2020,369,373,6415.7,15.54,21.99,16.13,41.50579150579151,3.7966537966537963,$10-20
7783,Diabolic Intent,Planeshift,121,123,6413.63,24.34,34.99,19.47,43.75513557929335,-20.008216926869355,$20-50
689149,Brain Freeze,Secrets of Strixhaven: Mystical Archive,1552,1689,6412.15,3.15,4.99,2.8000000000000003,58.412698412698425,-11.1111111111111,$2-5
454883,"Preston, the Vanisher",Jumpstart 2022,177,178,6407.91,33.64,34.99,34.660000000000004,4.013079667063025,3.0321046373365137,$20-50
212041,"Godzilla, King of the Monsters - Zilortha, Strength Incarnate",Buy-A-Box Promos,285,343,6400.77,19.47,23.99,18.26,23.215202876219827,-6.21468926553671,$10-20
183213,Guardian Project,Ravnica Allegiance,492,514,6398.89,13.85,19.99,12.8,44.33212996389891,-7.581227436823097,$10-20
590340,"Fumulus, the Infestation (Anime)",Foundations Jumpstart,660,725,6397.9,8.22,12.99,6.68,58.02919708029196,-18.734793187347943,$5-10
552310,"Ragavan, Nimble Pilferer (Retro Frame)",Modern Horizons 2,78,90,6394.13,56.88,64.99,59.26,14.25808720112516,4.18424753867791,$50-100
10327,Chain of Vapor,Onslaught,316,389,6388.37,12.14,15.99,9.9,31.713344316309716,-18.451400329489292,$10-20
212696,Raugrin Triome (Showcase),Ikoria: Lair of Behemoths,317,322,6386.3,15.73,20.99,15.61,33.43928798474251,-0.7628734901462237,$10-20
216047,Exquisite Blood,Jumpstart,178,178,6376.39,36.09,42.99,35.44,19.118869492934326,-1.8010529232474526,$20-50
212690,Indatha Triome (Showcase),Ikoria: Lair of Behemoths,294,301,6373.49,18.17,23.99,15.28,32.03082003302144,-15.905338470005514,$10-20
679179,Dark Leo & Shredder (Borderless),Teenage Mutant Ninja Turtles,344,347,6373.24,14.02,16.99,13.02,21.18402282453637,-7.132667617689016,$10-20
14568,Claws of Gix,Timeshifted,269,371,6372.33,15.36,19.99,11.92,30.143229166666664,-22.395833333333332,$10-20
34365,Eye of Ugin,Worldwake,109,119,6369.63,62.77,74.99,49.95,19.46789867771227,-20.42376931655249,$50-100
276318,Cavern of Souls (Borderless),Double Masters 2022,102,105,6367.41,58.26,79.99,56.26,37.29831788534157,-3.4328870580157913,$50-100
671011,Thousand-Year Elixir (Borderless),Special Guests,303,307,6366.58,22.13,32.99,17.54,49.073655671034814,-20.741075463172166,$20-50
532872,Warleader's Call,Murders at Karlov Manor,792,855,6357.73,5.55,8.99,5.19,61.981981981981995,-6.486486486486477,$5-10
688903,Preordain (JP Alternate Art),Secrets of Strixhaven: Mystical Archive,429,488,6345.24,9.06,19.99,9.16,120.64017660044146,1.1037527593818945,$5-10
268342,Ledger Shredder,Streets of New Capenna,743,823,6345.08,8.94,15.99,8.63,78.85906040268458,-3.467561521252782,$5-10
286481,"Celestine, the Living Saint","Universes Beyond: Warhammer 40,000",227,231,6342.66,25.24,37.99,25.52,50.51505546751191,1.1093502377179125,$20-50
552652,Warren Soultrader (Borderless),Modern Horizons 3,196,199,6332.29,24.76,34.99,23.96,41.31663974151858,-3.231017770597741,$20-50
634962,"Seymour Guado - Kinnan, Bonder Prodigy (Showcase)",FINAL FANTASY: Through the Ages,288,290,6329.29,15.75,20.99,15.42,33.26984126984126,-2.095238095238096,$10-20
578973,Ondu Spiritdancer,Commander: Duskmourn: House of Horror,488,590,6329.07,12.54,17.99,12.35,43.46092503987241,-1.5151515151515111,$10-20
6703,Snuff Out,Mercadian Masques,472,722,6322.0,6.93,12.99,4.68,87.44588744588746,-32.467532467532465,$5-10
517524,"Ojer Axonil, Deepest Might (Showcase)",The Lost Caverns of Ixalan,212,217,6314.88,23.41,32.99,23.7,40.922682614267416,1.2387868432293856,$20-50
238612,Arid Mesa (Extended Art),Modern Horizons 2,153,169,6312.19,34.65,44.99,36.1,29.841269841269852,4.184704184704193,$20-50
221807,Polluted Delta,Zendikar Rising Expeditions,100,107,6310.02,43.72,57.99,49.07,32.63952424519672,12.23696248856359,$20-50
631020,"Kefka, Court Mage (0398) (Borderless)",FINAL FANTASY,349,354,6302.35,17.85,20.99,13.36,17.591036414565806,-25.15406162464987,$10-20
475522,"Elesh Norn, Mother of Machines (Borderless)",Phyrexia: All Will Be One,62,62,6291.95,87.65,94.99,90.65,8.374215630347962,3.4227039361095266,$50-100
503888,Archfiend of Despair,Commander Masters,246,260,6289.11,24.15,29.99,22.63,24.182194616977227,-6.293995859213249,$20-50
623871,Craterhoof Behemoth (Borderless),Tarkir: Dragonstorm,285,290,6285.48,22.51,29.99,19.79,33.22967569968901,-12.083518436250564,$20-50
3504,Dust to Dust,The Dark,354,714,6280.95,10.34,15.99,6.91,54.642166344294004,-33.172147001934235,$10-20
630849,The Darkness Crystal (Borderless),FINAL FANTASY,509,517,6276.87,12.49,14.99,9.37,20.0160128102482,-24.97998398718976,$10-20
240038,Solitude (Borderless),Modern Horizons 2,108,139,6273.72,41.3,57.99,41.4,40.41162227602907,0.24213075060533032,$20-50
524311,Bonehoard Dracosaur,The Lost Caverns of Ixalan,426,435,6273.5,13.56,16.99,14.05,25.294985250737444,3.613569321533925,$10-20
517257,"Minas Morgul, Dark Fortress (Borderless)",Commander: The Lord of the Rings: Tales of Middle-earth,344,348,6268.66,18.76,21.99,20.16,17.217484008528768,7.462686567164171,$10-20
504045,Hammer of Nazahn,Commander Masters,398,404,6256.5,16.1,14.99,14.93,-6.894409937888206,-7.267080745341625,$10-20
559624,Marrow-Gnawer (Borderless),Commander: Bloomburrow,229,232,6255.93,29.25,34.99,27.25,19.623931623931632,-6.837606837606838,$20-50
273015,Ancient Silver Dragon (Showcase),Commander Legends: Battle for Baldur's Gate,97,107,6241.21,61.14,79.99,62.52,30.830879947661096,2.2571148184494643,$50-100
233438,Chalice of the Void,Time Spiral: Remastered,170,293,6234.24,18.88,24.99,18.0,32.36228813559322,-4.661016949152538,$10-20
235660,Wandering Archaic,Strixhaven: School of Mages,590,606,6228.58,9.44,13.99,8.85,48.19915254237289,-6.249999999999998,$5-10
689541,Cauldron of Essence (Extended Art),Secrets of Strixhaven,991,1057,6227.62,4.0,4.49,3.64,12.250000000000005,-8.999999999999996,$2-5
144856,Primal Amulet,Ixalan,424,434,6226.01,13.19,21.99,12.74,66.7172100075815,-3.411675511751321,$10-20
518001,Nazgul (0724) (Showcase Scrolls),Universes Beyond: The Lord of the Rings: Tales of Middle-earth,72,73,6223.68,81.66,109.99,192.71,34.69262796963017,135.99069311780556,$50-100
633071,"Princess Sarah - Azusa, Lost but Seeking (Showcase)",FINAL FANTASY: Through the Ages,416,424,6221.55,11.12,15.99,10.42,43.79496402877699,-6.294964028776972,$10-20
219022,Mana Echoes,Double Masters,108,109,6213.04,60.06,59.99,58.33,-0.11655011655011703,-2.880452880452887,$50-100
273121,Kindred Discovery,Commander Legends: Battle for Baldur's Gate,467,473,6208.73,11.97,12.99,10.77,8.521303258145359,-10.025062656641612,$10-20
642112,"Dawnsire, Sunstar Dreadnought",Edge of Eternities,1061,1148,6203.42,7.31,8.99,5.91,22.98221614227087,-19.15184678522571,$5-10
451908,Ashnod's Altar,The Brothers' War: Retro Frame Artifacts,367,371,6201.64,16.97,19.99,14.57,17.796110783736,-14.142604596346487,$10-20
276341,Allosaurus Shepherd (Borderless),Double Masters 2022,99,99,6200.58,60.36,64.99,59.39,7.670642809807812,-1.6070245195493684,$50-100
18055,Scapeshift,Morningtide,88,104,6199.93,54.72,64.99,47.44,18.768274853801163,-13.304093567251465,$50-100
552307,Pearl Medallion,Modern Horizons 3,1241,1312,6193.88,5.43,6.99,4.5200000000000005,28.72928176795581,-16.758747697974204,$5-10
688217,Turbulent Fen (Extended Art),Commander: Secrets of Strixhaven,621,707,6191.73,7.31,7.49,6.73,2.4623803009576006,-7.934336525307787,$5-10
479511,"Solphim, Mayhem Dominus (Showcase)",Phyrexia: All Will Be One,221,221,6190.92,30.63,39.99,27.71,30.558276199804123,-9.533137446947432,$20-50
687409,Firemane Commando,Commander: Secrets of Strixhaven,1046,1892,6190.35,1.0,1.99,0.77,99.0,-23.0,$1-2
689394,Deflecting Palm,Secrets of Strixhaven: Mystical Archive,1432,1551,6186.45,3.14,2.79,1.97,-11.146496815286627,-37.261146496815286,$2-5
614490,Full Throttle,Aetherdrift,1053,1137,6181.56,6.62,6.99,5.63,5.589123867069488,-14.954682779456196,$5-10
641793,Terrasymbiosis (Borderless),Edge of Eternities,443,460,6175.75,12.22,17.99,10.4,47.21767594108018,-14.893617021276597,$10-20
524416,Spelunking,The Lost Caverns of Ixalan,1327,1540,6173.81,3.92,3.99,3.23,1.785714285714293,-17.602040816326532,$2-5
558441,"Ygra, Eater of All",Bloomburrow,555,577,6164.38,11.61,14.99,10.37,29.112833763996566,-10.680447889750218,$10-20
116371,Cryptolith Rite,Shadows over Innistrad,661,720,6161.74,11.34,14.99,11.45,32.18694885361552,0.9700176366842983,$10-20
696411,Steelshaper's Gift (Borderless),Marvel Universe Eternal-Legal,757,797,6161.37,7.39,9.49,5.83,28.41677943166442,-21.109607577807843,$5-10
39595,Triumph of the Hordes,New Phyrexia,431,461,6161.0,12.51,16.99,11.3,35.81135091926458,-9.672262190247794,$10-20
688228,Stensian Sanguinist (Extended Art),Commander: Secrets of Strixhaven,613,650,6142.54,4.56,7.99,3.56,75.21929824561406,-21.929824561403503,$2-5
553266,Arena of Glory (Borderless),Modern Horizons 3,305,329,6142.36,11.32,15.99,10.42,41.254416961130744,-7.950530035335691,$10-20
575047,Enduring Innocence,Duskmourn: House of Horror,1070,1269,6140.8,3.44,6.99,3.0500000000000003,103.19767441860466,-11.337209302325572,$2-5
591298,Authority of the Consuls,Foundations,1198,1369,6136.84,4.57,6.49,4.11,42.01312910284464,-10.065645514223194,$2-5
259261,Hunger of the Ancient One - Exquisite Blood,Secret Lair Drop Series,120,124,6134.68,51.46,59.99,52.1,16.575981344733776,1.2436844150796746,$50-100
514501,The First Sliver,Secret Lair Drop Series,94,94,6133.75,65.53,74.99,64.38,14.436136120860665,-1.7549214100412114,$50-100
526899,Roaming Throne,Promo Pack: The Lost Caverns of Ixalan,119,121,6131.45,49.49,59.99,51.04,21.216407355021218,3.131945847645983,$20-50
451929,Aetherflux Reservoir,The Brothers' War: Retro Frame Artifacts,222,227,6130.72,31.06,27.99,25.21,-9.884095299420478,-18.834513844172562,$20-50
697352,"Spider-Man, Web-Spinner",Commander: Marvel Super Heroes,240,245,6123.53,16.94,20.99,16.15,23.90791027154662,-4.663518299881952,$10-20
541306,Windswept Heath (Borderless),Modern Horizons 3,191,200,6118.3,22.74,29.99,22.11,31.882145998240986,-2.7704485488126607,$20-50
686549,Grave Researcher (Extended Art),Secrets of Strixhaven,871,938,6115.27,3.75,2.99,2.79,-20.266666666666662,-25.6,$2-5
279273,Mana Confluence,Secret Lair Drop Series,102,103,6112.82,54.0,57.99,51.71,7.388888888888892,-4.24074074074074,$50-100
276386,Teferi's Protection (Borderless),Double Masters 2022,127,128,6107.79,47.46,49.99,45.98,5.330804888327015,-3.118415507796047,$20-50
457259,Mystical Tutor (Borderless),Dominaria Remastered,331,339,6097.97,16.93,22.99,17.18,35.7944477259303,1.4766686355581808,$10-20
615058,Renewed Solidarity,Commander: Aetherdrift,793,972,6097.17,4.24,7.99,4.16,88.44339622641509,-1.8867924528301903,$2-5
457199,Mystical Tutor,Dominaria Remastered,335,349,6095.8,16.28,21.99,16.67,35.07371007371006,2.3955773955773987,$10-20
212304,The Ozolith (Extended Art),Ikoria: Lair of Behemoths,80,80,6094.7,80.41,99.99,76.09,24.350205198358413,-5.372466111180193,$50-100
257680,Swamp (297) - JP Full Art,Kamigawa: Neon Dynasty,637,1218,6093.71,4.81,6.49,3.94,34.92723492723494,-18.08731808731808,$2-5
267059,Reflecting Pool,Commander Legends: Battle for Baldur's Gate,362,374,6092.13,14.81,20.99,13.51,41.72856178257932,-8.777852802160707,$10-20
495610,"Nissa, Resurgent Animist",March of the Machine: The Aftermath,227,230,6091.73,26.71,34.99,27.49,30.999625608386378,2.9202545862972578,$20-50
633149,Aettir and Priwen (Borderless),FINAL FANTASY,402,407,6083.12,15.68,20.99,14.29,33.86479591836734,-8.864795918367351,$10-20
175205,Watery Grave,Guilds of Ravnica,508,548,6080.99,10.25,15.99,9.74,56.00000000000001,-4.975609756097559,$10-20
191131,"Yawgmoth, Thran Physician",Modern Horizons,173,174,6080.91,31.32,34.99,29.87,11.71775223499362,-4.629629629629627,$20-50
499611,Reanimate,Commander: The Lord of the Rings: Tales of Middle-earth,662,733,6080.61,8.08,12.99,8.32,60.76732673267327,2.970297029702973,$5-10
239611,Sword of Hearth and Home,Modern Horizons 2,324,334,6076.46,17.78,19.99,15.05,12.429696287963989,-15.354330708661418,$10-20
456592,Megatron - Blightsteel Colossus,Secret Lair Drop Series,121,122,6075.38,49.13,54.99,45.31,11.927539181762668,-7.7752900468145745,$20-50
662027,Krark-Clan Ironworks,Secret Lair Countdown Kit,388,392,6073.9,16.06,18.99,15.53,18.244084682440846,-3.3001245330012416,$10-20
191050,Sword of Truth and Justice,Modern Horizons,180,180,6072.63,35.7,37.99,30.21,6.414565826330529,-15.378151260504206,$20-50
461900,Gamble,Dominaria Remastered,376,387,6070.86,17.3,20.99,16.67,21.329479768786115,-3.6416184971098207,$10-20
276897,City of Brass (Borderless),Double Masters 2022,153,160,6067.53,29.47,34.99,23.72,18.730912792670523,-19.511367492365117,$20-50
11660,Trinisphere,Darksteel,160,197,6064.02,30.4,54.99,19.78,80.88815789473685,-34.93421052631579,$20-50
686587,Island (0268),Secrets of Strixhaven,2281,6735,6060.97,1.06,1.49,0.48,40.56603773584905,-54.71698113207547,$1-2
545126,Molten Duplication,Outlaws of Thunder Junction: The Big Score,426,430,6059.98,14.1,20.99,13.23,48.86524822695035,-6.170212765957441,$10-20
496052,"Zhulodok, Void Gorger (Extended Art)",Commander Masters,105,109,6053.07,47.25,69.99,52.19,48.12698412698412,10.45502645502645,$20-50
12093,"Minamo, School at Water's Edge",Champions of Kamigawa,102,105,6052.04,61.51,74.99,41.19,21.915135750284502,-33.03527881645261,$50-100
126488,Heroic Intervention,Aether Revolt,413,429,6047.4,15.16,20.99,13.23,38.45646437994722,-12.730870712401055,$10-20
276940,Concordant Crossroads (Borderless),Double Masters 2022,176,178,6045.43,38.06,49.99,82.51,31.345244351024693,116.78928008407776,$20-50
506749,Darksteel Monolith,Commander Masters,260,264,6039.95,26.74,29.99,23.99,12.154076290201946,-10.284218399401645,$20-50
541305,Windswept Heath (Retro Frame),Modern Horizons 3,129,163,6037.94,18.72,20.99,18.13,12.126068376068375,-3.1517094017094007,$10-20
559733,Pollywog Prodigy,Commander: Bloomburrow,765,1032,6026.96,6.18,10.99,4.63,77.831715210356,-25.08090614886731,$5-10
696244,Doctor Doom (Borderless) (0336),Marvel Super Heroes,332,337,6020.81,16.93,19.99,14.48,18.074424099232125,-14.471352628470166,$10-20
687465,Unbound Flourishing,Commander: Secrets of Strixhaven,1088,1671,6012.89,1.99,2.99,1.64,50.251256281407045,-17.587939698492466,$1-2
161430,Red Elemental Blast,Masters 25,247,295,6006.93,12.93,15.99,9.89,23.665893271461723,-23.511214230471765,$10-20
643665,Strip Mine (0040) (Borderless),Edge of Eternities: Stellar Sights,267,267,6005.92,21.22,27.99,18.75,31.90386427898209,-11.639962299717244,$20-50
662418,"Joo Dee, Public Servant - Sakashima of a Thousand Faces (Borderless)",Avatar: The Last Airbender: Eternal-Legal,326,331,6005.87,17.4,27.99,14.58,60.862068965517246,-16.20689655172413,$10-20
496153,Delighted Halfling (Borderless),Universes Beyond: The Lord of the Rings: Tales of Middle-earth,188,203,6005.87,29.2,42.99,31.26,47.22602739726028,7.054794520547953,$20-50
687578,War Room,Commander: Secrets of Strixhaven,1341,2134,6000.44,4.46,4.49,3.0500000000000003,0.6726457399103195,-31.614349775784746,$2-5
35651,Pyretic Ritual,Magic 2011 (M11),741,925,6000.34,4.91,8.49,4.13,72.91242362525459,-15.885947046843182,$2-5
5333,Dream Halls,Stronghold,152,178,5999.76,38.5,44.99,21.97,16.85714285714286,-42.935064935064936,$20-50
135017,Solemnity,Hour of Devastation,532,551,5988.83,9.85,11.99,8.75,21.725888324873104,-11.167512690355327,$5-10
633118,The Wind Crystal (Borderless),FINAL FANTASY,469,487,5983.12,11.96,14.99,10.64,25.33444816053511,-11.036789297658864,$10-20
589452,Mossborn Hydra (Borderless),Foundations,270,285,5981.84,19.65,23.99,16.65,22.08651399491094,-15.267175572519085,$10-20
262885,Anointed Procession,The List Reprints,96,96,5978.8,63.77,69.99,57.6,9.753802728555733,-9.675395954210446,$50-100
512663,Impact Tremors,Wilds of Eldraine: Enchanting Tales,1467,1615,5978.0,2.7,4.99,2.49,84.81481481481481,-7.777777777777777,$2-5
455023,"Zask, Skittering Swarmlord",Jumpstart 2022,188,188,5977.42,29.32,34.99,26.72,19.33833560709414,-8.867667121418831,$20-50
175196,Overgrown Tomb,Guilds of Ravnica,506,573,5973.7,8.68,12.99,9.28,49.65437788018434,6.91244239631336,$5-10
697205,Multiversal Recruitment,Commander: Marvel Super Heroes,588,635,5965.6,8.16,9.49,7.67,16.29901960784314,-6.004901960784316,$5-10
212695,Raugrin Triome,Ikoria: Lair of Behemoths,356,368,5955.84,15.45,18.99,15.61,22.912621359223294,1.035598705501619,$10-20
265351,Ziatora's Proving Ground,Streets of New Capenna,494,518,5946.99,9.98,15.99,9.72,60.22044088176352,-2.605210420841681,$5-10
233786,Pact of Negation,Time Spiral: Remastered,273,291,5946.62,17.83,23.99,16.67,34.54851374088615,-6.505888951205814,$10-20
687592,Coastal Peak,Commander: Secrets of Strixhaven,701,1317,5939.61,0.32,0.49,0.15,53.124999999999986,-53.125,$0-1
548628,Ugin's Labyrinth (Borderless),Modern Horizons 3,230,277,5938.05,17.68,29.99,14.43,69.62669683257919,-18.38235294117647,$10-20
230163,"Esika, God of the Tree",Kaldheim,287,301,5934.27,18.69,21.99,16.67,17.6565008025682,-10.80791867308721,$10-20
499597,Relic of Sauron,Commander: The Lord of the Rings: Tales of Middle-earth,611,768,5925.68,9.58,11.99,8.07,25.156576200417536,-15.762004175365343,$5-10
558591,Sword of Fire and Ice (Borderless),Special Guests,122,122,5923.62,43.39,44.99,44.28,3.687485595759395,2.051163862641163,$20-50
631025,"Yuna, Hope of Spira (Borderless)",FINAL FANTASY,303,306,5923.11,19.25,23.99,17.900000000000002,24.62337662337662,-7.012987012987002,$10-20
119260,"Emrakul, the Promised End",Eldritch Moon,300,330,5915.73,19.16,39.99,22.38,108.71607515657622,16.805845511482246,$10-20
688219,Turbulent Moor (Extended Art),Commander: Secrets of Strixhaven,661,730,5914.29,6.35,6.49,5.0200000000000005,2.204724409448828,-20.944881889763767,$5-10
238613,Marsh Flats (Extended Art),Modern Horizons 2,157,168,5912.16,34.01,44.99,34.45,32.284622169950026,1.2937371361364447,$20-50
689148,Angel's Grace,Secrets of Strixhaven: Mystical Archive,1390,1529,5905.77,2.92,3.99,2.57,36.643835616438366,-11.986301369863018,$2-5
662089,Wasteland,Secret Lair Countdown Kit,296,395,5903.85,13.9,21.99,12.5,58.20143884892085,-10.071942446043169,$10-20
686590,Mountain (0270),Secrets of Strixhaven,2306,6904,5899.98,1.16,1.29,0.36,11.20689655172415,-68.9655172413793,$1-2
4819,Necropotence,Ice Age,140,147,5898.37,50.41,49.99,36.98,-0.8331680222178032,-26.64153937710772,$50-100
229255,"Halvar, God of Battle (Showcase)",Kaldheim,196,196,5889.06,26.81,34.99,26.02,30.511003356956373,-2.946661693397983,$20-50
651851,Impostor Syndrome,Marvel's Spider-Man,810,849,5884.84,7.83,9.99,6.44,27.586206896551722,-17.752234993614298,$5-10
630969,Fire Magic,FINAL FANTASY,1078,1642,5878.4,0.85,0.99,0.15,16.47058823529412,-82.35294117647058,$0-1
243389,Teleportation Circle,Adventures in the Forgotten Realms,594,609,5875.03,9.63,12.99,8.02,34.89096573208722,-16.71858774662514,$5-10
615224,Academy Ruins,Commander: Aetherdrift,1081,1183,5869.39,5.28,8.49,4.08,60.79545454545454,-22.72727272727273,$5-10
688479,Traumatic Critique,Secrets of Strixhaven,1868,2887,5855.4,0.43,0.49,0.15,13.953488372093023,-65.11627906976744,$0-1
276322,Allosaurus Shepherd,Double Masters 2022,114,115,5854.86,50.52,54.99,51.0,8.8479809976247,0.9501187648455995,$50-100
530802,Cyclonic Rift (Anime Borderless),Ravnica Remastered,85,99,5853.82,46.53,54.99,46.35,18.181818181818183,-0.3868471953578331,$20-50
4374,Plaguebearer,Exodus,126,171,5844.17,40.23,49.99,28.07,24.26050211285112,-30.226199353716126,$20-50
5159,Mystical Tutor,Mirage,341,359,5834.62,20.2,22.99,15.52,13.811881188118807,-23.168316831683168,$20-50
480502,"Azusa, Lost but Seeking",Secret Lair Drop Series,74,79,5832.71,70.09,79.99,72.94,14.124696818376362,4.066200599229554,$50-100
560006,Scurry of Squirrels,Commander: Bloomburrow,1072,2362,5824.72,5.43,4.99,4.2700000000000005,-8.103130755064448,-21.362799263351736,$5-10
558448,Three Tree City (Borderless) (0340),Bloomburrow,98,98,5824.01,44.68,57.99,44.01,29.78961504028649,-1.4995523724261453,$20-50
6820,Claws of Gix,Urza's Saga,250,394,5821.28,16.6,18.99,12.48,14.397590361445763,-24.819277108433738,$10-20
273294,Breath Weapon,Commander Legends: Battle for Baldur's Gate,800,1339,5818.21,6.21,8.49,6.24,36.71497584541063,0.4830917874396175,$5-10
687595,Eclipsed Steppe,Commander: Secrets of Strixhaven,1229,1751,5813.76,2.82,5.49,2.31,94.6808510638298,-18.085106382978715,$2-5
191349,Hall of Heliod's Generosity,Modern Horizons,457,479,5806.68,12.57,15.99,10.64,27.20763723150358,-15.35401750198886,$10-20
532954,Raucous Theater (Borderless),Murders at Karlov Manor,284,295,5803.18,14.8,21.99,13.59,48.58108108108106,-8.17567567567568,$10-20
591210,Swiftfoot Boots,Foundations,1698,2089,5801.09,2.99,3.99,2.17,33.44481605351171,-27.424749163879607,$2-5
688928,Return the Favor,Secrets of Strixhaven: Mystical Archive,3261,4947,5798.26,0.43,0.49,0.15,13.953488372093023,-65.11627906976744,$0-1
142005,Herald of Secret Streams,Ixalan,838,1027,5796.56,5.41,9.99,3.12,84.65804066543437,-42.329020332717185,$5-10
221884,"Ashaya, Soul of the Wild",Zendikar Rising,341,345,5792.08,16.4,17.99,15.3,9.695121951219512,-6.70731707317072,$10-20
673630,Dark Leo & Shredder,Teenage Mutant Ninja Turtles,865,925,5789.91,3.83,6.99,3.0500000000000003,82.50652741514361,-20.36553524804177,$2-5
674662,Mothman Egg - Mesmeric Orb,Secret Lair Drop Series,360,384,5788.41,15.97,18.99,16.15,18.910457107075754,1.1271133375078144,$10-20
18661,Helm of the Ghastlord,Shadowmoor,682,707,5787.54,12.03,8.99,5.73,-25.27015793848711,-52.36907730673316,$10-20
673569,"Michelangelo, Weirdness to 11",Teenage Mutant Ninja Turtles,1304,1446,5785.97,3.26,4.49,3.03,37.730061349693266,-7.05521472392638,$2-5
503556,Heroic Intervention,Commander Masters,374,410,5782.0,16.05,18.99,14.78,18.31775700934578,-7.91277258566979,$10-20
6787,Argothian Enchantress,Urza's Saga,80,95,5781.97,67.99,89.99,42.94,32.35769966171496,-36.843653478452715,$50-100
644287,Icetill Explorer (Extended Art),Edge of Eternities,221,240,5773.87,22.16,23.99,20.84,8.258122743682303,-5.956678700361012,$20-50
221811,Marsh Flats,Zendikar Rising Expeditions,105,117,5772.16,45.99,54.99,34.01,19.569471624266143,-26.049141117634278,$20-50
457202,Entomb (Borderless),Dominaria Remastered,356,361,5762.75,15.93,22.99,15.63,44.31889516635278,-1.8832391713747578,$10-20
532976,Hedge Maze (Borderless),Murders at Karlov Manor,261,276,5761.17,15.79,21.99,15.54,39.26535782140595,-1.5832805573147564,$10-20
633123,The Water Crystal,FINAL FANTASY,1388,1512,5760.64,3.3,4.99,2.75,51.21212121212123,-16.666666666666664,$2-5
10758,Graveborn Muse,Legions,208,328,5756.97,18.38,23.99,11.17,30.522306855277474,-39.22742110990207,$10-20
212623,"Kinnan, Bonder Prodigy",Ikoria: Lair of Behemoths,353,364,5749.95,14.04,18.99,13.28,35.256410256410255,-5.413105413105412,$10-20
631209,Darksteel Plate,Commander: FINAL FANTASY,1139,1278,5747.09,4.58,6.49,4.2,41.70305676855895,-8.296943231441045,$2-5
452700,"Myrel, Shield of Argive",The Brothers' War,302,307,5741.41,18.01,18.99,18.68,5.441421432537461,3.7201554691837764,$10-20
504554,Flawless Maneuver,Commander Masters,256,264,5738.51,20.73,29.99,20.82,44.66956102267245,0.4341534008683061,$20-50
488278,Sol Ring,Commander: The Lord of the Rings: Tales of Middle-earth,1706,2787,5738.3,1.89,2.79,1.53,47.61904761904763,-19.04761904761904,$1-2
577808,"Ashaya, Soul of the Wild",Commander: Duskmourn: House of Horror,353,379,5736.47,15.61,17.99,14.49,15.246636771300443,-7.1748878923766775,$10-20
559736,Sol Ring,Commander: Bloomburrow,1420,2321,5735.37,1.96,2.79,1.49,42.3469387755102,-23.97959183673469,$1-2
524252,Underworld Breach (Borderless),Special Guests,142,142,5734.12,32.85,37.99,26.72,15.646879756468799,-18.660578386605792,$20-50
623900,Mountain (0290),Tarkir: Dragonstorm,242,315,5733.16,14.7,20.99,12.05,42.7891156462585,-18.027210884353735,$10-20
11802,Grinding Station,Fifth Dawn,268,282,5732.21,18.95,18.99,13.75,0.2110817941952462,-27.440633245382585,$10-20
239186,Verdant Catacombs (Retro Frame),Modern Horizons 2,119,142,5730.6,39.34,57.99,38.22,47.40721911540416,-2.846975088967983,$20-50
66415,Hallowed Fountain,Return to Ravnica,585,697,5730.23,7.87,12.99,7.29,65.0571791613723,-7.369758576874206,$5-10
631136,Professional Face-Breaker,Commander: FINAL FANTASY,1017,1112,5726.37,5.07,7.99,5.19,57.593688362919124,2.3668639053254457,$5-10
11808,Krark-Clan Ironworks,Fifth Dawn,307,317,5720.74,17.77,21.99,15.1,23.747889701744505,-15.02532357906584,$10-20
687513,Goldvein Hydra,Commander: Secrets of Strixhaven,1210,1607,5717.66,2.97,4.49,2.34,51.178451178451176,-21.21212121212122,$2-5
588098,"Liliana, Dreadhorde General",Foundations,714,742,5710.37,7.19,10.99,6.92,52.85118219749651,-3.755215577190549,$5-10
6341,Memory Jar,Urza's Legacy,152,157,5706.13,36.27,39.99,29.16,10.256410256410252,-19.602977667493803,$20-50
524273,"Pantlaza, Sun-Favored (Borderless)",Commander: The Lost Caverns of Ixalan,254,256,5704.28,15.42,18.99,15.57,23.151750972762635,0.9727626459143992,$10-20
207337,Path to Exile,MagicFest Cards,523,610,5701.91,7.55,7.99,7.91,5.827814569536429,4.768211920529806,$5-10
236401,Stinging Study,Commander 2021,298,315,5700.87,15.56,20.99,14.06,34.89717223650384,-9.640102827763496,$10-20
221808,Bloodstained Mire,Zendikar Rising Expeditions,102,113,5698.14,37.13,47.99,37.5,29.24858604901696,0.9964987880420075,$20-50
687590,Currency Converter,Commander: Secrets of Strixhaven,1072,1907,5692.75,1.69,2.49,1.44,47.3372781065089,-14.792899408284024,$1-2
630905,Wastes,FINAL FANTASY,1321,4073,5691.43,1.0,2.29,0.15,129.0,-85.0,$1-2
222160,Sea Gate Restoration (Extended Art),Zendikar Rising,115,117,5684.22,46.38,59.99,42.61,29.34454506252695,-8.128503665373012,$20-50
526216,Akroma's Will,Commander: The Lost Caverns of Ixalan,382,385,5681.74,15.38,17.99,14.52,16.970091027308175,-5.591677503250983,$10-20
576519,Gloomlake Verge (Borderless),Duskmourn: House of Horror,315,346,5675.4,13.8,15.99,11.46,15.8695652173913,-16.956521739130434,$10-20
631576,Rise of the Dark Realms,Commander: FINAL FANTASY,1222,1491,5669.82,3.87,6.49,3.49,67.70025839793283,-9.81912144702842,$2-5
532951,Shadowy Backstreet (Borderless),Murders at Karlov Manor,273,278,5668.76,15.26,24.99,15.53,63.76146788990825,1.7693315858453444,$10-20
648689,"Katara, Waterbending Master",Avatar: The Last Airbender: Eternal-Legal,439,529,5663.44,7.9,15.99,6.07,102.40506329113923,-23.164556962025316,$5-10
541326,Cover of Darkness,Universes Beyond: Assassin's Creed,684,704,5661.59,7.4,12.99,7.28,75.54054054054053,-1.621621621621623,$5-10
221813,Verdant Catacombs,Zendikar Rising Expeditions,92,99,5660.48,54.74,57.99,57.29,5.937157471684325,4.658385093167697,$50-100
688226,Turbulent Wilderness (Extended Art),Commander: Secrets of Strixhaven,612,691,5659.4,5.21,6.49,4.57,24.568138195777355,-12.28406909788867,$5-10
575076,"Kaito, Bane of Nightmares",Duskmourn: House of Horror,365,426,5657.5,8.33,15.99,8.33,91.95678271308523,0.0,$5-10
552708,Shifting Woodland (Borderless),Modern Horizons 3,406,427,5655.16,8.35,9.99,7.23,19.64071856287426,-13.413173652694601,$5-10
6445,Brainstorm,Mercadian Masques,225,397,5647.14,3.46,3.99,1.61,15.317919075144514,-53.46820809248555,$2-5
688835,Akroma's Will (JP Alternate Art),Secrets of Strixhaven: Mystical Archive,260,263,5644.09,17.61,27.99,18.75,58.94378194207837,6.473594548551962,$10-20
82887,Exploration,Conspiracy,162,168,5634.88,33.31,54.99,33.99,65.08555989192433,2.041429000300209,$20-50
641774,Sacred Foundry (Borderless),Edge of Eternities,425,463,5630.25,11.05,16.99,10.11,53.75565610859726,-8.506787330316753,$10-20
457275,Worldly Tutor (Retro Frame),Dominaria Remastered,213,223,5626.23,25.89,32.99,25.06,27.423715720355357,-3.205870992661266,$20-50
267068,Morphic Pool (Extended Art),Commander Legends: Battle for Baldur's Gate,164,167,5622.43,30.98,42.99,29.9,38.76694641704326,-3.486120077469341,$20-50
698225,Bountiful Promenade,Commander: Marvel Super Heroes,517,800,5596.37,6.76,9.99,6.68,47.7810650887574,-1.1834319526627228,$5-10
39596,Unwinding Clock,New Phyrexia,272,282,5592.18,19.34,29.99,20.24,55.067218200620474,4.653567735263695,$10-20
697454,Spectator Seating,Commander: Marvel Super Heroes,558,832,5590.68,6.14,9.49,6.46,54.56026058631923,5.211726384364826,$5-10
552383,Sapphire Medallion (Borderless),Modern Horizons 3,358,366,5588.98,13.9,16.99,12.5,22.230215827338114,-10.071942446043169,$10-20
1938,Strip Mine,Fourth Edition,354,374,5587.88,17.45,18.99,12.64,8.825214899713462,-27.564469914040107,$10-20
275183,Old Gnawbone,The List Reprints,107,109,5586.06,52.06,57.99,52.07,11.39070303495966,0.019208605455240127,$50-100
505829,Training Center,Commander Masters,331,338,5579.02,17.49,22.99,18.7,31.44654088050315,6.918238993710697,$10-20
671070,Bloom Tender (0324) (Showcase),Lorwyn Eclipsed,362,373,5576.57,14.16,19.99,14.22,41.17231638418078,0.4237288135593255,$10-20
503225,An Offer You Can't Refuse,Secret Lair Showdown,357,373,5575.93,9.57,9.99,10.82,4.388714733542319,13.061650992685475,$5-10
624738,Nature's Rhythm,Tarkir: Dragonstorm,906,1062,5575.47,5.17,6.99,4.0,35.20309477756287,-22.63056092843327,$5-10
7036,Show and Tell,Urza's Saga,70,102,5573.04,53.64,84.99,44.0,58.445190156599544,-17.971662938105894,$50-100
552351,Kaalia of the Vast (0343) (Borderless),Modern Horizons 3,103,103,5572.57,43.01,49.99,41.3,16.228784003720076,-3.9758195768425972,$20-50
697319,"Karolina Dean, Runaway",Commander: Marvel Super Heroes,446,455,5566.15,11.65,12.99,10.72,11.50214592274678,-7.982832618025748,$10-20
238616,Verdant Catacombs (Extended Art),Modern Horizons 2,152,162,5560.62,35.05,44.99,33.3,28.35948644793154,-4.992867332382311,$20-50
12437,Freed from the Real,Saviors of Kamigawa,719,766,5555.52,8.2,11.99,6.7700000000000005,46.219512195121965,-17.43902439024389,$5-10
651376,Heroic Intervention (Borderless),Marvel Universe Eternal-Legal,351,360,5550.88,14.08,16.99,12.62,20.667613636363626,-10.369318181818187,$10-20
66412,Blood Crypt,Return to Ravnica,448,520,5550.63,9.74,15.99,9.36,64.16837782340862,-3.901437371663252,$5-10
5802,Anvil of Bogardan,Visions,124,137,5548.17,50.25,64.99,39.59,29.33333333333332,-21.2139303482587,$50-100
544888,Reanimate,Outlaws of Thunder Junction: Breaking News,597,632,5542.76,8.99,11.99,7.84,33.37041156840934,-12.791991101223585,$5-10
641771,Breeding Pool (Borderless),Edge of Eternities,396,417,5536.19,11.4,14.99,8.8,31.49122807017544,-22.807017543859644,$10-20
512238,"Alela, Cunning Conqueror",Commander: Wilds of Eldraine,382,394,5534.91,13.99,27.99,12.36,100.07147962830591,-11.651179413867053,$10-20
552583,Sundering Eruption,Modern Horizons 3,1875,3207,5532.86,1.04,1.79,1.02,72.11538461538461,-1.9230769230769247,$1-2
4351,Mind Over Matter,Exodus,129,137,5531.92,42.55,57.99,39.59,36.286721504112826,-6.956521739130421,$20-50
688516,Mana Sculpt,Secrets of Strixhaven,2525,3456,5531.57,0.89,0.79,0.15,-11.235955056179773,-83.14606741573034,$0-1
532973,Elegant Parlor (Borderless),Murders at Karlov Manor,287,313,5527.47,12.95,22.99,12.5,77.52895752895753,-3.4749034749034693,$10-20
688917,Pyretic Ritual (JP Alternate Art),Secrets of Strixhaven: Mystical Archive,439,465,5523.74,11.13,12.99,9.58,16.711590296495952,-13.926325247079967,$10-20
578052,Abhorrent Oculus (Borderless),Duskmourn: House of Horror,250,328,5518.86,15.38,23.99,16.07,55.9817945383615,4.486345903771128,$10-20
218965,Sword of Feast and Famine (Borderless),Double Masters,55,55,5508.23,91.24,109.99,114.98,20.550197281893904,26.019289785181947,$50-100
453145,Urza's Workshop (Extended Art),Commander: The Brothers' War,299,319,5507.64,18.39,23.99,18.59,30.45133224578574,1.0875475802066301,$10-20
203005,Mana Crypt,The List Reprints,118,135,5504.09,40.34,42.99,41.62,6.569162121963308,3.1730292513633964,$20-50
660653,Planetarium of Wan Shi Tong,Avatar: The Last Airbender,858,916,5501.1,5.65,7.49,4.94,32.56637168141592,-12.566371681415928,$5-10
66417,Overgrown Tomb,Return to Ravnica,507,575,5499.41,9.14,15.99,9.55,74.94529540481399,4.485776805251642,$5-10
240149,Strike It Rich,Modern Horizons 2,1405,1961,5496.77,2.14,2.79,2.02,30.37383177570093,-5.607476635514024,$2-5
696487,"Daredevil, Man Without Fear (Borderless) (0372)",Marvel Super Heroes,790,818,5496.11,5.17,5.99,3.36,15.860735009671187,-35.00967117988395,$5-10
276259,"Kozilek, Butcher of Truth",Double Masters 2022,121,121,5494.38,46.11,57.99,43.76,25.76447625243982,-5.096508349598788,$20-50
631256,Snuff Out,Commander: FINAL FANTASY,635,965,5493.4,6.11,8.99,6.11,47.135842880523725,0.0,$5-10
662551,The Legend of Kyoshi,Avatar: The Last Airbender,869,929,5491.27,5.72,7.99,3.89,39.685314685314694,-31.99300699300699,$5-10
687525,Kami of Whispered Hopes,Commander: Secrets of Strixhaven,1338,1864,5485.41,2.87,3.99,2.81,39.02439024390244,-2.0905923344947754,$2-5
563314,Cabal Coffers (White Border),Mystery Booster 2,241,256,5483.66,23.11,29.99,24.08,29.770662051060143,4.19731717871051,$20-50
222030,Shatterskull Smashing,Zendikar Rising,547,628,5480.23,9.6,13.99,7.24,45.72916666666668,-24.58333333333333,$5-10
575069,Razorkin Needlehead,Duskmourn: House of Horror,901,970,5477.64,4.53,8.99,4.09,98.45474613686534,-9.713024282560715,$2-5
491202,Sheoldred,March of the Machine,302,302,5477.24,18.22,29.99,18.72,64.59934138309549,2.7442371020856204,$10-20
646613,"Doctor Octopus, Master Planner",Marvel's Spider-Man,1176,1349,5476.36,9.58,8.99,7.28,-6.158663883089769,-24.00835073068893,$5-10
688691,Mind into Matter,Secrets of Strixhaven,1659,2341,5475.8,0.4,0.49,0.15,22.499999999999993,-62.5,$0-1
5890,Necromancy,Visions,327,337,5475.24,17.98,23.99,15.71,33.426028921023345,-12.625139043381534,$10-20
688873,Feed the Swarm,Secrets of Strixhaven: Mystical Archive,2395,3547,5470.16,0.3,0.49,0.15,63.33333333333334,-50.0,$0-1
696250,Dark Ritual,Commander: Marvel Super Heroes,408,433,5467.01,9.02,12.99,8.9,44.01330376940134,-1.330376940133029,$5-10
458224,Snap,Dominaria Remastered,1330,1594,5464.21,3.06,4.49,2.92,46.732026143790854,-4.575163398692815,$2-5
234216,Sliver Legion,Time Spiral: Remastered,128,132,5463.63,41.42,39.99,34.7,-3.4524384355383866,-16.22404635441815,$20-50
552334,Solitude (Retro Frame),Modern Horizons 2,95,114,5461.54,40.69,49.99,40.06,22.8557385106906,-1.5482919636274157,$20-50
697486,Path to Exile (Borderless) (0047),Marvel Universe Eternal-Legal,729,762,5459.4,6.99,7.99,5.19,14.306151645207438,-25.75107296137339,$5-10
646522,"Anti-Venom, Horrifying Healer",Marvel's Spider-Man,876,994,5457.45,7.2,7.99,5.1000000000000005,10.972222222222221,-29.166666666666664,$5-10
513295,"Greymond, Avacyn's Stalwart",SLX Cards,83,83,5453.9,66.92,89.99,65.05,34.473998804542724,-2.7943813508667135,$50-100
688900,Preordain,Secrets of Strixhaven: Mystical Archive,1163,1377,5452.95,2.49,2.99,1.01,20.08032128514056,-59.43775100401607,$2-5
642114,Cosmogrand Zenith,Edge of Eternities,759,931,5452.47,5.19,7.99,4.94,53.949903660886314,-4.816955684007707,$5-10
544486,"Kambal, Profiteering Mayor",Outlaws of Thunder Junction,863,964,5451.62,4.92,8.49,4.72,72.56097560975611,-4.065040650406507,$2-5
677493,"Klauth, Unrivaled Ancient",Secret Lair Drop Series,213,232,5450.46,23.61,29.99,23.64,27.022448115205417,0.12706480304956008,$20-50
696578,"Storm, Windrider (Borderless)",Marvel Super Heroes,1253,1329,5449.61,2.82,3.49,1.86,23.758865248226964,-34.042553191489354,$2-5
10170,Prismatic Strands,Judgment,388,799,5446.44,6.67,11.99,4.38,79.76011994003,-34.33283358320839,$5-10
563127,Pyroblast (Future Sight),Mystery Booster 2,232,262,5441.44,8.65,13.99,8.370000000000001,61.73410404624276,-3.2369942196531714,$5-10
688897,Culling the Weak (JP Alternate Art),Secrets of Strixhaven: Mystical Archive,411,424,5427.03,7.77,9.49,8.120000000000001,22.136422136422144,4.504504504504523,$5-10
11311,Vault of Whispers,Mirrodin,833,1450,5426.46,3.97,5.49,2.54,38.287153652392945,-36.02015113350126,$2-5
235245,Dark Ritual,Strixhaven: Mystical Archive,367,388,5413.77,10.82,11.99,10.37,10.813308687615526,-4.158964879852135,$10-20
4639,Dance of the Dead,Ice Age,392,420,5410.95,16.02,17.99,10.39,12.297128589263414,-35.14357053682896,$10-20
588064,Adamantium Bonding Tank - The Ozolith,Secret Lair Drop Series,77,78,5404.54,72.72,89.99,77.68,23.748624862486242,6.820682068206832,$50-100
577863,Giggling Skitterspike,Commander: Duskmourn: House of Horror,412,436,5397.81,14.75,18.99,12.5,28.745762711864398,-15.254237288135593,$10-20
633128,Darkness of Eternity - Dark Ritual (Showcase),FINAL FANTASY: Through the Ages,354,364,5394.02,10.28,11.99,8.71,16.6342412451362,-15.272373540856018,$10-20
182831,Hallowed Fountain,Ravnica Allegiance,555,625,5392.68,8.04,10.99,6.8100000000000005,36.69154228855723,-15.298507462686553,$5-10
624504,Colossal Grave-Reaver,Commander: Tarkir: Dragonstorm,573,591,5392.3,10.29,16.99,9.44,65.11175898931,-8.260447035957236,$10-20
668491,Heroic Intervention (0080) (Borderless),Marvel Universe Eternal-Legal,667,738,5391.52,8.28,13.99,9.02,68.96135265700485,8.937198067632854,$5-10
1898,Red Elemental Blast,Fourth Edition,713,1280,5390.15,3.51,5.49,3.25,56.41025641025642,-7.407407407407401,$2-5
553171,Eldrazi Confluence,Commander: Modern Horizons 3,449,501,5389.58,11.71,15.99,10.96,36.54995730145174,-6.404782237403928,$10-20
222131,Scute Swarm,Zendikar Rising,691,741,5389.14,9.84,11.99,7.86,21.849593495934965,-20.12195121951219,$5-10
590506,Kodama of the West Tree (Anime),Foundations Jumpstart,291,307,5387.57,17.27,27.99,19.03,62.07295888824551,10.191082802547779,$10-20
641772,Godless Shrine (Borderless),Edge of Eternities,408,437,5384.28,10.69,14.99,8.33,40.22450888681011,-22.076707202993447,$10-20
518018,Nazgul (0729) (Showcase Scrolls),Universes Beyond: The Lord of the Rings: Tales of Middle-earth,70,71,5384.23,69.88,99.99,156.08,43.0881511161992,123.35432169433318,$50-100
276439,Grand Arbiter Augustin IV,Double Masters 2022,299,321,5382.63,18.3,17.99,15.52,-1.6939890710382637,-15.1912568306011,$10-20
262222,Fable of the Mirror-Breaker,Kamigawa: Neon Dynasty,626,763,5381.09,5.65,8.99,5.82,59.11504424778761,3.0088495575221224,$5-10
206025,Mountain,Theros Beyond Death,811,3117,5377.95,1.36,2.29,0.96,68.38235294117646,-29.41176470588236,$1-2
203134,"Animar, Soul of Elements",The List Reprints,152,164,5377.77,31.07,32.99,27.08,6.179594464113298,-12.841969745735444,$20-50
499595,The Black Gate,Commander: The Lord of the Rings: Tales of Middle-earth,575,621,5376.62,9.31,12.99,8.700000000000001,39.52738990332975,-6.552094522019328,$5-10
176839,Mnemonic Betrayal,Guilds of Ravnica,398,406,5369.34,8.61,8.99,7.29,4.413472706155643,-15.331010452961666,$5-10
10856,Brain Freeze,Scourge,185,275,5368.52,10.97,12.99,5.4,18.41385597082953,-50.77484047402005,$10-20
236115,Thousand-Year Elixir,Commander 2021,366,373,5367.03,14.7,23.99,15.3,63.197278911564624,4.081632653061234,$10-20
119687,"Gisela, the Broken Blade",Eldritch Moon,249,253,5364.24,20.74,32.99,16.740000000000002,59.064609450337535,-19.286403085824478,$20-50
498305,"Boromir, Warden of the Tower",Universes Beyond: The Lord of the Rings: Tales of Middle-earth,862,979,5362.9,6.19,8.49,5.21,37.156704361873985,-15.831987075928925,$5-10
555790,"Caduceus, Staff of Hermes",Universes Beyond: Assassin's Creed,778,874,5362.87,6.12,11.99,5.92,95.91503267973856,-3.2679738562091534,$5-10
39521,Gitaxian Probe,New Phyrexia,1140,1300,5360.92,3.77,4.99,3.12,32.360742705570296,-17.241379310344826,$2-5
662109,Earthbender Ascension,Avatar: The Last Airbender,1283,1662,5360.59,2.08,2.99,1.47,43.75000000000001,-29.326923076923077,$2-5
545971,"Bristly Bill, Spine Sower",Promo Pack: Outlaws of Thunder Junction,127,130,5359.85,39.47,49.99,41.66,26.65315429440082,5.548517861667084,$20-50
262439,"Boseiju, Who Endures (Extended Art)",Kamigawa: Neon Dynasty,91,92,5355.37,50.84,79.99,58.36,57.33674272226591,14.791502753737207,$50-100
3951,Mana Drain,Legends,33,33,5353.85,249.61,279.99,176.69,12.170986739313326,-29.21357317415168,$200+
286553,Reaver Titan,"Universes Beyond: Warhammer 40,000",236,238,5343.53,22.5,29.99,21.65,33.288888888888884,-3.777777777777784,$20-50
696418,Fiery Emancipation (Borderless),Marvel Universe Eternal-Legal,745,809,5341.28,7.27,8.99,8.07,23.658872077028896,11.004126547455307,$5-10
545129,Generous Plunderer,Outlaws of Thunder Junction: The Big Score,406,420,5336.79,11.39,17.99,10.4,57.94556628621596,-8.691834942932399,$10-20
590828,An Offer You Can't Refuse,Foundations,1998,2327,5325.86,3.01,4.99,2.34,65.78073089700999,-22.259136212624583,$2-5
660551,The Legend of Roku (Borderless),Avatar: The Last Airbender,313,330,5325.51,16.12,17.99,14.97,11.600496277915616,-7.133995037220846,$10-20
552347,Pearl Medallion (Borderless),Modern Horizons 3,373,380,5321.73,11.05,12.99,7.91,17.556561085972845,-28.416289592760187,$10-20
615183,Lightning Greaves,Commander: Aetherdrift,1011,1199,5319.68,4.51,5.99,4.16,32.81596452328161,-7.760532150776046,$2-5
697290,Loki's Scepter,Commander: Marvel Super Heroes,645,780,5318.27,5.08,8.49,5.15,67.1259842519685,1.3779527559055174,$5-10
638804,"Torgal, Clive's Companion - Yoshimaru, Ever Faithful (MagicCon: Las Vegas 2025)",MagicFest Cards,105,112,5312.62,36.25,37.99,34.37,4.800000000000006,-5.186206896551731,$20-50
687400,Drumbellower,Commander: Secrets of Strixhaven,1276,1925,5306.91,1.83,2.49,1.55,36.06557377049181,-15.300546448087433,$1-2
243382,Unexpected Windfall,Adventures in the Forgotten Realms,1591,1793,5305.2,3.46,4.99,2.85,44.21965317919076,-17.630057803468205,$2-5
591770,Blasphemous Edict,Foundations,1071,1224,5302.66,4.52,6.99,4.12,54.64601769911507,-8.849557522123883,$2-5
608001,Terror of the Peaks,Unique and Miscellaneous Promos,55,56,5298.56,103.42,179.99,93.78,74.03790369367627,-9.321214465287179,$100-200
517251,"Anduril, Narsil Reforged (Borderless)",Commander: The Lord of the Rings: Tales of Middle-earth,398,403,5297.66,17.06,22.99,16.88,34.759671746776085,-1.0550996483001156,$10-20
11645,Panoptic Mirror,Darksteel,235,246,5296.27,27.28,24.99,16.21,-8.394428152492678,-40.5791788856305,$20-50
2844,Caltrops,7th Edition,433,483,5294.67,22.94,18.99,21.11,-17.21883173496078,-7.977332170880566,$20-50
524257,Amulet of Vigor (Borderless),Commander: The Lost Caverns of Ixalan,64,64,5294.46,69.41,79.99,68.73,15.242760409162942,-0.9796859242184017,$50-100
93033,Stubborn Denial,Khans of Tarkir,981,1306,5292.39,3.74,6.49,3.23,73.52941176470587,-13.63636363636364,$2-5
552728,Toxic Deluge,Modern Horizons 3,870,960,5291.67,5.05,6.49,4.38,28.514851485148522,-13.267326732673265,$5-10
553186,Scute Swarm,Commander: Modern Horizons 3,656,722,5290.51,9.29,12.99,7.08,39.827771797631875,-23.789020452099024,$5-10
670971,Vibrance,Lorwyn Eclipsed,836,1100,5289.38,2.81,6.99,1.81,148.7544483985765,-35.587188612099645,$2-5
498461,Barrow-Downs - Bojuka Bog (Borderless),Commander: The Lord of the Rings: Tales of Middle-earth,159,161,5285.69,33.07,42.99,30.99,29.99697611127911,-6.289688539461753,$20-50
559141,Mockingbird,Bloomburrow,983,1157,5284.65,3.48,4.99,2.82,43.390804597701155,-18.965517241379317,$2-5
512373,Defense of the Heart,Wilds of Eldraine: Enchanting Tales,191,191,5281.64,21.19,23.99,21.87,13.213780084945714,3.209060877772533,$20-50
247841,"Wilhelt, the Rotcleaver",Commander: Innistrad: Midnight Hunt,498,538,5277.08,11.0,16.99,8.84,54.454545454545446,-19.636363636363637,$10-20
4043,The Abyss,Legends,10,10,5276.78,686.35,899.99,598.03,31.126976032636406,-12.868070226560798,$200+
618860,Jumbo Cactuar (Borderless),FINAL FANTASY,451,471,5276.68,10.08,9.99,8.59,-0.8928571428571415,-14.781746031746035,$10-20
632697,Nibelheim Aflame (Borderless),FINAL FANTASY,304,312,5272.84,13.2,16.99,11.46,28.712121212121204,-13.18181818181817,$10-20
512615,Parallel Lives (Anime Borderless),Wilds of Eldraine: Enchanting Tales,109,111,5266.47,44.39,59.99,44.21,35.143050236539764,-0.40549673349853504,$20-50
491273,Urabrask (Showcase),March of the Machine,284,284,5261.31,20.71,37.99,22.92,83.43795267986481,10.671173346209564,$20-50
218287,Urza's Tower (Borderless),Double Masters,109,126,5260.33,40.01,39.99,41.35,-0.04998750312420901,3.3491627093226786,$20-50
689160,"Arnyn, Deathbloom Botanist",Secrets of Strixhaven,1796,2479,5257.41,0.37,0.35,0.15,-5.405405405405411,-59.45945945945946,$0-1
5954,Vampiric Tutor,Visions,81,81,5256.05,77.59,69.99,55.85,-9.795076685139849,-28.01907462301843,$50-100
688478,Resonating Lute (Extended Art),Secrets of Strixhaven,846,924,5251.99,1.92,1.79,1.63,-6.770833333333329,-15.104166666666668,$1-2
662034,Llanowar Elves,Secret Lair Countdown Kit,259,298,5250.14,15.0,16.99,13.65,13.266666666666657,-8.999999999999998,$10-20
668490,Heroic Intervention (0079) (Borderless),Marvel Universe Eternal-Legal,688,761,5249.91,8.13,13.99,9.69,72.07872078720786,19.1881918819188,$5-10
15569,Merrow Commerce,Lorwyn,380,391,5247.64,17.09,21.99,11.22,28.671737858396718,-34.34757167934464,$10-20
118457,Argothian Enchantress,Eternal Masters,81,82,5244.36,66.24,74.99,45.5,13.209541062801932,-31.310386473429947,$50-100
1571,Sol Ring,Revised Edition,335,389,5243.75,27.83,24.99,8.06,-10.204814947897951,-71.0384477182896,$20-50
206936,Dryad of the Ilysian Grove,Theros Beyond Death,539,574,5243.52,9.37,9.49,8.28,1.2806830309498507,-11.632870864461045,$5-10
216346,"Muxus, Goblin Grandee",Jumpstart,361,389,5241.74,12.92,14.99,12.3,16.02167182662539,-4.798761609907114,$10-20
70993,Thoughtseize,Theros,469,772,5238.43,6.82,12.99,5.91,90.4692082111437,-13.34310850439883,$5-10
126443,Walking Ballista,Aether Revolt,457,507,5238.4,12.18,12.99,8.31,6.650246305418723,-31.77339901477832,$10-20
513747,Retether,Commander: Wilds of Eldraine,251,251,5235.6,20.41,23.99,17.59,17.540421362077403,-13.81675649191573,$20-50
27091,Crumbling Ashes,Eventide,175,176,5233.62,30.58,23.99,20.84,-21.55003270111184,-31.85088293001962,$20-50
129733,Nest of Scarabs,Amonkhet,847,949,5228.43,5.57,3.99,3.69,-28.366247755834827,-33.75224416517056,$5-10
6215,Opalescence,Urza's Destiny,100,137,5227.15,39.27,37.99,28.21,-3.2594856124267912,-28.163992869875226,$20-50
452353,Portal to Phyrexia (Extended Art),The Brothers' War,104,106,5225.76,49.92,64.99,53.14,30.188301282051267,6.450320512820511,$20-50
93190,Altar of the Brood,Khans of Tarkir,606,628,5216.74,8.05,10.99,6.25,36.521739130434774,-22.360248447204974,$5-10
513585,Leyline of Anticipation,Wilds of Eldraine: Enchanting Tales,582,600,5216.4,6.76,8.49,5.72,25.59171597633137,-15.384615384615385,$5-10
688682,Emeritus of Abundance (Extended Art),Secrets of Strixhaven,486,515,5216.07,5.44,5.49,4.37,0.9191176470588203,-19.66911764705883,$5-10
233776,Ponder,Time Spiral: Remastered,91,125,5215.64,10.65,16.99,10.65,59.530516431924866,0.0,$10-20
674680,Sunset Sarsaparilla Machine - Nuka-Cola Vending Machine,Secret Lair Drop Series,214,230,5212.4,23.17,24.99,20.6,7.854984894259805,-11.091929218817437,$20-50
670995,Dolmen Gate (Borderless),Special Guests,177,180,5211.02,27.22,34.99,28.27,28.545187362233666,3.857457751653199,$20-50
686591,Forest (0271),Secrets of Strixhaven,2249,6556,5210.46,0.82,1.79,0.37,118.29268292682929,-54.878048780487795,$0-1
58167,"Avacyn, Angel of Hope",Avacyn Restored,140,145,5204.5,40.83,54.99,31.26,34.68038207200589,-23.43864805290227,$20-50
648664,"Aang, Airbending Master",Avatar: The Last Airbender: Eternal-Legal,470,483,5204.27,8.37,16.99,8.17,102.98685782556751,-2.389486260453994,$5-10
563201,Mindbreak Trap (Future Sight),Mystery Booster 2,269,319,5199.81,9.22,13.99,8.22,51.73535791757049,-10.845986984815617,$5-10
218611,Sword of Fire and Ice,Double Masters,107,107,5199.76,48.89,44.99,45.83,-7.97709142974023,-6.258948660257727,$20-50
649608,"Bumi, Eclectic Earthbender",Avatar: The Last Airbender: Eternal-Legal,519,527,5199.68,8.45,15.99,7.9,89.23076923076924,-6.5088757396449575,$5-10
226861,"Ardenn, Intrepid Archaeologist",Commander Legends,1052,1131,5198.81,5.73,5.99,4.55,4.537521815008723,-20.593368237347303,$5-10
588051,"Wolverine, Best There Is",Secret Lair Drop Series,106,132,5194.06,37.73,32.99,34.56,-12.562947256824794,-8.401802279353285,$20-50
552857,"Ashling, Flame Dancer",Modern Horizons 3,875,918,5184.7,5.38,9.49,5.1000000000000005,76.39405204460968,-5.204460966542739,$5-10
696467,Super-Soldier Serum,Marvel Super Heroes,1851,3353,5183.1,0.8,1.29,0.42,61.24999999999999,-47.5,$0-1
689060,"Blech, Loafing Pest (Borderless)",Secrets of Strixhaven,1298,1386,5182.61,2.4,1.99,0.98,-17.083333333333332,-59.166666666666664,$2-5
662064,Sol Ring,Secret Lair Countdown Kit,255,280,5177.41,16.39,19.99,12.33,21.9646125686394,-24.771201952410006,$10-20
524345,Forest,Universes Beyond: Jurassic World Collection,324,544,5173.84,8.64,9.99,7.4,15.624999999999995,-14.351851851851855,$5-10
33464,"Valakut, the Molten Pinnacle",Zendikar,293,323,5171.7,18.54,21.99,11.46,18.608414239482197,-38.18770226537216,$10-20
164411,City of Traitors - 1999 Kai Budde (EXO),World Championship Decks,76,116,5170.12,48.77,57.99,29.57,18.905064588886606,-39.368464219807265,$20-50
563228,Grinding Station (Future Sight),Mystery Booster 2,245,263,5164.87,12.83,15.99,13.0,24.629773967264228,1.3250194855806698,$10-20
563068,City of Brass (Future Sight),Mystery Booster 2,187,212,5164.75,16.11,19.99,16.11,24.084419615145865,0.0,$10-20
235876,Dragon's Approach,Strixhaven: School of Mages,616,1853,5164.28,1.76,3.49,1.44,98.29545454545455,-18.181818181818183,$1-2
533427,"Delney, Streetwise Lookout (Showcase)",Murders at Karlov Manor,130,131,5163.26,35.97,42.99,37.04,19.51626355296081,2.9747011398387553,$20-50
226624,Fyndhorn Elves,Commander Legends,1264,1599,5160.91,2.21,3.49,2.34,57.91855203619911,5.882352941176466,$2-5
517882,"Buttercup, Provincial Princess - Sisay, Weatherlight Captain",Secret Lair Drop Series,65,65,5158.43,66.1,89.99,71.01,36.14220877458397,7.428139183055993,$50-100
614435,Willowrush Verge,Aetherdrift,599,650,5151.18,6.06,9.99,5.21,64.85148514851487,-14.02640264026402,$5-10
687596,Scorched Geyser,Commander: Secrets of Strixhaven,1200,1680,5151.04,1.65,2.49,1.04,50.90909090909093,-36.96969696969696,$1-2
9003,Chaos Orb,Unlimited Edition,5,5,5149.28,1142.28,2099.99,989.9,83.84196519242217,-13.339986693280107,$200+
578912,Persistent Constrictor,Commander: Duskmourn: House of Horror,343,365,5149.19,11.8,15.99,12.44,35.50847457627118,5.423728813559311,$10-20
631097,Champions from Beyond,Commander: FINAL FANTASY,991,2052,5146.1,4.49,4.99,2.96,11.135857461024498,-34.07572383073497,$2-5
688221,Turbulent Springs (Extended Art),Commander: Secrets of Strixhaven,615,711,5139.12,5.3,6.99,5.0,31.8867924528302,-5.660377358490563,$5-10
118421,Sensei's Divining Top,Eternal Masters,115,118,5115.84,44.32,54.99,42.01,24.074909747292423,-5.21209386281589,$20-50
545125,Fomori Vault,Outlaws of Thunder Junction: The Big Score,434,447,5115.25,13.75,19.99,11.83,45.381818181818176,-13.963636363636365,$10-20
212061,"Godzilla, Doom Inevitable - Yidaro, Wandering Monster",Ikoria: Lair of Behemoths,195,204,5111.38,24.46,22.99,22.43,-6.009811937857736,-8.299264104660676,$20-50
552630,Emperor of Bones,Modern Horizons 3,1001,1872,5107.73,1.57,2.99,0.76,90.44585987261146,-51.59235668789809,$1-2
578877,Sheltered by Ghosts,Duskmourn: House of Horror,1271,2245,5107.1,1.5,2.79,0.92,86.0,-38.666666666666664,$1-2
696298,The Scarlet Witch,Marvel Super Heroes,2030,2758,5105.55,0.6,0.99,0.15,65.0,-75.0,$0-1
257020,Steam Vents (Borderless),Unfinity,126,144,5098.92,31.85,39.99,31.26,25.557299843014132,-1.8524332810047088,$20-50
215343,"Azusa, Lost but Seeking",Core Set 2021,427,433,5093.19,11.45,13.99,10.42,22.183406113537128,-8.99563318777292,$10-20
8052,Yavimaya Coast,Apocalypse,89,137,5090.19,32.58,34.99,14.93,7.39717618170658,-54.1743400859423,$20-50
540931,Power Fist,Universes Beyond: Fallout,374,385,5089.72,15.97,18.99,11.46,18.910457107075754,-28.240450845335,$10-20
687344,Expansion Algorithm,Commander: Secrets of Strixhaven,1060,1515,5087.56,2.17,2.79,1.56,28.571428571428577,-28.110599078341007,$2-5
39423,Praetor's Grasp,New Phyrexia,347,357,5086.2,11.14,15.99,9.25,43.53680430879712,-16.965888689407542,$10-20
503577,Grand Abolisher,Commander Masters,294,295,5084.19,16.43,20.99,17.06,27.75410833840535,3.834449178332313,$10-20
697134,"Hyperion, Supreme Hero",Commander: Marvel Super Heroes,468,475,5083.74,10.97,14.99,10.33,36.64539653600728,-5.834092980856887,$10-20
615620,Bone Miser (Borderless),Special Guests,188,189,5081.95,27.47,44.99,35.2,63.77866763742266,28.139788860575187,$20-50
671180,Abundant Countryside,Commander: Lorwyn Eclipsed,697,1525,5081.9,3.05,4.99,2.76,63.6065573770492,-9.508196721311476,$2-5
240047,Academy Manufactor,Modern Horizons 2,723,770,5080.01,6.78,9.49,6.59,39.97050147492625,-2.8023598820059052,$5-10
190880,Force of Despair,Modern Horizons,516,670,5079.37,7.89,12.99,7.91,64.63878326996199,0.2534854245880921,$5-10
239837,Zuran Orb,Modern Horizons 2,1406,1601,5078.37,3.09,2.79,1.97,-9.708737864077664,-36.24595469255663,$2-5
11465,Chalice of the Void,Mirrodin,216,295,5077.01,15.7,32.99,10.93,110.12738853503188,-30.38216560509554,$10-20
559038,Dawn's Truce (Showcase),Bloomburrow,352,364,5072.02,12.53,14.99,12.38,19.63288108539506,-1.1971268954509067,$10-20
262458,"Light-Paws, Emperor's Voice",Kamigawa: Neon Dynasty,731,838,5070.58,3.29,5.99,3.43,82.06686930091186,4.255319148936175,$2-5
499221,Entish Restoration,Universes Beyond: The Lord of the Rings: Tales of Middle-earth,1395,1507,5069.82,3.14,4.49,2.87,42.99363057324841,-8.598726114649683,$2-5
696267,"Captain Marvel, Earth's Protector (Borderless) (0354)",Marvel Super Heroes,383,387,5068.71,11.85,14.99,11.98,26.497890295358655,1.0970464135021163,$10-20
182836,Godless Shrine,Ravnica Allegiance,460,491,5066.77,9.16,12.99,8.33,41.81222707423581,-9.06113537117904,$5-10
514318,Agatha's Soul Cauldron,Promo Pack: Wilds of Eldraine,143,145,5063.55,35.58,39.99,39.28,12.394603709949422,10.39910061832491,$20-50
589357,"Niv-Mizzet, Visionary",Foundations,690,745,5058.87,6.45,9.49,5.37,47.13178294573643,-16.74418604651163,$5-10
504531,Grave Pact (Borderless),Commander Masters,140,142,5055.84,35.75,49.99,35.7,39.83216783216783,-0.1398601398601319,$20-50
698056,Skullclamp,Commander: Marvel Super Heroes,559,925,5054.47,4.21,8.99,4.89,113.53919239904988,16.15201900237529,$2-5
638917,Swamp (0264) (Borderless),Edge of Eternities,1168,3269,5051.57,1.36,2.29,0.96,68.38235294117646,-29.41176470588236,$1-2
659471,FAS-BOR7 Horus - Blightsteel Colossus,Secret Lair Drop Series,155,162,5047.26,35.2,42.99,39.92,22.130681818181813,13.409090909090903,$20-50
35573,Serra Ascendant,Magic 2011 (M11),158,163,5041.5,31.43,34.99,26.05,11.32675787464207,-17.1174037543748,$20-50
558360,"Ygra, Eater of All (Borderless)",Bloomburrow,240,242,5040.13,18.58,22.99,17.400000000000002,23.73519913885899,-6.35091496232506,$10-20
202945,Dolmen Gate,The List Reprints,176,180,5035.19,29.11,24.99,26.62,-14.153211954654763,-8.553761593953963,$20-50
651342,"Prowler, Clawed Thief",Marvel's Spider-Man,486,861,5033.02,0.19,0.35,0.15,84.21052631578945,-21.052631578947373,$0-1
499784,Rejuvenating Springs,Commander: The Lord of the Rings: Tales of Middle-earth,753,826,5031.93,4.63,7.49,4.44,61.771058315334784,-4.103671706263488,$2-5
276715,Mana Drain,Double Masters 2022,84,88,5029.3,56.7,74.99,57.28,32.25749559082891,1.022927689594353,$50-100
5714,Scroll Rack,Tempest,151,155,5028.83,36.99,54.99,37.91,48.661800486618,2.487158691538239,$20-50
697411,Hulkbuster Armor,Commander: Marvel Super Heroes,730,842,5026.44,3.37,5.49,3.31,62.908011869436194,-1.7804154302670638,$2-5
273400,Displacer Kitten (Extended Art),Commander Legends: Battle for Baldur's Gate,109,112,5024.18,35.29,39.99,31.32,13.318220459053565,-11.249645792009066,$20-50
187141,"Jace, Wielder of Mysteries",War of the Spark,576,587,5022.64,9.22,12.99,8.59,40.88937093275488,-6.832971800433847,$5-10
450544,Skullclamp (1112),Secret Lair Drop Series,83,83,5021.01,77.76,64.99,80.29,-16.42232510288067,3.253600823045269,$50-100
6889,Goblin Lackey,Urza's Saga,137,183,5020.02,29.91,29.99,16.85,0.26746907388832597,-43.66432631227014,$20-50
490977,Sheoldred (Showcase),March of the Machine,208,209,5019.27,23.7,29.99,23.91,26.540084388185655,0.8860759493670923,$20-50
517665,Watery Grave (Retro Frame),Ravnica Remastered,145,165,5015.86,23.26,34.99,19.27,50.42992261392949,-17.153912295786768,$20-50
589432,Phyrexian Arena,Foundations,1095,1192,5012.64,4.31,5.49,4.14,27.378190255220435,-3.944315545243618,$2-5
697185,Kindred Discovery,Commander: Marvel Super Heroes,608,755,5007.35,5.57,9.49,5.71,70.3770197486535,2.5134649910233335,$5-10
221809,Wooded Foothills,Zendikar Rising Expeditions,115,124,5003.16,33.59,37.99,33.34,13.099136647811843,-0.7442691277165823,$20-50
509560,Doubling Season (Anime Borderless),Wilds of Eldraine: Enchanting Tales,110,111,5002.45,40.31,59.99,42.2,48.821632349292976,4.688662862813199,$20-50
662552,The Legend of Kyoshi (Borderless),Avatar: The Last Airbender,328,331,4999.61,12.53,16.99,12.81,35.59457302474062,2.234636871508389,$10-20
253047,"Toxrill, the Corrosive",Innistrad: Crimson Vow,253,284,4995.8,17.25,18.99,12.63,10.086956521739122,-26.782608695652172,$10-20
182838,Blood Crypt,Ravnica Allegiance,434,488,4995.22,9.88,14.99,9.37,51.72064777327934,-5.161943319838072,$5-10
490413,Kami of Whispered Hopes,March of the Machine,1065,1166,4991.02,2.79,3.99,2.08,43.01075268817205,-25.448028673835122,$2-5
544837,Imp's Mischief,Outlaws of Thunder Junction: Breaking News,761,798,4989.99,7.69,9.99,6.9,29.908972691807538,-10.273081924577374,$5-10
679161,Ninja Pizza,Commander: Teenage Mutant Ninja Turtles,1068,1480,4987.9,3.19,4.99,2.6,56.42633228840126,-18.49529780564263,$2-5
214835,Mana Crypt,Double Masters,102,110,4986.41,41.21,47.99,40.4,16.452317398689644,-1.9655423440912454,$20-50
37859,Forest - Full Art,Unhinged,146,347,4985.01,10.08,9.49,3.17,-5.853174603174602,-68.5515873015873,$10-20
686541,Withering Curse,Secrets of Strixhaven,1413,1767,4983.74,0.99,1.29,0.5,30.303030303030308,-49.494949494949495,$0-1
688725,Pongify,Secrets of Strixhaven: Mystical Archive,1348,1474,4979.36,3.4,4.99,1.56,46.764705882352956,-54.11764705882353,$2-5
687356,Naktamun Lorespinner,Commander: Secrets of Strixhaven,1076,1569,4976.86,1.9,2.79,1.14,46.842105263157904,-40.0,$1-2
530360,The Fourteenth Doctor,Secret Lair Drop Series,44,44,4973.44,112.54,129.99,109.84,15.50559800959659,-2.3991469699662367,$100-200
679117,Splinter of the Shadows - Ashcoat of the Shadow Swarm (Borderless),Teenage Mutant Ninja Turtles Source Material,844,975,4970.77,4.4,5.99,2.82,36.136363636363626,-35.90909090909092,$2-5
273302,Ancient Gold Dragon (Borderless),Commander Legends: Battle for Baldur's Gate,101,101,4968.72,46.14,47.99,40.4,4.009536194191594,-12.440398786302561,$20-50
609825,Cryptolith Rite,Innistrad Remastered,490,527,4966.81,14.29,15.99,13.08,11.896431070678805,-8.467459762071371,$10-20
457058,Urza's Incubator (Borderless),Dominaria Remastered,140,142,4961.39,27.93,29.99,26.88,7.375581811672033,-3.759398496240604,$20-50
633178,Clive Rosfield - Vial Smasher the Fierce (Showcase),FINAL FANTASY: Through the Ages,263,264,4956.73,10.66,11.99,8.120000000000001,12.476547842401501,-23.82739212007504,$10-20
504180,Balefire Dragon (Borderless),Commander Masters,161,164,4955.94,25.36,39.99,27.08,57.689274447949536,6.782334384858039,$20-50
696560,Avengers Disassembled,Marvel Super Heroes,1333,3449,4948.77,0.78,2.79,0.45,257.6923076923077,-42.30769230769231,$0-1
206758,"Thassa, Deep-Dwelling (Showcase)",Theros Beyond Death,157,160,4948.74,27.91,34.99,29.08,25.367251881046226,4.192045861698309,$20-50
638916,Island (0263) (Borderless),Edge of Eternities,1288,3445,4946.23,1.12,2.99,0.52,166.9642857142857,-53.57142857142857,$1-2
671294,Timeless Lotus,Commander: Lorwyn Eclipsed,1013,1680,4944.62,2.53,4.99,1.82,97.2332015810277,-28.06324110671936,$2-5
530867,Spark Double (Anime Borderless),Ravnica Remastered,204,219,4943.67,18.03,27.99,17.46,55.241264559068206,-3.161397670549086,$10-20
6245,Sigil of Sleep,Urza's Destiny,826,909,4936.61,4.5,4.99,3.01,10.888888888888895,-33.111111111111114,$2-5
548610,"Phelia, Exuberant Shepherd (Borderless)",Modern Horizons 3,359,440,4936.56,7.92,10.99,7.33,38.76262626262626,-7.449494949494947,$5-10
243336,Fighter Class,Adventures in the Forgotten Realms,658,730,4933.12,7.62,7.99,6.7700000000000005,4.855643044619424,-11.154855643044614,$5-10
698213,Helm of the Host,Commander: Marvel Super Heroes,659,877,4929.86,5.91,8.49,5.41,43.65482233502538,-8.460236886632826,$5-10
247826,Shipwreck Marsh,Innistrad: Midnight Hunt,710,761,4928.49,6.57,10.99,6.640000000000001,67.27549467275495,1.0654490106544945,$5-10
214840,Blightsteel Colossus (Borderless),Double Masters,69,70,4927.71,67.58,99.99,73.74,47.95797573246522,9.115122817401593,$50-100
218887,Darksteel Forge,Double Masters,104,104,4923.57,44.32,54.99,44.7,24.074909747292423,0.8574007220216664,$20-50
660567,"Zuko, Firebending Master",Avatar: The Last Airbender: Eternal-Legal,425,436,4921.05,9.13,14.99,8.89,64.18400876232201,-2.628696604600221,$5-10
479577,"Zopandrel, Hunger Dominus",Phyrexia: All Will Be One,397,408,4917.67,12.95,15.99,11.38,23.47490347490348,-12.123552123552113,$10-20
631216,Eye of Nidhogg,Commander: FINAL FANTASY,951,1026,4916.19,2.05,2.99,1.78,45.85365853658539,-13.170731707317065,$2-5
257679,Island (296) - JP Full Art,Kamigawa: Neon Dynasty,615,1295,4915.33,3.69,4.99,2.77,35.23035230352304,-24.932249322493224,$2-5
128280,Verdant Catacombs,Modern Masters 2017,135,141,4909.24,38.41,37.99,29.12,-1.0934652434261771,-24.18640978911741,$20-50
505965,Ondu Spiritdancer,Commander Masters,340,410,4907.6,13.02,17.99,13.01,38.17204301075268,-0.0768049155145913,$10-20
218573,Trinisphere,Double Masters,137,160,4901.14,33.36,44.99,35.11,34.86211031175061,5.2458033573141485,$20-50
591076,Basilisk Collar,Foundations,959,1197,4897.13,4.55,6.49,3.95,42.63736263736265,-13.186813186813179,$2-5
662396,Sol Ring (Showcase),Avatar: The Last Airbender: Eternal-Legal,678,761,4893.1,6.28,5.49,5.98,-12.579617834394904,-4.777070063694264,$5-10
6713,"Squee, Goblin Nabob",Mercadian Masques,72,88,4890.86,32.69,37.99,15.8,16.212909146528006,-51.66717650657693,$20-50
504130,Kindred Dominance,Commander Masters,280,289,4887.29,14.18,13.99,9.57,-1.339915373765864,-32.51057827926657,$10-20
532982,Field of the Dead (Borderless),Special Guests,95,95,4882.48,44.97,59.99,41.68,33.400044474093846,-7.3159884367356005,$20-50
218612,Sword of Fire and Ice (Borderless),Double Masters,57,58,4880.33,80.95,84.99,83.49,4.990735021618272,3.1377393452748508,$50-100
495612,"Karn, Legacy Reforged",March of the Machine: The Aftermath,292,307,4875.32,19.86,19.99,21.15,0.6545820745216466,6.495468277945616,$10-20
3376,City of Brass,Chronicles,129,163,4872.73,34.79,37.99,21.65,9.198045415349247,-37.76947398677781,$20-50
15655,Thoughtseize,Lorwyn,77,140,4868.0,16.44,19.99,10.78,21.593673965936723,-34.42822384428224,$10-20
480170,Phyrexian Altar,The List Reprints,88,88,4866.7,55.21,69.99,58.2,26.770512588299212,5.415685564209386,$50-100
59815,Diabolic Revelation,Magic 2013 (M13),450,467,4866.23,9.35,10.99,4.4,17.540106951871664,-52.941176470588225,$5-10
214839,Blightsteel Colossus,Double Masters,123,123,4865.32,41.39,44.99,36.37,8.69775308045422,-12.128533462188942,$20-50
285910,Sporocyst,"Universes Beyond: Warhammer 40,000",287,297,4862.5,12.12,23.99,13.12,97.93729372937293,8.25082508250825,$10-20
519779,Auton Soldier,Universes Beyond: Doctor Who,420,453,4855.9,10.77,14.99,8.33,39.18291550603529,-22.655524605385327,$10-20
641816,Mana Confluence (0070) (Borderless),Edge of Eternities: Stellar Sights,63,63,4854.38,64.3,99.99,81.7,55.505443234836704,27.060653188180417,$50-100
656804,The Destined Black Mage (Borderless),Commander: FINAL FANTASY,276,284,4854.2,17.9,37.99,23.18,112.23463687150841,29.49720670391062,$10-20
544825,Contagion Engine,Outlaws of Thunder Junction: Breaking News,381,404,4853.47,12.13,14.99,11.08,23.577906018136844,-8.656224237427871,$10-20
544175,Insatiable Avarice,Outlaws of Thunder Junction,844,954,4853.17,4.8,6.99,4.75,45.62500000000001,-1.041666666666663,$2-5
282840,"Dihada, Binder of Wills",Commander: Dominaria United,317,318,4851.03,13.73,24.99,13.53,82.01019664967222,-1.456664238892943,$10-20
221814,Arid Mesa,Zendikar Rising Expeditions,83,92,4849.94,48.22,47.99,50.33,-0.4769805060140956,4.3757776856076305,$20-50
539469,Guardian Project,Universes Beyond: Fallout,381,385,4847.37,13.26,18.99,12.5,43.21266968325791,-5.7315233785822,$10-20
633737,Restoration Magic,FINAL FANTASY,1566,2038,4842.3,2.21,2.79,1.12,26.244343891402718,-49.32126696832579,$2-5
651360,"Gwenom, Remorseless",Marvel's Spider-Man,850,873,4841.85,5.42,6.49,2.08,19.741697416974173,-61.62361623616236,$5-10
11625,Darksteel Forge,Darksteel,135,135,4840.54,40.56,57.99,38.55,42.97337278106508,-4.95562130177516,$20-50
641728,"Haliya, Guided by Light",Edge of Eternities,1358,1823,4840.06,1.8,4.99,1.53,177.22222222222223,-15.0,$1-2
688224,Turbulent Steppe (Extended Art),Commander: Secrets of Strixhaven,608,690,4837.9,4.85,6.49,3.89,33.81443298969074,-19.79381443298968,$2-5
145275,Mana Drain,Iconic Masters,88,89,4836.44,54.73,74.99,55.22,37.01808879956148,0.8953042207199015,$50-100
656537,Demonic Tutor,Secret Lair Drop Series,45,45,4832.83,110.22,119.99,114.62,8.86409000181455,3.992015968063877,$100-200
262929,Sensei's Divining Top,The List Reprints,111,113,4829.39,43.94,49.99,41.15,13.76877560309514,-6.34956759217114,$20-50
498618,Delighted Halfling (Extended Art),Universes Beyond: The Lord of the Rings: Tales of Middle-earth,168,177,4828.68,30.24,39.99,29.17,32.24206349206351,-3.5383597883597773,$20-50
505835,Training Center (Borderless),Commander Masters,232,234,4826.68,19.92,24.99,20.16,25.451807228915648,1.2048192771084258,$10-20
4307,Culling the Weak,Exodus,476,516,4824.88,7.29,12.99,6.24,78.18930041152264,-14.403292181069958,$5-10
517519,The Skullspore Nexus,The Lost Caverns of Ixalan,419,440,4824.12,10.99,12.99,10.87,18.198362147406733,-1.091901728844413,$10-20
222115,Maddening Cacophony,Zendikar Rising,629,679,4820.85,6.14,10.99,5.83,78.99022801302932,-5.048859934853414,$5-10
687620,Patchwork Banner,Commander: Secrets of Strixhaven,1102,1976,4819.91,2.22,3.49,2.01,57.2072072072072,-9.459459459459477,$2-5
562507,Wasteland (White Border),Mystery Booster 2,249,310,4818.19,15.57,27.99,14.46,79.76878612716762,-7.129094412331403,$10-20
563085,Demonic Consultation (Future Sight),Mystery Booster 2,315,359,4816.65,7.47,9.99,5.21,33.73493975903615,-30.254350736278447,$5-10
230136,"Vorinclex, Monstrous Raider (Showcase)",Kaldheim,78,78,4812.52,61.18,64.99,61.89,6.227525335076814,1.160509970578622,$50-100
544838,Mindbreak Trap,Outlaws of Thunder Junction: Breaking News,418,457,4811.51,9.38,11.99,8.22,27.825159914712145,-12.366737739872068,$5-10
168740,"Nicol Bolas, the Ravager",Core Set 2019,211,225,4808.62,18.33,22.99,11.77,25.422804146208406,-35.78832515002727,$10-20
166662,Morphic Pool,Battlebond,157,161,4806.47,29.15,37.99,29.95,30.32590051457977,2.7444253859348224,$20-50
276316,Cavern of Souls,Double Masters 2022,86,90,4804.35,52.96,57.99,52.02,9.497734138972811,-1.7749244712990893,$50-100
282900,Tiller Engine,Commander: Dominaria United,184,184,4803.81,22.78,37.99,23.46,66.76909569798069,2.98507462686567,$20-50
191062,Eladamri's Call,Modern Horizons,434,440,4801.44,11.39,12.99,9.83,14.047410008779625,-13.696224758560144,$10-20
276937,Concordant Crossroads,Double Masters 2022,170,173,4798.42,33.88,44.99,32.85,32.79220779220779,-3.040141676505316,$20-50
206024,Swamp,Theros Beyond Death,700,2504,4796.41,1.73,1.99,0.5,15.028901734104046,-71.09826589595376,$1-2
67321,Sacred Foundry,Gatecrash,364,429,4794.27,9.52,16.99,9.37,78.46638655462183,-1.575630252100844,$5-10
697023,Hawkeye's Bow,Marvel Super Heroes,1918,6052,4792.52,0.25,0.35,0.15,39.99999999999999,-40.0,$0-1
175203,Temple Garden,Guilds of Ravnica,521,608,4792.3,8.02,10.99,7.55,37.032418952618464,-5.860349127182042,$5-10
532881,Lush Portico,Murders at Karlov Manor,713,833,4791.91,5.11,7.99,4.67,56.360078277886494,-8.61056751467711,$5-10
651853,Counterspell (Borderless),Marvel Universe Eternal-Legal,421,448,4790.48,11.34,12.99,8.32,14.550264550264552,-26.63139329805996,$10-20
697447,Plaza of Heroes,Commander: Marvel Super Heroes,551,982,4790.12,3.74,6.49,3.74,73.52941176470587,0.0,$2-5
249500,The Meathook Massacre,Promo Pack: Innistrad: Midnight Hunt,184,184,4786.68,27.66,34.99,27.72,26.500361532899504,0.21691973969630773,$20-50
47648,Sundial of the Infinite,Magic 2012 (M12),331,343,4786.45,14.7,19.99,10.42,35.986394557823125,-29.115646258503396,$10-20
501913,Goblin Matron,Secret Lair Drop Series,124,126,4785.57,41.06,34.99,42.5,-14.783244033122259,3.5070628348757857,$20-50
662466,Mystical Tutor (Showcase),Avatar: The Last Airbender: Eternal-Legal,236,240,4784.63,21.12,22.99,17.7,8.854166666666655,-16.193181818181827,$20-50
687450,Monologue Tax,Commander: Secrets of Strixhaven,1220,1950,4784.22,1.86,2.49,1.17,33.87096774193549,-37.09677419354839,$1-2
507090,Rise of the Eldrazi (Extended Art),Commander Masters,190,192,4783.81,24.84,34.99,28.34,40.861513687600656,14.090177133655393,$20-50
235249,Dark Ritual (JP Alternate Art),Strixhaven: Mystical Archive,70,75,4782.82,54.1,49.99,49.75,-7.597042513863215,-8.040665434380777,$50-100
504186,"Mikaeus, the Unhallowed (Borderless)",Commander Masters,134,134,4782.77,33.33,44.99,33.86,34.983498349834996,1.5901590159015937,$20-50
151825,Island,Unstable,332,916,4779.81,4.05,4.99,2.85,23.209876543209887,-29.629629629629623,$2-5
6865,Exploration,Urza's Saga,72,83,4779.38,70.54,89.99,40.62,27.57300822228521,-42.41565069464135,$50-100
4386,Recurring Nightmare,Exodus,62,68,4776.71,84.28,84.99,50.76,0.842429995253908,-39.77218794494542,$50-100
11655,Sword of Fire and Ice,Darksteel,110,110,4774.96,44.62,44.99,34.56,0.8292245629762541,-22.545943523083807,$20-50
590683,"Vito, Thorn of the Dusk Rose (Anime)",Foundations Jumpstart,457,472,4771.76,8.37,14.99,8.49,79.0919952210275,1.4336917562724134,$5-10
630866,Aerith Gainsborough (Borderless),FINAL FANTASY,482,506,4771.49,9.86,10.99,6.25,11.460446247464512,-36.61257606490872,$5-10
273372,Decanter of Endless Water,Commander Legends: Battle for Baldur's Gate,951,1129,4765.92,4.6,4.99,3.06,8.478260869565231,-33.47826086956521,$2-5
2831,Birds of Paradise,7th Edition,42,47,4764.39,18.93,24.99,57.27,32.012678288431054,202.53565768621237,$10-20
552401,Subtlety (Borderless),Special Guests,237,294,4761.36,15.77,23.99,15.94,52.12428662016486,1.0779961953075454,$10-20
696278,"Shuri, Wakandan Inventor",Marvel Super Heroes,2220,5051,4757.91,0.39,0.69,0.15,76.9230769230769,-61.53846153846154,$0-1
513414,Court of Garenbrig,Commander: Wilds of Eldraine,291,299,4756.97,16.75,22.99,11.46,37.253731343283576,-31.582089552238802,$10-20
218872,"Avacyn, Angel of Hope (Borderless)",Double Masters,55,55,4756.3,77.79,99.99,102.93,28.53837254145775,32.31777863478596,$50-100
279244,Burgeoning (Borderless),Secret Lair Drop Series,99,99,4751.48,47.27,49.99,42.56,5.754178125661093,-9.96403638671462,$20-50
11976,Desperate Ritual,Champions of Kamigawa,629,832,4749.17,6.34,7.99,4.67,26.02523659305994,-26.340694006309146,$5-10
175582,"Niv-Mizzet, Parun",Guilds of Ravnica,724,846,4748.11,4.64,5.99,4.63,29.09482758620691,-0.21551724137930575,$2-5
6976,Phyrexian Tower,Urza's Saga,106,114,4746.78,49.4,74.99,31.16,51.801619433198375,-36.92307692307692,$20-50
273636,Concordant Crossroads,Secret Lair Drop Series,169,170,4746.26,37.37,39.99,39.89,7.0109713674070235,6.743377040406752,$20-50
490400,Surrak and Goreclaw,March of the Machine,419,433,4745.36,10.24,10.99,9.46,7.32421875,-7.617187499999993,$10-20
693576,Lucky the Pizza Dog,Commander: Marvel Super Heroes,640,754,4743.29,1.83,3.49,1.56,90.7103825136612,-14.754098360655737,$1-2
6345,Mother of Runes,Urza's Legacy,303,413,4736.72,13.52,15.99,8.09,18.269230769230774,-40.162721893491124,$10-20
563089,Rishadan Port (Future Sight),Mystery Booster 2,214,288,4736.67,12.22,16.99,9.88,39.0343698854337,-19.148936170212764,$10-20
679188,"Raph & Mikey, Troublemakers (Showcase)",Teenage Mutant Ninja Turtles,629,689,4736.26,5.23,7.99,4.58,52.77246653919693,-12.428298279158707,$5-10
215342,Grim Tutor (Alternate Art),Core Set 2021,172,178,4735.37,25.17,29.99,25.66,19.149781485895893,1.9467620182757186,$20-50
267884,Elvish Spirit Guide (Borderless),Secret Lair Drop Series,97,97,4734.02,33.84,37.99,35.36,12.263593380614651,4.4917257683215,$20-50
499776,Asceticism,Commander: The Lord of the Rings: Tales of Middle-earth,905,1152,4729.78,6.3,6.99,4.22,10.95238095238096,-33.01587301587302,$5-10
559142,Mockingbird (Showcase),Bloomburrow,398,419,4727.77,6.87,9.49,6.3100000000000005,38.13682678311499,-8.151382823871902,$5-10
285940,Shadow in the Warp,"Universes Beyond: Warhammer 40,000",259,262,4727.07,19.41,24.99,19.0,28.748068006182372,-2.1123132405976306,$10-20
696446,The Vision (Borderless),Marvel Super Heroes,1211,1334,4725.22,2.51,3.49,1.45,39.04382470119524,-42.23107569721115,$2-5
5688,Reflecting Pool,Tempest,108,130,4724.59,46.04,44.99,30.03,-2.2806255430060753,-34.77410947002606,$20-50
5299,Withering Boon,Mirage,394,447,4719.06,13.28,14.99,10.0,12.876506024096393,-24.69879518072289,$10-20
10688,Seedborn Muse,Legions,148,161,4718.27,20.47,27.99,15.18,36.73668783585735,-25.842696629213478,$20-50
118429,Enlightened Tutor,Eternal Masters,129,130,4716.26,38.3,42.99,35.43,12.24543080939949,-7.493472584856391,$20-50
633124,The Water Crystal (Borderless),FINAL FANTASY,477,494,4715.63,9.23,10.99,6.97,19.068255687973995,-24.485373781148432,$5-10
257025,Watery Grave (Borderless),Unfinity,127,141,4715.12,32.13,42.99,30.73,33.800186741363206,-4.35729847494554,$20-50
190734,Force of Vigor,Modern Horizons,415,527,4712.81,8.57,9.99,8.11,16.56942823803967,-5.367561260210045,$5-10
559146,Valley Floodcaller,Bloomburrow,954,1025,4711.65,3.51,5.99,3.03,70.65527065527067,-13.675213675213676,$2-5
167964,Mycosynth Lattice,Battlebond,126,127,4709.87,36.74,39.99,36.53,8.84594447468699,-0.5715841045182386,$20-50
71354,Whip of Erebos,Theros,600,627,4709.56,7.24,12.99,6.19,79.41988950276243,-14.502762430939223,$5-10
643637,Ancient Tomb (0046) (Borderless),Edge of Eternities: Stellar Sights,27,28,4700.37,167.66,159.99,177.14,-4.574734581891917,5.65430036979601,$100-200
686592,Deathcap Glade (Borderless),Secrets of Strixhaven,1149,1300,4700.28,2.36,4.49,2.08,90.25423728813561,-11.864406779661008,$2-5
226941,Wheel of Misfortune,Commander Legends,559,568,4699.43,7.93,10.99,7.03,38.587641866330394,-11.349306431273638,$5-10
122729,"Kambal, Consul of Allocation",Kaladesh,658,688,4699.08,6.81,8.99,5.09,32.01174743024964,-25.256975036710717,$5-10
656682,Deceit (Borderless),Lorwyn Eclipsed,371,469,4695.58,6.58,10.99,6.9,67.02127659574468,4.8632218844984845,$5-10
222132,Scute Swarm (Showcase),Zendikar Rising,567,589,4692.93,8.82,12.99,8.07,47.278911564625844,-8.503401360544217,$5-10
631176,Damning Verdict,Commander: FINAL FANTASY,1050,1287,4692.2,3.48,6.49,3.35,86.49425287356323,-3.735632183908043,$2-5
651335,"Electro, Assaulting Battery (Extended Art)",Marvel's Spider-Man,660,714,4691.51,6.62,9.99,5.62,50.90634441087614,-15.105740181268882,$5-10
240156,Archon of Cruelty,Modern Horizons 2,371,465,4690.09,11.38,13.99,8.290000000000001,22.934973637961328,-27.152899824253073,$10-20
151826,Swamp,Unstable,326,895,4686.68,3.85,4.99,2.08,29.610389610389614,-45.97402597402597,$2-5
686596,Stormcarved Coast (Borderless),Secrets of Strixhaven,1134,1301,4685.21,2.17,3.99,2.29,83.8709677419355,5.529953917050697,$2-5
4410,Sphere of Resistance,Exodus,121,162,4684.29,31.2,42.99,22.87,37.78846153846155,-26.698717948717942,$20-50
7842,Orim's Chant,Planeshift,74,93,4677.39,22.98,27.99,15.47,21.801566579634454,-32.68059181897302,$20-50
696480,Captain America's Shield (Borderless) (0317),Marvel Super Heroes,674,696,4675.37,6.46,7.49,4.2700000000000005,15.944272445820436,-33.90092879256965,$5-10
3484,Blood Moon,The Dark,73,92,4673.6,68.35,89.99,41.68,31.660570592538406,-39.01975128017556,$50-100
648590,Bloodthirsty Conqueror,Promo Pack: Edge of Eternities,137,139,4669.4,34.1,42.99,35.95,26.07038123167155,5.425219941348978,$20-50
34700,"Kozilek, Butcher of Truth",Rise of the Eldrazi,89,91,4668.24,49.85,59.99,42.38,20.341023069207623,-14.984954864593778,$20-50
39058,Consecrated Sphinx,Mirrodin Besieged,146,151,4666.35,31.07,29.99,25.53,-3.476021886063733,-17.83070485999356,$20-50
648704,Fated Firepower,Avatar: The Last Airbender,797,846,4665.16,4.72,7.49,4.0200000000000005,58.68644067796611,-14.830508474576257,$2-5
212007,"Mothra, Supersonic Queen - Luminous Broodmoth",Ikoria: Lair of Behemoths,91,91,4664.41,48.46,49.99,49.34,3.1572430870821315,1.8159306644655437,$20-50
276657,"Animar, Soul of Elements",Double Masters 2022,126,129,4663.47,29.81,32.99,30.92,10.667561221066768,3.7235826903723686,$20-50
679872,"Michelangelo, Weirdness to 11 (Borderless)",Teenage Mutant Ninja Turtles,622,656,4659.4,6.58,6.99,4.16,6.23100303951368,-36.77811550151976,$5-10
687543,Nature's Lore,Commander: Secrets of Strixhaven,1285,1845,4656.31,2.75,4.49,2.58,63.27272727272728,-6.181818181818179,$2-5
557276,Overlord of the Hauntwoods,Duskmourn: House of Horror,502,540,4652.49,8.55,11.99,7.29,40.23391812865496,-14.736842105263165,$5-10
33369,Mindbreak Trap,Zendikar,137,162,4649.42,15.49,20.99,8.69,35.50677856681729,-43.89928986442867,$10-20
505831,Vault of Champions,Commander Masters,267,276,4648.3,20.36,18.99,16.04,-6.728880157170929,-21.218074656188605,$20-50
697517,Clever Concealment,Commander: Marvel Super Heroes,577,966,4643.86,4.57,7.49,3.68,63.894967177242876,-19.474835886214443,$2-5
192896,Glint-Horn Buccaneer,Core Set 2020,694,718,4643.04,8.59,13.99,7.38,62.86379511059372,-14.086146682188591,$5-10
614429,Wastewood Verge (Borderless),Aetherdrift,343,388,4642.71,10.06,14.99,9.88,49.005964214711724,-1.7892644135188838,$10-20
618874,"Y'shtola, Night's Blessed",Commander: FINAL FANTASY,834,1634,4640.41,4.49,8.99,2.94,100.22271714922049,-34.52115812917595,$2-5
499443,Lembas,Universes Beyond: The Lord of the Rings: Tales of Middle-earth,969,1789,4639.88,1.45,2.49,1.19,71.7241379310345,-17.931034482758623,$1-2
187194,"Teferi, Time Raveler",War of the Spark,605,708,4639.55,6.59,7.49,6.140000000000001,13.657056145675273,-6.8285280728376225,$5-10
631006,"Kefka, Court Mage",FINAL FANTASY,825,887,4635.93,6.13,8.49,6.7700000000000005,38.49918433931485,10.440456769983696,$5-10
190865,Giver of Runes,Modern Horizons,401,431,4635.56,11.76,12.99,9.63,10.459183673469392,-18.112244897959176,$10-20
162254,Helm of the Host,Dominaria,430,447,4633.88,8.46,8.99,6.7700000000000005,6.264775413711576,-19.97635933806147,$5-10
7720,Tsabo's Web,Invasion,117,158,4633.76,32.74,37.99,19.99,16.035430665852168,-38.943188759926706,$20-50
530880,Utvara Hellkite (Anime Borderless),Ravnica Remastered,141,144,4633.55,26.72,37.99,24.45,42.17814371257486,-8.495508982035926,$20-50
191343,Echo of Eons,Modern Horizons,249,276,4633.26,12.86,12.99,11.08,1.0108864696734121,-13.841368584758937,$10-20
221818,Prismatic Vista,Zendikar Rising Expeditions,83,87,4632.9,46.53,54.99,42.68,18.181818181818183,-8.274231678487,$20-50
559137,Into the Flood Maw,Bloomburrow,1368,1776,4628.84,2.78,4.49,2.03,61.51079136690649,-26.978417266187055,$2-5
499811,Vanquisher's Banner,Commander: The Lord of the Rings: Tales of Middle-earth,858,1096,4628.6,5.04,6.99,4.23,38.69047619047619,-16.071428571428566,$5-10
552293,Flare of Fortitude,Modern Horizons 3,1104,1252,4628.56,4.06,5.99,3.31,47.5369458128079,-18.47290640394088,$2-5
591209,Swiftfoot Boots (Borderless),Foundations,868,1423,4628.08,2.29,4.49,2.31,96.06986899563319,0.873362445414848,$2-5
556385,Propaganda,Universes Beyond: Assassin's Creed,1220,1438,4627.07,2.63,3.49,2.6,32.699619771863134,-1.1406844106463805,$2-5
632108,Hope's Aero Magic - Cyclonic Rift,Secret Lair Drop Series,159,181,4626.2,28.55,37.99,29.43,33.06479859894921,3.0823117338003465,$20-50
697187,Raise Repulsor Shields - Raise the Palisade,Commander: Marvel Super Heroes,570,755,4622.82,4.45,8.49,4.8,90.78651685393258,7.865168539325834,$2-5
646614,"Doctor Octopus, Master Planner (Borderless)",Marvel's Spider-Man,778,879,4622.69,9.12,8.49,7.0600000000000005,-6.907894736842095,-22.587719298245602,$5-10
697387,"Hulk, Strongest There Is",Commander: Marvel Super Heroes,653,671,4621.93,4.45,5.49,3.26,23.370786516853933,-26.741573033707873,$2-5
530973,Bruvac the Grandiloquent (Anime Borderless),Ravnica Remastered,107,107,4621.76,43.31,47.99,42.8,10.805818517663356,-1.177557146155634,$20-50
199556,"Torbran, Thane of Red Fell",Throne of Eldraine,1068,1304,4619.22,3.87,5.99,3.35,54.78036175710594,-13.436692506459949,$2-5
267060,Ancient Brass Dragon (Showcase),Commander Legends: Battle for Baldur's Gate,98,104,4615.62,44.17,49.99,41.66,13.176364047996378,-5.6825899932080715,$20-50
6680,Sandstone Needle,Mercadian Masques,472,769,4615.42,5.56,4.99,1.55,-10.25179856115107,-72.12230215827337,$5-10
563073,Cabal Ritual (Future Sight),Mystery Booster 2,233,248,4613.4,15.18,18.99,15.15,25.098814229249005,-0.1976284584980195,$10-20
559147,Valley Floodcaller (Showcase),Bloomburrow,407,416,4608.16,6.98,7.99,5.71,14.46991404011461,-18.194842406876795,$5-10
491820,"Ayara, First of Locthwain",March of the Machine: Multiverse Legends,485,494,4605.89,9.17,10.99,8.33,19.847328244274813,-9.16030534351145,$5-10
32662,Lurking Predators,Magic 2010 (M10),224,226,4599.52,19.51,22.99,17.8,17.8370066632496,-8.764736032803693,$10-20
448834,"Slicer, Hired Muscle",Universes Beyond: Transformers,507,524,4597.85,8.76,9.99,7.29,14.041095890410965,-16.78082191780822,$5-10
698205,Panther Habit,Commander: Marvel Super Heroes,532,616,4597.0,3.17,4.99,3.18,57.41324921135648,0.3154574132492186,$2-5
668487,Chaos Warp (Borderless),Marvel Universe Eternal-Legal,708,760,4596.58,5.3,5.49,5.05,3.584905660377366,-4.716981132075472,$5-10
2900,Final Fortune,7th Edition,65,65,4592.41,17.8,17.99,14.34,1.067415730337066,-19.438202247191015,$10-20
257021,Hallowed Fountain (Borderless),Unfinity,138,147,4585.52,30.36,39.99,30.93,31.71936758893282,1.8774703557312262,$20-50
272732,Monster Manual,Commander Legends: Battle for Baldur's Gate,490,511,4581.96,9.67,10.99,8.33,13.65046535677353,-13.857290589451912,$5-10
534638,Leyline of the Guildpact,Murders at Karlov Manor,796,1030,4581.32,3.57,5.49,3.1,53.781512605042025,-13.165266106442571,$2-5
239180,Arid Mesa (Retro Frame),Modern Horizons 2,98,103,4577.15,43.13,49.99,41.68,15.905402272200323,-3.3619290517041565,$20-50
151828,Forest,Unstable,296,946,4576.4,3.4,4.49,1.56,32.058823529411775,-54.11764705882353,$2-5
687517,Serra Paragon,Commander: Secrets of Strixhaven,969,1744,4574.76,0.67,0.99,0.25,47.761194029850735,-62.68656716417911,$0-1
663408,Calliope's Song - Seething Song,Secret Lair Drop Series,214,226,4572.12,19.85,16.99,16.73,-14.408060453400518,-15.717884130982371,$10-20
218698,Force of Will,Double Masters,51,57,4568.38,69.46,84.99,60.77,22.358191765044634,-12.510797581341768,$50-100
638919,Forest (0266) (Borderless),Edge of Eternities,1136,3165,4566.14,1.07,2.79,0.64,160.74766355140187,-40.186915887850475,$1-2
257040,Godless Shrine (Borderless),Unfinity,134,147,4564.82,29.07,32.99,32.26,13.484692122463027,10.973512211902296,$20-50
11811,Mycosynth Golem,Fifth Dawn,111,117,4562.09,46.35,64.99,35.54,40.21574973031282,-23.322545846817697,$20-50
4211,Phyrexian Devourer,Alliances,109,137,4561.96,40.72,39.99,31.94,-1.7927308447937056,-21.561886051080545,$20-50
9407,Entomb,Odyssey,81,93,4559.93,26.9,32.99,16.09,22.63940520446098,-40.185873605947954,$20-50
206023,Island,Theros Beyond Death,748,2850,4559.82,1.27,1.79,0.26,40.94488188976378,-79.52755905511812,$1-2
499815,Herald's Horn,Commander: The Lord of the Rings: Tales of Middle-earth,929,991,4552.83,4.97,5.99,4.49,20.523138832997997,-9.65794768611669,$2-5
526131,Permission Denied (Borderless),Universes Beyond: Jurassic World Collection,336,347,4552.32,14.99,17.99,19.57,20.01334222815209,30.55370246831221,$10-20
493992,Umezawa's Jitte,Secret Lair Drop Series,160,233,4547.39,20.52,12.99,13.32,-36.69590643274854,-35.08771929824561,$20-50
699638,"Black Widow, Agile Avenger (Extended Art)",Commander: Marvel Super Heroes,181,192,4546.64,19.15,34.99,19.48,82.71540469973893,1.7232375979112369,$10-20
276355,"Ulamog, the Infinite Gyre (Borderless)",Double Masters 2022,95,95,4546.56,48.62,42.99,41.77,-11.579596873714513,-14.088852324146432,$20-50
630924,Y'shtola Rhul,FINAL FANTASY,824,869,4544.89,4.87,6.49,3.12,33.26488706365503,-35.93429158110883,$2-5
558349,"Ral, Crackling Wit (Borderless)",Bloomburrow,237,246,4544.69,17.07,22.99,15.89,34.680726420620964,-6.912712360867017,$10-20
661960,Bloodbender's Rise - Bloodchief Ascension (Borderless),Avatar: The Last Airbender: Eternal-Legal,299,302,4544.1,14.14,21.99,14.8,55.5162659123055,4.6676096181046685,$10-20
679615,Hidden Hideout,Commander: Teenage Mutant Ninja Turtles,818,1166,4541.28,3.0,4.49,2.08,49.66666666666668,-30.666666666666664,$2-5
517241,Galadhrim Brigade (Borderless),Commander: The Lord of the Rings: Tales of Middle-earth,358,392,4540.78,12.91,21.99,11.45,70.33307513555383,-11.309062742060425,$10-20
198909,"Ayara, First of Locthwain",Throne of Eldraine,482,490,4533.5,8.13,10.99,7.8,35.178351783517826,-4.059040590405916,$5-10
558446,Three Tree City (Borderless) (0338),Bloomburrow,78,78,4532.93,42.8,57.99,41.68,35.49065420560749,-2.616822429906536,$20-50
642113,"Adagia, Windswept Bastion",Edge of Eternities,747,805,4532.41,5.53,8.49,4.5600000000000005,53.526220614828205,-17.540687160940323,$5-10
59890,Akroma's Memorial,Magic 2013 (M13),149,150,4530.83,36.59,42.99,25.99,17.491117791746376,-28.96966384257995,$20-50
520174,Heroic Intervention,Universes Beyond: Doctor Who,303,317,4529.15,15.61,16.99,10.42,8.840486867392691,-33.24791800128123,$10-20
268915,Slip Out the Back,Streets of New Capenna,934,1101,4525.83,3.86,6.49,3.92,68.13471502590674,1.5544041450777215,$2-5
495606,"Ob Nixilis, Captive Kingpin",March of the Machine: The Aftermath,243,250,4522.85,17.81,18.99,16.67,6.625491297024142,-6.400898371701275,$10-20
670973,Vibrance (Borderless),Lorwyn Eclipsed,471,552,4522.32,5.01,8.49,3.9,69.46107784431139,-22.15568862275449,$5-10
14103,Rite of Flame,Coldsnap,463,517,4519.85,5.86,8.49,5.72,44.88054607508532,-2.3890784982935247,$5-10
675587,Mathemagics (Extended Art),Secrets of Strixhaven,477,502,4515.46,4.94,5.49,3.8,11.133603238866392,-23.076923076923087,$2-5
226407,Three Visits,Commander Legends,654,693,4513.87,4.68,7.49,4.8,60.04273504273505,2.5641025641025665,$2-5
276397,Bitterblossom,Double Masters 2022,130,131,4512.03,34.35,34.99,33.78,1.8631732168850088,-1.6593886462882104,$20-50
253668,Hullbreaker Horror,Innistrad: Crimson Vow,781,813,4511.9,5.67,8.99,5.21,58.55379188712523,-8.112874779541446,$5-10
614399,Bleachbone Verge (Borderless),Aetherdrift,341,379,4504.87,9.71,13.99,9.4,44.07826982492275,-3.192584963954691,$5-10
697200,"Immortus, Master of Eternity",Commander: Marvel Super Heroes,275,288,4504.06,6.2,12.99,6.0600000000000005,109.51612903225806,-2.2580645161290267,$5-10
239727,"Chatterfang, Squirrel General (Borderless)",Modern Horizons 2,185,191,4499.33,24.4,21.99,23.34,-9.87704918032787,-4.344262295081962,$20-50
37875,Island - Full Art,Unhinged,132,264,4498.56,11.87,9.99,3.98,-15.838247683235037,-66.47009267059813,$10-20
517661,Steam Vents (Retro Frame),Ravnica Remastered,106,121,4497.81,25.77,34.99,25.22,35.7780364765231,-2.134264648816456,$20-50
544668,Annie Joins Up,Outlaws of Thunder Junction,916,961,4497.48,4.39,3.49,3.3000000000000003,-20.501138952164,-24.829157175398624,$2-5
679568,Endless Foot Assault,Commander: Teenage Mutant Ninja Turtles,914,1170,4492.9,2.88,3.49,1.82,21.180555555555568,-36.80555555555555,$2-5
129836,Throne of the God-Pharaoh,Amonkhet,603,645,4492.52,6.32,9.49,5.42,50.15822784810127,-14.240506329113927,$5-10
480168,Mycosynth Lattice,The List Reprints,124,124,4490.89,37.79,42.99,36.45,13.760254035459123,-3.5459116168298395,$20-50
632145,Cloud's Buster Sword - Umezawa's Jitte,Secret Lair Drop Series,187,237,4486.38,24.74,21.99,24.99,-11.115602263540826,1.0105092966855296,$20-50
457085,"Yawgmoth, Thran Physician (Retro Frame)",Dominaria Remastered,132,141,4481.24,26.14,34.99,31.55,33.85615914307575,20.696250956388678,$20-50
505828,Spectator Seating,Commander Masters,259,265,4479.39,13.72,14.99,10.42,9.256559766763845,-24.052478134110792,$10-20
179463,Goryo's Vengeance,Ultimate Masters,282,445,4476.23,12.81,18.99,12.97,48.243559718969536,1.249024199843873,$10-20
198755,Embercleave,Throne of Eldraine,466,482,4471.58,8.79,14.99,9.24,70.53469852104666,5.119453924914688,$5-10
480185,Sword of Feast and Famine,The List Reprints,121,121,4470.26,39.07,49.99,38.02,27.94983363194267,-2.687484003071403,$20-50
203001,Lotus Petal,The List Reprints,112,112,4469.79,37.31,42.99,35.07,15.223800589654246,-6.003752345215765,$20-50
533194,Ranger-Captain of Eos,The List Reprints,124,133,4465.83,38.28,54.99,39.16,43.65203761755486,2.298850574712632,$20-50
532990,Victimize (Borderless),Special Guests,131,131,4463.74,17.24,21.99,10.93,27.55220417633411,-36.600928074245935,$10-20
519239,Fiery Islet,Universes Beyond: Doctor Who,750,1081,4462.95,3.84,5.49,4.04,42.968750000000014,5.208333333333338,$2-5
576515,Floodfarm Verge (Borderless),Duskmourn: House of Horror,313,350,4460.63,10.65,12.99,9.37,21.971830985915492,-12.018779342723015,$10-20
243290,Xorn,Adventures in the Forgotten Realms,542,556,4455.91,7.72,10.99,6.25,42.35751295336788,-19.04145077720207,$5-10
128275,Arid Mesa,Modern Masters 2017,117,124,4455.65,37.04,42.99,33.3,16.06371490280778,-10.097192224622036,$20-50
524352,"Aclazotz, Deepest Betrayal",The Lost Caverns of Ixalan,436,451,4453.56,8.45,12.99,8.57,53.727810650887584,1.4201183431952782,$5-10
582345,"Muxus, Goblin Grandee",The List Reprints,349,366,4452.52,12.43,14.99,12.49,20.595333869670156,0.48270313757039823,$10-20
641776,Stomping Ground (Borderless),Edge of Eternities,399,438,4452.37,9.81,12.99,8.17,32.415902140672785,-16.717635066258925,$5-10
221806,Flooded Strand,Zendikar Rising Expeditions,86,92,4451.95,35.15,44.99,31.88,27.994310099573266,-9.302987197724038,$20-50
6354,Palinchron,Urza's Legacy,120,123,4446.03,44.63,39.99,26.84,-10.396594219135112,-39.86107999103742,$20-50
541294,Wooded Foothills (Extended Art),Modern Horizons 3,153,173,4445.11,21.71,27.99,21.5,28.926761860893585,-0.9672961768770191,$20-50
696485,"Daredevil, Man Without Fear (Borderless) (0324)",Marvel Super Heroes,655,710,4442.47,3.88,4.99,3.1,28.60824742268042,-20.10309278350515,$2-5
451977,Unwinding Clock (Schematic),The Brothers' War: Retro Frame Artifacts,205,206,4441.78,19.81,24.99,19.79,26.148409893992934,-0.10095911155981613,$10-20
541292,Polluted Delta (Extended Art),Modern Horizons 3,153,168,4438.13,23.08,37.99,22.09,64.60138648180245,-4.289428076256493,$20-50
688654,Practiced Offense,Secrets of Strixhaven,2320,4274,4437.39,1.29,2.49,0.26,93.0232558139535,-79.84496124031007,$1-2
560063,Skullclamp,Commander: Bloomburrow,559,714,4432.28,7.2,8.49,6.37,17.916666666666668,-11.527777777777779,$5-10
563181,Chain of Vapor (Future Sight),Mystery Booster 2,235,255,4428.34,10.0,10.99,9.61,9.900000000000002,-3.9000000000000057,$10-20
34738,Soul's Attendant,Rise of the Eldrazi,786,870,4425.73,4.28,7.49,3.68,75.0,-14.018691588785048,$2-5
668454,The Coming of Galactus,Marvel Super Heroes,1249,1666,4424.3,1.31,2.79,1.03,112.97709923664121,-21.37404580152672,$1-2
47669,Grand Abolisher,Magic 2012 (M12),239,247,4423.8,19.29,24.99,16.77,29.54898911353032,-13.06376360808709,$10-20
518879,Everybody Lives!,Universes Beyond: Doctor Who,313,331,4420.82,13.95,15.99,13.32,14.623655913978503,-4.516129032258057,$10-20
14368,Spirit Loop,Time Spiral,396,411,4420.57,13.64,11.99,8.49,-12.09677419354839,-37.75659824046921,$10-20
600473,The Meathook Massacre,Innistrad Remastered,159,164,4418.87,26.99,32.99,27.35,22.230455724342363,1.333827343460552,$20-50
631114,Authority of the Consuls,Commander: FINAL FANTASY,814,1004,4415.79,4.69,6.49,4.53,38.37953091684434,-3.411513859275056,$2-5
8819,Lightning Bolt,Beta Edition,16,21,4413.91,349.49,329.99,196.81,-5.579558785659103,-43.68651463561189,$200+
696428,"Black Panther, Wakandan King (Borderless)",Marvel Universe Eternal-Legal,680,700,4413.46,4.26,5.49,3.41,28.87323943661973,-19.95305164319248,$2-5
563187,Echo of Eons (Future Sight),Mystery Booster 2,289,318,4413.01,9.71,12.99,9.03,33.779608650875375,-7.003089598352228,$5-10
9236,Tundra,Unlimited Edition,5,5,4412.97,1200.49,2299.99,1042.0,91.58760172929385,-13.202109138768336,$200+
458753,Mystic Remora (Borderless),Dominaria Remastered,343,358,4411.69,11.65,14.99,11.45,28.669527896995707,-1.7167381974249016,$10-20
696268,Monica Rambeau (Borderless) (0356),Marvel Super Heroes,344,358,4407.39,7.25,11.99,7.86,65.37931034482759,8.413793103448281,$5-10
233910,"Kiki-Jiki, Mirror Breaker",Time Spiral: Remastered,230,232,4403.24,16.04,14.99,14.03,-6.546134663341639,-12.531172069825436,$10-20
117736,Force of Will,Eternal Masters,35,43,4402.81,68.42,84.99,65.68,24.21806489330604,-4.004676995030685,$50-100
643051,"Evendo, Waking Haven (Borderless)",Edge of Eternities,220,227,4397.6,18.56,24.99,17.78,34.644396551724135,-4.202586206896539,$10-20
696658,The Wondrous Wasp,Marvel Super Heroes,1733,3447,4396.65,0.69,1.29,0.15,86.95652173913045,-78.26086956521738,$0-1
697310,"Daredevil, Fearless Fighter",Commander: Marvel Super Heroes,624,644,4394.5,3.12,5.49,2.99,75.96153846153845,-4.1666666666666625,$2-5
646136,"Ghost-Spider, Gwen Stacy",Marvel's Spider-Man: Eternal-Legal,374,385,4393.72,11.04,17.99,7.65,62.95289855072463,-30.706521739130427,$10-20
259260,Dracula's Tomb - Phyrexian Tower,Secret Lair Drop Series,85,86,4386.73,50.83,69.99,44.35,37.69427503442848,-12.748376942750339,$50-100
206693,"Heliod, Sun-Crowned (Showcase)",Theros Beyond Death,177,179,4385.81,21.43,32.99,20.08,53.943070461969214,-6.29958002799814,$20-50
697333,Wanda's Vision,Commander: Marvel Super Heroes,486,503,4384.17,7.56,9.49,7.47,25.52910052910054,-1.1904761904761887,$5-10
517697,Watery Grave (Borderless),Ravnica Remastered,122,145,4384.06,27.15,34.99,18.9,28.876611418047897,-30.386740331491712,$20-50
633168,Crystal of Altar Cave - Chromatic Lantern (Showcase),FINAL FANTASY: Through the Ages,369,374,4383.45,6.97,9.99,6.140000000000001,43.328550932568156,-11.908177905308454,$5-10
578081,Enduring Vitality (Extended Art),Duskmourn: House of Horror,328,353,4382.36,14.8,18.99,17.01,28.310810810810793,14.932432432432439,$10-20
505838,Vault of Champions (Borderless),Commander Masters,237,237,4381.39,17.54,22.99,17.44,31.07183580387685,-0.5701254275940586,$10-20
631750,Summon: Yojimbo (Borderless),Commander: FINAL FANTASY,326,330,4379.83,10.76,10.99,9.75,2.1375464684014913,-9.386617100371746,$10-20
262422,"Takenuma, Abandoned Mire (Borderless)",Kamigawa: Neon Dynasty,212,214,4378.89,17.83,19.99,16.66,12.114413909141899,-6.561974200785184,$10-20
535786,Necromancy,Commander: Murders at Karlov Manor,231,236,4377.17,19.87,21.99,19.25,10.669350780070443,-3.120281831907403,$10-20
465580,Gamble (Retro Frame),Dominaria Remastered,269,282,4374.18,16.18,21.99,17.13,35.908529048207654,5.871446229913469,$10-20
5947,Tithe,Visions,128,146,4370.81,36.4,44.99,32.56,23.59890109890111,-10.54945054945054,$20-50
641811,Gemstone Caverns (0061) (Borderless),Edge of Eternities: Stellar Sights,50,50,4363.79,80.34,94.99,103.15,18.235001244709974,28.391834702514316,$50-100
218833,Archangel of Thune,Double Masters,73,74,4363.67,63.45,54.99,39.77,-13.333333333333334,-37.320724980299445,$50-100
1945,Sylvan Library,Fourth Edition,134,157,4362.11,34.42,37.99,27.15,10.371876815804765,-21.12144102266125,$20-50
589326,Archmage of Runes,Foundations,1218,1361,4361.98,3.15,4.99,2.86,58.412698412698425,-9.20634920634921,$2-5
498525,Forge Anew,Universes Beyond: The Lord of the Rings: Tales of Middle-earth,856,901,4358.99,5.68,5.99,4.54,5.457746478873248,-20.070422535211264,$5-10
145286,Archangel of Thune,Iconic Masters,75,77,4356.44,59.22,54.99,53.14,-7.142857142857138,-10.266801756163456,$50-100
686539,Eiganjo Dynastorian,Commander: Secrets of Strixhaven,1010,1333,4354.56,1.28,1.49,0.76,16.406249999999996,-40.625,$1-2
697558,Quantum Misalignment,Commander: Marvel Super Heroes,568,819,4347.41,4.26,5.99,4.37,40.61032863849767,2.5821596244131535,$2-5
563235,Natural Order (Future Sight),Mystery Booster 2,280,304,4338.98,15.81,21.99,16.080000000000002,39.08918406072105,1.707779886148016,$10-20
286459,Commissar Severina Raine,"Universes Beyond: Warhammer 40,000",215,217,4335.52,18.92,22.99,18.31,21.511627906976724,-3.2241014799154493,$10-20
532898,Commercial District (Borderless),Murders at Karlov Manor,292,302,4335.23,10.98,15.99,10.08,45.62841530054644,-8.196721311475413,$10-20
11314,Isochron Scepter,Mirrodin,365,395,4334.84,12.67,16.99,8.33,34.0962904498816,-34.25414364640884,$10-20
128281,Misty Rainforest,Modern Masters 2017,111,117,4334.06,38.08,42.99,38.12,12.89390756302522,0.10504201680672046,$20-50
6234,"Rofellos, Llanowar Emissary",Urza's Destiny,73,77,4333.02,71.12,49.99,28.58,-29.7103487064117,-59.81439820022497,$50-100
660740,Secret Tunnel,Avatar: The Last Airbender,1320,1520,4331.42,2.95,3.99,1.3,35.25423728813559,-55.93220338983051,$2-5
513421,Throne of Eldraine (Extended Art),Commander: Wilds of Eldraine,113,118,4330.98,34.61,49.99,33.85,44.438023692574404,-2.195897139555036,$20-50
66547,Deathrite Shaman,Return to Ravnica,439,522,4329.78,7.33,8.99,6.25,22.646657571623464,-14.733969986357437,$5-10
39429,Birthing Pod,New Phyrexia,272,290,4329.76,13.43,14.99,11.48,11.615785554728223,-14.519731943410271,$10-20
552353,"Tamiyo, Inquisitive Student (Borderless)",Modern Horizons 3,119,140,4328.07,23.18,37.99,22.69,63.89128559102676,-2.11389128559102,$20-50
689365,Triumph of the Hordes (JP Alternate Art),Secrets of Strixhaven: Mystical Archive,252,260,4324.01,12.24,16.99,11.59,38.80718954248364,-5.310457516339872,$10-20
563244,Krark-Clan Ironworks (Future Sight),Mystery Booster 2,292,307,4322.77,14.35,18.99,13.69,32.334494773519154,-4.599303135888503,$10-20
562748,Screaming Nemesis,Duskmourn: House of Horror,501,641,4322.59,7.44,9.49,6.0600000000000005,27.553763440860212,-18.548387096774192,$5-10
283118,Plaza of Heroes,Dominaria United,467,492,4321.57,7.67,8.99,6.88,17.20990873533247,-10.29986962190352,$5-10
192644,"Vilis, Broker of Blood",Core Set 2020,440,444,4320.58,9.12,15.99,8.74,75.32894736842107,-4.166666666666656,$5-10
233881,"Yawgmoth, Thran Physician",Time Spiral: Remastered,99,103,4317.88,33.14,32.99,31.26,-0.4526252263126088,-5.6729028364514145,$20-50
648668,"Appa, Steadfast Guardian (Borderless)",Avatar: The Last Airbender,273,277,4316.66,12.86,12.99,11.59,1.0108864696734121,-9.8755832037325,$10-20
196277,Seedborn Muse,Commander 2019,314,316,4314.99,15.11,20.99,15.1,38.91462607544672,-0.06618133686300322,$10-20
67320,Godless Shrine,Gatecrash,389,420,4311.15,9.22,16.99,8.06,84.27331887201733,-12.58134490238612,$5-10
544277,Spirebluff Canal,Outlaws of Thunder Junction,595,780,4308.69,5.16,8.99,3.85,74.2248062015504,-25.387596899224807,$5-10
578900,The Lord of Pain (Borderless),Commander: Duskmourn: House of Horror,542,553,4306.09,8.87,15.99,8.74,80.27057497181512,-1.4656144306651524,$5-10
457198,Entomb,Dominaria Remastered,252,254,4305.6,16.9,21.99,15.63,30.118343195266274,-7.514792899408272,$10-20
257676,Plains (293) - JP Full Art,Kamigawa: Neon Dynasty,561,1194,4303.6,3.07,3.49,3.21,13.680781758957666,4.560260586319222,$2-5
495646,Training Grounds,March of the Machine: The Aftermath,555,579,4299.73,9.77,12.99,8.32,32.95803480040942,-14.84135107471852,$5-10
560662,African Swallow - Birds of Paradise,Secret Lair Drop Series,88,94,4294.59,41.49,44.99,44.36,8.435767654856592,6.917329476982399,$20-50
688910,Dismember,Secrets of Strixhaven: Mystical Archive,1293,1462,4294.29,2.51,3.49,1.92,39.04382470119524,-23.505976095617527,$2-5
524278,Dino DNA (Borderless),Universes Beyond: Jurassic World Collection,257,260,4292.82,15.91,18.99,15.46,19.358893777498416,-2.8284098051539868,$10-20
286534,Vexilus Praetor,"Universes Beyond: Warhammer 40,000",224,234,4291.71,15.14,18.99,15.31,25.42932628797885,1.1228533685601052,$10-20
552660,Warren Soultrader (Retro Frame),Modern Horizons 3,190,195,4291.4,18.28,24.99,18.75,36.70678336980305,2.571115973741788,$10-20
696424,Primal Vigor (Borderless),Marvel Universe Eternal-Legal,682,763,4291.31,5.32,6.99,5.21,31.39097744360902,-2.0676691729323364,$5-10
504555,"Heliod, Sun-Crowned",Commander Masters,191,195,4290.78,21.33,27.99,20.2,31.223628691983123,-5.297702766057192,$20-50
504569,"Mikaeus, the Unhallowed",Commander Masters,153,158,4290.23,24.27,27.99,21.92,15.32756489493201,-9.682735887927475,$20-50
624325,Goldlust Triad,Commander: Tarkir: Dragonstorm,722,819,4289.34,5.71,7.99,5.19,39.92994746059545,-9.106830122591937,$5-10
478553,Sword of Forge and Frontier,Phyrexia: All Will Be One,396,414,4281.76,10.59,16.99,8.65,60.43437204910291,-18.319169027384323,$10-20
190867,Goblin Engineer,Modern Horizons,429,453,4280.31,9.68,9.99,7.42,3.2024793388429806,-23.347107438016526,$5-10
624049,Sol Ring,Commander: Tarkir: Dragonstorm,1468,2520,4278.8,1.64,2.79,1.43,70.1219512195122,-12.804878048780486,$1-2
548596,Flare of Denial,Modern Horizons 3,985,1382,4277.3,3.4,5.49,2.9,61.47058823529413,-14.705882352941178,$2-5
688877,Living End (JP Alternate Art),Secrets of Strixhaven: Mystical Archive,302,327,4276.96,10.17,16.99,10.42,67.0599803343166,2.4582104228121926,$10-20
695483,Sheltered by Ghosts,Secret Lair Drop Series,122,159,4275.62,20.7,21.99,19.57,6.231884057971011,-5.458937198067628,$20-50
524319,Bonehoard Dracosaur (Borderless),The Lost Caverns of Ixalan,246,250,4274.33,16.05,19.99,15.09,24.548286604361355,-5.981308411214958,$10-20
282860,The Reaver Cleaver,Commander: Dominaria United,281,283,4274.15,20.0,21.99,16.78,9.949999999999992,-16.099999999999994,$20-50
689107,Dina's Guidance,Secrets of Strixhaven,2325,3176,4273.45,0.97,0.79,0.15,-18.55670103092783,-84.5360824742268,$0-1
553119,Eldrazi Monument,Commander: Modern Horizons 3,441,489,4271.6,9.46,10.99,9.21,16.17336152219872,-2.642706131078224,$5-10
609699,"Avacyn, Angel of Hope (Retro Frame)",Innistrad Remastered,134,140,4270.75,30.35,42.99,33.7,41.647446457990114,11.037891268533777,$20-50
579319,Hall of Heliod's Generosity,Commander: Duskmourn: House of Horror,348,360,4269.23,12.45,15.99,11.84,28.43373493975905,-4.899598393574292,$10-20
696243,M.O.D.O.K. (Extended Art),Marvel Super Heroes,452,471,4264.76,7.22,10.99,5.62,52.216066481994474,-22.160664819944596,$5-10
651956,Savage Beating (Borderless),Marvel Universe Eternal-Legal,461,467,4263.87,10.11,11.99,8.33,18.595450049455994,-17.606330365974276,$10-20
559952,Academy Manufactor,Commander: Bloomburrow,591,666,4262.75,7.06,8.99,6.3500000000000005,27.337110481586414,-10.056657223796021,$5-10
671135,Tree of Perdition,Commander: Lorwyn Eclipsed,949,1189,4262.67,2.59,5.49,2.3000000000000003,111.96911196911199,-11.19691119691118,$2-5
698220,Black Panther's Claws - Hammer of Nazahn,Commander: Marvel Super Heroes,572,745,4259.93,5.28,8.49,4.58,60.79545454545454,-13.25757575757576,$5-10
276348,Vedalken Orrery,Double Masters 2022,235,243,4259.82,18.87,16.99,16.41,-9.962904080551152,-13.03656597774245,$10-20
215322,Rite of Flame,Signature Spellbook: Chandra,498,525,4259.45,6.5,8.99,5.5200000000000005,38.30769230769231,-15.076923076923071,$5-10
668481,Ephemerate (Borderless),Marvel Universe Eternal-Legal,684,806,4259.39,4.85,7.49,5.19,54.43298969072167,7.0103092783505305,$2-5
688461,Into the Flood Maw (Retro Frame),WPN & Gateway Promos,273,449,4259.04,3.0,5.49,2.95,83.0,-1.6666666666666607,$2-5
591780,Rise of the Dark Realms (Borderless),Foundations,189,190,4256.86,21.97,29.99,17.71,36.504324078288576,-19.39007737824305,$20-50
39106,Sword of Feast and Famine,Mirrodin Besieged,109,112,4254.01,42.09,54.99,39.59,30.648610121168918,-5.939653124257543,$20-50
452750,Cityscape Leveler,The Brothers' War,299,315,4250.27,13.51,15.99,12.47,18.356772760917842,-7.698001480384894,$10-20
540844,Atomize,Universes Beyond: Fallout,357,373,4246.89,12.12,14.99,10.15,23.67986798679869,-16.254125412541246,$10-20
524279,Life Finds a Way (Borderless),Universes Beyond: Jurassic World Collection,202,204,4245.44,16.11,17.99,14.6,11.6697703289882,-9.373060211049037,$10-20
696420,Seize the Day (Borderless),Marvel Universe Eternal-Legal,693,742,4243.61,3.88,5.99,4.1,54.38144329896908,5.670103092783499,$2-5
686568,"Ral Zarek, Guest Lecturer (Borderless)",Secrets of Strixhaven,620,684,4243.53,3.42,2.79,1.84,-18.421052631578945,-46.198830409356724,$2-5
6389,Snap,Urza's Legacy,593,775,4242.59,4.64,5.99,2.07,29.09482758620691,-55.38793103448276,$2-5
262438,"Otawara, Soaring City (Extended Art)",Kamigawa: Neon Dynasty,106,106,4242.33,35.43,42.99,35.42,21.337849280270962,-0.028224668360141154,$20-50
206022,Plains,Theros Beyond Death,768,3272,4240.4,0.92,1.79,0.35,94.56521739130434,-61.956521739130444,$0-1
600452,Snapcaster Mage (Retro Frame),Innistrad Remastered,170,186,4238.65,19.07,24.99,17.17,31.043523859465118,-9.963293130571572,$10-20
182842,Breeding Pool,Ravnica Allegiance,346,370,4235.47,9.85,14.99,9.37,52.182741116751274,-4.8730964467005125,$5-10
273532,Astral Dragon,Commander Legends: Battle for Baldur's Gate,193,203,4233.27,19.86,23.99,18.98,20.795568982880155,-4.431017119838867,$10-20
3175,City of Brass,Arabian Nights,7,8,4232.78,789.99,1099.99,703.42,39.24100305067152,-10.958366561602052,$200+
686594,Shattered Sanctum (Borderless),Secrets of Strixhaven,1086,1237,4232.38,2.22,4.49,1.51,102.25225225225225,-31.98198198198199,$2-5
12581,Biorhythm,9th Edition,125,126,4228.5,33.68,32.99,25.87,-2.0486935866983305,-23.18883610451306,$20-50
624140,Dracogenesis (0300) (Showcase),Tarkir: Dragonstorm,273,278,4226.13,15.62,16.99,14.09,8.770806658130597,-9.795134443021764,$10-20
498680,Borne Upon a Wind,Universes Beyond: The Lord of the Rings: Tales of Middle-earth,771,976,4223.77,4.34,4.49,1.45,3.456221198156691,-66.58986175115207,$2-5
590832,High Fae Trickster (Borderless),Foundations,297,313,4220.78,7.9,11.99,6.86,51.77215189873417,-13.164556962025317,$5-10
180789,Phyrexian Tower,Ultimate Masters,147,152,4219.36,27.97,39.99,26.98,42.97461565963533,-3.539506614229526,$20-50
697018,"Black Widow, Super Spy (Borderless) (0364)",Marvel Super Heroes,356,372,4218.03,9.89,13.99,10.4,41.45601617795753,5.156723963599593,$5-10
176426,Beast Whisperer,Guilds of Ravnica,545,563,4217.13,7.5,10.99,7.05,46.53333333333334,-6.000000000000003,$5-10
536706,"Delney, Streetwise Lookout",Promo Pack: Murders at Karlov Manor,115,117,4214.57,33.1,47.99,33.58,44.98489425981873,1.450151057401803,$20-50
513386,Experimental Confectioner,Wilds of Eldraine,483,494,4213.89,7.19,9.49,7.890000000000001,31.988873435326838,9.73574408901252,$5-10
688475,Sowing Mycospawn,Secret Lair Showdown,212,285,4213.05,4.22,6.49,4.42,53.79146919431281,4.739336492891,$2-5
624741,Nature's Rhythm (Borderless),Tarkir: Dragonstorm,482,525,4208.65,5.89,7.49,4.48,27.164685908319196,-23.93887945670627,$5-10
452236,"Liberator, Urza's Battlethopter",The Brothers' War,621,664,4206.94,7.38,8.99,7.18,21.81571815718158,-2.7100271002710055,$5-10
679071,Teleportation Circle (Borderless),Teenage Mutant Ninja Turtles Source Material,823,920,4205.59,5.04,7.49,5.0,48.611111111111114,-0.7936507936507943,$5-10
688875,Living End,Secrets of Strixhaven: Mystical Archive,865,965,4204.82,2.78,3.99,2.84,43.52517985611512,2.158273381294966,$2-5
541308,Bloodstained Mire (Extended Art),Modern Horizons 3,170,183,4201.66,18.95,27.99,21.36,47.70448548812665,12.717678100263855,$10-20
591672,Rise of the Dark Realms,Foundations,632,654,4200.96,6.25,7.99,4.4,27.840000000000003,-29.599999999999994,$5-10
660578,Heroic Intervention (Borderless),Avatar: The Last Airbender: Eternal-Legal,273,275,4198.49,15.31,18.99,14.27,24.036577400391888,-6.792945787067282,$10-20
10878,Stifle,Scourge,76,105,4198.0,38.28,37.99,29.53,-0.7575757575757553,-22.85788923719958,$20-50
624449,Command Beacon,Commander: Tarkir: Dragonstorm,549,608,4196.14,9.07,11.99,7.71,32.19404630650496,-14.99448732083793,$5-10
273301,Ancient Bronze Dragon,Commander Legends: Battle for Baldur's Gate,215,219,4195.77,19.38,20.99,16.86,8.30753353973168,-13.003095975232196,$10-20
559947,"Toski, Bearer of Secrets",Commander: Bloomburrow,666,906,4194.01,8.45,7.99,7.390000000000001,-5.44378698224851,-12.544378698224836,$5-10
273674,Black Market Connections,Commander Legends: Battle for Baldur's Gate,206,216,4191.74,19.14,24.99,18.01,30.564263322884,-5.90386624869383,$10-20
121620,Burgeoning,Conspiracy: Take the Crown,123,123,4190.44,35.26,37.99,30.72,7.7424844015882135,-12.875779920589903,$20-50
145317,Serra Ascendant,Iconic Masters,128,130,4190.06,30.84,32.99,28.24,6.971465629053185,-8.430609597924779,$20-50
646008,"Spider-Man, Peter Parker",Marvel's Spider-Man: Eternal-Legal,315,326,4189.43,9.89,15.99,9.27,61.67846309403438,-6.268958543983831,$5-10
552883,Springheart Nantuko (Borderless),Modern Horizons 3,438,462,4189.19,7.53,8.99,6.03,19.389110225763613,-19.9203187250996,$5-10
541283,Psychic Frog (Borderless),Modern Horizons 3,160,206,4186.93,15.22,17.99,14.68,18.199737187910628,-3.5479632063074957,$10-20
624149,Ghostly Prison,Commander: Tarkir: Dragonstorm,714,837,4185.68,5.69,5.99,4.16,5.2724077328646715,-26.889279437609844,$5-10
563236,Final Fortune (Future Sight),Mystery Booster 2,270,279,4185.33,10.06,11.99,8.32,19.184890656063615,-17.296222664015907,$10-20
221816,Morphic Pool,Zendikar Rising Expeditions,101,102,4182.79,31.24,49.99,24.64,60.01920614596672,-21.126760563380277,$20-50
33265,Bloodchief Ascension,Zendikar,206,216,4182.26,20.11,27.99,16.95,39.18448533068125,-15.713575335653903,$20-50
257022,Blood Crypt (Borderless),Unfinity,131,136,4180.2,26.8,37.99,26.05,41.75373134328358,-2.798507462686567,$20-50
491025,"Ozolith, the Shattered Spire",March of the Machine,461,487,4178.88,7.79,7.49,4.68,-3.8510911424903695,-39.9229781771502,$5-10
697391,Return of the Mole Man,Commander: Marvel Super Heroes,386,401,4177.43,8.42,14.99,7.79,78.02850356294537,-7.482185273159144,$5-10
66421,Temple Garden,Return to Ravnica,457,530,4172.33,7.54,11.99,7.29,59.01856763925729,-3.3156498673740056,$5-10
700798,Aggravated Assault (2691),Secret Lair Drop Series,168,239,4171.14,20.06,24.99,20.82,24.576271186440678,3.7886340977068875,$20-50
530858,"Niv-Mizzet, Parun (Anime Borderless)",Ravnica Remastered,271,279,4170.78,9.1,12.99,8.59,42.74725274725276,-5.604395604395602,$5-10
190649,Snow-Covered Island,Modern Horizons,596,2422,4169.45,1.92,1.99,1.19,3.645833333333337,-38.02083333333333,$1-2
77298,Mishra's Factory (Winter),Antiquities,8,8,4169.17,659.99,599.99,416.78,-9.09104683404294,-36.85055834179306,$200+
681215,Academy Manufactor (7094),Secret Lair Drop Series,369,418,4168.27,9.02,12.99,8.94,44.01330376940134,-0.8869179600886926,$5-10
199506,The Great Henge (Extended Art),Throne of Eldraine,44,45,4167.03,78.12,119.99,87.3,53.597030209933415,11.751152073732708,$50-100
635394,Tataru Taru (Extended Art),Commander: FINAL FANTASY,264,273,4165.77,10.05,12.99,9.33,29.253731343283572,-7.1641791044776175,$10-20
230165,The World Tree,Kaldheim,509,553,4163.6,6.85,9.49,6.19,38.540145985401466,-9.635036496350354,$5-10
657761,"Raphael, Tag Team Tough",Commander: Teenage Mutant Ninja Turtles,555,603,4158.18,5.93,3.49,3.61,-41.146711635750414,-39.123102866779085,$5-10
643881,Robe of Stars (Showcase),Special Guests,260,274,4153.95,15.72,16.99,14.44,8.078880407124668,-8.142493638676852,$10-20
114864,Eerie Interlude,Shadows over Innistrad,564,612,4153.85,6.42,11.99,6.23,86.7601246105919,-2.9595015576323913,$5-10
257678,Island (295) - JP Full Art,Kamigawa: Neon Dynasty,621,1257,4151.72,2.73,4.49,2.35,64.46886446886447,-13.919413919413914,$2-5
175200,Sacred Foundry,Guilds of Ravnica,317,341,4149.25,9.91,15.99,9.97,61.35216952573158,0.6054490413723561,$5-10
262950,Umezawa's Jitte,The List Reprints,175,213,4148.65,15.96,16.99,11.97,6.453634085213017,-25.0,$10-20
6060,Lotus Vale,Weatherlight,121,132,4143.6,38.09,49.99,21.15,31.241795746915198,-44.473615122079295,$20-50
609707,Griselbrand (Showcase),Innistrad Remastered,193,208,4142.83,16.16,18.99,15.83,17.51237623762375,-2.0420792079207923,$10-20
697516,Rejuvenating Springs,Commander: Marvel Super Heroes,555,1006,4142.68,3.74,4.49,3.95,20.053475935828878,5.614973262032084,$2-5
452655,Awaken the Woods,The Brothers' War,217,221,4140.16,13.41,18.99,13.49,41.61073825503354,0.5965697240865032,$10-20
552881,Fanatic of Rhonas (Extended Art),Modern Horizons 3,271,322,4139.71,15.51,20.99,16.93,35.33204384268213,9.15538362346873,$10-20
609769,Hullbreaker Horror (Borderless),Innistrad Remastered,336,350,4133.21,10.86,15.99,10.42,47.23756906077349,-4.051565377532224,$10-20
226907,Reshape the Earth,Commander Legends,289,303,4132.16,13.51,16.99,14.17,25.758697261287928,4.885270170244264,$10-20
652015,Mindbreak Trap (Borderless),Marvel Universe Eternal-Legal,381,406,4132.06,7.22,11.99,6.72,66.06648199445985,-6.9252077562326875,$5-10
214842,Doubling Season (Borderless),Double Masters,57,58,4131.95,70.09,59.99,68.16,-14.410044228848626,-2.7536025110572218,$50-100
457501,Counterspell,Dominaria Remastered,1215,1514,4131.77,2.58,3.99,2.56,54.65116279069768,-0.7751937984496131,$2-5
524425,Chromatic Orrery (Borderless),Commander: The Lost Caverns of Ixalan,53,53,4131.59,57.54,64.99,53.08,12.947514772332283,-7.7511296489398696,$50-100
625697,"Elspeth, Storm Slayer",Promo Pack: Tarkir: Dragonstorm,108,109,4131.43,36.94,47.99,36.47,29.913373037357893,-1.272333513806169,$20-50
453931,Portal to Phyrexia,Promo Pack: The Brothers' War,134,134,4129.02,36.65,54.99,58.13,50.040927694406555,58.60845839017736,$20-50
576513,Blazemire Verge (Borderless),Duskmourn: House of Horror,313,331,4124.99,10.93,16.99,10.42,55.44373284537968,-4.666056724611161,$10-20
118463,Green Sun's Zenith,Eternal Masters,141,152,4124.23,29.32,37.99,31.66,29.570259208731247,7.980900409276943,$20-50
590118,Ancient Greenwarden,Foundations Jumpstart,336,354,4121.72,11.79,17.99,11.91,52.58693808312128,1.0178117048346143,$10-20
576530,Thornspire Verge,Duskmourn: House of Horror,717,835,4117.79,5.5,7.49,4.87,36.18181818181819,-11.454545454545451,$5-10
145283,"Kokusho, the Evening Star",Iconic Masters,166,166,4117.16,23.4,34.99,22.4,49.52991452991455,-4.273504273504273,$20-50
499501,Sanguine Bond,Commander: The Lord of the Rings: Tales of Middle-earth,698,883,4116.05,5.84,6.49,5.5200000000000005,11.130136986301377,-5.4794520547945105,$5-10
78965,"Phenax, God of Deception",Born of the Gods,264,273,4114.81,16.6,15.99,10.4,-3.67469879518073,-37.34939759036145,$10-20
562750,Enduring Tenacity (Extended Art),Duskmourn: House of Horror,310,325,4114.67,11.89,16.99,14.07,42.89318755256516,18.33473507148864,$10-20
674549,"The Ghoul, Gunslinger",Secret Lair Drop Series,320,357,4110.26,10.68,14.99,9.37,40.355805243445694,-12.265917602996259,$10-20
686634,"Adrix and Nev, Twincasters (Borderless)",Special Guests,612,639,4108.33,6.05,7.99,6.25,32.06611570247935,3.305785123966945,$5-10
10871,Pemmin's Aura,Scourge,292,311,4104.06,12.31,12.99,7.49,5.523964256701866,-39.15515840779854,$10-20
674653,Gitaxian Probe (2067),Secret Lair Drop Series,106,134,4102.01,17.71,21.99,16.92,24.167137210615458,-4.460756634669673,$10-20
233864,Thoughtseize,Time Spiral: Remastered,132,211,4100.17,13.43,18.99,13.12,41.399851079672366,-2.308265078183176,$10-20
285880,Nexos,"Universes Beyond: Warhammer 40,000",312,316,4099.68,12.59,18.99,11.62,50.83399523431294,-7.7045274027005615,$10-20
696387,"Iron Man, Armored Avenger",Commander: Marvel Super Heroes,748,817,4098.98,3.92,4.99,3.62,27.295918367346943,-7.653061224489792,$2-5
13261,Doubling Season,Ravnica: City of Guilds,103,106,4092.72,41.24,49.99,31.16,21.217264791464597,-24.44228903976722,$20-50
129978,Approach of the Second Sun,Amonkhet,819,921,4088.42,6.06,4.99,3.94,-17.656765676567648,-34.98349834983498,$5-10
526081,Kindred Discovery,Commander: The Lost Caverns of Ixalan,293,295,4088.28,13.17,12.99,9.21,-1.3667425968109317,-30.06833712984054,$10-20
552345,Six (Borderless),Modern Horizons 3,224,227,4085.05,14.05,16.99,12.42,20.925266903914576,-11.601423487544489,$10-20
457226,Sylvan Library (Borderless),Dominaria Remastered,118,118,4084.7,30.51,32.99,27.61,8.128482464765652,-9.505080301540485,$20-50
609601,"Gisela, the Broken Blade",Innistrad Remastered,194,194,4084.51,20.81,32.99,19.79,58.52955309947143,-4.901489668428638,$20-50
535847,Seedborn Muse,Commander: Murders at Karlov Manor,266,276,4083.57,16.73,20.99,14.58,25.4632396891811,-12.851165570830844,$10-20
199288,Castle Garenbrig,Throne of Eldraine,525,567,4082.39,8.34,11.99,7.29,43.76498800959233,-12.589928057553957,$5-10
499810,Door of Destinies,Commander: The Lord of the Rings: Tales of Middle-earth,567,628,4082.1,6.22,6.49,5.32,4.340836012861744,-14.469453376205779,$5-10
66624,Sphere of Safety,Return to Ravnica,869,919,4081.46,4.64,6.49,3.2,39.87068965517243,-31.03448275862068,$2-5
498350,Minas Tirith,Universes Beyond: The Lord of the Rings: Tales of Middle-earth,630,653,4080.89,6.06,8.99,6.19,48.34983498349836,2.1452145214521585,$5-10
183219,Rhythm of the Wild,Ravnica Allegiance,872,923,4080.86,4.79,6.99,4.16,45.92901878914405,-13.152400835073067,$2-5
686598,Sundown Pass (Borderless),Secrets of Strixhaven,1182,1347,4077.58,2.21,3.99,1.82,80.54298642533938,-17.647058823529406,$2-5
658482,"Freya, Queen of the Valkyries - Iroas, God of Victory",Secret Lair Drop Series,255,257,4074.01,15.23,17.99,15.0,18.122127380170703,-1.5101772816808956,$10-20
4644,Demonic Consultation,Ice Age,514,545,4072.17,8.06,9.49,5.14,17.741935483870964,-36.228287841191076,$5-10
575273,Ghost Vacuum,Duskmourn: House of Horror,734,874,4071.97,3.58,5.49,2.93,53.35195530726258,-18.156424581005584,$2-5
94339,Goblin Welder,Commander 2014,184,190,4070.7,23.96,32.99,22.91,37.687813021702844,-4.382303839732891,$20-50
688942,Winds of Abandon,Secrets of Strixhaven: Mystical Archive,767,807,4068.23,3.25,4.99,2.92,53.53846153846155,-10.153846153846157,$2-5
697599,Three Visits,Commander: Marvel Super Heroes,536,922,4068.05,4.18,7.49,4.15,79.18660287081342,-0.7177033492822814,$2-5
233914,Simian Spirit Guide,Time Spiral: Remastered,897,1142,4063.52,3.26,3.49,2.9,7.055214723926394,-11.04294478527607,$2-5
192521,Scheming Symmetry,Core Set 2020,429,459,4061.34,8.22,11.99,7.55,45.86374695863746,-8.150851581508526,$5-10
662391,Flawless Maneuver (Showcase),Avatar: The Last Airbender: Eternal-Legal,191,193,4059.77,20.8,32.99,21.7,58.60576923076923,4.3269230769230695,$20-50
679194,Rhythm of the Wild (Borderless),Teenage Mutant Ninja Turtles Source Material,773,823,4056.29,4.09,6.99,4.0,70.90464547677263,-2.200488997555009,$2-5
555976,Black Market Connections (Extended Art),Universes Beyond: Assassin's Creed,178,182,4054.86,20.53,22.99,19.21,11.982464685825606,-6.429615197272286,$20-50
548576,Nethergoyf,Modern Horizons 3,549,914,4054.0,3.22,6.99,3.02,117.0807453416149,-6.211180124223608,$2-5
128856,Cyclonic Rift,Modern Masters 2017,130,131,4052.63,33.66,37.99,29.34,12.863933452168762,-12.834224598930472,$20-50
539757,Silver Shroud Costume,Universes Beyond: Fallout,383,398,4052.48,10.38,14.99,9.55,44.412331406551054,-7.996146435452794,$10-20
687658,"Veyran, Voice of Duality",Commander: Secrets of Strixhaven,1140,1639,4050.84,1.63,3.99,0.98,144.78527607361966,-39.87730061349693,$1-2
696674,Castle Doom,Marvel Super Heroes,1545,3071,4049.45,0.55,0.49,0.15,-10.909090909090919,-72.72727272727273,$0-1
39095,Inkmoth Nexus,Mirrodin Besieged,292,340,4048.93,12.77,14.99,10.12,17.38449490994519,-20.751761942051687,$10-20
651375,Arachnogenesis (Borderless),Marvel Universe Eternal-Legal,477,494,4048.35,8.62,10.99,7.22,27.494199535962892,-16.241299303944313,$5-10
498397,Witch-king of Angmar,Universes Beyond: The Lord of the Rings: Tales of Middle-earth,408,466,4047.67,7.59,9.99,8.07,31.6205533596838,6.324110671936764,$5-10
277181,Crucible of Worlds,Double Masters 2022,126,126,4047.01,33.52,39.99,34.27,19.30190930787589,2.2374701670644392,$20-50
216247,Lurking Predators,Jumpstart,207,227,4046.73,20.53,21.99,17.89,7.111544081831453,-12.859230394544571,$20-50
503407,Arcane Signet (Borderless),Commander Masters,488,540,4046.28,5.88,9.99,5.19,69.89795918367348,-11.734693877551013,$5-10
662023,Isochron Scepter,Secret Lair Countdown Kit,344,389,4046.01,9.7,12.99,8.33,33.91752577319589,-14.12371134020618,$5-10
700801,Aura Shards (2694),Secret Lair Drop Series,146,165,4045.06,20.21,23.99,19.76,18.70361207323106,-2.2266204849084574,$20-50
641978,Exploration Broodship,Commander: Edge of Eternities,794,1123,4040.85,3.55,4.49,3.42,26.478873239436634,-3.661971830985913,$2-5
11640,Mycosynth Lattice,Darksteel,113,115,4035.49,38.91,37.99,35.94,-2.3644307375995752,-7.632999228989974,$20-50
475528,"Vorinclex, Monstrous Raider (Concept Praetor)",Phyrexia: All Will Be One,63,63,4034.34,66.55,74.99,61.58,12.68219383921863,-7.468069120961681,$50-100
129468,Coat of Arms,Duel Decks: Mind vs. Might,225,230,4033.85,19.83,23.99,16.61,20.97831568330812,-16.23802319717599,$10-20
630965,Summon: Primal Odin (Borderless),FINAL FANTASY,490,503,4031.92,8.36,7.99,6.62,-4.4258373205741535,-20.813397129186594,$5-10
257682,Mountain (299) - JP Full Art,Kamigawa: Neon Dynasty,585,1215,4031.35,2.68,3.49,1.87,30.223880597014922,-30.223880597014922,$2-5
496031,Call of the Ring,Universes Beyond: The Lord of the Rings: Tales of Middle-earth,805,901,4031.2,4.18,5.49,3.82,31.3397129186603,-8.612440191387558,$2-5
1712,Dark Ritual,Fourth Edition,806,1099,4027.73,3.75,4.49,1.56,19.733333333333338,-58.4,$2-5
615204,Conjurer's Closet,Commander: Aetherdrift,870,1090,4025.44,3.85,5.49,3.48,42.5974025974026,-9.610389610389614,$2-5
57666,"Mikaeus, the Unhallowed",Dark Ascension,159,160,4024.36,25.55,34.99,20.4,36.94716242661448,-20.156555772994135,$20-50
557923,Omniscience,Foundations,618,683,4023.71,5.7,8.49,5.72,48.94736842105263,0.3508771929824486,$5-10
548592,Urza's Cave,Modern Horizons 3,1925,2726,4022.79,1.12,1.99,0.51,77.6785714285714,-54.46428571428572,$1-2
499327,Henneth Annun - Reflecting Pool (Borderless),Commander: The Lord of the Rings: Tales of Middle-earth,158,159,4020.76,22.39,42.99,19.97,92.00535953550693,-10.80839660562752,$20-50
600474,The Meathook Massacre (Retro Frame),Innistrad Remastered,145,147,4018.78,26.53,32.99,27.83,24.34979268752356,4.900113079532593,$20-50
222167,Ancient Greenwarden,Zendikar Rising,306,314,4017.42,12.05,15.99,11.57,32.697095435684645,-3.983402489626559,$10-20
525784,Herald's Horn,Commander: The Lost Caverns of Ixalan,481,542,4014.51,5.01,5.49,4.3500000000000005,9.580838323353301,-13.173652694610762,$5-10
128282,Scalding Tarn,Modern Masters 2017,101,104,4011.73,41.55,44.99,39.26,8.27918170878461,-5.511432009626954,$20-50
507093,Darksteel Monolith (Extended Art),Commander Masters,154,154,4007.37,24.58,29.99,23.96,22.009764035801467,-2.522375915378346,$20-50
4167,Helm of Obedience,Alliances,141,166,4006.63,27.33,42.99,20.7,57.29967069154777,-24.25905598243688,$20-50
631235,Lightning Greaves,Commander: FINAL FANTASY,742,905,4006.51,4.53,6.49,4.11,43.26710816777042,-9.271523178807945,$2-5
644790,Inventors' Fair (0021) (Borderless),Edge of Eternities: Stellar Sights,249,250,4005.46,16.92,23.99,17.080000000000002,41.78486997635931,0.9456264775413719,$10-20
544435,Terror of the Peaks (Extended Art),Outlaws of Thunder Junction,84,88,4003.94,46.23,57.99,40.25,25.438027255029215,-12.93532338308457,$20-50
517657,Hallowed Fountain (Retro Frame),Ravnica Remastered,111,140,4003.11,17.86,32.99,16.1,84.71444568868982,-9.854423292273227,$10-20
475505,Phyrexian Obliterator,Phyrexia: All Will Be One,387,417,4000.96,9.29,13.99,9.25,50.592034445640486,-0.4305705059203353,$5-10
9234,Tropical Island,Unlimited Edition,4,5,3999.98,1049.99,1699.99,820.57,61.9053514795379,-21.84973190220859,$200+
451928,Altar of Dementia,The Brothers' War: Retro Frame Artifacts,201,216,3999.91,17.52,20.99,16.740000000000002,19.805936073059353,-4.452054794520534,$10-20
513890,Waste Not,Wilds of Eldraine: Enchanting Tales,563,580,3999.0,6.23,7.99,5.62,28.250401284109145,-9.791332263242381,$5-10
221308,Sylvan Library,Commander Collection: Green,140,143,3996.79,28.72,32.99,26.57,14.867688022284135,-7.486072423398324,$20-50
215963,Neyith of the Dire Hunt,Jumpstart,440,459,3993.99,12.7,19.99,12.5,57.4015748031496,-1.5748031496062938,$10-20
698010,Kindred Dominance,Commander: Marvel Super Heroes,528,931,3991.4,3.45,5.99,3.02,73.62318840579711,-12.463768115942033,$2-5
517640,Blood Crypt (Retro Frame),Ravnica Remastered,103,127,3990.5,22.72,20.99,19.19,-7.614436619718312,-15.536971830985905,$20-50
52170,Moonmist,Innistrad,1282,2100,3990.03,2.03,2.49,0.93,22.66009852216751,-54.18719211822659,$2-5
687507,"Gorma, the Gullet (Borderless)",Commander: Secrets of Strixhaven,1334,1523,3989.42,2.01,1.99,0.78,-0.9950248756218805,-61.19402985074627,$2-5
204758,"Purphoros, God of the Forge",The List Reprints,139,139,3987.11,31.05,34.99,28.81,12.689210950080518,-7.214170692431568,$20-50
679146,"Michelangelo, Improviser (Borderless)",Teenage Mutant Ninja Turtles,329,337,3986.72,8.04,8.49,7.72,5.5970149253731485,-3.980099502487555,$5-10
36417,Grafted Exoskeleton,Scars of Mirrodin,603,682,3986.68,5.79,6.99,4.42,20.725388601036272,-23.66148531951641,$5-10
216140,Phyrexian Tower,Jumpstart,149,154,3986.51,27.73,39.99,26.03,44.2120447169131,-6.1305445366029545,$20-50
552873,Boggart Trawler,Modern Horizons 3,1656,2703,3985.34,0.87,2.29,0.7000000000000001,163.2183908045977,-19.540229885057464,$0-1
630902,"Firion, Swordmaster - Sram, Senior Edificer (Showcase)",FINAL FANTASY: Through the Ages,405,408,3984.32,6.17,6.99,5.97,13.29011345218801,-3.2414910858995163,$5-10
240166,Dauthi Voidwalker,Modern Horizons 2,616,747,3984.29,4.35,6.49,3.49,49.195402298850595,-19.770114942528725,$2-5
693025,The Vision,Marvel Super Heroes,1998,2965,3981.74,0.72,1.29,0.26,79.16666666666667,-63.888888888888886,$0-1
578058,Withering Torment,Duskmourn: House of Horror,974,1079,3971.91,2.75,3.49,2.07,26.909090909090917,-24.727272727272734,$2-5
67323,Watery Grave,Gatecrash,301,334,3971.79,10.49,16.99,8.44,61.9637750238322,-19.54242135367017,$10-20
39544,Mindcrank,New Phyrexia,408,424,3969.86,9.5,12.99,7.6,36.736842105263165,-20.000000000000004,$5-10
687521,Hardened Scales,Commander: Secrets of Strixhaven,1268,1796,3969.3,2.24,3.99,1.91,78.12499999999999,-14.732142857142868,$2-5
662779,"Avatar Kyoshi, Earthbender (Extended Art)",Avatar: The Last Airbender: Eternal-Legal,172,174,3964.04,22.07,20.99,19.53,-4.8935206162211236,-11.50883552333484,$20-50
544432,"Bristly Bill, Spine Sower (Extended Art)",Outlaws of Thunder Junction,55,55,3962.02,62.4,59.99,61.42,-3.862179487179482,-1.5705128205128156,$50-100
1381,Dark Ritual,Revised Edition,887,1256,3961.43,4.59,4.99,2.32,8.714596949891074,-49.455337690631815,$2-5
499325,"Helm's Deep - Shinka, the Bloodsoaked Keep (Borderless)",Commander: The Lord of the Rings: Tales of Middle-earth,148,154,3960.99,26.49,32.99,28.14,24.537561343903374,6.2287655719139385,$20-50
286351,Sceptre of Eternal Glory,"Universes Beyond: Warhammer 40,000",200,204,3958.18,20.13,29.99,20.31,48.98161947342275,0.8941877794336797,$20-50
662007,Altar of the Brood,Secret Lair Countdown Kit,348,368,3957.57,9.69,11.99,8.59,23.7358101135191,-11.35190918472652,$5-10
12271,Goryo's Vengeance,Betrayers of Kamigawa,119,220,3955.81,18.81,34.99,14.76,86.01807549175973,-21.531100478468897,$10-20
10340,Chain of Smog,Onslaught,331,396,3955.12,10.33,10.99,6.96,6.3891577928364,-32.62342691190707,$10-20
641779,Weftstalker Ardent,Edge of Eternities,1524,2076,3954.45,0.7,2.29,0.4,227.14285714285717,-42.85714285714285,$0-1
617863,Swan Song (1591),Secret Lair Drop Series,99,109,3953.71,55.34,54.99,57.41,-0.6324539212143141,3.7405131911817726,$50-100
641778,Weapons Manufacturing,Edge of Eternities,989,1623,3953.08,1.65,3.49,1.03,111.51515151515154,-37.57575757575757,$1-2
162752,Mystical Tutor,Signature Spellbook: Jace,217,219,3951.25,22.0,21.99,14.84,-0.04545454545455256,-32.54545454545455,$20-50
10885,Carrion Feeder,Scourge,681,882,3951.02,4.51,5.99,3.26,32.81596452328161,-27.716186252771617,$2-5
234332,Akroma's Memorial,Time Spiral: Remastered,109,110,3950.71,32.95,39.99,31.04,21.365705614567524,-5.796661608497734,$20-50
279830,Plains (Showcase),Dominaria United,537,1359,3946.99,2.81,3.99,2.38,41.992882562277586,-15.302491103202854,$2-5
560228,Alchemist's Talent,Commander: Bloomburrow,733,1156,3946.84,4.98,4.99,4.41,0.20080321285140132,-11.445783132530126,$2-5
480143,Blightsteel Colossus,The List Reprints,105,106,3945.34,40.37,44.99,39.37,11.444141689373309,-2.4770869457517963,$20-50
214834,"Atraxa, Praetors' Voice (Borderless)",Double Masters,61,61,3941.47,60.7,84.99,61.99,40.016474464579886,2.1252059308072475,$50-100
673579,"Mutagen Man, Living Ooze",Teenage Mutant Ninja Turtles,1225,1397,3939.34,1.6,2.29,0.78,43.125,-51.24999999999999,$1-2
525158,Resplendent Angel,The Lost Caverns of Ixalan,405,479,3936.99,8.48,8.99,6.25,6.014150943396224,-26.29716981132076,$5-10
696656,"Ironheart, Clever Champion (Borderless)",Marvel Super Heroes,1184,1291,3935.49,2.37,1.99,1.42,-16.03375527426161,-40.084388185654014,$2-5
10348,Aggravated Assault,Onslaught,122,122,3932.86,35.32,37.99,26.82,7.559456398641001,-24.065685164212912,$20-50
695481,Queen Marchesa (2688),Secret Lair Drop Series,100,101,3931.48,33.68,37.99,31.23,12.796912114014258,-7.274346793349166,$20-50
589386,Generous Pup,Foundations Jumpstart,527,616,3930.22,6.46,9.49,5.01,46.90402476780186,-22.445820433436538,$5-10
552821,Glaring Fleshraker,Modern Horizons 3,1636,3226,3928.49,0.8,2.29,0.41,186.24999999999997,-48.75000000000001,$0-1
544312,Vaultborn Tyrant (Showcase),Outlaws of Thunder Junction: The Big Score,39,39,3927.66,86.94,89.99,81.33,3.508166551644809,-6.452726017943408,$50-100
600509,"Emrakul, the Promised End",Innistrad Remastered,200,213,3924.63,21.34,29.99,20.84,40.534208059981246,-2.343017806935333,$20-50
6529,Food Chain,Mercadian Masques,59,62,3923.97,53.01,39.99,37.22,-24.561403508771924,-29.78683267308055,$50-100
699669,"Galactus, Devourer of Worlds (Extended Art)",Commander: Marvel Super Heroes,214,216,3919.84,18.1,20.99,16.03,15.966850828729266,-11.436464088397791,$10-20
674804,Innkeeper's Talent,Secret Lair Showdown,42,44,3916.34,28.8,22.99,27.36,-20.173611111111118,-5.000000000000004,$20-50
559973,Reliquary Tower,Commander: Bloomburrow,890,985,3912.89,4.9,5.99,3.43,22.244897959183668,-30.000000000000004,$2-5
504756,Steelshaper's Gift,Commander Masters,401,429,3912.04,9.66,10.99,7.77,13.768115942028986,-19.565217391304355,$5-10
122672,Spirebluff Canal,Kaladesh,439,655,3911.03,5.16,9.99,4.3,93.6046511627907,-16.66666666666667,$5-10
262746,"Eiganjo, Seat of the Empire",Kamigawa: Neon Dynasty,625,672,3908.86,5.31,9.99,3.12,88.135593220339,-41.242937853107335,$5-10
662432,Gamble (Showcase),Avatar: The Last Airbender: Eternal-Legal,219,223,3908.28,18.74,23.99,17.7,28.01494130202775,-5.549626467449302,$10-20
7988,Llanowar Wastes,Apocalypse,85,131,3907.91,32.91,32.99,18.47,0.24308720753571986,-43.87724096019447,$20-50
214836,Mana Crypt (Borderless),Double Masters,42,51,3906.86,67.71,64.99,65.69,-4.017131885984344,-2.983311180032486,$50-100
541393,"Lumra, Bellow of the Woods (Borderless) (0293)",Bloomburrow,80,81,3896.02,38.23,39.99,36.26,4.603714360449922,-5.153021187549043,$20-50
242370,"Sheoldred, Whispering One",Secret Lair Drop Series,197,200,3894.41,21.67,20.99,15.63,-3.1379787724965538,-27.87263497923397,$20-50
251785,Gravecrawler,Secret Lair Drop Series,87,90,3893.35,39.1,37.99,39.54,-2.838874680306904,1.1253196930946234,$20-50
614422,Sunbillow Verge (Borderless),Aetherdrift,306,320,3893.28,9.25,13.99,9.72,51.24324324324324,5.081081081081088,$5-10
449614,Birds of Paradise (Retro Frame),Dominaria Remastered,167,229,3889.98,11.87,17.99,12.29,51.558550968828975,3.5383319292333613,$10-20
2546,Enlightened Tutor,Classic Sixth Edition,121,123,3888.87,37.65,42.99,32.02,14.183266932270927,-14.95351925630809,$20-50
18623,Faerie Macabre,Shadowmoor,303,526,3887.74,7.55,9.99,5.8100000000000005,32.31788079470199,-23.04635761589403,$5-10
696319,"Captain America, Living Legend",Marvel Super Heroes,2055,3147,3885.7,0.3,0.35,0.15,16.666666666666664,-50.0,$0-1
630880,"Cloud, Midgar Mercenary (Extended Art)",FINAL FANTASY,113,120,3881.75,30.42,39.99,30.93,31.45956607495069,1.676528599605516,$20-50
454872,Ashcoat of the Shadow Swarm,Jumpstart 2022,80,83,3881.42,42.49,42.99,40.51,1.1767474699929394,-4.65991998117205,$20-50
696863,"Taskmaster, Mercenary Mimic",Marvel Super Heroes,1853,2786,3879.24,0.44,0.69,0.15,56.8181818181818,-65.90909090909092,$0-1
686545,The Dawning Archaic,Secrets of Strixhaven,1341,1603,3878.77,1.31,1.49,0.62,13.740458015267171,-52.67175572519084,$1-2
656564,"Eirdu, Carrier of Dawn (Borderless)",Lorwyn Eclipsed,349,361,3878.74,5.95,7.49,5.19,25.882352941176475,-12.773109243697474,$5-10
478502,Flawless Maneuver,Commander: Phyrexia: All Will Be One,182,184,3877.52,21.15,32.99,21.23,55.9810874704492,0.3782505910165572,$20-50
247828,Haunted Ridge,Innistrad: Midnight Hunt,448,479,3875.43,8.32,12.99,8.06,56.129807692307686,-3.1249999999999973,$5-10
504497,Craterhoof Behemoth,Commander Masters,182,182,3875.01,23.28,27.99,21.4,20.231958762886585,-8.075601374570457,$20-50
686604,Exhibition Tidecaller,Secrets of Strixhaven,1834,2863,3873.97,0.66,0.59,0.15,-10.606060606060614,-77.27272727272727,$0-1
277214,Warrior's Oath,Double Masters 2022,215,219,3868.94,17.7,21.99,16.59,24.237288135593214,-6.271186440677963,$10-20
526415,Illustrious Wanderglyph,Commander: The Lost Caverns of Ixalan,221,224,3866.28,18.29,23.99,16.52,31.16457080371788,-9.677419354838708,$10-20
161447,Relentless Rats,Masters 25,203,759,3863.41,4.84,4.99,3.44,3.0991735537190155,-28.92561983471074,$2-5
660540,"Volcano of Roku's Island - Valakut, the Molten Pinnacle (Borderless)",Avatar: The Last Airbender: Eternal-Legal,348,360,3862.86,10.25,16.99,10.96,65.75609756097559,6.926829268292692,$10-20
265374,Jetmir's Garden (Borderless),Streets of New Capenna,117,117,3860.61,26.05,32.99,23.47,26.64107485604607,-9.904030710172751,$20-50
240808,Aura Shards (INV),The List Reprints,211,213,3860.6,20.81,23.99,20.62,15.281114848630464,-0.9130225852955202,$20-50
222161,Glasspool Mimic,Zendikar Rising,565,608,3857.3,6.69,9.49,6.29,41.85351270553064,-5.97907324364724,$5-10
701534,Crucible of Worlds (7162),Secret Lair Drop Series,167,179,3856.18,22.98,24.99,25.43,8.746736292428189,10.66144473455178,$20-50
4641,Dark Ritual,Ice Age,862,1093,3854.05,5.07,4.49,2.07,-11.439842209072978,-59.171597633136095,$5-10
668484,Lord of Atlantis (Borderless),Marvel Universe Eternal-Legal,734,821,3853.37,4.71,6.99,2.43,48.40764331210192,-48.407643312101904,$2-5
687669,Bojuka Bog,Commander: Secrets of Strixhaven,1764,3356,3851.43,1.03,2.29,0.92,122.33009708737863,-10.679611650485436,$1-2
661968,"Aang, Swift Savior (0298) (Borderless)",Avatar: The Last Airbender,370,394,3851.2,8.97,10.99,8.09,22.519509476031207,-9.810479375696774,$5-10
552266,Emerald Medallion,Modern Horizons 3,1209,1360,3850.26,3.42,4.99,3.12,45.90643274853802,-8.771929824561399,$2-5
39416,Glistening Oil,New Phyrexia,294,298,3847.26,13.27,18.99,8.33,43.104747550866605,-37.226827430293895,$10-20
552731,Guide of Souls,Modern Horizons 3,1060,1555,3846.47,3.08,3.99,1.54,29.545454545454547,-50.0,$2-5
686584,Molten-Core Maestro,Secrets of Strixhaven,1644,2493,3846.06,0.66,0.49,0.15,-25.75757575757576,-77.27272727272727,$0-1
98817,Gut Shot,Modern Masters 2015,551,786,3844.64,5.29,8.49,4.14,60.49149338374291,-21.739130434782616,$5-10
461811,Crawlspace,Dominaria Remastered,400,405,3844.1,8.94,12.99,8.3,45.3020134228188,-7.158836689038019,$5-10
5315,Burgeoning,Stronghold,110,117,3844.06,35.74,34.99,32.51,-2.098489087856743,-9.037493005036385,$20-50
206666,"Heliod, Sun-Crowned",Theros Beyond Death,169,172,3844.03,22.45,27.99,18.98,24.677060133630285,-15.456570155902,$20-50
673671,"Raph & Mikey, Troublemakers",Teenage Mutant Ninja Turtles,1198,1515,3842.41,2.67,5.49,1.04,105.6179775280899,-61.048689138576776,$2-5
696571,"Mole Man, Moloid Master (Extended Art)",Marvel Super Heroes,766,852,3840.54,3.35,3.99,2.44,19.1044776119403,-27.164179104477615,$2-5
39555,Noxious Revival,New Phyrexia,420,451,3839.93,6.91,10.99,5.21,59.04486251808972,-24.602026049204053,$5-10
4927,Urza's Bauble,Ice Age,343,525,3837.61,8.64,10.99,2.08,27.19907407407407,-75.92592592592592,$5-10
257031,Breeding Pool (Borderless),Unfinity,126,136,3835.63,26.34,32.99,25.0,25.246772968868648,-5.087319665907365,$20-50
221810,Windswept Heath,Zendikar Rising Expeditions,91,94,3835.59,29.17,34.99,32.84,19.95200548508742,12.581419266369561,$20-50
509501,"Talion, the Kindly Lord (Borderless)",Wilds of Eldraine,246,248,3834.8,11.0,13.99,10.4,27.181818181818183,-5.4545454545454515,$10-20
221309,Worldly Tutor,Commander Collection: Green,137,137,3834.49,26.76,34.99,27.17,30.754857997010465,1.5321375186846045,$20-50
614496,Chandra's Ignition (Borderless),Special Guests,154,156,3833.19,21.24,29.99,22.72,41.195856873822976,6.967984934086631,$20-50
687630,Talisman of Creativity,Commander: Secrets of Strixhaven,1209,1735,3832.04,2.13,2.99,1.77,40.37558685446011,-16.90140845070422,$2-5
6301,Defense of the Heart,Urza's Legacy,146,156,3828.56,24.45,24.99,15.12,2.2085889570552113,-38.15950920245399,$20-50
171168,Unwinding Clock,Commander 2018,201,203,3825.09,18.98,32.99,19.2,73.81454162276081,1.1591148577449888,$10-20
167787,Diabolic Intent,Battlebond,188,194,3823.18,17.66,19.99,16.830000000000002,13.193657984144952,-4.699886749716865,$10-20
499661,Basalt Monolith,Commander: The Lord of the Rings: Tales of Middle-earth,732,1114,3820.67,4.25,5.49,3.23,29.176470588235297,-24.0,$2-5
559719,Arcane Signet,Commander: Bloomburrow,1613,2706,3816.26,0.69,0.99,0.44,43.478260869565226,-36.23188405797101,$0-1
512399,Land Tax,Wilds of Eldraine: Enchanting Tales,154,158,3815.14,21.31,21.99,19.81,3.1909901454716083,-7.0389488503050215,$20-50
631671,Ultima Weapon,FINAL FANTASY,561,592,3813.49,7.54,9.49,5.4,25.862068965517242,-28.381962864721483,$5-10
277190,Crucible of Worlds (Borderless),Double Masters 2022,105,108,3812.8,34.29,42.99,34.44,25.371828521434832,0.43744531933507896,$20-50
697137,"Matt Murdock, Justice Seeker",Commander: Marvel Super Heroes,801,879,3806.52,2.08,2.99,1.04,43.75000000000001,-50.0,$2-5
587990,"Captain America, First Avenger",Secret Lair Drop Series,86,101,3804.03,37.36,27.99,37.16,-25.08029978586724,-0.5353319057815922,$20-50
218291,Exploration,Double Masters,110,112,3803.95,33.5,42.99,32.68,28.32835820895523,-2.4477611940298516,$20-50
67319,Breeding Pool,Gatecrash,292,324,3803.18,9.48,17.99,9.89,89.76793248945145,4.324894514767934,$5-10
697233,Time Warp,Commander: Marvel Super Heroes,472,529,3800.96,6.26,9.99,6.23,59.58466453674123,-0.47923322683705055,$5-10
285868,Biophagus,"Universes Beyond: Warhammer 40,000",213,220,3796.75,17.23,19.99,16.51,16.018572257690064,-4.178757980266969,$10-20
457115,No Mercy,Dominaria Remastered,144,146,3795.26,26.44,23.99,23.96,-9.26626323751892,-9.379727685325266,$20-50
286348,Resurrection Orb,"Universes Beyond: Warhammer 40,000",258,262,3794.41,16.19,20.99,15.63,29.64793082149473,-3.4589252625077234,$10-20
188345,Bolt Bend,War of the Spark,935,1015,3793.8,3.26,5.49,2.89,68.40490797546013,-11.349693251533733,$2-5
512422,Sanguine Bond,Wilds of Eldraine: Enchanting Tales,579,596,3784.06,6.92,7.49,4.94,8.236994219653184,-28.612716763005775,$5-10
624417,Teval's Judgment,Commander: Tarkir: Dragonstorm,539,564,3783.79,8.14,12.99,7.28,59.58230958230958,-10.565110565110567,$5-10
679160,Level Up,Commander: Teenage Mutant Ninja Turtles,1116,1383,3782.95,2.6,3.49,2.07,34.23076923076923,-20.384615384615394,$2-5
685504,Reliquary Tower (7104),Secret Lair Drop Series,202,233,3779.07,16.24,16.99,17.81,4.618226600985222,9.667487684729066,$10-20
480504,Paradise Mantle,Secret Lair Drop Series,84,84,3777.14,37.82,34.99,32.36,-7.482813326282385,-14.436805922792177,$20-50
687516,"Primo, the Unbounded (Borderless)",Commander: Secrets of Strixhaven,1116,1710,3775.76,1.26,1.29,0.41,2.3809523809523827,-67.46031746031747,$1-2
504132,"Ulamog, the Ceaseless Hunger",Commander Masters,152,172,3773.44,20.85,23.99,18.69,15.059952038369289,-10.359712230215827,$20-50
525250,"Chimil, the Inner Sun (Borderless)",Commander: The Lost Caverns of Ixalan,57,57,3773.38,42.25,57.99,39.48,37.25443786982249,-6.556213017751486,$20-50
553519,Talon Gates of Madara (Extended Art),Commander: Modern Horizons 3,100,103,3773.02,39.42,54.99,36.47,39.49771689497717,-7.483510908168449,$20-50
3494,City of Shadows,The Dark,100,109,3771.46,68.64,57.99,21.88,-15.515734265734263,-68.12354312354313,$50-100
552623,Collective Resistance,Modern Horizons 3,1642,2489,3768.93,1.29,2.99,1.15,131.78294573643413,-10.852713178294584,$1-2
552173,Echoes of Eternity,Modern Horizons 3,1287,2303,3767.98,2.35,2.49,0.53,5.957446808510643,-77.4468085106383,$2-5
641745,The Eternity Elevator,Edge of Eternities,1429,1827,3767.82,2.48,3.49,1.56,40.72580645161291,-37.096774193548384,$2-5
541268,"Emrakul, the World Anew",Modern Horizons 3,746,859,3767.78,4.78,6.49,3.54,35.77405857740585,-25.94142259414226,$2-5
12811,Seething Song,9th Edition,334,387,3763.61,11.73,13.99,8.53,19.266837169650465,-27.280477408354653,$10-20
161421,Dark Ritual,Masters 25,454,640,3763.15,4.88,4.99,3.74,2.2540983606557443,-23.36065573770491,$2-5
128221,Marsh Flats,Modern Masters 2017,109,121,3762.49,32.88,42.99,31.81,30.748175182481745,-3.2542579075425904,$20-50
202858,Aetherflux Reservoir,The List Reprints,145,145,3755.1,32.62,27.99,22.91,-14.193746167995094,-29.767014101778045,$20-50
559916,Kalonian Hydra,Commander: Bloomburrow,716,803,3754.49,5.66,7.49,5.14,32.332155477031804,-9.187279151943471,$5-10
503367,Ruby Medallion,Commander Masters,282,303,3752.9,12.3,17.99,12.1,46.26016260162599,-1.62601626016261,$10-20
631895,Vincent Valentine (Borderless),FINAL FANTASY,497,520,3747.57,7.49,6.99,6.7700000000000005,-6.675567423230974,-9.6128170894526,$5-10
699706,"Ultron, Machine Overlord (Borderless)",Commander: Marvel Super Heroes,631,652,3747.13,5.07,7.99,4.53,57.593688362919124,-10.650887573964498,$5-10
9230,Time Vault,Unlimited Edition,4,4,3746.96,1095.01,1899.99,1095.13,73.51348389512424,0.010958804029197746,$200+
179451,"Kozilek, Butcher of Truth",Ultimate Masters,82,82,3746.86,48.42,49.99,43.45,3.242461792647667,-10.264353572903756,$20-50
6139,Attrition,Urza's Destiny,193,214,3745.15,18.43,21.99,15.43,19.3163320672816,-16.277807921866522,$10-20
679091,"April O'Neil, Human Element",Commander: Teenage Mutant Ninja Turtles,435,478,3744.8,5.34,7.99,4.59,49.625468164794015,-14.04494382022472,$5-10
499515,Essence Warden,Commander: The Lord of the Rings: Tales of Middle-earth,454,575,3744.03,9.3,9.99,7.29,7.419354838709672,-21.612903225806456,$5-10
563220,Goblin Lackey (Future Sight),Mystery Booster 2,213,254,3743.61,10.34,17.99,9.63,73.98452611218568,-6.866537717601538,$10-20
517249,"Rammas Echor, Ancient Shield (Borderless)",Commander: The Lord of the Rings: Tales of Middle-earth,347,348,3742.88,11.12,17.99,9.37,61.78057553956834,-15.737410071942449,$10-20
642806,Ripples of Potential,Commander: Edge of Eternities,990,1540,3737.81,2.77,4.99,3.0700000000000003,80.14440433212997,10.830324909747302,$2-5
265379,Raffine's Tower (Borderless),Streets of New Capenna,137,137,3737.62,21.94,32.99,21.46,50.364630811303556,-2.1877848678213327,$20-50
552360,"Ral, Monsoon Mage (Borderless)",Modern Horizons 3,224,244,3737.22,13.03,18.99,13.24,45.74059861857252,1.6116653875671592,$10-20
641961,"Braids, Arisen Nightmare",Commander: Edge of Eternities,873,1160,3734.39,4.09,6.49,4.16,58.67970660146701,1.711491442542794,$2-5
240318,Murktide Regent,Modern Horizons 2,326,456,3732.85,5.65,10.99,5.46,94.51327433628319,-3.3628318584070866,$5-10
488281,Valley of Gorgoroth - Wasteland (Borderless),Commander: The Lord of the Rings: Tales of Middle-earth,120,134,3732.22,29.23,39.99,27.76,36.81149503934314,-5.0290797126240125,$20-50
7201,Parallax Wave,Nemesis,93,114,3728.91,37.26,42.99,20.35,15.378421900161044,-45.38378958668813,$20-50
3925,Karakas,Legends,96,112,3726.88,49.91,54.99,32.24,10.178320977759979,-35.40372670807452,$20-50
3239,Serendib Efreet,Arabian Nights,6,9,3725.77,569.75,899.99,703.35,57.9622641509434,23.448881088196583,$200+
490361,"Skithiryx, the Blight Dragon",March of the Machine: Multiverse Legends,279,293,3724.92,12.52,15.99,12.59,27.715654952076683,0.5591054313099064,$10-20
525624,"Kutzil, Malamet Exemplar (Showcase)",The Lost Caverns of Ixalan,1170,1469,3723.08,2.13,3.99,2.03,87.32394366197185,-4.694835680751178,$2-5
235969,Beledros Witherbloom (Borderless),Strixhaven: School of Mages,157,165,3721.82,18.13,19.99,14.84,10.2592388306674,-18.146718146718143,$10-20
457200,Entomb (Retro Frame),Dominaria Remastered,237,250,3718.92,15.92,21.99,15.47,38.12814070351757,-2.8266331658291413,$10-20
182841,Stomping Ground,Ravnica Allegiance,407,438,3711.68,6.58,10.99,6.7700000000000005,67.02127659574468,2.8875379939209784,$5-10
262791,March of Swirling Mist,Kamigawa: Neon Dynasty,697,778,3711.15,3.73,6.49,3.78,73.9946380697051,1.3404825737265367,$2-5
239807,Harmonic Prodigy,Modern Horizons 2,659,738,3710.29,4.26,5.99,3.43,40.61032863849767,-19.483568075117365,$2-5
272600,Battle Angels of Tyr (Borderless),Commander Legends: Battle for Baldur's Gate,143,152,3710.23,24.22,29.99,26.05,23.823286540049544,7.555739058629241,$20-50
658360,Spectacular Spider-Man,Play Promos,35,37,3708.33,73.52,109.99,78.15,49.605549510337326,6.297606093579993,$50-100
6295,Crop Rotation,Urza's Legacy,515,715,3708.18,3.98,5.49,3.08,37.93969849246231,-22.613065326633162,$2-5
623880,"Betor, Kin to All",Tarkir: Dragonstorm,527,536,3706.54,6.42,8.99,5.93,40.031152647975084,-7.632398753894084,$5-10
552834,Recruiter of the Guard,Modern Horizons 3,637,725,3701.61,5.79,8.49,5.17,46.63212435233161,-10.70811744386874,$5-10
164416,Grim Monolith - 1999 Kai Budde (ULG),World Championship Decks,92,156,3700.02,30.19,42.99,31.26,42.3981450811527,3.544219940377609,$20-50
503400,"Azusa, Lost but Seeking",Commander Masters,309,316,3699.12,12.88,14.99,10.43,16.381987577639745,-19.02173913043479,$10-20
559616,"Teferi, Time Raveler (Borderless)",Commander: Bloomburrow,229,265,3698.84,13.04,16.99,10.18,30.291411042944784,-21.93251533742331,$10-20
553499,Chandra's Ignition,Commander: Modern Horizons 3,550,642,3697.7,8.1,11.99,6.3100000000000005,48.024691358024704,-22.098765432098755,$5-10
668480,The Coming of Galactus (Borderless),Marvel Super Heroes,641,684,3690.85,5.54,5.49,3.0,-0.9025270758122712,-45.84837545126354,$5-10
145267,Growing Rites of Itlimoc,Ixalan,410,441,3688.85,8.53,14.99,8.540000000000001,75.73270808909733,0.11723329425558691,$5-10
696258,Monica Rambeau,Marvel Super Heroes,1169,1487,3688.11,1.3,2.99,1.04,130.0,-20.0,$1-2
9192,Savannah,Unlimited Edition,7,7,3686.82,690.0,949.99,521.0,37.67971014492753,-24.492753623188406,$200+
204143,Sakashima the Impostor,The List Reprints,261,263,3686.4,12.77,16.99,12.76,33.046202036021924,-0.07830853563038204,$10-20
276350,Vedalken Orrery (Borderless),Double Masters 2022,181,183,3685.49,19.06,23.99,18.97,25.865687303252887,-0.4721930745015732,$10-20
5969,Abeyance,Weatherlight,113,150,3685.41,28.65,34.99,20.55,22.12914485165795,-28.272251308900522,$20-50
559826,Lotus Cobra,Commander: Bloomburrow,641,668,3684.95,5.99,7.49,5.4,25.041736227045075,-9.849749582637726,$5-10
687389,Archmage Emeritus,Commander: Secrets of Strixhaven,1011,1810,3683.29,0.57,1.79,0.41,214.0350877192983,-28.07017543859649,$0-1
559072,Coruscation Mage,Bloomburrow,1663,2227,3681.39,2.01,2.29,1.04,13.930348258706482,-48.25870646766168,$2-5
553207,Lazotep Quarry,Commander: Modern Horizons 3,508,850,3681.0,6.49,7.99,5.13,23.112480739599384,-20.95531587057011,$5-10
488280,Mount Doom (Borderless),Universes Beyond: The Lord of the Rings: Tales of Middle-earth,351,359,3680.94,9.84,9.99,9.34,1.5243902439024426,-5.08130081300813,$5-10
9604,Tarnished Citadel,Odyssey,112,116,3678.79,18.64,18.99,14.13,1.8776824034334652,-24.19527896995708,$10-20
498620,There and Back Again,Universes Beyond: The Lord of the Rings: Tales of Middle-earth,772,823,3676.39,4.81,6.49,3.99,34.92723492723494,-17.047817047817038,$2-5
14337,Reiterate,Time Spiral,189,202,3675.47,19.37,29.99,14.58,54.82705214248836,-24.728962312854936,$10-20
257039,Sacred Foundry (Borderless),Unfinity,128,135,3675.38,27.54,32.99,24.65,19.789397240377642,-10.49382716049383,$20-50
5701,Ruby Medallion,Tempest,118,143,3675.14,30.09,39.99,22.92,32.90129611166501,-23.828514456630103,$20-50
696416,Show and Tell (Borderless),Marvel Universe Eternal-Legal,661,809,3673.89,3.81,6.99,3.43,83.46456692913387,-9.973753280839892,$2-5
578885,Overlord of the Balemurk (Extended Art),Duskmourn: House of Horror,113,144,3673.32,25.15,29.99,23.94,19.244532803180913,-4.811133200795218,$20-50
559123,Season of Gathering,Bloomburrow,546,575,3669.31,6.6,9.99,5.65,51.36363636363638,-14.393939393939384,$5-10
104997,Conduit of Ruin,Battle for Zendikar,638,707,3669.19,5.52,6.49,3.97,17.572463768115956,-28.079710144927528,$5-10
218926,Sword of Feast and Famine,Double Masters,90,90,3669.14,39.18,49.99,40.39,27.59060745278204,3.088310362429813,$20-50
625135,Jeskai Revelation,Tarkir: Dragonstorm,727,1005,3668.13,5.51,8.99,4.4,63.15789473684211,-20.145190562613422,$5-10
6085,Phyrexian Furnace,Weatherlight,203,331,3667.1,12.47,14.99,8.64,20.208500400962304,-30.713712910986366,$10-20
544271,Great Train Heist,Outlaws of Thunder Junction,866,970,3666.18,4.98,5.49,3.94,10.240963855421683,-20.883534136546192,$2-5
673616,South Wind Avatar,Teenage Mutant Ninja Turtles,1345,1512,3664.44,2.0,3.49,1.22,74.50000000000001,-39.0,$2-5
451893,Mesmeric Orb,The Brothers' War: Retro Frame Artifacts,196,201,3663.6,17.33,17.99,16.66,3.808424697057128,-3.8661281015579814,$10-20
235148,Time Warp,Strixhaven: Mystical Archive,201,203,3661.75,15.98,18.99,14.18,18.836045056320387,-11.264080100125161,$10-20
267067,Sea of Clouds (Extended Art),Commander Legends: Battle for Baldur's Gate,150,154,3661.61,22.19,29.99,22.73,35.150968904912105,2.4335286164939123,$20-50
660580,"Hei Bai, Forest Guardian",Avatar: The Last Airbender: Eternal-Legal,401,484,3661.53,6.51,11.99,5.76,84.17818740399386,-11.52073732718894,$5-10
623040,"SpongeBob SquarePants - Jodah, the Unifier",Secret Lair Drop Series,136,187,3658.17,20.49,17.99,19.99,-12.201073694485116,-2.440214738897023,$20-50
519539,Flaming Tyrannosaurus,Universes Beyond: Doctor Who,452,484,3656.32,8.51,11.99,6.86,40.893066980023505,-19.38895417156286,$5-10
615113,Bontu's Monument,Commander: Aetherdrift,752,1071,3656.21,3.52,5.49,3.24,55.96590909090909,-7.954545454545449,$2-5
67424,Boros Charm,Gatecrash,594,764,3655.44,5.9,8.99,4.16,52.3728813559322,-29.491525423728817,$5-10
450586,"Archaeon the Everchosen - Najeela, the Blade-Blossom (Borderless)",Secret Lair Drop Series,87,87,3654.09,38.49,54.99,40.63,42.868277474668744,5.559885684593402,$20-50
512419,Kindred Discovery,Wilds of Eldraine: Enchanting Tales,211,211,3653.41,15.92,19.99,13.01,25.565326633165817,-18.27889447236181,$10-20
533392,Vein Ripper,Murders at Karlov Manor,450,498,3652.98,6.48,10.99,6.24,69.59876543209876,-3.703703703703707,$5-10
652043,Wedding Ring (Borderless),Marvel Universe Eternal-Legal,414,429,3651.73,9.56,9.99,6.82,4.4979079497907914,-28.661087866108787,$5-10
236212,Seething Song,Commander 2021,280,293,3648.44,12.55,13.99,10.31,11.474103585657366,-17.848605577689245,$10-20
687386,Blood Artist,Commander: Secrets of Strixhaven,1245,1812,3647.74,2.13,3.99,2.17,87.32394366197185,1.8779342723004713,$2-5
499351,Palantir of Orthanc (Extended Art),Universes Beyond: The Lord of the Rings: Tales of Middle-earth,137,140,3645.57,24.14,34.99,23.98,44.94614747307374,-0.6628003314001663,$20-50
504500,Arachnogenesis,Commander Masters,503,534,3644.46,7.57,9.99,6.25,31.96829590488771,-17.437252311756936,$5-10
6461,Cave-In,Mercadian Masques,211,297,3643.86,14.99,20.99,11.3,40.02668445630419,-24.61641094062708,$10-20
262174,Mirror Box,Kamigawa: Neon Dynasty,675,752,3642.76,5.34,6.49,4.09,21.535580524344578,-23.408239700374533,$5-10
267069,Luxury Suite (Extended Art),Commander Legends: Battle for Baldur's Gate,111,111,3642.71,32.13,23.99,20.3,-25.334578275754755,-36.81917211328976,$20-50
14119,Soul Spike,Coldsnap,122,228,3638.38,16.47,24.99,12.94,51.73041894353369,-21.43290831815422,$10-20
27769,Relic of Progenitus,Shards of Alara,361,581,3637.46,7.18,11.99,6.25,66.99164345403901,-12.952646239554314,$5-10
499812,The Gaffer,Commander: The Lord of the Rings: Tales of Middle-earth,453,555,3637.37,7.02,9.99,6.61,42.30769230769232,-5.84045584045583,$5-10
226839,Rings of Brighthearth,Commander Legends,591,611,3636.82,5.5,7.99,5.8,45.27272727272727,5.4545454545454515,$5-10
539217,Teferi's Protection (1691),Secret Lair Drop Series,69,71,3635.77,50.53,54.99,52.81,8.82643973876905,4.512170987532161,$50-100
656831,Campsite Cuisine (Borderless),Commander: FINAL FANTASY,288,296,3634.97,14.82,27.99,15.42,88.86639676113359,4.048582995951414,$10-20
689150,Sleight of Hand,Secrets of Strixhaven: Mystical Archive,1896,3192,3633.61,0.29,0.35,0.15,20.689655172413794,-48.275862068965516,$0-1
221996,Luxury Suite,Zendikar Rising Expeditions,94,94,3630.56,36.18,34.99,30.58,-3.28911000552791,-15.47816473189608,$20-50
577847,"Aesi, Tyrant of Gyre Strait",Commander: Duskmourn: House of Horror,320,330,3629.69,11.08,15.99,9.63,44.314079422382676,-13.086642599277972,$10-20
559741,Ledger Shredder (Borderless),Special Guests,158,159,3629.46,18.94,23.99,16.75,26.663146779303045,-11.562829989440344,$10-20
212076,"Biollante, Plant Beast Form - Nethroi, Apex of Death",Ikoria: Lair of Behemoths,96,96,3626.66,38.35,39.99,33.34,4.276401564537159,-13.063885267275092,$20-50
179480,Cavern of Souls,Ultimate Masters,60,68,3625.6,52.62,57.99,47.41,10.205245153933875,-9.90117825921703,$50-100
6131,Winding Canyons,Weatherlight,140,150,3624.39,33.17,27.99,17.650000000000002,-15.616520952668084,-46.78926741031052,$20-50
216559,"Linvala, Keeper of Silence",Jumpstart,176,180,3621.89,21.41,23.99,20.18,12.050443717888829,-5.7449789817842145,$20-50
687387,Arcane Denial,Commander: Secrets of Strixhaven,1137,1926,3621.86,1.78,3.49,1.52,96.06741573033709,-14.606741573033707,$1-2
552387,Flare of Fortitude (Borderless),Modern Horizons 3,183,187,3621.17,13.57,17.99,12.49,32.571849668386136,-7.958732498157701,$10-20
98506,"Kozilek, Butcher of Truth",Modern Masters 2015,85,86,3618.75,42.0,57.99,42.44,38.07142857142858,1.0476190476190421,$20-50
660617,"Bumi, Unleashed",Avatar: The Last Airbender,807,842,3618.4,4.5,4.99,3.08,10.888888888888895,-31.555555555555554,$2-5
18831,Umbral Mantle,Shadowmoor,240,250,3617.93,12.79,11.99,7.76,-6.25488663017982,-39.32759968725566,$10-20
552823,Birthing Ritual,Modern Horizons 3,537,764,3616.83,4.04,6.99,3.97,73.01980198019803,-1.7326732673267287,$2-5
668485,Widow-Making Infiltrator - Dauthi Voidwalker (Borderless),Marvel Universe Eternal-Legal,589,663,3616.24,2.98,5.49,3.21,84.2281879194631,7.718120805369128,$2-5
450591,"Makari the Lucky Grot - Krenko, Tin Street Kingpin (Borderless)",Secret Lair Drop Series,87,88,3614.65,40.43,57.99,59.17,43.43309423695276,46.351719020529316,$20-50
541355,Ezio Auditore da Firenze (Borderless),Universes Beyond: Assassin's Creed,117,120,3613.64,25.97,37.99,26.51,46.28417404697729,2.0793222949557286,$20-50
512534,Repercussion,Wilds of Eldraine: Enchanting Tales,331,342,3613.55,11.69,12.99,10.42,11.12061591103508,-10.863986313088105,$10-20
167811,Spellseeker,Battlebond,205,215,3613.48,16.43,27.99,13.28,70.35909920876445,-19.172245891661596,$10-20
524251,"Thrasios, Triton Hero (Borderless)",Special Guests,129,129,3611.46,24.23,34.99,23.43,44.40775897647545,-3.301692117210073,$20-50
696330,"Wolverine, Fierce Fighter",Marvel Super Heroes,1583,2215,3611.16,0.41,0.49,0.15,19.512195121951226,-63.41463414634146,$0-1
96697,Impact Tremors,Dragons of Tarkir,980,1179,3610.74,2.93,4.99,2.34,70.30716723549489,-20.136518771331065,$2-5
286332,Canoptek Spyder,"Universes Beyond: Warhammer 40,000",237,240,3607.64,16.55,17.99,14.58,8.700906344410862,-11.903323262839882,$10-20
660529,Cruel Tutor (Borderless),Avatar: The Last Airbender: Eternal-Legal,310,325,3607.27,11.13,11.99,10.3,7.72686433063791,-7.457322551662174,$10-20
3947,Living Plane,Legends,19,20,3606.27,208.61,199.99,182.35,-4.132112554527589,-12.588083025741822,$200+
634630,"Venat, Heart of Hydaelyn (Borderless)",FINAL FANTASY,500,515,3604.42,6.09,5.99,4.94,-1.6420361247947397,-18.883415435139565,$5-10
5502,Corpse Dance,Tempest,143,146,3602.81,30.37,42.99,23.96,41.55416529469872,-21.106354955548237,$20-50
642776,Reflecting Pool (0036) (Borderless),Edge of Eternities: Stellar Sights,231,236,3599.95,15.32,20.99,15.26,37.01044386422975,-0.3916449086161912,$10-20
555447,Sol Ring (1604),Secret Lair Drop Series,84,85,3597.43,55.16,59.99,60.21,8.756345177664986,9.155184916606245,$50-100
545970,Terror of the Peaks,Promo Pack: Outlaws of Thunder Junction,117,118,3597.4,31.85,39.99,30.27,25.557299843014132,-4.9607535321821095,$20-50
646029,"Spider-Man 2099, Miguel O'Hara",Marvel's Spider-Man: Eternal-Legal,383,399,3593.53,8.01,15.99,6.6000000000000005,99.62546816479401,-17.60299625468164,$5-10
480496,Sakashima the Impostor,Secret Lair Drop Series,77,77,3591.47,39.23,32.99,39.85,-15.906194239102717,1.5804231455518853,$20-50
14821,Temporal Extortion,Planar Chaos,147,151,3588.95,29.79,22.99,17.71,-22.82645182947298,-40.55052030882847,$20-50
696880,Astonishing Spider-Man,Commander: Marvel Super Heroes,598,618,3588.43,2.02,2.99,2.02,48.01980198019803,0.0,$2-5
96502,Sarkhan Unbroken,Dragons of Tarkir,197,198,3587.04,21.38,20.99,10.94,-1.8241347053320887,-48.830682881197376,$20-50
18012,Maralen of the Mornsong,Morningtide,110,111,3585.35,33.72,29.99,24.11,-11.061684460260974,-28.4994068801898,$20-50
265370,Spara's Headquarters (Borderless),Streets of New Capenna,128,131,3584.99,17.2,22.99,19.27,33.66279069767442,12.034883720930235,$10-20
559742,Rat Colony (Borderless),Special Guests,147,182,3584.49,17.04,15.99,16.25,-6.16197183098591,-4.63615023474178,$10-20
624591,Herd Heirloom,Tarkir: Dragonstorm,809,890,3580.6,3.97,5.49,3.38,38.287153652392945,-14.86146095717885,$2-5
646570,Gwen Stacy (0209) (Borderless),Marvel's Spider-Man,255,259,3579.08,13.08,14.99,11.46,14.602446483180428,-12.385321100917425,$10-20
541288,"Ajani, Nacatl Pariah (Borderless)",Modern Horizons 3,162,198,3578.91,17.01,22.99,16.3,35.15579071134625,-4.1740152851264005,$10-20
151827,Mountain,Unstable,307,889,3578.9,2.66,2.29,1.54,-13.909774436090228,-42.10526315789474,$2-5
624176,Will of the Jeskai,Commander: Tarkir: Dragonstorm,863,1116,3578.36,4.26,6.49,2.6,52.3474178403756,-38.96713615023474,$2-5
10528,Goblin Sharpshooter,Onslaught,92,100,3576.71,35.41,42.99,25.0,21.40638237785938,-29.398475007060142,$20-50
530798,Crypt Ghast (Anime Borderless),Ravnica Remastered,195,197,3575.2,17.11,22.99,15.63,34.36586791350087,-8.6499123319696,$10-20
235370,Ephemerate,Strixhaven: Mystical Archive,312,361,3573.41,8.29,9.49,7.77,14.475271411338978,-6.272617611580213,$5-10
589394,Embercleave (Showcase),Special Guests,210,211,3572.54,16.31,20.99,13.81,28.694052728387494,-15.328019619865104,$10-20
553174,Eldritch Immunity,Commander: Modern Horizons 3,532,585,3571.91,7.34,6.49,7.41,-11.580381471389641,0.9536784741144453,$5-10
512498,Bitterblossom (Anime Borderless),Wilds of Eldraine: Enchanting Tales,106,108,3571.91,32.46,37.99,32.13,17.036352433764637,-1.0166358595194032,$20-50
5684,Reanimate,Tempest,184,245,3566.08,14.73,18.99,11.98,28.92057026476577,-18.669382213170397,$10-20
243753,Robe of Stars,Commander: Adventures in the Forgotten Realms,249,251,3565.19,14.33,17.99,13.54,25.540823447313315,-5.512909979064905,$10-20
662084,Boomerang Basics,Avatar: The Last Airbender,1435,2735,3564.39,0.96,1.29,0.15,34.375000000000014,-84.375,$0-1
226959,Command Beacon,Commander Legends,479,501,3563.51,8.94,11.99,6.92,34.11633109619688,-22.595078299776283,$5-10
243352,Druid Class,Adventures in the Forgotten Realms,873,2183,3562.05,1.92,2.79,1.43,45.31250000000001,-25.520833333333332,$1-2
239770,Imperial Recruiter (Borderless),Modern Horizons 2,170,173,3561.56,18.16,18.99,18.01,4.570484581497788,-0.825991189427305,$10-20
215573,Fiery Emancipation,Core Set 2021,217,219,3559.79,13.68,15.99,12.85,16.885964912280706,-6.067251461988304,$10-20
212165,Silent Arbiter,Commander 2020,301,309,3559.61,11.32,15.99,11.6,41.254416961130744,2.473498233215542,$10-20
609684,Craterhoof Behemoth (Retro Frame),Innistrad Remastered,169,177,3559.52,20.85,27.99,20.86,34.24460431654674,0.0479616306954341,$20-50
276441,Grand Arbiter Augustin IV (Borderless),Double Masters 2022,225,226,3557.96,15.23,18.99,15.56,24.688115561391978,2.166776099803021,$10-20
677436,Ancient Bronze Dragon,Secret Lair Drop Series,157,172,3557.89,20.92,19.99,18.06,-4.445506692160627,-13.671128107074582,$20-50
2804,Worldly Tutor,Classic Sixth Edition,133,141,3556.84,25.5,39.99,26.53,56.82352941176472,4.039215686274514,$20-50
687511,"Muddle, the Ever-Changing (Borderless)",Commander: Secrets of Strixhaven,1333,1614,3553.93,1.05,0.99,0.5,-5.714285714285719,-52.38095238095239,$1-2
635431,Sphere Grid (Extended Art),Commander: FINAL FANTASY,242,246,3553.65,12.82,15.99,11.43,24.72698907956318,-10.842433697347898,$10-20
457086,Sylvan Library,Dominaria Remastered,118,125,3553.5,27.63,29.99,27.59,8.541440463264566,-0.14477017734346417,$20-50
512553,Grave Pact (Anime Borderless),Wilds of Eldraine: Enchanting Tales,101,101,3553.29,38.29,39.99,34.64,4.4398015147558185,-9.532515016975708,$20-50
559118,For the Common Good,Bloomburrow,1022,1179,3551.4,3.45,4.49,2.08,30.144927536231886,-39.710144927536234,$2-5
660557,Sozin's Comet (0309) (Borderless),Avatar: The Last Airbender,173,173,3548.09,15.65,15.99,15.63,2.172523961661341,-0.1277955271565468,$10-20
9526,Moment's Peace,Odyssey,516,880,3546.06,4.16,6.99,4.16,68.02884615384616,0.0,$2-5
457225,Sylvan Library (Retro Frame),Dominaria Remastered,107,118,3544.95,28.01,32.99,27.93,17.779364512674046,-0.2856122813281037,$20-50
34384,"Jace, the Mind Sculptor",Worldwake,79,92,3541.44,25.21,22.99,18.32,-8.806029353431187,-27.330424434748117,$20-50
11315,Confusion in the Ranks,Mirrodin,201,203,3541.05,18.68,21.99,14.61,17.71948608137044,-21.788008565310495,$10-20
188386,"Karn, the Great Creator",War of the Spark,480,672,3534.97,4.66,5.99,3.62,28.54077253218884,-22.317596566523605,$2-5
525829,"Xenagos, God of Revels",Commander: The Lost Caverns of Ixalan,491,505,3534.91,8.01,13.99,7.640000000000001,74.65667915106118,-4.619225967540565,$5-10
118444,Ashnod's Altar,Eternal Masters,211,215,3533.42,18.59,20.99,15.14,12.910166756320596,-18.55836471221086,$10-20
696261,"Captain America, Super-Soldier (Borderless) (0316)",Marvel Super Heroes,350,359,3532.14,10.9,12.99,7.8,19.174311926605505,-28.440366972477065,$10-20
518219,Warg Rider,Universes Beyond: The Lord of the Rings: Tales of Middle-earth,195,203,3529.4,18.28,20.99,18.51,14.824945295404799,1.2582056892779017,$10-20
215320,Pyroblast,Signature Spellbook: Chandra,226,269,3528.57,10.36,14.99,9.24,44.6911196911197,-10.810810810810805,$10-20
642025,Sol Ring,Commander: Edge of Eternities,1072,2241,3528.2,1.61,2.79,1.35,73.2919254658385,-16.149068322981368,$1-2
662343,Mayor Tong of Chin Village - Drannith Magistrate (Borderless),Avatar: The Last Airbender: Eternal-Legal,357,379,3526.89,9.2,16.99,9.94,84.67391304347825,8.043478260869568,$5-10
552920,Goldspan Dragon,Commander: Modern Horizons 3,434,502,3525.27,6.33,7.99,5.64,26.224328593996844,-10.900473933649295,$5-10
534578,Corporeal Projection,Ravnica: Clue Edition,278,321,3523.28,15.05,19.99,12.88,32.823920265780714,-14.41860465116279,$10-20
239836,Liquimetal Torque,Modern Horizons 2,1071,1162,3522.41,3.91,4.99,3.12,27.621483375959084,-20.20460358056266,$2-5
518051,Mithril Coat (Showcase Scrolls),Universes Beyond: The Lord of the Rings: Tales of Middle-earth,68,70,3520.06,43.81,57.99,62.3,32.3670394887012,42.2049760328692,$20-50
451930,Aetherflux Reservoir (Schematic),The Brothers' War: Retro Frame Artifacts,102,102,3519.05,31.09,34.99,32.32,12.544226439369579,3.956256030878097,$20-50
503390,Spellseeker,Commander Masters,202,206,3518.2,17.71,27.99,17.44,58.04630152456238,-1.524562394127609,$10-20
3322,Su-Chi,Antiquities,42,49,3516.86,96.73,109.99,75.10000000000001,13.708260105448144,-22.361211619973115,$50-100
661919,"Aang, Swift Savior",Avatar: The Last Airbender,1122,1472,3516.59,2.34,3.99,1.32,70.51282051282053,-43.589743589743584,$2-5
687608,Haywire Mite,Commander: Secrets of Strixhaven,798,1487,3516.17,0.45,1.49,0.39,231.11111111111114,-13.333333333333334,$0-1
575063,"Valgavoth, Terror Eater (Showcase)",Duskmourn: House of Horror,195,198,3515.78,17.02,22.99,15.47,35.07638072855463,-9.106933019976491,$10-20
7668,Spirit of Resistance,Invasion,173,190,3513.59,21.25,17.99,9.97,-15.341176470588241,-53.08235294117647,$20-50
563284,Tinder Wall (Future Sight),Mystery Booster 2,145,160,3513.12,2.52,4.49,0.92,78.17460317460319,-63.4920634920635,$2-5
21636,Island - Guru,Guru Lands,3,3,3512.98,1117.16,1899.99,1578.61,70.07322138279207,41.305632138637236,$200+
668471,Extinction Event (Borderless),Marvel Universe Eternal-Legal,654,691,3511.5,2.65,2.79,1.66,5.283018867924533,-37.35849056603774,$2-5
544870,Force of Vigor,Outlaws of Thunder Junction: Breaking News,372,433,3508.5,7.74,9.99,7.28,29.069767441860467,-5.943152454780361,$5-10
267925,"Jetmir, Nexus of Revels",Streets of New Capenna,356,359,3507.13,10.9,16.99,10.62,55.8715596330275,-2.5688073394495516,$10-20
166661,Luxury Suite,Battlebond,108,111,3505.66,29.59,22.99,17.82,-22.304832713754653,-39.77695167286245,$20-50
527818,"Lara Croft, Tomb Raider",Secret Lair Drop Series,64,71,3504.91,49.01,44.99,50.01,-8.202407671903686,2.0403999183840034,$20-50
221874,Valakut Awakening (Extended Art),Zendikar Rising,173,179,3503.43,20.11,32.99,20.84,64.0477374440577,3.630034808552961,$20-50
512640,"Lord Skitter, Sewer King",Wilds of Eldraine,538,654,3503.18,5.1,5.99,4.62,17.450980392156875,-9.411764705882344,$5-10
82890,Misdirection,Conspiracy,224,238,3502.46,12.52,17.99,11.4,43.69009584664536,-8.94568690095846,$10-20
603078,Force of Despair,Secret Lair Showdown,343,547,3500.45,7.48,6.99,8.33,-6.550802139037436,11.363636363636358,$5-10
499772,Lightning Greaves,Commander: The Lord of the Rings: Tales of Middle-earth,706,772,3498.96,4.96,6.49,4.07,30.84677419354839,-17.943548387096765,$2-5
643504,Mightform Harmonizer,Edge of Eternities,1016,1440,3498.9,1.45,2.79,1.14,92.41379310344828,-21.37931034482759,$1-2
35533,Liliana's Caress,Magic 2011 (M11),441,475,3498.06,6.35,9.99,4.63,57.32283464566931,-27.086614173228345,$5-10
660532,White Lotus Tile,Avatar: The Last Airbender,720,781,3496.98,4.75,6.99,3.01,47.15789473684211,-36.631578947368425,$2-5
679596,Heralds of the Shredder - Vigor,Commander: Teenage Mutant Ninja Turtles,627,1367,3496.34,2.25,1.99,1.87,-11.555555555555557,-16.888888888888882,$2-5
526074,Delighted Halfling (Showcase Scrolls),Universes Beyond: The Lord of the Rings: Tales of Middle-earth,56,60,3494.04,48.61,59.99,33.37,23.410820818761575,-31.351573750257156,$20-50
484554,Drana and Linvala,March of the Machine,505,519,3492.84,7.48,7.99,5.15,6.818181818181815,-31.14973262032085,$5-10
504192,Storm-Kiln Artist (Borderless),Commander Masters,575,599,3489.99,3.82,4.99,3.0700000000000003,30.628272251308914,-19.63350785340313,$2-5
11793,Doubling Cube,Fifth Dawn,109,110,3489.2,36.36,34.99,23.41,-3.767876787678761,-35.61606160616061,$20-50
576521,Hushwood Verge (Borderless),Duskmourn: House of Horror,293,346,3488.66,9.35,13.99,9.07,49.62566844919787,-2.9946524064171056,$5-10
686548,The Dawning Archaic (Borderless),Secrets of Strixhaven,661,700,3488.5,2.12,1.99,2.02,-6.132075471698118,-4.7169811320754755,$2-5
687566,Primordial Hydra,Commander: Secrets of Strixhaven,1050,1861,3488.04,1.42,1.49,1.06,4.929577464788737,-25.352112676056333,$1-2
7829,Meddling Mage,Planeshift,71,119,3484.95,33.88,42.99,25.33,26.88902007083825,-25.236127508854793,$20-50
531000,Hellkite Tyrant (Anime Borderless),Ravnica Remastered,247,255,3484.38,9.88,14.99,8.84,51.72064777327934,-10.526315789473694,$5-10
661920,The Legend of Yangchen,Avatar: The Last Airbender,773,852,3482.52,3.65,6.49,2.31,77.80821917808221,-36.71232876712329,$2-5
286555,Thunderhawk Gunship,"Universes Beyond: Warhammer 40,000",216,216,3481.12,16.23,24.99,15.94,53.974121996303126,-1.7868145409735117,$10-20
222164,Agadeem's Awakening (Extended Art),Zendikar Rising,91,92,3480.84,33.85,54.99,34.1,62.451994091580495,0.7385524372230428,$20-50
240050,Sterling Grove,Modern Horizons 2,717,787,3480.07,3.48,5.49,3.28,57.75862068965518,-5.747126436781615,$2-5
14791,Retether,Planar Chaos,173,176,3478.71,19.41,24.99,14.58,28.748068006182372,-24.88408037094281,$10-20
491540,Nesting Dovehawk,Commander: March of the Machine,151,153,3478.54,19.88,21.99,19.2,10.61368209255533,-3.420523138832997,$10-20
514263,Pyroblast,WPN & Gateway Promos,201,234,3478.4,16.77,17.99,16.990000000000002,7.274895646988663,1.3118664281455124,$10-20
34706,"Ulamog, the Infinite Gyre",Rise of the Eldrazi,89,89,3473.18,35.5,49.99,34.89,40.81690140845071,-1.718309859154928,$20-50
77296,Mishra's Factory (Spring),Antiquities,36,52,3473.0,111.21,229.99,46.87,106.80694182177864,-57.85450948655697,$100-200
