productId,name,set,transactions,units,gmv_sale,tcgplayer,cardkingdom,manapool,ck_pct,mp_pct,band
688679,Flow State,Secrets of Strixhaven,4218,7962,35152.65,1.81,3.49,0.62,92.81767955801105,-65.74585635359117,$1-2
688521,Flashback,Secrets of Strixhaven,3915,4968,35594.57,3.84,6.49,2.56,69.01041666666667,-33.33333333333333,$2-5
688651,Erode,Secrets of Strixhaven,3771,5161,44420.03,6.42,9.49,4.64,47.819314641744555,-27.725856697819317,$5-10
689056,Cauldron of Essence,Secrets of Strixhaven,3767,4333,18222.39,3.53,3.99,2.61,13.031161473087833,-26.062322946175637,$2-5
696312,The Unbeatable Squirrel Girl,Marvel Super Heroes,3688,4253,41653.38,4.23,4.99,3.33,17.966903073286044,-21.276595744680858,$2-5
687531,Arcane Signet,Commander: Secrets of Strixhaven,3680,8344,6437.52,0.48,0.99,0.4,106.25,-16.66666666666666,$0-1
675591,Stock Up,Secrets of Strixhaven: Mystical Archive,3646,6551,15411.32,1.0,0.79,0.31,-20.999999999999996,-69.0,$1-2
687542,Sol Ring,Commander: Secrets of Strixhaven,3436,8498,23317.87,1.59,2.79,1.4,75.47169811320754,-11.949685534591206,$1-2
686543,Grave Researcher,Secrets of Strixhaven,3398,4095,15607.6,2.05,2.79,1.77,36.097560975609774,-13.658536585365846,$2-5
687665,Fabled Passage,Commander: Secrets of Strixhaven,3367,8855,13574.05,1.1,1.79,0.93,62.72727272727272,-15.454545454545457,$1-2
688928,Return the Favor,Secrets of Strixhaven: Mystical Archive,3261,4947,5798.26,0.43,0.49,0.15,13.953488372093023,-65.11627906976744,$0-1
688477,Resonating Lute,Secrets of Strixhaven,3102,3863,14264.78,1.65,1.29,0.76,-21.818181818181813,-53.93939393939393,$1-2
689495,Tablet of Discovery,Secrets of Strixhaven,3028,5808,9875.35,2.07,1.99,1.3,-3.864734299516901,-37.19806763285023,$2-5
688687,Planar Engineering,Secrets of Strixhaven,2910,3866,8409.43,1.53,0.79,0.52,-48.36601307189542,-66.01307189542483,$1-2
697024,Hex Magic,Marvel Super Heroes,2827,7470,15453.01,1.19,2.99,0.95,151.2605042016807,-20.168067226890756,$1-2
696477,Captain America's Shield,Marvel Super Heroes,2799,3997,7903.99,1.34,2.29,0.81,70.89552238805969,-39.55223880597015,$1-2
552582,Sink into Stupor,Modern Horizons 3,2654,3599,24673.06,5.74,9.99,5.3100000000000005,74.0418118466899,-7.4912891986062675,$5-10
687664,Command Tower,Commander: Secrets of Strixhaven,2605,5335,3074.48,0.33,0.79,0.21,139.3939393939394,-36.36363636363637,$0-1
689052,Scheming Silvertongue,Secrets of Strixhaven,2582,3382,15267.57,1.19,0.99,0.37,-16.806722689075627,-68.90756302521008,$1-2
686581,Stormcarved Coast,Secrets of Strixhaven,2575,3294,9405.92,2.47,3.49,1.39,41.29554655870445,-43.72469635627531,$2-5
696570,"Mole Man, Moloid Master",Marvel Super Heroes,2574,4722,11939.48,1.19,3.49,0.51,193.27731092436977,-57.14285714285714,$1-2
686571,Deathcap Glade,Secrets of Strixhaven,2561,3321,7094.92,2.31,2.99,1.76,29.437229437229444,-23.80952380952381,$2-5
686583,Sundown Pass,Secrets of Strixhaven,2529,3253,6763.39,2.17,3.49,1.23,60.829493087557616,-43.31797235023041,$2-5
688516,Mana Sculpt,Secrets of Strixhaven,2525,3456,5531.57,0.89,0.79,0.15,-11.235955056179773,-83.14606741573034,$0-1
552580,Fell the Profane,Modern Horizons 3,2485,3100,10972.41,3.66,5.99,3.42,63.661202185792355,-6.557377049180333,$2-5
552814,Vexing Bauble,Modern Horizons 3,2470,4655,14060.59,2.61,4.49,1.44,72.03065134099619,-44.827586206896555,$2-5
557921,Llanowar Elves,Foundations,2470,4931,3327.57,0.32,0.79,0.15,146.875,-53.125,$0-1
687597,Fellwar Stone,Commander: Secrets of Strixhaven,2466,5360,6907.57,0.9,1.79,0.72,98.88888888888889,-20.000000000000004,$0-1
688960,Shared Roots,Secrets of Strixhaven: Mystical Archive,2455,4227,2641.83,0.39,0.35,0.15,-10.256410256410266,-61.53846153846154,$0-1
687486,Reliquary Tower,Commander: Secrets of Strixhaven,2451,3568,13527.73,3.67,4.99,3.4,35.96730245231608,-7.3569482288828345,$2-5
689476,"Moseo, Vein's New Dean",Secrets of Strixhaven,2447,3121,7305.73,0.83,0.49,0.25,-40.963855421686745,-69.87951807228916,$0-1
689158,Emeritus of Woe,Secrets of Strixhaven,2444,2628,53654.09,12.17,14.99,11.45,23.171733771569436,-5.916187345932626,$10-20
686589,Swamp (0269),Secrets of Strixhaven,2420,6901,9213.73,0.77,1.29,0.35,67.53246753246754,-54.545454545454554,$0-1
688873,Feed the Swarm,Secrets of Strixhaven: Mystical Archive,2395,3547,5470.16,0.3,0.49,0.15,63.33333333333334,-50.0,$0-1
686574,Shattered Sanctum,Secrets of Strixhaven,2387,3199,13881.45,1.59,2.79,0.78,75.47169811320754,-50.943396226415096,$1-2
553299,Pinnacle Monk,Modern Horizons 3,2387,3507,7177.15,1.7,3.49,1.68,105.29411764705885,-1.176470588235295,$1-2
552336,Witch Enchanter,Modern Horizons 3,2372,3480,12811.24,4.31,6.49,3.49,50.580046403712316,-19.025522041763328,$2-5
688961,Spell Pierce,Secrets of Strixhaven: Mystical Archive,2369,3690,2147.57,0.29,0.35,0.15,20.689655172413794,-48.275862068965516,$0-1
686601,Emeritus of Ideation,Secrets of Strixhaven,2343,2881,33634.76,5.25,7.99,4.62,52.1904761904762,-11.999999999999998,$5-10
649382,Bender's Waterskin,Avatar: The Last Airbender,2342,4117,7092.63,0.81,1.79,0.75,120.98765432098763,-7.407407407407414,$0-1
689107,Dina's Guidance,Secrets of Strixhaven,2325,3176,4273.45,0.97,0.79,0.15,-18.55670103092783,-84.5360824742268,$0-1
688654,Practiced Offense,Secrets of Strixhaven,2320,4274,4437.39,1.29,2.49,0.26,93.0232558139535,-79.84496124031007,$1-2
673622,Cool but Rude,Teenage Mutant Ninja Turtles,2318,2758,17976.62,8.6,12.99,7.8,51.04651162790699,-9.302325581395348,$5-10
686590,Mountain (0270),Secrets of Strixhaven,2306,6904,5899.98,1.16,1.29,0.36,11.20689655172415,-68.9655172413793,$1-2
693022,The Mind Stone,Marvel Super Heroes,2301,2492,177420.29,57.53,79.99,62.52,39.040500608378224,8.673735442377893,$50-100
689106,Germination Practicum,Secrets of Strixhaven,2296,2502,27255.53,10.26,9.99,8.33,-2.6315789473684172,-18.81091617933723,$10-20
686586,Plains (0267),Secrets of Strixhaven,2291,6778,8276.01,1.22,1.79,0.6,46.72131147540984,-50.81967213114754,$1-2
688926,Requisition Raid,Secrets of Strixhaven: Mystical Archive,2285,3359,2184.57,0.31,0.35,0.15,12.903225806451607,-51.61290322580645,$0-1
686587,Island (0268),Secrets of Strixhaven,2281,6735,6060.97,1.06,1.49,0.48,40.56603773584905,-54.71698113207547,$1-2
686591,Forest (0271),Secrets of Strixhaven,2249,6556,5210.46,0.82,1.79,0.37,118.29268292682929,-54.878048780487795,$0-1
552466,Disciple of Freyalise,Modern Horizons 3,2236,3015,6902.4,2.57,4.49,1.64,74.7081712062257,-36.18677042801556,$2-5
634431,Genji Glove,FINAL FANTASY,2232,2421,15200.67,11.36,11.99,5.9,5.545774647887331,-48.06338028169014,$10-20
686575,Improvisation Capstone,Secrets of Strixhaven,2229,2404,33561.75,10.47,16.99,9.37,62.27316141356254,-10.506208213944616,$10-20
696278,"Shuri, Wakandan Inventor",Marvel Super Heroes,2220,5051,4757.91,0.39,0.69,0.15,76.9230769230769,-61.53846153846154,$0-1
688858,Bulk Up,Secrets of Strixhaven: Mystical Archive,2203,3106,1668.75,0.37,0.35,0.15,-5.405405405405411,-59.45945945945946,$0-1
688855,Bitter Triumph,Secrets of Strixhaven: Mystical Archive,2184,3343,2610.71,0.28,0.35,0.15,24.999999999999982,-46.42857142857144,$0-1
696274,"Loki, God of Mischief",Marvel Super Heroes,2184,4095,22407.65,2.59,5.99,2.17,131.2741312741313,-16.216216216216214,$2-5
591214,Hare Apparent,Foundations,2181,8091,25803.42,2.32,3.49,0.91,50.43103448275864,-60.775862068965516,$2-5
686599,"Prismari, the Inspiration",Secrets of Strixhaven,2174,2276,21160.16,4.07,4.99,3.12,22.6044226044226,-23.34152334152334,$2-5
686582,Studious First-Year,Secrets of Strixhaven,2163,4480,2815.06,0.31,0.35,0.15,12.903225806451607,-51.61290322580645,$0-1
498352,Mirkwood Bats,Universes Beyond: The Lord of the Rings: Tales of Middle-earth,2157,2781,8920.94,1.34,1.49,1.05,11.194029850746261,-21.64179104477612,$1-2
688950,Decorum Dissertation,Secrets of Strixhaven,2089,2268,21140.21,6.97,8.49,5.21,21.807747489239606,-25.251076040172165,$5-10
553204,Accursed Marauder,Modern Horizons 3,2061,2829,1868.56,0.37,0.39,0.15,5.405405405405411,-59.45945945945946,$0-1
696319,"Captain America, Living Legend",Marvel Super Heroes,2055,3147,3885.7,0.3,0.35,0.15,16.666666666666664,-50.0,$0-1
688656,Restoration Seminar,Secrets of Strixhaven,2050,2297,10629.85,3.33,4.49,3.12,34.83483483483484,-6.306306306306306,$2-5
686613,"Witherbloom, the Balancer",Secrets of Strixhaven,2033,2192,23054.02,4.08,5.49,3.11,34.55882352941177,-23.774509803921575,$2-5
696652,The Serpent Society,Marvel Super Heroes,2031,3348,9407.67,0.7,1.29,0.15,84.28571428571429,-78.57142857142857,$0-1
696298,The Scarlet Witch,Marvel Super Heroes,2030,2758,5105.55,0.6,0.99,0.15,65.0,-75.0,$0-1
696352,Dark Fortress,Marvel Super Heroes,2006,3487,13484.64,2.56,3.99,2.54,55.859375,-0.7812500000000007,$2-5
591153,Exsanguinate,Foundations,2001,2639,1480.48,0.38,0.79,0.15,107.89473684210526,-60.526315789473685,$0-1
671005,Hexing Squelcher,Lorwyn Eclipsed,1999,2249,47272.12,20.98,29.99,18.39,42.94566253574832,-12.345090562440419,$20-50
590828,An Offer You Can't Refuse,Foundations,1998,2327,5325.86,3.01,4.99,2.34,65.78073089700999,-22.259136212624583,$2-5
693025,The Vision,Marvel Super Heroes,1998,2965,3981.74,0.72,1.29,0.26,79.16666666666667,-63.888888888888886,$0-1
686551,Duty Beyond Death,Secrets of Strixhaven: Mystical Archive,1995,2739,1443.2,0.27,0.35,0.15,29.629629629629612,-44.44444444444445,$0-1
668475,World War Hulk,Marvel Super Heroes,1995,3290,8018.85,0.96,2.49,0.76,159.37500000000003,-20.83333333333333,$0-1
686573,Dreamroot Cascade,Secrets of Strixhaven,1986,2644,2926.52,0.85,1.79,0.51,110.58823529411765,-40.0,$0-1
552813,Buried Alive,Modern Horizons 3,1981,2525,3211.57,1.01,2.29,0.51,126.73267326732673,-49.504950495049506,$1-2
696348,Arc Reactor,Marvel Super Heroes,1978,3480,6495.77,1.04,1.99,0.39,91.34615384615384,-62.5,$1-2
696296,"Mjolnir, Hammer of Thor",Marvel Super Heroes,1972,2168,45841.31,22.12,32.99,23.39,49.14104882459313,5.741410488245929,$20-50
696282,"Mister Fantastic, Reed Richards (Borderless)",Marvel Super Heroes,1968,3191,3193.35,0.58,0.59,0.15,1.7241379310344844,-74.13793103448275,$0-1
675586,Mathemagics,Secrets of Strixhaven,1962,2219,10918.68,2.91,3.49,2.85,19.93127147766323,-2.0618556701030943,$2-5
686605,Pensive Professor,Secrets of Strixhaven,1940,2736,2400.44,0.43,0.49,0.15,13.953488372093023,-65.11627906976744,$0-1
696354,Gleaming Bastion,Marvel Super Heroes,1939,3468,11945.56,1.98,4.99,1.55,152.02020202020202,-21.717171717171716,$1-2
688681,Emeritus of Abundance,Secrets of Strixhaven,1929,2195,12643.18,2.51,2.99,1.56,19.123505976095636,-37.848605577689234,$2-5
548592,Urza's Cave,Modern Horizons 3,1925,2726,4022.79,1.12,1.99,0.51,77.6785714285714,-54.46428571428572,$1-2
688689,Echocasting Symposium,Secrets of Strixhaven,1919,2144,10417.67,3.71,4.49,2.54,21.024258760107823,-31.536388140161726,$2-5
697023,Hawkeye's Bow,Marvel Super Heroes,1918,6052,4792.52,0.25,0.35,0.15,39.99999999999999,-40.0,$0-1
696355,Hidden Lair,Marvel Super Heroes,1918,3431,13950.19,2.66,6.49,2.08,143.98496240601503,-21.80451127819549,$2-5
624048,Arcane Signet,Commander: Tarkir: Dragonstorm,1910,3314,1885.79,0.62,0.99,0.46,59.67741935483871,-25.80645161290322,$0-1
688683,Harmonized Trio,Secrets of Strixhaven,1904,2591,2675.13,0.57,0.59,0.15,3.5087719298245648,-73.68421052631578,$0-1
644286,Icetill Explorer,Edge of Eternities,1900,2211,37394.02,14.78,21.99,14.77,48.78213802435724,-0.0676589986468186,$10-20
696349,The Ten Rings,Marvel Super Heroes,1899,2274,35517.26,17.4,24.99,17.71,43.62068965517242,1.781609195402312,$10-20
689150,Sleight of Hand,Secrets of Strixhaven: Mystical Archive,1896,3192,3633.61,0.29,0.35,0.15,20.689655172413794,-48.275862068965516,$0-1
552635,Marionette Apprentice,Modern Horizons 3,1886,2436,3207.64,1.01,1.99,0.47,97.02970297029702,-53.46534653465347,$1-2
552651,Revitalizing Repast,Modern Horizons 3,1882,2508,3437.22,1.06,1.99,0.98,87.73584905660377,-7.547169811320761,$1-2
696356,Training Compound,Marvel Super Heroes,1877,3397,11404.52,1.69,3.99,1.08,136.09467455621305,-36.094674556213015,$1-2
552583,Sundering Eruption,Modern Horizons 3,1875,3207,5532.86,1.04,1.79,1.02,72.11538461538461,-1.9230769230769247,$1-2
675584,"Lorehold, the Historian",Secrets of Strixhaven,1871,2087,9347.42,1.77,1.49,0.96,-15.819209039548024,-45.76271186440678,$1-2
696353,Gathering Place,Marvel Super Heroes,1870,3383,11522.11,1.64,3.49,1.77,112.80487804878052,7.92682926829269,$1-2
688479,Traumatic Critique,Secrets of Strixhaven,1868,2887,5855.4,0.43,0.49,0.15,13.953488372093023,-65.11627906976744,$0-1
686600,Professor Dellian Fel,Secrets of Strixhaven,1865,2303,22433.9,4.38,6.99,3.64,59.589041095890416,-16.89497716894977,$2-5
686597,Prismari Charm,Secrets of Strixhaven,1862,3461,1811.02,0.34,0.35,0.15,2.9411764705882213,-55.88235294117647,$0-1
696863,"Taskmaster, Mercenary Mimic",Marvel Super Heroes,1853,2786,3879.24,0.44,0.69,0.15,56.8181818181818,-65.90909090909092,$0-1
696467,Super-Soldier Serum,Marvel Super Heroes,1851,3353,5183.1,0.8,1.29,0.42,61.24999999999999,-47.5,$0-1
696581,"Ultron, Artificial Malevolence",Marvel Super Heroes,1850,2084,27391.69,12.69,19.99,13.35,57.52561071710007,5.200945626477543,$10-20
686612,Witherbloom Charm,Secrets of Strixhaven,1847,3312,11731.22,0.31,0.35,0.15,12.903225806451607,-51.61290322580645,$0-1
686603,"Quandrix, the Proof",Secrets of Strixhaven,1835,2013,11897.94,2.15,0.99,1.45,-53.95348837209302,-32.558139534883715,$2-5
686604,Exhibition Tidecaller,Secrets of Strixhaven,1834,2863,3873.97,0.66,0.59,0.15,-10.606060606060614,-77.27272727272727,$0-1
688837,Abrade,Secrets of Strixhaven: Mystical Archive,1827,2780,1261.88,0.3,0.39,0.15,30.00000000000001,-50.0,$0-1
553181,Hydroelectric Specimen,Modern Horizons 3,1811,2648,2858.49,0.93,1.49,0.47,60.21505376344085,-49.462365591397855,$0-1
552840,Consign to Memory,Modern Horizons 3,1809,3676,14039.22,4.01,5.99,2.53,49.37655860349128,-36.907730673316706,$2-5
646553,Spectacular Spider-Man (Borderless),Marvel's Spider-Man,1808,2006,12449.0,9.11,8.49,3.26,-6.805708013172331,-64.21514818880351,$5-10
591806,Garruk's Uprising,Foundations,1808,2662,3172.19,0.43,0.99,0.26,130.2325581395349,-39.53488372093023,$0-1
576504,Untimely Malfunction,Duskmourn: House of Horror,1806,2025,13549.56,8.83,11.99,7.84,35.78708946772367,-11.211778029445076,$5-10
689160,"Arnyn, Deathbloom Botanist",Secrets of Strixhaven,1796,2479,5257.41,0.37,0.35,0.15,-5.405405405405411,-59.45945945945946,$0-1
696262,"Invisible Woman, Sue Storm (Borderless)",Marvel Super Heroes,1776,2142,1686.43,0.33,0.35,0.15,6.060606060606049,-54.545454545454554,$0-1
689055,"Blech, Loafing Pest",Secrets of Strixhaven,1773,2468,3255.93,0.42,0.49,0.15,16.666666666666668,-64.28571428571429,$0-1
687669,Bojuka Bog,Commander: Secrets of Strixhaven,1764,3356,3851.43,1.03,2.29,0.92,122.33009708737863,-10.679611650485436,$1-2
499960,Lorien Revealed,Universes Beyond: The Lord of the Rings: Tales of Middle-earth,1763,2952,11349.28,4.73,6.49,3.9,37.20930232558139,-17.547568710359418,$2-5
696242,M.O.D.O.K.,Marvel Super Heroes,1758,2096,11085.77,4.27,7.99,3.8,87.11943793911009,-11.007025761124117,$2-5
688982,Petrified Hamlet,Secrets of Strixhaven,1755,3061,3354.22,0.61,0.49,0.15,-19.672131147540984,-75.40983606557377,$0-1
552830,Fanatic of Rhonas,Modern Horizons 3,1753,2027,18100.09,13.97,16.99,13.49,21.61775232641373,-3.435934144595565,$10-20
552324,Evolution Witness,Modern Horizons 3,1746,2525,1957.99,0.29,0.79,0.15,172.41379310344828,-48.275862068965516,$0-1
686608,"Silverquill, the Disputant",Secrets of Strixhaven,1741,1900,9115.14,1.99,1.29,1.01,-35.175879396984925,-49.246231155778894,$1-2
656687,Blood Crypt,Lorwyn Eclipsed,1740,2041,19317.79,9.43,12.99,9.1,37.751855779427366,-3.4994697773064694,$5-10
689486,Blazing Firesinger,Secrets of Strixhaven,1738,2892,1811.48,0.32,0.35,0.15,9.374999999999991,-53.125,$0-1
688650,Daydream,Secrets of Strixhaven,1737,3099,1696.4,0.4,0.35,0.15,-12.50000000000001,-62.5,$0-1
696671,Cosmic Cube,Marvel Super Heroes,1737,1952,20320.85,12.43,17.99,11.46,44.73049074818986,-7.803700724054698,$10-20
696658,The Wondrous Wasp,Marvel Super Heroes,1733,3447,4396.65,0.69,1.29,0.15,86.95652173913045,-78.26086956521738,$0-1
552740,Victimize,Modern Horizons 3,1730,2550,1849.19,0.5,1.29,0.2,158.0,-60.0,$0-1
262765,Tamiyo's Safekeeping,Kamigawa: Neon Dynasty,1729,2163,10781.38,6.61,8.99,4.91,36.006051437216335,-25.718608169440245,$5-10
656667,Formidable Speaker,Lorwyn Eclipsed,1721,2209,19911.64,8.11,10.99,7.18,35.51171393341555,-11.467324290998764,$5-10
552579,Bridgeworks Battle,Modern Horizons 3,1716,2698,2286.53,0.94,1.99,0.89,111.70212765957447,-5.319148936170206,$0-1
696645,"The Mighty Thor, Jane Foster",Marvel Super Heroes,1710,2825,2725.78,0.44,0.49,0.15,11.36363636363636,-65.90909090909092,$0-1
688899,Culling the Weak,Secrets of Strixhaven: Mystical Archive,1710,1765,18706.38,10.35,9.99,7.37,-3.478260869565212,-28.792270531400966,$10-20
488278,Sol Ring,Commander: The Lord of the Rings: Tales of Middle-earth,1706,2787,5738.3,1.89,2.79,1.53,47.61904761904763,-19.04761904761904,$1-2
696324,King T'Challa,Marvel Super Heroes,1705,2136,25784.7,11.7,18.99,9.46,62.30769230769231,-19.145299145299134,$10-20
633136,The Earth Crystal,FINAL FANTASY,1701,1776,22255.09,12.13,17.99,11.72,48.309975267930724,-3.3800494641385006,$10-20
696632,The Astonishing Ant-Man,Marvel Super Heroes,1701,2605,2353.83,0.31,0.49,0.15,58.06451612903225,-51.61290322580645,$0-1
552631,Warren Soultrader,Modern Horizons 3,1700,1858,25367.76,14.84,20.99,14.18,41.442048517520206,-4.447439353099732,$10-20
498419,Mirkwood Bats (Borderless),Universes Beyond: The Lord of the Rings: Tales of Middle-earth,1698,2063,2781.04,1.65,1.79,0.98,8.484848484848492,-40.60606060606061,$1-2
591210,Swiftfoot Boots,Foundations,1698,2089,5801.09,2.99,3.99,2.17,33.44481605351171,-27.424749163879607,$2-5
696535,Jennifer Walters,Marvel Super Heroes,1696,2036,25879.83,11.87,17.99,11.42,51.558550968828975,-3.7910699241785957,$10-20
559852,Fellwar Stone,Commander: Bloomburrow,1695,2494,2367.7,1.04,1.49,0.78,43.26923076923077,-25.0,$1-2
696313,"The Thing, Ben Grimm (Borderless)",Marvel Super Heroes,1694,2033,1321.95,0.37,0.35,0.15,-5.405405405405411,-59.45945945945946,$0-1
696279,Tony Stark,Marvel Super Heroes,1688,1855,14961.39,6.29,10.99,5.21,74.72178060413354,-17.170111287758345,$5-10
641743,Terrasymbiosis,Edge of Eternities,1686,1794,16117.49,7.36,13.99,7.63,90.08152173913044,3.668478260869559,$5-10
648709,Redirect Lightning,Avatar: The Last Airbender,1682,1839,21253.16,12.22,17.99,10.3,47.21767594108018,-15.71194762684124,$10-20
656711,Steam Vents,Lorwyn Eclipsed,1678,2031,24236.45,13.87,16.99,10.68,22.494592645998555,-22.999279019466474,$10-20
696301,"Human Torch, Johnny Storm (Borderless)",Marvel Super Heroes,1674,2030,1394.09,0.31,0.35,0.15,12.903225806451607,-51.61290322580645,$0-1
688661,Emeritus of Conflict,Secrets of Strixhaven,1670,2104,7374.69,1.4,0.99,0.78,-29.28571428571428,-44.28571428571428,$1-2
689511,Noxious Newt,Secrets of Strixhaven,1669,4166,1575.37,0.32,0.39,0.15,21.875000000000004,-53.125,$0-1
638913,Stomping Ground,Edge of Eternities,1665,1903,14018.03,6.66,9.99,6.51,50.0,-2.2522522522522577,$5-10
673656,The Ooze,Teenage Mutant Ninja Turtles,1664,1992,9849.2,3.31,4.99,3.12,50.755287009063444,-5.740181268882173,$2-5
559478,Patchwork Banner,Bloomburrow,1663,1974,6962.83,3.49,4.49,1.87,28.653295128939828,-46.41833810888252,$2-5
559072,Coruscation Mage,Bloomburrow,1663,2227,3681.39,2.01,2.29,1.04,13.930348258706482,-48.25870646766168,$2-5
688984,Emeritus of Truce,Secrets of Strixhaven,1660,1960,7630.04,1.27,0.99,0.61,-22.047244094488192,-51.96850393700787,$1-2
688691,Mind into Matter,Secrets of Strixhaven,1659,2341,5475.8,0.4,0.49,0.15,22.499999999999993,-62.5,$0-1
552873,Boggart Trawler,Modern Horizons 3,1656,2703,3985.34,0.87,2.29,0.7000000000000001,163.2183908045977,-19.540229885057464,$0-1
668572,Namor the Sub-Mariner,Marvel Super Heroes,1647,2244,14738.72,7.76,12.99,6.7700000000000005,67.39690721649485,-12.757731958762877,$5-10
686584,Molten-Core Maestro,Secrets of Strixhaven,1644,2493,3846.06,0.66,0.49,0.15,-25.75757575757576,-77.27272727272727,$0-1
552623,Collective Resistance,Modern Horizons 3,1642,2489,3768.93,1.29,2.99,1.15,131.78294573643413,-10.852713178294584,$1-2
668460,Bruce Banner,Marvel Super Heroes,1640,1860,17821.85,6.42,9.99,5.72,55.60747663551402,-10.903426791277262,$5-10
697073,Iron Man Armor,Marvel Super Heroes,1640,2076,13206.53,3.97,8.49,3.86,113.85390428211586,-2.770780856423182,$2-5
552821,Glaring Fleshraker,Modern Horizons 3,1636,3226,3928.49,0.8,2.29,0.41,186.24999999999997,-48.75000000000001,$0-1
687343,Goldspan Dragon,Commander: Secrets of Strixhaven,1634,2075,12565.39,6.17,7.49,5.63,21.393841166936795,-8.752025931928689,$5-10
668458,"The Sentry, Golden Guardian",Marvel Super Heroes,1632,2683,2068.48,0.36,0.49,0.15,36.111111111111114,-58.333333333333336,$0-1
638914,Watery Grave,Edge of Eternities,1630,1870,20053.46,9.56,15.99,9.33,67.25941422594141,-2.405857740585778,$5-10
687365,Faerie Mastermind,Commander: Secrets of Strixhaven,1628,1949,20938.11,11.92,15.99,10.6,34.144295302013425,-11.073825503355707,$10-20
656709,Overgrown Tomb,Lorwyn Eclipsed,1624,1919,18407.29,9.33,13.99,7.81,49.94640943193998,-16.29153269024652,$5-10
559719,Arcane Signet,Commander: Bloomburrow,1613,2706,3816.26,0.69,0.99,0.44,43.478260869565226,-36.23188405797101,$0-1
687556,"Ozolith, the Shattered Spire",Commander: Secrets of Strixhaven,1607,1915,9198.38,5.0,7.49,4.82,49.800000000000004,-3.5999999999999943,$5-10
687353,Moonshaker Cavalry,Commander: Secrets of Strixhaven,1600,2036,11184.52,6.19,8.99,6.12,45.23424878836833,-1.130856219709213,$5-10
697048,Heroic Feast,Marvel Super Heroes,1600,3346,3201.13,0.3,0.49,0.15,63.33333333333334,-50.0,$0-1
688665,Ark of Hunger,Secrets of Strixhaven,1600,2078,1088.69,0.36,0.49,0.15,36.111111111111114,-58.333333333333336,$0-1
578080,Enduring Vitality,Duskmourn: House of Horror,1598,1755,16990.36,16.73,17.99,14.5,7.531380753138063,-13.329348475791994,$10-20
591308,Boltwave,Foundations,1598,2451,6593.45,2.52,3.49,1.04,38.4920634920635,-58.730158730158735,$2-5
696574,"Storm, Windrider",Marvel Super Heroes,1596,2395,2195.88,0.45,0.49,0.15,8.888888888888884,-66.66666666666667,$0-1
191568,Ephemerate,Modern Horizons,1591,2175,11026.24,5.41,6.49,5.12,19.963031423290204,-5.360443622920518,$5-10
243382,Unexpected Windfall,Adventures in the Forgotten Realms,1591,1793,5305.2,3.46,4.99,2.85,44.21965317919076,-17.630057803468205,$2-5
552866,Ripples of Undeath,Modern Horizons 3,1588,1704,9831.32,5.91,9.99,5.41,69.03553299492386,-8.460236886632826,$5-10
696330,"Wolverine, Fierce Fighter",Marvel Super Heroes,1583,2215,3611.16,0.41,0.49,0.15,19.512195121951226,-63.41463414634146,$0-1
656713,Temple Garden,Lorwyn Eclipsed,1582,1872,14108.55,7.85,10.99,7.3,40.00000000000001,-7.006369426751591,$5-10
668456,"Captain America, Super-Soldier",Marvel Super Heroes,1575,1915,7295.02,3.83,6.99,2.65,82.50652741514361,-30.809399477806792,$2-5
697059,"Shang-Chi, Master of Kung Fu",Marvel Super Heroes,1569,1937,21389.37,9.99,17.99,10.3,80.08008008008007,3.103103103103108,$5-10
656703,Hallowed Fountain,Lorwyn Eclipsed,1567,1893,15730.04,7.03,9.99,5.21,42.10526315789473,-25.889046941678522,$5-10
633737,Restoration Magic,FINAL FANTASY,1566,2038,4842.3,2.21,2.79,1.12,26.244343891402718,-49.32126696832579,$2-5
525618,"Kutzil, Malamet Exemplar",The Lost Caverns of Ixalan,1565,1842,6545.1,4.49,3.99,2.5,-11.135857461024498,-44.32071269487751,$2-5
638912,Sacred Foundry,Edge of Eternities,1563,1835,21465.02,10.13,14.99,9.37,47.976307996051325,-7.502467917078001,$10-20
689149,Brain Freeze,Secrets of Strixhaven: Mystical Archive,1552,1689,6412.15,3.15,4.99,2.8000000000000003,58.412698412698425,-11.1111111111111,$2-5
696674,Castle Doom,Marvel Super Heroes,1545,3071,4049.45,0.55,0.49,0.15,-10.909090909090919,-72.72727272727273,$0-1
651332,Norman Osborn,Marvel's Spider-Man,1543,1709,15357.81,17.64,18.99,17.6,7.653061224489783,-0.22675736961450763,$10-20
556324,Brotherhood Regalia,Universes Beyond: Assassin's Creed,1543,1705,13653.84,8.93,15.99,7.28,79.05935050391938,-18.477043673012314,$5-10
553328,Malevolent Rumble,Modern Horizons 3,1540,4635,3156.49,0.34,0.99,0.15,191.17647058823525,-55.88235294117647,$0-1
686540,Hardened Academic,Secrets of Strixhaven,1538,2568,1832.59,0.42,0.49,0.15,16.666666666666668,-64.28571428571429,$0-1
638910,Breeding Pool,Edge of Eternities,1535,1755,18685.54,9.52,15.99,9.25,67.9621848739496,-2.8361344537815083,$5-10
688861,Helping Hand,Secrets of Strixhaven: Mystical Archive,1529,2262,785.5,0.24,0.35,0.15,45.83333333333333,-37.5,$0-1
623982,Command Tower,Commander: Tarkir: Dragonstorm,1528,2424,943.24,0.34,0.99,0.25,191.17647058823525,-26.470588235294123,$0-1
187181,Kaya's Ghostform,War of the Spark,1527,1770,6897.07,1.94,3.99,1.37,105.67010309278353,-29.381443298969064,$1-2
641779,Weftstalker Ardent,Edge of Eternities,1524,2076,3954.45,0.7,2.29,0.4,227.14285714285717,-42.85714285714285,$0-1
552859,Springheart Nantuko,Modern Horizons 3,1521,1685,8183.56,5.59,7.49,3.9,33.98926654740609,-30.23255813953488,$5-10
552284,Thraben Charm,Modern Horizons 3,1516,3676,2258.19,0.33,0.59,0.15,78.78787878787877,-54.545454545454554,$0-1
662801,Abandoned Air Temple,Avatar: The Last Airbender,1514,1805,12387.75,5.99,9.99,5.73,66.7779632721202,-4.34056761268781,$5-10
671721,Firdoch Core,Lorwyn Eclipsed,1511,3026,1310.71,0.34,0.49,0.15,44.117647058823515,-55.88235294117647,$0-1
688085,Great Hall of the Biblioplex,Secrets of Strixhaven,1509,2748,1888.69,0.76,0.49,0.15,-35.526315789473685,-80.26315789473684,$0-1
696626,"Ares, God of War",Marvel Super Heroes,1508,2100,1926.12,0.31,0.49,0.15,58.06451612903225,-51.61290322580645,$0-1
624152,Swords to Plowshares,Commander: Tarkir: Dragonstorm,1507,2211,3137.42,1.69,2.49,1.37,47.3372781065089,-18.93491124260354,$1-2
662547,Ba Sing Se,Avatar: The Last Airbender,1502,1824,9050.84,4.2,6.49,3.59,54.52380952380952,-14.52380952380953,$2-5
668462,Doctor Doom,Marvel Super Heroes,1502,1771,7854.71,3.59,6.49,2.08,80.7799442896936,-42.061281337047355,$2-5
696663,Red Hulk (Borderless),Marvel Super Heroes,1500,1902,1274.18,0.25,0.35,0.15,39.99999999999999,-40.0,$0-1
671053,Virulent Emissary,Lorwyn Eclipsed,1498,2064,1655.76,1.35,1.79,0.15,32.59259259259258,-88.8888888888889,$1-2
688887,Monstrous Rage,Secrets of Strixhaven: Mystical Archive,1498,2323,794.12,0.23,0.35,0.15,52.17391304347825,-34.78260869565218,$0-1
633117,The Wind Crystal,FINAL FANTASY,1497,1589,10285.75,6.23,8.49,5.15,36.2760834670947,-17.335473515248793,$5-10
686538,"Ral Zarek, Guest Lecturer",Secrets of Strixhaven,1494,1812,9524.35,1.65,1.99,1.04,20.606060606060613,-36.96969696969696,$1-2
687675,Exotic Orchard,Commander: Secrets of Strixhaven,1494,2749,1008.92,0.36,0.59,0.15,63.888888888888886,-58.333333333333336,$0-1
638911,Godless Shrine,Edge of Eternities,1493,1709,16972.04,8.64,12.99,7.52,50.34722222222221,-12.962962962962973,$5-10
696625,"Captain America, Wings of Freedom",Marvel Super Heroes,1481,2182,1388.51,0.34,0.49,0.15,44.117647058823515,-55.88235294117647,$0-1
651337,"Electro, Assaulting Battery",Marvel's Spider-Man,1477,1603,9463.41,6.35,9.49,3.64,49.44881889763781,-42.677165354330704,$5-10
541278,Priest of Titania,Modern Horizons 3,1477,2516,2364.12,0.56,1.29,0.35,130.35714285714283,-37.500000000000014,$0-1
687548,Ohran Frostfang,Commander: Secrets of Strixhaven,1471,1951,9478.31,5.67,7.49,5.15,32.098765432098766,-9.171075837742498,$5-10
624049,Sol Ring,Commander: Tarkir: Dragonstorm,1468,2520,4278.8,1.64,2.79,1.43,70.1219512195122,-12.804878048780486,$1-2
512663,Impact Tremors,Wilds of Eldraine: Enchanting Tales,1467,1615,5978.0,2.7,4.99,2.49,84.81481481481481,-7.777777777777777,$2-5
687438,Land Tax,Commander: Secrets of Strixhaven,1465,1781,25895.59,15.57,18.99,13.94,21.965317919075133,-10.468850353243422,$10-20
688886,Crop Rotation,Secrets of Strixhaven: Mystical Archive,1465,1610,6789.02,3.57,4.49,3.12,25.770308123249315,-12.605042016806717,$2-5
688919,Pyretic Ritual,Secrets of Strixhaven: Mystical Archive,1465,1565,11796.82,5.03,7.49,4.15,48.9065606361829,-17.495029821073555,$5-10
633131,The Fire Crystal,FINAL FANTASY,1459,1558,9808.77,6.09,8.49,5.1000000000000005,39.4088669950739,-16.256157635467968,$5-10
4815,Mystic Remora,Ice Age,1453,1629,14616.86,8.55,11.99,6.5600000000000005,40.23391812865496,-23.27485380116959,$5-10
688935,Royal Treatment,Secrets of Strixhaven: Mystical Archive,1450,2159,744.95,0.26,0.35,0.15,34.615384615384606,-42.307692307692314,$0-1
647302,The Soul Stone,Marvel's Spider-Man,1447,1503,138835.12,120.5,149.99,123.98,24.47302904564316,2.887966804979256,$100-200
688971,Skycoach Conductor,Secrets of Strixhaven,1447,2283,1685.82,0.35,0.49,0.15,40.00000000000001,-57.14285714285714,$0-1
630862,The Darkness Crystal,FINAL FANTASY,1447,1545,7820.63,4.65,5.99,4.0600000000000005,28.81720430107526,-12.688172043010749,$2-5
688948,Zombify,Secrets of Strixhaven: Mystical Archive,1442,2048,884.72,0.2,0.35,0.15,74.99999999999997,-25.000000000000007,$0-1
686628,"Dina, Essence Brewer (Borderless)",Commander: Secrets of Strixhaven,1442,1828,6716.16,3.23,3.49,1.82,8.049535603715178,-43.653250773993804,$2-5
662084,Boomerang Basics,Avatar: The Last Airbender,1435,2735,3564.39,0.96,1.29,0.15,34.375000000000014,-84.375,$0-1
689366,Veil of Summer,Secrets of Strixhaven: Mystical Archive,1433,1589,7803.3,3.87,6.49,2.99,67.70025839793283,-22.739018087855296,$2-5
689394,Deflecting Palm,Secrets of Strixhaven: Mystical Archive,1432,1551,6186.45,3.14,2.79,1.97,-11.146496815286627,-37.261146496815286,$2-5
222103,Malakir Rebirth,Zendikar Rising,1432,1568,21826.46,12.7,16.99,12.52,33.77952755905511,-1.4173228346456672,$10-20
689518,Topiary Lecturer,Secrets of Strixhaven,1432,2261,1050.22,0.28,0.35,0.15,24.999999999999982,-46.42857142857144,$0-1
696254,Agent Phil Coulson,Marvel Super Heroes,1432,2083,1302.36,0.33,0.49,0.15,48.48484848484848,-54.545454545454554,$0-1
687475,Harmonic Prodigy,Commander: Secrets of Strixhaven,1430,2076,7261.86,3.39,5.49,3.11,61.94690265486725,-8.259587020648974,$2-5
696273,"Leader, Super-Genius",Marvel Super Heroes,1429,2061,1587.73,0.31,0.49,0.15,58.06451612903225,-51.61290322580645,$0-1
641745,The Eternity Elevator,Edge of Eternities,1429,1827,3767.82,2.48,3.49,1.56,40.72580645161291,-37.096774193548384,$2-5
696328,"Thanos, the Mad Titan",Marvel Super Heroes,1424,1681,8712.32,2.15,2.49,0.91,15.813953488372107,-57.67441860465116,$2-5
689077,Stirring Hopesinger,Secrets of Strixhaven,1423,2381,1249.68,0.31,0.49,0.15,58.06451612903225,-51.61290322580645,$0-1
661938,Avatar's Wrath,Avatar: The Last Airbender,1423,1698,6986.27,4.43,5.99,3.11,35.21444695259595,-29.79683972911964,$2-5
616095,Magmakin Artillerist,Aetherdrift,1422,1795,1474.55,0.26,1.29,0.15,396.1538461538462,-42.307692307692314,$0-1
559736,Sol Ring,Commander: Bloomburrow,1420,2321,5735.37,1.96,2.79,1.49,42.3469387755102,-23.97959183673469,$1-2
590880,Rogue's Passage,Foundations,1420,1889,1545.94,0.4,0.79,0.36,97.5,-10.000000000000009,$0-1
697022,"Hawkeye, Young Avenger",Marvel Super Heroes,1419,2450,1191.92,0.28,0.59,0.15,110.71428571428568,-46.42857142857144,$0-1
552176,Basking Broodscale,Modern Horizons 3,1417,2430,1157.85,0.2,0.35,0.15,74.99999999999997,-25.000000000000007,$0-1
552872,Nyxborn Hydra,Modern Horizons 3,1415,2642,1297.52,0.3,0.39,0.15,30.00000000000001,-50.0,$0-1
559653,Starscape Cleric,Bloomburrow,1413,2073,2716.76,0.74,1.99,0.33,168.91891891891893,-55.4054054054054,$0-1
686541,Withering Curse,Secrets of Strixhaven,1413,1767,4983.74,0.99,1.29,0.5,30.303030303030308,-49.494949494949495,$0-1
689054,Vastlands Scavenger,Secrets of Strixhaven,1413,2019,1524.55,0.34,0.49,0.15,44.117647058823515,-55.88235294117647,$0-1
696655,"Ironheart, Clever Champion",Marvel Super Heroes,1410,2406,2262.54,0.36,0.49,0.15,36.111111111111114,-58.333333333333336,$0-1
591203,Banner of Kinship,Foundations,1410,1574,8959.01,7.59,10.99,6.140000000000001,44.79578392621871,-19.104084321475618,$5-10
239837,Zuran Orb,Modern Horizons 2,1406,1601,5078.37,3.09,2.79,1.97,-9.708737864077664,-36.24595469255663,$2-5
673653,"Krang, Utrom Warlord",Teenage Mutant Ninja Turtles,1405,1477,25680.86,22.7,23.99,21.47,5.6828193832599085,-5.4185022026431735,$20-50
240149,Strike It Rich,Modern Horizons 2,1405,1961,5496.77,2.14,2.79,2.02,30.37383177570093,-5.607476635514024,$2-5
696275,"Mister Fantastic, Reed Richards",Marvel Super Heroes,1403,3112,1496.16,0.31,0.39,0.15,25.80645161290323,-51.61290322580645,$0-1
696314,The Unbeatable Squirrel Girl (Borderless),Marvel Super Heroes,1402,1445,40163.43,13.79,13.99,11.43,1.4503263234227781,-17.113850616388685,$10-20
529983,Demand Answers,Murders at Karlov Manor,1401,1862,1067.94,0.39,1.49,0.19,282.05128205128204,-51.28205128205129,$0-1
687570,"Bitterthorn, Nissa's Animus",Commander: Secrets of Strixhaven,1399,1993,11248.62,5.58,6.99,5.0,25.268817204301076,-10.394265232974911,$5-10
499221,Entish Restoration,Universes Beyond: The Lord of the Rings: Tales of Middle-earth,1395,1507,5069.82,3.14,4.49,2.87,42.99363057324841,-8.598726114649683,$2-5
164359,Unwind,Dominaria,1391,1745,2530.44,1.16,1.99,1.01,71.55172413793105,-12.931034482758614,$1-2
689148,Angel's Grace,Secrets of Strixhaven: Mystical Archive,1390,1529,5905.77,2.92,3.99,2.57,36.643835616438366,-11.986301369863018,$2-5
552839,Kozilek's Command,Modern Horizons 3,1389,2136,13192.61,7.11,9.99,6.140000000000001,40.50632911392405,-13.64275668073136,$5-10
633123,The Water Crystal,FINAL FANTASY,1388,1512,5760.64,3.3,4.99,2.75,51.21212121212123,-16.666666666666664,$2-5
696339,"Wolverine, Fierce Fighter (Borderless)",Marvel Super Heroes,1388,1495,10726.8,5.11,4.49,3.27,-12.133072407045011,-36.00782778864971,$5-10
541272,Windswept Heath,Modern Horizons 3,1384,1690,19673.34,11.36,14.99,10.94,31.954225352112687,-3.6971830985915486,$10-20
509516,Curiosity,Wilds of Eldraine: Enchanting Tales,1382,1648,2057.28,1.68,1.99,0.7000000000000001,18.452380952380956,-58.33333333333333,$1-2
689078,Fix What's Broken,Secrets of Strixhaven,1380,2054,947.73,0.28,0.49,0.15,74.99999999999997,-46.42857142857144,$0-1
697045,Epic Fight,Marvel Super Heroes,1378,2023,1450.61,0.36,0.49,0.15,36.111111111111114,-58.333333333333336,$0-1
552646,Waterlogged Teachings,Modern Horizons 3,1377,1824,1262.5,0.38,0.99,0.15,160.52631578947367,-60.526315789473685,$0-1
552272,Six,Modern Horizons 3,1370,1465,7442.88,5.43,7.99,4.16,47.145488029465945,-23.388581952117857,$5-10
687674,"Emeria, the Sky Ruin",Commander: Secrets of Strixhaven,1370,1783,11476.52,5.19,8.49,4.8,63.583815028901725,-7.514450867052033,$5-10
559137,Into the Flood Maw,Bloomburrow,1368,1776,4628.84,2.78,4.49,2.03,61.51079136690649,-26.978417266187055,$2-5
651988,"Chameleon, Master of Disguise",Marvel's Spider-Man,1368,2026,3257.86,0.81,0.79,0.18,-2.469135802469138,-77.77777777777779,$0-1
671525,Wistfulness,Lorwyn Eclipsed,1367,1810,16909.52,6.87,14.99,6.92,118.19505094614267,0.7278020378457034,$5-10
687375,Animate Dead,Commander: Secrets of Strixhaven,1366,1821,8734.47,5.38,7.49,4.75,39.21933085501859,-11.710037174721188,$5-10
688893,Pick Your Poison,Secrets of Strixhaven: Mystical Archive,1366,2092,821.36,0.27,0.35,0.15,29.629629629629612,-44.44444444444445,$0-1
552320,Jet Medallion,Modern Horizons 3,1365,1432,15068.48,11.7,16.99,10.46,45.21367521367521,-10.598290598290586,$10-20
240412,Goblin Anarchomancer,Modern Horizons 2,1362,1629,1338.12,0.75,2.29,0.31,205.33333333333331,-58.666666666666664,$0-1
671263,"Chimil, the Inner Sun",Commander: Lorwyn Eclipsed,1361,1907,10857.78,10.36,9.49,8.84,-8.397683397683391,-14.671814671814667,$10-20
687500,Seize the Spoils,Secrets of Strixhaven,1360,2127,1326.34,0.24,0.35,0.15,45.83333333333333,-37.5,$0-1
641728,"Haliya, Guided by Light",Edge of Eternities,1358,1823,4840.06,1.8,4.99,1.53,177.22222222222223,-15.0,$1-2
661801,Origin of Metalbending,Avatar: The Last Airbender,1356,2244,734.89,0.23,0.35,0.15,52.17391304347825,-34.78260869565218,$0-1
553302,Urza's Incubator,Modern Horizons 3,1353,1456,25186.66,18.86,19.99,17.87,5.991516436903495,-5.249204665959695,$10-20
562746,Enduring Tenacity,Duskmourn: House of Horror,1352,1422,16929.23,12.07,15.99,12.1,32.47721623860812,0.24855012427505685,$10-20
631183,Farewell,Commander: FINAL FANTASY,1352,1510,7507.83,5.34,7.49,4.98,40.2621722846442,-6.741573033707855,$5-10
541274,Polluted Delta,Modern Horizons 3,1349,1751,33437.93,19.77,27.99,18.97,41.578148710166914,-4.0465351542741566,$10-20
688866,Burst Lightning,Secrets of Strixhaven: Mystical Archive,1349,2376,1292.29,0.29,0.35,0.15,20.689655172413794,-48.275862068965516,$0-1
199417,Mystic Sanctuary,Throne of Eldraine,1348,1554,2701.92,1.72,2.79,0.87,62.2093023255814,-49.41860465116279,$1-2
688725,Pongify,Secrets of Strixhaven: Mystical Archive,1348,1474,4979.36,3.4,4.99,1.56,46.764705882352956,-54.11764705882353,$2-5
642791,Swan Song,Commander: Edge of Eternities,1346,1662,13681.02,9.86,13.99,0.26,41.88640973630833,-97.3630831643002,$5-10
673616,South Wind Avatar,Teenage Mutant Ninja Turtles,1345,1512,3664.44,2.0,3.49,1.22,74.50000000000001,-39.0,$2-5
696484,"Daredevil, Man Without Fear",Marvel Super Heroes,1344,1785,1326.79,0.33,0.49,0.15,48.48484848484848,-54.545454545454554,$0-1
552306,Ruby Medallion,Modern Horizons 3,1342,1516,18321.71,13.79,18.99,11.44,37.70848440899202,-17.04133430021755,$10-20
687578,War Room,Commander: Secrets of Strixhaven,1341,2134,6000.44,4.46,4.49,3.0500000000000003,0.6726457399103195,-31.614349775784746,$2-5
686545,The Dawning Archaic,Secrets of Strixhaven,1341,1603,3878.77,1.31,1.49,0.62,13.740458015267171,-52.67175572519084,$1-2
552649,Legion Leadership,Modern Horizons 3,1341,1999,1673.64,0.39,1.29,0.15,230.76923076923075,-61.53846153846154,$0-1
688826,Slumbering Trudge,Secrets of Strixhaven,1339,2260,1008.79,0.49,0.59,0.15,20.40816326530612,-69.38775510204081,$0-1
687525,Kami of Whispered Hopes,Commander: Secrets of Strixhaven,1338,1864,5485.41,2.87,3.99,2.81,39.02439024390244,-2.0905923344947754,$2-5
552286,Sapphire Medallion,Modern Horizons 3,1337,1401,8189.04,8.09,9.49,4.16,17.305315203955505,-48.57849196538936,$5-10
534084,Slime Against Humanity,Murders at Karlov Manor,1336,7730,14356.13,1.82,3.99,0.93,119.23076923076923,-48.9010989010989,$1-2
668461,Baron Helmut Zemo,Marvel Super Heroes,1335,2649,1882.42,0.3,0.49,0.15,63.33333333333334,-50.0,$0-1
687507,"Gorma, the Gullet (Borderless)",Commander: Secrets of Strixhaven,1334,1523,3989.42,2.01,1.99,0.78,-0.9950248756218805,-61.19402985074627,$2-5
589354,Mossborn Hydra,Foundations,1334,1548,19895.87,12.09,15.99,8.33,32.25806451612904,-31.100082712985937,$10-20
687511,"Muddle, the Ever-Changing (Borderless)",Commander: Secrets of Strixhaven,1333,1614,3553.93,1.05,0.99,0.5,-5.714285714285719,-52.38095238095239,$1-2
696560,Avengers Disassembled,Marvel Super Heroes,1333,3449,4948.77,0.78,2.79,0.45,257.6923076923077,-42.30769230769231,$0-1
553280,Molten Gatekeeper,Modern Horizons 3,1333,1957,1036.93,0.21,0.59,0.15,180.95238095238096,-28.57142857142857,$0-1
498328,Generous Ent,Universes Beyond: The Lord of the Rings: Tales of Middle-earth,1331,2729,7401.26,2.93,3.99,2.57,36.177474402730375,-12.286689419795232,$2-5
541276,Flooded Strand,Modern Horizons 3,1331,1668,25288.58,15.96,19.99,14.58,25.250626566416024,-8.646616541353389,$10-20
631607,Starting Town,FINAL FANTASY,1330,1678,18459.22,7.85,10.99,7.81,40.00000000000001,-0.509554140127389,$5-10
458224,Snap,Dominaria Remastered,1330,1594,5464.21,3.06,4.49,2.92,46.732026143790854,-4.575163398692815,$2-5
541277,Wooded Foothills,Modern Horizons 3,1330,1621,27216.12,16.47,23.99,15.78,45.65877352762599,-4.189435336976318,$10-20
696585,Avengers Tower (Borderless),Marvel Super Heroes,1329,1916,1250.38,0.34,0.35,0.15,2.9411764705882213,-55.88235294117647,$0-1
696549,Pym Particles,Marvel Super Heroes,1329,2688,1429.07,0.34,0.59,0.15,73.52941176470587,-55.88235294117647,$0-1
590879,Scrawling Crawler,Foundations,1328,1425,8496.06,6.67,11.99,5.21,79.76011994003,-21.88905547226387,$5-10
524416,Spelunking,The Lost Caverns of Ixalan,1327,1540,6173.81,3.92,3.99,3.23,1.785714285714293,-17.602040816326532,$2-5
687413,Ghostly Prison,Commander: Secrets of Strixhaven,1325,1859,8387.09,5.2,6.49,4.39,24.807692307692307,-15.576923076923086,$5-10
641734,Quantum Riddler,Edge of Eternities,1322,1862,65347.76,31.99,57.99,31.63,81.27539856205065,-1.1253516723976227,$20-50
689087,Vicious Rivalry,Secrets of Strixhaven,1322,2113,1225.22,0.38,0.49,0.15,28.947368421052627,-60.526315789473685,$0-1
630905,Wastes,FINAL FANTASY,1321,4073,5691.43,1.0,2.29,0.15,129.0,-85.0,$1-2
687436,Terramorphic Expanse,Secrets of Strixhaven,1320,2762,3010.1,0.29,0.35,0.15,20.689655172413794,-48.275862068965516,$0-1
660740,Secret Tunnel,Avatar: The Last Airbender,1320,1520,4331.42,2.95,3.99,1.3,35.25423728813559,-55.93220338983051,$2-5
696305,The Scarlet Witch (Borderless),Marvel Super Heroes,1319,1381,11460.33,4.27,4.49,3.52,5.152224824355987,-17.56440281030444,$2-5
638905,"Tannuk, Memorial Ensign",Edge of Eternities,1318,1609,904.2,0.46,1.29,0.15,180.43478260869566,-67.3913043478261,$0-1
71021,Gray Merchant of Asphodel,Theros,1313,2045,2106.61,0.88,2.29,0.72,160.22727272727275,-18.181818181818183,$0-1
679638,Undergrowth Stadium,Commander: Teenage Mutant Ninja Turtles,1309,1510,8232.74,6.32,7.99,5.21,26.42405063291139,-17.563291139240512,$5-10
660570,Badgermole Cub,Avatar: The Last Airbender,1308,1574,85413.69,50.34,79.99,49.72,58.89948351211758,-1.2316249503377126,$50-100
541275,Bloodstained Mire,Modern Horizons 3,1308,1754,31099.03,18.51,23.99,17.01,29.60561858454887,-8.103727714748784,$10-20
679620,City of Brass,Commander: Teenage Mutant Ninja Turtles,1307,1670,16132.87,12.17,16.99,10.09,39.60558751027114,-17.091207888249794,$10-20
559634,Honored Dreyleader,Bloomburrow,1307,1899,915.74,0.32,0.59,0.15,84.37499999999999,-53.125,$0-1
687584,Three Visits,Commander: Secrets of Strixhaven,1305,1612,8779.92,5.3,6.99,4.94,31.8867924528302,-6.79245283018867,$5-10
235947,Tend the Pests,Strixhaven: School of Mages,1305,1579,1605.21,0.84,1.49,0.71,77.38095238095238,-15.476190476190476,$0-1
687611,Lightning Greaves,Commander: Secrets of Strixhaven,1305,1650,7362.58,4.48,5.99,3.87,33.70535714285713,-13.616071428571436,$2-5
687493,Teacher's Pest,Secrets of Strixhaven,1304,2007,3316.18,0.28,0.35,0.15,24.999999999999982,-46.42857142857144,$0-1
673569,"Michelangelo, Weirdness to 11",Teenage Mutant Ninja Turtles,1304,1446,5785.97,3.26,4.49,3.03,37.730061349693266,-7.05521472392638,$2-5
552727,Shifting Woodland,Modern Horizons 3,1304,1532,7058.79,6.27,7.99,4.41,27.43221690590113,-29.665071770334922,$5-10
686620,Wisdom of Ages,Secrets of Strixhaven,1303,1680,795.62,0.31,0.49,0.15,58.06451612903225,-51.61290322580645,$0-1
689060,"Blech, Loafing Pest (Borderless)",Secrets of Strixhaven,1298,1386,5182.61,2.4,1.99,0.98,-17.083333333333332,-59.166666666666664,$2-5
541273,Psychic Frog,Modern Horizons 3,1295,1875,9447.23,5.67,8.49,4.39,49.73544973544974,-22.574955908289247,$5-10
618858,Jumbo Cactuar,FINAL FANTASY,1295,1418,9631.17,4.44,5.99,2.85,34.909909909909906,-35.810810810810814,$2-5
239695,Scurry Oak,Modern Horizons 2,1295,1536,2806.91,2.51,3.49,1.23,39.04382470119524,-50.99601593625498,$2-5
686526,Bogwater Lumaret,Secrets of Strixhaven,1295,1990,683.63,0.27,0.35,0.15,29.629629629629612,-44.44444444444445,$0-1
688910,Dismember,Secrets of Strixhaven: Mystical Archive,1293,1462,4294.29,2.51,3.49,1.92,39.04382470119524,-23.505976095617527,$2-5
638916,Island (0263) (Borderless),Edge of Eternities,1288,3445,4946.23,1.12,2.99,0.52,166.9642857142857,-53.57142857142857,$1-2
668473,Doom Reigns Supreme,Marvel Super Heroes,1287,1917,1975.93,0.33,0.49,0.15,48.48484848484848,-54.545454545454554,$0-1
552173,Echoes of Eternity,Modern Horizons 3,1287,2303,3767.98,2.35,2.49,0.53,5.957446808510643,-77.4468085106383,$2-5
687543,Nature's Lore,Commander: Secrets of Strixhaven,1285,1845,4656.31,2.75,4.49,2.58,63.27272727272728,-6.181818181818179,$2-5
671172,Springleaf Parade,Commander: Lorwyn Eclipsed,1284,2024,16443.85,8.68,12.99,8.32,49.65437788018434,-4.1474654377880125,$5-10
638918,Mountain (0265) (Borderless),Edge of Eternities,1283,3615,6429.32,1.65,3.99,1.27,141.81818181818184,-23.030303030303028,$1-2
662109,Earthbender Ascension,Avatar: The Last Airbender,1283,1662,5360.59,2.08,2.99,1.47,43.75000000000001,-29.326923076923077,$2-5
52170,Moonmist,Innistrad,1282,2100,3990.03,2.03,2.49,0.93,22.66009852216751,-54.18719211822659,$2-5
552815,Dreamtide Whale,Modern Horizons 3,1280,1491,3310.01,2.31,3.99,1.39,72.72727272727273,-39.82683982683983,$2-5
686531,Colorstorm Stallion,Secrets of Strixhaven,1279,2002,2471.92,0.37,0.49,0.15,32.432432432432435,-59.45945945945946,$0-1
499562,Arcane Signet,Commander: The Lord of the Rings: Tales of Middle-earth,1279,2345,1678.77,0.64,1.29,0.45,101.5625,-29.6875,$0-1
687400,Drumbellower,Commander: Secrets of Strixhaven,1276,1925,5306.91,1.83,2.49,1.55,36.06557377049181,-15.300546448087433,$1-2
696255,Avengers Assemble!,Marvel Super Heroes,1276,1563,2012.2,1.01,2.79,0.52,176.23762376237624,-48.51485148514851,$1-2
689477,Pox Plague,Secrets of Strixhaven,1275,1623,755.04,0.33,0.49,0.15,48.48484848484848,-54.545454545454554,$0-1
688974,Wildgrowth Archaic,Secrets of Strixhaven,1273,2160,1099.4,0.33,0.49,0.15,48.48484848484848,-54.545454545454554,$0-1
578877,Sheltered by Ghosts,Duskmourn: House of Horror,1271,2245,5107.1,1.5,2.79,0.92,86.0,-38.666666666666664,$1-2
553312,Branching Evolution,Modern Horizons 3,1270,1314,7708.74,6.79,9.99,5.72,47.12812960235641,-15.758468335787928,$5-10
679576,"Irma, Part-Time Mutant",Commander: Teenage Mutant Ninja Turtles,1269,1712,9064.91,4.81,7.49,4.12,55.71725571725573,-14.345114345114334,$2-5
661887,Price of Freedom,Avatar: The Last Airbender,1268,3082,1598.37,0.51,1.99,0.15,290.19607843137254,-70.58823529411764,$0-1
687521,Hardened Scales,Commander: Secrets of Strixhaven,1268,1796,3969.3,2.24,3.99,1.91,78.12499999999999,-14.732142857142868,$2-5
696988,Kid Loki,Marvel Super Heroes,1266,2052,1029.99,0.27,0.35,0.15,29.629629629629612,-44.44444444444445,$0-1
696285,"Loki, God of Mischief (Borderless)",Marvel Super Heroes,1264,1600,16268.41,6.93,9.99,5.3,44.155844155844164,-23.52092352092352,$5-10
226624,Fyndhorn Elves,Commander Legends,1264,1599,5160.91,2.21,3.49,2.34,57.91855203619911,5.882352941176466,$2-5
687417,Blasphemous Act,Commander: Secrets of Strixhaven,1260,2026,1994.21,0.81,1.99,0.72,145.67901234567898,-11.11111111111112,$0-1
688955,Stargaze,Secrets of Strixhaven: Mystical Archive,1260,1717,648.76,0.2,0.35,0.15,74.99999999999997,-25.000000000000007,$0-1
668472,"Attuma, Atlantean Warlord",Marvel Super Heroes,1257,1685,1082.42,0.31,0.35,0.15,12.903225806451607,-51.61290322580645,$0-1
696551,Super Intelligence,Marvel Super Heroes,1254,2789,1399.13,0.31,0.35,0.15,12.903225806451607,-51.61290322580645,$0-1
696578,"Storm, Windrider (Borderless)",Marvel Super Heroes,1253,1329,5449.61,2.82,3.49,1.86,23.758865248226964,-34.042553191489354,$2-5
576881,Grab the Prize,Duskmourn: House of Horror,1251,2830,2112.2,0.38,1.99,0.15,423.6842105263157,-60.526315789473685,$0-1
621158,"Green Goblin, Nemesis (Borderless)",Marvel's Spider-Man: Eternal-Legal,1250,1433,11367.87,16.18,15.99,12.64,-1.1742892459826915,-21.878862793572306,$10-20
668454,The Coming of Galactus,Marvel Super Heroes,1249,1666,4424.3,1.31,2.79,1.03,112.97709923664121,-21.37404580152672,$1-2
553311,Sneaky Snacker,Modern Horizons 3,1246,4301,1919.55,0.29,0.79,0.15,172.41379310344828,-48.275862068965516,$0-1
687522,"Scriv, the Obligator (Borderless)",Commander: Secrets of Strixhaven,1246,1553,2339.09,0.86,1.29,0.39,50.000000000000014,-54.65116279069767,$0-1
687386,Blood Artist,Commander: Secrets of Strixhaven,1245,1812,3647.74,2.13,3.99,2.17,87.32394366197185,1.8779342723004713,$2-5
697396,"Tippy-Toe, Terrific Partner",Commander: Marvel Super Heroes,1244,1284,20538.62,6.05,9.49,5.19,56.85950413223141,-14.214876033057841,$5-10
687601,Turbulent Springs,Commander: Secrets of Strixhaven,1243,1681,10261.98,4.76,6.49,4.43,36.34453781512606,-6.9327731092436995,$2-5
679580,Wave Goodbye,Commander: Teenage Mutant Ninja Turtles,1241,1715,1877.22,1.98,2.29,0.92,15.656565656565661,-53.535353535353536,$1-2
552307,Pearl Medallion,Modern Horizons 3,1241,1312,6193.88,5.43,6.99,4.5200000000000005,28.72928176795581,-16.758747697974204,$5-10
686530,"Berta, Wise Extrapolator",Secrets of Strixhaven,1238,1531,786.5,0.29,0.49,0.15,68.96551724137932,-48.275862068965516,$0-1
556010,Reconnaissance,Universes Beyond: Assassin's Creed,1233,1381,6640.36,3.78,7.99,4.16,111.3756613756614,10.052910052910063,$2-5
679633,Spire Garden,Commander: Teenage Mutant Ninja Turtles,1232,1381,7236.84,6.41,8.49,4.86,32.44929797191888,-24.180967238689544,$5-10
687338,Storm-Kiln Artist,Commander: Secrets of Strixhaven,1230,1756,3212.61,1.4,2.29,1.37,63.57142857142859,-2.142857142857129,$1-2
696235,Construct a Cosmic Cube,Marvel Super Heroes,1230,1877,1100.39,0.34,0.49,0.15,44.117647058823515,-55.88235294117647,$0-1
687595,Eclipsed Steppe,Commander: Secrets of Strixhaven,1229,1751,5813.76,2.82,5.49,2.31,94.6808510638298,-18.085106382978715,$2-5
631529,Sphere Grid,Commander: FINAL FANTASY,1228,1376,12809.91,8.34,10.99,8.46,31.774580335731418,1.4388489208633213,$5-10
499592,Rogue's Passage,Commander: The Lord of the Rings: Tales of Middle-earth,1228,2327,1239.85,0.41,0.99,0.39,141.46341463414637,-4.878048780487796,$0-1
696276,Multiversal Incursion,Marvel Super Heroes,1228,1680,3021.53,1.25,2.29,1.0,83.2,-20.0,$1-2
615741,Monument to Endurance,Aetherdrift,1225,1330,24474.03,20.7,29.99,17.66,44.87922705314009,-14.685990338164249,$20-50
673579,"Mutagen Man, Living Ooze",Teenage Mutant Ninja Turtles,1225,1397,3939.34,1.6,2.29,0.78,43.125,-51.24999999999999,$1-2
631576,Rise of the Dark Realms,Commander: FINAL FANTASY,1222,1491,5669.82,3.87,6.49,3.49,67.70025839793283,-9.81912144702842,$2-5
687450,Monologue Tax,Commander: Secrets of Strixhaven,1220,1950,4784.22,1.86,2.49,1.17,33.87096774193549,-37.09677419354839,$1-2
668459,"Quicksilver, Brash Blur",Marvel Super Heroes,1220,2640,1931.95,0.36,0.49,0.15,36.111111111111114,-58.333333333333336,$0-1
556385,Propaganda,Universes Beyond: Assassin's Creed,1220,1438,4627.07,2.63,3.49,2.6,32.699619771863134,-1.1406844106463805,$2-5
457203,Grapeshot,Dominaria Remastered,1219,1781,752.33,0.28,0.59,0.22,110.71428571428568,-21.428571428571434,$0-1
589326,Archmage of Runes,Foundations,1218,1361,4361.98,3.15,4.99,2.86,58.412698412698425,-9.20634920634921,$2-5
687235,Twinflame,Commander: Secrets of Strixhaven,1217,2048,2965.79,0.86,0.99,0.41,15.116279069767444,-52.32558139534884,$0-1
589749,Stroke of Midnight,Foundations,1216,1773,634.4,0.36,0.79,0.2,119.44444444444446,-44.44444444444444,$0-1
687695,Lotus Field,Commander: Secrets of Strixhaven,1215,1794,6567.6,2.45,3.49,2.08,42.44897959183673,-15.102040816326534,$2-5
457501,Counterspell,Dominaria Remastered,1215,1514,4131.77,2.58,3.99,2.56,54.65116279069768,-0.7751937984496131,$2-5
631573,Reanimate,Commander: FINAL FANTASY,1215,1388,10253.73,7.45,12.99,7.57,74.36241610738254,1.6107382550335587,$5-10
198390,Witch's Cottage,Throne of Eldraine,1215,1503,2358.91,0.93,1.79,0.76,92.47311827956989,-18.27956989247312,$0-1
591730,Marauding Blight-Priest,Foundations,1212,1678,595.63,0.35,0.39,0.15,11.42857142857144,-57.14285714285714,$0-1
696446,The Vision (Borderless),Marvel Super Heroes,1211,1334,4725.22,2.51,3.49,1.45,39.04382470119524,-42.23107569721115,$2-5
687513,Goldvein Hydra,Commander: Secrets of Strixhaven,1210,1607,5717.66,2.97,4.49,2.34,51.178451178451176,-21.21212121212122,$2-5
686636,Disdainful Stroke,Secrets of Strixhaven: Mystical Archive,1209,1692,619.9,0.21,0.35,0.15,66.66666666666666,-28.57142857142857,$0-1
687630,Talisman of Creativity,Commander: Secrets of Strixhaven,1209,1735,3832.04,2.13,2.99,1.77,40.37558685446011,-16.90140845070422,$2-5
552266,Emerald Medallion,Modern Horizons 3,1209,1360,3850.26,3.42,4.99,3.12,45.90643274853802,-8.771929824561399,$2-5
591055,"Aurelia, the Warleader",Foundations,1209,1438,8502.9,4.61,5.49,3.5,19.088937093275486,-24.078091106290678,$2-5
226634,"Kediss, Emberclaw Familiar",Commander Legends,1208,1330,6845.92,4.8,9.49,4.99,97.70833333333334,3.9583333333333415,$2-5
679073,Negate,Teenage Mutant Ninja Turtles,1207,1740,398.26,0.34,0.35,0.15,2.9411764705882213,-55.88235294117647,$0-1
631496,Walking Ballista,Commander: FINAL FANTASY,1206,1355,9890.09,7.24,8.99,7.47,24.171270718232044,3.1767955801104906,$5-10
548583,Sylvan Safekeeper,Modern Horizons 3,1206,1315,6884.7,6.44,7.99,4.13,24.068322981366457,-35.86956521739131,$5-10
687428,Mana Geyser,Commander: Secrets of Strixhaven,1205,1839,3216.1,1.23,2.79,1.05,126.82926829268293,-14.634146341463412,$1-2
697038,Vision of Love,Marvel Super Heroes,1205,2886,1190.13,0.26,0.35,0.15,34.615384615384606,-42.307692307692314,$0-1
671031,Chomping Changeling,Lorwyn Eclipsed,1202,1668,1607.11,1.23,1.99,0.45,61.78861788617886,-63.41463414634146,$1-2
686606,"Sanar, Unfinished Genius",Secrets of Strixhaven,1201,1701,695.85,0.29,0.35,0.15,20.689655172413794,-48.275862068965516,$0-1
687596,Scorched Geyser,Commander: Secrets of Strixhaven,1200,1680,5151.04,1.65,2.49,1.04,50.90909090909093,-36.96969696969696,$1-2
615159,Adaptive Omnitool,Commander: Aetherdrift,1200,1787,2996.58,1.71,3.49,1.68,104.09356725146202,-1.7543859649122824,$1-2
590835,High Fae Trickster,Foundations,1199,1279,7246.46,4.18,8.49,4.16,103.11004784688997,-0.47846889952152094,$2-5
631215,Sword of the Animist,Commander: FINAL FANTASY,1199,1347,7451.18,5.48,6.49,5.19,18.430656934306562,-5.291970802919709,$5-10
532886,Crime Novelist,Murders at Karlov Manor,1199,1730,1832.23,1.03,1.99,0.44,93.20388349514562,-57.28155339805826,$1-2
673671,"Raph & Mikey, Troublemakers",Teenage Mutant Ninja Turtles,1198,1515,3842.41,2.67,5.49,1.04,105.6179775280899,-61.048689138576776,$2-5
591298,Authority of the Consuls,Foundations,1198,1369,6136.84,4.57,6.49,4.11,42.01312910284464,-10.065645514223194,$2-5
671537,Springleaf Drum,Lorwyn Eclipsed,1197,1801,750.03,0.35,0.99,0.15,182.85714285714286,-57.14285714285714,$0-1
689526,Pursue the Past,Secrets of Strixhaven,1197,2500,669.36,0.23,0.35,0.15,52.17391304347825,-34.78260869565218,$0-1
697075,Super-Adaptoid,Marvel Super Heroes,1194,2063,1867.69,0.37,0.49,0.15,32.432432432432435,-59.45945945945946,$0-1
618859,Sazh's Chocobo,FINAL FANTASY,1193,1851,2643.17,0.88,0.49,0.15,-44.31818181818182,-82.95454545454545,$0-1
498369,Peregrin Took,Universes Beyond: The Lord of the Rings: Tales of Middle-earth,1193,1387,1208.1,0.99,1.49,0.31,50.505050505050505,-68.68686868686868,$0-1
687609,Beledros Witherbloom,Commander: Secrets of Strixhaven,1192,1670,2711.61,1.57,2.79,1.01,77.70700636942675,-35.668789808917204,$1-2
668470,World War Hulk (Borderless),Marvel Super Heroes,1191,1380,6552.44,3.48,3.99,2.26,14.65517241379311,-35.05747126436782,$2-5
631511,Pitiless Plunderer,Commander: FINAL FANTASY,1189,1876,7229.04,4.88,5.49,3.33,12.500000000000005,-31.762295081967213,$2-5
696627,"Captain America, Wings of Freedom (Borderless)",Marvel Super Heroes,1188,1265,2136.94,2.1,1.99,0.46,-5.238095238095243,-78.0952380952381,$2-5
686553,Lorehold Charm,Secrets of Strixhaven,1185,1848,676.68,0.24,0.35,0.15,45.83333333333333,-37.5,$0-1
696656,"Ironheart, Clever Champion (Borderless)",Marvel Super Heroes,1184,1291,3935.49,2.37,1.99,1.42,-16.03375527426161,-40.084388185654014,$2-5
686598,Sundown Pass (Borderless),Secrets of Strixhaven,1182,1347,4077.58,2.21,3.99,1.82,80.54298642533938,-17.647058823529406,$2-5
553264,Arena of Glory,Modern Horizons 3,1181,1438,13089.17,7.62,11.99,6.7700000000000005,57.3490813648294,-11.154855643044614,$5-10
552831,Metastatic Evangel,Modern Horizons 3,1181,1444,857.63,0.38,0.79,0.15,107.89473684210526,-60.526315789473685,$0-1
558695,Innkeeper's Talent,Bloomburrow,1180,1258,11639.6,7.87,12.99,7.28,65.0571791613723,-7.496823379923759,$5-10
631295,Path of Ancestry,Commander: FINAL FANTASY,1179,1985,720.27,0.25,0.35,0.15,39.99999999999999,-40.0,$0-1
5717,Seeker of Skybreak,Tempest,1179,2598,8451.97,4.52,6.49,3.85,43.584070796460196,-14.823008849557512,$2-5
534196,Repulsive Mutation,Murders at Karlov Manor,1179,1361,1436.56,0.71,1.79,0.62,152.11267605633805,-12.676056338028166,$0-1
221901,Bala Ged Recovery,Zendikar Rising,1178,1250,8375.24,6.15,7.99,6.18,29.918699186991866,0.4878048780487701,$5-10
646613,"Doctor Octopus, Master Planner",Marvel's Spider-Man,1176,1349,5476.36,9.58,8.99,7.28,-6.158663883089769,-24.00835073068893,$5-10
642437,Consult the Star Charts,Edge of Eternities,1175,1912,8086.17,2.41,5.49,2.29,127.80082987551866,-4.979253112033199,$2-5
687602,Turbulent Steppe,Commander: Secrets of Strixhaven,1173,1643,9420.26,3.78,6.49,3.12,71.69312169312171,-17.460317460317455,$2-5
696321,"Iron Man, Master of Machines",Marvel Super Heroes,1172,1481,582.52,0.29,0.35,0.15,20.689655172413794,-48.275862068965516,$0-1
687354,Stensian Sanguinist,Commander: Secrets of Strixhaven,1170,1342,10947.95,4.62,8.49,4.09,83.76623376623377,-11.471861471861477,$2-5
525624,"Kutzil, Malamet Exemplar (Showcase)",The Lost Caverns of Ixalan,1170,1469,3723.08,2.13,3.99,2.03,87.32394366197185,-4.694835680751178,$2-5
696258,Monica Rambeau,Marvel Super Heroes,1169,1487,3688.11,1.3,2.99,1.04,130.0,-20.0,$1-2
638917,Swamp (0264) (Borderless),Edge of Eternities,1168,3269,5051.57,1.36,2.29,0.96,68.38235294117646,-29.41176470588236,$1-2
631015,Vivi Ornitier,FINAL FANTASY,1168,1292,49500.96,37.6,42.99,33.28,14.335106382978724,-11.48936170212766,$20-50
630888,Swamp (0300),FINAL FANTASY,1167,4263,1921.9,0.3,1.29,0.15,330.0,-50.0,$0-1
662414,"Longshot, Rebel Bowman",Avatar: The Last Airbender: Eternal-Legal,1165,1260,11486.46,8.63,12.99,6.78,50.521436848203926,-21.43684820393975,$5-10
671483,Bloodline Bidding,Lorwyn Eclipsed,1165,1450,3023.5,2.17,2.49,1.29,14.746543778801858,-40.55299539170507,$2-5
688900,Preordain,Secrets of Strixhaven: Mystical Archive,1163,1377,5452.95,2.49,2.99,1.01,20.08032128514056,-59.43775100401607,$2-5
552312,Flare of Duplication,Modern Horizons 3,1162,1854,3300.57,1.69,2.29,1.08,35.502958579881664,-36.094674556213015,$1-2
687643,Eldrazi Conscription,Commander: Secrets of Strixhaven,1158,2012,2077.41,1.23,1.79,0.68,45.52845528455285,-44.71544715447154,$1-2
688522,Flashback (Extended Art),Secrets of Strixhaven,1157,1275,15377.9,5.99,8.99,4.76,50.08347245409015,-20.534223706176967,$5-10
624374,Fellwar Stone,Commander: Tarkir: Dragonstorm,1155,2052,1985.65,1.01,1.79,0.72,77.22772277227723,-28.712871287128717,$1-2
222034,Iridescent Hornbeetle,Zendikar Rising,1155,1666,630.85,0.33,0.99,0.15,199.99999999999994,-54.545454545454554,$0-1
688940,Shamanic Revelation,Secrets of Strixhaven: Mystical Archive,1154,1234,2345.11,1.57,2.49,0.97,58.59872611464969,-38.21656050955414,$1-2
533918,Aftermath Analyst,Murders at Karlov Manor,1153,1370,2003.93,0.81,0.99,0.7000000000000001,22.222222222222214,-13.580246913580243,$0-1
696329,Thor Odinson,Marvel Super Heroes,1152,1545,665.96,0.28,0.35,0.15,24.999999999999982,-46.42857142857144,$0-1
686592,Deathcap Glade (Borderless),Secrets of Strixhaven,1149,1300,4700.28,2.36,4.49,2.08,90.25423728813561,-11.864406779661008,$2-5
687537,"Sram, Senior Edificer",Commander: Secrets of Strixhaven,1149,1971,1604.44,0.78,1.49,0.58,91.02564102564101,-25.64102564102565,$0-1
591317,Inspiring Call,Foundations,1148,1387,1072.46,0.36,0.69,0.15,91.66666666666666,-58.333333333333336,$0-1
190942,Changeling Outcast,Modern Horizons,1144,1649,2776.06,1.71,1.49,1.29,-12.865497076023392,-24.561403508771924,$1-2
689361,Sheoldred's Edict,Secrets of Strixhaven: Mystical Archive,1144,1306,3298.88,2.17,2.49,1.0,14.746543778801858,-53.91705069124424,$2-5
558442,Artist's Talent,Bloomburrow,1143,1386,10229.24,4.94,9.99,4.36,102.22672064777328,-11.74089068825911,$2-5
187125,Emergence Zone,War of the Spark,1141,1345,9309.32,4.17,5.99,3.85,43.64508393285372,-7.67386091127098,$2-5
39521,Gitaxian Probe,New Phyrexia,1140,1300,5360.92,3.77,4.99,3.12,32.360742705570296,-17.241379310344826,$2-5
687658,"Veyran, Voice of Duality",Commander: Secrets of Strixhaven,1140,1639,4050.84,1.63,3.99,0.98,144.78527607361966,-39.87730061349693,$1-2
631155,Clever Concealment,Commander: FINAL FANTASY,1139,1369,8482.05,5.52,6.99,5.48,26.63043478260871,-0.7246376811594049,$5-10
631209,Darksteel Plate,Commander: FINAL FANTASY,1139,1278,5747.09,4.58,6.49,4.2,41.70305676855895,-8.296943231441045,$2-5
687599,Turbulent Moor,Commander: Secrets of Strixhaven,1139,1568,9816.4,5.49,6.49,4.67,18.21493624772313,-14.936247723132972,$5-10
687387,Arcane Denial,Commander: Secrets of Strixhaven,1137,1926,3621.86,1.78,3.49,1.52,96.06741573033709,-14.606741573033707,$1-2
687699,Mystic Sanctuary,Commander: Secrets of Strixhaven,1136,1893,2245.42,1.01,2.79,1.02,176.23762376237624,0.990099009900991,$1-2
638919,Forest (0266) (Borderless),Edge of Eternities,1136,3165,4566.14,1.07,2.79,0.64,160.74766355140187,-40.186915887850475,$1-2
686532,Joined Researchers,Secrets of Strixhaven,1136,1474,660.65,0.28,0.49,0.15,74.99999999999997,-46.42857142857144,$0-1
499208,Fiery Inscription,Universes Beyond: The Lord of the Rings: Tales of Middle-earth,1135,1657,1161.92,0.43,0.99,0.28,130.2325581395349,-34.883720930232556,$0-1
673619,Splinter's Technique,Teenage Mutant Ninja Turtles,1135,1416,3046.62,1.85,2.99,1.26,61.62162162162163,-31.891891891891895,$1-2
686596,Stormcarved Coast (Borderless),Secrets of Strixhaven,1134,1301,4685.21,2.17,3.99,2.29,83.8709677419355,5.529953917050697,$2-5
552794,Amphibian Downpour,Modern Horizons 3,1134,1407,1759.28,1.5,2.49,0.93,66.00000000000001,-37.99999999999999,$1-2
687372,Toxic Deluge,Commander: Secrets of Strixhaven,1133,1542,8099.21,5.08,6.49,4.26,27.755905511811026,-16.14173228346457,$5-10
553321,Gift of the Viper,Modern Horizons 3,1133,1608,590.2,0.27,0.35,0.15,29.629629629629612,-44.44444444444445,$0-1
689503,Comforting Counsel,Secrets of Strixhaven,1132,1473,594.75,0.35,0.49,0.15,40.00000000000001,-57.14285714285714,$0-1
696269,"The Sentry, Golden Guardian (Borderless)",Marvel Super Heroes,1128,1308,3381.36,1.84,1.79,0.91,-2.7173913043478284,-50.54347826086957,$1-2
679213,Raph's Jitte - Umezawa's Jitte (Borderless),Teenage Mutant Ninja Turtles Source Material,1127,1465,12124.14,3.11,7.99,2.07,156.91318327974278,-33.44051446945338,$2-5
686693,Inkshield,Commander: Secrets of Strixhaven,1125,1519,7147.99,5.1,8.49,4.16,66.47058823529413,-18.4313725490196,$5-10
696563,Fin Fang Foom,Marvel Super Heroes,1125,2073,1428.29,0.28,0.49,0.15,74.99999999999997,-46.42857142857144,$0-1
696864,Vision Quest,Marvel Super Heroes,1124,1938,1755.42,0.3,0.49,0.15,63.33333333333334,-50.0,$0-1
661919,"Aang, Swift Savior",Avatar: The Last Airbender,1122,1472,3516.59,2.34,3.99,1.32,70.51282051282053,-43.589743589743584,$2-5
687374,Archaeomancer's Map,Commander: Secrets of Strixhaven,1122,1574,2553.15,1.18,2.29,1.04,94.06779661016951,-11.864406779661008,$1-2
679602,Big Mother Mouser,Commander: Teenage Mutant Ninja Turtles,1122,1816,3110.97,3.22,2.29,0.76,-28.881987577639755,-76.3975155279503,$2-5
630853,Adventurer's Inn,FINAL FANTASY,1122,1847,606.88,0.34,0.35,0.15,2.9411764705882213,-55.88235294117647,$0-1
671501,Collective Inferno,Lorwyn Eclipsed,1121,1427,2251.6,1.51,2.49,0.78,64.90066225165563,-48.34437086092715,$1-2
660496,Airbender Ascension,Avatar: The Last Airbender,1120,1478,1994.12,1.33,2.29,0.44,72.18045112781954,-66.9172932330827,$1-2
671503,Impolite Entrance,Lorwyn Eclipsed,1119,1330,455.02,0.32,0.79,0.15,146.875,-53.125,$0-1
499589,Command Tower,Commander: The Lord of the Rings: Tales of Middle-earth,1119,1842,1164.4,0.4,0.79,0.22,97.5,-45.0,$0-1
687516,"Primo, the Unbounded (Borderless)",Commander: Secrets of Strixhaven,1116,1710,3775.76,1.26,1.29,0.41,2.3809523809523827,-67.46031746031747,$1-2
679160,Level Up,Commander: Teenage Mutant Ninja Turtles,1116,1383,3782.95,2.6,3.49,2.07,34.23076923076923,-20.384615384615394,$2-5
696564,"Hawkeye, Master Marksman",Marvel Super Heroes,1113,2129,1297.62,0.32,0.49,0.15,53.124999999999986,-53.125,$0-1
552276,Glimpse the Impossible,Modern Horizons 3,1113,1720,629.63,0.32,0.49,0.15,53.124999999999986,-53.125,$0-1
631285,Sunpetal Grove,Commander: FINAL FANTASY,1110,1562,854.39,0.34,0.49,0.3,44.117647058823515,-11.764705882352951,$0-1
559757,Stormchaser's Talent,Bloomburrow,1109,1578,10727.69,4.29,8.49,3.89,97.9020979020979,-9.324009324009323,$2-5
686691,Anguished Unmaking,Commander: Secrets of Strixhaven,1107,1768,2231.45,1.35,2.79,1.03,106.66666666666667,-23.703703703703706,$1-2
633148,Aettir and Priwen,FINAL FANTASY,1107,1168,10691.04,11.59,12.99,10.23,12.07937877480587,-11.734253666954265,$10-20
559991,Bloodroot Apothecary,Commander: Bloomburrow,1107,2025,6972.92,4.99,5.49,3.42,10.020040080160319,-31.46292585170341,$2-5
670957,Chronicle of Victory,Lorwyn Eclipsed,1106,1195,23468.74,19.93,29.99,19.79,50.47666833918715,-0.7024586051179156,$10-20
559638,Caretaker's Talent,Bloomburrow,1105,1164,10985.03,8.52,13.99,8.09,64.20187793427232,-5.046948356807509,$5-10
687605,Turbulent Wilderness,Commander: Secrets of Strixhaven,1105,1538,13502.26,4.73,5.99,4.2700000000000005,26.63847780126849,-9.725158562367863,$2-5
544718,Corrupted Conviction,Outlaws of Thunder Junction,1105,1592,1485.39,0.23,1.79,0.15,678.2608695652174,-34.78260869565218,$0-1
552293,Flare of Fortitude,Modern Horizons 3,1104,1252,4628.56,4.06,5.99,3.31,47.5369458128079,-18.47290640394088,$2-5
687431,"Jadar, Ghoulcaller of Nephalia",Commander: Secrets of Strixhaven,1103,1745,2761.32,1.11,2.29,0.84,106.30630630630628,-24.324324324324333,$1-2
696996,"Black Widow, Super Spy",Marvel Super Heroes,1103,1741,6452.52,1.6,4.49,0.96,180.625,-40.00000000000001,$1-2
558355,Three Tree City,Bloomburrow,1102,1162,28672.54,26.61,34.99,26.9,31.491920330702754,1.0898158586997337,$20-50
687620,Patchwork Banner,Commander: Secrets of Strixhaven,1102,1976,4819.91,2.22,3.49,2.01,57.2072072072072,-9.459459459459477,$2-5
548602,"Phelia, Exuberant Shepherd",Modern Horizons 3,1100,1551,7644.88,5.47,8.49,3.94,55.21023765996345,-27.970749542961602,$5-10
686629,"Killian, Decisive Mentor (Borderless)",Commander: Secrets of Strixhaven,1099,1474,1995.4,0.87,0.99,0.17,13.793103448275861,-80.45977011494251,$0-1
559724,Command Tower,Commander: Bloomburrow,1099,1546,1038.28,0.36,0.79,0.26,119.44444444444446,-27.777777777777775,$0-1
673606,Ninja Teen,Teenage Mutant Ninja Turtles,1098,1289,2751.7,1.27,1.49,0.4,17.32283464566929,-68.50393700787401,$1-2
199543,Crashing Drawbridge,Throne of Eldraine,1098,1514,1205.9,0.7,1.79,0.52,155.71428571428575,-25.714285714285705,$0-1
662549,The Walls of Ba Sing Se,Avatar: The Last Airbender,1098,1136,28108.07,22.92,34.99,20.84,52.661431064572426,-9.07504363001746,$20-50
176427,Runaway Steam-Kin,Guilds of Ravnica,1098,1305,1981.48,1.66,2.79,1.25,68.07228915662652,-24.69879518072289,$1-2
696495,"Doc Samson, Super Psychiatrist",Marvel Super Heroes,1097,1943,1785.61,0.27,0.35,0.15,29.629629629629612,-44.44444444444445,$0-1
687634,"Gyome, Master Chef",Commander: Secrets of Strixhaven,1097,1713,3313.48,1.01,1.49,0.45,47.524752475247524,-55.44554455445545,$1-2
649367,Abandon Attachments,Avatar: The Last Airbender,1096,2412,951.71,0.36,0.39,0.15,8.333333333333341,-58.333333333333336,$0-1
632704,Buster Sword,FINAL FANTASY,1095,1115,46692.32,49.49,64.99,43.89,31.31945847645988,-11.315417256011317,$20-50
589432,Phyrexian Arena,Foundations,1095,1192,5012.64,4.31,5.49,4.14,27.378190255220435,-3.944315545243618,$2-5
641733,Ouroboroid,Edge of Eternities,1094,1226,41896.74,34.63,42.99,30.21,24.140918278948885,-12.763499855616523,$20-50
668463,Super-Skrull,Marvel Super Heroes,1093,1695,1090.16,0.27,0.49,0.15,81.48148148148147,-44.44444444444445,$0-1
591207,Leyline Axe,Foundations,1093,1324,2217.3,2.47,4.99,1.3,102.0242914979757,-47.36842105263158,$2-5
671067,Bloom Tender,Lorwyn Eclipsed,1091,1176,14912.87,12.81,17.99,12.11,40.43715846994534,-5.464480874316948,$10-20
687465,Unbound Flourishing,Commander: Secrets of Strixhaven,1088,1671,6012.89,1.99,2.99,1.64,50.251256281407045,-17.587939698492466,$1-2
687423,"Rionya, Fire Dancer",Commander: Secrets of Strixhaven,1088,1962,2925.88,0.47,0.49,0.2,4.255319148936175,-57.44680851063829,$0-1
631106,Tataru Taru,Commander: FINAL FANTASY,1088,1887,11886.64,8.1,9.99,8.120000000000001,23.333333333333343,0.24691358024693028,$5-10
689391,Culling Ritual,Secrets of Strixhaven: Mystical Archive,1087,1222,2679.6,1.19,1.49,0.79,25.21008403361345,-33.613445378151255,$1-2
687394,Cursed Mirror,Commander: Secrets of Strixhaven,1086,1737,1137.49,0.47,0.79,0.33,68.08510638297875,-29.787234042553184,$0-1
686594,Shattered Sanctum (Borderless),Secrets of Strixhaven,1086,1237,4232.38,2.22,4.49,1.51,102.25225225225225,-31.98198198198199,$2-5
578054,Enter the Enigma,Duskmourn: House of Horror,1085,1484,663.31,0.35,0.99,0.15,182.85714285714286,-57.14285714285714,$0-1
3360,Ashnod's Altar,Chronicles,1083,1160,15483.25,15.59,16.99,12.19,8.980115458627317,-21.808851828094937,$10-20
688867,Hop to It,Secrets of Strixhaven: Mystical Archive,1083,1629,538.25,0.23,0.35,0.15,52.17391304347825,-34.78260869565218,$0-1
7357,Rhystic Study,Prophecy,1081,1168,62619.2,60.17,79.99,55.91,32.94000332391556,-7.079940169519702,$50-100
615224,Academy Ruins,Commander: Aetherdrift,1081,1183,5869.39,5.28,8.49,4.08,60.79545454545454,-22.72727272727273,$5-10
657755,Super Shredder,Teenage Mutant Ninja Turtles,1080,1210,25268.64,19.3,21.99,18.75,13.93782383419688,-2.8497409326424905,$10-20
688851,Glimpse of Nature,Secrets of Strixhaven: Mystical Archive,1080,1331,2119.27,0.94,1.29,0.25,37.2340425531915,-73.40425531914893,$0-1
687598,Turbulent Fen,Commander: Secrets of Strixhaven,1079,1481,11276.97,6.17,7.49,5.93,21.393841166936795,-3.88978930307942,$5-10
552648,Stump Stomp,Modern Horizons 3,1079,1360,823.09,0.36,0.99,0.15,175.0,-58.333333333333336,$0-1
630969,Fire Magic,FINAL FANTASY,1078,1642,5878.4,0.85,0.99,0.15,16.47058823529412,-82.35294117647058,$0-1
687356,Naktamun Lorespinner,Commander: Secrets of Strixhaven,1076,1569,4976.86,1.9,2.79,1.14,46.842105263157904,-40.0,$1-2
688652,Erode (Extended Art),Secrets of Strixhaven,1074,1255,15362.96,7.37,11.99,6.68,62.68656716417911,-9.362279511533247,$5-10
560006,Scurry of Squirrels,Commander: Bloomburrow,1072,2362,5824.72,5.43,4.99,4.2700000000000005,-8.103130755064448,-21.362799263351736,$5-10
642025,Sol Ring,Commander: Edge of Eternities,1072,2241,3528.2,1.61,2.79,1.35,73.2919254658385,-16.149068322981368,$1-2
679787,Sewer-veillance Cam,Teenage Mutant Ninja Turtles,1072,2104,956.91,0.31,0.35,0.15,12.903225806451607,-51.61290322580645,$0-1
687590,Currency Converter,Commander: Secrets of Strixhaven,1072,1907,5692.75,1.69,2.49,1.44,47.3372781065089,-14.792899408284024,$1-2
591770,Blasphemous Edict,Foundations,1071,1224,5302.66,4.52,6.99,4.12,54.64601769911507,-8.849557522123883,$2-5
239836,Liquimetal Torque,Modern Horizons 2,1071,1162,3522.41,3.91,4.99,3.12,27.621483375959084,-20.20460358056266,$2-5
575047,Enduring Innocence,Duskmourn: House of Horror,1070,1269,6140.8,3.44,6.99,3.0500000000000003,103.19767441860466,-11.337209302325572,$2-5
638915,Plains (0262) (Borderless),Edge of Eternities,1070,3001,2783.52,0.92,1.79,0.44,94.56521739130434,-52.17391304347826,$0-1
631253,Brushland,Commander: FINAL FANTASY,1070,1773,1028.23,0.42,1.29,0.36,207.14285714285717,-14.285714285714285,$0-1
687518,Guardian Augmenter,Commander: Secrets of Strixhaven,1070,1741,2623.89,1.01,1.99,0.39,97.02970297029702,-61.386138613861384,$1-2
679161,Ninja Pizza,Commander: Teenage Mutant Ninja Turtles,1068,1480,4987.9,3.19,4.99,2.6,56.42633228840126,-18.49529780564263,$2-5
696536,"Nick Fury, Agent of S.H.I.E.L.D.",Marvel Super Heroes,1068,1876,1965.27,0.32,0.49,0.15,53.124999999999986,-53.125,$0-1
199556,"Torbran, Thane of Red Fell",Throne of Eldraine,1068,1304,4619.22,3.87,5.99,3.35,54.78036175710594,-13.436692506459949,$2-5
641717,Anticausal Vestige,Edge of Eternities,1067,1328,2414.47,1.37,1.99,0.77,45.255474452554736,-43.79562043795621,$1-2
498752,Troll of Khazad-dum,Universes Beyond: The Lord of the Rings: Tales of Middle-earth,1067,2175,2447.66,0.75,1.79,0.4,138.66666666666669,-46.666666666666664,$0-1
651943,"Spider-Woman, Stunning Savior",Marvel's Spider-Man,1065,1276,2400.57,1.93,2.49,0.5700000000000001,29.01554404145079,-70.46632124352331,$1-2
688901,Daze,Secrets of Strixhaven: Mystical Archive,1065,1231,2788.44,0.96,2.29,0.84,138.54166666666669,-12.5,$0-1
31833,Violent Outburst,Alara Reborn,1065,2852,18955.79,3.75,5.99,1.4,59.73333333333334,-62.66666666666667,$2-5
490413,Kami of Whispered Hopes,March of the Machine,1065,1166,4991.02,2.79,3.99,2.08,43.01075268817205,-25.448028673835122,$2-5
688726,Big Score,Secrets of Strixhaven: Mystical Archive,1063,1133,2800.79,1.41,2.79,0.71,97.87234042553193,-49.645390070921984,$1-2
623897,Voice of Victory,Tarkir: Dragonstorm,1063,1232,24642.83,17.44,27.99,15.63,60.49311926605503,-10.378440366972479,$10-20
1537,Red Elemental Blast,Revised Edition,1063,2085,7700.61,3.81,5.49,3.02,44.094488188976385,-20.73490813648294,$2-5
642112,"Dawnsire, Sunstar Dreadnought",Edge of Eternities,1061,1148,6203.42,7.31,8.99,5.91,22.98221614227087,-19.15184678522571,$5-10
687344,Expansion Algorithm,Commander: Secrets of Strixhaven,1060,1515,5087.56,2.17,2.79,1.56,28.571428571428577,-28.110599078341007,$2-5
656652,Bitterbloom Bearer,Lorwyn Eclipsed,1060,1128,19235.59,15.44,21.99,15.61,42.42227979274611,1.1010362694300513,$10-20
552731,Guide of Souls,Modern Horizons 3,1060,1555,3846.47,3.08,3.99,1.54,29.545454545454547,-50.0,$2-5
253555,Kessig Flamebreather,Innistrad: Crimson Vow,1058,2467,9596.18,4.08,4.99,3.4,22.303921568627455,-16.66666666666667,$2-5
4848,Pyroblast,Ice Age,1058,1811,13152.83,8.77,13.99,6.25,59.52109464082099,-28.73432155074116,$5-10
525818,Rogue's Passage,Commander: The Lost Caverns of Ixalan,1058,1667,862.07,0.42,0.99,0.38,135.71428571428575,-9.523809523809518,$0-1
687458,Path to Exile,Commander: Secrets of Strixhaven,1055,1567,1951.18,1.17,2.79,1.04,138.46153846153848,-11.111111111111102,$1-2
644603,Eumidian Terrabotanist,Edge of Eternities,1054,1372,432.16,0.34,0.35,0.15,2.9411764705882213,-55.88235294117647,$0-1
631240,Skullclamp,Commander: FINAL FANTASY,1053,1244,7182.66,6.69,8.99,5.21,34.379671150971596,-22.122571001494773,$5-10
646661,Multiversal Passage,Marvel's Spider-Man,1053,1312,11622.09,7.29,9.99,5.68,37.03703703703704,-22.08504801097394,$5-10
614490,Full Throttle,Aetherdrift,1053,1137,6181.56,6.62,6.99,5.63,5.589123867069488,-14.954682779456196,$5-10
558611,Oakhollow Village,Bloomburrow,1053,1510,815.27,0.5,0.79,0.15,58.00000000000001,-70.0,$0-1
226861,"Ardenn, Intrepid Archaeologist",Commander Legends,1052,1131,5198.81,5.73,5.99,4.55,4.537521815008723,-20.593368237347303,$5-10
662045,Fire Nation Palace,Avatar: The Last Airbender,1051,1230,2368.8,2.37,2.79,0.67,17.72151898734177,-71.72995780590718,$2-5
696350,Arc Reactor (Borderless),Marvel Super Heroes,1051,1246,3268.7,2.62,2.79,0.72,6.488549618320608,-72.51908396946564,$2-5
696445,Gleaming Bastion (Borderless),Marvel Super Heroes,1051,1353,6916.43,3.33,4.99,3.28,49.84984984984985,-1.5015015015015094,$2-5
687560,Pest Infestation,Commander: Secrets of Strixhaven,1050,1457,948.53,0.54,0.79,0.48,46.29629629629629,-11.11111111111112,$0-1
687566,Primordial Hydra,Commander: Secrets of Strixhaven,1050,1861,3488.04,1.42,1.49,1.06,4.929577464788737,-25.352112676056333,$1-2
631176,Damning Verdict,Commander: FINAL FANTASY,1050,1287,4692.2,3.48,6.49,3.35,86.49425287356323,-3.735632183908043,$2-5
679846,Frog Butler,Teenage Mutant Ninja Turtles,1050,1552,461.46,0.28,0.35,0.15,24.999999999999982,-46.42857142857144,$0-1
687589,Tyvar's Stand,Commander: Secrets of Strixhaven,1049,1805,1710.24,0.65,1.99,0.65,206.15384615384613,0.0,$0-1
696388,"Iron Man, Bleeding Edge",Commander: Marvel Super Heroes,1048,1066,15019.6,7.72,9.99,7.62,29.404145077720212,-1.2953367875647623,$5-10
687463,Thunderclap Drake,Commander: Secrets of Strixhaven,1048,1786,2431.93,0.6,0.99,0.26,65.0,-56.666666666666664,$0-1
641740,Starfield Vocalist,Edge of Eternities,1048,1425,1961.53,1.48,1.99,0.62,34.45945945945946,-58.108108108108105,$1-2
688526,Rapturous Moment,Secrets of Strixhaven,1047,1451,481.23,0.26,0.35,0.15,34.615384615384606,-42.307692307692314,$0-1
687409,Firemane Commando,Commander: Secrets of Strixhaven,1046,1892,6190.35,1.0,1.99,0.77,99.0,-23.0,$1-2
646635,"Iron Spider, Stark Upgrade",Marvel's Spider-Man,1045,1174,2009.17,2.36,3.49,0.62,47.881355932203405,-73.72881355932202,$2-5
660545,The Last Agni Kai,Avatar: The Last Airbender,1044,1206,2234.93,2.76,3.99,1.28,44.565217391304365,-53.623188405797094,$2-5
686593,Dreamroot Cascade (Borderless),Secrets of Strixhaven,1043,1198,2628.53,1.65,2.49,0.96,50.90909090909093,-41.81818181818181,$1-2
513095,Up the Beanstalk,Wilds of Eldraine,1041,1269,3420.49,2.29,2.99,1.13,30.567685589519655,-50.655021834061145,$2-5
688848,Berserk,Secrets of Strixhaven: Mystical Archive,1041,1125,9104.18,7.32,8.49,7.15,15.983606557377048,-2.3224043715846987,$5-10
457510,Nightscape Familiar,Dominaria Remastered,1040,1293,2052.34,0.38,0.79,0.28,107.89473684210526,-26.315789473684205,$0-1
631547,Swiftfoot Boots,Commander: FINAL FANTASY,1040,1393,3269.1,2.37,3.99,2.36,68.35443037974683,-0.421940928270052,$2-5
687468,Path of Ancestry,Commander: Secrets of Strixhaven,1038,2221,607.14,0.33,0.35,0.15,6.060606060606049,-54.545454545454554,$0-1
273342,Nature's Lore,Commander Legends: Battle for Baldur's Gate,1037,1131,3432.26,2.83,4.49,2.59,58.65724381625442,-8.480565371024742,$2-5
644620,Loading Zone,Edge of Eternities,1037,1611,2122.42,1.32,1.79,0.52,35.6060606060606,-60.60606060606061,$1-2
615216,Panharmonicon,Commander: Aetherdrift,1037,1262,7470.43,6.99,9.99,5.55,42.91845493562232,-20.600858369098717,$5-10
696468,Super-Soldier Serum (Borderless),Marvel Super Heroes,1037,1279,2694.67,1.36,1.99,0.93,46.323529411764696,-31.61764705882353,$1-2
624578,Cori-Steel Cutter,Tarkir: Dragonstorm,1036,1442,8186.0,5.64,8.49,3.69,50.531914893617035,-34.57446808510638,$5-10
696442,Hidden Lair (Borderless),Marvel Super Heroes,1036,1346,8541.15,4.21,6.99,3.34,66.0332541567696,-20.665083135391924,$2-5
687484,Beast Within,Commander: Secrets of Strixhaven,1036,1505,1097.71,0.59,1.49,0.51,152.54237288135596,-13.5593220338983,$0-1
696548,"Ms. Marvel, Kamala Khan",Marvel Super Heroes,1034,1938,1187.5,0.32,0.49,0.15,53.124999999999986,-53.125,$0-1
642824,Cloud Key,Commander: Edge of Eternities,1033,1417,2442.87,1.98,3.49,2.14,76.26262626262627,8.080808080808088,$1-2
499563,Commander's Sphere,Commander: The Lord of the Rings: Tales of Middle-earth,1033,1966,682.9,0.38,0.49,0.15,28.947368421052627,-60.526315789473685,$0-1
688828,Geometer's Arthropod,Secrets of Strixhaven,1033,1366,558.83,0.29,0.49,0.15,68.96551724137932,-48.275862068965516,$0-1
123110,Dramatic Reversal,Kaladesh,1032,1260,1328.52,0.58,0.99,0.32,70.68965517241381,-44.82758620689655,$0-1
673659,"Mikey & Leo, Chaos & Order",Teenage Mutant Ninja Turtles,1030,1159,2582.59,1.62,1.99,1.06,22.839506172839496,-34.567901234567906,$1-2
548578,Orim's Chant,Modern Horizons 3,1029,1422,8495.33,5.76,8.99,4.16,56.07638888888889,-27.777777777777775,$5-10
552298,Brainsurge,Modern Horizons 3,1028,1701,837.67,0.37,0.99,0.15,167.56756756756758,-59.45945945945946,$0-1
552274,Flare of Malice,Modern Horizons 3,1028,1396,2482.22,1.65,3.49,1.03,111.51515151515154,-37.57575757575757,$1-2
671780,Moonshadow,Lorwyn Eclipsed,1027,1417,16172.96,11.73,16.99,7.8,44.84228473998293,-33.50383631713555,$10-20
551669,Writhing Chrysalis,Modern Horizons 3,1027,3056,1123.74,0.2,0.79,0.15,295.0,-25.000000000000007,$0-1
679211,Donnie's Bo - Shadowspear (Borderless),Teenage Mutant Ninja Turtles Source Material,1026,1093,20630.22,19.81,27.99,20.6,41.29227662796568,3.9878849066128352,$10-20
687459,Tendershoot Dryad,Commander: Secrets of Strixhaven,1026,1336,1969.63,1.04,1.99,0.89,91.34615384615384,-14.423076923076925,$1-2
696976,Take Up the Shield (Borderless),Marvel Super Heroes,1026,1549,599.79,0.28,0.35,0.15,24.999999999999982,-46.42857142857144,$0-1
591313,"Krenko, Mob Boss",Foundations,1026,1429,2624.21,1.93,1.99,0.91,3.108808290155443,-52.84974093264248,$1-2
221899,Sejiri Shelter,Zendikar Rising,1025,1360,2401.55,2.05,3.49,2.24,70.24390243902442,9.268292682926848,$2-5
457177,Frantic Search,Dominaria Remastered,1025,1188,1087.48,0.78,1.49,0.72,91.02564102564101,-7.692307692307699,$0-1
14996,Sprout Swarm,Future Sight,1025,1209,7236.11,5.6,2.99,3.8,-46.607142857142854,-32.14285714285714,$5-10
696256,"Captain Marvel, Earth's Protector",Marvel Super Heroes,1025,1609,2127.98,0.75,1.49,0.38,98.66666666666667,-49.333333333333336,$0-1
641748,"Uthros, Titanic Godcore",Edge of Eternities,1024,1084,11548.04,12.32,18.99,11.31,54.13961038961037,-8.198051948051946,$10-20
689047,Informed Inkwright,Secrets of Strixhaven,1024,1705,657.69,0.29,0.49,0.15,68.96551724137932,-48.275862068965516,$0-1
591162,Aetherize,Foundations,1023,1574,645.24,0.44,0.99,0.25,125.0,-43.18181818181818,$0-1
559118,For the Common Good,Bloomburrow,1022,1179,3551.4,3.45,4.49,2.08,30.144927536231886,-39.710144927536234,$2-5
11423,Seething Song,Mirrodin,1021,1162,12428.46,13.55,12.99,8.120000000000001,-4.132841328413288,-40.07380073800738,$10-20
230172,Village Rites,Kaldheim,1021,1589,680.5,0.38,1.29,0.2,239.47368421052633,-47.368421052631575,$0-1
657764,Doubling Season (Borderless),Teenage Mutant Ninja Turtles Source Material,1019,1060,30851.81,30.24,34.99,30.34,15.70767195767197,0.3306878306878354,$20-50
696573,Absorbing Man,Marvel Super Heroes,1019,1922,1132.3,0.27,0.49,0.15,81.48148148148147,-44.44444444444445,$0-1
687418,Gift of Immortality,Commander: Secrets of Strixhaven,1017,1622,1955.61,0.4,0.69,0.17,72.49999999999997,-57.49999999999999,$0-1
631136,Professional Face-Breaker,Commander: FINAL FANTASY,1017,1112,5726.37,5.07,7.99,5.19,57.593688362919124,2.3668639053254457,$5-10
559120,Overprotect,Bloomburrow,1017,1317,1353.48,0.86,2.79,0.29,224.41860465116284,-66.27906976744187,$0-1
548593,Null Elemental Blast,Modern Horizons 3,1016,1581,756.66,0.36,0.69,0.15,91.66666666666666,-58.333333333333336,$0-1
643504,Mightform Harmonizer,Edge of Eternities,1016,1440,3498.9,1.45,2.79,1.14,92.41379310344828,-21.37931034482759,$1-2
512642,Not Dead After All,Wilds of Eldraine,1016,1173,2280.79,1.45,2.49,1.0,71.7241379310345,-31.034482758620683,$1-2
671946,Reckless Ransacking,Lorwyn Eclipsed,1015,1251,343.55,0.28,0.35,0.15,24.999999999999982,-46.42857142857144,$0-1
686566,Reprieve,Secrets of Strixhaven: Mystical Archive,1015,1149,2636.58,1.59,2.99,0.94,88.0503144654088,-40.88050314465409,$1-2
644587,Scour for Scrap,Edge of Eternities,1014,1203,545.15,0.37,0.99,0.15,167.56756756756758,-59.45945945945946,$0-1
648729,Forest (0291),Avatar: The Last Airbender,1013,3589,1420.4,0.28,0.79,0.15,182.14285714285714,-46.42857142857144,$0-1
686552,Vampiric Tutor,Secrets of Strixhaven: Mystical Archive,1013,1027,62963.15,56.05,59.99,57.31,7.02943800178413,2.247992863514728,$50-100
631315,Three Visits,Commander: FINAL FANTASY,1013,1124,6567.62,4.53,7.49,4.61,65.34216335540839,1.766004415011039,$2-5
671294,Timeless Lotus,Commander: Lorwyn Eclipsed,1013,1680,4944.62,2.53,4.99,1.82,97.2332015810277,-28.06324110671936,$2-5
525809,Command Tower,Commander: The Lost Caverns of Ixalan,1013,1731,707.98,0.36,0.69,0.2,91.66666666666666,-44.44444444444444,$0-1
696439,Dark Fortress (Borderless),Marvel Super Heroes,1012,1313,7114.31,3.56,4.49,3.38,26.12359550561798,-5.056179775280904,$2-5
696859,"Cloak and Dagger, Entwined",Marvel Super Heroes,1012,1747,881.6,0.33,0.49,0.15,48.48484848484848,-54.545454545454554,$0-1
615183,Lightning Greaves,Commander: Aetherdrift,1011,1199,5319.68,4.51,5.99,4.16,32.81596452328161,-7.760532150776046,$2-5
687389,Archmage Emeritus,Commander: Secrets of Strixhaven,1011,1810,3683.29,0.57,1.79,0.41,214.0350877192983,-28.07017543859649,$0-1
686637,Force of Will,Secrets of Strixhaven: Mystical Archive,1011,1072,79855.2,63.41,69.99,63.03,10.37691215896546,-0.5992745623718585,$50-100
686539,Eiganjo Dynastorian,Commander: Secrets of Strixhaven,1010,1333,4354.56,1.28,1.49,0.76,16.406249999999996,-40.625,$1-2
696886,"Spider-Man, To the Rescue (Borderless)",Marvel Super Heroes,1010,1305,615.6,0.25,0.35,0.15,39.99999999999999,-40.0,$0-1
534080,Archdruid's Charm,Murders at Karlov Manor,1010,1215,8071.6,6.72,9.49,6.25,41.2202380952381,-6.994047619047615,$5-10
687479,Radiant Summit,Commander: Secrets of Strixhaven,1009,1619,1800.92,0.73,0.69,0.66,-5.479452054794526,-9.589041095890405,$0-1
687519,Zulaport Cutthroat,Commander: Secrets of Strixhaven,1009,1534,1797.43,1.09,2.29,0.96,110.09174311926604,-11.926605504587167,$1-2
688842,Armageddon,Secrets of Strixhaven: Mystical Archive,1009,1053,10038.48,10.0,6.99,6.8500000000000005,-30.099999999999998,-31.499999999999993,$10-20
552945,Arcane Signet,Commander: Modern Horizons 3,1008,2000,1202.92,0.66,0.99,0.43,49.999999999999986,-34.84848484848485,$0-1
671768,Twilight Diviner,Lorwyn Eclipsed,1008,1129,3174.97,2.05,3.49,1.62,70.24390243902442,-20.975609756097548,$2-5
688849,Brotherhood's End,Secrets of Strixhaven: Mystical Archive,1008,1204,1731.39,1.16,2.29,0.28,97.41379310344828,-75.86206896551724,$1-2
575282,Twitching Doll,Duskmourn: House of Horror,1008,1095,2970.91,2.59,1.99,1.86,-23.166023166023162,-28.185328185328178,$2-5
478687,Unnatural Restoration,Phyrexia: All Will Be One,1007,1263,1677.19,1.18,1.99,0.8300000000000001,68.64406779661017,-29.66101694915253,$1-2
648738,"Toph, the First Metalbender",Avatar: The Last Airbender,1006,1181,2212.0,1.55,0.99,0.46,-36.12903225806452,-70.3225806451613,$1-2
673644,Ravenous Robots,Teenage Mutant Ninja Turtles,1005,1362,3004.17,1.73,2.49,0.98,43.9306358381503,-43.35260115606936,$1-2
58931,Battle Hymn,Avacyn Restored,1004,1342,2580.99,1.36,1.79,1.25,31.617647058823522,-8.088235294117654,$1-2
544664,Highway Robbery,Outlaws of Thunder Junction,1004,3063,1184.21,0.37,1.79,0.15,383.78378378378375,-59.45945945945946,$0-1
642032,Command Tower,Commander: Edge of Eternities,1003,2183,796.03,0.34,0.69,0.21,102.9411764705882,-38.235294117647065,$0-1
696237,"Elektra, Daughter of the Hand",Marvel Super Heroes,1003,1555,1034.13,0.3,0.49,0.15,63.33333333333334,-50.0,$0-1
552630,Emperor of Bones,Modern Horizons 3,1001,1872,5107.73,1.57,2.99,0.76,90.44585987261146,-51.59235668789809,$1-2
630899,Forest (0306),FINAL FANTASY,1001,3283,1311.02,0.33,1.29,0.15,290.9090909090909,-54.545454545454554,$0-1
696567,"Hawkeye, Master Marksman (Borderless)",Marvel Super Heroes,1001,1125,2157.65,1.2,0.79,0.45,-34.166666666666664,-62.5,$1-2
591191,Preposterous Proportions,Foundations,998,1240,1514.21,1.67,2.29,0.46,37.12574850299402,-72.45508982035929,$1-2
615167,Chromatic Lantern,Commander: Aetherdrift,998,1620,2535.78,1.06,2.49,0.78,134.9056603773585,-26.41509433962264,$1-2
641725,Exalted Sunborn,Edge of Eternities,997,1128,17658.28,14.51,20.99,12.5,44.65885596140592,-13.852515506547208,$10-20
512544,Garruk's Uprising,Wilds of Eldraine: Enchanting Tales,996,1172,1565.65,1.06,1.49,0.41,40.56603773584905,-61.32075471698114,$1-2
641790,Frenzied Baloth,Edge of Eternities,992,1423,2290.05,1.27,2.49,1.0,96.06299212598427,-21.25984251968504,$1-2
696444,Gathering Place (Borderless),Marvel Super Heroes,991,1298,6431.56,2.97,4.49,1.97,51.178451178451176,-33.670033670033675,$2-5
631097,Champions from Beyond,Commander: FINAL FANTASY,991,2052,5146.1,4.49,4.99,2.96,11.135857461024498,-34.07572383073497,$2-5
689541,Cauldron of Essence (Extended Art),Secrets of Strixhaven,991,1057,6227.62,4.0,4.49,3.64,12.250000000000005,-8.999999999999996,$2-5
642806,Ripples of Potential,Commander: Edge of Eternities,990,1540,3737.81,2.77,4.99,3.0700000000000003,80.14440433212997,10.830324909747302,$2-5
463303,Mind Stone,Dominaria Remastered,990,1626,554.76,0.31,0.79,0.25,154.83870967741936,-19.35483870967742,$0-1
631132,Hellkite Tyrant,Commander: FINAL FANTASY,990,1241,2270.34,1.89,2.99,1.35,58.20105820105822,-28.571428571428566,$1-2
642804,Phyrexian Metamorph,Commander: Edge of Eternities,990,1419,3265.76,2.46,3.99,2.42,62.19512195121952,-1.6260162601626031,$2-5
688836,Akroma's Will,Secrets of Strixhaven: Mystical Archive,990,1011,19314.19,17.13,20.99,15.89,22.533566841798013,-7.238762405137178,$10-20
544422,Lively Dirge,Outlaws of Thunder Junction,989,1547,2774.89,2.2,3.49,1.74,58.63636363636363,-20.909090909090917,$2-5
687432,Rapid Hybridization,Commander: Secrets of Strixhaven,989,1845,1836.25,1.16,1.99,0.58,71.55172413793105,-50.0,$1-2
641778,Weapons Manufacturing,Edge of Eternities,989,1623,3953.08,1.65,3.49,1.03,111.51515151515154,-37.57575757575757,$1-2
453207,Loran's Escape,The Brothers' War,989,1628,2293.73,2.18,3.49,2.34,60.09174311926605,7.339449541284389,$2-5
696443,Training Compound (Borderless),Marvel Super Heroes,988,1290,7033.58,3.08,4.99,2.29,62.01298701298702,-25.649350649350648,$2-5
478819,Tyvar's Stand,Phyrexia: All Will Be One,988,1146,1677.81,1.11,1.79,0.41,61.26126126126125,-63.063063063063076,$1-2
591758,Bushwhack,Foundations,987,1527,456.14,0.3,0.59,0.15,96.66666666666667,-50.0,$0-1
634130,Sabotender,FINAL FANTASY,986,1344,423.01,0.3,0.35,0.15,16.666666666666664,-50.0,$0-1
660516,"Wan Shi Tong, Librarian",Avatar: The Last Airbender,985,1104,45162.86,36.45,59.99,36.44,64.58161865569272,-0.027434842249671094,$20-50
630927,Tifa Lockhart,FINAL FANTASY,985,1217,3391.16,2.81,2.79,1.54,-0.7117437722419936,-45.195729537366546,$2-5
548596,Flare of Denial,Modern Horizons 3,985,1382,4277.3,3.4,5.49,2.9,61.47058823529413,-14.705882352941178,$2-5
687362,Ophiomancer,Commander: Secrets of Strixhaven,985,1494,1481.08,0.86,2.29,0.52,166.27906976744188,-39.53488372093023,$0-1
559642,Eddymurk Crab,Bloomburrow,985,1862,2410.95,1.11,1.79,0.46,61.26126126126125,-58.55855855855856,$1-2
535300,Insidious Roots,Murders at Karlov Manor,983,1299,2451.59,1.29,2.79,0.84,116.27906976744187,-34.88372093023256,$1-2
243349,Wizard Class,Adventures in the Forgotten Realms,983,1122,2701.31,2.86,4.99,1.7,74.4755244755245,-40.55944055944056,$2-5
559141,Mockingbird,Bloomburrow,983,1157,5284.65,3.48,4.99,2.82,43.390804597701155,-18.965517241379317,$2-5
589385,"General Kreat, the Boltbringer (Anime)",Foundations Jumpstart,982,1230,9202.27,5.76,9.99,5.17,73.43750000000001,-10.243055555555554,$5-10
93033,Stubborn Denial,Khans of Tarkir,981,1306,5292.39,3.74,6.49,3.23,73.52941176470587,-13.63636363636364,$2-5
696579,"Winter Soldier, Icy Assassin (Borderless)",Marvel Super Heroes,981,1063,2494.23,1.08,0.99,0.15,-8.33333333333334,-86.1111111111111,$1-2
687671,Caves of Koilos,Commander: Secrets of Strixhaven,980,1578,1065.45,0.55,1.79,0.52,225.45454545454544,-5.4545454545454595,$0-1
641739,Starfield Shepherd,Edge of Eternities,980,1935,838.77,0.36,0.59,0.15,63.888888888888886,-58.333333333333336,$0-1
96697,Impact Tremors,Dragons of Tarkir,980,1179,3610.74,2.93,4.99,2.34,70.30716723549489,-20.136518771331065,$2-5
696283,"Leader, Super-Genius (Borderless)",Marvel Super Heroes,979,1049,1444.39,1.22,1.29,0.26,5.737704918032792,-78.68852459016394,$1-2
590235,"Dionus, Elvish Archdruid (Anime)",Foundations Jumpstart,979,1232,9827.75,9.01,13.99,7.91,55.27192008879024,-12.208657047724747,$5-10
689151,Jeska's Will,Secrets of Strixhaven: Mystical Archive,979,987,49097.54,45.81,54.99,44.26,20.039292730844792,-3.3835407116350233,$20-50
679869,Skateboard,Teenage Mutant Ninja Turtles,976,1618,866.46,0.29,0.35,0.15,20.689655172413794,-48.275862068965516,$0-1
630870,"Cloud, Midgar Mercenary",FINAL FANTASY,976,1033,22037.16,21.62,24.99,19.78,15.58741905642922,-8.510638297872338,$20-50
687470,Animist's Awakening,Commander: Secrets of Strixhaven,976,1530,1004.05,0.39,0.49,0.15,25.64102564102563,-61.53846153846154,$0-1
590846,Painful Quandary,Foundations,976,1214,1670.54,1.76,1.99,0.61,13.068181818181818,-65.34090909090908,$1-2
591833,"Loot, Exuberant Explorer",Foundations,976,1069,2993.35,3.13,4.99,2.02,59.424920127795545,-35.46325878594249,$2-5
687336,Changing Loyalty,Commander: Secrets of Strixhaven,976,1373,2477.81,0.68,0.59,0.15,-13.23529411764707,-77.94117647058823,$0-1
631255,Canopy Vista,Commander: FINAL FANTASY,975,1338,499.29,0.34,0.49,0.16,44.117647058823515,-52.94117647058824,$0-1
578058,Withering Torment,Duskmourn: House of Horror,974,1079,3971.91,2.75,3.49,2.07,26.909090909090917,-24.727272727272734,$2-5
689505,"Emil, Vastlands Roamer",Secrets of Strixhaven,974,1248,375.58,0.25,0.35,0.15,39.99999999999999,-40.0,$0-1
660572,Cycle of Renewal,Avatar: The Last Airbender,974,1467,401.3,0.3,0.35,0.15,16.666666666666664,-50.0,$0-1
552624,Spymaster's Vault,Modern Horizons 3,974,1288,1290.54,1.2,2.29,0.78,90.83333333333334,-35.0,$1-2
651338,Norman Osborn (Borderless),Marvel's Spider-Man,973,1040,16010.67,23.69,22.99,18.38,-2.954833262980172,-22.414520894892366,$20-50
630885,Island (0298),FINAL FANTASY,973,3491,1198.04,0.24,0.69,0.15,187.49999999999997,-37.5,$0-1
687554,Tocasia's Welcome,Commander: Secrets of Strixhaven,972,1775,1643.76,0.59,1.29,0.46,118.64406779661019,-22.033898305084737,$0-1
671032,Hexing Squelcher (Showcase),Lorwyn Eclipsed,971,1032,38496.73,27.03,37.99,26.31,40.547539770625235,-2.6637069922308636,$20-50
624207,Exotic Orchard,Commander: Tarkir: Dragonstorm,971,1550,452.59,0.26,0.59,0.15,126.92307692307689,-42.307692307692314,$0-1
686550,"Lluwen, Exchange Student",Secrets of Strixhaven,971,1229,355.95,0.31,0.35,0.15,12.903225806451607,-51.61290322580645,$0-1
641997,Oracle of Mul Daya,Commander: Edge of Eternities,971,1143,3076.47,2.54,4.49,2.47,76.7716535433071,-2.7559055118110174,$2-5
499443,Lembas,Universes Beyond: The Lord of the Rings: Tales of Middle-earth,969,1789,4639.88,1.45,2.49,1.19,71.7241379310345,-17.931034482758623,$1-2
553327,Nightshade Dryad,Modern Horizons 3,969,1399,372.93,0.29,0.35,0.15,20.689655172413794,-48.275862068965516,$0-1
687517,Serra Paragon,Commander: Secrets of Strixhaven,969,1744,4574.76,0.67,0.99,0.25,47.761194029850735,-62.68656716417911,$0-1
686557,Smallpox,Secrets of Strixhaven: Mystical Archive,966,1102,1896.48,0.83,0.59,0.19,-28.915662650602407,-77.10843373493975,$0-1
632741,"Lindblum, Industrial Regency",FINAL FANTASY,965,1127,2529.88,2.67,4.49,2.62,68.16479400749064,-1.872659176029956,$2-5
559037,Dawn's Truce,Bloomburrow,965,1038,8887.05,8.41,13.99,7.72,66.34958382877527,-8.204518430439958,$5-10
688831,Ad Nauseam,Secrets of Strixhaven: Mystical Archive,964,985,14427.72,11.04,10.99,10.42,-0.4528985507246281,-5.615942028985501,$10-20
575157,Enduring Curiosity,Duskmourn: House of Horror,964,1017,6696.04,6.01,8.99,5.21,49.584026622296186,-13.31114808652246,$5-10
687612,"Breena, the Demagogue",Commander: Secrets of Strixhaven,963,1507,1872.01,0.5,1.49,0.47,198.0,-6.000000000000005,$0-1
679609,Escape Tunnel,Teenage Mutant Ninja Turtles,962,1732,430.8,0.33,0.35,0.15,6.060606060606049,-54.545454545454554,$0-1
687633,Talisman of Hierarchy,Commander: Secrets of Strixhaven,961,1600,883.49,0.42,1.49,0.4,254.7619047619048,-4.761904761904753,$0-1
689080,Moment of Reckoning,Secrets of Strixhaven,961,1218,627.46,0.24,0.49,0.15,104.16666666666667,-37.5,$0-1
688843,Awaken the Woods,Secrets of Strixhaven: Mystical Archive,961,980,17997.36,14.18,18.99,14.32,33.92101551480958,0.9873060648801169,$10-20
679112,"Shredder, Shadow Master",Commander: Teenage Mutant Ninja Turtles,961,1174,1424.52,0.89,1.99,0.32,123.59550561797754,-64.04494382022472,$0-1
624267,Mistrise Village,Tarkir: Dragonstorm,960,1036,9288.29,9.29,13.99,7.36,50.592034445640486,-20.77502691065661,$5-10
648728,Mountain (0290),Avatar: The Last Airbender,960,3119,1208.64,0.29,0.69,0.15,137.9310344827586,-48.275862068965516,$0-1
591076,Basilisk Collar,Foundations,959,1197,4897.13,4.55,6.49,3.95,42.63736263736265,-13.186813186813179,$2-5
544336,High Noon,Outlaws of Thunder Junction,959,1390,6987.49,5.6,8.99,4.73,60.535714285714306,-15.535714285714272,$5-10
688814,Applied Geometry,Secrets of Strixhaven,958,1459,534.01,0.3,0.49,0.15,63.33333333333334,-50.0,$0-1
687401,Anger,Commander: Secrets of Strixhaven,957,1506,1379.65,0.49,1.49,0.43,204.08163265306123,-12.244897959183673,$0-1
687667,Arcane Lighthouse,Commander: Secrets of Strixhaven,957,1818,2954.31,1.75,3.49,1.03,99.42857142857144,-41.14285714285714,$1-2
696650,Scientist Supreme of A.I.M.,Marvel Super Heroes,956,1652,1046.68,0.28,0.49,0.15,74.99999999999997,-46.42857142857144,$0-1
687422,Guardian of Faith,Commander: Secrets of Strixhaven,955,1490,1447.61,0.52,1.79,0.26,244.2307692307692,-50.0,$0-1
268790,Witty Roastmaster,Streets of New Capenna,955,1292,1342.18,1.81,1.49,0.89,-17.679558011049725,-50.82872928176796,$1-2
696664,Earth's Mightiest Heroes,Marvel Super Heroes,955,1406,3121.98,0.93,1.29,0.3,38.70967741935484,-67.74193548387098,$0-1
479581,Prologue to Phyresis,Phyrexia: All Will Be One,955,1375,810.8,0.78,0.99,0.15,26.923076923076916,-80.76923076923077,$0-1
687541,Sodden Verdure,Commander: Secrets of Strixhaven,954,1615,941.21,0.39,0.49,0.26,25.64102564102563,-33.33333333333333,$0-1
559146,Valley Floodcaller,Bloomburrow,954,1025,4711.65,3.51,5.99,3.03,70.65527065527067,-13.675213675213676,$2-5
679234,Underworld Breach (Borderless),Teenage Mutant Ninja Turtles Source Material,954,994,7896.06,7.58,10.99,7.77,44.9868073878628,2.506596306068595,$5-10
230134,Masked Vandal,Kaldheim,953,1746,3072.3,1.44,2.29,1.23,59.02777777777779,-14.583333333333332,$1-2
488255,Reprieve,Universes Beyond: The Lord of the Rings: Tales of Middle-earth,953,1186,1888.6,1.58,2.29,0.93,44.93670886075949,-41.13924050632911,$1-2
525223,Diamond Pick-Axe,The Lost Caverns of Ixalan,952,1162,2368.77,0.97,1.49,0.78,53.608247422680414,-19.587628865979376,$0-1
273372,Decanter of Endless Water,Commander Legends: Battle for Baldur's Gate,951,1129,4765.92,4.6,4.99,3.06,8.478260869565231,-33.47826086956521,$2-5
679072,Trouble in Pairs (Borderless),Teenage Mutant Ninja Turtles Source Material,951,1011,15861.39,15.09,20.99,15.98,39.09874088800529,5.897945659377075,$10-20
633410,The Regalia,FINAL FANTASY,951,1085,1663.97,1.66,2.49,1.4,50.00000000000002,-15.66265060240964,$1-2
631216,Eye of Nidhogg,Commander: FINAL FANTASY,951,1026,4916.19,2.05,2.99,1.78,45.85365853658539,-13.170731707317065,$2-5
687341,Defiling Daemogoth,Commander: Secrets of Strixhaven,951,1248,2621.67,0.79,0.79,0.72,0.0,-8.860759493670892,$0-1
696553,"Ms. Marvel, Kamala Khan (Borderless)",Marvel Super Heroes,950,1085,1442.12,0.69,0.69,0.15,0.0,-78.26086956521738,$0-1
687396,Darksteel Mutation,Commander: Secrets of Strixhaven,950,1754,1635.36,0.8,1.79,0.51,123.74999999999999,-36.25000000000001,$0-1
589747,Exemplar of Light (0011),Foundations,950,1206,3040.8,1.88,3.99,1.04,112.23404255319151,-44.68085106382978,$1-2
631324,Isolated Chapel,Commander: FINAL FANTASY,949,1351,588.97,0.36,0.99,0.3,175.0,-16.666666666666664,$0-1
671135,Tree of Perdition,Commander: Lorwyn Eclipsed,949,1189,4262.67,2.59,5.49,2.3000000000000003,111.96911196911199,-11.19691119691118,$2-5
533895,Proft's Eidetic Memory,Murders at Karlov Manor,949,1143,2309.12,1.93,4.99,2.15,158.54922279792748,11.398963730569948,$1-2
648725,Plains (0287),Avatar: The Last Airbender,948,2960,1039.09,0.27,0.79,0.15,192.59259259259258,-44.44444444444445,$0-1
638897,The Seriema,Edge of Eternities,948,1384,1211.28,1.01,1.99,0.2,97.02970297029702,-80.19801980198021,$1-2
513067,Utopia Sprawl,Wilds of Eldraine: Enchanting Tales,947,1252,2055.66,1.73,2.49,1.26,43.9306358381503,-27.167630057803464,$1-2
651336,"Carnage, Crimson Chaos",Marvel's Spider-Man,947,1150,1518.25,2.19,1.99,0.25,-9.1324200913242,-88.58447488584474,$2-5
688920,Repel Calamity,Secrets of Strixhaven: Mystical Archive,946,1292,450.21,0.22,0.35,0.15,59.09090909090908,-31.818181818181824,$0-1
499536,Path to Exile,Commander: The Lord of the Rings: Tales of Middle-earth,946,1786,2445.61,2.03,2.79,1.15,37.43842364532021,-43.34975369458128,$2-5
6150,Caltrops,Urza's Destiny,944,1123,13379.25,25.15,19.99,18.57,-20.5168986083499,-26.163021868787272,$20-50
696316,Armor Wars,Marvel Super Heroes,944,1540,927.76,0.29,0.49,0.15,68.96551724137932,-48.275862068965516,$0-1
630917,Summon: Bahamut,FINAL FANTASY,943,984,21577.96,23.76,32.99,20.63,38.84680134680135,-13.173400673400684,$20-50
662545,Great Divide Guide,Avatar: The Last Airbender,943,1354,1428.94,1.21,1.79,0.29,47.93388429752067,-76.03305785123966,$1-2
215384,"Vito, Thorn of the Dusk Rose",Core Set 2021,942,984,11576.73,12.04,13.99,8.84,16.196013289036554,-26.578073089700993,$10-20
227128,Open the Armory,Commander Legends,941,981,2754.83,2.72,3.99,2.6,46.69117647058823,-4.411764705882357,$2-5
188705,"Narset, Parter of Veils",War of the Spark,940,1407,1863.24,0.95,1.49,0.41,56.842105263157904,-56.842105263157904,$0-1
552853,Eviscerator's Insight,Modern Horizons 3,940,2020,741.82,0.27,0.59,0.15,118.51851851851849,-44.44444444444445,$0-1
688884,Crackle with Power,Secrets of Strixhaven: Mystical Archive,940,958,7706.14,7.7,9.49,6.76,23.246753246753247,-12.207792207792213,$5-10
5615,Lotus Petal,Tempest,939,1154,37326.22,33.86,44.99,28.04,32.87064382752511,-17.188422917897224,$20-50
648645,"Appa, Steadfast Guardian",Avatar: The Last Airbender,938,1036,8542.19,6.44,9.99,6.38,55.12422360248447,-0.931677018633548,$5-10
630864,Aerith Gainsborough,FINAL FANTASY,938,1059,2442.64,2.27,2.29,1.35,0.8810572687224677,-40.52863436123348,$2-5
457215,Spirit Link,Dominaria Remastered,937,1398,502.27,0.35,0.59,0.15,68.57142857142857,-57.14285714285714,$0-1
673646,"Slash, Reptile Rampager",Teenage Mutant Ninja Turtles,937,1198,1387.26,1.03,1.29,0.31,25.24271844660194,-69.90291262135922,$1-2
499755,Heroic Intervention,Commander: The Lord of the Rings: Tales of Middle-earth,936,978,14342.14,17.1,17.99,12.5,5.204678362573081,-26.90058479532164,$10-20
662611,"Toph, Hardheaded Teacher",Avatar: The Last Airbender,936,1148,1439.74,0.85,1.49,0.2,75.29411764705883,-76.47058823529412,$0-1
188345,Bolt Bend,War of the Spark,935,1015,3793.8,3.26,5.49,2.89,68.40490797546013,-11.349693251533733,$2-5
268915,Slip Out the Back,Streets of New Capenna,934,1101,4525.83,3.86,6.49,3.92,68.13471502590674,1.5544041450777215,$2-5
207162,Underworld Dreams,Theros Beyond Death,933,1085,2181.67,1.92,1.99,1.86,3.645833333333337,-3.124999999999991,$1-2
591779,Thousand-Year Storm,Foundations,932,1044,1247.23,1.12,1.29,0.45,15.178571428571422,-59.821428571428584,$1-2
499572,Raise the Palisade,Commander: The Lord of the Rings: Tales of Middle-earth,932,1066,9980.92,10.54,11.99,9.28,13.757115749525628,-11.954459203036052,$10-20
591775,Firebrand Archer,Foundations,931,1384,408.66,0.28,0.39,0.15,39.28571428571428,-46.42857142857144,$0-1
221913,Cleansing Wildfire,Zendikar Rising,931,2348,1295.63,0.57,0.79,0.37,38.59649122807019,-35.08771929824561,$0-1
687551,Open the Way,Commander: Secrets of Strixhaven,930,1893,2096.54,0.93,1.29,0.22,38.70967741935484,-76.34408602150538,$0-1
552629,Worn Powerstone,Modern Horizons 3,930,1455,718.63,0.37,0.69,0.15,86.48648648648647,-59.45945945945946,$0-1
696272,Kang the Conqueror,Marvel Super Heroes,930,1478,2286.28,0.51,0.99,0.15,94.11764705882352,-70.58823529411764,$0-1
687573,Vernal Fen,Commander: Secrets of Strixhaven,930,1496,1166.95,0.53,1.29,0.44,143.39622641509433,-16.981132075471702,$0-1
679603,Coin of Mastery,Commander: Teenage Mutant Ninja Turtles,929,1305,2579.76,1.95,2.49,1.04,27.692307692307704,-46.666666666666664,$1-2
499815,Herald's Horn,Commander: The Lord of the Rings: Tales of Middle-earth,929,991,4552.83,4.97,5.99,4.49,20.523138832997997,-9.65794768611669,$2-5
687454,Nether Traitor,Commander: Secrets of Strixhaven,928,1366,2492.97,0.8,2.29,0.41,186.24999999999997,-48.75000000000001,$0-1
641746,Thrumming Hivepool,Edge of Eternities,927,1563,1732.45,0.91,1.29,0.19,41.75824175824176,-79.12087912087912,$0-1
700738,Doom Variant - Roaming Throne (Borderless),Marvel Universe Eternal-Legal,926,950,48228.45,53.1,69.99,54.88,31.807909604519764,3.3521657250470827,$50-100
648726,Island (0288),Avatar: The Last Airbender,926,3073,1085.81,0.33,0.99,0.15,199.99999999999994,-54.545454545454554,$0-1
687585,Woodland Cemetery,Commander: Secrets of Strixhaven,925,1670,757.5,0.51,1.49,0.51,192.156862745098,0.0,$0-1
662051,The Earth King,Avatar: The Last Airbender,925,1109,1262.06,1.53,1.79,0.26,16.99346405228758,-83.00653594771242,$1-2
687411,Ghoulish Impetus,Commander: Secrets of Strixhaven,924,1723,1469.8,0.48,0.79,0.15,64.58333333333334,-68.74999999999999,$0-1
687451,Benevolent Hydra,Commander: Secrets of Strixhaven,924,1342,2755.56,0.94,1.79,0.26,90.42553191489363,-72.34042553191489,$0-1
686630,"Quintorius, History Chaser (Borderless)",Commander: Secrets of Strixhaven,924,1777,1967.91,0.87,0.99,0.26,13.793103448275861,-70.11494252873564,$0-1
631225,Colossus Hammer,Commander: FINAL FANTASY,924,1839,1702.0,0.66,1.79,0.62,171.2121212121212,-6.060606060606066,$0-1
544354,Lavaspur Boots,Outlaws of Thunder Junction,923,1244,1433.64,1.4,1.99,0.6900000000000001,42.142857142857146,-50.71428571428571,$1-2
687487,Priest of Forgotten Gods,Commander: Secrets of Strixhaven,923,1610,1410.16,0.54,0.99,0.26,83.33333333333331,-51.85185185185185,$0-1
687360,Chaos Warp,Commander: Secrets of Strixhaven,923,1404,1434.81,0.39,0.99,0.29,153.84615384615384,-25.64102564102565,$0-1
696271,"Echo, Perceptive Prodigy",Marvel Super Heroes,922,1586,849.3,0.19,0.35,0.15,84.21052631578945,-21.052631578947373,$0-1
533901,Doppelgang,Murders at Karlov Manor,922,1049,2376.19,1.56,2.99,1.55,91.66666666666667,-0.6410256410256416,$1-2
686633,"Zimone, Infinite Analyst (Borderless)",Commander: Secrets of Strixhaven,921,1080,1133.21,0.93,1.29,0.15,38.70967741935484,-83.87096774193549,$0-1
660594,Fire Lord Azula,Avatar: The Last Airbender,921,1085,3008.68,0.95,0.99,0.46,4.210526315789478,-51.57894736842105,$0-1
687603,Assassin's Trophy,Commander: Secrets of Strixhaven,920,1508,1237.46,0.73,1.49,0.6900000000000001,104.10958904109589,-5.4794520547945105,$0-1
187186,Dovin's Veto,War of the Spark,920,996,3346.25,3.19,3.99,1.76,25.078369905956123,-44.827586206896555,$2-5
689364,Triumph of the Hordes,Secrets of Strixhaven: Mystical Archive,920,942,14636.01,12.71,16.99,12.88,33.67427222659321,1.3375295043273008,$10-20
624065,Tempest Hawk,Tarkir: Dragonstorm,919,2872,3048.11,0.68,0.99,0.15,45.58823529411764,-77.94117647058823,$0-1
632703,PuPu UFO,FINAL FANTASY,918,1357,733.3,0.43,0.99,0.15,130.2325581395349,-65.11627906976744,$0-1
498414,Delighted Halfling,Universes Beyond: The Lord of the Rings: Tales of Middle-earth,918,970,25645.12,29.32,37.99,26.03,29.570259208731247,-11.22100954979536,$20-50
633170,"Joshua, Phoenix's Dominant",FINAL FANTASY,917,999,2333.05,1.68,1.79,0.76,6.547619047619054,-54.76190476190476,$1-2
552644,Glasswing Grace,Modern Horizons 3,917,1113,599.58,0.32,0.35,0.15,9.374999999999991,-53.125,$0-1
689345,Cyclonic Rift,Secrets of Strixhaven: Mystical Archive,917,926,33661.33,33.97,39.99,31.33,17.721518987341785,-7.771563143950547,$20-50
544668,Annie Joins Up,Outlaws of Thunder Junction,916,961,4497.48,4.39,3.49,3.3000000000000003,-20.501138952164,-24.829157175398624,$2-5
552309,"Ulamog, the Defiler",Modern Horizons 3,914,985,15453.05,16.39,18.99,14.37,15.863331299572897,-12.324588163514345,$10-20
679568,Endless Foot Assault,Commander: Teenage Mutant Ninja Turtles,914,1170,4492.9,2.88,3.49,1.82,21.180555555555568,-36.80555555555555,$2-5
657790,Forest (0257),Teenage Mutant Ninja Turtles,913,3091,2212.11,0.6,1.29,0.35,115.00000000000001,-41.66666666666667,$0-1
553237,Refurbished Familiar,Modern Horizons 3,913,2271,916.13,0.31,0.39,0.15,25.80645161290323,-51.61290322580645,$0-1
558346,Parting Gust,Bloomburrow,913,1198,1146.56,1.02,1.99,0.28,95.09803921568627,-72.54901960784314,$1-2
575288,Ethereal Armor,Duskmourn: House of Horror,913,1267,800.13,0.38,0.59,0.15,55.263157894736835,-60.526315789473685,$0-1
646616,"Green Goblin, Revenant",Marvel's Spider-Man,913,1026,414.09,0.36,0.69,0.15,91.66666666666666,-58.333333333333336,$0-1
671536,Gathering Stone,Lorwyn Eclipsed,912,1257,956.47,0.7,1.49,0.15,112.85714285714288,-78.57142857142857,$0-1
679158,High Score,Commander: Teenage Mutant Ninja Turtles,912,1225,1502.59,1.52,1.29,0.8200000000000001,-15.131578947368421,-46.05263157894737,$1-2
630932,Black Mage's Rod,FINAL FANTASY,911,1467,588.53,0.23,0.35,0.15,52.17391304347825,-34.78260869565218,$0-1
615206,Stridehangar Automaton,Commander: Aetherdrift,911,1263,3193.76,2.35,3.99,2.11,69.7872340425532,-10.212765957446818,$2-5
687670,Cascade Bluffs,Commander: Secrets of Strixhaven,911,1594,1345.04,0.5,0.99,0.26,98.0,-48.0,$0-1
191582,Defile,Modern Horizons,911,1197,1577.55,1.42,2.79,1.0,96.47887323943664,-29.57746478873239,$1-2
552618,Harbinger of the Seas,Modern Horizons 3,909,1383,2389.6,1.72,1.99,0.44,15.69767441860465,-74.4186046511628,$1-2
686632,"Rootha, Mastering the Moment (Borderless)",Commander: Secrets of Strixhaven,908,1140,1075.7,0.58,0.99,0.2,70.68965517241381,-65.51724137931035,$0-1
688983,Wildgrowth Archaic (Borderless),Secrets of Strixhaven,908,1050,1298.13,0.8,0.49,0.15,-38.75000000000001,-81.25,$0-1
239716,Drossforge Bridge,Modern Horizons 2,908,1761,2192.7,0.91,2.29,0.77,151.64835164835165,-15.384615384615385,$0-1
689053,Tragedy Feaster,Secrets of Strixhaven,907,1261,610.31,0.29,0.49,0.15,68.96551724137932,-48.275862068965516,$0-1
624738,Nature's Rhythm,Tarkir: Dragonstorm,906,1062,5575.47,5.17,6.99,4.0,35.20309477756287,-22.63056092843327,$5-10
499776,Asceticism,Commander: The Lord of the Rings: Tales of Middle-earth,905,1152,4729.78,6.3,6.99,4.22,10.95238095238096,-33.01587301587302,$5-10
687583,Immoral Bargain,Commander: Secrets of Strixhaven,904,1374,1879.35,0.51,0.69,0.17,35.29411764705881,-66.66666666666666,$0-1
499456,Mithril Coat,Universes Beyond: The Lord of the Rings: Tales of Middle-earth,902,922,26544.4,31.19,42.99,28.57,37.832638666239184,-8.40012824623277,$20-50
498367,Orcish Bowmasters,Universes Beyond: The Lord of the Rings: Tales of Middle-earth,902,1051,50732.94,44.37,49.99,44.69,12.66621591165203,0.7212080234392615,$20-50
575069,Razorkin Needlehead,Duskmourn: House of Horror,901,970,5477.64,4.53,8.99,4.09,98.45474613686534,-9.713024282560715,$2-5
686602,Quandrix Charm,Secrets of Strixhaven,901,1402,415.58,0.33,0.35,0.15,6.060606060606049,-54.545454545454554,$0-1
544475,Forsaken Miner,Outlaws of Thunder Junction,898,1414,2437.37,1.29,1.99,1.03,54.263565891472865,-20.155038759689923,$1-2
671236,Realmwalker,Commander: Lorwyn Eclipsed,898,1469,1929.14,1.23,2.79,1.04,126.82926829268293,-15.44715447154471,$1-2
697062,Training Regimen,Marvel Super Heroes,897,1318,506.85,0.26,0.35,0.15,34.615384615384606,-42.307692307692314,$0-1
687398,Pest Rescuer,Commander: Secrets of Strixhaven,897,1285,2245.46,0.84,1.29,0.64,53.571428571428584,-23.809523809523807,$0-1
233914,Simian Spirit Guide,Time Spiral: Remastered,897,1142,4063.52,3.26,3.49,2.9,7.055214723926394,-11.04294478527607,$2-5
696547,"Iron Lad, Diverging Destiny",Marvel Super Heroes,896,1157,453.3,0.24,0.35,0.15,45.83333333333333,-37.5,$0-1
660549,The Legend of Roku,Avatar: The Last Airbender,896,1050,11828.85,10.16,16.99,9.88,67.22440944881888,-2.7559055118110174,$10-20
457137,Wild Growth,Dominaria Remastered,896,1402,828.59,0.51,0.99,0.33,94.11764705882352,-35.29411764705882,$0-1
697485,Heaven-Sent Marvel - Archangel of Thune (Borderless),Marvel Universe Eternal-Legal,895,958,21203.73,19.46,19.99,19.01,2.7235354573483943,-2.3124357656731718,$10-20
687391,Bloodghast,Commander: Secrets of Strixhaven,894,1813,1575.79,0.72,1.29,0.51,79.16666666666667,-29.166666666666664,$0-1
162257,Jhoira's Familiar,Dominaria,894,1025,1563.42,1.68,3.49,1.28,107.73809523809526,-23.809523809523807,$1-2
689522,Essenceknit Scholar,Secrets of Strixhaven,893,1195,326.08,0.27,0.35,0.15,29.629629629629612,-44.44444444444445,$0-1
641983,Horizon Explorer,Commander: Edge of Eternities,892,1153,2696.6,2.36,3.49,2.53,47.881355932203405,7.203389830508472,$2-5
687382,Blight Mound,Commander: Secrets of Strixhaven,892,1593,1292.75,0.39,0.79,0.15,102.56410256410258,-61.53846153846154,$0-1
687499,Elvish Mystic,Commander: Secrets of Strixhaven,891,1436,966.76,0.43,1.29,0.47,200.00000000000006,9.302325581395344,$0-1
630898,Mountain (0305),FINAL FANTASY,891,3054,1021.7,0.27,1.29,0.15,377.77777777777777,-44.44444444444445,$0-1
668578,High Perfect Morcant,Lorwyn Eclipsed,891,982,1405.44,1.11,1.29,0.19,16.21621621621621,-82.8828828828829,$1-2
559973,Reliquary Tower,Commander: Bloomburrow,890,985,3912.89,4.9,5.99,3.43,22.244897959183668,-30.000000000000004,$2-5
696277,Secret Invasion,Marvel Super Heroes,890,1501,739.87,0.27,0.49,0.15,81.48148148148147,-44.44444444444445,$0-1
458178,Peregrine Drake,Dominaria Remastered,889,1311,485.93,0.28,0.79,0.15,182.14285714285714,-46.42857142857144,$0-1
687526,Shielded by Faith,Commander: Secrets of Strixhaven,889,1526,849.92,0.38,0.99,0.15,160.52631578947367,-60.526315789473685,$0-1
643049,"Evendo, Waking Haven",Edge of Eternities,888,950,13658.47,16.2,21.99,12.85,35.74074074074074,-20.67901234567901,$10-20
643621,Pinnacle Emissary,Edge of Eternities,888,1521,2487.63,1.27,2.49,0.15,96.06299212598427,-88.18897637795277,$1-2
544208,Slickshot Show-Off,Outlaws of Thunder Junction,888,1302,8085.62,5.81,9.49,4.37,63.33907056798624,-24.784853700516344,$5-10
499506,Cultivate,Commander: The Lord of the Rings: Tales of Middle-earth,888,1120,487.96,0.5,0.99,0.36,98.0,-28.000000000000004,$0-1
524220,Growing Rites of Itlimoc,The Lost Caverns of Ixalan,888,956,7637.13,8.43,13.99,8.61,65.95492289442468,2.1352313167259753,$5-10
634034,"Midgar, City of Mako",FINAL FANTASY,888,1003,2383.91,1.94,2.99,1.3,54.123711340206206,-32.98969072164948,$1-2
1381,Dark Ritual,Revised Edition,887,1256,3961.43,4.59,4.99,2.32,8.714596949891074,-49.455337690631815,$2-5
687547,Swords to Plowshares,Commander: Secrets of Strixhaven,887,1523,2527.11,1.46,2.49,1.39,70.54794520547946,-4.79452054794521,$1-2
630950,"Sephiroth, Fabled SOLDIER",FINAL FANTASY,886,953,31940.09,31.65,34.99,26.05,10.552922590837294,-17.693522906793042,$20-50
687504,Forgotten Ancient,Commander: Secrets of Strixhaven,886,1258,514.19,0.37,0.79,0.26,113.51351351351353,-29.729729729729726,$0-1
559849,Helm of the Host,Commander: Bloomburrow,886,958,8677.53,8.37,8.49,7.140000000000001,1.4336917562724134,-14.695340501792101,$5-10
631130,Puresteel Paladin,Commander: FINAL FANTASY,885,1148,910.38,0.74,0.99,0.61,33.78378378378378,-17.56756756756757,$0-1
671473,Sunderflock,Lorwyn Eclipsed,885,1173,2320.5,1.78,1.99,1.0,11.797752808988763,-43.82022471910113,$1-2
559948,Farseek,Commander: Bloomburrow,885,1392,1397.63,0.8,1.49,0.66,86.25,-17.5,$0-1
661945,The Unagi of Kyoshi Island,Avatar: The Last Airbender,885,1084,1974.12,1.37,2.49,0.71,81.75182481751825,-48.17518248175183,$1-2
630929,Traveling Chocobo,FINAL FANTASY,885,950,18005.69,19.44,21.99,17.76,13.117283950617267,-8.641975308641973,$10-20
268317,An Offer You Can't Refuse,Streets of New Capenna,884,973,2450.96,2.56,4.99,2.41,94.921875,-5.8593749999999964,$2-5
532918,Thundering Falls,Murders at Karlov Manor,884,999,15796.25,15.54,20.99,15.61,35.070785070785064,0.4504504504504523,$10-20
697030,Loki Laufeyson,Marvel Super Heroes,884,1272,516.67,0.17,0.35,0.15,105.88235294117645,-11.764705882352951,$0-1
559040,Feather of Flight,Bloomburrow,883,1368,545.15,0.37,1.29,0.15,248.64864864864865,-59.45945945945946,$0-1
687495,Big Score,Commander: Secrets of Strixhaven,883,1687,1227.39,0.39,1.49,0.25,282.05128205128204,-35.8974358974359,$0-1
642024,Arcane Signet,Commander: Edge of Eternities,882,2108,1107.1,0.45,0.99,0.42,120.0,-6.666666666666672,$0-1
689407,Expressive Iteration,Secrets of Strixhaven: Mystical Archive,882,1051,1437.24,1.0,1.29,0.32,29.000000000000004,-68.0,$1-2
559854,Mind Stone,Commander: Bloomburrow,882,1289,707.52,0.39,0.99,0.22,153.84615384615384,-43.58974358974359,$0-1
243205,Feign Death,Adventures in the Forgotten Realms,882,1116,1100.0,1.51,2.29,0.51,51.65562913907284,-66.22516556291392,$1-2
687689,High Market,Commander: Secrets of Strixhaven,880,1581,1198.08,0.4,1.29,0.31,222.5,-22.500000000000007,$0-1
235670,Sudden Breakthrough,Strixhaven: School of Mages,880,1029,359.96,0.27,0.69,0.15,155.55555555555551,-44.44444444444445,$0-1
638908,"Tezzeret, Cruel Captain",Edge of Eternities,880,1032,19930.12,19.88,27.99,17.45,40.794768611670015,-12.223340040241448,$10-20
525238,Roaming Throne,The Lost Caverns of Ixalan,879,915,45155.52,51.72,57.99,46.59,12.122969837587014,-9.91879350348027,$50-100
687505,Viscera Seer,Commander: Secrets of Strixhaven,879,1515,786.9,0.51,1.29,0.26,152.94117647058826,-49.01960784313725,$0-1
687524,Rogue's Passage,Commander: Secrets of Strixhaven,878,1570,760.19,0.39,0.99,0.39,153.84615384615384,0.0,$0-1
631550,Talisman of Indulgence,Commander: FINAL FANTASY,877,1111,2376.45,1.89,2.79,1.71,47.61904761904763,-9.52380952380952,$1-2
532880,Commercial District,Murders at Karlov Manor,877,1030,7930.45,7.89,10.99,7.18,39.29024081115337,-8.99873257287706,$5-10
696569,Claim the Kingdom,Marvel Super Heroes,877,1426,1577.29,0.27,0.35,0.15,29.629629629629612,-44.44444444444445,$0-1
661961,"Mai, Scornful Striker",Avatar: The Last Airbender,877,1051,1648.72,0.94,1.79,0.26,90.42553191489363,-72.34042553191489,$0-1
661951,Firebender Ascension,Avatar: The Last Airbender,877,1072,1126.79,0.91,0.99,0.2,8.791208791208787,-78.02197802197801,$0-1
631197,Nature's Lore,Commander: FINAL FANTASY,877,1052,2851.2,2.26,4.49,2.4,98.67256637168144,6.194690265486732,$2-5
688829,Geometer's Arthropod (Borderless),Secrets of Strixhaven,876,989,1181.02,0.82,0.49,0.15,-40.24390243902439,-81.70731707317073,$0-1
631208,Champion's Helm,Commander: FINAL FANTASY,876,1167,3198.96,1.22,2.79,1.03,128.68852459016392,-15.573770491803273,$1-2
646522,"Anti-Venom, Horrifying Healer",Marvel's Spider-Man,876,994,5457.45,7.2,7.99,5.1000000000000005,10.972222222222221,-29.166666666666664,$5-10
651996,Strength of Will,Marvel's Spider-Man,875,1064,1531.73,1.71,2.49,1.04,45.614035087719316,-39.1812865497076,$1-2
552857,"Ashling, Flame Dancer",Modern Horizons 3,875,918,5184.7,5.38,9.49,5.1000000000000005,76.39405204460968,-5.204460966542739,$5-10
563893,Vengeful Bloodwitch,Foundations,875,1363,425.85,0.31,0.39,0.15,25.80645161290323,-51.61290322580645,$0-1
687503,Selfless Spirit,Commander: Secrets of Strixhaven,874,1577,844.25,0.44,0.99,0.29,125.0,-34.09090909090909,$0-1
643478,Cryogen Relic,Edge of Eternities,874,1734,673.51,0.31,0.69,0.15,122.5806451612903,-51.61290322580645,$0-1
631303,Thought Vessel,Commander: FINAL FANTASY,874,1364,3334.76,2.5,3.49,2.43,39.60000000000001,-2.7999999999999936,$2-5
641961,"Braids, Arisen Nightmare",Commander: Edge of Eternities,873,1160,3734.39,4.09,6.49,4.16,58.67970660146701,1.711491442542794,$2-5
635622,"Ishgard, the Holy See",FINAL FANTASY,873,926,1990.21,1.78,2.49,1.03,39.88764044943821,-42.13483146067416,$1-2
243352,Druid Class,Adventures in the Forgotten Realms,873,2183,3562.05,1.92,2.79,1.43,45.31250000000001,-25.520833333333332,$1-2
656681,Deceit,Lorwyn Eclipsed,873,1260,6771.48,3.19,7.99,3.08,150.4702194357367,-3.448275862068962,$2-5
479034,Infectious Bite,Phyrexia: All Will Be One,872,1203,945.44,1.22,1.79,0.39,46.72131147540984,-68.0327868852459,$1-2
183219,Rhythm of the Wild,Ravnica Allegiance,872,923,4080.86,4.79,6.99,4.16,45.92901878914405,-13.152400835073067,$2-5
642801,Etherium Sculptor,Commander: Edge of Eternities,872,1303,875.35,0.77,1.99,0.72,158.4415584415584,-6.493506493506499,$0-1
690169,Flusterstorm,Secrets of Strixhaven: Mystical Archive,872,917,9826.8,9.11,9.49,6.18,4.171240395170152,-32.16245883644347,$5-10
697066,Epic Fight (Borderless),Marvel Super Heroes,872,1000,871.19,0.9,0.79,0.15,-12.22222222222222,-83.33333333333333,$0-1
657762,"Michelangelo, the Heart (0005) (Borderless)",Commander: Teenage Mutant Ninja Turtles,871,1366,1932.01,3.51,9.49,3.11,170.37037037037038,-11.396011396011394,$2-5
688657,Restoration Seminar (Borderless),Secrets of Strixhaven,871,924,8430.53,6.07,5.99,4.88,-1.3179571663920933,-19.60461285008238,$5-10
686549,Grave Researcher (Extended Art),Secrets of Strixhaven,871,938,6115.27,3.75,2.99,2.79,-20.266666666666662,-25.6,$2-5
499188,Flowering of the White Tree,Universes Beyond: The Lord of the Rings: Tales of Middle-earth,870,889,8863.69,10.68,13.99,9.89,30.992509363295884,-7.397003745318344,$10-20
651942,Superior Spider-Man,Marvel's Spider-Man,870,1202,3058.4,2.77,3.49,1.49,25.99277978339351,-46.20938628158845,$2-5
239440,Squirrel Mob,Modern Horizons 2,870,1131,1024.92,2.66,1.99,2.06,-25.187969924812037,-22.55639097744361,$2-5
512656,Night of the Sweets' Revenge,Wilds of Eldraine,870,1053,1067.52,0.84,1.49,0.22,77.38095238095238,-73.80952380952381,$0-1
552728,Toxic Deluge,Modern Horizons 3,870,960,5291.67,5.05,6.49,4.38,28.514851485148522,-13.267326732673265,$5-10
686607,Silverquill Charm,Secrets of Strixhaven,870,1371,428.06,0.21,0.35,0.15,66.66666666666666,-28.57142857142857,$0-1
615204,Conjurer's Closet,Commander: Aetherdrift,870,1090,4025.44,3.85,5.49,3.48,42.5974025974026,-9.610389610389614,$2-5
633126,Wild Rose Rebellion - Counterspell (Showcase),FINAL FANTASY: Through the Ages,870,1028,3105.82,2.58,3.99,1.75,54.65116279069768,-32.17054263565892,$2-5
66624,Sphere of Safety,Return to Ravnica,869,919,4081.46,4.64,6.49,3.2,39.87068965517243,-31.03448275862068,$2-5
662551,The Legend of Kyoshi,Avatar: The Last Airbender,869,929,5491.27,5.72,7.99,3.89,39.685314685314694,-31.99300699300699,$5-10
556007,Overpowering Attack,Universes Beyond: Assassin's Creed,869,1130,1321.5,1.18,2.99,1.04,153.3898305084746,-11.864406779661008,$1-2
499538,Swords to Plowshares,Commander: The Lord of the Rings: Tales of Middle-earth,869,1482,2195.64,1.78,2.49,1.46,39.88764044943821,-17.97752808988764,$1-2
591209,Swiftfoot Boots (Borderless),Foundations,868,1423,4628.08,2.29,4.49,2.31,96.06986899563319,0.873362445414848,$2-5
688951,Decorum Dissertation (Borderless),Secrets of Strixhaven,868,911,14690.68,7.85,10.99,7.67,40.00000000000001,-2.292993630573245,$5-10
632635,Summon: Knights of Round,FINAL FANTASY,868,905,12332.1,11.92,18.99,9.37,59.31208053691274,-21.392617449664435,$10-20
235964,Sedgemoor Witch,Strixhaven: School of Mages,867,971,8349.02,6.08,9.49,4.15,56.08552631578948,-31.743421052631575,$5-10
544271,Great Train Heist,Outlaws of Thunder Junction,866,970,3666.18,4.98,5.49,3.94,10.240963855421683,-20.883534136546192,$2-5
673643,"Raphael, the Nightwatcher",Teenage Mutant Ninja Turtles,866,1001,1231.0,0.93,0.99,0.17,6.451612903225799,-81.72043010752688,$0-1
686615,"Prismari, the Inspiration (Borderless)",Secrets of Strixhaven,865,869,20126.49,11.19,9.49,8.44,-15.192135835567466,-24.575513851653263,$10-20
688875,Living End,Secrets of Strixhaven: Mystical Archive,865,965,4204.82,2.78,3.99,2.84,43.52517985611512,2.158273381294966,$2-5
673630,Dark Leo & Shredder,Teenage Mutant Ninja Turtles,865,925,5789.91,3.83,6.99,3.0500000000000003,82.50652741514361,-20.36553524804177,$2-5
498376,Rising of the Day,Universes Beyond: The Lord of the Rings: Tales of Middle-earth,865,1012,803.63,0.9,1.29,0.44,43.333333333333336,-51.11111111111111,$0-1
240340,Ornithopter of Paradise,Modern Horizons 2,864,1140,1068.15,0.59,0.99,0.43,67.79661016949153,-27.11864406779661,$0-1
58174,Cloudshift,Avacyn Restored,864,1100,1039.93,1.22,1.99,0.71,63.114754098360656,-41.80327868852459,$1-2
14311,Ophidian Eye,Time Spiral,864,881,12496.56,12.23,16.99,8.83,38.920686835650024,-27.800490596892892,$10-20
624176,Will of the Jeskai,Commander: Tarkir: Dragonstorm,863,1116,3578.36,4.26,6.49,2.6,52.3474178403756,-38.96713615023474,$2-5
686585,Giant Growth,Secrets of Strixhaven: Mystical Archive,863,1296,436.94,0.21,0.35,0.15,66.66666666666666,-28.57142857142857,$0-1
689624,Growth Curve,Secrets of Strixhaven,863,1221,369.38,0.31,0.35,0.15,12.903225806451607,-51.61290322580645,$0-1
544486,"Kambal, Profiteering Mayor",Outlaws of Thunder Junction,863,964,5451.62,4.92,8.49,4.72,72.56097560975611,-4.065040650406507,$2-5
696576,"Winter Soldier, Icy Assassin",Marvel Super Heroes,862,1368,773.76,0.26,0.49,0.15,88.46153846153845,-42.307692307692314,$0-1
525779,Sol Ring,Commander: The Lost Caverns of Ixalan,862,1382,2236.87,1.6,2.99,1.51,86.875,-5.625000000000005,$1-2
498305,"Boromir, Warden of the Tower",Universes Beyond: The Lord of the Rings: Tales of Middle-earth,862,979,5362.9,6.19,8.49,5.21,37.156704361873985,-15.831987075928925,$5-10
4641,Dark Ritual,Ice Age,862,1093,3854.05,5.07,4.49,2.07,-11.439842209072978,-59.171597633136095,$5-10
532888,Assassin's Trophy,Murders at Karlov Manor,862,1067,1698.11,0.95,1.49,0.34,56.842105263157904,-64.21052631578947,$0-1
631305,Hardened Scales,Commander: FINAL FANTASY,861,1115,2411.2,1.78,3.99,1.85,124.15730337078652,3.9325842696629247,$1-2
687496,Cultivate,Commander: Secrets of Strixhaven,860,1430,572.16,0.39,0.99,0.36,153.84615384615384,-7.692307692307699,$0-1
656712,Steam Vents (Borderless),Lorwyn Eclipsed,860,951,18726.93,16.02,22.99,14.83,43.50811485642946,-7.428214731585515,$10-20
126369,Winding Constrictor,Aether Revolt,859,1529,716.15,0.48,0.79,0.4,64.58333333333334,-16.66666666666666,$0-1
671204,Evolution Sage,Commander: Lorwyn Eclipsed,858,1029,2592.71,2.19,4.49,2.07,105.02283105022832,-5.479452054794526,$2-5
499811,Vanquisher's Banner,Commander: The Lord of the Rings: Tales of Middle-earth,858,1096,4628.6,5.04,6.99,4.23,38.69047619047619,-16.071428571428566,$5-10
660653,Planetarium of Wan Shi Tong,Avatar: The Last Airbender,858,916,5501.1,5.65,7.49,4.94,32.56637168141592,-12.566371681415928,$5-10
589330,Crystal Barricade,Foundations,858,1010,1638.94,2.38,2.99,0.36,25.63025210084035,-84.87394957983194,$2-5
689488,Choreographed Sparks,Secrets of Strixhaven,858,1159,442.66,0.28,0.49,0.15,74.99999999999997,-46.42857142857144,$0-1
615181,Treasure Vault,Commander: Aetherdrift,857,1291,1492.03,1.12,2.49,0.98,122.32142857142856,-12.50000000000001,$1-2
643036,Pain for All,Edge of Eternities,857,1175,696.63,0.64,1.79,0.25,179.68749999999997,-60.9375,$0-1
498525,Forge Anew,Universes Beyond: The Lord of the Rings: Tales of Middle-earth,856,901,4358.99,5.68,5.99,4.54,5.457746478873248,-20.070422535211264,$5-10
625277,Dragon Sniper,Tarkir: Dragonstorm,856,1203,1069.17,1.52,1.99,0.31,30.921052631578945,-79.60526315789474,$1-2
631135,Anger,Commander: FINAL FANTASY,855,1154,925.88,0.48,1.29,0.4,168.75000000000003,-16.66666666666666,$0-1
590858,Doubling Season,Foundations,855,871,28482.04,33.13,42.99,30.21,29.76154542710534,-8.813763960156962,$20-50
243329,Cleric Class,Adventures in the Forgotten Realms,855,966,1820.77,2.03,2.99,1.42,47.2906403940887,-30.04926108374384,$2-5
630901,Forest (0307),FINAL FANTASY,855,2829,1007.38,0.29,0.79,0.15,172.41379310344828,-48.275862068965516,$0-1
631291,Conqueror's Flail,Commander: FINAL FANTASY,855,1202,1288.16,0.79,1.49,0.77,88.60759493670885,-2.531645569620255,$0-1
689108,Germination Practicum (Borderless),Secrets of Strixhaven,855,876,14477.94,12.21,11.99,10.42,-1.801801801801807,-14.660114660114667,$10-20
689531,Vibrant Outburst,Secrets of Strixhaven,854,1506,464.85,0.29,0.35,0.15,20.689655172413794,-48.275862068965516,$0-1
123071,Reckless Fireweaver,Kaladesh,854,1153,983.49,0.42,0.99,0.31,135.71428571428575,-26.190476190476186,$0-1
687692,Llanowar Wastes,Commander: Secrets of Strixhaven,854,1352,950.03,0.5,1.79,0.51,258.0,2.0000000000000018,$0-1
499216,Rise of the Witch-king,Universes Beyond: The Lord of the Rings: Tales of Middle-earth,853,958,864.58,0.85,0.99,0.43,16.47058823529412,-49.411764705882355,$0-1
240035,Esper Sentinel,Modern Horizons 2,853,905,52529.9,59.14,74.99,59.38,26.80081163341223,0.405816706121072,$50-100
187122,Flux Channeler,War of the Spark,853,1007,3098.66,2.76,3.99,1.82,44.565217391304365,-34.05797101449274,$2-5
552301,"K'rrik, Son of Yawgmoth",Modern Horizons 3,853,1025,795.18,0.72,1.29,0.32,79.16666666666667,-55.55555555555556,$0-1
90945,Elvish Mystic,Magic 2015 (M15),853,1229,721.16,0.39,0.99,0.29,153.84615384615384,-25.64102564102565,$0-1
652016,Spider Manifestation,Marvel's Spider-Man,852,1489,468.3,0.32,0.35,0.15,9.374999999999991,-53.125,$0-1
552841,Planar Genesis,Modern Horizons 3,852,1150,783.16,0.39,0.99,0.15,153.84615384615384,-61.53846153846154,$0-1
552861,Archway of Innovation,Modern Horizons 3,852,1108,969.85,1.05,1.99,0.67,89.52380952380952,-36.19047619047619,$1-2
452208,Gaea's Gift,The Brothers' War,852,1057,1178.3,1.14,2.29,0.81,100.87719298245617,-28.947368421052623,$1-2
589328,Bloodthirsty Conqueror,Foundations,851,897,31536.51,39.76,42.99,32.3,8.123742454728381,-18.762575452716302,$20-50
687478,Pawn of Ulamog,Commander: Secrets of Strixhaven,851,1375,1774.37,0.47,0.99,0.25,110.63829787234043,-46.80851063829787,$0-1
552625,Ophiomancer,Modern Horizons 3,851,942,1162.27,1.1,1.99,0.52,80.90909090909089,-52.727272727272734,$1-2
615171,Blasphemous Act,Commander: Aetherdrift,850,1368,1207.8,0.9,2.29,0.72,154.44444444444446,-20.000000000000004,$0-1
651360,"Gwenom, Remorseless",Marvel's Spider-Man,850,873,4841.85,5.42,6.49,2.08,19.741697416974173,-61.62361623616236,$5-10
283524,Relic of Legends,Dominaria United,850,942,2504.14,2.8,2.29,1.37,-18.214285714285708,-51.07142857142857,$2-5
591325,Heraldic Banner,Foundations,850,1208,441.34,0.35,0.99,0.15,182.85714285714286,-57.14285714285714,$0-1
552621,Strix Serenade,Modern Horizons 3,850,1160,2527.36,1.79,2.99,0.51,67.03910614525141,-71.50837988826815,$1-2
239718,Mistvault Bridge,Modern Horizons 2,849,1489,959.09,0.66,0.35,0.41,-46.969696969696976,-37.87878787878788,$0-1
631246,Trailblazer's Boots,Commander: FINAL FANTASY,849,1160,1739.92,1.18,2.49,1.27,111.01694915254241,7.627118644067804,$1-2
116436,Open the Armory,Shadows over Innistrad,849,981,2418.47,2.64,4.99,2.62,89.01515151515152,-0.7575757575757582,$2-5
696498,The Super Hero Civil War,Marvel Super Heroes,848,1351,716.42,0.29,0.49,0.15,68.96551724137932,-48.275862068965516,$0-1
129733,Nest of Scarabs,Amonkhet,847,949,5228.43,5.57,3.99,3.69,-28.366247755834827,-33.75224416517056,$5-10
688478,Resonating Lute (Extended Art),Secrets of Strixhaven,846,924,5251.99,1.92,1.79,1.63,-6.770833333333329,-15.104166666666668,$1-2
559918,Thought Vessel,Commander: Bloomburrow,846,983,2983.07,3.01,3.99,2.44,32.55813953488374,-18.936877076411957,$2-5
696429,"Captain America, First Avenger (Borderless)",Marvel Universe Eternal-Legal,845,856,15963.64,12.7,11.99,10.83,-5.590551181102355,-14.724409448818893,$10-20
240460,Duskshell Crawler,Modern Horizons 2,845,1077,349.98,0.3,0.49,0.15,63.33333333333334,-50.0,$0-1
633138,Summon: Titan,FINAL FANTASY,845,960,1445.18,1.69,2.29,0.87,35.502958579881664,-48.5207100591716,$1-2
696438,"Wolverine, Best There Is (Borderless)",Marvel Universe Eternal-Legal,845,849,24370.85,23.87,27.99,25.76,17.260159195643055,7.917888563049856,$20-50
253770,End the Festivities,Innistrad: Crimson Vow,845,1421,1589.6,1.43,1.29,0.67,-9.790209790209783,-53.14685314685315,$1-2
632061,Shadowbringers - Dovin's Veto (Showcase),FINAL FANTASY: Through the Ages,845,936,2152.03,1.94,3.49,2.07,79.89690721649487,6.7010309278350455,$1-2
544175,Insatiable Avarice,Outlaws of Thunder Junction,844,954,4853.17,4.8,6.99,4.75,45.62500000000001,-1.041666666666663,$2-5
633174,"Jenova, Ancient Calamity",FINAL FANTASY,844,920,2167.93,1.35,1.99,0.26,47.4074074074074,-80.74074074074075,$1-2
679117,Splinter of the Shadows - Ashcoat of the Shadow Swarm (Borderless),Teenage Mutant Ninja Turtles Source Material,844,975,4970.77,4.4,5.99,2.82,36.136363636363626,-35.90909090909092,$2-5
668476,Moon Girl and Devil Dinosaur,Marvel Super Heroes,843,1402,641.46,0.25,0.49,0.15,96.0,-40.0,$0-1
240157,Tireless Provisioner,Modern Horizons 2,843,933,2384.28,2.13,3.49,2.06,63.84976525821598,-3.2863849765258144,$2-5
631296,Talisman of Dominance,Commander: FINAL FANTASY,843,972,1734.92,1.59,2.49,1.3,56.60377358490567,-18.238993710691826,$1-2
671489,Requiting Hex,Lorwyn Eclipsed,842,1795,1400.71,0.48,0.99,0.15,106.25,-68.74999999999999,$0-1
673608,"Rat King, Verminister",Teenage Mutant Ninja Turtles,842,993,884.37,0.99,0.99,0.16,0.0,-83.83838383838383,$0-1
559718,Agate Instigator,Commander: Bloomburrow,842,1060,7275.96,8.83,8.99,8.32,1.8120045300113266,-5.7757644394110965,$5-10
105594,Dispel,Battle for Zendikar,841,1268,824.21,0.37,0.35,0.2,-5.405405405405411,-45.945945945945944,$0-1
525827,Unclaimed Territory,Commander: The Lost Caverns of Ixalan,841,1269,717.2,0.36,0.35,0.16,-2.7777777777777803,-55.55555555555556,$0-1
696417,Simulacrum Synthesizer (Borderless),Marvel Universe Eternal-Legal,840,892,18177.38,19.32,29.99,18.74,55.22774327122152,-3.0020703933747503,$10-20
630890,Swamp (0301),FINAL FANTASY,840,2887,900.59,0.21,0.59,0.15,180.95238095238096,-28.57142857142857,$0-1
644278,Starwinder,Edge of Eternities,840,953,1022.06,0.85,1.99,0.5700000000000001,134.11764705882354,-32.941176470588225,$0-1
642795,Cyberdrive Awakener,Commander: Edge of Eternities,840,992,2164.85,1.89,4.49,2.01,137.5661375661376,6.3492063492063435,$1-2
687361,Angel of Indemnity,Commander: Secrets of Strixhaven,839,1563,942.38,0.38,0.69,0.15,81.57894736842104,-60.526315789473685,$0-1
226641,"Rograkh, Son of Rohgahh",Commander Legends,839,965,2791.24,2.24,2.79,2.08,24.55357142857142,-7.142857142857148,$2-5
687618,Culling Ritual,Commander: Secrets of Strixhaven,839,1572,938.54,0.42,0.69,0.31,64.28571428571428,-26.190476190476186,$0-1
499750,Swan Song,Commander: The Lord of the Rings: Tales of Middle-earth,839,889,7945.57,8.75,13.99,9.15,59.885714285714286,4.571428571428576,$5-10
187187,Bolas's Citadel,War of the Spark,838,859,14222.38,16.04,12.99,12.5,-19.014962593516206,-22.069825436408973,$10-20
142005,Herald of Secret Streams,Ixalan,838,1027,5796.56,5.41,9.99,3.12,84.65804066543437,-42.329020332717185,$5-10
687403,Faithless Looting,Commander: Secrets of Strixhaven,838,1652,723.0,0.39,0.99,0.3,153.84615384615384,-23.076923076923084,$0-1
93202,Brave the Sands,Khans of Tarkir,838,888,3286.84,4.06,6.99,3.42,72.16748768472908,-15.763546798029552,$2-5
679621,Command Tower,Commander: Teenage Mutant Ninja Turtles,838,1268,456.76,0.34,0.69,0.2,102.9411764705882,-41.1764705882353,$0-1
651910,Spider-Sense,Marvel's Spider-Man,838,1014,2019.99,1.8,2.79,0.96,54.99999999999999,-46.666666666666664,$1-2
670971,Vibrance,Lorwyn Eclipsed,836,1100,5289.38,2.81,6.99,1.81,148.7544483985765,-35.587188612099645,$2-5
504530,Kodama's Reach (Borderless),Commander Masters,836,2041,3347.48,1.98,2.99,1.04,51.010101010101025,-47.474747474747474,$1-2
182965,Wilderness Reclamation,Ravnica Allegiance,835,1003,2387.95,3.13,4.49,2.12,43.450479233226844,-32.26837060702874,$2-5
687533,Songbirds' Blessing,Commander: Secrets of Strixhaven,835,1550,1746.88,0.5,0.79,0.36,58.00000000000001,-28.000000000000004,$0-1
630955,Summon: Primal Odin,FINAL FANTASY,834,893,1606.73,1.84,1.79,0.51,-2.7173913043478284,-72.28260869565217,$1-2
687523,Sheltered by Ghosts,Commander: Secrets of Strixhaven,834,1774,2632.43,1.28,2.79,1.12,117.96875,-12.499999999999993,$1-2
687399,Brazen Borrower,Commander: Secrets of Strixhaven,834,1921,2267.24,0.4,0.99,0.15,147.5,-62.5,$0-1
618874,"Y'shtola, Night's Blessed",Commander: FINAL FANTASY,834,1634,4640.41,4.49,8.99,2.94,100.22271714922049,-34.52115812917595,$2-5
11311,Vault of Whispers,Mirrodin,833,1450,5426.46,3.97,5.49,2.54,38.287153652392945,-36.02015113350126,$2-5
631894,Vincent Valentine,FINAL FANTASY,832,1018,1748.42,1.26,0.99,0.8200000000000001,-21.42857142857143,-34.92063492063492,$1-2
631124,"Gogo, Mysterious Mime",Commander: FINAL FANTASY,832,1085,2698.64,1.64,2.79,1.7,70.1219512195122,3.658536585365857,$1-2
550845,Devourer of Destiny,Modern Horizons 3,831,1477,2061.68,1.11,2.29,0.19,106.30630630630628,-82.8828828828829,$1-2
688513,Steal the Show,Secrets of Strixhaven,831,1052,409.15,0.3,0.49,0.15,63.33333333333334,-50.0,$0-1
641969,Blasphemous Act,Commander: Edge of Eternities,831,1289,1402.82,0.89,2.29,0.75,157.30337078651684,-15.730337078651688,$0-1
696432,"Iron Man, Titan of Innovation (Borderless)",Marvel Universe Eternal-Legal,831,854,12913.76,12.54,16.99,10.26,35.48644338118022,-18.181818181818176,$10-20
673649,Chrome Dome,Teenage Mutant Ninja Turtles,831,1003,954.0,1.27,1.29,0.15,1.5748031496063006,-88.18897637795277,$1-2
688527,Splatter Technique,Secrets of Strixhaven,831,1310,463.65,0.27,0.49,0.15,81.48148148148147,-44.44444444444445,$0-1
642855,Karn's Bastion,Commander: Edge of Eternities,831,1167,2680.81,2.44,4.99,2.54,104.50819672131149,4.098360655737709,$2-5
631548,Farseek,Commander: FINAL FANTASY,830,1882,1394.94,0.59,1.49,0.59,152.54237288135596,0.0,$0-1
696363,Mountain (0283),Marvel Super Heroes,830,3175,1444.65,0.34,0.49,0.15,44.117647058823515,-55.88235294117647,$0-1
642807,"Tekuthal, Inquiry Dominus",Commander: Edge of Eternities,830,1824,2787.42,1.26,2.29,1.25,81.74603174603175,-0.7936507936507943,$1-2
689409,Fracture,Secrets of Strixhaven: Mystical Archive,830,927,997.53,0.69,1.29,0.15,86.95652173913045,-78.26086956521738,$0-1
687576,Defacing Duskmage,Commander: Secrets of Strixhaven,829,1211,1641.12,0.44,0.49,0.15,11.36363636363636,-65.90909090909092,$0-1
648727,Swamp (0289),Avatar: The Last Airbender,829,2462,893.15,0.33,0.49,0.15,48.48484848484848,-54.545454545454554,$0-1
71039,"Nykthos, Shrine to Nyx",Theros,829,874,44694.62,53.61,69.99,44.42,30.554001119194176,-17.142324193247525,$50-100
630780,"Yuna, Grand Summoner",Commander: FINAL FANTASY,828,1863,7911.05,3.07,8.49,1.91,176.5472312703583,-37.785016286644954,$2-5
688818,Echocasting Symposium (Borderless),Secrets of Strixhaven,828,857,6981.76,4.54,6.49,4.4,42.95154185022027,-3.0837004405286272,$2-5
687571,Twilight Mire,Commander: Secrets of Strixhaven,828,1407,543.21,0.4,1.29,0.3,222.5,-25.000000000000007,$0-1
552584,Disruptor Flute,Modern Horizons 3,828,1467,2450.78,1.49,2.99,0.31,100.67114093959732,-79.19463087248322,$1-2
696351,The Ten Rings (Borderless),Marvel Super Heroes,828,906,15827.88,23.04,32.99,21.88,43.1857638888889,-5.034722222222223,$20-50
499507,Farseek,Commander: The Lord of the Rings: Tales of Middle-earth,827,1054,776.36,0.88,1.79,0.79,103.40909090909092,-10.227272727272723,$0-1
651978,Oscorp Industries,Marvel's Spider-Man,827,944,1193.5,1.75,1.99,0.46,13.714285714285715,-73.71428571428572,$1-2
673570,Kitsune's Technique,Teenage Mutant Ninja Turtles,827,1054,1396.36,1.24,1.49,0.15,20.161290322580648,-87.90322580645163,$1-2
221774,Valakut Awakening,Zendikar Rising,826,894,14196.16,17.32,24.99,17.43,44.28406466512701,0.6351039260969944,$10-20
6245,Sigil of Sleep,Urza's Destiny,826,909,4936.61,4.5,4.99,3.01,10.888888888888895,-33.111111111111114,$2-5
634189,Magic Damper,FINAL FANTASY,826,1214,324.83,0.29,0.35,0.15,20.689655172413794,-48.275862068965516,$0-1
183033,Smothering Tithe,Ravnica Allegiance,826,839,43753.43,50.15,69.99,51.34,39.56131605184446,2.372881355932213,$50-100
688913,Empty the Warrens,Secrets of Strixhaven: Mystical Archive,826,930,635.74,0.42,0.49,0.15,16.666666666666668,-64.28571428571429,$0-1
631265,An Offer You Can't Refuse,Commander: FINAL FANTASY,826,1107,2632.62,2.49,4.99,2.61,100.4016064257028,4.819277108433721,$2-5
648733,Avatar Aang,Avatar: The Last Airbender,825,946,3386.58,3.22,2.99,2.05,-7.142857142857142,-36.33540372670808,$2-5
631006,"Kefka, Court Mage",FINAL FANTASY,825,887,4635.93,6.13,8.49,6.7700000000000005,38.49918433931485,10.440456769983696,$5-10
646639,Mountain (0192),Marvel's Spider-Man,825,2535,855.01,0.37,0.79,0.15,113.51351351351353,-59.45945945945946,$0-1
530025,Demand Answers (Showcase),Murders at Karlov Manor,824,1045,577.06,0.36,1.29,0.33,258.33333333333337,-8.333333333333325,$0-1
187204,Cruel Celebrant,War of the Spark,824,1020,1138.31,1.16,1.79,0.52,54.31034482758622,-55.172413793103445,$1-2
631196,Path to Exile,Commander: FINAL FANTASY,824,1151,1433.53,1.2,2.79,1.14,132.50000000000003,-5.000000000000004,$1-2
39062,Phyresis,Mirrodin Besieged,824,1023,1861.87,1.89,2.79,0.52,47.61904761904763,-72.4867724867725,$1-2
630924,Y'shtola Rhul,FINAL FANTASY,824,869,4544.89,4.87,6.49,3.12,33.26488706365503,-35.93429158110883,$2-5
630879,Plains (0295),FINAL FANTASY,823,3365,1005.31,0.26,0.49,0.15,88.46153846153845,-42.307692307692314,$0-1
687606,Umbral Expanse,Commander: Secrets of Strixhaven,823,1425,1289.77,0.36,0.49,0.26,36.111111111111114,-27.777777777777775,$0-1
679071,Teleportation Circle (Borderless),Teenage Mutant Ninja Turtles Source Material,823,920,4205.59,5.04,7.49,5.0,48.611111111111114,-0.7936507936507943,$5-10
661944,Shared Roots,Avatar: The Last Airbender,823,1235,836.26,0.38,0.49,0.15,28.947368421052627,-60.526315789473685,$0-1
235658,Solve the Equation,Strixhaven: School of Mages,822,866,3214.62,3.76,6.49,3.51,72.60638297872342,-6.648936170212766,$2-5
558384,Ms. Bumbleflower (Borderless),Commander: Bloomburrow,822,1416,8634.83,5.51,11.99,4.16,117.60435571687842,-24.500907441016327,$5-10
689537,"Moseo, Vein's New Dean (Extended Art)",Secrets of Strixhaven,822,879,2362.35,1.73,0.79,0.72,-54.33526011560693,-58.38150289017341,$1-2
556351,"Alexios, Deimos of Kosmos",Universes Beyond: Assassin's Creed,822,1716,905.9,0.45,1.49,0.17,231.11111111111114,-62.22222222222222,$0-1
631262,Inexorable Tide,Commander: FINAL FANTASY,822,1210,1874.49,1.13,2.29,1.0,102.65486725663719,-11.504424778761054,$1-2
641971,"Moraug, Fury of Akoum",Commander: Edge of Eternities,821,964,2181.92,2.15,3.49,2.07,62.32558139534885,-3.720930232558143,$2-5
283381,"Elas il-Kor, Sadistic Pilgrim",Dominaria United,821,913,2183.27,2.53,2.29,1.09,-9.48616600790513,-56.91699604743082,$2-5
642790,Uthros Research Craft,Commander: Edge of Eternities,821,1155,1383.82,1.24,2.49,1.04,100.80645161290325,-16.129032258064512,$1-2
687652,Stormcatch Mentor,Commander: Secrets of Strixhaven,820,1225,702.17,0.28,0.49,0.15,74.99999999999997,-46.42857142857144,$0-1
552614,Wrath of the Skies,Modern Horizons 3,820,1504,2616.23,2.02,3.49,0.6900000000000001,72.77227722772278,-65.84158415841584,$2-5
687691,Isolated Chapel,Commander: Secrets of Strixhaven,820,1552,562.47,0.37,1.29,0.3,248.64864864864865,-18.91891891891892,$0-1
687580,Eccentric Pestfinder,Commander: Secrets of Strixhaven,820,1014,840.22,0.4,0.49,0.15,22.499999999999993,-62.5,$0-1
552647,Strength of the Harvest,Modern Horizons 3,820,1051,481.89,0.35,0.35,0.15,0.0,-57.14285714285714,$0-1
687680,Fetid Heath,Commander: Secrets of Strixhaven,820,1339,733.05,0.37,1.29,0.29,248.64864864864865,-21.621621621621625,$0-1
696302,HULK SMASH! (Borderless),Marvel Super Heroes,820,1219,559.59,0.24,0.35,0.15,45.83333333333333,-37.5,$0-1
129978,Approach of the Second Sun,Amonkhet,819,921,4088.42,6.06,4.99,3.94,-17.656765676567648,-34.98349834983498,$5-10
559819,Combat Celebrant,Commander: Bloomburrow,819,1062,1204.84,1.94,2.29,0.67,18.04123711340207,-65.4639175257732,$1-2
526191,Fanatical Offering,The Lost Caverns of Ixalan,819,1707,2807.51,1.2,2.99,0.87,149.16666666666669,-27.499999999999996,$1-2
235118,Storm-Kiln Artist,Strixhaven: School of Mages,818,937,2187.86,2.43,2.29,1.55,-5.761316872427988,-36.21399176954733,$2-5
631307,Incubation Druid,Commander: FINAL FANTASY,818,1010,1322.61,0.93,1.79,0.88,92.47311827956989,-5.3763440860215095,$0-1
679615,Hidden Hideout,Commander: Teenage Mutant Ninja Turtles,818,1166,4541.28,3.0,4.49,2.08,49.66666666666668,-30.666666666666664,$2-5
686621,Colorstorm Stallion (Borderless),Secrets of Strixhaven,817,1010,2395.89,1.08,0.99,0.19,-8.33333333333334,-82.40740740740742,$1-2
696325,The Kingpin of Crime,Marvel Super Heroes,816,1151,796.47,0.29,0.49,0.15,68.96551724137932,-48.275862068965516,$0-1
687659,Wight of the Reliquary,Commander: Secrets of Strixhaven,816,1352,903.26,0.4,0.99,0.26,147.5,-35.0,$0-1
633189,"Golbez, Clad in Darkness - Syr Konrad, the Grim (Showcase)",FINAL FANTASY: Through the Ages,815,930,1585.8,1.41,1.99,0.78,41.13475177304966,-44.68085106382978,$1-2
631194,Propaganda,Commander: FINAL FANTASY,815,959,3136.73,2.99,3.49,2.7,16.722408026755854,-9.698996655518394,$2-5
212233,Surly Badgersaur,Commander 2020,815,854,10368.26,17.04,24.99,17.45,46.654929577464785,2.4061032863849774,$10-20
696390,Hit-Monkey,Commander: Marvel Super Heroes,815,881,7522.45,4.75,6.49,3.86,36.631578947368425,-18.73684210526316,$2-5
633977,Memories of Nibelheim - Stroke of Midnight (Showcase),FINAL FANTASY: Through the Ages,814,1065,3017.55,1.13,1.29,0.19,14.159292035398243,-83.18584070796462,$1-2
631114,Authority of the Consuls,Commander: FINAL FANTASY,814,1004,4415.79,4.69,6.49,4.53,38.37953091684434,-3.411513859275056,$2-5
688645,Ambitious Augmenter,Secrets of Strixhaven,814,1179,415.94,0.28,0.49,0.15,74.99999999999997,-46.42857142857144,$0-1
696423,Defense of the Heart (Borderless),Marvel Universe Eternal-Legal,814,901,8203.72,9.21,11.99,9.62,30.184581976112913,4.451682953311599,$5-10
679577,"Krang, the All-Powerful",Commander: Teenage Mutant Ninja Turtles,814,1175,795.66,0.38,1.29,0.17,239.47368421052633,-55.263157894736835,$0-1
679138,All Will Be One (Borderless),Teenage Mutant Ninja Turtles Source Material,813,841,10958.44,12.06,14.99,8.85,24.29519071310116,-26.61691542288558,$10-20
532907,Meticulous Archive,Murders at Karlov Manor,812,964,10719.39,10.46,16.99,9.37,62.42829827915867,-10.420650095602308,$10-20
646637,Forest (0193),Marvel's Spider-Man,812,2643,1345.24,0.33,0.99,0.15,199.99999999999994,-54.545454545454554,$0-1
498682,"Lotho, Corrupt Shirriff",Universes Beyond: The Lord of the Rings: Tales of Middle-earth,812,827,11074.89,12.9,16.99,11.46,31.705426356589133,-11.162790697674414,$10-20
696566,Avengers Disassembled (Borderless),Marvel Super Heroes,811,1200,2019.67,1.77,3.49,0.85,97.17514124293787,-51.9774011299435,$1-2
206025,Mountain,Theros Beyond Death,811,3117,5377.95,1.36,2.29,0.96,68.38235294117646,-29.41176470588236,$1-2
558383,Hazel of the Rootbloom (Borderless),Commander: Bloomburrow,811,1136,1904.49,6.68,9.99,2.59,49.55089820359282,-61.227544910179645,$5-10
671239,Return of the Wildspeaker,Commander: Lorwyn Eclipsed,810,1216,1194.06,0.99,2.49,1.3,151.51515151515153,31.313131313131322,$0-1
253735,Undying Malice,Innistrad: Crimson Vow,810,950,623.4,0.52,0.49,0.27,-5.7692307692307745,-48.07692307692307,$0-1
688525,Thunderdrum Soloist,Secrets of Strixhaven,810,1157,1345.91,0.32,0.35,0.15,9.374999999999991,-53.125,$0-1
111073,Slip Through Space,Oath of the Gatewatch,810,1078,586.37,0.4,0.59,0.2,47.499999999999986,-50.0,$0-1
646034,"Lyla, Holographic Assistant",Marvel's Spider-Man: Eternal-Legal,810,929,7664.2,6.05,16.99,6.09,180.8264462809917,0.661157024793389,$5-10
651851,Impostor Syndrome,Marvel's Spider-Man,810,849,5884.84,7.83,9.99,6.44,27.586206896551722,-17.752234993614298,$5-10
591199,Sire of Seven Deaths,Foundations,810,939,16789.01,19.41,32.99,17.69,69.96393611540444,-8.861411643482734,$10-20
238617,Counterspell,Modern Horizons 2,810,1037,2766.35,2.66,3.99,1.56,50.0,-41.35338345864662,$2-5
696469,Baxter Building,Marvel Super Heroes,810,1693,1746.44,0.3,0.35,0.15,16.666666666666664,-50.0,$0-1
577658,Silent Hallcreeper,Duskmourn: House of Horror,809,940,1904.41,1.69,2.49,1.14,47.3372781065089,-32.544378698224854,$1-2
559964,"Chatterfang, Squirrel General",Commander: Bloomburrow,809,944,7806.44,11.39,15.99,10.36,40.38630377524143,-9.043020193151898,$10-20
624591,Herd Heirloom,Tarkir: Dragonstorm,809,890,3580.6,3.97,5.49,3.38,38.287153652392945,-14.86146095717885,$2-5
657751,"Krang, Master Mind",Teenage Mutant Ninja Turtles,808,1150,1571.88,0.84,1.79,0.39,113.09523809523812,-53.57142857142857,$0-1
624279,Will of the Mardu,Commander: Tarkir: Dragonstorm,808,1202,3068.97,3.5,4.49,2.69,28.285714285714292,-23.142857142857146,$2-5
651386,Peter Parker's Camera,Marvel's Spider-Man,807,947,1555.75,1.3,1.99,0.62,53.076923076923066,-52.307692307692314,$1-2
656705,Hallowed Fountain (Borderless),Lorwyn Eclipsed,807,917,13790.81,13.31,14.99,11.77,12.622088655146504,-11.570247933884303,$10-20
660617,"Bumi, Unleashed",Avatar: The Last Airbender,807,842,3618.4,4.5,4.99,3.08,10.888888888888895,-31.555555555555554,$2-5
686578,Improvisation Capstone (Borderless),Secrets of Strixhaven,807,838,17381.03,13.31,18.99,11.81,42.6746806912096,-11.269722013523666,$10-20
9616,Cabal Ritual,Torment,806,934,16211.91,13.37,18.99,13.54,42.03440538519072,1.271503365744203,$10-20
687485,Determined Iteration,Commander: Secrets of Strixhaven,806,1315,2087.25,0.44,0.69,0.15,56.8181818181818,-65.90909090909092,$0-1
1712,Dark Ritual,Fourth Edition,806,1099,4027.73,3.75,4.49,1.56,19.733333333333338,-58.4,$2-5
686595,Pest Mascot,Secrets of Strixhaven,806,1287,290.1,0.29,0.35,0.15,20.689655172413794,-48.275862068965516,$0-1
696360,Island (0280),Marvel Super Heroes,805,3696,1844.13,0.29,0.59,0.15,103.44827586206897,-48.275862068965516,$0-1
590863,"Alesha, Who Laughs at Fate",Foundations,805,914,1220.75,1.37,2.29,1.03,67.15328467153283,-24.817518248175187,$1-2
496031,Call of the Ring,Universes Beyond: The Lord of the Rings: Tales of Middle-earth,805,901,4031.2,4.18,5.49,3.82,31.3397129186603,-8.612440191387558,$2-5
634624,"Venat, Heart of Hydaelyn",FINAL FANTASY,804,883,1357.74,2.03,1.29,0.34,-36.453201970443345,-83.2512315270936,$2-5
552738,Sowing Mycospawn,Modern Horizons 3,804,1254,2008.95,1.77,2.79,1.05,57.6271186440678,-40.67796610169491,$1-2
544417,Three Steps Ahead,Outlaws of Thunder Junction,804,975,7326.52,5.0,8.49,4.94,69.80000000000001,-1.1999999999999922,$5-10
532938,Elegant Parlor,Murders at Karlov Manor,804,968,9925.72,8.41,14.99,8.19,78.24019024970274,-2.6159334126040505,$5-10
238607,Arid Mesa,Modern Horizons 2,803,940,30609.27,27.51,42.99,28.13,56.27044711014177,2.2537259178480458,$20-50
696364,Mountain (0284),Marvel Super Heroes,803,2929,1386.11,0.27,0.49,0.15,81.48148148148147,-44.44444444444445,$0-1
673670,"Raph & Leo, Sibling Rivals",Teenage Mutant Ninja Turtles,803,900,1008.64,0.81,0.49,0.15,-39.50617283950618,-81.48148148148148,$0-1
631880,"Ultima, Origin of Oblivion",FINAL FANTASY,803,1003,1422.98,0.92,1.79,0.2,94.56521739130434,-78.26086956521738,$0-1
631278,Scavenger Grounds,Commander: FINAL FANTASY,803,1157,483.31,0.29,0.49,0.15,68.96551724137932,-48.275862068965516,$0-1
697137,"Matt Murdock, Justice Seeker",Commander: Marvel Super Heroes,801,879,3806.52,2.08,2.99,1.04,43.75000000000001,-50.0,$2-5
222130,Negate,Zendikar Rising,801,1382,428.96,0.22,0.39,0.15,77.27272727272728,-31.818181818181824,$0-1
479616,Infectious Inquiry,Phyrexia: All Will Be One,801,1344,549.43,0.42,1.29,0.2,207.14285714285717,-52.38095238095237,$0-1
36465,Tainted Strike,Scars of Mirrodin,801,1004,2740.67,2.94,3.49,2.03,18.70748299319729,-30.95238095238096,$2-5
679619,Sol Ring,Commander: Teenage Mutant Ninja Turtles,800,1099,1867.52,2.06,2.49,1.49,20.873786407766996,-27.669902912621364,$2-5
657760,"Raphael, the Muscle (0004) (Borderless)",Commander: Teenage Mutant Ninja Turtles,800,1367,1256.4,1.6,3.99,0.26,149.375,-83.75,$1-2
671233,Kodama's Reach,Commander: Lorwyn Eclipsed,800,1511,2210.95,1.45,2.99,1.49,106.20689655172416,2.758620689655175,$1-2
576520,Hushwood Verge,Duskmourn: House of Horror,800,1036,7098.22,7.92,10.99,7.29,38.76262626262626,-7.954545454545453,$5-10
273294,Breath Weapon,Commander Legends: Battle for Baldur's Gate,800,1339,5818.21,6.21,8.49,6.24,36.71497584541063,0.4830917874396175,$5-10
697431,Swordsman's Steel,Commander: Marvel Super Heroes,799,842,20310.72,20.11,23.99,18.65,19.293883639980105,-7.260069617105922,$20-50
687572,Silkguard,Commander: Secrets of Strixhaven,799,1379,823.17,0.36,1.29,0.25,258.33333333333337,-30.555555555555554,$0-1
590826,"Giada, Font of Hope",Foundations,799,1297,847.95,0.67,0.99,0.15,47.761194029850735,-77.61194029850746,$0-1
687608,Haywire Mite,Commander: Secrets of Strixhaven,798,1487,3516.17,0.45,1.49,0.39,231.11111111111114,-13.333333333333334,$0-1
558320,"Camellia, the Seedmiser",Bloomburrow,798,939,1734.98,3.22,2.49,1.03,-22.67080745341615,-68.01242236024846,$2-5
686517,Together as One,Secrets of Strixhaven,798,1190,392.27,0.29,0.49,0.15,68.96551724137932,-48.275862068965516,$0-1
631559,Generous Patron,Commander: FINAL FANTASY,798,1063,2015.84,0.78,1.49,0.71,91.02564102564101,-8.974358974358982,$0-1
162175,Rat Colony,Dominaria,797,3421,21823.39,5.62,7.49,5.09,33.27402135231317,-9.43060498220641,$5-10
696412,T'Challa's Protection - Teferi's Protection (Borderless),Marvel Universe Eternal-Legal,797,849,29590.33,33.22,37.99,34.72,14.35881998795907,4.515352197471403,$20-50
648704,Fated Firepower,Avatar: The Last Airbender,797,846,4665.16,4.72,7.49,4.0200000000000005,58.68644067796611,-14.830508474576257,$2-5
631583,Dragonskull Summit,Commander: FINAL FANTASY,797,1357,919.19,0.45,0.99,0.37,120.0,-17.777777777777782,$0-1
656714,Temple Garden (Borderless),Lorwyn Eclipsed,796,897,11981.59,10.88,14.99,8.78,37.77573529411764,-19.301470588235308,$10-20
534638,Leyline of the Guildpact,Murders at Karlov Manor,796,1030,4581.32,3.57,5.49,3.1,53.781512605042025,-13.165266106442571,$2-5
105714,Zulaport Cutthroat,Battle for Zendikar,796,928,1425.06,2.01,2.49,0.8300000000000001,23.8805970149254,-58.70646766169153,$2-5
671166,"Vraska, Betrayal's Sting",Commander: Lorwyn Eclipsed,796,1269,1318.49,0.78,1.79,0.61,129.4871794871795,-21.7948717948718,$0-1
633991,Overkill,FINAL FANTASY,796,1145,375.0,0.3,0.69,0.15,129.99999999999997,-50.0,$0-1
696944,"Black Widow, Agile Avenger",Commander: Marvel Super Heroes,795,967,13532.89,10.5,17.99,10.74,71.33333333333331,2.285714285714288,$10-20
646575,Spider-Punk,Marvel's Spider-Man,795,929,1884.66,1.79,2.79,1.22,55.865921787709496,-31.84357541899442,$1-2
646638,Island (0190),Marvel's Spider-Man,794,2660,945.95,0.33,0.69,0.15,109.09090909090907,-54.545454545454554,$0-1
630892,Swamp (0302),FINAL FANTASY,794,2728,918.67,0.23,0.59,0.15,156.52173913043475,-34.78260869565218,$0-1
479363,Vraska's Fall,Phyrexia: All Will Be One,794,1072,360.76,0.47,1.29,0.2,174.468085106383,-57.44680851063829,$0-1
512597,Grasp of Fate,Wilds of Eldraine: Enchanting Tales,794,965,446.21,0.36,0.69,0.22,91.66666666666666,-38.888888888888886,$0-1
641978,Exploration Broodship,Commander: Edge of Eternities,794,1123,4040.85,3.55,4.49,3.42,26.478873239436634,-3.661971830985913,$2-5
479182,Drown in Ichor,Phyrexia: All Will Be One,793,1255,1176.82,0.86,1.79,0.62,108.13953488372094,-27.906976744186046,$0-1
615058,Renewed Solidarity,Commander: Aetherdrift,793,972,6097.17,4.24,7.99,4.16,88.44339622641509,-1.8867924528301903,$2-5
512540,Intangible Virtue,Wilds of Eldraine: Enchanting Tales,793,955,338.1,0.34,0.39,0.15,14.705882352941172,-55.88235294117647,$0-1
532911,Raucous Theater,Murders at Karlov Manor,793,871,9465.19,9.67,15.99,10.22,65.35677352637022,5.687693898655644,$5-10
532872,Warleader's Call,Murders at Karlov Manor,792,855,6357.73,5.55,8.99,5.19,61.981981981981995,-6.486486486486477,$5-10
630903,Forest (0308),FINAL FANTASY,792,2417,777.86,0.25,0.49,0.15,96.0,-40.0,$0-1
240055,Dragon's Rage Channeler,Modern Horizons 2,792,1288,2353.85,1.5,1.79,0.77,19.333333333333336,-48.666666666666664,$1-2
553219,"Yavimaya, Cradle of Growth",Commander: Modern Horizons 3,792,823,12534.51,17.35,21.99,14.82,26.74351585014407,-14.582132564841505,$10-20
641805,Singularity Rupture,Edge of Eternities,792,958,788.01,0.48,0.99,0.15,106.25,-68.74999999999999,$0-1
591742,"Lathril, Blade of the Elves",Foundations,792,915,1462.87,1.26,1.49,0.37,18.253968253968253,-70.63492063492063,$1-2
553297,Twisted Landscape,Modern Horizons 3,791,1648,428.16,0.3,0.39,0.15,30.00000000000001,-50.0,$0-1
188119,"Krenko, Tin Street Kingpin",War of the Spark,790,836,2548.69,3.07,4.49,2.42,46.2540716612378,-21.17263843648208,$2-5
696487,"Daredevil, Man Without Fear (Borderless) (0372)",Marvel Super Heroes,790,818,5496.11,5.17,5.99,3.36,15.860735009671187,-35.00967117988395,$5-10
507143,Frantic Search (Borderless),Commander Masters,790,1053,1189.35,1.09,1.49,0.88,36.69724770642201,-19.266055045871568,$1-2
215373,Peer into the Abyss,Core Set 2021,790,845,2522.01,3.53,4.49,2.91,27.195467422096332,-17.563739376770528,$2-5
475527,Swamp (269) - Full Art,Phyrexia: All Will Be One,789,2326,6717.85,2.39,3.49,2.53,46.02510460251047,5.857740585774045,$2-5
212717,Ram Through,Ikoria: Lair of Behemoths,789,1423,816.7,0.33,1.29,0.26,290.9090909090909,-21.21212121212121,$0-1
696434,Ravenous Tyrannosaurus (Borderless),Marvel Universe Eternal-Legal,789,842,8127.41,10.56,10.99,8.89,4.071969696969694,-15.81439393939394,$10-20
679639,Vernal Fen,Commander: Teenage Mutant Ninja Turtles,789,1267,753.65,0.46,0.99,0.26,115.21739130434783,-43.47826086956522,$0-1
696623,Alien Invasion,Marvel Super Heroes,788,1424,947.63,0.25,0.49,0.15,96.0,-40.0,$0-1
71316,Aqueous Form,Theros,788,1374,920.61,0.39,1.29,0.29,230.76923076923075,-25.64102564102565,$0-1
662403,Agna Qel'a,Avatar: The Last Airbender,788,952,1305.53,1.23,1.79,0.8300000000000001,45.52845528455285,-32.52032520325203,$1-2
532910,Underground Mortuary,Murders at Karlov Manor,787,866,13300.08,12.78,19.99,12.67,56.41627543035993,-0.8607198748043774,$10-20
671173,Endurance,Commander: Lorwyn Eclipsed,787,1763,6784.82,3.88,6.99,3.59,80.15463917525774,-7.474226804123712,$2-5
656672,Mutable Explorer,Lorwyn Eclipsed,787,959,1175.32,1.14,1.29,0.32,13.157894736842119,-71.92982456140349,$1-2
591021,Bolt Bend,Foundations,787,1068,2673.45,2.53,4.99,2.61,97.2332015810277,3.1620553359683825,$2-5
671266,Chromatic Lantern,Commander: Lorwyn Eclipsed,787,1204,1363.56,0.94,2.49,0.73,164.89361702127664,-22.34042553191489,$0-1
646685,Swamp (0191),Marvel's Spider-Man,787,2466,1302.13,0.46,0.99,0.15,115.21739130434783,-67.3913043478261,$0-1
524261,Arcane Signet,Commander: The Lost Caverns of Ixalan,787,1161,710.04,0.63,1.79,0.44,184.12698412698413,-30.158730158730158,$0-1
34738,Soul's Attendant,Rise of the Eldrazi,786,870,4425.73,4.28,7.49,3.68,75.0,-14.018691588785048,$2-5
642782,Patrolling Peacemaker,Commander: Edge of Eternities,786,1277,1585.46,0.89,1.29,0.87,44.943820224719104,-2.247191011235957,$0-1
539393,Sol Ring,Universes Beyond: Fallout,786,1064,1967.25,2.3,2.79,1.44,21.304347826086968,-37.39130434782608,$2-5
688517,Mana Sculpt (Extended Art),Secrets of Strixhaven,785,880,2071.68,1.77,2.29,0.8300000000000001,29.37853107344633,-53.10734463276836,$1-2
696474,Origin of the Avengers,Marvel Super Heroes,785,1596,917.75,0.28,0.49,0.15,74.99999999999997,-46.42857142857144,$0-1
687520,Sevinne's Reclamation,Commander: Secrets of Strixhaven,785,1149,473.76,0.34,1.29,0.23,279.4117647058823,-32.35294117647059,$0-1
631192,Luminous Broodmoth,Commander: FINAL FANTASY,785,1060,1128.13,0.55,1.49,0.41,170.90909090909088,-25.454545454545464,$0-1
39432,Suture Priest,New Phyrexia,784,911,2312.38,2.6,2.79,1.4,7.307692307692306,-46.15384615384615,$2-5
631207,Graven Cairns,Commander: FINAL FANTASY,784,973,2089.84,1.85,3.99,1.95,115.67567567567568,5.405405405405398,$1-2
686611,"Tam, Observant Sequencer",Secrets of Strixhaven,784,1032,616.28,0.3,0.35,0.15,16.666666666666664,-50.0,$0-1
679616,Chromatic Lantern,Commander: Teenage Mutant Ninja Turtles,783,1108,1644.87,1.53,2.49,0.52,62.7450980392157,-66.01307189542483,$1-2
553235,Talon Gates of Madara,Commander: Modern Horizons 3,783,1161,22209.65,28.77,29.99,27.92,4.240528328119566,-2.9544664581160855,$20-50
479492,Cankerbloom,Phyrexia: All Will Be One,783,1035,680.41,0.58,0.79,0.2,36.20689655172416,-65.51724137931035,$0-1
615186,Arcane Denial,Commander: Aetherdrift,782,1080,1881.96,2.07,2.99,1.62,44.444444444444464,-21.7391304347826,$2-5
679614,Arcane Signet,Commander: Teenage Mutant Ninja Turtles,782,1021,752.74,0.58,0.99,0.38,70.68965517241381,-34.48275862068965,$0-1
696435,"Storm, Force of Nature (Borderless)",Marvel Universe Eternal-Legal,782,797,10027.24,8.39,9.49,6.78,13.11084624553039,-19.18951132300358,$5-10
235117,Witherbloom Apprentice,Strixhaven: School of Mages,781,1111,1006.03,0.57,0.79,0.19,38.59649122807019,-66.66666666666666,$0-1
238609,Misty Rainforest,Modern Horizons 2,781,895,31538.45,36.34,42.99,36.2,18.299394606494214,-0.3852504127683009,$20-50
253668,Hullbreaker Horror,Innistrad: Crimson Vow,781,813,4511.9,5.67,8.99,5.21,58.55379188712523,-8.112874779541446,$5-10
668474,Thunderbolts Conspiracy,Marvel Super Heroes,780,1208,545.71,0.3,0.49,0.15,63.33333333333334,-50.0,$0-1
686619,"Witherbloom, the Balancer (Borderless)",Secrets of Strixhaven,780,784,25290.45,13.64,14.99,11.45,9.897360703812314,-16.05571847507332,$10-20
675585,"Lorehold, the Historian (Borderless)",Secrets of Strixhaven,780,793,15574.15,5.4,9.49,5.05,75.74074074074073,-6.481481481481491,$5-10
532897,Shadowy Backstreet,Murders at Karlov Manor,780,910,10536.62,10.22,15.99,10.07,56.45792563600782,-1.4677103718199642,$10-20
687355,Staff of the Storyteller,Commander: Secrets of Strixhaven,779,1543,1232.09,0.51,0.79,0.15,54.90196078431373,-70.58823529411764,$0-1
578068,"Arabella, Abandoned Doll",Duskmourn: House of Horror,779,996,594.32,0.49,0.99,0.15,102.04081632653062,-69.38775510204081,$0-1
662030,Enter the Avatar State,Avatar: The Last Airbender,779,1162,359.79,0.31,0.59,0.15,90.32258064516128,-51.61290322580645,$0-1
591719,Brass's Bounty,Foundations,779,925,1937.84,0.46,0.99,0.15,115.21739130434783,-67.3913043478261,$0-1
555790,"Caduceus, Staff of Hermes",Universes Beyond: Assassin's Creed,778,874,5362.87,6.12,11.99,5.92,95.91503267973856,-3.2679738562091534,$5-10
646614,"Doctor Octopus, Master Planner (Borderless)",Marvel's Spider-Man,778,879,4622.69,9.12,8.49,7.0600000000000005,-6.907894736842095,-22.587719298245602,$5-10
673550,"Leonardo, Cutting Edge",Teenage Mutant Ninja Turtles,778,977,1169.24,0.94,1.29,0.15,37.2340425531915,-84.04255319148936,$0-1
688510,Zaffai and the Tempests,Secrets of Strixhaven,778,947,318.16,0.27,0.49,0.15,81.48148148148147,-44.44444444444445,$0-1
688973,Impractical Joke,Secrets of Strixhaven,778,1465,410.9,0.3,0.35,0.15,16.666666666666664,-50.0,$0-1
560008,Sword of the Squeak,Commander: Bloomburrow,778,1168,1699.29,0.45,0.49,0.2,8.888888888888884,-55.55555555555556,$0-1
689520,Abstract Paintmage,Secrets of Strixhaven,777,1017,300.48,0.28,0.35,0.15,24.999999999999982,-46.42857142857144,$0-1
641767,Timeline Culler,Edge of Eternities,777,1233,478.34,0.37,0.69,0.15,86.48648648648647,-59.45945945945946,$0-1
513354,Collector's Vault,Wilds of Eldraine,777,1060,1244.54,1.09,1.79,0.38,64.22018348623853,-65.13761467889908,$1-2
533889,Case of the Locked Hothouse,Murders at Karlov Manor,777,825,1942.62,2.25,4.49,1.97,99.55555555555556,-12.444444444444445,$2-5
227121,Foundry Inspector,Commander Legends,776,962,458.87,0.45,1.29,0.15,186.66666666666666,-66.66666666666667,$0-1
696582,"Ultron, Artificial Malevolence (Borderless) (0344)",Marvel Super Heroes,776,788,25848.48,24.21,32.99,20.82,36.26600578273441,-14.002478314745975,$20-50
624907,Windcrag Siege,Tarkir: Dragonstorm,776,827,2749.46,3.57,5.49,1.77,53.781512605042025,-50.42016806722689,$2-5
631008,"Lightning, Army of One",FINAL FANTASY,774,813,8431.7,8.84,13.99,7.640000000000001,58.2579185520362,-13.574660633484156,$5-10
656697,Blood Crypt (Borderless),Lorwyn Eclipsed,774,849,13373.76,13.39,18.99,11.28,41.82225541448841,-15.758028379387612,$10-20
558400,Stormcatch Mentor,Bloomburrow,774,976,541.7,0.26,0.39,0.17,50.0,-34.61538461538461,$0-1
630872,"Jidoor, Aristocratic Capital",FINAL FANTASY,774,873,1418.59,2.05,1.79,0.45,-12.682926829268284,-78.04878048780488,$2-5
457458,Cloud of Faeries,Dominaria Remastered,773,1231,425.21,0.31,0.69,0.17,122.5806451612903,-45.16129032258064,$0-1
646662,Plains (0189),Marvel's Spider-Man,773,2558,1171.02,0.31,0.99,0.15,219.3548387096774,-51.61290322580645,$0-1
661920,The Legend of Yangchen,Avatar: The Last Airbender,773,852,3482.52,3.65,6.49,2.31,77.80821917808221,-36.71232876712329,$2-5
631488,Sunken Ruins,Commander: FINAL FANTASY,773,912,3039.2,3.17,4.99,3.12,57.41324921135648,-1.5772870662460512,$2-5
679194,Rhythm of the Wild (Borderless),Teenage Mutant Ninja Turtles Source Material,773,823,4056.29,4.09,6.99,4.0,70.90464547677263,-2.200488997555009,$2-5
576518,Gloomlake Verge,Duskmourn: House of Horror,773,930,9951.34,9.98,12.99,8.82,30.160320641282564,-11.623246492985972,$5-10
631594,Sulfurous Springs,Commander: FINAL FANTASY,772,1024,1295.4,0.98,1.99,1.01,103.0612244897959,3.061224489795921,$0-1
657787,Mountain (0256),Teenage Mutant Ninja Turtles,772,2403,1102.7,0.44,0.49,0.15,11.36363636363636,-65.90909090909092,$0-1
623916,Ureni of the Unwritten (Borderless),Commander: Tarkir: Dragonstorm,772,910,8499.99,13.0,24.99,10.42,92.23076923076921,-19.846153846153847,$10-20
498620,There and Back Again,Universes Beyond: The Lord of the Rings: Tales of Middle-earth,772,823,3676.39,4.81,6.49,3.99,34.92723492723494,-17.047817047817038,$2-5
652059,Hide on the Ceiling,Marvel's Spider-Man,771,935,1367.01,1.0,2.29,0.62,129.0,-38.0,$1-2
498680,Borne Upon a Wind,Universes Beyond: The Lord of the Rings: Tales of Middle-earth,771,976,4223.77,4.34,4.49,1.45,3.456221198156691,-66.58986175115207,$2-5
552950,Command Tower,Commander: Modern Horizons 3,771,1229,428.45,0.38,0.69,0.25,81.57894736842104,-34.21052631578947,$0-1
687502,"Excava, the Risen Past (Borderless)",Commander: Secrets of Strixhaven,771,1040,1712.78,0.74,0.99,0.19,33.78378378378378,-74.32432432432434,$0-1
671582,Eclipsed Realms,Lorwyn Eclipsed,771,1161,674.75,0.63,0.99,0.15,57.14285714285714,-76.19047619047619,$0-1
696253,No Mercy (Borderless),Marvel Universe Eternal-Legal,770,832,7012.27,9.3,11.99,9.36,28.924731182795693,0.6451612903225669,$5-10
671136,Archfiend of Ifnir,Commander: Lorwyn Eclipsed,770,943,417.54,0.39,0.79,0.3,102.56410256410258,-23.076923076923084,$0-1
670997,Harmonized Crescendo,Lorwyn Eclipsed,770,967,1032.15,1.18,1.29,0.52,9.322033898305094,-55.932203389830505,$1-2
272747,Avenging Hunter,Commander Legends: Battle for Baldur's Gate,770,1758,8514.15,4.79,7.49,4.68,56.36743215031316,-2.296450939457209,$2-5
273319,Ingenious Artillerist,Commander Legends: Battle for Baldur's Gate,769,897,1918.33,1.04,2.29,1.32,120.1923076923077,26.923076923076927,$1-2
221900,Khalni Ambush,Zendikar Rising,769,2644,1160.62,0.39,0.79,0.43,102.56410256410258,10.25641025641025,$0-1
679230,Undercity Sewers (Borderless),Teenage Mutant Ninja Turtles Source Material,768,868,9072.05,8.64,16.99,9.11,96.64351851851849,5.439814814814802,$5-10
642101,Umbral Collar Zealot,Edge of Eternities,768,1031,1382.2,0.35,0.79,0.15,125.71428571428574,-57.14285714285714,$0-1
206022,Plains,Theros Beyond Death,768,3272,4240.4,0.92,1.79,0.35,94.56521739130434,-61.956521739130444,$0-1
696857,Avengers: Under Siege,Marvel Super Heroes,767,1050,551.95,0.29,0.49,0.15,68.96551724137932,-48.275862068965516,$0-1
686618,"Silverquill, the Disputant (Borderless)",Secrets of Strixhaven,767,786,13256.04,6.94,7.49,5.09,7.925072046109507,-26.657060518731996,$5-10
624206,Clifftop Retreat,Commander: Tarkir: Dragonstorm,767,1079,333.31,0.33,0.79,0.2,139.3939393939394,-39.39393939393939,$0-1
578074,"Marvin, Murderous Mimic",Duskmourn: House of Horror,767,877,2838.69,3.54,4.99,3.46,40.960451977401135,-2.25988700564972,$2-5
13270,Elves of Deep Shadow,Ravnica: City of Guilds,767,991,3235.57,3.92,3.49,2.08,-10.969387755102034,-46.93877551020408,$2-5
689521,Embrace the Paradox,Secrets of Strixhaven,767,1249,312.35,0.26,0.35,0.15,34.615384615384606,-42.307692307692314,$0-1
688942,Winds of Abandon,Secrets of Strixhaven: Mystical Archive,767,807,4068.23,3.25,4.99,2.92,53.53846153846155,-10.153846153846157,$2-5
696571,"Mole Man, Moloid Master (Extended Art)",Marvel Super Heroes,766,852,3840.54,3.35,3.99,2.44,19.1044776119403,-27.164179104477615,$2-5
657786,Swamp (0255),Teenage Mutant Ninja Turtles,766,2754,1761.46,0.5,0.69,0.3,37.999999999999986,-40.0,$0-1
671577,Sapling Nursery,Lorwyn Eclipsed,766,975,1571.29,1.03,1.79,0.26,73.7864077669903,-74.75728155339806,$1-2
687406,Ribtruss Roaster,Commander: Secrets of Strixhaven,766,1111,1897.85,0.38,0.49,0.15,28.947368421052627,-60.526315789473685,$0-1
479564,Thirsting Roots,Phyrexia: All Will Be One,765,1051,782.58,0.62,1.29,0.3,108.06451612903227,-51.61290322580645,$0-1
687700,Necroblossom Snarl,Commander: Secrets of Strixhaven,765,1502,694.13,0.37,0.99,0.32,167.56756756756758,-13.513513513513512,$0-1
559733,Pollywog Prodigy,Commander: Bloomburrow,765,1032,6026.96,6.18,10.99,4.63,77.831715210356,-25.08090614886731,$5-10
122709,Aetherflux Reservoir,Kaladesh,765,773,17389.85,20.05,27.99,19.95,39.60099750623441,-0.49875311720698967,$20-50
552330,"Ral, Monsoon Mage",Modern Horizons 3,765,938,6516.07,7.29,10.99,6.23,50.75445816186557,-14.540466392318239,$5-10
555998,Path to Exile,Universes Beyond: Assassin's Creed,764,931,1247.2,1.42,2.49,1.18,75.35211267605636,-16.901408450704224,$1-2
671227,Savage Lands,Commander: Lorwyn Eclipsed,764,1149,382.41,0.36,0.69,0.15,91.66666666666666,-58.333333333333336,$0-1
559139,Long River's Pull,Bloomburrow,763,1010,313.01,0.34,0.79,0.15,132.35294117647058,-55.88235294117647,$0-1
656710,Overgrown Tomb (Borderless),Lorwyn Eclipsed,763,836,13102.04,12.84,15.99,10.42,24.532710280373834,-18.847352024922117,$10-20
651944,"Spider-Woman, Stunning Savior (Borderless)",Marvel's Spider-Man,762,866,1494.8,2.3,2.79,0.5700000000000001,21.304347826086968,-75.21739130434783,$2-5
591020,Wishclaw Talisman,Foundations,761,996,2134.43,1.61,3.99,1.69,147.82608695652172,4.968944099378873,$1-2
544837,Imp's Mischief,Outlaws of Thunder Junction: Breaking News,761,798,4989.99,7.69,9.99,6.9,29.908972691807538,-10.273081924577374,$5-10
687666,Alchemist's Refuge,Commander: Secrets of Strixhaven,761,1342,654.87,0.34,0.59,0.15,73.52941176470587,-55.88235294117647,$0-1
689059,Tragedy Feaster (Borderless),Secrets of Strixhaven,761,875,1040.85,0.59,0.49,0.15,-16.94915254237288,-74.57627118644066,$0-1
697490,Patriotic Shield - Sword of Fire and Ice (Borderless),Marvel Universe Eternal-Legal,761,775,22647.77,25.79,32.99,25.25,27.917797595967443,-2.093834819697554,$20-50
679567,Continue?,Commander: Teenage Mutant Ninja Turtles,761,1110,3353.85,2.32,3.99,1.77,71.98275862068968,-23.70689655172413,$2-5
56297,Infernal Plunge,Innistrad,760,1028,1886.25,0.51,0.79,0.37,54.90196078431373,-27.450980392156865,$0-1
491759,Wrenn's Resolve,March of the Machine,760,1254,2915.84,1.92,4.49,1.81,133.85416666666669,-5.72916666666666,$1-2
578062,Enduring Courage,Duskmourn: House of Horror,759,841,2025.29,2.74,3.99,2.07,45.62043795620438,-24.45255474452556,$2-5
642114,Cosmogrand Zenith,Edge of Eternities,759,931,5452.47,5.19,7.99,4.94,53.949903660886314,-4.816955684007707,$5-10
576514,Floodfarm Verge,Duskmourn: House of Horror,759,950,8211.24,8.13,11.99,7.47,47.47847478474784,-8.11808118081182,$5-10
696358,Plains (0278),Marvel Super Heroes,758,2755,1355.5,0.32,0.49,0.15,53.124999999999986,-53.125,$0-1
673549,Leader's Talent,Teenage Mutant Ninja Turtles,758,890,823.02,0.65,0.79,0.15,21.53846153846154,-76.92307692307692,$0-1
248106,Moonsilver Key,Innistrad: Midnight Hunt,758,986,1469.37,0.89,2.49,0.4,179.77528089887642,-55.0561797752809,$0-1
558604,Might of the Meek,Bloomburrow,758,1168,383.19,0.26,0.35,0.15,34.615384615384606,-42.307692307692314,$0-1
632167,Machinist's Arsenal,FINAL FANTASY,757,919,954.49,0.86,1.29,0.17,50.000000000000014,-80.23255813953489,$0-1
696411,Steelshaper's Gift (Borderless),Marvel Universe Eternal-Legal,757,797,6161.37,7.39,9.49,5.83,28.41677943166442,-21.109607577807843,$5-10
557277,Nowhere to Run,Duskmourn: House of Horror,757,1162,798.27,0.56,0.99,0.15,76.78571428571426,-73.21428571428571,$0-1
498377,Rosie Cotton of South Lane,Universes Beyond: The Lord of the Rings: Tales of Middle-earth,755,1067,444.22,0.32,0.49,0.15,53.124999999999986,-53.125,$0-1
499609,Living Death,Commander: The Lord of the Rings: Tales of Middle-earth,755,847,2122.18,4.07,5.49,2.91,34.88943488943488,-28.501228501228503,$2-5
4890,Songs of the Damned,Ice Age,755,1202,1894.23,2.58,1.79,1.02,-30.620155038759687,-60.46511627906976,$2-5
687579,Steelbane Hydra,Commander: Secrets of Strixhaven,754,1292,803.31,0.34,0.49,0.15,44.117647058823515,-55.88235294117647,$0-1
686617,"Quandrix, the Proof (Borderless)",Secrets of Strixhaven,754,769,9248.3,5.69,5.99,4.13,5.2724077328646715,-27.416520210896316,$5-10
631302,Gyre Sage,Commander: FINAL FANTASY,754,885,1426.79,1.04,2.29,1.01,120.1923076923077,-2.8846153846153872,$1-2
688655,Practiced Offense (Extended Art),Secrets of Strixhaven,754,982,1250.49,1.59,3.49,1.03,119.49685534591194,-35.22012578616353,$1-2
688909,Prismatic Ending,Secrets of Strixhaven: Mystical Archive,754,983,658.09,0.46,0.49,0.15,6.521739130434775,-67.3913043478261,$0-1
591184,"Ghalta, Primal Hunger",Foundations,754,941,945.54,1.16,1.49,0.47,28.44827586206897,-59.48275862068966,$1-2
687546,Sulfur Falls,Commander: Secrets of Strixhaven,753,1262,604.71,0.35,0.59,0.2,68.57142857142857,-42.85714285714285,$0-1
499784,Rejuvenating Springs,Commander: The Lord of the Rings: Tales of Middle-earth,753,826,5031.93,4.63,7.49,4.44,61.771058315334784,-4.103671706263488,$2-5
697041,Blazing Crescendo (Borderless),Marvel Super Heroes,753,1086,442.71,0.19,0.35,0.15,84.21052631578945,-21.052631578947373,$0-1
557928,Nine-Lives Familiar,Foundations,753,903,1433.73,1.95,2.49,0.45,27.692307692307704,-76.92307692307693,$1-2
544694,Conduit Pylons,Outlaws of Thunder Junction,753,1332,384.35,0.35,0.79,0.15,125.71428571428574,-57.14285714285714,$0-1
615113,Bontu's Monument,Commander: Aetherdrift,752,1071,3656.21,3.52,5.49,3.24,55.96590909090909,-7.954545454545449,$2-5
631195,Rogue's Passage,Commander: FINAL FANTASY,752,1067,537.57,0.37,0.99,0.38,167.56756756756758,2.7027027027027053,$0-1
689478,Rabid Attack,Secrets of Strixhaven,752,1214,350.71,0.25,0.35,0.15,39.99999999999999,-40.0,$0-1
631150,Ultimate Magic: Holy,Commander: FINAL FANTASY,752,1276,893.6,0.44,0.59,0.34,34.09090909090908,-22.72727272727272,$0-1
660603,"Ozai, the Phoenix King",Avatar: The Last Airbender,752,769,3439.36,3.65,4.49,2.99,23.013698630136993,-18.08219178082191,$2-5
188606,Contentious Plan,War of the Spark,752,1160,687.84,0.42,0.99,0.2,135.71428571428575,-52.38095238095237,$0-1
642797,"Emry, Lurker of the Loch",Commander: Edge of Eternities,751,1575,999.63,0.61,1.49,0.66,144.2622950819672,8.196721311475418,$0-1
624286,Grand Crescendo,Commander: Tarkir: Dragonstorm,751,889,2931.45,3.42,4.99,3.18,45.90643274853802,-7.017543859649117,$2-5
519239,Fiery Islet,Universes Beyond: Doctor Who,750,1081,4462.95,3.84,5.49,4.04,42.968750000000014,5.208333333333338,$2-5
499510,Birds of Paradise,Commander: The Lord of the Rings: Tales of Middle-earth,750,846,10367.69,13.21,16.99,9.32,28.614685844057515,-29.447388342165027,$10-20
631264,Fire-Lit Thicket,Commander: FINAL FANTASY,750,1020,1512.6,1.02,2.29,0.8300000000000001,124.50980392156863,-18.62745098039215,$1-2
499368,Elven Chorus,Universes Beyond: The Lord of the Rings: Tales of Middle-earth,749,828,3161.67,4.88,5.99,3.64,22.745901639344268,-25.409836065573764,$2-5
630875,Plains (0294),FINAL FANTASY,749,2847,835.81,0.25,0.59,0.15,136.0,-40.0,$0-1
687474,Awakening Zone,Commander: Secrets of Strixhaven,749,1310,1438.05,0.39,0.49,0.15,25.64102564102563,-61.53846153846154,$0-1
696558,"Baron Strucker, HYDRA Overlord (Borderless)",Marvel Super Heroes,749,967,353.1,0.28,0.35,0.15,24.999999999999982,-46.42857142857144,$0-1
631329,Prairie Stream,Commander: FINAL FANTASY,749,1114,409.68,0.31,0.49,0.16,58.06451612903225,-48.387096774193544,$0-1
206023,Island,Theros Beyond Death,748,2850,4559.82,1.27,1.79,0.26,40.94488188976378,-79.52755905511812,$1-2
553540,Maskwood Nexus,Commander: Modern Horizons 3,748,1178,1403.88,1.93,2.29,1.17,18.65284974093265,-39.37823834196891,$1-2
276308,Pirate's Pillage,Double Masters 2022,748,956,633.84,2.35,1.29,0.95,-45.1063829787234,-59.57446808510639,$2-5
589331,Darksteel Colossus,Foundations,748,2277,2215.8,1.01,1.29,0.5700000000000001,27.722772277227726,-43.56435643564356,$1-2
634438,The Masamune,FINAL FANTASY,748,862,1029.96,1.0,0.99,0.52,-1.0000000000000009,-48.0,$1-2
696387,"Iron Man, Armored Avenger",Commander: Marvel Super Heroes,748,817,4098.98,3.92,4.99,3.62,27.295918367346943,-7.653061224489792,$2-5
642113,"Adagia, Windswept Bastion",Edge of Eternities,747,805,4532.41,5.53,8.49,4.5600000000000005,53.526220614828205,-17.540687160940323,$5-10
634042,Cornered by Black Mages,FINAL FANTASY,747,1077,278.69,0.28,0.35,0.15,24.999999999999982,-46.42857142857144,$0-1
696967,"Night Nurse, Healer of Heroes",Marvel Super Heroes,746,1186,496.61,0.22,0.35,0.15,59.09090909090908,-31.818181818181824,$0-1
541268,"Emrakul, the World Anew",Modern Horizons 3,746,859,3767.78,4.78,6.49,3.54,35.77405857740585,-25.94142259414226,$2-5
253542,Reckless Impulse,Innistrad: Crimson Vow,746,1269,1828.33,1.44,2.49,1.04,72.91666666666669,-27.777777777777775,$1-2
689084,Scheming Silvertongue (Extended Art),Secrets of Strixhaven,746,826,2530.0,2.13,1.79,0.92,-15.962441314553985,-56.8075117370892,$2-5
589764,Electroduplicate,Foundations,745,947,602.64,0.56,1.29,0.19,130.35714285714283,-66.07142857142857,$0-1
696418,Fiery Emancipation (Borderless),Marvel Universe Eternal-Legal,745,809,5341.28,7.27,8.99,8.07,23.658872077028896,11.004126547455307,$5-10
548383,Snow-Covered Wastes (0229),Modern Horizons 3,745,2600,1088.28,0.67,1.29,0.15,92.53731343283582,-77.61194029850746,$0-1
686580,Skycoach Waypoint,Secrets of Strixhaven,743,1495,539.6,0.24,0.35,0.15,45.83333333333333,-37.5,$0-1
679587,Cultivate,Commander: Teenage Mutant Ninja Turtles,743,1110,443.64,0.39,0.99,0.3,153.84615384615384,-23.076923076923084,$0-1
624180,Curse of Opulence,Commander: Tarkir: Dragonstorm,743,887,2224.39,3.1,5.49,2.6,77.09677419354838,-16.129032258064516,$2-5
268342,Ledger Shredder,Streets of New Capenna,743,823,6345.08,8.94,15.99,8.63,78.85906040268458,-3.467561521252782,$5-10
671194,Cream of the Crop,Commander: Lorwyn Eclipsed,743,1694,1087.04,0.46,0.79,0.26,71.73913043478261,-43.47826086956522,$0-1
624214,Reliquary Tower,Commander: Tarkir: Dragonstorm,743,951,3466.97,3.81,5.49,3.38,44.094488188976385,-11.286089238845149,$2-5
671275,"Muldrotha, the Gravetide",Commander: Lorwyn Eclipsed,743,1262,916.24,0.56,1.49,0.44,166.07142857142853,-21.428571428571434,$0-1
631259,Clifftop Retreat,Commander: FINAL FANTASY,743,949,356.38,0.37,0.79,0.19,113.51351351351353,-48.648648648648646,$0-1
532905,Undercity Sewers,Murders at Karlov Manor,743,896,15354.25,13.93,19.99,13.07,43.503230437903795,-6.173725771715718,$10-20
631235,Lightning Greaves,Commander: FINAL FANTASY,742,905,4006.51,4.53,6.49,4.11,43.26710816777042,-9.271523178807945,$2-5
687588,Yavimaya Coast,Commander: Secrets of Strixhaven,742,1480,504.76,0.35,0.79,0.26,125.71428571428574,-25.714285714285705,$0-1
558437,Valley Rotcaller,Bloomburrow,742,919,2217.89,3.54,3.99,0.78,12.711864406779666,-77.96610169491525,$2-5
615067,Talisman of Dominance,Commander: Aetherdrift,742,886,1518.67,1.43,2.79,1.37,95.10489510489512,-4.195804195804184,$1-2
696869,"Bullseye, Death Dealer (Borderless)",Marvel Super Heroes,742,943,440.39,0.25,0.35,0.15,39.99999999999999,-40.0,$0-1
55906,Avacyn's Pilgrim,Innistrad,742,957,561.95,0.4,1.79,0.34,347.5,-15.0,$0-1
673584,Party Dude,Teenage Mutant Ninja Turtles,741,995,951.25,0.65,0.49,0.15,-24.61538461538462,-76.92307692307692,$0-1
615193,Aetheric Amplifier,Commander: Aetherdrift,741,1146,1241.96,0.63,1.49,0.35,136.5079365079365,-44.44444444444445,$0-1
35651,Pyretic Ritual,Magic 2011 (M11),741,925,6000.34,4.91,8.49,4.13,72.91242362525459,-15.885947046843182,$2-5
559729,Jacked Rabbit,Commander: Bloomburrow,741,1263,3182.87,3.72,5.49,2.08,47.58064516129032,-44.086021505376344,$2-5
577660,The Mindskinner,Duskmourn: House of Horror,741,884,2363.69,2.7,2.49,1.81,-7.777777777777777,-32.96296296296297,$2-5
630988,Absolute Virtue,FINAL FANTASY,741,791,2405.13,2.45,3.49,1.95,42.44897959183673,-20.408163265306133,$2-5
589380,Twinflame Tyrant,Foundations,741,758,19497.32,24.51,37.99,23.94,54.997960016319865,-2.3255813953488382,$20-50
625027,Warden of the Grove,Tarkir: Dragonstorm,741,806,2004.45,2.37,2.79,1.74,17.72151898734177,-26.58227848101266,$2-5
591774,Rune-Scarred Demon,Foundations,741,905,1285.35,0.85,1.79,0.3,110.58823529411765,-64.70588235294117,$0-1
624218,Sulfur Falls,Commander: Tarkir: Dragonstorm,740,1039,361.68,0.33,0.49,0.26,48.48484848484848,-21.21212121212121,$0-1
110989,Expedite,Oath of the Gatewatch,740,964,680.32,0.41,0.79,0.21,92.68292682926831,-48.78048780487805,$0-1
503399,Command Tower (Borderless),Commander Masters,739,1080,2503.36,2.33,2.99,1.75,28.326180257510735,-24.892703862660948,$2-5
631321,Glacial Fortress,Commander: FINAL FANTASY,738,1057,404.07,0.31,0.49,0.16,58.06451612903225,-48.387096774193544,$0-1
262050,"Boseiju, Who Endures",Kamigawa: Neon Dynasty,738,794,40247.32,49.47,69.99,55.2,41.4796846573681,11.582777440873265,$20-50
614418,Riverpyre Verge,Aetherdrift,738,938,21297.7,20.41,27.99,20.0,37.138657520823116,-2.0088192062714363,$20-50
191753,Putrid Goblin,Modern Horizons,738,987,730.22,0.45,0.69,0.26,53.33333333333332,-42.22222222222222,$0-1
618873,"Tidus, Yuna's Guardian",Commander: FINAL FANTASY,738,1166,916.94,2.6,6.99,0.8200000000000001,168.84615384615387,-68.46153846153847,$2-5
576512,Blazemire Verge,Duskmourn: House of Horror,737,835,7307.64,8.85,13.99,8.24,58.07909604519775,-6.892655367231633,$5-10
553293,Mana Reflection,Commander: Modern Horizons 3,737,950,1413.37,1.15,1.49,1.15,29.565217391304355,0.0,$1-2
631142,Zack Fair,FINAL FANTASY,737,1312,353.85,0.3,1.99,0.15,563.3333333333334,-50.0,$0-1
624184,Mana Geyser,Commander: Tarkir: Dragonstorm,737,898,1448.94,2.12,2.49,1.03,17.45283018867925,-51.41509433962265,$2-5
557922,Day of Judgment,Foundations,736,1089,763.56,1.1,1.49,0.22,35.454545454545446,-80.0,$1-2
632747,Haste Magic,FINAL FANTASY,736,1099,293.54,0.26,0.35,0.15,34.615384615384606,-42.307692307692314,$0-1
671267,Glissa Sunslayer,Commander: Lorwyn Eclipsed,736,1206,660.05,0.45,1.49,0.34,231.11111111111114,-24.44444444444444,$0-1
499578,"Arwen, Weaver of Hope",Commander: The Lord of the Rings: Tales of Middle-earth,736,853,3317.56,3.6,6.49,3.12,80.27777777777779,-13.333333333333334,$2-5
697336,"Thor, Asgard's Avenger",Commander: Marvel Super Heroes,736,895,1650.52,0.27,0.49,0.15,81.48148148148147,-44.44444444444445,$0-1
226646,Preordain,Commander Legends,736,1041,926.58,0.68,1.29,0.46,89.70588235294117,-32.35294117647059,$0-1
660494,Sozin's Comet,Avatar: The Last Airbender,736,777,3013.05,3.34,3.99,2.2,19.46107784431139,-34.1317365269461,$2-5
238619,Urza's Saga,Modern Horizons 2,735,854,35875.67,43.11,54.99,37.45,27.557411273486437,-13.12920436093713,$20-50
688870,Knockout Maneuver,Secrets of Strixhaven: Mystical Archive,735,996,328.59,0.23,0.35,0.15,52.17391304347825,-34.78260869565218,$0-1
686672,Sylvan Library (Borderless),Special Guests,735,751,20008.27,27.82,32.99,26.03,18.583752695902234,-6.434219985621851,$20-50
4727,Hydroblast,Ice Age,735,1757,6634.8,4.13,6.49,3.54,57.14285714285715,-14.285714285714283,$2-5
544329,Arid Archway,Outlaws of Thunder Junction,734,1256,868.64,0.79,1.49,0.53,88.60759493670885,-32.91139240506329,$0-1
575273,Ghost Vacuum,Duskmourn: House of Horror,734,874,4071.97,3.58,5.49,2.93,53.35195530726258,-18.156424581005584,$2-5
668484,Lord of Atlantis (Borderless),Marvel Universe Eternal-Legal,734,821,3853.37,4.71,6.99,2.43,48.40764331210192,-48.407643312101904,$2-5
272931,"Jaheira, Friend of the Forest",Commander Legends: Battle for Baldur's Gate,734,753,7414.52,12.31,13.99,8.33,13.647441104792849,-32.331437855402115,$10-20
239824,Verdant Command,Modern Horizons 2,734,972,907.76,1.04,1.99,0.96,91.34615384615384,-7.692307692307699,$1-2
199001,Deafening Silence,Throne of Eldraine,733,940,2044.23,2.19,1.99,1.04,-9.1324200913242,-52.51141552511416,$2-5
560228,Alchemist's Talent,Commander: Bloomburrow,733,1156,3946.84,4.98,4.99,4.41,0.20080321285140132,-11.445783132530126,$2-5
559727,Exotic Orchard,Commander: Bloomburrow,733,954,298.2,0.24,0.49,0.15,104.16666666666667,-37.5,$0-1
499661,Basalt Monolith,Commander: The Lord of the Rings: Tales of Middle-earth,732,1114,3820.67,4.25,5.49,3.23,29.176470588235297,-24.0,$2-5
615236,Stock Up,Aetherdrift,732,1246,2850.66,1.33,3.49,0.17,162.406015037594,-87.21804511278197,$1-2
553290,Seething Landscape,Modern Horizons 3,732,1234,343.94,0.28,0.39,0.15,39.28571428571428,-46.42857142857144,$0-1
589324,"Arahbo, the First Fang",Foundations,732,954,2300.49,0.82,1.99,0.15,142.6829268292683,-81.70731707317073,$0-1
39492,Blighted Agent,New Phyrexia,732,970,1212.35,1.29,1.29,0.76,0.0,-41.08527131782946,$1-2
262458,"Light-Paws, Emperor's Voice",Kamigawa: Neon Dynasty,731,838,5070.58,3.29,5.99,3.43,82.06686930091186,4.255319148936175,$2-5
10350,Brightstone Ritual,Onslaught,731,838,1994.25,2.1,1.79,1.03,-14.761904761904765,-50.95238095238095,$2-5
577689,Hedge Shredder,Duskmourn: House of Horror,730,778,2232.83,3.09,3.99,1.95,29.126213592233025,-36.89320388349515,$2-5
631813,Endwalker - Brainstorm (Showcase),FINAL FANTASY: Through the Ages,730,871,1740.31,1.24,2.49,1.17,100.80645161290325,-5.645161290322586,$1-2
697411,Hulkbuster Armor,Commander: Marvel Super Heroes,730,842,5026.44,3.37,5.49,3.31,62.908011869436194,-1.7804154302670638,$2-5
238608,Marsh Flats,Modern Horizons 2,730,837,26385.95,32.0,39.99,29.68,24.968750000000007,-7.250000000000001,$20-50
122600,Inventors' Fair,Kaladesh,730,750,10751.36,16.85,21.99,13.86,30.50445103857565,-17.744807121661733,$10-20
498308,Cast into the Fire,Universes Beyond: The Lord of the Rings: Tales of Middle-earth,730,1545,1299.24,0.87,1.99,0.79,128.73563218390808,-9.19540229885057,$0-1
673562,"Leatherhead, Swamp Stalker",Teenage Mutant Ninja Turtles,729,1024,674.34,0.93,0.99,0.15,6.451612903225799,-83.87096774193549,$0-1
630712,"Tifa, Martial Artist",Commander: FINAL FANTASY,729,1330,1580.06,3.53,7.99,2.15,126.34560906515584,-39.09348441926346,$2-5
631316,Demolition Field,Commander: FINAL FANTASY,729,1413,459.13,0.29,0.59,0.15,103.44827586206897,-48.275862068965516,$0-1
697486,Path to Exile (Borderless) (0047),Marvel Universe Eternal-Legal,729,762,5459.4,6.99,7.99,5.19,14.306151645207438,-25.75107296137339,$5-10
689382,Bring to Light,Secrets of Strixhaven: Mystical Archive,728,828,427.38,0.37,0.49,0.15,32.432432432432435,-59.45945945945946,$0-1
687627,Stonecoil Serpent,Commander: Secrets of Strixhaven,728,1106,412.41,0.34,0.99,0.15,191.17647058823525,-55.88235294117647,$0-1
212115,Drannith Magistrate,Ikoria: Lair of Behemoths,728,795,11182.52,15.13,19.99,13.01,32.121612690019816,-14.0118968935889,$10-20
507208,Counterspell (Borderless),Commander Masters,728,972,2301.04,2.47,4.49,2.29,81.78137651821862,-7.287449392712557,$2-5
644618,Seam Rip,Edge of Eternities,727,1604,944.33,0.4,0.99,0.15,147.5,-62.5,$0-1
552729,Cursed Mirror,Modern Horizons 3,727,826,695.28,0.87,0.79,0.2,-9.19540229885057,-77.01149425287356,$0-1
670970,Mirrormind Crown,Lorwyn Eclipsed,727,1018,1269.55,0.81,0.99,0.26,22.222222222222214,-67.90123456790124,$0-1
552825,Invert Polarity,Modern Horizons 3,727,1084,628.88,0.44,1.29,0.15,193.18181818181822,-65.90909090909092,$0-1
625135,Jeskai Revelation,Tarkir: Dragonstorm,727,1005,3668.13,5.51,8.99,4.4,63.15789473684211,-20.145190562613422,$5-10
687702,"Oran-Rief, the Vastwood",Commander: Secrets of Strixhaven,727,1148,381.76,0.35,0.99,0.25,182.85714285714286,-28.571428571428566,$0-1
652081,Biorganic Carapace,Marvel's Spider-Man,727,845,368.98,0.41,0.49,0.15,19.512195121951226,-63.41463414634146,$0-1
687508,Witch of the Moors,Commander: Secrets of Strixhaven,727,1332,666.04,0.39,0.69,0.15,76.9230769230769,-61.53846153846154,$0-1
238611,Verdant Catacombs,Modern Horizons 2,727,779,23756.19,27.16,37.99,29.12,39.87481590574375,7.216494845360828,$20-50
648654,"Momo, Friendly Flier",Avatar: The Last Airbender,726,1273,752.05,0.33,0.59,0.15,78.78787878787877,-54.545454545454554,$0-1
559726,"Elspeth, Sun's Champion (Borderless)",Commander: Bloomburrow,726,1000,1084.62,2.4,6.99,1.04,191.25,-56.666666666666664,$2-5
624139,Dracogenesis,Tarkir: Dragonstorm,726,753,9358.68,12.74,13.99,10.31,9.811616954474097,-19.073783359497643,$10-20
243448,Deadly Dispute,Adventures in the Forgotten Realms,726,1042,701.48,0.4,1.29,0.33,222.5,-17.5,$0-1
559627,Fountainport,Bloomburrow,725,823,2625.92,2.77,5.49,2.39,98.19494584837545,-13.718411552346566,$2-5
671137,Path to Exile,Commander: Lorwyn Eclipsed,725,931,1496.27,1.21,2.49,1.2,105.78512396694218,-0.8264462809917362,$1-2
272576,Irenicus's Vile Duplication,Commander Legends: Battle for Baldur's Gate,725,764,9118.42,12.82,17.99,11.45,40.32761310452417,-10.68642745709829,$10-20
696413,Counterspell (Borderless) (0052),Marvel Universe Eternal-Legal,725,758,7939.97,10.62,11.99,10.31,12.900188323917147,-2.9190207156308734,$10-20
686614,Professor Dellian Fel (Borderless),Secrets of Strixhaven,725,799,12298.96,6.51,8.99,6.21,38.0952380952381,-4.608294930875574,$5-10
671055,Spell Snare,Lorwyn Eclipsed,725,1439,638.16,0.33,0.99,0.15,199.99999999999994,-54.545454545454554,$0-1
283384,"Elas il-Kor, Sadistic Pilgrim (Showcase)",Dominaria United,725,864,1659.07,0.85,2.29,1.0,169.41176470588235,17.647058823529417,$0-1
212260,Ominous Seas,Ikoria: Lair of Behemoths,725,889,1264.86,1.17,2.99,1.14,155.55555555555557,-2.5641025641025665,$1-2
687536,Spirit Mantle,Commander: Secrets of Strixhaven,724,1389,1060.64,0.36,0.79,0.15,119.44444444444446,-58.333333333333336,$0-1
175582,"Niv-Mizzet, Parun",Guilds of Ravnica,724,846,4748.11,4.64,5.99,4.63,29.09482758620691,-0.21551724137930575,$2-5
552939,Sol Ring,Commander: Modern Horizons 3,724,1390,2274.11,1.8,2.79,1.4,54.99999999999999,-22.22222222222223,$1-2
679625,Fabled Passage,Commander: Teenage Mutant Ninja Turtles,723,945,1944.52,1.5,1.49,0.92,-0.6666666666666672,-38.666666666666664,$1-2
240047,Academy Manufactor,Modern Horizons 2,723,770,5080.01,6.78,9.49,6.59,39.97050147492625,-2.8023598820059052,$5-10
238610,Scalding Tarn,Modern Horizons 2,723,843,32081.95,38.39,42.99,39.66,11.982287053920295,3.3081531648866793,$20-50
239776,Quirion Ranger,Modern Horizons 2,723,1154,1909.84,1.37,2.29,1.14,67.15328467153283,-16.788321167883225,$1-2
672033,Changeling Wayfinder,Lorwyn Eclipsed,723,1371,367.05,0.25,0.35,0.15,39.99999999999999,-40.0,$0-1
651378,With Great Power . . .,Marvel's Spider-Man,723,932,629.96,1.23,1.49,0.15,21.138211382113823,-87.8048780487805,$1-2
624325,Goldlust Triad,Commander: Tarkir: Dragonstorm,722,819,4289.34,5.71,7.99,5.19,39.92994746059545,-9.106830122591937,$5-10
631113,"Bugenhagen, Wise Elder",Commander: FINAL FANTASY,722,1406,1217.35,0.44,1.29,0.4,193.18181818181822,-9.090909090909086,$0-1
651999,"Arana, Heart of the Spider",Marvel's Spider-Man,722,837,480.03,0.77,1.29,0.39,67.53246753246754,-49.35064935064935,$0-1
206926,Thassa's Oracle,Theros Beyond Death,722,734,16967.32,23.72,27.99,19.79,18.001686340640806,-16.568296795952783,$20-50
529989,"Aurelia, the Law Above",Murders at Karlov Manor,721,820,1353.63,1.44,2.29,1.45,59.02777777777779,0.6944444444444451,$1-2
668492,Horn of Greed (Borderless),Marvel Universe Eternal-Legal,721,778,7189.88,8.32,9.49,7.81,14.0625,-6.1298076923077005,$5-10
631223,Archfiend of Depravity,Commander: FINAL FANTASY,721,918,616.15,0.4,0.99,0.15,147.5,-62.5,$0-1
548574,Winter Moon,Modern Horizons 3,721,1032,727.49,0.41,0.99,0.15,141.46341463414637,-63.41463414634146,$0-1
641726,Extinguisher Battleship,Edge of Eternities,721,873,479.51,0.48,1.29,0.2,168.75000000000003,-58.33333333333333,$0-1
631823,Moogles' Valor,FINAL FANTASY,720,814,963.73,0.65,0.69,0.23,6.153846153846142,-64.61538461538461,$0-1
697067,"Shang-Chi, Master of Kung Fu (Borderless) (0370)",Marvel Super Heroes,720,753,14675.64,14.63,18.99,14.68,29.801777170198207,0.3417634996582292,$10-20
552822,Emrakul's Messenger,Modern Horizons 3,720,927,298.21,0.35,0.69,0.15,97.14285714285714,-57.14285714285714,$0-1
679600,Lessons from Life,Teenage Mutant Ninja Turtles,720,1128,306.07,0.32,0.35,0.15,9.374999999999991,-53.125,$0-1
239757,Patriarch's Bidding,Modern Horizons 2,720,770,3419.73,3.87,4.99,2.08,28.9405684754522,-46.253229974160206,$2-5
660532,White Lotus Tile,Avatar: The Last Airbender,720,781,3496.98,4.75,6.99,3.01,47.15789473684211,-36.631578947368425,$2-5
513893,Primal Vigor,Wilds of Eldraine: Enchanting Tales,720,748,8814.14,10.99,10.99,10.32,0.0,-6.096451319381255,$10-20
552852,Phyrexian Tower,Modern Horizons 3,719,788,20470.09,27.8,39.99,25.47,43.84892086330935,-8.381294964028783,$20-50
525821,Secluded Courtyard,Commander: The Lost Caverns of Ixalan,719,1149,361.49,0.38,0.39,0.15,2.6315789473684235,-60.526315789473685,$0-1
12437,Freed from the Real,Saviors of Kamigawa,719,766,5555.52,8.2,11.99,6.7700000000000005,46.219512195121965,-17.43902439024389,$5-10
642783,Swords to Plowshares,Commander: Edge of Eternities,718,1164,1621.02,1.39,2.49,1.4,79.13669064748204,0.7194244604316554,$1-2
697488,Cyberdrive Awakener (Borderless),Marvel Universe Eternal-Legal,718,755,2854.0,4.16,4.99,3.81,19.951923076923077,-8.41346153846154,$2-5
696288,Namor the Sub-Mariner (Borderless) (0362),Marvel Super Heroes,718,772,9056.14,14.35,16.99,14.41,18.397212543553998,0.41811846689895815,$10-20
478441,Sheoldred's Edict,Phyrexia: All Will Be One,717,912,1389.34,1.29,1.79,0.78,38.75968992248062,-39.53488372093023,$1-2
240050,Sterling Grove,Modern Horizons 2,717,787,3480.07,3.48,5.49,3.28,57.75862068965518,-5.747126436781615,$2-5
642848,Buried Ruin,Commander: Edge of Eternities,717,1304,580.3,0.38,0.99,0.37,160.52631578947367,-2.6315789473684235,$0-1
576530,Thornspire Verge,Duskmourn: House of Horror,717,835,4117.79,5.5,7.49,4.87,36.18181818181819,-11.454545454545451,$5-10
687388,Claim Jumper,Commander: Secrets of Strixhaven,717,1114,420.99,0.35,0.49,0.15,40.00000000000001,-57.14285714285714,$0-1
273196,"Miirym, Sentinel Wyrm",Commander Legends: Battle for Baldur's Gate,717,797,6585.74,6.35,4.99,6.19,-21.41732283464566,-2.519685039370067,$5-10
631807,Summon: Leviathan,FINAL FANTASY,717,808,1097.07,1.4,2.29,0.54,63.57142857142859,-61.42857142857142,$1-2
239441,Squirrel Sanctuary,Modern Horizons 2,717,845,424.16,0.36,0.79,0.15,119.44444444444446,-58.333333333333336,$0-1
624254,Auroral Procession,Tarkir: Dragonstorm,717,1170,587.29,0.48,1.49,0.15,210.41666666666669,-68.74999999999999,$0-1
679622,Dragonskull Summit,Commander: Teenage Mutant Ninja Turtles,717,997,721.16,0.61,0.79,0.26,29.508196721311485,-57.377049180327866,$0-1
552863,Ocelot Pride,Modern Horizons 3,716,900,36022.15,41.39,54.99,40.79,32.85817830393815,-1.4496255134090394,$20-50
498615,Peregrin Took (Showcase),Universes Beyond: The Lord of the Rings: Tales of Middle-earth,716,900,376.52,0.4,1.29,0.17,222.5,-57.49999999999999,$0-1
624216,Shivan Reef,Commander: Tarkir: Dragonstorm,716,1013,503.55,0.4,0.99,0.28,147.5,-30.0,$0-1
559916,Kalonian Hydra,Commander: Bloomburrow,716,803,3754.49,5.66,7.49,5.14,32.332155477031804,-9.187279151943471,$5-10
631110,Archaeomancer's Map,Commander: FINAL FANTASY,715,925,1545.88,1.06,1.99,0.96,87.73584905660377,-9.433962264150951,$1-2
686635,Deduce,Secrets of Strixhaven: Mystical Archive,715,988,275.85,0.17,0.35,0.15,105.88235294117645,-11.764705882352951,$0-1
11597,Whispersilk Cloak,Darksteel,715,850,2520.67,4.09,3.99,1.5,-2.444987775061116,-63.325183374083124,$2-5
630923,Summon: Fenrir,FINAL FANTASY,715,975,440.39,0.65,0.59,0.15,-9.230769230769239,-76.92307692307692,$0-1
588098,"Liliana, Dreadhorde General",Foundations,714,742,5710.37,7.19,10.99,6.92,52.85118219749651,-3.755215577190549,$5-10
641998,Pest Infestation,Commander: Edge of Eternities,714,959,759.76,0.52,0.79,0.46,51.92307692307693,-11.538461538461538,$0-1
689111,Dina's Guidance (Extended Art),Secrets of Strixhaven,714,827,1778.9,1.55,1.29,0.78,-16.7741935483871,-49.67741935483871,$1-2
559117,Curious Forager,Bloomburrow,714,920,388.74,0.36,0.59,0.15,63.888888888888886,-58.333333333333336,$0-1
686572,Diary of Dreams,Secrets of Strixhaven,714,1110,358.85,0.28,0.35,0.15,24.999999999999982,-46.42857142857144,$0-1
451925,Mishra's Bauble,The Brothers' War: Retro Frame Artifacts,714,1102,2719.34,2.36,2.99,0.72,26.694915254237305,-69.49152542372882,$2-5
498527,Ringsight,Universes Beyond: The Lord of the Rings: Tales of Middle-earth,714,832,1303.19,0.41,0.99,0.19,141.46341463414637,-53.658536585365844,$0-1
190635,Lava Dart,Modern Horizons,714,2115,2073.6,0.98,1.99,0.56,103.0612244897959,-42.85714285714285,$0-1
624149,Ghostly Prison,Commander: Tarkir: Dragonstorm,714,837,4185.68,5.69,5.99,4.16,5.2724077328646715,-26.889279437609844,$5-10
638906,"Kilo, Apogee Mind (Borderless)",Commander: Edge of Eternities,714,1196,879.1,1.81,2.49,0.3,37.56906077348067,-83.42541436464089,$1-2
631005,The Emperor of Palamecia,FINAL FANTASY,713,873,255.94,0.3,0.35,0.15,16.666666666666664,-50.0,$0-1
548590,Nulldrifter,Modern Horizons 3,713,928,1498.92,1.2,2.29,0.39,90.83333333333334,-67.5,$1-2
1898,Red Elemental Blast,Fourth Edition,713,1280,5390.15,3.51,5.49,3.25,56.41025641025642,-7.407407407407401,$2-5
631187,Talisman of Conviction,Commander: FINAL FANTASY,713,1103,414.61,0.38,0.59,0.2,55.263157894736835,-47.368421052631575,$0-1
462963,Skirk Prospector,Dominaria Remastered,713,1259,401.09,0.29,0.69,0.15,137.9310344827586,-48.275862068965516,$0-1
532881,Lush Portico,Murders at Karlov Manor,713,833,4791.91,5.11,7.99,4.67,56.360078277886494,-8.61056751467711,$5-10
559824,"Etali, Primal Storm",Commander: Bloomburrow,713,879,428.08,0.47,0.79,0.37,68.08510638297875,-21.276595744680847,$0-1
191578,Carrion Feeder,Modern Horizons,713,810,3387.27,3.8,4.99,3.66,31.315789473684223,-3.6842105263157814,$2-5
630895,Mountain (0303),FINAL FANTASY,712,2602,752.88,0.25,0.59,0.15,136.0,-40.0,$0-1
559503,Dour Port-Mage,Bloomburrow,712,770,2435.12,2.44,4.49,1.96,84.01639344262296,-19.672131147540984,$2-5
641744,The Endstone,Edge of Eternities,711,873,1855.71,2.02,3.49,1.82,72.77227722772278,-9.9009900990099,$2-5
688933,Return to the Ranks,Secrets of Strixhaven: Mystical Archive,711,794,463.08,0.35,0.49,0.15,40.00000000000001,-57.14285714285714,$0-1
457142,Crop Rotation,Dominaria Remastered,711,888,3084.09,3.69,3.99,3.08,8.130081300813014,-16.531165311653112,$2-5
660525,Day of Black Sun,Avatar: The Last Airbender,711,924,1152.85,0.8,1.29,0.15,61.24999999999999,-81.25,$0-1
457270,Elvish Spirit Guide,Dominaria Remastered,711,869,2302.3,3.02,2.99,2.33,-0.993377483443702,-22.847682119205295,$2-5
559999,Twenty-Toed Toad,Commander: Bloomburrow,710,935,3401.6,6.11,6.99,2.91,14.402618657937804,-52.373158756137485,$5-10
671181,Avenger of Zendikar,Commander: Lorwyn Eclipsed,710,1191,623.84,0.42,1.29,0.41,207.14285714285717,-2.380952380952383,$0-1
696647,"The Mighty Thor, Jane Foster (Extended Art)",Marvel Super Heroes,710,794,1822.52,1.6,2.29,1.19,43.125,-25.625000000000007,$1-2
696333,Madame Hydra (Borderless),Marvel Super Heroes,710,889,360.58,0.29,0.35,0.15,20.689655172413794,-48.275862068965516,$0-1
247826,Shipwreck Marsh,Innistrad: Midnight Hunt,710,761,4928.49,6.57,10.99,6.640000000000001,67.27549467275495,1.0654490106544945,$5-10
688688,Planar Engineering (Extended Art),Secrets of Strixhaven,710,803,3196.37,2.75,1.49,1.11,-45.81818181818182,-59.63636363636363,$2-5
673673,"Splinter, Radical Rat",Teenage Mutant Ninja Turtles,709,818,789.61,0.92,0.49,0.15,-46.73913043478261,-83.69565217391303,$0-1
660583,"Aang, at the Crossroads",Avatar: The Last Airbender,709,828,667.86,0.8,0.79,0.2,-1.250000000000001,-75.00000000000001,$0-1
668487,Chaos Warp (Borderless),Marvel Universe Eternal-Legal,708,760,4596.58,5.3,5.49,5.05,3.584905660377366,-4.716981132075472,$5-10
499774,Whispersilk Cloak,Commander: The Lord of the Rings: Tales of Middle-earth,708,897,2315.98,3.63,2.99,2.33,-17.63085399449035,-35.81267217630854,$2-5
641996,Nature's Lore,Commander: Edge of Eternities,708,754,2186.59,3.22,3.99,2.58,23.913043478260867,-19.87577639751553,$2-5
687631,Galazeth Prismari,Commander: Secrets of Strixhaven,708,1192,694.09,0.37,0.99,0.15,167.56756756756758,-59.45945945945946,$0-1
696475,Origin of the Avengers (Borderless),Marvel Super Heroes,707,863,609.49,0.53,0.49,0.15,-7.547169811320761,-71.69811320754717,$0-1
222039,Kazuul's Fury,Zendikar Rising,706,973,665.73,0.57,1.79,0.5700000000000001,214.0350877192983,1.9477596923248362e-14,$0-1
646579,Miles Morales,Marvel's Spider-Man,706,782,2437.32,5.15,4.99,3.42,-3.106796116504857,-33.59223300970874,$5-10
696338,"Thanos, the Mad Titan (Borderless) (0376)",Marvel Super Heroes,706,718,12063.18,11.96,9.99,9.02,-16.47157190635452,-24.581939799331114,$10-20
548589,Ugin's Labyrinth,Modern Horizons 3,706,1038,13339.06,13.4,20.99,11.64,56.6417910447761,-13.134328358208952,$10-20
499772,Lightning Greaves,Commander: The Lord of the Rings: Tales of Middle-earth,706,772,3498.96,4.96,6.49,4.07,30.84677419354839,-17.943548387096765,$2-5
556330,"Mjolnir, Storm Hammer",Universes Beyond: Assassin's Creed,706,836,1486.77,2.43,3.99,2.08,64.19753086419753,-14.403292181069963,$2-5
552581,Razorgrass Ambush,Modern Horizons 3,706,1096,402.94,0.36,0.49,0.15,36.111111111111114,-58.333333333333336,$0-1
679212,Leo's Katana - Sword of Sinew and Steel (Borderless),Teenage Mutant Ninja Turtles Source Material,706,792,2339.52,3.17,2.29,2.05,-27.760252365930597,-35.33123028391167,$2-5
642862,Seat of the Synod,Commander: Edge of Eternities,705,1156,871.3,0.8,1.49,0.61,86.25,-23.750000000000007,$0-1
696871,"Taskmaster, Mercenary Mimic (Extended Art)",Marvel Super Heroes,705,781,1826.96,2.2,2.79,1.04,26.818181818181806,-52.727272727272734,$2-5
552868,Monstrous Vortex,Modern Horizons 3,704,919,324.02,0.41,0.39,0.15,-4.878048780487796,-63.41463414634146,$0-1
269107,Brokers Hideout,Streets of New Capenna,704,851,669.78,1.21,1.79,0.61,47.93388429752067,-49.586776859504134,$1-2
548595,It That Heralds the End,Modern Horizons 3,703,1034,357.84,0.42,0.59,0.15,40.476190476190474,-64.28571428571429,$0-1
624293,Bojuka Bog,Commander: Tarkir: Dragonstorm,703,996,1216.67,1.81,2.29,1.03,26.519337016574585,-43.0939226519337,$1-2
589379,"Tinybones, Bauble Burglar",Foundations,703,798,895.62,1.32,1.29,0.44,-2.2727272727272747,-66.66666666666667,$1-2
661802,Octopus Form,Avatar: The Last Airbender,702,1111,258.35,0.22,0.35,0.15,59.09090909090908,-31.818181818181824,$0-1
688523,Maelstrom Artisan,Secrets of Strixhaven,702,1119,336.95,0.24,0.49,0.15,104.16666666666667,-37.5,$0-1
660544,Firebending Student,Avatar: The Last Airbender,702,927,640.65,0.35,0.99,0.15,182.85714285714286,-57.14285714285714,$0-1
651351,"Carnage, Crimson Chaos (Borderless)",Marvel's Spider-Man,701,821,1932.73,3.21,2.99,1.12,-6.853582554517127,-65.10903426791276,$2-5
262784,Planar Incision,Kamigawa: Neon Dynasty,701,928,499.38,0.38,1.29,0.26,239.47368421052633,-31.57894736842105,$0-1
541279,"Ajani, Nacatl Pariah",Modern Horizons 3,701,921,8373.25,9.44,13.99,7.99,48.19915254237289,-15.360169491525417,$5-10
230206,Tibalt's Trickery,Kaldheim,701,734,7763.88,9.85,17.99,10.42,82.63959390862942,5.7868020304568555,$5-10
631188,Vandalblast,Commander: FINAL FANTASY,701,819,1448.58,1.52,2.29,1.23,50.6578947368421,-19.078947368421055,$1-2
687592,Coastal Peak,Commander: Secrets of Strixhaven,701,1317,5939.61,0.32,0.49,0.15,53.124999999999986,-53.125,$0-1
642982,Famished Worldsire,Edge of Eternities,700,740,2479.76,2.75,4.49,2.6,63.27272727272728,-5.4545454545454515,$2-5
206024,Swamp,Theros Beyond Death,700,2504,4796.41,1.73,1.99,0.5,15.028901734104046,-71.09826589595376,$1-2
488270,The One Ring (Borderless) (LTR Bundle),Unique and Miscellaneous Promos,700,739,67037.19,88.96,129.99,125.02,46.12185251798564,40.53507194244605,$50-100
631165,Summon: Yojimbo,Commander: FINAL FANTASY,699,1699,2993.72,1.12,2.49,1.04,122.32142857142856,-7.142857142857148,$1-2
631191,Cultivate,Commander: FINAL FANTASY,699,1258,573.63,0.4,0.99,0.35,147.5,-12.50000000000001,$0-1
696476,Political Triumph,Marvel Super Heroes,699,1753,654.57,0.22,0.35,0.15,59.09090909090908,-31.818181818181824,$0-1
5024,Dark Ritual,Mirage,699,901,3380.88,4.39,4.49,2.08,2.2779043280182356,-52.61958997722095,$2-5
262771,Reckoner's Bargain,Kamigawa: Neon Dynasty,698,1575,2126.22,1.43,2.49,0.78,74.12587412587415,-45.45454545454545,$1-2
671202,Devoted Druid,Commander: Lorwyn Eclipsed,698,1564,753.09,0.39,1.29,0.36,230.76923076923075,-7.692307692307699,$0-1
499501,Sanguine Bond,Commander: The Lord of the Rings: Tales of Middle-earth,698,883,4116.05,5.84,6.49,5.5200000000000005,11.130136986301377,-5.4794520547945105,$5-10
615110,Maskwood Nexus,Commander: Aetherdrift,698,1066,1985.45,0.97,2.29,1.17,136.08247422680412,20.618556701030926,$0-1
532916,Hedge Maze,Murders at Karlov Manor,698,791,9847.67,10.27,16.99,9.27,65.43330087633883,-9.737098344693282,$10-20
262791,March of Swirling Mist,Kamigawa: Neon Dynasty,697,778,3711.15,3.73,6.49,3.78,73.9946380697051,1.3404825737265367,$2-5
499920,Erebor Flamesmith,Universes Beyond: The Lord of the Rings: Tales of Middle-earth,697,1101,429.94,0.36,0.99,0.3,175.0,-16.666666666666664,$0-1
671180,Abundant Countryside,Commander: Lorwyn Eclipsed,697,1525,5081.9,3.05,4.99,2.76,63.6065573770492,-9.508196721311476,$2-5
552812,Fangs of Kalonia,Modern Horizons 3,697,890,327.12,0.32,0.49,0.15,53.124999999999986,-53.125,$0-1
624204,Battlefield Forge,Commander: Tarkir: Dragonstorm,697,1034,312.0,0.34,0.79,0.18,132.35294117647058,-47.05882352941177,$0-1
507185,All That Glitters (Borderless),Commander Masters,697,803,553.84,0.39,1.29,0.4,230.76923076923075,2.5641025641025665,$0-1
696414,Mechanized Production (Borderless),Marvel Universe Eternal-Legal,696,734,2745.88,4.4,3.99,2.05,-9.318181818181822,-53.40909090909092,$2-5
273423,Decanter of Endless Water (Showcase),Commander Legends: Battle for Baldur's Gate,696,913,2581.9,2.51,4.49,2.56,78.88446215139444,1.9920318725099708,$2-5
624156,Narset's Reversal,Commander: Tarkir: Dragonstorm,696,804,2210.4,2.57,3.99,2.28,55.25291828793776,-11.284046692607005,$2-5
641742,"Susur Secundi, Void Altar",Edge of Eternities,695,774,3388.19,3.56,6.49,2.88,82.30337078651687,-19.101123595505623,$2-5
697044,Call Damage Control,Marvel Super Heroes,695,1760,659.64,0.21,0.35,0.15,66.66666666666666,-28.57142857142857,$0-1
656679,Ashling's Command,Lorwyn Eclipsed,695,904,558.93,0.54,0.79,0.26,46.29629629629629,-51.85185185185185,$0-1
657756,"Splinter, the Mentor (0003) (Borderless)",Commander: Teenage Mutant Ninja Turtles,695,1193,1224.98,2.16,4.99,0.78,131.0185185185185,-63.88888888888889,$2-5
457188,Ornithopter,Dominaria Remastered,694,1918,684.97,0.32,0.69,0.16,115.62499999999997,-50.0,$0-1
687538,Mycoloth,Commander: Secrets of Strixhaven,694,1225,803.51,0.39,0.99,0.25,153.84615384615384,-35.8974358974359,$0-1
687481,Plumb the Forbidden,Commander: Secrets of Strixhaven,694,1008,369.86,0.34,0.79,0.19,132.35294117647058,-44.117647058823536,$0-1
192896,Glint-Horn Buccaneer,Core Set 2020,694,718,4643.04,8.59,13.99,7.38,62.86379511059372,-14.086146682188591,$5-10
589382,"Zul Ashur, Lich Lord",Foundations,694,802,598.77,0.68,1.49,0.15,119.11764705882351,-77.94117647058823,$0-1
624269,Nomad Outpost,Tarkir: Dragonstorm,694,919,318.45,0.3,0.69,0.15,129.99999999999997,-50.0,$0-1
656663,"Ashling, Rekindled",Lorwyn Eclipsed,694,891,1418.36,1.02,0.99,0.43,-2.9411764705882377,-57.84313725490197,$1-2
559899,Simic Ascendancy,Commander: Bloomburrow,694,888,567.09,0.49,1.49,0.31,204.08163265306123,-36.734693877551024,$0-1
656563,"Eirdu, Carrier of Dawn",Lorwyn Eclipsed,694,754,3070.9,2.73,3.99,2.25,46.15384615384616,-17.58241758241758,$2-5
696420,Seize the Day (Borderless),Marvel Universe Eternal-Legal,693,742,4243.61,3.88,5.99,4.1,54.38144329896908,5.670103092783499,$2-5
696993,"Wiccan, Rising Magician",Marvel Super Heroes,693,1358,621.89,0.22,0.35,0.15,59.09090909090908,-31.818181818181824,$0-1
688667,"Aziza, Mage Tower Captain",Secrets of Strixhaven,693,850,305.18,0.27,0.49,0.15,81.48148148148147,-44.44444444444445,$0-1
499878,"Sting, the Glinting Dagger",Universes Beyond: The Lord of the Rings: Tales of Middle-earth,693,796,3116.9,3.29,4.99,3.19,51.671732522796354,-3.0395136778115526,$2-5
648735,"Katara, the Fearless",Avatar: The Last Airbender,693,838,524.34,0.69,0.59,0.15,-14.492753623188403,-78.26086956521738,$0-1
526379,Tithing Blade,The Lost Caverns of Ixalan,693,1329,732.52,0.53,0.69,0.26,30.188679245283,-50.943396226415096,$0-1
642071,Sulfurous Springs,Commander: Edge of Eternities,693,1348,1622.64,1.18,2.29,1.19,94.06779661016951,0.8474576271186449,$1-2
687380,Armored Skyhunter,Commander: Secrets of Strixhaven,692,1274,686.03,0.39,0.79,0.15,102.56410256410258,-61.53846153846154,$0-1
240032,Sanctum Weaver,Modern Horizons 2,692,725,2995.9,3.65,6.49,3.64,77.80821917808221,-0.2739726027397202,$2-5
696332,Armor Wars (Borderless),Marvel Super Heroes,692,804,709.93,0.51,0.49,0.15,-3.921568627450984,-70.58823529411764,$0-1
671175,Ignoble Hierarch,Commander: Lorwyn Eclipsed,692,1054,1263.64,1.27,2.29,0.52,80.31496062992126,-59.055118110236215,$1-2
66560,Ethereal Armor,Return to Ravnica,692,1080,554.38,0.49,0.59,0.25,20.40816326530612,-48.97959183673469,$0-1
699616,"Hawkeye, Trick Shot (Borderless)",Commander: Marvel Super Heroes,691,709,3057.9,4.8,5.49,3.84,14.37500000000001,-20.0,$2-5
649616,"Toph, the Blind Bandit",Avatar: The Last Airbender,691,930,277.27,0.25,0.35,0.15,39.99999999999999,-40.0,$0-1
222131,Scute Swarm,Zendikar Rising,691,741,5389.14,9.84,11.99,7.86,21.849593495934965,-20.12195121951219,$5-10
652002,Cosmic Spider-Man,Marvel's Spider-Man,691,796,2342.15,3.96,2.99,1.81,-24.494949494949488,-54.292929292929294,$2-5
631137,Swords to Plowshares,Commander: FINAL FANTASY,691,1077,1796.49,1.52,2.49,1.25,63.81578947368423,-17.763157894736842,$1-2
491316,Corrupted Conviction,March of the Machine,691,847,718.23,2.04,1.79,0.2,-12.254901960784313,-90.19607843137256,$2-5
642853,Great Furnace,Commander: Edge of Eternities,691,1051,2521.55,2.35,3.99,2.6,69.7872340425532,10.638297872340425,$2-5
696489,The Ruinous Wrecking Crew,Marvel Super Heroes,691,1132,448.26,0.32,0.49,0.15,53.124999999999986,-53.125,$0-1
56245,Curiosity,Innistrad,690,882,698.3,0.8,1.79,0.41,123.74999999999999,-48.75000000000001,$0-1
589357,"Niv-Mizzet, Visionary",Foundations,690,745,5058.87,6.45,9.49,5.37,47.13178294573643,-16.74418604651163,$5-10
262420,"Takenuma, Abandoned Mire",Kamigawa: Neon Dynasty,690,711,7891.97,12.53,16.99,9.37,35.59457302474062,-25.219473264166005,$10-20
559887,Unnatural Growth,Commander: Bloomburrow,690,803,2092.81,4.35,4.49,2.5,3.218390804597714,-42.5287356321839,$2-5
673560,Groundchuck & Dirtbag,Teenage Mutant Ninja Turtles,689,951,580.54,0.58,0.49,0.15,-15.51724137931034,-74.13793103448275,$0-1
227072,Viscera Seer,Commander Legends,689,816,574.37,0.79,1.29,0.32,63.291139240506325,-59.493670886075954,$0-1
624341,Blade of Selves,Commander: Tarkir: Dragonstorm,689,821,2425.1,3.12,5.49,2.94,75.96153846153845,-5.7692307692307745,$2-5
262434,"Otawara, Soaring City",Kamigawa: Neon Dynasty,688,708,21503.08,27.69,42.99,29.99,55.25460455037919,8.30624774286745,$20-50
657766,Heroes in a Half Shell (0006) (Borderless),Commander: Teenage Mutant Ninja Turtles,688,1477,1478.33,1.68,3.99,0.51,137.50000000000006,-69.64285714285714,$1-2
668490,Heroic Intervention (0079) (Borderless),Marvel Universe Eternal-Legal,688,761,5249.91,8.13,13.99,9.69,72.07872078720786,19.1881918819188,$5-10
198548,All That Glitters,Throne of Eldraine,688,821,570.47,0.74,1.29,0.41,74.32432432432434,-44.5945945945946,$0-1
642818,"Jhoira, Weatherlight Captain",Commander: Edge of Eternities,688,795,515.36,0.47,1.29,0.36,174.468085106383,-23.404255319148934,$0-1
499821,Thought Vessel,Commander: The Lord of the Rings: Tales of Middle-earth,688,843,2480.13,3.53,3.99,2.8000000000000003,13.031161473087833,-20.679886685552397,$2-5
671470,Omni-Changeling,Lorwyn Eclipsed,687,935,325.07,0.31,0.39,0.15,25.80645161290323,-51.61290322580645,$0-1
687357,Wave of Reckoning,Commander: Secrets of Strixhaven,686,1432,1445.94,0.44,0.49,0.15,11.36363636363636,-65.90909090909092,$0-1
651345,"Mysterio, Master of Illusion",Marvel's Spider-Man,685,1019,389.14,0.41,0.49,0.15,19.512195121951226,-63.41463414634146,$0-1
624169,Pongify,Commander: Tarkir: Dragonstorm,685,889,1578.96,1.73,4.49,1.67,159.53757225433526,-3.4682080924855523,$1-2
226319,Charcoal Diamond,Commander Legends,685,1232,601.16,0.48,0.99,0.26,106.25,-45.83333333333333,$0-1
188629,Evolution Sage,War of the Spark,685,717,2152.74,2.91,3.49,2.08,19.93127147766323,-28.52233676975945,$2-5
534617,Forensic Gadgeteer,Murders at Karlov Manor,685,997,2010.06,1.79,3.49,1.28,94.97206703910615,-28.49162011173184,$1-2
559946,Cultivate,Commander: Bloomburrow,685,1014,1141.92,0.47,0.79,0.35,68.08510638297875,-25.53191489361702,$0-1
452246,Thran Power Suit,The Brothers' War,685,1179,1984.86,0.9,1.79,1.54,98.88888888888889,71.11111111111111,$0-1
456739,Sol Ring,Starter Commander Decks,684,1932,3237.61,1.86,2.79,1.37,49.99999999999999,-26.344086021505376,$1-2
541326,Cover of Darkness,Universes Beyond: Assassin's Creed,684,704,5661.59,7.4,12.99,7.28,75.54054054054053,-1.621621621621623,$5-10
668481,Ephemerate (Borderless),Marvel Universe Eternal-Legal,684,806,4259.39,4.85,7.49,5.19,54.43298969072167,7.0103092783505305,$2-5
687640,Moldervine Reclamation,Commander: Secrets of Strixhaven,684,981,327.97,0.34,0.35,0.19,2.9411764705882213,-44.117647058823536,$0-1
633393,Ride the Shoopuf,FINAL FANTASY,684,880,274.7,0.34,0.39,0.15,14.705882352941172,-55.88235294117647,$0-1
671080,Selfless Safewright,Lorwyn Eclipsed,684,896,671.7,0.52,0.99,0.21,90.38461538461537,-59.61538461538463,$0-1
507514,Foundry Inspector,Commander Masters,683,1300,625.99,0.36,1.29,0.34,258.33333333333337,-5.555555555555546,$0-1
222102,Silundi Vision,Zendikar Rising,683,847,462.58,0.45,1.29,0.41,186.66666666666666,-8.888888888888896,$0-1
687430,Karmic Guide,Commander: Secrets of Strixhaven,683,1342,511.19,0.36,0.59,0.16,63.888888888888886,-55.55555555555556,$0-1
553267,Pongify,Commander: Modern Horizons 3,683,808,1465.67,1.86,4.49,1.72,141.39784946236557,-7.526881720430113,$1-2
657781,Plains (0253),Teenage Mutant Ninja Turtles,683,2173,967.38,0.32,0.49,0.15,53.124999999999986,-53.125,$0-1
687408,Final Act,Commander: Secrets of Strixhaven,682,1285,515.3,0.38,0.59,0.15,55.263157894736835,-60.526315789473685,$0-1
18661,Helm of the Ghastlord,Shadowmoor,682,707,5787.54,12.03,8.99,5.73,-25.27015793848711,-52.36907730673316,$10-20
696424,Primal Vigor (Borderless),Marvel Universe Eternal-Legal,682,763,4291.31,5.32,6.99,5.21,31.39097744360902,-2.0676691729323364,$5-10
191572,Universal Automaton,Modern Horizons,682,1019,1485.98,0.73,0.99,0.41,35.61643835616439,-43.83561643835617,$0-1
555973,Black Market Connections,Universes Beyond: Assassin's Creed,682,697,12798.94,16.46,19.99,15.09,21.445929526123923,-8.323207776427708,$10-20
679599,Blasphemous Act,Commander: Teenage Mutant Ninja Turtles,681,869,916.55,0.9,1.79,0.68,98.88888888888889,-24.44444444444444,$0-1
240045,"Yavimaya, Cradle of Growth",Modern Horizons 2,681,709,10810.04,14.42,21.99,14.7,52.49653259361996,1.9417475728155296,$10-20
624174,Caldera Pyremaw,Commander: Tarkir: Dragonstorm,681,1333,647.43,0.38,1.29,0.15,239.47368421052633,-60.526315789473685,$0-1
10885,Carrion Feeder,Scourge,681,882,3951.02,4.51,5.99,3.26,32.81596452328161,-27.716186252771617,$2-5
697277,"Songbird, Sonic Screamer",Commander: Marvel Super Heroes,680,1005,831.76,0.45,0.59,0.15,31.1111111111111,-66.66666666666667,$0-1
559885,Warstorm Surge,Commander: Bloomburrow,680,979,845.09,0.93,1.49,0.62,60.21505376344085,-33.333333333333336,$0-1
162231,Llanowar Elves,Dominaria,680,1273,570.15,0.35,0.69,0.15,97.14285714285714,-57.14285714285714,$0-1
631495,Sol Ring (0358),Commander: FINAL FANTASY,680,1341,2038.98,1.39,2.79,1.44,100.71942446043167,3.5971223021582768,$1-2
221841,Ruin Crab,Zendikar Rising,680,942,1487.33,1.69,1.99,0.78,17.751479289940832,-53.84615384615385,$1-2
696428,"Black Panther, Wakandan King (Borderless)",Marvel Universe Eternal-Legal,680,700,4413.46,4.26,5.49,3.41,28.87323943661973,-19.95305164319248,$2-5
634002,Black Waltz No. 3,FINAL FANTASY,680,842,271.53,0.33,0.35,0.15,6.060606060606049,-54.545454545454554,$0-1
221923,Roiling Vortex,Zendikar Rising,678,1050,14275.88,1.45,2.79,0.97,92.41379310344828,-33.10344827586207,$1-2
642840,Steel Overseer,Commander: Edge of Eternities,678,1146,602.43,0.38,1.29,0.34,239.47368421052633,-10.52631578947368,$0-1
553133,Envoy of the Ancestors,Modern Horizons 3,678,794,289.5,0.34,0.49,0.15,44.117647058823515,-55.88235294117647,$0-1
525206,"Inti, Seneschal of the Sun",The Lost Caverns of Ixalan,678,816,1945.34,2.39,2.99,1.95,25.104602510460257,-18.41004184100419,$2-5
662396,Sol Ring (Showcase),Avatar: The Last Airbender: Eternal-Legal,678,761,4893.1,6.28,5.49,5.98,-12.579617834394904,-4.777070063694264,$5-10
631152,Lifestream's Blessing,Commander: FINAL FANTASY,678,904,1506.2,0.87,1.79,0.71,105.74712643678161,-18.390804597701152,$0-1
624261,Cori Mountain Monastery,Tarkir: Dragonstorm,678,1123,606.4,1.07,2.79,0.51,160.74766355140187,-52.33644859813084,$1-2
221953,Feed the Swarm,Zendikar Rising,678,1210,489.97,0.27,0.49,0.15,81.48148148148147,-44.44444444444445,$0-1
632696,Nibelheim Aflame,FINAL FANTASY,677,707,3387.01,4.28,6.49,3.5,51.63551401869159,-18.224299065420567,$2-5
544709,Return the Favor,Outlaws of Thunder Junction,677,845,807.83,0.47,0.59,0.15,25.53191489361702,-68.08510638297872,$0-1
661928,Spirit Water Revival,Avatar: The Last Airbender,677,808,642.36,0.96,1.79,0.26,86.45833333333334,-72.91666666666666,$0-1
671058,Forest (0278),Lorwyn Eclipsed,676,1763,584.53,0.33,0.99,0.15,199.99999999999994,-54.545454545454554,$0-1
624181,Electrodominance,Commander: Tarkir: Dragonstorm,676,908,460.48,0.42,1.49,0.34,254.7619047619048,-19.047619047619037,$0-1
556390,Coastal Piracy,Universes Beyond: Assassin's Creed,676,814,374.68,0.43,0.99,0.25,130.2325581395349,-41.860465116279066,$0-1
631292,Relic of Legends,Commander: FINAL FANTASY,675,867,1347.25,1.25,1.99,1.21,59.199999999999996,-3.200000000000003,$1-2
687402,Curiosity Crafter,Commander: Secrets of Strixhaven,675,1065,563.64,0.35,0.79,0.15,125.71428571428574,-57.14285714285714,$0-1
498609,Ioreth of the Healing House,Universes Beyond: The Lord of the Rings: Tales of Middle-earth,675,874,296.63,0.36,0.79,0.15,119.44444444444446,-58.333333333333336,$0-1
198683,Mystical Dispute,Throne of Eldraine,675,1309,1470.48,0.92,0.99,0.36,7.608695652173908,-60.86956521739131,$0-1
262174,Mirror Box,Kamigawa: Neon Dynasty,675,752,3642.76,5.34,6.49,4.09,21.535580524344578,-23.408239700374533,$5-10
696480,Captain America's Shield (Borderless) (0317),Marvel Super Heroes,674,696,4675.37,6.46,7.49,4.2700000000000005,15.944272445820436,-33.90092879256965,$5-10
551670,Kozilek's Unsealing,Modern Horizons 3,674,871,282.74,0.46,0.39,0.15,-15.217391304347828,-67.3913043478261,$0-1
651352,Eddie Brock,Marvel's Spider-Man,673,773,1998.77,3.33,3.49,1.82,4.804804804804809,-45.34534534534534,$2-5
552333,"Tamiyo, Inquisitive Student",Modern Horizons 3,673,977,17836.42,16.24,24.99,13.57,53.879310344827594,-16.440886699507377,$10-20
136705,Obelisk Spider,Hour of Devastation,673,761,3322.12,3.11,4.49,2.86,44.37299035369776,-8.038585209003216,$2-5
642813,Chaos Warp,Commander: Edge of Eternities,673,1099,425.15,0.36,0.99,0.25,175.0,-30.555555555555554,$0-1
198407,"Syr Konrad, the Grim",Throne of Eldraine,673,799,744.25,1.03,1.79,0.76,73.7864077669903,-26.21359223300971,$1-2
698193,Birds of Paradise,Commander: Marvel Super Heroes,673,1082,8179.93,8.07,13.99,9.1,73.35811648079306,12.763320941759595,$5-10
206642,Underworld Breach,Theros Beyond Death,673,688,8007.94,10.45,11.99,8.63,14.736842105263168,-17.41626794258372,$10-20
524180,Hit the Mother Lode,The Lost Caverns of Ixalan,673,836,565.99,0.82,0.79,0.54,-3.6585365853658436,-34.14634146341463,$0-1
631577,Ruinous Ultimatum,Commander: FINAL FANTASY,672,877,770.76,0.43,1.29,0.37,200.00000000000006,-13.953488372093023,$0-1
591702,Dazzling Angel (0009),Foundations,672,1042,296.59,0.33,0.39,0.15,18.18181818181818,-54.545454545454554,$0-1
696320,"Hulk, Gamma Goliath",Marvel Super Heroes,672,903,345.81,0.25,0.35,0.15,39.99999999999999,-40.0,$0-1
609749,Essence Flux,Innistrad Remastered,672,756,1090.6,1.35,2.99,1.03,121.48148148148148,-23.703703703703706,$1-2
240152,Nettlecyst,Modern Horizons 2,672,707,1914.48,3.12,4.99,2.52,59.93589743589743,-19.230769230769234,$2-5
615176,Elder Gargaroth,Commander: Aetherdrift,672,1003,1475.58,1.41,2.79,1.16,97.87234042553193,-17.73049645390071,$1-2
175202,Steam Vents,Guilds of Ravnica,672,836,10025.35,11.46,16.99,11.34,48.2547993019197,-1.0471204188481762,$10-20
4617,Burnt Offering,Ice Age,672,952,1325.28,1.51,0.99,0.77,-34.437086092715234,-49.00662251655629,$1-2
544477,Smuggler's Surprise,Outlaws of Thunder Junction,671,737,3071.23,4.23,5.49,3.65,29.787234042553184,-13.711583924349894,$2-5
557275,Fear of Missing Out,Duskmourn: House of Horror,671,822,2624.82,2.3,3.99,1.82,73.47826086956523,-20.869565217391294,$2-5
686533,Conciliator's Duelist,Secrets of Strixhaven,671,926,269.52,0.27,0.49,0.15,81.48148148148147,-44.44444444444445,$0-1
697578,"Galactus, Devourer of Worlds",Commander: Marvel Super Heroes,671,748,7008.89,6.05,8.99,5.5600000000000005,48.59504132231406,-8.099173553718996,$5-10
553184,Dryad of the Ilysian Grove,Commander: Modern Horizons 3,671,773,6425.51,10.65,9.49,8.74,-10.892018779342724,-17.934272300469484,$10-20
499569,Exotic Orchard,Commander: The Lord of the Rings: Tales of Middle-earth,670,894,341.83,0.35,0.59,0.17,68.57142857142857,-51.42857142857142,$0-1
687515,Brass Infiniscope,Commander: Secrets of Strixhaven,670,996,563.42,0.28,0.49,0.15,74.99999999999997,-46.42857142857144,$0-1
615038,Defend the Rider,Aetherdrift,670,1042,1013.89,0.8,2.29,0.79,186.24999999999997,-1.250000000000001,$0-1
642036,Bojuka Bog,Commander: Edge of Eternities,670,1105,1122.89,1.04,1.99,1.04,91.34615384615384,0.0,$1-2
689535,"Page, Loose Leaf",Secrets of Strixhaven,669,1634,402.74,0.25,0.35,0.15,39.99999999999999,-40.0,$0-1
679634,Sunken Hollow,Commander: Teenage Mutant Ninja Turtles,669,908,361.74,0.37,0.59,0.2,59.45945945945945,-45.945945945945944,$0-1
696667,Ka-Zar of the Savage Land,Marvel Super Heroes,669,918,310.0,0.24,0.35,0.15,45.83333333333333,-37.5,$0-1
696359,Island (0279),Marvel Super Heroes,669,2520,1240.92,0.3,0.49,0.15,63.33333333333334,-50.0,$0-1
525811,Myriad Landscape,Commander: The Lost Caverns of Ixalan,669,1105,327.68,0.36,0.59,0.25,63.888888888888886,-30.555555555555554,$0-1
478443,Venerated Rotpriest,Phyrexia: All Will Be One,669,821,2186.76,2.97,4.99,2.59,68.01346801346801,-12.794612794612807,$2-5
631052,Emet-Selch of the Third Seat,Commander: FINAL FANTASY,668,1563,750.8,0.35,0.49,0.16,40.00000000000001,-54.285714285714285,$0-1
272558,Blur,Commander Legends: Battle for Baldur's Gate,668,1216,1033.7,0.39,0.99,0.36,153.84615384615384,-7.692307692307699,$0-1
631540,Sol Ring (0356),Commander: FINAL FANTASY,668,1265,1791.05,1.4,2.79,1.49,99.2857142857143,6.428571428571435,$1-2
687339,Coercive Impetus,Commander: Secrets of Strixhaven,668,921,410.12,0.34,0.49,0.15,44.117647058823515,-55.88235294117647,$0-1
560021,Second Harvest,Commander: Bloomburrow,668,758,1956.11,4.89,4.99,4.0600000000000005,2.0449897750511354,-16.97341513292432,$2-5
457180,High Tide,Dominaria Remastered,668,742,1033.21,2.29,1.29,1.02,-43.66812227074236,-55.45851528384279,$2-5
671230,Kindred Summons,Commander: Lorwyn Eclipsed,668,1185,1130.95,0.56,1.99,0.53,255.35714285714283,-5.357142857142862,$0-1
187221,Teferi's Time Twist,War of the Spark,668,982,570.96,0.42,0.79,0.15,88.09523809523812,-64.28571428571429,$0-1
507118,Counterspell,Commander Masters,667,791,2091.65,2.95,3.99,2.46,35.25423728813559,-16.610169491525433,$2-5
668491,Heroic Intervention (0080) (Borderless),Marvel Universe Eternal-Legal,667,738,5391.52,8.28,13.99,9.02,68.96135265700485,8.937198067632854,$5-10
499584,Sunpetal Grove,Commander: The Lord of the Rings: Tales of Middle-earth,667,842,667.54,0.58,1.29,0.55,122.41379310344828,-5.172413793103434,$0-1
697004,"Moonstone, Harsh Mistress",Marvel Super Heroes,667,918,303.92,0.23,0.35,0.15,52.17391304347825,-34.78260869565218,$0-1
507178,Elvish Mystic (Borderless),Commander Masters,667,920,911.98,0.85,0.99,0.67,16.47058823529412,-21.17647058823529,$0-1
559947,"Toski, Bearer of Secrets",Commander: Bloomburrow,666,906,4194.01,8.45,7.99,7.390000000000001,-5.44378698224851,-12.544378698224836,$5-10
273386,Prized Statue,Commander Legends: Battle for Baldur's Gate,666,1343,1388.44,0.44,0.79,0.34,79.54545454545455,-22.72727272727272,$0-1
673605,"Madame Null, Power Broker",Teenage Mutant Ninja Turtles,666,842,420.74,0.37,0.49,0.15,32.432432432432435,-59.45945945945946,$0-1
673567,"Michelangelo, Improviser",Teenage Mutant Ninja Turtles,666,711,2659.99,3.2,2.99,2.41,-6.562499999999999,-24.6875,$2-5
697126,"Doctor Strange, Surgeon",Commander: Marvel Super Heroes,666,822,2589.23,1.41,2.99,0.94,112.05673758865251,-33.33333333333333,$1-2
273083,Manor Gate,Commander Legends: Battle for Baldur's Gate,665,1377,1267.05,1.26,1.79,1.08,42.06349206349206,-14.28571428571428,$1-2
548605,Meltdown,Modern Horizons 3,665,1283,453.96,0.24,0.59,0.15,145.83333333333331,-37.5,$0-1
615096,Gravecrawler,Commander: Aetherdrift,665,994,1036.38,0.95,2.29,0.6900000000000001,141.0526315789474,-27.368421052631568,$0-1
559728,Fortune Teller's Talent,Commander: Bloomburrow,665,1440,852.78,0.47,0.79,0.15,68.08510638297875,-68.08510638297872,$0-1
646171,Peter Parker,Marvel's Spider-Man,665,730,2330.58,3.71,3.49,2.07,-5.9299191374663005,-44.20485175202157,$2-5
697181,Professor Hulk,Commander: Marvel Super Heroes,664,745,3423.15,1.84,4.49,1.78,144.02173913043478,-3.260869565217394,$1-2
687471,Advanced Reconstruction,Commander: Secrets of Strixhaven,664,1048,725.53,0.36,0.59,0.15,63.888888888888886,-58.333333333333336,$0-1
539403,Arcane Signet,Universes Beyond: Fallout,663,863,966.41,0.98,0.99,0.44,1.020408163265307,-55.102040816326536,$0-1
631007,"Kuja, Genome Sorcerer",FINAL FANTASY,663,770,1378.16,1.49,1.29,1.04,-13.422818791946305,-30.20134228187919,$1-2
544683,"Doc Aurlock, Grizzled Genius",Outlaws of Thunder Junction,663,1139,582.61,0.32,0.79,0.25,146.875,-21.875000000000004,$0-1
553539,The Reaver Cleaver,Commander: Modern Horizons 3,663,684,9341.96,17.9,21.99,15.61,22.849162011173185,-12.793296089385473,$10-20
696478,Captain America's Shield (Borderless) (0311),Marvel Super Heroes,663,689,3299.38,4.61,5.49,3.45,19.088937093275486,-25.16268980477224,$2-5
668489,Heroic Intervention (0078) (Borderless),Marvel Universe Eternal-Legal,663,718,7047.99,9.96,14.99,10.67,50.5020080321285,7.12851405622489,$5-10
226892,Fire Diamond,Commander Legends,662,1167,553.26,0.4,0.79,0.3,97.5,-25.000000000000007,$0-1
499611,Reanimate,Commander: The Lord of the Rings: Tales of Middle-earth,662,733,6080.61,8.08,12.99,8.32,60.76732673267327,2.970297029702973,$5-10
675592,Stock Up (JP Alternate Art),Secrets of Strixhaven: Mystical Archive,662,862,3345.96,2.29,3.49,1.04,52.40174672489084,-54.585152838427945,$2-5
651989,Shadow of the Goblin,Marvel's Spider-Man,661,735,669.47,0.88,1.79,0.19,103.40909090909092,-78.4090909090909,$0-1
696416,Show and Tell (Borderless),Marvel Universe Eternal-Legal,661,809,3673.89,3.81,6.99,3.43,83.46456692913387,-9.973753280839892,$2-5
116371,Cryptolith Rite,Shadows over Innistrad,661,720,6161.74,11.34,14.99,11.45,32.18694885361552,0.9700176366842983,$10-20
526134,"Anim Pakal, Thousandth Moon",The Lost Caverns of Ixalan,661,688,3382.07,5.6,6.49,4.0200000000000005,15.892857142857153,-28.2142857142857,$5-10
686548,The Dawning Archaic (Borderless),Secrets of Strixhaven,661,700,3488.5,2.12,1.99,2.02,-6.132075471698118,-4.7169811320754755,$2-5
176833,Electrostatic Field,Guilds of Ravnica,661,792,1457.9,2.12,2.79,0.52,31.603773584905653,-75.47169811320755,$2-5
688219,Turbulent Moor (Extended Art),Commander: Secrets of Strixhaven,661,730,5914.29,6.35,6.49,5.0200000000000005,2.204724409448828,-20.944881889763767,$5-10
624381,Spectral Denial,Tarkir: Dragonstorm,661,774,323.65,0.34,0.59,0.15,73.52941176470587,-55.88235294117647,$0-1
625122,"Betor, Ancestor's Voice (Borderless)",Commander: Tarkir: Dragonstorm,661,898,1362.6,3.42,8.99,1.02,162.86549707602342,-70.17543859649122,$2-5
651335,"Electro, Assaulting Battery (Extended Art)",Marvel's Spider-Man,660,714,4691.51,6.62,9.99,5.62,50.90634441087614,-15.105740181268882,$5-10
590340,"Fumulus, the Infestation (Anime)",Foundations Jumpstart,660,725,6397.9,8.22,12.99,6.68,58.02919708029196,-18.734793187347943,$5-10
696499,The Super Hero Civil War (Borderless),Marvel Super Heroes,660,812,523.06,0.39,0.49,0.15,25.64102564102563,-61.53846153846154,$0-1
560172,Luminous Broodmoth,Commander: Bloomburrow,660,785,756.56,1.08,2.29,0.47,112.03703703703702,-56.48148148148149,$1-2
698213,Helm of the Host,Commander: Marvel Super Heroes,659,877,4929.86,5.91,8.49,5.41,43.65482233502538,-8.460236886632826,$5-10
559751,Shore Up,Bloomburrow,659,984,233.02,0.31,0.49,0.15,58.06451612903225,-51.61290322580645,$0-1
239807,Harmonic Prodigy,Modern Horizons 2,659,738,3710.29,4.26,5.99,3.43,40.61032863849767,-19.483568075117365,$2-5
499834,Supreme Verdict,Commander: The Lord of the Rings: Tales of Middle-earth,659,955,1500.81,1.62,2.79,1.62,72.22222222222221,0.0,$1-2
559116,Bushy Bodyguard,Bloomburrow,659,855,241.36,0.33,0.79,0.15,139.3939393939394,-54.545454545454554,$0-1
644609,Gene Pollinator,Edge of Eternities,658,1389,474.31,0.25,0.35,0.15,39.99999999999999,-40.0,$0-1
243336,Fighter Class,Adventures in the Forgotten Realms,658,730,4933.12,7.62,7.99,6.7700000000000005,4.855643044619424,-11.154855643044614,$5-10
696561,Death to Our Enemies,Marvel Super Heroes,658,1282,547.53,0.25,0.35,0.15,39.99999999999999,-40.0,$0-1
122729,"Kambal, Consul of Allocation",Kaladesh,658,688,4699.08,6.81,8.99,5.09,32.01174743024964,-25.256975036710717,$5-10
657752,"Donatello, the Brains (0002) (Borderless)",Commander: Teenage Mutant Ninja Turtles,658,1152,1391.18,1.62,4.49,0.93,177.16049382716048,-42.592592592592595,$1-2
696661,"Misty Knight, Hero for Hire",Marvel Super Heroes,658,954,411.05,0.22,0.35,0.15,59.09090909090908,-31.818181818181824,$0-1
679632,Sodden Verdure,Commander: Teenage Mutant Ninja Turtles,657,1001,704.73,0.6,0.49,0.21,-18.333333333333332,-65.0,$0-1
631092,"Cid, Freeflier Pilot",Commander: FINAL FANTASY,657,1265,870.35,0.37,0.79,0.19,113.51351351351353,-48.648648648648646,$0-1
673624,Improvised Arsenal,Teenage Mutant Ninja Turtles,657,805,555.27,0.44,0.69,0.15,56.8181818181818,-65.90909090909092,$0-1
614431,Wastewood Verge,Aetherdrift,656,745,8352.31,9.28,13.99,9.06,50.7543103448276,-2.3706896551724017,$5-10
631174,Archmage Emeritus,Commander: FINAL FANTASY,656,1053,1248.34,0.67,1.79,0.51,167.16417910447763,-23.880597014925375,$0-1
688734,Divergent Equation,Secrets of Strixhaven,656,901,259.66,0.2,0.35,0.15,74.99999999999997,-25.000000000000007,$0-1
553224,Vesuva,Commander: Modern Horizons 3,656,901,1858.4,3.32,4.99,2.34,50.301204819277125,-29.518072289156628,$2-5
686627,Pensive Professor (Extended Art),Secrets of Strixhaven,656,801,1372.14,1.09,0.59,0.27,-45.87155963302753,-75.22935779816514,$1-2
697253,"Crimson Cowl, Master of Evil",Commander: Marvel Super Heroes,656,681,1334.35,0.85,0.99,0.34,16.47058823529412,-60.0,$0-1
671262,Assassin's Trophy,Commander: Lorwyn Eclipsed,656,996,897.26,0.69,1.49,0.26,115.94202898550728,-62.31884057971014,$0-1
589459,Homunculus Horde,Foundations,656,802,459.43,1.5,2.29,0.15,52.66666666666667,-90.0,$1-2
553186,Scute Swarm,Commander: Modern Horizons 3,656,722,5290.51,9.29,12.99,7.08,39.827771797631875,-23.789020452099024,$5-10
558342,"Maha, Its Feathers Night",Bloomburrow,656,701,15391.81,21.83,23.99,20.81,9.89464040311498,-4.672469079248739,$20-50
696485,"Daredevil, Man Without Fear (Borderless) (0324)",Marvel Super Heroes,655,710,4442.47,3.88,4.99,3.1,28.60824742268042,-20.10309278350515,$2-5
688978,Petrified Hamlet (Extended Art),Secrets of Strixhaven,655,838,1822.02,1.37,1.99,0.25,45.255474452554736,-81.75182481751825,$1-2
687352,Flickering Ward,Commander: Secrets of Strixhaven,655,1104,613.37,0.37,0.49,0.15,32.432432432432435,-59.45945945945946,$0-1
544403,Aven Interrupter,Outlaws of Thunder Junction,655,829,3041.44,3.32,3.99,3.0,20.180722891566276,-9.638554216867465,$2-5
697399,"Wolverine, Claws Out",Commander: Marvel Super Heroes,655,664,11411.49,9.62,10.99,8.32,14.241164241164253,-13.513513513513503,$5-10
624914,Dragonstorm Globe,Tarkir: Dragonstorm,655,1049,303.08,0.31,0.35,0.15,12.903225806451607,-51.61290322580645,$0-1
679208,Arcbound Ravager (Borderless),Teenage Mutant Ninja Turtles Source Material,654,831,2641.41,2.9,5.99,3.02,106.55172413793106,4.1379310344827624,$2-5
688685,Harmonized Trio (Extended Art),Secrets of Strixhaven,654,763,1061.49,1.25,1.79,0.2,43.2,-84.00000000000001,$1-2
668471,Extinction Event (Borderless),Marvel Universe Eternal-Legal,654,691,3511.5,2.65,2.79,1.66,5.283018867924533,-37.35849056603774,$2-5
696577,"Abomination, Terrifying Titan (Borderless)",Marvel Super Heroes,654,832,287.35,0.23,0.35,0.15,52.17391304347825,-34.78260869565218,$0-1
615032,The Scarab God,Commander: Aetherdrift,654,729,3064.81,3.39,4.49,3.12,32.448377581120944,-7.964601769911504,$2-5
631279,Baleful Strix,Commander: FINAL FANTASY,654,900,1013.31,0.95,2.49,0.97,162.10526315789477,2.105263157894739,$0-1
226407,Three Visits,Commander Legends,654,693,4513.87,4.68,7.49,4.8,60.04273504273505,2.5641025641025665,$2-5
552317,Kaalia of the Vast,Modern Horizons 3,653,794,1763.36,2.33,2.79,1.56,19.742489270386265,-33.047210300429185,$2-5
697387,"Hulk, Strongest There Is",Commander: Marvel Super Heroes,653,671,4621.93,4.45,5.49,3.26,23.370786516853933,-26.741573033707873,$2-5
697383,Devil Dinosaur,Commander: Marvel Super Heroes,653,661,29813.43,41.78,44.99,40.01,7.683101962661562,-4.23647678314984,$20-50
631012,"Squall, SeeD Mercenary",FINAL FANTASY,653,741,763.67,0.89,0.99,0.15,11.235955056179773,-83.14606741573034,$0-1
657783,Island (0254),Teenage Mutant Ninja Turtles,653,1975,870.71,0.42,0.49,0.15,16.666666666666668,-64.28571428571429,$0-1
623884,Frostcliff Siege,Tarkir: Dragonstorm,653,709,1969.34,2.16,2.99,1.77,38.425925925925924,-18.05555555555556,$2-5
662402,Waterbender Ascension,Avatar: The Last Airbender,652,742,713.4,0.79,0.99,0.41,25.31645569620252,-48.10126582278482,$0-1
552268,Deserted Temple,Modern Horizons 3,652,922,549.41,0.52,1.49,0.23,186.53846153846152,-55.769230769230774,$0-1
525625,Thousand Moons Smithy,The Lost Caverns of Ixalan,652,740,1684.54,3.71,5.49,1.77,47.97843665768195,-52.2911051212938,$2-5
671082,Champions of the Perfect,Lorwyn Eclipsed,652,763,806.07,0.95,1.49,0.15,56.842105263157904,-84.21052631578947,$0-1
631013,"Terra, Magical Adept",FINAL FANTASY,651,738,1827.52,1.71,2.49,1.55,45.614035087719316,-9.356725146198826,$1-2
631210,The Warring Triad,Commander: FINAL FANTASY,651,1036,916.15,0.63,0.99,0.51,57.14285714285714,-19.047619047619047,$0-1
525742,Port Razer,Commander: The Lost Caverns of Ixalan,651,1011,756.55,1.12,2.49,1.01,122.32142857142856,-9.82142857142858,$1-2
262770,Colossal Skyturtle,Kamigawa: Neon Dynasty,651,1040,1009.4,0.5,0.59,0.33,17.999999999999993,-34.0,$0-1
615184,Chaos Warp,Commander: Aetherdrift,651,1056,403.17,0.38,0.99,0.2,160.52631578947367,-47.368421052631575,$0-1
556388,Desynchronization,Universes Beyond: Assassin's Creed,651,736,3157.51,5.0,8.99,4.42,79.80000000000001,-11.600000000000001,$5-10
553303,Siege Smash,Modern Horizons 3,650,1035,289.03,0.28,0.39,0.15,39.28571428571428,-46.42857142857144,$0-1
696311,"Tigra, Feline Fury",Marvel Super Heroes,650,1272,423.22,0.22,0.35,0.15,59.09090909090908,-31.818181818181824,$0-1
273376,Manifold Key,Commander Legends: Battle for Baldur's Gate,650,721,1257.49,1.57,2.49,1.35,58.59872611464969,-14.012738853503182,$1-2
457159,Mesa Enchantress,Dominaria Remastered,650,794,485.53,0.67,0.99,0.45,47.761194029850735,-32.83582089552239,$0-1
624317,Isolated Chapel,Commander: Tarkir: Dragonstorm,650,836,381.64,0.44,0.99,0.31,125.0,-29.545454545454547,$0-1
484548,Breach the Multiverse,March of the Machine,649,684,6843.31,10.68,17.99,10.36,68.44569288389512,-2.996254681647943,$10-20
673592,Does Machines,Teenage Mutant Ninja Turtles,649,1115,753.3,0.55,0.49,0.15,-10.909090909090919,-72.72727272727273,$0-1
631318,Drowned Catacomb,Commander: FINAL FANTASY,649,912,1676.82,1.64,2.79,1.57,70.1219512195122,-4.26829268292682,$1-2
686625,Exhibition Tidecaller (Extended Art),Secrets of Strixhaven,649,786,2085.31,1.24,0.99,0.47,-20.161290322580648,-62.096774193548384,$1-2
632169,"Squall Leonhart - Danitha Capashen, Paragon (Showcase)",FINAL FANTASY: Through the Ages,648,713,570.47,0.51,0.69,0.15,35.29411764705881,-70.58823529411764,$0-1
556347,Terminate,Universes Beyond: Assassin's Creed,648,829,306.3,0.4,0.69,0.27,72.49999999999997,-32.5,$0-1
688962,Spell Pierce (JP Alternate Art),Secrets of Strixhaven: Mystical Archive,648,811,3051.71,1.76,2.49,1.93,41.47727272727274,9.659090909090905,$1-2
687379,Kinetic Ooze,Commander: Secrets of Strixhaven,648,870,402.92,0.38,0.49,0.15,28.947368421052627,-60.526315789473685,$0-1
559884,Path of Ancestry,Commander: Bloomburrow,648,1147,343.58,0.34,0.35,0.15,2.9411764705882213,-55.88235294117647,$0-1
589350,Lyra Dawnbringer (0707),Foundations,647,1113,1051.59,0.62,2.79,0.64,350.0,3.2258064516129057,$0-1
239364,Bruenor Battlehammer,Adventures in the Forgotten Realms,647,734,807.72,0.92,1.79,0.66,94.56521739130434,-28.26086956521739,$0-1
461961,Goblin Matron,Dominaria Remastered,647,1009,328.73,0.26,0.49,0.15,88.46153846153845,-42.307692307692314,$0-1
631162,Arcane Signet (0332),Commander: FINAL FANTASY,647,925,2472.5,0.51,1.29,0.46,152.94117647058826,-9.803921568627448,$0-1
642001,Skyshroud Claim,Commander: Edge of Eternities,646,1036,1069.33,0.97,1.49,0.9,53.608247422680414,-7.2164948453608195,$0-1
638899,"Sothera, the Supervoid",Edge of Eternities,646,778,2251.09,1.85,2.49,1.28,34.594594594594604,-30.810810810810814,$1-2
641874,Bygone Colossus,Edge of Eternities,646,807,262.66,0.3,0.59,0.15,96.66666666666667,-50.0,$0-1
614401,Bleachbone Verge,Aetherdrift,645,750,8197.75,11.14,13.99,7.29,25.5834829443447,-34.56014362657092,$10-20
32731,Soul Warden,Magic 2010 (M10),645,771,2315.89,4.03,4.49,2.44,11.414392059553348,-39.45409429280397,$2-5
697290,Loki's Scepter,Commander: Marvel Super Heroes,645,780,5318.27,5.08,8.49,5.15,67.1259842519685,1.3779527559055174,$5-10
697380,"Bushmaster, Coiled Henchman",Commander: Marvel Super Heroes,645,813,722.84,0.9,0.99,0.41,9.999999999999996,-54.44444444444445,$0-1
619670,"Teval, the Balanced Scale (Borderless)",Commander: Tarkir: Dragonstorm,645,760,2559.82,5.92,12.99,6.08,119.42567567567568,2.7027027027027053,$5-10
559115,"Baylen, the Haymaker",Bloomburrow,645,758,737.39,0.82,1.29,0.19,57.317073170731724,-76.82926829268291,$0-1
10917,Goblin War Strike,Scourge,645,741,1668.66,1.96,1.29,0.38,-34.183673469387756,-80.61224489795919,$1-2
548599,Wight of the Reliquary,Modern Horizons 3,645,763,749.82,0.58,1.29,0.17,122.41379310344828,-70.68965517241378,$0-1
188468,Spark Double,War of the Spark,645,660,6603.01,8.29,9.99,7.5,20.506634499396878,-9.529553679131475,$5-10
652457,Villainous Wrath,Marvel's Spider-Man,645,756,748.59,0.58,1.49,0.21,156.89655172413794,-63.793103448275865,$0-1
646684,Multiversal Passage (Borderless),Marvel's Spider-Man,644,807,6864.21,6.92,11.99,5.21,73.26589595375724,-24.710982658959537,$5-10
616085,Risky Shortcut,Aetherdrift,644,840,233.7,0.29,0.49,0.15,68.96551724137932,-48.275862068965516,$0-1
689105,Postmortem Professor,Secrets of Strixhaven,644,843,265.62,0.18,0.49,0.15,172.22222222222223,-16.666666666666664,$0-1
478328,Bloated Contaminator,Phyrexia: All Will Be One,644,737,2532.71,3.81,4.49,2.86,17.847769028871397,-24.934383202099742,$2-5
652642,"SP//dr, Piloted by Peni (Borderless)",Marvel's Spider-Man,644,716,342.83,0.35,0.35,0.15,0.0,-57.14285714285714,$0-1
696366,Forest (0286),Marvel Super Heroes,644,2825,1305.76,0.29,0.49,0.15,68.96551724137932,-48.275862068965516,$0-1
475523,Forest (271) - Full Art,Phyrexia: All Will Be One,643,1774,2332.15,1.05,1.99,0.5700000000000001,89.52380952380952,-45.714285714285715,$1-2
687639,"Mazirek, Kraul Death Priest",Commander: Secrets of Strixhaven,643,897,472.55,0.36,0.49,0.15,36.111111111111114,-58.333333333333336,$0-1
630881,Plains (0296),FINAL FANTASY,643,2124,543.78,0.25,0.49,0.15,96.0,-40.0,$0-1
499711,Elvish Piper,Commander: The Lord of the Rings: Tales of Middle-earth,643,946,1238.02,1.38,2.49,0.94,80.43478260869567,-31.88405797101449,$1-2
687569,Sakura-Tribe Elder,Commander: Secrets of Strixhaven,642,1096,375.38,0.34,0.99,0.26,191.17647058823525,-23.529411764705884,$0-1
560030,Swarmyard,Commander: Bloomburrow,642,795,3173.53,6.07,5.99,2.9,-1.3179571663920933,-52.224052718286664,$5-10
660606,"Sokka, Tenacious Tactician",Avatar: The Last Airbender,642,761,413.48,0.57,0.49,0.15,-14.03508771929824,-73.68421052631578,$0-1
230215,Bloodline Pretender,Kaldheim,642,1058,1709.84,1.73,2.49,0.98,43.9306358381503,-43.35260115606936,$1-2
673660,Technodrome,Teenage Mutant Ninja Turtles,642,722,2031.33,1.72,4.49,0.72,161.046511627907,-58.139534883720934,$1-2
553258,Drown in Dreams,Commander: Modern Horizons 3,642,855,775.86,2.2,1.99,1.05,-9.545454545454552,-52.27272727272727,$2-5
60035,Clock of Omens,Magic 2013 (M13),641,696,2952.77,3.96,5.99,2.08,51.26262626262626,-47.474747474747474,$2-5
679195,Waves of Aggression (Borderless),Teenage Mutant Ninja Turtles Source Material,641,714,1955.85,2.42,2.49,2.08,2.892561983471086,-14.049586776859499,$2-5
191138,Unearth,Modern Horizons,641,1093,638.72,0.64,1.29,0.47,101.5625,-26.562500000000007,$0-1
499762,Overwhelming Stampede,Commander: The Lord of the Rings: Tales of Middle-earth,641,881,2047.48,3.76,2.79,2.03,-25.797872340425528,-46.01063829787234,$2-5
696868,Vision Quest (Borderless),Marvel Super Heroes,641,757,789.83,0.39,0.49,0.15,25.64102564102563,-61.53846153846154,$0-1
526294,Tectonic Hazard,The Lost Caverns of Ixalan,641,989,325.23,0.49,1.29,0.15,163.26530612244898,-69.38775510204081,$0-1
668480,The Coming of Galactus (Borderless),Marvel Super Heroes,641,684,3690.85,5.54,5.49,3.0,-0.9025270758122712,-45.84837545126354,$5-10
559826,Lotus Cobra,Commander: Bloomburrow,641,668,3684.95,5.99,7.49,5.4,25.041736227045075,-9.849749582637726,$5-10
696541,"Nick Fury, Agent of S.H.I.E.L.D. (Borderless) (0357)",Marvel Super Heroes,641,656,3220.49,3.14,4.49,2.08,42.99363057324841,-33.75796178343949,$2-5
552633,"Phlage, Titan of Fire's Fury",Modern Horizons 3,640,858,7214.43,3.56,6.99,3.0700000000000003,96.34831460674158,-13.764044943820217,$2-5
693576,Lucky the Pizza Dog,Commander: Marvel Super Heroes,640,754,4743.29,1.83,3.49,1.56,90.7103825136612,-14.754098360655737,$1-2
525752,Exquisite Blood,Commander: The Lost Caverns of Ixalan,640,654,22427.04,36.45,42.99,34.64,17.942386831275716,-4.965706447187934,$20-50
673668,Weather Maker,Teenage Mutant Ninja Turtles,640,807,513.47,0.58,0.49,0.15,-15.51724137931034,-74.13793103448275,$0-1
631249,Battlefield Forge,Commander: FINAL FANTASY,640,859,257.26,0.26,0.69,0.19,165.38461538461536,-26.923076923076927,$0-1
577883,Command Tower,Commander: Duskmourn: House of Horror,639,1107,411.36,0.46,0.69,0.25,49.999999999999986,-45.652173913043484,$0-1
57854,Artful Dodge,Dark Ascension,639,781,508.56,0.5,0.79,0.36,58.00000000000001,-28.000000000000004,$0-1
697261,"Kingpin, Wilson Fisk",Commander: Marvel Super Heroes,639,780,3148.39,2.22,3.49,2.03,57.2072072072072,-8.558558558558575,$2-5
696281,Secret Invasion (Borderless),Marvel Super Heroes,639,770,560.01,0.45,0.49,0.15,8.888888888888884,-66.66666666666667,$0-1
591796,"Zimone, Paradox Sculptor",Foundations,639,661,2243.14,3.11,5.99,2.84,92.60450160771705,-8.681672025723474,$2-5
644597,Broodguard Elite,Edge of Eternities,639,747,242.67,0.25,0.35,0.15,39.99999999999999,-40.0,$0-1
671533,Springleaf Parade (Extended Art),Commander: Lorwyn Eclipsed,639,707,6465.38,9.26,14.99,7.81,61.87904967602592,-15.658747300215985,$5-10
525084,Brass's Tunnel-Grinder,The Lost Caverns of Ixalan,639,682,2692.07,3.6,4.99,3.52,38.611111111111114,-2.222222222222224,$2-5
688480,Traumatic Critique (Extended Art),Secrets of Strixhaven,639,786,2159.87,2.55,1.29,0.6,-49.41176470588235,-76.47058823529412,$2-5
643962,Honor,Edge of Eternities,639,1033,274.02,0.29,0.49,0.15,68.96551724137932,-48.275862068965516,$0-1
512393,Fiery Emancipation,Wilds of Eldraine: Enchanting Tales,638,648,10186.26,13.48,11.99,11.67,-11.053412462908014,-13.427299703264097,$10-20
552341,Sorin of House Markov,Modern Horizons 3,638,811,2059.72,2.88,4.99,1.53,73.2638888888889,-46.87499999999999,$2-5
544871,Pariah,Outlaws of Thunder Junction: Breaking News,638,780,1272.79,2.23,2.49,1.39,11.659192825112118,-37.668161434977584,$2-5
104997,Conduit of Ruin,Battle for Zendikar,638,707,3669.19,5.52,6.49,3.97,17.572463768115956,-28.079710144927528,$5-10
687529,Lifeblood Hydra,Commander: Secrets of Strixhaven,638,1099,523.66,0.49,0.49,0.15,0.0,-69.38775510204081,$0-1
590679,"Rev, Tithe Extractor (Anime)",Foundations Jumpstart,638,688,17984.62,21.05,32.99,19.01,56.722090261282666,-9.691211401425173,$20-50
624376,Heritage Reclamation,Tarkir: Dragonstorm,638,1341,399.94,0.37,0.99,0.15,167.56756756756758,-59.45945945945946,$0-1
257680,Swamp (297) - JP Full Art,Kamigawa: Neon Dynasty,637,1218,6093.71,4.81,6.49,3.94,34.92723492723494,-18.08731808731808,$2-5
631199,Rampant Growth,Commander: FINAL FANTASY,637,1717,807.58,0.42,1.29,0.39,207.14285714285717,-7.142857142857137,$0-1
552834,Recruiter of the Guard,Modern Horizons 3,637,725,3701.61,5.79,8.49,5.17,46.63212435233161,-10.70811744386874,$5-10
191064,Weather the Storm,Modern Horizons,637,2005,2337.21,1.11,2.29,1.15,106.30630630630628,3.6036036036035863,$1-2
541270,Flare of Cultivation,Modern Horizons 3,637,1069,722.94,0.62,0.79,0.15,27.419354838709687,-75.80645161290323,$0-1
687434,Kor Spiritdancer,Commander: Secrets of Strixhaven,637,1400,547.11,0.37,1.29,0.2,248.64864864864865,-45.945945945945944,$0-1
662604,Accumulate Wisdom,Avatar: The Last Airbender,637,1125,425.15,0.3,0.69,0.15,129.99999999999997,-50.0,$0-1
671125,Grave Venerations,Commander: Lorwyn Eclipsed,637,1152,952.5,0.56,0.69,0.5700000000000001,23.214285714285694,1.785714285714287,$0-1
559774,Heaped Harvest,Bloomburrow,636,1013,275.3,0.31,0.35,0.15,12.903225806451607,-51.61290322580645,$0-1
687534,Shivan Reef,Commander: Secrets of Strixhaven,636,1267,474.39,0.36,0.99,0.26,175.0,-27.777777777777775,$0-1
688732,"Jadzi, Steward of Fate",Secrets of Strixhaven,636,843,301.14,0.19,0.49,0.15,157.89473684210526,-21.052631578947373,$0-1
589767,"Etali, Primal Storm",Foundations,636,883,465.08,0.45,0.99,0.32,120.0,-28.888888888888893,$0-1
555796,Templar Knight,Universes Beyond: Assassin's Creed,636,1853,3425.06,2.94,3.99,0.66,35.71428571428573,-77.55102040816327,$2-5
5503,Counterspell,Tempest,636,994,2314.24,3.39,3.99,2.39,17.69911504424779,-29.49852507374631,$2-5
212181,Reconnaissance Mission,Ikoria: Lair of Behemoths,635,684,1066.59,1.26,1.99,0.52,57.93650793650793,-58.730158730158735,$1-2
630882,Island (0297),FINAL FANTASY,635,2203,677.73,0.23,0.49,0.15,113.04347826086956,-34.78260869565218,$0-1
624158,Archmage Emeritus,Commander: Tarkir: Dragonstorm,635,961,785.13,0.45,1.79,0.46,297.77777777777777,2.222222222222224,$0-1
631256,Snuff Out,Commander: FINAL FANTASY,635,965,5493.4,6.11,8.99,6.11,47.135842880523725,0.0,$5-10
559858,Adarkar Wastes,Commander: Bloomburrow,635,1017,436.86,0.38,0.99,0.23,160.52631578947367,-39.473684210526315,$0-1
507400,Ghostly Flicker,Commander Masters,635,689,1202.06,2.45,2.49,1.56,1.632653061224491,-36.3265306122449,$2-5
529991,Swamp (0274),Murders at Karlov Manor,635,2376,945.81,0.36,1.29,0.15,258.33333333333337,-58.333333333333336,$0-1
548588,Chthonian Nightmare,Modern Horizons 3,635,1046,602.35,0.55,1.29,0.35,134.54545454545453,-36.36363636363637,$0-1
129750,Oketra's Monument,Amonkhet,635,661,2857.36,3.25,5.99,2.21,84.30769230769232,-32.0,$2-5
697026,HYDRA Assault Robot,Marvel Super Heroes,635,1426,419.8,0.18,0.35,0.15,94.44444444444444,-16.666666666666664,$0-1
591324,"Koma, World-Eater",Foundations,635,755,441.83,0.52,1.49,0.33,186.53846153846152,-36.53846153846153,$0-1
34464,Walking Atlas,Worldwake,635,892,1243.4,1.66,1.79,1.19,7.831325301204826,-28.313253012048197,$1-2
451900,Swiftfoot Boots,The Brothers' War: Retro Frame Artifacts,634,718,1869.74,2.6,4.49,2.08,72.6923076923077,-20.0,$2-5
696662,Red Hulk,Marvel Super Heroes,634,916,382.64,0.2,0.35,0.15,74.99999999999997,-25.000000000000007,$0-1
679605,Assassin's Trophy,Commander: Teenage Mutant Ninja Turtles,634,783,1084.73,0.99,1.49,0.38,50.505050505050505,-61.61616161616161,$0-1
552793,Junk Diver,Modern Horizons 3,634,719,198.05,0.27,0.59,0.15,118.51851851851849,-44.44444444444445,$0-1
688976,Magmablood Archaic (Borderless),Secrets of Strixhaven,633,770,476.61,0.38,0.49,0.15,28.947368421052627,-60.526315789473685,$0-1
623894,"Ugin, Eye of the Storms",Tarkir: Dragonstorm,633,755,31543.68,41.76,64.99,41.19,55.627394636015325,-1.364942528735633,$20-50
499732,Cavern-Hoard Dragon,Commander: The Lord of the Rings: Tales of Middle-earth,633,708,9477.98,14.15,21.99,13.79,55.40636042402826,-2.544169611307429,$10-20
696675,Castle Doom (Extended Art),Marvel Super Heroes,633,767,2429.04,2.49,2.49,1.08,0.0,-56.62650602409639,$2-5
558405,Forest (0278),Bloomburrow,632,2019,798.57,0.34,0.99,0.15,191.17647058823525,-55.88235294117647,$0-1
641718,Archenemy's Charm,Edge of Eternities,632,821,680.48,0.61,1.79,0.16,193.4426229508197,-73.77049180327869,$0-1
687369,Feral Appetite,Commander: Secrets of Strixhaven,632,767,384.67,0.36,0.49,0.15,36.111111111111114,-58.333333333333336,$0-1
591672,Rise of the Dark Realms,Foundations,632,654,4200.96,6.25,7.99,4.4,27.840000000000003,-29.599999999999994,$5-10
615219,Thopter Spy Network,Commander: Aetherdrift,632,894,418.34,0.37,0.79,0.2,113.51351351351353,-45.945945945945944,$0-1
575095,"Valgavoth, Harrower of Souls (Borderless)",Commander: Duskmourn: House of Horror,632,679,12154.34,20.5,29.99,19.39,46.29268292682926,-5.41463414634146,$20-50
631016,"Yuna, Hope of Spira",FINAL FANTASY,632,682,2902.35,4.01,5.99,3.42,49.37655860349128,-14.713216957605981,$2-5
559639,Essence Channeler,Bloomburrow,632,1056,726.31,0.5,1.29,0.15,158.0,-70.0,$0-1
556023,Go for the Throat,Universes Beyond: Assassin's Creed,632,1010,421.12,0.4,1.29,0.31,222.5,-22.500000000000007,$0-1
575054,Split Up,Duskmourn: House of Horror,632,842,1814.5,1.68,2.79,1.53,66.07142857142858,-8.928571428571423,$1-2
687462,Dance with Calamity,Commander: Secrets of Strixhaven,631,917,404.35,0.31,0.49,0.15,58.06451612903225,-51.61290322580645,$0-1
632700,Serah Farron,FINAL FANTASY,631,763,528.29,0.48,0.79,0.15,64.58333333333334,-68.74999999999999,$0-1
591764,Infestation Sage,Foundations,631,1071,294.59,0.27,0.39,0.15,44.44444444444444,-44.44444444444445,$0-1
591172,Mischievous Mystic,Foundations,631,828,220.68,0.28,0.39,0.15,39.28571428571428,-46.42857142857144,$0-1
662101,Ember Island Production,Avatar: The Last Airbender,631,1020,340.25,0.35,0.49,0.15,40.00000000000001,-57.14285714285714,$0-1
699706,"Ultron, Machine Overlord (Borderless)",Commander: Marvel Super Heroes,631,652,3747.13,5.07,7.99,4.53,57.593688362919124,-10.650887573964498,$5-10
206026,Forest,Theros Beyond Death,631,2425,2702.53,1.01,1.99,0.52,97.02970297029702,-48.51485148514851,$1-2
560182,Perch Protection,Commander: Bloomburrow,631,787,2105.7,3.56,5.49,2.66,54.21348314606742,-25.28089887640449,$2-5
671246,Woodland Cemetery,Commander: Lorwyn Eclipsed,630,1359,646.92,0.45,1.29,0.46,186.66666666666666,2.222222222222224,$0-1
559998,Tempt with Bunnies,Commander: Bloomburrow,630,879,2349.36,4.49,4.49,3.48,0.0,-22.49443207126949,$2-5
498350,Minas Tirith,Universes Beyond: The Lord of the Rings: Tales of Middle-earth,630,653,4080.89,6.06,8.99,6.19,48.34983498349836,2.1452145214521585,$5-10
11976,Desperate Ritual,Champions of Kamigawa,629,832,4749.17,6.34,7.99,4.67,26.02523659305994,-26.340694006309146,$5-10
490536,Tribute to the World Tree,March of the Machine,629,660,8674.87,13.76,21.99,13.02,59.81104651162789,-5.377906976744188,$10-20
222115,Maddening Cacophony,Zendikar Rising,629,679,4820.85,6.14,10.99,5.83,78.99022801302932,-5.048859934853414,$5-10
215554,Village Rites,Core Set 2021,629,840,315.67,0.29,0.99,0.15,241.3793103448276,-48.275862068965516,$0-1
631236,"Lulu, Stern Guardian",Commander: FINAL FANTASY,629,866,719.68,0.45,0.49,0.26,8.888888888888884,-42.22222222222222,$0-1
679188,"Raph & Mikey, Troublemakers (Showcase)",Teenage Mutant Ninja Turtles,629,689,4736.26,5.23,7.99,4.58,52.77246653919693,-12.428298279158707,$5-10
696318,"Black Widow, Double Agent",Marvel Super Heroes,628,846,348.78,0.24,0.35,0.15,45.83333333333333,-37.5,$0-1
507166,Faithless Looting (Borderless),Commander Masters,628,962,842.71,0.79,1.79,0.52,126.58227848101265,-34.177215189873415,$0-1
624200,Izzet Signet,Commander: Tarkir: Dragonstorm,628,837,399.1,0.4,0.99,0.36,147.5,-10.000000000000009,$0-1
697095,Falcon and Redwing,Commander: Marvel Super Heroes,628,988,1922.88,1.11,2.29,1.07,106.30630630630628,-3.6036036036036063,$1-2
615198,Triplicate Titan,Commander: Aetherdrift,628,845,346.65,0.42,0.99,0.2,135.71428571428575,-52.38095238095237,$0-1
687333,Dirgur Focusmage,Commander: Secrets of Strixhaven,628,960,626.51,0.33,0.49,0.15,48.48484848484848,-54.545454545454554,$0-1
559857,Glacial Fortress,Commander: Bloomburrow,628,816,760.68,0.37,0.49,0.22,32.432432432432435,-40.54054054054054,$0-1
697422,Thought Vessel,Commander: Marvel Super Heroes,627,1042,2664.72,2.31,3.49,2.36,51.082251082251084,2.164502164502157,$2-5
262058,The Reality Chip,Kamigawa: Neon Dynasty,627,664,2633.12,3.78,5.99,3.63,58.465608465608476,-3.968253968253966,$2-5
687456,Prismari Pianist,Commander: Secrets of Strixhaven,627,885,478.59,0.34,0.49,0.15,44.117647058823515,-55.88235294117647,$0-1
552832,Party Thrasher,Modern Horizons 3,627,1085,494.91,0.43,0.99,0.28,130.2325581395349,-34.883720930232556,$0-1
679596,Heralds of the Shredder - Vigor,Commander: Teenage Mutant Ninja Turtles,627,1367,3496.34,2.25,1.99,1.87,-11.555555555555557,-16.888888888888882,$2-5
642847,Ancient Den,Commander: Edge of Eternities,627,1368,1498.98,1.01,2.79,1.02,176.23762376237624,0.990099009900991,$1-2
673601,"Armaggon, Future Shark",Teenage Mutant Ninja Turtles,627,716,378.08,0.37,0.49,0.15,32.432432432432435,-59.45945945945946,$0-1
630957,"Clive, Ifrit's Dominant",FINAL FANTASY,626,663,3121.14,3.59,4.99,2.59,38.997214484679674,-27.85515320334262,$2-5
624146,Tempest Technique,Commander: Tarkir: Dragonstorm,626,864,734.81,0.31,0.69,0.15,122.5806451612903,-51.61290322580645,$0-1
696315,"Ant-Man, Colony Commander",Marvel Super Heroes,626,889,284.75,0.24,0.35,0.15,45.83333333333333,-37.5,$0-1
262222,Fable of the Mirror-Breaker,Kamigawa: Neon Dynasty,626,763,5381.09,5.65,8.99,5.82,59.11504424778761,3.0088495575221224,$5-10
239403,Profane Tutor,Modern Horizons 2,626,706,2877.33,3.96,3.99,3.75,0.7575757575757638,-5.303030303030303,$2-5
262746,"Eiganjo, Seat of the Empire",Kamigawa: Neon Dynasty,625,672,3908.86,5.31,9.99,3.12,88.135593220339,-41.242937853107335,$5-10
126480,Felidar Guardian,Aether Revolt,625,682,1968.11,2.64,1.99,1.38,-24.621212121212125,-47.727272727272734,$2-5
499702,Elvish Mystic,Commander: The Lord of the Rings: Tales of Middle-earth,625,966,749.1,1.18,1.29,0.48,9.322033898305094,-59.32203389830508,$1-2
507170,Generous Gift (Borderless),Commander Masters,624,708,958.71,1.19,1.99,0.96,67.22689075630252,-19.327731092436977,$1-2
697310,"Daredevil, Fearless Fighter",Commander: Marvel Super Heroes,624,644,4394.5,3.12,5.49,2.99,75.96153846153845,-4.1666666666666625,$2-5
526296,Greedy Freebooter,The Lost Caverns of Ixalan,624,903,1569.03,0.45,0.99,0.15,120.0,-66.66666666666667,$0-1
589337,Elvish Archdruid,Foundations,624,803,341.23,0.44,0.69,0.15,56.8181818181818,-65.90909090909092,$0-1
671526,Wistfulness (Borderless),Lorwyn Eclipsed,624,794,11390.14,11.06,19.99,9.86,80.74141048824592,-10.84990958408681,$10-20
559635,Fecund Greenshell,Bloomburrow,624,785,627.42,0.65,0.99,0.22,52.3076923076923,-66.15384615384616,$0-1
631238,Mask of Memory,Commander: FINAL FANTASY,624,978,335.9,0.27,0.99,0.28,266.66666666666663,3.703703703703707,$0-1
272705,"Mahadi, Emporium Master",Commander Legends: Battle for Baldur's Gate,623,636,1374.12,1.72,2.79,1.56,62.2093023255814,-9.302325581395344,$1-2
614424,Sunbillow Verge,Aetherdrift,623,705,7585.52,8.82,13.99,8.23,58.61678004535147,-6.689342403628117,$5-10
646049,"Tombstone, Career Criminal",Marvel's Spider-Man,623,1457,371.78,0.23,0.35,0.15,52.17391304347825,-34.78260869565218,$0-1
673595,"Donatello, Gadget Master",Teenage Mutant Ninja Turtles,623,743,448.9,0.42,0.49,0.15,16.666666666666668,-64.28571428571429,$0-1
686664,Dualcaster Mage (Borderless),Special Guests,623,638,7438.7,6.71,8.49,6.18,26.527570789865873,-7.898658718330854,$5-10
679209,Ronin's Arsenal - Conqueror's Flail (Borderless),Teenage Mutant Ninja Turtles Source Material,623,659,1685.85,1.94,1.99,0.98,2.5773195876288684,-49.48453608247423,$1-2
687624,Solemn Simulacrum,Commander: Secrets of Strixhaven,622,1218,427.4,0.38,0.59,0.23,55.263157894736835,-39.473684210526315,$0-1
631171,Austere Command,Commander: FINAL FANTASY,622,988,587.09,0.36,0.99,0.34,175.0,-5.555555555555546,$0-1
652062,Amazing Acrobatics,Marvel's Spider-Man,622,1068,269.7,0.22,0.35,0.15,59.09090909090908,-31.818181818181824,$0-1
616058,Voyager Quickwelder,Aetherdrift,622,788,220.42,0.26,0.69,0.15,165.38461538461536,-42.307692307692314,$0-1
696362,Swamp (0282),Marvel Super Heroes,622,2362,1043.22,0.3,0.49,0.15,63.33333333333334,-50.0,$0-1
559919,Psychosis Crawler,Commander: Bloomburrow,622,976,630.45,0.92,1.49,0.52,61.95652173913042,-43.47826086956522,$0-1
679872,"Michelangelo, Weirdness to 11 (Borderless)",Teenage Mutant Ninja Turtles,622,656,4659.4,6.58,6.99,4.16,6.23100303951368,-36.77811550151976,$5-10
623889,Qarsi Revenant,Tarkir: Dragonstorm,622,806,1680.71,2.64,2.29,1.03,-13.25757575757576,-60.984848484848484,$2-5
503398,Path of Ancestry (Borderless),Commander Masters,622,777,756.5,0.76,1.29,0.45,69.73684210526316,-40.78947368421053,$0-1
240197,Blacksmith's Skill,Modern Horizons 2,622,894,292.84,0.47,0.79,0.15,68.08510638297875,-68.08510638297872,$0-1
552311,"Eladamri, Korvecdal",Modern Horizons 3,622,686,3176.64,4.9,7.49,3.62,52.85714285714285,-26.122448979591837,$2-5
513362,Candy Trail,Wilds of Eldraine,621,1502,1208.88,1.24,2.29,0.64,84.67741935483872,-48.387096774193544,$1-2
552314,"Kozilek, the Broken Reality",Modern Horizons 3,621,718,2554.48,3.42,4.99,2.49,45.90643274853802,-27.192982456140342,$2-5
688217,Turbulent Fen (Extended Art),Commander: Secrets of Strixhaven,621,707,6191.73,7.31,7.49,6.73,2.4623803009576006,-7.934336525307787,$5-10
452236,"Liberator, Urza's Battlethopter",The Brothers' War,621,664,4206.94,7.38,8.99,7.18,21.81571815718158,-2.7100271002710055,$5-10
257678,Island (295) - JP Full Art,Kamigawa: Neon Dynasty,621,1257,4151.72,2.73,4.49,2.35,64.46886446886447,-13.919413919413914,$2-5
697989,"Ultron, Unlimited",Commander: Marvel Super Heroes,620,654,1509.11,0.81,1.79,0.88,120.98765432098763,8.64197530864197,$0-1
69146,Elvish Mystic,Magic 2014 (M14),620,876,531.23,0.49,1.29,0.31,163.26530612244898,-36.734693877551024,$0-1
686568,"Ral Zarek, Guest Lecturer (Borderless)",Secrets of Strixhaven,620,684,4243.53,3.42,2.79,1.84,-18.421052631578945,-46.198830409356724,$2-5
590974,Felidar Retreat,Foundations,620,934,1181.41,1.02,2.29,0.93,124.50980392156863,-8.823529411764703,$1-2
697072,H.E.R.B.I.E. Scout Unit,Marvel Super Heroes,620,1254,345.91,0.23,0.35,0.15,52.17391304347825,-34.78260869565218,$0-1
513961,Shared Animosity,Wilds of Eldraine: Enchanting Tales,620,685,2989.71,2.97,4.49,2.8000000000000003,51.178451178451176,-5.723905723905721,$2-5
624211,Path of Ancestry,Commander: Tarkir: Dragonstorm,619,1174,316.39,0.3,0.35,0.15,16.666666666666664,-50.0,$0-1
631602,Laughing Mad,FINAL FANTASY,619,878,183.14,0.23,0.35,0.15,52.17391304347825,-34.78260869565218,$0-1
478278,"Skrelv, Defector Mite",Phyrexia: All Will Be One,619,665,2320.57,3.08,4.49,3.02,45.77922077922078,-1.9480519480519498,$2-5
631260,Chasm Skulker,Commander: FINAL FANTASY,619,858,391.96,0.29,0.79,0.26,172.41379310344828,-10.344827586206886,$0-1
662613,Meteor Sword,Avatar: The Last Airbender,619,782,274.9,0.28,0.35,0.15,24.999999999999982,-46.42857142857144,$0-1
230430,"Kardur, Doomscourge",Kaldheim,619,909,620.34,0.81,0.99,0.62,22.222222222222214,-23.456790123456795,$0-1
624655,Seedborn Muse,Commander: Tarkir: Dragonstorm,619,641,8945.89,15.52,20.99,14.62,35.24484536082473,-5.798969072164951,$10-20
642789,Insight Engine,Commander: Edge of Eternities,619,1215,1380.05,1.0,1.79,0.93,79.0,-6.999999999999995,$1-2
615115,On Wings of Gold,Commander: Aetherdrift,618,749,1276.06,0.86,1.29,0.78,50.000000000000014,-9.302325581395344,$0-1
660506,The Legend of Kuruk,Avatar: The Last Airbender,618,674,2328.0,2.04,3.49,1.84,71.07843137254902,-9.803921568627448,$2-5
624199,Boros Signet,Commander: Tarkir: Dragonstorm,618,788,474.89,0.44,1.29,0.44,193.18181818181822,0.0,$0-1
559145,Splash Portal,Bloomburrow,618,793,338.13,0.36,0.99,0.15,175.0,-58.333333333333336,$0-1
624151,Monastery Mentor,Commander: Tarkir: Dragonstorm,618,970,723.78,0.67,1.49,0.43,122.38805970149251,-35.820895522388064,$0-1
513566,Vampiric Rites,Wilds of Eldraine: Enchanting Tales,618,719,297.42,0.4,0.35,0.15,-12.50000000000001,-62.5,$0-1
630886,Island (0299),FINAL FANTASY,618,2088,591.05,0.21,0.49,0.15,133.33333333333334,-28.57142857142857,$0-1
624187,Storm-Kiln Artist,Commander: Tarkir: Dragonstorm,618,917,1682.86,2.78,2.99,1.45,7.553956834532389,-47.84172661870503,$2-5
212302,The Ozolith,Ikoria: Lair of Behemoths,618,625,41394.88,65.59,79.99,57.31,21.954566244854384,-12.62387559079128,$50-100
58293,Ghostly Flicker,Avacyn Restored,618,931,1181.92,1.42,2.79,1.16,96.47887323943664,-18.30985915492958,$1-2
557923,Omniscience,Foundations,618,683,4023.71,5.7,8.49,5.72,48.94736842105263,0.3508771929824486,$5-10
633190,Ancient Adamantoise,FINAL FANTASY,618,658,2432.04,3.22,4.49,2.5,39.440993788819874,-22.360248447204974,$2-5
633411,World Map,FINAL FANTASY,617,1127,260.42,0.28,0.35,0.15,24.999999999999982,-46.42857142857144,$0-1
671516,"Doran, Besieged by Time",Lorwyn Eclipsed,617,689,538.0,0.55,0.49,0.15,-10.909090909090919,-72.72727272727273,$0-1
697092,Villainous Hideout,Marvel Super Heroes,617,996,426.23,0.19,0.35,0.15,84.21052631578945,-21.052631578947373,$0-1
475525,Mountain (270) - Full Art,Phyrexia: All Will Be One,617,1745,2188.21,0.86,2.29,0.66,166.27906976744188,-23.255813953488367,$0-1
235876,Dragon's Approach,Strixhaven: School of Mages,616,1853,5164.28,1.76,3.49,1.44,98.29545454545455,-18.181818181818183,$1-2
679586,"Rat King, Pale Piper",Commander: Teenage Mutant Ninja Turtles,616,846,478.56,0.39,0.79,0.15,102.56410256410258,-61.53846153846154,$0-1
240166,Dauthi Voidwalker,Modern Horizons 2,616,747,3984.29,4.35,6.49,3.49,49.195402298850595,-19.770114942528725,$2-5
688221,Turbulent Springs (Extended Art),Commander: Secrets of Strixhaven,615,711,5139.12,5.3,6.99,5.0,31.8867924528302,-5.660377358490563,$5-10
686577,Library of Leng (Borderless),Special Guests,615,627,8227.66,10.7,9.49,8.24,-11.308411214953264,-22.99065420560747,$10-20
688670,Suspend Aggression,Secrets of Strixhaven,615,851,249.87,0.27,0.49,0.15,81.48148148148147,-44.44444444444445,$0-1
687397,"Atsushi, the Blazing Sky",Commander: Secrets of Strixhaven,615,930,444.96,0.34,0.99,0.15,191.17647058823525,-55.88235294117647,$0-1
257679,Island (296) - JP Full Art,Kamigawa: Neon Dynasty,615,1295,4915.33,3.69,4.99,2.77,35.23035230352304,-24.932249322493224,$2-5
624196,"Veyran, Voice of Duality",Commander: Tarkir: Dragonstorm,615,853,2391.3,1.11,3.99,0.94,259.4594594594594,-15.315315315315328,$1-2
283615,Combat Research,Dominaria United,615,843,488.14,0.65,1.49,0.51,129.23076923076923,-21.53846153846154,$0-1
498433,Oliphaunt (Borderless),Universes Beyond: The Lord of the Rings: Tales of Middle-earth,614,1136,356.65,0.26,0.35,0.15,34.615384615384606,-42.307692307692314,$0-1
541369,"Lumra, Bellow of the Woods",Bloomburrow,614,634,14020.36,20.43,32.99,21.0,61.478218306412145,2.7900146842878137,$20-50
243428,Hobgoblin Bandit Lord,Adventures in the Forgotten Realms,613,636,3395.29,4.68,6.99,4.26,49.35897435897437,-8.974358974358973,$2-5
686626,Hardened Academic (Extended Art),Secrets of Strixhaven,613,801,1065.68,1.2,1.49,0.39,24.16666666666667,-67.5,$1-2
696653,The Serpent Society (Extended Art),Marvel Super Heroes,613,679,2999.52,2.43,2.49,1.69,2.469135802469138,-30.452674897119348,$2-5
679801,Utrom Monitor,Commander: Teenage Mutant Ninja Turtles,613,2233,14046.36,5.63,8.99,4.99,59.68028419182949,-11.367673179396087,$5-10
688228,Stensian Sanguinist (Extended Art),Commander: Secrets of Strixhaven,613,650,6142.54,4.56,7.99,3.56,75.21929824561406,-21.929824561403503,$2-5
206667,Idyllic Tutor,Theros Beyond Death,613,635,7318.6,13.03,14.99,10.78,15.0422102839601,-17.267843438219494,$10-20
615374,Unstoppable Plan,Aetherdrift,613,689,1797.09,3.24,3.99,1.43,23.148148148148145,-55.8641975308642,$2-5
544398,Shoot the Sheriff,Outlaws of Thunder Junction,613,1132,566.87,0.41,0.79,0.15,92.68292682926831,-63.41463414634146,$0-1
688226,Turbulent Wilderness (Extended Art),Commander: Secrets of Strixhaven,612,691,5659.4,5.21,6.49,4.57,24.568138195777355,-12.28406909788867,$5-10
272928,"Ganax, Astral Hunter",Commander Legends: Battle for Baldur's Gate,612,819,1768.55,1.12,1.99,1.02,77.6785714285714,-8.928571428571436,$1-2
686634,"Adrix and Nev, Twincasters (Borderless)",Special Guests,612,639,4108.33,6.05,7.99,6.25,32.06611570247935,3.305785123966945,$5-10
623917,Zurgo Stormrender (Borderless),Commander: Tarkir: Dragonstorm,612,751,1293.71,5.18,9.99,3.85,92.85714285714288,-25.67567567567567,$5-10
651941,"Lady Octopus, Inspired Inventor",Marvel's Spider-Man,612,741,675.44,0.81,1.29,0.2,59.25925925925925,-75.30864197530866,$0-1
525710,Charismatic Conqueror,Commander: The Lost Caverns of Ixalan,612,664,13366.75,21.73,24.99,19.58,15.002300966405882,-9.894155545329047,$20-50
552871,Monumental Henge,Modern Horizons 3,612,748,340.62,0.33,0.99,0.15,199.99999999999994,-54.545454545454554,$0-1
696437,Warleader's Call (Borderless),Marvel Universe Eternal-Legal,611,681,2207.26,3.4,6.99,3.1,105.58823529411765,-8.823529411764701,$2-5
239492,Fractured Sanity,Modern Horizons 2,611,844,2170.14,2.92,3.49,1.64,19.52054794520549,-43.83561643835617,$2-5
631276,Rugged Prairie,Commander: FINAL FANTASY,611,824,398.01,0.33,0.69,0.15,109.09090909090907,-54.545454545454554,$0-1
239746,Chatterstorm,Modern Horizons 2,611,898,253.64,0.25,0.35,0.15,39.99999999999999,-40.0,$0-1
558602,Fell,Bloomburrow,611,950,369.43,0.36,0.79,0.15,119.44444444444446,-58.333333333333336,$0-1
688648,Antiquities on the Loose,Secrets of Strixhaven,611,796,272.16,0.22,0.49,0.15,122.72727272727273,-31.818181818181824,$0-1
499597,Relic of Sauron,Commander: The Lord of the Rings: Tales of Middle-earth,611,768,5925.68,9.58,11.99,8.07,25.156576200417536,-15.762004175365343,$5-10
631545,Duskshell Crawler,Commander: FINAL FANTASY,611,776,278.28,0.26,0.49,0.17,88.46153846153845,-34.61538461538461,$0-1
631579,Stitch Together,Commander: FINAL FANTASY,611,784,450.32,0.42,1.29,0.31,207.14285714285717,-26.190476190476186,$0-1
615049,Underground River,Commander: Aetherdrift,611,920,1718.16,1.74,3.99,1.44,129.31034482758622,-17.241379310344833,$1-2
92830,Bloodstained Mire,Khans of Tarkir,611,753,13761.13,17.61,27.99,15.61,58.94378194207837,-11.357183418512209,$10-20
589362,Searslicer Goblin,Foundations,611,869,839.69,1.17,1.79,0.27,52.991452991453,-76.92307692307692,$1-2
687616,Creakwood Liege,Commander: Secrets of Strixhaven,610,1001,355.2,0.31,0.49,0.15,58.06451612903225,-51.61290322580645,$0-1
697609,"Crystal, Inhuman Princess",Commander: Marvel Super Heroes,610,700,3111.23,1.13,2.79,1.13,146.90265486725667,0.0,$1-2
631270,Furycalm Snarl,Commander: FINAL FANTASY,610,835,247.6,0.31,0.49,0.15,58.06451612903225,-51.61290322580645,$0-1
513072,Forced Fruition,Wilds of Eldraine: Enchanting Tales,610,653,2162.01,2.98,3.99,2.92,33.892617449664435,-2.0134228187919483,$2-5
235972,"Blex, Vexing Pest",Strixhaven: School of Mages,610,649,7714.11,12.19,13.99,10.83,14.766201804758005,-11.156685808039372,$10-20
631117,Shineshadow Snarl,Commander: FINAL FANTASY,610,864,277.91,0.27,0.49,0.15,81.48148148148147,-44.44444444444445,$0-1
544218,Honest Rutstein,Outlaws of Thunder Junction,609,738,347.98,0.38,1.49,0.15,292.1052631578947,-60.526315789473685,$0-1
164377,Cabal Stronghold,Dominaria,609,625,8186.24,11.91,15.99,11.46,34.25692695214106,-3.77833753148614,$10-20
671292,Fellwar Stone,Commander: Lorwyn Eclipsed,609,1275,1251.42,0.96,1.79,0.7000000000000001,86.45833333333334,-27.083333333333325,$0-1
634428,Excalibur II,FINAL FANTASY,609,669,582.49,0.78,0.99,0.15,26.923076923076916,-80.76923076923077,$0-1
498542,Horn of Gondor,Universes Beyond: The Lord of the Rings: Tales of Middle-earth,609,677,1748.84,2.52,3.99,2.33,58.333333333333336,-7.539682539682538,$2-5
648736,"Katara, Water Tribe's Hope",Avatar: The Last Airbender,608,699,362.35,0.58,0.69,0.15,18.96551724137931,-74.13793103448275,$0-1
697185,Kindred Discovery,Commander: Marvel Super Heroes,608,755,5007.35,5.57,9.49,5.71,70.3770197486535,2.5134649910233335,$5-10
688224,Turbulent Steppe (Extended Art),Commander: Secrets of Strixhaven,608,690,4837.9,4.85,6.49,3.89,33.81443298969074,-19.79381443298968,$2-5
615189,Disallow,Commander: Aetherdrift,608,1127,792.28,0.45,0.79,0.15,75.55555555555556,-66.66666666666667,$0-1
679217,Swamp (0193),Teenage Mutant Ninja Turtles,607,1716,516.27,0.26,0.49,0.15,88.46153846153845,-42.307692307692314,$0-1
679218,Mountain (0194),Teenage Mutant Ninja Turtles,606,1594,592.17,0.29,0.49,0.15,68.96551724137932,-48.275862068965516,$0-1
93190,Altar of the Brood,Khans of Tarkir,606,628,5216.74,8.05,10.99,6.25,36.521739130434774,-22.360248447204974,$5-10
671763,Champion of the Path,Lorwyn Eclipsed,606,693,335.53,0.46,0.49,0.15,6.521739130434775,-67.3913043478261,$0-1
257681,Swamp (298) - JP Full Art,Kamigawa: Neon Dynasty,606,1163,7141.96,5.26,6.49,4.48,23.38403041825096,-14.82889733840303,$5-10
187194,"Teferi, Time Raveler",War of the Spark,605,708,4639.55,6.59,7.49,6.140000000000001,13.657056145675273,-6.8285280728376225,$5-10
671161,Persist,Commander: Lorwyn Eclipsed,605,1124,1247.17,1.16,1.79,0.92,54.31034482758622,-20.689655172413783,$1-2
615190,Talisman of Curiosity,Commander: Aetherdrift,605,1069,773.87,0.32,0.79,0.2,146.875,-37.5,$0-1
478809,Bilious Skulldweller,Phyrexia: All Will Be One,605,1010,320.67,0.35,0.79,0.15,125.71428571428574,-57.14285714285714,$0-1
679630,Rootbound Crag,Commander: Teenage Mutant Ninja Turtles,605,831,273.55,0.4,0.59,0.18,47.499999999999986,-55.00000000000001,$0-1
686528,Graduation Day,Secrets of Strixhaven,605,953,228.77,0.31,0.35,0.15,12.903225806451607,-51.61290322580645,$0-1
92832,Windswept Heath,Khans of Tarkir,605,731,8651.95,10.96,15.99,10.42,45.8941605839416,-4.92700729927008,$10-20
687350,Ominous Harvest,Commander: Secrets of Strixhaven,605,1130,1524.25,0.42,0.49,0.15,16.666666666666668,-64.28571428571429,$0-1
558609,Mudflat Village,Bloomburrow,605,839,290.72,0.31,0.59,0.15,90.32258064516128,-51.61290322580645,$0-1
559476,Fabled Passage,Bloomburrow,605,793,1964.48,1.65,2.79,1.1,69.09090909090911,-33.33333333333333,$1-2
239443,Squirrel Sovereign,Modern Horizons 2,605,776,258.75,0.33,0.69,0.15,109.09090909090907,-54.545454545454554,$0-1
591641,Secluded Courtyard,Foundations,605,920,318.59,0.35,0.35,0.15,0.0,-57.14285714285714,$0-1
634955,Tifa's Limit Break,FINAL FANTASY,605,715,330.13,0.36,0.35,0.15,-2.7777777777777803,-58.333333333333336,$0-1
687509,Gilded Goose,Commander: Secrets of Strixhaven,605,1003,346.41,0.35,1.29,0.15,268.5714285714286,-57.14285714285714,$0-1
624164,Frantic Search,Commander: Tarkir: Dragonstorm,604,792,480.59,0.66,1.79,0.65,171.2121212121212,-1.5151515151515165,$0-1
671052,Island (0275),Lorwyn Eclipsed,604,1752,552.82,0.34,1.79,0.15,426.4705882352941,-55.88235294117647,$0-1
247830,Rockfall Vale,Innistrad: Midnight Hunt,604,665,1806.77,3.01,4.99,3.17,65.78073089700999,5.315614617940204,$2-5
239839,Goblin Bombardment,Modern Horizons 2,604,692,2315.69,2.49,3.49,2.31,40.16064257028112,-7.228915662650608,$2-5
631598,Circle of Power,FINAL FANTASY,604,732,172.72,0.33,0.35,0.15,6.060606060606049,-54.545454545454554,$0-1
559851,Izzet Signet,Commander: Bloomburrow,604,954,497.75,0.41,0.79,0.36,92.68292682926831,-12.19512195121951,$0-1
624323,Vault of the Archangel,Commander: Tarkir: Dragonstorm,604,809,473.75,0.55,1.79,0.68,225.45454545454544,23.636363636363637,$0-1
452407,Foundry Inspector,The Brothers' War: Retro Frame Artifacts,604,744,383.44,0.8,1.29,0.34,61.24999999999999,-57.49999999999999,$0-1
673554,Triceraton Commander,Teenage Mutant Ninja Turtles,603,646,1082.7,1.43,1.99,0.43,39.16083916083917,-69.93006993006993,$1-2
188627,"Ashiok, Dream Render",War of the Spark,603,754,1422.52,1.32,1.29,0.71,-2.2727272727272747,-46.21212121212122,$1-2
642063,Karplusan Forest,Commander: Edge of Eternities,603,1152,564.73,0.48,1.29,0.36,168.75000000000003,-25.0,$0-1
129836,Throne of the God-Pharaoh,Amonkhet,603,645,4492.52,6.32,9.49,5.42,50.15822784810127,-14.240506329113927,$5-10
630934,Tifa Lockhart (Borderless),FINAL FANTASY,603,627,8615.78,12.97,15.99,10.4,23.284502698535075,-19.814957594448728,$10-20
668483,Harbinger of the Seas (Borderless),Marvel Universe Eternal-Legal,603,679,2216.92,3.05,3.49,0.78,14.426229508196736,-74.42622950819671,$2-5
578879,Get Out,Duskmourn: House of Horror,603,1151,410.22,0.37,0.49,0.15,32.432432432432435,-59.45945945945946,$0-1
36417,Grafted Exoskeleton,Scars of Mirrodin,603,682,3986.68,5.79,6.99,4.42,20.725388601036272,-23.66148531951641,$5-10
642857,The Mycosynth Gardens,Commander: Edge of Eternities,603,1025,459.12,0.34,0.99,0.33,191.17647058823525,-2.9411764705882377,$0-1
507472,Generous Gift,Commander Masters,602,692,890.26,1.66,2.29,0.93,37.951807228915676,-43.97590361445782,$1-2
475526,Island (268) - Full Art,Phyrexia: All Will Be One,602,1630,1614.15,0.98,1.79,0.23,82.6530612244898,-76.53061224489795,$0-1
129741,Bontu's Monument,Amonkhet,602,655,3206.12,3.8,6.49,2.84,70.78947368421053,-25.263157894736842,$2-5
671050,Plains (0274),Lorwyn Eclipsed,602,1605,544.64,0.35,0.99,0.15,182.85714285714286,-57.14285714285714,$0-1
550846,Breaker of Creation,Modern Horizons 3,601,801,260.23,0.28,0.49,0.15,74.99999999999997,-46.42857142857144,$0-1
182952,Biomancer's Familiar,Ravnica Allegiance,601,745,1547.9,1.68,3.49,1.04,107.73809523809526,-38.095238095238095,$1-2
522937,Nuka-Cola Vending Machine,Universes Beyond: Fallout,601,627,12839.97,20.92,24.99,18.54,19.4550669216061,-11.376673040152975,$20-50
475524,Plains (267) - Full Art,Phyrexia: All Will Be One,601,1768,2594.55,1.39,2.29,0.52,64.74820143884894,-62.589928057553955,$1-2
4611,Brainstorm,Ice Age,601,1065,1981.47,2.07,3.49,1.44,68.59903381642515,-30.43478260869565,$2-5
187246,God-Pharaoh's Statue,War of the Spark,601,760,2611.71,0.77,1.49,0.2,93.5064935064935,-74.02597402597402,$0-1
90915,Sign in Blood,Magic 2015 (M15),600,918,398.17,0.4,0.99,0.26,147.5,-35.0,$0-1
262172,"Sokenzan, Crucible of Defiance",Kamigawa: Neon Dynasty,600,633,1959.1,2.63,4.49,2.34,70.72243346007606,-11.02661596958175,$2-5
641861,"Hearthhull, the Worldseed (Borderless)",Commander: Edge of Eternities,600,1192,977.26,2.13,2.79,0.15,30.985915492957755,-92.95774647887323,$2-5
71354,Whip of Erebos,Theros,600,627,4709.56,7.24,12.99,6.19,79.41988950276243,-14.502762430939223,$5-10
199207,Drown in the Loch,Throne of Eldraine,600,906,999.17,1.29,1.79,0.9,38.75968992248062,-30.23255813953488,$1-2
686529,"Abigale, Poet Laureate",Secrets of Strixhaven,600,904,222.09,0.24,0.35,0.15,45.83333333333333,-37.5,$0-1
630935,Dark Confidant,FINAL FANTASY,600,668,2876.65,3.64,5.99,2.73,64.56043956043956,-25.000000000000007,$2-5
631053,"Sephiroth, Fallen Hero",Commander: FINAL FANTASY,600,820,429.47,0.33,0.49,0.18,48.48484848484848,-45.45454545454546,$0-1
614435,Willowrush Verge,Aetherdrift,599,650,5151.18,6.06,9.99,5.21,64.85148514851487,-14.02640264026402,$5-10
641865,"Inspirit, Flagship Vessel (Borderless)",Commander: Edge of Eternities,599,931,444.68,0.92,2.29,0.18,148.91304347826087,-80.43478260869564,$0-1
671254,"The Reaper, King No More (Borderless)",Commander: Lorwyn Eclipsed,599,872,443.11,0.58,1.79,0.15,208.6206896551724,-74.13793103448275,$0-1
92831,Wooded Foothills,Khans of Tarkir,599,742,13296.08,16.64,24.99,16.64,50.180288461538446,0.0,$10-20
624280,"Adeline, Resplendent Cathar",Commander: Tarkir: Dragonstorm,599,675,1652.53,2.37,4.99,2.27,110.54852320675106,-4.2194092827004255,$2-5
221957,Spikefield Hazard,Zendikar Rising,599,729,317.68,0.41,0.39,0.15,-4.878048780487796,-63.41463414634146,$0-1
673596,"Donatello, Mutant Mechanic",Teenage Mutant Ninja Turtles,599,679,1281.38,1.2,0.99,0.44,-17.5,-63.33333333333334,$1-2
687617,Mind Stone,Commander: Secrets of Strixhaven,599,998,332.06,0.33,0.99,0.25,199.99999999999994,-24.242424242424246,$0-1
646165,"Spider-Ham, Peter Porker",Marvel's Spider-Man,598,659,596.14,1.03,0.79,0.19,-23.300970873786405,-81.55339805825244,$1-2
206978,Shadowspear,Theros Beyond Death,598,604,19286.27,31.31,39.99,28.86,27.722772277227737,-7.8249760459916935,$20-50
696880,Astonishing Spider-Man,Commander: Marvel Super Heroes,598,618,3588.43,2.02,2.99,2.02,48.01980198019803,0.0,$2-5
679618,Cinder Glade,Commander: Teenage Mutant Ninja Turtles,598,772,260.3,0.39,0.49,0.19,25.64102564102563,-51.28205128205129,$0-1
556349,"Alexios, Deimos of Kosmos (Showcase)",Universes Beyond: Assassin's Creed,598,800,292.61,0.34,0.79,0.15,132.35294117647058,-55.88235294117647,$0-1
517528,Forest (0291),The Lost Caverns of Ixalan,597,1777,2097.99,1.14,1.79,0.41,57.017543859649145,-64.03508771929825,$1-2
544888,Reanimate,Outlaws of Thunder Junction: Breaking News,597,632,5542.76,8.99,11.99,7.84,33.37041156840934,-12.791991101223585,$5-10
575060,Demonic Counsel,Duskmourn: House of Horror,597,701,1535.49,2.09,2.99,1.34,43.062200956937815,-35.88516746411482,$2-5
697572,Lightning Greaves,Commander: Marvel Super Heroes,597,821,3415.35,3.9,6.49,3.97,66.41025641025642,1.7948717948718023,$2-5
630858,"Gilgamesh, Master-at-Arms",FINAL FANTASY,597,672,395.45,0.52,0.49,0.15,-5.7692307692307745,-71.15384615384615,$0-1
490547,City on Fire,March of the Machine,596,608,7129.69,12.66,14.99,10.96,18.404423380726698,-13.428120063191148,$10-20
631493,Underground River,Commander: FINAL FANTASY,596,898,1414.04,1.52,3.99,1.61,162.5,5.921052631578952,$1-2
686661,Subterranean Tremors,Secrets of Strixhaven: Mystical Archive,596,640,2128.48,1.48,0.99,0.63,-33.108108108108105,-57.432432432432435,$1-2
525780,Swiftfoot Boots,Commander: The Lost Caverns of Ixalan,596,707,1968.28,3.32,3.99,2.38,20.180722891566276,-28.313253012048197,$2-5
190649,Snow-Covered Island,Modern Horizons,596,2422,4169.45,1.92,1.99,1.19,3.645833333333337,-38.02083333333333,$1-2
253435,Swamp (272),Innistrad: Crimson Vow,596,2665,3300.18,1.16,1.99,0.86,71.55172413793105,-25.86206896551724,$1-2
687368,Angelic Destiny,Commander: Secrets of Strixhaven,596,890,366.82,0.36,0.99,0.15,175.0,-58.333333333333336,$0-1
696867,Avengers: Under Siege (Borderless),Marvel Super Heroes,595,689,545.46,0.4,0.49,0.15,22.499999999999993,-62.5,$0-1
226687,Staff of Domination,Commander Legends,595,617,6582.67,9.9,12.99,9.78,31.212121212121207,-1.2121212121212221,$5-10
544277,Spirebluff Canal,Outlaws of Thunder Junction,595,780,4308.69,5.16,8.99,3.85,74.2248062015504,-25.387596899224807,$5-10
624271,Sandsteppe Citadel,Tarkir: Dragonstorm,595,755,245.14,0.34,0.49,0.15,44.117647058823515,-55.88235294117647,$0-1
192637,Manifold Key,Core Set 2020,594,751,1669.34,1.98,2.49,1.17,25.75757575757577,-40.909090909090914,$1-2
192744,Colossus Hammer,Core Set 2020,594,685,983.95,1.66,2.29,0.52,37.951807228915676,-68.67469879518072,$1-2
243389,Teleportation Circle,Adventures in the Forgotten Realms,594,609,5875.03,9.63,12.99,8.02,34.89096573208722,-16.71858774662514,$5-10
453113,Spectrum Sentinel,The Brothers' War,594,1179,1038.62,0.36,0.49,0.29,36.111111111111114,-19.444444444444446,$0-1
67424,Boros Charm,Gatecrash,594,764,3655.44,5.9,8.99,4.16,52.3728813559322,-29.491525423728817,$5-10
591668,Goldvein Pick,Foundations,594,973,287.29,0.28,0.35,0.15,24.999999999999982,-46.42857142857144,$0-1
512548,Intruder Alarm,Wilds of Eldraine: Enchanting Tales,594,619,2956.88,4.53,5.49,4.13,21.19205298013245,-8.830022075055195,$2-5
499328,The Battle of Bywater,Universes Beyond: The Lord of the Rings: Tales of Middle-earth,594,646,1909.35,2.9,3.99,1.89,37.58620689655174,-34.827586206896555,$2-5
591307,Tolarian Terror,Foundations,594,1450,419.38,0.24,0.35,0.15,45.83333333333333,-37.5,$0-1
219613,Myr Retriever,Double Masters,594,647,1736.14,3.41,2.99,1.75,-12.316715542521992,-48.68035190615836,$2-5
687651,Shadrix Silverquill,Commander: Secrets of Strixhaven,593,817,423.35,0.33,0.99,0.15,199.99999999999994,-54.545454545454554,$0-1
6389,Snap,Urza's Legacy,593,775,4242.59,4.64,5.99,2.07,29.09482758620691,-55.38793103448276,$2-5
633982,"Gogo, Master of Mimicry",FINAL FANTASY,593,658,2363.91,3.22,4.49,2.13,39.440993788819874,-33.85093167701864,$2-5
661925,United Front,Avatar: The Last Airbender,593,645,1654.4,2.16,3.49,1.56,61.57407407407407,-27.77777777777778,$2-5
631561,Big Score,Commander: FINAL FANTASY,593,1073,994.86,0.44,1.49,0.31,238.63636363636363,-29.545454545454547,$0-1
559055,Darkstar Augur,Bloomburrow,593,779,616.89,0.77,1.29,0.25,67.53246753246754,-67.53246753246754,$0-1
630930,"Ardyn, the Usurper",FINAL FANTASY,593,714,719.42,0.73,1.29,0.39,76.7123287671233,-46.57534246575342,$0-1
668488,Force of Vigor (Borderless),Marvel Universe Eternal-Legal,593,688,3391.22,5.25,7.49,5.17,42.66666666666667,-1.5238095238095253,$5-10
614178,The Aetherspark,Aetherdrift,593,619,12208.13,20.35,27.99,18.74,37.542997542997526,-7.911547911547926,$20-50
525773,Black Market Connections,Commander: The Lost Caverns of Ixalan,593,610,11249.18,15.86,19.99,14.16,26.040353089533415,-10.718789407313993,$10-20
560058,Chitterspitter,Commander: Bloomburrow,593,1572,594.29,0.4,0.99,0.2,147.5,-50.0,$0-1
630956,"Zodiark, Umbral God",FINAL FANTASY,592,692,559.71,0.81,0.69,0.15,-14.814814814814827,-81.48148148148148,$0-1
631206,Wrecking Ball Arm,Commander: FINAL FANTASY,592,1030,477.84,0.35,0.79,0.15,125.71428571428574,-57.14285714285714,$0-1
631534,"Tromell, Seymour's Butler",Commander: FINAL FANTASY,592,823,955.02,0.38,0.79,0.34,107.89473684210526,-10.52631578947368,$0-1
504612,Ashnod's Altar,Commander Masters,592,635,9792.95,14.98,19.99,14.57,33.44459279038717,-2.7369826435247004,$10-20
686527,Grapple with Death,Secrets of Strixhaven,592,1033,245.42,0.18,0.35,0.15,94.44444444444444,-16.666666666666664,$0-1
556400,"Crystal Skull, Isu Spyglass",Universes Beyond: Assassin's Creed,592,683,1021.87,1.86,4.99,1.54,168.2795698924731,-17.20430107526882,$1-2
222409,Turntimber Symbiosis,Zendikar Rising,592,889,2670.67,4.75,5.49,4.16,15.578947368421057,-12.421052631578943,$2-5
632680,Vana'diel Adventurers - Laboratory Maniac (Showcase),FINAL FANTASY: Through the Ages,592,759,1417.97,0.41,1.49,0.15,263.4146341463415,-63.41463414634146,$0-1
507491,Bonder's Ornament,Commander Masters,592,1751,783.26,0.39,1.49,0.33,282.05128205128204,-15.384615384615383,$0-1
544727,Commandeer,Outlaws of Thunder Junction: Breaking News,592,668,2267.42,2.47,4.49,2.21,81.78137651821862,-10.526315789473694,$2-5
552819,Sevinne's Reclamation,Modern Horizons 3,592,676,375.25,0.38,0.99,0.15,160.52631578947367,-60.526315789473685,$0-1
576892,Unstoppable Slasher (0119),Duskmourn: House of Horror,592,669,3019.96,5.35,6.49,4.41,21.30841121495328,-17.570093457943916,$5-10
5508,Dark Ritual,Tempest,592,748,2795.76,4.36,4.49,2.34,2.9816513761467864,-46.3302752293578,$2-5
560047,Beastmaster Ascension,Commander: Bloomburrow,592,656,2798.64,5.55,6.99,4.44,25.945945945945954,-19.99999999999999,$5-10
226839,Rings of Brighthearth,Commander Legends,591,611,3636.82,5.5,7.99,5.8,45.27272727272727,5.4545454545454515,$5-10
207097,Flicker of Fate,Theros Beyond Death,591,907,357.94,0.29,1.29,0.18,344.82758620689657,-37.93103448275862,$0-1
6149,Bubbling Muck,Urza's Destiny,591,719,2416.41,2.94,4.49,2.05,52.72108843537416,-30.27210884353742,$2-5
623882,"Elspeth, Storm Slayer",Tarkir: Dragonstorm,591,606,24933.87,40.23,49.99,35.93,24.26050211285112,-10.688540889883164,$20-50
673548,"Agent Bishop, Man in Black",Teenage Mutant Ninja Turtles,591,703,286.49,0.34,1.79,0.15,426.4705882352941,-55.88235294117647,$0-1
559045,Starfall Invocation,Bloomburrow,591,651,696.25,1.18,1.49,0.5,26.271186440677972,-57.6271186440678,$1-2
130149,Anointed Procession,Amonkhet,591,598,32787.74,58.24,69.99,51.52,20.17513736263735,-11.538461538461537,$50-100
615214,"Sai, Master Thopterist",Commander: Aetherdrift,591,768,268.53,0.38,0.79,0.15,107.89473684210526,-60.526315789473685,$0-1
559952,Academy Manufactor,Commander: Bloomburrow,591,666,4262.75,7.06,8.99,6.3500000000000005,27.337110481586414,-10.056657223796021,$5-10
687444,"Mangara, the Diplomat",Commander: Secrets of Strixhaven,590,841,257.17,0.33,1.29,0.19,290.9090909090909,-42.42424242424242,$0-1
696365,Forest (0285),Marvel Super Heroes,590,2281,1005.64,0.29,0.49,0.15,68.96551724137932,-48.275862068965516,$0-1
652005,"Arana, Heart of the Spider (Borderless)",Marvel's Spider-Man,590,632,639.13,0.76,1.79,0.72,135.5263157894737,-5.263157894736847,$0-1
512204,"Obyra, Dreaming Duelist",Wilds of Eldraine,590,700,245.71,0.36,0.69,0.15,91.66666666666666,-58.333333333333336,$0-1
591187,Overrun,Foundations,590,919,233.37,0.33,0.39,0.15,18.18181818181818,-54.545454545454554,$0-1
631243,Sol Ring (0357),Commander: FINAL FANTASY,590,1051,1602.58,1.45,2.79,1.45,92.41379310344828,0.0,$1-2
235660,Wandering Archaic,Strixhaven: School of Mages,590,606,6228.58,9.44,13.99,8.85,48.19915254237289,-6.249999999999998,$5-10
591815,Rite of the Dragoncaller,Foundations,589,645,2190.24,4.2,4.99,2.84,18.80952380952381,-32.38095238095239,$2-5
624205,Cascade Bluffs,Commander: Tarkir: Dragonstorm,589,750,273.33,0.35,0.99,0.25,182.85714285714286,-28.571428571428566,$0-1
535309,Insidious Roots (Showcase),Murders at Karlov Manor,589,765,1390.03,1.16,2.79,1.14,140.51724137931038,-1.7241379310344844,$1-2
668485,Widow-Making Infiltrator - Dauthi Voidwalker (Borderless),Marvel Universe Eternal-Legal,589,663,3616.24,2.98,5.49,3.21,84.2281879194631,7.718120805369128,$2-5
648732,The Cabbage Merchant,Avatar: The Last Airbender: Eternal-Legal,589,608,15944.06,25.23,37.99,22.39,50.57471264367817,-11.256440745144667,$20-50
559780,Stocking the Pantry,Bloomburrow,589,747,233.89,0.33,0.99,0.15,199.99999999999994,-54.545454545454554,$0-1
591840,Thrill of Possibility,Foundations,589,808,183.26,0.3,0.35,0.15,16.666666666666664,-50.0,$0-1
660503,Gran-Gran,Avatar: The Last Airbender,589,1056,353.85,0.28,0.35,0.15,24.999999999999982,-46.42857142857144,$0-1
191699,Reprobation,Modern Horizons,588,685,273.28,0.32,0.39,0.15,21.875000000000004,-53.125,$0-1
697205,Multiversal Recruitment,Commander: Marvel Super Heroes,588,635,5965.6,8.16,9.49,7.67,16.29901960784314,-6.004901960784316,$5-10
646562,Spider-Man Noir (Borderless),Marvel's Spider-Man,588,1056,427.8,0.3,0.35,0.15,16.666666666666664,-50.0,$0-1
240435,Smell Fear,Modern Horizons 2,588,797,227.76,0.28,0.69,0.15,146.4285714285714,-46.42857142857144,$0-1
11312,Great Furnace,Mirrodin,588,979,3129.72,2.34,4.99,1.97,113.24786324786326,-15.811965811965809,$2-5
615163,Exotic Orchard,Commander: Aetherdrift,588,1455,462.85,0.22,0.59,0.15,168.1818181818182,-31.818181818181824,$0-1
642808,Thought Monitor,Commander: Edge of Eternities,588,1207,633.49,0.38,0.99,0.39,160.52631578947367,2.6315789473684235,$0-1
687690,Hinterland Harbor,Commander: Secrets of Strixhaven,587,1114,546.95,0.39,0.69,0.23,76.9230769230769,-41.02564102564102,$0-1
688838,Abrade (JP Alternate Art),Secrets of Strixhaven: Mystical Archive,587,668,1298.59,0.99,1.29,0.5700000000000001,30.303030303030308,-42.42424242424242,$0-1
624270,Opulent Palace,Tarkir: Dragonstorm,587,918,330.2,0.44,0.59,0.15,34.09090909090908,-65.90909090909092,$0-1
697119,"Black Panther, Most Dangerous",Commander: Marvel Super Heroes,587,630,1570.38,0.59,1.49,0.15,152.54237288135596,-74.57627118644066,$0-1
226653,Jeska's Will,Commander Legends,587,615,25352.2,39.0,49.99,39.9,28.179487179487182,2.307692307692304,$20-50
624166,"Lier, Disciple of the Drowned",Commander: Tarkir: Dragonstorm,586,779,731.86,0.6,1.29,0.31,115.00000000000001,-48.333333333333336,$0-1
558407,Cache Grab,Bloomburrow,586,937,251.97,0.28,0.35,0.15,24.999999999999982,-46.42857142857144,$0-1
589815,"Aphelia, Viper Whisperer (Anime)",Foundations Jumpstart,586,677,10450.53,17.94,27.99,16.67,56.02006688963209,-7.079152731326642,$10-20
92829,Polluted Delta,Khans of Tarkir,586,784,15719.01,19.8,27.99,18.7,41.36363636363635,-5.5555555555555625,$10-20
490390,"Etali, Primal Conqueror",March of the Machine,586,591,21072.89,33.04,42.99,33.08,30.11501210653754,0.12106537530266086,$20-50
698015,Molecule Man,Commander: Marvel Super Heroes,586,739,23560.53,18.06,17.99,17.29,-0.3875968992248078,-4.263565891472866,$10-20
239503,Wonder,Modern Horizons 2,585,626,1498.78,2.09,3.49,1.52,66.98564593301437,-27.272727272727266,$2-5
642012,The Gitrog Monster,Commander: Edge of Eternities,585,802,642.05,0.53,1.29,0.48,143.39622641509433,-9.433962264150951,$0-1
673654,"Mikey & Don, Party Planners",Teenage Mutant Ninja Turtles,585,633,361.16,0.52,0.49,0.15,-5.7692307692307745,-71.15384615384615,$0-1
696408,Final Showdown (Borderless),Marvel Universe Eternal-Legal,585,642,1758.13,3.36,3.49,2.6,3.869047619047629,-22.619047619047613,$2-5
257682,Mountain (299) - JP Full Art,Kamigawa: Neon Dynasty,585,1215,4031.35,2.68,3.49,1.87,30.223880597014922,-30.223880597014922,$2-5
689159,Emeritus of Woe (Extended Art),Secrets of Strixhaven,585,599,18928.64,17.98,20.99,17.7,16.740823136818676,-1.5572858731924424,$10-20
66415,Hallowed Fountain,Return to Ravnica,585,697,5730.23,7.87,12.99,7.29,65.0571791613723,-7.369758576874206,$5-10
222101,Jwari Disruption,Zendikar Rising,584,979,662.75,0.41,1.29,0.33,214.63414634146346,-19.512195121951212,$0-1
4694,Fyndhorn Elves,Ice Age,584,855,2418.98,2.94,4.99,1.49,69.72789115646259,-49.31972789115646,$2-5
243046,Circle of Dreams Druid,Adventures in the Forgotten Realms,584,602,8234.5,14.39,21.99,14.43,52.81445448227934,0.2779708130646223,$10-20
552829,Necrodominance,Modern Horizons 3,584,920,2845.79,2.55,5.49,1.71,115.29411764705884,-32.94117647058823,$2-5
499644,Arcane Denial,Commander: The Lord of the Rings: Tales of Middle-earth,584,626,1362.09,2.8,4.49,1.92,60.357142857142875,-31.428571428571427,$2-5
226151,Maelstrom Colossus,Commander Legends,584,1374,500.46,0.37,0.79,0.26,113.51351351351353,-29.729729729729726,$0-1
162167,Goblin Warchief,Dominaria,583,739,1027.87,1.38,2.29,0.76,65.94202898550726,-44.927536231884055,$1-2
697123,"Captain America, Skybound",Commander: Marvel Super Heroes,583,598,3312.21,2.81,2.99,1.55,6.405693950177942,-44.83985765124555,$2-5
552650,Bloodsoaked Insight,Modern Horizons 3,583,727,251.57,0.34,0.69,0.15,102.9411764705882,-55.88235294117647,$0-1
553295,Sheltering Landscape,Modern Horizons 3,583,1054,271.56,0.24,0.49,0.15,104.16666666666667,-37.5,$0-1
559901,Loran of the Third Path,Commander: Bloomburrow,583,701,2834.66,5.51,7.99,4.16,45.00907441016334,-24.500907441016327,$5-10
671148,Distant Melody,Commander: Lorwyn Eclipsed,583,936,350.94,0.41,1.29,0.29,214.63414634146346,-29.268292682926827,$0-1
499820,Talisman of Progress,Commander: The Lord of the Rings: Tales of Middle-earth,583,1205,545.09,0.41,0.79,0.38,92.68292682926831,-7.317073170731701,$0-1
699615,"Thor, Guardian of Midgard (Borderless)",Commander: Marvel Super Heroes,583,625,2613.16,2.95,5.99,2.81,103.05084745762711,-4.74576271186441,$2-5
646636,"Iron Spider, Stark Upgrade (Extended Art)",Marvel's Spider-Man,583,629,1118.8,2.29,3.99,0.98,74.23580786026201,-57.20524017467249,$2-5
503397,Sol Ring,Commander Masters,583,733,1360.9,1.63,2.49,1.45,52.760736196319044,-11.04294478527607,$1-2
671068,Swamp (0281),Lorwyn Eclipsed,583,1507,597.28,0.39,1.29,0.15,230.76923076923075,-61.53846153846154,$0-1
696431,Fight to the Death (Borderless),Marvel Universe Eternal-Legal,582,644,1117.48,1.11,1.29,0.78,16.21621621621621,-29.72972972972973,$1-2
498443,Rising of the Day (Borderless),Universes Beyond: The Lord of the Rings: Tales of Middle-earth,582,657,526.74,0.92,1.29,0.4,40.21739130434782,-56.52173913043478,$0-1
123109,Diabolic Tutor,Kaladesh,582,686,1286.45,2.48,1.99,0.97,-19.758064516129032,-60.88709677419355,$2-5
539966,Talisman of Conviction,Universes Beyond: Fallout,582,683,388.52,0.41,0.59,0.29,43.90243902439025,-29.268292682926827,$0-1
513585,Leyline of Anticipation,Wilds of Eldraine: Enchanting Tales,582,600,5216.4,6.76,8.49,5.72,25.59171597633137,-15.384615384615385,$5-10
618871,"Cloud, Ex-SOLDIER",Commander: FINAL FANTASY,582,1150,766.26,1.32,3.99,0.15,202.27272727272725,-88.63636363636364,$1-2
169342,Psychic Corrosion,Core Set 2019,582,599,3292.68,5.46,6.99,4.15,28.02197802197803,-23.992673992673986,$5-10
631101,Desolate Mire,Commander: FINAL FANTASY,581,816,242.78,0.31,0.59,0.16,90.32258064516128,-48.387096774193544,$0-1
222819,Island,Zendikar Rising,581,3621,2678.63,0.94,0.49,0.31,-47.87234042553191,-67.02127659574467,$0-1
552327,Volatile Stormdrake,Modern Horizons 3,580,789,397.34,0.47,0.79,0.15,68.08510638297875,-68.08510638297872,$0-1
512649,Flick a Coin,Wilds of Eldraine,580,653,185.99,0.33,0.49,0.15,48.48484848484848,-54.545454545454554,$0-1
687453,"Nils, Discipline Enforcer",Commander: Secrets of Strixhaven,580,1070,605.56,0.35,0.49,0.15,40.00000000000001,-57.14285714285714,$0-1
633954,"Dion, Bahamut's Dominant",FINAL FANTASY,580,647,629.62,0.75,0.99,0.15,32.0,-80.0,$0-1
553225,Dark Depths,Commander: Modern Horizons 3,580,857,1251.4,2.29,3.99,1.49,74.23580786026201,-34.93449781659389,$2-5
488129,Island (0275),Universes Beyond: The Lord of the Rings: Tales of Middle-earth,580,1165,875.85,0.74,1.49,0.33,101.35135135135135,-55.4054054054054,$0-1
696361,Swamp (0281),Marvel Super Heroes,580,2648,1343.17,0.25,0.49,0.15,96.0,-40.0,$0-1
687439,Yavimaya Bloomsage,Commander: Secrets of Strixhaven,579,899,1787.42,0.4,0.49,0.15,22.499999999999993,-62.5,$0-1
503557,Thran Dynamo,Commander Masters,579,648,2638.16,4.79,3.99,3.51,-16.70146137787056,-26.722338204592905,$2-5
512422,Sanguine Bond,Wilds of Eldraine: Enchanting Tales,579,596,3784.06,6.92,7.49,4.94,8.236994219653184,-28.612716763005775,$5-10
673602,The Cloning of Shredder,Teenage Mutant Ninja Turtles,579,642,1282.96,1.32,0.99,0.5,-25.000000000000007,-62.121212121212125,$1-2
499222,"Shelob, Child of Ungoliant",Universes Beyond: The Lord of the Rings: Tales of Middle-earth,579,651,1200.96,1.83,2.49,1.04,36.06557377049181,-43.169398907103826,$1-2
642844,Radiant Summit,Commander: Edge of Eternities,579,759,779.04,0.46,0.79,0.3,71.73913043478261,-34.78260869565218,$0-1
190862,Spore Frog,Modern Horizons,578,772,516.77,0.39,0.99,0.31,153.84615384615384,-20.512820512820515,$0-1
499872,Flame of Anor,Universes Beyond: The Lord of the Rings: Tales of Middle-earth,578,678,3076.36,4.0,5.99,3.11,49.75000000000001,-22.250000000000004,$2-5
82365,Grim Guardian,Journey Into Nyx,578,733,347.12,0.37,0.49,0.19,32.432432432432435,-48.648648648648646,$0-1
662041,Jasmine Dragon Tea Shop,Avatar: The Last Airbender,578,751,573.7,0.73,0.69,0.15,-5.479452054794526,-79.45205479452055,$0-1
615226,Reckless Fireweaver,Commander: Aetherdrift,578,943,731.21,0.38,0.99,0.2,160.52631578947367,-47.368421052631575,$0-1
671750,Soul Immolation,Lorwyn Eclipsed,578,669,1796.15,2.82,2.79,1.49,-1.0638297872340359,-47.163120567375884,$2-5
671766,Scuzzback Scrounger,Lorwyn Eclipsed,578,688,575.97,0.58,0.79,0.17,36.20689655172416,-70.68965517241378,$0-1
230178,Replicating Ring,Kaldheim,578,760,601.28,0.61,1.49,0.35,144.2622950819672,-42.622950819672134,$0-1
696875,"Iron Lad, Young Avenger",Commander: Marvel Super Heroes,577,662,781.38,0.34,0.59,0.15,73.52941176470587,-55.88235294117647,$0-1
559944,Deep Forest Hermit,Commander: Bloomburrow,577,834,263.1,0.35,0.79,0.15,125.71428571428574,-57.14285714285714,$0-1
552626,Cephalid Coliseum,Modern Horizons 3,577,743,250.36,0.32,0.69,0.15,115.62499999999997,-53.125,$0-1
577861,Arcane Signet,Commander: Duskmourn: House of Horror,577,1025,812.94,0.6,0.99,0.43,65.0,-28.333333333333332,$0-1
632180,Thrum of the Vestige - Lightning Bolt (Showcase),FINAL FANTASY: Through the Ages,577,778,1007.47,0.92,1.99,0.52,116.30434782608694,-43.47826086956522,$0-1
697517,Clever Concealment,Commander: Marvel Super Heroes,577,966,4643.86,4.57,7.49,3.68,63.894967177242876,-19.474835886214443,$2-5
262579,"Isshin, Two Heavens as One",Kamigawa: Neon Dynasty,577,627,2470.03,3.3,4.49,3.04,36.06060606060608,-7.878787878787873,$2-5
199539,Kenrith's Transformation,Throne of Eldraine,576,675,751.48,1.22,2.49,1.04,104.09836065573772,-14.754098360655732,$1-2
631239,Exsanguinate,Commander: FINAL FANTASY,576,1012,673.48,0.41,0.79,0.17,92.68292682926831,-58.536585365853654,$0-1
631149,"Banon, the Returners' Leader",Commander: FINAL FANTASY,576,615,232.78,0.35,0.49,0.15,40.00000000000001,-57.14285714285714,$0-1
187141,"Jace, Wielder of Mysteries",War of the Spark,576,587,5022.64,9.22,12.99,8.59,40.88937093275488,-6.832971800433847,$5-10
662739,"Hakoda, Selfless Commander",Avatar: The Last Airbender,576,742,223.63,0.35,0.49,0.15,40.00000000000001,-57.14285714285714,$0-1
558382,"Bello, Bard of the Brambles (Borderless)",Commander: Bloomburrow,576,684,723.45,1.89,5.49,1.3,190.4761904761905,-31.216931216931208,$1-2
498610,One Ring to Rule Them All,Universes Beyond: The Lord of the Rings: Tales of Middle-earth,576,621,1685.01,2.1,2.49,1.01,18.571428571428577,-51.90476190476191,$2-5
679767,"Leonardo, Big Brother",Teenage Mutant Ninja Turtles,576,1272,284.85,0.18,0.35,0.15,94.44444444444444,-16.666666666666664,$0-1
9689,Accelerate,Torment,576,704,647.53,0.53,0.69,0.4,30.188679245283,-24.528301886792452,$0-1
560007,Swarmyard Massacre,Commander: Bloomburrow,576,680,3287.49,4.38,4.49,2.78,2.5114155251141628,-36.529680365296805,$2-5
544176,Vraska Joins Up,Outlaws of Thunder Junction,576,757,525.88,0.93,1.79,0.36,92.47311827956989,-61.29032258064516,$0-1
651348,Ultimate Green Goblin,Marvel's Spider-Man,576,646,275.35,0.37,0.49,0.15,32.432432432432435,-59.45945945945946,$0-1
697212,"Reed Richards, Smartest Man",Commander: Marvel Super Heroes,576,670,2033.13,1.14,1.49,0.81,30.701754385964925,-28.947368421052623,$1-2
558387,Hunter's Talent,Bloomburrow,575,916,317.22,0.33,0.79,0.19,139.3939393939394,-42.42424242424242,$0-1
5434,Tortured Existence,Stronghold,575,658,2665.76,3.57,5.49,2.88,53.781512605042025,-19.327731092436977,$2-5
643898,Meltstrider Eulogist,Edge of Eternities,575,687,183.13,0.28,0.35,0.15,24.999999999999982,-46.42857142857144,$0-1
700294,Fury of the Horde (Borderless),Marvel Universe Eternal-Legal,575,617,2286.18,2.09,3.49,2.18,66.98564593301437,4.306220095693795,$2-5
560019,Saw in Half,Commander: Bloomburrow,575,627,2897.22,5.73,7.99,4.48,39.44153577661431,-21.815008726003487,$5-10
700293,Three Steps Ahead (Borderless),Marvel Universe Eternal-Legal,575,674,2141.21,2.69,6.49,1.67,141.2639405204461,-37.9182156133829,$2-5
499595,The Black Gate,Commander: The Lord of the Rings: Tales of Middle-earth,575,621,5376.62,9.31,12.99,8.700000000000001,39.52738990332975,-6.552094522019328,$5-10
662380,Duelist's Heritage,Avatar: The Last Airbender: Eternal-Legal,575,761,1989.5,1.91,4.49,1.94,135.07853403141362,1.5706806282722525,$1-2
504192,Storm-Kiln Artist (Borderless),Commander Masters,575,599,3489.99,3.82,4.99,3.0700000000000003,30.628272251308914,-19.63350785340313,$2-5
679627,Hinterland Harbor,Commander: Teenage Mutant Ninja Turtles,575,830,581.13,0.38,0.69,0.16,81.57894736842104,-57.89473684210527,$0-1
698023,Doom's Time Platform,Commander: Marvel Super Heroes,574,955,3058.91,1.97,2.99,1.44,51.7766497461929,-26.903553299492387,$1-2
478440,Phyrexian Arena,Phyrexia: All Will Be One,574,604,2549.45,3.77,6.49,3.95,72.14854111405836,4.774535809018572,$2-5
206965,Destiny Spinner,Theros Beyond Death,574,693,1202.59,1.42,1.99,0.93,40.14084507042254,-34.50704225352112,$1-2
624504,Colossal Grave-Reaver,Commander: Tarkir: Dragonstorm,573,591,5392.3,10.29,16.99,9.44,65.11175898931,-8.260447035957236,$10-20
679219,Forest (0195),Teenage Mutant Ninja Turtles,573,1496,451.46,0.28,0.49,0.15,74.99999999999997,-46.42857142857144,$0-1
657743,"Leonardo, Sewer Samurai",Teenage Mutant Ninja Turtles,573,637,1027.68,1.81,1.29,0.52,-28.7292817679558,-71.27071823204419,$1-2
696538,"Nick Fury, Agent of S.H.I.E.L.D. (Borderless) (0314)",Marvel Super Heroes,573,591,2545.95,2.43,2.79,1.29,14.814814814814808,-46.91358024691358,$2-5
689480,Send in the Pest,Secrets of Strixhaven,573,917,206.13,1.01,0.35,0.15,-65.34653465346535,-85.14851485148515,$1-2
624023,Temur Battlecrier,Tarkir: Dragonstorm,573,625,689.27,0.94,1.29,0.42,37.2340425531915,-55.319148936170215,$0-1
631308,Inspiring Call,Commander: FINAL FANTASY,572,856,289.82,0.37,0.59,0.29,59.45945945945945,-21.621621621621625,$0-1
552827,Ghostfire Slice,Modern Horizons 3,572,869,294.0,0.28,0.49,0.15,74.99999999999997,-46.42857142857144,$0-1
129748,Hazoret's Monument,Amonkhet,572,653,1044.08,1.62,2.49,0.89,53.70370370370371,-45.06172839506173,$1-2
615076,Damn,Commander: Aetherdrift,572,680,1274.57,1.58,2.99,1.5,89.24050632911393,-5.06329113924051,$1-2
687342,Plargg and Nassari,Commander: Secrets of Strixhaven,572,1114,470.12,0.32,0.49,0.15,53.124999999999986,-53.125,$0-1
688666,Ark of Hunger (Extended Art),Secrets of Strixhaven,572,644,1110.07,0.77,0.79,0.18,2.5974025974025996,-76.62337662337663,$0-1
698220,Black Panther's Claws - Hammer of Nazahn,Commander: Marvel Super Heroes,572,745,4259.93,5.28,8.49,4.58,60.79545454545454,-13.25757575757576,$5-10
589317,Swamp (0286),Foundations,571,1915,1917.69,0.54,1.79,0.15,231.4814814814815,-72.22222222222221,$0-1
226662,Court of Ambition,Commander Legends,571,588,3159.3,6.23,7.99,5.74,28.250401284109145,-7.865168539325845,$5-10
631242,"O'aka, Traveling Merchant",Commander: FINAL FANTASY,571,1187,505.17,0.37,0.49,0.15,32.432432432432435,-59.45945945945946,$0-1
631081,"Matoya, Archon Elder",FINAL FANTASY,571,640,403.98,0.5,0.79,0.26,58.00000000000001,-48.0,$0-1
679210,Metallic Mimic (Borderless),Teenage Mutant Ninja Turtles Source Material,571,637,1195.56,1.59,1.99,1.38,25.15723270440251,-13.207547169811331,$1-2
553202,Horizon of Progress,Commander: Modern Horizons 3,571,817,2652.77,3.87,4.99,4.13,28.9405684754522,6.718346253229969,$2-5
697187,Raise Repulsor Shields - Raise the Palisade,Commander: Marvel Super Heroes,570,755,4622.82,4.45,8.49,4.8,90.78651685393258,7.865168539325834,$2-5
199388,Castle Locthwain,Throne of Eldraine,570,626,2296.6,4.15,4.49,2.59,8.192771084337345,-37.590361445783145,$2-5
544203,The Key to the Vault,Outlaws of Thunder Junction,570,658,292.34,0.48,1.29,0.25,168.75000000000003,-47.916666666666664,$0-1
686622,Emeritus of Ideation (Extended Art),Secrets of Strixhaven,570,621,12350.16,7.75,12.99,7.04,67.61290322580645,-9.161290322580646,$5-10
190653,Snow-Covered Forest,Modern Horizons,570,2014,2629.13,1.27,1.79,0.93,40.94488188976378,-26.77165354330708,$1-2
544236,Jagged Barrens,Outlaws of Thunder Junction,569,1529,875.92,0.42,1.99,0.42,373.80952380952385,0.0,$0-1
699561,"Captain America, Unbowed (Borderless)",Commander: Marvel Super Heroes,569,597,2157.84,3.43,5.49,2.5500000000000003,60.05830903790087,-25.655976676384835,$2-5
513980,Witch's Mark,Wilds of Eldraine,569,768,228.89,0.37,0.69,0.15,86.48648648648647,-59.45945945945946,$0-1
624201,Talisman of Progress,Commander: Tarkir: Dragonstorm,569,805,389.65,0.42,0.99,0.31,135.71428571428575,-26.190476190476186,$0-1
697207,"Namor, Scourge of the Seas",Commander: Marvel Super Heroes,569,575,3274.65,2.65,5.99,1.56,126.03773584905662,-41.13207547169811,$2-5
66473,Cyclonic Rift,Return to Ravnica,569,583,17398.19,29.56,39.99,28.08,35.28416779431666,-5.006765899864684,$20-50
526356,Ancestors' Aid,The Lost Caverns of Ixalan,569,634,160.79,0.28,0.59,0.15,110.71428571428568,-46.42857142857144,$0-1
631294,Sol Ring (0359),Commander: FINAL FANTASY,569,961,1527.38,1.62,2.79,1.47,72.22222222222221,-9.259259259259267,$1-2
120528,Sigarda's Aid,Eldritch Moon,569,596,11480.45,17.36,29.99,15.22,72.75345622119815,-12.32718894009216,$10-20
11418,Krark-Clan Shaman,Mirrodin,569,1258,8824.1,8.25,9.99,5.21,21.090909090909093,-36.848484848484844,$5-10
697489,Black Panther's Redirection - Narset's Reversal (Borderless),Marvel Universe Eternal-Legal,569,616,1334.21,1.61,2.99,0.91,85.71428571428572,-43.47826086956522,$1-2
699668,Absorbing Man and Titania (Borderless),Commander: Marvel Super Heroes,568,624,2406.58,4.13,7.49,3.82,81.35593220338984,-7.506053268765135,$2-5
671054,Swamp (0276),Lorwyn Eclipsed,568,1364,464.9,0.32,0.79,0.15,146.875,-53.125,$0-1
697558,Quantum Misalignment,Commander: Marvel Super Heroes,568,819,4347.41,4.26,5.99,4.37,40.61032863849767,2.5821596244131535,$2-5
4703,Glacial Chasm,Ice Age,568,588,10713.73,20.1,18.99,13.54,-5.522388059701507,-32.63681592039802,$20-50
272926,Descent into Avernus,Commander Legends: Battle for Baldur's Gate,568,589,7807.31,12.95,19.99,11.19,54.362934362934354,-13.590733590733588,$10-20
688207,Great Hall of the Biblioplex (Extended Art),Secrets of Strixhaven,568,720,975.16,1.15,0.79,0.26,-31.304347826086946,-77.39130434782608,$1-2
191633,Soulherder,Modern Horizons,568,634,1411.42,2.03,3.49,1.95,71.92118226600988,-3.940886699507382,$2-5
624912,Dragonfire Blade,Tarkir: Dragonstorm,568,639,911.23,1.58,2.29,1.03,44.93670886075949,-34.810126582278485,$1-2
503603,Rogue's Passage,Commander Masters,568,661,304.88,0.59,0.99,0.42,67.79661016949153,-28.8135593220339,$0-1
499810,Door of Destinies,Commander: The Lord of the Rings: Tales of Middle-earth,567,628,4082.1,6.22,6.49,5.32,4.340836012861744,-14.469453376205779,$5-10
578053,Abhorrent Oculus,Duskmourn: House of Horror,567,786,11235.53,15.81,21.99,11.04,39.08918406072105,-30.170777988614812,$10-20
680285,"Splinter, Hamato Yoshi",Teenage Mutant Ninja Turtles,567,743,204.22,0.32,0.35,0.15,9.374999999999991,-53.125,$0-1
631156,Chaos Warp,Commander: FINAL FANTASY,567,890,485.33,0.34,0.99,0.28,191.17647058823525,-17.64705882352941,$0-1
222132,Scute Swarm (Showcase),Zendikar Rising,567,589,4692.93,8.82,12.99,8.07,47.278911564625844,-8.503401360544217,$5-10
559864,Seachrome Coast,Commander: Bloomburrow,567,1033,363.6,0.32,0.79,0.2,146.875,-37.5,$0-1
544891,Pest Infestation,Outlaws of Thunder Junction: Breaking News,567,605,1240.93,0.94,0.99,0.62,5.319148936170218,-34.04255319148936,$0-1
679216,Island (0192),Teenage Mutant Ninja Turtles,566,1549,475.29,0.27,0.49,0.15,81.48148148148147,-44.44444444444445,$0-1
631327,Port Town,Commander: FINAL FANTASY,566,964,243.13,0.25,0.49,0.15,96.0,-40.0,$0-1
519305,Sol Ring,Universes Beyond: Doctor Who,566,978,1811.09,1.89,2.79,1.61,47.61904761904763,-14.814814814814806,$1-2
230903,"Birgi, God of Storytelling",Kaldheim,566,573,18645.22,34.13,44.99,31.78,31.819513624377375,-6.885438031057724,$20-50
697248,"Black Widow, Deadly Hunter",Commander: Marvel Super Heroes,566,599,2405.57,2.25,4.99,1.93,121.77777777777779,-14.222222222222225,$2-5
679049,"Raphael, Tough Turtle",Teenage Mutant Ninja Turtles,566,873,222.18,0.27,0.35,0.15,29.629629629629612,-44.44444444444445,$0-1
679870,"Michelangelo, Mutant BFF (Borderless)",Teenage Mutant Ninja Turtles,566,689,388.68,0.55,0.35,0.15,-36.36363636363637,-72.72727272727273,$0-1
240275,"Sythis, Harvest's Hand",Modern Horizons 2,566,615,1983.34,2.03,3.99,2.17,96.55172413793106,6.896551724137938,$2-5
227189,Aqueous Form,Commander Legends,565,706,382.24,0.36,0.99,0.25,175.0,-30.555555555555554,$0-1
191351,Shenanigans,Modern Horizons,565,852,244.69,0.25,0.35,0.15,39.99999999999999,-40.0,$0-1
222161,Glasspool Mimic,Zendikar Rising,565,608,3857.3,6.69,9.49,6.29,41.85351270553064,-5.97907324364724,$5-10
662079,Iroh's Demonstration,Avatar: The Last Airbender,565,837,237.82,0.29,0.35,0.15,20.689655172413794,-48.275862068965516,$0-1
631492,Temple of the False God,Commander: FINAL FANTASY,564,984,281.78,0.27,0.35,0.15,29.629629629629612,-44.44444444444445,$0-1
575280,Grievous Wound,Duskmourn: House of Horror,564,712,336.04,0.49,0.69,0.18,40.81632653061224,-63.26530612244898,$0-1
696257,"Invisible Woman, Sue Storm",Marvel Super Heroes,564,722,255.44,0.28,0.35,0.15,24.999999999999982,-46.42857142857144,$0-1
240161,"Chainer, Nightmare Adept",Modern Horizons 2,564,606,500.83,0.99,1.99,0.72,101.01010101010101,-27.272727272727277,$0-1
631494,Everflowing Chalice,Commander: FINAL FANTASY,564,886,578.84,0.37,0.79,0.16,113.51351351351353,-56.75675675675676,$0-1
687626,Eriette of the Charmed Apple,Commander: Secrets of Strixhaven,564,1136,504.28,0.35,0.99,0.15,182.85714285714286,-57.14285714285714,$0-1
544512,Magebane Lizard,Outlaws of Thunder Junction,564,1025,541.39,0.6,1.49,0.2,148.33333333333334,-66.66666666666666,$0-1
114864,Eerie Interlude,Shadows over Innistrad,564,612,4153.85,6.42,11.99,6.23,86.7601246105919,-2.9595015576323913,$5-10
257684,Forest (301) - JP Full Art,Kamigawa: Neon Dynasty,564,1394,3017.13,2.25,2.79,0.92,24.000000000000004,-59.111111111111114,$2-5
513890,Waste Not,Wilds of Eldraine: Enchanting Tales,563,580,3999.0,6.23,7.99,5.62,28.250401284109145,-9.791332263242381,$5-10
697215,"Silver Surfer, Cosmic Voyager",Commander: Marvel Super Heroes,563,590,2924.23,2.27,2.99,1.26,31.71806167400882,-44.49339207048458,$2-5
490335,Invasion of Ikoria,March of the Machine,563,583,6904.65,12.19,16.99,11.42,39.376538146021325,-6.316652994257585,$10-20
649372,It'll Quench Ya!,Avatar: The Last Airbender,563,1010,243.33,0.18,0.35,0.15,94.44444444444444,-16.666666666666664,$0-1
662029,Bitter Work,Avatar: The Last Airbender,563,755,209.08,0.32,0.39,0.15,21.875000000000004,-53.125,$0-1
499638,Notion Thief,Commander: The Lord of the Rings: Tales of Middle-earth,563,909,1084.02,2.65,2.99,1.03,12.830188679245294,-61.13207547169811,$2-5
135074,Torment of Hailfire,Hour of Devastation,563,569,22555.69,37.94,49.99,37.13,31.76067474960465,-2.134949920927768,$20-50
499805,Taunt from the Rampart,Commander: The Lord of the Rings: Tales of Middle-earth,563,638,2902.11,4.33,4.49,4.07,3.6951501154734445,-6.004618937644337,$2-5
559766,Sazacap's Brew,Bloomburrow,562,988,224.63,0.31,0.39,0.15,25.80645161290323,-51.61290322580645,$0-1
575086,Valgavoth's Lair,Duskmourn: House of Horror,562,695,649.27,0.74,1.49,0.19,101.35135135135135,-74.32432432432434,$0-1
624498,Meren of Clan Nel Toth,Commander: Tarkir: Dragonstorm,562,772,762.87,1.08,2.29,0.91,112.03703703703702,-15.740740740740744,$1-2
673553,"Sally Pride, Lioness Leader",Teenage Mutant Ninja Turtles,562,661,276.9,0.34,0.49,0.15,44.117647058823515,-55.88235294117647,$0-1
624549,Dragonologist,Tarkir: Dragonstorm,562,918,3044.74,0.88,0.79,0.51,-10.227272727272723,-42.04545454545455,$0-1
490530,Beamtown Beatstick,March of the Machine,562,633,352.86,0.65,0.99,0.25,52.3076923076923,-61.53846153846154,$0-1
619643,Mox Jasper,Tarkir: Dragonstorm,562,650,9001.69,11.62,15.99,9.84,37.60757314974184,-15.318416523235795,$10-20
504617,Reliquary Tower,Commander Masters,562,606,2572.76,3.67,5.49,3.61,49.59128065395097,-1.6348773841961868,$2-5
4636,Counterspell,Ice Age,562,912,1937.19,2.37,4.49,1.52,89.45147679324894,-35.86497890295359,$2-5
641985,Farseek,Commander: Edge of Eternities,562,847,593.82,0.76,1.79,0.66,135.5263157894737,-13.157894736842103,$0-1
544268,"Magda, the Hoardmaster",Outlaws of Thunder Junction,562,751,507.41,0.67,1.79,0.15,167.16417910447763,-77.61194029850746,$0-1
631671,Ultima Weapon,FINAL FANTASY,561,592,3813.49,7.54,9.49,5.4,25.862068965517242,-28.381962864721483,$5-10
456732,Arcane Signet,Starter Commander Decks,561,1505,774.14,0.52,1.29,0.42,148.0769230769231,-19.230769230769237,$0-1
646164,"SP//dr, Piloted by Peni",Marvel's Spider-Man,561,645,256.05,0.29,0.49,0.15,68.96551724137932,-48.275862068965516,$0-1
257676,Plains (293) - JP Full Art,Kamigawa: Neon Dynasty,561,1194,4303.6,3.07,3.49,3.21,13.680781758957666,4.560260586319222,$2-5
499027,Great Hall of the Citadel,Universes Beyond: The Lord of the Rings: Tales of Middle-earth,561,690,249.79,0.42,0.35,0.15,-16.666666666666668,-64.28571428571429,$0-1
679569,"Mona Lisa, Science Geek",Teenage Mutant Ninja Turtles,561,778,204.67,0.27,0.35,0.15,29.629629629629612,-44.44444444444445,$0-1
553215,Dreamroot Cascade,Commander: Modern Horizons 3,561,880,626.82,0.68,0.99,0.5700000000000001,45.58823529411764,-16.176470588235293,$0-1
632177,Baron Rivalry - Deadly Dispute (Showcase),FINAL FANTASY: Through the Ages,561,629,583.14,0.37,0.99,0.31,167.56756756756758,-16.216216216216218,$0-1
618854,"Cecil, Dark Knight",FINAL FANTASY,561,705,795.9,0.8,0.99,0.15,23.749999999999993,-81.25,$0-1
273084,Citadel Gate,Commander Legends: Battle for Baldur's Gate,561,1143,1767.07,2.07,4.49,1.84,116.9082125603865,-11.1111111111111,$2-5
631267,Fortified Village,Commander: FINAL FANTASY,561,728,199.84,0.32,0.49,0.15,53.124999999999986,-53.125,$0-1
559957,Beledros Witherbloom,Commander: Bloomburrow,561,639,1895.84,3.7,2.49,0.94,-32.7027027027027,-74.5945945945946,$2-5
530006,Plains (0272),Murders at Karlov Manor,560,2001,726.14,0.39,0.99,0.15,153.84615384615384,-61.53846153846154,$0-1
671066,Island (0280),Lorwyn Eclipsed,560,1587,561.3,0.32,1.29,0.15,303.125,-53.125,$0-1
679118,Plague of Vermin (Borderless),Teenage Mutant Ninja Turtles Source Material,560,659,1367.2,1.99,2.29,0.75,15.075376884422113,-62.311557788944725,$1-2
525776,Shared Animosity,Commander: The Lost Caverns of Ixalan,560,803,2095.23,2.78,4.99,2.82,79.49640287769786,1.4388489208633108,$2-5
679095,Brainstorm (Borderless),Teenage Mutant Ninja Turtles Source Material,560,653,2167.55,2.57,3.49,2.08,35.79766536964982,-19.06614785992217,$2-5
1388,Demonic Tutor,Revised Edition,560,576,29789.94,66.79,79.99,43.76,19.763437640365307,-34.48120976194042,$50-100
491416,"Dina, Soul Steeper",March of the Machine: Multiverse Legends,560,756,275.04,0.35,0.35,0.15,0.0,-57.14285714285714,$0-1
662536,Airbender's Reversal,Avatar: The Last Airbender,560,833,216.32,0.26,0.35,0.15,34.615384615384606,-42.307692307692314,$0-1
698026,Propaganda,Commander: Marvel Super Heroes,560,896,2548.47,2.35,3.99,2.49,69.7872340425532,5.957446808510643,$2-5
687672,Clifftop Retreat,Commander: Secrets of Strixhaven,560,1333,469.91,0.32,0.69,0.18,115.62499999999997,-43.75000000000001,$0-1
560063,Skullclamp,Commander: Bloomburrow,559,714,4432.28,7.2,8.49,6.37,17.916666666666668,-11.527777777777779,$5-10
688874,Feed the Swarm (JP Alternate Art),Secrets of Strixhaven: Mystical Archive,559,640,918.48,1.62,1.29,0.51,-20.370370370370374,-68.51851851851852,$1-2
698056,Skullclamp,Commander: Marvel Super Heroes,559,925,5054.47,4.21,8.99,4.89,113.53919239904988,16.15201900237529,$2-5
697060,"She-Hulk, Jade Defender",Marvel Super Heroes,559,801,258.86,0.19,0.35,0.15,84.21052631578945,-21.052631578947373,$0-1
635072,Esper Origins,FINAL FANTASY,559,735,806.64,0.94,0.99,0.2,5.319148936170218,-78.72340425531915,$0-1
559925,Thran Dynamo,Commander: Bloomburrow,559,776,3097.75,4.49,3.99,3.75,-11.135857461024498,-16.481069042316264,$2-5
660616,Fire Lord Zuko (Borderless),Avatar: The Last Airbender,559,576,2154.58,3.91,3.49,2.35,-10.74168797953964,-39.89769820971867,$2-5
662464,Frantic Search,Avatar: The Last Airbender: Eternal-Legal,559,636,795.78,1.35,2.29,0.93,69.62962962962962,-31.11111111111111,$1-2
130277,Slither Blade,Amonkhet,559,669,342.36,0.34,0.49,0.15,44.117647058823515,-55.88235294117647,$0-1
226941,Wheel of Misfortune,Commander Legends,559,568,4699.43,7.93,10.99,7.03,38.587641866330394,-11.349306431273638,$5-10
688211,Eclipsed Steppe (Extended Art),Commander: Secrets of Strixhaven,558,613,2105.12,2.55,5.49,2.46,115.29411764705884,-3.529411764705877,$2-5
553276,Contaminated Landscape,Modern Horizons 3,558,956,248.62,0.18,0.39,0.15,116.66666666666667,-16.666666666666664,$0-1
697454,Spectator Seating,Commander: Marvel Super Heroes,558,832,5590.68,6.14,9.49,6.46,54.56026058631923,5.211726384364826,$5-10
198898,Witch's Oven,Throne of Eldraine,558,662,627.72,0.97,1.79,0.41,84.53608247422682,-57.731958762886606,$0-1
696391,"Captain America, Team Leader (Borderless)",Commander: Marvel Super Heroes,558,692,2419.3,3.8,5.99,1.06,57.63157894736843,-72.10526315789474,$2-5
673613,"Shark Shredder, Killer Clone",Teenage Mutant Ninja Turtles,558,681,273.79,0.34,0.49,0.15,44.117647058823515,-55.88235294117647,$0-1
642823,Surge Conductor,Commander: Edge of Eternities,558,901,437.46,0.37,0.79,0.31,113.51351351351353,-16.216216216216218,$0-1
548581,Siege-Gang Lieutenant,Commander: Modern Horizons 3,558,1526,1836.42,4.25,0.79,3.19,-81.41176470588235,-24.941176470588236,$2-5
632204,Instant Ramen,FINAL FANTASY,557,1690,399.09,0.25,0.35,0.15,39.99999999999999,-40.0,$0-1
615105,Dreadhorde Invasion,Commander: Aetherdrift,557,778,478.11,0.43,0.69,0.42,60.465116279069754,-2.325581395348839,$0-1
624447,Conduit of Worlds,Commander: Tarkir: Dragonstorm,557,607,2338.95,4.27,3.49,2.74,-18.266978922716614,-35.83138173302107,$2-5
630859,"Firion, Wild Rose Warrior",FINAL FANTASY,557,598,371.4,0.74,0.69,0.15,-6.756756756756762,-79.72972972972973,$0-1
696239,"Elektra, Daughter of the Hand (Borderless) (0366)",Marvel Super Heroes,557,576,2874.9,2.24,2.49,1.65,11.160714285714285,-26.339285714285726,$2-5
644592,Pinnacle Kill-Ship,Edge of Eternities,557,1282,375.42,0.26,0.35,0.15,34.615384615384606,-42.307692307692314,$0-1
624277,Ainok Strike Leader,Commander: Tarkir: Dragonstorm,557,608,1738.79,2.65,4.99,2.34,88.30188679245285,-11.698113207547173,$2-5
634138,Chocobo Racetrack,FINAL FANTASY,556,697,225.18,0.34,0.35,0.15,2.9411764705882213,-55.88235294117647,$0-1
212218,Fierce Guardianship,Commander 2020,556,573,30911.99,54.83,84.99,57.17,55.00638336677001,4.267736640525266,$50-100
696337,The Kingpin of Crime (Borderless) (0374),Marvel Super Heroes,556,573,1493.87,1.99,2.79,1.25,40.20100502512563,-37.185929648241206,$1-2
257677,Plains (294) - JP Full Art,Kamigawa: Neon Dynasty,556,1281,2885.48,1.8,3.99,1.88,121.66666666666669,4.444444444444437,$1-2
67378,Crypt Ghast,Gatecrash,556,565,7628.79,13.14,19.99,8.33,52.13089802130896,-36.60578386605784,$10-20
696425,Steely Resolve (Borderless),Marvel Universe Eternal-Legal,556,669,1509.69,1.47,1.79,1.25,21.768707482993204,-14.96598639455782,$1-2
539604,Buried Ruin,Universes Beyond: Fallout,556,803,468.72,0.4,0.79,0.37,97.5,-7.500000000000007,$0-1
698116,Luxury Suite,Commander: Marvel Super Heroes,556,776,9099.87,8.74,11.99,8.64,37.18535469107551,-1.1441647597253963,$5-10
697195,Daughter of the Deep,Commander: Marvel Super Heroes,556,574,2950.98,4.14,4.99,3.64,20.53140096618359,-12.077294685990328,$2-5
495646,Training Grounds,March of the Machine: The Aftermath,555,579,4299.73,9.77,12.99,8.32,32.95803480040942,-14.84135107471852,$5-10
560005,Rootcast Apprenticeship,Commander: Bloomburrow,555,708,484.7,0.78,0.99,0.26,26.923076923076916,-66.66666666666666,$0-1
558441,"Ygra, Eater of All",Bloomburrow,555,577,6164.38,11.61,14.99,10.37,29.112833763996566,-10.680447889750218,$10-20
66420,Steam Vents,Return to Ravnica,555,660,8314.5,11.46,19.99,11.81,74.43280977312389,3.0541012216404853,$10-20
697516,Rejuvenating Springs,Commander: Marvel Super Heroes,555,1006,4142.68,3.74,4.49,3.95,20.053475935828878,5.614973262032084,$2-5
182831,Hallowed Fountain,Ravnica Allegiance,555,625,5392.68,8.04,10.99,6.8100000000000005,36.69154228855723,-15.298507462686553,$5-10
687676,Ferrous Lake,Commander: Secrets of Strixhaven,555,988,348.67,0.34,0.79,0.15,132.35294117647058,-55.88235294117647,$0-1
560057,Maskwood Nexus,Commander: Bloomburrow,555,693,936.34,1.74,2.29,1.12,31.60919540229885,-35.632183908045974,$1-2
657761,"Raphael, Tag Team Tough",Commander: Teenage Mutant Ninja Turtles,555,603,4158.18,5.93,3.49,3.61,-41.146711635750414,-39.123102866779085,$5-10
687498,Umbral Collar Zealot,Commander: Secrets of Strixhaven,555,905,1262.46,0.32,0.69,0.15,115.62499999999997,-53.125,$0-1
651344,Behold the Sinister Six!,Marvel's Spider-Man,555,590,1839.3,3.55,5.99,2.05,68.7323943661972,-42.25352112676057,$2-5
246244,Forest (276),Innistrad: Midnight Hunt,555,2838,1613.17,0.43,0.99,0.33,130.2325581395349,-23.255813953488367,$0-1
644614,Devastating Onslaught,Edge of Eternities,554,663,1143.05,2.05,2.99,1.49,45.85365853658539,-27.317073170731703,$2-5
517527,Mountain (0290),The Lost Caverns of Ixalan,554,1564,1362.58,0.66,1.29,0.17,95.45454545454545,-74.24242424242425,$0-1
687427,Guardian Scalelord,Commander: Secrets of Strixhaven,554,1107,615.27,0.33,0.49,0.15,48.48484848484848,-54.545454545454554,$0-1
624311,Ophiomancer,Commander: Tarkir: Dragonstorm,554,739,701.2,0.91,2.29,0.52,151.64835164835165,-42.857142857142854,$0-1
36234,Iron Myr,Scars of Mirrodin,554,673,536.76,0.95,1.29,0.54,35.789473684210535,-43.1578947368421,$0-1
624567,Hollowmurk Siege,Tarkir: Dragonstorm,554,682,834.41,1.0,1.49,0.25,49.0,-75.0,$1-2
696322,"Kang, Temporal Tyrant",Marvel Super Heroes,554,640,195.69,0.19,0.35,0.15,84.21052631578945,-21.052631578947373,$0-1
128953,Soul Warden,Modern Masters 2017,554,656,1949.15,3.81,4.49,2.59,17.847769028871397,-32.020997375328086,$2-5
687488,Blossoming Bogbeast,Commander: Secrets of Strixhaven,554,1099,649.86,0.38,0.99,0.15,160.52631578947367,-60.526315789473685,$0-1
679631,Smoldering Marsh,Commander: Teenage Mutant Ninja Turtles,553,746,257.31,0.37,0.59,0.2,59.45945945945945,-45.945945945945944,$0-1
673648,The Last Ronin,Teenage Mutant Ninja Turtles,553,613,759.6,1.17,0.99,0.43,-15.38461538461538,-63.24786324786326,$1-2
100009,Chandra's Ignition,Magic Origins,553,593,3393.17,6.72,13.99,6.25,108.18452380952381,-6.994047619047615,$5-10
700736,"Monica, the Marvel - Aurelia, the Warleader (Borderless)",Marvel Universe Eternal-Legal,553,621,2155.79,2.85,4.99,3.02,75.08771929824562,5.964912280701752,$2-5
265350,Xander's Lounge,Streets of New Capenna,553,574,7504.42,13.06,19.99,12.49,53.06278713629401,-4.364471669218991,$10-20
696252,Final Act (Borderless),Marvel Universe Eternal-Legal,553,596,1009.98,1.63,0.99,1.01,-39.26380368098159,-38.03680981595092,$1-2
689485,Ancestral Anger,Secrets of Strixhaven,552,878,176.24,0.26,0.35,0.15,34.615384615384606,-42.307692307692314,$0-1
553182,Ramunap Excavator,Commander: Modern Horizons 3,552,599,3238.22,5.18,6.99,4.82,34.94208494208495,-6.949806949806939,$5-10
642002,Splendid Reclamation,Commander: Edge of Eternities,552,829,458.84,0.38,0.79,0.2,107.89473684210526,-47.368421052631575,$0-1
5722,Shadow Rift,Tempest,552,620,1228.27,1.81,2.49,1.11,37.56906077348067,-38.674033149171265,$1-2
699592,"M.O.D.O.K., Evil Intellect (Borderless)",Commander: Marvel Super Heroes,552,579,2377.91,4.07,6.99,2.95,71.74447174447174,-27.51842751842752,$2-5
688669,Borrowed Knowledge,Secrets of Strixhaven,552,794,182.2,0.26,0.35,0.15,34.615384615384606,-42.307692307692314,$0-1
697091,Surveillance Room,Marvel Super Heroes,552,1173,650.3,0.19,0.35,0.15,84.21052631578945,-21.052631578947373,$0-1
631158,"Kefka, Dancing Mad",Commander: FINAL FANTASY,551,734,348.98,0.33,0.59,0.15,78.78787878787877,-54.545454545454554,$0-1
631233,Crux of Fate,Commander: FINAL FANTASY,551,699,571.1,0.39,0.79,0.15,102.56410256410258,-61.53846153846154,$0-1
98817,Gut Shot,Modern Masters 2015,551,786,3844.64,5.29,8.49,4.14,60.49149338374291,-21.739130434782616,$5-10
671142,Grave Titan,Commander: Lorwyn Eclipsed,551,747,512.22,0.35,0.99,0.17,182.85714285714286,-51.42857142857142,$0-1
688813,Mind into Matter (Extended Art),Secrets of Strixhaven,551,620,801.1,0.8,0.59,0.2,-26.250000000000007,-75.00000000000001,$0-1
559832,Kodama of the East Tree,Commander: Bloomburrow,551,681,1951.24,3.39,2.79,3.1,-17.69911504424779,-8.554572271386432,$2-5
697447,Plaza of Heroes,Commander: Marvel Super Heroes,551,982,4790.12,3.74,6.49,3.74,73.52941176470587,0.0,$2-5
589389,Scythecat Cub,Foundations Jumpstart,551,651,18019.33,24.63,32.99,22.35,33.942346731628106,-9.25700365408038,$20-50
697432,The Thanos-Copter,Commander: Marvel Super Heroes,550,582,2024.87,1.39,2.49,1.55,79.13669064748204,11.510791366906487,$1-2
534079,"Anzrag, the Quake-Mole",Murders at Karlov Manor,550,575,3234.87,5.89,8.99,5.08,52.63157894736843,-13.752122241086582,$5-10
671197,Exotic Orchard,Commander: Lorwyn Eclipsed,550,1008,264.58,0.38,0.49,0.15,28.947368421052627,-60.526315789473685,$0-1
553499,Chandra's Ignition,Commander: Modern Horizons 3,550,642,3697.7,8.1,11.99,6.3100000000000005,48.024691358024704,-22.098765432098755,$5-10
631204,Conformer Shuriken,Commander: FINAL FANTASY,550,1368,722.53,0.38,0.49,0.16,28.947368421052627,-57.89473684210527,$0-1
633063,Battle at the Big Bridge - Fatal Push (Showcase),FINAL FANTASY: Through the Ages,550,742,681.61,0.55,1.49,0.15,170.90909090909088,-72.72727272727273,$0-1
558711,Sunspine Lynx,Bloomburrow,550,671,1222.29,2.1,2.79,0.77,32.857142857142854,-63.33333333333333,$2-5
239388,Unmarked Grave,Modern Horizons 2,550,635,1793.09,2.88,4.49,2.5500000000000003,55.90277777777779,-11.45833333333332,$2-5
548576,Nethergoyf,Modern Horizons 3,549,914,4054.0,3.22,6.99,3.02,117.0807453416149,-6.211180124223608,$2-5
623911,Felothar the Steadfast (Borderless),Commander: Tarkir: Dragonstorm,549,648,1311.52,2.74,7.99,2.18,191.6058394160584,-20.437956204379564,$2-5
262184,Lion Sash,Kamigawa: Neon Dynasty,549,579,1451.04,2.33,3.49,2.07,49.785407725321896,-11.158798283261811,$2-5
686588,Molten-Core Maestro (Extended Art),Secrets of Strixhaven,549,651,2337.69,0.95,0.79,0.19,-16.842105263157887,-80.0,$0-1
624449,Command Beacon,Commander: Tarkir: Dragonstorm,549,608,4196.14,9.07,11.99,7.71,32.19404630650496,-14.99448732083793,$5-10
559848,Bident of Thassa,Commander: Bloomburrow,549,810,414.71,0.43,0.49,0.33,13.953488372093023,-23.255813953488367,$0-1
696236,Dark Deed,Marvel Super Heroes,549,1258,392.05,0.17,0.35,0.15,105.88235294117645,-11.764705882352951,$0-1
633409,The Gold Saucer,FINAL FANTASY,549,677,228.6,0.33,0.35,0.15,6.060606060606049,-54.545454545454554,$0-1
221936,Hagra Constrictor,Zendikar Rising,549,662,195.18,0.17,0.35,0.15,105.88235294117645,-11.764705882352951,$0-1
577866,Sol Ring,Commander: Duskmourn: House of Horror,549,748,1753.14,1.79,2.79,1.51,55.865921787709496,-15.64245810055866,$1-2
688213,Expansion Algorithm (Extended Art),Commander: Secrets of Strixhaven,548,599,2392.34,2.44,3.49,1.66,43.03278688524592,-31.967213114754102,$2-5
631300,Talisman of Progress,Commander: FINAL FANTASY,548,859,740.26,0.39,0.99,0.34,153.84615384615384,-12.820512820512816,$0-1
265348,Spara's Headquarters,Streets of New Capenna,548,569,7858.2,13.28,16.99,13.02,27.9367469879518,-1.9578313253012032,$10-20
657745,Turtles Forever,Teenage Mutant Ninja Turtles,548,924,352.4,0.34,0.49,0.15,44.117647058823515,-55.88235294117647,$0-1
524168,Deep-Cavern Bat,The Lost Caverns of Ixalan,548,1050,527.55,0.39,0.49,0.15,25.64102564102563,-61.53846153846154,$0-1
625197,Strategic Betrayal,Tarkir: Dragonstorm,548,994,699.83,1.02,0.99,0.15,-2.9411764705882377,-85.29411764705883,$1-2
499736,Rampant Growth,Commander: The Lord of the Rings: Tales of Middle-earth,548,851,399.75,0.47,1.29,0.4,174.468085106383,-14.893617021276587,$0-1
631588,Astrologian's Planisphere,FINAL FANTASY,548,779,301.27,0.35,0.49,0.15,40.00000000000001,-57.14285714285714,$0-1
590980,Regal Caracal,Foundations,548,794,667.4,0.41,0.69,0.15,68.29268292682926,-63.41463414634146,$0-1
614498,Marauding Mako,Aetherdrift,547,935,733.0,0.51,1.49,0.22,192.156862745098,-56.86274509803923,$0-1
689079,Killian's Confidence,Secrets of Strixhaven,547,836,190.77,0.23,0.35,0.15,52.17391304347825,-34.78260869565218,$0-1
222030,Shatterskull Smashing,Zendikar Rising,547,628,5480.23,9.6,13.99,7.24,45.72916666666668,-24.58333333333333,$5-10
633062,Kefka's Tower - Bolas's Citadel (Showcase),FINAL FANTASY: Through the Ages,547,560,11167.32,17.18,17.99,17.71,4.714784633294522,3.0849825378346982,$10-20
504592,Kodama's Reach,Commander Masters,547,585,1106.25,1.97,2.79,1.54,41.62436548223351,-21.827411167512686,$1-2
548591,Kappa Cannoneer,Modern Horizons 3,547,812,520.72,0.81,0.99,0.29,22.222222222222214,-64.19753086419753,$0-1
532879,Extract a Confession,Murders at Karlov Manor,546,1282,361.99,0.35,0.99,0.15,182.85714285714286,-57.14285714285714,$0-1
230450,"Tergrid, God of Fright",Kaldheim,546,554,10207.15,22.22,22.99,16.15,3.4653465346534635,-27.31773177317732,$20-50
660538,Forest (0296),Avatar: The Last Airbender,546,1094,615.89,0.43,1.49,0.2,246.51162790697677,-53.48837209302325,$0-1
39135,Plague Myr,Mirrodin Besieged,546,639,1293.94,1.69,2.79,1.4,65.08875739644971,-17.15976331360947,$1-2
115942,Second Harvest,Shadows over Innistrad,546,648,1660.06,3.3,5.49,2.45,66.36363636363637,-25.757575757575747,$2-5
559123,Season of Gathering,Bloomburrow,546,575,3669.31,6.6,9.99,5.65,51.36363636363638,-14.393939393939384,$5-10
36232,Gold Myr,Scars of Mirrodin,546,751,675.24,1.29,0.99,0.35,-23.255813953488374,-72.86821705426357,$1-2
176426,Beast Whisperer,Guilds of Ravnica,545,563,4217.13,7.5,10.99,7.05,46.53333333333334,-6.000000000000003,$5-10
279833,Mountain (Showcase),Dominaria United,545,1427,2438.34,1.41,3.49,0.71,147.5177304964539,-49.645390070921984,$1-2
643506,"Dyadrine, Synthesis Amalgam",Edge of Eternities,545,875,364.98,0.3,0.49,0.15,63.33333333333334,-50.0,$0-1
233373,Opt,Strixhaven: Mystical Archive,545,899,704.33,0.43,0.49,0.18,13.953488372093023,-58.139534883720934,$0-1
624494,"Jarad, Golgari Lich Lord",Commander: Tarkir: Dragonstorm,545,609,724.76,1.22,2.79,1.04,128.68852459016392,-14.754098360655732,$1-2
633132,The Fire Crystal (Borderless),FINAL FANTASY,545,552,6795.27,12.18,14.99,10.4,23.07060755336618,-14.61412151067323,$10-20
562745,Doomsday Excruciator,Duskmourn: House of Horror,545,754,741.09,1.09,1.29,0.26,18.348623853211006,-76.14678899082568,$1-2
36237,Memnite,Scars of Mirrodin,545,752,1922.57,2.65,2.79,0.98,5.283018867924533,-63.0188679245283,$2-5
512598,Spellbook Vendor,Wilds of Eldraine,545,757,500.41,0.5,1.49,0.33,198.0,-34.0,$0-1
499687,Sulfur Falls,Commander: The Lord of the Rings: Tales of Middle-earth,545,851,436.67,0.43,0.59,0.18,37.20930232558139,-58.139534883720934,$0-1
679842,"Raphael, the Nightwatcher (Borderless)",Teenage Mutant Ninja Turtles,545,570,1885.55,3.36,2.29,1.02,-31.845238095238095,-69.64285714285714,$2-5
519283,Thought Vessel,Universes Beyond: Doctor Who,545,691,2680.49,2.92,3.49,2.34,19.52054794520549,-19.863013698630137,$2-5
697010,Too Evil to Stay Dead,Marvel Super Heroes,545,811,304.91,0.21,0.35,0.15,66.66666666666666,-28.57142857142857,$0-1
488286,The Shire,Universes Beyond: The Lord of the Rings: Tales of Middle-earth,544,571,1940.04,3.62,4.49,2.7,24.033149171270722,-25.414364640883974,$2-5
479576,Blazing Crescendo,Phyrexia: All Will Be One,544,677,215.32,0.26,0.39,0.15,50.0,-42.307692307692314,$0-1
452824,Haywire Mite,The Brothers' War,544,639,908.7,0.85,1.29,0.32,51.76470588235295,-62.35294117647059,$0-1
696665,Earth's Mightiest Heroes (Borderless),Marvel Super Heroes,544,603,2547.72,2.68,3.99,1.64,48.88059701492537,-38.80597014925374,$2-5
58267,Tandem Lookout,Avacyn Restored,544,666,1068.02,1.22,1.79,0.67,46.72131147540984,-45.08196721311475,$1-2
630896,Mountain (0304),FINAL FANTASY,544,1892,530.74,0.2,0.49,0.15,144.99999999999997,-25.000000000000007,$0-1
559721,Boros Signet,Commander: Bloomburrow,544,724,416.37,0.58,1.49,0.4,156.89655172413794,-31.03448275862068,$0-1
478281,Skrelv's Hive,Phyrexia: All Will Be One,544,641,1490.03,2.15,2.99,1.28,39.06976744186048,-40.46511627906976,$2-5
652074,Maximum Carnage,Marvel's Spider-Man,544,619,693.78,0.63,0.99,0.26,57.14285714285714,-58.730158730158735,$0-1
235124,Pest Summoning,Strixhaven: School of Mages,544,690,150.92,0.16,0.35,0.15,118.74999999999997,-6.250000000000005,$0-1
615077,Drowned Catacomb,Commander: Aetherdrift,543,915,2244.26,2.09,2.79,1.53,33.492822966507184,-26.794258373205736,$2-5
67583,Alpha Authority,Gatecrash,543,606,1335.61,2.38,2.99,0.8300000000000001,25.63025210084035,-65.12605042016806,$2-5
257683,Mountain (300) - JP Full Art,Kamigawa: Neon Dynasty,543,1240,2503.66,2.21,2.79,1.37,26.244343891402718,-38.00904977375565,$2-5
671133,Necroskitter,Commander: Lorwyn Eclipsed,543,1131,1494.43,0.59,1.99,0.18,237.28813559322032,-69.49152542372882,$0-1
624934,Hellkite Courser,Commander: Tarkir: Dragonstorm,543,659,1879.17,2.86,5.49,2.83,91.95804195804197,-1.0489510489510423,$2-5
648711,Redirect Lightning (Showcase),Avatar: The Last Airbender,543,549,11065.12,17.77,22.99,15.61,29.37535171637591,-12.155317951603827,$10-20
478284,White Sun's Twilight,Phyrexia: All Will Be One,543,579,1264.04,2.54,2.99,1.45,17.716535433070874,-42.91338582677165,$2-5
499678,Dragonskull Summit,Commander: The Lord of the Rings: Tales of Middle-earth,542,792,539.72,0.77,0.99,0.4,28.57142857142857,-48.05194805194805,$0-1
503408,Command Tower,Commander Masters,542,988,1043.29,0.37,0.69,0.26,86.48648648648647,-29.729729729729726,$0-1
578900,The Lord of Pain (Borderless),Commander: Duskmourn: House of Horror,542,553,4306.09,8.87,15.99,8.74,80.27057497181512,-1.4656144306651524,$5-10
272582,Arcane Signet,Commander Legends: Battle for Baldur's Gate,542,672,1149.3,0.86,1.29,0.46,50.000000000000014,-46.51162790697674,$0-1
226314,Opposition Agent,Commander Legends,542,563,12877.88,18.07,23.99,16.66,32.76148312119534,-7.802988378527948,$10-20
670972,Winnowing,Lorwyn Eclipsed,542,745,255.89,0.32,0.49,0.15,53.124999999999986,-53.125,$0-1
632698,Sazh Katzroy,FINAL FANTASY,542,607,399.14,0.47,0.49,0.15,4.255319148936175,-68.08510638297872,$0-1
243290,Xorn,Adventures in the Forgotten Realms,542,556,4455.91,7.72,10.99,6.25,42.35751295336788,-19.04145077720207,$5-10
642803,Kappa Cannoneer,Commander: Edge of Eternities,542,1281,555.26,0.41,0.99,0.32,141.46341463414637,-21.951219512195117,$0-1
253436,Swamp (273),Innistrad: Crimson Vow,541,2371,2553.44,0.97,1.49,0.5,53.608247422680414,-48.45360824742268,$0-1
559150,Bandit's Talent,Bloomburrow,541,737,262.51,0.33,0.79,0.15,139.3939393939394,-54.545454545454554,$0-1
699581,"Iron Man, Futurist Paragon (Borderless)",Commander: Marvel Super Heroes,541,559,2312.13,4.88,5.49,2.49,12.500000000000005,-48.97540983606557,$2-5
631221,Arcane Signet (0333),Commander: FINAL FANTASY,541,967,601.2,0.47,0.99,0.43,110.63829787234043,-8.510638297872337,$0-1
507190,Dread Return (Borderless),Commander Masters,541,664,475.99,0.5,0.99,0.5,98.0,0.0,$0-1
513107,Season of Growth,Wilds of Eldraine: Enchanting Tales,540,614,215.92,0.34,0.69,0.17,102.9411764705882,-50.0,$0-1
513356,Blind Obedience,Wilds of Eldraine: Enchanting Tales,540,557,3189.34,5.56,6.99,4.78,25.719424460431668,-14.028776978417257,$5-10
646568,Gwen Stacy,Marvel's Spider-Man,540,595,1632.66,3.55,4.49,2.08,26.478873239436634,-41.408450704225345,$2-5
651928,Vibrant Cityscape,Marvel's Spider-Man,540,850,224.36,0.25,0.35,0.15,39.99999999999999,-40.0,$0-1
697452,Scorched Geyser,Commander: Marvel Super Heroes,540,1619,2127.54,0.4,0.49,0.15,22.499999999999993,-62.5,$0-1
660581,"Toph, Earthbending Master",Avatar: The Last Airbender: Eternal-Legal,540,541,22342.12,36.65,54.99,35.35,50.040927694406555,-3.5470668485675234,$20-50
662394,Arcane Signet (Showcase),Avatar: The Last Airbender: Eternal-Legal,540,615,1641.96,2.62,3.99,2.62,52.29007633587786,0.0,$2-5
39543,Mental Misstep,New Phyrexia,540,564,8000.35,8.66,9.99,6.3500000000000005,15.35796766743649,-26.6743648960739,$5-10
559941,Arasta of the Endless Web,Commander: Bloomburrow,540,655,330.09,0.5,0.49,0.3,-2.0000000000000018,-40.0,$0-1
696433,Privileged Position (Borderless),Marvel Universe Eternal-Legal,540,593,967.6,1.83,1.49,1.04,-18.5792349726776,-43.169398907103826,$1-2
507112,Frantic Search,Commander Masters,540,619,448.17,0.78,1.49,0.72,91.02564102564101,-7.692307692307699,$0-1
660575,Seismic Sense,Avatar: The Last Airbender,539,708,204.66,0.29,0.35,0.15,20.689655172413794,-48.275862068965516,$0-1
514021,Copy Enchantment,Wilds of Eldraine: Enchanting Tales,539,576,1445.29,2.04,2.49,0.8300000000000001,22.05882352941177,-59.31372549019608,$2-5
632060,Search for the Frozen Esper - Nature's Claim (Showcase),FINAL FANTASY: Through the Ages,539,681,567.88,0.61,1.29,0.37,111.47540983606558,-39.34426229508197,$0-1
624417,Teval's Judgment,Commander: Tarkir: Dragonstorm,539,564,3783.79,8.14,12.99,7.28,59.58230958230958,-10.565110565110567,$5-10
512550,Raid Bombardment,Wilds of Eldraine: Enchanting Tales,539,869,287.99,0.34,0.35,0.15,2.9411764705882213,-55.88235294117647,$0-1
448411,The Mightstone and Weakstone,The Brothers' War,539,566,2436.59,4.44,6.49,3.17,46.17117117117117,-28.60360360360361,$2-5
478445,Conduit of Worlds,Phyrexia: All Will Be One,539,560,2400.37,3.17,2.99,2.67,-5.678233438485796,-15.772870662460567,$2-5
624340,Skullclamp,Commander: Tarkir: Dragonstorm,539,568,3450.05,6.31,8.49,5.71,34.548335974643436,-9.50871632329635,$5-10
240454,Goblin Anarchomancer (Retro Frame),Modern Horizons 2,539,767,625.88,0.42,1.79,0.32,326.1904761904762,-23.809523809523807,$0-1
624487,Life from the Loam,Commander: Tarkir: Dragonstorm,539,630,2885.56,5.26,8.99,4.14,70.91254752851712,-21.29277566539924,$5-10
696357,Plains (0277),Marvel Super Heroes,539,1978,727.56,0.28,0.49,0.15,74.99999999999997,-46.42857142857144,$0-1
615200,Bootleggers' Stash,Commander: Aetherdrift,539,1090,379.4,0.32,0.99,0.15,209.37499999999994,-53.125,$0-1
206936,Dryad of the Ilysian Grove,Theros Beyond Death,539,574,5243.52,9.37,9.49,8.28,1.2806830309498507,-11.632870864461045,$5-10
671213,Flourishing Defenses,Commander: Lorwyn Eclipsed,539,638,1576.93,1.18,2.49,1.0,111.01694915254241,-15.254237288135588,$1-2
240059,"Braids, Cabal Minion",Modern Horizons 2,538,602,581.69,0.94,0.79,0.15,-15.95744680851063,-84.04255319148936,$0-1
631226,Transpose,Commander: FINAL FANTASY,538,1427,951.33,0.34,0.49,0.15,44.117647058823515,-55.88235294117647,$0-1
631531,Mind Stone,Commander: FINAL FANTASY,538,933,361.68,0.31,0.99,0.2,219.3548387096774,-35.48387096774193,$0-1
662768,Firebending Lesson,Avatar: The Last Airbender,538,1021,249.34,0.22,0.35,0.15,59.09090909090908,-31.818181818181824,$0-1
624170,Preordain,Commander: Tarkir: Dragonstorm,538,843,515.37,0.6,1.29,0.55,115.00000000000001,-8.333333333333323,$0-1
512640,"Lord Skitter, Sewer King",Wilds of Eldraine,538,654,3503.18,5.1,5.99,4.62,17.450980392156875,-9.411764705882344,$5-10
257685,Forest (302) - JP Full Art,Kamigawa: Neon Dynasty,537,1215,2969.4,2.0,3.49,1.4,74.50000000000001,-30.000000000000004,$2-5
696486,"Crossbones, Malicious Mercenary",Marvel Super Heroes,537,628,222.44,0.26,0.35,0.15,34.615384615384606,-42.307692307692314,$0-1
679790,"Donatello, Way with Machines (Borderless)",Teenage Mutant Ninja Turtles,537,705,345.3,0.36,0.35,0.15,-2.7777777777777803,-58.333333333333336,$0-1
279830,Plains (Showcase),Dominaria United,537,1359,3946.99,2.81,3.99,2.38,41.992882562277586,-15.302491103202854,$2-5
532873,Scene of the Crime,Murders at Karlov Manor,537,651,224.81,0.44,0.59,0.15,34.09090909090908,-65.90909090909092,$0-1
273081,Heap Gate,Commander Legends: Battle for Baldur's Gate,537,1324,1073.11,0.41,1.29,0.34,214.63414634146346,-17.073170731707307,$0-1
689154,Sleight of Hand (JP Alternate Art),Secrets of Strixhaven: Mystical Archive,537,671,2117.55,1.12,2.79,0.44,149.10714285714283,-60.71428571428572,$1-2
697268,Ultron the Annihilator,Commander: Marvel Super Heroes,537,539,32483.51,47.06,54.99,45.2,16.850828729281766,-3.952401189970249,$20-50
671003,Mirrorform,Lorwyn Eclipsed,537,664,1700.74,1.75,2.99,1.28,70.85714285714288,-26.857142857142858,$1-2
451948,Fade from History,The Brothers' War,537,752,2494.64,3.59,4.49,3.33,25.069637883008365,-7.242339832869075,$2-5
624629,Dragonlord Dromoka,Commander: Tarkir: Dragonstorm,537,566,900.94,2.07,3.49,0.98,68.59903381642515,-52.65700483091788,$2-5
552823,Birthing Ritual,Modern Horizons 3,537,764,3616.83,4.04,6.99,3.97,73.01980198019803,-1.7326732673267287,$2-5
642014,"Korvold, Fae-Cursed King",Commander: Edge of Eternities,537,938,671.57,0.47,1.29,0.2,174.468085106383,-57.44680851063829,$0-1
623881,Craterhoof Behemoth,Tarkir: Dragonstorm,537,543,11184.12,23.99,27.99,20.97,16.673614005835766,-12.588578574406,$20-50
235202,"Valentin, Dean of the Vein",Strixhaven: School of Mages,536,654,617.08,1.05,1.29,0.98,22.857142857142858,-6.666666666666672,$1-2
60017,Farseek,Magic 2013 (M13),536,621,476.66,0.78,1.79,0.5700000000000001,129.4871794871795,-26.923076923076916,$0-1
272973,Carnelian Orb of Dragonkind,Commander Legends: Battle for Baldur's Gate,536,605,612.0,0.32,0.79,0.31,146.875,-3.1250000000000027,$0-1
552726,Estrid's Invocation,Modern Horizons 3,536,675,307.08,0.34,0.79,0.15,132.35294117647058,-55.88235294117647,$0-1
697599,Three Visits,Commander: Marvel Super Heroes,536,922,4068.05,4.18,7.49,4.15,79.18660287081342,-0.7177033492822814,$2-5
503562,Thran Dynamo (Borderless),Commander Masters,536,590,3023.36,4.79,6.99,4.93,45.92901878914405,2.922755741127342,$2-5
557260,Swamp (0274) - Full Art,Duskmourn: House of Horror,536,1637,1660.71,0.91,1.99,0.51,118.68131868131869,-43.956043956043956,$0-1
558625,Iridescent Vinelasher,Bloomburrow,536,685,624.3,1.08,1.79,0.41,65.74074074074073,-62.037037037037045,$1-2
60009,Arbor Elf,Magic 2013 (M13),536,785,345.52,0.34,0.99,0.15,191.17647058823525,-55.88235294117647,$0-1
652051,"Black Cat, Cunning Thief",Marvel's Spider-Man,536,658,433.11,0.71,1.29,0.15,81.69014084507043,-78.87323943661971,$0-1
631284,Void Rend,Commander: FINAL FANTASY,535,696,423.46,0.38,0.99,0.15,160.52631578947367,-60.526315789473685,$0-1
240051,Enchantress's Presence,Modern Horizons 2,535,612,894.21,1.36,2.29,1.03,68.38235294117646,-24.264705882352942,$1-2
488126,Plains (0273),Universes Beyond: The Lord of the Rings: Tales of Middle-earth,535,1155,869.46,0.51,1.99,0.34,290.19607843137254,-33.33333333333333,$0-1
524353,Deeproot Pilgrimage,The Lost Caverns of Ixalan,535,631,1416.72,1.74,3.49,1.08,100.57471264367817,-37.93103448275862,$1-2
624345,Talisman of Conviction,Commander: Tarkir: Dragonstorm,535,882,328.43,0.4,0.59,0.31,47.499999999999986,-22.500000000000007,$0-1
498833,Mines of Moria (Borderless),Universes Beyond: The Lord of the Rings: Tales of Middle-earth,535,577,1122.91,2.14,3.49,1.51,63.084112149532714,-29.4392523364486,$2-5
524196,"Malcolm, Alluring Scoundrel",The Lost Caverns of Ixalan,535,562,1846.12,2.2,3.99,2.05,81.36363636363636,-6.818181818181834,$2-5
559829,"Ghalta, Primal Hunger",Commander: Bloomburrow,535,746,608.81,1.21,1.79,0.81,47.93388429752067,-33.05785123966942,$1-2
671578,"Tam, Mindful First-Year",Lorwyn Eclipsed,535,633,333.46,0.48,0.59,0.15,22.916666666666664,-68.74999999999999,$0-1
488131,Swamp (0277),Universes Beyond: The Lord of the Rings: Tales of Middle-earth,535,1062,1240.88,1.4,2.29,0.94,63.57142857142859,-32.857142857142854,$1-2
624539,Clarion Conqueror,Tarkir: Dragonstorm,535,790,2603.84,2.08,3.49,0.71,67.78846153846155,-65.86538461538461,$2-5
642033,Fabled Passage,Commander: Edge of Eternities,535,747,1583.02,1.48,1.49,1.17,0.6756756756756763,-20.945945945945947,$1-2
631247,"Rikku, Resourceful Guardian",Commander: FINAL FANTASY,535,671,459.56,0.36,0.49,0.15,36.111111111111114,-58.333333333333336,$0-1
279831,Island (Showcase),Dominaria United,535,1441,2353.5,1.3,3.49,1.03,168.46153846153848,-20.76923076923077,$1-2
652304,"Silver Sable, Mercenary Leader",Marvel's Spider-Man,534,654,158.9,0.26,0.49,0.15,88.46153846153845,-42.307692307692314,$0-1
648697,The Rise of Sozin,Avatar: The Last Airbender,534,594,1189.72,1.66,2.29,0.63,37.951807228915676,-62.04819277108433,$1-2
671048,Blossoming Defense,Lorwyn Eclipsed,534,737,197.02,0.32,0.49,0.15,53.124999999999986,-53.125,$0-1
591196,"Tatyova, Benthic Druid",Foundations,534,618,162.87,0.31,0.35,0.15,12.903225806451607,-51.61290322580645,$0-1
589769,Slagstorm,Foundations,533,920,349.12,0.38,0.59,0.15,55.263157894736835,-60.526315789473685,$0-1
559835,Ornithopter of Paradise,Commander: Bloomburrow,533,835,407.5,0.7,0.99,0.39,41.42857142857144,-44.28571428571428,$0-1
641987,Aftermath Analyst,Commander: Edge of Eternities,533,837,829.49,0.79,1.29,0.76,63.291139240506325,-3.7974683544303827,$0-1
624276,Mistrise Village (Borderless),Tarkir: Dragonstorm,533,559,7635.66,10.75,17.99,8.85,67.34883720930232,-17.674418604651166,$10-20
591157,Celestial Armor,Foundations,533,683,271.27,0.48,1.29,0.15,168.75000000000003,-68.74999999999999,$0-1
671152,"Massacre Girl, Known Killer",Commander: Lorwyn Eclipsed,533,744,733.5,0.79,1.79,0.5700000000000001,126.58227848101265,-27.848101265822777,$0-1
624443,Wonder,Commander: Tarkir: Dragonstorm,533,629,978.25,2.26,3.49,1.87,54.42477876106197,-17.25663716814158,$2-5
267051,Lightning Bolt,Commander Legends: Battle for Baldur's Gate,532,948,1347.82,1.38,1.99,1.03,44.20289855072465,-25.3623188405797,$1-2
699591,"Thanos, Death's Consort (Borderless)",Commander: Marvel Super Heroes,532,560,2932.56,4.46,4.99,3.5500000000000003,11.883408071748883,-20.40358744394618,$2-5
634163,Ring of the Lucii,FINAL FANTASY,532,661,213.89,0.32,0.35,0.15,9.374999999999991,-53.125,$0-1
688214,Scorched Geyser (Extended Art),Commander: Secrets of Strixhaven,532,589,1922.22,2.48,2.79,1.26,12.500000000000004,-49.193548387096776,$2-5
553296,Tranquil Landscape,Modern Horizons 3,532,994,636.44,0.26,0.35,0.15,34.615384615384606,-42.307692307692314,$0-1
642816,Enthusiastic Mechanaut,Commander: Edge of Eternities,532,696,174.17,0.28,0.69,0.15,146.4285714285714,-46.42857142857144,$0-1
39067,Brass Squire,Mirrodin Besieged,532,630,1373.76,3.32,2.29,0.87,-31.024096385542165,-73.79518072289156,$2-5
120478,Displace,Eldritch Moon,532,643,405.79,0.38,1.29,0.31,239.47368421052633,-18.42105263157895,$0-1
575065,"Valgavoth, Terror Eater",Duskmourn: House of Horror,532,562,9186.05,16.54,22.99,15.37,38.99637243047158,-7.0737605804111245,$10-20
553174,Eldritch Immunity,Commander: Modern Horizons 3,532,585,3571.91,7.34,6.49,7.41,-11.580381471389641,0.9536784741144453,$5-10
698205,Panther Habit,Commander: Marvel Super Heroes,532,616,4597.0,3.17,4.99,3.18,57.41324921135648,0.3154574132492186,$2-5
696584,Avengers Tower,Marvel Super Heroes,532,1064,294.12,0.2,0.35,0.15,74.99999999999997,-25.000000000000007,$0-1
135017,Solemnity,Hour of Devastation,532,551,5988.83,9.85,11.99,8.75,21.725888324873104,-11.167512690355327,$5-10
199542,Dwarven Mine,Throne of Eldraine,531,679,237.69,0.36,0.49,0.16,36.111111111111114,-55.55555555555556,$0-1
524267,Path of Ancestry,Commander: The Lost Caverns of Ixalan,531,691,176.44,0.34,0.35,0.15,2.9411764705882213,-55.88235294117647,$0-1
191075,Crashing Footfalls,Modern Horizons,531,1115,3190.8,1.41,1.99,0.58,41.13475177304966,-58.86524822695035,$1-2
92828,Flooded Strand,Khans of Tarkir,531,685,11170.26,14.9,22.99,13.65,54.295302013422805,-8.389261744966444,$10-20
698219,Whispersilk Cloak,Commander: Marvel Super Heroes,531,984,1914.08,1.62,2.99,1.3,84.5679012345679,-19.75308641975309,$1-2
524230,"Ojer Taq, Deepest Foundation",The Lost Caverns of Ixalan,531,543,16960.76,29.76,39.99,23.22,34.375,-21.97580645161291,$20-50
36518,Nihil Spellbomb,Scars of Mirrodin,531,1062,2895.46,2.55,4.99,2.86,95.68627450980395,12.156862745098042,$2-5
488254,Swamp (0276),Universes Beyond: The Lord of the Rings: Tales of Middle-earth,531,1154,862.79,0.73,1.79,0.2,145.2054794520548,-72.6027397260274,$0-1
555906,Abstergo Entertainment,Universes Beyond: Assassin's Creed,531,690,1508.11,2.62,4.99,2.07,90.45801526717557,-20.99236641221375,$2-5
673640,Krang & Shredder,Teenage Mutant Ninja Turtles,531,599,222.91,0.32,0.49,0.15,53.124999999999986,-53.125,$0-1
679815,"Shredder, Unrelenting (Borderless)",Teenage Mutant Ninja Turtles,531,625,305.02,0.36,0.35,0.15,-2.7777777777777803,-58.333333333333336,$0-1
229494,"Toski, Bearer of Secrets",Kaldheim,531,641,2341.91,7.44,7.99,7.17,7.392473118279567,-3.629032258064522,$5-10
631512,Stitcher's Supplier,Commander: FINAL FANTASY,530,724,416.26,0.38,0.79,0.15,107.89473684210526,-60.526315789473685,$0-1
525761,Blade of the Bloodchief,Commander: The Lost Caverns of Ixalan,530,887,2844.55,4.36,7.99,3.63,83.25688073394495,-16.743119266055054,$2-5
615178,Midnight Clock,Commander: Aetherdrift,530,960,283.02,0.34,0.79,0.16,132.35294117647058,-52.94117647058824,$0-1
591301,Raise the Past,Foundations,530,749,433.25,0.55,1.29,0.15,134.54545454545453,-72.72727272727273,$0-1
631250,Bonders' Enclave,Commander: FINAL FANTASY,530,840,512.65,0.4,1.29,0.36,222.5,-10.000000000000009,$0-1
624922,Parapet Thrasher,Commander: Tarkir: Dragonstorm,530,1189,1051.39,1.31,0.79,1.04,-39.69465648854962,-20.610687022900763,$1-2
670978,"Abigale, Eloquent First-Year",Lorwyn Eclipsed,530,715,457.94,0.38,0.49,0.15,28.947368421052627,-60.526315789473685,$0-1
553272,Bountiful Landscape,Modern Horizons 3,530,923,271.24,0.2,0.35,0.15,74.99999999999997,-25.000000000000007,$0-1
624486,Woodland Cemetery,Commander: Tarkir: Dragonstorm,530,785,465.01,0.65,1.49,0.46,129.23076923076923,-29.230769230769234,$0-1
532893,No More Lies,Murders at Karlov Manor,530,967,411.21,0.38,0.79,0.15,107.89473684210526,-60.526315789473685,$0-1
688977,Skycoach Conductor (Extended Art),Secrets of Strixhaven,529,620,896.81,0.81,0.49,0.15,-39.50617283950618,-81.48148148148148,$0-1
273443,Your Temple Is Under Attack,Commander Legends: Battle for Baldur's Gate,529,930,797.49,0.38,1.79,2.5500000000000003,371.0526315789474,571.0526315789474,$0-1
696628,"Ares, God of War (Extended Art)",Marvel Super Heroes,529,597,674.86,1.15,0.79,0.51,-31.304347826086946,-55.65217391304348,$1-2
95379,Dark Deal,Fate Reforged,529,580,1730.51,1.99,4.99,1.54,150.75376884422113,-22.613065326633162,$1-2
624628,Arbor Adherent,Commander: Tarkir: Dragonstorm,529,820,1080.18,1.62,2.49,1.03,53.70370370370371,-36.41975308641975,$1-2
47694,Ponder,Magic 2012 (M12),529,727,1850.87,2.54,4.99,2.04,96.45669291338584,-19.685039370078737,$2-5
553545,Lightning Greaves,Commander: Modern Horizons 3,529,693,3218.72,4.28,6.49,4.23,51.63551401869159,-1.1682242990654164,$2-5
671183,Sodden Verdure,Commander: Lorwyn Eclipsed,529,803,503.44,0.42,0.49,0.38,16.666666666666668,-9.523809523809518,$0-1
679215,Plains (0191),Teenage Mutant Ninja Turtles,529,1501,451.21,0.24,0.49,0.15,104.16666666666667,-37.5,$0-1
552837,Consuming Corruption,Modern Horizons 3,529,661,231.91,0.32,0.69,0.15,115.62499999999997,-53.125,$0-1
623886,Maelstrom of the Spirit Dragon,Tarkir: Dragonstorm,529,599,1247.8,2.18,2.29,1.03,5.045871559633022,-52.75229357798166,$2-5
590536,"Ivora, Insatiable Heir (Anime)",Foundations Jumpstart,529,726,570.22,0.57,1.79,0.25,214.0350877192983,-56.14035087719298,$0-1
687582,Containment Construct,Commander: Secrets of Strixhaven,529,764,578.08,0.35,0.35,0.15,0.0,-57.14285714285714,$0-1
576885,Insidious Fungus,Duskmourn: House of Horror,528,674,346.63,0.54,0.99,0.15,83.33333333333331,-72.22222222222221,$0-1
688881,Locust Spray,Secrets of Strixhaven: Mystical Archive,528,744,203.76,0.12,0.35,0.15,191.66666666666666,25.0,$0-1
698010,Kindred Dominance,Commander: Marvel Super Heroes,528,931,3991.4,3.45,5.99,3.02,73.62318840579711,-12.463768115942033,$2-5
190652,Snow-Covered Swamp,Modern Horizons,528,2045,2113.56,0.94,1.29,0.2,37.2340425531915,-78.72340425531915,$0-1
689462,Quick Study,Secrets of Strixhaven,528,902,185.79,0.25,0.35,0.15,39.99999999999999,-40.0,$0-1
698074,"Puppet Master, String Puller",Commander: Marvel Super Heroes,527,901,1522.85,0.75,1.99,0.72,165.33333333333334,-4.0000000000000036,$0-1
560010,Tireless Provisioner,Commander: Bloomburrow,527,640,1815.63,4.12,3.99,2.03,-3.15533980582524,-50.72815533980584,$2-5
589386,Generous Pup,Foundations Jumpstart,527,616,3930.22,6.46,9.49,5.01,46.90402476780186,-22.445820433436538,$5-10
623880,"Betor, Kin to All",Tarkir: Dragonstorm,527,536,3706.54,6.42,8.99,5.93,40.031152647975084,-7.632398753894084,$5-10
212082,"Kogla, the Titan Ape",Ikoria: Lair of Behemoths,527,558,1783.96,3.41,5.49,3.2,60.997067448680355,-6.158357771260996,$2-5
265346,Jetmir's Garden,Streets of New Capenna,527,549,9391.55,17.41,21.99,14.71,26.30672027570361,-15.508328546812173,$10-20
488133,Forest (0281),Universes Beyond: The Lord of the Rings: Tales of Middle-earth,527,1112,949.68,0.88,1.49,0.38,69.31818181818181,-56.81818181818182,$0-1
535247,Outrageous Robbery,Murders at Karlov Manor,527,657,319.8,0.39,0.99,0.21,153.84615384615384,-46.15384615384615,$0-1
687527,Rugged Prairie,Commander: Secrets of Strixhaven,527,957,284.86,0.29,0.79,0.17,172.41379310344828,-41.37931034482758,$0-1
122646,Concealed Courtyard,Kaladesh,527,793,1037.94,0.86,1.99,0.7000000000000001,131.3953488372093,-18.604651162790688,$0-1
696331,Worlds Within Worlds,Marvel Super Heroes,527,810,311.88,0.2,0.49,0.15,144.99999999999997,-25.000000000000007,$0-1
631555,Forgotten Ancient,Commander: FINAL FANTASY,526,879,360.87,0.36,0.79,0.3,119.44444444444446,-16.666666666666664,$0-1
648741,"Toph, the First Metalbender (Showcase)",Avatar: The Last Airbender,526,541,2229.7,3.83,3.49,1.55,-8.877284595300257,-59.53002610966058,$2-5
697069,Heroic Feast (Extended Art),Marvel Super Heroes,526,658,1141.65,0.88,0.99,0.19,12.499999999999998,-78.4090909090909,$0-1
631154,Protection Magic,Commander: FINAL FANTASY,526,686,310.4,0.38,0.49,0.15,28.947368421052627,-60.526315789473685,$0-1
498378,Samwise Gamgee,Universes Beyond: The Lord of the Rings: Tales of Middle-earth,526,565,1373.3,2.47,2.79,1.67,12.955465587044527,-32.38866396761134,$2-5
652052,"Black Cat, Cunning Thief (Borderless)",Marvel's Spider-Man,526,575,857.46,1.37,1.99,0.48,45.255474452554736,-64.96350364963504,$1-2
624430,"Ob Nixilis, the Fallen",Commander: Tarkir: Dragonstorm,525,647,715.7,1.46,2.49,0.76,70.54794520547946,-47.94520547945205,$1-2
699614,"Hulk, Always Angry (Borderless)",Commander: Marvel Super Heroes,525,553,2037.67,2.85,4.49,2.04,57.54385964912281,-28.421052631578945,$2-5
660537,Mountain (0295),Avatar: The Last Airbender,525,1080,538.21,0.41,0.79,0.26,92.68292682926831,-36.58536585365853,$0-1
199288,Castle Garenbrig,Throne of Eldraine,525,567,4082.39,8.34,11.99,7.29,43.76498800959233,-12.589928057553957,$5-10
262257,Jukai Naturalist,Kamigawa: Neon Dynasty,525,643,446.5,0.74,0.99,0.51,33.78378378378378,-31.08108108108108,$0-1
240266,Sol Talisman,Modern Horizons 2,525,784,817.99,0.99,1.49,0.68,50.505050505050505,-31.313131313131308,$0-1
507218,Thought Vessel,Commander Masters,525,616,1644.75,3.0,2.99,2.5,-0.33333333333332626,-16.666666666666664,$2-5
239717,Slagwoods Bridge,Modern Horizons 2,525,984,362.79,0.3,0.39,0.15,30.00000000000001,-50.0,$0-1
591642,Evolving Wilds,Foundations,525,849,182.62,0.26,0.35,0.15,34.615384615384606,-42.307692307692314,$0-1
624179,Big Score,Commander: Tarkir: Dragonstorm,525,815,487.65,0.65,1.49,0.43,129.23076923076923,-33.84615384615385,$0-1
646166,Spider-Man 2099,Marvel's Spider-Man,525,601,375.13,0.61,0.49,0.15,-19.672131147540984,-75.40983606557377,$0-1
488250,Island (0274),Universes Beyond: The Lord of the Rings: Tales of Middle-earth,525,1115,964.78,0.62,1.49,0.23,140.3225806451613,-62.903225806451616,$0-1
634125,Opera Love Song,FINAL FANTASY,524,690,241.88,0.33,0.35,0.15,6.060606060606049,-54.545454545454554,$0-1
687424,Infernal Grasp,Commander: Secrets of Strixhaven,524,948,377.69,0.33,0.79,0.18,139.3939393939394,-45.45454545454546,$0-1
679052,Shredder's Technique,Teenage Mutant Ninja Turtles,524,782,242.27,0.33,0.35,0.15,6.060606060606049,-54.545454545454554,$0-1
559480,Lunar Convocation,Bloomburrow,524,654,401.87,0.93,1.49,0.15,60.21505376344085,-83.87096774193549,$0-1
35627,Voltaic Key,Magic 2011 (M11),524,563,2813.23,3.88,5.99,2.5500000000000003,54.38144329896908,-34.278350515463906,$2-5
697055,Restorative Technique,Marvel Super Heroes,524,1151,361.91,0.21,0.35,0.15,66.66666666666666,-28.57142857142857,$0-1
555954,Bureau Headmaster,Universes Beyond: Assassin's Creed,524,540,2813.73,5.86,7.49,5.15,27.815699658703068,-12.116040955631398,$5-10
230933,Starnheim Courser,Kaldheim,524,699,190.1,0.3,0.39,0.15,30.00000000000001,-50.0,$0-1
272791,Thrakkus the Butcher,Commander Legends: Battle for Baldur's Gate,524,624,859.59,0.43,0.99,0.26,130.2325581395349,-39.53488372093023,$0-1
240458,Ornithopter of Paradise (Retro Frame),Modern Horizons 2,524,862,465.44,0.44,0.99,0.4,125.0,-9.090909090909086,$0-1
283479,Vodalian Hexcatcher,Dominaria United,523,609,2855.54,6.34,8.49,5.21,33.911671924290225,-17.82334384858044,$5-10
265349,Raffine's Tower,Streets of New Capenna,523,540,7721.08,13.05,16.99,11.46,30.19157088122603,-12.18390804597701,$10-20
671072,Forest (0283),Lorwyn Eclipsed,523,1279,443.24,0.35,1.29,0.15,268.5714285714286,-57.14285714285714,$0-1
239843,Skirge Familiar,Modern Horizons 2,523,623,237.93,0.25,0.79,0.15,216.0,-40.0,$0-1
696422,Grimm Fate - Beast Within (Borderless),Marvel Universe Eternal-Legal,523,561,971.57,1.18,1.99,0.8200000000000001,68.64406779661017,-30.508474576271176,$1-2
631230,Bastion of Remembrance,Commander: FINAL FANTASY,523,668,240.29,0.29,0.69,0.17,137.9310344827586,-41.37931034482758,$0-1
624326,Infantry Shield,Commander: Tarkir: Dragonstorm,523,819,1235.0,0.71,1.49,0.45,109.85915492957747,-36.61971830985915,$0-1
662594,South Pole Voyager,Avatar: The Last Airbender,523,757,234.43,0.28,0.49,0.15,74.99999999999997,-46.42857142857144,$0-1
624339,Lightning Greaves,Commander: Tarkir: Dragonstorm,523,604,2626.52,4.61,6.49,4.11,40.780911062906725,-10.845986984815617,$2-5
553230,Nadier's Nightblade,Modern Horizons 3,523,743,206.48,0.31,0.35,0.15,12.903225806451607,-51.61290322580645,$0-1
207337,Path to Exile,MagicFest Cards,523,610,5701.91,7.55,7.99,7.91,5.827814569536429,4.768211920529806,$5-10
268785,Big Score,Streets of New Capenna,522,622,711.17,0.65,1.49,0.36,129.23076923076923,-44.61538461538462,$0-1
630874,"Zanarkand, Ancient Metropolis",FINAL FANTASY,522,571,376.87,0.72,0.79,0.19,9.72222222222223,-73.61111111111111,$0-1
524378,"Matzalantli, the Great Door",The Lost Caverns of Ixalan,522,560,1584.53,2.63,4.49,2.29,70.72243346007606,-12.92775665399239,$2-5
686645,Archmage Emeritus (Borderless),Special Guests,522,539,2591.69,4.55,4.49,2.81,-1.3186813186813102,-38.24175824175824,$2-5
625258,Wild Ride,Tarkir: Dragonstorm,522,978,271.67,0.31,0.35,0.15,12.903225806451607,-51.61290322580645,$0-1
697122,"Captain America, Liberator",Commander: Marvel Super Heroes,522,534,3427.65,2.47,3.99,2.18,61.53846153846153,-11.74089068825911,$2-5
82278,Dictate of Erebos,Journey Into Nyx,522,549,9999.78,18.33,22.99,16.16,25.422804146208406,-11.838516093835235,$10-20
689473,Leech Collector,Secrets of Strixhaven,522,871,200.57,0.25,0.35,0.15,39.99999999999999,-40.0,$0-1
688862,Helping Hand (JP Alternate Art),Secrets of Strixhaven: Mystical Archive,522,599,754.75,0.73,0.79,0.34,8.219178082191789,-53.42465753424656,$0-1
619636,Inevitable Defeat,Tarkir: Dragonstorm,522,889,519.24,0.61,1.29,0.15,111.47540983606558,-75.40983606557377,$0-1
206943,Hydra's Growth,Theros Beyond Death,521,603,892.52,1.85,2.29,1.22,23.78378378378378,-34.054054054054056,$1-2
651358,Daily Bugle Building,Marvel's Spider-Man,521,757,221.48,0.28,0.35,0.15,24.999999999999982,-46.42857142857144,$0-1
162234,"Marwyn, the Nurturer",Dominaria,521,556,2226.26,4.98,6.49,3.09,30.321285140562242,-37.95180722891567,$2-5
576493,Leyline of Transformation,Duskmourn: House of Horror,521,658,313.22,0.59,0.79,0.15,33.89830508474578,-74.57627118644066,$0-1
687392,"Nev, the Practical Dean",Commander: Secrets of Strixhaven,521,704,311.6,0.33,0.49,0.15,48.48484848484848,-54.545454545454554,$0-1
175203,Temple Garden,Guilds of Ravnica,521,608,4792.3,8.02,10.99,7.55,37.032418952618464,-5.860349127182042,$5-10
488134,Mountain (0279),Universes Beyond: The Lord of the Rings: Tales of Middle-earth,521,1362,775.46,0.56,1.49,0.25,166.07142857142853,-55.35714285714286,$0-1
239852,Herd Baloth,Modern Horizons 2,521,652,297.65,0.3,0.79,0.26,163.33333333333334,-13.333333333333327,$0-1
633137,The Earth Crystal (Borderless),FINAL FANTASY,520,523,10592.73,21.69,23.99,18.99,10.60396496081142,-12.448132780083,$20-50
687622,Perpetual Timepiece,Commander: Secrets of Strixhaven,520,660,303.73,0.26,0.49,0.15,88.46153846153845,-42.307692307692314,$0-1
697204,"Loki, Lord of Misrule",Commander: Marvel Super Heroes,520,525,36970.73,58.64,79.99,58.86,36.40859481582536,0.3751705320600254,$50-100
632694,Suplex,FINAL FANTASY,520,1085,256.25,0.26,0.35,0.15,34.615384615384606,-42.307692307692314,$0-1
262694,Touch the Spirit Realm,Kamigawa: Neon Dynasty,520,648,639.63,0.84,1.29,0.5700000000000001,53.571428571428584,-32.14285714285713,$0-1
478532,"Atraxa, Grand Unifier",Phyrexia: All Will Be One,520,667,10301.65,16.46,22.99,15.63,39.67193195625758,-5.042527339003645,$10-20
222184,Marauding Blight-Priest,Zendikar Rising,520,860,227.0,0.21,0.39,0.15,85.71428571428574,-28.57142857142857,$0-1
688972,End of the Hunt,Secrets of Strixhaven,520,1036,249.98,0.26,0.35,0.15,34.615384615384606,-42.307692307692314,$0-1
589390,Shroofus Sproutsire (Anime),Foundations Jumpstart,520,600,3009.96,5.06,8.99,3.79,77.66798418972334,-25.098814229249005,$5-10
215368,Teferi's Ageless Insight,Core Set 2021,520,536,2311.28,4.89,6.49,3.87,32.71983640081801,-20.858895705521466,$2-5
649608,"Bumi, Eclectic Earthbender",Avatar: The Last Airbender: Eternal-Legal,519,527,5199.68,8.45,15.99,7.9,89.23076923076924,-6.5088757396449575,$5-10
615912,Howlsquad Heavy,Aetherdrift,519,600,2006.87,3.36,3.99,2.21,18.75000000000001,-34.226190476190474,$2-5
631569,Snort,Commander: FINAL FANTASY,519,885,302.05,0.37,0.69,0.15,86.48648648648647,-59.45945945945946,$0-1
615089,God-Eternal Oketra,Commander: Aetherdrift,519,615,857.73,0.76,1.49,0.71,96.05263157894737,-6.5789473684210575,$0-1
649597,Frog-Squirrels,Avatar: The Last Airbender: Eternal-Legal,519,680,258.51,0.17,0.49,0.15,188.23529411764702,-11.764705882352951,$0-1
577669,Unholy Annex // Ritual Chamber,Duskmourn: House of Horror,519,706,2088.26,1.68,2.99,1.75,77.9761904761905,4.1666666666666705,$1-2
577874,Reliquary Tower,Commander: Duskmourn: House of Horror,519,616,2415.02,4.27,5.49,3.38,28.571428571428587,-20.84309133489461,$2-5
591036,Taurean Mauler,Foundations,519,883,630.63,0.59,1.79,0.56,203.3898305084746,-5.08474576271185,$0-1
648642,Aang's Iceberg,Avatar: The Last Airbender,519,653,382.92,0.49,0.69,0.15,40.81632653061224,-69.38775510204081,$0-1
498301,Barad-dur,Universes Beyond: The Lord of the Rings: Tales of Middle-earth,519,616,1174.5,1.71,1.99,1.17,16.374269005847957,-31.578947368421055,$1-2
490572,Hoarding Broodlord,March of the Machine,518,529,2585.02,5.55,7.49,4.53,34.954954954954964,-18.378378378378372,$5-10
488252,Mountain (0278),Universes Beyond: The Lord of the Rings: Tales of Middle-earth,518,1320,699.61,0.48,0.69,0.27,43.74999999999999,-43.74999999999999,$0-1
559735,Rapid Hybridization,Commander: Bloomburrow,518,598,466.49,1.46,1.99,0.67,36.3013698630137,-54.10958904109589,$1-2
615370,Riverchurn Monument,Aetherdrift,518,640,1531.96,1.74,2.99,0.96,71.83908045977013,-44.827586206896555,$1-2
688232,Naktamun Lorespinner (Extended Art),Commander: Secrets of Strixhaven,518,578,2492.7,2.33,2.49,1.75,6.866952789699576,-24.892703862660948,$2-5
529996,Mountain (0275),Murders at Karlov Manor,518,1852,682.77,0.32,0.79,0.15,146.875,-53.125,$0-1
688673,Practiced Scrollsmith,Secrets of Strixhaven,518,931,239.42,0.19,0.35,0.15,84.21052631578945,-21.052631578947373,$0-1
456743,Command Tower,Starter Commander Decks,518,1381,510.64,0.28,0.69,0.23,146.4285714285714,-17.85714285714286,$0-1
614335,"Hashaton, Scarab's Fist (Borderless)",Commander: Aetherdrift,518,768,464.49,0.84,2.49,0.73,196.42857142857147,-13.095238095238093,$0-1
67878,Wear // Tear,Dragon's Maze,518,785,1181.05,1.23,2.49,0.84,102.43902439024393,-31.70731707317073,$1-2
698225,Bountiful Promenade,Commander: Marvel Super Heroes,517,800,5596.37,6.76,9.99,6.68,47.7810650887574,-1.1834319526627228,$5-10
698198,Nature's Lore,Commander: Marvel Super Heroes,517,873,1920.61,2.18,4.49,2.25,105.96330275229357,3.2110091743119193,$2-5
66550,Dispel,Return to Ravnica,517,885,586.0,0.33,0.39,0.2,18.18181818181818,-39.39393939393939,$0-1
652041,Parallel Lives (Borderless),Marvel Universe Eternal-Legal,517,527,13869.62,28.65,42.99,28.96,50.052356020942426,1.082024432809781,$20-50
696470,"Captain Mar-Vell, Space-Born",Marvel Super Heroes,517,727,252.81,0.22,0.35,0.15,59.09090909090908,-31.818181818181824,$0-1
517529,Plains (0287),The Lost Caverns of Ixalan,517,1520,804.96,0.51,0.99,0.25,94.11764705882352,-50.98039215686274,$0-1
662354,Monk Gyatso,Avatar: The Last Airbender: Eternal-Legal,517,541,3460.71,7.54,10.99,5.07,45.755968169761275,-32.758620689655174,$5-10
559652,Scavenger's Talent,Bloomburrow,517,620,476.84,0.81,1.29,0.29,59.25925925925925,-64.19753086419753,$0-1
624657,Arasta of the Endless Web,Commander: Tarkir: Dragonstorm,516,627,262.97,0.36,0.59,0.26,63.888888888888886,-27.777777777777775,$0-1
687682,Frostboil Snarl,Commander: Secrets of Strixhaven,516,818,246.36,0.36,0.49,0.15,36.111111111111114,-58.333333333333336,$0-1
273195,Patriar's Seal,Commander Legends: Battle for Baldur's Gate,516,537,2721.28,4.88,7.49,4.5200000000000005,53.48360655737706,-7.377049180327858,$2-5
660709,Northern Air Temple,Avatar: The Last Airbender,516,635,166.16,0.26,0.35,0.15,34.615384615384606,-42.307692307692314,$0-1
697330,"Spider-Man, New Champion",Commander: Marvel Super Heroes,516,540,3386.62,2.59,4.99,2.44,92.66409266409268,-5.791505791505788,$2-5
190880,Force of Despair,Modern Horizons,516,670,5079.37,7.89,12.99,7.91,64.63878326996199,0.2534854245880921,$5-10
9526,Moment's Peace,Odyssey,516,880,3546.06,4.16,6.99,4.16,68.02884615384616,0.0,$2-5
624067,Winternight Stories,Tarkir: Dragonstorm,515,734,1595.89,1.41,2.29,0.6900000000000001,62.41134751773051,-51.06382978723404,$1-2
560060,Idol of Oblivion,Commander: Bloomburrow,515,792,985.58,2.03,2.79,1.86,37.43842364532021,-8.374384236453189,$2-5
631286,Sunscorched Divide,Commander: FINAL FANTASY,515,710,208.69,0.31,0.59,0.15,90.32258064516128,-51.61290322580645,$0-1
479039,Cankerbloom (Showcase),Phyrexia: All Will Be One,515,656,202.14,0.31,0.79,0.15,154.83870967741936,-51.61290322580645,$0-1
6295,Crop Rotation,Urza's Legacy,515,715,3708.18,3.98,5.49,3.08,37.93969849246231,-22.613065326633162,$2-5
651382,Agent Venom,Marvel's Spider-Man,515,603,308.69,0.48,0.69,0.2,43.74999999999999,-58.33333333333333,$0-1
235301,Negate,Strixhaven: Mystical Archive,514,652,863.74,1.12,1.79,0.59,59.821428571428555,-47.321428571428584,$1-2
591170,Imprisoned in the Moon,Foundations,514,683,207.07,0.28,0.69,0.15,146.4285714285714,-46.42857142857144,$0-1
591740,Hinterland Sanctifier,Foundations,514,990,398.81,0.33,0.35,0.15,6.060606060606049,-54.545454545454554,$0-1
130292,Trespasser's Curse,Amonkhet,514,787,378.26,0.38,0.35,0.26,-7.89473684210527,-31.57894736842105,$0-1
272901,Displacer Kitten,Commander Legends: Battle for Baldur's Gate,514,533,18534.59,31.35,34.99,28.46,11.610845295055823,-9.218500797448167,$20-50
39523,Glistener Elf,New Phyrexia,514,803,686.74,1.13,1.29,0.51,14.159292035398243,-54.86725663716814,$1-2
660746,True Ancestry,Avatar: The Last Airbender,514,636,164.63,0.25,0.35,0.15,39.99999999999999,-40.0,$0-1
631125,Bastion Protector,Commander: FINAL FANTASY,514,737,450.09,0.36,0.49,0.19,36.111111111111114,-47.22222222222222,$0-1
4644,Demonic Consultation,Ice Age,514,545,4072.17,8.06,9.49,5.14,17.741935483870964,-36.228287841191076,$5-10
58997,Seraph Sanctuary,Avacyn Restored,513,642,758.99,1.17,0.99,0.39,-15.38461538461538,-66.66666666666666,$1-2
688952,Magmablood Archaic,Secrets of Strixhaven,513,974,353.0,0.19,0.49,0.15,157.89473684210526,-21.052631578947373,$0-1
671196,Dragonskull Summit,Commander: Lorwyn Eclipsed,513,999,662.61,0.48,1.29,0.44,168.75000000000003,-8.33333333333333,$0-1
662395,Swiftfoot Boots (Showcase),Avatar: The Last Airbender: Eternal-Legal,513,593,1508.91,2.49,4.49,2.4,80.32128514056224,-3.614457831325313,$2-5
71202,Swan Song,Theros,513,537,6782.76,12.96,17.99,9.37,38.81172839506171,-27.700617283950628,$10-20
71411,Prowler's Helm,Theros,513,619,437.3,0.71,1.49,0.52,109.85915492957747,-26.76056338028168,$0-1
624452,Crypt of Agadeem,Commander: Tarkir: Dragonstorm,513,943,1905.73,2.89,3.99,2.47,38.062283737024224,-14.532871972318336,$2-5
539629,"Codsworth, Handy Helper",Universes Beyond: Fallout,513,524,12184.93,25.19,34.99,21.88,38.9043271139341,-13.140134974196119,$20-50
679613,"Big Apple, 3 a.m.",Commander: Teenage Mutant Ninja Turtles,512,922,444.45,0.37,0.69,0.15,86.48648648648647,-59.45945945945946,$0-1
235595,Thrilling Discovery,Strixhaven: School of Mages,512,979,297.92,0.25,0.79,0.15,216.0,-40.0,$0-1
559847,Aetherize,Commander: Bloomburrow,512,609,281.13,0.37,0.99,0.26,167.56756756756758,-29.729729729729726,$0-1
590868,Consuming Aberration,Foundations,512,733,216.08,0.32,0.49,0.15,53.124999999999986,-53.125,$0-1
662463,Dramatic Reversal,Avatar: The Last Airbender: Eternal-Legal,512,677,745.79,0.48,0.99,0.23,106.25,-52.08333333333333,$0-1
646586,"Spider-Ham, Peter Porker (Borderless)",Marvel's Spider-Man,512,550,972.67,1.21,1.49,0.72,23.1404958677686,-40.49586776859504,$1-2
273323,Inspired Tinkering,Commander Legends: Battle for Baldur's Gate,512,645,1039.31,1.59,2.29,1.49,44.0251572327044,-6.289308176100635,$1-2
696280,Multiversal Incursion (Borderless),Marvel Super Heroes,512,549,1884.07,2.21,3.99,1.35,80.54298642533938,-38.914027149321264,$2-5
696407,Concerted Effort (Borderless),Marvel Universe Eternal-Legal,512,565,948.0,1.22,0.99,0.68,-18.852459016393443,-44.26229508196721,$1-2
226684,Sky Diamond,Commander Legends,512,666,252.22,0.38,0.69,0.2,81.57894736842104,-47.368421052631575,$0-1
662614,Rumble Arena,Avatar: The Last Airbender,512,713,165.41,0.3,0.35,0.15,16.666666666666664,-50.0,$0-1
643884,Moonlit Meditation,Edge of Eternities,511,659,309.18,0.39,0.59,0.15,51.28205128205126,-61.53846153846154,$0-1
111091,Visions of Brutality,Oath of the Gatewatch,511,659,348.86,0.43,0.69,0.15,60.465116279069754,-65.11627906976744,$0-1
457135,Nature's Lore,Dominaria Remastered,511,552,1814.68,3.05,3.99,2.8000000000000003,30.819672131147556,-8.196721311475395,$2-5
