,tcgplayer,cardkingdom,manapool,name,set,nk
448626,,,,Animate Dead,Judge Promos,animatedead
38233,,,,Bloodstained Mire,Judge Promos,bloodstainedmire
201090,,,,Chalice of the Void,Judge Promos,chaliceofthevoid
111644,,,,Command Beacon,Judge Promos,commandbeacon
58133,,,,Command Tower,Judge Promos,commandtower
38236,,,,Dark Ritual,Judge Promos,darkritual
38238,,,,Demonic Tutor,Judge Promos,demonictutor
206249,,,,Enlightened Tutor,Judge Promos,enlightenedtutor
79288,,,,Entomb,Judge Promos,entomb
38241,,,,Flooded Strand,Judge Promos,floodedstrand
57648,,,,Flusterstorm,Judge Promos,flusterstorm
185031,,,,Food Chain,Judge Promos,foodchain
82619,,,,Force of Will,Judge Promos,forceofwill
206252,,,,Gamble,Judge Promos,gamble
38243,,,,Gemstone Mine,Judge Promos,gemstonemine
37964,,,,Gaea's Cradle,Judge Promos,gaeascradle
240896,,,,Grand Arbiter Augustin IV,Judge Promos,grandarbiteraugustiniv
279253,,,,Growing Rites of Itlimoc,Judge Promos,growingritesofitlimoc
67748,,,,Imperial Recruiter,Judge Promos,imperialrecruiter
126214,,,,Imperial Seal,Judge Promos,imperialseal
57645,,,,Goblin Welder,Judge Promos,goblinwelder
38251,,,,Intuition,Judge Promos,intuition
247903,,,,"K'rrik, Son of Yawgmoth",Judge Promos,krriksonofyawgmoth
38253,,,,Lightning Bolt,Judge Promos,lightningbolt
119727,,,,Mana Drain,Judge Promos,manadrain
38260,,,,Mishra's Factory,Judge Promos,mishrasfactory
188710,,,,Mox Opal,Judge Promos,moxopal
38261,,,,Natural Order,Judge Promos,naturalorder
67377,,,,Noble Hierarch,Judge Promos,noblehierarch
38263,,,,Orim's Chant,Judge Promos,orimschant
265188,,,,Omniscience,Judge Promos,omniscience
38267,,,,Polluted Delta,Judge Promos,polluteddelta
185032,,,,Rhystic Study,Judge Promos,rhysticstudy
279245,,,,Smothering Tithe,Judge Promos,smotheringtithe
206250,,,,Spellseeker,Judge Promos,spellseeker
38270,,,,Sol Ring,Judge Promos,solring
267938,,,,Stranglehold,Judge Promos,stranglehold
38273,,,,Survival of the Fittest,Judge Promos,survivalofthefittest
67747,,,,Swords to Plowshares,Judge Promos,swordstoplowshares
279252,,,,Training Grounds,Judge Promos,traininggrounds
38278,,,,Vampiric Tutor,Judge Promos,vampirictutor
38280,,,,Wasteland,Judge Promos,wasteland
38232,,,,Wheel of Fortune,Judge Promos,wheeloffortune
38283,,,,Yawgmoth's Will,Judge Promos,yawgmothswill
201092,,,,"Yuriko, the Tiger's Shadow",Judge Promos,yurikothetigersshadow
38281,,,,Windswept Heath,Judge Promos,windsweptheath
38282,,,,Wooded Foothills,Judge Promos,woodedfoothills
38053,,,,Mutavault,Champs Promos,mutavault
513295,67.25,89.99,65.81,"Greymond, Avacyn's Stalwart",SLX Cards,greymondavacynsstalwart
534131,,,,Chaos Warp,WPN & Gateway Promos,chaoswarp
668657,,,,Command Tower,WPN & Gateway Promos,commandtower
639905,6.67,3.49,6.18,Culling Ritual,WPN & Gateway Promos,cullingritual
38201,,,,Llanowar Elves,WPN & Gateway Promos,llanowarelves
38436,,,,Path to Exile,WPN & Gateway Promos,pathtoexile
514263,16.32,18.99,17.0,Pyroblast,WPN & Gateway Promos,pyroblast
57639,,,,Signal Pest,WPN & Gateway Promos,signalpest
210710,42.65,44.99,41.62,Arid Mesa,Secret Lair Series,aridmesa
210714,41.41,54.99,39.27,Marsh Flats,Secret Lair Series,marshflats
210716,48.07,57.99,45.74,Scalding Tarn,Secret Lair Series,scaldingtarn
210712,40.53,54.99,41.07,Misty Rainforest,Secret Lair Series,mistyrainforest
210711,42.25,47.99,42.7,Verdant Catacombs,Secret Lair Series,verdantcatacombs
482666,8.99,6.99,8.39,Arcane Signet,MagicFest Cards,arcanesignet
619687,2.73,3.49,2.08,Avacyn's Pilgrim,MagicFest Cards,avacynspilgrim
181716,4.83,4.49,2.83,Lightning Bolt,MagicFest Cards,lightningbolt
194575,4.91,4.49,4.01,Sol Ring,MagicFest Cards,solring
207337,7.89,8.49,7.16,Path to Exile,MagicFest Cards,pathtoexile
38215,,,,City of Brass,Junior Series Promos,cityofbrass
162905,,,,Llanowar Elves,Open House Promos,llanowarelves
38298,3.67,2.79,1.6600000000000001,Cancel,Magic Player Rewards,cancel
38297,13.57,9.49,8.4,Burst Lightning,Magic Player Rewards,burstlightning
38305,,,,Day of Judgment,Magic Player Rewards,dayofjudgment
38317,,,,Lightning Bolt,Magic Player Rewards,lightningbolt
38318,11.03,9.99,7.24,Lightning Helix,Magic Player Rewards,lightninghelix
38323,15.1,18.99,10.040000000000001,Negate,Magic Player Rewards,negate
38325,23.03,27.99,15.91,Ponder,Magic Player Rewards,ponder
38332,9.79,11.99,7.22,Pyroclasm,Magic Player Rewards,pyroclasm
38344,,,,Wasteland,Magic Player Rewards,wasteland
21701,4.5,7.49,3.6,Blue Elemental Blast,Media Promos,blueelementalblast
697890,,,,Command Tower,Media Promos,commandtower
70712,,,,Scavenging Ooze,Media Promos,scavengingooze
551636,,,,Sleight of Hand,Media Promos,sleightofhand
121730,,,,Abrupt Decay,WMCQ Promo Cards,abruptdecay
97698,,,,"Thalia, Guardian of Thraben",WMCQ Promo Cards,thaliaguardianofthraben
37978,,,,Duress,Arena Promos,duress
37982,,,,Enlightened Tutor,Arena Promos,enlightenedtutor
688471,,,,Abhorrent Oculus,Game Day & Store Championship Promos,abhorrentoculus
139778,0.73,0.59,0.43,Abrade,Game Day & Store Championship Promos,abrade
650711,1.24,0.99,0.5700000000000001,Bitter Triumph,Game Day & Store Championship Promos,bittertriumph
476146,,,,"Braids, Arisen Nightmare",Game Day & Store Championship Promos,braidsarisennightmare
542185,,,,Dauthi Voidwalker,Game Day & Store Championship Promos,dauthivoidwalker
528034,,,5.99,Dark Petition,Game Day & Store Championship Promos,darkpetition
677290,2.25,3.99,2.34,Goblin Bombardment,Game Day & Store Championship Promos,goblinbombardment
182130,,,,"Lavinia, Azorius Renegade",Game Day & Store Championship Promos,laviniaazoriusrenegade
48126,11.59,7.49,7.7,Memnite,Game Day & Store Championship Promos,memnite
677293,180.35,,,Ocelot Pride,Game Day & Store Championship Promos,ocelotpride
625639,2.71,,1.5,Preacher of the Schism,Game Day & Store Championship Promos,preacheroftheschism
272569,,,,Skyclave Apparition,Game Day & Store Championship Promos,skyclaveapparition
282473,1.51,1.29,1.46,Spell Pierce,Game Day & Store Championship Promos,spellpierce
650730,6.29,,,Slickshot Show-Off,Game Day & Store Championship Promos,slickshotshowoff
57660,4.13,1.29,1.0,Strangleroot Geist,Game Day & Store Championship Promos,stranglerootgeist
450973,3.13,1.99,2.6,Touch the Spirit Realm,Game Day & Store Championship Promos,touchthespiritrealm
125843,1.28,2.29,0.91,Trophy Mage,Game Day & Store Championship Promos,trophymage
562099,,,,Urza's Saga,Game Day & Store Championship Promos,urzassaga
624063,,,,Virtue of Persistence,Game Day & Store Championship Promos,virtueofpersistence
248723,3.03,3.49,2.61,Abrupt Decay,The List Reprints,abruptdecay
240811,4.0,4.49,3.5700000000000003,Aether Vial,The List Reprints,aethervial
507535,3.16,3.99,3.2800000000000002,"Aminatou, the Fateshifter",The List Reprints,aminatouthefateshifter
581218,2.51,4.49,2.6,An Offer You Can't Refuse,The List Reprints,anofferyoucantrefuse
210402,,,,Amulet of Vigor,The List Reprints,amuletofvigor
248672,125.97,119.99,135.46,Ancient Tomb,The List Reprints,ancienttomb
222421,11.96,5.49,7.28,Angel's Grace,The List Reprints,angelsgrace
203588,6.16,7.49,5.53,Animate Dead,The List Reprints,animatedead
581221,0.39,1.29,0.15,Aqueous Form,The List Reprints,aqueousform
492613,2.02,1.79,0.75,Archmage Emeritus,The List Reprints,archmageemeritus
581282,7.66,9.49,6.57,Archivist of Oghma,The List Reprints,archivistofoghma
693603,7.37,,6.890000000000001,Arena of Glory,The List Reprints,arenaofglory
202872,18.83,20.99,15.16,Ashnod's Altar,The List Reprints,ashnodsaltar
202989,0.64,1.79,0.67,Avacyn's Pilgrim,The List Reprints,avacynspilgrim
581255,0.62,0.79,0.47000000000000003,Aven Mindcensor,The List Reprints,avenmindcensor
582920,0.07,0.39,0.15,Axgard Cavalry,The List Reprints,axgardcavalry
533123,3.74,2.99,2.74,Baleful Mastery,The List Reprints,balefulmastery
275127,1.17,2.99,0.37,Barbarian Ring,The List Reprints,barbarianring
222434,4.72,4.99,4.01,Beseech the Queen,The List Reprints,beseechthequeen
203010,12.9,15.99,11.78,Birds of Paradise,The List Reprints,birdsofparadise
633079,19.08,20.99,20.81,Black Market Connections,The List Reprints,blackmarketconnections
496236,6.0,8.99,6.24,Blightstep Pathway,The List Reprints,blightsteppathway
254546,19.91,13.99,15.1,Blood Crypt,The List Reprints,bloodcrypt
254547,8.08,9.49,7.8100000000000005,Blood Moon,The List Reprints,bloodmoon
254548,0.9,2.99,0.62,Blood Pet,The List Reprints,bloodpet
254551,21.2,23.99,20.31,Bloodchief Ascension,The List Reprints,bloodchiefascension
222437,8.06,4.49,7.9,Bloodghast,The List Reprints,bloodghast
203020,12.86,16.99,13.31,Bloom Tender,The List Reprints,bloomtender
203681,2.0,3.49,1.41,Blue Elemental Blast,The List Reprints,blueelementalblast
583098,2.97,4.99,2.95,Bolt Bend,The List Reprints,boltbend
222449,8.71,8.99,4.93,Brain Freeze,The List Reprints,brainfreeze
582602,1.25,2.29,0.9,Buried Alive,The List Reprints,buriedalive
275323,,,,Buried Ruin,The List Reprints,buriedruin
582893,0.24,0.59,0.15,Bushwhack,The List Reprints,bushwhack
203689,0.34,0.35,0.15,Cancel,The List Reprints,cancel
203038,3.61,4.49,2.57,Carpet of Flowers,The List Reprints,carpetofflowers
203614,5.14,3.99,4.22,Carrion Feeder,The List Reprints,carrionfeeder
513169,8.39,11.99,8.49,Castle Garenbrig,The List Reprints,castlegarenbrig
229291,51.51,57.99,52.08,Cavern of Souls,The List Reprints,cavernofsouls
284314,8.54,9.49,6.1000000000000005,Chain of Smog,The List Reprints,chainofsmog
202899,0.31,0.39,0.26,Chromatic Star,The List Reprints,chromaticstar
581235,2.53,4.99,2.44,Clever Impersonator,The List Reprints,cleverimpersonator
513177,5.82,5.99,4.87,Clock of Omens,The List Reprints,clockofomens
454130,4.53,3.99,3.74,Collector Ouphe,The List Reprints,collectorouphe
222470,9.95,11.99,8.15,Command Beacon,The List Reprints,commandbeacon
498570,4.55,4.99,4.67,Commandeer,The List Reprints,commandeer
533199,0.29,0.35,0.15,Consign // Oblivion,The List Reprints,consignoblivion
284318,12.61,14.99,10.370000000000001,Contamination,The List Reprints,contamination
513179,5.43,4.49,4.09,Counterbalance,The List Reprints,counterbalance
203064,4.47,3.49,3.5,Crop Rotation,The List Reprints,croprotation
583215,7.95,6.99,5.73,Crystal Vein,The List Reprints,crystalvein
204483,2.55,4.49,3.19,Curse of Opulence,The List Reprints,curseofopulence
582638,4.89,6.99,5.19,Dauthi Voidwalker,The List Reprints,dauthivoidwalker
203724,2.35,2.29,1.49,Daze,The List Reprints,daze
583183,0.14,0.35,0.15,Dead // Gone,The List Reprints,deadgone
526535,9.71,8.99,9.84,Deep Gnome Terramancer,The List Reprints,deepgnometerramancer
582654,0.19,0.35,0.15,Dimir House Guard,The List Reprints,dimirhouseguard
203653,5.95,4.49,4.15,Dismember,The List Reprints,dismember
203935,1.23,0.79,0.93,Dispel,The List Reprints,dispel
284325,7.26,5.99,5.29,Doomsday,The List Reprints,doomsday
275139,2.13,1.99,1.87,Dragon's Rage Channeler,The List Reprints,dragonsragechanneler
222509,0.37,0.69,0.25,Drift of Phantasms,The List Reprints,driftofphantasms
222404,4.97,3.99,3.9,Dryad Arbor,The List Reprints,dryadarbor
203668,0.32,0.35,0.15,Duress,The List Reprints,duress
498590,0.36,0.99,0.28,Dwarven Grunt,The List Reprints,dwarvengrunt
498589,12.17,9.49,7.16,Dwarven Bloodboiler,The List Reprints,dwarvenbloodboiler
210375,,,,Eidolon of Rhetoric,The List Reprints,eidolonofrhetoric
203250,3.6,5.49,3.12,Eldritch Evolution,The List Reprints,eldritchevolution
203257,4.37,4.49,4.07,Elves of Deep Shadow,The List Reprints,elvesofdeepshadow
222356,35.01,37.99,32.3,Enlightened Tutor,The List Reprints,enlightenedtutor
202931,5.86,6.49,6.68,Ephemerate,The List Reprints,ephemerate
526542,66.94,74.99,67.67,Esper Sentinel,The List Reprints,espersentinel
203960,0.19,0.35,0.15,Essence Scatter,The List Reprints,essencescatter
243612,1.68,,1.3,Expedition Map,The List Reprints,expeditionmap
631650,3.25,2.29,2.07,Fabled Passage,The List Reprints,fabledpassage
600042,0.87,0.79,0.78,Faeburrow Elder,The List Reprints,faeburrowelder
581292,0.36,0.69,0.34,Faerie Seer,The List Reprints,faerieseer
204237,1.12,1.29,0.5,Fatal Push,The List Reprints,fatalpush
203084,4.23,1.79,2.52,Felidar Guardian,The List Reprints,felidarguardian
203981,0.31,0.49,0.15,Flashfreeze,The List Reprints,flashfreeze
507552,13.75,8.99,7.8100000000000005,Flusterstorm,The List Reprints,flusterstorm
222141,47.78,34.99,45.83,Food Chain,The List Reprints,foodchain
600074,10.17,11.99,10.14,Forbidden Orchard,The List Reprints,forbiddenorchard
454153,9.08,9.99,8.84,Force of Vigor,The List Reprints,forceofvigor
582964,2.17,4.49,2.09,Fyndhorn Elves,The List Reprints,fyndhornelves
204544,2.08,2.99,2.18,Galvanic Blast,The List Reprints,galvanicblast
283823,17.75,20.99,17.78,Gamble,The List Reprints,gamble
243625,57.04,74.99,57.67,Gemstone Caverns,The List Reprints,gemstonecaverns
480153,6.88,7.49,5.65,Gitaxian Probe,The List Reprints,gitaxianprobe
229301,13.84,14.99,14.34,Giver of Runes,The List Reprints,giverofrunes
275344,9.99,10.99,10.09,Goblin Engineer,The List Reprints,goblinengineer
583113,0.67,1.49,0.52,God-Pharaoh's Statue,The List Reprints,godpharaohsstatue
240841,17.28,16.99,17.19,Grand Arbiter Augustin IV,The List Reprints,grandarbiteraugustiniv
204581,0.41,0.79,0.33,Grapeshot,The List Reprints,grapeshot
204259,1.69,2.49,1.03,Gravecrawler,The List Reprints,gravecrawler
204263,0.96,2.49,1.01,Gray Merchant of Asphodel,The List Reprints,graymerchantofasphodel
581324,0.44,1.29,0.41000000000000003,Gudul Lurker,The List Reprints,gudullurker
204014,3.53,3.99,3.2800000000000002,Gush,The List Reprints,gush
204623,5.38,8.99,4.99,Gut Shot,The List Reprints,gutshot
582720,0.2,0.35,0.15,Heartless Act,The List Reprints,heartlessact
492639,3.02,2.79,2.31,Hope of Ghirapur,The List Reprints,hopeofghirapur
693814,2.46,,2.44,Howlsquad Heavy,The List Reprints,howlsquadheavy
583018,0.98,2.29,1.02,Ignoble Hierarch,The List Reprints,ignoblehierarch
693879,0.54,,0.29,Impulsive Pilferer,The List Reprints,impulsivepilferer
533169,9.61,12.99,9.370000000000001,"Jace, Wielder of Mysteries",The List Reprints,jacewielderofmysteries
254586,18.61,19.99,17.71,Jet Medallion,The List Reprints,jetmedallion
454168,1.24,1.49,1.0,"K'rrik, Son of Yawgmoth",The List Reprints,krriksonofyawgmoth
275168,7.68,9.99,6.55,Kederekt Parasite,The List Reprints,kederektparasite
496199,14.92,17.99,15.89,"Kinnan, Bonder Prodigy",The List Reprints,kinnanbonderprodigy
275378,,,,"Krark, the Thumbless",The List Reprints,krarkthethumbless
222737,0.34,0.49,0.15,Light Up the Stage,The List Reprints,lightupthestage
203343,0.36,0.35,0.26,Lightning Helix,The List Reprints,lightninghelix
203419,0.42,0.99,0.41000000000000003,Llanowar Elves,The List Reprints,llanowarelves
631652,0.53,,0.55,Llanowar Wastes,The List Reprints,llanowarwastes
203001,37.74,42.99,35.42,Lotus Petal,The List Reprints,lotuspetal
248701,0.33,0.49,0.34,Loyal Apprentice,The List Reprints,loyalapprentice
235240,0.95,0.99,0.98,"Lukka, Coppercoat Outcast",The List Reprints,lukkacoppercoatoutcast
631632,2.63,,2.96,"Magda, Brazen Outlaw",The List Reprints,magdabrazenoutlaw
248726,5.27,5.99,5.3,Magus of the Moon,The List Reprints,magusofthemoon
204617,5.01,6.49,4.64,Manamorphose,The List Reprints,manamorphose
533995,1.37,2.29,1.19,Maskwood Nexus,The List Reprints,maskwoodnexus
210377,3.6,3.49,1.82,Memnite,The List Reprints,memnite
248666,27.95,29.99,27.7,"Mikaeus, the Unhallowed",The List Reprints,mikaeustheunhallowed
210357,,,,"Minamo, School at Water's Edge",The List Reprints,minamoschoolatwatersedge
235243,5.35,4.49,4.13,Mirrorpool,The List Reprints,mirrorpool
204076,14.59,16.99,12.24,Misdirection,The List Reprints,misdirection
203017,2.4,3.49,2.08,Mishra's Bauble,The List Reprints,mishrasbauble
581561,1.22,1.79,0.65,Mistblade Shinobi,The List Reprints,mistbladeshinobi
581626,0.39,1.49,0.2,Mothdust Changeling,The List Reprints,mothdustchangeling
275349,2.35,2.79,2.06,Muddle the Mixture,The List Reprints,muddlethemixture
631655,4.11,6.49,4.86,Mutavault,The List Reprints,mutavault
229326,24.14,21.99,20.82,Mystical Tutor,The List Reprints,mysticaltutor
581813,4.73,3.49,2.84,Narset's Reversal,The List Reprints,narsetsreversal
203444,1.25,1.49,1.03,Nature's Claim,The List Reprints,naturesclaim
222757,20.29,27.99,20.73,Necromancy,The List Reprints,necromancy
496244,5.27,5.49,4.83,Needleverge Pathway,The List Reprints,needlevergepathway
526554,9.8,12.99,9.39,"Nezahal, Primal Tide",The List Reprints,nezahalprimaltide
275386,,,,"Niv-Mizzet, Parun",The List Reprints,nivmizzetparun
583112,11.92,14.99,10.65,Noble Hierarch,The List Reprints,noblehierarch
254601,7.71,8.99,6.7700000000000005,Noxious Revival,The List Reprints,noxiousrevival
222763,55.67,69.99,57.61,"Nykthos, Shrine to Nyx",The List Reprints,nykthosshrinetonyx
284405,4.96,4.49,4.37,Obliterate,The List Reprints,obliterate
581986,12.21,13.99,10.870000000000001,Ophidian Eye,The List Reprints,ophidianeye
204105,0.27,0.49,0.18,Opt,The List Reprints,opt
284406,10.43,12.99,7.21,Orim's Chant,The List Reprints,orimschant
203029,0.33,0.69,0.31,Ornithopter,The List Reprints,ornithopter
583148,0.44,0.99,0.5,Ornithopter of Paradise,The List Reprints,ornithopterofparadise
222479,20.22,23.99,20.77,Pact of Negation,The List Reprints,pactofnegation
583150,8.52,10.99,7.41,Paradise Mantle,The List Reprints,paradisemantle
582777,3.38,4.49,2.18,Peer into the Abyss,The List Reprints,peerintotheabyss
581994,0.3,0.69,0.32,Peregrine Drake,The List Reprints,peregrinedrake
204122,3.69,4.99,2.86,Phyrexian Metamorph,The List Reprints,phyrexianmetamorph
284412,3.57,,1.6500000000000001,Phyrexian Walker,The List Reprints,phyrexianwalker
222448,32.15,44.99,40.06,Phyrexian Tower,The List Reprints,phyrexiantower
583403,0.19,0.35,0.15,Plundering Barbarian,The List Reprints,plunderingbarbarian
275351,3.87,3.99,4.0600000000000005,Ponder,The List Reprints,ponder
210443,,,,Pyretic Ritual,The List Reprints,pyreticritual
262920,0.55,2.49,0.6,Pyroclasm,The List Reprints,pyroclasm
583411,1.66,3.49,2.08,Pyrokinesis,The List Reprints,pyrokinesis
582828,6.7,9.49,4.86,Rain of Filth,The List Reprints,rainoffilth
533194,37.73,54.99,39.83,Ranger-Captain of Eos,The List Reprints,rangercaptainofeos
204763,0.51,0.79,0.31,Reality Scramble,The List Reprints,realityscramble
582348,10.1,13.99,8.120000000000001,Reanimate,The List Reprints,reanimate
204764,1.0,0.99,0.51,Reckless Fireweaver,The List Reprints,recklessfireweaver
583169,1.5,2.29,1.3,Relic of Legends,The List Reprints,relicoflegends
222471,2.48,2.99,2.54,Rest in Peace,The List Reprints,restinpeace
204133,0.37,0.69,0.3,Retraction Helix,The List Reprints,retractionhelix
204134,71.9,74.99,65.68,Rhystic Study,The List Reprints,rhysticstudy
583425,0.41,0.49,0.2,Ricochet Trap,The List Reprints,ricochettrap
229334,12.39,11.99,12.76,Rite of Flame,The List Reprints,riteofflame
454421,2.24,1.99,1.3800000000000001,Saheeli Rai,The List Reprints,saheelirai
507586,0.54,0.49,0.78,Scavenging Ooze,The List Reprints,scavengingooze
222489,33.85,44.99,40.39,Scroll Rack,The List Reprints,scrollrack
492687,19.8,27.99,19.79,Sea of Clouds,The List Reprints,seaofclouds
203506,6.56,,3.86,"Selvala, Heart of the Wilds",The List Reprints,selvalaheartofthewilds
262929,44.46,54.99,41.15,Sensei's Divining Top,The List Reprints,senseisdiviningtop
512079,30.18,29.99,29.17,Serra Ascendant,The List Reprints,serraascendant
254611,14.77,18.99,14.25,"Shinka, the Bloodsoaked Keep",The List Reprints,shinkathebloodsoakedkeep
275359,0.93,0.99,0.8300000000000001,Shivan Reef,The List Reprints,shivanreef
204651,0.22,0.35,0.15,Shock,The List Reprints,shock
248718,11.09,8.99,7.43,"Sidisi, Undead Vizier",The List Reprints,sidisiundeadvizier
243622,8.78,11.99,9.16,Silence,The List Reprints,silence
583188,0.5,0.99,0.36,Signal Pest,The List Reprints,signalpest
222142,4.33,3.99,3.49,Simian Spirit Guide,The List Reprints,simianspiritguide
496170,2.54,2.79,2.34,"Sisay, Weatherlight Captain",The List Reprints,sisayweatherlightcaptain
582615,0.32,1.29,0.32,Siren Stormtamer,The List Reprints,sirenstormtamer
582860,0.36,1.29,0.17,Skirge Familiar,The List Reprints,skirgefamiliar
582867,0.38,0.49,0.15,Skullsnatcher,The List Reprints,skullsnatcher
583192,0.6,1.49,0.45,Smuggler's Copter,The List Reprints,smugglerscopter
248712,18.06,18.99,20.82,Snapcaster Mage,The List Reprints,snapcastermage
533196,0.83,1.29,0.54,Spell Snare,The List Reprints,spellsnare
262937,1.09,0.99,0.62,Spirit of the Labyrinth,The List Reprints,spiritofthelabyrinth
248708,0.69,,0.29,Stitcher's Supplier,The List Reprints,stitcherssupplier
582671,3.79,4.99,3.13,Submerge,The List Reprints,submerge
583286,0.34,1.49,0.48,Survivors' Encampment,The List Reprints,survivorsencampment
203522,0.35,0.59,0.25,Sylvan Scrying,The List Reprints,sylvanscrying
275367,5.14,3.49,3.4,Talisman of Creativity,The List Reprints,talismanofcreativity
204180,1.27,1.29,0.64,Tandem Lookout,The List Reprints,tandemlookout
275393,,,,Tavern Scoundrel,The List Reprints,tavernscoundrel
204183,4.46,5.49,3.59,Temporal Mastery,The List Reprints,temporalmastery
454187,8.76,8.49,6.0,"Tevesh Szat, Doom of Fools",The List Reprints,teveshszatdoomoffools
513273,28.39,29.99,28.64,The Meathook Massacre,The List Reprints,themeathookmassacre
262949,14.65,,14.73,Thousand-Year Elixir,The List Reprints,thousandyearelixir
203078,4.82,5.49,4.22,Thran Dynamo,The List Reprints,thrandynamo
507595,2.81,2.99,2.2800000000000002,Throat Slitter,The List Reprints,throatslitter
204588,7.57,9.49,7.55,Time Sieve,The List Reprints,timesieve
275372,17.82,23.99,17.740000000000002,Training Center,The List Reprints,trainingcenter
222561,7.71,12.99,8.22,Training Grounds,The List Reprints,traininggrounds
526567,3.49,3.49,2.91,Treasure Vault,The List Reprints,treasurevault
240882,63.38,74.99,61.89,"Urborg, Tomb of Yawgmoth",The List Reprints,urborgtombofyawgmoth
454197,41.88,54.99,41.230000000000004,Urza's Saga,The List Reprints,urzassaga
254575,63.19,59.99,59.96,Vampiric Tutor,The List Reprints,vampirictutor
240883,6.75,6.49,4.68,Veil of Summer,The List Reprints,veilofsummer
222611,4.05,4.49,3.94,Vesuva,The List Reprints,vesuva
583322,0.22,0.49,0.17,Wall of Roots,The List Reprints,wallofroots
204599,3.49,,3.81,Wargate,The List Reprints,wargate
204213,6.64,7.49,5.3500000000000005,Whir of Invention,The List Reprints,whirofinvention
582788,4.92,7.99,5.21,Windfall,The List Reprints,windfall
526569,17.99,11.99,9.370000000000001,Xorn,The List Reprints,xorn
631662,0.41,1.29,0.26,Yavimaya Coast,The List Reprints,yavimayacoast
583338,0.19,0.35,0.15,Young Wolf,The List Reprints,youngwolf
204606,3.71,2.99,2.4,"Yuriko, the Tiger's Shadow",The List Reprints,yurikothetigersshadow
658357,1.05,2.29,1.21,"Carnage, Crimson Chaos",Play Promos,carnagecrimsonchaos
658360,73.74,99.99,78.15,Spectacular Spider-Man,Play Promos,spectacularspiderman
660652,41.33,42.99,44.46,Day of Black Sun,Unique and Miscellaneous Promos,dayofblacksun
169796,,,,Flooded Strand,Unique and Miscellaneous Promos,floodedstrand
650783,29.39,23.99,27.42,Get Lost,Unique and Miscellaneous Promos,getlost
660650,0.54,0.49,0.28,Gran-Gran,Unique and Miscellaneous Promos,grangran
251640,0.4,0.59,0.4,Hidden Strings,Unique and Miscellaneous Promos,hiddenstrings
660500,,,,"Momo, Friendly Flier",Unique and Miscellaneous Promos,momofriendlyflier
701596,,,,Sazh's Chocobo,Unique and Miscellaneous Promos,sazhschocobo
608001,95.29,159.99,118.05,Terror of the Peaks,Unique and Miscellaneous Promos,terrorofthepeaks
251639,0.17,0.39,0.15,Wild Slash,Unique and Miscellaneous Promos,wildslash
282013,,,,"Yuriko, the Tiger's Shadow",Unique and Miscellaneous Promos,yurikothetigersshadow
60147,,,,Avacyn's Pilgrim,FNM Promos,avacynspilgrim
38073,,,,Brainstorm,FNM Promos,brainstorm
38063,,,,Carrion Feeder,FNM Promos,carrionfeeder
121361,,,,Crumbling Vestige,FNM Promos,crumblingvestige
95916,,,,Disdainful Stroke,FNM Promos,disdainfulstroke
58137,,,,Dismember,FNM Promos,dismember
38091,,,,Duress,FNM Promos,duress
38092,,,,Elves of Deep Shadow,FNM Promos,elvesofdeepshadow
79220,,,,Elvish Mystic,FNM Promos,elvishmystic
38095,,,,Eternal Witness,FNM Promos,eternalwitness
144780,,,,Fatal Push,FNM Promos,fatalpush
67404,,,,Gitaxian Probe,FNM Promos,gitaxianprobe
38106,,,,Goblin Bombardment,FNM Promos,goblinbombardment
182126,,,,Light Up the Stage,FNM Promos,lightupthestage
38124,,,,Llanowar Elves,FNM Promos,llanowarelves
164093,,,,Opt,FNM Promos,opt
98396,,,,Path to Exile,FNM Promos,pathtoexile
38144,,,,Reanimate,FNM Promos,reanimate
38153,,,,Shock,FNM Promos,shock
38163,,,,Swords to Plowshares,FNM Promos,swordstoplowshares
118778,,,,Sylvan Scrying,FNM Promos,sylvanscrying
38172,,,,Wall of Roots,FNM Promos,wallofroots
220128,,,,Chord of Calling,Launch Party & Release Event Promos,chordofcalling
39455,,,,Phyrexian Metamorph,Launch Party & Release Event Promos,phyrexianmetamorph
38425,,,,Sudden Shock,Launch Party & Release Event Promos,suddenshock
164074,,,,Noble Hierarch,Pro Tour Promos,noblehierarch
278719,71.48,69.99,66.68,"Nykthos, Shrine to Nyx",Pro Tour Promos,nykthosshrinetonyx
562024,0.72,0.49,0.3,Sleight of Hand,Pro Tour Promos,sleightofhand
114834,,,,Snapcaster Mage,Pro Tour Promos,snapcastermage
38409,,,,Chrome Mox,Grand Prix Promos,chromemox
169683,,,,Forest,Grand Prix Promos,forest
67398,,,,Lotus Cobra,Grand Prix Promos,lotuscobra
169684,,,,Island,Grand Prix Promos,island
39330,,,,Maelstrom Pulse,Grand Prix Promos,maelstrompulse
169686,,,,Plains,Grand Prix Promos,plains
155854,,,,Mutavault,Grand Prix Promos,mutavault
169685,,,,Mountain,Grand Prix Promos,mountain
169687,,,,Swamp,Grand Prix Promos,swamp
691686,12.72,,13.16,Abrupt Decay,Secret Lair Drop Series,abruptdecay
545631,9.57,8.99,9.63,Aether Vial,Secret Lair Drop Series,aethervial
227662,,,,Amulet of Vigor,Secret Lair Drop Series,amuletofvigor
517720,6.23,7.99,4.92,"Aminatou, the Fateshifter",Secret Lair Drop Series,aminatouthefateshifter
656599,45.46,54.99,41.65,Animate Dead,Secret Lair Drop Series,animatedead
625091,32.82,29.99,26.05,"Ashaya, Soul of the Wild",Secret Lair Drop Series,ashayasoulofthewild
273641,15.89,10.99,14.89,Balthor the Defiled,Secret Lair Drop Series,balthorthedefiled
689922,,,,Beseech the Mirror,Secret Lair Drop Series,beseechthemirror
677421,12.98,15.99,11.26,Beseech the Queen,Secret Lair Drop Series,beseechthequeen
237582,12.42,12.99,12.47,Blood Crypt,Secret Lair Drop Series,bloodcrypt
662626,11.26,13.99,9.35,Blood Moon,Secret Lair Drop Series,bloodmoon
517838,7.45,7.99,5.72,Blooming Marsh,Secret Lair Drop Series,bloomingmarsh
242375,39.86,29.99,36.47,Bloom Tender,Secret Lair Drop Series,bloomtender
659483,10.73,12.99,11.84,Borne Upon a Wind,Secret Lair Drop Series,borneuponawind
695490,18.24,,17.55,"Boseiju, Who Shelters All",Secret Lair Drop Series,boseijuwhosheltersall
517843,6.31,8.99,6.54,Botanical Sanctum,Secret Lair Drop Series,botanicalsanctum
267835,17.9,18.99,17.18,Brain Freeze,Secret Lair Drop Series,brainfreeze
237578,12.48,14.99,13.46,Breeding Pool,Secret Lair Drop Series,breedingpool
693443,7.95,12.99,9.28,Breath of Fury,Secret Lair Drop Series,breathoffury
663024,18.42,24.99,19.12,Burnt Offering,Secret Lair Drop Series,burntoffering
247355,13.14,18.99,12.86,Carpet of Flowers,Secret Lair Drop Series,carpetofflowers
662617,18.22,32.99,19.19,Chain of Vapor,Secret Lair Drop Series,chainofvapor
700799,6.92,,5.99,Chaos Warp,Secret Lair Drop Series,chaoswarp
625062,19.75,24.99,23.57,Clever Impersonator,Secret Lair Drop Series,cleverimpersonator
273616,11.95,14.99,11.63,Collector Ouphe,Secret Lair Drop Series,collectorouphe
545256,13.02,11.99,11.33,Command Beacon,Secret Lair Drop Series,commandbeacon
517831,6.69,8.49,6.46,Concealed Courtyard,Secret Lair Drop Series,concealedcourtyard
625043,25.15,18.99,22.990000000000002,Culling the Weak,Secret Lair Drop Series,cullingtheweak
282296,,,,Curiosity,Secret Lair Drop Series,curiosity
689839,,,,Dark Petition,Secret Lair Drop Series,darkpetition
578474,15.65,16.99,13.8,Dauthi Voidwalker,Secret Lair Drop Series,dauthivoidwalker
623047,7.47,7.99,6.24,Daze,Secret Lair Drop Series,daze
625928,26.46,24.99,26.740000000000002,Deadly Rollick,Secret Lair Drop Series,deadlyrollick
480556,16.25,19.99,17.67,Deafening Silence,Secret Lair Drop Series,deafeningsilence
693571,7.52,9.99,7.140000000000001,Deathrite Shaman,Secret Lair Drop Series,deathriteshaman
456657,28.18,24.99,25.75,Demonic Consultation,Secret Lair Drop Series,demonicconsultation
656537,109.76,119.99,114.62,Demonic Tutor,Secret Lair Drop Series,demonictutor
617964,83.88,109.99,83.36,Deflecting Swat,Secret Lair Drop Series,deflectingswat
251750,11.58,9.99,11.03,Dismember,Secret Lair Drop Series,dismember
677479,65.63,49.99,62.5,Displacer Kitten,Secret Lair Drop Series,displacerkitten
456598,23.67,20.99,23.69,Dramatic Reversal,Secret Lair Drop Series,dramaticreversal
677189,18.73,23.99,23.96,Dryad Arbor,Secret Lair Drop Series,dryadarbor
259299,6.74,7.99,5.5200000000000005,Duress,Secret Lair Drop Series,duress
514493,16.15,13.99,18.18,Eldritch Evolution,Secret Lair Drop Series,eldritchevolution
555457,17.12,27.99,19.01,Elves of Deep Shadow,Secret Lair Drop Series,elvesofdeepshadow
625093,11.43,11.99,12.43,Elvish Reclaimer,Secret Lair Drop Series,elvishreclaimer
653127,8.56,8.99,8.42,Ephemerate,Secret Lair Drop Series,ephemerate
496132,,,,"Esika, God of the Tree",Secret Lair Drop Series,esikagodofthetree
646790,7.63,9.49,7.99,Ethersworn Canonist,Secret Lair Drop Series,ethersworncanonist
663414,4.66,7.99,4.89,Expedition Map,Secret Lair Drop Series,expeditionmap
480523,35.66,37.99,34.160000000000004,Exotic Orchard,Secret Lair Drop Series,exoticorchard
514488,14.28,10.99,14.58,Faeburrow Elder,Secret Lair Drop Series,faeburrowelder
537717,26.99,29.99,27.3,Felidar Guardian,Secret Lair Drop Series,felidarguardian
452820,12.0,10.99,10.84,Fellwar Stone,Secret Lair Drop Series,fellwarstone
587185,63.58,84.99,64.83,Fierce Guardianship,Secret Lair Drop Series,fierceguardianship
617875,18.07,29.99,21.54,Final Fortune,Secret Lair Drop Series,finalfortune
514475,50.6,39.99,44.01,Food Chain,Secret Lair Drop Series,foodchain
623037,11.06,,10.43,Force of Despair,Secret Lair Drop Series,forceofdespair
662641,14.6,21.99,15.89,Force of Vigor,Secret Lair Drop Series,forceofvigor
588009,4.94,5.99,5.04,Galvanic Blast,Secret Lair Drop Series,galvanicblast
237594,36.41,37.99,36.1,Gamble,Secret Lair Drop Series,gamble
251770,13.49,10.99,11.08,Gavony Township,Secret Lair Drop Series,gavonytownship
501882,23.07,29.99,26.14,Geier Reach Sanitarium,Secret Lair Drop Series,geierreachsanitarium
528172,16.28,24.99,18.34,Giver of Runes,Secret Lair Drop Series,giverofrunes
646791,16.16,18.99,20.62,Goblin Engineer,Secret Lair Drop Series,goblinengineer
232587,7.83,10.99,8.33,Goblin Rabblemaster,Secret Lair Drop Series,goblinrabblemaster
550812,21.9,23.99,25.51,Goblin Welder,Secret Lair Drop Series,goblinwelder
237580,12.62,16.99,13.040000000000001,Godless Shrine,Secret Lair Drop Series,godlessshrine
251756,16.18,19.99,15.88,Grafdigger's Cage,Secret Lair Drop Series,grafdiggerscage
493989,30.38,32.99,31.35,Grand Abolisher,Secret Lair Drop Series,grandabolisher
693221,,,,Grapeshot,Secret Lair Drop Series,grapeshot
251785,39.1,37.99,38.49,Gravecrawler,Secret Lair Drop Series,gravecrawler
251801,31.68,37.99,34.5,Great Furnace,Secret Lair Drop Series,greatfurnace
237577,9.86,12.99,9.48,Hallowed Fountain,Secret Lair Drop Series,hallowedfountain
656842,21.56,20.99,23.35,Hullbreaker Horror,Secret Lair Drop Series,hullbreakerhorror
267859,18.3,22.99,19.69,Idyllic Tutor,Secret Lair Drop Series,idyllictutor
536813,31.32,22.99,29.16,"Jace, Wielder of Mysteries",Secret Lair Drop Series,jacewielderofmysteries
247337,13.1,19.99,14.11,"Karn, the Great Creator",Secret Lair Drop Series,karnthegreatcreator
643701,16.91,21.99,16.67,Knuckles the Echidna,Secret Lair Drop Series,knucklestheechidna
537386,8.68,7.99,8.85,"Krark, the Thumbless",Secret Lair Drop Series,krarkthethumbless
282298,,,,Last Chance,Secret Lair Drop Series,lastchance
689923,,,,Light Up the Stage,Secret Lair Drop Series,lightupthestage
493994,34.89,29.99,36.25,"Linvala, Keeper of Silence",Secret Lair Drop Series,linvalakeeperofsilence
480530,45.02,32.99,41.68,Lotus Cobra,Secret Lair Drop Series,lotuscobra
550272,8.88,,8.44,"Magda, Brazen Outlaw",Secret Lair Drop Series,magdabrazenoutlaw
578475,6.42,7.99,5.13,Magus of the Moon,Secret Lair Drop Series,magusofthemoon
279273,53.81,57.99,55.21,Mana Confluence,Secret Lair Drop Series,manaconfluence
242367,12.75,13.99,10.0,Metallic Mimic,Secret Lair Drop Series,metallicmimic
279213,33.21,27.99,34.58,"Mikaeus, the Unhallowed",Secret Lair Drop Series,mikaeustheunhallowed
493988,5.37,2.99,5.5600000000000005,Muddle the Mixture,Secret Lair Drop Series,muddlethemixture
259211,31.88,27.99,30.79,Mystical Tutor,Secret Lair Drop Series,mysticaltutor
662619,10.33,11.99,9.44,Nature's Claim,Secret Lair Drop Series,naturesclaim
599999,13.77,13.99,10.97,Mystic Remora,Secret Lair Drop Series,mysticremora
221002,11.17,9.49,10.4,Necrotic Ooze,Secret Lair Drop Series,necroticooze
691928,8.83,7.49,9.23,Notion Thief,Secret Lair Drop Series,notionthief
514491,21.27,29.99,25.310000000000002,Noxious Revival,Secret Lair Drop Series,noxiousrevival
247890,,,,Ornithopter,Secret Lair Drop Series,ornithopter
237584,17.59,17.99,14.870000000000001,Overgrown Tomb,Secret Lair Drop Series,overgrowntomb
480504,37.51,34.99,38.24,Paradise Mantle,Secret Lair Drop Series,paradisemantle
537718,16.77,21.99,23.740000000000002,Peregrine Drake,Secret Lair Drop Series,peregrinedrake
578473,9.94,10.99,9.34,Phyrexian Metamorph,Secret Lair Drop Series,phyrexianmetamorph
214887,3.31,3.99,3.31,Pithing Needle,Secret Lair Drop Series,pithingneedle
267881,15.98,16.99,14.07,Praetor's Grasp,Secret Lair Drop Series,praetorsgrasp
550296,17.27,22.99,17.900000000000002,Professional Face-Breaker,Secret Lair Drop Series,professionalfacebreaker
696856,25.22,,26.82,Prismatic Vista,Secret Lair Drop Series,prismaticvista
283341,53.04,37.99,50.7,Pyretic Ritual,Secret Lair Drop Series,pyreticritual
537187,28.93,34.99,30.67,Rain of Filth,Secret Lair Drop Series,rainoffilth
251783,16.78,23.99,14.58,"Razaketh, the Foulblooded",Secret Lair Drop Series,razakeththefoulblooded
701547,,,13.530000000000001,Relic of Legends,Secret Lair Drop Series,relicoflegends
221332,10.82,19.99,10.15,Rest in Peace,Secret Lair Drop Series,restinpeace
701532,11.18,5.49,11.68,Return the Favor,Secret Lair Drop Series,returnthefavor
273625,29.3,24.99,29.310000000000002,"Rograkh, Son of Rohgahh",Secret Lair Drop Series,rograkhsonofrohgahh
693223,,,,Roaming Throne,Secret Lair Drop Series,roamingthrone
537385,41.84,42.99,41.480000000000004,Sakashima of a Thousand Faces,Secret Lair Drop Series,sakashimaofathousandfaces
237586,14.35,17.99,13.16,Sacred Foundry,Secret Lair Drop Series,sacredfoundry
247353,3.03,2.79,2.67,Sanctum Prelate,Secret Lair Drop Series,sanctumprelate
625940,5.49,7.49,5.19,Saw in Half,Secret Lair Drop Series,sawinhalf
221011,6.81,8.49,6.390000000000001,Scavenging Ooze,Secret Lair Drop Series,scavengingooze
251799,30.82,37.99,31.52,Seat of the Synod,Secret Lair Drop Series,seatofthesynod
456654,41.59,32.99,43.54,Serra Ascendant,Secret Lair Drop Series,serraascendant
695483,20.27,,19.8,Sheltered by Ghosts,Secret Lair Drop Series,shelteredbyghosts
702344,2.87,2.79,2.02,Shoot the Sheriff,Secret Lair Drop Series,shootthesheriff
537183,39.25,57.99,46.87,Simian Spirit Guide,Secret Lair Drop Series,simianspiritguide
247356,6.79,4.99,3.9,Sire of Insanity,Secret Lair Drop Series,sireofinsanity
273620,9.13,5.49,8.33,"Sisay, Weatherlight Captain",Secret Lair Drop Series,sisayweatherlightcaptain
617842,5.21,,6.24,Smuggler's Copter,Secret Lair Drop Series,smugglerscopter
267839,24.79,21.99,25.810000000000002,Snap,Secret Lair Drop Series,snap
456627,23.13,29.99,23.39,Spellseeker,Secret Lair Drop Series,spellseeker
545340,12.79,11.99,12.18,Sphere of Resistance,Secret Lair Drop Series,sphereofresistance
517833,20.48,22.99,17.7,Spirebluff Canal,Secret Lair Drop Series,spirebluffcanal
237583,22.0,20.99,20.23,Steam Vents,Secret Lair Drop Series,steamvents
237585,10.23,15.99,10.43,Stomping Ground,Secret Lair Drop Series,stompingground
691932,19.06,,20.21,Storm-Kiln Artist,Secret Lair Drop Series,stormkilnartist
565206,9.73,10.99,9.120000000000001,Stranglehold,Secret Lair Drop Series,stranglehold
646821,21.28,27.99,22.77,Sylvan Safekeeper,Secret Lair Drop Series,sylvansafekeeper
689838,,,,Talisman of Indulgence,Secret Lair Drop Series,talismanofindulgence
237579,8.46,10.99,8.58,Temple Garden,Secret Lair Drop Series,templegarden
247357,10.33,9.99,10.77,"Teferi, Time Raveler",Secret Lair Drop Series,teferitimeraveler
656601,8.66,9.49,8.3,Temporal Trespass,Secret Lair Drop Series,temporaltrespass
691920,18.84,,18.66,Terror of the Peaks,Secret Lair Drop Series,terrorofthepeaks
514518,25.36,32.99,29.62,"Tevesh Szat, Doom of Fools",Secret Lair Drop Series,teveshszatdoomoffools
209997,,,,"Thalia, Guardian of Thraben",Secret Lair Drop Series,thaliaguardianofthraben
493980,121.11,119.99,109.41,Thassa's Oracle,Secret Lair Drop Series,thassasoracle
583897,19.51,22.99,20.82,Time Sieve,Secret Lair Drop Series,timesieve
545336,30.42,47.99,34.6,Trinisphere,Secret Lair Drop Series,trinisphere
617983,49.35,54.99,51.45,"Veyran, Voice of Duality",Secret Lair Drop Series,veyranvoiceofduality
514506,15.34,11.99,15.83,Vial Smasher the Fierce,Secret Lair Drop Series,vialsmasherthefierce
537169,18.77,21.99,19.78,"Vilis, Broker of Blood",Secret Lair Drop Series,vilisbrokerofblood
242361,26.91,29.99,25.13,Wasteland,Secret Lair Drop Series,wasteland
237581,13.11,15.99,12.5,Watery Grave,Secret Lair Drop Series,waterygrave
242402,9.04,10.99,9.27,Whir of Invention,Secret Lair Drop Series,whirofinvention
656724,24.36,,28.650000000000002,Windfall,Secret Lair Drop Series,windfall
695488,33.16,,40.410000000000004,Witch Enchanter,Secret Lair Drop Series,witchenchanter
535918,,,,"Yoshimaru, Ever Faithful",Secret Lair Drop Series,yoshimarueverfaithful
625047,4.19,4.49,4.15,Young Wolf,Secret Lair Drop Series,youngwolf
663126,,,,"Aang, Swift Savior",Prerelease Cards,aangswiftsavior
663144,,,,Abandoned Air Temple,Prerelease Cards,abandonedairtemple
580655,,,,Abhorrent Oculus,Prerelease Cards,abhorrentoculus
223242,,,,Agadeem's Awakening,Prerelease Cards,agadeemsawakening
514398,,,,Agatha's Soul Cauldron,Prerelease Cards,agathassoulcauldron
663145,,,,Agna Qel'a,Prerelease Cards,agnaqela
663091,,,,Airbender Ascension,Prerelease Cards,airbenderascension
554265,,,,"Ajani, Nacatl Pariah",Prerelease Cards,ajaninacatlpariah
481556,,,,All Will Be One,Prerelease Cards,allwillbeone
146052,,,,Angrath's Marauders,Prerelease Cards,angrathsmarauders
284231,,,,Anointed Peacekeeper,Prerelease Cards,anointedpeacekeeper
237092,,,,Archmage Emeritus,Prerelease Cards,archmageemeritus
274428,,,,Archivist of Oghma,Prerelease Cards,archivistofoghma
223180,,,,Archon of Emeria,Prerelease Cards,archonofemeria
635773,,,,"Ardyn, the Usurper",Prerelease Cards,ardyntheusurper
554255,,,,Arena of Glory,Prerelease Cards,arenaofglory
241428,,,,Arid Mesa,Prerelease Cards,aridmesa
189512,,,,"Ashiok, Dream Render",Prerelease Cards,ashiokdreamrender
223475,,,,"Ashaya, Soul of the Wild",Prerelease Cards,ashayasoulofthewild
244527,,,,Asmodeus the Archfiend,Prerelease Cards,asmodeusthearchfiend
663092,,,,Avatar's Wrath,Prerelease Cards,avatarswrath
546087,,,,Aven Interrupter,Prerelease Cards,aveninterrupter
130617,,,,Aven Mindcensor,Prerelease Cards,avenmindcensor
625826,,,,Awaken the Honored Dead,Prerelease Cards,awakenthehonoreddead
663146,,,,Ba Sing Se,Prerelease Cards,basingse
663082,,,,Badgermole Cub,Prerelease Cards,badgermolecub
237100,,,,Baleful Mastery,Prerelease Cards,balefulmastery
454105,,,,Battlefield Forge,Prerelease Cards,battlefieldforge
514393,,,,Beseech the Mirror,Prerelease Cards,beseechthemirror
561012,,,,"Beza, the Bounding Spring",Prerelease Cards,bezatheboundingspring
231585,,,,"Birgi, God of Storytelling",Prerelease Cards,birgigodofstorytelling
183991,,,,Biomancer's Familiar,Prerelease Cards,biomancersfamiliar
237165,,,,Blade Historian,Prerelease Cards,bladehistorian
580702,,,,Blazemire Verge,Prerelease Cards,blazemireverge
616815,,,,Bleachbone Verge,Prerelease Cards,bleachboneverge
231626,,,,Blightstep Pathway,Prerelease Cards,blightsteppathway
616759,,,,Bloodghast,Prerelease Cards,bloodghast
554256,,,,Bloodstained Mire,Prerelease Cards,bloodstainedmire
593242,,,,Bloodthirsty Conqueror,Prerelease Cards,bloodthirstyconqueror
514364,,,,Blossoming Tortoise,Prerelease Cards,blossomingtortoise
189504,,,,Bolas's Citadel,Prerelease Cards,bolasscitadel
501346,,,,Borne Upon a Wind,Prerelease Cards,borneuponawind
263174,,,,"Boseiju, Who Endures",Prerelease Cards,boseijuwhoendures
501345,,,,"Boromir, Warden of the Tower",Prerelease Cards,boromirwardenofthetower
284257,,,,"Braids, Arisen Nightmare",Prerelease Cards,braidsarisennightmare
645448,,,,Breeding Pool,Prerelease Cards,breedingpool
616788,,,,Brightglass Gearhulk,Prerelease Cards,brightglassgearhulk
526798,,,,Bringer of the Last Gift,Prerelease Cards,bringerofthelastgift
616769,,,,Burnout Bashtronaut,Prerelease Cards,burnoutbashtronaut
653485,,,,"Carnage, Crimson Chaos",Prerelease Cards,carnagecrimsonchaos
199935,,,,Castle Garenbrig,Prerelease Cards,castlegarenbrig
526784,,,,Cavern of Souls,Prerelease Cards,cavernofsouls
635774,,,,"Cecil, Dark Knight",Prerelease Cards,cecildarkknight
194061,,,,"Chandra, Awakened Inferno",Prerelease Cards,chandraawakenedinferno
526805,,,,"Chimil, the Inner Sun",Prerelease Cards,chimiltheinnersun
217338,,,,Chromatic Orrery,Prerelease Cards,chromaticorrery
625800,,,,Clarion Conqueror,Prerelease Cards,clarionconqueror
130624,,,,Combat Celebrant,Prerelease Cards,combatcelebrant
223209,,,,Confounding Conundrum,Prerelease Cards,confoundingconundrum
645388,,,,Consult the Star Charts,Prerelease Cards,consultthestarcharts
625852,,,,Cori Mountain Monastery,Prerelease Cards,corimountainmonastery
645379,,,,Cosmogrand Zenith,Prerelease Cards,cosmograndzenith
231573,,,,Crippling Fear,Prerelease Cards,cripplingfear
116859,,,,Cryptolith Rite,Prerelease Cards,cryptolithrite
237168,,,,Culling Ritual,Prerelease Cards,cullingritual
100588,,,,Dark Petition,Prerelease Cards,darkpetition
241444,,,,Dauthi Voidwalker,Prerelease Cards,dauthivoidwalker
561014,,,,Dawn's Truce,Prerelease Cards,dawnstruce
663105,,,,Day of Black Sun,Prerelease Cards,dayofblacksun
593176,,,,Day of Judgment,Prerelease Cards,dayofjudgment
536495,,,,Deadly Cover-Up,Prerelease Cards,deadlycoverup
255196,,,,Deathcap Glade,Prerelease Cards,deathcapglade
536332,,,,"Delney, Streetwise Lookout",Prerelease Cards,delneystreetwiselookout
454038,,,,Diabolic Intent,Prerelease Cards,diabolicintent
554252,,,,Disruptor Flute,Prerelease Cards,disruptorflute
274448,,,,Displacer Kitten,Prerelease Cards,displacerkitten
580675,,,,Doomsday Excruciator,Prerelease Cards,doomsdayexcruciator
625783,,,,Dracogenesis,Prerelease Cards,dracogenesis
214144,,,,Drannith Magistrate,Prerelease Cards,drannithmagistrate
255197,,,,Dreamroot Cascade,Prerelease Cards,dreamrootcascade
546089,,,,Dust Animus,Prerelease Cards,dustanimus
645429,,,,"Dyadrine, Synthesis Amalgam",Prerelease Cards,dyadrinesynthesisamalgam
663121,,,,Earthbender Ascension,Prerelease Cards,earthbenderascension
526750,,,,Echoing Deeps,Prerelease Cards,echoingdeeps
263472,,,,"Eiganjo, Seat of the Empire",Prerelease Cards,eiganjoseatoftheempire
120728,,,,Eldritch Evolution,Prerelease Cards,eldritchevolution
625779,,,,"Elspeth, Storm Slayer",Prerelease Cards,elspethstormslayer
194060,,,,Elvish Reclaimer,Prerelease Cards,elvishreclaimer
561049,,,,Emberheart Challenger,Prerelease Cards,emberheartchallenger
241449,,,,Endurance,Prerelease Cards,endurance
580663,,,,Enduring Curiosity,Prerelease Cards,enduringcuriosity
580677,,,,Enduring Tenacity,Prerelease Cards,enduringtenacity
580688,,,,Enduring Vitality,Prerelease Cards,enduringvitality
580652,,,,Enduring Innocence,Prerelease Cards,enduringinnocence
284352,,,,Ertai Resurrected,Prerelease Cards,ertairesurrected
635804,,,,Esper Origins,Prerelease Cards,esperorigins
241450,,,,Esper Sentinel,Prerelease Cards,espersentinel
231598,,,,"Esika, God of the Tree",Prerelease Cards,esikagodofthetree
593184,,,,Extravagant Replication,Prerelease Cards,extravagantreplication
199925,,,,Faeburrow Elder,Prerelease Cards,faeburrowelder
492913,,,,Faerie Mastermind,Prerelease Cards,faeriemastermind
561091,,,,Fabled Passage,Prerelease Cards,fabledpassage
645419,,,,Famished Worldsire,Prerelease Cards,famishedworldsire
625830,,,,"Felothar, Dawn of the Abzan",Prerelease Cards,felothardawnoftheabzan
194045,,,,Field of the Dead,Prerelease Cards,fieldofthedead
189545,,,,Finale of Devastation,Prerelease Cards,finaleofdevastation
554208,,,,Flare of Denial,Prerelease Cards,flareofdenial
554227,,,,Flare of Duplication,Prerelease Cards,flareofduplication
554217,,,,Flare of Malice,Prerelease Cards,flareofmalice
554257,,,,Flooded Strand,Prerelease Cards,floodedstrand
580703,,,,Floodfarm Verge,Prerelease Cards,floodfarmverge
120732,,,,Geier Reach Sanitarium,Prerelease Cards,geierreachsanitarium
526766,,,,Get Lost,Prerelease Cards,getlost
580700,,,,Ghost Vacuum,Prerelease Cards,ghostvacuum
217331,,,,Ghostly Pilferer,Prerelease Cards,ghostlypilferer
561079,,,,"Glarb, Calamity's Augur",Prerelease Cards,glarbcalamitysaugur
194055,,,,Glint-Horn Buccaneer,Prerelease Cards,glinthornbuccaneer
580704,,,,Gloomlake Verge,Prerelease Cards,gloomlakeverge
645450,,,,Godless Shrine,Prerelease Cards,godlessshrine
194059,,,,Grafdigger's Cage,Prerelease Cards,grafdiggerscage
217353,,,,Grim Tutor,Prerelease Cards,grimtutor
514428,,,,Gumdrop Poisoner,Prerelease Cards,gumdroppoisoner
645381,,,,"Haliya, Guided by Light",Prerelease Cards,haliyaguidedbylight
241470,,,,Harmonic Prodigy,Prerelease Cards,harmonicprodigy
593185,,,,High Fae Trickster,Prerelease Cards,highfaetrickster
546091,,,,High Noon,Prerelease Cards,highnoon
561052,,,,Hired Claw,Prerelease Cards,hiredclaw
492936,,,,Hoarding Broodlord,Prerelease Cards,hoardingbroodlord
126840,,,,Hope of Ghirapur,Prerelease Cards,hopeofghirapur
616777,,,,Howlsquad Heavy,Prerelease Cards,howlsquadheavy
255034,,,,Hullbreaker Horror,Prerelease Cards,hullbreakerhorror
580705,,,,Hushwood Verge,Prerelease Cards,hushwoodverge
207568,,,,Idyllic Tutor,Prerelease Cards,idyllictutor
645421,,,,Icetill Explorer,Prerelease Cards,icetillexplorer
241471,,,,Ignoble Hierarch,Prerelease Cards,ignoblehierarch
536508,,,,Ill-Timed Explosion,Prerelease Cards,illtimedexplosion
184007,,,,Incubation Druid,Prerelease Cards,incubationdruid
625835,,,,Inevitable Defeat,Prerelease Cards,inevitabledefeat
493196,,,,Invasion of Ikoria,Prerelease Cards,invasionofikoria
189464,,,,"Jace, Wielder of Mysteries",Prerelease Cards,jacewielderofmysteries
625791,,,,Jeskai Revelation,Prerelease Cards,jeskairevelation
580679,,,,"Kaito, Bane of Nightmares",Prerelease Cards,kaitobaneofnightmares
189459,,,,"Karn, the Great Creator",Prerelease Cards,karnthegreatcreator
645451,,,,"Kavaron, Memorial World",Prerelease Cards,kavaronmemorialworld
561063,,,,Keen-Eyed Curator,Prerelease Cards,keeneyedcurator
123378,,,,Key to the City,Prerelease Cards,keytothecity
214176,,,,"Kinnan, Bonder Prodigy",Prerelease Cards,kinnanbonderprodigy
625855,,,,Kishla Village,Prerelease Cards,kishlavillage
183994,,,,"Lavinia, Azorius Renegade",Prerelease Cards,laviniaazoriusrenegade
169967,,,,"Lena, Selfless Champion",Prerelease Cards,lenaselflesschampion
194019,,,,Leyline of Abundance,Prerelease Cards,leylineofabundance
194066,,,,Leyline of the Void,Prerelease Cards,leylineofthevoid
616811,,,,Lifecraft Engine,Prerelease Cards,lifecraftengine
635850,,,,"Lindblum, Industrial Regency",Prerelease Cards,lindblumindustrialregency
454112,,,,Llanowar Wastes,Prerelease Cards,llanowarwastes
536523,,,,Lost in the Maze,Prerelease Cards,lostinthemaze
223494,,,,Lotus Cobra,Prerelease Cards,lotuscobra
194069,,,,Lotus Field,Prerelease Cards,lotusfield
501307,,,,"Lotho, Corrupt Shirriff",Prerelease Cards,lothocorruptshirriff
635765,,,,Louisoix's Sacrifice,Prerelease Cards,louisoixssacrifice
214157,,,,"Lukka, Coppercoat Outcast",Prerelease Cards,lukkacoppercoatoutcast
616781,,,,Lumbering Worldwagon,Prerelease Cards,lumberingworldwagon
561064,,,,"Lumra, Bellow of the Woods",Prerelease Cards,lumrabellowofthewoods
274550,,,,Luxury Suite,Prerelease Cards,luxurysuite
231589,,,,"Magda, Brazen Outlaw",Prerelease Cards,magdabrazenoutlaw
546111,,,,"Magda, the Hoardmaster",Prerelease Cards,magdathehoardmaster
663108,,,,"Mai, Scornful Striker",Prerelease Cards,maiscornfulstriker
263506,,,,March of Wretched Sorrow,Prerelease Cards,marchofwretchedsorrow
625806,,,,Marang River Regent,Prerelease Cards,marangriverregent
241479,,,,Marsh Flats,Prerelease Cards,marshflats
580701,,,,"Marvin, Murderous Mimic",Prerelease Cards,marvinmurderousmimic
231623,,,,Maskwood Nexus,Prerelease Cards,maskwoodnexus
126849,,,,Metallic Mimic,Prerelease Cards,metallicmimic
536526,,,,Meticulous Archive,Prerelease Cards,meticulousarchive
645423,,,,Mightform Harmonizer,Prerelease Cards,mightformharmonizer
137151,,,,Mirage Mirror,Prerelease Cards,miragemirror
111254,,,,Mirrorpool,Prerelease Cards,mirrorpool
199889,,,,Mirrormade,Prerelease Cards,mirrormade
625857,,,,Mistrise Village,Prerelease Cards,mistrisevillage
241482,,,,Misty Rainforest,Prerelease Cards,mistyrainforest
561028,,,,Mockingbird,Prerelease Cards,mockingbird
663094,,,,"Momo, Friendly Flier",Prerelease Cards,momofriendlyflier
593216,,,,Mossborn Hydra,Prerelease Cards,mossbornhydra
274551,,,,Morphic Pool,Prerelease Cards,morphicpool
501301,,,,Mount Doom,Prerelease Cards,mountdoom
165573,,,,Mox Amber,Prerelease Cards,moxamber
653506,,,,Multiversal Passage,Prerelease Cards,multiversalpassage
189496,,,,Narset's Reversal,Prerelease Cards,narsetsreversal
625823,,,,Nature's Rhythm,Prerelease Cards,naturesrhythm
554218,,,,Necrodominance,Prerelease Cards,necrodominance
223551,,,,Needleverge Pathway,Prerelease Cards,needlevergepathway
155952,,,,"Nezahal, Primal Tide",Prerelease Cards,nezahalprimaltide
189488,,,,"Nicol Bolas, Dragon-God",Prerelease Cards,nicolbolasdragongod
177502,,,,"Niv-Mizzet, Parun",Prerelease Cards,nivmizzetparun
645409,,,,Nova Hellkite,Prerelease Cards,novahellkite
165579,,,,Oath of Teferi,Prerelease Cards,oathofteferi
554201,,,,Ocelot Pride,Prerelease Cards,ocelotpride
616801,,,,Oildeep Gearhulk,Prerelease Cards,oildeepgearhulk
169978,,,,Omniscience,Prerelease Cards,omniscience
501300,,,,Orcish Bowmasters,Prerelease Cards,orcishbowmasters
645424,,,,Ouroboroid,Prerelease Cards,ouroboroid
263513,,,,"Otawara, Soaring City",Prerelease Cards,otawarasoaringcity
536533,,,,Outrageous Robbery,Prerelease Cards,outrageousrobbery
580662,,,,Overlord of the Balemurk,Prerelease Cards,overlordofthebalemurk
561066,,,,Pawpatch Recruit,Prerelease Cards,pawpatchrecruit
217364,,,,Peer into the Abyss,Prerelease Cards,peerintotheabyss
554203,,,,"Phelia, Exuberant Shepherd",Prerelease Cards,pheliaexuberantshepherd
653504,,,,Peter Parker's Camera,Prerelease Cards,peterparkerscamera
241494,,,,Persist,Prerelease Cards,persist
249566,,,,Pithing Needle,Prerelease Cards,pithingneedle
554259,,,,Polluted Delta,Prerelease Cards,polluteddelta
454100,,,,Portal to Phyrexia,Prerelease Cards,portaltophyrexia
526703,,,,Preacher of the Schism,Prerelease Cards,preacheroftheschism
269170,,,,Professional Face-Breaker,Prerelease Cards,professionalfacebreaker
237112,,,,Professor Onyx,Prerelease Cards,professoronyx
645392,,,,Quantum Riddler,Prerelease Cards,quantumriddler
625811,,,,Qarsi Revenant,Prerelease Cards,qarsirevenant
241498,,,,"Ragavan, Nimble Pilferer",Prerelease Cards,ragavannimblepilferer
561087,,,,"Ral, Crackling Wit",Prerelease Cards,ralcracklingwit
536543,,,,Raucous Theater,Prerelease Cards,raucoustheater
663110,,,,Raven Eagle,Prerelease Cards,raveneagle
137160,,,,"Razaketh, the Foulblooded",Prerelease Cards,razakeththefoulblooded
663115,,,,Redirect Lightning,Prerelease Cards,redirectlightning
514416,,,,Restless Cottage,Prerelease Cards,restlesscottage
526800,,,,Restless Reef,Prerelease Cards,restlessreef
514377,,,,Restless Vinestalk,Prerelease Cards,restlessvinestalk
126859,,,,"Rishkar, Peema Renegade",Prerelease Cards,rishkarpeemarenegade
616817,,,,Riverpyre Verge,Prerelease Cards,riverpyreverge
526793,,,,Roaming Throne,Prerelease Cards,roamingthrone
582557,,,,Roaring Furnace // Steaming Sauna,Prerelease Cards,roaringfurnacesteamingsauna
645452,,,,Sacred Foundry,Prerelease Cards,sacredfoundry
625801,,,,Sage of the Skies,Prerelease Cards,sageoftheskies
123396,,,,Saheeli Rai,Prerelease Cards,saheelirai
653479,,,,"Sandman, Shifting Scoundrel",Prerelease Cards,sandmanshiftingscoundrel
241507,,,,Scalding Tarn,Prerelease Cards,scaldingtarn
170014,,,,Scapeshift,Prerelease Cards,scapeshift
194039,,,,Scheming Symmetry,Prerelease Cards,schemingsymmetry
223231,,,,Sea Gate Restoration,Prerelease Cards,seagaterestoration
274553,,,,Sea of Clouds,Prerelease Cards,seaofclouds
561030,,,,Season of Weaving,Prerelease Cards,seasonofweaving
269224,,,,Shadow of Mortality,Prerelease Cards,shadowofmortality
653471,,,,Shadow of the Goblin,Prerelease Cards,shadowofthegoblin
255198,,,,Shattered Sanctum,Prerelease Cards,shatteredsanctum
223452,,,,Shatterskull Smashing,Prerelease Cards,shatterskullsmashing
284292,,,,"Sheoldred, the Apocalypse",Prerelease Cards,sheoldredtheapocalypse
554260,,,,Shifting Woodland,Prerelease Cards,shiftingwoodland
284381,,,,Shivan Reef,Prerelease Cards,shivanreef
97041,,,,"Sidisi, Undead Vizier",Prerelease Cards,sidisiundeadvizier
554236,,,,Six,Prerelease Cards,six
481535,,,,"Skrelv, Defector Mite",Prerelease Cards,skrelvdefectormite
223195,,,,Skyclave Apparition,Prerelease Cards,skyclaveapparition
593210,,,,Slagstorm,Prerelease Cards,slagstorm
546112,,,,Slickshot Show-Off,Prerelease Cards,slickshotshowoff
123401,,,,Smuggler's Copter,Prerelease Cards,smugglerscopter
263521,,,,"Sokenzan, Crucible of Defiance",Prerelease Cards,sokenzancrucibleofdefiance
241519,,,,Solitude,Prerelease Cards,solitude
593235,,,,Soulstone Sanctuary,Prerelease Cards,soulstonesanctuary
481636,,,,Soulless Jailer,Prerelease Cards,soullessjailer
554237,,,,Sowing Mycospawn,Prerelease Cards,sowingmycospawn
653456,,,,Spider-Sense,Prerelease Cards,spidersense
126864,,,,Spire of Industry,Prerelease Cards,spireofindustry
580657,,,,Split Up,Prerelease Cards,splitup
554238,,,,Springheart Nantuko,Prerelease Cards,springheartnantuko
635852,,,,Starting Town,Prerelease Cards,startingtown
546113,,,,Stingerback Terror,Prerelease Cards,stingerbackterror
645454,,,,Stomping Ground,Prerelease Cards,stompingground
561031,,,,Stormchaser's Talent,Prerelease Cards,stormchaserstalent
255199,,,,Stormcarved Coast,Prerelease Cards,stormcarvedcoast
554211,,,,Strix Serenade,Prerelease Cards,strixserenade
526747,,,,Subterranean Schooner,Prerelease Cards,subterraneanschooner
241523,,,,Subtlety,Prerelease Cards,subtlety
284382,,,,Sulfurous Springs,Prerelease Cards,sulfuroussprings
255200,,,,Sundown Pass,Prerelease Cards,sundownpass
561057,,,,Sunspine Lynx,Prerelease Cards,sunspinelynx
653498,,,,Superior Spider-Man,Prerelease Cards,superiorspiderman
625824,,,,"Surrak, Elusive Hunter",Prerelease Cards,surrakelusivehunter
263527,,,,"Takenuma, Abandoned Mire",Prerelease Cards,takenumaabandonedmire
189505,,,,"Teferi, Time Raveler",Prerelease Cards,teferitimeraveler
249555,,,,"Teferi, Who Slows the Sunset",Prerelease Cards,teferiwhoslowsthesunset
165647,,,,"Tetsuko Umezawa, Fugitive",Prerelease Cards,tetsukoumezawafugitive
645440,,,,"Tezzeret, Cruel Captain",Prerelease Cards,tezzeretcruelcaptain
255015,,,,"Thalia, Guardian of Thraben",Prerelease Cards,thaliaguardianofthraben
207577,,,,Thassa's Oracle,Prerelease Cards,thassasoracle
635776,,,,The Darkness Crystal,Prerelease Cards,thedarknesscrystal
514404,,,,The Huntsman's Redemption,Prerelease Cards,thehuntsmansredemption
583774,,,,The Jolly Balloon Man,Prerelease Cards,thejollyballoonman
663113,,,,The Last Agni Kai,Prerelease Cards,thelastagnikai
663080,,,,The Legend of Roku,Prerelease Cards,thelegendofroku
249476,,,,The Meathook Massacre,Prerelease Cards,themeathookmassacre
481648,,,,The Mycosynth Gardens,Prerelease Cards,themycosynthgardens
501274,,,,The One Ring,Prerelease Cards,theonering
663101,,,,The Unagi of Kyoshi Island,Prerelease Cards,theunagiofkyoshiisland
263538,,,,Thousand-Faced Shadow,Prerelease Cards,thousandfacedshadow
177506,,,,Thousand-Year Storm,Prerelease Cards,thousandyearstorm
546099,,,,Three Steps Ahead,Prerelease Cards,threestepsahead
536554,,,,Thundering Falls,Prerelease Cards,thunderingfalls
231592,,,,Tibalt's Trickery,Prerelease Cards,tibaltstrickery
526732,,,,Tishana's Tidebinder,Prerelease Cards,tishanastidebinder
217312,,,,Transmogrify,Prerelease Cards,transmogrify
244615,,,,Treasure Vault,Prerelease Cards,treasurevault
481621,,,,"Tyvar, Jubilant Brawler",Prerelease Cards,tyvarjubilantbrawler
454114,,,,Underground River,Prerelease Cards,undergroundriver
536558,,,,Underground Mortuary,Prerelease Cards,undergroundmortuary
536557,,,,Undercity Sewers,Prerelease Cards,undercitysewers
207597,,,,Underworld Breach,Prerelease Cards,underworldbreach
269174,,,,Unlicensed Hearse,Prerelease Cards,unlicensedhearse
241540,,,,Unmarked Grave,Prerelease Cards,unmarkedgrave
241543,,,,Urza's Saga,Prerelease Cards,urzassaga
635797,,,,"Vaan, Street Thief",Prerelease Cards,vaanstreetthief
645456,,,,"Uthros, Titanic Godcore",Prerelease Cards,uthrostitanicgodcore
580664,,,,"Valgavoth, Terror Eater",Prerelease Cards,valgavothterroreater
561033,,,,Valley Floodcaller,Prerelease Cards,valleyfloodcaller
241545,,,,Verdant Catacombs,Prerelease Cards,verdantcatacombs
194080,,,,"Vilis, Broker of Blood",Prerelease Cards,vilisbrokerofblood
514412,,,,Virtue of Courage,Prerelease Cards,virtueofcourage
514401,,,,Virtue of Persistence,Prerelease Cards,virtueofpersistence
635830,,,,Vivi Ornitier,Prerelease Cards,viviornitier
625803,,,,Voice of Victory,Prerelease Cards,voiceofvictory
126868,,,,Walking Ballista,Prerelease Cards,walkingballista
663075,,,,"Wan Shi Tong, Librarian",Prerelease Cards,wanshitonglibrarian
625825,,,,Warden of the Grove,Prerelease Cards,wardenofthegrove
554222,,,,Warren Soultrader,Prerelease Cards,warrensoultrader
616819,,,,Wastewood Verge,Prerelease Cards,wastewoodverge
645457,,,,Watery Grave,Prerelease Cards,waterygrave
126869,,,,Whir of Invention,Prerelease Cards,whirofinvention
514384,,,,Werefox Bodyguard,Prerelease Cards,werefoxbodyguard
616820,,,,Willowrush Verge,Prerelease Cards,willowrushverge
554263,,,,Windswept Heath,Prerelease Cards,windsweptheath
214191,,,,"Winota, Joiner of Forces",Prerelease Cards,winotajoinerofforces
625809,,,,Winternight Stories,Prerelease Cards,winternightstories
199900,,,,Wishclaw Talisman,Prerelease Cards,wishclawtalisman
554264,,,,Wooded Foothills,Prerelease Cards,woodedfoothills
244545,,,,Xorn,Prerelease Cards,xorn
284384,,,,Yavimaya Coast,Prerelease Cards,yavimayacoast
241551,,,,"Yavimaya, Cradle of Growth",Prerelease Cards,yavimayacradleofgrowth
663117,,,,"Zhao, the Moon Slayer",Prerelease Cards,zhaothemoonslayer
547713,,,,Disdainful Stroke,Standard Showdown Promos,disdainfulstroke
696483,,,,"Mister Fantastic, Reed Richards",Standard Showdown Promos,misterfantasticreedrichards
696493,,,,"Quicksilver, Brash Blur",Standard Showdown Promos,quicksilverbrashblur
547715,,,,Snakeskin Veil,Standard Showdown Promos,snakeskinveil
698193,9.08,,9.16,Birds of Paradise,Commander: Marvel Super Heroes,birdsofparadise
698008,,,,Black Market Connections,Commander: Marvel Super Heroes,blackmarketconnections
698084,,,,Blasphemous Act,Commander: Marvel Super Heroes,blasphemousact
698087,0.33,0.79,0.31,Chaos Warp,Commander: Marvel Super Heroes,chaoswarp
696250,10.35,14.99,8.63,Dark Ritual,Commander: Marvel Super Heroes,darkritual
697282,3.36,5.49,2.94,Doomsday,Commander: Marvel Super Heroes,doomsday
697439,0.29,0.59,0.15,Exotic Orchard,Commander: Marvel Super Heroes,exoticorchard
697506,0.96,1.49,0.92,Fabled Passage,Commander: Marvel Super Heroes,fabledpassage
697341,0.76,,0.29,Grapeshot,Commander: Marvel Super Heroes,grapeshot
697259,0.79,0.79,0.48,"Hammerhead, Maggia Boss",Commander: Marvel Super Heroes,hammerheadmaggiaboss
697202,16.45,11.99,13.8,Impossible Man,Commander: Marvel Super Heroes,impossibleman
697344,0.78,1.99,0.63,Lightning Bolt,Commander: Marvel Super Heroes,lightningbolt
697204,67.77,,62.5,"Loki, Lord of Misrule",Commander: Marvel Super Heroes,lokilordofmisrule
698116,9.42,13.99,9.55,Luxury Suite,Commander: Marvel Super Heroes,luxurysuite
697416,0.5,1.29,0.36,Metallic Mimic,Commander: Marvel Super Heroes,metallicmimic
697574,0.3,0.49,0.15,Mirage Mirror,Commander: Marvel Super Heroes,miragemirror
697529,1.04,2.49,1.11,Path to Exile,Commander: Marvel Super Heroes,pathtoexile
697516,3.74,6.49,3.75,Rejuvenating Springs,Commander: Marvel Super Heroes,rejuvenatingsprings
697417,0.99,1.99,0.72,Relic of Legends,Commander: Marvel Super Heroes,relicoflegends
697453,0.28,0.39,0.15,Secluded Courtyard,Commander: Marvel Super Heroes,secludedcourtyard
697347,0.35,0.35,0.15,Shock,Commander: Marvel Super Heroes,shock
697454,6.41,8.99,6.63,Spectator Seating,Commander: Marvel Super Heroes,spectatorseating
697109,1.17,2.29,1.53,Swords to Plowshares,Commander: Marvel Super Heroes,swordstoplowshares
697420,1.71,3.49,1.7,Talisman of Creativity,Commander: Marvel Super Heroes,talismanofcreativity
698064,0.87,2.49,0.86,Talisman of Dominance,Commander: Marvel Super Heroes,talismanofdominance
697421,0.31,0.99,0.27,Talisman of Progress,Commander: Marvel Super Heroes,talismanofprogress
698067,0.85,2.79,0.89,Talisman of Indulgence,Commander: Marvel Super Heroes,talismanofindulgence
698035,3.62,6.49,3.37,Toxic Deluge,Commander: Marvel Super Heroes,toxicdeluge
696560,1.07,3.49,0.5,Avengers Disassembled,Marvel Super Heroes,avengersdisassembled
696561,0.2,0.35,0.15,Death to Our Enemies,Marvel Super Heroes,deathtoourenemies
696353,2.1,4.49,2.3000000000000003,Gathering Place,Marvel Super Heroes,gatheringplace
696564,0.45,0.49,0.15,"Hawkeye, Master Marksman",Marvel Super Heroes,hawkeyemastermarksman
696355,3.52,5.49,3.46,Hidden Lair,Marvel Super Heroes,hiddenlair
696535,13.3,16.99,13.540000000000001,Jennifer Walters,Marvel Super Heroes,jenniferwalters
696324,14.53,16.99,13.09,King T'Challa,Marvel Super Heroes,kingtchalla
696242,4.42,6.99,4.15,M.O.D.O.K.,Marvel Super Heroes,modok
696275,0.32,0.39,0.15,"Mister Fantastic, Reed Richards",Marvel Super Heroes,misterfantasticreedrichards
668459,0.27,0.49,0.15,"Quicksilver, Brash Blur",Marvel Super Heroes,quicksilverbrashblur
697059,11.15,16.99,10.040000000000001,"Shang-Chi, Master of Kung Fu",Marvel Super Heroes,shangchimasterofkungfu
696299,13.45,,12.55,"Thor, God of Thunder",Marvel Super Heroes,thorgodofthunder
696311,0.16,0.35,0.15,"Tigra, Feline Fury",Marvel Super Heroes,tigrafelinefury
696864,0.32,0.49,0.15,Vision Quest,Marvel Super Heroes,visionquest
696992,0.18,0.35,0.15,We Say Thee Nay!,Marvel Super Heroes,wesaytheenay
689899,1.58,0.99,1.55,Colorstorm Stallion,Promo Pack: Secrets of Strixhaven,colorstormstallion
689914,2.13,2.79,3.12,Deathcap Glade,Promo Pack: Secrets of Strixhaven,deathcapglade
689915,1.26,1.49,1.2,Dreamroot Cascade,Promo Pack: Secrets of Strixhaven,dreamrootcascade
689843,5.77,6.49,3.61,Echocasting Symposium,Promo Pack: Secrets of Strixhaven,echocastingsymposium
689844,18.94,13.99,9.13,Emeritus of Ideation,Promo Pack: Secrets of Strixhaven,emeritusofideation
689862,7.76,8.99,7.01,Erode,Promo Pack: Secrets of Strixhaven,erode
689882,7.3,7.49,6.51,Flashback,Promo Pack: Secrets of Strixhaven,flashback
689916,1.28,1.29,0.85,Great Hall of the Biblioplex,Promo Pack: Secrets of Strixhaven,greathallofthebiblioplex
689904,0.77,0.69,0.51,Hardened Academic,Promo Pack: Secrets of Strixhaven,hardenedacademic
689851,15.47,16.99,12.24,Improvisation Capstone,Promo Pack: Secrets of Strixhaven,improvisationcapstone
693242,10.66,9.99,8.120000000000001,High Fae Trickster,Promo Pack: Secrets of Strixhaven,highfaetrickster
689876,1.69,0.69,0.76,"Moseo, Vein's New Dean",Promo Pack: Secrets of Strixhaven,moseoveinsnewdean
689917,2.4,2.79,1.06,Petrified Hamlet,Promo Pack: Secrets of Strixhaven,petrifiedhamlet
689865,0.86,2.29,0.72,Practiced Offense,Promo Pack: Secrets of Strixhaven,practicedoffense
689805,0.45,,0.43,Prismari Charm,Promo Pack: Secrets of Strixhaven,prismaricharm
689856,9.32,7.99,9.69,Professor Dellian Fel,Promo Pack: Secrets of Strixhaven,professordellianfel
689908,3.05,2.79,2.8000000000000003,Resonating Lute,Promo Pack: Secrets of Strixhaven,resonatinglute
693244,4.81,7.99,5.4,Six,Promo Pack: Secrets of Strixhaven,six
689918,1.38,2.49,1.43,Shattered Sanctum,Promo Pack: Secrets of Strixhaven,shatteredsanctum
689873,0.61,0.49,0.43,Skycoach Conductor,Promo Pack: Secrets of Strixhaven,skycoachconductor
693243,3.1,1.99,1.96,Soulstone Sanctuary,Promo Pack: Secrets of Strixhaven,soulstonesanctuary
689919,1.84,3.99,1.9100000000000001,Stormcarved Coast,Promo Pack: Secrets of Strixhaven,stormcarvedcoast
693168,2.07,3.49,2.1,Strix Serenade,Promo Pack: Secrets of Strixhaven,strixserenade
689860,1.64,0.49,0.52,Together as One,Promo Pack: Secrets of Strixhaven,togetherasone
689911,0.88,1.49,0.52,Traumatic Critique,Promo Pack: Secrets of Strixhaven,traumaticcritique
689920,1.65,,1.68,Sundown Pass,Promo Pack: Secrets of Strixhaven,sundownpass
689849,3.51,2.49,3.64,Withering Curse,Promo Pack: Secrets of Strixhaven,witheringcurse
689807,0.72,,0.43,Witherbloom Charm,Promo Pack: Secrets of Strixhaven,witherbloomcharm
686531,0.51,0.49,0.15,Colorstorm Stallion,Secrets of Strixhaven,colorstormstallion
688650,0.34,0.35,0.15,Daydream,Secrets of Strixhaven,daydream
686571,1.95,2.79,1.92,Deathcap Glade,Secrets of Strixhaven,deathcapglade
686573,0.97,1.79,0.52,Dreamroot Cascade,Secrets of Strixhaven,dreamrootcascade
688689,3.13,4.49,2.85,Echocasting Symposium,Secrets of Strixhaven,echocastingsymposium
689458,0.2,0.35,0.15,Essence Scatter,Secrets of Strixhaven,essencescatter
686601,6.13,8.49,5.72,Emeritus of Ideation,Secrets of Strixhaven,emeritusofideation
688651,5.71,9.49,3.9,Erode,Secrets of Strixhaven,erode
688521,3.73,6.99,3.12,Flashback,Secrets of Strixhaven,flashback
688679,1.73,2.99,0.93,Flow State,Secrets of Strixhaven,flowstate
688085,0.74,0.49,0.15,Great Hall of the Biblioplex,Secrets of Strixhaven,greathallofthebiblioplex
686540,0.4,0.49,0.15,Hardened Academic,Secrets of Strixhaven,hardenedacademic
688973,0.27,0.35,0.15,Impractical Joke,Secrets of Strixhaven,impracticaljoke
686575,10.07,15.99,10.4,Improvisation Capstone,Secrets of Strixhaven,improvisationcapstone
689476,0.82,0.49,0.2,"Moseo, Vein's New Dean",Secrets of Strixhaven,moseoveinsnewdean
688982,0.76,0.49,0.15,Petrified Hamlet,Secrets of Strixhaven,petrifiedhamlet
688654,1.19,2.29,0.15,Practiced Offense,Secrets of Strixhaven,practicedoffense
686597,0.27,0.35,0.15,Prismari Charm,Secrets of Strixhaven,prismaricharm
686600,4.73,6.99,3.86,Professor Dellian Fel,Secrets of Strixhaven,professordellianfel
686606,0.23,0.35,0.15,"Sanar, Unfinished Genius",Secrets of Strixhaven,sanarunfinishedgenius
688477,1.73,1.49,1.35,Resonating Lute,Secrets of Strixhaven,resonatinglute
689480,0.21,0.35,0.15,Send in the Pest,Secrets of Strixhaven,sendinthepest
688971,0.32,0.49,0.15,Skycoach Conductor,Secrets of Strixhaven,skycoachconductor
686574,1.35,2.79,0.92,Shattered Sanctum,Secrets of Strixhaven,shatteredsanctum
686583,1.89,2.99,1.58,Sundown Pass,Secrets of Strixhaven,sundownpass
686581,1.98,3.49,1.29,Stormcarved Coast,Secrets of Strixhaven,stormcarvedcoast
689495,1.95,1.99,0.96,Tablet of Discovery,Secrets of Strixhaven,tabletofdiscovery
686517,0.32,0.49,0.15,Together as One,Secrets of Strixhaven,togetherasone
688479,0.58,0.49,0.15,Traumatic Critique,Secrets of Strixhaven,traumaticcritique
689531,0.28,0.35,0.15,Vibrant Outburst,Secrets of Strixhaven,vibrantoutburst
686612,0.24,0.35,0.15,Witherbloom Charm,Secrets of Strixhaven,witherbloomcharm
686541,1.57,1.29,0.6,Withering Curse,Secrets of Strixhaven,witheringcurse
688837,0.26,0.39,0.15,Abrade,Secrets of Strixhaven: Mystical Archive,abrade
688831,10.92,9.99,10.42,Ad Nauseam,Secrets of Strixhaven: Mystical Archive,adnauseam
689148,2.65,3.99,2.56,Angel's Grace,Secrets of Strixhaven: Mystical Archive,angelsgrace
688855,0.34,0.35,0.15,Bitter Triumph,Secrets of Strixhaven: Mystical Archive,bittertriumph
689149,3.24,4.99,2.8000000000000003,Brain Freeze,Secrets of Strixhaven: Mystical Archive,brainfreeze
688866,0.26,0.35,0.15,Burst Lightning,Secrets of Strixhaven: Mystical Archive,burstlightning
688886,3.91,4.49,3.63,Crop Rotation,Secrets of Strixhaven: Mystical Archive,croprotation
689391,1.45,1.29,0.72,Culling Ritual,Secrets of Strixhaven: Mystical Archive,cullingritual
688899,10.9,9.99,7.7,Culling the Weak,Secrets of Strixhaven: Mystical Archive,cullingtheweak
689345,33.24,37.99,30.990000000000002,Cyclonic Rift,Secrets of Strixhaven: Mystical Archive,cyclonicrift
688901,1.27,2.29,0.87,Daze,Secrets of Strixhaven: Mystical Archive,daze
686636,0.22,0.35,0.15,Disdainful Stroke,Secrets of Strixhaven: Mystical Archive,disdainfulstroke
688910,3.21,3.49,1.9100000000000001,Dismember,Secrets of Strixhaven: Mystical Archive,dismember
690169,8.69,8.99,6.4,Flusterstorm,Secrets of Strixhaven: Mystical Archive,flusterstorm
686637,64.29,69.99,66.05,Force of Will,Secrets of Strixhaven: Mystical Archive,forceofwill
689151,45.68,54.99,45.83,Jeska's Will,Secrets of Strixhaven: Mystical Archive,jeskaswill
688900,2.21,3.49,1.45,Preordain,Secrets of Strixhaven: Mystical Archive,preordain
688893,0.28,0.35,0.15,Pick Your Poison,Secrets of Strixhaven: Mystical Archive,pickyourpoison
688919,5.34,7.99,4.65,Pyretic Ritual,Secrets of Strixhaven: Mystical Archive,pyreticritual
688926,0.33,0.35,0.15,Requisition Raid,Secrets of Strixhaven: Mystical Archive,requisitionraid
688928,0.43,0.39,0.15,Return the Favor,Secrets of Strixhaven: Mystical Archive,returnthefavor
689150,0.33,0.35,0.15,Sleight of Hand,Secrets of Strixhaven: Mystical Archive,sleightofhand
688961,0.3,0.35,0.15,Spell Pierce,Secrets of Strixhaven: Mystical Archive,spellpierce
686552,57.4,57.99,56.26,Vampiric Tutor,Secrets of Strixhaven: Mystical Archive,vampirictutor
689366,4.34,6.49,3.41,Veil of Summer,Secrets of Strixhaven: Mystical Archive,veilofsummer
687490,0.43,0.35,0.15,Abrade,Commander: Secrets of Strixhaven,abrade
675591,1.06,0.99,0.43,Stock Up,Secrets of Strixhaven: Mystical Archive,stockup
687375,4.96,7.49,5.0,Animate Dead,Commander: Secrets of Strixhaven,animatedead
687531,0.48,0.99,0.4,Arcane Signet,Commander: Secrets of Strixhaven,arcanesignet
687389,0.5,1.99,0.4,Archmage Emeritus,Commander: Secrets of Strixhaven,archmageemeritus
687668,0.31,0.69,0.19,Battlefield Forge,Commander: Secrets of Strixhaven,battlefieldforge
687391,0.65,0.99,0.51,Bloodghast,Commander: Secrets of Strixhaven,bloodghast
687417,0.75,2.29,0.71,Blasphemous Act,Commander: Secrets of Strixhaven,blasphemousact
687360,0.35,0.99,0.33,Chaos Warp,Commander: Secrets of Strixhaven,chaoswarp
687664,0.25,0.69,0.23,Command Tower,Commander: Secrets of Strixhaven,commandtower
687618,0.49,0.59,0.26,Culling Ritual,Commander: Secrets of Strixhaven,cullingritual
687499,0.43,0.99,0.44,Elvish Mystic,Commander: Secrets of Strixhaven,elvishmystic
687675,0.24,0.59,0.15,Exotic Orchard,Commander: Secrets of Strixhaven,exoticorchard
687665,1.03,1.79,0.97,Fabled Passage,Commander: Secrets of Strixhaven,fabledpassage
687365,11.09,14.99,9.88,Faerie Mastermind,Commander: Secrets of Strixhaven,faeriemastermind
687597,0.75,1.79,0.66,Fellwar Stone,Commander: Secrets of Strixhaven,fellwarstone
687475,3.2,5.49,2.08,Harmonic Prodigy,Commander: Secrets of Strixhaven,harmonicprodigy
687692,0.5,1.49,0.52,Llanowar Wastes,Commander: Secrets of Strixhaven,llanowarwastes
687695,2.13,3.49,1.56,Lotus Field,Commander: Secrets of Strixhaven,lotusfield
687617,0.31,0.79,0.26,Mind Stone,Commander: Secrets of Strixhaven,mindstone
687350,0.46,0.49,0.15,Ominous Harvest,Commander: Secrets of Strixhaven,ominousharvest
687458,1.15,2.79,1.1500000000000001,Path to Exile,Commander: Secrets of Strixhaven,pathtoexile
687423,0.61,0.49,0.2,"Rionya, Fire Dancer",Commander: Secrets of Strixhaven,rionyafiredancer
687520,0.66,0.99,0.2,Sevinne's Reclamation,Commander: Secrets of Strixhaven,sevinnesreclamation
687523,1.12,2.99,1.08,Sheltered by Ghosts,Commander: Secrets of Strixhaven,shelteredbyghosts
687530,0.26,0.59,0.15,Skyclave Apparition,Commander: Secrets of Strixhaven,skyclaveapparition
687534,0.31,0.79,0.28,Shivan Reef,Commander: Secrets of Strixhaven,shivanreef
687542,1.33,2.49,1.43,Sol Ring,Commander: Secrets of Strixhaven,solring
687338,1.3,2.29,1.33,Storm-Kiln Artist,Commander: Secrets of Strixhaven,stormkilnartist
687630,1.93,3.49,1.96,Talisman of Creativity,Commander: Secrets of Strixhaven,talismanofcreativity
687547,1.36,2.49,1.37,Swords to Plowshares,Commander: Secrets of Strixhaven,swordstoplowshares
687633,0.41,1.49,0.4,Talisman of Hierarchy,Commander: Secrets of Strixhaven,talismanofhierarchy
687372,4.46,6.99,4.2,Toxic Deluge,Commander: Secrets of Strixhaven,toxicdeluge
687658,1.34,3.99,1.01,"Veyran, Voice of Duality",Commander: Secrets of Strixhaven,veyranvoiceofduality
687588,0.34,0.99,0.28,Yavimaya Coast,Commander: Secrets of Strixhaven,yavimayacoast
679614,0.71,0.99,0.41000000000000003,Arcane Signet,Commander: Teenage Mutant Ninja Turtles,arcanesignet
679599,0.97,1.99,0.68,Blasphemous Act,Commander: Teenage Mutant Ninja Turtles,blasphemousact
679589,0.41,0.69,0.15,"Casey Jones, Back Alley Brute",Commander: Teenage Mutant Ninja Turtles,caseyjonesbackalleybrute
679620,11.81,15.99,10.26,City of Brass,Commander: Teenage Mutant Ninja Turtles,cityofbrass
679621,0.32,0.69,0.26,Command Tower,Commander: Teenage Mutant Ninja Turtles,commandtower
679624,0.29,0.59,0.15,Exotic Orchard,Commander: Teenage Mutant Ninja Turtles,exoticorchard
679625,1.51,1.79,0.9500000000000001,Fabled Passage,Commander: Teenage Mutant Ninja Turtles,fabledpassage
679619,1.84,2.49,1.3900000000000001,Sol Ring,Commander: Teenage Mutant Ninja Turtles,solring
673622,6.86,12.99,7.17,Cool but Rude,Teenage Mutant Ninja Turtles,coolbutrude
680261,0.4,0.35,0.15,Dream Beavers,Teenage Mutant Ninja Turtles,dreambeavers
679609,0.32,0.35,0.15,Escape Tunnel,Teenage Mutant Ninja Turtles,escapetunnel
673562,0.89,0.79,0.15,"Leatherhead, Swamp Stalker",Teenage Mutant Ninja Turtles,leatherheadswampstalker
673550,0.97,1.29,0.3,"Leonardo, Cutting Edge",Teenage Mutant Ninja Turtles,leonardocuttingedge
679073,0.2,0.35,0.15,Negate,Teenage Mutant Ninja Turtles,negate
673664,1.52,1.79,0.43,North Wind Avatar,Teenage Mutant Ninja Turtles,northwindavatar
680272,0.2,0.35,0.15,"Oroku Saki, Shredder Rising",Teenage Mutant Ninja Turtles,orokusakishredderrising
657755,18.12,20.99,16.65,Super Shredder,Teenage Mutant Ninja Turtles,supershredder
670978,0.43,0.49,0.15,"Abigale, Eloquent First-Year",Lorwyn Eclipsed,abigaleeloquentfirstyear
656679,0.54,0.99,0.26,Ashling's Command,Lorwyn Eclipsed,ashlingscommand
656663,0.98,0.99,0.45,"Ashling, Rekindled",Lorwyn Eclipsed,ashlingrekindled
671067,13.26,16.99,13.02,Bloom Tender,Lorwyn Eclipsed,bloomtender
656687,9.1,13.99,8.85,Blood Crypt,Lorwyn Eclipsed,bloodcrypt
656681,3.14,8.49,2.59,Deceit,Lorwyn Eclipsed,deceit
671582,0.45,0.99,0.15,Eclipsed Realms,Lorwyn Eclipsed,eclipsedrealms
671176,0.21,0.35,0.15,Flamebraider,Lorwyn Eclipsed,flamebraider
671721,0.37,0.39,0.15,Firdoch Core,Lorwyn Eclipsed,firdochcore
656667,7.5,10.99,7.16,Formidable Speaker,Lorwyn Eclipsed,formidablespeaker
671468,0.22,0.35,0.15,Glamer Gifter,Lorwyn Eclipsed,glamergifter
671753,0.4,0.49,0.15,Glen Elendra Guardian,Lorwyn Eclipsed,glenelendraguardian
670991,1.12,0.99,0.46,Glen Elendra's Answer,Lorwyn Eclipsed,glenelendrasanswer
656703,6.77,10.99,6.890000000000001,Hallowed Fountain,Lorwyn Eclipsed,hallowedfountain
670979,0.26,0.35,0.15,Iron-Shield Elf,Lorwyn Eclipsed,ironshieldelf
671005,20.42,27.99,19.8,Hexing Squelcher,Lorwyn Eclipsed,hexingsquelcher
671780,11.58,16.99,10.13,Moonshadow,Lorwyn Eclipsed,moonshadow
671043,0.83,0.99,0.33,"Oko, Lorwyn Liege",Lorwyn Eclipsed,okolorwynliege
656709,8.92,12.99,8.55,Overgrown Tomb,Lorwyn Eclipsed,overgrowntomb
671470,0.28,0.35,0.15,Omni-Changeling,Lorwyn Eclipsed,omnichangeling
671463,0.23,0.35,0.15,Pyrrhic Strike,Lorwyn Eclipsed,pyrrhicstrike
671489,0.45,0.99,0.15,Requiting Hex,Lorwyn Eclipsed,requitinghex
671577,1.16,1.79,0.28,Sapling Nursery,Lorwyn Eclipsed,saplingnursery
671007,0.31,0.35,0.15,Sear,Lorwyn Eclipsed,sear
671055,0.42,0.79,0.15,Spell Snare,Lorwyn Eclipsed,spellsnare
671537,0.36,0.99,0.15,Springleaf Drum,Lorwyn Eclipsed,springleafdrum
672032,0.26,0.35,0.15,Stalactite Dagger,Lorwyn Eclipsed,stalactitedagger
671473,1.56,2.29,1.03,Sunderflock,Lorwyn Eclipsed,sunderflock
656711,13.98,17.99,11.71,Steam Vents,Lorwyn Eclipsed,steamvents
671578,0.44,0.59,0.15,"Tam, Mindful First-Year",Lorwyn Eclipsed,tammindfulfirstyear
656713,7.66,9.99,7.28,Temple Garden,Lorwyn Eclipsed,templegarden
671053,1.58,1.79,0.15,Virulent Emissary,Lorwyn Eclipsed,virulentemissary
670971,3.25,7.49,2.61,Vibrance,Lorwyn Eclipsed,vibrance
671525,6.92,15.99,8.06,Wistfulness,Lorwyn Eclipsed,wistfulness
671228,0.83,2.29,0.78,Blasphemous Act,Commander: Lorwyn Eclipsed,blasphemousact
671263,9.58,8.49,8.05,"Chimil, the Inner Sun",Commander: Lorwyn Eclipsed,chimiltheinnersun
671202,0.37,0.99,0.37,Devoted Druid,Commander: Lorwyn Eclipsed,devoteddruid
671173,3.73,6.99,3.61,Endurance,Commander: Lorwyn Eclipsed,endurance
671197,0.31,0.59,0.15,Exotic Orchard,Commander: Lorwyn Eclipsed,exoticorchard
671292,1.01,1.49,0.7000000000000001,Fellwar Stone,Commander: Lorwyn Eclipsed,fellwarstone
671259,0.42,,0.31,Faeburrow Elder,Commander: Lorwyn Eclipsed,faeburrowelder
671175,1.38,2.29,0.8300000000000001,Ignoble Hierarch,Commander: Lorwyn Eclipsed,ignoblehierarch
671211,0.34,0.59,0.15,Opulent Palace,Commander: Lorwyn Eclipsed,opulentpalace
671137,1.11,2.79,1.2,Path to Exile,Commander: Lorwyn Eclipsed,pathtoexile
671161,1.51,1.79,1.01,Persist,Commander: Lorwyn Eclipsed,persist
671189,0.36,0.35,0.17,Secluded Courtyard,Commander: Lorwyn Eclipsed,secludedcourtyard
671244,3.57,,3.7,"Selvala, Heart of the Wilds",Commander: Lorwyn Eclipsed,selvalaheartofthewilds
672237,1.14,0.99,1.12,"Abigale, Eloquent First-Year",Promo Pack: Lorwyn Eclipsed,abigaleeloquentfirstyear
672238,0.58,0.79,0.62,Ashling's Command,Promo Pack: Lorwyn Eclipsed,ashlingscommand
672222,,,,"Ashling, Rekindled",Promo Pack: Lorwyn Eclipsed,ashlingrekindled
672258,9.99,14.99,10.42,Blood Crypt,Promo Pack: Lorwyn Eclipsed,bloodcrypt
672277,13.04,,14.26,Bloom Tender,Promo Pack: Lorwyn Eclipsed,bloomtender
672281,5.1,9.99,3.12,Deceit,Promo Pack: Lorwyn Eclipsed,deceit
672208,1.42,0.49,0.88,Glen Elendra Guardian,Promo Pack: Lorwyn Eclipsed,glenelendraguardian
672267,4.35,0.99,3.44,Glen Elendra's Answer,Promo Pack: Lorwyn Eclipsed,glenelendrasanswer
672231,9.59,10.99,10.07,Formidable Speaker,Promo Pack: Lorwyn Eclipsed,formidablespeaker
672259,8.37,11.99,8.88,Hallowed Fountain,Promo Pack: Lorwyn Eclipsed,hallowedfountain
672227,22.57,29.99,22.38,Hexing Squelcher,Promo Pack: Lorwyn Eclipsed,hexingsquelcher
677582,17.01,21.99,17.48,Grand Abolisher,Promo Pack: Lorwyn Eclipsed,grandabolisher
671026,0.39,,0.26,Iron-Shield Elf,Promo Pack: Lorwyn Eclipsed,ironshieldelf
672272,13.58,16.99,13.85,Moonshadow,Promo Pack: Lorwyn Eclipsed,moonshadow
686673,15.72,17.99,15.55,Mossborn Hydra,Promo Pack: Lorwyn Eclipsed,mossbornhydra
672260,9.41,12.99,10.72,Overgrown Tomb,Promo Pack: Lorwyn Eclipsed,overgrowntomb
672270,,,,"Oko, Lorwyn Liege",Promo Pack: Lorwyn Eclipsed,okolorwynliege
673730,42.91,57.99,44.25,Ocelot Pride,Promo Pack: Lorwyn Eclipsed,ocelotpride
672233,1.82,1.99,1.47,Sapling Nursery,Promo Pack: Lorwyn Eclipsed,saplingnursery
671079,0.31,,0.4,Sear,Promo Pack: Lorwyn Eclipsed,sear
672261,12.71,17.99,15.47,Steam Vents,Promo Pack: Lorwyn Eclipsed,steamvents
672211,1.7,3.49,1.6400000000000001,Sunderflock,Promo Pack: Lorwyn Eclipsed,sunderflock
672255,1.21,0.59,0.98,"Tam, Mindful First-Year",Promo Pack: Lorwyn Eclipsed,tammindfulfirstyear
672262,7.97,10.99,8.5,Temple Garden,Promo Pack: Lorwyn Eclipsed,templegarden
677584,8.85,7.99,8.17,Torpor Orb,Promo Pack: Lorwyn Eclipsed,torpororb
672283,4.26,9.49,4.5,Vibrance,Promo Pack: Lorwyn Eclipsed,vibrance
677585,30.34,47.99,35.94,Vaultborn Tyrant,Promo Pack: Lorwyn Eclipsed,vaultborntyrant
671089,0.76,,0.71,Virulent Emissary,Promo Pack: Lorwyn Eclipsed,virulentemissary
672284,10.56,15.99,11.0,Wistfulness,Promo Pack: Lorwyn Eclipsed,wistfulness
683153,14.06,24.99,,Warren Soultrader,Promo Pack: Lorwyn Eclipsed,warrensoultrader
661919,2.24,3.99,1.86,"Aang, Swift Savior",Avatar: The Last Airbender,aangswiftsavior
649367,0.31,0.49,0.15,Abandon Attachments,Avatar: The Last Airbender,abandonattachments
662604,0.34,0.69,0.15,Accumulate Wisdom,Avatar: The Last Airbender,accumulatewisdom
660496,1.38,2.29,0.52,Airbender Ascension,Avatar: The Last Airbender,airbenderascension
662801,4.73,9.99,4.89,Abandoned Air Temple,Avatar: The Last Airbender,abandonedairtemple
662403,1.11,1.79,0.87,Agna Qel'a,Avatar: The Last Airbender,agnaqela
661938,3.18,5.99,2.95,Avatar's Wrath,Avatar: The Last Airbender,avatarswrath
662547,3.34,6.99,3.58,Ba Sing Se,Avatar: The Last Airbender,basingse
660570,49.32,79.99,48.97,Badgermole Cub,Avatar: The Last Airbender,badgermolecub
662084,0.67,1.29,0.15,Boomerang Basics,Avatar: The Last Airbender,boomerangbasics
662106,0.24,0.35,0.15,Combustion Technique,Avatar: The Last Airbender,combustiontechnique
660525,1.08,1.49,0.3,Day of Black Sun,Avatar: The Last Airbender,dayofblacksun
660591,0.18,0.35,0.15,Dragonfly Swarm,Avatar: The Last Airbender,dragonflyswarm
662109,1.93,3.49,1.6400000000000001,Earthbender Ascension,Avatar: The Last Airbender,earthbenderascension
662768,0.24,0.35,0.15,Firebending Lesson,Avatar: The Last Airbender,firebendinglesson
660503,0.32,0.35,0.15,Gran-Gran,Avatar: The Last Airbender,grangran
649408,0.21,0.35,0.15,Heartless Act,Avatar: The Last Airbender,heartlessact
662079,0.3,0.35,0.15,Iroh's Demonstration,Avatar: The Last Airbender,irohsdemonstration
649372,0.2,0.35,0.15,It'll Quench Ya!,Avatar: The Last Airbender,itllquenchya
661961,1.12,1.79,0.19,"Mai, Scornful Striker",Avatar: The Last Airbender,maiscornfulstriker
648654,0.44,0.69,0.15,"Momo, Friendly Flier",Avatar: The Last Airbender,momofriendlyflier
661802,0.2,0.35,0.15,Octopus Form,Avatar: The Last Airbender,octopusform
661801,0.27,0.35,0.15,Origin of Metalbending,Avatar: The Last Airbender,originofmetalbending
661887,0.49,1.79,0.15,Price of Freedom,Avatar: The Last Airbender,priceoffreedom
662081,0.19,0.49,0.15,Raven Eagle,Avatar: The Last Airbender,raveneagle
648709,10.13,16.99,9.83,Redirect Lightning,Avatar: The Last Airbender,redirectlightning
660545,2.2,3.49,1.25,The Last Agni Kai,Avatar: The Last Airbender,thelastagnikai
660549,10.17,16.99,10.1,The Legend of Roku,Avatar: The Last Airbender,thelegendofroku
661945,1.58,2.49,0.71,The Unagi of Kyoshi Island,Avatar: The Last Airbender,theunagiofkyoshiisland
660516,35.76,54.99,35.84,"Wan Shi Tong, Librarian",Avatar: The Last Airbender,wanshitonglibrarian
660742,0.25,0.35,0.15,White Lotus Hideout,Avatar: The Last Airbender,whitelotushideout
662573,0.29,0.49,0.15,"Zhao, the Moon Slayer",Avatar: The Last Airbender,zhaothemoonslayer
662458,1.43,2.79,1.41,Brainstorm,Avatar: The Last Airbender: Eternal-Legal,brainstorm
662382,4.38,5.99,3.79,Bolt Bend,Avatar: The Last Airbender: Eternal-Legal,boltbend
662463,0.44,0.99,0.26,Dramatic Reversal,Avatar: The Last Airbender: Eternal-Legal,dramaticreversal
662367,0.33,0.69,0.2,"Smellerbee, Rebel Fighter",Avatar: The Last Airbender: Eternal-Legal,smellerbeerebelfighter
648732,24.04,37.99,23.150000000000002,The Cabbage Merchant,Avatar: The Last Airbender: Eternal-Legal,thecabbagemerchant
651336,1.43,1.79,0.25,"Carnage, Crimson Chaos",Marvel's Spider-Man,carnagecrimsonchaos
646661,6.77,10.99,5.71,Multiversal Passage,Marvel's Spider-Man,multiversalpassage
651386,1.43,1.99,0.91,Peter Parker's Camera,Marvel's Spider-Man,peterparkerscamera
651333,0.4,0.49,0.15,"Sandman, Shifting Scoundrel",Marvel's Spider-Man,sandmanshiftingscoundrel
652302,0.23,0.49,0.15,Secret Identity,Marvel's Spider-Man,secretidentity
651989,1.09,1.49,0.23,Shadow of the Goblin,Marvel's Spider-Man,shadowofthegoblin
646148,0.12,0.35,0.15,Shock,Marvel's Spider-Man,shock
651910,1.62,2.79,1.03,Spider-Sense,Marvel's Spider-Man,spidersense
651942,2.51,2.99,1.49,Superior Spider-Man,Marvel's Spider-Man,superiorspiderman
642435,0.31,0.35,0.15,Annul,Edge of Eternities,annul
638910,9.36,15.99,8.33,Breeding Pool,Edge of Eternities,breedingpool
642437,2.36,5.49,2.49,Consult the Star Charts,Edge of Eternities,consultthestarcharts
642114,4.87,7.49,4.42,Cosmogrand Zenith,Edge of Eternities,cosmograndzenith
644579,0.21,0.35,0.15,Divert Disaster,Edge of Eternities,divertdisaster
643506,0.3,0.49,0.15,"Dyadrine, Synthesis Amalgam",Edge of Eternities,dyadrinesynthesisamalgam
642982,2.6,4.49,2.08,Famished Worldsire,Edge of Eternities,famishedworldsire
643890,0.29,0.35,0.15,Full Bore,Edge of Eternities,fullbore
644609,0.24,0.35,0.15,Gene Pollinator,Edge of Eternities,genepollinator
638911,9.14,13.99,8.22,Godless Shrine,Edge of Eternities,godlessshrine
641728,1.6,4.99,1.6500000000000001,"Haliya, Guided by Light",Edge of Eternities,haliyaguidedbylight
644286,14.19,22.99,14.32,Icetill Explorer,Edge of Eternities,icetillexplorer
641943,1.16,1.79,0.26,"Kavaron, Memorial World",Edge of Eternities,kavaronmemorialworld
644628,0.3,0.39,0.15,Meltstrider's Resolve,Edge of Eternities,meltstridersresolve
643504,1.45,2.79,1.04,Mightform Harmonizer,Edge of Eternities,mightformharmonizer
641732,0.35,0.49,0.15,Nova Hellkite,Edge of Eternities,novahellkite
641733,31.7,39.99,30.05,Ouroboroid,Edge of Eternities,ouroboroid
641734,31.87,54.99,31.26,Quantum Riddler,Edge of Eternities,quantumriddler
644618,0.45,0.99,0.15,Seam Rip,Edge of Eternities,seamrip
638912,10.34,14.99,9.52,Sacred Foundry,Edge of Eternities,sacredfoundry
641739,0.32,0.69,0.15,Starfield Shepherd,Edge of Eternities,starfieldshepherd
638913,7.22,10.99,6.19,Stomping Ground,Edge of Eternities,stompingground
638908,19.26,27.99,17.7,"Tezzeret, Cruel Captain",Edge of Eternities,tezzeretcruelcaptain
641748,11.85,18.99,11.290000000000001,"Uthros, Titanic Godcore",Edge of Eternities,uthrostitanicgodcore
638914,8.99,14.99,8.42,Watery Grave,Edge of Eternities,waterygrave
641987,0.89,1.29,0.8200000000000001,Aftermath Analyst,Commander: Edge of Eternities,aftermathanalyst
642024,0.52,0.79,0.43,Arcane Signet,Commander: Edge of Eternities,arcanesignet
641779,0.7,2.29,0.41000000000000003,Weftstalker Ardent,Edge of Eternities,weftstalkerardent
642845,0.39,,0.18,Battlefield Forge,Commander: Edge of Eternities,battlefieldforge
641969,0.88,1.99,0.66,Blasphemous Act,Commander: Edge of Eternities,blasphemousact
642848,0.38,0.99,0.38,Buried Ruin,Commander: Edge of Eternities,buriedruin
641961,4.55,5.99,4.42,"Braids, Arisen Nightmare",Commander: Edge of Eternities,braidsarisennightmare
642813,0.4,0.79,0.26,Chaos Warp,Commander: Edge of Eternities,chaoswarp
642032,0.37,0.69,0.26,Command Tower,Commander: Edge of Eternities,commandtower
642061,0.27,0.35,0.15,Escape Tunnel,Commander: Edge of Eternities,escapetunnel
642851,0.3,,0.15,Exotic Orchard,Commander: Edge of Eternities,exoticorchard
642033,1.62,1.79,1.22,Fabled Passage,Commander: Edge of Eternities,fabledpassage
642853,2.39,3.49,2.5500000000000003,Great Furnace,Commander: Edge of Eternities,greatfurnace
641983,2.49,2.99,2.34,Horizon Explorer,Commander: Edge of Eternities,horizonexplorer
642064,0.56,1.49,0.47000000000000003,Llanowar Wastes,Commander: Edge of Eternities,llanowarwastes
642804,2.42,3.99,2.43,Phyrexian Metamorph,Commander: Edge of Eternities,phyrexianmetamorph
642782,0.9,0.99,0.78,Patrolling Peacemaker,Commander: Edge of Eternities,patrollingpeacemaker
642862,0.79,1.79,0.65,Seat of the Synod,Commander: Edge of Eternities,seatofthesynod
642864,0.34,,0.25,Shivan Reef,Commander: Edge of Eternities,shivanreef
642025,1.81,2.79,1.51,Sol Ring,Commander: Edge of Eternities,solring
642839,0.35,0.39,0.15,Soul-Guide Lantern,Commander: Edge of Eternities,soulguidelantern
642071,1.19,1.99,1.02,Sulfurous Springs,Commander: Edge of Eternities,sulfuroussprings
642867,0.33,0.49,0.15,Spire of Industry,Commander: Edge of Eternities,spireofindustry
642791,8.76,13.99,9.26,Swan Song,Commander: Edge of Eternities,swansong
642783,1.43,2.49,1.4000000000000001,Swords to Plowshares,Commander: Edge of Eternities,swordstoplowshares
642857,0.35,0.99,0.35000000000000003,The Mycosynth Gardens,Commander: Edge of Eternities,themycosynthgardens
642436,0.31,,0.2,Annul,Promo Pack: Edge of Eternities,annul
648590,34.23,39.99,35.95,Bloodthirsty Conqueror,Promo Pack: Edge of Eternities,bloodthirstyconqueror
645531,11.81,15.99,10.42,Breeding Pool,Promo Pack: Edge of Eternities,breedingpool
645463,4.41,8.49,6.08,Cosmogrand Zenith,Promo Pack: Edge of Eternities,cosmograndzenith
645472,4.14,6.99,3.85,Consult the Star Charts,Promo Pack: Edge of Eternities,consultthestarcharts
645512,0.24,0.49,0.22,"Dyadrine, Synthesis Amalgam",Promo Pack: Edge of Eternities,dyadrinesynthesisamalgam
645502,4.35,3.99,4.24,Famished Worldsire,Promo Pack: Edge of Eternities,famishedworldsire
645534,10.03,15.99,10.4,Godless Shrine,Promo Pack: Edge of Eternities,godlessshrine
645465,2.89,4.49,4.62,"Haliya, Guided by Light",Promo Pack: Edge of Eternities,haliyaguidedbylight
645504,17.62,22.99,17.25,Icetill Explorer,Promo Pack: Edge of Eternities,icetillexplorer
645535,0.83,1.99,1.26,"Kavaron, Memorial World",Promo Pack: Edge of Eternities,kavaronmemorialworld
645493,0.91,0.79,0.36,Nova Hellkite,Promo Pack: Edge of Eternities,novahellkite
645506,2.95,3.49,3.09,Mightform Harmonizer,Promo Pack: Edge of Eternities,mightformharmonizer
645507,37.74,44.99,36.12,Ouroboroid,Promo Pack: Edge of Eternities,ouroboroid
645476,39.77,59.99,39.42,Quantum Riddler,Promo Pack: Edge of Eternities,quantumriddler
645536,10.69,15.99,11.13,Sacred Foundry,Promo Pack: Edge of Eternities,sacredfoundry
649211,5.33,7.49,5.46,Springheart Nantuko,Promo Pack: Edge of Eternities,springheartnantuko
642105,0.38,,0.2,Starfield Shepherd,Promo Pack: Edge of Eternities,starfieldshepherd
645538,8.0,9.99,9.370000000000001,Stomping Ground,Promo Pack: Edge of Eternities,stompingground
645523,19.88,27.99,20.84,"Tezzeret, Cruel Captain",Promo Pack: Edge of Eternities,tezzeretcruelcaptain
645541,10.8,14.99,11.24,Watery Grave,Promo Pack: Edge of Eternities,waterygrave
645540,10.83,,11.69,"Uthros, Titanic Godcore",Promo Pack: Edge of Eternities,uthrostitanicgodcore
631265,2.95,4.49,2.61,An Offer You Can't Refuse,Commander: FINAL FANTASY,anofferyoucantrefuse
631174,0.62,1.49,0.56,Archmage Emeritus,Commander: FINAL FANTASY,archmageemeritus
631249,0.28,0.69,0.15,Battlefield Forge,Commander: FINAL FANTASY,battlefieldforge
631156,0.32,0.79,0.29,Chaos Warp,Commander: FINAL FANTASY,chaoswarp
631316,0.33,0.69,0.15,Demolition Field,Commander: FINAL FANTASY,demolitionfield
631261,0.35,0.49,0.15,Exotic Orchard,Commander: FINAL FANTASY,exoticorchard
631124,1.69,2.79,1.5,"Gogo, Mysterious Mime",Commander: FINAL FANTASY,gogomysteriousmime
631307,1.03,1.79,0.97,Incubation Druid,Commander: FINAL FANTASY,incubationdruid
631182,0.27,0.49,0.15,Key to the City,Commander: FINAL FANTASY,keytothecity
631531,0.32,0.79,0.25,Mind Stone,Commander: FINAL FANTASY,mindstone
631196,1.21,2.49,1.19,Path to Exile,Commander: FINAL FANTASY,pathtoexile
631136,6.2,7.99,5.4,Professional Face-Breaker,Commander: FINAL FANTASY,professionalfacebreaker
631573,8.1,11.99,7.8,Reanimate,Commander: FINAL FANTASY,reanimate
631292,1.38,2.29,1.16,Relic of Legends,Commander: FINAL FANTASY,relicoflegends
631256,6.45,8.49,6.33,Snuff Out,Commander: FINAL FANTASY,snuffout
631282,0.26,0.49,0.15,Spire of Industry,Commander: FINAL FANTASY,spireofindustry
631512,0.28,0.69,0.15,Stitcher's Supplier,Commander: FINAL FANTASY,stitcherssupplier
631594,1.06,2.29,1.17,Sulfurous Springs,Commander: FINAL FANTASY,sulfuroussprings
631137,1.55,2.49,1.3800000000000001,Swords to Plowshares,Commander: FINAL FANTASY,swordstoplowshares
631296,1.66,2.49,1.42,Talisman of Dominance,Commander: FINAL FANTASY,talismanofdominance
631298,0.57,1.29,0.36,Talisman of Hierarchy,Commander: FINAL FANTASY,talismanofhierarchy
631550,2.21,2.99,1.95,Talisman of Indulgence,Commander: FINAL FANTASY,talismanofindulgence
631300,0.4,0.99,0.34,Talisman of Progress,Commander: FINAL FANTASY,talismanofprogress
631106,8.34,9.99,8.16,Tataru Taru,Commander: FINAL FANTASY,tatarutaru
631493,1.63,3.49,1.61,Underground River,Commander: FINAL FANTASY,undergroundriver
631496,7.45,8.99,7.17,Walking Ballista,Commander: FINAL FANTASY,walkingballista
630930,1.05,1.29,0.33,"Ardyn, the Usurper",FINAL FANTASY,ardyntheusurper
618854,0.78,0.79,0.15,"Cecil, Dark Knight",FINAL FANTASY,cecildarkknight
635072,0.82,0.79,0.22,Esper Origins,FINAL FANTASY,esperorigins
630969,0.98,1.29,0.15,Fire Magic,FINAL FANTASY,firemagic
632741,2.81,3.99,2.08,"Lindblum, Industrial Regency",FINAL FANTASY,lindblumindustrialregency
633987,0.4,0.49,0.15,Louisoix's Sacrifice,FINAL FANTASY,louisoixssacrifice
633737,2.06,2.79,1.25,Restoration Magic,FINAL FANTASY,restorationmagic
618859,1.0,0.49,0.15,Sazh's Chocobo,FINAL FANTASY,sazhschocobo
631607,8.08,10.99,8.700000000000001,Starting Town,FINAL FANTASY,startingtown
634191,0.23,0.35,0.15,Swallowed by Leviathan,FINAL FANTASY,swallowedbyleviathan
630862,4.35,5.99,4.0600000000000005,The Darkness Crystal,FINAL FANTASY,thedarknesscrystal
631606,0.2,0.35,0.15,Town Greeter,FINAL FANTASY,towngreeter
633403,0.32,0.49,0.15,"Vaan, Street Thief",FINAL FANTASY,vaanstreetthief
631015,36.88,44.99,38.02,Vivi Ornitier,FINAL FANTASY,viviornitier
624178,0.35,0.35,0.15,Abrade,Commander: Tarkir: Dragonstorm,abrade
624277,2.64,4.49,2.22,Ainok Strike Leader,Commander: Tarkir: Dragonstorm,ainokstrikeleader
624158,0.44,1.79,0.46,Archmage Emeritus,Commander: Tarkir: Dragonstorm,archmageemeritus
624048,0.57,0.99,0.4,Arcane Signet,Commander: Tarkir: Dragonstorm,arcanesignet
624204,0.34,0.79,0.19,Battlefield Forge,Commander: Tarkir: Dragonstorm,battlefieldforge
624303,0.42,0.59,0.15,Bitter Triumph,Commander: Tarkir: Dragonstorm,bittertriumph
624928,0.9,1.99,0.89,Blasphemous Act,Commander: Tarkir: Dragonstorm,blasphemousact
624929,0.39,0.79,0.31,Chaos Warp,Commander: Tarkir: Dragonstorm,chaoswarp
623982,0.34,0.99,0.25,Command Tower,Commander: Tarkir: Dragonstorm,commandtower
624449,8.65,11.99,7.75,Command Beacon,Commander: Tarkir: Dragonstorm,commandbeacon
624180,3.23,4.99,2.57,Curse of Opulence,Commander: Tarkir: Dragonstorm,curseofopulence
624420,5.09,6.49,4.89,Dauthi Voidwalker,Commander: Tarkir: Dragonstorm,dauthivoidwalker
624456,0.92,1.49,0.67,Dreamroot Cascade,Commander: Tarkir: Dragonstorm,dreamrootcascade
624207,0.23,0.59,0.15,Exotic Orchard,Commander: Tarkir: Dragonstorm,exoticorchard
624630,0.41,0.79,0.25,Faeburrow Elder,Commander: Tarkir: Dragonstorm,faeburrowelder
624374,0.87,1.49,0.71,Fellwar Stone,Commander: Tarkir: Dragonstorm,fellwarstone
624419,1.4,1.99,0.63,Gravecrawler,Commander: Tarkir: Dragonstorm,gravecrawler
624468,1.21,,0.67,Llanowar Wastes,Commander: Tarkir: Dragonstorm,llanowarwastes
624332,0.32,0.49,0.23,Loyal Apprentice,Commander: Tarkir: Dragonstorm,loyalapprentice
624156,2.13,3.99,2.04,Narset's Reversal,Commander: Tarkir: Dragonstorm,narsetsreversal
624167,0.21,0.49,0.15,Opt,Commander: Tarkir: Dragonstorm,opt
624168,1.56,4.49,2.02,Ponder,Commander: Tarkir: Dragonstorm,ponder
624170,0.47,1.29,0.53,Preordain,Commander: Tarkir: Dragonstorm,preordain
624319,1.36,3.49,1.09,Shattered Sanctum,Commander: Tarkir: Dragonstorm,shatteredsanctum
624216,0.33,0.79,0.28,Shivan Reef,Commander: Tarkir: Dragonstorm,shivanreef
624049,1.44,2.79,1.42,Sol Ring,Commander: Tarkir: Dragonstorm,solring
624435,0.28,0.79,0.15,Stitcher's Supplier,Commander: Tarkir: Dragonstorm,stitcherssupplier
624187,1.86,2.79,1.52,Storm-Kiln Artist,Commander: Tarkir: Dragonstorm,stormkilnartist
624152,1.44,2.49,1.4000000000000001,Swords to Plowshares,Commander: Tarkir: Dragonstorm,swordstoplowshares
624346,0.49,0.99,0.39,Talisman of Hierarchy,Commander: Tarkir: Dragonstorm,talismanofhierarchy
624968,3.49,2.99,2.52,Talisman of Creativity,Commander: Tarkir: Dragonstorm,talismanofcreativity
624201,0.32,0.99,0.34,Talisman of Progress,Commander: Tarkir: Dragonstorm,talismanofprogress
624196,1.13,4.49,0.9,"Veyran, Voice of Duality",Commander: Tarkir: Dragonstorm,veyranvoiceofduality
624619,0.26,0.49,0.15,Wall of Roots,Commander: Tarkir: Dragonstorm,wallofroots
624984,0.39,0.69,0.26,Yavimaya Coast,Commander: Tarkir: Dragonstorm,yavimayacoast
624138,0.47,0.49,0.15,Awaken the Honored Dead,Tarkir: Dragonstorm,awakenthehonoreddead
624539,2.06,3.49,1.56,Clarion Conqueror,Tarkir: Dragonstorm,clarionconqueror
624261,1.14,2.49,0.45,Cori Mountain Monastery,Tarkir: Dragonstorm,corimountainmonastery
625012,0.19,0.35,0.15,Dispelling Exhale,Tarkir: Dragonstorm,dispellingexhale
624139,12.23,12.99,11.450000000000001,Dracogenesis,Tarkir: Dragonstorm,dracogenesis
623882,38.92,47.99,36.04,"Elspeth, Storm Slayer",Tarkir: Dragonstorm,elspethstormslayer
625133,0.28,0.49,0.15,"Felothar, Dawn of the Abzan",Tarkir: Dragonstorm,felothardawnoftheabzan
619636,0.63,0.99,0.15,Inevitable Defeat,Tarkir: Dragonstorm,inevitabledefeat
625135,6.36,8.99,4.34,Jeskai Revelation,Tarkir: Dragonstorm,jeskairevelation
624266,0.29,0.49,0.15,Kishla Village,Tarkir: Dragonstorm,kishlavillage
623887,1.68,2.49,1.03,Marang River Regent,Tarkir: Dragonstorm,marangriverregent
624397,0.18,0.35,0.15,Mardu Devotee,Tarkir: Dragonstorm,mardudevotee
624267,8.07,13.99,7.49,Mistrise Village,Tarkir: Dragonstorm,mistrisevillage
624738,5.22,6.99,4.08,Nature's Rhythm,Tarkir: Dragonstorm,naturesrhythm
624270,0.34,0.59,0.15,Opulent Palace,Tarkir: Dragonstorm,opulentpalace
623890,0.3,0.35,0.15,Rakshasa's Bargain,Tarkir: Dragonstorm,rakshasasbargain
623889,1.94,2.49,1.03,Qarsi Revenant,Tarkir: Dragonstorm,qarsirevenant
624680,0.53,0.49,0.16,Sage of the Skies,Tarkir: Dragonstorm,sageoftheskies
619639,0.2,0.35,0.15,Skirmish Rhino,Tarkir: Dragonstorm,skirmishrhino
624592,0.28,0.39,0.15,Snakeskin Veil,Tarkir: Dragonstorm,snakeskinveil
625197,0.83,0.79,0.15,Strategic Betrayal,Tarkir: Dragonstorm,strategicbetrayal
624252,1.11,0.99,0.15,"Surrak, Elusive Hunter",Tarkir: Dragonstorm,surrakelusivehunter
623897,16.98,27.99,17.44,Voice of Victory,Tarkir: Dragonstorm,voiceofvictory
625027,2.23,2.79,1.46,Warden of the Grove,Tarkir: Dragonstorm,wardenofthegrove
624067,1.64,2.29,0.73,Winternight Stories,Tarkir: Dragonstorm,winternightstories
625744,0.39,0.79,0.4,Awaken the Honored Dead,Promo Pack: Tarkir: Dragonstorm,awakenthehonoreddead
625770,0.39,2.79,0.8200000000000001,Cori Mountain Monastery,Promo Pack: Tarkir: Dragonstorm,corimountainmonastery
625718,2.06,3.99,2.71,Clarion Conqueror,Promo Pack: Tarkir: Dragonstorm,clarionconqueror
625701,12.01,13.99,13.33,Dracogenesis,Promo Pack: Tarkir: Dragonstorm,dracogenesis
625697,37.05,47.99,38.550000000000004,"Elspeth, Storm Slayer",Promo Pack: Tarkir: Dragonstorm,elspethstormslayer
625748,0.26,0.49,0.19,"Felothar, Dawn of the Abzan",Promo Pack: Tarkir: Dragonstorm,felothardawnoftheabzan
625753,0.4,0.79,0.2,Inevitable Defeat,Promo Pack: Tarkir: Dragonstorm,inevitabledefeat
625709,3.02,,7.36,Jeskai Revelation,Promo Pack: Tarkir: Dragonstorm,jeskairevelation
625773,0.36,0.49,0.39,Kishla Village,Promo Pack: Tarkir: Dragonstorm,kishlavillage
625724,1.59,2.79,2.22,Marang River Regent,Promo Pack: Tarkir: Dragonstorm,marangriverregent
625775,8.29,13.99,9.200000000000001,Mistrise Village,Promo Pack: Tarkir: Dragonstorm,mistrisevillage
625741,4.49,6.99,4.58,Nature's Rhythm,Promo Pack: Tarkir: Dragonstorm,naturesrhythm
625729,1.49,2.79,1.55,Qarsi Revenant,Promo Pack: Tarkir: Dragonstorm,qarsirevenant
625719,0.36,0.69,0.31,Sage of the Skies,Promo Pack: Tarkir: Dragonstorm,sageoftheskies
623947,0.54,,0.46,Strategic Betrayal,Promo Pack: Tarkir: Dragonstorm,strategicbetrayal
625742,0.46,0.99,0.5,"Surrak, Elusive Hunter",Promo Pack: Tarkir: Dragonstorm,surrakelusivehunter
625721,18.66,27.99,18.54,Voice of Victory,Promo Pack: Tarkir: Dragonstorm,voiceofvictory
625743,1.64,2.99,1.7,Warden of the Grove,Promo Pack: Tarkir: Dragonstorm,wardenofthegrove
625727,2.39,4.49,5.19,Winternight Stories,Promo Pack: Tarkir: Dragonstorm,winternightstories
616077,0.27,0.35,0.15,Ancient Vendetta,Aetherdrift,ancientvendetta
614270,1.13,0.99,0.19,Bloodghast,Aetherdrift,bloodghast
614401,9.95,14.99,9.34,Bleachbone Verge,Aetherdrift,bleachboneverge
615614,0.27,0.35,0.15,Bounce Off,Aetherdrift,bounceoff
596628,5.86,,5.19,Brightglass Gearhulk,Aetherdrift,brightglassgearhulk
616114,0.33,0.59,0.15,Broadside Barrage,Aetherdrift,broadsidebarrage
615634,0.39,0.69,0.15,Burnout Bashtronaut,Aetherdrift,burnoutbashtronaut
615239,0.3,0.99,0.15,Dredger's Insight,Aetherdrift,dredgersinsight
615912,3.07,4.49,1.45,Howlsquad Heavy,Aetherdrift,howlsquadheavy
610768,0.37,0.49,0.15,Lifecraft Engine,Aetherdrift,lifecraftengine
615648,1.0,1.29,0.2,Lumbering Worldwagon,Aetherdrift,lumberingworldwagon
614498,0.49,1.29,0.35000000000000003,Marauding Mako,Aetherdrift,maraudingmako
614563,0.4,0.39,0.15,Momentum Breaker,Aetherdrift,momentumbreaker
614344,1.25,1.99,0.48,Oildeep Gearhulk,Aetherdrift,oildeepgearhulk
614418,20.19,27.99,20.1,Riverpyre Verge,Aetherdrift,riverpyreverge
616098,0.15,0.35,0.15,Skycrash,Aetherdrift,skycrash
616070,0.32,0.35,0.15,Spell Pierce,Aetherdrift,spellpierce
615236,1.33,3.99,0.21,Stock Up,Aetherdrift,stockup
614431,9.68,13.99,9.89,Wastewood Verge,Aetherdrift,wastewoodverge
614435,6.78,9.99,5.8,Willowrush Verge,Aetherdrift,willowrushverge
615171,0.89,2.29,0.72,Blasphemous Act,Commander: Aetherdrift,blasphemousact
615184,0.37,0.79,0.2,Chaos Warp,Commander: Aetherdrift,chaoswarp
615163,0.33,0.59,0.15,Exotic Orchard,Commander: Aetherdrift,exoticorchard
615096,1.0,1.99,0.7000000000000001,Gravecrawler,Commander: Aetherdrift,gravecrawler
615148,0.29,0.49,0.2,Loyal Apprentice,Commander: Aetherdrift,loyalapprentice
615110,1.28,2.29,1.1300000000000001,Maskwood Nexus,Commander: Aetherdrift,maskwoodnexus
615168,0.43,1.29,0.2,Ornithopter of Paradise,Commander: Aetherdrift,ornithopterofparadise
615226,0.43,1.29,0.2,Reckless Fireweaver,Commander: Aetherdrift,recklessfireweaver
615213,0.37,0.79,0.2,Shivan Reef,Commander: Aetherdrift,shivanreef
615211,0.35,0.59,0.18,Spire of Industry,Commander: Aetherdrift,spireofindustry
615199,0.24,0.49,0.15,Soul-Guide Lantern,Commander: Aetherdrift,soulguidelantern
615190,0.39,0.99,0.2,Talisman of Curiosity,Commander: Aetherdrift,talismanofcuriosity
615067,1.63,2.79,1.52,Talisman of Dominance,Commander: Aetherdrift,talismanofdominance
615048,0.55,1.29,0.33,Talisman of Hierarchy,Commander: Aetherdrift,talismanofhierarchy
615059,1.21,2.49,1.44,Swords to Plowshares,Commander: Aetherdrift,swordstoplowshares
615181,1.03,2.49,1.04,Treasure Vault,Commander: Aetherdrift,treasurevault
615049,1.06,3.99,1.6300000000000001,Underground River,Commander: Aetherdrift,undergroundriver
615192,0.37,0.79,0.2,Yavimaya Coast,Commander: Aetherdrift,yavimayacoast
616858,1.77,1.49,2.09,Bloodghast,Promo Pack: Aetherdrift,bloodghast
616914,10.39,19.99,,Bleachbone Verge,Promo Pack: Aetherdrift,bleachboneverge
616887,5.34,,11.450000000000001,Brightglass Gearhulk,Promo Pack: Aetherdrift,brightglassgearhulk
616868,1.01,0.69,1.04,Burnout Bashtronaut,Promo Pack: Aetherdrift,burnoutbashtronaut
616876,3.2,3.99,2.77,Howlsquad Heavy,Promo Pack: Aetherdrift,howlsquadheavy
616910,0.42,1.29,0.41000000000000003,Lifecraft Engine,Promo Pack: Aetherdrift,lifecraftengine
614499,2.48,,1.45,Marauding Mako,Promo Pack: Aetherdrift,maraudingmako
616880,1.06,0.99,0.61,Lumbering Worldwagon,Promo Pack: Aetherdrift,lumberingworldwagon
616900,2.6,5.99,2.6,Oildeep Gearhulk,Promo Pack: Aetherdrift,oildeepgearhulk
616916,21.76,29.99,25.0,Riverpyre Verge,Promo Pack: Aetherdrift,riverpyreverge
616918,10.05,22.99,17.76,Wastewood Verge,Promo Pack: Aetherdrift,wastewoodverge
616919,10.92,11.99,11.370000000000001,Willowrush Verge,Promo Pack: Aetherdrift,willowrushverge
609618,0.22,0.35,0.15,Abrade,Innistrad Remastered,abrade
609825,15.29,,12.24,Cryptolith Rite,Innistrad Remastered,cryptolithrite
609809,6.2,6.49,3.74,Deathcap Glade,Innistrad Remastered,deathcapglade
609824,1.54,,1.1,Dreamroot Cascade,Innistrad Remastered,dreamrootcascade
609895,3.87,5.49,2.95,Eldritch Evolution,Innistrad Remastered,eldritchevolution
609704,1.6,2.79,0.92,Gravecrawler,Innistrad Remastered,gravecrawler
609969,1.58,1.99,0.92,Heartless Summoning,Innistrad Remastered,heartlesssummoning
609763,6.36,8.49,5.21,Hullbreaker Horror,Innistrad Remastered,hullbreakerhorror
609649,0.37,0.69,0.15,Maelstrom Pulse,Innistrad Remastered,maelstrompulse
610031,3.09,4.49,2.18,Metallic Mimic,Innistrad Remastered,metallicmimic
610803,2.42,2.99,2.5100000000000002,Shattered Sanctum,Innistrad Remastered,shatteredsanctum
609885,3.53,3.99,3.21,Stormcarved Coast,Innistrad Remastered,stormcarvedcoast
609889,4.28,3.99,3.09,Sundown Pass,Innistrad Remastered,sundownpass
610024,4.92,6.49,4.38,Temporal Mastery,Innistrad Remastered,temporalmastery
600473,27.71,29.99,25.97,The Meathook Massacre,Innistrad Remastered,themeathookmassacre
600501,0.31,0.35,0.15,Young Wolf,Innistrad Remastered,youngwolf
591105,,,,Arcane Signet,Commander: Foundations,arcanesignet
591108,,,,Command Tower,Commander: Foundations,commandtower
591107,,,,Sol Ring,Commander: Foundations,solring
591656,0.21,0.35,0.15,Abrade,Foundations,abrade
591075,,,,Adaptive Automaton,Foundations,adaptiveautomaton
590828,2.84,4.49,2.2800000000000002,An Offer You Can't Refuse,Foundations,anofferyoucantrefuse
591690,0.28,0.35,0.15,Axgard Cavalry,Foundations,axgardcavalry
589328,35.1,42.99,34.550000000000004,Bloodthirsty Conqueror,Foundations,bloodthirstyconqueror
591021,2.43,4.99,2.81,Bolt Bend,Foundations,boltbend
590106,0.28,0.35,0.15,Burst Lightning,Foundations,burstlightning
591758,0.27,0.59,0.15,Bushwhack,Foundations,bushwhack
591689,0.33,0.59,0.15,Cancel,Foundations,cancel
557922,0.91,1.29,0.26,Day of Judgment,Foundations,dayofjudgment
589332,0.12,0.39,0.15,Deathmark,Foundations,deathmark
591093,0.25,0.49,0.15,Demolition Field,Foundations,demolitionfield
589335,0.13,0.35,0.15,Duress,Foundations,duress
591303,0.15,0.35,0.15,Essence Scatter,Foundations,essencescatter
591079,,,,Expedition Map,Foundations,expeditionmap
591169,0.34,0.69,0.15,Extravagant Replication,Foundations,extravagantreplication
589338,0.12,0.49,0.15,Flashfreeze,Foundations,flashfreeze
590835,4.73,8.99,4.16,High Fae Trickster,Foundations,highfaetrickster
557921,0.31,0.99,0.15,Llanowar Elves,Foundations,llanowarelves
589351,0.19,0.49,0.15,Maelstrom Pulse,Foundations,maelstrompulse
589354,10.2,16.99,9.47,Mossborn Hydra,Foundations,mossbornhydra
589356,,,,Negate,Foundations,negate
557923,5.96,8.49,5.34,Omniscience,Foundations,omniscience
591683,0.14,0.35,0.15,Opt,Foundations,opt
589772,0.27,0.49,0.15,Scavenging Ooze,Foundations,scavengingooze
591641,0.28,0.39,0.15,Secluded Courtyard,Foundations,secludedcourtyard
589769,0.37,0.59,0.15,Slagstorm,Foundations,slagstorm
591849,0.29,0.39,0.15,Snakeskin Veil,Foundations,snakeskinveil
589366,0.21,0.59,0.15,Soul-Guide Lantern,Foundations,soulguidelantern
591327,0.55,0.99,0.17,Soulstone Sanctuary,Foundations,soulstonesanctuary
591779,1.14,1.49,0.46,Thousand-Year Storm,Foundations,thousandyearstorm
591087,0.15,0.35,0.15,Three Tree Mascot,Foundations,threetreemascot
591019,0.23,,0.15,Vile Entomber,Foundations,vileentomber
591020,1.58,3.99,2.04,Wishclaw Talisman,Foundations,wishclawtalisman
590169,0.27,0.59,0.15,Bushwhack,Foundations Jumpstart,bushwhack
590798,0.81,2.29,0.8300000000000001,Combat Celebrant,Foundations Jumpstart,combatcelebrant
590537,0.35,0.69,0.26,Faerie Seer,Foundations Jumpstart,faerieseer
589845,0.34,0.59,0.16,Gingerbrute,Foundations Jumpstart,gingerbrute
590545,0.45,1.49,0.36,Goblin Rabblemaster,Foundations Jumpstart,goblinrabblemaster
590519,0.35,0.69,0.26,Llanowar Elves,Foundations Jumpstart,llanowarelves
590526,5.67,6.99,4.5,Lotus Cobra,Foundations Jumpstart,lotuscobra
590507,0.22,0.39,0.15,Opt,Foundations Jumpstart,opt
590123,0.44,1.29,0.4,Ornithopter of Paradise,Foundations Jumpstart,ornithopterofparadise
590741,0.3,0.69,0.25,"Rishkar, Peema Renegade",Foundations Jumpstart,rishkarpeemarenegade
590713,2.35,5.49,2.43,Ruthless Technomancer,Foundations Jumpstart,ruthlesstechnomancer
590309,0.7,1.79,0.5,Seat of the Synod,Foundations Jumpstart,seatofthesynod
590510,0.25,0.35,0.15,Shock,Foundations Jumpstart,shock
590780,0.3,0.39,0.15,Snakeskin Veil,Foundations Jumpstart,snakeskinveil
578053,14.42,21.99,13.8,Abhorrent Oculus,Duskmourn: House of Horror,abhorrentoculus
576512,8.18,12.99,8.9,Blazemire Verge,Duskmourn: House of Horror,blazemireverge
578347,0.23,0.35,0.15,Broodspinner,Duskmourn: House of Horror,broodspinner
562745,0.91,0.99,0.2,Doomsday Excruciator,Duskmourn: House of Horror,doomsdayexcruciator
575047,4.05,6.99,3.87,Enduring Innocence,Duskmourn: House of Horror,enduringinnocence
575157,6.9,8.99,5.24,Enduring Curiosity,Duskmourn: House of Horror,enduringcuriosity
562746,11.73,16.99,11.98,Enduring Tenacity,Duskmourn: House of Horror,enduringtenacity
578080,15.42,16.99,18.740000000000002,Enduring Vitality,Duskmourn: House of Horror,enduringvitality
576514,7.49,11.99,7.83,Floodfarm Verge,Duskmourn: House of Horror,floodfarmverge
576874,0.41,0.69,0.15,Floodpits Drowner,Duskmourn: House of Horror,floodpitsdrowner
575273,3.93,5.99,2.93,Ghost Vacuum,Duskmourn: House of Horror,ghostvacuum
578879,0.34,0.49,0.15,Get Out,Duskmourn: House of Horror,getout
576518,10.14,12.99,9.1,Gloomlake Verge,Duskmourn: House of Horror,gloomlakeverge
576520,7.46,10.99,6.83,Hushwood Verge,Duskmourn: House of Horror,hushwoodverge
575076,9.32,16.99,8.33,"Kaito, Bane of Nightmares",Duskmourn: House of Horror,kaitobaneofnightmares
575262,0.59,0.79,0.16,Leyline of the Void,Duskmourn: House of Horror,leylineofthevoid
578074,3.54,4.99,3.3200000000000003,"Marvin, Murderous Mimic",Duskmourn: House of Horror,marvinmurderousmimic
557277,0.51,0.79,0.15,Nowhere to Run,Duskmourn: House of Horror,nowheretorun
578886,20.32,24.99,19.09,Overlord of the Balemurk,Duskmourn: House of Horror,overlordofthebalemurk
575291,0.28,0.35,0.15,Pyroclasm,Duskmourn: House of Horror,pyroclasm
579339,0.35,0.49,0.15,Roaring Furnace // Steaming Sauna,Duskmourn: House of Horror,roaringfurnacesteamingsauna
578877,1.35,2.79,0.92,Sheltered by Ghosts,Duskmourn: House of Horror,shelteredbyghosts
575054,1.65,2.49,1.53,Split Up,Duskmourn: House of Horror,splitup
575080,0.9,0.69,0.36,The Jolly Balloon Man,Duskmourn: House of Horror,thejollyballoonman
576504,8.43,11.99,7.45,Untimely Malfunction,Duskmourn: House of Horror,untimelymalfunction
575065,14.49,22.99,15.1,"Valgavoth, Terror Eater",Duskmourn: House of Horror,valgavothterroreater
577861,1.23,0.99,0.44,Arcane Signet,Commander: Duskmourn: House of Horror,arcanesignet
577808,16.21,18.99,12.5,"Ashaya, Soul of the Wild",Commander: Duskmourn: House of Horror,ashayasoulofthewild
578952,0.91,1.99,0.78,Blasphemous Act,Commander: Duskmourn: House of Horror,blasphemousact
578953,1.54,2.49,1.47,Brainstorm,Commander: Duskmourn: House of Horror,brainstorm
579000,4.52,5.99,4.22,"Braids, Arisen Nightmare",Commander: Duskmourn: House of Horror,braidsarisennightmare
578966,0.49,0.99,0.31,Chaos Warp,Commander: Duskmourn: House of Horror,chaoswarp
577883,0.38,0.69,0.25,Command Tower,Commander: Duskmourn: House of Horror,commandtower
579029,0.85,0.59,0.15,Culling Ritual,Commander: Duskmourn: House of Horror,cullingritual
579308,3.55,3.99,2.31,Dryad Arbor,Commander: Duskmourn: House of Horror,dryadarbor
579310,0.25,0.59,0.15,Exotic Orchard,Commander: Duskmourn: House of Horror,exoticorchard
578957,0.35,0.69,0.15,Extravagant Replication,Commander: Duskmourn: House of Horror,extravagantreplication
579090,1.39,1.49,0.81,Fellwar Stone,Commander: Duskmourn: House of Horror,fellwarstone
578915,5.7,7.49,4.48,Gleeful Arsonist,Commander: Duskmourn: House of Horror,gleefularsonist
579034,5.58,2.29,1.07,Gray Merchant of Asphodel,Commander: Duskmourn: House of Horror,graymerchantofasphodel
578921,8.67,9.99,6.24,Kederekt Parasite,Commander: Duskmourn: House of Horror,kederektparasite
579324,0.47,1.29,0.51,Llanowar Wastes,Commander: Duskmourn: House of Horror,llanowarwastes
578980,0.34,0.59,0.19,Light Up the Stage,Commander: Duskmourn: House of Horror,lightupthestage
579099,0.34,0.69,0.22,Mind Stone,Commander: Duskmourn: House of Horror,mindstone
578967,2.52,3.99,1.54,Mirrormade,Commander: Duskmourn: House of Horror,mirrormade
579064,5.51,8.49,5.19,Professor Onyx,Commander: Duskmourn: House of Horror,professoronyx
578974,2.48,3.49,1.9000000000000001,Ponder,Commander: Duskmourn: House of Horror,ponder
579066,9.09,13.99,8.66,Reanimate,Commander: Duskmourn: House of Horror,reanimate
579111,0.32,0.49,0.15,Scavenging Ooze,Commander: Duskmourn: House of Horror,scavengingooze
577866,1.81,2.49,1.46,Sol Ring,Commander: Duskmourn: House of Horror,solring
579336,1.75,2.29,1.32,Sulfurous Springs,Commander: Duskmourn: House of Horror,sulfuroussprings
579070,0.36,0.79,0.2,Stitcher's Supplier,Commander: Duskmourn: House of Horror,stitcherssupplier
578992,1.27,2.49,1.56,Swords to Plowshares,Commander: Duskmourn: House of Horror,swordstoplowshares
579115,3.71,3.49,2.81,Talisman of Indulgence,Commander: Duskmourn: House of Horror,talismanofindulgence
579359,1.6,3.49,1.6300000000000001,Underground River,Commander: Duskmourn: House of Horror,undergroundriver
578922,2.71,2.79,1.35,Vial Smasher the Fierce,Commander: Duskmourn: House of Horror,vialsmasherthefierce
577867,0.37,0.69,0.27,Yavimaya Coast,Commander: Duskmourn: House of Horror,yavimayacoast
580718,13.18,21.99,14.5,Abhorrent Oculus,Promo Pack: Duskmourn: House of Horror,abhorrentoculus
580764,9.52,13.99,8.85,Blazemire Verge,Promo Pack: Duskmourn: House of Horror,blazemireverge
580731,4.31,7.49,4.48,Enduring Innocence,Promo Pack: Duskmourn: House of Horror,enduringinnocence
580744,14.58,16.99,15.93,Enduring Tenacity,Promo Pack: Duskmourn: House of Horror,enduringtenacity
580743,1.08,1.49,1.04,Doomsday Excruciator,Promo Pack: Duskmourn: House of Horror,doomsdayexcruciator
580737,6.45,8.99,6.87,Enduring Curiosity,Promo Pack: Duskmourn: House of Horror,enduringcuriosity
580765,9.01,12.99,9.370000000000001,Floodfarm Verge,Promo Pack: Duskmourn: House of Horror,floodfarmverge
580752,13.08,17.99,20.05,Enduring Vitality,Promo Pack: Duskmourn: House of Horror,enduringvitality
580762,3.88,5.99,5.67,Ghost Vacuum,Promo Pack: Duskmourn: House of Horror,ghostvacuum
580766,11.94,13.99,11.200000000000001,Gloomlake Verge,Promo Pack: Duskmourn: House of Horror,gloomlakeverge
580729,9.66,16.99,9.790000000000001,"Kaito, Bane of Nightmares",Promo Pack: Duskmourn: House of Horror,kaitobaneofnightmares
580767,6.72,13.99,7.01,Hushwood Verge,Promo Pack: Duskmourn: House of Horror,hushwoodverge
583661,0.52,1.79,0.51,Leyline of the Void,Promo Pack: Duskmourn: House of Horror,leylineofthevoid
580763,2.99,4.99,2.52,"Marvin, Murderous Mimic",Promo Pack: Duskmourn: House of Horror,marvinmurderousmimic
580721,20.05,29.99,23.96,Overlord of the Balemurk,Promo Pack: Duskmourn: House of Horror,overlordofthebalemurk
575881,0.33,0.79,0.15,Pyroclasm,Promo Pack: Duskmourn: House of Horror,pyroclasm
583664,0.47,0.79,0.52,Roaring Furnace // Steaming Sauna,Promo Pack: Duskmourn: House of Horror,roaringfurnacesteamingsauna
580734,1.63,2.49,1.71,Split Up,Promo Pack: Duskmourn: House of Horror,splitup
594379,0.57,0.99,0.56,The Jolly Balloon Man,Promo Pack: Duskmourn: House of Horror,thejollyballoonman
580722,13.84,21.99,15.790000000000001,"Valgavoth, Terror Eater",Promo Pack: Duskmourn: House of Horror,valgavothterroreater
558679,0.2,0.35,0.15,Barkform Harvester,Bloomburrow,barkformharvester
558421,4.44,5.49,4.15,"Beza, the Bounding Spring",Bloomburrow,bezatheboundingspring
559037,7.82,12.99,7.65,Dawn's Truce,Bloomburrow,dawnstruce
559642,1.52,1.99,0.48,Eddymurk Crab,Bloomburrow,eddymurkcrab
559076,0.96,1.79,0.28,Emberheart Challenger,Bloomburrow,emberheartchallenger
559476,1.73,2.99,1.1300000000000001,Fabled Passage,Bloomburrow,fabledpassage
559509,0.24,0.35,0.15,Feed the Cycle,Bloomburrow,feedthecycle
558331,3.81,3.49,3.31,"Glarb, Calamity's Augur",Bloomburrow,glarbcalamitysaugur
559082,0.33,0.69,0.15,Hired Claw,Bloomburrow,hiredclaw
559137,2.34,3.99,1.87,Into the Flood Maw,Bloomburrow,intothefloodmaw
559484,1.65,1.49,0.2,Keen-Eyed Curator,Bloomburrow,keeneyedcurator
541369,20.37,32.99,20.41,"Lumra, Bellow of the Woods",Bloomburrow,lumrabellowofthewoods
559141,3.26,4.99,2.95,Mockingbird,Bloomburrow,mockingbird
559486,0.53,0.99,0.17,Pawpatch Recruit,Bloomburrow,pawpatchrecruit
558350,13.91,16.99,13.040000000000001,"Ral, Crackling Wit",Bloomburrow,ralcracklingwit
558612,0.38,0.35,0.15,Rockface Village,Bloomburrow,rockfacevillage
558352,4.35,7.49,3.93,Season of Weaving,Bloomburrow,seasonofweaving
559653,0.68,1.79,0.38,Starscape Cleric,Bloomburrow,starscapecleric
558711,2.18,2.79,1.11,Sunspine Lynx,Bloomburrow,sunspinelynx
559757,4.04,8.99,3.86,Stormchaser's Talent,Bloomburrow,stormchaserstalent
559479,0.27,0.35,0.15,Three Tree Mascot,Bloomburrow,threetreemascot
559146,3.46,5.49,3.43,Valley Floodcaller,Bloomburrow,valleyfloodcaller
559909,0.33,0.35,0.15,Abrade,Commander: Bloomburrow,abrade
560186,2.88,4.49,2.59,An Offer You Can't Refuse,Commander: Bloomburrow,anofferyoucantrefuse
559719,0.5,0.79,0.42,Arcane Signet,Commander: Bloomburrow,arcanesignet
559872,0.36,0.69,0.18,Battlefield Forge,Commander: Bloomburrow,battlefieldforge
560011,0.9,1.99,0.77,Blasphemous Act,Commander: Bloomburrow,blasphemousact
559902,0.57,0.69,0.35000000000000003,Chaos Warp,Commander: Bloomburrow,chaoswarp
559724,0.35,0.69,0.26,Command Tower,Commander: Bloomburrow,commandtower
559819,1.31,2.29,0.67,Combat Celebrant,Commander: Bloomburrow,combatcelebrant
559727,0.37,0.59,0.15,Exotic Orchard,Commander: Bloomburrow,exoticorchard
559917,0.38,0.99,0.34,Faeburrow Elder,Commander: Bloomburrow,faeburrowelder
559852,1.22,1.49,0.67,Fellwar Stone,Commander: Bloomburrow,fellwarstone
560002,2.98,3.99,1.75,Hazel's Brewmaster,Commander: Bloomburrow,hazelsbrewmaster
560033,2.08,1.49,0.5,Llanowar Wastes,Commander: Bloomburrow,llanowarwastes
559826,6.28,6.99,5.6000000000000005,Lotus Cobra,Commander: Bloomburrow,lotuscobra
560043,0.27,0.49,0.15,Maelstrom Pulse,Commander: Bloomburrow,maelstrompulse
559854,0.35,0.99,0.26,Mind Stone,Commander: Bloomburrow,mindstone
560057,1.31,1.99,1.1400000000000001,Maskwood Nexus,Commander: Bloomburrow,maskwoodnexus
559835,0.77,0.99,0.41000000000000003,Ornithopter of Paradise,Commander: Bloomburrow,ornithopterofparadise
559845,1.53,2.79,1.1500000000000001,Path to Exile,Commander: Bloomburrow,pathtoexile
559733,6.47,10.99,6.03,Pollywog Prodigy,Commander: Bloomburrow,pollywogprodigy
559913,0.36,0.69,0.23,"Rishkar, Peema Renegade",Commander: Bloomburrow,rishkarpeemarenegade
560019,5.35,7.49,5.09,Saw in Half,Commander: Bloomburrow,sawinhalf
559870,0.34,,0.26,Shivan Reef,Commander: Bloomburrow,shivanreef
560179,0.33,0.49,0.15,Skyclave Apparition,Commander: Bloomburrow,skyclaveapparition
559736,1.64,2.79,1.45,Sol Ring,Commander: Bloomburrow,solring
559828,0.34,0.39,0.15,"Tetsuko Umezawa, Fugitive",Commander: Bloomburrow,tetsukoumezawafugitive
559797,2.01,3.49,1.57,Swords to Plowshares,Commander: Bloomburrow,swordstoplowshares
559925,4.32,4.49,3.56,Thran Dynamo,Commander: Bloomburrow,thrandynamo
559976,0.48,0.69,0.34,Yavimaya Coast,Commander: Bloomburrow,yavimayacoast
560930,4.75,12.99,4.74,"Beza, the Bounding Spring",Promo Pack: Bloomburrow,bezatheboundingspring
560932,7.32,12.99,8.58,Dawn's Truce,Promo Pack: Bloomburrow,dawnstruce
560967,1.48,1.99,1.16,Emberheart Challenger,Promo Pack: Bloomburrow,emberheartchallenger
561009,3.49,3.49,1.61,Fabled Passage,Promo Pack: Bloomburrow,fabledpassage
560997,8.42,9.99,9.25,"Glarb, Calamity's Augur",Promo Pack: Bloomburrow,glarbcalamitysaugur
560970,1.93,1.49,1.21,Hired Claw,Promo Pack: Bloomburrow,hiredclaw
560981,1.95,5.49,2.66,Keen-Eyed Curator,Promo Pack: Bloomburrow,keeneyedcurator
560982,21.2,32.99,23.02,"Lumra, Bellow of the Woods",Promo Pack: Bloomburrow,lumrabellowofthewoods
560946,4.82,6.49,4.54,Mockingbird,Promo Pack: Bloomburrow,mockingbird
560984,2.02,1.79,2.2800000000000002,Pawpatch Recruit,Promo Pack: Bloomburrow,pawpatchrecruit
561005,15.22,23.99,15.05,"Ral, Crackling Wit",Promo Pack: Bloomburrow,ralcracklingwit
560948,3.85,7.99,6.03,Season of Weaving,Promo Pack: Bloomburrow,seasonofweaving
560949,7.08,9.99,6.3500000000000005,Stormchaser's Talent,Promo Pack: Bloomburrow,stormchaserstalent
560975,3.9,3.99,2.7800000000000002,Sunspine Lynx,Promo Pack: Bloomburrow,sunspinelynx
560951,7.21,8.99,7.51,Valley Floodcaller,Promo Pack: Bloomburrow,valleyfloodcaller
555973,16.7,20.99,15.89,Black Market Connections,Universes Beyond: Assassin's Creed,blackmarketconnections
556012,0.39,0.99,0.15,Fatal Push,Universes Beyond: Assassin's Creed,fatalpush
555998,1.37,2.49,1.18,Path to Exile,Universes Beyond: Assassin's Creed,pathtoexile
555448,0.89,1.79,0.16,Rest in Peace,Universes Beyond: Assassin's Creed,restinpeace
556335,0.21,0.35,0.15,Shao Jun,Universes Beyond: Assassin's Creed,shaojun
556306,0.29,0.59,0.15,Tax Collector,Universes Beyond: Assassin's Creed,taxcollector
541325,2.81,4.99,2.54,Temporal Trespass,Universes Beyond: Assassin's Creed,temporaltrespass
552945,0.62,0.99,0.41000000000000003,Arcane Signet,Commander: Modern Horizons 3,arcanesignet
552964,0.36,0.69,0.18,Battlefield Forge,Commander: Modern Horizons 3,battlefieldforge
552950,0.39,0.59,0.23,Command Tower,Commander: Modern Horizons 3,commandtower
552954,0.37,0.59,0.27,Demolition Field,Commander: Modern Horizons 3,demolitionfield
553215,0.68,,0.61,Dreamroot Cascade,Commander: Modern Horizons 3,dreamrootcascade
553171,11.76,16.99,10.46,Eldrazi Confluence,Commander: Modern Horizons 3,eldraziconfluence
553530,1.89,1.79,1.3,Eternal Witness,Commander: Modern Horizons 3,eternalwitness
553108,0.35,0.59,0.19,Exotic Orchard,Commander: Modern Horizons 3,exoticorchard
553291,1.64,2.99,0.96,Expedition Map,Commander: Modern Horizons 3,expeditionmap
553202,4.88,4.99,4.39,Horizon of Progress,Commander: Modern Horizons 3,horizonofprogress
553510,1.56,1.99,0.9,Ignoble Hierarch,Commander: Modern Horizons 3,ignoblehierarch
553207,6.22,7.99,5.19,Lazotep Quarry,Commander: Modern Horizons 3,lazotepquarry
553085,1.53,1.49,0.59,Llanowar Wastes,Commander: Modern Horizons 3,llanowarwastes
553498,0.22,0.49,0.15,Maelstrom Pulse,Commander: Modern Horizons 3,maelstrompulse
553540,1.24,1.99,1.1300000000000001,Maskwood Nexus,Commander: Modern Horizons 3,maskwoodnexus
553284,0.49,0.69,0.28,Mirage Mirror,Commander: Modern Horizons 3,miragemirror
552967,6.16,8.49,5.53,Professional Face-Breaker,Commander: Modern Horizons 3,professionalfacebreaker
553115,0.37,0.59,0.19,Secluded Courtyard,Commander: Modern Horizons 3,secludedcourtyard
553507,3.89,,3.38,"Selvala, Heart of the Wilds",Commander: Modern Horizons 3,selvalaheartofthewilds
552927,0.36,0.99,0.27,Shivan Reef,Commander: Modern Horizons 3,shivanreef
552907,0.29,0.49,0.16,Skyclave Apparition,Commander: Modern Horizons 3,skyclaveapparition
552939,1.53,2.49,1.27,Sol Ring,Commander: Modern Horizons 3,solring
553534,0.35,0.69,0.15,Stitcher's Supplier,Commander: Modern Horizons 3,stitcherssupplier
553092,1.48,2.29,1.3900000000000001,Sulfurous Springs,Commander: Modern Horizons 3,sulfuroussprings
553283,0.32,0.59,0.15,Sylvan Scrying,Commander: Modern Horizons 3,sylvanscrying
552922,1.39,2.99,1.42,Swords to Plowshares,Commander: Modern Horizons 3,swordstoplowshares
552905,3.45,3.49,2.5300000000000002,Talisman of Creativity,Commander: Modern Horizons 3,talismanofcreativity
553137,2.47,2.49,1.71,Talisman of Dominance,Commander: Modern Horizons 3,talismanofdominance
553134,0.4,0.79,0.34,Talisman of Curiosity,Commander: Modern Horizons 3,talismanofcuriosity
552938,0.4,0.79,0.31,Talisman of Progress,Commander: Modern Horizons 3,talismanofprogress
553544,3.57,3.49,2.52,Talisman of Indulgence,Commander: Modern Horizons 3,talismanofindulgence
553235,30.17,29.99,29.44,Talon Gates of Madara,Commander: Modern Horizons 3,talongatesofmadara
553088,1.77,3.99,1.75,Underground River,Commander: Modern Horizons 3,undergroundriver
553224,2.38,4.99,2.17,Vesuva,Commander: Modern Horizons 3,vesuva
553247,0.3,0.35,0.15,Volatile Fault,Commander: Modern Horizons 3,volatilefault
553219,16.84,20.99,14.57,"Yavimaya, Cradle of Growth",Commander: Modern Horizons 3,yavimayacradleofgrowth
553091,0.37,0.69,0.26,Yavimaya Coast,Commander: Modern Horizons 3,yavimayacoast
541279,9.17,13.99,6.65,"Ajani, Nacatl Pariah",Modern Horizons 3,ajaninacatlpariah
553264,7.52,11.99,6.6000000000000005,Arena of Glory,Modern Horizons 3,arenaofglory
552632,0.28,0.49,0.15,Barbarian Ring,Modern Horizons 3,barbarianring
552176,0.17,0.35,0.15,Basking Broodscale,Modern Horizons 3,baskingbroodscale
541275,17.99,23.99,17.71,Bloodstained Mire,Modern Horizons 3,bloodstainedmire
552873,0.91,2.29,0.68,Boggart Trawler,Modern Horizons 3,boggarttrawler
552813,0.81,1.99,0.35000000000000003,Buried Alive,Modern Horizons 3,buriedalive
552268,0.57,1.29,0.23,Deserted Temple,Modern Horizons 3,desertedtemple
552584,1.43,2.99,0.9,Disruptor Flute,Modern Horizons 3,disruptorflute
548596,3.77,5.49,3.0100000000000002,Flare of Denial,Modern Horizons 3,flareofdenial
552580,2.95,5.99,2.96,Fell the Profane,Modern Horizons 3,felltheprofane
552274,2.11,2.99,1.01,Flare of Malice,Modern Horizons 3,flareofmalice
552312,1.52,2.29,1.03,Flare of Duplication,Modern Horizons 3,flareofduplication
541276,17.61,18.99,15.09,Flooded Strand,Modern Horizons 3,floodedstrand
553181,0.82,1.79,0.52,Hydroelectric Specimen,Modern Horizons 3,hydroelectricspecimen
552301,0.78,1.49,0.32,"K'rrik, Son of Yawgmoth",Modern Horizons 3,krriksonofyawgmoth
552320,11.1,15.99,10.52,Jet Medallion,Modern Horizons 3,jetmedallion
552829,2.55,4.99,1.8,Necrodominance,Modern Horizons 3,necrodominance
552863,39.52,57.99,40.79,Ocelot Pride,Modern Horizons 3,ocelotpride
548578,5.01,8.99,4.86,Orim's Chant,Modern Horizons 3,orimschant
548602,5.05,8.49,3.64,"Phelia, Exuberant Shepherd",Modern Horizons 3,pheliaexuberantshepherd
552852,26.05,42.99,25.41,Phyrexian Tower,Modern Horizons 3,phyrexiantower
553299,1.55,3.49,1.32,Pinnacle Monk,Modern Horizons 3,pinnaclemonk
541274,19.33,27.99,19.16,Polluted Delta,Modern Horizons 3,polluteddelta
552819,0.39,0.99,0.15,Sevinne's Reclamation,Modern Horizons 3,sevinnesreclamation
552727,4.78,7.49,2.86,Shifting Woodland,Modern Horizons 3,shiftingwoodland
552582,5.63,10.99,5.87,Sink into Stupor,Modern Horizons 3,sinkintostupor
552272,5.21,7.99,4.15,Six,Modern Horizons 3,six
552738,1.73,2.49,1.03,Sowing Mycospawn,Modern Horizons 3,sowingmycospawn
552621,1.71,2.79,0.51,Strix Serenade,Modern Horizons 3,strixserenade
552859,4.81,6.99,4.14,Springheart Nantuko,Modern Horizons 3,springheartnantuko
552583,0.94,1.99,0.87,Sundering Eruption,Modern Horizons 3,sunderingeruption
548583,5.29,7.99,4.88,Sylvan Safekeeper,Modern Horizons 3,sylvansafekeeper
552728,4.74,6.99,4.8500000000000005,Toxic Deluge,Modern Horizons 3,toxicdeluge
552637,0.22,0.35,0.15,Unstable Amulet,Modern Horizons 3,unstableamulet
552814,2.24,4.49,2.0100000000000002,Vexing Bauble,Modern Horizons 3,vexingbauble
548592,1.05,2.29,0.52,Urza's Cave,Modern Horizons 3,urzascave
552631,14.34,20.99,13.790000000000001,Warren Soultrader,Modern Horizons 3,warrensoultrader
541272,11.23,13.99,11.02,Windswept Heath,Modern Horizons 3,windsweptheath
541277,16.89,22.99,15.8,Wooded Foothills,Modern Horizons 3,woodedfoothills
552336,3.48,6.49,3.2600000000000002,Witch Enchanter,Modern Horizons 3,witchenchanter
545334,0.39,0.69,0.15,Angrath's Marauders,Commander: Outlaws of Thunder Junction,angrathsmarauders
545203,2.92,1.79,0.85,Archmage Emeritus,Commander: Outlaws of Thunder Junction,archmageemeritus
545100,0.75,,0.46,Arcane Signet,Commander: Outlaws of Thunder Junction,arcanesignet
545373,0.42,,0.23,Battlefield Forge,Commander: Outlaws of Thunder Junction,battlefieldforge
545214,3.63,3.99,2.57,Baleful Mastery,Commander: Outlaws of Thunder Junction,balefulmastery
545343,2.78,1.79,2.07,Changeling Outcast,Commander: Outlaws of Thunder Junction,changelingoutcast
545304,0.6,0.69,0.51,Chaos Warp,Commander: Outlaws of Thunder Junction,chaoswarp
545361,8.67,10.99,7.7,Command Beacon,Commander: Outlaws of Thunder Junction,commandbeacon
545058,0.35,0.59,0.25,Command Tower,Commander: Outlaws of Thunder Junction,commandtower
545206,2.1,1.29,1.03,Culling Ritual,Commander: Outlaws of Thunder Junction,cullingritual
545386,0.43,0.49,0.25,Demolition Field,Commander: Outlaws of Thunder Junction,demolitionfield
545235,0.32,0.49,0.16,Exotic Orchard,Commander: Outlaws of Thunder Junction,exoticorchard
545221,1.67,1.99,1.56,Fellwar Stone,Commander: Outlaws of Thunder Junction,fellwarstone
545178,3.4,3.49,2.08,Ghostly Pilferer,Commander: Outlaws of Thunder Junction,ghostlypilferer
545347,0.39,0.49,0.3,Impulsive Pilferer,Commander: Outlaws of Thunder Junction,impulsivepilferer
545248,2.12,,0.51,Llanowar Wastes,Commander: Outlaws of Thunder Junction,llanowarwastes
545223,5.74,5.99,6.16,"Niv-Mizzet, Parun",Commander: Outlaws of Thunder Junction,nivmizzetparun
545254,0.42,0.59,0.26,Opulent Palace,Commander: Outlaws of Thunder Junction,opulentpalace
545308,0.36,0.49,0.21,Opt,Commander: Outlaws of Thunder Junction,opt
545110,3.63,2.49,1.41,Path to Exile,Commander: Outlaws of Thunder Junction,pathtoexile
545271,1.06,1.29,0.52,Preordain,Commander: Outlaws of Thunder Junction,preordain
545273,3.9,3.99,2.24,Ponder,Commander: Outlaws of Thunder Junction,ponder
545089,0.48,0.99,0.3,Sevinne's Reclamation,Commander: Outlaws of Thunder Junction,sevinnesreclamation
545316,0.43,0.79,0.38,Shivan Reef,Commander: Outlaws of Thunder Junction,shivanreef
545098,1.95,2.49,1.3800000000000001,Sol Ring,Commander: Outlaws of Thunder Junction,solring
545242,3.04,2.49,1.9000000000000001,Storm-Kiln Artist,Commander: Outlaws of Thunder Junction,stormkilnartist
545374,1.82,1.79,1.3900000000000001,Sulfurous Springs,Commander: Outlaws of Thunder Junction,sulfuroussprings
545236,1.52,3.49,1.78,Underground River,Commander: Outlaws of Thunder Junction,undergroundriver
545226,6.25,5.99,2.85,"Veyran, Voice of Duality",Commander: Outlaws of Thunder Junction,veyranvoiceofduality
545285,4.97,6.99,4.91,Windfall,Commander: Outlaws of Thunder Junction,windfall
545233,0.46,0.99,0.45,Yavimaya Coast,Commander: Outlaws of Thunder Junction,yavimayacoast
544329,0.62,1.29,0.59,Arid Archway,Outlaws of Thunder Junction,aridarchway
544403,3.06,4.49,2.64,Aven Interrupter,Outlaws of Thunder Junction,aveninterrupter
544282,2.69,3.99,2.0300000000000002,Blooming Marsh,Outlaws of Thunder Junction,bloomingmarsh
544278,1.52,2.29,0.9500000000000001,Botanical Sanctum,Outlaws of Thunder Junction,botanicalsanctum
544279,1.94,2.29,1.35,Concealed Courtyard,Outlaws of Thunder Junction,concealedcourtyard
544694,0.31,0.69,0.15,Conduit Pylons,Outlaws of Thunder Junction,conduitpylons
544725,0.22,0.49,0.15,Dust Animus,Outlaws of Thunder Junction,dustanimus
544280,1.95,2.99,1.33,Inspiring Vantage,Outlaws of Thunder Junction,inspiringvantage
544336,6.38,8.99,3.89,High Noon,Outlaws of Thunder Junction,highnoon
544422,1.95,2.99,1.76,Lively Dirge,Outlaws of Thunder Junction,livelydirge
544268,0.69,1.79,0.15,"Magda, the Hoardmaster",Outlaws of Thunder Junction,magdathehoardmaster
544696,0.29,,0.15,Nurturing Pixie,Outlaws of Thunder Junction,nurturingpixie
544454,0.35,0.35,0.15,Requisition Raid,Outlaws of Thunder Junction,requisitionraid
544709,0.44,0.69,0.25,Return the Favor,Outlaws of Thunder Junction,returnthefavor
544398,0.38,0.99,0.15,Shoot the Sheriff,Outlaws of Thunder Junction,shootthesheriff
544704,0.28,0.39,0.15,Snakeskin Veil,Outlaws of Thunder Junction,snakeskinveil
544208,6.38,8.99,4.37,Slickshot Show-Off,Outlaws of Thunder Junction,slickshotshowoff
544277,5.5,8.99,4.16,Spirebluff Canal,Outlaws of Thunder Junction,spirebluffcanal
544511,0.3,0.49,0.15,Stingerback Terror,Outlaws of Thunder Junction,stingerbackterror
544402,28.72,34.99,28.13,Terror of the Peaks,Outlaws of Thunder Junction,terrorofthepeaks
544417,5.46,8.99,4.16,Three Steps Ahead,Outlaws of Thunder Junction,threestepsahead
546040,1.5,2.29,1.56,Botanical Sanctum,Promo Pack: Outlaws of Thunder Junction,botanicalsanctum
545985,4.19,4.49,4.36,Aven Interrupter,Promo Pack: Outlaws of Thunder Junction,aveninterrupter
546039,2.19,5.99,2.67,Blooming Marsh,Promo Pack: Outlaws of Thunder Junction,bloomingmarsh
546041,1.04,2.79,,Concealed Courtyard,Promo Pack: Outlaws of Thunder Junction,concealedcourtyard
545987,0.4,0.49,0.36,Dust Animus,Promo Pack: Outlaws of Thunder Junction,dustanimus
545989,4.43,9.99,5.0600000000000005,High Noon,Promo Pack: Outlaws of Thunder Junction,highnoon
546042,2.43,3.99,2.5,Inspiring Vantage,Promo Pack: Outlaws of Thunder Junction,inspiringvantage
546009,0.84,1.79,0.87,"Magda, the Hoardmaster",Promo Pack: Outlaws of Thunder Junction,magdathehoardmaster
546010,5.27,8.99,5.76,Slickshot Show-Off,Promo Pack: Outlaws of Thunder Junction,slickshotshowoff
546011,0.36,0.49,0.33,Stingerback Terror,Promo Pack: Outlaws of Thunder Junction,stingerbackterror
546043,5.73,8.99,7.75,Spirebluff Canal,Promo Pack: Outlaws of Thunder Junction,spirebluffcanal
545997,6.11,9.49,5.08,Three Steps Ahead,Promo Pack: Outlaws of Thunder Junction,threestepsahead
545970,31.45,39.99,30.91,Terror of the Peaks,Promo Pack: Outlaws of Thunder Junction,terrorofthepeaks
544849,1.58,2.29,1.04,Abrupt Decay,Outlaws of Thunder Junction: Breaking News,abruptdecay
544727,2.51,4.49,1.8,Commandeer,Outlaws of Thunder Junction: Breaking News,commandeer
544870,8.04,9.99,7.29,Force of Vigor,Outlaws of Thunder Junction: Breaking News,forceofvigor
544837,7.52,9.99,6.75,Imp's Mischief,Outlaws of Thunder Junction: Breaking News,impsmischief
544246,52.66,69.99,49.78,Mana Drain,Outlaws of Thunder Junction: Breaking News,manadrain
544838,9.22,10.99,8.22,Mindbreak Trap,Outlaws of Thunder Junction: Breaking News,mindbreaktrap
544245,1.91,2.49,1.35,Path to Exile,Outlaws of Thunder Junction: Breaking News,pathtoexile
544888,9.0,11.99,8.09,Reanimate,Outlaws of Thunder Junction: Breaking News,reanimate
544865,1.49,3.49,0.78,Surgical Extraction,Outlaws of Thunder Junction: Breaking News,surgicalextraction
544883,0.33,0.99,0.15,Unlicensed Hearse,Outlaws of Thunder Junction: Breaking News,unlicensedhearse
545128,4.81,8.99,4.69,Ancient Cornucopia,Outlaws of Thunder Junction: The Big Score,ancientcornucopia
544936,17.58,20.99,16.42,Grand Abolisher,Outlaws of Thunder Junction: The Big Score,grandabolisher
544937,3.37,4.99,2.89,Legion Extruder,Outlaws of Thunder Junction: The Big Score,legionextruder
544938,6.19,7.99,5.73,Pest Control,Outlaws of Thunder Junction: The Big Score,pestcontrol
544941,0.98,1.79,0.5700000000000001,Rest in Peace,Outlaws of Thunder Junction: The Big Score,restinpeace
544302,4.87,7.99,3.5100000000000002,Torpor Orb,Outlaws of Thunder Junction: The Big Score,torpororb
544300,32.34,49.99,31.67,Vaultborn Tyrant,Outlaws of Thunder Junction: The Big Score,vaultborntyrant
539403,0.76,0.79,0.45,Arcane Signet,Universes Beyond: Fallout,arcanesignet
539397,0.88,1.99,0.78,Blasphemous Act,Universes Beyond: Fallout,blasphemousact
541424,4.03,5.99,2.33,Bottle-Cap Blast,Universes Beyond: Fallout,bottlecapblast
539604,0.68,0.99,0.37,Buried Ruin,Universes Beyond: Fallout,buriedruin
539578,0.47,0.79,0.41000000000000003,Chaos Warp,Universes Beyond: Fallout,chaoswarp
522978,0.38,0.69,0.26,Command Tower,Universes Beyond: Fallout,commandtower
539593,0.38,0.59,0.17,Exotic Orchard,Universes Beyond: Fallout,exoticorchard
540990,0.34,,0.22,Loyal Apprentice,Universes Beyond: Fallout,loyalapprentice
540962,0.35,0.79,0.22,Mind Stone,Universes Beyond: Fallout,mindstone
540842,0.45,0.79,0.2,Opulent Palace,Universes Beyond: Fallout,opulentpalace
539579,1.68,2.79,1.25,Path to Exile,Universes Beyond: Fallout,pathtoexile
539393,1.93,2.49,1.45,Sol Ring,Universes Beyond: Fallout,solring
540996,0.3,0.49,0.19,Spire of Industry,Universes Beyond: Fallout,spireofindustry
540937,1.3,2.29,1.35,Swords to Plowshares,Universes Beyond: Fallout,swordstoplowshares
540963,2.91,2.99,2.0300000000000002,Talisman of Creativity,Universes Beyond: Fallout,talismanofcreativity
540822,2.41,2.49,1.77,Talisman of Dominance,Universes Beyond: Fallout,talismanofdominance
540818,0.49,0.79,0.2,Talisman of Curiosity,Universes Beyond: Fallout,talismanofcuriosity
539963,0.68,1.49,0.5700000000000001,Talisman of Hierarchy,Universes Beyond: Fallout,talismanofhierarchy
539960,3.68,4.99,2.2600000000000002,Talisman of Indulgence,Universes Beyond: Fallout,talismanofindulgence
540969,0.44,0.79,0.36,Talisman of Progress,Universes Beyond: Fallout,talismanofprogress
540957,1.53,2.49,1.25,Treasure Vault,Universes Beyond: Fallout,treasurevault
534654,0.2,0.69,0.16,Light Up the Stage,Ravnica: Clue Edition,lightupthestage
534658,2.8,2.29,1.58,Lightning Bolt,Ravnica: Clue Edition,lightningbolt
535784,10.14,6.99,6.640000000000001,Animate Dead,Commander: Murders at Karlov Manor,animatedead
535604,0.89,,0.43,Arcane Signet,Commander: Murders at Karlov Manor,arcanesignet
535761,1.86,2.49,1.6300000000000001,Brainstorm,Commander: Murders at Karlov Manor,brainstorm
535862,0.96,0.79,0.31,Chaos Warp,Commander: Murders at Karlov Manor,chaoswarp
535624,0.37,0.69,0.26,Command Tower,Commander: Murders at Karlov Manor,commandtower
535593,3.64,4.49,2.79,Curse of Opulence,Commander: Murders at Karlov Manor,curseofopulence
535612,0.3,0.49,0.19,Exotic Orchard,Commander: Murders at Karlov Manor,exoticorchard
535606,1.35,1.49,0.9500000000000001,Fellwar Stone,Commander: Murders at Karlov Manor,fellwarstone
535882,41.68,47.99,41.04,Jeska's Will,Commander: Murders at Karlov Manor,jeskaswill
535607,0.37,,0.26,Mind Stone,Commander: Murders at Karlov Manor,mindstone
535786,20.68,21.99,20.82,Necromancy,Commander: Murders at Karlov Manor,necromancy
535864,1.79,2.49,1.33,Path to Exile,Commander: Murders at Karlov Manor,pathtoexile
535691,4.29,4.99,2.29,Phyrexian Metamorph,Commander: Murders at Karlov Manor,phyrexianmetamorph
535771,9.28,11.99,7.32,Reanimate,Commander: Murders at Karlov Manor,reanimate
535599,0.51,0.99,0.43,Sevinne's Reclamation,Commander: Murders at Karlov Manor,sevinnesreclamation
535608,1.68,2.49,1.4000000000000001,Sol Ring,Commander: Murders at Karlov Manor,solring
535772,0.35,0.49,0.25,Spire of Industry,Commander: Murders at Karlov Manor,spireofindustry
535731,1.72,2.79,1.41,Swords to Plowshares,Commander: Murders at Karlov Manor,swordstoplowshares
535748,0.4,0.79,0.29,Talisman of Curiosity,Commander: Murders at Karlov Manor,talismanofcuriosity
535809,1.7,2.79,1.31,Talisman of Dominance,Commander: Murders at Karlov Manor,talismanofdominance
535751,0.52,0.79,0.41000000000000003,Talisman of Progress,Commander: Murders at Karlov Manor,talismanofprogress
535775,5.63,6.99,5.18,Toxic Deluge,Commander: Murders at Karlov Manor,toxicdeluge
533918,0.84,1.29,0.61,Aftermath Analyst,Murders at Karlov Manor,aftermathanalyst
534141,0.4,0.79,0.21,Deadly Cover-Up,Murders at Karlov Manor,deadlycoverup
533402,33.83,44.99,31.240000000000002,"Delney, Streetwise Lookout",Murders at Karlov Manor,delneystreetwiselookout
533379,0.27,0.35,0.15,Escape Tunnel,Murders at Karlov Manor,escapetunnel
535985,0.33,0.49,0.15,Ill-Timed Explosion,Murders at Karlov Manor,illtimedexplosion
535300,1.2,2.79,0.88,Insidious Roots,Murders at Karlov Manor,insidiousroots
530010,0.3,0.35,0.15,Lightning Helix,Murders at Karlov Manor,lightninghelix
534063,0.27,0.49,0.15,Lost in the Maze,Murders at Karlov Manor,lostinthemaze
532907,10.12,15.99,10.21,Meticulous Archive,Murders at Karlov Manor,meticulousarchive
532893,0.31,0.79,0.15,No More Lies,Murders at Karlov Manor,nomorelies
535247,0.4,0.79,0.25,Outrageous Robbery,Murders at Karlov Manor,outrageousrobbery
533900,0.25,0.35,0.15,Pick Your Poison,Murders at Karlov Manor,pickyourpoison
532911,10.01,15.99,9.77,Raucous Theater,Murders at Karlov Manor,raucoustheater
529993,0.25,0.35,0.15,Shock,Murders at Karlov Manor,shock
532918,15.47,20.99,14.69,Thundering Falls,Murders at Karlov Manor,thunderingfalls
532905,13.6,20.99,13.65,Undercity Sewers,Murders at Karlov Manor,undercitysewers
532910,12.68,20.99,11.49,Underground Mortuary,Murders at Karlov Manor,undergroundmortuary
539161,9.28,11.99,11.15,Command Beacon,Promo Pack: Murders at Karlov Manor,commandbeacon
536695,0.6,1.49,0.53,Deadly Cover-Up,Promo Pack: Murders at Karlov Manor,deadlycoverup
536706,33.31,47.99,36.94,"Delney, Streetwise Lookout",Promo Pack: Murders at Karlov Manor,delneystreetwiselookout
541519,5.32,3.49,4.82,Ignoble Hierarch,Promo Pack: Murders at Karlov Manor,ignoblehierarch
536626,0.35,1.99,0.41000000000000003,Ill-Timed Explosion,Promo Pack: Murders at Karlov Manor,illtimedexplosion
536615,0.41,0.99,0.37,Lightning Helix,Promo Pack: Murders at Karlov Manor,lightninghelix
536692,0.48,2.49,0.5,Lost in the Maze,Promo Pack: Murders at Karlov Manor,lostinthemaze
536666,17.52,18.99,18.25,Meticulous Archive,Promo Pack: Murders at Karlov Manor,meticulousarchive
536617,3.74,2.79,2.92,No More Lies,Promo Pack: Murders at Karlov Manor,nomorelies
541511,44.36,39.99,34.04,Opposition Agent,Promo Pack: Murders at Karlov Manor,oppositionagent
538836,27.23,39.99,35.46,"Nissa, Resurgent Animist",Promo Pack: Murders at Karlov Manor,nissaresurgentanimist
536664,1.2,4.49,1.86,Outrageous Robbery,Promo Pack: Murders at Karlov Manor,outrageousrobbery
536673,12.65,17.99,14.18,Raucous Theater,Promo Pack: Murders at Karlov Manor,raucoustheater
536678,18.25,32.99,20.46,Thundering Falls,Promo Pack: Murders at Karlov Manor,thunderingfalls
536665,24.89,27.99,25.67,Undercity Sewers,Promo Pack: Murders at Karlov Manor,undercitysewers
536671,16.3,27.99,17.85,Underground Mortuary,Promo Pack: Murders at Karlov Manor,undergroundmortuary
543977,8.38,19.99,13.33,Training Grounds,Promo Pack: Murders at Karlov Manor,traininggrounds
541517,3.88,7.99,4.83,Unmarked Grave,Promo Pack: Murders at Karlov Manor,unmarkedgrave
517666,15.41,20.99,13.23,Birds of Paradise,Ravnica Remastered,birdsofparadise
530783,6.39,5.49,5.18,Blind Obedience,Ravnica Remastered,blindobedience
517636,12.16,13.99,11.24,Blood Crypt,Ravnica Remastered,bloodcrypt
517662,12.09,15.99,11.44,Breeding Pool,Ravnica Remastered,breedingpool
531113,6.52,7.99,5.62,Chord of Calling,Ravnica Remastered,chordofcalling
531049,1.82,2.29,1.6,Copy Enchantment,Ravnica Remastered,copyenchantment
530800,40.76,44.99,41.11,Cyclonic Rift,Ravnica Remastered,cyclonicrift
531075,8.13,9.49,8.58,Deathrite Shaman,Ravnica Remastered,deathriteshaman
531152,0.13,0.35,0.15,Dimir House Guard,Ravnica Remastered,dimirhouseguard
531162,0.25,0.79,0.23,Drift of Phantasms,Ravnica Remastered,driftofphantasms
517658,10.76,16.99,9.8,Godless Shrine,Ravnica Remastered,godlessshrine
517656,8.59,,8.91,Hallowed Fountain,Ravnica Remastered,hallowedfountain
531109,4.76,5.99,4.53,"Karn, the Great Creator",Ravnica Remastered,karnthegreatcreator
531048,0.52,0.79,0.52,"Lavinia, Azorius Renegade",Ravnica Remastered,laviniaazoriusrenegade
531217,0.24,0.49,0.2,Light Up the Stage,Ravnica Remastered,lightupthestage
530849,0.25,0.39,0.15,Lightning Helix,Ravnica Remastered,lightninghelix
531181,4.75,5.49,4.14,"Nicol Bolas, Dragon-God",Ravnica Remastered,nicolbolasdragongod
531115,2.55,,2.08,Muddle the Mixture,Ravnica Remastered,muddlethemixture
517676,7.88,5.99,7.97,"Niv-Mizzet, Parun",Ravnica Remastered,nivmizzetparun
517650,11.1,13.99,10.3,Overgrown Tomb,Ravnica Remastered,overgrowntomb
517644,11.36,17.99,11.49,Sacred Foundry,Ravnica Remastered,sacredfoundry
517660,13.98,,12.99,Steam Vents,Ravnica Remastered,steamvents
517648,10.18,10.99,9.1,Stomping Ground,Ravnica Remastered,stompingground
531057,7.23,8.49,6.57,"Teferi, Time Raveler",Ravnica Remastered,teferitimeraveler
517642,9.36,10.99,8.120000000000001,Temple Garden,Ravnica Remastered,templegarden
517664,12.41,14.99,11.73,Watery Grave,Ravnica Remastered,waterygrave
531170,0.22,0.35,0.15,Wild Cantor,Ravnica Remastered,wildcantor
526897,58.04,74.99,65.62,Cavern of Souls,Promo Pack: The Lost Caverns of Ixalan,cavernofsouls
526902,1.13,0.69,0.64,Bringer of the Last Gift,Promo Pack: The Lost Caverns of Ixalan,bringerofthelastgift
526909,7.77,,8.88,"Chimil, the Inner Sun",Promo Pack: The Lost Caverns of Ixalan,chimiltheinnersun
527700,42.14,57.99,,Displacer Kitten,Promo Pack: The Lost Caverns of Ixalan,displacerkitten
526871,0.95,2.29,0.98,Echoing Deeps,Promo Pack: The Lost Caverns of Ixalan,echoingdeeps
526886,4.28,4.99,4.19,Get Lost,Promo Pack: The Lost Caverns of Ixalan,getlost
526832,1.14,1.49,0.9,Preacher of the Schism,Promo Pack: The Lost Caverns of Ixalan,preacheroftheschism
526904,2.36,3.49,2.45,Restless Reef,Promo Pack: The Lost Caverns of Ixalan,restlessreef
526899,49.48,57.99,50.160000000000004,Roaming Throne,Promo Pack: The Lost Caverns of Ixalan,roamingthrone
524349,1.63,0.69,0.55,Spyglass Siren,Promo Pack: The Lost Caverns of Ixalan,spyglasssiren
526868,0.24,0.49,0.21,Subterranean Schooner,Promo Pack: The Lost Caverns of Ixalan,subterraneanschooner
526853,3.66,3.99,3.7800000000000002,Tishana's Tidebinder,Promo Pack: The Lost Caverns of Ixalan,tishanastidebinder
526138,0.18,0.35,0.15,Abrade,The Lost Caverns of Ixalan,abrade
524352,11.04,11.99,9.370000000000001,"Aclazotz, Deepest Betrayal",The Lost Caverns of Ixalan,aclazotzdeepestbetrayal
526195,0.66,0.69,0.15,Bitter Triumph,The Lost Caverns of Ixalan,bittertriumph
524318,0.51,0.59,0.26,Bringer of the Last Gift,The Lost Caverns of Ixalan,bringerofthelastgift
525249,8.97,8.99,8.53,"Chimil, the Inner Sun",The Lost Caverns of Ixalan,chimiltheinnersun
525285,0.64,0.99,0.27,Echoing Deeps,The Lost Caverns of Ixalan,echoingdeeps
524576,3.66,5.49,3.06,Get Lost,The Lost Caverns of Ixalan,getlost
526296,0.35,0.79,0.15,Greedy Freebooter,The Lost Caverns of Ixalan,greedyfreebooter
524220,8.81,13.99,8.44,Growing Rites of Itlimoc,The Lost Caverns of Ixalan,growingritesofitlimoc
525127,0.38,0.59,0.23,Pit of Offerings,The Lost Caverns of Ixalan,pitofofferings
524354,1.2,1.29,0.52,Preacher of the Schism,The Lost Caverns of Ixalan,preacheroftheschism
526395,0.3,0.35,0.15,Promising Vein,The Lost Caverns of Ixalan,promisingvein
525367,2.22,2.29,1.21,Restless Reef,The Lost Caverns of Ixalan,restlessreef
525238,51.01,54.99,45.71,Roaming Throne,The Lost Caverns of Ixalan,roamingthrone
524172,0.36,0.35,0.15,Spyglass Siren,The Lost Caverns of Ixalan,spyglasssiren
524416,4.22,3.99,3.21,Spelunking,The Lost Caverns of Ixalan,spelunking
525219,0.31,0.49,0.15,Subterranean Schooner,The Lost Caverns of Ixalan,subterraneanschooner
525207,2.17,3.99,1.72,Tishana's Tidebinder,The Lost Caverns of Ixalan,tishanastidebinder
526363,0.33,0.39,0.15,Volatile Fault,The Lost Caverns of Ixalan,volatilefault
525289,0.29,0.35,0.15,Zoyowa's Justice,The Lost Caverns of Ixalan,zoyowasjustice
524345,8.38,9.49,7.26,Forest,Universes Beyond: Jurassic World Collection,forest
526432,2.29,3.49,2.0,Island,Universes Beyond: Jurassic World Collection,island
524344,4.34,4.49,3.0100000000000002,Plains,Universes Beyond: Jurassic World Collection,plains
525383,5.68,6.49,4.07,Mountain,Universes Beyond: Jurassic World Collection,mountain
526433,1.97,1.99,1.26,Swamp,Universes Beyond: Jurassic World Collection,swamp
526401,1.39,2.99,4.68,Altar of the Wretched,Commander: The Lost Caverns of Ixalan,altarofthewretched
524261,0.6,1.49,0.44,Arcane Signet,Commander: The Lost Caverns of Ixalan,arcanesignet
525731,0.23,0.69,0.15,Angrath's Marauders,Commander: The Lost Caverns of Ixalan,angrathsmarauders
525773,15.66,20.99,14.370000000000001,Black Market Connections,Commander: The Lost Caverns of Ixalan,blackmarketconnections
525808,0.86,1.99,0.7000000000000001,Blasphemous Act,Commander: The Lost Caverns of Ixalan,blasphemousact
525841,1.1,1.29,0.5700000000000001,Bloodghast,Commander: The Lost Caverns of Ixalan,bloodghast
525799,0.55,0.69,0.19,Chaos Warp,Commander: The Lost Caverns of Ixalan,chaoswarp
525710,22.25,24.99,20.05,Charismatic Conqueror,Commander: The Lost Caverns of Ixalan,charismaticconqueror
525809,0.33,0.59,0.2,Command Tower,Commander: The Lost Caverns of Ixalan,commandtower
525824,0.34,0.49,0.15,Exotic Orchard,Commander: The Lost Caverns of Ixalan,exoticorchard
525830,2.56,3.99,1.51,Geier Reach Sanitarium,Commander: The Lost Caverns of Ixalan,geierreachsanitarium
525759,0.27,0.49,0.15,"Malcolm, Keen-Eyed Navigator",Commander: The Lost Caverns of Ixalan,malcolmkeeneyednavigator
525954,2.9,2.29,1.2,Metallic Mimic,Commander: The Lost Caverns of Ixalan,metallicmimic
525772,0.37,0.79,0.26,Mind Stone,Commander: The Lost Caverns of Ixalan,mindstone
525898,1.56,2.49,1.22,Path to Exile,Commander: The Lost Caverns of Ixalan,pathtoexile
525821,0.33,0.49,0.15,Secluded Courtyard,Commander: The Lost Caverns of Ixalan,secludedcourtyard
525762,0.36,1.29,0.2,Siren Stormtamer,Commander: The Lost Caverns of Ixalan,sirenstormtamer
525779,1.66,2.99,1.3800000000000001,Sol Ring,Commander: The Lost Caverns of Ixalan,solring
525744,1.55,2.49,1.46,Swords to Plowshares,Commander: The Lost Caverns of Ixalan,swordstoplowshares
525786,0.48,1.29,0.41000000000000003,Talisman of Hierarchy,Commander: The Lost Caverns of Ixalan,talismanofhierarchy
525814,5.47,7.99,4.57,Windfall,Commander: The Lost Caverns of Ixalan,windfall
519216,0.69,,0.44,Arcane Signet,Universes Beyond: Doctor Who,arcanesignet
519751,1.61,1.99,0.77,Blasphemous Act,Universes Beyond: Doctor Who,blasphemousact
519515,1.62,3.49,1.5,Carpet of Flowers,Universes Beyond: Doctor Who,carpetofflowers
519562,0.49,0.79,0.31,Chaos Warp,Universes Beyond: Doctor Who,chaoswarp
519510,1.12,1.49,0.71,Dreamroot Cascade,Universes Beyond: Doctor Who,dreamrootcascade
519200,0.33,0.49,0.15,Exotic Orchard,Universes Beyond: Doctor Who,exoticorchard
519239,4.08,5.49,3.8200000000000003,Fiery Islet,Universes Beyond: Doctor Who,fieryislet
519221,7.77,7.99,6.97,Flesh Duplicate,Universes Beyond: Doctor Who,fleshduplicate
519238,0.31,,0.26,Mind Stone,Universes Beyond: Doctor Who,mindstone
520163,1.45,2.49,0.98,Path to Exile,Universes Beyond: Doctor Who,pathtoexile
519494,1.88,3.99,2.15,Ponder,Universes Beyond: Doctor Who,ponder
519514,0.64,1.49,0.47000000000000003,Preordain,Universes Beyond: Doctor Who,preordain
519996,6.34,8.49,6.44,Snuff Out,Universes Beyond: Doctor Who,snuffout
519305,1.75,2.49,1.55,Sol Ring,Universes Beyond: Doctor Who,solring
519301,2.69,2.99,2.0300000000000002,Stormcarved Coast,Universes Beyond: Doctor Who,stormcarvedcoast
519234,4.78,5.99,2.81,Sundown Pass,Universes Beyond: Doctor Who,sundownpass
520167,1.82,2.29,1.43,Swords to Plowshares,Universes Beyond: Doctor Who,swordstoplowshares
519271,3.77,3.99,3.0300000000000002,Talisman of Creativity,Universes Beyond: Doctor Who,talismanofcreativity
519252,0.39,0.99,0.29,Talisman of Curiosity,Universes Beyond: Doctor Who,talismanofcuriosity
519303,1.93,2.49,1.81,Talisman of Dominance,Universes Beyond: Doctor Who,talismanofdominance
519236,3.74,2.99,2.29,Talisman of Indulgence,Universes Beyond: Doctor Who,talismanofindulgence
519225,0.43,0.79,0.34,Talisman of Progress,Universes Beyond: Doctor Who,talismanofprogress
519273,0.6,1.79,0.65,Waterlogged Grove,Universes Beyond: Doctor Who,waterloggedgrove
513713,0.58,0.79,0.51,Arcane Signet,Commander: Wilds of Eldraine,arcanesignet
513750,0.35,0.69,0.33,Command Tower,Commander: Wilds of Eldraine,commandtower
513668,0.62,0.59,0.48,Cloud of Faeries,Commander: Wilds of Eldraine,cloudoffaeries
513741,0.35,0.49,0.25,Exotic Orchard,Commander: Wilds of Eldraine,exoticorchard
513671,1.88,,0.46,Faerie Seer,Commander: Wilds of Eldraine,faerieseer
513715,1.51,1.99,0.81,Fellwar Stone,Commander: Wilds of Eldraine,fellwarstone
513655,6.42,8.49,6.4,Hullbreaker Horror,Commander: Wilds of Eldraine,hullbreakerhorror
513718,0.32,0.69,0.33,Mind Stone,Commander: Wilds of Eldraine,mindstone
513701,0.53,0.39,0.45,Opt,Commander: Wilds of Eldraine,opt
513710,4.38,3.99,3.89,Snap,Commander: Wilds of Eldraine,snap
513720,1.62,2.49,1.6400000000000001,Sol Ring,Commander: Wilds of Eldraine,solring
513769,1.72,2.29,1.56,Swords to Plowshares,Commander: Wilds of Eldraine,swordstoplowshares
513723,2.36,2.79,1.56,Talisman of Dominance,Commander: Wilds of Eldraine,talismanofdominance
516942,8.72,17.99,12.23,Angel's Grace,Promo Pack: Wilds of Eldraine,angelsgrace
514318,36.08,39.99,39.28,Agatha's Soul Cauldron,Promo Pack: Wilds of Eldraine,agathassoulcauldron
514313,17.93,23.99,20.14,Beseech the Mirror,Promo Pack: Wilds of Eldraine,beseechthemirror
514282,9.09,6.49,7.13,Blossoming Tortoise,Promo Pack: Wilds of Eldraine,blossomingtortoise
514348,0.34,0.59,0.32,Gumdrop Poisoner,Promo Pack: Wilds of Eldraine,gumdroppoisoner
514336,2.34,3.49,1.99,Restless Cottage,Promo Pack: Wilds of Eldraine,restlesscottage
514295,0.53,1.99,0.52,Restless Vinestalk,Promo Pack: Wilds of Eldraine,restlessvinestalk
514258,0.6,0.49,0.47000000000000003,Sleight of Hand,Promo Pack: Wilds of Eldraine,sleightofhand
514324,0.29,0.49,0.27,The Huntsman's Redemption,Promo Pack: Wilds of Eldraine,thehuntsmansredemption
514321,7.03,8.99,6.8100000000000005,Virtue of Persistence,Promo Pack: Wilds of Eldraine,virtueofpersistence
514332,2.38,7.99,3.94,Virtue of Courage,Promo Pack: Wilds of Eldraine,virtueofcourage
514302,0.91,,0.84,Werefox Bodyguard,Promo Pack: Wilds of Eldraine,werefoxbodyguard
512510,37.71,39.99,37.5,Agatha's Soul Cauldron,Wilds of Eldraine,agathassoulcauldron
512160,20.58,24.99,19.6,Beseech the Mirror,Wilds of Eldraine,beseechthemirror
512321,5.67,6.99,5.19,Blossoming Tortoise,Wilds of Eldraine,blossomingtortoise
513357,0.2,0.35,0.15,Disdainful Stroke,Wilds of Eldraine,disdainfulstroke
513348,0.35,0.69,0.15,Gingerbrute,Wilds of Eldraine,gingerbrute
513877,0.28,0.49,0.15,Gumdrop Poisoner,Wilds of Eldraine,gumdroppoisoner
513331,0.37,0.69,0.15,Hearth Elemental,Wilds of Eldraine,hearthelemental
512205,1.79,1.99,1.08,Restless Cottage,Wilds of Eldraine,restlesscottage
513373,0.4,0.69,0.15,Restless Vinestalk,Wilds of Eldraine,restlessvinestalk
509484,0.3,0.35,0.15,Sleight of Hand,Wilds of Eldraine,sleightofhand
512722,0.36,0.35,0.15,Soul-Guide Lantern,Wilds of Eldraine,soulguidelantern
512401,0.34,0.49,0.15,The Huntsman's Redemption,Wilds of Eldraine,thehuntsmansredemption
513885,2.41,3.99,2.31,Virtue of Courage,Wilds of Eldraine,virtueofcourage
512610,7.69,8.99,6.23,Virtue of Persistence,Wilds of Eldraine,virtueofpersistence
512676,0.49,0.59,0.16,Werefox Bodyguard,Wilds of Eldraine,werefoxbodyguard
513356,5.52,6.99,4.79,Blind Obedience,Wilds of Eldraine: Enchanting Tales,blindobedience
512369,9.2,12.99,9.28,Blood Moon,Wilds of Eldraine: Enchanting Tales,bloodmoon
514021,1.72,2.49,0.8200000000000001,Copy Enchantment,Wilds of Eldraine: Enchanting Tales,copyenchantment
509516,2.0,1.99,0.78,Curiosity,Wilds of Eldraine: Enchanting Tales,curiosity
512710,4.64,3.49,2.96,Goblin Bombardment,Wilds of Eldraine: Enchanting Tales,goblinbombardment
513346,1.56,1.79,0.9500000000000001,Leyline of Abundance,Wilds of Eldraine: Enchanting Tales,leylineofabundance
512607,0.97,1.99,0.29,Leyline of the Void,Wilds of Eldraine: Enchanting Tales,leylineofthevoid
509515,38.92,42.99,39.59,Necropotence,Wilds of Eldraine: Enchanting Tales,necropotence
512690,8.91,11.99,7.23,Omniscience,Wilds of Eldraine: Enchanting Tales,omniscience
512673,1.34,1.49,0.5,Rest in Peace,Wilds of Eldraine: Enchanting Tales,restinpeace
509518,83.32,84.99,80.69,Rhystic Study,Wilds of Eldraine: Enchanting Tales,rhysticstudy
509513,62.53,69.99,61.26,Smothering Tithe,Wilds of Eldraine: Enchanting Tales,smotheringtithe
507480,0.19,0.35,0.15,Abrade,Commander Masters,abrade
503414,0.63,,0.54,Arcane Signet,Commander Masters,arcanesignet
504612,14.15,19.99,14.32,Ashnod's Altar,Commander Masters,ashnodsaltar
505788,1.41,1.99,1.12,Blasphemous Act,Commander Masters,blasphemousact
504564,20.34,22.99,18.12,Bloodchief Ascension,Commander Masters,bloodchiefascension
503401,0.32,0.49,0.15,"Chainer, Dementia Master",Commander Masters,chainerdementiamaster
505774,9.8,14.99,8.61,"Chandra, Awakened Inferno",Commander Masters,chandraawakenedinferno
504162,3.08,4.49,2.8000000000000003,Commandeer,Commander Masters,commandeer
503408,0.4,0.69,0.26,Command Tower,Commander Masters,commandtower
505345,2.87,1.29,0.56,Crippling Fear,Commander Masters,cripplingfear
506034,2.3,0.79,0.23,Culling Ritual,Commander Masters,cullingritual
504164,32.31,37.99,30.2,Cyclonic Rift,Commander Masters,cyclonicrift
503565,27.66,27.99,24.84,Deadly Rollick,Commander Masters,deadlyrollick
504494,66.68,94.99,68.77,Deflecting Swat,Commander Masters,deflectingswat
504566,75.5,84.99,67.96000000000001,Demonic Tutor,Commander Masters,demonictutor
504653,0.37,0.49,0.25,Divergent Transformations,Commander Masters,divergenttransformations
507123,1.43,0.99,0.47000000000000003,Elvish Mystic,Commander Masters,elvishmystic
507278,1.98,1.79,1.3800000000000001,Eternal Witness,Commander Masters,eternalwitness
505369,0.34,0.49,0.21,Exotic Orchard,Commander Masters,exoticorchard
503393,1.0,,0.89,Fellwar Stone,Commander Masters,fellwarstone
504561,55.26,79.99,52.07,Fierce Guardianship,Commander Masters,fierceguardianship
504142,52.62,69.99,50.5,Finale of Devastation,Commander Masters,finaleofdevastation
507114,0.39,0.49,0.31,Final Parting,Commander Masters,finalparting
506676,4.32,3.99,2.13,Geier Reach Sanitarium,Commander Masters,geierreachsanitarium
503577,16.28,20.99,16.93,Grand Abolisher,Commander Masters,grandabolisher
507279,0.17,0.35,0.15,Heartless Act,Commander Masters,heartlessact
507454,0.16,0.39,0.15,Impulsive Pilferer,Commander Masters,impulsivepilferer
504533,6.54,9.49,7.0600000000000005,Imp's Mischief,Commander Masters,impsmischief
503362,11.98,15.99,10.92,Jet Medallion,Commander Masters,jetmedallion
507155,0.28,0.49,0.19,Loyal Apprentice,Commander Masters,loyalapprentice
504569,25.1,27.99,26.02,"Mikaeus, the Unhallowed",Commander Masters,mikaeustheunhallowed
506746,0.34,0.79,0.31,Mind Stone,Commander Masters,mindstone
506709,0.68,0.69,0.47000000000000003,Mirage Mirror,Commander Masters,miragemirror
506678,3.38,4.49,2.64,Mirrorpool,Commander Masters,mirrorpool
505804,0.94,0.69,0.59,Oath of Teferi,Commander Masters,oathofteferi
506732,1.13,1.49,0.8,Ornithopter of Paradise,Commander Masters,ornithopterofparadise
505341,0.42,0.59,0.3,Opulent Palace,Commander Masters,opulentpalace
505806,1.62,2.79,1.2,Path to Exile,Commander Masters,pathtoexile
504507,13.92,14.99,11.870000000000001,"Razaketh, the Foulblooded",Commander Masters,razakeththefoulblooded
505827,7.24,8.49,7.53,Rejuvenating Springs,Commander Masters,rejuvenatingsprings
503606,0.18,0.69,0.16,"Rishkar, Peema Renegade",Commander Masters,rishkarpeemarenegade
505314,0.39,0.99,0.36,Secluded Courtyard,Commander Masters,secludedcourtyard
496055,6.4,,3.95,"Selvala, Heart of the Wilds",Commander Masters,selvalaheartofthewilds
504525,0.41,,0.17,Sevinne's Reclamation,Commander Masters,sevinnesreclamation
507140,0.16,,0.15,Snakeskin Veil,Commander Masters,snakeskinveil
503397,1.75,2.49,1.45,Sol Ring,Commander Masters,solring
504559,62.37,69.99,57.57,Smothering Tithe,Commander Masters,smotheringtithe
505828,14.99,15.99,12.13,Spectator Seating,Commander Masters,spectatorseating
503390,17.52,24.99,17.45,Spellseeker,Commander Masters,spellseeker
504190,2.67,2.49,1.45,Storm-Kiln Artist,Commander Masters,stormkilnartist
504491,8.12,,8.11,"Sun Quan, Lord of Wu",Commander Masters,sunquanlordofwu
505808,1.81,3.49,1.6600000000000001,Swords to Plowshares,Commander Masters,swordstoplowshares
505800,1.22,2.29,1.01,Talisman of Progress,Commander Masters,talismanofprogress
505799,3.59,2.99,3.06,Talisman of Creativity,Commander Masters,talismanofcreativity
507460,0.15,0.35,0.15,"Tetsuko Umezawa, Fugitive",Commander Masters,tetsukoumezawafugitive
503557,5.21,3.99,3.73,Thran Dynamo,Commander Masters,thrandynamo
504447,5.77,6.99,4.83,Toxic Deluge,Commander Masters,toxicdeluge
505829,16.95,22.99,18.77,Training Center,Commander Masters,trainingcenter
503426,15.23,19.99,14.32,"Urza, Lord High Artificer",Commander Masters,urzalordhighartificer
505831,18.54,18.99,16.63,Vault of Champions,Commander Masters,vaultofchampions
505353,5.16,7.99,4.93,Windfall,Commander Masters,windfall
504503,3.45,3.99,3.16,"Yuriko, the Tiger's Shadow",Commander Masters,yurikothetigersshadow
499562,0.66,0.99,0.48,Arcane Signet,Commander: The Lord of the Rings: Tales of Middle-earth,arcanesignet
499661,4.37,5.49,3.49,Basalt Monolith,Commander: The Lord of the Rings: Tales of Middle-earth,basaltmonolith
499737,0.39,,0.23,Battlefield Forge,Commander: The Lord of the Rings: Tales of Middle-earth,battlefieldforge
499510,13.14,16.99,11.89,Birds of Paradise,Commander: The Lord of the Rings: Tales of Middle-earth,birdsofparadise
499613,1.1,2.29,0.93,Blasphemous Act,Commander: The Lord of the Rings: Tales of Middle-earth,blasphemousact
499807,1.87,2.29,0.91,Combat Celebrant,Commander: The Lord of the Rings: Tales of Middle-earth,combatcelebrant
499589,0.7,0.69,0.25,Command Tower,Commander: The Lord of the Rings: Tales of Middle-earth,commandtower
499702,1.48,0.99,0.52,Elvish Mystic,Commander: The Lord of the Rings: Tales of Middle-earth,elvishmystic
499569,0.33,0.59,0.16,Exotic Orchard,Commander: The Lord of the Rings: Tales of Middle-earth,exoticorchard
499590,0.43,1.29,0.42,Ghost Quarter,Commander: The Lord of the Rings: Tales of Middle-earth,ghostquarter
498351,0.36,,0.29,Mind Stone,Commander: The Lord of the Rings: Tales of Middle-earth,mindstone
499638,2.51,2.79,1.03,Notion Thief,Commander: The Lord of the Rings: Tales of Middle-earth,notionthief
499731,0.34,0.49,0.15,Opt,Commander: The Lord of the Rings: Tales of Middle-earth,opt
499536,1.71,2.79,1.2,Path to Exile,Commander: The Lord of the Rings: Tales of Middle-earth,pathtoexile
499733,0.88,1.29,0.51,Preordain,Commander: The Lord of the Rings: Tales of Middle-earth,preordain
499611,7.7,11.99,7.92,Reanimate,Commander: The Lord of the Rings: Tales of Middle-earth,reanimate
499784,5.21,7.99,5.41,Rejuvenating Springs,Commander: The Lord of the Rings: Tales of Middle-earth,rejuvenatingsprings
499773,0.35,0.69,0.18,Secluded Courtyard,Commander: The Lord of the Rings: Tales of Middle-earth,secludedcourtyard
488278,1.8,2.79,1.55,Sol Ring,Commander: The Lord of the Rings: Tales of Middle-earth,solring
499691,1.73,2.29,1.29,Sulfurous Springs,Commander: The Lord of the Rings: Tales of Middle-earth,sulfuroussprings
499750,8.68,13.99,8.8,Swan Song,Commander: The Lord of the Rings: Tales of Middle-earth,swansong
499538,1.62,2.49,1.35,Swords to Plowshares,Commander: The Lord of the Rings: Tales of Middle-earth,swordstoplowshares
499820,0.41,0.99,0.39,Talisman of Progress,Commander: The Lord of the Rings: Tales of Middle-earth,talismanofprogress
499504,6.1,6.99,4.8,Toxic Deluge,Commander: The Lord of the Rings: Tales of Middle-earth,toxicdeluge
499695,1.64,3.99,1.49,Underground River,Commander: The Lord of the Rings: Tales of Middle-earth,undergroundriver
498305,5.85,7.99,5.21,"Boromir, Warden of the Tower",Universes Beyond: The Lord of the Rings: Tales of Middle-earth,boromirwardenofthetower
498680,3.98,4.99,3.8000000000000003,Borne Upon a Wind,Universes Beyond: The Lord of the Rings: Tales of Middle-earth,borneuponawind
498414,30.29,37.99,27.66,Delighted Halfling,Universes Beyond: The Lord of the Rings: Tales of Middle-earth,delightedhalfling
498609,0.36,0.79,0.15,Ioreth of the Healing House,Universes Beyond: The Lord of the Rings: Tales of Middle-earth,iorethofthehealinghouse
498682,12.37,16.99,12.49,"Lotho, Corrupt Shirriff",Universes Beyond: The Lord of the Rings: Tales of Middle-earth,lothocorruptshirriff
488273,7.5,9.49,7.42,Mount Doom,Universes Beyond: The Lord of the Rings: Tales of Middle-earth,mountdoom
498367,49.59,54.99,47.660000000000004,Orcish Bowmasters,Universes Beyond: The Lord of the Rings: Tales of Middle-earth,orcishbowmasters
498377,0.34,0.39,0.15,Rosie Cotton of South Lane,Universes Beyond: The Lord of the Rings: Tales of Middle-earth,rosiecottonofsouthlane
487805,105.96,129.99,99.0,The One Ring,Universes Beyond: The Lord of the Rings: Tales of Middle-earth,theonering
495610,26.64,37.99,27.490000000000002,"Nissa, Resurgent Animist",March of the Machine: The Aftermath,nissaresurgentanimist
495606,18.32,19.99,16.67,"Ob Nixilis, Captive Kingpin",March of the Machine: The Aftermath,obnixiliscaptivekingpin
495617,0.3,0.59,0.15,Reckless Handling,March of the Machine: The Aftermath,recklesshandling
495646,8.81,11.99,8.53,Training Grounds,March of the Machine: The Aftermath,traininggrounds
491372,0.75,0.99,0.46,Arcane Signet,Commander: March of the Machine,arcanesignet
491586,0.76,0.79,0.36,Chaos Warp,Commander: March of the Machine,chaoswarp
491508,0.44,0.49,0.38,Cloud of Faeries,Commander: March of the Machine,cloudoffaeries
491395,0.41,0.59,0.25,Command Tower,Commander: March of the Machine,commandtower
491593,3.93,4.49,2.45,Curse of Opulence,Commander: March of the Machine,curseofopulence
491380,0.26,0.49,0.15,Exotic Orchard,Commander: March of the Machine,exoticorchard
491445,1.24,1.79,0.77,Fellwar Stone,Commander: March of the Machine,fellwarstone
491621,5.22,6.99,4.68,Gavony Township,Commander: March of the Machine,gavonytownship
491791,2.57,1.79,1.82,Incubation Druid,Commander: March of the Machine,incubationdruid
491481,,,,Island,Commander: March of the Machine,island
491373,0.35,0.79,0.25,Mind Stone,Commander: March of the Machine,mindstone
491693,1.52,2.49,1.33,Path to Exile,Commander: March of the Machine,pathtoexile
491480,,,,Plains,Commander: March of the Machine,plains
491682,0.39,0.69,0.23,"Rishkar, Peema Renegade",Commander: March of the Machine,rishkarpeemarenegade
491353,3.31,2.99,1.99,Sculpting Steel,Commander: March of the Machine,sculptingsteel
491375,1.74,2.49,1.49,Sol Ring,Commander: March of the Machine,solring
491387,0.31,0.49,0.23,Spire of Industry,Commander: March of the Machine,spireofindustry
491426,1.61,2.79,1.3900000000000001,Swords to Plowshares,Commander: March of the Machine,swordstoplowshares
491376,0.91,1.29,0.52,Talisman of Hierarchy,Commander: March of the Machine,talismanofhierarchy
491514,0.31,0.35,0.15,"Tetsuko Umezawa, Fugitive",Commander: March of the Machine,tetsukoumezawafugitive
484655,47.74,57.99,48.67,"Ragavan, Nimble Pilferer",March of the Machine: Multiverse Legends,ragavannimblepilferer
491830,0.2,0.35,0.15,"Tetsuko Umezawa, Fugitive",March of the Machine: Multiverse Legends,tetsukoumezawafugitive
490409,0.56,0.69,0.42,"Thalia, Guardian of Thraben",March of the Machine: Multiverse Legends,thaliaguardianofthraben
492820,12.28,16.99,11.450000000000001,Faerie Mastermind,Promo Pack: March of the Machine,faeriemastermind
492829,5.66,7.49,6.19,Hoarding Broodlord,Promo Pack: March of the Machine,hoardingbroodlord
484539,12.2,14.99,10.200000000000001,Faerie Mastermind,March of the Machine,faeriemastermind
491763,0.16,0.35,0.15,Flywheel Racer,March of the Machine,flywheelracer
490572,5.54,7.49,4.5200000000000005,Hoarding Broodlord,March of the Machine,hoardingbroodlord
490335,12.14,15.99,12.3,Invasion of Ikoria,March of the Machine,invasionofikoria
490384,0.33,0.35,0.15,Negate,March of the Machine,negate
484510,,,,Brainstorm,Secret Lair Showdown,brainstorm
503225,11.29,9.99,10.82,An Offer You Can't Refuse,Secret Lair Showdown,anofferyoucantrefuse
528385,,,,Dark Ritual,Secret Lair Showdown,darkritual
489673,10.86,9.49,11.76,Eldritch Evolution,Secret Lair Showdown,eldritchevolution
688476,24.1,20.99,21.29,Emberheart Challenger,Secret Lair Showdown,emberheartchallenger
484511,,,,Fatal Push,Secret Lair Showdown,fatalpush
603078,7.08,6.99,7.07,Force of Despair,Secret Lair Showdown,forceofdespair
562026,,,,Lightning Bolt,Secret Lair Showdown,lightningbolt
540040,5.34,5.99,4.09,Ponder,Secret Lair Showdown,ponder
484512,,,,"Ragavan, Nimble Pilferer",Secret Lair Showdown,ragavannimblepilferer
648267,1.0,0.79,0.77,Shoot the Sheriff,Secret Lair Showdown,shootthesheriff
537911,1.24,0.99,1.04,Springleaf Drum,Secret Lair Showdown,springleafdrum
688475,4.64,7.49,4.58,Sowing Mycospawn,Secret Lair Showdown,sowingmycospawn
528387,,,,Spell Pierce,Secret Lair Showdown,spellpierce
557849,9.33,8.49,5.99,Swords to Plowshares,Secret Lair Showdown,swordstoplowshares
481626,31.69,22.99,32.17,All Will Be One,Promo Pack: Phyrexia: All Will Be One,allwillbeone
483464,5.9,9.99,7.13,Hullbreaker Horror,Promo Pack: Phyrexia: All Will Be One,hullbreakerhorror
481582,3.18,5.49,5.47,"Skrelv, Defector Mite",Promo Pack: Phyrexia: All Will Be One,skrelvdefectormite
481681,1.29,,2.6,Soulless Jailer,Promo Pack: Phyrexia: All Will Be One,soullessjailer
481691,2.08,2.79,1.87,The Mycosynth Gardens,Promo Pack: Phyrexia: All Will Be One,themycosynthgardens
481674,1.79,1.99,,"Tyvar, Jubilant Brawler",Promo Pack: Phyrexia: All Will Be One,tyvarjubilantbrawler
478458,0.77,0.99,0.43,Arcane Signet,Commander: Phyrexia: All Will Be One,arcanesignet
478488,2.19,1.29,0.98,Buried Ruin,Commander: Phyrexia: All Will Be One,buriedruin
478498,0.38,0.59,0.28,Command Tower,Commander: Phyrexia: All Will Be One,commandtower
478567,1.51,1.49,0.87,Culling Ritual,Commander: Phyrexia: All Will Be One,cullingritual
478500,0.26,0.49,0.2,Exotic Orchard,Commander: Phyrexia: All Will Be One,exoticorchard
478462,1.26,1.79,0.9,Fellwar Stone,Commander: Phyrexia: All Will Be One,fellwarstone
478455,0.49,0.59,0.26,Loyal Apprentice,Commander: Phyrexia: All Will Be One,loyalapprentice
478465,0.4,0.69,0.34,Mind Stone,Commander: Phyrexia: All Will Be One,mindstone
478581,8.16,10.99,7.29,Noxious Revival,Commander: Phyrexia: All Will Be One,noxiousrevival
478489,1.47,2.49,1.31,Path to Exile,Commander: Phyrexia: All Will Be One,pathtoexile
478590,0.3,0.49,0.15,Scavenging Ooze,Commander: Phyrexia: All Will Be One,scavengingooze
478450,1.63,2.29,1.55,Sol Ring,Commander: Phyrexia: All Will Be One,solring
478453,0.39,0.49,0.26,Soul-Guide Lantern,Commander: Phyrexia: All Will Be One,soulguidelantern
478578,2.01,2.29,1.6500000000000001,Swords to Plowshares,Commander: Phyrexia: All Will Be One,swordstoplowshares
479312,15.22,17.99,14.06,All Will Be One,Phyrexia: All Will Be One,allwillbeone
479362,0.26,0.35,0.15,Duress,Phyrexia: All Will Be One,duress
478278,3.19,4.99,3.02,"Skrelv, Defector Mite",Phyrexia: All Will Be One,skrelvdefectormite
479347,3.06,2.29,1.12,Soulless Jailer,Phyrexia: All Will Be One,soullessjailer
478931,2.09,1.29,0.33,The Mycosynth Gardens,Phyrexia: All Will Be One,themycosynthgardens
478299,1.93,1.99,1.04,"Tyvar, Jubilant Brawler",Phyrexia: All Will Be One,tyvarjubilantbrawler
449596,12.34,16.99,12.49,Birds of Paradise,Dominaria Remastered,birdsofparadise
457218,0.32,0.49,0.15,"Chainer, Dementia Master",Dominaria Remastered,chainerdementiamaster
457458,0.23,0.59,0.15,Cloud of Faeries,Dominaria Remastered,cloudoffaeries
457142,3.95,4.49,3.12,Crop Rotation,Dominaria Remastered,croprotation
461925,0.75,1.29,0.6,Damping Sphere,Dominaria Remastered,dampingsphere
457863,0.18,0.35,0.15,Duress,Dominaria Remastered,duress
457270,3.04,2.49,2.61,Elvish Spirit Guide,Dominaria Remastered,elvishspiritguide
457587,0.1,0.35,0.15,Emerald Charm,Dominaria Remastered,emeraldcharm
457198,17.24,22.99,15.59,Entomb,Dominaria Remastered,entomb
457158,37.88,37.99,33.34,Enlightened Tutor,Dominaria Remastered,enlightenedtutor
457191,32.28,42.99,21.96,Exploration,Dominaria Remastered,exploration
449583,62.64,74.99,62.52,Force of Will,Dominaria Remastered,forceofwill
461900,17.44,20.99,16.66,Gamble,Dominaria Remastered,gamble
463383,3.43,4.99,2.6,Gemstone Mine,Dominaria Remastered,gemstonemine
457203,0.28,0.69,0.15,Grapeshot,Dominaria Remastered,grapeshot
457153,5.38,4.99,4.6000000000000005,Last Chance,Dominaria Remastered,lastchance
463303,0.3,0.79,0.25,Mind Stone,Dominaria Remastered,mindstone
463625,0.19,0.35,0.15,Mishra's Factory,Dominaria Remastered,mishrasfactory
458047,12.47,14.99,12.09,Mystic Remora,Dominaria Remastered,mysticremora
457199,16.53,20.99,16.67,Mystical Tutor,Dominaria Remastered,mysticaltutor
457188,0.28,0.69,0.15,Ornithopter,Dominaria Remastered,ornithopter
458178,0.26,0.79,0.15,Peregrine Drake,Dominaria Remastered,peregrinedrake
457194,0.58,0.99,0.5,Sevinne's Reclamation,Dominaria Remastered,sevinnesreclamation
458224,3.29,4.49,3.06,Snap,Dominaria Remastered,snap
457086,29.31,29.99,24.43,Sylvan Library,Dominaria Remastered,sylvanlibrary
449580,1.52,2.49,1.34,Swords to Plowshares,Dominaria Remastered,swordstoplowshares
457091,14.96,19.99,14.05,"Urza, Lord High Artificer",Dominaria Remastered,urzalordhighartificer
457178,60.08,54.99,58.01,Vampiric Tutor,Dominaria Remastered,vampirictutor
457269,26.92,39.99,25.0,Worldly Tutor,Dominaria Remastered,worldlytutor
457084,30.95,32.99,30.34,"Yawgmoth, Thran Physician",Dominaria Remastered,yawgmoththranphysician
455521,0.1,0.35,0.15,Axgard Cavalry,Jumpstart 2022,axgardcavalry
454987,3.52,3.49,1.79,Eidolon of Rhetoric,Jumpstart 2022,eidolonofrhetoric
455226,12.49,11.99,13.63,Emiel the Blessed,Jumpstart 2022,emieltheblessed
454835,1.95,3.99,1.1400000000000001,Expedition Map,Jumpstart 2022,expeditionmap
455166,0.75,0.59,0.39,Faerie Seer,Jumpstart 2022,faerieseer
455655,9.03,13.99,8.870000000000001,Glint-Horn Buccaneer,Jumpstart 2022,glinthornbuccaneer
455678,0.83,0.99,0.62,Goblin Rabblemaster,Jumpstart 2022,goblinrabblemaster
455599,2.81,2.49,1.03,Gravecrawler,Jumpstart 2022,gravecrawler
455096,0.18,0.49,0.23,Mishra's Factory,Jumpstart 2022,mishrasfactory
455596,0.23,0.39,0.19,Opt,Jumpstart 2022,opt
454840,19.45,22.99,18.18,Pirated Copy,Jumpstart 2022,piratedcopy
455465,1.78,2.79,0.97,Preordain,Jumpstart 2022,preordain
455554,6.43,8.49,6.96,Professional Face-Breaker,Jumpstart 2022,professionalfacebreaker
455686,0.83,1.49,0.8200000000000001,Reckless Fireweaver,Jumpstart 2022,recklessfireweaver
454994,70.26,79.99,67.37,Rhystic Study,Jumpstart 2022,rhysticstudy
455228,1.21,1.79,0.98,Seat of the Synod,Jumpstart 2022,seatofthesynod
455039,1.78,2.99,2.06,Snow-Covered Island,Jumpstart 2022,snowcoveredisland
454814,0.86,1.79,0.75,Universal Automaton,Jumpstart 2022,universalautomaton
454836,9.9,14.99,9.73,Walking Ballista,Jumpstart 2022,walkingballista
455199,0.2,0.35,0.2,Young Wolf,Jumpstart 2022,youngwolf
456988,0.28,0.35,0.15,Abrade,Starter Commander Decks,abrade
456732,0.46,0.99,0.46,Arcane Signet,Starter Commander Decks,arcanesignet
456787,0.48,1.99,0.51,Avacyn's Pilgrim,Starter Commander Decks,avacynspilgrim
456959,0.82,1.99,0.72,Blasphemous Act,Starter Commander Decks,blasphemousact
456961,0.34,0.79,0.33,Chaos Warp,Starter Commander Decks,chaoswarp
456743,0.27,0.79,0.26,Command Tower,Starter Commander Decks,commandtower
456823,0.42,1.29,0.36,Crippling Fear,Starter Commander Decks,cripplingfear
456789,1.24,1.49,1.26,Eternal Witness,Starter Commander Decks,eternalwitness
456854,1.47,2.49,0.93,Gray Merchant of Asphodel,Starter Commander Decks,graymerchantofasphodel
456815,0.32,0.35,0.15,Holdout Settlement,Starter Commander Decks,holdoutsettlement
456721,0.28,0.35,0.19,Negate,Starter Commander Decks,negate
456784,1.18,2.79,1.21,Path to Exile,Starter Commander Decks,pathtoexile
456767,0.21,0.59,0.17,"Rishkar, Peema Renegade",Starter Commander Decks,rishkarpeemarenegade
456768,0.29,0.49,0.15,Scavenging Ooze,Starter Commander Decks,scavengingooze
456739,2.2,2.49,1.3900000000000001,Sol Ring,Starter Commander Decks,solring
456716,1.3,2.49,1.41,Swords to Plowshares,Starter Commander Decks,swordstoplowshares
457002,3.43,3.49,2.6,Talisman of Indulgence,Starter Commander Decks,talismanofindulgence
456875,1.55,2.49,1.59,Talisman of Dominance,Starter Commander Decks,talismanofdominance
456740,0.4,0.79,0.38,Talisman of Progress,Starter Commander Decks,talismanofprogress
662009,4.35,5.99,3.37,Brain Freeze,Secret Lair Countdown Kit,brainfreeze
662011,5.09,5.99,5.18,Crop Rotation,Secret Lair Countdown Kit,croprotation
448904,187.52,159.99,196.71,Chrome Mox,Secret Lair Countdown Kit,chromemox
451202,15.74,13.99,14.780000000000001,Deathrite Shaman,Secret Lair Countdown Kit,deathriteshaman
662013,7.99,9.49,6.18,Demonic Consultation,Secret Lair Countdown Kit,demonicconsultation
662017,29.58,29.99,30.060000000000002,Field of the Dead,Secret Lair Countdown Kit,fieldofthedead
662019,8.11,8.99,7.55,Gray Merchant of Asphodel,Secret Lair Countdown Kit,graymerchantofasphodel
662034,14.83,16.99,13.76,Llanowar Elves,Secret Lair Countdown Kit,llanowarelves
454677,,,,Lotus Field,Secret Lair Countdown Kit,lotusfield
451192,1.11,0.99,1.1300000000000001,Lightning Helix,Secret Lair Countdown Kit,lightninghelix
451175,1.92,1.99,1.94,Mishra's Factory,Secret Lair Countdown Kit,mishrasfactory
662042,4.52,4.49,3.59,Narset's Reversal,Secret Lair Countdown Kit,narsetsreversal
448902,47.14,54.99,48.39,Necropotence,Secret Lair Countdown Kit,necropotence
451199,10.71,8.49,10.4,Ponder,Secret Lair Countdown Kit,ponder
662064,16.63,20.99,15.6,Sol Ring,Secret Lair Countdown Kit,solring
662085,62.8,74.99,57.67,Urza's Saga,Secret Lair Countdown Kit,urzassaga
662089,13.22,21.99,13.84,Wasteland,Secret Lair Countdown Kit,wasteland
662087,4.23,4.99,4.15,Vesuva,Secret Lair Countdown Kit,vesuva
448974,19.32,,,Animate Dead,30th Anniversary Edition,animatedead
449163,235.61,279.99,,Badlands,30th Anniversary Edition,badlands
449114,9.54,,10.05,Basalt Monolith,30th Anniversary Edition,basaltmonolith
449164,232.81,229.99,247.48000000000002,Bayou,30th Anniversary Edition,bayou
449068,,99.99,58.07,Birds of Paradise,30th Anniversary Edition,birdsofparadise
448928,2.47,2.79,7.07,Blue Elemental Blast,30th Anniversary Edition,blueelementalblast
448932,,79.99,66.16,Copy Artifact,30th Anniversary Edition,copyartifact
448980,13.93,13.99,15.3,Dark Ritual,30th Anniversary Edition,darkritual
448984,84.69,79.99,104.18,Demonic Tutor,30th Anniversary Edition,demonictutor
449039,10.5,8.99,10.39,Lightning Bolt,30th Anniversary Edition,lightningbolt
449093,5.29,3.49,4.55,Llanowar Elves,30th Anniversary Edition,llanowarelves
449145,,119.99,233.49,Mana Vault,30th Anniversary Edition,manavault
449165,200.0,199.99,,Plateau,30th Anniversary Edition,plateau
449049,15.34,9.99,20.54,Red Elemental Blast,30th Anniversary Edition,redelementalblast
449004,10.11,,,Sacrifice,30th Anniversary Edition,sacrifice
449167,195.82,279.99,234.23000000000002,Savannah,30th Anniversary Edition,savannah
449168,314.6,299.99,,Scrubland,30th Anniversary Edition,scrubland
449169,300.0,229.99,,Taiga,30th Anniversary Edition,taiga
448917,8.79,,6.7700000000000005,Swords to Plowshares,30th Anniversary Edition,swordstoplowshares
448965,798.33,1099.99,989.88,Timetwister,30th Anniversary Edition,timetwister
449170,275.0,,,Tropical Island,30th Anniversary Edition,tropicalisland
449171,278.32,279.99,241.6,Tundra,30th Anniversary Edition,tundra
449172,393.31,329.99,,Underground Sea,30th Anniversary Edition,undergroundsea
449173,305.76,,386.56,Volcanic Island,30th Anniversary Edition,volcanicisland
449065,365.0,379.99,,Wheel of Fortune,30th Anniversary Edition,wheeloffortune
452480,10.67,8.99,10.39,Rootpath Purifier,Commander: The Brothers' War,rootpathpurifier
453985,1.0,2.99,0.92,Battlefield Forge,Promo Pack: The Brothers' War,battlefieldforge
453952,16.65,18.99,18.650000000000002,Diabolic Intent,Promo Pack: The Brothers' War,diabolicintent
453989,1.19,6.99,0.98,Llanowar Wastes,Promo Pack: The Brothers' War,llanowarwastes
453931,33.64,54.99,38.81,Portal to Phyrexia,Promo Pack: The Brothers' War,portaltophyrexia
453991,3.78,,4.12,Underground River,Promo Pack: The Brothers' War,undergroundriver
451477,0.36,0.69,0.15,Battlefield Forge,The Brothers' War,battlefieldforge
453146,0.28,0.49,0.15,Bushwhack,The Brothers' War,bushwhack
452255,0.37,0.79,0.2,Demolition Field,The Brothers' War,demolitionfield
452124,18.37,19.99,15.1,Diabolic Intent,The Brothers' War,diabolicintent
451476,0.98,1.49,0.54,Llanowar Wastes,The Brothers' War,llanowarwastes
451962,38.23,54.99,43.5,Portal to Phyrexia,The Brothers' War,portaltophyrexia
451475,1.6,2.99,1.59,Underground River,The Brothers' War,undergroundriver
452373,1.21,2.29,0.6900000000000001,Adaptive Automaton,The Brothers' War: Retro Frame Artifacts,adaptiveautomaton
451928,17.78,20.99,16.76,Altar of Dementia,The Brothers' War: Retro Frame Artifacts,altarofdementia
451908,17.8,19.99,14.84,Ashnod's Altar,The Brothers' War: Retro Frame Artifacts,ashnodsaltar
452387,0.21,0.35,0.15,Chromatic Star,The Brothers' War: Retro Frame Artifacts,chromaticstar
451966,6.56,6.49,6.12,Defense Grid,The Brothers' War: Retro Frame Artifacts,defensegrid
452412,0.37,0.59,0.28,Key to the City,The Brothers' War: Retro Frame Artifacts,keytothecity
451975,80.13,109.99,82.46000000000001,Mox Amber,The Brothers' War: Retro Frame Artifacts,moxamber
451911,0.25,0.69,0.26,Ornithopter,The Brothers' War: Retro Frame Artifacts,ornithopter
451925,1.94,3.49,1.82,Mishra's Bauble,The Brothers' War: Retro Frame Artifacts,mishrasbauble
448815,0.33,0.49,0.25,Phyrexian Revoker,The Brothers' War: Retro Frame Artifacts,phyrexianrevoker
452426,1.59,3.49,1.18,Sculpting Steel,The Brothers' War: Retro Frame Artifacts,sculptingsteel
452430,0.28,0.35,0.15,Soul-Guide Lantern,The Brothers' War: Retro Frame Artifacts,soulguidelantern
452431,0.38,0.99,0.19,Springleaf Drum,The Brothers' War: Retro Frame Artifacts,springleafdrum
448834,8.94,10.99,7.29,"Slicer, Hired Muscle",Universes Beyond: Transformers,slicerhiredmuscle
448523,0.25,0.35,0.16,Abrade,Magic Game Night: Free-For-All,abrade
448525,3.14,2.79,1.47,Lightning Bolt,Magic Game Night: Free-For-All,lightningbolt
448547,0.63,,0.55,Llanowar Elves,Magic Game Night: Free-For-All,llanowarelves
448524,1.62,2.49,1.6300000000000001,Path to Exile,Magic Game Night: Free-For-All,pathtoexile
448530,1.59,2.29,1.75,Swords to Plowshares,Magic Game Night: Free-For-All,swordstoplowshares
448588,12.18,13.99,8.8,"Vilis, Broker of Blood",Magic Game Night: Free-For-All,vilisbrokerofblood
286137,2.49,3.99,1.78,Blasphemous Act,"Universes Beyond: Warhammer 40,000",blasphemousact
286133,2.73,2.99,1.76,Brainstorm,"Universes Beyond: Warhammer 40,000",brainstorm
286138,0.97,0.79,0.33,Chaos Warp,"Universes Beyond: Warhammer 40,000",chaoswarp
286135,8.57,7.49,4.92,Dark Ritual,"Universes Beyond: Warhammer 40,000",darkritual
285958,0.39,0.79,0.16,Exotic Orchard,"Universes Beyond: Warhammer 40,000",exoticorchard
285803,,,,Marneus Calgar,"Universes Beyond: Warhammer 40,000",marneuscalgar
286373,2.89,2.99,2.44,Sculpting Steel,"Universes Beyond: Warhammer 40,000",sculptingsteel
286517,2.29,3.99,2.07,Swords to Plowshares,"Universes Beyond: Warhammer 40,000",swordstoplowshares
286121,3.44,3.49,3.64,Talisman of Creativity,"Universes Beyond: Warhammer 40,000",talismanofcreativity
286233,1.26,2.29,1.03,Talisman of Hierarchy,"Universes Beyond: Warhammer 40,000",talismanofhierarchy
286526,1.26,1.29,1.01,Talisman of Progress,"Universes Beyond: Warhammer 40,000",talismanofprogress
286125,3.8,3.99,3.45,Talisman of Indulgence,"Universes Beyond: Warhammer 40,000",talismanofindulgence
282958,0.46,0.79,0.5,Arcane Signet,Commander: Dominaria United,arcanesignet
282987,0.37,0.79,0.28,Battlefield Forge,Commander: Dominaria United,battlefieldforge
282994,0.32,0.69,0.3,Command Tower,Commander: Dominaria United,commandtower
282840,13.98,24.99,14.32,"Dihada, Binder of Wills",Commander: Dominaria United,dihadabinderofwills
283053,0.35,0.49,0.21,Exotic Orchard,Commander: Dominaria United,exoticorchard
282935,0.55,0.79,0.43,Faeburrow Elder,Commander: Dominaria United,faeburrowelder
282959,1.29,1.49,0.78,Fellwar Stone,Commander: Dominaria United,fellwarstone
283000,2.47,3.99,1.75,Geier Reach Sanitarium,Commander: Dominaria United,geierreachsanitarium
283063,0.67,0.59,0.26,Opulent Palace,Commander: Dominaria United,opulentpalace
283015,1.34,2.49,1.3,Path to Exile,Commander: Dominaria United,pathtoexile
282969,1.63,2.29,1.49,Sol Ring,Commander: Dominaria United,solring
282900,24.02,37.99,24.900000000000002,Tiller Engine,Commander: Dominaria United,tillerengine
283402,0.32,0.49,0.15,Anointed Peacekeeper,Dominaria United,anointedpeacekeeper
282758,4.0,5.99,4.12,"Braids, Arisen Nightmare",Dominaria United,braidsarisennightmare
282845,0.42,0.79,0.18,Cut Down,Dominaria United,cutdown
283616,0.26,0.35,0.15,Essence Scatter,Dominaria United,essencescatter
283607,0.93,1.29,0.71,Ertai Resurrected,Dominaria United,ertairesurrected
283488,0.28,0.35,0.15,Negate,Dominaria United,negate
283524,2.43,2.29,1.37,Relic of Legends,Dominaria United,relicoflegends
282800,95.98,139.99,102.11,"Sheoldred, the Apocalypse",Dominaria United,sheoldredtheapocalypse
282785,0.43,0.79,0.28,Shivan Reef,Dominaria United,shivanreef
282754,1.62,2.29,1.3800000000000001,Sulfurous Springs,Dominaria United,sulfuroussprings
282772,0.37,0.69,0.35000000000000003,Yavimaya Coast,Dominaria United,yavimayacoast
285526,0.74,0.49,0.77,Anointed Peacekeeper,Promo Pack: Dominaria United,anointedpeacekeeper
285591,3.64,5.49,4.2700000000000005,"Braids, Arisen Nightmare",Promo Pack: Dominaria United,braidsarisennightmare
282853,1.9,2.49,0.91,Cut Down,Promo Pack: Dominaria United,cutdown
284543,11.21,13.99,10.67,Deathcap Glade,Promo Pack: Dominaria United,deathcapglade
284545,2.81,3.49,5.19,Dreamroot Cascade,Promo Pack: Dominaria United,dreamrootcascade
285629,1.39,1.79,1.59,Ertai Resurrected,Promo Pack: Dominaria United,ertairesurrected
284529,97.29,129.99,102.93,"Sheoldred, the Apocalypse",Promo Pack: Dominaria United,sheoldredtheapocalypse
284547,5.58,10.99,5.76,Shattered Sanctum,Promo Pack: Dominaria United,shatteredsanctum
285652,0.88,0.99,0.75,Shivan Reef,Promo Pack: Dominaria United,shivanreef
284548,5.46,8.49,5.68,Stormcarved Coast,Promo Pack: Dominaria United,stormcarvedcoast
285653,2.43,2.49,2.38,Sulfurous Springs,Promo Pack: Dominaria United,sulfuroussprings
284539,1.97,1.79,2.0,"Thalia, Guardian of Thraben",Promo Pack: Dominaria United,thaliaguardianofthraben
284549,6.12,11.99,7.390000000000001,Sundown Pass,Promo Pack: Dominaria United,sundownpass
285655,0.93,2.79,0.86,Yavimaya Coast,Promo Pack: Dominaria United,yavimayacoast
453572,,,,Dramatic Reversal,30th Anniversary Promos,dramaticreversal
453554,,,,Eternal Witness,30th Anniversary Promos,eternalwitness
453569,,,,Goblin Rabblemaster,30th Anniversary Promos,goblinrabblemaster
284942,,,,Llanowar Elves,30th Anniversary Promos,llanowarelves
285065,,,,Wall of Roots,30th Anniversary Promos,wallofroots
285071,,,,Windfall,30th Anniversary Promos,windfall
287522,11.1,16.99,11.120000000000001,Clown Car,Unfinity,clowncar
257009,5.13,7.49,4.78,Saw in Half,Unfinity,sawinhalf
276762,3.45,3.49,3.25,Aether Vial,Double Masters 2022,aethervial
276322,50.58,54.99,44.28,Allosaurus Shepherd,Double Masters 2022,allosaurusshepherd
276336,2.64,3.99,2.88,"Aminatou, the Fateshifter",Double Masters 2022,aminatouthefateshifter
276261,12.92,17.99,13.22,Bloom Tender,Double Masters 2022,bloomtender
276316,52.71,54.99,52.74,Cavern of Souls,Double Masters 2022,cavernofsouls
277212,0.7,0.79,0.52,Chaos Warp,Double Masters 2022,chaoswarp
276894,14.74,18.99,13.43,City of Brass,Double Masters 2022,cityofbrass
276378,32.88,29.99,29.67,Consecrated Sphinx,Double Masters 2022,consecratedsphinx
276658,1.03,0.79,0.51,Devoted Druid,Double Masters 2022,devoteddruid
277143,14.74,15.99,14.76,Emiel the Blessed,Double Masters 2022,emieltheblessed
276603,1.61,1.79,1.46,Eternal Witness,Double Masters 2022,eternalwitness
276798,9.59,12.99,7.79,Forbidden Orchard,Double Masters 2022,forbiddenorchard
276918,42.64,29.99,40.07,Food Chain,Double Masters 2022,foodchain
276686,54.4,69.99,55.22,Force of Negation,Double Masters 2022,forceofnegation
276478,5.16,5.49,5.14,Gifts Ungiven,Double Masters 2022,giftsungiven
276439,18.46,16.99,15.63,Grand Arbiter Augustin IV,Double Masters 2022,grandarbiteraugustiniv
276935,2.02,1.99,1.04,Gravecrawler,Double Masters 2022,gravecrawler
276504,28.77,32.99,27.61,Green Sun's Zenith,Double Masters 2022,greensunszenith
276288,163.39,199.99,171.93,Imperial Seal,Double Masters 2022,imperialseal
276484,2.49,2.29,1.04,Lightning Bolt,Double Masters 2022,lightningbolt
277207,0.3,0.39,0.15,Lightning Helix,Double Masters 2022,lightninghelix
276715,57.31,69.99,54.67,Mana Drain,Double Masters 2022,manadrain
276291,115.52,139.99,110.69,Mana Vault,Double Masters 2022,manavault
276572,3.04,2.29,1.8900000000000001,Necrotic Ooze,Double Masters 2022,necroticooze
276469,1.46,2.79,1.3,Path to Exile,Double Masters 2022,pathtoexile
276343,0.58,0.99,0.46,Pithing Needle,Double Masters 2022,pithingneedle
276539,0.41,0.59,0.19,"Rishkar, Peema Renegade",Double Masters 2022,rishkarpeemarenegade
276270,44.19,54.99,40.1,Sensei's Divining Top,Double Masters 2022,senseisdiviningtop
277154,0.33,0.35,0.15,Spell Pierce,Double Masters 2022,spellpierce
277161,56.59,59.99,56.04,Smothering Tithe,Double Masters 2022,smotheringtithe
276669,2.85,4.49,1.77,Surgical Extraction,Double Masters 2022,surgicalextraction
276512,1.74,1.49,1.34,Thousand-Year Storm,Double Masters 2022,thousandyearstorm
277214,17.34,21.99,14.82,Warrior's Oath,Double Masters 2022,warriorsoath
272582,0.93,0.99,0.46,Arcane Signet,Commander Legends: Battle for Baldur's Gate,arcanesignet
272914,6.93,9.49,6.16,Archivist of Oghma,Commander Legends: Battle for Baldur's Gate,archivistofoghma
273720,1.36,0.69,0.76,Aven Mindcensor,Commander Legends: Battle for Baldur's Gate,avenmindcensor
273674,19.1,23.99,19.01,Black Market Connections,Commander Legends: Battle for Baldur's Gate,blackmarketconnections
273577,1.7,1.99,1.33,Blasphemous Act,Commander Legends: Battle for Baldur's Gate,blasphemousact
273731,1.88,1.49,1.92,Changeling Outcast,Commander Legends: Battle for Baldur's Gate,changelingoutcast
273576,0.53,0.69,0.48,Chaos Warp,Commander Legends: Battle for Baldur's Gate,chaoswarp
272580,0.41,0.69,0.26,Command Tower,Commander Legends: Battle for Baldur's Gate,commandtower
273484,0.52,0.99,0.46,Crippling Fear,Commander Legends: Battle for Baldur's Gate,cripplingfear
273584,3.75,4.49,3.85,Curse of Opulence,Commander Legends: Battle for Baldur's Gate,curseofopulence
273676,8.73,8.99,8.52,Deep Gnome Terramancer,Commander Legends: Battle for Baldur's Gate,deepgnometerramancer
272901,30.94,34.99,28.12,Displacer Kitten,Commander Legends: Battle for Baldur's Gate,displacerkitten
273511,0.35,0.49,0.2,Exotic Orchard,Commander Legends: Battle for Baldur's Gate,exoticorchard
273879,1.55,1.79,0.72,Fellwar Stone,Commander Legends: Battle for Baldur's Gate,fellwarstone
273460,5.61,8.49,5.86,Hullbreaker Horror,Commander Legends: Battle for Baldur's Gate,hullbreakerhorror
273798,40.54,44.99,42.38,Jeska's Will,Commander Legends: Battle for Baldur's Gate,jeskaswill
273802,0.33,0.59,0.3,Light Up the Stage,Commander Legends: Battle for Baldur's Gate,lightupthestage
267051,1.34,1.99,0.98,Lightning Bolt,Commander Legends: Battle for Baldur's Gate,lightningbolt
267058,19.1,23.99,16.580000000000002,Luxury Suite,Commander Legends: Battle for Baldur's Gate,luxurysuite
273743,2.25,1.99,1.59,Maskwood Nexus,Commander Legends: Battle for Baldur's Gate,maskwoodnexus
273376,1.45,2.29,1.09,Manifold Key,Commander Legends: Battle for Baldur's Gate,manifoldkey
273115,0.35,0.79,0.25,Mind Stone,Commander Legends: Battle for Baldur's Gate,mindstone
273500,13.08,10.99,9.85,Mindcrank,Commander Legends: Battle for Baldur's Gate,mindcrank
267057,28.96,39.99,28.13,Morphic Pool,Commander Legends: Battle for Baldur's Gate,morphicpool
273750,3.8,6.99,4.05,Mutavault,Commander Legends: Battle for Baldur's Gate,mutavault
273549,5.98,5.99,5.59,"Niv-Mizzet, Parun",Commander Legends: Battle for Baldur's Gate,nivmizzetparun
273475,0.31,0.49,0.25,Phyrexian Revoker,Commander Legends: Battle for Baldur's Gate,phyrexianrevoker
273386,0.36,0.79,0.29,Prized Statue,Commander Legends: Battle for Baldur's Gate,prizedstatue
267055,17.86,29.99,20.25,Sea of Clouds,Commander Legends: Battle for Baldur's Gate,seaofclouds
273739,0.77,1.29,0.56,Sevinne's Reclamation,Commander Legends: Battle for Baldur's Gate,sevinnesreclamation
273501,1.7,2.49,1.59,Sol Ring,Commander Legends: Battle for Baldur's Gate,solring
273502,2.86,2.79,2.14,Talisman of Dominance,Commander Legends: Battle for Baldur's Gate,talismanofdominance
273587,3.02,3.49,2.58,Talisman of Creativity,Commander Legends: Battle for Baldur's Gate,talismanofcreativity
273747,1.02,1.29,0.68,Talisman of Hierarchy,Commander Legends: Battle for Baldur's Gate,talismanofhierarchy
269364,0.62,0.79,0.46,Arcane Signet,Commander: Streets of New Capenna,arcanesignet
269716,2.3,2.29,1.35,Blasphemous Act,Commander: Streets of New Capenna,blasphemousact
269664,0.54,0.79,0.46,Chaos Warp,Commander: Streets of New Capenna,chaoswarp
269374,0.36,0.69,0.3,Command Tower,Commander: Streets of New Capenna,commandtower
269427,0.96,0.99,0.47000000000000003,Devoted Druid,Commander: Streets of New Capenna,devoteddruid
269242,0.53,0.69,0.2,Extravagant Replication,Commander: Streets of New Capenna,extravagantreplication
269404,0.35,0.49,0.18,Exotic Orchard,Commander: Streets of New Capenna,exoticorchard
269367,1.34,1.49,0.8,Fellwar Stone,Commander: Streets of New Capenna,fellwarstone
269408,5.72,7.49,5.0,Gavony Township,Commander: Streets of New Capenna,gavonytownship
269749,2.48,3.49,2.34,Ghostly Pilferer,Commander: Streets of New Capenna,ghostlypilferer
269438,2.37,1.99,1.52,Incubation Druid,Commander: Streets of New Capenna,incubationdruid
269636,1.54,2.49,1.4000000000000001,Path to Exile,Commander: Streets of New Capenna,pathtoexile
269358,2.96,3.99,2.08,Ponder,Commander: Streets of New Capenna,ponder
269359,0.83,1.79,0.63,Preordain,Commander: Streets of New Capenna,preordain
269458,0.37,0.59,0.15,"Rishkar, Peema Renegade",Commander: Streets of New Capenna,rishkarpeemarenegade
269444,0.21,0.49,0.15,Scavenging Ooze,Commander: Streets of New Capenna,scavengingooze
269371,1.67,2.49,1.42,Sol Ring,Commander: Streets of New Capenna,solring
269773,1.71,,1.41,Swords to Plowshares,Commander: Streets of New Capenna,swordstoplowshares
269717,3.82,6.99,2.69,"Tivit, Seller of Secrets",Commander: Streets of New Capenna,tivitsellerofsecrets
269450,0.36,0.49,0.15,Wall of Roots,Commander: Streets of New Capenna,wallofroots
268317,2.69,4.49,2.24,An Offer You Can't Refuse,Streets of New Capenna,anofferyoucantrefuse
268769,0.25,0.35,0.15,Disdainful Stroke,Streets of New Capenna,disdainfulstroke
268665,5.51,7.99,5.72,Professional Face-Breaker,Streets of New Capenna,professionalfacebreaker
268782,0.61,1.29,0.2,Shadow of Mortality,Streets of New Capenna,shadowofmortality
268735,0.37,0.99,0.15,Unlicensed Hearse,Streets of New Capenna,unlicensedhearse
269144,5.58,6.99,4.95,An Offer You Can't Refuse,Promo Pack: Streets of New Capenna,anofferyoucantrefuse
270607,,,,Extravagant Replication,Promo Pack: Streets of New Capenna,extravagantreplication
270006,6.4,8.49,6.5200000000000005,Professional Face-Breaker,Promo Pack: Streets of New Capenna,professionalfacebreaker
270076,3.74,,1.54,Shadow of Mortality,Promo Pack: Streets of New Capenna,shadowofmortality
270010,0.75,1.29,0.5,Unlicensed Hearse,Promo Pack: Streets of New Capenna,unlicensedhearse
263036,0.58,0.99,0.52,Arcane Signet,Commander: Kamigawa: Neon Dynasty,arcanesignet
263018,0.52,0.79,0.42,Chaos Warp,Commander: Kamigawa: Neon Dynasty,chaoswarp
263060,0.33,0.69,0.3,Command Tower,Commander: Kamigawa: Neon Dynasty,commandtower
263061,0.39,0.49,0.2,Exotic Orchard,Commander: Kamigawa: Neon Dynasty,exoticorchard
263081,1.73,1.29,0.8,Fellwar Stone,Commander: Kamigawa: Neon Dynasty,fellwarstone
263105,6.86,11.99,5.94,Imposter Mech,Commander: Kamigawa: Neon Dynasty,impostermech
263082,0.65,0.59,0.38,Mirage Mirror,Commander: Kamigawa: Neon Dynasty,miragemirror
262837,3.59,4.49,2.5500000000000003,Ruthless Technomancer,Commander: Kamigawa: Neon Dynasty,ruthlesstechnomancer
262996,0.37,0.79,0.26,"Rishkar, Peema Renegade",Commander: Kamigawa: Neon Dynasty,rishkarpeemarenegade
263092,0.31,0.49,0.2,Spire of Industry,Commander: Kamigawa: Neon Dynasty,spireofindustry
263042,1.58,2.49,1.51,Sol Ring,Commander: Kamigawa: Neon Dynasty,solring
263086,2.42,,0.76,Smuggler's Copter,Commander: Kamigawa: Neon Dynasty,smugglerscopter
263073,1.53,2.29,1.41,Swords to Plowshares,Commander: Kamigawa: Neon Dynasty,swordstoplowshares
263102,3.65,5.49,4.16,Swift Reconfiguration,Commander: Kamigawa: Neon Dynasty,swiftreconfiguration
262832,8.51,9.49,6.25,"Yoshimaru, Ever Faithful",Commander: Kamigawa: Neon Dynasty,yoshimarueverfaithful
262050,49.88,69.99,46.87,"Boseiju, Who Endures",Kamigawa: Neon Dynasty,boseijuwhoendures
262770,0.48,0.69,0.31,Colossal Skyturtle,Kamigawa: Neon Dynasty,colossalskyturtle
262746,5.13,9.99,5.19,"Eiganjo, Seat of the Empire",Kamigawa: Neon Dynasty,eiganjoseatoftheempire
262443,0.34,0.49,0.15,March of Wretched Sorrow,Kamigawa: Neon Dynasty,marchofwretchedsorrow
262434,27.18,42.99,29.09,"Otawara, Soaring City",Kamigawa: Neon Dynasty,otawarasoaringcity
262259,0.38,0.39,0.17,Secluded Courtyard,Kamigawa: Neon Dynasty,secludedcourtyard
262466,0.26,0.35,0.15,Spell Pierce,Kamigawa: Neon Dynasty,spellpierce
262172,3.15,3.99,2.31,"Sokenzan, Crucible of Defiance",Kamigawa: Neon Dynasty,sokenzancrucibleofdefiance
262420,11.56,16.99,10.93,"Takenuma, Abandoned Mire",Kamigawa: Neon Dynasty,takenumaabandonedmire
262130,2.57,2.79,1.1400000000000001,Thousand-Faced Shadow,Kamigawa: Neon Dynasty,thousandfacedshadow
262694,0.97,1.29,0.64,Touch the Spirit Realm,Kamigawa: Neon Dynasty,touchthespiritrealm
262155,0.25,0.35,0.15,Twinshot Sniper,Kamigawa: Neon Dynasty,twinshotsniper
263926,61.04,74.99,58.78,"Boseiju, Who Endures",Promo Pack: Kamigawa: Neon Dynasty,boseijuwhoendures
263925,6.38,10.99,,"Eiganjo, Seat of the Empire",Promo Pack: Kamigawa: Neon Dynasty,eiganjoseatoftheempire
263949,0.55,0.69,0.81,March of Wretched Sorrow,Promo Pack: Kamigawa: Neon Dynasty,marchofwretchedsorrow
263924,31.18,49.99,37.89,"Otawara, Soaring City",Promo Pack: Kamigawa: Neon Dynasty,otawarasoaringcity
262500,4.03,3.49,2.87,Secluded Courtyard,Promo Pack: Kamigawa: Neon Dynasty,secludedcourtyard
263923,2.42,6.99,3.84,"Sokenzan, Crucible of Defiance",Promo Pack: Kamigawa: Neon Dynasty,sokenzancrucibleofdefiance
263984,13.94,23.99,,"Takenuma, Abandoned Mire",Promo Pack: Kamigawa: Neon Dynasty,takenumaabandonedmire
263942,1.92,3.99,1.8,Thousand-Faced Shadow,Promo Pack: Kamigawa: Neon Dynasty,thousandfacedshadow
255865,1.12,0.39,0.43,Abrade,Innistrad: Double Feature,abrade
255389,12.77,9.99,10.94,Deathcap Glade,Innistrad: Double Feature,deathcapglade
255601,4.14,2.29,3.3000000000000003,Dreamroot Cascade,Innistrad: Double Feature,dreamrootcascade
255539,0.89,0.79,0.52,Duress,Innistrad: Double Feature,duress
255686,9.0,11.99,9.84,Hullbreaker Horror,Innistrad: Double Feature,hullbreakerhorror
255772,6.43,7.99,5.58,Kessig Flamebreather,Innistrad: Double Feature,kessigflamebreather
255436,0.82,1.49,0.72,Pithing Needle,Innistrad: Double Feature,pithingneedle
255381,8.2,6.99,6.23,Shattered Sanctum,Innistrad: Double Feature,shatteredsanctum
255427,5.89,6.49,5.53,Stormcarved Coast,Innistrad: Double Feature,stormcarvedcoast
255566,8.16,7.49,4.0200000000000005,Sundown Pass,Innistrad: Double Feature,sundownpass
255774,5.29,5.99,4.15,"Teferi, Who Slows the Sunset",Innistrad: Double Feature,teferiwhoslowsthesunset
255591,33.96,42.99,40.63,The Meathook Massacre,Innistrad: Double Feature,themeathookmassacre
255536,0.86,0.69,0.56,"Thalia, Guardian of Thraben",Innistrad: Double Feature,thaliaguardianofthraben
247533,2.62,2.49,1.56,Command Tower,Commander Collection: Black,commandtower
247525,11.09,15.99,11.44,Reanimate,Commander Collection: Black,reanimate
247528,10.03,10.99,6.15,Sol Ring,Commander Collection: Black,solring
247526,8.64,9.49,6.21,Toxic Deluge,Commander Collection: Black,toxicdeluge
254178,0.6,0.79,0.46,Arcane Signet,Commander: Innistrad: Crimson Vow,arcanesignet
254242,0.89,1.99,0.67,Blasphemous Act,Commander: Innistrad: Crimson Vow,blasphemousact
254244,0.36,0.59,0.33,Command Tower,Commander: Innistrad: Crimson Vow,commandtower
254226,0.38,0.49,0.18,Exotic Orchard,Commander: Innistrad: Crimson Vow,exoticorchard
254048,1.97,4.49,1.92,Ghostly Pilferer,Commander: Innistrad: Crimson Vow,ghostlypilferer
254201,1.76,2.49,1.54,Sol Ring,Commander: Innistrad: Crimson Vow,solring
254168,1.74,2.29,1.53,Swords to Plowshares,Commander: Innistrad: Crimson Vow,swordstoplowshares
253063,0.2,0.35,0.15,Abrade,Innistrad: Crimson Vow,abrade
252856,3.6,6.49,2.75,Deathcap Glade,Innistrad: Crimson Vow,deathcapglade
252855,1.44,1.49,1.0,Dreamroot Cascade,Innistrad: Crimson Vow,dreamrootcascade
253668,6.53,8.99,5.03,Hullbreaker Horror,Innistrad: Crimson Vow,hullbreakerhorror
253555,3.71,5.49,3.5300000000000002,Kessig Flamebreather,Innistrad: Crimson Vow,kessigflamebreather
252854,2.41,2.79,2.18,Shattered Sanctum,Innistrad: Crimson Vow,shatteredsanctum
252853,2.63,3.49,2.58,Stormcarved Coast,Innistrad: Crimson Vow,stormcarvedcoast
252857,2.69,3.99,2.4,Sundown Pass,Innistrad: Crimson Vow,sundownpass
252859,0.45,0.49,0.36,"Thalia, Guardian of Thraben",Innistrad: Crimson Vow,thaliaguardianofthraben
248628,0.56,,0.46,Arcane Signet,Commander: Innistrad: Midnight Hunt,arcanesignet
248657,0.68,1.79,0.53,Avacyn's Pilgrim,Commander: Innistrad: Midnight Hunt,avacynspilgrim
248646,0.32,0.59,0.25,Command Tower,Commander: Innistrad: Midnight Hunt,commandtower
248600,2.05,1.79,1.29,Eternal Witness,Commander: Innistrad: Midnight Hunt,eternalwitness
248636,0.38,0.49,0.15,Exotic Orchard,Commander: Innistrad: Midnight Hunt,exoticorchard
248630,1.54,2.29,1.44,Sol Ring,Commander: Innistrad: Midnight Hunt,solring
248596,1.82,2.49,1.53,Swords to Plowshares,Commander: Innistrad: Midnight Hunt,swordstoplowshares
248764,2.46,2.79,2.07,Talisman of Dominance,Commander: Innistrad: Midnight Hunt,talismanofdominance
248314,0.3,0.35,0.15,Duress,Innistrad: Midnight Hunt,duress
247969,0.39,0.79,0.34,Pithing Needle,Innistrad: Midnight Hunt,pithingneedle
248179,3.16,5.99,3.23,"Teferi, Who Slows the Sunset",Innistrad: Midnight Hunt,teferiwhoslowsthesunset
248212,26.87,34.99,22.3,The Meathook Massacre,Innistrad: Midnight Hunt,themeathookmassacre
249602,0.43,1.29,0.4,Pithing Needle,Promo Pack: Innistrad: Midnight Hunt,pithingneedle
249598,4.13,5.49,4.39,"Teferi, Who Slows the Sunset",Promo Pack: Innistrad: Midnight Hunt,teferiwhoslowsthesunset
249500,26.25,32.99,27.77,The Meathook Massacre,Promo Pack: Innistrad: Midnight Hunt,themeathookmassacre
247273,,,,Asmodeus the Archfiend,AFR Ampersand Promos,asmodeusthearchfiend
247215,,,,Treasure Vault,AFR Ampersand Promos,treasurevault
247250,,,,Xorn,AFR Ampersand Promos,xorn
243588,0.35,0.49,0.15,Asmodeus the Archfiend,Adventures in the Forgotten Realms,asmodeusthearchfiend
243047,0.29,0.39,0.15,Plundering Barbarian,Adventures in the Forgotten Realms,plunderingbarbarian
243386,1.84,2.29,1.08,Treasure Vault,Adventures in the Forgotten Realms,treasurevault
243290,7.51,10.99,7.28,Xorn,Adventures in the Forgotten Realms,xorn
243883,0.46,0.99,0.47000000000000003,Arcane Signet,Commander: Adventures in the Forgotten Realms,arcanesignet
243841,2.48,2.49,1.55,Brainstorm,Commander: Adventures in the Forgotten Realms,brainstorm
243908,0.62,0.79,0.47000000000000003,Chaos Warp,Commander: Adventures in the Forgotten Realms,chaoswarp
244006,0.39,0.59,0.25,Command Tower,Commander: Adventures in the Forgotten Realms,commandtower
243993,0.35,0.49,0.21,Exotic Orchard,Commander: Adventures in the Forgotten Realms,exoticorchard
243988,0.86,1.79,0.71,Fellwar Stone,Commander: Adventures in the Forgotten Realms,fellwarstone
243957,1.6,3.99,2.05,Geier Reach Sanitarium,Commander: Adventures in the Forgotten Realms,geierreachsanitarium
243900,0.35,0.69,0.23,Light Up the Stage,Commander: Adventures in the Forgotten Realms,lightupthestage
243726,0.34,0.59,0.29,Loyal Apprentice,Commander: Adventures in the Forgotten Realms,loyalapprentice
243923,0.65,0.79,0.26,Mind Stone,Commander: Adventures in the Forgotten Realms,mindstone
244010,0.17,0.39,0.15,Mishra's Factory,Commander: Adventures in the Forgotten Realms,mishrasfactory
243926,4.87,6.49,2.6,Phantasmal Image,Commander: Adventures in the Forgotten Realms,phantasmalimage
243893,1.56,2.49,1.51,Sol Ring,Commander: Adventures in the Forgotten Realms,solring
243981,1.92,2.99,1.55,Swords to Plowshares,Commander: Adventures in the Forgotten Realms,swordstoplowshares
243930,3.77,3.99,2.35,Talisman of Indulgence,Commander: Adventures in the Forgotten Realms,talismanofindulgence
244420,1.51,1.29,2.6,Asmodeus the Archfiend,Promo Pack: Adventures in the Forgotten Realms,asmodeusthearchfiend
244493,3.36,2.99,2.86,Treasure Vault,Promo Pack: Adventures in the Forgotten Realms,treasurevault
244437,10.02,10.99,9.81,Xorn,Promo Pack: Adventures in the Forgotten Realms,xorn
238607,28.7,42.99,30.41,Arid Mesa,Modern Horizons 2,aridmesa
240154,1.04,1.49,0.88,Cursed Totem,Modern Horizons 2,cursedtotem
240166,4.16,6.49,3.9,Dauthi Voidwalker,Modern Horizons 2,dauthivoidwalker
240103,5.25,8.49,5.01,Endurance,Modern Horizons 2,endurance
240035,57.11,74.99,59.97,Esper Sentinel,Modern Horizons 2,espersentinel
240055,1.58,1.49,0.77,Dragon's Rage Channeler,Modern Horizons 2,dragonsragechanneler
239839,2.4,3.99,2.16,Goblin Bombardment,Modern Horizons 2,goblinbombardment
239807,4.57,5.99,3.39,Harmonic Prodigy,Modern Horizons 2,harmonicprodigy
239801,1.4,2.29,0.78,Ignoble Hierarch,Modern Horizons 2,ignoblehierarch
239769,13.86,16.99,14.05,Imperial Recruiter,Modern Horizons 2,imperialrecruiter
239836,4.01,4.49,3.12,Liquimetal Torque,Modern Horizons 2,liquimetaltorque
238608,30.45,42.99,29.68,Marsh Flats,Modern Horizons 2,marshflats
239686,0.28,0.35,0.15,Mishra's Factory,Modern Horizons 2,mishrasfactory
238609,35.37,39.99,36.45,Misty Rainforest,Modern Horizons 2,mistyrainforest
239750,0.2,0.35,0.15,Mogg Salvage,Modern Horizons 2,moggsalvage
240043,1.42,1.79,0.76,Persist,Modern Horizons 2,persist
240340,0.51,0.99,0.39,Ornithopter of Paradise,Modern Horizons 2,ornithopterofparadise
239857,43.41,54.99,45.19,"Ragavan, Nimble Pilferer",Modern Horizons 2,ragavannimblepilferer
238610,38.31,44.99,36.47,Scalding Tarn,Modern Horizons 2,scaldingtarn
239843,0.29,0.99,0.15,Skirge Familiar,Modern Horizons 2,skirgefamiliar
240037,33.45,44.99,36.19,Solitude,Modern Horizons 2,solitude
239741,16.13,17.99,11.58,Subtlety,Modern Horizons 2,subtlety
240149,2.77,2.79,2.49,Strike It Rich,Modern Horizons 2,strikeitrich
240341,0.31,0.35,0.15,Tavern Scoundrel,Modern Horizons 2,tavernscoundrel
239388,2.89,3.99,2.58,Unmarked Grave,Modern Horizons 2,unmarkedgrave
240279,0.38,0.79,0.15,Vile Entomber,Modern Horizons 2,vileentomber
238619,41.91,49.99,41.13,Urza's Saga,Modern Horizons 2,urzassaga
238611,27.01,37.99,29.05,Verdant Catacombs,Modern Horizons 2,verdantcatacombs
240045,14.43,21.99,15.09,"Yavimaya, Cradle of Growth",Modern Horizons 2,yavimayacradleofgrowth
236120,0.56,0.79,0.44,Arcane Signet,Commander 2021,arcanesignet
236143,0.42,0.79,0.26,Battlefield Forge,Commander 2021,battlefieldforge
236194,1.51,1.99,1.02,Blasphemous Act,Commander 2021,blasphemousact
236208,2.32,2.79,1.55,Brainstorm,Commander 2021,brainstorm
236151,0.4,0.69,0.31,Command Tower,Commander 2021,commandtower
236144,0.33,0.49,0.16,Exotic Orchard,Commander 2021,exoticorchard
236155,3.54,4.49,2.86,Great Furnace,Commander 2021,greatfurnace
236289,1.6,1.99,1.35,Incubation Druid,Commander 2021,incubationdruid
236110,0.91,0.59,0.25,Key to the City,Commander 2021,keytothecity
236587,1.07,,0.72,Llanowar Wastes,Commander 2021,llanowarwastes
236130,0.4,,0.31,Mind Stone,Commander 2021,mindstone
236200,3.09,,2.08,Ponder,Commander 2021,ponder
236371,2.74,5.99,1.86,"Rionya, Fire Dancer",Commander 2021,rionyafiredancer
236114,1.95,,1.87,Sculpting Steel,Commander 2021,sculptingsteel
236212,12.71,14.99,10.43,Seething Song,Commander 2021,seethingsong
236220,0.42,,0.31,Shivan Reef,Commander 2021,shivanreef
236137,1.5,2.49,1.49,Sol Ring,Commander 2021,solring
236215,3.64,3.49,2.57,Talisman of Creativity,Commander 2021,talismanofcreativity
236115,14.34,23.99,14.530000000000001,Thousand-Year Elixir,Commander 2021,thousandyearelixir
236361,,,,"Veyran, Voice of Duality",Commander 2021,veyranvoiceofduality
236347,0.5,0.79,0.25,Yavimaya Coast,Commander 2021,yavimayacoast
237399,5.63,9.49,4.68,Archmage Emeritus,Promo Pack: Strixhaven,archmageemeritus
237403,2.65,2.99,2.62,Baleful Mastery,Promo Pack: Strixhaven,balefulmastery
237419,5.03,9.49,5.43,Blade Historian,Promo Pack: Strixhaven,bladehistorian
237422,1.91,1.29,2.96,Culling Ritual,Promo Pack: Strixhaven,cullingritual
237407,5.38,8.49,5.21,Professor Onyx,Promo Pack: Strixhaven,professoronyx
235147,3.05,1.49,0.51,Archmage Emeritus,Strixhaven: School of Mages,archmageemeritus
235848,2.8,3.49,2.0,Baleful Mastery,Strixhaven: School of Mages,balefulmastery
235551,5.14,7.99,4.98,Blade Historian,Strixhaven: School of Mages,bladehistorian
236013,1.43,0.79,0.52,Culling Ritual,Strixhaven: School of Mages,cullingritual
234963,7.12,7.99,6.140000000000001,Professor Onyx,Strixhaven: School of Mages,professoronyx
235118,2.44,2.29,1.6500000000000001,Storm-Kiln Artist,Strixhaven: School of Mages,stormkilnartist
235389,4.64,5.99,4.12,Brainstorm,Strixhaven: Mystical Archive,brainstorm
235309,8.59,8.49,7.8100000000000005,Chaos Warp,Strixhaven: Mystical Archive,chaoswarp
235618,0.23,0.35,0.15,Claim the Firstborn,Strixhaven: Mystical Archive,claimthefirstborn
235245,12.28,11.99,11.44,Dark Ritual,Strixhaven: Mystical Archive,darkritual
235191,4.2,3.99,4.2700000000000005,Day of Judgment,Strixhaven: Mystical Archive,dayofjudgment
233371,83.81,89.99,77.91,Demonic Tutor,Strixhaven: Mystical Archive,demonictutor
235139,0.27,0.79,0.15,Duress,Strixhaven: Mystical Archive,duress
235370,9.4,8.99,7.8,Ephemerate,Strixhaven: Mystical Archive,ephemerate
235513,2.2,3.49,2.6,Grapeshot,Strixhaven: Mystical Archive,grapeshot
235143,4.33,3.99,3.45,Lightning Bolt,Strixhaven: Mystical Archive,lightningbolt
235493,0.71,1.29,0.45,Lightning Helix,Strixhaven: Mystical Archive,lightninghelix
235505,28.56,24.99,20.0,Natural Order,Strixhaven: Mystical Archive,naturalorder
235301,1.15,1.99,0.6,Negate,Strixhaven: Mystical Archive,negate
233373,0.43,0.49,0.17,Opt,Strixhaven: Mystical Archive,opt
235168,0.24,0.35,0.15,Shock,Strixhaven: Mystical Archive,shock
235186,0.31,0.79,0.15,Snakeskin Veil,Strixhaven: Mystical Archive,snakeskinveil
233369,5.46,5.99,5.15,Swords to Plowshares,Strixhaven: Mystical Archive,swordstoplowshares
235648,32.54,37.99,31.26,Tainted Pact,Strixhaven: Mystical Archive,taintedpact
234148,2.74,4.49,2.81,Abrupt Decay,Time Spiral: Remastered,abruptdecay
233724,3.91,3.99,3.29,Angel's Grace,Time Spiral: Remastered,angelsgrace
233511,0.7,0.79,0.58,Aven Mindcensor,Time Spiral: Remastered,avenmindcensor
234122,0.36,0.35,0.15,Chromatic Star,Time Spiral: Remastered,chromaticstar
233438,19.1,24.99,18.84,Chalice of the Void,Time Spiral: Remastered,chaliceofthevoid
233934,0.21,0.35,0.15,Dead // Gone,Time Spiral: Remastered,deadgone
233860,6.3,8.49,6.32,Dismember,Time Spiral: Remastered,dismember
233903,1.18,0.49,0.52,Disdainful Stroke,Time Spiral: Remastered,disdainfulstroke
234111,4.76,3.99,4.14,Dryad Arbor,Time Spiral: Remastered,dryadarbor
233958,5.13,3.49,3.89,Elvish Mystic,Time Spiral: Remastered,elvishmystic
233987,2.3,3.49,2.44,Eternal Witness,Time Spiral: Remastered,eternalwitness
234032,52.87,69.99,55.19,Gemstone Caverns,Time Spiral: Remastered,gemstonecaverns
233889,10.27,10.99,9.35,Goblin Engineer,Time Spiral: Remastered,goblinengineer
233919,0.35,0.59,0.17,Grapeshot,Time Spiral: Remastered,grapeshot
233904,5.22,4.99,3.62,Gray Merchant of Asphodel,Time Spiral: Remastered,graymerchantofasphodel
234353,1.83,1.79,1.4000000000000001,Knight of the Reliquary,Time Spiral: Remastered,knightofthereliquary
234084,0.98,0.59,0.51,"Lavinia, Azorius Renegade",Time Spiral: Remastered,laviniaazoriusrenegade
233837,2.29,4.99,1.49,Leyline of the Void,Time Spiral: Remastered,leylineofthevoid
233956,4.13,4.49,3.9,Magus of the Moon,Time Spiral: Remastered,magusofthemoon
234359,7.51,8.49,7.5200000000000005,Manifold Key,Time Spiral: Remastered,manifoldkey
234014,2.46,3.49,1.97,Nature's Claim,Time Spiral: Remastered,naturesclaim
233786,17.24,22.99,16.4,Pact of Negation,Time Spiral: Remastered,pactofnegation
233436,4.55,5.99,3.11,Path to Exile,Time Spiral: Remastered,pathtoexile
233776,10.53,15.99,10.6,Ponder,Time Spiral: Remastered,ponder
233569,11.9,11.99,7.8100000000000005,Silence,Time Spiral: Remastered,silence
233914,3.32,3.99,2.61,Simian Spirit Guide,Time Spiral: Remastered,simianspiritguide
233859,1.56,1.79,1.04,Slaughter Pact,Time Spiral: Remastered,slaughterpact
233897,0.44,0.99,0.3,Snapback,Time Spiral: Remastered,snapback
234009,0.14,0.35,0.15,Sudden Shock,Time Spiral: Remastered,suddenshock
234026,5.1,4.99,3.59,Summoner's Pact,Time Spiral: Remastered,summonerspact
234070,1.37,1.99,1.1500000000000001,Sylvan Scrying,Time Spiral: Remastered,sylvanscrying
234275,62.3,69.99,61.42,"Urborg, Tomb of Yawgmoth",Time Spiral: Remastered,urborgtombofyawgmoth
234219,3.46,4.49,3.12,Vesuva,Time Spiral: Remastered,vesuva
233881,34.48,34.99,31.46,"Yawgmoth, Thran Physician",Time Spiral: Remastered,yawgmoththranphysician
231194,0.55,,0.52,Arcane Signet,Commander: Kaldheim,arcanesignet
231200,0.36,0.59,0.23,Command Tower,Commander: Kaldheim,commandtower
231208,0.77,0.99,0.63,Elvish Mystic,Commander: Kaldheim,elvishmystic
231256,0.3,0.69,0.3,Mind Stone,Commander: Kaldheim,mindstone
231261,1.68,2.49,1.54,Sol Ring,Commander: Kaldheim,solring
231287,4.85,6.99,4.86,Windfall,Commander: Kaldheim,windfall
230186,0.2,0.39,0.15,Annul,Kaldheim,annul
230220,0.14,0.35,0.15,Axgard Cavalry,Kaldheim,axgardcavalry
229209,5.22,7.99,5.73,Blightstep Pathway,Kaldheim,blightsteppathway
230903,32.57,42.99,33.6,"Birgi, God of Storytelling",Kaldheim,birgigodofstorytelling
230901,0.37,1.29,0.26,Crippling Fear,Kaldheim,cripplingfear
230900,0.15,0.35,0.15,Disdainful Stroke,Kaldheim,disdainfulstroke
230163,18.15,21.99,16.66,"Esika, God of the Tree",Kaldheim,esikagodofthetree
230468,0.69,0.49,0.52,Forest,Kaldheim,forest
230465,1.12,0.99,0.15,Island,Kaldheim,island
229232,2.57,3.49,2.7,"Magda, Brazen Outlaw",Kaldheim,magdabrazenoutlaw
230185,2.34,1.99,1.33,Maskwood Nexus,Kaldheim,maskwoodnexus
230467,1.09,0.59,0.41000000000000003,Mountain,Kaldheim,mountain
230464,0.68,0.49,0.35000000000000003,Plains,Kaldheim,plains
230183,0.12,0.39,0.15,Snakeskin Veil,Kaldheim,snakeskinveil
230466,1.56,0.99,0.46,Swamp,Kaldheim,swamp
230206,10.08,16.99,9.370000000000001,Tibalt's Trickery,Kaldheim,tibaltstrickery
231835,1.51,1.29,1.41,Crippling Fear,Promo Pack: Kaldheim,cripplingfear
237680,5.47,11.99,8.950000000000001,Dark Petition,Promo Pack: Kaldheim,darkpetition
231877,3.08,2.99,2.41,Maskwood Nexus,Promo Pack: Kaldheim,maskwoodnexus
231875,2.61,,2.7600000000000002,"Magda, Brazen Outlaw",Promo Pack: Kaldheim,magdabrazenoutlaw
232099,3.96,2.99,,Thousand-Year Storm,Promo Pack: Kaldheim,thousandyearstorm
231957,11.19,,13.05,Tibalt's Trickery,Promo Pack: Kaldheim,tibaltstrickery
221311,4.23,4.49,2.6,Command Tower,Commander Collection: Green,commandtower
221310,9.91,9.49,9.32,Sol Ring,Commander Collection: Green,solring
221309,27.37,34.99,27.810000000000002,Worldly Tutor,Commander Collection: Green,worldlytutor
221308,28.82,29.99,26.53,Sylvan Library,Commander Collection: Green,sylvanlibrary
227309,0.27,0.35,0.15,Abrade,Commander Legends,abrade
227189,0.4,0.99,0.36,Aqueous Form,Commander Legends,aqueousform
226694,0.57,0.79,0.44,Arcane Signet,Commander Legends,arcanesignet
226866,1.08,1.99,1.04,Blasphemous Act,Commander Legends,blasphemousact
226959,7.47,11.99,7.45,Command Beacon,Commander Legends,commandbeacon
226644,0.19,0.35,0.15,"Dargo, the Shipwrecker",Commander Legends,dargotheshipwrecker
227335,1.91,1.79,1.43,Eternal Witness,Commander Legends,eternalwitness
226624,1.57,3.99,2.06,Fyndhorn Elves,Commander Legends,fyndhornelves
227184,0.33,0.35,0.15,Impulsive Pilferer,Commander Legends,impulsivepilferer
226653,40.61,47.99,40.17,Jeska's Will,Commander Legends,jeskaswill
226634,4.94,8.99,5.13,"Kediss, Emberclaw Familiar",Commander Legends,kedissemberclawfamiliar
226121,1.79,1.99,1.04,"Krark, the Thumbless",Commander Legends,krarkthethumbless
227008,53.05,74.99,53.27,Mana Drain,Commander Legends,manadrain
226327,0.33,0.39,0.15,"Malcolm, Keen-Eyed Navigator",Commander Legends,malcolmkeeneyednavigator
227296,7.42,11.99,7.24,"Nezahal, Primal Tide",Commander Legends,nezahalprimaltide
226314,17.95,22.99,18.75,Opposition Agent,Commander Legends,oppositionagent
226646,0.78,1.29,0.45,Preordain,Commander Legends,preordain
221354,7.5,8.49,6.96,Rejuvenating Springs,Commander Legends,rejuvenatingsprings
226641,2.35,2.99,2.08,"Rograkh, Son of Rohgahh",Commander Legends,rograkhsonofrohgahh
227010,34.07,42.99,30.080000000000002,Sakashima of a Thousand Faces,Commander Legends,sakashimaofathousandfaces
226675,32.45,42.99,34.36,Scroll Rack,Commander Legends,scrollrack
226141,0.55,1.29,0.28,Siren Stormtamer,Commander Legends,sirenstormtamer
227075,1.6,,1.55,Sol Ring,Commander Legends,solring
221350,12.95,15.99,11.42,Spectator Seating,Commander Legends,spectatorseating
227063,1.65,2.79,1.54,Swords to Plowshares,Commander Legends,swordstoplowshares
226122,7.28,7.99,7.29,"Tevesh Szat, Doom of Fools",Commander Legends,teveshszatdoomoffools
221359,17.14,22.99,16.67,Training Center,Commander Legends,trainingcenter
221351,14.4,19.99,16.01,Vault of Champions,Commander Legends,vaultofchampions
226134,53.35,57.99,56.22,Vampiric Tutor,Commander Legends,vampirictutor
226941,7.8,10.99,6.58,Wheel of Misfortune,Commander Legends,wheelofmisfortune
222385,0.55,,0.45,Arcane Signet,Commander: Zendikar Rising,arcanesignet
222536,1.91,1.49,1.55,Changeling Outcast,Commander: Zendikar Rising,changelingoutcast
222600,0.38,0.59,0.25,Command Tower,Commander: Zendikar Rising,commandtower
222590,0.33,,0.3,Mind Stone,Commander: Zendikar Rising,mindstone
222408,1.27,2.49,1.3,Notion Thief,Commander: Zendikar Rising,notionthief
222389,1.69,2.29,1.43,Sol Ring,Commander: Zendikar Rising,solring
223894,1.91,2.49,1.96,Archon of Emeria,Promo Pack: Zendikar Rising,archonofemeria
223880,22.02,18.99,20.1,"Ashaya, Soul of the Wild",Promo Pack: Zendikar Rising,ashayasoulofthewild
223875,0.38,0.59,0.46,Confounding Conundrum,Promo Pack: Zendikar Rising,confoundingconundrum
223867,6.27,6.49,6.76,Lotus Cobra,Promo Pack: Zendikar Rising,lotuscobra
223877,0.48,0.69,0.46,Skyclave Apparition,Promo Pack: Zendikar Rising,skyclaveapparition
223847,6.56,9.49,9.77,Whir of Invention,Promo Pack: Zendikar Rising,whirofinvention
222163,28.62,29.99,27.61,Agadeem's Awakening,Zendikar Rising,agadeemsawakening
221884,15.8,17.99,15.36,"Ashaya, Soul of the Wild",Zendikar Rising,ashayasoulofthewild
221969,2.08,2.49,1.3900000000000001,Archon of Emeria,Zendikar Rising,archonofemeria
221854,0.32,0.49,0.15,Confounding Conundrum,Zendikar Rising,confoundingconundrum
222825,0.67,0.49,0.15,Forest,Zendikar Rising,forest
222819,0.84,0.49,0.35000000000000003,Island,Zendikar Rising,island
221778,5.82,6.49,5.4,Lotus Cobra,Zendikar Rising,lotuscobra
222821,0.68,0.49,0.19,Mountain,Zendikar Rising,mountain
222130,0.28,0.35,0.15,Negate,Zendikar Rising,negate
221838,3.69,4.99,4.04,Needleverge Pathway,Zendikar Rising,needlevergepathway
222818,0.9,0.49,0.21,Plains,Zendikar Rising,plains
222038,39.77,54.99,40.14,Sea Gate Restoration,Zendikar Rising,seagaterestoration
222030,9.65,13.99,9.63,Shatterskull Smashing,Zendikar Rising,shatterskullsmashing
221860,0.28,0.49,0.15,Skyclave Apparition,Zendikar Rising,skyclaveapparition
222820,0.89,0.49,0.15,Swamp,Zendikar Rising,swamp
222003,141.19,199.99,147.11,Ancient Tomb,Zendikar Rising Expeditions,ancienttomb
221814,48.32,44.99,51.89,Arid Mesa,Zendikar Rising Expeditions,aridmesa
221808,36.97,49.99,39.07,Bloodstained Mire,Zendikar Rising Expeditions,bloodstainedmire
222006,58.96,64.99,60.04,Cavern of Souls,Zendikar Rising Expeditions,cavernofsouls
221806,34.87,44.99,32.87,Flooded Strand,Zendikar Rising Expeditions,floodedstrand
221996,36.18,37.99,33.08,Luxury Suite,Zendikar Rising Expeditions,luxurysuite
221815,53.78,69.99,44.27,Misty Rainforest,Zendikar Rising Expeditions,mistyrainforest
221811,45.68,54.99,45.82,Marsh Flats,Zendikar Rising Expeditions,marshflats
221818,45.72,57.99,40.5,Prismatic Vista,Zendikar Rising Expeditions,prismaticvista
221816,31.59,49.99,22.11,Morphic Pool,Zendikar Rising Expeditions,morphicpool
221812,52.52,54.99,54.92,Scalding Tarn,Zendikar Rising Expeditions,scaldingtarn
221999,28.23,32.99,26.400000000000002,Sea of Clouds,Zendikar Rising Expeditions,seaofclouds
221807,42.7,57.99,46.27,Polluted Delta,Zendikar Rising Expeditions,polluteddelta
221813,53.62,59.99,44.04,Verdant Catacombs,Zendikar Rising Expeditions,verdantcatacombs
221810,28.94,32.99,30.62,Windswept Heath,Zendikar Rising Expeditions,windsweptheath
221819,31.34,42.99,30.2,Wasteland,Zendikar Rising Expeditions,wasteland
222001,27.3,32.99,24.16,Strip Mine,Zendikar Rising Expeditions,stripmine
221809,33.45,39.99,33.34,Wooded Foothills,Zendikar Rising Expeditions,woodedfoothills
219498,0.2,0.35,0.15,Abrade,Double Masters,abrade
218939,12.95,18.99,10.42,Ad Nauseam,Double Masters,adnauseam
218813,1.75,2.49,0.87,Adaptive Automaton,Double Masters,adaptiveautomaton
218842,3.77,4.99,3.54,Basalt Monolith,Double Masters,basaltmonolith
218595,2.37,1.99,1.57,Blasphemous Act,Double Masters,blasphemousact
218273,1.9,2.29,1.6300000000000001,Blinkmoth Nexus,Double Masters,blinkmothnexus
218848,8.31,9.49,7.8,Blood Moon,Double Masters,bloodmoon
218844,2.28,2.79,1.49,Brainstorm,Double Masters,brainstorm
219501,1.46,1.29,0.51,Buried Ruin,Double Masters,buriedruin
218734,5.95,7.99,5.98,Chord of Calling,Double Masters,chordofcalling
218825,0.36,0.39,0.25,Chromatic Star,Double Masters,chromaticstar
218811,168.45,159.99,175.20000000000002,Chrome Mox,Double Masters,chromemox
218444,3.95,3.99,3.38,Crop Rotation,Double Masters,croprotation
218370,31.63,34.99,29.42,Cyclonic Rift,Double Masters,cyclonicrift
218801,5.92,4.49,2.86,Ethersworn Canonist,Double Masters,ethersworncanonist
218259,1.82,2.99,1.02,Expedition Map,Double Masters,expeditionmap
218291,34.14,42.99,32.67,Exploration,Double Masters,exploration
218830,0.62,0.99,0.48,Fatal Push,Double Masters,fatalpush
218698,70.17,84.99,65.63,Force of Will,Double Masters,forceofwill
218930,2.51,3.49,2.08,Galvanic Blast,Double Masters,galvanicblast
219546,15.88,16.99,14.120000000000001,Imperial Recruiter,Double Masters,imperialrecruiter
219026,0.36,0.49,0.36,Maelstrom Pulse,Double Masters,maelstrompulse
218810,4.56,5.99,4.84,Manamorphose,Double Masters,manamorphose
219502,0.23,0.39,0.19,Mishra's Factory,Double Masters,mishrasfactory
218598,2.43,3.49,2.29,Mishra's Bauble,Double Masters,mishrasbauble
218602,247.48,249.99,260.23,Mox Opal,Double Masters,moxopal
218333,12.84,15.99,11.450000000000001,Noble Hierarch,Double Masters,noblehierarch
218606,4.53,4.49,2.96,Phyrexian Metamorph,Double Masters,phyrexianmetamorph
218816,0.33,0.49,0.26,Phyrexian Revoker,Double Masters,phyrexianrevoker
218377,1.39,2.49,1.21,Path to Exile,Double Masters,pathtoexile
218289,2.36,2.99,2.07,Sculpting Steel,Double Masters,sculptingsteel
219595,0.57,0.99,0.4,Springleaf Drum,Double Masters,springleafdrum
218824,8.19,9.99,7.28,Time Sieve,Double Masters,timesieve
219532,5.88,6.99,5.93,Toxic Deluge,Double Masters,toxicdeluge
218573,33.61,42.99,35.11,Trinisphere,Double Masters,trinisphere
218628,11.93,12.99,10.19,Walking Ballista,Double Masters,walkingballista
216173,51.17,54.99,50.38,Allosaurus Shepherd,Jumpstart,allosaurusshepherd
216119,0.45,1.29,0.4,Buried Ruin,Jumpstart,buriedruin
216243,1.38,1.79,0.6,Curiosity,Jumpstart,curiosity
216252,12.74,12.99,13.280000000000001,Emiel the Blessed,Jumpstart,emieltheblessed
216116,0.35,0.79,0.21,Gingerbrute,Jumpstart,gingerbrute
216300,0.39,1.29,0.36,"Lena, Selfless Champion",Jumpstart,lenaselflesschampion
216484,2.52,1.99,1.58,Lightning Bolt,Jumpstart,lightningbolt
216559,20.31,23.99,19.91,"Linvala, Keeper of Silence",Jumpstart,linvalakeeperofsilence
216278,1.39,2.49,1.28,Path to Exile,Jumpstart,pathtoexile
216140,26.68,42.99,25.47,Phyrexian Tower,Jumpstart,phyrexiantower
215960,8.35,11.99,8.16,Reanimate,Jumpstart,reanimate
216235,72.48,84.99,64.64,Rhystic Study,Jumpstart,rhysticstudy
216611,0.38,0.59,0.28,"Rishkar, Peema Renegade",Jumpstart,rishkarpeemarenegade
216177,6.86,,4.05,"Selvala, Heart of the Wilds",Jumpstart,selvalaheartofthewilds
215867,0.3,0.35,0.15,Cancel,Core Set 2021,cancel
215443,38.69,44.99,30.94,Chromatic Orrery,Core Set 2021,chromaticorrery
215662,0.29,0.35,0.15,Duress,Core Set 2021,duress
215556,2.18,2.79,1.45,Fabled Passage,Core Set 2021,fabledpassage
215728,2.45,4.49,1.76,Ghostly Pilferer,Core Set 2021,ghostlypilferer
215341,25.66,27.99,23.96,Grim Tutor,Core Set 2021,grimtutor
215840,0.25,0.39,0.15,Opt,Core Set 2021,opt
215373,3.25,3.99,2.81,Peer into the Abyss,Core Set 2021,peerintotheabyss
215695,0.32,0.49,0.15,Scavenging Ooze,Core Set 2021,scavengingooze
215884,0.15,0.35,0.15,Shock,Core Set 2021,shock
215719,0.28,0.49,0.15,Swamp,Core Set 2021,swamp
215673,25.74,34.99,26.92,Terror of the Peaks,Core Set 2021,terrorofthepeaks
215571,0.31,0.49,0.17,Transmogrify,Core Set 2021,transmogrify
217288,37.24,54.99,40.62,Chromatic Orrery,Promo Pack: Core Set 2021,chromaticorrery
217293,6.49,5.99,6.49,Fabled Passage,Promo Pack: Core Set 2021,fabledpassage
217244,2.62,,3.85,Ghostly Pilferer,Promo Pack: Core Set 2021,ghostlypilferer
217253,33.29,39.99,34.68,Grim Tutor,Promo Pack: Core Set 2021,grimtutor
217260,5.29,7.99,4.42,Peer into the Abyss,Promo Pack: Core Set 2021,peerintotheabyss
217283,0.4,0.49,0.18,Scavenging Ooze,Promo Pack: Core Set 2021,scavengingooze
217271,31.46,44.99,30.6,Terror of the Peaks,Promo Pack: Core Set 2021,terrorofthepeaks
217272,0.62,1.29,0.72,Transmogrify,Promo Pack: Core Set 2021,transmogrify
215320,10.15,15.99,8.99,Pyroblast,Signature Spellbook: Chandra,pyroblast
215322,6.1,8.99,5.21,Rite of Flame,Signature Spellbook: Chandra,riteofflame
212115,14.1,19.99,12.57,Drannith Magistrate,Ikoria: Lair of Behemoths,drannithmagistrate
212042,0.21,0.35,0.15,Essence Scatter,Ikoria: Lair of Behemoths,essencescatter
212774,0.65,0.49,0.15,Forest,Ikoria: Lair of Behemoths,forest
212369,0.17,0.35,0.15,Heartless Act,Ikoria: Lair of Behemoths,heartlessact
212623,13.76,17.99,13.51,"Kinnan, Bonder Prodigy",Ikoria: Lair of Behemoths,kinnanbonderprodigy
211996,0.58,0.99,0.47000000000000003,"Lukka, Coppercoat Outcast",Ikoria: Lair of Behemoths,lukkacoppercoatoutcast
212770,0.58,0.49,0.32,Mountain,Ikoria: Lair of Behemoths,mountain
212754,1.1,0.49,0.31,Plains,Ikoria: Lair of Behemoths,plains
212764,2.01,0.69,0.15,Swamp,Ikoria: Lair of Behemoths,swamp
212622,4.29,4.99,4.09,"Winota, Joiner of Forces",Ikoria: Lair of Behemoths,winotajoinerofforces
213809,14.94,22.99,14.32,Drannith Magistrate,Promo Pack: Ikoria,drannithmagistrate
212603,1.02,1.29,0.73,Heartless Act,Promo Pack: Ikoria,heartlessact
213923,21.92,29.99,22.81,"Kinnan, Bonder Prodigy",Promo Pack: Ikoria,kinnanbonderprodigy
213932,0.61,0.99,0.62,"Lukka, Coppercoat Outcast",Promo Pack: Ikoria,lukkacoppercoatoutcast
213914,5.4,5.49,6.51,"Winota, Joiner of Forces",Promo Pack: Ikoria,winotajoinerofforces
212120,0.61,0.99,0.45,Arcane Signet,Commander 2020,arcanesignet
212360,0.35,0.69,0.33,Battlefield Forge,Commander 2020,battlefieldforge
212487,0.5,0.79,0.45,Chaos Warp,Commander 2020,chaoswarp
212200,0.62,0.69,0.25,Command Tower,Commander 2020,commandtower
212174,3.3,3.49,3.23,Crop Rotation,Commander 2020,croprotation
212221,27.11,29.99,25.42,Deadly Rollick,Commander 2020,deadlyrollick
212191,65.39,99.99,68.48,Deflecting Swat,Commander 2020,deflectingswat
212399,0.37,0.59,0.15,Exotic Orchard,Commander 2020,exoticorchard
212218,54.27,84.99,56.83,Fierce Guardianship,Commander 2020,fierceguardianship
212404,5.3,7.49,4.88,Gavony Township,Commander 2020,gavonytownship
212426,1.3,1.49,0.68,Llanowar Wastes,Commander 2020,llanowarwastes
212443,0.35,0.69,0.19,Opulent Palace,Commander 2020,opulentpalace
212465,0.5,,0.44,Shivan Reef,Commander 2020,shivanreef
212198,1.57,2.49,1.55,Sol Ring,Commander 2020,solring
212143,3.01,9.49,2.37,"Tayam, Luminous Enigma",Commander 2020,tayamluminousenigma
212411,4.99,7.49,4.97,Windfall,Commander 2020,windfall
212481,0.41,0.69,0.31,Yavimaya Coast,Commander 2020,yavimayacoast
208389,0.67,0.59,0.52,Forest,Unsanctioned,forest
208453,0.45,0.49,0.39,Island,Unsanctioned,island
208391,0.4,0.49,0.31,Mountain,Unsanctioned,mountain
208392,0.47,0.49,0.33,Plains,Unsanctioned,plains
208454,0.41,0.49,0.31,Swamp,Unsanctioned,swamp
206026,0.95,1.99,0.62,Forest,Theros Beyond Death,forest
206460,0.91,2.29,0.67,Gray Merchant of Asphodel,Theros Beyond Death,graymerchantofasphodel
206667,12.85,14.99,11.6,Idyllic Tutor,Theros Beyond Death,idyllictutor
206023,1.61,1.49,0.45,Island,Theros Beyond Death,island
206025,1.57,2.49,0.91,Mountain,Theros Beyond Death,mountain
206022,0.97,1.99,0.51,Plains,Theros Beyond Death,plains
206867,0.25,0.35,0.15,Soul-Guide Lantern,Theros Beyond Death,soulguidelantern
206024,1.79,2.29,0.91,Swamp,Theros Beyond Death,swamp
206926,23.84,27.99,20.0,Thassa's Oracle,Theros Beyond Death,thassasoracle
206642,9.8,11.99,7.05,Underworld Breach,Theros Beyond Death,underworldbreach
207621,2.35,3.99,2.59,Aven Mindcensor,Promo Pack: Theros Beyond Death,avenmindcensor
207612,17.94,17.99,16.9,Bolas's Citadel,Promo Pack: Theros Beyond Death,bolasscitadel
207689,5.68,11.99,9.15,Clever Impersonator,Promo Pack: Theros Beyond Death,cleverimpersonator
208024,6.98,4.49,3.39,Gray Merchant of Asphodel,Promo Pack: Theros Beyond Death,graymerchantofasphodel
207620,5.17,9.49,5.1000000000000005,"Karn, the Great Creator",Promo Pack: Theros Beyond Death,karnthegreatcreator
207719,12.55,13.99,13.07,Idyllic Tutor,Promo Pack: Theros Beyond Death,idyllictutor
207682,3.5,0.79,1.17,Mirage Mirror,Promo Pack: Theros Beyond Death,miragemirror
207617,3.99,5.49,5.07,Narset's Reversal,Promo Pack: Theros Beyond Death,narsetsreversal
207631,14.17,22.99,15.09,"Sidisi, Undead Vizier",Promo Pack: Theros Beyond Death,sidisiundeadvizier
207746,24.2,32.99,26.78,Thassa's Oracle,Promo Pack: Theros Beyond Death,thassasoracle
207724,13.93,13.99,25.830000000000002,Underworld Breach,Promo Pack: Theros Beyond Death,underworldbreach
201558,4.05,2.49,3.2,Dramatic Reversal,Magic Game Night 2019,dramaticreversal
202653,0.72,2.49,0.78,Pick Your Poison,Mystery Booster: Convention Edition Exclusives,pickyourpoison
202724,2.64,3.49,4.83,Waste Land,Mystery Booster: Convention Edition Exclusives,wasteland
194913,0.57,0.79,0.43,Arcane Signet,Throne of Eldraine,arcanesignet
199288,7.62,12.99,7.29,Castle Garenbrig,Throne of Eldraine,castlegarenbrig
198815,0.58,0.59,0.29,Command Tower,Throne of Eldraine,commandtower
198858,0.19,0.35,0.15,Claim the Firstborn,Throne of Eldraine,claimthefirstborn
199001,2.12,1.79,1.02,Deafening Silence,Throne of Eldraine,deafeningsilence
199428,1.69,2.49,1.12,Fabled Passage,Throne of Eldraine,fabledpassage
199026,0.87,0.79,0.35000000000000003,Faeburrow Elder,Throne of Eldraine,faeburrowelder
198887,0.26,0.69,0.2,Gingerbrute,Throne of Eldraine,gingerbrute
199057,2.35,3.49,1.72,Mirrormade,Throne of Eldraine,mirrormade
198903,0.28,0.39,0.15,Opt,Throne of Eldraine,opt
199514,0.36,0.49,0.19,Plains,Throne of Eldraine,plains
198745,5.51,3.99,2.8000000000000003,Wishclaw Talisman,Throne of Eldraine,wishclawtalisman
200233,14.09,13.99,12.01,Blood Crypt,Promo Pack: Throne of Eldraine,bloodcrypt
200234,14.5,16.99,12.89,Breeding Pool,Promo Pack: Throne of Eldraine,breedingpool
200388,7.88,12.99,8.71,Castle Garenbrig,Promo Pack: Throne of Eldraine,castlegarenbrig
200385,5.74,3.99,5.48,Fabled Passage,Promo Pack: Throne of Eldraine,fabledpassage
200253,44.54,84.99,73.98,Finale of Devastation,Promo Pack: Throne of Eldraine,finaleofdevastation
200483,1.64,2.29,1.25,Faeburrow Elder,Promo Pack: Throne of Eldraine,faeburrowelder
200235,10.7,16.99,9.870000000000001,Godless Shrine,Promo Pack: Throne of Eldraine,godlessshrine
200236,13.59,11.99,12.09,Hallowed Fountain,Promo Pack: Throne of Eldraine,hallowedfountain
200244,9.16,11.99,9.63,"Jace, Wielder of Mysteries",Promo Pack: Throne of Eldraine,jacewielderofmysteries
200423,2.5,3.99,2.08,Mirrormade,Promo Pack: Throne of Eldraine,mirrormade
200211,13.08,14.99,12.17,Overgrown Tomb,Promo Pack: Throne of Eldraine,overgrowntomb
200212,10.85,16.99,11.35,Sacred Foundry,Promo Pack: Throne of Eldraine,sacredfoundry
200217,56.84,84.99,56.230000000000004,Smothering Tithe,Promo Pack: Throne of Eldraine,smotheringtithe
200213,14.69,18.99,13.69,Steam Vents,Promo Pack: Throne of Eldraine,steamvents
200238,9.42,13.99,7.99,Stomping Ground,Promo Pack: Throne of Eldraine,stompingground
200214,13.3,9.99,11.97,Temple Garden,Promo Pack: Throne of Eldraine,templegarden
200266,7.06,9.49,10.83,"Teferi, Time Raveler",Promo Pack: Throne of Eldraine,teferitimeraveler
200215,13.09,15.99,11.68,Watery Grave,Promo Pack: Throne of Eldraine,waterygrave
200446,5.35,3.99,5.4,Wishclaw Talisman,Promo Pack: Throne of Eldraine,wishclawtalisman
196726,0.58,0.79,0.38,Chaos Warp,Commander 2019,chaoswarp
196612,4.5,4.99,2.33,Clever Impersonator,Commander 2019,cleverimpersonator
196534,0.34,0.69,0.26,Command Tower,Commander 2019,commandtower
196537,0.26,0.59,0.15,Exotic Orchard,Commander 2019,exoticorchard
196744,2.79,3.49,2.2600000000000002,Geier Reach Sanitarium,Commander 2019,geierreachsanitarium
196427,1.28,1.49,0.67,"K'rrik, Son of Yawgmoth",Commander 2019,krriksonofyawgmoth
196748,0.36,0.59,0.2,Key to the City,Commander 2019,keytothecity
196510,1.07,1.49,0.5700000000000001,Llanowar Wastes,Commander 2019,llanowarwastes
196511,0.39,0.69,0.23,Opulent Palace,Commander 2019,opulentpalace
196429,8.4,13.99,6.76,Sanctum of Eternity,Commander 2019,sanctumofeternity
196278,0.6,0.99,0.41000000000000003,Sevinne's Reclamation,Commander 2019,sevinnesreclamation
196523,1.81,2.49,1.36,Sol Ring,Commander 2019,solring
196533,5.42,6.99,4.57,Sudden Substitution,Commander 2019,suddensubstitution
196462,4.85,4.49,3.74,Thran Dynamo,Commander 2019,thrandynamo
196496,0.38,0.79,0.35000000000000003,Yavimaya Coast,Commander 2019,yavimayacoast
192222,9.34,13.99,7.82,"Chandra, Awakened Inferno",Core Set 2020,chandraawakenedinferno
192877,0.25,0.35,0.15,Duress,Core Set 2020,duress
192617,6.02,5.99,4.66,Elvish Reclaimer,Core Set 2020,elvishreclaimer
192562,29.88,32.99,29.46,Field of the Dead,Core Set 2020,fieldofthedead
192847,0.56,0.49,0.15,Forest,Core Set 2020,forest
192909,3.46,3.49,1.78,Grafdigger's Cage,Core Set 2020,grafdiggerscage
192896,8.71,13.99,5.74,Glint-Horn Buccaneer,Core Set 2020,glinthornbuccaneer
192832,0.44,0.49,0.15,Island,Core Set 2020,island
192638,1.39,1.49,0.93,Leyline of Abundance,Core Set 2020,leylineofabundance
192544,0.7,0.99,0.3,Leyline of the Void,Core Set 2020,leylineofthevoid
192640,2.11,3.99,2.04,Lotus Field,Core Set 2020,lotusfield
192637,1.72,2.49,1.16,Manifold Key,Core Set 2020,manifoldkey
192842,0.99,0.49,0.33,Mountain,Core Set 2020,mountain
192505,0.32,0.35,0.15,Negate,Core Set 2020,negate
192827,0.47,0.49,0.15,Plains,Core Set 2020,plains
192521,7.96,12.99,8.3,Scheming Symmetry,Core Set 2020,schemingsymmetry
192914,0.16,0.35,0.15,Shock,Core Set 2020,shock
192838,0.39,0.49,0.15,Swamp,Core Set 2020,swamp
192543,3.25,6.49,2.88,Veil of Summer,Core Set 2020,veilofsummer
192644,9.27,14.99,8.83,"Vilis, Broker of Blood",Core Set 2020,vilisbrokerofblood
193477,12.27,13.99,9.78,"Chandra, Awakened Inferno",Promo Pack: Core Set 2020,chandraawakenedinferno
193474,7.78,8.49,7.8100000000000005,Elvish Reclaimer,Promo Pack: Core Set 2020,elvishreclaimer
193465,41.03,44.99,36.34,Field of the Dead,Promo Pack: Core Set 2020,fieldofthedead
193280,0.91,0.59,0.64,Forest,Promo Pack: Core Set 2020,forest
193492,8.91,12.99,9.290000000000001,Glint-Horn Buccaneer,Promo Pack: Core Set 2020,glinthornbuccaneer
193483,2.92,4.49,2.92,Grafdigger's Cage,Promo Pack: Core Set 2020,grafdiggerscage
193281,0.54,0.69,0.48,Island,Promo Pack: Core Set 2020,island
193381,1.72,1.99,1.45,Incubation Druid,Promo Pack: Core Set 2020,incubationdruid
193431,1.54,2.29,2.6,Leyline of Abundance,Promo Pack: Core Set 2020,leylineofabundance
193479,0.94,1.29,0.78,Leyline of the Void,Promo Pack: Core Set 2020,leylineofthevoid
193485,9.61,6.99,7.29,Lotus Field,Promo Pack: Core Set 2020,lotusfield
193279,0.9,0.49,0.52,Mountain,Promo Pack: Core Set 2020,mountain
193350,11.8,,14.18,"Nezahal, Primal Tide",Promo Pack: Core Set 2020,nezahalprimaltide
193325,6.53,5.99,9.06,"Niv-Mizzet, Parun",Promo Pack: Core Set 2020,nivmizzetparun
193283,0.45,0.49,0.36,Plains,Promo Pack: Core Set 2020,plains
193780,1.75,2.79,1.72,Negate,Promo Pack: Core Set 2020,negate
193383,4.54,,6.24,"Nicol Bolas, Dragon-God",Promo Pack: Core Set 2020,nicolbolasdragongod
193462,8.97,12.99,9.89,Scheming Symmetry,Promo Pack: Core Set 2020,schemingsymmetry
193282,0.57,0.59,0.47000000000000003,Swamp,Promo Pack: Core Set 2020,swamp
193501,10.93,14.99,10.21,"Vilis, Broker of Blood",Promo Pack: Core Set 2020,vilisbrokerofblood
188994,1.23,1.49,0.67,Rest in Peace,Signature Spellbook: Gideon,restinpeace
188993,1.6,2.49,1.57,Path to Exile,Signature Spellbook: Gideon,pathtoexile
191735,17.76,22.99,16.2,Altar of Dementia,Modern Horizons,altarofdementia
191578,3.87,4.99,3.0100000000000002,Carrion Feeder,Modern Horizons,carrionfeeder
190942,1.71,1.49,1.45,Changeling Outcast,Modern Horizons,changelingoutcast
191057,3.46,3.49,1.96,Collector Ouphe,Modern Horizons,collectorouphe
191062,10.75,13.99,9.36,Eladamri's Call,Modern Horizons,eladamriscall
191568,5.05,5.99,5.19,Ephemerate,Modern Horizons,ephemerate
191569,0.38,0.69,0.25,Faerie Seer,Modern Horizons,faerieseer
190806,6.75,6.99,6.01,Fiery Islet,Modern Horizons,fieryislet
190734,8.51,10.99,8.07,Force of Vigor,Modern Horizons,forceofvigor
190647,52.39,69.99,53.76,Force of Negation,Modern Horizons,forceofnegation
190880,8.4,10.99,8.22,Force of Despair,Modern Horizons,forceofdespair
190865,11.26,11.99,10.1,Giver of Runes,Modern Horizons,giverofrunes
190867,9.94,10.99,9.15,Goblin Engineer,Modern Horizons,goblinengineer
190748,34.03,47.99,34.74,Prismatic Vista,Modern Horizons,prismaticvista
190873,37.83,54.99,32.82,Ranger-Captain of Eos,Modern Horizons,rangercaptainofeos
190933,2.53,2.49,1.9000000000000001,"Sisay, Weatherlight Captain",Modern Horizons,sisayweatherlightcaptain
190653,1.08,1.49,0.72,Snow-Covered Forest,Modern Horizons,snowcoveredforest
190649,2.01,1.99,1.27,Snow-Covered Island,Modern Horizons,snowcoveredisland
190650,0.81,0.99,0.72,Snow-Covered Mountain,Modern Horizons,snowcoveredmountain
190652,1.04,0.79,0.39,Snow-Covered Swamp,Modern Horizons,snowcoveredswamp
191059,0.47,0.79,0.26,Talisman of Curiosity,Modern Horizons,talismanofcuriosity
191060,3.23,2.99,1.87,Talisman of Creativity,Modern Horizons,talismanofcreativity
191058,0.6,1.29,0.41000000000000003,Talisman of Hierarchy,Modern Horizons,talismanofhierarchy
191572,0.57,0.99,0.41000000000000003,Universal Automaton,Modern Horizons,universalautomaton
190836,15.47,19.99,13.97,"Urza, Lord High Artificer",Modern Horizons,urzalordhighartificer
190793,1.5,1.79,1.3800000000000001,Waterlogged Grove,Modern Horizons,waterloggedgrove
191131,31.72,34.99,30.95,"Yawgmoth, Thran Physician",Modern Horizons,yawgmoththranphysician
188627,1.33,1.29,0.61,"Ashiok, Dream Render",War of the Spark,ashiokdreamrender
188345,3.84,4.99,2.75,Bolt Bend,War of the Spark,boltbend
187187,16.31,12.99,10.4,Bolas's Citadel,War of the Spark,bolasscitadel
187125,3.85,5.99,3.5,Emergence Zone,War of the Spark,emergencezone
188701,48.22,74.99,55.7,Finale of Devastation,War of the Spark,finaleofdevastation
187246,0.78,1.49,0.33,God-Pharaoh's Statue,War of the Spark,godpharaohsstatue
188386,4.56,5.99,3.93,"Karn, the Great Creator",War of the Spark,karnthegreatcreator
187141,9.09,11.99,8.59,"Jace, Wielder of Mysteries",War of the Spark,jacewielderofmysteries
188708,4.09,3.49,2.07,Narset's Reversal,War of the Spark,narsetsreversal
188217,0.73,0.99,0.15,Neoform,War of the Spark,neoform
188630,4.78,4.49,3.37,"Nicol Bolas, Dragon-God",War of the Spark,nicolbolasdragongod
187194,6.03,7.99,6.1000000000000005,"Teferi, Time Raveler",War of the Spark,teferitimeraveler
188904,,,,"Nicol Bolas, Dragon-God",Mythic Edition: War of the Spark,nicolbolasdragongod
184820,12.04,17.99,12.55,Birds of Paradise,Ravnica Allegiance: Guild Kits,birdsofparadise
182838,9.36,13.99,9.63,Blood Crypt,Ravnica Allegiance,bloodcrypt
182842,10.33,15.99,9.870000000000001,Breeding Pool,Ravnica Allegiance,breedingpool
182952,1.61,2.99,1.09,Biomancer's Familiar,Ravnica Allegiance,biomancersfamiliar
183584,0.53,0.49,0.36,Forest,Ravnica Allegiance,forest
182836,9.59,13.99,9.19,Godless Shrine,Ravnica Allegiance,godlessshrine
182831,8.28,9.99,7.8,Hallowed Fountain,Ravnica Allegiance,hallowedfountain
183581,0.45,0.49,0.36,Island,Ravnica Allegiance,island
183313,1.76,1.79,1.12,Incubation Druid,Ravnica Allegiance,incubationdruid
182131,0.44,0.99,0.39,"Lavinia, Azorius Renegade",Ravnica Allegiance,laviniaazoriusrenegade
182127,0.34,0.49,0.17,Light Up the Stage,Ravnica Allegiance,lightupthestage
183583,0.43,0.49,0.38,Mountain,Ravnica Allegiance,mountain
183580,0.4,0.49,0.35000000000000003,Plains,Ravnica Allegiance,plains
183033,50.01,69.99,50.47,Smothering Tithe,Ravnica Allegiance,smotheringtithe
182841,7.02,10.99,6.25,Stomping Ground,Ravnica Allegiance,stompingground
183582,0.37,0.49,0.31,Swamp,Ravnica Allegiance,swamp
179473,134.33,129.99,125.73,Ancient Tomb,Ultimate Masters,ancienttomb
180895,12.06,2.79,1.21,Buried Alive,Ultimate Masters,buriedalive
179480,52.91,57.99,49.0,Cavern of Souls,Ultimate Masters,cavernofsouls
179462,68.84,74.99,62.38,Demonic Tutor,Ultimate Masters,demonictutor
180824,0.79,0.79,0.56,Devoted Druid,Ultimate Masters,devoteddruid
180823,15.97,14.99,39.89,Disrupting Shoal,Ultimate Masters,disruptingshoal
180810,7.89,6.99,6.19,Desperate Ritual,Ultimate Masters,desperateritual
179485,1.72,1.79,1.26,Eternal Witness,Ultimate Masters,eternalwitness
179538,19.93,21.99,14.57,Entomb,Ultimate Masters,entomb
180772,16.37,19.99,16.67,Gamble,Ultimate Masters,gamble
179506,0.45,0.49,0.28,Maelstrom Pulse,Ultimate Masters,maelstrompulse
179517,115.05,129.99,106.65,Mana Vault,Ultimate Masters,manavault
179468,29.63,32.99,26.03,"Mikaeus, the Unhallowed",Ultimate Masters,mikaeustheunhallowed
179490,12.06,15.99,11.07,Noble Hierarch,Ultimate Masters,noblehierarch
180789,28.2,42.99,31.32,Phyrexian Tower,Ultimate Masters,phyrexiantower
179472,9.63,11.99,9.94,Reanimate,Ultimate Masters,reanimate
180902,0.43,0.35,0.15,Sleight of Hand,Ultimate Masters,sleightofhand
179455,21.48,21.99,18.3,Snapcaster Mage,Ultimate Masters,snapcastermage
179536,66.5,79.99,60.94,"Urborg, Tomb of Yawgmoth",Ultimate Masters,urborgtombofyawgmoth
179474,,,,Ancient Tomb,Ultimate Masters: Box Toppers,ancienttomb
179479,,,,Cavern of Souls,Ultimate Masters: Box Toppers,cavernofsouls
179461,,,,Demonic Tutor,Ultimate Masters: Box Toppers,demonictutor
179483,,,,Eternal Witness,Ultimate Masters: Box Toppers,eternalwitness
179505,,,,Maelstrom Pulse,Ultimate Masters: Box Toppers,maelstrompulse
179518,,,,Mana Vault,Ultimate Masters: Box Toppers,manavault
179489,,,,Noble Hierarch,Ultimate Masters: Box Toppers,noblehierarch
179469,,,,"Mikaeus, the Unhallowed",Ultimate Masters: Box Toppers,mikaeustheunhallowed
179456,,,,Snapcaster Mage,Ultimate Masters: Box Toppers,snapcastermage
179471,,,,Reanimate,Ultimate Masters: Box Toppers,reanimate
179537,,,,"Urborg, Tomb of Yawgmoth",Ultimate Masters: Box Toppers,urborgtombofyawgmoth
180408,1.22,0.79,0.73,Llanowar Elves,Magic Game Night,llanowarelves
176706,1.77,2.99,1.6600000000000001,Abrupt Decay,Guilds of Ravnica: Guild Kits,abruptdecay
176710,8.59,9.99,10.77,Deathrite Shaman,Guilds of Ravnica: Guild Kits,deathriteshaman
177352,4.65,4.49,3.69,Elves of Deep Shadow,Guilds of Ravnica: Guild Kits,elvesofdeepshadow
177404,0.34,0.69,0.21,Lightning Helix,Guilds of Ravnica: Guild Kits,lightninghelix
176441,0.23,0.35,0.15,Disdainful Stroke,Guilds of Ravnica,disdainfulstroke
176619,0.47,0.49,0.25,Forest,Guilds of Ravnica,forest
176616,0.42,0.49,0.15,Island,Guilds of Ravnica,island
176618,0.46,0.49,0.41000000000000003,Mountain,Guilds of Ravnica,mountain
176839,8.68,9.49,7.8,Mnemonic Betrayal,Guilds of Ravnica,mnemonicbetrayal
175582,5.31,6.49,5.0600000000000005,"Niv-Mizzet, Parun",Guilds of Ravnica,nivmizzetparun
175196,10.38,11.99,9.370000000000001,Overgrown Tomb,Guilds of Ravnica,overgrowntomb
176615,0.54,0.49,0.34,Plains,Guilds of Ravnica,plains
175200,10.78,14.99,10.39,Sacred Foundry,Guilds of Ravnica,sacredfoundry
175202,11.86,17.99,10.8,Steam Vents,Guilds of Ravnica,steamvents
176617,0.49,0.49,0.23,Swamp,Guilds of Ravnica,swamp
175203,7.46,9.99,7.55,Temple Garden,Guilds of Ravnica,templegarden
176779,1.3,1.29,0.88,Thousand-Year Storm,Guilds of Ravnica,thousandyearstorm
175205,9.26,14.99,9.35,Watery Grave,Guilds of Ravnica,waterygrave
171035,,,,"Aminatou, the Fateshifter",Commander 2018,aminatouthefateshifter
171108,1.3,1.99,1.31,Blasphemous Act,Commander 2018,blasphemousact
171438,1.37,2.49,1.71,Brainstorm,Commander 2018,brainstorm
171191,0.79,1.29,0.43,Buried Ruin,Commander 2018,buriedruin
170778,0.47,0.79,0.46,Chaos Warp,Commander 2018,chaoswarp
171193,0.44,,0.31,Command Tower,Commander 2018,commandtower
171209,2.12,3.99,2.66,Great Furnace,Commander 2018,greatfurnace
170959,0.34,0.69,0.27,Loyal Apprentice,Commander 2018,loyalapprentice
171133,0.31,0.99,0.3,Mind Stone,Commander 2018,mindstone
171481,1.81,4.49,3.63,Ponder,Commander 2018,ponder
170965,0.52,0.79,0.44,Reality Scramble,Commander 2018,realityscramble
171441,1.11,2.29,0.88,Seat of the Synod,Commander 2018,seatofthesynod
171158,1.61,,1.34,Sol Ring,Commander 2018,solring
171034,4.13,3.99,3.27,"Yuriko, the Tiger's Shadow",Commander 2018,yurikothetigersshadow
166701,0.2,0.35,0.15,Cancel,Core Set 2019,cancel
169306,0.17,0.35,0.15,Duress,Core Set 2019,duress
169299,0.2,0.35,0.15,Essence Scatter,Core Set 2019,essencescatter
169111,0.33,1.29,0.31,"Lena, Selfless Champion",Core Set 2019,lenaselflesschampion
168646,0.31,0.79,0.25,Llanowar Elves,Core Set 2019,llanowarelves
169083,6.12,7.99,5.21,Omniscience,Core Set 2019,omniscience
168720,47.06,54.99,46.5,Scapeshift,Core Set 2019,scapeshift
168475,0.14,0.35,0.15,Shock,Core Set 2019,shock
169236,0.78,0.99,0.19,Stitcher's Supplier,Core Set 2019,stitcherssupplier
168308,2.43,0.59,0.72,Island,Global Series Jiang Yanggu & Mu Yanling,island
168334,0.71,0.59,0.52,Forest,Global Series Jiang Yanggu & Mu Yanling,forest
168333,0.67,0.49,0.5700000000000001,Mountain,Global Series Jiang Yanggu & Mu Yanling,mountain
168345,0.54,0.49,0.38,Plains,Global Series Jiang Yanggu & Mu Yanling,plains
162749,2.5,3.49,2.1,Brainstorm,Signature Spellbook: Jace,brainstorm
162748,1.87,2.99,1.42,Blue Elemental Blast,Signature Spellbook: Jace,blueelementalblast
162751,5.55,5.99,4.75,Gifts Ungiven,Signature Spellbook: Jace,giftsungiven
162753,0.41,0.99,0.35000000000000003,Negate,Signature Spellbook: Jace,negate
162752,21.78,22.99,16.65,Mystical Tutor,Signature Spellbook: Jace,mysticaltutor
167787,17.81,20.99,17.06,Diabolic Intent,Battlebond,diabolicintent
167977,0.68,0.49,0.48,Forest,Battlebond,forest
167974,0.47,0.49,0.15,Island,Battlebond,island
166661,29.59,23.99,26.02,Luxury Suite,Battlebond,luxurysuite
167976,0.7,0.49,0.2,Mountain,Battlebond,mountain
166662,28.0,37.99,29.17,Morphic Pool,Battlebond,morphicpool
167870,0.29,0.35,0.15,Negate,Battlebond,negate
167694,0.71,0.99,0.4,Peregrine Drake,Battlebond,peregrinedrake
167973,0.39,0.49,0.15,Plains,Battlebond,plains
166663,19.77,29.99,20.31,Sea of Clouds,Battlebond,seaofclouds
167919,0.1,0.35,0.15,Shock,Battlebond,shock
167820,0.79,0.99,0.28,Spell Snare,Battlebond,spellsnare
167811,15.83,27.99,12.49,Spellseeker,Battlebond,spellseeker
167975,0.43,0.49,0.36,Swamp,Battlebond,swamp
167782,1.93,2.79,1.42,Swords to Plowshares,Battlebond,swordstoplowshares
166733,4.68,4.99,4.83,Basalt Monolith,Commander Anthology Volume II,basaltmonolith
166737,2.14,1.99,1.83,Blasphemous Act,Commander Anthology Volume II,blasphemousact
166752,0.59,1.29,0.66,Buried Ruin,Commander Anthology Volume II,buriedruin
166751,2.92,2.49,1.87,Buried Alive,Commander Anthology Volume II,buriedalive
166758,0.57,1.29,0.51,Chaos Warp,Commander Anthology Volume II,chaoswarp
166761,0.41,0.69,0.42,Command Tower,Commander Anthology Volume II,commandtower
166782,0.3,0.35,0.23,Disdainful Stroke,Commander Anthology Volume II,disdainfulstroke
166799,0.5,0.49,0.52,Exotic Orchard,Commander Anthology Volume II,exoticorchard
166796,1.57,2.49,2.35,Eternal Witness,Commander Anthology Volume II,eternalwitness
166806,1.22,1.99,1.1300000000000001,Fellwar Stone,Commander Anthology Volume II,fellwarstone
166821,0.91,1.29,0.61,Ghost Quarter,Commander Anthology Volume II,ghostquarter
166822,22.21,24.99,22.1,Goblin Welder,Commander Anthology Volume II,goblinwelder
166829,3.39,3.99,3.09,Great Furnace,Commander Anthology Volume II,greatfurnace
166689,,,,"Ishai, Ojutai Dragonspeaker",Commander Anthology Volume II,ishaiojutaidragonspeaker
166876,0.31,0.69,0.31,Mind Stone,Commander Anthology Volume II,mindstone
166896,0.66,0.69,0.54,Opulent Palace,Commander Anthology Volume II,opulentpalace
166934,0.4,0.49,0.3,Scavenging Ooze,Commander Anthology Volume II,scavengingooze
166955,1.67,2.79,1.56,Sol Ring,Commander Anthology Volume II,solring
166879,2.93,4.99,2.99,Underground River,Commander Anthology Volume II,undergroundriver
166818,5.13,6.99,4.95,Windfall,Commander Anthology Volume II,windfall
162250,1.11,0.99,0.61,Damping Sphere,Dominaria,dampingsphere
164398,0.37,0.59,0.38,Final Parting,Dominaria,finalparting
162231,0.3,0.79,0.15,Llanowar Elves,Dominaria,llanowarelves
162125,76.28,94.99,77.36,Mox Amber,Dominaria,moxamber
162141,0.9,0.79,0.43,Oath of Teferi,Dominaria,oathofteferi
162901,0.23,0.35,0.15,Opt,Dominaria,opt
162239,0.22,0.35,0.15,"Tetsuko Umezawa, Fugitive",Dominaria,tetsukoumezawafugitive
162820,0.81,0.99,0.79,Elvish Mystic,Duel Decks: Elves vs. Inventors,elvishmystic
162807,2.43,3.49,2.0100000000000002,Galvanic Blast,Duel Decks: Elves vs. Inventors,galvanicblast
162805,,,,Goblin Welder,Duel Decks: Elves vs. Inventors,goblinwelder
162887,2.93,4.99,3.12,Great Furnace,Duel Decks: Elves vs. Inventors,greatfurnace
162888,1.03,1.79,1.01,Seat of the Synod,Duel Decks: Elves vs. Inventors,seatofthesynod
162890,0.47,0.79,0.48,Shivan Reef,Duel Decks: Elves vs. Inventors,shivanreef
162803,0.75,1.79,0.55,Trophy Mage,Duel Decks: Elves vs. Inventors,trophymage
161419,1.82,2.99,1.1,Blue Elemental Blast,Masters 25,blueelementalblast
161357,7.55,9.49,7.86,Blood Moon,Masters 25,bloodmoon
161469,1.77,2.49,1.47,Brainstorm,Masters 25,brainstorm
161358,15.72,,17.87,Chalice of the Void,Masters 25,chaliceofthevoid
161807,0.77,1.79,0.62,Curiosity,Masters 25,curiosity
161443,7.44,9.99,5.37,Doomsday,Masters 25,doomsday
161473,10.67,13.99,10.39,Eladamri's Call,Masters 25,eladamriscall
161421,7.03,4.49,3.83,Dark Ritual,Masters 25,darkritual
161410,14.05,18.99,15.63,Imperial Recruiter,Masters 25,imperialrecruiter
161480,1.24,2.29,1.28,Lightning Bolt,Masters 25,lightningbolt
161485,0.22,0.39,0.21,Mishra's Factory,Masters 25,mishrasfactory
161808,5.8,2.99,2.0,Notion Thief,Masters 25,notionthief
161536,18.91,21.99,14.66,Pact of Negation,Masters 25,pactofnegation
161784,0.27,0.35,0.23,Pyroclasm,Masters 25,pyroclasm
161430,11.45,14.99,10.78,Red Elemental Blast,Masters 25,redelementalblast
161538,1.3,2.29,0.78,Rest in Peace,Masters 25,restinpeace
161828,0.36,0.35,0.15,Retraction Helix,Masters 25,retractionhelix
161571,2.89,4.49,3.21,Simian Spirit Guide,Masters 25,simianspiritguide
161497,4.81,5.49,3.02,Summoner's Pact,Masters 25,summonerspact
161344,0.77,0.69,0.31,"Thalia, Guardian of Thraben",Masters 25,thaliaguardianofthraben
161899,1.57,2.29,1.43,Swords to Plowshares,Masters 25,swordstoplowshares
155768,0.78,0.59,0.5,Forest,Rivals of Ixalan,forest
155765,0.44,0.49,0.4,Island,Rivals of Ixalan,island
155767,1.5,0.49,0.67,Mountain,Rivals of Ixalan,mountain
155801,0.23,0.35,0.15,Negate,Rivals of Ixalan,negate
155688,7.63,13.99,6.57,"Nezahal, Primal Tide",Rivals of Ixalan,nezahalprimaltide
155763,0.43,0.49,0.18,Plains,Rivals of Ixalan,plains
155766,0.73,0.49,0.22,Swamp,Rivals of Ixalan,swamp
151828,3.76,4.49,1.56,Forest,Unstable,forest
151825,4.4,5.49,2.82,Island,Unstable,island
151827,2.74,2.49,1.56,Mountain,Unstable,mountain
151824,3.12,3.49,1.67,Plains,Unstable,plains
151826,4.3,5.49,2.7,Swamp,Unstable,swamp
149296,1.82,2.79,1.17,Adaptive Automaton,Explorers of Ixalan,adaptiveautomaton
149289,1.62,1.29,0.65,Day of Judgment,Explorers of Ixalan,dayofjudgment
152501,0.29,0.49,0.26,Lightning Helix,Explorers of Ixalan,lightninghelix
152474,1.8,2.49,1.33,Path to Exile,Explorers of Ixalan,pathtoexile
145333,3.72,3.99,2.7800000000000002,Aether Vial,Iconic Masters,aethervial
145411,4.0,2.99,2.43,Bloodghast,Iconic Masters,bloodghast
145331,33.09,27.99,27.080000000000002,Consecrated Sphinx,Iconic Masters,consecratedsphinx
145424,0.23,0.35,0.15,Duress,Iconic Masters,duress
145340,8.47,7.99,7.12,Flusterstorm,Iconic Masters,flusterstorm
145478,1.55,1.99,1.42,Knight of the Reliquary,Iconic Masters,knightofthereliquary
145520,6.7,6.99,4.58,Lotus Cobra,Iconic Masters,lotuscobra
145597,0.38,0.39,0.25,Lightning Helix,Iconic Masters,lightninghelix
145485,5.07,4.99,4.74,Magus of the Moon,Iconic Masters,magusofthemoon
145275,54.37,64.99,55.980000000000004,Mana Drain,Iconic Masters,manadrain
145435,0.37,0.79,0.26,Mind Stone,Iconic Masters,mindstone
145438,10.74,11.99,8.21,Mindcrank,Iconic Masters,mindcrank
145327,2.17,3.49,1.78,Mishra's Bauble,Iconic Masters,mishrasbauble
145298,37.65,42.99,36.45,Necropotence,Iconic Masters,necropotence
145523,1.23,1.29,0.64,Nature's Claim,Iconic Masters,naturesclaim
145317,31.16,32.99,29.150000000000002,Serra Ascendant,Iconic Masters,serraascendant
145395,2.86,2.49,1.6600000000000001,Swords to Plowshares,Iconic Masters,swordstoplowshares
145452,4.21,5.99,3.5500000000000003,Thran Dynamo,Iconic Masters,thrandynamo
145321,0.24,0.59,0.19,Wall of Roots,Iconic Masters,wallofroots
145439,4.71,7.99,4.42,Windfall,Iconic Masters,windfall
149171,0.18,0.35,0.15,Essence Scatter,Duel Decks: Merfolk vs. Goblins,essencescatter
149248,0.68,1.29,0.48,Goblin Rabblemaster,Duel Decks: Merfolk vs. Goblins,goblinrabblemaster
149174,11.83,16.99,10.42,Misdirection,Duel Decks: Merfolk vs. Goblins,misdirection
142015,0.5,0.79,0.37,Angrath's Marauders,Ixalan,angrathsmarauders
145741,0.26,0.35,0.15,Cancel,Ixalan,cancel
145251,0.21,0.35,0.15,Duress,Ixalan,duress
145267,8.2,15.99,7.97,Growing Rites of Itlimoc,Ixalan,growingritesofitlimoc
145253,0.17,0.39,0.15,Opt,Ixalan,opt
144877,0.46,,0.43,Siren Stormtamer,Ixalan,sirenstormtamer
145258,0.21,0.35,0.19,Spell Pierce,Ixalan,spellpierce
139903,5.73,6.99,4.16,Blind Obedience,Commander 2017,blindobedience
139915,0.54,0.99,0.45,Chaos Warp,Commander 2017,chaoswarp
139795,0.34,0.69,0.25,Command Tower,Commander 2017,commandtower
139808,3.62,5.49,3.71,Curse of Opulence,Commander 2017,curseofopulence
140086,0.31,0.59,0.28,Exotic Orchard,Commander 2017,exoticorchard
139947,1.88,1.79,1.23,Fellwar Stone,Commander 2017,fellwarstone
140118,0.44,0.79,0.2,Opulent Palace,Commander 2017,opulentpalace
139799,1.51,2.49,1.56,Sol Ring,Commander 2017,solring
140051,1.71,2.99,1.71,Swords to Plowshares,Commander 2017,swordstoplowshares
134856,0.26,0.49,0.15,Abrade,Hour of Devastation,abrade
136483,0.26,0.35,0.15,Consign // Oblivion,Hour of Devastation,consignoblivion
134930,0.83,0.59,0.47000000000000003,Mirage Mirror,Hour of Devastation,miragemirror
135056,13.58,16.99,13.3,"Razaketh, the Foulblooded",Hour of Devastation,razakeththefoulblooded
136623,0.42,0.99,0.22,Survivors' Encampment,Hour of Devastation,survivorsencampment
132279,17.83,21.99,18.64,Grand Abolisher,Archenemy: Nicol Bolas,grandabolisher
132266,1.42,1.99,1.26,Lightning Bolt,Archenemy: Nicol Bolas,lightningbolt
132269,3.41,3.49,1.87,Talisman of Dominance,Archenemy: Nicol Bolas,talismanofdominance
132268,3.48,4.99,3.24,Talisman of Indulgence,Archenemy: Nicol Bolas,talismanofindulgence
131976,6.22,,4.3500000000000005,Basalt Monolith,Commander Anthology,basaltmonolith
131998,0.38,0.79,0.38,Command Tower,Commander Anthology,commandtower
132005,8.79,11.99,5.4,Crystal Vein,Commander Anthology,crystalvein
131911,,,,"Derevi, Empyrial Tactician",Commander Anthology,dereviempyrialtactician
132028,0.76,1.29,0.63,Elvish Mystic,Commander Anthology,elvishmystic
132033,1.79,2.49,2.1,Eternal Witness,Commander Anthology,eternalwitness
132048,0.85,1.49,0.46,Ghost Quarter,Commander Anthology,ghostquarter
132062,0.43,0.69,0.4,Havenwood Battleground,Commander Anthology,havenwoodbattleground
132083,0.55,0.79,0.52,Llanowar Elves,Commander Anthology,llanowarelves
132113,1.3,3.99,2.2800000000000002,Path to Exile,Commander Anthology,pathtoexile
132166,1.39,2.99,1.95,Sol Ring,Commander Anthology,solring
132172,7.45,8.49,8.92,Stranglehold,Commander Anthology,stranglehold
132179,10.69,9.99,9.0,Sylvan Safekeeper,Commander Anthology,sylvansafekeeper
132193,14.28,,14.96,Thousand-Year Elixir,Commander Anthology,thousandyearelixir
129724,1.36,0.99,0.45,Aven Mindcensor,Amonkhet,avenmindcensor
130201,0.18,0.35,0.15,Cancel,Amonkhet,cancel
129819,1.43,,1.04,Combat Celebrant,Amonkhet,combatcelebrant
129746,0.17,0.35,0.15,Essence Scatter,Amonkhet,essencescatter
134899,,,,Blood Moon,Masterpiece Series: Amonkhet Invocations,bloodmoon
129537,,,,Aven Mindcensor,Masterpiece Series: Amonkhet Invocations,avenmindcensor
129539,,,,Consecrated Sphinx,Masterpiece Series: Amonkhet Invocations,consecratedsphinx
129540,,,,Counterbalance,Masterpiece Series: Amonkhet Invocations,counterbalance
129544,,,,Daze,Masterpiece Series: Amonkhet Invocations,daze
129543,,,,Dark Ritual,Masterpiece Series: Amonkhet Invocations,darkritual
129562,,,,Diabolic Intent,Masterpiece Series: Amonkhet Invocations,diabolicintent
129564,,,,Entomb,Masterpiece Series: Amonkhet Invocations,entomb
134906,,,,Doomsday,Masterpiece Series: Amonkhet Invocations,doomsday
129545,,,,Force of Will,Masterpiece Series: Amonkhet Invocations,forceofwill
129547,,,,Maelstrom Pulse,Masterpiece Series: Amonkhet Invocations,maelstrompulse
134910,,,,Omniscience,Masterpiece Series: Amonkhet Invocations,omniscience
129549,,,,Pact of Negation,Masterpiece Series: Amonkhet Invocations,pactofnegation
134913,,,,Slaughter Pact,Masterpiece Series: Amonkhet Invocations,slaughterpact
129565,,,,Spell Pierce,Masterpiece Series: Amonkhet Invocations,spellpierce
129361,7.21,6.99,6.24,Desperate Ritual,Duel Decks: Mind vs. Might,desperateritual
129476,0.33,0.59,0.3,Grapeshot,Duel Decks: Mind vs. Might,grapeshot
129504,4.0,5.49,3.42,Snap,Duel Decks: Mind vs. Might,snap
128562,2.5,2.99,1.62,Abrupt Decay,Modern Masters 2017,abruptdecay
128275,36.75,42.99,36.25,Arid Mesa,Modern Masters 2017,aridmesa
128838,0.72,1.99,0.41000000000000003,Avacyn's Pilgrim,Modern Masters 2017,avacynspilgrim
128637,8.34,12.99,6.95,Blood Moon,Modern Masters 2017,bloodmoon
128633,53.3,59.99,49.38,Cavern of Souls,Modern Masters 2017,cavernofsouls
128856,33.66,39.99,30.21,Cyclonic Rift,Modern Masters 2017,cyclonicrift
128644,4.98,5.49,4.53,Gifts Ungiven,Modern Masters 2017,giftsungiven
128474,4.81,3.99,2.57,Grafdigger's Cage,Modern Masters 2017,grafdiggerscage
128582,20.18,24.99,19.68,"Linvala, Keeper of Silence",Modern Masters 2017,linvalakeeperofsilence
128221,32.96,,31.810000000000002,Marsh Flats,Modern Masters 2017,marshflats
128281,38.26,42.99,39.95,Misty Rainforest,Modern Masters 2017,mistyrainforest
128479,1.37,2.79,1.29,Path to Exile,Modern Masters 2017,pathtoexile
128595,4.44,6.99,4.62,Phantasmal Image,Modern Masters 2017,phantasmalimage
128918,0.21,0.35,0.18,Pyroclasm,Modern Masters 2017,pyroclasm
128282,41.55,44.99,39.58,Scalding Tarn,Modern Masters 2017,scaldingtarn
128655,0.42,0.49,0.25,Scavenging Ooze,Modern Masters 2017,scavengingooze
128484,18.38,20.99,18.09,Snapcaster Mage,Modern Masters 2017,snapcastermage
128955,0.26,0.49,0.15,Spell Pierce,Modern Masters 2017,spellpierce
128487,5.66,6.99,4.25,Temporal Mastery,Modern Masters 2017,temporalmastery
128970,0.87,1.29,0.72,Tandem Lookout,Modern Masters 2017,tandemlookout
128280,38.43,39.99,33.01,Verdant Catacombs,Modern Masters 2017,verdantcatacombs
128935,0.16,0.35,0.15,Wingcrafter,Modern Masters 2017,wingcrafter
126331,0.81,1.29,0.26,Fatal Push,Aether Revolt,fatalpush
126480,3.18,1.99,1.3800000000000001,Felidar Guardian,Aether Revolt,felidarguardian
126430,3.86,2.99,1.78,Hope of Ghirapur,Aether Revolt,hopeofghirapur
126350,2.78,2.49,1.61,Metallic Mimic,Aether Revolt,metallicmimic
126511,0.19,0.49,0.15,Negate,Aether Revolt,negate
126415,0.36,1.29,0.26,Ornithopter,Aether Revolt,ornithopter
126363,0.45,0.79,0.25,"Rishkar, Peema Renegade",Aether Revolt,rishkarpeemarenegade
126437,0.22,0.35,0.15,Shock,Aether Revolt,shock
126422,0.25,0.79,0.23,Spire of Industry,Aether Revolt,spireofindustry
125849,0.59,1.79,0.51,Trophy Mage,Aether Revolt,trophymage
126443,12.54,13.99,7.0,Walking Ballista,Aether Revolt,walkingballista
126329,6.0,8.49,5.05,Whir of Invention,Aether Revolt,whirofinvention
125387,0.49,0.59,0.29,Auratouched Mage,Planechase Anthology,auratouchedmage
125400,0.31,0.35,0.15,Cancel,Planechase Anthology,cancel
125415,0.39,1.29,0.38,Exotic Orchard,Planechase Anthology,exoticorchard
125464,3.39,2.29,2.7800000000000002,Mistblade Shinobi,Planechase Anthology,mistbladeshinobi
125480,0.75,0.99,0.59,Peregrine Drake,Planechase Anthology,peregrinedrake
125505,1.5,0.59,0.8,Skullsnatcher,Planechase Anthology,skullsnatcher
125519,4.06,3.99,4.47,Throat Slitter,Planechase Anthology,throatslitter
124405,1.88,2.29,1.57,Blasphemous Act,Commander 2016,blasphemousact
124407,5.07,7.49,4.9,Blind Obedience,Commander 2016,blindobedience
124416,25.64,18.99,10.450000000000001,Breath of Fury,Commander 2016,breathoffury
124420,0.41,1.49,0.52,Buried Ruin,Commander 2016,buriedruin
123975,,,,"Bruse Tarl, Boorish Herder",Commander 2016,brusetarlboorishherder
124425,0.58,0.99,0.36,Chaos Warp,Commander 2016,chaoswarp
124193,16.04,13.99,11.88,Chain of Vapor,Commander 2016,chainofvapor
123977,0.31,0.79,0.26,Command Tower,Commander 2016,commandtower
124450,0.15,0.39,0.15,Disdainful Stroke,Commander 2016,disdainfulstroke
124455,0.31,0.69,0.32,Divergent Transformations,Commander 2016,divergenttransformations
124505,0.24,0.59,0.18,Exotic Orchard,Commander 2016,exoticorchard
124509,1.45,1.79,0.78,Fellwar Stone,Commander 2016,fellwarstone
124512,10.15,13.99,9.82,Forbidden Orchard,Commander 2016,forbiddenorchard
124135,,,,"Ishai, Ojutai Dragonspeaker",Commander 2016,ishaiojutaidragonspeaker
123979,,,,"Kraum, Ludevic's Opus",Commander 2016,kraumludevicsopus
124588,0.39,0.69,0.23,Opulent Palace,Commander 2016,opulentpalace
124620,2.14,2.29,0.9,Seat of the Synod,Commander 2016,seatofthesynod
124618,0.23,0.49,0.22,Scavenging Ooze,Commander 2016,scavengingooze
123981,,,,"Silas Renn, Seeker Adept",Commander 2016,silasrennseekeradept
124634,1.61,2.49,1.51,Sol Ring,Commander 2016,solring
124645,13.49,15.99,10.68,Swan Song,Commander 2016,swansong
124648,1.51,3.49,1.75,Swords to Plowshares,Commander 2016,swordstoplowshares
124661,,,,"Thrasios, Triton Hero",Commander 2016,thrasiostritonhero
124011,,,,Tymna the Weaver,Commander 2016,tymnatheweaver
124671,1.53,4.49,1.93,Underground River,Commander 2016,undergroundriver
124012,,,,Vial Smasher the Fierce,Commander 2016,vialsmasherthefierce
124202,4.82,7.99,4.63,Windfall,Commander 2016,windfall
122643,1.45,2.49,1.11,Botanical Sanctum,Kaladesh,botanicalsanctum
122642,2.17,4.99,2.0300000000000002,Blooming Marsh,Kaladesh,bloomingmarsh
122646,0.95,1.99,0.76,Concealed Courtyard,Kaladesh,concealedcourtyard
123110,0.63,0.99,0.35000000000000003,Dramatic Reversal,Kaladesh,dramaticreversal
122658,1.8,3.99,1.6400000000000001,Inspiring Vantage,Kaladesh,inspiringvantage
122730,0.35,0.69,0.22,Key to the City,Kaladesh,keytothecity
122604,1.51,2.29,1.26,Saheeli Rai,Kaladesh,saheelirai
123071,0.53,0.79,0.36,Reckless Fireweaver,Kaladesh,recklessfireweaver
122743,0.95,1.99,0.72,Smuggler's Copter,Kaladesh,smugglerscopter
122672,4.96,9.99,3.58,Spirebluff Canal,Kaladesh,spirebluffcanal
122843,,,,Aether Vial,Masterpiece Series: Kaladesh Inventions,aethervial
126281,,,,Chalice of the Void,Masterpiece Series: Kaladesh Inventions,chaliceofthevoid
122847,,,,Chrome Mox,Masterpiece Series: Kaladesh Inventions,chromemox
126282,,,,Defense Grid,Masterpiece Series: Kaladesh Inventions,defensegrid
122852,,,,Lotus Petal,Masterpiece Series: Kaladesh Inventions,lotuspetal
122853,,,,Mana Vault,Masterpiece Series: Kaladesh Inventions,manavault
122855,,,,Mox Opal,Masterpiece Series: Kaladesh Inventions,moxopal
126292,,,,Pithing Needle,Masterpiece Series: Kaladesh Inventions,pithingneedle
126290,,,,Ornithopter,Masterpiece Series: Kaladesh Inventions,ornithopter
122860,,,,Sculpting Steel,Masterpiece Series: Kaladesh Inventions,sculptingsteel
122859,,,,Scroll Rack,Masterpiece Series: Kaladesh Inventions,scrollrack
126293,,,,Sphere of Resistance,Masterpiece Series: Kaladesh Inventions,sphereofresistance
122862,,,,Sol Ring,Masterpiece Series: Kaladesh Inventions,solring
126298,,,,Trinisphere,Masterpiece Series: Kaladesh Inventions,trinisphere
122221,3.63,3.99,3.73,Crop Rotation,Duel Decks: Nissa vs. Ob Nixilis,croprotation
121762,12.76,16.99,11.44,Birds of Paradise,Conspiracy: Take the Crown,birdsofparadise
121624,0.24,0.59,0.26,Exotic Orchard,Conspiracy: Take the Crown,exoticorchard
121874,0.32,0.35,0.15,Negate,Conspiracy: Take the Crown,negate
121628,1.5,1.29,0.7000000000000001,Sanctum Prelate,Conspiracy: Take the Crown,sanctumprelate
121767,5.4,,5.96,"Selvala, Heart of the Wilds",Conspiracy: Take the Crown,selvalaheartofthewilds
121168,,,,Cabal Ritual,From the Vault: Lore,cabalritual
121167,,,,Beseech the Queen,From the Vault: Lore,beseechthequeen
121178,,,,Obliterate,From the Vault: Lore,obliterate
120003,3.52,5.99,3.11,Eldritch Evolution,Eldritch Moon,eldritchevolution
120004,3.42,4.49,1.56,Geier Reach Sanitarium,Eldritch Moon,geierreachsanitarium
118424,8.88,7.99,4.16,Animate Dead,Eternal Masters,animatedead
118444,18.26,21.99,15.47,Ashnod's Altar,Eternal Masters,ashnodsaltar
118458,1.85,2.79,1.55,Brainstorm,Eternal Masters,brainstorm
118757,3.93,5.49,3.89,Carrion Feeder,Eternal Masters,carrionfeeder
118410,152.41,179.99,148.05,Chrome Mox,Eternal Masters,chromemox
118406,2.62,2.49,1.34,Daze,Eternal Masters,daze
118409,8.26,8.99,7.3100000000000005,Deathrite Shaman,Eternal Masters,deathriteshaman
118761,0.14,0.35,0.15,Duress,Eternal Masters,duress
118429,36.98,42.99,30.77,Enlightened Tutor,Eternal Masters,enlightenedtutor
118430,17.14,24.99,14.58,Entomb,Eternal Masters,entomb
117736,70.79,79.99,59.33,Force of Will,Eternal Masters,forceofwill
118415,17.22,22.99,17.69,Gamble,Eternal Masters,gamble
118463,30.25,37.99,34.12,Green Sun's Zenith,Eternal Masters,greensunszenith
118464,5.0,7.49,4.16,Hydroblast,Eternal Masters,hydroblast
118678,0.58,0.69,0.26,Llanowar Elves,Eternal Masters,llanowarelves
118432,0.29,0.39,0.23,Mishra's Factory,Eternal Masters,mishrasfactory
118447,19.72,22.99,16.2,Mystical Tutor,Eternal Masters,mysticaltutor
118676,1.1,1.29,0.64,Nature's Claim,Eternal Masters,naturesclaim
118476,36.66,37.99,30.37,Natural Order,Eternal Masters,naturalorder
118408,37.65,42.99,31.38,Necropotence,Eternal Masters,necropotence
118733,0.5,0.79,0.41000000000000003,Peregrine Drake,Eternal Masters,peregrinedrake
118587,12.06,16.99,9.73,Pyroblast,Eternal Masters,pyroblast
118699,4.19,3.99,2.62,Pyrokinesis,Eternal Masters,pyrokinesis
118421,44.3,49.99,43.29,Sensei's Divining Top,Eternal Masters,senseisdiviningtop
118607,1.78,2.99,1.4000000000000001,Swords to Plowshares,Eternal Masters,swordstoplowshares
118417,27.66,37.99,27.45,Sylvan Library,Eternal Masters,sylvanlibrary
118416,8.1,7.49,6.24,Toxic Deluge,Eternal Masters,toxicdeluge
118433,66.19,64.99,56.19,Vampiric Tutor,Eternal Masters,vampirictutor
118403,28.24,34.99,24.19,Wasteland,Eternal Masters,wasteland
116371,10.44,,10.98,Cryptolith Rite,Shadows over Innistrad,cryptolithrite
113263,2.14,2.49,0.92,Gravecrawler,Duel Decks: Blessed vs. Cursed,gravecrawler
113332,1.21,1.79,1.03,Tandem Lookout,Duel Decks: Blessed vs. Cursed,tandemlookout
110689,0.16,0.35,0.15,Crumbling Vestige,Oath of the Gatewatch,crumblingvestige
111039,0.23,0.49,0.15,Holdout Settlement,Oath of the Gatewatch,holdoutsettlement
110694,2.17,4.49,1.3,Mirrorpool,Oath of the Gatewatch,mirrorpool
111057,0.21,0.49,0.15,Negate,Oath of the Gatewatch,negate
108079,4.89,5.49,2.92,Basalt Monolith,Commander 2015,basaltmonolith
107908,1.42,2.99,1.6300000000000001,Brainstorm,Commander 2015,brainstorm
108116,0.4,0.79,0.31,Command Tower,Commander 2015,commandtower
107838,7.51,11.99,7.76,Command Beacon,Commander 2015,commandbeacon
107947,1.5,2.29,1.09,Eternal Witness,Commander 2015,eternalwitness
108089,1.17,1.99,1.03,Fellwar Stone,Commander 2015,fellwarstone
108141,1.25,1.79,0.56,Ghost Quarter,Commander 2015,ghostquarter
108094,0.28,0.79,0.26,Mind Stone,Commander 2015,mindstone
108015,0.58,1.79,0.75,Preordain,Commander 2015,preordain
108104,1.68,2.79,1.45,Sol Ring,Commander 2015,solring
108074,4.72,8.49,4.94,Windfall,Commander 2015,windfall
105594,0.38,0.39,0.2,Dispel,Battle for Zendikar,dispel
105272,0.38,0.49,0.15,Sylvan Scrying,Battle for Zendikar,sylvanscrying
110722,,,,Ancient Tomb,Zendikar Expeditions,ancienttomb
104306,,,,Arid Mesa,Zendikar Expeditions,aridmesa
105550,,,,Bloodstained Mire,Zendikar Expeditions,bloodstainedmire
105549,,,,Blood Crypt,Zendikar Expeditions,bloodcrypt
105551,,,,Breeding Pool,Zendikar Expeditions,breedingpool
104960,,,,Flooded Strand,Zendikar Expeditions,floodedstrand
104741,,,,Godless Shrine,Zendikar Expeditions,godlessshrine
104372,,,,Hallowed Fountain,Zendikar Expeditions,hallowedfountain
110728,,,,Forbidden Orchard,Zendikar Expeditions,forbiddenorchard
105552,,,,Marsh Flats,Zendikar Expeditions,marshflats
110733,,,,Mana Confluence,Zendikar Expeditions,manaconfluence
105018,,,,Misty Rainforest,Zendikar Expeditions,mistyrainforest
105553,,,,Overgrown Tomb,Zendikar Expeditions,overgrowntomb
105554,,,,Polluted Delta,Zendikar Expeditions,polluteddelta
104816,,,,Sacred Foundry,Zendikar Expeditions,sacredfoundry
105555,,,,Scalding Tarn,Zendikar Expeditions,scaldingtarn
105556,,,,Stomping Ground,Zendikar Expeditions,stompingground
110736,,,,Strip Mine,Zendikar Expeditions,stripmine
104307,,,,Steam Vents,Zendikar Expeditions,steamvents
105558,,,,Verdant Catacombs,Zendikar Expeditions,verdantcatacombs
105557,,,,Watery Grave,Zendikar Expeditions,waterygrave
110740,,,,Wasteland,Zendikar Expeditions,wasteland
104961,,,,Temple Garden,Zendikar Expeditions,templegarden
105560,,,,Wooded Foothills,Zendikar Expeditions,woodedfoothills
105559,,,,Windswept Heath,Zendikar Expeditions,windsweptheath
104250,0.3,0.99,0.26,Mind Stone,Duel Decks: Zendikar vs. Eldrazi,mindstone
100226,0.39,0.99,0.29,Battlefield Forge,Magic Origins,battlefieldforge
100099,2.72,6.49,2.22,Dark Petition,Magic Origins,darkpetition
100095,0.4,0.79,0.32,Displacement Wave,Magic Origins,displacementwave
100229,0.74,1.49,0.54,Llanowar Wastes,Magic Origins,llanowarwastes
100332,0.2,0.49,0.15,Negate,Magic Origins,negate
100227,0.5,0.99,0.37,Shivan Reef,Magic Origins,shivanreef
100230,0.44,0.79,0.25,Yavimaya Coast,Magic Origins,yavimayacoast
98643,1.87,2.49,1.03,Blinkmoth Nexus,Modern Masters 2015,blinkmothnexus
98810,0.17,0.35,0.15,Burst Lightning,Modern Masters 2015,burstlightning
98786,0.13,0.35,0.15,Deathmark,Modern Masters 2015,deathmark
98390,5.08,3.99,3.06,Dismember,Modern Masters 2015,dismember
98889,1.51,3.99,0.97,Expedition Map,Modern Masters 2015,expeditionmap
98760,0.11,0.49,0.15,Flashfreeze,Modern Masters 2015,flashfreeze
98817,5.14,7.99,4.15,Gut Shot,Modern Masters 2015,gutshot
98503,1.14,2.29,1.07,Lightning Bolt,Modern Masters 2015,lightningbolt
98395,234.22,329.99,218.82,Mox Opal,Modern Masters 2015,moxopal
98387,10.74,18.99,10.96,Noble Hierarch,Modern Masters 2015,noblehierarch
98646,2.9,5.49,2.37,Surgical Extraction,Modern Masters 2015,surgicalextraction
96554,0.07,0.39,0.15,Duress,Dragons of Tarkir,duress
96452,0.59,1.29,0.15,Gudul Lurker,Dragons of Tarkir,gudullurker
96647,0.12,0.35,0.15,Negate,Dragons of Tarkir,negate
96362,7.59,9.49,5.8,"Sidisi, Undead Vizier",Dragons of Tarkir,sidisiundeadvizier
95249,3.16,6.49,2.56,Temporal Trespass,Fate Reforged,temporaltrespass
95314,0.26,0.35,0.15,Wild Slash,Fate Reforged,wildslash
93574,5.01,7.49,4.63,Dark Ritual,Duel Decks: Anthology,darkritual
93773,2.35,2.99,2.41,Daze,Duel Decks: Anthology,daze
93575,74.75,74.99,60.89,Demonic Tutor,Duel Decks: Anthology,demonictutor
93578,0.44,0.49,0.17,Duress,Duel Decks: Anthology,duress
93790,2.87,7.49,2.96,Gush,Duel Decks: Anthology,gush
93649,0.57,0.69,0.34,Llanowar Elves,Duel Decks: Anthology,llanowarelves
93801,0.31,0.99,0.33,Mind Stone,Duel Decks: Anthology,mindstone
93603,1.45,1.49,1.11,Soot Imp,Duel Decks: Anthology,sootimp
93738,10.41,15.99,8.65,Snuff Out,Duel Decks: Anthology,snuffout
94334,1.2,2.79,1.02,Blasphemous Act,Commander 2014,blasphemousact
94449,0.55,1.49,0.63,Buried Ruin,Commander 2014,buriedruin
94336,0.7,1.29,0.47000000000000003,Chaos Warp,Commander 2014,chaoswarp
94263,32.79,39.99,30.16,Cyclonic Rift,Commander 2014,cyclonicrift
94452,7.78,8.99,6.24,Crystal Vein,Commander 2014,crystalvein
94356,0.57,0.99,0.52,Elvish Mystic,Commander 2014,elvishmystic
94465,0.62,1.29,0.4,Ghost Quarter,Commander 2014,ghostquarter
94225,19.01,21.99,16.86,Grand Abolisher,Commander 2014,grandabolisher
94339,23.88,32.99,24.18,Goblin Welder,Commander 2014,goblinwelder
94308,1.04,2.79,0.88,Gray Merchant of Asphodel,Commander 2014,graymerchantofasphodel
94466,3.3,4.49,2.95,Great Furnace,Commander 2014,greatfurnace
94468,0.39,0.99,0.25,Havenwood Battleground,Commander 2014,havenwoodbattleground
94132,12.73,16.99,10.78,Jet Medallion,Commander 2014,jetmedallion
94370,0.33,0.99,0.3,Llanowar Elves,Commander 2014,llanowarelves
94416,0.38,0.99,0.27,Mind Stone,Commander 2014,mindstone
94434,2.33,2.79,1.47,Sol Ring,Commander 2014,solring
94385,8.59,9.49,5.47,Sylvan Safekeeper,Commander 2014,sylvansafekeeper
94441,3.79,6.49,4.11,Thran Dynamo,Commander 2014,thrandynamo
93206,0.12,0.35,0.15,Cancel,Khans of Tarkir,cancel
92948,3.06,5.99,2.86,Clever Impersonator,Khans of Tarkir,cleverimpersonator
92830,17.79,24.99,17.830000000000002,Bloodstained Mire,Khans of Tarkir,bloodstainedmire
93157,0.1,0.39,0.15,Disdainful Stroke,Khans of Tarkir,disdainfulstroke
92828,14.69,22.99,12.85,Flooded Strand,Khans of Tarkir,floodedstrand
92983,0.3,0.69,0.15,Opulent Palace,Khans of Tarkir,opulentpalace
92829,19.82,29.99,18.61,Polluted Delta,Khans of Tarkir,polluteddelta
92832,11.5,16.99,10.18,Windswept Heath,Khans of Tarkir,windsweptheath
92831,16.76,24.99,16.42,Wooded Foothills,Khans of Tarkir,woodedfoothills
92936,2.94,4.49,2.95,Goblin Bombardment,Duel Decks: Speed vs. Cunning,goblinbombardment
92909,0.28,0.49,0.2,Lightning Helix,Duel Decks: Speed vs. Cunning,lightninghelix
92877,0.27,0.35,0.15,Shock,Duel Decks: Speed vs. Cunning,shock
91097,0.48,0.99,0.31,Battlefield Forge,Magic 2015 (M15),battlefieldforge
90893,0.07,0.35,0.15,Cancel,Magic 2015 (M15),cancel
91110,5.98,8.99,4.01,Chord of Calling,Magic 2015 (M15),chordofcalling
90945,0.39,1.29,0.26,Elvish Mystic,Magic 2015 (M15),elvishmystic
90858,1.4,1.29,0.3,Goblin Rabblemaster,Magic 2015 (M15),goblinrabblemaster
91099,0.63,1.79,0.64,Llanowar Wastes,Magic 2015 (M15),llanowarwastes
90910,0.2,0.35,0.15,Negate,Magic 2015 (M15),negate
90988,0.53,0.79,0.22,Ornithopter,Magic 2015 (M15),ornithopter
91089,0.24,0.59,0.21,Phyrexian Revoker,Magic 2015 (M15),phyrexianrevoker
91100,0.44,1.29,0.4,Shivan Reef,Magic 2015 (M15),shivanreef
91106,55.57,74.99,57.97,"Urborg, Tomb of Yawgmoth",Magic 2015 (M15),urborgtombofyawgmoth
91101,0.42,,0.29,Yavimaya Coast,Magic 2015 (M15),yavimayacoast
83147,20.36,27.99,17.18,Altar of Dementia,Conspiracy,altarofdementia
83156,2.54,2.79,1.55,Brainstorm,Conspiracy,brainstorm
82887,33.71,54.99,34.32,Exploration,Conspiracy,exploration
82890,11.76,18.99,11.93,Misdirection,Conspiracy,misdirection
83263,1.21,1.29,0.5700000000000001,Nature's Claim,Conspiracy,naturesclaim
83247,1.57,2.99,1.56,Swords to Plowshares,Conspiracy,swordstoplowshares
82733,21.38,19.99,15.68,City of Brass,Magic Modern Event Deck,cityofbrass
82753,6.01,4.99,3.35,Dismember,Magic Modern Event Deck,dismember
82754,0.21,0.35,0.17,Duress,Magic Modern Event Deck,duress
82755,0.6,1.29,0.31,Ghost Quarter,Magic Modern Event Deck,ghostquarter
82745,1.78,2.49,1.43,Path to Exile,Magic Modern Event Deck,pathtoexile
82735,0.41,0.49,0.4,Plains,Magic Modern Event Deck,plains
82736,0.75,0.49,0.96,Swamp,Magic Modern Event Deck,swamp
82243,0.62,1.29,0.45,Eidolon of Rhetoric,Journey Into Nyx,eidolonofrhetoric
82224,32.5,47.99,32.730000000000004,Mana Confluence,Journey Into Nyx,manaconfluence
79146,0.29,0.35,0.15,Retraction Helix,Born of the Gods,retractionhelix
78851,0.78,0.79,0.43,Spirit of the Labyrinth,Born of the Gods,spiritofthelabyrinth
78658,0.35,0.99,0.26,Springleaf Drum,Born of the Gods,springleafdrum
72052,4.39,5.49,3.54,Basalt Monolith,Commander 2013,basaltmonolith
72068,0.36,0.79,0.26,Command Tower,Commander 2013,commandtower
71518,10.09,8.49,6.19,"Derevi, Empyrial Tactician",Commander 2013,dereviempyrialtactician
71881,3.33,2.79,1.55,From the Ashes,Commander 2013,fromtheashes
72129,3.9,4.99,2.96,Goblin Bombardment,Commander 2013,goblinbombardment
72190,0.44,0.99,0.32,Molten Disaster,Commander 2013,moltendisaster
72272,1.66,2.99,1.44,Sol Ring,Commander 2013,solring
72308,15.24,23.99,13.42,Thousand-Year Elixir,Commander 2013,thousandyearelixir
71880,7.59,10.99,5.0,Toxic Deluge,Commander 2013,toxicdeluge
71315,0.19,0.35,0.15,Annul,Theros,annul
71316,0.37,0.99,0.32,Aqueous Form,Theros,aqueousform
71021,0.94,2.49,0.51,Gray Merchant of Asphodel,Theros,graymerchantofasphodel
71039,52.15,69.99,48.160000000000004,"Nykthos, Shrine to Nyx",Theros,nykthosshrinetonyx
71202,14.07,15.99,10.040000000000001,Swan Song,Theros,swansong
70954,2.22,3.99,2.08,Pyrokinesis,Duel Decks: Heroes vs. Monsters,pyrokinesis
71079,0.21,0.35,0.15,Pyroclasm,Duel Decks: Heroes vs. Monsters,pyroclasm
70784,,,,Fyndhorn Elves,From the Vault: Twenty,fyndhornelves
70793,,,,Green Sun's Zenith,From the Vault: Twenty,greensunszenith
70782,,,,Dark Ritual,From the Vault: Twenty,darkritual
70787,,,,Tangle Wire,From the Vault: Twenty,tanglewire
70783,,,,Swords to Plowshares,From the Vault: Twenty,swordstoplowshares
70786,,,,Thran Dynamo,From the Vault: Twenty,thrandynamo
69125,0.14,0.35,0.15,Cancel,Magic 2014 (M14),cancel
69976,0.17,0.35,0.15,Duress,Magic 2014 (M14),duress
69148,0.06,0.35,0.15,Essence Scatter,Magic 2014 (M14),essencescatter
69146,0.51,0.99,0.31,Elvish Mystic,Magic 2014 (M14),elvishmystic
69900,6.09,7.49,4.11,Mutavault,Magic 2014 (M14),mutavault
69962,0.39,0.35,0.15,Negate,Magic 2014 (M14),negate
69188,0.41,0.79,0.22,Scavenging Ooze,Magic 2014 (M14),scavengingooze
69198,0.16,0.35,0.15,Shock,Magic 2014 (M14),shock
69953,10.23,13.99,7.07,Silence,Magic 2014 (M14),silence
68256,4.12,4.99,3.13,Aether Vial,Modern Masters,aethervial
68289,9.0,6.99,4.15,Angel's Grace,Modern Masters,angelsgrace
68372,7.94,11.99,7.13,Blood Moon,Modern Masters,bloodmoon
68266,2.35,2.49,1.35,Blinkmoth Nexus,Modern Masters,blinkmothnexus
68444,15.79,24.99,15.540000000000001,Chalice of the Void,Modern Masters,chaliceofthevoid
68244,24.03,24.99,19.78,City of Brass,Modern Masters,cityofbrass
68375,6.34,7.49,4.3500000000000005,Desperate Ritual,Modern Masters,desperateritual
68297,6.08,5.49,3.71,Ethersworn Canonist,Modern Masters,ethersworncanonist
68402,2.26,2.79,1.6600000000000001,Eternal Witness,Modern Masters,eternalwitness
68321,5.7,5.99,5.28,Gifts Ungiven,Modern Masters,giftsungiven
68248,0.34,0.79,0.26,Grapeshot,Modern Masters,grapeshot
68425,19.76,18.99,16.52,Grand Arbiter Augustin IV,Modern Masters,grandarbiteraugustiniv
68268,2.24,2.29,1.45,Knight of the Reliquary,Modern Masters,knightofthereliquary
68427,0.36,0.59,0.3,Lightning Helix,Modern Masters,lightninghelix
68436,5.09,6.99,4.55,Manamorphose,Modern Masters,manamorphose
68274,0.55,1.49,0.51,Maelstrom Pulse,Modern Masters,maelstrompulse
68384,0.49,0.99,0.48,Molten Disaster,Modern Masters,moltendisaster
68326,1.29,1.49,0.45,Mothdust Changeling,Modern Masters,mothdustchangeling
68328,19.35,23.99,19.79,Pact of Negation,Modern Masters,pactofnegation
68449,10.54,11.99,7.96,Paradise Mantle,Modern Masters,paradisemantle
68306,1.37,2.49,1.34,Path to Exile,Modern Masters,pathtoexile
68363,1.28,1.99,1.22,Slaughter Pact,Modern Masters,slaughterpact
68334,2.26,0.99,0.87,Spell Snare,Modern Masters,spellsnare
68394,0.13,0.35,0.15,Sudden Shock,Modern Masters,suddenshock
68254,5.02,8.99,5.72,Summoner's Pact,Modern Masters,summonerspact
67963,0.3,0.59,0.15,Hidden Strings,Dragon's Maze,hiddenstrings
67944,1.81,2.79,1.02,Notion Thief,Dragon's Maze,notionthief
67898,0.52,0.79,0.39,Sire of Insanity,Dragon's Maze,sireofinsanity
67856,0.22,0.35,0.17,Pyroclasm,Duel Decks: Sorin vs. Tibalt,pyroclasm
67429,4.28,6.99,3.44,Blind Obedience,Gatecrash,blindobedience
67319,10.03,16.99,9.89,Breeding Pool,Gatecrash,breedingpool
67320,10.09,16.99,9.25,Godless Shrine,Gatecrash,godlessshrine
67321,10.12,16.99,10.4,Sacred Foundry,Gatecrash,sacredfoundry
67322,7.1,11.99,1.32,Stomping Ground,Gatecrash,stompingground
67323,11.42,17.99,8.99,Watery Grave,Gatecrash,waterygrave
67191,,,,Command Tower,Commander's Arsenal,commandtower
67184,,,,Chaos Warp,Commander's Arsenal,chaoswarp
67188,,,,Rhystic Study,Commander's Arsenal,rhysticstudy
67189,,,,Scroll Rack,Commander's Arsenal,scrollrack
67187,,,,Sylvan Library,Commander's Arsenal,sylvanlibrary
66457,1.94,2.99,1.23,Abrupt Decay,Return to Ravnica,abruptdecay
66533,0.23,0.35,0.15,Cancel,Return to Ravnica,cancel
66412,9.82,14.99,8.85,Blood Crypt,Return to Ravnica,bloodcrypt
66473,29.53,39.99,28.22,Cyclonic Rift,Return to Ravnica,cyclonicrift
66547,7.09,8.49,6.25,Deathrite Shaman,Return to Ravnica,deathriteshaman
66550,0.31,0.39,0.18,Dispel,Return to Ravnica,dispel
66415,8.33,11.99,7.84,Hallowed Fountain,Return to Ravnica,hallowedfountain
66505,0.39,0.79,0.23,Pithing Needle,Return to Ravnica,pithingneedle
66417,9.36,15.99,9.74,Overgrown Tomb,Return to Ravnica,overgrowntomb
66601,1.12,2.29,0.4,Rest in Peace,Return to Ravnica,restinpeace
66420,11.52,19.99,10.700000000000001,Steam Vents,Return to Ravnica,steamvents
66421,7.87,12.99,7.29,Temple Garden,Return to Ravnica,templegarden
66326,1.98,2.79,1.68,Brainstorm,Duel Decks: Izzet vs. Golgari,brainstorm
66350,3.47,3.99,3.0,Elves of Deep Shadow,Duel Decks: Izzet vs. Golgari,elvesofdeepshadow
66351,1.98,2.29,1.18,Eternal Witness,Duel Decks: Izzet vs. Golgari,eternalwitness
60129,,,,Ancient Tomb,From the Vault: Realms,ancienttomb
60130,,,,"Boseiju, Who Shelters All",From the Vault: Realms,boseijuwhosheltersall
60133,,,,Dryad Arbor,From the Vault: Realms,dryadarbor
60134,,,,Forbidden Orchard,From the Vault: Realms,forbiddenorchard
60142,,,,Vesuva,From the Vault: Realms,vesuva
60141,,,,"Urborg, Tomb of Yawgmoth",From the Vault: Realms,urborgtombofyawgmoth
60035,3.92,5.99,3.0100000000000002,Clock of Omens,Magic 2013 (M13),clockofomens
59964,0.18,0.35,0.15,Duress,Magic 2013 (M13),duress
59935,0.14,0.35,0.15,Essence Scatter,Magic 2013 (M13),essencescatter
59945,0.25,0.35,0.15,Negate,Magic 2013 (M13),negate
59835,7.03,10.99,5.94,Omniscience,Magic 2013 (M13),omniscience
59535,0.28,0.49,0.23,Auratouched Mage,Planechase 2012,auratouchedmage
59546,0.5,0.35,0.31,Cancel,Planechase 2012,cancel
59635,1.09,1.29,0.91,Exotic Orchard,Planechase 2012,exoticorchard
59550,4.18,1.79,2.41,Mistblade Shinobi,Planechase 2012,mistbladeshinobi
59552,0.83,0.99,0.61,Peregrine Drake,Planechase 2012,peregrinedrake
59565,0.91,0.99,0.66,Skullsnatcher,Planechase 2012,skullsnatcher
59566,3.62,2.99,4.67,Throat Slitter,Planechase 2012,throatslitter
58842,52.19,64.99,44.58,Cavern of Souls,Avacyn Restored,cavernofsouls
58177,4.71,7.49,3.64,Temporal Mastery,Avacyn Restored,temporalmastery
58267,0.98,1.49,0.8200000000000001,Tandem Lookout,Avacyn Restored,tandemlookout
58178,0.22,0.35,0.15,Wingcrafter,Avacyn Restored,wingcrafter
58096,2.32,3.99,1.57,Path to Exile,Duel Decks: Venser vs. Koth,pathtoexile
58100,0.83,2.29,0.51,Preordain,Duel Decks: Venser vs. Koth,preordain
57600,2.25,2.79,1.06,Gravecrawler,Dark Ascension,gravecrawler
57673,2.89,4.49,1.96,Grafdigger's Cage,Dark Ascension,grafdiggerscage
57666,26.4,37.99,21.06,"Mikaeus, the Unhallowed",Dark Ascension,mikaeustheunhallowed
57606,0.28,0.35,0.15,Strangleroot Geist,Dark Ascension,stranglerootgeist
57621,0.97,0.79,0.31,"Thalia, Guardian of Thraben",Dark Ascension,thaliaguardianofthraben
57244,,,,Animate Dead,Premium Deck Series: Graveborn,animatedead
57853,0.17,0.35,0.15,Young Wolf,Dark Ascension,youngwolf
57246,,,,Buried Alive,Premium Deck Series: Graveborn,buriedalive
57366,,,,Crystal Vein,Premium Deck Series: Graveborn,crystalvein
57382,,,,Duress,Premium Deck Series: Graveborn,duress
57248,,,,Entomb,Premium Deck Series: Graveborn,entomb
57376,,,,Reanimate,Premium Deck Series: Graveborn,reanimate
55902,1.52,3.49,1.0,Blasphemous Act,Innistrad,blasphemousact
55906,0.41,1.49,0.34,Avacyn's Pilgrim,Innistrad,avacynspilgrim
56245,0.69,1.79,0.52,Curiosity,Innistrad,curiosity
55910,4.84,7.99,4.11,Gavony Township,Innistrad,gavonytownship
52174,0.86,1.49,0.4,Ghost Quarter,Innistrad,ghostquarter
55979,1.47,2.79,1.22,Heartless Summoning,Innistrad,heartlesssummoning
56297,0.54,0.69,0.4,Infernal Plunge,Innistrad,infernalplunge
52206,15.59,19.99,14.16,Snapcaster Mage,Innistrad,snapcastermage
52103,0.44,0.39,0.25,Lightning Helix,Duel Decks: Ajani vs. Nicol Bolas,lightninghelix
48152,,,,"Sun Quan, Lord of Wu",From the Vault: Legends,sunquanlordofwu
47677,1.25,2.49,0.64,Adaptive Automaton,Magic 2012 (M12),adaptiveautomaton
47708,12.83,17.99,11.13,Birds of Paradise,Magic 2012 (M12),birdsofparadise
47710,0.67,0.69,0.29,Autumn's Veil,Magic 2012 (M12),autumnsveil
47637,0.55,1.29,0.42,Buried Ruin,Magic 2012 (M12),buriedruin
47212,0.21,0.35,0.15,Cancel,Magic 2012 (M12),cancel
47698,0.1,0.35,0.15,Deathmark,Magic 2012 (M12),deathmark
47201,1.21,1.49,0.61,Day of Judgment,Magic 2012 (M12),dayofjudgment
47689,0.11,0.49,0.15,Flashfreeze,Magic 2012 (M12),flashfreeze
47669,20.29,24.99,14.09,Grand Abolisher,Magic 2012 (M12),grandabolisher
47259,0.37,0.69,0.18,Llanowar Elves,Magic 2012 (M12),llanowarelves
47218,0.25,0.35,0.15,Negate,Magic 2012 (M12),negate
47629,4.43,6.99,4.15,Phantasmal Image,Magic 2012 (M12),phantasmalimage
47694,2.61,4.49,2.08,Ponder,Magic 2012 (M12),ponder
47249,0.04,0.35,0.15,Shock,Magic 2012 (M12),shock
47362,1.9,3.49,1.49,Brainstorm,Commander,brainstorm
47507,1.93,2.99,0.71,Buried Alive,Commander,buriedalive
47274,1.53,1.49,0.76,Chaos Warp,Commander,chaoswarp
46946,0.9,0.99,0.52,Command Tower,Commander,commandtower
47489,1.35,2.99,1.6500000000000001,Eternal Witness,Commander,eternalwitness
47456,2.56,3.49,2.29,Fellwar Stone,Commander,fellwarstone
47522,10.55,9.99,7.2,Flusterstorm,Commander,flusterstorm
47325,2.23,3.99,2.19,Path to Exile,Commander,pathtoexile
47528,0.39,0.99,0.37,Scavenging Ooze,Commander,scavengingooze
46942,1.84,2.79,1.74,Sol Ring,Commander,solring
46952,7.24,9.99,8.32,Stranglehold,Commander,stranglehold
47518,4.82,7.49,4.97,Windfall,Commander,windfall
39509,3.13,4.49,2.0300000000000002,Dismember,New Phyrexia,dismember
39521,3.99,4.99,3.34,Gitaxian Probe,New Phyrexia,gitaxianprobe
39528,5.18,8.49,4.17,Gut Shot,New Phyrexia,gutshot
39544,7.94,11.99,7.8100000000000005,Mindcrank,New Phyrexia,mindcrank
39543,8.62,10.99,6.86,Mental Misstep,New Phyrexia,mentalmisstep
39454,4.93,5.99,3.11,Phyrexian Metamorph,New Phyrexia,phyrexianmetamorph
39555,6.93,10.99,5.72,Noxious Revival,New Phyrexia,noxiousrevival
39423,11.03,16.99,9.25,Praetor's Grasp,New Phyrexia,praetorsgrasp
39452,4.19,4.99,2.07,Surgical Extraction,New Phyrexia,surgicalextraction
39593,5.61,8.49,4.67,Torpor Orb,New Phyrexia,torpororb
46826,,,,Knight of the Reliquary,Duel Decks: Knights vs. Dragons,knightofthereliquary
46871,15.5,15.99,12.09,Seething Song,Duel Decks: Knights vs. Dragons,seethingsong
39058,31.36,29.99,26.35,Consecrated Sphinx,Mirrodin Besieged,consecratedsphinx
39050,27.26,37.99,27.09,Green Sun's Zenith,Mirrodin Besieged,greensunszenith
39069,0.29,0.59,0.25,Phyrexian Revoker,Mirrodin Besieged,phyrexianrevoker
39139,0.42,0.99,0.32,Signal Pest,Mirrodin Besieged,signalpest
39101,0.35,0.69,0.25,Slagstorm,Mirrodin Besieged,slagstorm
38663,,,,Barbarian Ring,Premium Deck Series: Fire and Lightning,barbarianring
38681,,,,Lightning Bolt,Premium Deck Series: Fire and Lightning,lightningbolt
36340,2.09,2.99,1.82,Galvanic Blast,Scars of Mirrodin,galvanicblast
36237,2.98,2.79,1.01,Memnite,Scars of Mirrodin,memnite
36238,246.35,249.99,229.22,Mox Opal,Scars of Mirrodin,moxopal
36409,2.76,3.49,2.2600000000000002,Necrotic Ooze,Scars of Mirrodin,necroticooze
36957,0.29,0.79,0.27,Mishra's Factory,Duel Decks: Elspeth vs. Tezzeret,mishrasfactory
36970,1.61,2.29,0.91,Seat of the Synod,Duel Decks: Elspeth vs. Tezzeret,seatofthesynod
36979,1.54,2.29,1.56,Swords to Plowshares,Duel Decks: Elspeth vs. Tezzeret,swordstoplowshares
36756,,,,Aether Vial,From the Vault: Relics,aethervial
36767,,,,Sol Ring,From the Vault: Relics,solring
36765,,,,Mox Diamond,From the Vault: Relics,moxdiamond
35632,2.23,0.69,0.52,Autumn's Veil,Magic 2011 (M11),autumnsveil
35432,12.05,15.99,12.25,Birds of Paradise,Magic 2011 (M11),birdsofparadise
35610,0.07,0.35,0.15,Cancel,Magic 2011 (M11),cancel
35595,0.17,0.35,0.15,Deathmark,Magic 2011 (M11),deathmark
35586,1.69,1.29,0.67,Day of Judgment,Magic 2011 (M11),dayofjudgment
35597,0.24,0.35,0.15,Duress,Magic 2011 (M11),duress
35612,0.09,0.39,0.15,Flashfreeze,Magic 2011 (M11),flashfreeze
35567,0.86,1.49,0.51,Leyline of the Void,Magic 2011 (M11),leylineofthevoid
35436,0.36,0.69,0.2,Llanowar Elves,Magic 2011 (M11),llanowarelves
35427,1.15,2.29,0.66,Lightning Bolt,Magic 2011 (M11),lightningbolt
35403,0.15,0.49,0.15,Negate,Magic 2011 (M11),negate
35625,0.32,0.69,0.25,Ornithopter,Magic 2011 (M11),ornithopter
35529,0.63,1.79,0.41000000000000003,Preordain,Magic 2011 (M11),preordain
35652,0.29,0.35,0.19,Pyroclasm,Magic 2011 (M11),pyroclasm
35651,4.85,8.49,4.08,Pyretic Ritual,Magic 2011 (M11),pyreticritual
35573,31.43,32.99,27.57,Serra Ascendant,Magic 2011 (M11),serraascendant
35659,7.23,11.99,7.28,Silence,Magic 2011 (M11),silence
35627,3.73,5.99,2.6,Voltaic Key,Magic 2011 (M11),voltaickey
37202,1.39,3.99,1.44,Path to Exile,Archenemy,pathtoexile
37211,11.61,17.99,11.44,Reanimate,Archenemy,reanimate
37221,13.87,,11.5,Seething Song,Archenemy,seethingsong
37247,4.18,7.49,4.05,Thran Dynamo,Archenemy,thrandynamo
37261,0.33,0.99,0.33,Wall of Roots,Archenemy,wallofroots
34727,24.9,32.99,20.93,"Linvala, Keeper of Silence",Rise of the Eldrazi,linvalakeeperofsilence
34785,8.14,13.99,7.38,Training Grounds,Rise of the Eldrazi,traininggrounds
36853,4.56,5.49,3.74,Dark Ritual,Duel Decks: Phyrexia vs. the Coalition,darkritual
36848,4.66,6.49,3.75,Carrion Feeder,Duel Decks: Phyrexia vs. the Coalition,carrionfeeder
36911,4.73,5.99,3.5,Voltaic Key,Duel Decks: Phyrexia vs. the Coalition,voltaickey
34328,53.47,57.99,42.12,Amulet of Vigor,Worldwake,amuletofvigor
34359,0.52,0.69,0.2,Dispel,Worldwake,dispel
34405,1.26,1.29,0.6,Nature's Claim,Worldwake,naturesclaim
34423,1.71,0.69,0.41000000000000003,Ricochet Trap,Worldwake,ricochettrap
37691,9.78,15.99,9.4,Snuff Out,Duel Decks: Garruk vs. Liliana,snuffout
33252,38.03,44.99,33.61,Arid Mesa,Zendikar,aridmesa
33266,4.27,3.49,2.66,Bloodghast,Zendikar,bloodghast
33272,0.15,0.35,0.15,Cancel,Zendikar,cancel
33270,0.26,0.35,0.15,Burst Lightning,Zendikar,burstlightning
33265,20.0,27.99,14.58,Bloodchief Ascension,Zendikar,bloodchiefascension
33283,2.25,1.29,0.71,Day of Judgment,Zendikar,dayofjudgment
33294,1.42,3.99,1.0,Expedition Map,Zendikar,expeditionmap
33356,10.33,9.49,6.48,Lotus Cobra,Zendikar,lotuscobra
33369,15.46,20.99,13.13,Mindbreak Trap,Zendikar,mindbreaktrap
33372,38.12,47.99,37.160000000000004,Misty Rainforest,Zendikar,mistyrainforest
33365,32.42,44.99,27.73,Marsh Flats,Zendikar,marshflats
33417,41.55,54.99,39.87,Scalding Tarn,Zendikar,scaldingtarn
33433,0.5,0.49,0.26,Spell Pierce,Zendikar,spellpierce
33470,32.23,42.99,30.41,Verdant Catacombs,Zendikar,verdantcatacombs
37325,6.21,8.49,5.99,Beseech the Queen,Planechase,beseechthequeen
37351,4.93,6.49,3.9,Dark Ritual,Planechase,darkritual
37375,5.22,4.99,3.37,Great Furnace,Planechase,greatfurnace
37392,0.42,0.69,0.25,Lightning Helix,Planechase,lightninghelix
37430,1.5,2.29,0.91,Seat of the Synod,Planechase,seatofthesynod
32777,,,,Gifts Ungiven,From the Vault: Exiled,giftsungiven
32781,,,,Mystical Tutor,From the Vault: Exiled,mysticaltutor
32782,,,,Necropotence,From the Vault: Exiled,necropotence
32783,,,,Sensei's Divining Top,From the Vault: Exiled,senseisdiviningtop
32780,,,,Lotus Petal,From the Vault: Exiled,lotuspetal
32788,,,,Trinisphere,From the Vault: Exiled,trinisphere
32786,,,,Strip Mine,From the Vault: Exiled,stripmine
38347,,,,Birds of Paradise,Buy-A-Box Promos,birdsofparadise
38352,,,,Day of Judgment,Buy-A-Box Promos,dayofjudgment
190724,7.03,7.99,6.24,Flusterstorm,Buy-A-Box Promos,flusterstorm
91627,,,,Goblin Rabblemaster,Buy-A-Box Promos,goblinrabblemaster
151713,,,,Growing Rites of Itlimoc,Buy-A-Box Promos,growingritesofitlimoc
57662,,,,Gravecrawler,Buy-A-Box Promos,gravecrawler
228311,,,,Mana Confluence,Buy-A-Box Promos,manaconfluence
242407,,,,Sanctum Prelate,Buy-A-Box Promos,sanctumprelate
39441,,,,Surgical Extraction,Buy-A-Box Promos,surgicalextraction
594545,,,,Sol Ring,Buy-A-Box Promos,solring
32555,11.73,17.99,10.31,Birds of Paradise,Magic 2010 (M10),birdsofparadise
32565,0.1,0.35,0.15,Cancel,Magic 2010 (M10),cancel
32583,0.19,0.35,0.15,Deathmark,Magic 2010 (M10),deathmark
32598,0.18,0.39,0.15,Duress,Magic 2010 (M10),duress
32607,0.11,0.35,0.15,Essence Scatter,Magic 2010 (M10),essencescatter
32613,0.13,0.49,0.15,Flashfreeze,Magic 2010 (M10),flashfreeze
32656,1.62,2.49,0.52,Lightning Bolt,Magic 2010 (M10),lightningbolt
32660,0.27,0.69,0.23,Llanowar Elves,Magic 2010 (M10),llanowarelves
32682,0.18,0.39,0.15,Negate,Magic 2010 (M10),negate
32686,0.33,0.99,0.31,Ornithopter,Magic 2010 (M10),ornithopter
32692,0.57,0.99,0.48,Pithing Needle,Magic 2010 (M10),pithingneedle
32697,2.73,4.49,1.82,Ponder,Magic 2010 (M10),ponder
32701,0.2,0.39,0.18,Pyroclasm,Magic 2010 (M10),pyroclasm
32725,7.35,12.99,7.890000000000001,Silence,Magic 2010 (M10),silence
32748,6.55,9.49,5.61,Twincast,Magic 2010 (M10),twincast
79294,0.3,0.35,0.15,Cancel,Duels of the Planeswalkers,cancel
79299,0.34,0.35,0.17,Essence Scatter,Duels of the Planeswalkers,essencescatter
79304,0.39,0.49,0.2,Negate,Duels of the Planeswalkers,negate
79345,0.28,0.59,0.15,Shock,Duels of the Planeswalkers,shock
31768,1.43,2.29,0.53,Maelstrom Pulse,Alara Reborn,maelstrompulse
31822,7.17,11.99,8.08,Time Sieve,Alara Reborn,timesieve
31836,3.83,,3.17,Wargate,Alara Reborn,wargate
36805,5.03,5.49,4.08,Dark Ritual,Duel Decks: Divine vs. Demonic,darkritual
36810,0.25,0.49,0.25,Duress,Duel Decks: Divine vs. Demonic,duress
36807,69.02,89.99,73.46000000000001,Demonic Tutor,Duel Decks: Divine vs. Demonic,demonictutor
36835,1.55,0.59,0.88,Soot Imp,Duel Decks: Divine vs. Demonic,sootimp
28531,2.62,1.99,0.65,Exotic Orchard,Conflux,exoticorchard
28556,7.2,10.99,4.16,Kederekt Parasite,Conflux,kederektparasite
28557,2.13,2.29,1.52,Knight of the Reliquary,Conflux,knightofthereliquary
28585,2.57,3.49,1.61,Path to Exile,Conflux,pathtoexile
28579,13.47,17.99,10.69,Noble Hierarch,Conflux,noblehierarch
36998,2.42,3.49,1.85,Daze,Duel Decks: Jace vs. Chandra,daze
37015,2.57,6.49,,Gush,Duel Decks: Jace vs. Chandra,gush
37026,0.5,0.99,0.4,Mind Stone,Duel Decks: Jace vs. Chandra,mindstone
27601,21.91,20.99,10.42,Ad Nauseam,Shards of Alara,adnauseam
27629,0.06,0.35,0.15,Cancel,Shards of Alara,cancel
27666,5.66,5.99,4.11,Ethersworn Canonist,Shards of Alara,ethersworncanonist
27069,4.52,1.49,1.04,Banishing Knack,Eventide,banishingknack
27075,20.53,21.99,17.37,Bloom Tender,Eventide,bloomtender
27177,0.53,0.79,0.21,Patrol Signaler,Eventide,patrolsignaler
27205,1.72,0.69,0.71,Soot Imp,Eventide,sootimp
18572,5.18,6.49,4.5600000000000005,Beseech the Queen,Shadowmoor,beseechthequeen
18607,1.44,1.49,0.68,Devoted Druid,Shadowmoor,devoteddruid
18700,4.91,7.49,4.3,Manamorphose,Shadowmoor,manamorphose
17997,16.86,18.99,13.36,Idyllic Tutor,Morningtide,idyllictutor
18012,34.99,29.99,20.03,Maralen of the Mornsong,Morningtide,maralenofthemornsong
18020,0.59,1.49,0.2,Mothdust Changeling,Morningtide,mothdustchangeling
18023,8.77,9.99,4.25,Mutavault,Morningtide,mutavault
18024,0.27,0.35,0.2,Negate,Morningtide,negate
18055,54.72,69.99,47.93,Scapeshift,Morningtide,scapeshift
37734,0.3,0.69,0.28,Llanowar Elves,Duel Decks: Elves vs. Goblins,llanowarelves
15602,3.6,4.49,1.82,Ponder,Lorwyn,ponder
15638,0.88,0.99,0.29,Springleaf Drum,Lorwyn,springleafdrum
15657,16.33,27.99,14.84,Thousand-Year Elixir,Lorwyn,thousandyearelixir
15050,3.03,2.79,0.89,Battlefield Forge,10th Edition,battlefieldforge
15055,11.52,17.99,11.34,Birds of Paradise,10th Edition,birdsofparadise
15065,0.16,0.35,0.15,Cancel,10th Edition,cancel
15071,0.31,0.59,0.29,Chromatic Star,10th Edition,chromaticstar
15092,0.11,0.35,0.15,Deathmark,10th Edition,deathmark
15127,0.27,0.49,0.15,Flashfreeze,10th Edition,flashfreeze
15193,0.33,0.79,0.26,Llanowar Elves,10th Edition,llanowarelves
15195,3.12,6.49,2.93,Llanowar Wastes,10th Edition,llanowarwastes
15218,0.68,1.49,0.46,Mind Stone,10th Edition,mindstone
15237,0.72,1.79,0.7000000000000001,Ornithopter,10th Edition,ornithopter
15250,1.52,1.29,0.62,Pithing Needle,10th Edition,pithingneedle
15262,0.36,0.35,0.22,Pyroclasm,10th Edition,pyroclasm
15285,4.71,7.49,4.37,Root Maze,10th Edition,rootmaze
15298,1.56,3.99,2.6,Sculpting Steel,10th Edition,sculptingsteel
15310,2.79,5.99,2.91,Shivan Reef,10th Edition,shivanreef
15311,0.25,0.35,0.15,Shock,10th Edition,shock
15345,6.14,5.49,3.5700000000000003,Sulfurous Springs,10th Edition,sulfuroussprings
15353,1.03,0.79,0.46,Sylvan Scrying,10th Edition,sylvanscrying
15378,5.01,7.49,3.2800000000000002,Underground River,10th Edition,undergroundriver
15375,6.59,9.49,5.5,Twincast,10th Edition,twincast
15402,2.03,3.99,1.58,Yavimaya Coast,10th Edition,yavimayacoast
14850,2.0,0.99,0.8200000000000001,Aven Mindcensor,Future Sight,avenmindcensor
14877,4.87,5.99,4.73,Dryad Arbor,Future Sight,dryadarbor
14886,5.85,4.99,1.56,Fleshwrither,Future Sight,fleshwrither
14935,6.97,7.99,4.57,Magus of the Moon,Future Sight,magusofthemoon
14942,0.52,0.99,0.4,Molten Disaster,Future Sight,moltendisaster
14954,20.63,27.99,19.79,Pact of Negation,Future Sight,pactofnegation
14985,1.66,2.29,1.29,Slaughter Pact,Future Sight,slaughterpact
15001,7.96,9.99,4.99,Summoner's Pact,Future Sight,summonerspact
14707,0.23,0.39,0.15,Dead // Gone,Planar Chaos,deadgone
14741,7.77,13.99,8.33,Imp's Mischief,Planar Chaos,impsmischief
14809,3.16,4.49,3.11,Simian Spirit Guide,Planar Chaos,simianspiritguide
14830,59.4,84.99,58.27,"Urborg, Tomb of Yawgmoth",Planar Chaos,urborgtombofyawgmoth
14157,9.33,5.99,4.83,Angel's Grace,Time Spiral,angelsgrace
14175,0.09,0.35,0.15,Cancel,Time Spiral,cancel
14183,0.46,0.49,0.37,Chromatic Star,Time Spiral,chromaticstar
14244,50.65,84.99,52.97,Gemstone Caverns,Time Spiral,gemstonecaverns
14250,0.34,0.79,0.26,Grapeshot,Time Spiral,grapeshot
14311,10.56,15.99,10.09,Ophidian Eye,Time Spiral,ophidianeye
14362,0.62,1.29,0.3,Snapback,Time Spiral,snapback
14382,0.53,0.35,0.2,Sudden Shock,Time Spiral,suddenshock
14406,12.31,11.99,7.29,Trickbind,Time Spiral,trickbind
14418,5.45,5.99,3.7600000000000002,Vesuva,Time Spiral,vesuva
14598,4.41,6.49,2.94,Gemstone Mine,Timeshifted,gemstonemine
14669,0.56,1.49,0.4,Wall of Roots,Timeshifted,wallofroots
14017,9.6,10.99,5.88,Commandeer,Coldsnap,commandeer
14019,5.98,5.49,3.0700000000000003,Counterbalance,Coldsnap,counterbalance
14024,0.3,0.39,0.15,Deathmark,Coldsnap,deathmark
14032,0.4,0.49,0.25,Flashfreeze,Coldsnap,flashfreeze
14082,3.71,4.49,2.22,Mishra's Bauble,Coldsnap,mishrasbauble
14103,5.94,7.99,5.47,Rite of Flame,Coldsnap,riteofflame
14114,1.66,2.29,0.58,Snow-Covered Forest,Coldsnap,snowcoveredforest
14115,2.28,2.79,1.43,Snow-Covered Island,Coldsnap,snowcoveredisland
14118,1.72,1.29,0.45,Snow-Covered Swamp,Coldsnap,snowcoveredswamp
14116,1.32,1.49,0.65,Snow-Covered Mountain,Coldsnap,snowcoveredmountain
82377,1.31,,1.68,Brainstorm,Coldsnap Theme Deck Reprints,brainstorm
82392,4.51,6.49,3.87,Dark Ritual,Coldsnap Theme Deck Reprints,darkritual
82375,4.85,,4.55,Swords to Plowshares,Coldsnap Theme Deck Reprints,swordstoplowshares
82408,2.93,4.49,1.41,Tinder Wall,Coldsnap Theme Deck Reprints,tinderwall
13831,20.53,22.99,10.01,Blood Crypt,Dissension,bloodcrypt
13836,19.76,21.99,12.75,Breeding Pool,Dissension,breedingpool
13867,4.96,1.49,0.25,Ghost Quarter,Dissension,ghostquarter
13875,21.19,22.99,12.41,Hallowed Fountain,Dissension,hallowedfountain
13871,17.5,17.99,16.67,Grand Arbiter Augustin IV,Dissension,grandarbiteraugustiniv
13956,3.78,2.49,0.97,Spell Snare,Dissension,spellsnare
13699,16.33,18.99,11.46,Godless Shrine,Guildpact,godlessshrine
13726,3.94,3.99,0.75,Leyline of the Void,Guildpact,leylineofthevoid
13787,24.04,24.99,16.9,Steam Vents,Guildpact,steamvents
13790,14.2,17.99,9.370000000000001,Stomping Ground,Guildpact,stompingground
13807,0.33,0.39,0.16,Wild Cantor,Guildpact,wildcantor
13194,0.21,0.35,0.15,Auratouched Mage,Ravnica: City of Guilds,auratouchedmage
13200,13.77,18.99,12.05,Birds of Paradise,Ravnica: City of Guilds,birdsofparadise
13215,17.93,19.99,12.38,Breath of Fury,Ravnica: City of Guilds,breathoffury
13224,6.68,9.99,5.34,Chord of Calling,Ravnica: City of Guilds,chordofcalling
13241,2.41,2.79,0.63,Copy Enchantment,Ravnica: City of Guilds,copyenchantment
13253,0.23,0.35,0.15,Dimir House Guard,Ravnica: City of Guilds,dimirhouseguard
13265,0.57,0.79,0.23,Drift of Phantasms,Ravnica: City of Guilds,driftofphantasms
13259,2.63,2.49,1.21,Dizzy Spell,Ravnica: City of Guilds,dizzyspell
13270,2.66,3.99,2.27,Elves of Deep Shadow,Ravnica: City of Guilds,elvesofdeepshadow
13342,1.4,0.59,0.19,Lightning Helix,Ravnica: City of Guilds,lightninghelix
13359,1.66,2.99,1.6500000000000001,Muddle the Mixture,Ravnica: City of Guilds,muddlethemixture
13369,17.62,14.99,13.120000000000001,Overgrown Tomb,Ravnica: City of Guilds,overgrowntomb
13397,16.56,22.99,9.16,Sacred Foundry,Ravnica: City of Guilds,sacredfoundry
13417,1.64,0.79,0.36,Shred Memory,Ravnica: City of Guilds,shredmemory
13444,15.46,15.99,10.48,Temple Garden,Ravnica: City of Guilds,templegarden
13475,17.58,21.99,12.88,Watery Grave,Ravnica: City of Guilds,waterygrave
12579,3.75,2.49,1.68,Battlefield Forge,9th Edition,battlefieldforge
12588,6.91,11.99,7.04,Blood Moon,9th Edition,bloodmoon
12620,6.66,8.49,5.94,Defense Grid,9th Edition,defensegrid
12645,2.69,1.99,1.45,Fellwar Stone,9th Edition,fellwarstone
12720,0.35,0.69,0.25,Llanowar Elves,9th Edition,llanowarelves
12721,2.79,6.99,2.98,Llanowar Wastes,9th Edition,llanowarwastes
12756,0.75,1.79,0.66,Ornithopter,9th Edition,ornithopter
12774,0.22,0.39,0.25,Pyroclasm,9th Edition,pyroclasm
12819,4.08,5.49,2.82,Shivan Reef,9th Edition,shivanreef
12820,0.15,0.35,0.15,Shock,9th Edition,shock
12811,11.32,12.99,10.450000000000001,Seething Song,9th Edition,seethingsong
12826,0.41,0.49,0.17,Sleight of Hand,9th Edition,sleightofhand
12839,5.99,5.99,3.62,Sulfurous Springs,9th Edition,sulfuroussprings
12863,4.99,6.49,3.19,Underground River,9th Edition,undergroundriver
12895,2.17,4.99,2.18,Yavimaya Coast,9th Edition,yavimayacoast
12498,2.12,0.99,0.96,Oboro Breezecaller,Saviors of Kamigawa,oborobreezecaller
12509,4.35,3.49,1.44,Pithing Needle,Saviors of Kamigawa,pithingneedle
12554,7.14,9.99,5.94,Twincast,Saviors of Kamigawa,twincast
12249,13.49,,14.21,Disrupting Shoal,Betrayers of Kamigawa,disruptingshoal
12311,2.19,1.49,0.67,Mistblade Shinobi,Betrayers of Kamigawa,mistbladeshinobi
12356,0.66,0.59,0.15,Skullsnatcher,Betrayers of Kamigawa,skullsnatcher
12376,4.47,2.79,2.13,Throat Slitter,Betrayers of Kamigawa,throatslitter
11953,18.38,20.99,14.55,"Boseiju, Who Shelters All",Champions of Kamigawa,boseijuwhosheltersall
11981,27.55,39.99,20.740000000000002,Dosan the Falling Leaf,Champions of Kamigawa,dosanthefallingleaf
11976,5.72,7.99,4.18,Desperate Ritual,Champions of Kamigawa,desperateritual
11994,10.71,14.99,6.42,Forbidden Orchard,Champions of Kamigawa,forbiddenorchard
12001,9.33,7.99,5.21,Gifts Ungiven,Champions of Kamigawa,giftsungiven
12093,61.51,74.99,46.92,"Minamo, School at Water's Edge",Champions of Kamigawa,minamoschoolatwatersedge
12165,18.56,23.99,16.23,"Shinka, the Bloodsoaked Keep",Champions of Kamigawa,shinkathebloodsoakedkeep
12160,46.89,59.99,32.82,Sensei's Divining Top,Champions of Kamigawa,senseisdiviningtop
11783,0.49,0.69,0.22,Battered Golem,Fifth Dawn,batteredgolem
11787,5.61,5.99,3.12,Clock of Omens,Fifth Dawn,clockofomens
11774,3.66,2.79,1.04,Eternal Witness,Fifth Dawn,eternalwitness
11802,19.08,19.99,14.19,Grinding Station,Fifth Dawn,grindingstation
11816,11.98,12.99,8.28,Paradise Mantle,Fifth Dawn,paradisemantle
11608,4.69,5.49,2.82,Aether Vial,Darksteel,aethervial
11701,2.99,3.49,1.55,Blinkmoth Nexus,Darksteel,blinkmothnexus
11691,0.26,0.35,0.18,Reap and Sow,Darksteel,reapandsow
11660,29.56,54.99,30.95,Trinisphere,Darksteel,trinisphere
11352,0.32,0.59,0.15,Annul,Mirrodin,annul
11465,15.73,29.99,12.48,Chalice of the Void,Mirrodin,chaliceofthevoid
11467,176.05,159.99,149.89000000000001,Chrome Mox,Mirrodin,chromemox
11312,2.63,4.99,1.8900000000000001,Great Furnace,Mirrodin,greatfurnace
11535,0.93,2.79,0.36,Ornithopter,Mirrodin,ornithopter
11548,1.74,3.99,2.08,Sculpting Steel,Mirrodin,sculptingsteel
11310,1.12,1.99,0.62,Seat of the Synod,Mirrodin,seatofthesynod
11423,14.92,13.99,8.120000000000001,Seething Song,Mirrodin,seethingsong
11447,0.75,0.69,0.35000000000000003,Sylvan Scrying,Mirrodin,sylvanscrying
11563,4.49,3.99,2.56,Talisman of Indulgence,Mirrodin,talismanofindulgence
11564,1.29,0.99,0.53,Talisman of Progress,Mirrodin,talismanofprogress
11561,2.54,2.99,1.19,Talisman of Dominance,Mirrodin,talismanofdominance
10856,11.07,13.99,5.26,Brain Freeze,Scourge,brainfreeze
10885,4.78,5.49,3.63,Carrion Feeder,Scourge,carrionfeeder
11193,14.11,17.99,12.86,Birds of Paradise,8th Edition,birdsofparadise
11138,7.99,11.99,6.5200000000000005,Blood Moon,8th Edition,bloodmoon
11282,20.52,22.99,14.96,City of Brass,8th Edition,cityofbrass
11032,0.94,1.79,0.67,Curiosity,8th Edition,curiosity
11256,6.54,9.99,6.19,Defense Grid,8th Edition,defensegrid
11164,3.51,3.99,2.96,Obliterate,8th Edition,obliterate
11170,0.22,0.35,0.25,Pyroclasm,8th Edition,pyroclasm
11182,0.34,0.35,0.15,Shock,8th Edition,shock
10746,1.06,0.99,0.43,Blood Celebrant,Legions,bloodcelebrant
10500,80.99,119.99,51.78,Bloodstained Mire,Onslaught,bloodstainedmire
10340,10.36,10.99,6.96,Chain of Smog,Onslaught,chainofsmog
10327,13.35,16.99,9.700000000000001,Chain of Vapor,Onslaught,chainofvapor
10493,117.04,119.99,72.94,Flooded Strand,Onslaught,floodedstrand
10484,125.89,129.99,83.23,Polluted Delta,Onslaught,polluteddelta
10610,0.18,0.35,0.15,Shock,Onslaught,shock
10326,0.28,0.59,0.19,Trickery Charm,Onslaught,trickerycharm
10475,88.81,89.99,66.59,Windswept Heath,Onslaught,windsweptheath
10473,114.83,159.99,89.95,Wooded Foothills,Onslaught,woodedfoothills
10221,12.17,12.99,9.69,Balthor the Defiled,Judgment,balthorthedefiled
10244,6.01,9.99,5.73,Dwarven Bloodboiler,Judgment,dwarvenbloodboiler
10246,0.24,0.39,0.16,Dwarven Scorcher,Judgment,dwarvenscorcher
10255,0.27,0.35,0.19,Liberated Dwarf,Judgment,liberateddwarf
10293,15.45,19.99,11.97,Sylvan Safekeeper,Judgment,sylvansafekeeper
9616,13.16,18.99,11.88,Cabal Ritual,Torment,cabalritual
9626,1.62,1.49,0.4,"Chainer, Dementia Master",Torment,chainerdementiamaster
9694,0.33,0.35,0.18,Enslaved Dwarf,Torment,enslaveddwarf
9748,14.84,13.99,14.99,Insidious Dreams,Torment,insidiousdreams
79617,4.54,4.99,4.39,Dark Ritual,Deckmasters Garfield vs Finkel,darkritual
79639,2.58,4.49,3.43,Fyndhorn Elves,Deckmasters Garfield vs Finkel,fyndhornelves
79620,,,,Necropotence,Deckmasters Garfield vs Finkel,necropotence
79632,0.64,1.79,0.5,Pyroclasm,Deckmasters Garfield vs Finkel,pyroclasm
79654,6.6,11.99,3.5,Underground River,Deckmasters Garfield vs Finkel,undergroundriver
79653,8.29,9.99,7.57,Sulfurous Springs,Deckmasters Garfield vs Finkel,sulfuroussprings
9588,2.75,3.99,2.06,Barbarian Ring,Odyssey,barbarianring
9393,2.68,2.49,1.45,Buried Alive,Odyssey,buriedalive
9591,1.38,1.49,0.89,Centaur Garden,Odyssey,centaurgarden
9595,7.02,8.99,4.2,Deserted Temple,Odyssey,desertedtemple
9460,0.28,0.39,0.25,Dwarven Grunt,Odyssey,dwarvengrunt
9407,26.63,29.99,17.1,Entomb,Odyssey,entomb
9497,2.52,3.49,2.07,Spark Mage,Odyssey,sparkmage
9439,39.7,47.99,30.42,Tainted Pact,Odyssey,taintedpact
9604,18.74,17.99,7.22,Tarnished Citadel,Odyssey,tarnishedcitadel
7912,11.19,9.99,8.01,Battlefield Forge,Apocalypse,battlefieldforge
7914,0.29,0.39,0.22,Bloodfire Dwarf,Apocalypse,bloodfiredwarf
7988,32.91,29.99,17.92,Llanowar Wastes,Apocalypse,llanowarwastes
8025,32.45,23.99,18.21,Shivan Reef,Apocalypse,shivanreef
8052,32.98,34.99,19.79,Yavimaya Coast,Apocalypse,yavimayacoast
2831,18.93,27.99,,Birds of Paradise,7th Edition,birdsofparadise
2835,0.51,1.49,0.37,Blood Pet,7th Edition,bloodpet
2853,32.31,37.99,20.240000000000002,City of Brass,7th Edition,cityofbrass
2878,0.54,0.69,0.19,Duress,7th Edition,duress
2900,17.8,16.99,14.59,Final Fortune,7th Edition,finalfortune
2975,0.37,0.79,0.19,Llanowar Elves,7th Edition,llanowarelves
3036,0.53,1.49,0.48,Pyroclasm,7th Edition,pyroclasm
3078,0.25,0.35,0.15,Shock,7th Edition,shock
3082,0.48,0.79,0.21,Sleight of Hand,7th Edition,sleightofhand
3105,6.68,5.99,2.93,Sulfurous Springs,7th Edition,sulfuroussprings
3130,10.43,9.99,6.61,Underground River,7th Edition,undergroundriver
7783,24.3,32.99,21.14,Diabolic Intent,Planeshift,diabolicintent
7792,12.36,17.99,9.370000000000001,Eladamri's Call,Planeshift,eladamriscall
7842,22.98,29.99,15.42,Orim's Chant,Planeshift,orimschant
7570,4.04,6.49,2.65,Obliterate,Invasion,obliterate
7572,1.22,1.49,0.52,Opt,Invasion,opt
37465,1.84,3.99,2.24,Brainstorm,Beatdown Box Set,brainstorm
37474,8.08,4.99,3.49,Dark Ritual,Beatdown Box Set,darkritual
37494,0.32,0.79,0.37,Havenwood Battleground,Beatdown Box Set,havenwoodbattleground
37503,2.1,3.99,1.8800000000000001,Lightning Bolt,Beatdown Box Set,lightningbolt
37504,1.98,0.79,0.93,Llanowar Elves,Beatdown Box Set,llanowarelves
37520,0.39,0.59,0.23,Shock,Beatdown Box Set,shock
7357,62.91,74.99,46.68,Rhystic Study,Prophecy,rhysticstudy
7142,3.94,2.79,1.74,Daze,Nemesis,daze
7183,0.87,1.99,0.5,Mogg Salvage,Nemesis,moggsalvage
7251,35.26,32.99,22.45,Tangle Wire,Nemesis,tanglewire
7250,7.23,5.99,3.69,Submerge,Nemesis,submerge
37558,4.41,5.99,3.18,Dark Ritual,Battle Royale Box Set,darkritual
37581,1.63,0.99,0.78,Llanowar Elves,Battle Royale Box Set,llanowarelves
37601,13.85,21.99,12.02,Reanimate,Battle Royale Box Set,reanimate
37629,3.87,,2.98,Swords to Plowshares,Battle Royale Box Set,swordstoplowshares
37644,5.85,,5.61,Windfall,Battle Royale Box Set,windfall
6445,3.71,3.99,1.8900000000000001,Brainstorm,Mercadian Masques,brainstorm
6461,14.33,20.99,10.540000000000001,Cave-In,Mercadian Masques,cavein
6495,4.69,4.99,2.0300000000000002,Dark Ritual,Mercadian Masques,darkritual
6529,53.01,42.99,37.22,Food Chain,Mercadian Masques,foodchain
6547,5.1,5.49,2.5100000000000002,Gush,Mercadian Masques,gush
6553,4.16,4.49,3.0100000000000002,Hickory Woodlot,Mercadian Masques,hickorywoodlot
6609,49.72,44.99,31.71,Misdirection,Mercadian Masques,misdirection
6703,7.1,12.99,5.67,Snuff Out,Mercadian Masques,snuffout
6260,5.4,9.49,3.99,Thran Dynamo,Urza's Destiny,thrandynamo
476,130.38,179.99,145.66,Imperial Recruiter,Portal Three Kingdoms,imperialrecruiter
477,857.49,,,Imperial Seal,Portal Three Kingdoms,imperialseal
544,64.14,84.99,68.77,"Sun Quan, Lord of Wu",Portal Three Kingdoms,sunquanlordofwu
558,158.14,399.99,328.11,Warrior's Oath,Portal Three Kingdoms,warriorsoath
2481,15.72,18.99,11.83,Birds of Paradise,Classic Sixth Edition,birdsofparadise
2478,14.69,19.99,11.88,Ashnod's Altar,Classic Sixth Edition,ashnodsaltar
2485,1.84,1.49,0.46,Blood Pet,Classic Sixth Edition,bloodpet
2506,22.68,24.99,19.240000000000002,City of Brass,Classic Sixth Edition,cityofbrass
2514,5.29,8.99,4.04,Crystal Vein,Classic Sixth Edition,crystalvein
2515,3.82,7.49,3.63,Cursed Totem,Classic Sixth Edition,cursedtotem
2528,9.0,6.49,5.19,Doomsday,Classic Sixth Edition,doomsday
2546,37.16,44.99,32.02,Enlightened Tutor,Classic Sixth Edition,enlightenedtutor
2559,15.49,15.99,14.58,Final Fortune,Classic Sixth Edition,finalfortune
2600,0.32,0.99,0.27,Havenwood Battleground,Classic Sixth Edition,havenwoodbattleground
2639,0.41,0.69,0.25,Llanowar Elves,Classic Sixth Edition,llanowarelves
2663,18.16,24.99,16.67,Mystical Tutor,Classic Sixth Edition,mysticaltutor
2671,0.38,1.49,0.35000000000000003,Ornithopter,Classic Sixth Edition,ornithopter
2733,0.16,0.35,0.15,Shock,Classic Sixth Edition,shock
2754,4.14,6.99,2.6,Sulfurous Springs,Classic Sixth Edition,sulfuroussprings
2778,6.88,10.99,7.53,Underground River,Classic Sixth Edition,undergroundriver
2783,67.02,74.99,62.52,Vampiric Tutor,Classic Sixth Edition,vampirictutor
2804,25.42,37.99,25.0,Worldly Tutor,Classic Sixth Edition,worldlytutor
316,104.08,94.99,57.160000000000004,Grim Tutor,Starter 1999,grimtutor
330,5.26,14.99,8.75,Last Chance,Starter 1999,lastchance
381,1.42,3.99,1.19,Sleight of Hand,Starter 1999,sleightofhand
6300,16.72,13.99,11.38,Defense Grid,Urza's Legacy,defensegrid
6293,0.85,1.29,0.52,Cloud of Faeries,Urza's Legacy,cloudoffaeries
6295,3.81,4.99,3.09,Crop Rotation,Urza's Legacy,croprotation
6321,37.21,44.99,30.92,Goblin Welder,Urza's Legacy,goblinwelder
6323,470.23,549.99,338.65000000000003,Grim Monolith,Urza's Legacy,grimmonolith
6389,4.38,5.49,3.37,Snap,Urza's Legacy,snap
79561,2.82,5.99,1.04,Lightning Bolt,Anthologies,lightningbolt
79596,0.5,0.69,0.36,Llanowar Elves,Anthologies,llanowarelves
79544,3.27,4.99,2.6,Pyrokinesis,Anthologies,pyrokinesis
79585,4.73,7.49,1.87,Swords to Plowshares,Anthologies,swordstoplowshares
79533,20.07,18.99,17.59,Strip Mine,Anthologies,stripmine
6782,2.69,2.49,1.74,Annul,Urza's Saga,annul
6809,6.0,6.49,2.98,Carpet of Flowers,Urza's Saga,carpetofflowers
6825,17.7,21.99,12.75,Contamination,Urza's Saga,contamination
6836,4.51,4.49,2.33,Dark Ritual,Urza's Saga,darkritual
6853,3.57,4.49,1.87,Duress,Urza's Saga,duress
6865,70.87,94.99,40.62,Exploration,Urza's Saga,exploration
6883,1622.57,2299.99,1087.74,Gaea's Cradle,Urza's Saga,gaeascradle
6885,27.84,29.99,19.6,Gamble,Urza's Saga,gamble
6970,1.69,1.79,0.41000000000000003,Peregrine Drake,Urza's Saga,peregrinedrake
6976,49.18,74.99,44.78,Phyrexian Tower,Urza's Saga,phyrexiantower
6992,9.7,9.99,7.28,Rain of Filth,Urza's Saga,rainoffilth
7040,2.33,1.49,0.76,Skirge Familiar,Urza's Saga,skirgefamiliar
7100,7.58,7.49,3.9,Voltaic Key,Urza's Saga,voltaickey
7110,5.45,9.49,4.14,Windfall,Urza's Saga,windfall
7118,245.26,279.99,171.93,Yawgmoth's Will,Urza's Saga,yawgmothswill
4303,538.42,649.99,435.06,City of Traitors,Exodus,cityoftraitors
4309,2.1,1.99,1.11,Curiosity,Exodus,curiosity
4307,7.55,11.99,5.72,Culling the Weak,Exodus,cullingtheweak
4410,30.89,39.99,22.87,Sphere of Resistance,Exodus,sphereofresistance
4416,396.95,549.99,304.40000000000003,Survival of the Fittest,Exodus,survivalofthefittest
212,12.5,19.99,5.78,Sleight of Hand,Portal Second Age,sleightofhand
5382,1139.92,1499.99,928.48,Mox Diamond,Stronghold,moxdiamond
5405,0.25,0.49,0.15,Shock,Stronghold,shock
5457,127.73,149.99,114.62,Ancient Tomb,Tempest,ancienttomb
5454,26.48,29.99,19.14,Altar of Dementia,Tempest,altarofdementia
5471,0.92,1.79,0.72,Blood Pet,Tempest,bloodpet
5508,4.4,4.49,2.17,Dark Ritual,Tempest,darkritual
5529,256.07,349.99,195.11,Earthcraft,Tempest,earthcraft
5574,5.02,5.99,2.08,Goblin Bombardment,Tempest,goblinbombardment
5593,358.35,499.99,268.59000000000003,Intuition,Tempest,intuition
5600,26.64,24.99,12.5,Jet Medallion,Tempest,jetmedallion
5615,34.1,44.99,27.310000000000002,Lotus Petal,Tempest,lotuspetal
5684,15.06,17.99,12.620000000000001,Reanimate,Tempest,reanimate
5693,6.41,9.49,4.1,Root Maze,Tempest,rootmaze
5714,35.53,54.99,36.550000000000004,Scroll Rack,Tempest,scrollrack
5753,8.33,5.99,6.24,Steal Enchantment,Tempest,stealenchantment
5789,55.01,64.99,34.33,Wasteland,Tempest,wasteland
5998,3.12,4.49,1.87,Buried Alive,Weatherlight,buriedalive
6014,8.59,10.99,6.25,Doomsday,Weatherlight,doomsday
6027,53.58,57.99,35.99,Firestorm,Weatherlight,firestorm
6036,12.84,12.99,5.51,Gemstone Mine,Weatherlight,gemstonemine
6067,1.88,1.49,0.8200000000000001,Mind Stone,Weatherlight,mindstone
6076,113.7,129.99,88.55,Null Rod,Weatherlight,nullrod
709,10.84,13.99,8.700000000000001,Last Chance,Portal,lastchance
730,27.57,39.99,28.35,Natural Order,Portal,naturalorder
751,9.48,15.99,9.84,Pyroclasm,Portal,pyroclasm
2022,9.81,8.49,6.05,Animate Dead,Fifth Edition,animatedead
2030,14.38,19.99,14.64,Ashnod's Altar,Fifth Edition,ashnodsaltar
2045,14.31,19.99,11.64,Birds of Paradise,Fifth Edition,birdsofparadise
2057,2.13,2.99,1.67,Brainstorm,Fifth Edition,brainstorm
2077,25.17,22.99,13.51,City of Brass,Fifth Edition,cityofbrass
2099,4.57,4.99,2.08,Dark Ritual,Fifth Edition,darkritual
2144,3.77,2.99,1.8800000000000001,Fellwar Stone,Fifth Edition,fellwarstone
2188,0.34,0.79,0.25,Havenwood Battleground,Fifth Edition,havenwoodbattleground
2204,8.26,7.99,3.64,Hydroblast,Fifth Edition,hydroblast
2258,0.45,0.69,0.26,Llanowar Elves,Fifth Edition,llanowarelves
2267,97.5,109.99,93.36,Mana Vault,Fifth Edition,manavault
2290,36.75,44.99,40.410000000000004,Necropotence,Fifth Edition,necropotence
2304,0.42,0.99,0.36,Ornithopter,Fifth Edition,ornithopter
2332,9.86,13.99,8.700000000000001,Pyroblast,Fifth Edition,pyroblast
2391,4.18,8.49,3.11,Sulfurous Springs,Fifth Edition,sulfuroussprings
2397,29.16,37.99,26.51,Sylvan Library,Fifth Edition,sylvanlibrary
2417,7.59,11.99,5.76,Underground River,Fifth Edition,undergroundriver
2424,6.49,9.49,7.05,Urza's Bauble,Fifth Edition,urzasbauble
5814,24.52,22.99,14.58,City of Solitude,Visions,cityofsolitude
5834,0.34,0.39,0.2,Emerald Charm,Visions,emeraldcharm
5889,41.08,47.99,31.7,Natural Order,Visions,naturalorder
5890,17.85,23.99,15.66,Necromancy,Visions,necromancy
5899,1.75,2.79,0.8300000000000001,Phyrexian Walker,Visions,phyrexianwalker
5954,76.09,69.99,61.45,Vampiric Tutor,Visions,vampirictutor
282281,10.89,,8.96,Dark Ritual,Introductory Two-Player Set,darkritual
5020,9.79,12.99,7.29,Cursed Totem,Mirage,cursedtotem
5019,9.36,9.49,5.21,Crystal Vein,Mirage,crystalvein
5024,3.71,4.49,2.08,Dark Ritual,Mirage,darkritual
5051,36.89,47.99,30.55,Enlightened Tutor,Mirage,enlightenedtutor
5063,21.05,18.99,13.32,Final Fortune,Mirage,finalfortune
5129,816.91,899.99,750.24,Lion's Eye Diamond,Mirage,lionseyediamond
5159,18.3,22.99,15.07,Mystical Tutor,Mirage,mysticaltutor
5226,99.75,159.99,104.2,Shallow Grave,Mirage,shallowgrave
5291,0.5,0.99,0.2,Wall of Roots,Mirage,wallofroots
5300,35.65,42.99,24.22,Worldly Tutor,Mirage,worldlytutor
4131,5.21,4.99,2.91,Elvish Spirit Guide,Alliances,elvishspiritguide
4146,75.01,94.99,59.09,Force of Will,Alliances,forceofwill
4217,4.94,4.99,2.62,Pyrokinesis,Alliances,pyrokinesis
4486,0.34,0.39,0.15,Dwarven Trader,Homelands,dwarventrader
4617,1.41,1.29,0.77,Burnt Offering,Ice Age,burntoffering
4611,2.17,3.49,1.45,Brainstorm,Ice Age,brainstorm
4639,16.48,18.99,9.97,Dance of the Dead,Ice Age,danceofthedead
4641,4.99,4.49,2.08,Dark Ritual,Ice Age,darkritual
4644,8.45,8.99,5.21,Demonic Consultation,Ice Age,demonicconsultation
4694,3.02,4.49,1.05,Fyndhorn Elves,Ice Age,fyndhornelves
4727,4.16,6.99,2.66,Hydroblast,Ice Age,hydroblast
4751,8.69,9.49,4.28,Jeweled Amulet,Ice Age,jeweledamulet
4819,50.54,49.99,39.550000000000004,Necropotence,Ice Age,necropotence
4815,9.16,11.99,7.05,Mystic Remora,Ice Age,mysticremora
4849,3.51,3.99,1.28,Pyroclasm,Ice Age,pyroclasm
4848,7.91,12.99,8.040000000000001,Pyroblast,Ice Age,pyroblast
4881,3.47,3.99,1.6400000000000001,Snow-Covered Island,Ice Age,snowcoveredisland
4880,3.14,1.99,0.93,Snow-Covered Forest,Ice Age,snowcoveredforest
4882,1.92,1.79,0.78,Snow-Covered Mountain,Ice Age,snowcoveredmountain
4884,2.39,1.99,0.8300000000000001,Snow-Covered Swamp,Ice Age,snowcoveredswamp
4907,18.81,18.99,9.34,Sulfurous Springs,Ice Age,sulfuroussprings
4912,13.15,16.99,6.0600000000000005,Swords to Plowshares,Ice Age,swordstoplowshares
4925,33.78,24.99,14.66,Underground River,Ice Age,undergroundriver
4927,8.72,11.99,5.26,Urza's Bauble,Ice Age,urzasbauble
4919,1.76,0.99,0.5,Tinder Wall,Ice Age,tinderwall
3368,8.33,11.99,6.68,Blood Moon,Chronicles,bloodmoon
3360,15.26,16.99,11.97,Ashnod's Altar,Chronicles,ashnodsaltar
3376,34.79,37.99,21.06,City of Brass,Chronicles,cityofbrass
1643,8.03,7.99,4.68,Animate Dead,Fourth Edition,animatedead
1659,17.1,21.99,12.34,Birds of Paradise,Fourth Edition,birdsofparadise
1667,1.49,1.29,0.59,Blue Elemental Blast,Fourth Edition,blueelementalblast
1712,3.32,4.49,1.56,Dark Ritual,Fourth Edition,darkritual
1747,3.18,2.99,1.56,Fellwar Stone,Fourth Edition,fellwarstone
1828,0.62,0.79,0.2,Llanowar Elves,Fourth Edition,llanowarelves
1825,1.95,2.29,0.52,Lightning Bolt,Fourth Edition,lightningbolt
1839,96.9,119.99,75.02,Mana Vault,Fourth Edition,manavault
1849,9.21,11.99,4.14,Mishra's Factory,Fourth Edition,mishrasfactory
1867,0.41,0.99,0.26,Ornithopter,Fourth Edition,ornithopter
1898,3.44,4.99,2.96,Red Elemental Blast,Fourth Edition,redelementalblast
1944,6.65,6.49,2.7,Swords to Plowshares,Fourth Edition,swordstoplowshares
1938,17.42,19.99,13.540000000000001,Strip Mine,Fourth Edition,stripmine
1945,34.57,37.99,27.07,Sylvan Library,Fourth Edition,sylvanlibrary
109485,,,,Animate Dead,Fourth Edition (Foreign Black Border),animatedead
109369,,,,Birds of Paradise,Fourth Edition (Foreign Black Border),birdsofparadise
109231,,,17.09,Blue Elemental Blast,Fourth Edition (Foreign Black Border),blueelementalblast
109245,,,,Dark Ritual,Fourth Edition (Foreign Black Border),darkritual
109522,,,,Fellwar Stone,Fourth Edition (Foreign Black Border),fellwarstone
109287,,,20.82,Llanowar Elves,Fourth Edition (Foreign Black Border),llanowarelves
109286,,,,Lightning Bolt,Fourth Edition (Foreign Black Border),lightningbolt
109428,,,,Mana Vault,Fourth Edition (Foreign Black Border),manavault
109546,,,,Mishra's Factory,Fourth Edition (Foreign Black Border),mishrasfactory
109551,,,,Ornithopter,Fourth Edition (Foreign Black Border),ornithopter
109311,,,,Red Elemental Blast,Fourth Edition (Foreign Black Border),redelementalblast
109572,,,,Strip Mine,Fourth Edition (Foreign Black Border),stripmine
109459,,,,Sylvan Library,Fourth Edition (Foreign Black Border),sylvanlibrary
109573,,,,Swords to Plowshares,Fourth Edition (Foreign Black Border),swordstoplowshares
109107,,,,Animate Dead,Fourth Edition (Foreign White Border),animatedead
108991,,,,Birds of Paradise,Fourth Edition (Foreign White Border),birdsofparadise
108853,,,,Blue Elemental Blast,Fourth Edition (Foreign White Border),blueelementalblast
108867,,,,Dark Ritual,Fourth Edition (Foreign White Border),darkritual
109144,,,,Fellwar Stone,Fourth Edition (Foreign White Border),fellwarstone
108908,,,,Lightning Bolt,Fourth Edition (Foreign White Border),lightningbolt
108909,,,,Llanowar Elves,Fourth Edition (Foreign White Border),llanowarelves
109050,,,,Mana Vault,Fourth Edition (Foreign White Border),manavault
109168,,,,Mishra's Factory,Fourth Edition (Foreign White Border),mishrasfactory
109173,,,,Ornithopter,Fourth Edition (Foreign White Border),ornithopter
108933,,,,Red Elemental Blast,Fourth Edition (Foreign White Border),redelementalblast
109194,,,,Strip Mine,Fourth Edition (Foreign White Border),stripmine
109195,,,,Swords to Plowshares,Fourth Edition (Foreign White Border),swordstoplowshares
109081,,,,Sylvan Library,Fourth Edition (Foreign White Border),sylvanlibrary
3622,3.96,5.99,1.95,Dwarven Armorer,Fallen Empires,dwarvenarmorer
3665,1.22,1.29,0.19,Havenwood Battleground,Fallen Empires,havenwoodbattleground
3484,68.44,89.99,41.68,Blood Moon,The Dark,bloodmoon
3507,21.2,29.99,11.88,Elves of Deep Shadow,The Dark,elvesofdeepshadow
3512,21.0,21.99,8.91,Fellwar Stone,The Dark,fellwarstone
3825,1183.06,1399.99,1094.1000000000001,Chains of Mephistopheles,Legends,chainsofmephistopheles
3896,14.78,24.99,8.33,Hammerheim,Legends,hammerheim
3951,249.61,,164.64000000000001,Mana Drain,Legends,manadrain
3963,507.99,599.99,656.44,Nether Void,Legends,nethervoid
4035,167.0,199.99,120.35000000000001,Sylvan Library,Legends,sylvanlibrary
4046,2899.99,4299.99,2917.58,The Tabernacle at Pendrell Vale,Legends,thetabernacleatpendrellvale
211780,,,,Animate Dead,Summer Magic,animatedead
211746,,,,Badlands,Summer Magic,badlands
211671,,,,Basalt Monolith,Summer Magic,basaltmonolith
211903,,,,Birds of Paradise,Summer Magic,birdsofparadise
211748,,,,Bayou,Summer Magic,bayou
211838,,,,Blue Elemental Blast,Summer Magic,blueelementalblast
211842,,,,Copy Artifact,Summer Magic,copyartifact
211791,,,,Dark Ritual,Summer Magic,darkritual
211801,,,,Demonic Tutor,Summer Magic,demonictutor
211911,,,,Lightning Bolt,Summer Magic,lightningbolt
211954,,,,Llanowar Elves,Summer Magic,llanowarelves
211713,,,,Mana Vault,Summer Magic,manavault
211724,500.0,,,Ornithopter,Summer Magic,ornithopter
211749,,,,Plateau,Summer Magic,plateau
211925,4.0,,,Red Elemental Blast,Summer Magic,redelementalblast
211830,,,,Sacrifice,Summer Magic,sacrifice
211752,,,,Savannah,Summer Magic,savannah
211753,,,,Scrubland,Summer Magic,scrubland
211733,,,,Sol Ring,Summer Magic,solring
211757,,,,Taiga,Summer Magic,taiga
211769,,,,Swords to Plowshares,Summer Magic,swordstoplowshares
211758,,,,Tropical Island,Summer Magic,tropicalisland
211763,,,,Tundra,Summer Magic,tundra
211765,,,,Underground Sea,Summer Magic,undergroundsea
211766,,,,Volcanic Island,Summer Magic,volcanicisland
211957,,,,Wheel of Fortune,Summer Magic,wheeloffortune
110120,,,,Animate Dead,Revised Edition (Foreign White Border),animatedead
110005,,,,Badlands,Revised Edition (Foreign White Border),badlands
110121,,,,Basalt Monolith,Revised Edition (Foreign White Border),basaltmonolith
110007,,,,Bayou,Revised Edition (Foreign White Border),bayou
110008,,,,Birds of Paradise,Revised Edition (Foreign White Border),birdsofparadise
109909,,,,Blue Elemental Blast,Revised Edition (Foreign White Border),blueelementalblast
110016,,,,Copy Artifact,Revised Edition (Foreign White Border),copyartifact
109917,,,,Dark Ritual,Revised Edition (Foreign White Border),darkritual
110141,,,,Demonic Tutor,Revised Edition (Foreign White Border),demonictutor
109947,,,,Llanowar Elves,Revised Edition (Foreign White Border),llanowarelves
109946,,,,Lightning Bolt,Revised Edition (Foreign White Border),lightningbolt
110063,,,,Mana Vault,Revised Edition (Foreign White Border),manavault
110174,,,,Ornithopter,Revised Edition (Foreign White Border),ornithopter
110077,,,,Plateau,Revised Edition (Foreign White Border),plateau
109962,,,,Red Elemental Blast,Revised Edition (Foreign White Border),redelementalblast
110182,,,,Sacrifice,Revised Edition (Foreign White Border),sacrifice
110089,,,,Scrubland,Revised Edition (Foreign White Border),scrubland
110087,,,,Savannah,Revised Edition (Foreign White Border),savannah
110189,,,,Sol Ring,Revised Edition (Foreign White Border),solring
110193,,,,Swords to Plowshares,Revised Edition (Foreign White Border),swordstoplowshares
110098,,,,Taiga,Revised Edition (Foreign White Border),taiga
110103,,,,Tropical Island,Revised Edition (Foreign White Border),tropicalisland
110105,,,,Underground Sea,Revised Edition (Foreign White Border),undergroundsea
110104,,,,Tundra,Revised Edition (Foreign White Border),tundra
110110,,,,Volcanic Island,Revised Edition (Foreign White Border),volcanicisland
110113,,,,Wheel of Fortune,Revised Edition (Foreign White Border),wheeloffortune
109814,,,,Animate Dead,Revised Edition (Foreign Black Border),animatedead
109699,,,,Badlands,Revised Edition (Foreign Black Border),badlands
109701,,,,Bayou,Revised Edition (Foreign Black Border),bayou
109702,,,,Birds of Paradise,Revised Edition (Foreign Black Border),birdsofparadise
109815,,,,Basalt Monolith,Revised Edition (Foreign Black Border),basaltmonolith
109603,,,,Blue Elemental Blast,Revised Edition (Foreign Black Border),blueelementalblast
109710,,,,Copy Artifact,Revised Edition (Foreign Black Border),copyartifact
109611,,,20.82,Dark Ritual,Revised Edition (Foreign Black Border),darkritual
109835,,,,Demonic Tutor,Revised Edition (Foreign Black Border),demonictutor
109640,,,41.660000000000004,Lightning Bolt,Revised Edition (Foreign Black Border),lightningbolt
109641,,,22.79,Llanowar Elves,Revised Edition (Foreign Black Border),llanowarelves
109757,,,,Mana Vault,Revised Edition (Foreign Black Border),manavault
109868,,,,Ornithopter,Revised Edition (Foreign Black Border),ornithopter
109771,,,,Plateau,Revised Edition (Foreign Black Border),plateau
109656,,,26.05,Red Elemental Blast,Revised Edition (Foreign Black Border),redelementalblast
109876,,,,Sacrifice,Revised Edition (Foreign Black Border),sacrifice
109781,,,,Savannah,Revised Edition (Foreign Black Border),savannah
109783,,,,Scrubland,Revised Edition (Foreign Black Border),scrubland
109883,,,,Sol Ring,Revised Edition (Foreign Black Border),solring
109792,,,,Taiga,Revised Edition (Foreign Black Border),taiga
109887,,,,Swords to Plowshares,Revised Edition (Foreign Black Border),swordstoplowshares
109797,,,,Tropical Island,Revised Edition (Foreign Black Border),tropicalisland
109798,,,,Tundra,Revised Edition (Foreign Black Border),tundra
109799,,,,Underground Sea,Revised Edition (Foreign Black Border),undergroundsea
109804,,,,Volcanic Island,Revised Edition (Foreign Black Border),volcanicisland
109807,,,,Wheel of Fortune,Revised Edition (Foreign Black Border),wheeloffortune
1331,7.04,8.49,4.16,Animate Dead,Revised Edition,animatedead
1342,460.17,499.99,299.86,Bayou,Revised Edition,bayou
1339,533.06,649.99,291.91,Badlands,Revised Edition,badlands
1344,28.17,27.99,12.02,Birds of Paradise,Revised Edition,birdsofparadise
1341,3.58,5.99,2.7800000000000002,Basalt Monolith,Revised Edition,basaltmonolith
1349,1.92,1.49,0.5700000000000001,Blue Elemental Blast,Revised Edition,blueelementalblast
1372,65.02,89.99,36.24,Copy Artifact,Revised Edition,copyartifact
1381,4.66,4.99,2.5100000000000002,Dark Ritual,Revised Edition,darkritual
1388,63.94,79.99,43.64,Demonic Tutor,Revised Edition,demonictutor
1483,0.62,0.59,0.2,Llanowar Elves,Revised Edition,llanowarelves
1479,2.4,2.79,1.25,Lightning Bolt,Revised Edition,lightningbolt
1492,101.47,109.99,78.81,Mana Vault,Revised Edition,manavault
1514,0.8,1.29,0.39,Ornithopter,Revised Edition,ornithopter
1527,375.14,399.99,258.74,Plateau,Revised Edition,plateau
1537,3.64,4.99,2.7600000000000002,Red Elemental Blast,Revised Edition,redelementalblast
1550,7.35,5.49,3.95,Sacrifice,Revised Edition,sacrifice
1552,405.33,399.99,253.93,Savannah,Revised Edition,savannah
1556,435.57,449.99,293.3,Scrubland,Revised Edition,scrubland
1584,6.84,7.99,3.12,Swords to Plowshares,Revised Edition,swordstoplowshares
1571,27.67,23.99,7.83,Sol Ring,Revised Edition,solring
1595,579.93,649.99,415.51,Tropical Island,Revised Edition,tropicalisland
1597,650.0,649.99,430.34000000000003,Tundra,Revised Edition,tundra
1585,424.19,449.99,303.52,Taiga,Revised Edition,taiga
1599,987.2,1199.99,731.11,Underground Sea,Revised Edition,undergroundsea
1608,861.87,1399.99,677.3000000000001,Volcanic Island,Revised Edition,volcanicisland
1624,379.5,499.99,248.8,Wheel of Fortune,Revised Edition,wheeloffortune
3261,39.35,39.99,19.0,Ashnod's Altar,Antiquities,ashnodsaltar
3304,6.51,6.49,2.15,Ornithopter,Antiquities,ornithopter
3330,396.45,649.99,304.26,Transmute Artifact,Antiquities,transmuteartifact
3175,789.99,1099.99,679.97,City of Brass,Arabian Nights,cityofbrass
8975,27.85,34.99,26.6,Animate Dead,Unlimited Edition,animatedead
8981,645.0,1199.99,729.38,Badlands,Unlimited Edition,badlands
8983,24.55,23.99,9.07,Basalt Monolith,Unlimited Edition,basaltmonolith
8984,703.0,1199.99,651.25,Bayou,Unlimited Edition,bayou
8987,275.0,279.99,,Birds of Paradise,Unlimited Edition,birdsofparadise
8994,6.52,5.99,2.73,Blue Elemental Blast,Unlimited Edition,blueelementalblast
9019,261.16,,161.51,Copy Artifact,Unlimited Edition,copyartifact
9027,15.26,12.99,5.86,Dark Ritual,Unlimited Edition,darkritual
9034,146.24,179.99,55.2,Demonic Tutor,Unlimited Edition,demonictutor
9121,24.35,23.99,10.53,Lightning Bolt,Unlimited Edition,lightningbolt
9125,7.63,8.49,4.16,Llanowar Elves,Unlimited Edition,llanowarelves
9133,176.83,349.99,312.58,Mana Vault,Unlimited Edition,manavault
9169,800.0,1199.99,851.09,Plateau,Unlimited Edition,plateau
9190,9.42,12.99,4.75,Sacrifice,Unlimited Edition,sacrifice
9179,10.33,12.99,5.29,Red Elemental Blast,Unlimited Edition,redelementalblast
9196,702.73,949.99,,Scrubland,Unlimited Edition,scrubland
9192,690.0,949.99,,Savannah,Unlimited Edition,savannah
9210,122.5,,43.980000000000004,Sol Ring,Unlimited Edition,solring
9222,71.82,69.99,36.47,Swords to Plowshares,Unlimited Edition,swordstoplowshares
9223,807.49,1099.99,636.5600000000001,Taiga,Unlimited Edition,taiga
9232,5142.02,,5730.9800000000005,Timetwister,Unlimited Edition,timetwister
9234,1049.99,1699.99,820.57,Tropical Island,Unlimited Edition,tropicalisland
9236,1199.99,2299.99,1042.0,Tundra,Unlimited Edition,tundra
9240,1207.15,,,Underground Sea,Unlimited Edition,undergroundsea
9248,1299.25,2999.99,,Volcanic Island,Unlimited Edition,volcanicisland
9264,550.0,949.99,415.71000000000004,Wheel of Fortune,Unlimited Edition,wheeloffortune
8673,299.99,499.99,239.66,Animate Dead,Beta Edition,animatedead
8679,,4799.99,,Badlands,Beta Edition,badlands
8681,232.84,349.99,141.09,Basalt Monolith,Beta Edition,basaltmonolith
8682,,,,Bayou,Beta Edition,bayou
8685,1000.0,2699.99,,Birds of Paradise,Beta Edition,birdsofparadise
8692,46.55,49.99,27.1,Blue Elemental Blast,Beta Edition,blueelementalblast
8717,1100.0,2999.99,1010.41,Copy Artifact,Beta Edition,copyartifact
8725,210.23,279.99,109.60000000000001,Dark Ritual,Beta Edition,darkritual
8732,614.65,1199.99,849.23,Demonic Tutor,Beta Edition,demonictutor
8819,349.49,349.99,196.81,Lightning Bolt,Beta Edition,lightningbolt
8823,109.46,129.99,83.36,Llanowar Elves,Beta Edition,llanowarelves
8831,,2999.99,,Mana Vault,Beta Edition,manavault
8867,,4999.99,3126.03,Plateau,Beta Edition,plateau
8877,89.18,149.99,95.12,Red Elemental Blast,Beta Edition,redelementalblast
8890,,3599.99,2315.55,Savannah,Beta Edition,savannah
8888,95.92,119.99,37.1,Sacrifice,Beta Edition,sacrifice
8894,,4999.99,,Scrubland,Beta Edition,scrubland
8908,869.99,1399.99,,Sol Ring,Beta Edition,solring
8920,518.12,949.99,,Swords to Plowshares,Beta Edition,swordstoplowshares
8921,,5499.99,2292.4,Taiga,Beta Edition,taiga
8932,,7299.99,,Tropical Island,Beta Edition,tropicalisland
8930,,16999.99,9377.98,Timetwister,Beta Edition,timetwister
8934,,6699.99,,Tundra,Beta Edition,tundra
8938,,,,Underground Sea,Beta Edition,undergroundsea
8946,,,,Volcanic Island,Beta Edition,volcanicisland
8962,,4799.99,2084.0,Wheel of Fortune,Beta Edition,wheeloffortune
1028,,599.99,354.48,Animate Dead,Alpha Edition,animatedead
91366,,,,Badlands,Alpha Edition,badlands
1036,439.99,549.99,319.82,Basalt Monolith,Alpha Edition,basaltmonolith
1040,,,,Birds of Paradise,Alpha Edition,birdsofparadise
91367,,,,Bayou,Alpha Edition,bayou
1047,68.75,89.99,41.26,Blue Elemental Blast,Alpha Edition,blueelementalblast
1072,,,,Copy Artifact,Alpha Edition,copyartifact
1080,245.97,499.99,189.47,Dark Ritual,Alpha Edition,darkritual
1087,678.0,,,Demonic Tutor,Alpha Edition,demonictutor
1174,620.0,799.99,281.32,Lightning Bolt,Alpha Edition,lightningbolt
1178,176.76,349.99,137.4,Llanowar Elves,Alpha Edition,llanowarelves
1186,,3999.99,,Mana Vault,Alpha Edition,manavault
91372,,5799.99,,Plateau,Alpha Edition,plateau
1232,179.83,229.99,75.02,Red Elemental Blast,Alpha Edition,redelementalblast
1243,169.99,179.99,134.63,Sacrifice,Alpha Edition,sacrifice
91375,,5299.99,,Savannah,Alpha Edition,savannah
91376,,,,Scrubland,Alpha Edition,scrubland
1263,,,,Sol Ring,Alpha Edition,solring
91378,,6099.99,,Taiga,Alpha Edition,taiga
1275,,1899.99,713.37,Swords to Plowshares,Alpha Edition,swordstoplowshares
1285,,21999.99,,Timetwister,Alpha Edition,timetwister
91380,,,,Tundra,Alpha Edition,tundra
91377,,,,Underground Sea,Alpha Edition,undergroundsea
91379,,,,Tropical Island,Alpha Edition,tropicalisland
1317,,,,Wheel of Fortune,Alpha Edition,wheeloffortune
