productId,name,set,transactions,units,gmv_sale
688679,Flow State,Secrets of Strixhaven,4218,7962,35152.65
688521,Flashback,Secrets of Strixhaven,3915,4968,35594.57
688651,Erode,Secrets of Strixhaven,3771,5161,44420.03
689056,Cauldron of Essence,Secrets of Strixhaven,3767,4333,18222.39
696312,The Unbeatable Squirrel Girl,Marvel Super Heroes,3688,4253,41653.38
687531,Arcane Signet,Commander: Secrets of Strixhaven,3680,8344,6437.52
675591,Stock Up,Secrets of Strixhaven: Mystical Archive,3646,6551,15411.32
687542,Sol Ring,Commander: Secrets of Strixhaven,3436,8498,23317.87
686543,Grave Researcher,Secrets of Strixhaven,3398,4095,15607.6
687665,Fabled Passage,Commander: Secrets of Strixhaven,3367,8855,13574.05
688928,Return the Favor,Secrets of Strixhaven: Mystical Archive,3261,4947,5798.26
688477,Resonating Lute,Secrets of Strixhaven,3102,3863,14264.78
689495,Tablet of Discovery,Secrets of Strixhaven,3028,5808,9875.35
688687,Planar Engineering,Secrets of Strixhaven,2910,3866,8409.43
697024,Hex Magic,Marvel Super Heroes,2827,7470,15453.01
696477,Captain America's Shield,Marvel Super Heroes,2799,3997,7903.99
552582,Sink into Stupor,Modern Horizons 3,2654,3599,24673.06
687664,Command Tower,Commander: Secrets of Strixhaven,2605,5335,3074.48
689052,Scheming Silvertongue,Secrets of Strixhaven,2582,3382,15267.57
686581,Stormcarved Coast,Secrets of Strixhaven,2575,3294,9405.92
696570,"Mole Man, Moloid Master",Marvel Super Heroes,2574,4722,11939.48
686571,Deathcap Glade,Secrets of Strixhaven,2561,3321,7094.92
686583,Sundown Pass,Secrets of Strixhaven,2529,3253,6763.39
688516,Mana Sculpt,Secrets of Strixhaven,2525,3456,5531.57
552580,Fell the Profane,Modern Horizons 3,2485,3100,10972.41
552814,Vexing Bauble,Modern Horizons 3,2470,4655,14060.59
557921,Llanowar Elves,Foundations,2470,4931,3327.57
687597,Fellwar Stone,Commander: Secrets of Strixhaven,2466,5360,6907.57
688960,Shared Roots,Secrets of Strixhaven: Mystical Archive,2455,4227,2641.83
687486,Reliquary Tower,Commander: Secrets of Strixhaven,2451,3568,13527.73
689476,"Moseo, Vein's New Dean",Secrets of Strixhaven,2447,3121,7305.73
689158,Emeritus of Woe,Secrets of Strixhaven,2444,2628,53654.09
686589,Swamp (0269),Secrets of Strixhaven,2420,6901,9213.73
688873,Feed the Swarm,Secrets of Strixhaven: Mystical Archive,2395,3547,5470.16
686574,Shattered Sanctum,Secrets of Strixhaven,2387,3199,13881.45
553299,Pinnacle Monk,Modern Horizons 3,2387,3507,7177.15
552336,Witch Enchanter,Modern Horizons 3,2372,3480,12811.24
688961,Spell Pierce,Secrets of Strixhaven: Mystical Archive,2369,3690,2147.57
686601,Emeritus of Ideation,Secrets of Strixhaven,2343,2881,33634.76
649382,Bender's Waterskin,Avatar: The Last Airbender,2342,4117,7092.63
689107,Dina's Guidance,Secrets of Strixhaven,2325,3176,4273.45
688654,Practiced Offense,Secrets of Strixhaven,2320,4274,4437.39
673622,Cool but Rude,Teenage Mutant Ninja Turtles,2318,2758,17976.62
686590,Mountain (0270),Secrets of Strixhaven,2306,6904,5899.98
693022,The Mind Stone,Marvel Super Heroes,2301,2492,177420.29
689106,Germination Practicum,Secrets of Strixhaven,2296,2502,27255.53
686586,Plains (0267),Secrets of Strixhaven,2291,6778,8276.01
688926,Requisition Raid,Secrets of Strixhaven: Mystical Archive,2285,3359,2184.57
686587,Island (0268),Secrets of Strixhaven,2281,6735,6060.97
686591,Forest (0271),Secrets of Strixhaven,2249,6556,5210.46
552466,Disciple of Freyalise,Modern Horizons 3,2236,3015,6902.4
634431,Genji Glove,FINAL FANTASY,2232,2421,15200.67
686575,Improvisation Capstone,Secrets of Strixhaven,2229,2404,33561.75
696278,"Shuri, Wakandan Inventor",Marvel Super Heroes,2220,5051,4757.91
688858,Bulk Up,Secrets of Strixhaven: Mystical Archive,2203,3106,1668.75
688855,Bitter Triumph,Secrets of Strixhaven: Mystical Archive,2184,3343,2610.71
696274,"Loki, God of Mischief",Marvel Super Heroes,2184,4095,22407.65
591214,Hare Apparent,Foundations,2181,8091,25803.42
686599,"Prismari, the Inspiration",Secrets of Strixhaven,2174,2276,21160.16
686582,Studious First-Year,Secrets of Strixhaven,2163,4480,2815.06
498352,Mirkwood Bats,Universes Beyond: The Lord of the Rings: Tales of Middle-earth,2157,2781,8920.94
688950,Decorum Dissertation,Secrets of Strixhaven,2089,2268,21140.21
553204,Accursed Marauder,Modern Horizons 3,2061,2829,1868.56
696319,"Captain America, Living Legend",Marvel Super Heroes,2055,3147,3885.7
688656,Restoration Seminar,Secrets of Strixhaven,2050,2297,10629.85
686613,"Witherbloom, the Balancer",Secrets of Strixhaven,2033,2192,23054.02
696652,The Serpent Society,Marvel Super Heroes,2031,3348,9407.67
696298,The Scarlet Witch,Marvel Super Heroes,2030,2758,5105.55
696352,Dark Fortress,Marvel Super Heroes,2006,3487,13484.64
591153,Exsanguinate,Foundations,2001,2639,1480.48
671005,Hexing Squelcher,Lorwyn Eclipsed,1999,2249,47272.12
590828,An Offer You Can't Refuse,Foundations,1998,2327,5325.86
693025,The Vision,Marvel Super Heroes,1998,2965,3981.74
686551,Duty Beyond Death,Secrets of Strixhaven: Mystical Archive,1995,2739,1443.2
668475,World War Hulk,Marvel Super Heroes,1995,3290,8018.85
686573,Dreamroot Cascade,Secrets of Strixhaven,1986,2644,2926.52
552813,Buried Alive,Modern Horizons 3,1981,2525,3211.57
696348,Arc Reactor,Marvel Super Heroes,1978,3480,6495.77
696296,"Mjolnir, Hammer of Thor",Marvel Super Heroes,1972,2168,45841.31
696282,"Mister Fantastic, Reed Richards (Borderless)",Marvel Super Heroes,1968,3191,3193.35
675586,Mathemagics,Secrets of Strixhaven,1962,2219,10918.68
686605,Pensive Professor,Secrets of Strixhaven,1940,2736,2400.44
696354,Gleaming Bastion,Marvel Super Heroes,1939,3468,11945.56
688681,Emeritus of Abundance,Secrets of Strixhaven,1929,2195,12643.18
548592,Urza's Cave,Modern Horizons 3,1925,2726,4022.79
688689,Echocasting Symposium,Secrets of Strixhaven,1919,2144,10417.67
697023,Hawkeye's Bow,Marvel Super Heroes,1918,6052,4792.52
696355,Hidden Lair,Marvel Super Heroes,1918,3431,13950.19
624048,Arcane Signet,Commander: Tarkir: Dragonstorm,1910,3314,1885.79
696299,"Thor, God of Thunder",Marvel Super Heroes,1908,2179,20498.08
688683,Harmonized Trio,Secrets of Strixhaven,1904,2591,2675.13
644286,Icetill Explorer,Edge of Eternities,1900,2211,37394.02
696349,The Ten Rings,Marvel Super Heroes,1899,2274,35517.26
689150,Sleight of Hand,Secrets of Strixhaven: Mystical Archive,1896,3192,3633.61
552635,Marionette Apprentice,Modern Horizons 3,1886,2436,3207.64
552651,Revitalizing Repast,Modern Horizons 3,1882,2508,3437.22
696356,Training Compound,Marvel Super Heroes,1877,3397,11404.52
552583,Sundering Eruption,Modern Horizons 3,1875,3207,5532.86
675584,"Lorehold, the Historian",Secrets of Strixhaven,1871,2087,9347.42
696353,Gathering Place,Marvel Super Heroes,1870,3383,11522.11
688479,Traumatic Critique,Secrets of Strixhaven,1868,2887,5855.4
686600,Professor Dellian Fel,Secrets of Strixhaven,1865,2303,22433.9
686597,Prismari Charm,Secrets of Strixhaven,1862,3461,1811.02
696863,"Taskmaster, Mercenary Mimic",Marvel Super Heroes,1853,2786,3879.24
696467,Super-Soldier Serum,Marvel Super Heroes,1851,3353,5183.1
696581,"Ultron, Artificial Malevolence",Marvel Super Heroes,1850,2084,27391.69
686612,Witherbloom Charm,Secrets of Strixhaven,1847,3312,11731.22
686603,"Quandrix, the Proof",Secrets of Strixhaven,1835,2013,11897.94
686604,Exhibition Tidecaller,Secrets of Strixhaven,1834,2863,3873.97
688837,Abrade,Secrets of Strixhaven: Mystical Archive,1827,2780,1261.88
553181,Hydroelectric Specimen,Modern Horizons 3,1811,2648,2858.49
552840,Consign to Memory,Modern Horizons 3,1809,3676,14039.22
646553,Spectacular Spider-Man (Borderless),Marvel's Spider-Man,1808,2006,12449.0
591806,Garruk's Uprising,Foundations,1808,2662,3172.19
576504,Untimely Malfunction,Duskmourn: House of Horror,1806,2025,13549.56
689160,"Arnyn, Deathbloom Botanist",Secrets of Strixhaven,1796,2479,5257.41
696262,"Invisible Woman, Sue Storm (Borderless)",Marvel Super Heroes,1776,2142,1686.43
689055,"Blech, Loafing Pest",Secrets of Strixhaven,1773,2468,3255.93
687669,Bojuka Bog,Commander: Secrets of Strixhaven,1764,3356,3851.43
499960,Lorien Revealed,Universes Beyond: The Lord of the Rings: Tales of Middle-earth,1763,2952,11349.28
696242,M.O.D.O.K.,Marvel Super Heroes,1758,2096,11085.77
688982,Petrified Hamlet,Secrets of Strixhaven,1755,3061,3354.22
552830,Fanatic of Rhonas,Modern Horizons 3,1753,2027,18100.09
552324,Evolution Witness,Modern Horizons 3,1746,2525,1957.99
686608,"Silverquill, the Disputant",Secrets of Strixhaven,1741,1900,9115.14
656687,Blood Crypt,Lorwyn Eclipsed,1740,2041,19317.79
689486,Blazing Firesinger,Secrets of Strixhaven,1738,2892,1811.48
688650,Daydream,Secrets of Strixhaven,1737,3099,1696.4
696671,Cosmic Cube,Marvel Super Heroes,1737,1952,20320.85
696658,The Wondrous Wasp,Marvel Super Heroes,1733,3447,4396.65
552740,Victimize,Modern Horizons 3,1730,2550,1849.19
262765,Tamiyo's Safekeeping,Kamigawa: Neon Dynasty,1729,2163,10781.38
656667,Formidable Speaker,Lorwyn Eclipsed,1721,2209,19911.64
552579,Bridgeworks Battle,Modern Horizons 3,1716,2698,2286.53
696645,"The Mighty Thor, Jane Foster",Marvel Super Heroes,1710,2825,2725.78
688899,Culling the Weak,Secrets of Strixhaven: Mystical Archive,1710,1765,18706.38
488278,Sol Ring,Commander: The Lord of the Rings: Tales of Middle-earth,1706,2787,5738.3
696324,King T'Challa,Marvel Super Heroes,1705,2136,25784.7
633136,The Earth Crystal,FINAL FANTASY,1701,1776,22255.09
696632,The Astonishing Ant-Man,Marvel Super Heroes,1701,2605,2353.83
552631,Warren Soultrader,Modern Horizons 3,1700,1858,25367.76
498419,Mirkwood Bats (Borderless),Universes Beyond: The Lord of the Rings: Tales of Middle-earth,1698,2063,2781.04
591210,Swiftfoot Boots,Foundations,1698,2089,5801.09
696535,Jennifer Walters,Marvel Super Heroes,1696,2036,25879.83
559852,Fellwar Stone,Commander: Bloomburrow,1695,2494,2367.7
696313,"The Thing, Ben Grimm (Borderless)",Marvel Super Heroes,1694,2033,1321.95
696279,Tony Stark,Marvel Super Heroes,1688,1855,14961.39
641743,Terrasymbiosis,Edge of Eternities,1686,1794,16117.49
648709,Redirect Lightning,Avatar: The Last Airbender,1682,1839,21253.16
656711,Steam Vents,Lorwyn Eclipsed,1678,2031,24236.45
696301,"Human Torch, Johnny Storm (Borderless)",Marvel Super Heroes,1674,2030,1394.09
688661,Emeritus of Conflict,Secrets of Strixhaven,1670,2104,7374.69
689511,Noxious Newt,Secrets of Strixhaven,1669,4166,1575.37
638913,Stomping Ground,Edge of Eternities,1665,1903,14018.03
673656,The Ooze,Teenage Mutant Ninja Turtles,1664,1992,9849.2
559478,Patchwork Banner,Bloomburrow,1663,1974,6962.83
559072,Coruscation Mage,Bloomburrow,1663,2227,3681.39
688984,Emeritus of Truce,Secrets of Strixhaven,1660,1960,7630.04
688691,Mind into Matter,Secrets of Strixhaven,1659,2341,5475.8
552873,Boggart Trawler,Modern Horizons 3,1656,2703,3985.34
668572,Namor the Sub-Mariner,Marvel Super Heroes,1647,2244,14738.72
686584,Molten-Core Maestro,Secrets of Strixhaven,1644,2493,3846.06
552623,Collective Resistance,Modern Horizons 3,1642,2489,3768.93
668460,Bruce Banner,Marvel Super Heroes,1640,1860,17821.85
697073,Iron Man Armor,Marvel Super Heroes,1640,2076,13206.53
552821,Glaring Fleshraker,Modern Horizons 3,1636,3226,3928.49
687343,Goldspan Dragon,Commander: Secrets of Strixhaven,1634,2075,12565.39
668458,"The Sentry, Golden Guardian",Marvel Super Heroes,1632,2683,2068.48
638914,Watery Grave,Edge of Eternities,1630,1870,20053.46
687365,Faerie Mastermind,Commander: Secrets of Strixhaven,1628,1949,20938.11
656709,Overgrown Tomb,Lorwyn Eclipsed,1624,1919,18407.29
559719,Arcane Signet,Commander: Bloomburrow,1613,2706,3816.26
687556,"Ozolith, the Shattered Spire",Commander: Secrets of Strixhaven,1607,1915,9198.38
687353,Moonshaker Cavalry,Commander: Secrets of Strixhaven,1600,2036,11184.52
697048,Heroic Feast,Marvel Super Heroes,1600,3346,3201.13
688665,Ark of Hunger,Secrets of Strixhaven,1600,2078,1088.69
578080,Enduring Vitality,Duskmourn: House of Horror,1598,1755,16990.36
591308,Boltwave,Foundations,1598,2451,6593.45
696574,"Storm, Windrider",Marvel Super Heroes,1596,2395,2195.88
191568,Ephemerate,Modern Horizons,1591,2175,11026.24
243382,Unexpected Windfall,Adventures in the Forgotten Realms,1591,1793,5305.2
552866,Ripples of Undeath,Modern Horizons 3,1588,1704,9831.32
696330,"Wolverine, Fierce Fighter",Marvel Super Heroes,1583,2215,3611.16
656713,Temple Garden,Lorwyn Eclipsed,1582,1872,14108.55
668456,"Captain America, Super-Soldier",Marvel Super Heroes,1575,1915,7295.02
697059,"Shang-Chi, Master of Kung Fu",Marvel Super Heroes,1569,1937,21389.37
656703,Hallowed Fountain,Lorwyn Eclipsed,1567,1893,15730.04
633737,Restoration Magic,FINAL FANTASY,1566,2038,4842.3
525618,"Kutzil, Malamet Exemplar",The Lost Caverns of Ixalan,1565,1842,6545.1
638912,Sacred Foundry,Edge of Eternities,1563,1835,21465.02
689149,Brain Freeze,Secrets of Strixhaven: Mystical Archive,1552,1689,6412.15
696674,Castle Doom,Marvel Super Heroes,1545,3071,4049.45
651332,Norman Osborn,Marvel's Spider-Man,1543,1709,15357.81
556324,Brotherhood Regalia,Universes Beyond: Assassin's Creed,1543,1705,13653.84
553328,Malevolent Rumble,Modern Horizons 3,1540,4635,3156.49
686540,Hardened Academic,Secrets of Strixhaven,1538,2568,1832.59
638910,Breeding Pool,Edge of Eternities,1535,1755,18685.54
688861,Helping Hand,Secrets of Strixhaven: Mystical Archive,1529,2262,785.5
623982,Command Tower,Commander: Tarkir: Dragonstorm,1528,2424,943.24
187181,Kaya's Ghostform,War of the Spark,1527,1770,6897.07
641779,Weftstalker Ardent,Edge of Eternities,1524,2076,3954.45
552859,Springheart Nantuko,Modern Horizons 3,1521,1685,8183.56
552284,Thraben Charm,Modern Horizons 3,1516,3676,2258.19
662801,Abandoned Air Temple,Avatar: The Last Airbender,1514,1805,12387.75
671721,Firdoch Core,Lorwyn Eclipsed,1511,3026,1310.71
688085,Great Hall of the Biblioplex,Secrets of Strixhaven,1509,2748,1888.69
696626,"Ares, God of War",Marvel Super Heroes,1508,2100,1926.12
624152,Swords to Plowshares,Commander: Tarkir: Dragonstorm,1507,2211,3137.42
662547,Ba Sing Se,Avatar: The Last Airbender,1502,1824,9050.84
668462,Doctor Doom,Marvel Super Heroes,1502,1771,7854.71
696663,Red Hulk (Borderless),Marvel Super Heroes,1500,1902,1274.18
671053,Virulent Emissary,Lorwyn Eclipsed,1498,2064,1655.76
688887,Monstrous Rage,Secrets of Strixhaven: Mystical Archive,1498,2323,794.12
633117,The Wind Crystal,FINAL FANTASY,1497,1589,10285.75
686538,"Ral Zarek, Guest Lecturer",Secrets of Strixhaven,1494,1812,9524.35
687675,Exotic Orchard,Commander: Secrets of Strixhaven,1494,2749,1008.92
638911,Godless Shrine,Edge of Eternities,1493,1709,16972.04
696625,"Captain America, Wings of Freedom",Marvel Super Heroes,1481,2182,1388.51
651337,"Electro, Assaulting Battery",Marvel's Spider-Man,1477,1603,9463.41
541278,Priest of Titania,Modern Horizons 3,1477,2516,2364.12
687548,Ohran Frostfang,Commander: Secrets of Strixhaven,1471,1951,9478.31
624049,Sol Ring,Commander: Tarkir: Dragonstorm,1468,2520,4278.8
512663,Impact Tremors,Wilds of Eldraine: Enchanting Tales,1467,1615,5978.0
687438,Land Tax,Commander: Secrets of Strixhaven,1465,1781,25895.59
688886,Crop Rotation,Secrets of Strixhaven: Mystical Archive,1465,1610,6789.02
688919,Pyretic Ritual,Secrets of Strixhaven: Mystical Archive,1465,1565,11796.82
633131,The Fire Crystal,FINAL FANTASY,1459,1558,9808.77
4815,Mystic Remora,Ice Age,1453,1629,14616.86
688935,Royal Treatment,Secrets of Strixhaven: Mystical Archive,1450,2159,744.95
647302,The Soul Stone,Marvel's Spider-Man,1447,1503,138835.12
688971,Skycoach Conductor,Secrets of Strixhaven,1447,2283,1685.82
630862,The Darkness Crystal,FINAL FANTASY,1447,1545,7820.63
688948,Zombify,Secrets of Strixhaven: Mystical Archive,1442,2048,884.72
686628,"Dina, Essence Brewer (Borderless)",Commander: Secrets of Strixhaven,1442,1828,6716.16
662084,Boomerang Basics,Avatar: The Last Airbender,1435,2735,3564.39
689366,Veil of Summer,Secrets of Strixhaven: Mystical Archive,1433,1589,7803.3
689394,Deflecting Palm,Secrets of Strixhaven: Mystical Archive,1432,1551,6186.45
222103,Malakir Rebirth,Zendikar Rising,1432,1568,21826.46
689518,Topiary Lecturer,Secrets of Strixhaven,1432,2261,1050.22
696254,Agent Phil Coulson,Marvel Super Heroes,1432,2083,1302.36
687475,Harmonic Prodigy,Commander: Secrets of Strixhaven,1430,2076,7261.86
696273,"Leader, Super-Genius",Marvel Super Heroes,1429,2061,1587.73
641745,The Eternity Elevator,Edge of Eternities,1429,1827,3767.82
696328,"Thanos, the Mad Titan",Marvel Super Heroes,1424,1681,8712.32
689077,Stirring Hopesinger,Secrets of Strixhaven,1423,2381,1249.68
661938,Avatar's Wrath,Avatar: The Last Airbender,1423,1698,6986.27
616095,Magmakin Artillerist,Aetherdrift,1422,1795,1474.55
559736,Sol Ring,Commander: Bloomburrow,1420,2321,5735.37
590880,Rogue's Passage,Foundations,1420,1889,1545.94
697022,"Hawkeye, Young Avenger",Marvel Super Heroes,1419,2450,1191.92
552176,Basking Broodscale,Modern Horizons 3,1417,2430,1157.85
552872,Nyxborn Hydra,Modern Horizons 3,1415,2642,1297.52
559653,Starscape Cleric,Bloomburrow,1413,2073,2716.76
686541,Withering Curse,Secrets of Strixhaven,1413,1767,4983.74
689054,Vastlands Scavenger,Secrets of Strixhaven,1413,2019,1524.55
696655,"Ironheart, Clever Champion",Marvel Super Heroes,1410,2406,2262.54
591203,Banner of Kinship,Foundations,1410,1574,8959.01
239837,Zuran Orb,Modern Horizons 2,1406,1601,5078.37
673653,"Krang, Utrom Warlord",Teenage Mutant Ninja Turtles,1405,1477,25680.86
240149,Strike It Rich,Modern Horizons 2,1405,1961,5496.77
696275,"Mister Fantastic, Reed Richards",Marvel Super Heroes,1403,3112,1496.16
696314,The Unbeatable Squirrel Girl (Borderless),Marvel Super Heroes,1402,1445,40163.43
529983,Demand Answers,Murders at Karlov Manor,1401,1862,1067.94
687570,"Bitterthorn, Nissa's Animus",Commander: Secrets of Strixhaven,1399,1993,11248.62
499221,Entish Restoration,Universes Beyond: The Lord of the Rings: Tales of Middle-earth,1395,1507,5069.82
164359,Unwind,Dominaria,1391,1745,2530.44
689148,Angel's Grace,Secrets of Strixhaven: Mystical Archive,1390,1529,5905.77
552839,Kozilek's Command,Modern Horizons 3,1389,2136,13192.61
633123,The Water Crystal,FINAL FANTASY,1388,1512,5760.64
696339,"Wolverine, Fierce Fighter (Borderless)",Marvel Super Heroes,1388,1495,10726.8
541272,Windswept Heath,Modern Horizons 3,1384,1690,19673.34
509516,Curiosity,Wilds of Eldraine: Enchanting Tales,1382,1648,2057.28
689078,Fix What's Broken,Secrets of Strixhaven,1380,2054,947.73
697045,Epic Fight,Marvel Super Heroes,1378,2023,1450.61
552646,Waterlogged Teachings,Modern Horizons 3,1377,1824,1262.5
552272,Six,Modern Horizons 3,1370,1465,7442.88
687674,"Emeria, the Sky Ruin",Commander: Secrets of Strixhaven,1370,1783,11476.52
559137,Into the Flood Maw,Bloomburrow,1368,1776,4628.84
651988,"Chameleon, Master of Disguise",Marvel's Spider-Man,1368,2026,3257.86
671525,Wistfulness,Lorwyn Eclipsed,1367,1810,16909.52
687375,Animate Dead,Commander: Secrets of Strixhaven,1366,1821,8734.47
688893,Pick Your Poison,Secrets of Strixhaven: Mystical Archive,1366,2092,821.36
552320,Jet Medallion,Modern Horizons 3,1365,1432,15068.48
240412,Goblin Anarchomancer,Modern Horizons 2,1362,1629,1338.12
671263,"Chimil, the Inner Sun",Commander: Lorwyn Eclipsed,1361,1907,10857.78
687500,Seize the Spoils,Secrets of Strixhaven,1360,2127,1326.34
641728,"Haliya, Guided by Light",Edge of Eternities,1358,1823,4840.06
661801,Origin of Metalbending,Avatar: The Last Airbender,1356,2244,734.89
558380,Thornvault Forager,Bloomburrow,1355,1906,3904.74
553302,Urza's Incubator,Modern Horizons 3,1353,1456,25186.66
562746,Enduring Tenacity,Duskmourn: House of Horror,1352,1422,16929.23
631183,Farewell,Commander: FINAL FANTASY,1352,1510,7507.83
541274,Polluted Delta,Modern Horizons 3,1349,1751,33437.93
688866,Burst Lightning,Secrets of Strixhaven: Mystical Archive,1349,2376,1292.29
199417,Mystic Sanctuary,Throne of Eldraine,1348,1554,2701.92
688725,Pongify,Secrets of Strixhaven: Mystical Archive,1348,1474,4979.36
642791,Swan Song,Commander: Edge of Eternities,1346,1662,13681.02
673616,South Wind Avatar,Teenage Mutant Ninja Turtles,1345,1512,3664.44
696484,"Daredevil, Man Without Fear",Marvel Super Heroes,1344,1785,1326.79
552306,Ruby Medallion,Modern Horizons 3,1342,1516,18321.71
687578,War Room,Commander: Secrets of Strixhaven,1341,2134,6000.44
686545,The Dawning Archaic,Secrets of Strixhaven,1341,1603,3878.77
552649,Legion Leadership,Modern Horizons 3,1341,1999,1673.64
688826,Slumbering Trudge,Secrets of Strixhaven,1339,2260,1008.79
687525,Kami of Whispered Hopes,Commander: Secrets of Strixhaven,1338,1864,5485.41
552286,Sapphire Medallion,Modern Horizons 3,1337,1401,8189.04
534084,Slime Against Humanity,Murders at Karlov Manor,1336,7730,14356.13
668461,Baron Helmut Zemo,Marvel Super Heroes,1335,2649,1882.42
687507,"Gorma, the Gullet (Borderless)",Commander: Secrets of Strixhaven,1334,1523,3989.42
589354,Mossborn Hydra,Foundations,1334,1548,19895.87
687511,"Muddle, the Ever-Changing (Borderless)",Commander: Secrets of Strixhaven,1333,1614,3553.93
696560,Avengers Disassembled,Marvel Super Heroes,1333,3449,4948.77
553280,Molten Gatekeeper,Modern Horizons 3,1333,1957,1036.93
498328,Generous Ent,Universes Beyond: The Lord of the Rings: Tales of Middle-earth,1331,2729,7401.26
541276,Flooded Strand,Modern Horizons 3,1331,1668,25288.58
631607,Starting Town,FINAL FANTASY,1330,1678,18459.22
458224,Snap,Dominaria Remastered,1330,1594,5464.21
541277,Wooded Foothills,Modern Horizons 3,1330,1621,27216.12
696585,Avengers Tower (Borderless),Marvel Super Heroes,1329,1916,1250.38
696549,Pym Particles,Marvel Super Heroes,1329,2688,1429.07
590879,Scrawling Crawler,Foundations,1328,1425,8496.06
524416,Spelunking,The Lost Caverns of Ixalan,1327,1540,6173.81
687413,Ghostly Prison,Commander: Secrets of Strixhaven,1325,1859,8387.09
641734,Quantum Riddler,Edge of Eternities,1322,1862,65347.76
689087,Vicious Rivalry,Secrets of Strixhaven,1322,2113,1225.22
630905,Wastes,FINAL FANTASY,1321,4073,5691.43
687436,Terramorphic Expanse,Secrets of Strixhaven,1320,2762,3010.1
660740,Secret Tunnel,Avatar: The Last Airbender,1320,1520,4331.42
696305,The Scarlet Witch (Borderless),Marvel Super Heroes,1319,1381,11460.33
638905,"Tannuk, Memorial Ensign",Edge of Eternities,1318,1609,904.2
71021,Gray Merchant of Asphodel,Theros,1313,2045,2106.61
679638,Undergrowth Stadium,Commander: Teenage Mutant Ninja Turtles,1309,1510,8232.74
660570,Badgermole Cub,Avatar: The Last Airbender,1308,1574,85413.69
541275,Bloodstained Mire,Modern Horizons 3,1308,1754,31099.03
679620,City of Brass,Commander: Teenage Mutant Ninja Turtles,1307,1670,16132.87
559634,Honored Dreyleader,Bloomburrow,1307,1899,915.74
631261,Exotic Orchard,Commander: FINAL FANTASY,1306,2154,828.11
671244,"Selvala, Heart of the Wilds",Commander: Lorwyn Eclipsed,1305,1728,5925.43
687584,Three Visits,Commander: Secrets of Strixhaven,1305,1612,8779.92
235947,Tend the Pests,Strixhaven: School of Mages,1305,1579,1605.21
687611,Lightning Greaves,Commander: Secrets of Strixhaven,1305,1650,7362.58
687493,Teacher's Pest,Secrets of Strixhaven,1304,2007,3316.18
673569,"Michelangelo, Weirdness to 11",Teenage Mutant Ninja Turtles,1304,1446,5785.97
552727,Shifting Woodland,Modern Horizons 3,1304,1532,7058.79
686620,Wisdom of Ages,Secrets of Strixhaven,1303,1680,795.62
689060,"Blech, Loafing Pest (Borderless)",Secrets of Strixhaven,1298,1386,5182.61
541273,Psychic Frog,Modern Horizons 3,1295,1875,9447.23
618858,Jumbo Cactuar,FINAL FANTASY,1295,1418,9631.17
239695,Scurry Oak,Modern Horizons 2,1295,1536,2806.91
686526,Bogwater Lumaret,Secrets of Strixhaven,1295,1990,683.63
688910,Dismember,Secrets of Strixhaven: Mystical Archive,1293,1462,4294.29
638916,Island (0263) (Borderless),Edge of Eternities,1288,3445,4946.23
668473,Doom Reigns Supreme,Marvel Super Heroes,1287,1917,1975.93
552173,Echoes of Eternity,Modern Horizons 3,1287,2303,3767.98
687543,Nature's Lore,Commander: Secrets of Strixhaven,1285,1845,4656.31
671172,Springleaf Parade,Commander: Lorwyn Eclipsed,1284,2024,16443.85
638918,Mountain (0265) (Borderless),Edge of Eternities,1283,3615,6429.32
662109,Earthbender Ascension,Avatar: The Last Airbender,1283,1662,5360.59
52170,Moonmist,Innistrad,1282,2100,3990.03
552815,Dreamtide Whale,Modern Horizons 3,1280,1491,3310.01
686531,Colorstorm Stallion,Secrets of Strixhaven,1279,2002,2471.92
499562,Arcane Signet,Commander: The Lord of the Rings: Tales of Middle-earth,1279,2345,1678.77
687400,Drumbellower,Commander: Secrets of Strixhaven,1276,1925,5306.91
696255,Avengers Assemble!,Marvel Super Heroes,1276,1563,2012.2
689477,Pox Plague,Secrets of Strixhaven,1275,1623,755.04
688974,Wildgrowth Archaic,Secrets of Strixhaven,1273,2160,1099.4
578877,Sheltered by Ghosts,Duskmourn: House of Horror,1271,2245,5107.1
553312,Branching Evolution,Modern Horizons 3,1270,1314,7708.74
679576,"Irma, Part-Time Mutant",Commander: Teenage Mutant Ninja Turtles,1269,1712,9064.91
661887,Price of Freedom,Avatar: The Last Airbender,1268,3082,1598.37
687521,Hardened Scales,Commander: Secrets of Strixhaven,1268,1796,3969.3
696988,Kid Loki,Marvel Super Heroes,1266,2052,1029.99
696285,"Loki, God of Mischief (Borderless)",Marvel Super Heroes,1264,1600,16268.41
226624,Fyndhorn Elves,Commander Legends,1264,1599,5160.91
687417,Blasphemous Act,Commander: Secrets of Strixhaven,1260,2026,1994.21
688955,Stargaze,Secrets of Strixhaven: Mystical Archive,1260,1717,648.76
668472,"Attuma, Atlantean Warlord",Marvel Super Heroes,1257,1685,1082.42
696551,Super Intelligence,Marvel Super Heroes,1254,2789,1399.13
696578,"Storm, Windrider (Borderless)",Marvel Super Heroes,1253,1329,5449.61
576881,Grab the Prize,Duskmourn: House of Horror,1251,2830,2112.2
621158,"Green Goblin, Nemesis (Borderless)",Marvel's Spider-Man: Eternal-Legal,1250,1433,11367.87
668454,The Coming of Galactus,Marvel Super Heroes,1249,1666,4424.3
553311,Sneaky Snacker,Modern Horizons 3,1246,4301,1919.55
687522,"Scriv, the Obligator (Borderless)",Commander: Secrets of Strixhaven,1246,1553,2339.09
687386,Blood Artist,Commander: Secrets of Strixhaven,1245,1812,3647.74
697396,"Tippy-Toe, Terrific Partner",Commander: Marvel Super Heroes,1244,1284,20538.62
687601,Turbulent Springs,Commander: Secrets of Strixhaven,1243,1681,10261.98
679580,Wave Goodbye,Commander: Teenage Mutant Ninja Turtles,1241,1715,1877.22
552307,Pearl Medallion,Modern Horizons 3,1241,1312,6193.88
686530,"Berta, Wise Extrapolator",Secrets of Strixhaven,1238,1531,786.5
556010,Reconnaissance,Universes Beyond: Assassin's Creed,1233,1381,6640.36
679633,Spire Garden,Commander: Teenage Mutant Ninja Turtles,1232,1381,7236.84
687338,Storm-Kiln Artist,Commander: Secrets of Strixhaven,1230,1756,3212.61
696235,Construct a Cosmic Cube,Marvel Super Heroes,1230,1877,1100.39
687595,Eclipsed Steppe,Commander: Secrets of Strixhaven,1229,1751,5813.76
631529,Sphere Grid,Commander: FINAL FANTASY,1228,1376,12809.91
499592,Rogue's Passage,Commander: The Lord of the Rings: Tales of Middle-earth,1228,2327,1239.85
696276,Multiversal Incursion,Marvel Super Heroes,1228,1680,3021.53
615741,Monument to Endurance,Aetherdrift,1225,1330,24474.03
673579,"Mutagen Man, Living Ooze",Teenage Mutant Ninja Turtles,1225,1397,3939.34
631576,Rise of the Dark Realms,Commander: FINAL FANTASY,1222,1491,5669.82
687450,Monologue Tax,Commander: Secrets of Strixhaven,1220,1950,4784.22
668459,"Quicksilver, Brash Blur",Marvel Super Heroes,1220,2640,1931.95
556385,Propaganda,Universes Beyond: Assassin's Creed,1220,1438,4627.07
457203,Grapeshot,Dominaria Remastered,1219,1781,752.33
589326,Archmage of Runes,Foundations,1218,1361,4361.98
687235,Twinflame,Commander: Secrets of Strixhaven,1217,2048,2965.79
589749,Stroke of Midnight,Foundations,1216,1773,634.4
687695,Lotus Field,Commander: Secrets of Strixhaven,1215,1794,6567.6
457501,Counterspell,Dominaria Remastered,1215,1514,4131.77
631573,Reanimate,Commander: FINAL FANTASY,1215,1388,10253.73
198390,Witch's Cottage,Throne of Eldraine,1215,1503,2358.91
591730,Marauding Blight-Priest,Foundations,1212,1678,595.63
696446,The Vision (Borderless),Marvel Super Heroes,1211,1334,4725.22
687513,Goldvein Hydra,Commander: Secrets of Strixhaven,1210,1607,5717.66
686636,Disdainful Stroke,Secrets of Strixhaven: Mystical Archive,1209,1692,619.9
687630,Talisman of Creativity,Commander: Secrets of Strixhaven,1209,1735,3832.04
552266,Emerald Medallion,Modern Horizons 3,1209,1360,3850.26
591055,"Aurelia, the Warleader",Foundations,1209,1438,8502.9
226634,"Kediss, Emberclaw Familiar",Commander Legends,1208,1330,6845.92
679073,Negate,Teenage Mutant Ninja Turtles,1207,1740,398.26
631496,Walking Ballista,Commander: FINAL FANTASY,1206,1355,9890.09
548583,Sylvan Safekeeper,Modern Horizons 3,1206,1315,6884.7
687428,Mana Geyser,Commander: Secrets of Strixhaven,1205,1839,3216.1
697038,Vision of Love,Marvel Super Heroes,1205,2886,1190.13
671031,Chomping Changeling,Lorwyn Eclipsed,1202,1668,1607.11
686606,"Sanar, Unfinished Genius",Secrets of Strixhaven,1201,1701,695.85
687596,Scorched Geyser,Commander: Secrets of Strixhaven,1200,1680,5151.04
615159,Adaptive Omnitool,Commander: Aetherdrift,1200,1787,2996.58
590835,High Fae Trickster,Foundations,1199,1279,7246.46
631215,Sword of the Animist,Commander: FINAL FANTASY,1199,1347,7451.18
532886,Crime Novelist,Murders at Karlov Manor,1199,1730,1832.23
673671,"Raph & Mikey, Troublemakers",Teenage Mutant Ninja Turtles,1198,1515,3842.41
591298,Authority of the Consuls,Foundations,1198,1369,6136.84
671537,Springleaf Drum,Lorwyn Eclipsed,1197,1801,750.03
689526,Pursue the Past,Secrets of Strixhaven,1197,2500,669.36
697075,Super-Adaptoid,Marvel Super Heroes,1194,2063,1867.69
618859,Sazh's Chocobo,FINAL FANTASY,1193,1851,2643.17
498369,Peregrin Took,Universes Beyond: The Lord of the Rings: Tales of Middle-earth,1193,1387,1208.1
687609,Beledros Witherbloom,Commander: Secrets of Strixhaven,1192,1670,2711.61
668470,World War Hulk (Borderless),Marvel Super Heroes,1191,1380,6552.44
631511,Pitiless Plunderer,Commander: FINAL FANTASY,1189,1876,7229.04
696627,"Captain America, Wings of Freedom (Borderless)",Marvel Super Heroes,1188,1265,2136.94
686553,Lorehold Charm,Secrets of Strixhaven,1185,1848,676.68
696656,"Ironheart, Clever Champion (Borderless)",Marvel Super Heroes,1184,1291,3935.49
686598,Sundown Pass (Borderless),Secrets of Strixhaven,1182,1347,4077.58
553264,Arena of Glory,Modern Horizons 3,1181,1438,13089.17
552831,Metastatic Evangel,Modern Horizons 3,1181,1444,857.63
558695,Innkeeper's Talent,Bloomburrow,1180,1258,11639.6
631295,Path of Ancestry,Commander: FINAL FANTASY,1179,1985,720.27
5717,Seeker of Skybreak,Tempest,1179,2598,8451.97
534196,Repulsive Mutation,Murders at Karlov Manor,1179,1361,1436.56
221901,Bala Ged Recovery,Zendikar Rising,1178,1250,8375.24
646613,"Doctor Octopus, Master Planner",Marvel's Spider-Man,1176,1349,5476.36
642437,Consult the Star Charts,Edge of Eternities,1175,1912,8086.17
687602,Turbulent Steppe,Commander: Secrets of Strixhaven,1173,1643,9420.26
696321,"Iron Man, Master of Machines",Marvel Super Heroes,1172,1481,582.52
687354,Stensian Sanguinist,Commander: Secrets of Strixhaven,1170,1342,10947.95
525624,"Kutzil, Malamet Exemplar (Showcase)",The Lost Caverns of Ixalan,1170,1469,3723.08
696258,Monica Rambeau,Marvel Super Heroes,1169,1487,3688.11
638917,Swamp (0264) (Borderless),Edge of Eternities,1168,3269,5051.57
631015,Vivi Ornitier,FINAL FANTASY,1168,1292,49500.96
630888,Swamp (0300),FINAL FANTASY,1167,4263,1921.9
662414,"Longshot, Rebel Bowman",Avatar: The Last Airbender: Eternal-Legal,1165,1260,11486.46
671483,Bloodline Bidding,Lorwyn Eclipsed,1165,1450,3023.5
688900,Preordain,Secrets of Strixhaven: Mystical Archive,1163,1377,5452.95
552312,Flare of Duplication,Modern Horizons 3,1162,1854,3300.57
687643,Eldrazi Conscription,Commander: Secrets of Strixhaven,1158,2012,2077.41
688522,Flashback (Extended Art),Secrets of Strixhaven,1157,1275,15377.9
624374,Fellwar Stone,Commander: Tarkir: Dragonstorm,1155,2052,1985.65
222034,Iridescent Hornbeetle,Zendikar Rising,1155,1666,630.85
688940,Shamanic Revelation,Secrets of Strixhaven: Mystical Archive,1154,1234,2345.11
533918,Aftermath Analyst,Murders at Karlov Manor,1153,1370,2003.93
696329,Thor Odinson,Marvel Super Heroes,1152,1545,665.96
686592,Deathcap Glade (Borderless),Secrets of Strixhaven,1149,1300,4700.28
687537,"Sram, Senior Edificer",Commander: Secrets of Strixhaven,1149,1971,1604.44
591317,Inspiring Call,Foundations,1148,1387,1072.46
190942,Changeling Outcast,Modern Horizons,1144,1649,2776.06
689361,Sheoldred's Edict,Secrets of Strixhaven: Mystical Archive,1144,1306,3298.88
558442,Artist's Talent,Bloomburrow,1143,1386,10229.24
187125,Emergence Zone,War of the Spark,1141,1345,9309.32
39521,Gitaxian Probe,New Phyrexia,1140,1300,5360.92
687658,"Veyran, Voice of Duality",Commander: Secrets of Strixhaven,1140,1639,4050.84
631155,Clever Concealment,Commander: FINAL FANTASY,1139,1369,8482.05
631209,Darksteel Plate,Commander: FINAL FANTASY,1139,1278,5747.09
687599,Turbulent Moor,Commander: Secrets of Strixhaven,1139,1568,9816.4
687387,Arcane Denial,Commander: Secrets of Strixhaven,1137,1926,3621.86
687699,Mystic Sanctuary,Commander: Secrets of Strixhaven,1136,1893,2245.42
638919,Forest (0266) (Borderless),Edge of Eternities,1136,3165,4566.14
686532,Joined Researchers,Secrets of Strixhaven,1136,1474,660.65
499208,Fiery Inscription,Universes Beyond: The Lord of the Rings: Tales of Middle-earth,1135,1657,1161.92
673619,Splinter's Technique,Teenage Mutant Ninja Turtles,1135,1416,3046.62
686596,Stormcarved Coast (Borderless),Secrets of Strixhaven,1134,1301,4685.21
552794,Amphibian Downpour,Modern Horizons 3,1134,1407,1759.28
687372,Toxic Deluge,Commander: Secrets of Strixhaven,1133,1542,8099.21
553321,Gift of the Viper,Modern Horizons 3,1133,1608,590.2
689503,Comforting Counsel,Secrets of Strixhaven,1132,1473,594.75
696269,"The Sentry, Golden Guardian (Borderless)",Marvel Super Heroes,1128,1308,3381.36
679213,Raph's Jitte - Umezawa's Jitte (Borderless),Teenage Mutant Ninja Turtles Source Material,1127,1465,12124.14
686693,Inkshield,Commander: Secrets of Strixhaven,1125,1519,7147.99
696563,Fin Fang Foom,Marvel Super Heroes,1125,2073,1428.29
696864,Vision Quest,Marvel Super Heroes,1124,1938,1755.42
661919,"Aang, Swift Savior",Avatar: The Last Airbender,1122,1472,3516.59
687374,Archaeomancer's Map,Commander: Secrets of Strixhaven,1122,1574,2553.15
679602,Big Mother Mouser,Commander: Teenage Mutant Ninja Turtles,1122,1816,3110.97
630853,Adventurer's Inn,FINAL FANTASY,1122,1847,606.88
671501,Collective Inferno,Lorwyn Eclipsed,1121,1427,2251.6
660496,Airbender Ascension,Avatar: The Last Airbender,1120,1478,1994.12
671503,Impolite Entrance,Lorwyn Eclipsed,1119,1330,455.02
499589,Command Tower,Commander: The Lord of the Rings: Tales of Middle-earth,1119,1842,1164.4
687516,"Primo, the Unbounded (Borderless)",Commander: Secrets of Strixhaven,1116,1710,3775.76
679160,Level Up,Commander: Teenage Mutant Ninja Turtles,1116,1383,3782.95
696564,"Hawkeye, Master Marksman",Marvel Super Heroes,1113,2129,1297.62
552276,Glimpse the Impossible,Modern Horizons 3,1113,1720,629.63
631285,Sunpetal Grove,Commander: FINAL FANTASY,1110,1562,854.39
559757,Stormchaser's Talent,Bloomburrow,1109,1578,10727.69
686691,Anguished Unmaking,Commander: Secrets of Strixhaven,1107,1768,2231.45
633148,Aettir and Priwen,FINAL FANTASY,1107,1168,10691.04
559991,Bloodroot Apothecary,Commander: Bloomburrow,1107,2025,6972.92
670957,Chronicle of Victory,Lorwyn Eclipsed,1106,1195,23468.74
559638,Caretaker's Talent,Bloomburrow,1105,1164,10985.03
687605,Turbulent Wilderness,Commander: Secrets of Strixhaven,1105,1538,13502.26
544718,Corrupted Conviction,Outlaws of Thunder Junction,1105,1592,1485.39
552293,Flare of Fortitude,Modern Horizons 3,1104,1252,4628.56
687431,"Jadar, Ghoulcaller of Nephalia",Commander: Secrets of Strixhaven,1103,1745,2761.32
696996,"Black Widow, Super Spy",Marvel Super Heroes,1103,1741,6452.52
558355,Three Tree City,Bloomburrow,1102,1162,28672.54
687620,Patchwork Banner,Commander: Secrets of Strixhaven,1102,1976,4819.91
548602,"Phelia, Exuberant Shepherd",Modern Horizons 3,1100,1551,7644.88
686629,"Killian, Decisive Mentor (Borderless)",Commander: Secrets of Strixhaven,1099,1474,1995.4
559724,Command Tower,Commander: Bloomburrow,1099,1546,1038.28
673606,Ninja Teen,Teenage Mutant Ninja Turtles,1098,1289,2751.7
199543,Crashing Drawbridge,Throne of Eldraine,1098,1514,1205.9
662549,The Walls of Ba Sing Se,Avatar: The Last Airbender,1098,1136,28108.07
176427,Runaway Steam-Kin,Guilds of Ravnica,1098,1305,1981.48
696495,"Doc Samson, Super Psychiatrist",Marvel Super Heroes,1097,1943,1785.61
687634,"Gyome, Master Chef",Commander: Secrets of Strixhaven,1097,1713,3313.48
649367,Abandon Attachments,Avatar: The Last Airbender,1096,2412,951.71
632704,Buster Sword,FINAL FANTASY,1095,1115,46692.32
589432,Phyrexian Arena,Foundations,1095,1192,5012.64
641733,Ouroboroid,Edge of Eternities,1094,1226,41896.74
668463,Super-Skrull,Marvel Super Heroes,1093,1695,1090.16
591207,Leyline Axe,Foundations,1093,1324,2217.3
671067,Bloom Tender,Lorwyn Eclipsed,1091,1176,14912.87
687465,Unbound Flourishing,Commander: Secrets of Strixhaven,1088,1671,6012.89
687423,"Rionya, Fire Dancer",Commander: Secrets of Strixhaven,1088,1962,2925.88
631106,Tataru Taru,Commander: FINAL FANTASY,1088,1887,11886.64
689391,Culling Ritual,Secrets of Strixhaven: Mystical Archive,1087,1222,2679.6
687394,Cursed Mirror,Commander: Secrets of Strixhaven,1086,1737,1137.49
686594,Shattered Sanctum (Borderless),Secrets of Strixhaven,1086,1237,4232.38
578054,Enter the Enigma,Duskmourn: House of Horror,1085,1484,663.31
3360,Ashnod's Altar,Chronicles,1083,1160,15483.25
688867,Hop to It,Secrets of Strixhaven: Mystical Archive,1083,1629,538.25
7357,Rhystic Study,Prophecy,1081,1168,62619.2
615224,Academy Ruins,Commander: Aetherdrift,1081,1183,5869.39
657755,Super Shredder,Teenage Mutant Ninja Turtles,1080,1210,25268.64
688851,Glimpse of Nature,Secrets of Strixhaven: Mystical Archive,1080,1331,2119.27
687598,Turbulent Fen,Commander: Secrets of Strixhaven,1079,1481,11276.97
552648,Stump Stomp,Modern Horizons 3,1079,1360,823.09
630969,Fire Magic,FINAL FANTASY,1078,1642,5878.4
687356,Naktamun Lorespinner,Commander: Secrets of Strixhaven,1076,1569,4976.86
688652,Erode (Extended Art),Secrets of Strixhaven,1074,1255,15362.96
560006,Scurry of Squirrels,Commander: Bloomburrow,1072,2362,5824.72
642025,Sol Ring,Commander: Edge of Eternities,1072,2241,3528.2
679787,Sewer-veillance Cam,Teenage Mutant Ninja Turtles,1072,2104,956.91
687590,Currency Converter,Commander: Secrets of Strixhaven,1072,1907,5692.75
591770,Blasphemous Edict,Foundations,1071,1224,5302.66
239836,Liquimetal Torque,Modern Horizons 2,1071,1162,3522.41
575047,Enduring Innocence,Duskmourn: House of Horror,1070,1269,6140.8
638915,Plains (0262) (Borderless),Edge of Eternities,1070,3001,2783.52
631253,Brushland,Commander: FINAL FANTASY,1070,1773,1028.23
687518,Guardian Augmenter,Commander: Secrets of Strixhaven,1070,1741,2623.89
679161,Ninja Pizza,Commander: Teenage Mutant Ninja Turtles,1068,1480,4987.9
696536,"Nick Fury, Agent of S.H.I.E.L.D.",Marvel Super Heroes,1068,1876,1965.27
199556,"Torbran, Thane of Red Fell",Throne of Eldraine,1068,1304,4619.22
641717,Anticausal Vestige,Edge of Eternities,1067,1328,2414.47
498752,Troll of Khazad-dum,Universes Beyond: The Lord of the Rings: Tales of Middle-earth,1067,2175,2447.66
651943,"Spider-Woman, Stunning Savior",Marvel's Spider-Man,1065,1276,2400.57
688901,Daze,Secrets of Strixhaven: Mystical Archive,1065,1231,2788.44
31833,Violent Outburst,Alara Reborn,1065,2852,18955.79
490413,Kami of Whispered Hopes,March of the Machine,1065,1166,4991.02
688726,Big Score,Secrets of Strixhaven: Mystical Archive,1063,1133,2800.79
623897,Voice of Victory,Tarkir: Dragonstorm,1063,1232,24642.83
1537,Red Elemental Blast,Revised Edition,1063,2085,7700.61
642112,"Dawnsire, Sunstar Dreadnought",Edge of Eternities,1061,1148,6203.42
687344,Expansion Algorithm,Commander: Secrets of Strixhaven,1060,1515,5087.56
556327,"Excalibur, Sword of Eden",Universes Beyond: Assassin's Creed,1060,1292,15383.67
656652,Bitterbloom Bearer,Lorwyn Eclipsed,1060,1128,19235.59
552731,Guide of Souls,Modern Horizons 3,1060,1555,3846.47
253555,Kessig Flamebreather,Innistrad: Crimson Vow,1058,2467,9596.18
4848,Pyroblast,Ice Age,1058,1811,13152.83
525818,Rogue's Passage,Commander: The Lost Caverns of Ixalan,1058,1667,862.07
687458,Path to Exile,Commander: Secrets of Strixhaven,1055,1567,1951.18
644603,Eumidian Terrabotanist,Edge of Eternities,1054,1372,432.16
631240,Skullclamp,Commander: FINAL FANTASY,1053,1244,7182.66
646661,Multiversal Passage,Marvel's Spider-Man,1053,1312,11622.09
614490,Full Throttle,Aetherdrift,1053,1137,6181.56
558611,Oakhollow Village,Bloomburrow,1053,1510,815.27
226861,"Ardenn, Intrepid Archaeologist",Commander Legends,1052,1131,5198.81
662045,Fire Nation Palace,Avatar: The Last Airbender,1051,1230,2368.8
696350,Arc Reactor (Borderless),Marvel Super Heroes,1051,1246,3268.7
696445,Gleaming Bastion (Borderless),Marvel Super Heroes,1051,1353,6916.43
687560,Pest Infestation,Commander: Secrets of Strixhaven,1050,1457,948.53
687566,Primordial Hydra,Commander: Secrets of Strixhaven,1050,1861,3488.04
631176,Damning Verdict,Commander: FINAL FANTASY,1050,1287,4692.2
679846,Frog Butler,Teenage Mutant Ninja Turtles,1050,1552,461.46
687589,Tyvar's Stand,Commander: Secrets of Strixhaven,1049,1805,1710.24
696388,"Iron Man, Bleeding Edge",Commander: Marvel Super Heroes,1048,1066,15019.6
687463,Thunderclap Drake,Commander: Secrets of Strixhaven,1048,1786,2431.93
641740,Starfield Vocalist,Edge of Eternities,1048,1425,1961.53
688526,Rapturous Moment,Secrets of Strixhaven,1047,1451,481.23
687409,Firemane Commando,Commander: Secrets of Strixhaven,1046,1892,6190.35
646635,"Iron Spider, Stark Upgrade",Marvel's Spider-Man,1045,1174,2009.17
660545,The Last Agni Kai,Avatar: The Last Airbender,1044,1206,2234.93
686593,Dreamroot Cascade (Borderless),Secrets of Strixhaven,1043,1198,2628.53
513095,Up the Beanstalk,Wilds of Eldraine,1041,1269,3420.49
688848,Berserk,Secrets of Strixhaven: Mystical Archive,1041,1125,9104.18
457510,Nightscape Familiar,Dominaria Remastered,1040,1293,2052.34
631547,Swiftfoot Boots,Commander: FINAL FANTASY,1040,1393,3269.1
687468,Path of Ancestry,Commander: Secrets of Strixhaven,1038,2221,607.14
273342,Nature's Lore,Commander Legends: Battle for Baldur's Gate,1037,1131,3432.26
644620,Loading Zone,Edge of Eternities,1037,1611,2122.42
615216,Panharmonicon,Commander: Aetherdrift,1037,1262,7470.43
696468,Super-Soldier Serum (Borderless),Marvel Super Heroes,1037,1279,2694.67
624578,Cori-Steel Cutter,Tarkir: Dragonstorm,1036,1442,8186.0
696442,Hidden Lair (Borderless),Marvel Super Heroes,1036,1346,8541.15
687484,Beast Within,Commander: Secrets of Strixhaven,1036,1505,1097.71
696548,"Ms. Marvel, Kamala Khan",Marvel Super Heroes,1034,1938,1187.5
642824,Cloud Key,Commander: Edge of Eternities,1033,1417,2442.87
499563,Commander's Sphere,Commander: The Lord of the Rings: Tales of Middle-earth,1033,1966,682.9
688828,Geometer's Arthropod,Secrets of Strixhaven,1033,1366,558.83
123110,Dramatic Reversal,Kaladesh,1032,1260,1328.52
673659,"Mikey & Leo, Chaos & Order",Teenage Mutant Ninja Turtles,1030,1159,2582.59
548578,Orim's Chant,Modern Horizons 3,1029,1422,8495.33
552298,Brainsurge,Modern Horizons 3,1028,1701,837.67
552274,Flare of Malice,Modern Horizons 3,1028,1396,2482.22
671780,Moonshadow,Lorwyn Eclipsed,1027,1417,16172.96
551669,Writhing Chrysalis,Modern Horizons 3,1027,3056,1123.74
679211,Donnie's Bo - Shadowspear (Borderless),Teenage Mutant Ninja Turtles Source Material,1026,1093,20630.22
687459,Tendershoot Dryad,Commander: Secrets of Strixhaven,1026,1336,1969.63
696976,Take Up the Shield (Borderless),Marvel Super Heroes,1026,1549,599.79
591313,"Krenko, Mob Boss",Foundations,1026,1429,2624.21
221899,Sejiri Shelter,Zendikar Rising,1025,1360,2401.55
457177,Frantic Search,Dominaria Remastered,1025,1188,1087.48
14996,Sprout Swarm,Future Sight,1025,1209,7236.11
696256,"Captain Marvel, Earth's Protector",Marvel Super Heroes,1025,1609,2127.98
641748,"Uthros, Titanic Godcore",Edge of Eternities,1024,1084,11548.04
689047,Informed Inkwright,Secrets of Strixhaven,1024,1705,657.69
591162,Aetherize,Foundations,1023,1574,645.24
559118,For the Common Good,Bloomburrow,1022,1179,3551.4
11423,Seething Song,Mirrodin,1021,1162,12428.46
230172,Village Rites,Kaldheim,1021,1589,680.5
657764,Doubling Season (Borderless),Teenage Mutant Ninja Turtles Source Material,1019,1060,30851.81
696573,Absorbing Man,Marvel Super Heroes,1019,1922,1132.3
687418,Gift of Immortality,Commander: Secrets of Strixhaven,1017,1622,1955.61
631136,Professional Face-Breaker,Commander: FINAL FANTASY,1017,1112,5726.37
559120,Overprotect,Bloomburrow,1017,1317,1353.48
548593,Null Elemental Blast,Modern Horizons 3,1016,1581,756.66
643504,Mightform Harmonizer,Edge of Eternities,1016,1440,3498.9
512642,Not Dead After All,Wilds of Eldraine,1016,1173,2280.79
671946,Reckless Ransacking,Lorwyn Eclipsed,1015,1251,343.55
686566,Reprieve,Secrets of Strixhaven: Mystical Archive,1015,1149,2636.58
644587,Scour for Scrap,Edge of Eternities,1014,1203,545.15
648729,Forest (0291),Avatar: The Last Airbender,1013,3589,1420.4
686552,Vampiric Tutor,Secrets of Strixhaven: Mystical Archive,1013,1027,62963.15
631315,Three Visits,Commander: FINAL FANTASY,1013,1124,6567.62
671294,Timeless Lotus,Commander: Lorwyn Eclipsed,1013,1680,4944.62
525809,Command Tower,Commander: The Lost Caverns of Ixalan,1013,1731,707.98
696439,Dark Fortress (Borderless),Marvel Super Heroes,1012,1313,7114.31
696859,"Cloak and Dagger, Entwined",Marvel Super Heroes,1012,1747,881.6
615183,Lightning Greaves,Commander: Aetherdrift,1011,1199,5319.68
687389,Archmage Emeritus,Commander: Secrets of Strixhaven,1011,1810,3683.29
686637,Force of Will,Secrets of Strixhaven: Mystical Archive,1011,1072,79855.2
686539,Eiganjo Dynastorian,Commander: Secrets of Strixhaven,1010,1333,4354.56
696886,"Spider-Man, To the Rescue (Borderless)",Marvel Super Heroes,1010,1305,615.6
534080,Archdruid's Charm,Murders at Karlov Manor,1010,1215,8071.6
687479,Radiant Summit,Commander: Secrets of Strixhaven,1009,1619,1800.92
687519,Zulaport Cutthroat,Commander: Secrets of Strixhaven,1009,1534,1797.43
688842,Armageddon,Secrets of Strixhaven: Mystical Archive,1009,1053,10038.48
552945,Arcane Signet,Commander: Modern Horizons 3,1008,2000,1202.92
671768,Twilight Diviner,Lorwyn Eclipsed,1008,1129,3174.97
688849,Brotherhood's End,Secrets of Strixhaven: Mystical Archive,1008,1204,1731.39
575282,Twitching Doll,Duskmourn: House of Horror,1008,1095,2970.91
478687,Unnatural Restoration,Phyrexia: All Will Be One,1007,1263,1677.19
648738,"Toph, the First Metalbender",Avatar: The Last Airbender,1006,1181,2212.0
673644,Ravenous Robots,Teenage Mutant Ninja Turtles,1005,1362,3004.17
58931,Battle Hymn,Avacyn Restored,1004,1342,2580.99
544664,Highway Robbery,Outlaws of Thunder Junction,1004,3063,1184.21
642032,Command Tower,Commander: Edge of Eternities,1003,2183,796.03
696237,"Elektra, Daughter of the Hand",Marvel Super Heroes,1003,1555,1034.13
552630,Emperor of Bones,Modern Horizons 3,1001,1872,5107.73
630899,Forest (0306),FINAL FANTASY,1001,3283,1311.02
696567,"Hawkeye, Master Marksman (Borderless)",Marvel Super Heroes,1001,1125,2157.65
591191,Preposterous Proportions,Foundations,998,1240,1514.21
615167,Chromatic Lantern,Commander: Aetherdrift,998,1620,2535.78
641725,Exalted Sunborn,Edge of Eternities,997,1128,17658.28
512544,Garruk's Uprising,Wilds of Eldraine: Enchanting Tales,996,1172,1565.65
641790,Frenzied Baloth,Edge of Eternities,992,1423,2290.05
696444,Gathering Place (Borderless),Marvel Super Heroes,991,1298,6431.56
631097,Champions from Beyond,Commander: FINAL FANTASY,991,2052,5146.1
689541,Cauldron of Essence (Extended Art),Secrets of Strixhaven,991,1057,6227.62
642806,Ripples of Potential,Commander: Edge of Eternities,990,1540,3737.81
463303,Mind Stone,Dominaria Remastered,990,1626,554.76
631132,Hellkite Tyrant,Commander: FINAL FANTASY,990,1241,2270.34
642804,Phyrexian Metamorph,Commander: Edge of Eternities,990,1419,3265.76
688836,Akroma's Will,Secrets of Strixhaven: Mystical Archive,990,1011,19314.19
544422,Lively Dirge,Outlaws of Thunder Junction,989,1547,2774.89
687432,Rapid Hybridization,Commander: Secrets of Strixhaven,989,1845,1836.25
641778,Weapons Manufacturing,Edge of Eternities,989,1623,3953.08
453207,Loran's Escape,The Brothers' War,989,1628,2293.73
696443,Training Compound (Borderless),Marvel Super Heroes,988,1290,7033.58
478819,Tyvar's Stand,Phyrexia: All Will Be One,988,1146,1677.81
591758,Bushwhack,Foundations,987,1527,456.14
634130,Sabotender,FINAL FANTASY,986,1344,423.01
660516,"Wan Shi Tong, Librarian",Avatar: The Last Airbender,985,1104,45162.86
630927,Tifa Lockhart,FINAL FANTASY,985,1217,3391.16
548596,Flare of Denial,Modern Horizons 3,985,1382,4277.3
687362,Ophiomancer,Commander: Secrets of Strixhaven,985,1494,1481.08
559642,Eddymurk Crab,Bloomburrow,985,1862,2410.95
535300,Insidious Roots,Murders at Karlov Manor,983,1299,2451.59
243349,Wizard Class,Adventures in the Forgotten Realms,983,1122,2701.31
559141,Mockingbird,Bloomburrow,983,1157,5284.65
589385,"General Kreat, the Boltbringer (Anime)",Foundations Jumpstart,982,1230,9202.27
93033,Stubborn Denial,Khans of Tarkir,981,1306,5292.39
696579,"Winter Soldier, Icy Assassin (Borderless)",Marvel Super Heroes,981,1063,2494.23
687671,Caves of Koilos,Commander: Secrets of Strixhaven,980,1578,1065.45
641739,Starfield Shepherd,Edge of Eternities,980,1935,838.77
96697,Impact Tremors,Dragons of Tarkir,980,1179,3610.74
696283,"Leader, Super-Genius (Borderless)",Marvel Super Heroes,979,1049,1444.39
590235,"Dionus, Elvish Archdruid (Anime)",Foundations Jumpstart,979,1232,9827.75
689151,Jeska's Will,Secrets of Strixhaven: Mystical Archive,979,987,49097.54
679869,Skateboard,Teenage Mutant Ninja Turtles,976,1618,866.46
630870,"Cloud, Midgar Mercenary",FINAL FANTASY,976,1033,22037.16
687470,Animist's Awakening,Commander: Secrets of Strixhaven,976,1530,1004.05
590846,Painful Quandary,Foundations,976,1214,1670.54
591833,"Loot, Exuberant Explorer",Foundations,976,1069,2993.35
687336,Changing Loyalty,Commander: Secrets of Strixhaven,976,1373,2477.81
631255,Canopy Vista,Commander: FINAL FANTASY,975,1338,499.29
578058,Withering Torment,Duskmourn: House of Horror,974,1079,3971.91
689505,"Emil, Vastlands Roamer",Secrets of Strixhaven,974,1248,375.58
660572,Cycle of Renewal,Avatar: The Last Airbender,974,1467,401.3
552624,Spymaster's Vault,Modern Horizons 3,974,1288,1290.54
651338,Norman Osborn (Borderless),Marvel's Spider-Man,973,1040,16010.67
630885,Island (0298),FINAL FANTASY,973,3491,1198.04
687554,Tocasia's Welcome,Commander: Secrets of Strixhaven,972,1775,1643.76
671032,Hexing Squelcher (Showcase),Lorwyn Eclipsed,971,1032,38496.73
624207,Exotic Orchard,Commander: Tarkir: Dragonstorm,971,1550,452.59
686550,"Lluwen, Exchange Student",Secrets of Strixhaven,971,1229,355.95
641997,Oracle of Mul Daya,Commander: Edge of Eternities,971,1143,3076.47
499443,Lembas,Universes Beyond: The Lord of the Rings: Tales of Middle-earth,969,1789,4639.88
553327,Nightshade Dryad,Modern Horizons 3,969,1399,372.93
687517,Serra Paragon,Commander: Secrets of Strixhaven,969,1744,4574.76
686557,Smallpox,Secrets of Strixhaven: Mystical Archive,966,1102,1896.48
632741,"Lindblum, Industrial Regency",FINAL FANTASY,965,1127,2529.88
559037,Dawn's Truce,Bloomburrow,965,1038,8887.05
688831,Ad Nauseam,Secrets of Strixhaven: Mystical Archive,964,985,14427.72
575157,Enduring Curiosity,Duskmourn: House of Horror,964,1017,6696.04
687612,"Breena, the Demagogue",Commander: Secrets of Strixhaven,963,1507,1872.01
552406,Apex Devastator,Commander: Modern Horizons 3,962,1158,4713.37
679609,Escape Tunnel,Teenage Mutant Ninja Turtles,962,1732,430.8
687633,Talisman of Hierarchy,Commander: Secrets of Strixhaven,961,1600,883.49
689080,Moment of Reckoning,Secrets of Strixhaven,961,1218,627.46
688843,Awaken the Woods,Secrets of Strixhaven: Mystical Archive,961,980,17997.36
679112,"Shredder, Shadow Master",Commander: Teenage Mutant Ninja Turtles,961,1174,1424.52
624267,Mistrise Village,Tarkir: Dragonstorm,960,1036,9288.29
648728,Mountain (0290),Avatar: The Last Airbender,960,3119,1208.64
591076,Basilisk Collar,Foundations,959,1197,4897.13
544336,High Noon,Outlaws of Thunder Junction,959,1390,6987.49
688814,Applied Geometry,Secrets of Strixhaven,958,1459,534.01
687401,Anger,Commander: Secrets of Strixhaven,957,1506,1379.65
687667,Arcane Lighthouse,Commander: Secrets of Strixhaven,957,1818,2954.31
696650,Scientist Supreme of A.I.M.,Marvel Super Heroes,956,1652,1046.68
687422,Guardian of Faith,Commander: Secrets of Strixhaven,955,1490,1447.61
268790,Witty Roastmaster,Streets of New Capenna,955,1292,1342.18
696664,Earth's Mightiest Heroes,Marvel Super Heroes,955,1406,3121.98
479581,Prologue to Phyresis,Phyrexia: All Will Be One,955,1375,810.8
687541,Sodden Verdure,Commander: Secrets of Strixhaven,954,1615,941.21
559146,Valley Floodcaller,Bloomburrow,954,1025,4711.65
679234,Underworld Breach (Borderless),Teenage Mutant Ninja Turtles Source Material,954,994,7896.06
230134,Masked Vandal,Kaldheim,953,1746,3072.3
488255,Reprieve,Universes Beyond: The Lord of the Rings: Tales of Middle-earth,953,1186,1888.6
525223,Diamond Pick-Axe,The Lost Caverns of Ixalan,952,1162,2368.77
273372,Decanter of Endless Water,Commander Legends: Battle for Baldur's Gate,951,1129,4765.92
679072,Trouble in Pairs (Borderless),Teenage Mutant Ninja Turtles Source Material,951,1011,15861.39
633410,The Regalia,FINAL FANTASY,951,1085,1663.97
631216,Eye of Nidhogg,Commander: FINAL FANTASY,951,1026,4916.19
687341,Defiling Daemogoth,Commander: Secrets of Strixhaven,951,1248,2621.67
696553,"Ms. Marvel, Kamala Khan (Borderless)",Marvel Super Heroes,950,1085,1442.12
687396,Darksteel Mutation,Commander: Secrets of Strixhaven,950,1754,1635.36
589747,Exemplar of Light (0011),Foundations,950,1206,3040.8
631324,Isolated Chapel,Commander: FINAL FANTASY,949,1351,588.97
671135,Tree of Perdition,Commander: Lorwyn Eclipsed,949,1189,4262.67
533895,Proft's Eidetic Memory,Murders at Karlov Manor,949,1143,2309.12
648725,Plains (0287),Avatar: The Last Airbender,948,2960,1039.09
638897,The Seriema,Edge of Eternities,948,1384,1211.28
513067,Utopia Sprawl,Wilds of Eldraine: Enchanting Tales,947,1252,2055.66
651336,"Carnage, Crimson Chaos",Marvel's Spider-Man,947,1150,1518.25
688920,Repel Calamity,Secrets of Strixhaven: Mystical Archive,946,1292,450.21
499536,Path to Exile,Commander: The Lord of the Rings: Tales of Middle-earth,946,1786,2445.61
6150,Caltrops,Urza's Destiny,944,1123,13379.25
696316,Armor Wars,Marvel Super Heroes,944,1540,927.76
630917,Summon: Bahamut,FINAL FANTASY,943,984,21577.96
662545,Great Divide Guide,Avatar: The Last Airbender,943,1354,1428.94
215384,"Vito, Thorn of the Dusk Rose",Core Set 2021,942,984,11576.73
227128,Open the Armory,Commander Legends,941,981,2754.83
188705,"Narset, Parter of Veils",War of the Spark,940,1407,1863.24
552853,Eviscerator's Insight,Modern Horizons 3,940,2020,741.82
688884,Crackle with Power,Secrets of Strixhaven: Mystical Archive,940,958,7706.14
5615,Lotus Petal,Tempest,939,1154,37326.22
648645,"Appa, Steadfast Guardian",Avatar: The Last Airbender,938,1036,8542.19
630864,Aerith Gainsborough,FINAL FANTASY,938,1059,2442.64
457215,Spirit Link,Dominaria Remastered,937,1398,502.27
673646,"Slash, Reptile Rampager",Teenage Mutant Ninja Turtles,937,1198,1387.26
499755,Heroic Intervention,Commander: The Lord of the Rings: Tales of Middle-earth,936,978,14342.14
662611,"Toph, Hardheaded Teacher",Avatar: The Last Airbender,936,1148,1439.74
188345,Bolt Bend,War of the Spark,935,1015,3793.8
268915,Slip Out the Back,Streets of New Capenna,934,1101,4525.83
207162,Underworld Dreams,Theros Beyond Death,933,1085,2181.67
591779,Thousand-Year Storm,Foundations,932,1044,1247.23
499572,Raise the Palisade,Commander: The Lord of the Rings: Tales of Middle-earth,932,1066,9980.92
591775,Firebrand Archer,Foundations,931,1384,408.66
221913,Cleansing Wildfire,Zendikar Rising,931,2348,1295.63
687551,Open the Way,Commander: Secrets of Strixhaven,930,1893,2096.54
552629,Worn Powerstone,Modern Horizons 3,930,1455,718.63
696272,Kang the Conqueror,Marvel Super Heroes,930,1478,2286.28
687573,Vernal Fen,Commander: Secrets of Strixhaven,930,1496,1166.95
679603,Coin of Mastery,Commander: Teenage Mutant Ninja Turtles,929,1305,2579.76
499815,Herald's Horn,Commander: The Lord of the Rings: Tales of Middle-earth,929,991,4552.83
687454,Nether Traitor,Commander: Secrets of Strixhaven,928,1366,2492.97
641746,Thrumming Hivepool,Edge of Eternities,927,1563,1732.45
700738,Doom Variant - Roaming Throne (Borderless),Marvel Universe Eternal-Legal,926,950,48228.45
648726,Island (0288),Avatar: The Last Airbender,926,3073,1085.81
687585,Woodland Cemetery,Commander: Secrets of Strixhaven,925,1670,757.5
662051,The Earth King,Avatar: The Last Airbender,925,1109,1262.06
687411,Ghoulish Impetus,Commander: Secrets of Strixhaven,924,1723,1469.8
687451,Benevolent Hydra,Commander: Secrets of Strixhaven,924,1342,2755.56
686630,"Quintorius, History Chaser (Borderless)",Commander: Secrets of Strixhaven,924,1777,1967.91
631225,Colossus Hammer,Commander: FINAL FANTASY,924,1839,1702.0
544354,Lavaspur Boots,Outlaws of Thunder Junction,923,1244,1433.64
687487,Priest of Forgotten Gods,Commander: Secrets of Strixhaven,923,1610,1410.16
687360,Chaos Warp,Commander: Secrets of Strixhaven,923,1404,1434.81
696271,"Echo, Perceptive Prodigy",Marvel Super Heroes,922,1586,849.3
533901,Doppelgang,Murders at Karlov Manor,922,1049,2376.19
686633,"Zimone, Infinite Analyst (Borderless)",Commander: Secrets of Strixhaven,921,1080,1133.21
660594,Fire Lord Azula,Avatar: The Last Airbender,921,1085,3008.68
687603,Assassin's Trophy,Commander: Secrets of Strixhaven,920,1508,1237.46
187186,Dovin's Veto,War of the Spark,920,996,3346.25
689364,Triumph of the Hordes,Secrets of Strixhaven: Mystical Archive,920,942,14636.01
624065,Tempest Hawk,Tarkir: Dragonstorm,919,2872,3048.11
632703,PuPu UFO,FINAL FANTASY,918,1357,733.3
498414,Delighted Halfling,Universes Beyond: The Lord of the Rings: Tales of Middle-earth,918,970,25645.12
633170,"Joshua, Phoenix's Dominant",FINAL FANTASY,917,999,2333.05
552644,Glasswing Grace,Modern Horizons 3,917,1113,599.58
689345,Cyclonic Rift,Secrets of Strixhaven: Mystical Archive,917,926,33661.33
544668,Annie Joins Up,Outlaws of Thunder Junction,916,961,4497.48
552309,"Ulamog, the Defiler",Modern Horizons 3,914,985,15453.05
679568,Endless Foot Assault,Commander: Teenage Mutant Ninja Turtles,914,1170,4492.9
657790,Forest (0257),Teenage Mutant Ninja Turtles,913,3091,2212.11
553237,Refurbished Familiar,Modern Horizons 3,913,2271,916.13
558346,Parting Gust,Bloomburrow,913,1198,1146.56
575288,Ethereal Armor,Duskmourn: House of Horror,913,1267,800.13
646616,"Green Goblin, Revenant",Marvel's Spider-Man,913,1026,414.09
671536,Gathering Stone,Lorwyn Eclipsed,912,1257,956.47
679158,High Score,Commander: Teenage Mutant Ninja Turtles,912,1225,1502.59
630932,Black Mage's Rod,FINAL FANTASY,911,1467,588.53
615206,Stridehangar Automaton,Commander: Aetherdrift,911,1263,3193.76
687670,Cascade Bluffs,Commander: Secrets of Strixhaven,911,1594,1345.04
191582,Defile,Modern Horizons,911,1197,1577.55
552618,Harbinger of the Seas,Modern Horizons 3,909,1383,2389.6
686632,"Rootha, Mastering the Moment (Borderless)",Commander: Secrets of Strixhaven,908,1140,1075.7
688983,Wildgrowth Archaic (Borderless),Secrets of Strixhaven,908,1050,1298.13
239716,Drossforge Bridge,Modern Horizons 2,908,1761,2192.7
689053,Tragedy Feaster,Secrets of Strixhaven,907,1261,610.31
624738,Nature's Rhythm,Tarkir: Dragonstorm,906,1062,5575.47
499776,Asceticism,Commander: The Lord of the Rings: Tales of Middle-earth,905,1152,4729.78
687583,Immoral Bargain,Commander: Secrets of Strixhaven,904,1374,1879.35
499456,Mithril Coat,Universes Beyond: The Lord of the Rings: Tales of Middle-earth,902,922,26544.4
498367,Orcish Bowmasters,Universes Beyond: The Lord of the Rings: Tales of Middle-earth,902,1051,50732.94
575069,Razorkin Needlehead,Duskmourn: House of Horror,901,970,5477.64
686602,Quandrix Charm,Secrets of Strixhaven,901,1402,415.58
544475,Forsaken Miner,Outlaws of Thunder Junction,898,1414,2437.37
671236,Realmwalker,Commander: Lorwyn Eclipsed,898,1469,1929.14
697062,Training Regimen,Marvel Super Heroes,897,1318,506.85
687398,Pest Rescuer,Commander: Secrets of Strixhaven,897,1285,2245.46
233914,Simian Spirit Guide,Time Spiral: Remastered,897,1142,4063.52
696547,"Iron Lad, Diverging Destiny",Marvel Super Heroes,896,1157,453.3
660549,The Legend of Roku,Avatar: The Last Airbender,896,1050,11828.85
457137,Wild Growth,Dominaria Remastered,896,1402,828.59
697485,Heaven-Sent Marvel - Archangel of Thune (Borderless),Marvel Universe Eternal-Legal,895,958,21203.73
687391,Bloodghast,Commander: Secrets of Strixhaven,894,1813,1575.79
162257,Jhoira's Familiar,Dominaria,894,1025,1563.42
689522,Essenceknit Scholar,Secrets of Strixhaven,893,1195,326.08
641983,Horizon Explorer,Commander: Edge of Eternities,892,1153,2696.6
687382,Blight Mound,Commander: Secrets of Strixhaven,892,1593,1292.75
687499,Elvish Mystic,Commander: Secrets of Strixhaven,891,1436,966.76
630898,Mountain (0305),FINAL FANTASY,891,3054,1021.7
668578,High Perfect Morcant,Lorwyn Eclipsed,891,982,1405.44
559973,Reliquary Tower,Commander: Bloomburrow,890,985,3912.89
696277,Secret Invasion,Marvel Super Heroes,890,1501,739.87
458178,Peregrine Drake,Dominaria Remastered,889,1311,485.93
687526,Shielded by Faith,Commander: Secrets of Strixhaven,889,1526,849.92
643049,"Evendo, Waking Haven",Edge of Eternities,888,950,13658.47
643621,Pinnacle Emissary,Edge of Eternities,888,1521,2487.63
544208,Slickshot Show-Off,Outlaws of Thunder Junction,888,1302,8085.62
499506,Cultivate,Commander: The Lord of the Rings: Tales of Middle-earth,888,1120,487.96
524220,Growing Rites of Itlimoc,The Lost Caverns of Ixalan,888,956,7637.13
634034,"Midgar, City of Mako",FINAL FANTASY,888,1003,2383.91
1381,Dark Ritual,Revised Edition,887,1256,3961.43
687547,Swords to Plowshares,Commander: Secrets of Strixhaven,887,1523,2527.11
630950,"Sephiroth, Fabled SOLDIER",FINAL FANTASY,886,953,31940.09
687504,Forgotten Ancient,Commander: Secrets of Strixhaven,886,1258,514.19
559849,Helm of the Host,Commander: Bloomburrow,886,958,8677.53
631130,Puresteel Paladin,Commander: FINAL FANTASY,885,1148,910.38
671473,Sunderflock,Lorwyn Eclipsed,885,1173,2320.5
559948,Farseek,Commander: Bloomburrow,885,1392,1397.63
661945,The Unagi of Kyoshi Island,Avatar: The Last Airbender,885,1084,1974.12
630929,Traveling Chocobo,FINAL FANTASY,885,950,18005.69
268317,An Offer You Can't Refuse,Streets of New Capenna,884,973,2450.96
532918,Thundering Falls,Murders at Karlov Manor,884,999,15796.25
697030,Loki Laufeyson,Marvel Super Heroes,884,1272,516.67
559040,Feather of Flight,Bloomburrow,883,1368,545.15
687495,Big Score,Commander: Secrets of Strixhaven,883,1687,1227.39
642024,Arcane Signet,Commander: Edge of Eternities,882,2108,1107.1
689407,Expressive Iteration,Secrets of Strixhaven: Mystical Archive,882,1051,1437.24
559854,Mind Stone,Commander: Bloomburrow,882,1289,707.52
243205,Feign Death,Adventures in the Forgotten Realms,882,1116,1100.0
687689,High Market,Commander: Secrets of Strixhaven,880,1581,1198.08
235670,Sudden Breakthrough,Strixhaven: School of Mages,880,1029,359.96
638908,"Tezzeret, Cruel Captain",Edge of Eternities,880,1032,19930.12
525238,Roaming Throne,The Lost Caverns of Ixalan,879,915,45155.52
591057,Boros Charm,Foundations,879,1177,5440.01
687505,Viscera Seer,Commander: Secrets of Strixhaven,879,1515,786.9
687524,Rogue's Passage,Commander: Secrets of Strixhaven,878,1570,760.19
631550,Talisman of Indulgence,Commander: FINAL FANTASY,877,1111,2376.45
532880,Commercial District,Murders at Karlov Manor,877,1030,7930.45
696569,Claim the Kingdom,Marvel Super Heroes,877,1426,1577.29
661961,"Mai, Scornful Striker",Avatar: The Last Airbender,877,1051,1648.72
661951,Firebender Ascension,Avatar: The Last Airbender,877,1072,1126.79
631197,Nature's Lore,Commander: FINAL FANTASY,877,1052,2851.2
688829,Geometer's Arthropod (Borderless),Secrets of Strixhaven,876,989,1181.02
631208,Champion's Helm,Commander: FINAL FANTASY,876,1167,3198.96
646522,"Anti-Venom, Horrifying Healer",Marvel's Spider-Man,876,994,5457.45
651996,Strength of Will,Marvel's Spider-Man,875,1064,1531.73
552857,"Ashling, Flame Dancer",Modern Horizons 3,875,918,5184.7
563893,Vengeful Bloodwitch,Foundations,875,1363,425.85
687503,Selfless Spirit,Commander: Secrets of Strixhaven,874,1577,844.25
643478,Cryogen Relic,Edge of Eternities,874,1734,673.51
631303,Thought Vessel,Commander: FINAL FANTASY,874,1364,3334.76
641961,"Braids, Arisen Nightmare",Commander: Edge of Eternities,873,1160,3734.39
635622,"Ishgard, the Holy See",FINAL FANTASY,873,926,1990.21
243352,Druid Class,Adventures in the Forgotten Realms,873,2183,3562.05
656681,Deceit,Lorwyn Eclipsed,873,1260,6771.48
479034,Infectious Bite,Phyrexia: All Will Be One,872,1203,945.44
183219,Rhythm of the Wild,Ravnica Allegiance,872,923,4080.86
642801,Etherium Sculptor,Commander: Edge of Eternities,872,1303,875.35
690169,Flusterstorm,Secrets of Strixhaven: Mystical Archive,872,917,9826.8
697066,Epic Fight (Borderless),Marvel Super Heroes,872,1000,871.19
657762,"Michelangelo, the Heart (0005) (Borderless)",Commander: Teenage Mutant Ninja Turtles,871,1366,1932.01
688657,Restoration Seminar (Borderless),Secrets of Strixhaven,871,924,8430.53
686549,Grave Researcher (Extended Art),Secrets of Strixhaven,871,938,6115.27
499188,Flowering of the White Tree,Universes Beyond: The Lord of the Rings: Tales of Middle-earth,870,889,8863.69
651942,Superior Spider-Man,Marvel's Spider-Man,870,1202,3058.4
239440,Squirrel Mob,Modern Horizons 2,870,1131,1024.92
512656,Night of the Sweets' Revenge,Wilds of Eldraine,870,1053,1067.52
552728,Toxic Deluge,Modern Horizons 3,870,960,5291.67
686607,Silverquill Charm,Secrets of Strixhaven,870,1371,428.06
615204,Conjurer's Closet,Commander: Aetherdrift,870,1090,4025.44
633126,Wild Rose Rebellion - Counterspell (Showcase),FINAL FANTASY: Through the Ages,870,1028,3105.82
66624,Sphere of Safety,Return to Ravnica,869,919,4081.46
662551,The Legend of Kyoshi,Avatar: The Last Airbender,869,929,5491.27
556007,Overpowering Attack,Universes Beyond: Assassin's Creed,869,1130,1321.5
499538,Swords to Plowshares,Commander: The Lord of the Rings: Tales of Middle-earth,869,1482,2195.64
591209,Swiftfoot Boots (Borderless),Foundations,868,1423,4628.08
688951,Decorum Dissertation (Borderless),Secrets of Strixhaven,868,911,14690.68
632635,Summon: Knights of Round,FINAL FANTASY,868,905,12332.1
235964,Sedgemoor Witch,Strixhaven: School of Mages,867,971,8349.02
544271,Great Train Heist,Outlaws of Thunder Junction,866,970,3666.18
673643,"Raphael, the Nightwatcher",Teenage Mutant Ninja Turtles,866,1001,1231.0
686615,"Prismari, the Inspiration (Borderless)",Secrets of Strixhaven,865,869,20126.49
688875,Living End,Secrets of Strixhaven: Mystical Archive,865,965,4204.82
673630,Dark Leo & Shredder,Teenage Mutant Ninja Turtles,865,925,5789.91
498376,Rising of the Day,Universes Beyond: The Lord of the Rings: Tales of Middle-earth,865,1012,803.63
563870,Helpful Hunter,Foundations,865,1237,388.47
240340,Ornithopter of Paradise,Modern Horizons 2,864,1140,1068.15
58174,Cloudshift,Avacyn Restored,864,1100,1039.93
14311,Ophidian Eye,Time Spiral,864,881,12496.56
624176,Will of the Jeskai,Commander: Tarkir: Dragonstorm,863,1116,3578.36
686585,Giant Growth,Secrets of Strixhaven: Mystical Archive,863,1296,436.94
689624,Growth Curve,Secrets of Strixhaven,863,1221,369.38
544486,"Kambal, Profiteering Mayor",Outlaws of Thunder Junction,863,964,5451.62
696576,"Winter Soldier, Icy Assassin",Marvel Super Heroes,862,1368,773.76
525779,Sol Ring,Commander: The Lost Caverns of Ixalan,862,1382,2236.87
498305,"Boromir, Warden of the Tower",Universes Beyond: The Lord of the Rings: Tales of Middle-earth,862,979,5362.9
4641,Dark Ritual,Ice Age,862,1093,3854.05
532888,Assassin's Trophy,Murders at Karlov Manor,862,1067,1698.11
631305,Hardened Scales,Commander: FINAL FANTASY,861,1115,2411.2
687496,Cultivate,Commander: Secrets of Strixhaven,860,1430,572.16
656712,Steam Vents (Borderless),Lorwyn Eclipsed,860,951,18726.93
126369,Winding Constrictor,Aether Revolt,859,1529,716.15
671204,Evolution Sage,Commander: Lorwyn Eclipsed,858,1029,2592.71
499811,Vanquisher's Banner,Commander: The Lord of the Rings: Tales of Middle-earth,858,1096,4628.6
660653,Planetarium of Wan Shi Tong,Avatar: The Last Airbender,858,916,5501.1
589330,Crystal Barricade,Foundations,858,1010,1638.94
689488,Choreographed Sparks,Secrets of Strixhaven,858,1159,442.66
615181,Treasure Vault,Commander: Aetherdrift,857,1291,1492.03
643036,Pain for All,Edge of Eternities,857,1175,696.63
498525,Forge Anew,Universes Beyond: The Lord of the Rings: Tales of Middle-earth,856,901,4358.99
625277,Dragon Sniper,Tarkir: Dragonstorm,856,1203,1069.17
631135,Anger,Commander: FINAL FANTASY,855,1154,925.88
590858,Doubling Season,Foundations,855,871,28482.04
243329,Cleric Class,Adventures in the Forgotten Realms,855,966,1820.77
630901,Forest (0307),FINAL FANTASY,855,2829,1007.38
631291,Conqueror's Flail,Commander: FINAL FANTASY,855,1202,1288.16
689108,Germination Practicum (Borderless),Secrets of Strixhaven,855,876,14477.94
689531,Vibrant Outburst,Secrets of Strixhaven,854,1506,464.85
123071,Reckless Fireweaver,Kaladesh,854,1153,983.49
687692,Llanowar Wastes,Commander: Secrets of Strixhaven,854,1352,950.03
499216,Rise of the Witch-king,Universes Beyond: The Lord of the Rings: Tales of Middle-earth,853,958,864.58
240035,Esper Sentinel,Modern Horizons 2,853,905,52529.9
187122,Flux Channeler,War of the Spark,853,1007,3098.66
552301,"K'rrik, Son of Yawgmoth",Modern Horizons 3,853,1025,795.18
90945,Elvish Mystic,Magic 2015 (M15),853,1229,721.16
652016,Spider Manifestation,Marvel's Spider-Man,852,1489,468.3
552841,Planar Genesis,Modern Horizons 3,852,1150,783.16
552861,Archway of Innovation,Modern Horizons 3,852,1108,969.85
452208,Gaea's Gift,The Brothers' War,852,1057,1178.3
589328,Bloodthirsty Conqueror,Foundations,851,897,31536.51
687478,Pawn of Ulamog,Commander: Secrets of Strixhaven,851,1375,1774.37
552625,Ophiomancer,Modern Horizons 3,851,942,1162.27
615171,Blasphemous Act,Commander: Aetherdrift,850,1368,1207.8
651360,"Gwenom, Remorseless",Marvel's Spider-Man,850,873,4841.85
283524,Relic of Legends,Dominaria United,850,942,2504.14
591325,Heraldic Banner,Foundations,850,1208,441.34
552621,Strix Serenade,Modern Horizons 3,850,1160,2527.36
239718,Mistvault Bridge,Modern Horizons 2,849,1489,959.09
631246,Trailblazer's Boots,Commander: FINAL FANTASY,849,1160,1739.92
116436,Open the Armory,Shadows over Innistrad,849,981,2418.47
696498,The Super Hero Civil War,Marvel Super Heroes,848,1351,716.42
129733,Nest of Scarabs,Amonkhet,847,949,5228.43
688478,Resonating Lute (Extended Art),Secrets of Strixhaven,846,924,5251.99
559918,Thought Vessel,Commander: Bloomburrow,846,983,2983.07
696429,"Captain America, First Avenger (Borderless)",Marvel Universe Eternal-Legal,845,856,15963.64
240460,Duskshell Crawler,Modern Horizons 2,845,1077,349.98
633138,Summon: Titan,FINAL FANTASY,845,960,1445.18
696438,"Wolverine, Best There Is (Borderless)",Marvel Universe Eternal-Legal,845,849,24370.85
253770,End the Festivities,Innistrad: Crimson Vow,845,1421,1589.6
632061,Shadowbringers - Dovin's Veto (Showcase),FINAL FANTASY: Through the Ages,845,936,2152.03
544175,Insatiable Avarice,Outlaws of Thunder Junction,844,954,4853.17
633174,"Jenova, Ancient Calamity",FINAL FANTASY,844,920,2167.93
679117,Splinter of the Shadows - Ashcoat of the Shadow Swarm (Borderless),Teenage Mutant Ninja Turtles Source Material,844,975,4970.77
668476,Moon Girl and Devil Dinosaur,Marvel Super Heroes,843,1402,641.46
240157,Tireless Provisioner,Modern Horizons 2,843,933,2384.28
631296,Talisman of Dominance,Commander: FINAL FANTASY,843,972,1734.92
671489,Requiting Hex,Lorwyn Eclipsed,842,1795,1400.71
673608,"Rat King, Verminister",Teenage Mutant Ninja Turtles,842,993,884.37
559718,Agate Instigator,Commander: Bloomburrow,842,1060,7275.96
105594,Dispel,Battle for Zendikar,841,1268,824.21
525827,Unclaimed Territory,Commander: The Lost Caverns of Ixalan,841,1269,717.2
696417,Simulacrum Synthesizer (Borderless),Marvel Universe Eternal-Legal,840,892,18177.38
630890,Swamp (0301),FINAL FANTASY,840,2887,900.59
644278,Starwinder,Edge of Eternities,840,953,1022.06
642795,Cyberdrive Awakener,Commander: Edge of Eternities,840,992,2164.85
687361,Angel of Indemnity,Commander: Secrets of Strixhaven,839,1563,942.38
226641,"Rograkh, Son of Rohgahh",Commander Legends,839,965,2791.24
687618,Culling Ritual,Commander: Secrets of Strixhaven,839,1572,938.54
499750,Swan Song,Commander: The Lord of the Rings: Tales of Middle-earth,839,889,7945.57
187187,Bolas's Citadel,War of the Spark,838,859,14222.38
142005,Herald of Secret Streams,Ixalan,838,1027,5796.56
687403,Faithless Looting,Commander: Secrets of Strixhaven,838,1652,723.0
93202,Brave the Sands,Khans of Tarkir,838,888,3286.84
679621,Command Tower,Commander: Teenage Mutant Ninja Turtles,838,1268,456.76
651910,Spider-Sense,Marvel's Spider-Man,838,1014,2019.99
670971,Vibrance,Lorwyn Eclipsed,836,1100,5289.38
552407,Archon of Cruelty,Commander: Modern Horizons 3,836,1417,9246.81
504530,Kodama's Reach (Borderless),Commander Masters,836,2041,3347.48
182965,Wilderness Reclamation,Ravnica Allegiance,835,1003,2387.95
687533,Songbirds' Blessing,Commander: Secrets of Strixhaven,835,1550,1746.88
630955,Summon: Primal Odin,FINAL FANTASY,834,893,1606.73
687523,Sheltered by Ghosts,Commander: Secrets of Strixhaven,834,1774,2632.43
687399,Brazen Borrower,Commander: Secrets of Strixhaven,834,1921,2267.24
618874,"Y'shtola, Night's Blessed",Commander: FINAL FANTASY,834,1634,4640.41
11311,Vault of Whispers,Mirrodin,833,1450,5426.46
631894,Vincent Valentine,FINAL FANTASY,832,1018,1748.42
631124,"Gogo, Mysterious Mime",Commander: FINAL FANTASY,832,1085,2698.64
550845,Devourer of Destiny,Modern Horizons 3,831,1477,2061.68
688513,Steal the Show,Secrets of Strixhaven,831,1052,409.15
641969,Blasphemous Act,Commander: Edge of Eternities,831,1289,1402.82
696432,"Iron Man, Titan of Innovation (Borderless)",Marvel Universe Eternal-Legal,831,854,12913.76
673649,Chrome Dome,Teenage Mutant Ninja Turtles,831,1003,954.0
688527,Splatter Technique,Secrets of Strixhaven,831,1310,463.65
642855,Karn's Bastion,Commander: Edge of Eternities,831,1167,2680.81
631548,Farseek,Commander: FINAL FANTASY,830,1882,1394.94
696363,Mountain (0283),Marvel Super Heroes,830,3175,1444.65
642807,"Tekuthal, Inquiry Dominus",Commander: Edge of Eternities,830,1824,2787.42
689409,Fracture,Secrets of Strixhaven: Mystical Archive,830,927,997.53
687576,Defacing Duskmage,Commander: Secrets of Strixhaven,829,1211,1641.12
648727,Swamp (0289),Avatar: The Last Airbender,829,2462,893.15
71039,"Nykthos, Shrine to Nyx",Theros,829,874,44694.62
630780,"Yuna, Grand Summoner",Commander: FINAL FANTASY,828,1863,7911.05
688818,Echocasting Symposium (Borderless),Secrets of Strixhaven,828,857,6981.76
687571,Twilight Mire,Commander: Secrets of Strixhaven,828,1407,543.21
552584,Disruptor Flute,Modern Horizons 3,828,1467,2450.78
696351,The Ten Rings (Borderless),Marvel Super Heroes,828,906,15827.88
499507,Farseek,Commander: The Lord of the Rings: Tales of Middle-earth,827,1054,776.36
651978,Oscorp Industries,Marvel's Spider-Man,827,944,1193.5
673570,Kitsune's Technique,Teenage Mutant Ninja Turtles,827,1054,1396.36
221774,Valakut Awakening,Zendikar Rising,826,894,14196.16
6245,Sigil of Sleep,Urza's Destiny,826,909,4936.61
634189,Magic Damper,FINAL FANTASY,826,1214,324.83
183033,Smothering Tithe,Ravnica Allegiance,826,839,43753.43
688913,Empty the Warrens,Secrets of Strixhaven: Mystical Archive,826,930,635.74
631265,An Offer You Can't Refuse,Commander: FINAL FANTASY,826,1107,2632.62
648733,Avatar Aang,Avatar: The Last Airbender,825,946,3386.58
631006,"Kefka, Court Mage",FINAL FANTASY,825,887,4635.93
646639,Mountain (0192),Marvel's Spider-Man,825,2535,855.01
530025,Demand Answers (Showcase),Murders at Karlov Manor,824,1045,577.06
187204,Cruel Celebrant,War of the Spark,824,1020,1138.31
631196,Path to Exile,Commander: FINAL FANTASY,824,1151,1433.53
39062,Phyresis,Mirrodin Besieged,824,1023,1861.87
630924,Y'shtola Rhul,FINAL FANTASY,824,869,4544.89
630879,Plains (0295),FINAL FANTASY,823,3365,1005.31
687606,Umbral Expanse,Commander: Secrets of Strixhaven,823,1425,1289.77
679071,Teleportation Circle (Borderless),Teenage Mutant Ninja Turtles Source Material,823,920,4205.59
661944,Shared Roots,Avatar: The Last Airbender,823,1235,836.26
235658,Solve the Equation,Strixhaven: School of Mages,822,866,3214.62
558384,Ms. Bumbleflower (Borderless),Commander: Bloomburrow,822,1416,8634.83
689537,"Moseo, Vein's New Dean (Extended Art)",Secrets of Strixhaven,822,879,2362.35
556351,"Alexios, Deimos of Kosmos",Universes Beyond: Assassin's Creed,822,1716,905.9
631262,Inexorable Tide,Commander: FINAL FANTASY,822,1210,1874.49
641971,"Moraug, Fury of Akoum",Commander: Edge of Eternities,821,964,2181.92
283381,"Elas il-Kor, Sadistic Pilgrim",Dominaria United,821,913,2183.27
642790,Uthros Research Craft,Commander: Edge of Eternities,821,1155,1383.82
687652,Stormcatch Mentor,Commander: Secrets of Strixhaven,820,1225,702.17
552614,Wrath of the Skies,Modern Horizons 3,820,1504,2616.23
687691,Isolated Chapel,Commander: Secrets of Strixhaven,820,1552,562.47
687580,Eccentric Pestfinder,Commander: Secrets of Strixhaven,820,1014,840.22
560241,Brightcap Badger,Commander: Bloomburrow,820,1142,1230.2
552647,Strength of the Harvest,Modern Horizons 3,820,1051,481.89
687680,Fetid Heath,Commander: Secrets of Strixhaven,820,1339,733.05
696302,HULK SMASH! (Borderless),Marvel Super Heroes,820,1219,559.59
129978,Approach of the Second Sun,Amonkhet,819,921,4088.42
559819,Combat Celebrant,Commander: Bloomburrow,819,1062,1204.84
526191,Fanatical Offering,The Lost Caverns of Ixalan,819,1707,2807.51
656844,Paradise Chocobo - Birds of Paradise (Borderless),Commander: FINAL FANTASY,818,914,14884.07
235118,Storm-Kiln Artist,Strixhaven: School of Mages,818,937,2187.86
631307,Incubation Druid,Commander: FINAL FANTASY,818,1010,1322.61
679615,Hidden Hideout,Commander: Teenage Mutant Ninja Turtles,818,1166,4541.28
686621,Colorstorm Stallion (Borderless),Secrets of Strixhaven,817,1010,2395.89
696325,The Kingpin of Crime,Marvel Super Heroes,816,1151,796.47
687659,Wight of the Reliquary,Commander: Secrets of Strixhaven,816,1352,903.26
633189,"Golbez, Clad in Darkness - Syr Konrad, the Grim (Showcase)",FINAL FANTASY: Through the Ages,815,930,1585.8
631194,Propaganda,Commander: FINAL FANTASY,815,959,3136.73
212233,Surly Badgersaur,Commander 2020,815,854,10368.26
696390,Hit-Monkey,Commander: Marvel Super Heroes,815,881,7522.45
633977,Memories of Nibelheim - Stroke of Midnight (Showcase),FINAL FANTASY: Through the Ages,814,1065,3017.55
631114,Authority of the Consuls,Commander: FINAL FANTASY,814,1004,4415.79
688645,Ambitious Augmenter,Secrets of Strixhaven,814,1179,415.94
696423,Defense of the Heart (Borderless),Marvel Universe Eternal-Legal,814,901,8203.72
679577,"Krang, the All-Powerful",Commander: Teenage Mutant Ninja Turtles,814,1175,795.66
679138,All Will Be One (Borderless),Teenage Mutant Ninja Turtles Source Material,813,841,10958.44
532907,Meticulous Archive,Murders at Karlov Manor,812,964,10719.39
646637,Forest (0193),Marvel's Spider-Man,812,2643,1345.24
498682,"Lotho, Corrupt Shirriff",Universes Beyond: The Lord of the Rings: Tales of Middle-earth,812,827,11074.89
696566,Avengers Disassembled (Borderless),Marvel Super Heroes,811,1200,2019.67
206025,Mountain,Theros Beyond Death,811,3117,5377.95
558383,Hazel of the Rootbloom (Borderless),Commander: Bloomburrow,811,1136,1904.49
671239,Return of the Wildspeaker,Commander: Lorwyn Eclipsed,810,1216,1194.06
253735,Undying Malice,Innistrad: Crimson Vow,810,950,623.4
688525,Thunderdrum Soloist,Secrets of Strixhaven,810,1157,1345.91
111073,Slip Through Space,Oath of the Gatewatch,810,1078,586.37
646034,"Lyla, Holographic Assistant",Marvel's Spider-Man: Eternal-Legal,810,929,7664.2
651851,Impostor Syndrome,Marvel's Spider-Man,810,849,5884.84
591199,Sire of Seven Deaths,Foundations,810,939,16789.01
238617,Counterspell,Modern Horizons 2,810,1037,2766.35
696469,Baxter Building,Marvel Super Heroes,810,1693,1746.44
577658,Silent Hallcreeper,Duskmourn: House of Horror,809,940,1904.41
14720,Essence Warden,Planar Chaos,809,976,4936.3
559964,"Chatterfang, Squirrel General",Commander: Bloomburrow,809,944,7806.44
624591,Herd Heirloom,Tarkir: Dragonstorm,809,890,3580.6
657751,"Krang, Master Mind",Teenage Mutant Ninja Turtles,808,1150,1571.88
624279,Will of the Mardu,Commander: Tarkir: Dragonstorm,808,1202,3068.97
499582,Galadhrim Ambush,Commander: The Lord of the Rings: Tales of Middle-earth,807,1051,4513.02
651386,Peter Parker's Camera,Marvel's Spider-Man,807,947,1555.75
656705,Hallowed Fountain (Borderless),Lorwyn Eclipsed,807,917,13790.81
660617,"Bumi, Unleashed",Avatar: The Last Airbender,807,842,3618.4
686578,Improvisation Capstone (Borderless),Secrets of Strixhaven,807,838,17381.03
9616,Cabal Ritual,Torment,806,934,16211.91
687485,Determined Iteration,Commander: Secrets of Strixhaven,806,1315,2087.25
1712,Dark Ritual,Fourth Edition,806,1099,4027.73
686595,Pest Mascot,Secrets of Strixhaven,806,1287,290.1
696360,Island (0280),Marvel Super Heroes,805,3696,1844.13
590863,"Alesha, Who Laughs at Fate",Foundations,805,914,1220.75
496031,Call of the Ring,Universes Beyond: The Lord of the Rings: Tales of Middle-earth,805,901,4031.2
634624,"Venat, Heart of Hydaelyn",FINAL FANTASY,804,883,1357.74
552738,Sowing Mycospawn,Modern Horizons 3,804,1254,2008.95
544417,Three Steps Ahead,Outlaws of Thunder Junction,804,975,7326.52
532938,Elegant Parlor,Murders at Karlov Manor,804,968,9925.72
238607,Arid Mesa,Modern Horizons 2,803,940,30609.27
696364,Mountain (0284),Marvel Super Heroes,803,2929,1386.11
673670,"Raph & Leo, Sibling Rivals",Teenage Mutant Ninja Turtles,803,900,1008.64
631880,"Ultima, Origin of Oblivion",FINAL FANTASY,803,1003,1422.98
631278,Scavenger Grounds,Commander: FINAL FANTASY,803,1157,483.31
697137,"Matt Murdock, Justice Seeker",Commander: Marvel Super Heroes,801,879,3806.52
222130,Negate,Zendikar Rising,801,1382,428.96
479616,Infectious Inquiry,Phyrexia: All Will Be One,801,1344,549.43
36465,Tainted Strike,Scars of Mirrodin,801,1004,2740.67
679619,Sol Ring,Commander: Teenage Mutant Ninja Turtles,800,1099,1867.52
657760,"Raphael, the Muscle (0004) (Borderless)",Commander: Teenage Mutant Ninja Turtles,800,1367,1256.4
671233,Kodama's Reach,Commander: Lorwyn Eclipsed,800,1511,2210.95
576520,Hushwood Verge,Duskmourn: House of Horror,800,1036,7098.22
273294,Breath Weapon,Commander Legends: Battle for Baldur's Gate,800,1339,5818.21
697431,Swordsman's Steel,Commander: Marvel Super Heroes,799,842,20310.72
687572,Silkguard,Commander: Secrets of Strixhaven,799,1379,823.17
590826,"Giada, Font of Hope",Foundations,799,1297,847.95
687608,Haywire Mite,Commander: Secrets of Strixhaven,798,1487,3516.17
558320,"Camellia, the Seedmiser",Bloomburrow,798,939,1734.98
686517,Together as One,Secrets of Strixhaven,798,1190,392.27
631559,Generous Patron,Commander: FINAL FANTASY,798,1063,2015.84
162175,Rat Colony,Dominaria,797,3421,21823.39
696412,T'Challa's Protection - Teferi's Protection (Borderless),Marvel Universe Eternal-Legal,797,849,29590.33
648704,Fated Firepower,Avatar: The Last Airbender,797,846,4665.16
631583,Dragonskull Summit,Commander: FINAL FANTASY,797,1357,919.19
656714,Temple Garden (Borderless),Lorwyn Eclipsed,796,897,11981.59
534638,Leyline of the Guildpact,Murders at Karlov Manor,796,1030,4581.32
105714,Zulaport Cutthroat,Battle for Zendikar,796,928,1425.06
671166,"Vraska, Betrayal's Sting",Commander: Lorwyn Eclipsed,796,1269,1318.49
633991,Overkill,FINAL FANTASY,796,1145,375.0
696944,"Black Widow, Agile Avenger",Commander: Marvel Super Heroes,795,967,13532.89
646575,Spider-Punk,Marvel's Spider-Man,795,929,1884.66
646638,Island (0190),Marvel's Spider-Man,794,2660,945.95
630892,Swamp (0302),FINAL FANTASY,794,2728,918.67
479363,Vraska's Fall,Phyrexia: All Will Be One,794,1072,360.76
512597,Grasp of Fate,Wilds of Eldraine: Enchanting Tales,794,965,446.21
641978,Exploration Broodship,Commander: Edge of Eternities,794,1123,4040.85
479182,Drown in Ichor,Phyrexia: All Will Be One,793,1255,1176.82
631319,Fetid Heath,Commander: FINAL FANTASY,793,1068,768.29
615058,Renewed Solidarity,Commander: Aetherdrift,793,972,6097.17
512540,Intangible Virtue,Wilds of Eldraine: Enchanting Tales,793,955,338.1
532911,Raucous Theater,Murders at Karlov Manor,793,871,9465.19
532872,Warleader's Call,Murders at Karlov Manor,792,855,6357.73
630903,Forest (0308),FINAL FANTASY,792,2417,777.86
240055,Dragon's Rage Channeler,Modern Horizons 2,792,1288,2353.85
553219,"Yavimaya, Cradle of Growth",Commander: Modern Horizons 3,792,823,12534.51
641805,Singularity Rupture,Edge of Eternities,792,958,788.01
591742,"Lathril, Blade of the Elves",Foundations,792,915,1462.87
553297,Twisted Landscape,Modern Horizons 3,791,1648,428.16
188119,"Krenko, Tin Street Kingpin",War of the Spark,790,836,2548.69
696487,"Daredevil, Man Without Fear (Borderless) (0372)",Marvel Super Heroes,790,818,5496.11
507143,Frantic Search (Borderless),Commander Masters,790,1053,1189.35
215373,Peer into the Abyss,Core Set 2021,790,845,2522.01
475527,Swamp (269) - Full Art,Phyrexia: All Will Be One,789,2326,6717.85
212717,Ram Through,Ikoria: Lair of Behemoths,789,1423,816.7
696434,Ravenous Tyrannosaurus (Borderless),Marvel Universe Eternal-Legal,789,842,8127.41
679639,Vernal Fen,Commander: Teenage Mutant Ninja Turtles,789,1267,753.65
696623,Alien Invasion,Marvel Super Heroes,788,1424,947.63
71316,Aqueous Form,Theros,788,1374,920.61
662403,Agna Qel'a,Avatar: The Last Airbender,788,952,1305.53
532910,Underground Mortuary,Murders at Karlov Manor,787,866,13300.08
671173,Endurance,Commander: Lorwyn Eclipsed,787,1763,6784.82
656672,Mutable Explorer,Lorwyn Eclipsed,787,959,1175.32
591021,Bolt Bend,Foundations,787,1068,2673.45
671266,Chromatic Lantern,Commander: Lorwyn Eclipsed,787,1204,1363.56
646685,Swamp (0191),Marvel's Spider-Man,787,2466,1302.13
524261,Arcane Signet,Commander: The Lost Caverns of Ixalan,787,1161,710.04
34738,Soul's Attendant,Rise of the Eldrazi,786,870,4425.73
642782,Patrolling Peacemaker,Commander: Edge of Eternities,786,1277,1585.46
539393,Sol Ring,Universes Beyond: Fallout,786,1064,1967.25
688517,Mana Sculpt (Extended Art),Secrets of Strixhaven,785,880,2071.68
696474,Origin of the Avengers,Marvel Super Heroes,785,1596,917.75
687520,Sevinne's Reclamation,Commander: Secrets of Strixhaven,785,1149,473.76
631192,Luminous Broodmoth,Commander: FINAL FANTASY,785,1060,1128.13
39432,Suture Priest,New Phyrexia,784,911,2312.38
631207,Graven Cairns,Commander: FINAL FANTASY,784,973,2089.84
686611,"Tam, Observant Sequencer",Secrets of Strixhaven,784,1032,616.28
679616,Chromatic Lantern,Commander: Teenage Mutant Ninja Turtles,783,1108,1644.87
553235,Talon Gates of Madara,Commander: Modern Horizons 3,783,1161,22209.65
479492,Cankerbloom,Phyrexia: All Will Be One,783,1035,680.41
615186,Arcane Denial,Commander: Aetherdrift,782,1080,1881.96
679614,Arcane Signet,Commander: Teenage Mutant Ninja Turtles,782,1021,752.74
696435,"Storm, Force of Nature (Borderless)",Marvel Universe Eternal-Legal,782,797,10027.24
235117,Witherbloom Apprentice,Strixhaven: School of Mages,781,1111,1006.03
238609,Misty Rainforest,Modern Horizons 2,781,895,31538.45
253668,Hullbreaker Horror,Innistrad: Crimson Vow,781,813,4511.9
668474,Thunderbolts Conspiracy,Marvel Super Heroes,780,1208,545.71
686619,"Witherbloom, the Balancer (Borderless)",Secrets of Strixhaven,780,784,25290.45
675585,"Lorehold, the Historian (Borderless)",Secrets of Strixhaven,780,793,15574.15
532897,Shadowy Backstreet,Murders at Karlov Manor,780,910,10536.62
687355,Staff of the Storyteller,Commander: Secrets of Strixhaven,779,1543,1232.09
578068,"Arabella, Abandoned Doll",Duskmourn: House of Horror,779,996,594.32
662030,Enter the Avatar State,Avatar: The Last Airbender,779,1162,359.79
591719,Brass's Bounty,Foundations,779,925,1937.84
555790,"Caduceus, Staff of Hermes",Universes Beyond: Assassin's Creed,778,874,5362.87
646614,"Doctor Octopus, Master Planner (Borderless)",Marvel's Spider-Man,778,879,4622.69
673550,"Leonardo, Cutting Edge",Teenage Mutant Ninja Turtles,778,977,1169.24
688510,Zaffai and the Tempests,Secrets of Strixhaven,778,947,318.16
688973,Impractical Joke,Secrets of Strixhaven,778,1465,410.9
560008,Sword of the Squeak,Commander: Bloomburrow,778,1168,1699.29
689520,Abstract Paintmage,Secrets of Strixhaven,777,1017,300.48
641767,Timeline Culler,Edge of Eternities,777,1233,478.34
513354,Collector's Vault,Wilds of Eldraine,777,1060,1244.54
533889,Case of the Locked Hothouse,Murders at Karlov Manor,777,825,1942.62
227121,Foundry Inspector,Commander Legends,776,962,458.87
696582,"Ultron, Artificial Malevolence (Borderless) (0344)",Marvel Super Heroes,776,788,25848.48
624907,Windcrag Siege,Tarkir: Dragonstorm,776,827,2749.46
631008,"Lightning, Army of One",FINAL FANTASY,774,813,8431.7
656697,Blood Crypt (Borderless),Lorwyn Eclipsed,774,849,13373.76
558400,Stormcatch Mentor,Bloomburrow,774,976,541.7
630872,"Jidoor, Aristocratic Capital",FINAL FANTASY,774,873,1418.59
457458,Cloud of Faeries,Dominaria Remastered,773,1231,425.21
646662,Plains (0189),Marvel's Spider-Man,773,2558,1171.02
661920,The Legend of Yangchen,Avatar: The Last Airbender,773,852,3482.52
631488,Sunken Ruins,Commander: FINAL FANTASY,773,912,3039.2
679194,Rhythm of the Wild (Borderless),Teenage Mutant Ninja Turtles Source Material,773,823,4056.29
576518,Gloomlake Verge,Duskmourn: House of Horror,773,930,9951.34
631594,Sulfurous Springs,Commander: FINAL FANTASY,772,1024,1295.4
657787,Mountain (0256),Teenage Mutant Ninja Turtles,772,2403,1102.7
623916,Ureni of the Unwritten (Borderless),Commander: Tarkir: Dragonstorm,772,910,8499.99
498620,There and Back Again,Universes Beyond: The Lord of the Rings: Tales of Middle-earth,772,823,3676.39
652059,Hide on the Ceiling,Marvel's Spider-Man,771,935,1367.01
498680,Borne Upon a Wind,Universes Beyond: The Lord of the Rings: Tales of Middle-earth,771,976,4223.77
552950,Command Tower,Commander: Modern Horizons 3,771,1229,428.45
687502,"Excava, the Risen Past (Borderless)",Commander: Secrets of Strixhaven,771,1040,1712.78
671582,Eclipsed Realms,Lorwyn Eclipsed,771,1161,674.75
696253,No Mercy (Borderless),Marvel Universe Eternal-Legal,770,832,7012.27
671136,Archfiend of Ifnir,Commander: Lorwyn Eclipsed,770,943,417.54
670997,Harmonized Crescendo,Lorwyn Eclipsed,770,967,1032.15
272747,Avenging Hunter,Commander Legends: Battle for Baldur's Gate,770,1758,8514.15
273319,Ingenious Artillerist,Commander Legends: Battle for Baldur's Gate,769,897,1918.33
221900,Khalni Ambush,Zendikar Rising,769,2644,1160.62
679230,Undercity Sewers (Borderless),Teenage Mutant Ninja Turtles Source Material,768,868,9072.05
642101,Umbral Collar Zealot,Edge of Eternities,768,1031,1382.2
206022,Plains,Theros Beyond Death,768,3272,4240.4
696857,Avengers: Under Siege,Marvel Super Heroes,767,1050,551.95
686618,"Silverquill, the Disputant (Borderless)",Secrets of Strixhaven,767,786,13256.04
624206,Clifftop Retreat,Commander: Tarkir: Dragonstorm,767,1079,333.31
578074,"Marvin, Murderous Mimic",Duskmourn: House of Horror,767,877,2838.69
13270,Elves of Deep Shadow,Ravnica: City of Guilds,767,991,3235.57
689521,Embrace the Paradox,Secrets of Strixhaven,767,1249,312.35
688942,Winds of Abandon,Secrets of Strixhaven: Mystical Archive,767,807,4068.23
696571,"Mole Man, Moloid Master (Extended Art)",Marvel Super Heroes,766,852,3840.54
657786,Swamp (0255),Teenage Mutant Ninja Turtles,766,2754,1761.46
671577,Sapling Nursery,Lorwyn Eclipsed,766,975,1571.29
687406,Ribtruss Roaster,Commander: Secrets of Strixhaven,766,1111,1897.85
479564,Thirsting Roots,Phyrexia: All Will Be One,765,1051,782.58
687700,Necroblossom Snarl,Commander: Secrets of Strixhaven,765,1502,694.13
559733,Pollywog Prodigy,Commander: Bloomburrow,765,1032,6026.96
122709,Aetherflux Reservoir,Kaladesh,765,773,17389.85
552330,"Ral, Monsoon Mage",Modern Horizons 3,765,938,6516.07
555998,Path to Exile,Universes Beyond: Assassin's Creed,764,931,1247.2
671227,Savage Lands,Commander: Lorwyn Eclipsed,764,1149,382.41
559139,Long River's Pull,Bloomburrow,763,1010,313.01
656710,Overgrown Tomb (Borderless),Lorwyn Eclipsed,763,836,13102.04
651944,"Spider-Woman, Stunning Savior (Borderless)",Marvel's Spider-Man,762,866,1494.8
591020,Wishclaw Talisman,Foundations,761,996,2134.43
544837,Imp's Mischief,Outlaws of Thunder Junction: Breaking News,761,798,4989.99
687666,Alchemist's Refuge,Commander: Secrets of Strixhaven,761,1342,654.87
689059,Tragedy Feaster (Borderless),Secrets of Strixhaven,761,875,1040.85
697490,Patriotic Shield - Sword of Fire and Ice (Borderless),Marvel Universe Eternal-Legal,761,775,22647.77
679567,Continue?,Commander: Teenage Mutant Ninja Turtles,761,1110,3353.85
56297,Infernal Plunge,Innistrad,760,1028,1886.25
491759,Wrenn's Resolve,March of the Machine,760,1254,2915.84
578062,Enduring Courage,Duskmourn: House of Horror,759,841,2025.29
642114,Cosmogrand Zenith,Edge of Eternities,759,931,5452.47
576514,Floodfarm Verge,Duskmourn: House of Horror,759,950,8211.24
696358,Plains (0278),Marvel Super Heroes,758,2755,1355.5
673549,Leader's Talent,Teenage Mutant Ninja Turtles,758,890,823.02
248106,Moonsilver Key,Innistrad: Midnight Hunt,758,986,1469.37
558604,Might of the Meek,Bloomburrow,758,1168,383.19
632167,Machinist's Arsenal,FINAL FANTASY,757,919,954.49
696411,Steelshaper's Gift (Borderless),Marvel Universe Eternal-Legal,757,797,6161.37
557277,Nowhere to Run,Duskmourn: House of Horror,757,1162,798.27
498377,Rosie Cotton of South Lane,Universes Beyond: The Lord of the Rings: Tales of Middle-earth,755,1067,444.22
499609,Living Death,Commander: The Lord of the Rings: Tales of Middle-earth,755,847,2122.18
4890,Songs of the Damned,Ice Age,755,1202,1894.23
687579,Steelbane Hydra,Commander: Secrets of Strixhaven,754,1292,803.31
686617,"Quandrix, the Proof (Borderless)",Secrets of Strixhaven,754,769,9248.3
631302,Gyre Sage,Commander: FINAL FANTASY,754,885,1426.79
688655,Practiced Offense (Extended Art),Secrets of Strixhaven,754,982,1250.49
688909,Prismatic Ending,Secrets of Strixhaven: Mystical Archive,754,983,658.09
591184,"Ghalta, Primal Hunger",Foundations,754,941,945.54
687546,Sulfur Falls,Commander: Secrets of Strixhaven,753,1262,604.71
499784,Rejuvenating Springs,Commander: The Lord of the Rings: Tales of Middle-earth,753,826,5031.93
697041,Blazing Crescendo (Borderless),Marvel Super Heroes,753,1086,442.71
557928,Nine-Lives Familiar,Foundations,753,903,1433.73
544694,Conduit Pylons,Outlaws of Thunder Junction,753,1332,384.35
615113,Bontu's Monument,Commander: Aetherdrift,752,1071,3656.21
631195,Rogue's Passage,Commander: FINAL FANTASY,752,1067,537.57
689478,Rabid Attack,Secrets of Strixhaven,752,1214,350.71
631150,Ultimate Magic: Holy,Commander: FINAL FANTASY,752,1276,893.6
660603,"Ozai, the Phoenix King",Avatar: The Last Airbender,752,769,3439.36
188606,Contentious Plan,War of the Spark,752,1160,687.84
642797,"Emry, Lurker of the Loch",Commander: Edge of Eternities,751,1575,999.63
624286,Grand Crescendo,Commander: Tarkir: Dragonstorm,751,889,2931.45
519239,Fiery Islet,Universes Beyond: Doctor Who,750,1081,4462.95
499510,Birds of Paradise,Commander: The Lord of the Rings: Tales of Middle-earth,750,846,10367.69
631264,Fire-Lit Thicket,Commander: FINAL FANTASY,750,1020,1512.6
499368,Elven Chorus,Universes Beyond: The Lord of the Rings: Tales of Middle-earth,749,828,3161.67
630875,Plains (0294),FINAL FANTASY,749,2847,835.81
687474,Awakening Zone,Commander: Secrets of Strixhaven,749,1310,1438.05
696558,"Baron Strucker, HYDRA Overlord (Borderless)",Marvel Super Heroes,749,967,353.1
631329,Prairie Stream,Commander: FINAL FANTASY,749,1114,409.68
206023,Island,Theros Beyond Death,748,2850,4559.82
553540,Maskwood Nexus,Commander: Modern Horizons 3,748,1178,1403.88
276308,Pirate's Pillage,Double Masters 2022,748,956,633.84
589331,Darksteel Colossus,Foundations,748,2277,2215.8
634438,The Masamune,FINAL FANTASY,748,862,1029.96
696387,"Iron Man, Armored Avenger",Commander: Marvel Super Heroes,748,817,4098.98
642113,"Adagia, Windswept Bastion",Edge of Eternities,747,805,4532.41
634042,Cornered by Black Mages,FINAL FANTASY,747,1077,278.69
696967,"Night Nurse, Healer of Heroes",Marvel Super Heroes,746,1186,496.61
541268,"Emrakul, the World Anew",Modern Horizons 3,746,859,3767.78
253542,Reckless Impulse,Innistrad: Crimson Vow,746,1269,1828.33
689084,Scheming Silvertongue (Extended Art),Secrets of Strixhaven,746,826,2530.0
589764,Electroduplicate,Foundations,745,947,602.64
696418,Fiery Emancipation (Borderless),Marvel Universe Eternal-Legal,745,809,5341.28
548383,Snow-Covered Wastes (0229),Modern Horizons 3,745,2600,1088.28
686580,Skycoach Waypoint,Secrets of Strixhaven,743,1495,539.6
679587,Cultivate,Commander: Teenage Mutant Ninja Turtles,743,1110,443.64
624180,Curse of Opulence,Commander: Tarkir: Dragonstorm,743,887,2224.39
268342,Ledger Shredder,Streets of New Capenna,743,823,6345.08
671194,Cream of the Crop,Commander: Lorwyn Eclipsed,743,1694,1087.04
624214,Reliquary Tower,Commander: Tarkir: Dragonstorm,743,951,3466.97
671275,"Muldrotha, the Gravetide",Commander: Lorwyn Eclipsed,743,1262,916.24
631259,Clifftop Retreat,Commander: FINAL FANTASY,743,949,356.38
532905,Undercity Sewers,Murders at Karlov Manor,743,896,15354.25
631235,Lightning Greaves,Commander: FINAL FANTASY,742,905,4006.51
687588,Yavimaya Coast,Commander: Secrets of Strixhaven,742,1480,504.76
558437,Valley Rotcaller,Bloomburrow,742,919,2217.89
615067,Talisman of Dominance,Commander: Aetherdrift,742,886,1518.67
696869,"Bullseye, Death Dealer (Borderless)",Marvel Super Heroes,742,943,440.39
55906,Avacyn's Pilgrim,Innistrad,742,957,561.95
673584,Party Dude,Teenage Mutant Ninja Turtles,741,995,951.25
615193,Aetheric Amplifier,Commander: Aetherdrift,741,1146,1241.96
35651,Pyretic Ritual,Magic 2011 (M11),741,925,6000.34
559729,Jacked Rabbit,Commander: Bloomburrow,741,1263,3182.87
577660,The Mindskinner,Duskmourn: House of Horror,741,884,2363.69
630988,Absolute Virtue,FINAL FANTASY,741,791,2405.13
589380,Twinflame Tyrant,Foundations,741,758,19497.32
625027,Warden of the Grove,Tarkir: Dragonstorm,741,806,2004.45
591774,Rune-Scarred Demon,Foundations,741,905,1285.35
624218,Sulfur Falls,Commander: Tarkir: Dragonstorm,740,1039,361.68
110989,Expedite,Oath of the Gatewatch,740,964,680.32
503399,Command Tower (Borderless),Commander Masters,739,1080,2503.36
631321,Glacial Fortress,Commander: FINAL FANTASY,738,1057,404.07
262050,"Boseiju, Who Endures",Kamigawa: Neon Dynasty,738,794,40247.32
614418,Riverpyre Verge,Aetherdrift,738,938,21297.7
191753,Putrid Goblin,Modern Horizons,738,987,730.22
618873,"Tidus, Yuna's Guardian",Commander: FINAL FANTASY,738,1166,916.94
576512,Blazemire Verge,Duskmourn: House of Horror,737,835,7307.64
553293,Mana Reflection,Commander: Modern Horizons 3,737,950,1413.37
631142,Zack Fair,FINAL FANTASY,737,1312,353.85
624184,Mana Geyser,Commander: Tarkir: Dragonstorm,737,898,1448.94
557922,Day of Judgment,Foundations,736,1089,763.56
632747,Haste Magic,FINAL FANTASY,736,1099,293.54
671267,Glissa Sunslayer,Commander: Lorwyn Eclipsed,736,1206,660.05
499578,"Arwen, Weaver of Hope",Commander: The Lord of the Rings: Tales of Middle-earth,736,853,3317.56
697336,"Thor, Asgard's Avenger",Commander: Marvel Super Heroes,736,895,1650.52
226646,Preordain,Commander Legends,736,1041,926.58
660494,Sozin's Comet,Avatar: The Last Airbender,736,777,3013.05
238619,Urza's Saga,Modern Horizons 2,735,854,35875.67
688870,Knockout Maneuver,Secrets of Strixhaven: Mystical Archive,735,996,328.59
686672,Sylvan Library (Borderless),Special Guests,735,751,20008.27
4727,Hydroblast,Ice Age,735,1757,6634.8
544329,Arid Archway,Outlaws of Thunder Junction,734,1256,868.64
575273,Ghost Vacuum,Duskmourn: House of Horror,734,874,4071.97
668484,Lord of Atlantis (Borderless),Marvel Universe Eternal-Legal,734,821,3853.37
272931,"Jaheira, Friend of the Forest",Commander Legends: Battle for Baldur's Gate,734,753,7414.52
239824,Verdant Command,Modern Horizons 2,734,972,907.76
199001,Deafening Silence,Throne of Eldraine,733,940,2044.23
560228,Alchemist's Talent,Commander: Bloomburrow,733,1156,3946.84
559727,Exotic Orchard,Commander: Bloomburrow,733,954,298.2
499661,Basalt Monolith,Commander: The Lord of the Rings: Tales of Middle-earth,732,1114,3820.67
615236,Stock Up,Aetherdrift,732,1246,2850.66
553290,Seething Landscape,Modern Horizons 3,732,1234,343.94
589324,"Arahbo, the First Fang",Foundations,732,954,2300.49
39492,Blighted Agent,New Phyrexia,732,970,1212.35
262458,"Light-Paws, Emperor's Voice",Kamigawa: Neon Dynasty,731,838,5070.58
10350,Brightstone Ritual,Onslaught,731,838,1994.25
577689,Hedge Shredder,Duskmourn: House of Horror,730,778,2232.83
631813,Endwalker - Brainstorm (Showcase),FINAL FANTASY: Through the Ages,730,871,1740.31
697411,Hulkbuster Armor,Commander: Marvel Super Heroes,730,842,5026.44
238608,Marsh Flats,Modern Horizons 2,730,837,26385.95
122600,Inventors' Fair,Kaladesh,730,750,10751.36
498308,Cast into the Fire,Universes Beyond: The Lord of the Rings: Tales of Middle-earth,730,1545,1299.24
673562,"Leatherhead, Swamp Stalker",Teenage Mutant Ninja Turtles,729,1024,674.34
630712,"Tifa, Martial Artist",Commander: FINAL FANTASY,729,1330,1580.06
631316,Demolition Field,Commander: FINAL FANTASY,729,1413,459.13
697486,Path to Exile (Borderless) (0047),Marvel Universe Eternal-Legal,729,762,5459.4
689382,Bring to Light,Secrets of Strixhaven: Mystical Archive,728,828,427.38
687627,Stonecoil Serpent,Commander: Secrets of Strixhaven,728,1106,412.41
212115,Drannith Magistrate,Ikoria: Lair of Behemoths,728,795,11182.52
507208,Counterspell (Borderless),Commander Masters,728,972,2301.04
644618,Seam Rip,Edge of Eternities,727,1604,944.33
552729,Cursed Mirror,Modern Horizons 3,727,826,695.28
670970,Mirrormind Crown,Lorwyn Eclipsed,727,1018,1269.55
591030,Impact Tremors,Foundations,727,1020,2350.66
552825,Invert Polarity,Modern Horizons 3,727,1084,628.88
625135,Jeskai Revelation,Tarkir: Dragonstorm,727,1005,3668.13
687702,"Oran-Rief, the Vastwood",Commander: Secrets of Strixhaven,727,1148,381.76
652081,Biorganic Carapace,Marvel's Spider-Man,727,845,368.98
