productId,name,set,transactions,units,gmv_sale
688679,Flow State,Secrets of Strixhaven,4218,7962,35152.65
688521,Flashback,Secrets of Strixhaven,3915,4968,35594.57
688651,Erode,Secrets of Strixhaven,3771,5161,44420.03
689056,Cauldron of Essence,Secrets of Strixhaven,3767,4333,18222.39
696312,The Unbeatable Squirrel Girl,Marvel Super Heroes,3688,4253,41653.38
687531,Arcane Signet,Commander: Secrets of Strixhaven,3680,8344,6437.52
675591,Stock Up,Secrets of Strixhaven: Mystical Archive,3646,6551,15411.32
687542,Sol Ring,Commander: Secrets of Strixhaven,3436,8498,23317.87
686543,Grave Researcher,Secrets of Strixhaven,3398,4095,15607.6
687665,Fabled Passage,Commander: Secrets of Strixhaven,3367,8855,13574.05
688928,Return the Favor,Secrets of Strixhaven: Mystical Archive,3261,4947,5798.26
688477,Resonating Lute,Secrets of Strixhaven,3102,3863,14264.78
689495,Tablet of Discovery,Secrets of Strixhaven,3028,5808,9875.35
688687,Planar Engineering,Secrets of Strixhaven,2910,3866,8409.43
697024,Hex Magic,Marvel Super Heroes,2827,7470,15453.01
696477,Captain America's Shield,Marvel Super Heroes,2799,3997,7903.99
552582,Sink into Stupor,Modern Horizons 3,2654,3599,24673.06
687664,Command Tower,Commander: Secrets of Strixhaven,2605,5335,3074.48
689052,Scheming Silvertongue,Secrets of Strixhaven,2582,3382,15267.57
686581,Stormcarved Coast,Secrets of Strixhaven,2575,3294,9405.92
696570,"Mole Man, Moloid Master",Marvel Super Heroes,2574,4722,11939.48
686571,Deathcap Glade,Secrets of Strixhaven,2561,3321,7094.92
686583,Sundown Pass,Secrets of Strixhaven,2529,3253,6763.39
688516,Mana Sculpt,Secrets of Strixhaven,2525,3456,5531.57
552580,Fell the Profane,Modern Horizons 3,2485,3100,10972.41
552814,Vexing Bauble,Modern Horizons 3,2470,4655,14060.59
557921,Llanowar Elves,Foundations,2470,4931,3327.57
687597,Fellwar Stone,Commander: Secrets of Strixhaven,2466,5360,6907.57
688960,Shared Roots,Secrets of Strixhaven: Mystical Archive,2455,4227,2641.83
687486,Reliquary Tower,Commander: Secrets of Strixhaven,2451,3568,13527.73
689476,"Moseo, Vein's New Dean",Secrets of Strixhaven,2447,3121,7305.73
689158,Emeritus of Woe,Secrets of Strixhaven,2444,2628,53654.09
686589,Swamp (0269),Secrets of Strixhaven,2420,6901,9213.73
688873,Feed the Swarm,Secrets of Strixhaven: Mystical Archive,2395,3547,5470.16
686574,Shattered Sanctum,Secrets of Strixhaven,2387,3199,13881.45
553299,Pinnacle Monk,Modern Horizons 3,2387,3507,7177.15
552336,Witch Enchanter,Modern Horizons 3,2372,3480,12811.24
688961,Spell Pierce,Secrets of Strixhaven: Mystical Archive,2369,3690,2147.57
686601,Emeritus of Ideation,Secrets of Strixhaven,2343,2881,33634.76
649382,Bender's Waterskin,Avatar: The Last Airbender,2342,4117,7092.63
689107,Dina's Guidance,Secrets of Strixhaven,2325,3176,4273.45
688654,Practiced Offense,Secrets of Strixhaven,2320,4274,4437.39
673622,Cool but Rude,Teenage Mutant Ninja Turtles,2318,2758,17976.62
686590,Mountain (0270),Secrets of Strixhaven,2306,6904,5899.98
693022,The Mind Stone,Marvel Super Heroes,2301,2492,177420.29
689106,Germination Practicum,Secrets of Strixhaven,2296,2502,27255.53
686586,Plains (0267),Secrets of Strixhaven,2291,6778,8276.01
688926,Requisition Raid,Secrets of Strixhaven: Mystical Archive,2285,3359,2184.57
686587,Island (0268),Secrets of Strixhaven,2281,6735,6060.97
686591,Forest (0271),Secrets of Strixhaven,2249,6556,5210.46
552466,Disciple of Freyalise,Modern Horizons 3,2236,3015,6902.4
634431,Genji Glove,FINAL FANTASY,2232,2421,15200.67
686575,Improvisation Capstone,Secrets of Strixhaven,2229,2404,33561.75
696278,"Shuri, Wakandan Inventor",Marvel Super Heroes,2220,5051,4757.91
688858,Bulk Up,Secrets of Strixhaven: Mystical Archive,2203,3106,1668.75
688855,Bitter Triumph,Secrets of Strixhaven: Mystical Archive,2184,3343,2610.71
696274,"Loki, God of Mischief",Marvel Super Heroes,2184,4095,22407.65
591214,Hare Apparent,Foundations,2181,8091,25803.42
686599,"Prismari, the Inspiration",Secrets of Strixhaven,2174,2276,21160.16
686582,Studious First-Year,Secrets of Strixhaven,2163,4480,2815.06
498352,Mirkwood Bats,Universes Beyond: The Lord of the Rings: Tales of Middle-earth,2157,2781,8920.94
688950,Decorum Dissertation,Secrets of Strixhaven,2089,2268,21140.21
553204,Accursed Marauder,Modern Horizons 3,2061,2829,1868.56
696319,"Captain America, Living Legend",Marvel Super Heroes,2055,3147,3885.7
688656,Restoration Seminar,Secrets of Strixhaven,2050,2297,10629.85
686613,"Witherbloom, the Balancer",Secrets of Strixhaven,2033,2192,23054.02
696652,The Serpent Society,Marvel Super Heroes,2031,3348,9407.67
696298,The Scarlet Witch,Marvel Super Heroes,2030,2758,5105.55
696352,Dark Fortress,Marvel Super Heroes,2006,3487,13484.64
591153,Exsanguinate,Foundations,2001,2639,1480.48
671005,Hexing Squelcher,Lorwyn Eclipsed,1999,2249,47272.12
590828,An Offer You Can't Refuse,Foundations,1998,2327,5325.86
693025,The Vision,Marvel Super Heroes,1998,2965,3981.74
686551,Duty Beyond Death,Secrets of Strixhaven: Mystical Archive,1995,2739,1443.2
668475,World War Hulk,Marvel Super Heroes,1995,3290,8018.85
686573,Dreamroot Cascade,Secrets of Strixhaven,1986,2644,2926.52
552813,Buried Alive,Modern Horizons 3,1981,2525,3211.57
696348,Arc Reactor,Marvel Super Heroes,1978,3480,6495.77
696296,"Mjolnir, Hammer of Thor",Marvel Super Heroes,1972,2168,45841.31
696282,"Mister Fantastic, Reed Richards (Borderless)",Marvel Super Heroes,1968,3191,3193.35
675586,Mathemagics,Secrets of Strixhaven,1962,2219,10918.68
686605,Pensive Professor,Secrets of Strixhaven,1940,2736,2400.44
696354,Gleaming Bastion,Marvel Super Heroes,1939,3468,11945.56
688681,Emeritus of Abundance,Secrets of Strixhaven,1929,2195,12643.18
548592,Urza's Cave,Modern Horizons 3,1925,2726,4022.79
688689,Echocasting Symposium,Secrets of Strixhaven,1919,2144,10417.67
697023,Hawkeye's Bow,Marvel Super Heroes,1918,6052,4792.52
696355,Hidden Lair,Marvel Super Heroes,1918,3431,13950.19
624048,Arcane Signet,Commander: Tarkir: Dragonstorm,1910,3314,1885.79
696299,"Thor, God of Thunder",Marvel Super Heroes,1908,2179,20498.08
688683,Harmonized Trio,Secrets of Strixhaven,1904,2591,2675.13
644286,Icetill Explorer,Edge of Eternities,1900,2211,37394.02
696349,The Ten Rings,Marvel Super Heroes,1899,2274,35517.26
689150,Sleight of Hand,Secrets of Strixhaven: Mystical Archive,1896,3192,3633.61
552635,Marionette Apprentice,Modern Horizons 3,1886,2436,3207.64
552651,Revitalizing Repast,Modern Horizons 3,1882,2508,3437.22
696356,Training Compound,Marvel Super Heroes,1877,3397,11404.52
552583,Sundering Eruption,Modern Horizons 3,1875,3207,5532.86
675584,"Lorehold, the Historian",Secrets of Strixhaven,1871,2087,9347.42
696353,Gathering Place,Marvel Super Heroes,1870,3383,11522.11
688479,Traumatic Critique,Secrets of Strixhaven,1868,2887,5855.4
686600,Professor Dellian Fel,Secrets of Strixhaven,1865,2303,22433.9
686597,Prismari Charm,Secrets of Strixhaven,1862,3461,1811.02
696863,"Taskmaster, Mercenary Mimic",Marvel Super Heroes,1853,2786,3879.24
696467,Super-Soldier Serum,Marvel Super Heroes,1851,3353,5183.1
696581,"Ultron, Artificial Malevolence",Marvel Super Heroes,1850,2084,27391.69
686612,Witherbloom Charm,Secrets of Strixhaven,1847,3312,11731.22
686603,"Quandrix, the Proof",Secrets of Strixhaven,1835,2013,11897.94
686604,Exhibition Tidecaller,Secrets of Strixhaven,1834,2863,3873.97
688837,Abrade,Secrets of Strixhaven: Mystical Archive,1827,2780,1261.88
553181,Hydroelectric Specimen,Modern Horizons 3,1811,2648,2858.49
552840,Consign to Memory,Modern Horizons 3,1809,3676,14039.22
646553,Spectacular Spider-Man (Borderless),Marvel's Spider-Man,1808,2006,12449.0
591806,Garruk's Uprising,Foundations,1808,2662,3172.19
576504,Untimely Malfunction,Duskmourn: House of Horror,1806,2025,13549.56
689160,"Arnyn, Deathbloom Botanist",Secrets of Strixhaven,1796,2479,5257.41
696262,"Invisible Woman, Sue Storm (Borderless)",Marvel Super Heroes,1776,2142,1686.43
689055,"Blech, Loafing Pest",Secrets of Strixhaven,1773,2468,3255.93
687669,Bojuka Bog,Commander: Secrets of Strixhaven,1764,3356,3851.43
499960,Lorien Revealed,Universes Beyond: The Lord of the Rings: Tales of Middle-earth,1763,2952,11349.28
696242,M.O.D.O.K.,Marvel Super Heroes,1758,2096,11085.77
688982,Petrified Hamlet,Secrets of Strixhaven,1755,3061,3354.22
552830,Fanatic of Rhonas,Modern Horizons 3,1753,2027,18100.09
552324,Evolution Witness,Modern Horizons 3,1746,2525,1957.99
686608,"Silverquill, the Disputant",Secrets of Strixhaven,1741,1900,9115.14
656687,Blood Crypt,Lorwyn Eclipsed,1740,2041,19317.79
689486,Blazing Firesinger,Secrets of Strixhaven,1738,2892,1811.48
688650,Daydream,Secrets of Strixhaven,1737,3099,1696.4
696671,Cosmic Cube,Marvel Super Heroes,1737,1952,20320.85
696658,The Wondrous Wasp,Marvel Super Heroes,1733,3447,4396.65
552740,Victimize,Modern Horizons 3,1730,2550,1849.19
262765,Tamiyo's Safekeeping,Kamigawa: Neon Dynasty,1729,2163,10781.38
656667,Formidable Speaker,Lorwyn Eclipsed,1721,2209,19911.64
552579,Bridgeworks Battle,Modern Horizons 3,1716,2698,2286.53
696645,"The Mighty Thor, Jane Foster",Marvel Super Heroes,1710,2825,2725.78
688899,Culling the Weak,Secrets of Strixhaven: Mystical Archive,1710,1765,18706.38
488278,Sol Ring,Commander: The Lord of the Rings: Tales of Middle-earth,1706,2787,5738.3
696324,King T'Challa,Marvel Super Heroes,1705,2136,25784.7
633136,The Earth Crystal,FINAL FANTASY,1701,1776,22255.09
696632,The Astonishing Ant-Man,Marvel Super Heroes,1701,2605,2353.83
552631,Warren Soultrader,Modern Horizons 3,1700,1858,25367.76
498419,Mirkwood Bats (Borderless),Universes Beyond: The Lord of the Rings: Tales of Middle-earth,1698,2063,2781.04
591210,Swiftfoot Boots,Foundations,1698,2089,5801.09
696535,Jennifer Walters,Marvel Super Heroes,1696,2036,25879.83
559852,Fellwar Stone,Commander: Bloomburrow,1695,2494,2367.7
696313,"The Thing, Ben Grimm (Borderless)",Marvel Super Heroes,1694,2033,1321.95
696279,Tony Stark,Marvel Super Heroes,1688,1855,14961.39
641743,Terrasymbiosis,Edge of Eternities,1686,1794,16117.49
648709,Redirect Lightning,Avatar: The Last Airbender,1682,1839,21253.16
656711,Steam Vents,Lorwyn Eclipsed,1678,2031,24236.45
696301,"Human Torch, Johnny Storm (Borderless)",Marvel Super Heroes,1674,2030,1394.09
688661,Emeritus of Conflict,Secrets of Strixhaven,1670,2104,7374.69
689511,Noxious Newt,Secrets of Strixhaven,1669,4166,1575.37
638913,Stomping Ground,Edge of Eternities,1665,1903,14018.03
673656,The Ooze,Teenage Mutant Ninja Turtles,1664,1992,9849.2
559478,Patchwork Banner,Bloomburrow,1663,1974,6962.83
559072,Coruscation Mage,Bloomburrow,1663,2227,3681.39
688984,Emeritus of Truce,Secrets of Strixhaven,1660,1960,7630.04
688691,Mind into Matter,Secrets of Strixhaven,1659,2341,5475.8
552873,Boggart Trawler,Modern Horizons 3,1656,2703,3985.34
668572,Namor the Sub-Mariner,Marvel Super Heroes,1647,2244,14738.72
686584,Molten-Core Maestro,Secrets of Strixhaven,1644,2493,3846.06
552623,Collective Resistance,Modern Horizons 3,1642,2489,3768.93
668460,Bruce Banner,Marvel Super Heroes,1640,1860,17821.85
697073,Iron Man Armor,Marvel Super Heroes,1640,2076,13206.53
552821,Glaring Fleshraker,Modern Horizons 3,1636,3226,3928.49
687343,Goldspan Dragon,Commander: Secrets of Strixhaven,1634,2075,12565.39
668458,"The Sentry, Golden Guardian",Marvel Super Heroes,1632,2683,2068.48
638914,Watery Grave,Edge of Eternities,1630,1870,20053.46
687365,Faerie Mastermind,Commander: Secrets of Strixhaven,1628,1949,20938.11
656709,Overgrown Tomb,Lorwyn Eclipsed,1624,1919,18407.29
559719,Arcane Signet,Commander: Bloomburrow,1613,2706,3816.26
687556,"Ozolith, the Shattered Spire",Commander: Secrets of Strixhaven,1607,1915,9198.38
687353,Moonshaker Cavalry,Commander: Secrets of Strixhaven,1600,2036,11184.52
697048,Heroic Feast,Marvel Super Heroes,1600,3346,3201.13
688665,Ark of Hunger,Secrets of Strixhaven,1600,2078,1088.69
578080,Enduring Vitality,Duskmourn: House of Horror,1598,1755,16990.36
591308,Boltwave,Foundations,1598,2451,6593.45
696574,"Storm, Windrider",Marvel Super Heroes,1596,2395,2195.88
191568,Ephemerate,Modern Horizons,1591,2175,11026.24
243382,Unexpected Windfall,Adventures in the Forgotten Realms,1591,1793,5305.2
552866,Ripples of Undeath,Modern Horizons 3,1588,1704,9831.32
696330,"Wolverine, Fierce Fighter",Marvel Super Heroes,1583,2215,3611.16
656713,Temple Garden,Lorwyn Eclipsed,1582,1872,14108.55
668456,"Captain America, Super-Soldier",Marvel Super Heroes,1575,1915,7295.02
697059,"Shang-Chi, Master of Kung Fu",Marvel Super Heroes,1569,1937,21389.37
656703,Hallowed Fountain,Lorwyn Eclipsed,1567,1893,15730.04
633737,Restoration Magic,FINAL FANTASY,1566,2038,4842.3
525618,"Kutzil, Malamet Exemplar",The Lost Caverns of Ixalan,1565,1842,6545.1
638912,Sacred Foundry,Edge of Eternities,1563,1835,21465.02
689149,Brain Freeze,Secrets of Strixhaven: Mystical Archive,1552,1689,6412.15
696674,Castle Doom,Marvel Super Heroes,1545,3071,4049.45
651332,Norman Osborn,Marvel's Spider-Man,1543,1709,15357.81
556324,Brotherhood Regalia,Universes Beyond: Assassin's Creed,1543,1705,13653.84
553328,Malevolent Rumble,Modern Horizons 3,1540,4635,3156.49
686540,Hardened Academic,Secrets of Strixhaven,1538,2568,1832.59
638910,Breeding Pool,Edge of Eternities,1535,1755,18685.54
688861,Helping Hand,Secrets of Strixhaven: Mystical Archive,1529,2262,785.5
623982,Command Tower,Commander: Tarkir: Dragonstorm,1528,2424,943.24
187181,Kaya's Ghostform,War of the Spark,1527,1770,6897.07
641779,Weftstalker Ardent,Edge of Eternities,1524,2076,3954.45
552859,Springheart Nantuko,Modern Horizons 3,1521,1685,8183.56
552284,Thraben Charm,Modern Horizons 3,1516,3676,2258.19
662801,Abandoned Air Temple,Avatar: The Last Airbender,1514,1805,12387.75
671721,Firdoch Core,Lorwyn Eclipsed,1511,3026,1310.71
688085,Great Hall of the Biblioplex,Secrets of Strixhaven,1509,2748,1888.69
696626,"Ares, God of War",Marvel Super Heroes,1508,2100,1926.12
624152,Swords to Plowshares,Commander: Tarkir: Dragonstorm,1507,2211,3137.42
662547,Ba Sing Se,Avatar: The Last Airbender,1502,1824,9050.84
668462,Doctor Doom,Marvel Super Heroes,1502,1771,7854.71
696663,Red Hulk (Borderless),Marvel Super Heroes,1500,1902,1274.18
671053,Virulent Emissary,Lorwyn Eclipsed,1498,2064,1655.76
688887,Monstrous Rage,Secrets of Strixhaven: Mystical Archive,1498,2323,794.12
633117,The Wind Crystal,FINAL FANTASY,1497,1589,10285.75
686538,"Ral Zarek, Guest Lecturer",Secrets of Strixhaven,1494,1812,9524.35
687675,Exotic Orchard,Commander: Secrets of Strixhaven,1494,2749,1008.92
638911,Godless Shrine,Edge of Eternities,1493,1709,16972.04
696625,"Captain America, Wings of Freedom",Marvel Super Heroes,1481,2182,1388.51
651337,"Electro, Assaulting Battery",Marvel's Spider-Man,1477,1603,9463.41
541278,Priest of Titania,Modern Horizons 3,1477,2516,2364.12
687548,Ohran Frostfang,Commander: Secrets of Strixhaven,1471,1951,9478.31
624049,Sol Ring,Commander: Tarkir: Dragonstorm,1468,2520,4278.8
512663,Impact Tremors,Wilds of Eldraine: Enchanting Tales,1467,1615,5978.0
687438,Land Tax,Commander: Secrets of Strixhaven,1465,1781,25895.59
688886,Crop Rotation,Secrets of Strixhaven: Mystical Archive,1465,1610,6789.02
688919,Pyretic Ritual,Secrets of Strixhaven: Mystical Archive,1465,1565,11796.82
633131,The Fire Crystal,FINAL FANTASY,1459,1558,9808.77
4815,Mystic Remora,Ice Age,1453,1629,14616.86
688935,Royal Treatment,Secrets of Strixhaven: Mystical Archive,1450,2159,744.95
647302,The Soul Stone,Marvel's Spider-Man,1447,1503,138835.12
688971,Skycoach Conductor,Secrets of Strixhaven,1447,2283,1685.82
630862,The Darkness Crystal,FINAL FANTASY,1447,1545,7820.63
688948,Zombify,Secrets of Strixhaven: Mystical Archive,1442,2048,884.72
686628,"Dina, Essence Brewer (Borderless)",Commander: Secrets of Strixhaven,1442,1828,6716.16
662084,Boomerang Basics,Avatar: The Last Airbender,1435,2735,3564.39
689366,Veil of Summer,Secrets of Strixhaven: Mystical Archive,1433,1589,7803.3
689394,Deflecting Palm,Secrets of Strixhaven: Mystical Archive,1432,1551,6186.45
222103,Malakir Rebirth,Zendikar Rising,1432,1568,21826.46
689518,Topiary Lecturer,Secrets of Strixhaven,1432,2261,1050.22
696254,Agent Phil Coulson,Marvel Super Heroes,1432,2083,1302.36
687475,Harmonic Prodigy,Commander: Secrets of Strixhaven,1430,2076,7261.86
696273,"Leader, Super-Genius",Marvel Super Heroes,1429,2061,1587.73
641745,The Eternity Elevator,Edge of Eternities,1429,1827,3767.82
696328,"Thanos, the Mad Titan",Marvel Super Heroes,1424,1681,8712.32
689077,Stirring Hopesinger,Secrets of Strixhaven,1423,2381,1249.68
661938,Avatar's Wrath,Avatar: The Last Airbender,1423,1698,6986.27
616095,Magmakin Artillerist,Aetherdrift,1422,1795,1474.55
559736,Sol Ring,Commander: Bloomburrow,1420,2321,5735.37
590880,Rogue's Passage,Foundations,1420,1889,1545.94
697022,"Hawkeye, Young Avenger",Marvel Super Heroes,1419,2450,1191.92
552176,Basking Broodscale,Modern Horizons 3,1417,2430,1157.85
552872,Nyxborn Hydra,Modern Horizons 3,1415,2642,1297.52
559653,Starscape Cleric,Bloomburrow,1413,2073,2716.76
686541,Withering Curse,Secrets of Strixhaven,1413,1767,4983.74
689054,Vastlands Scavenger,Secrets of Strixhaven,1413,2019,1524.55
696655,"Ironheart, Clever Champion",Marvel Super Heroes,1410,2406,2262.54
591203,Banner of Kinship,Foundations,1410,1574,8959.01
239837,Zuran Orb,Modern Horizons 2,1406,1601,5078.37
673653,"Krang, Utrom Warlord",Teenage Mutant Ninja Turtles,1405,1477,25680.86
240149,Strike It Rich,Modern Horizons 2,1405,1961,5496.77
696275,"Mister Fantastic, Reed Richards",Marvel Super Heroes,1403,3112,1496.16
696314,The Unbeatable Squirrel Girl (Borderless),Marvel Super Heroes,1402,1445,40163.43
529983,Demand Answers,Murders at Karlov Manor,1401,1862,1067.94
687570,"Bitterthorn, Nissa's Animus",Commander: Secrets of Strixhaven,1399,1993,11248.62
499221,Entish Restoration,Universes Beyond: The Lord of the Rings: Tales of Middle-earth,1395,1507,5069.82
164359,Unwind,Dominaria,1391,1745,2530.44
689148,Angel's Grace,Secrets of Strixhaven: Mystical Archive,1390,1529,5905.77
552839,Kozilek's Command,Modern Horizons 3,1389,2136,13192.61
633123,The Water Crystal,FINAL FANTASY,1388,1512,5760.64
696339,"Wolverine, Fierce Fighter (Borderless)",Marvel Super Heroes,1388,1495,10726.8
541272,Windswept Heath,Modern Horizons 3,1384,1690,19673.34
509516,Curiosity,Wilds of Eldraine: Enchanting Tales,1382,1648,2057.28
689078,Fix What's Broken,Secrets of Strixhaven,1380,2054,947.73
697045,Epic Fight,Marvel Super Heroes,1378,2023,1450.61
552646,Waterlogged Teachings,Modern Horizons 3,1377,1824,1262.5
552272,Six,Modern Horizons 3,1370,1465,7442.88
687674,"Emeria, the Sky Ruin",Commander: Secrets of Strixhaven,1370,1783,11476.52
559137,Into the Flood Maw,Bloomburrow,1368,1776,4628.84
651988,"Chameleon, Master of Disguise",Marvel's Spider-Man,1368,2026,3257.86
671525,Wistfulness,Lorwyn Eclipsed,1367,1810,16909.52
687375,Animate Dead,Commander: Secrets of Strixhaven,1366,1821,8734.47
688893,Pick Your Poison,Secrets of Strixhaven: Mystical Archive,1366,2092,821.36
552320,Jet Medallion,Modern Horizons 3,1365,1432,15068.48
240412,Goblin Anarchomancer,Modern Horizons 2,1362,1629,1338.12
671263,"Chimil, the Inner Sun",Commander: Lorwyn Eclipsed,1361,1907,10857.78
687500,Seize the Spoils,Secrets of Strixhaven,1360,2127,1326.34
641728,"Haliya, Guided by Light",Edge of Eternities,1358,1823,4840.06
661801,Origin of Metalbending,Avatar: The Last Airbender,1356,2244,734.89
558380,Thornvault Forager,Bloomburrow,1355,1906,3904.74
553302,Urza's Incubator,Modern Horizons 3,1353,1456,25186.66
562746,Enduring Tenacity,Duskmourn: House of Horror,1352,1422,16929.23
631183,Farewell,Commander: FINAL FANTASY,1352,1510,7507.83
541274,Polluted Delta,Modern Horizons 3,1349,1751,33437.93
688866,Burst Lightning,Secrets of Strixhaven: Mystical Archive,1349,2376,1292.29
199417,Mystic Sanctuary,Throne of Eldraine,1348,1554,2701.92
688725,Pongify,Secrets of Strixhaven: Mystical Archive,1348,1474,4979.36
642791,Swan Song,Commander: Edge of Eternities,1346,1662,13681.02
673616,South Wind Avatar,Teenage Mutant Ninja Turtles,1345,1512,3664.44
696484,"Daredevil, Man Without Fear",Marvel Super Heroes,1344,1785,1326.79
552306,Ruby Medallion,Modern Horizons 3,1342,1516,18321.71
687578,War Room,Commander: Secrets of Strixhaven,1341,2134,6000.44
686545,The Dawning Archaic,Secrets of Strixhaven,1341,1603,3878.77
552649,Legion Leadership,Modern Horizons 3,1341,1999,1673.64
688826,Slumbering Trudge,Secrets of Strixhaven,1339,2260,1008.79
687525,Kami of Whispered Hopes,Commander: Secrets of Strixhaven,1338,1864,5485.41
552286,Sapphire Medallion,Modern Horizons 3,1337,1401,8189.04
534084,Slime Against Humanity,Murders at Karlov Manor,1336,7730,14356.13
668461,Baron Helmut Zemo,Marvel Super Heroes,1335,2649,1882.42
687507,"Gorma, the Gullet (Borderless)",Commander: Secrets of Strixhaven,1334,1523,3989.42
589354,Mossborn Hydra,Foundations,1334,1548,19895.87
687511,"Muddle, the Ever-Changing (Borderless)",Commander: Secrets of Strixhaven,1333,1614,3553.93
696560,Avengers Disassembled,Marvel Super Heroes,1333,3449,4948.77
553280,Molten Gatekeeper,Modern Horizons 3,1333,1957,1036.93
498328,Generous Ent,Universes Beyond: The Lord of the Rings: Tales of Middle-earth,1331,2729,7401.26
541276,Flooded Strand,Modern Horizons 3,1331,1668,25288.58
631607,Starting Town,FINAL FANTASY,1330,1678,18459.22
458224,Snap,Dominaria Remastered,1330,1594,5464.21
541277,Wooded Foothills,Modern Horizons 3,1330,1621,27216.12
696585,Avengers Tower (Borderless),Marvel Super Heroes,1329,1916,1250.38
696549,Pym Particles,Marvel Super Heroes,1329,2688,1429.07
590879,Scrawling Crawler,Foundations,1328,1425,8496.06
524416,Spelunking,The Lost Caverns of Ixalan,1327,1540,6173.81
687413,Ghostly Prison,Commander: Secrets of Strixhaven,1325,1859,8387.09
641734,Quantum Riddler,Edge of Eternities,1322,1862,65347.76
689087,Vicious Rivalry,Secrets of Strixhaven,1322,2113,1225.22
630905,Wastes,FINAL FANTASY,1321,4073,5691.43
687436,Terramorphic Expanse,Secrets of Strixhaven,1320,2762,3010.1
660740,Secret Tunnel,Avatar: The Last Airbender,1320,1520,4331.42
696305,The Scarlet Witch (Borderless),Marvel Super Heroes,1319,1381,11460.33
638905,"Tannuk, Memorial Ensign",Edge of Eternities,1318,1609,904.2
71021,Gray Merchant of Asphodel,Theros,1313,2045,2106.61
679638,Undergrowth Stadium,Commander: Teenage Mutant Ninja Turtles,1309,1510,8232.74
660570,Badgermole Cub,Avatar: The Last Airbender,1308,1574,85413.69
541275,Bloodstained Mire,Modern Horizons 3,1308,1754,31099.03
679620,City of Brass,Commander: Teenage Mutant Ninja Turtles,1307,1670,16132.87
559634,Honored Dreyleader,Bloomburrow,1307,1899,915.74
631261,Exotic Orchard,Commander: FINAL FANTASY,1306,2154,828.11
671244,"Selvala, Heart of the Wilds",Commander: Lorwyn Eclipsed,1305,1728,5925.43
687584,Three Visits,Commander: Secrets of Strixhaven,1305,1612,8779.92
235947,Tend the Pests,Strixhaven: School of Mages,1305,1579,1605.21
687611,Lightning Greaves,Commander: Secrets of Strixhaven,1305,1650,7362.58
687493,Teacher's Pest,Secrets of Strixhaven,1304,2007,3316.18
673569,"Michelangelo, Weirdness to 11",Teenage Mutant Ninja Turtles,1304,1446,5785.97
552727,Shifting Woodland,Modern Horizons 3,1304,1532,7058.79
686620,Wisdom of Ages,Secrets of Strixhaven,1303,1680,795.62
689060,"Blech, Loafing Pest (Borderless)",Secrets of Strixhaven,1298,1386,5182.61
541273,Psychic Frog,Modern Horizons 3,1295,1875,9447.23
618858,Jumbo Cactuar,FINAL FANTASY,1295,1418,9631.17
239695,Scurry Oak,Modern Horizons 2,1295,1536,2806.91
686526,Bogwater Lumaret,Secrets of Strixhaven,1295,1990,683.63
688910,Dismember,Secrets of Strixhaven: Mystical Archive,1293,1462,4294.29
638916,Island (0263) (Borderless),Edge of Eternities,1288,3445,4946.23
668473,Doom Reigns Supreme,Marvel Super Heroes,1287,1917,1975.93
552173,Echoes of Eternity,Modern Horizons 3,1287,2303,3767.98
687543,Nature's Lore,Commander: Secrets of Strixhaven,1285,1845,4656.31
671172,Springleaf Parade,Commander: Lorwyn Eclipsed,1284,2024,16443.85
638918,Mountain (0265) (Borderless),Edge of Eternities,1283,3615,6429.32
662109,Earthbender Ascension,Avatar: The Last Airbender,1283,1662,5360.59
52170,Moonmist,Innistrad,1282,2100,3990.03
552815,Dreamtide Whale,Modern Horizons 3,1280,1491,3310.01
686531,Colorstorm Stallion,Secrets of Strixhaven,1279,2002,2471.92
499562,Arcane Signet,Commander: The Lord of the Rings: Tales of Middle-earth,1279,2345,1678.77
687400,Drumbellower,Commander: Secrets of Strixhaven,1276,1925,5306.91
696255,Avengers Assemble!,Marvel Super Heroes,1276,1563,2012.2
689477,Pox Plague,Secrets of Strixhaven,1275,1623,755.04
688974,Wildgrowth Archaic,Secrets of Strixhaven,1273,2160,1099.4
578877,Sheltered by Ghosts,Duskmourn: House of Horror,1271,2245,5107.1
553312,Branching Evolution,Modern Horizons 3,1270,1314,7708.74
679576,"Irma, Part-Time Mutant",Commander: Teenage Mutant Ninja Turtles,1269,1712,9064.91
661887,Price of Freedom,Avatar: The Last Airbender,1268,3082,1598.37
687521,Hardened Scales,Commander: Secrets of Strixhaven,1268,1796,3969.3
696988,Kid Loki,Marvel Super Heroes,1266,2052,1029.99
696285,"Loki, God of Mischief (Borderless)",Marvel Super Heroes,1264,1600,16268.41
226624,Fyndhorn Elves,Commander Legends,1264,1599,5160.91
687417,Blasphemous Act,Commander: Secrets of Strixhaven,1260,2026,1994.21
688955,Stargaze,Secrets of Strixhaven: Mystical Archive,1260,1717,648.76
668472,"Attuma, Atlantean Warlord",Marvel Super Heroes,1257,1685,1082.42
696551,Super Intelligence,Marvel Super Heroes,1254,2789,1399.13
696578,"Storm, Windrider (Borderless)",Marvel Super Heroes,1253,1329,5449.61
576881,Grab the Prize,Duskmourn: House of Horror,1251,2830,2112.2
621158,"Green Goblin, Nemesis (Borderless)",Marvel's Spider-Man: Eternal-Legal,1250,1433,11367.87
668454,The Coming of Galactus,Marvel Super Heroes,1249,1666,4424.3
553311,Sneaky Snacker,Modern Horizons 3,1246,4301,1919.55
687522,"Scriv, the Obligator (Borderless)",Commander: Secrets of Strixhaven,1246,1553,2339.09
687386,Blood Artist,Commander: Secrets of Strixhaven,1245,1812,3647.74
697396,"Tippy-Toe, Terrific Partner",Commander: Marvel Super Heroes,1244,1284,20538.62
687601,Turbulent Springs,Commander: Secrets of Strixhaven,1243,1681,10261.98
679580,Wave Goodbye,Commander: Teenage Mutant Ninja Turtles,1241,1715,1877.22
552307,Pearl Medallion,Modern Horizons 3,1241,1312,6193.88
686530,"Berta, Wise Extrapolator",Secrets of Strixhaven,1238,1531,786.5
556010,Reconnaissance,Universes Beyond: Assassin's Creed,1233,1381,6640.36
679633,Spire Garden,Commander: Teenage Mutant Ninja Turtles,1232,1381,7236.84
687338,Storm-Kiln Artist,Commander: Secrets of Strixhaven,1230,1756,3212.61
696235,Construct a Cosmic Cube,Marvel Super Heroes,1230,1877,1100.39
687595,Eclipsed Steppe,Commander: Secrets of Strixhaven,1229,1751,5813.76
631529,Sphere Grid,Commander: FINAL FANTASY,1228,1376,12809.91
499592,Rogue's Passage,Commander: The Lord of the Rings: Tales of Middle-earth,1228,2327,1239.85
696276,Multiversal Incursion,Marvel Super Heroes,1228,1680,3021.53
615741,Monument to Endurance,Aetherdrift,1225,1330,24474.03
673579,"Mutagen Man, Living Ooze",Teenage Mutant Ninja Turtles,1225,1397,3939.34
631576,Rise of the Dark Realms,Commander: FINAL FANTASY,1222,1491,5669.82
687450,Monologue Tax,Commander: Secrets of Strixhaven,1220,1950,4784.22
668459,"Quicksilver, Brash Blur",Marvel Super Heroes,1220,2640,1931.95
556385,Propaganda,Universes Beyond: Assassin's Creed,1220,1438,4627.07
457203,Grapeshot,Dominaria Remastered,1219,1781,752.33
589326,Archmage of Runes,Foundations,1218,1361,4361.98
687235,Twinflame,Commander: Secrets of Strixhaven,1217,2048,2965.79
589749,Stroke of Midnight,Foundations,1216,1773,634.4
687695,Lotus Field,Commander: Secrets of Strixhaven,1215,1794,6567.6
457501,Counterspell,Dominaria Remastered,1215,1514,4131.77
631573,Reanimate,Commander: FINAL FANTASY,1215,1388,10253.73
198390,Witch's Cottage,Throne of Eldraine,1215,1503,2358.91
591730,Marauding Blight-Priest,Foundations,1212,1678,595.63
696446,The Vision (Borderless),Marvel Super Heroes,1211,1334,4725.22
687513,Goldvein Hydra,Commander: Secrets of Strixhaven,1210,1607,5717.66
686636,Disdainful Stroke,Secrets of Strixhaven: Mystical Archive,1209,1692,619.9
687630,Talisman of Creativity,Commander: Secrets of Strixhaven,1209,1735,3832.04
552266,Emerald Medallion,Modern Horizons 3,1209,1360,3850.26
591055,"Aurelia, the Warleader",Foundations,1209,1438,8502.9
226634,"Kediss, Emberclaw Familiar",Commander Legends,1208,1330,6845.92
679073,Negate,Teenage Mutant Ninja Turtles,1207,1740,398.26
631496,Walking Ballista,Commander: FINAL FANTASY,1206,1355,9890.09
548583,Sylvan Safekeeper,Modern Horizons 3,1206,1315,6884.7
687428,Mana Geyser,Commander: Secrets of Strixhaven,1205,1839,3216.1
697038,Vision of Love,Marvel Super Heroes,1205,2886,1190.13
671031,Chomping Changeling,Lorwyn Eclipsed,1202,1668,1607.11
686606,"Sanar, Unfinished Genius",Secrets of Strixhaven,1201,1701,695.85
687596,Scorched Geyser,Commander: Secrets of Strixhaven,1200,1680,5151.04
615159,Adaptive Omnitool,Commander: Aetherdrift,1200,1787,2996.58
590835,High Fae Trickster,Foundations,1199,1279,7246.46
631215,Sword of the Animist,Commander: FINAL FANTASY,1199,1347,7451.18
532886,Crime Novelist,Murders at Karlov Manor,1199,1730,1832.23
673671,"Raph & Mikey, Troublemakers",Teenage Mutant Ninja Turtles,1198,1515,3842.41
591298,Authority of the Consuls,Foundations,1198,1369,6136.84
671537,Springleaf Drum,Lorwyn Eclipsed,1197,1801,750.03
689526,Pursue the Past,Secrets of Strixhaven,1197,2500,669.36
697075,Super-Adaptoid,Marvel Super Heroes,1194,2063,1867.69
618859,Sazh's Chocobo,FINAL FANTASY,1193,1851,2643.17
498369,Peregrin Took,Universes Beyond: The Lord of the Rings: Tales of Middle-earth,1193,1387,1208.1
687609,Beledros Witherbloom,Commander: Secrets of Strixhaven,1192,1670,2711.61
668470,World War Hulk (Borderless),Marvel Super Heroes,1191,1380,6552.44
631511,Pitiless Plunderer,Commander: FINAL FANTASY,1189,1876,7229.04
696627,"Captain America, Wings of Freedom (Borderless)",Marvel Super Heroes,1188,1265,2136.94
686553,Lorehold Charm,Secrets of Strixhaven,1185,1848,676.68
696656,"Ironheart, Clever Champion (Borderless)",Marvel Super Heroes,1184,1291,3935.49
686598,Sundown Pass (Borderless),Secrets of Strixhaven,1182,1347,4077.58
553264,Arena of Glory,Modern Horizons 3,1181,1438,13089.17
552831,Metastatic Evangel,Modern Horizons 3,1181,1444,857.63
558695,Innkeeper's Talent,Bloomburrow,1180,1258,11639.6
631295,Path of Ancestry,Commander: FINAL FANTASY,1179,1985,720.27
5717,Seeker of Skybreak,Tempest,1179,2598,8451.97
534196,Repulsive Mutation,Murders at Karlov Manor,1179,1361,1436.56
221901,Bala Ged Recovery,Zendikar Rising,1178,1250,8375.24
646613,"Doctor Octopus, Master Planner",Marvel's Spider-Man,1176,1349,5476.36
642437,Consult the Star Charts,Edge of Eternities,1175,1912,8086.17
687602,Turbulent Steppe,Commander: Secrets of Strixhaven,1173,1643,9420.26
696321,"Iron Man, Master of Machines",Marvel Super Heroes,1172,1481,582.52
687354,Stensian Sanguinist,Commander: Secrets of Strixhaven,1170,1342,10947.95
525624,"Kutzil, Malamet Exemplar (Showcase)",The Lost Caverns of Ixalan,1170,1469,3723.08
696258,Monica Rambeau,Marvel Super Heroes,1169,1487,3688.11
638917,Swamp (0264) (Borderless),Edge of Eternities,1168,3269,5051.57
631015,Vivi Ornitier,FINAL FANTASY,1168,1292,49500.96
630888,Swamp (0300),FINAL FANTASY,1167,4263,1921.9
662414,"Longshot, Rebel Bowman",Avatar: The Last Airbender: Eternal-Legal,1165,1260,11486.46
671483,Bloodline Bidding,Lorwyn Eclipsed,1165,1450,3023.5
688900,Preordain,Secrets of Strixhaven: Mystical Archive,1163,1377,5452.95
552312,Flare of Duplication,Modern Horizons 3,1162,1854,3300.57
687643,Eldrazi Conscription,Commander: Secrets of Strixhaven,1158,2012,2077.41
688522,Flashback (Extended Art),Secrets of Strixhaven,1157,1275,15377.9
624374,Fellwar Stone,Commander: Tarkir: Dragonstorm,1155,2052,1985.65
222034,Iridescent Hornbeetle,Zendikar Rising,1155,1666,630.85
688940,Shamanic Revelation,Secrets of Strixhaven: Mystical Archive,1154,1234,2345.11
533918,Aftermath Analyst,Murders at Karlov Manor,1153,1370,2003.93
696329,Thor Odinson,Marvel Super Heroes,1152,1545,665.96
686592,Deathcap Glade (Borderless),Secrets of Strixhaven,1149,1300,4700.28
687537,"Sram, Senior Edificer",Commander: Secrets of Strixhaven,1149,1971,1604.44
591317,Inspiring Call,Foundations,1148,1387,1072.46
190942,Changeling Outcast,Modern Horizons,1144,1649,2776.06
689361,Sheoldred's Edict,Secrets of Strixhaven: Mystical Archive,1144,1306,3298.88
558442,Artist's Talent,Bloomburrow,1143,1386,10229.24
187125,Emergence Zone,War of the Spark,1141,1345,9309.32
39521,Gitaxian Probe,New Phyrexia,1140,1300,5360.92
687658,"Veyran, Voice of Duality",Commander: Secrets of Strixhaven,1140,1639,4050.84
631155,Clever Concealment,Commander: FINAL FANTASY,1139,1369,8482.05
631209,Darksteel Plate,Commander: FINAL FANTASY,1139,1278,5747.09
687599,Turbulent Moor,Commander: Secrets of Strixhaven,1139,1568,9816.4
687387,Arcane Denial,Commander: Secrets of Strixhaven,1137,1926,3621.86
687699,Mystic Sanctuary,Commander: Secrets of Strixhaven,1136,1893,2245.42
638919,Forest (0266) (Borderless),Edge of Eternities,1136,3165,4566.14
686532,Joined Researchers,Secrets of Strixhaven,1136,1474,660.65
499208,Fiery Inscription,Universes Beyond: The Lord of the Rings: Tales of Middle-earth,1135,1657,1161.92
673619,Splinter's Technique,Teenage Mutant Ninja Turtles,1135,1416,3046.62
686596,Stormcarved Coast (Borderless),Secrets of Strixhaven,1134,1301,4685.21
552794,Amphibian Downpour,Modern Horizons 3,1134,1407,1759.28
687372,Toxic Deluge,Commander: Secrets of Strixhaven,1133,1542,8099.21
553321,Gift of the Viper,Modern Horizons 3,1133,1608,590.2
689503,Comforting Counsel,Secrets of Strixhaven,1132,1473,594.75
696269,"The Sentry, Golden Guardian (Borderless)",Marvel Super Heroes,1128,1308,3381.36
679213,Raph's Jitte - Umezawa's Jitte (Borderless),Teenage Mutant Ninja Turtles Source Material,1127,1465,12124.14
686693,Inkshield,Commander: Secrets of Strixhaven,1125,1519,7147.99
696563,Fin Fang Foom,Marvel Super Heroes,1125,2073,1428.29
696864,Vision Quest,Marvel Super Heroes,1124,1938,1755.42
661919,"Aang, Swift Savior",Avatar: The Last Airbender,1122,1472,3516.59
687374,Archaeomancer's Map,Commander: Secrets of Strixhaven,1122,1574,2553.15
679602,Big Mother Mouser,Commander: Teenage Mutant Ninja Turtles,1122,1816,3110.97
630853,Adventurer's Inn,FINAL FANTASY,1122,1847,606.88
671501,Collective Inferno,Lorwyn Eclipsed,1121,1427,2251.6
660496,Airbender Ascension,Avatar: The Last Airbender,1120,1478,1994.12
671503,Impolite Entrance,Lorwyn Eclipsed,1119,1330,455.02
499589,Command Tower,Commander: The Lord of the Rings: Tales of Middle-earth,1119,1842,1164.4
687516,"Primo, the Unbounded (Borderless)",Commander: Secrets of Strixhaven,1116,1710,3775.76
679160,Level Up,Commander: Teenage Mutant Ninja Turtles,1116,1383,3782.95
696564,"Hawkeye, Master Marksman",Marvel Super Heroes,1113,2129,1297.62
552276,Glimpse the Impossible,Modern Horizons 3,1113,1720,629.63
631285,Sunpetal Grove,Commander: FINAL FANTASY,1110,1562,854.39
559757,Stormchaser's Talent,Bloomburrow,1109,1578,10727.69
686691,Anguished Unmaking,Commander: Secrets of Strixhaven,1107,1768,2231.45
633148,Aettir and Priwen,FINAL FANTASY,1107,1168,10691.04
559991,Bloodroot Apothecary,Commander: Bloomburrow,1107,2025,6972.92
670957,Chronicle of Victory,Lorwyn Eclipsed,1106,1195,23468.74
559638,Caretaker's Talent,Bloomburrow,1105,1164,10985.03
687605,Turbulent Wilderness,Commander: Secrets of Strixhaven,1105,1538,13502.26
544718,Corrupted Conviction,Outlaws of Thunder Junction,1105,1592,1485.39
552293,Flare of Fortitude,Modern Horizons 3,1104,1252,4628.56
687431,"Jadar, Ghoulcaller of Nephalia",Commander: Secrets of Strixhaven,1103,1745,2761.32
696996,"Black Widow, Super Spy",Marvel Super Heroes,1103,1741,6452.52
558355,Three Tree City,Bloomburrow,1102,1162,28672.54
687620,Patchwork Banner,Commander: Secrets of Strixhaven,1102,1976,4819.91
548602,"Phelia, Exuberant Shepherd",Modern Horizons 3,1100,1551,7644.88
686629,"Killian, Decisive Mentor (Borderless)",Commander: Secrets of Strixhaven,1099,1474,1995.4
559724,Command Tower,Commander: Bloomburrow,1099,1546,1038.28
673606,Ninja Teen,Teenage Mutant Ninja Turtles,1098,1289,2751.7
199543,Crashing Drawbridge,Throne of Eldraine,1098,1514,1205.9
662549,The Walls of Ba Sing Se,Avatar: The Last Airbender,1098,1136,28108.07
176427,Runaway Steam-Kin,Guilds of Ravnica,1098,1305,1981.48
696495,"Doc Samson, Super Psychiatrist",Marvel Super Heroes,1097,1943,1785.61
687634,"Gyome, Master Chef",Commander: Secrets of Strixhaven,1097,1713,3313.48
649367,Abandon Attachments,Avatar: The Last Airbender,1096,2412,951.71
632704,Buster Sword,FINAL FANTASY,1095,1115,46692.32
589432,Phyrexian Arena,Foundations,1095,1192,5012.64
641733,Ouroboroid,Edge of Eternities,1094,1226,41896.74
668463,Super-Skrull,Marvel Super Heroes,1093,1695,1090.16
591207,Leyline Axe,Foundations,1093,1324,2217.3
671067,Bloom Tender,Lorwyn Eclipsed,1091,1176,14912.87
687465,Unbound Flourishing,Commander: Secrets of Strixhaven,1088,1671,6012.89
687423,"Rionya, Fire Dancer",Commander: Secrets of Strixhaven,1088,1962,2925.88
631106,Tataru Taru,Commander: FINAL FANTASY,1088,1887,11886.64
689391,Culling Ritual,Secrets of Strixhaven: Mystical Archive,1087,1222,2679.6
687394,Cursed Mirror,Commander: Secrets of Strixhaven,1086,1737,1137.49
686594,Shattered Sanctum (Borderless),Secrets of Strixhaven,1086,1237,4232.38
578054,Enter the Enigma,Duskmourn: House of Horror,1085,1484,663.31
3360,Ashnod's Altar,Chronicles,1083,1160,15483.25
688867,Hop to It,Secrets of Strixhaven: Mystical Archive,1083,1629,538.25
7357,Rhystic Study,Prophecy,1081,1168,62619.2
615224,Academy Ruins,Commander: Aetherdrift,1081,1183,5869.39
657755,Super Shredder,Teenage Mutant Ninja Turtles,1080,1210,25268.64
688851,Glimpse of Nature,Secrets of Strixhaven: Mystical Archive,1080,1331,2119.27
687598,Turbulent Fen,Commander: Secrets of Strixhaven,1079,1481,11276.97
552648,Stump Stomp,Modern Horizons 3,1079,1360,823.09
630969,Fire Magic,FINAL FANTASY,1078,1642,5878.4
687356,Naktamun Lorespinner,Commander: Secrets of Strixhaven,1076,1569,4976.86
688652,Erode (Extended Art),Secrets of Strixhaven,1074,1255,15362.96
560006,Scurry of Squirrels,Commander: Bloomburrow,1072,2362,5824.72
642025,Sol Ring,Commander: Edge of Eternities,1072,2241,3528.2
679787,Sewer-veillance Cam,Teenage Mutant Ninja Turtles,1072,2104,956.91
687590,Currency Converter,Commander: Secrets of Strixhaven,1072,1907,5692.75
591770,Blasphemous Edict,Foundations,1071,1224,5302.66
239836,Liquimetal Torque,Modern Horizons 2,1071,1162,3522.41
575047,Enduring Innocence,Duskmourn: House of Horror,1070,1269,6140.8
638915,Plains (0262) (Borderless),Edge of Eternities,1070,3001,2783.52
631253,Brushland,Commander: FINAL FANTASY,1070,1773,1028.23
687518,Guardian Augmenter,Commander: Secrets of Strixhaven,1070,1741,2623.89
679161,Ninja Pizza,Commander: Teenage Mutant Ninja Turtles,1068,1480,4987.9
696536,"Nick Fury, Agent of S.H.I.E.L.D.",Marvel Super Heroes,1068,1876,1965.27
199556,"Torbran, Thane of Red Fell",Throne of Eldraine,1068,1304,4619.22
641717,Anticausal Vestige,Edge of Eternities,1067,1328,2414.47
498752,Troll of Khazad-dum,Universes Beyond: The Lord of the Rings: Tales of Middle-earth,1067,2175,2447.66
651943,"Spider-Woman, Stunning Savior",Marvel's Spider-Man,1065,1276,2400.57
688901,Daze,Secrets of Strixhaven: Mystical Archive,1065,1231,2788.44
31833,Violent Outburst,Alara Reborn,1065,2852,18955.79
490413,Kami of Whispered Hopes,March of the Machine,1065,1166,4991.02
688726,Big Score,Secrets of Strixhaven: Mystical Archive,1063,1133,2800.79
623897,Voice of Victory,Tarkir: Dragonstorm,1063,1232,24642.83
1537,Red Elemental Blast,Revised Edition,1063,2085,7700.61
642112,"Dawnsire, Sunstar Dreadnought",Edge of Eternities,1061,1148,6203.42
687344,Expansion Algorithm,Commander: Secrets of Strixhaven,1060,1515,5087.56
556327,"Excalibur, Sword of Eden",Universes Beyond: Assassin's Creed,1060,1292,15383.67
656652,Bitterbloom Bearer,Lorwyn Eclipsed,1060,1128,19235.59
552731,Guide of Souls,Modern Horizons 3,1060,1555,3846.47
253555,Kessig Flamebreather,Innistrad: Crimson Vow,1058,2467,9596.18
4848,Pyroblast,Ice Age,1058,1811,13152.83
525818,Rogue's Passage,Commander: The Lost Caverns of Ixalan,1058,1667,862.07
687458,Path to Exile,Commander: Secrets of Strixhaven,1055,1567,1951.18
644603,Eumidian Terrabotanist,Edge of Eternities,1054,1372,432.16
631240,Skullclamp,Commander: FINAL FANTASY,1053,1244,7182.66
646661,Multiversal Passage,Marvel's Spider-Man,1053,1312,11622.09
614490,Full Throttle,Aetherdrift,1053,1137,6181.56
558611,Oakhollow Village,Bloomburrow,1053,1510,815.27
226861,"Ardenn, Intrepid Archaeologist",Commander Legends,1052,1131,5198.81
662045,Fire Nation Palace,Avatar: The Last Airbender,1051,1230,2368.8
696350,Arc Reactor (Borderless),Marvel Super Heroes,1051,1246,3268.7
696445,Gleaming Bastion (Borderless),Marvel Super Heroes,1051,1353,6916.43
687560,Pest Infestation,Commander: Secrets of Strixhaven,1050,1457,948.53
687566,Primordial Hydra,Commander: Secrets of Strixhaven,1050,1861,3488.04
631176,Damning Verdict,Commander: FINAL FANTASY,1050,1287,4692.2
679846,Frog Butler,Teenage Mutant Ninja Turtles,1050,1552,461.46
687589,Tyvar's Stand,Commander: Secrets of Strixhaven,1049,1805,1710.24
696388,"Iron Man, Bleeding Edge",Commander: Marvel Super Heroes,1048,1066,15019.6
687463,Thunderclap Drake,Commander: Secrets of Strixhaven,1048,1786,2431.93
641740,Starfield Vocalist,Edge of Eternities,1048,1425,1961.53
688526,Rapturous Moment,Secrets of Strixhaven,1047,1451,481.23
687409,Firemane Commando,Commander: Secrets of Strixhaven,1046,1892,6190.35
646635,"Iron Spider, Stark Upgrade",Marvel's Spider-Man,1045,1174,2009.17
660545,The Last Agni Kai,Avatar: The Last Airbender,1044,1206,2234.93
686593,Dreamroot Cascade (Borderless),Secrets of Strixhaven,1043,1198,2628.53
513095,Up the Beanstalk,Wilds of Eldraine,1041,1269,3420.49
688848,Berserk,Secrets of Strixhaven: Mystical Archive,1041,1125,9104.18
457510,Nightscape Familiar,Dominaria Remastered,1040,1293,2052.34
631547,Swiftfoot Boots,Commander: FINAL FANTASY,1040,1393,3269.1
687468,Path of Ancestry,Commander: Secrets of Strixhaven,1038,2221,607.14
273342,Nature's Lore,Commander Legends: Battle for Baldur's Gate,1037,1131,3432.26
644620,Loading Zone,Edge of Eternities,1037,1611,2122.42
615216,Panharmonicon,Commander: Aetherdrift,1037,1262,7470.43
696468,Super-Soldier Serum (Borderless),Marvel Super Heroes,1037,1279,2694.67
624578,Cori-Steel Cutter,Tarkir: Dragonstorm,1036,1442,8186.0
696442,Hidden Lair (Borderless),Marvel Super Heroes,1036,1346,8541.15
687484,Beast Within,Commander: Secrets of Strixhaven,1036,1505,1097.71
696548,"Ms. Marvel, Kamala Khan",Marvel Super Heroes,1034,1938,1187.5
642824,Cloud Key,Commander: Edge of Eternities,1033,1417,2442.87
499563,Commander's Sphere,Commander: The Lord of the Rings: Tales of Middle-earth,1033,1966,682.9
688828,Geometer's Arthropod,Secrets of Strixhaven,1033,1366,558.83
123110,Dramatic Reversal,Kaladesh,1032,1260,1328.52
673659,"Mikey & Leo, Chaos & Order",Teenage Mutant Ninja Turtles,1030,1159,2582.59
548578,Orim's Chant,Modern Horizons 3,1029,1422,8495.33
552298,Brainsurge,Modern Horizons 3,1028,1701,837.67
552274,Flare of Malice,Modern Horizons 3,1028,1396,2482.22
671780,Moonshadow,Lorwyn Eclipsed,1027,1417,16172.96
551669,Writhing Chrysalis,Modern Horizons 3,1027,3056,1123.74
679211,Donnie's Bo - Shadowspear (Borderless),Teenage Mutant Ninja Turtles Source Material,1026,1093,20630.22
687459,Tendershoot Dryad,Commander: Secrets of Strixhaven,1026,1336,1969.63
696976,Take Up the Shield (Borderless),Marvel Super Heroes,1026,1549,599.79
591313,"Krenko, Mob Boss",Foundations,1026,1429,2624.21
221899,Sejiri Shelter,Zendikar Rising,1025,1360,2401.55
457177,Frantic Search,Dominaria Remastered,1025,1188,1087.48
14996,Sprout Swarm,Future Sight,1025,1209,7236.11
696256,"Captain Marvel, Earth's Protector",Marvel Super Heroes,1025,1609,2127.98
641748,"Uthros, Titanic Godcore",Edge of Eternities,1024,1084,11548.04
689047,Informed Inkwright,Secrets of Strixhaven,1024,1705,657.69
591162,Aetherize,Foundations,1023,1574,645.24
559118,For the Common Good,Bloomburrow,1022,1179,3551.4
11423,Seething Song,Mirrodin,1021,1162,12428.46
230172,Village Rites,Kaldheim,1021,1589,680.5
657764,Doubling Season (Borderless),Teenage Mutant Ninja Turtles Source Material,1019,1060,30851.81
696573,Absorbing Man,Marvel Super Heroes,1019,1922,1132.3
687418,Gift of Immortality,Commander: Secrets of Strixhaven,1017,1622,1955.61
631136,Professional Face-Breaker,Commander: FINAL FANTASY,1017,1112,5726.37
559120,Overprotect,Bloomburrow,1017,1317,1353.48
548593,Null Elemental Blast,Modern Horizons 3,1016,1581,756.66
643504,Mightform Harmonizer,Edge of Eternities,1016,1440,3498.9
512642,Not Dead After All,Wilds of Eldraine,1016,1173,2280.79
671946,Reckless Ransacking,Lorwyn Eclipsed,1015,1251,343.55
686566,Reprieve,Secrets of Strixhaven: Mystical Archive,1015,1149,2636.58
644587,Scour for Scrap,Edge of Eternities,1014,1203,545.15
648729,Forest (0291),Avatar: The Last Airbender,1013,3589,1420.4
686552,Vampiric Tutor,Secrets of Strixhaven: Mystical Archive,1013,1027,62963.15
631315,Three Visits,Commander: FINAL FANTASY,1013,1124,6567.62
671294,Timeless Lotus,Commander: Lorwyn Eclipsed,1013,1680,4944.62
525809,Command Tower,Commander: The Lost Caverns of Ixalan,1013,1731,707.98
696439,Dark Fortress (Borderless),Marvel Super Heroes,1012,1313,7114.31
696859,"Cloak and Dagger, Entwined",Marvel Super Heroes,1012,1747,881.6
615183,Lightning Greaves,Commander: Aetherdrift,1011,1199,5319.68
687389,Archmage Emeritus,Commander: Secrets of Strixhaven,1011,1810,3683.29
686637,Force of Will,Secrets of Strixhaven: Mystical Archive,1011,1072,79855.2
686539,Eiganjo Dynastorian,Commander: Secrets of Strixhaven,1010,1333,4354.56
696886,"Spider-Man, To the Rescue (Borderless)",Marvel Super Heroes,1010,1305,615.6
534080,Archdruid's Charm,Murders at Karlov Manor,1010,1215,8071.6
687479,Radiant Summit,Commander: Secrets of Strixhaven,1009,1619,1800.92
687519,Zulaport Cutthroat,Commander: Secrets of Strixhaven,1009,1534,1797.43
688842,Armageddon,Secrets of Strixhaven: Mystical Archive,1009,1053,10038.48
552945,Arcane Signet,Commander: Modern Horizons 3,1008,2000,1202.92
671768,Twilight Diviner,Lorwyn Eclipsed,1008,1129,3174.97
688849,Brotherhood's End,Secrets of Strixhaven: Mystical Archive,1008,1204,1731.39
575282,Twitching Doll,Duskmourn: House of Horror,1008,1095,2970.91
478687,Unnatural Restoration,Phyrexia: All Will Be One,1007,1263,1677.19
648738,"Toph, the First Metalbender",Avatar: The Last Airbender,1006,1181,2212.0
673644,Ravenous Robots,Teenage Mutant Ninja Turtles,1005,1362,3004.17
58931,Battle Hymn,Avacyn Restored,1004,1342,2580.99
544664,Highway Robbery,Outlaws of Thunder Junction,1004,3063,1184.21
642032,Command Tower,Commander: Edge of Eternities,1003,2183,796.03
696237,"Elektra, Daughter of the Hand",Marvel Super Heroes,1003,1555,1034.13
552630,Emperor of Bones,Modern Horizons 3,1001,1872,5107.73
630899,Forest (0306),FINAL FANTASY,1001,3283,1311.02
696567,"Hawkeye, Master Marksman (Borderless)",Marvel Super Heroes,1001,1125,2157.65
591191,Preposterous Proportions,Foundations,998,1240,1514.21
615167,Chromatic Lantern,Commander: Aetherdrift,998,1620,2535.78
641725,Exalted Sunborn,Edge of Eternities,997,1128,17658.28
512544,Garruk's Uprising,Wilds of Eldraine: Enchanting Tales,996,1172,1565.65
641790,Frenzied Baloth,Edge of Eternities,992,1423,2290.05
696444,Gathering Place (Borderless),Marvel Super Heroes,991,1298,6431.56
631097,Champions from Beyond,Commander: FINAL FANTASY,991,2052,5146.1
689541,Cauldron of Essence (Extended Art),Secrets of Strixhaven,991,1057,6227.62
642806,Ripples of Potential,Commander: Edge of Eternities,990,1540,3737.81
463303,Mind Stone,Dominaria Remastered,990,1626,554.76
631132,Hellkite Tyrant,Commander: FINAL FANTASY,990,1241,2270.34
642804,Phyrexian Metamorph,Commander: Edge of Eternities,990,1419,3265.76
688836,Akroma's Will,Secrets of Strixhaven: Mystical Archive,990,1011,19314.19
544422,Lively Dirge,Outlaws of Thunder Junction,989,1547,2774.89
687432,Rapid Hybridization,Commander: Secrets of Strixhaven,989,1845,1836.25
641778,Weapons Manufacturing,Edge of Eternities,989,1623,3953.08
453207,Loran's Escape,The Brothers' War,989,1628,2293.73
696443,Training Compound (Borderless),Marvel Super Heroes,988,1290,7033.58
478819,Tyvar's Stand,Phyrexia: All Will Be One,988,1146,1677.81
591758,Bushwhack,Foundations,987,1527,456.14
634130,Sabotender,FINAL FANTASY,986,1344,423.01
660516,"Wan Shi Tong, Librarian",Avatar: The Last Airbender,985,1104,45162.86
630927,Tifa Lockhart,FINAL FANTASY,985,1217,3391.16
548596,Flare of Denial,Modern Horizons 3,985,1382,4277.3
687362,Ophiomancer,Commander: Secrets of Strixhaven,985,1494,1481.08
559642,Eddymurk Crab,Bloomburrow,985,1862,2410.95
535300,Insidious Roots,Murders at Karlov Manor,983,1299,2451.59
243349,Wizard Class,Adventures in the Forgotten Realms,983,1122,2701.31
559141,Mockingbird,Bloomburrow,983,1157,5284.65
589385,"General Kreat, the Boltbringer (Anime)",Foundations Jumpstart,982,1230,9202.27
93033,Stubborn Denial,Khans of Tarkir,981,1306,5292.39
696579,"Winter Soldier, Icy Assassin (Borderless)",Marvel Super Heroes,981,1063,2494.23
687671,Caves of Koilos,Commander: Secrets of Strixhaven,980,1578,1065.45
641739,Starfield Shepherd,Edge of Eternities,980,1935,838.77
96697,Impact Tremors,Dragons of Tarkir,980,1179,3610.74
696283,"Leader, Super-Genius (Borderless)",Marvel Super Heroes,979,1049,1444.39
590235,"Dionus, Elvish Archdruid (Anime)",Foundations Jumpstart,979,1232,9827.75
689151,Jeska's Will,Secrets of Strixhaven: Mystical Archive,979,987,49097.54
679869,Skateboard,Teenage Mutant Ninja Turtles,976,1618,866.46
630870,"Cloud, Midgar Mercenary",FINAL FANTASY,976,1033,22037.16
687470,Animist's Awakening,Commander: Secrets of Strixhaven,976,1530,1004.05
590846,Painful Quandary,Foundations,976,1214,1670.54
591833,"Loot, Exuberant Explorer",Foundations,976,1069,2993.35
687336,Changing Loyalty,Commander: Secrets of Strixhaven,976,1373,2477.81
631255,Canopy Vista,Commander: FINAL FANTASY,975,1338,499.29
578058,Withering Torment,Duskmourn: House of Horror,974,1079,3971.91
689505,"Emil, Vastlands Roamer",Secrets of Strixhaven,974,1248,375.58
660572,Cycle of Renewal,Avatar: The Last Airbender,974,1467,401.3
552624,Spymaster's Vault,Modern Horizons 3,974,1288,1290.54
651338,Norman Osborn (Borderless),Marvel's Spider-Man,973,1040,16010.67
630885,Island (0298),FINAL FANTASY,973,3491,1198.04
687554,Tocasia's Welcome,Commander: Secrets of Strixhaven,972,1775,1643.76
671032,Hexing Squelcher (Showcase),Lorwyn Eclipsed,971,1032,38496.73
624207,Exotic Orchard,Commander: Tarkir: Dragonstorm,971,1550,452.59
686550,"Lluwen, Exchange Student",Secrets of Strixhaven,971,1229,355.95
641997,Oracle of Mul Daya,Commander: Edge of Eternities,971,1143,3076.47
499443,Lembas,Universes Beyond: The Lord of the Rings: Tales of Middle-earth,969,1789,4639.88
553327,Nightshade Dryad,Modern Horizons 3,969,1399,372.93
687517,Serra Paragon,Commander: Secrets of Strixhaven,969,1744,4574.76
686557,Smallpox,Secrets of Strixhaven: Mystical Archive,966,1102,1896.48
632741,"Lindblum, Industrial Regency",FINAL FANTASY,965,1127,2529.88
559037,Dawn's Truce,Bloomburrow,965,1038,8887.05
688831,Ad Nauseam,Secrets of Strixhaven: Mystical Archive,964,985,14427.72
575157,Enduring Curiosity,Duskmourn: House of Horror,964,1017,6696.04
687612,"Breena, the Demagogue",Commander: Secrets of Strixhaven,963,1507,1872.01
552406,Apex Devastator,Commander: Modern Horizons 3,962,1158,4713.37
679609,Escape Tunnel,Teenage Mutant Ninja Turtles,962,1732,430.8
687633,Talisman of Hierarchy,Commander: Secrets of Strixhaven,961,1600,883.49
689080,Moment of Reckoning,Secrets of Strixhaven,961,1218,627.46
688843,Awaken the Woods,Secrets of Strixhaven: Mystical Archive,961,980,17997.36
679112,"Shredder, Shadow Master",Commander: Teenage Mutant Ninja Turtles,961,1174,1424.52
624267,Mistrise Village,Tarkir: Dragonstorm,960,1036,9288.29
648728,Mountain (0290),Avatar: The Last Airbender,960,3119,1208.64
591076,Basilisk Collar,Foundations,959,1197,4897.13
544336,High Noon,Outlaws of Thunder Junction,959,1390,6987.49
688814,Applied Geometry,Secrets of Strixhaven,958,1459,534.01
687401,Anger,Commander: Secrets of Strixhaven,957,1506,1379.65
687667,Arcane Lighthouse,Commander: Secrets of Strixhaven,957,1818,2954.31
696650,Scientist Supreme of A.I.M.,Marvel Super Heroes,956,1652,1046.68
687422,Guardian of Faith,Commander: Secrets of Strixhaven,955,1490,1447.61
268790,Witty Roastmaster,Streets of New Capenna,955,1292,1342.18
696664,Earth's Mightiest Heroes,Marvel Super Heroes,955,1406,3121.98
479581,Prologue to Phyresis,Phyrexia: All Will Be One,955,1375,810.8
687541,Sodden Verdure,Commander: Secrets of Strixhaven,954,1615,941.21
559146,Valley Floodcaller,Bloomburrow,954,1025,4711.65
679234,Underworld Breach (Borderless),Teenage Mutant Ninja Turtles Source Material,954,994,7896.06
230134,Masked Vandal,Kaldheim,953,1746,3072.3
488255,Reprieve,Universes Beyond: The Lord of the Rings: Tales of Middle-earth,953,1186,1888.6
525223,Diamond Pick-Axe,The Lost Caverns of Ixalan,952,1162,2368.77
273372,Decanter of Endless Water,Commander Legends: Battle for Baldur's Gate,951,1129,4765.92
679072,Trouble in Pairs (Borderless),Teenage Mutant Ninja Turtles Source Material,951,1011,15861.39
633410,The Regalia,FINAL FANTASY,951,1085,1663.97
631216,Eye of Nidhogg,Commander: FINAL FANTASY,951,1026,4916.19
687341,Defiling Daemogoth,Commander: Secrets of Strixhaven,951,1248,2621.67
696553,"Ms. Marvel, Kamala Khan (Borderless)",Marvel Super Heroes,950,1085,1442.12
687396,Darksteel Mutation,Commander: Secrets of Strixhaven,950,1754,1635.36
589747,Exemplar of Light (0011),Foundations,950,1206,3040.8
631324,Isolated Chapel,Commander: FINAL FANTASY,949,1351,588.97
671135,Tree of Perdition,Commander: Lorwyn Eclipsed,949,1189,4262.67
533895,Proft's Eidetic Memory,Murders at Karlov Manor,949,1143,2309.12
648725,Plains (0287),Avatar: The Last Airbender,948,2960,1039.09
638897,The Seriema,Edge of Eternities,948,1384,1211.28
513067,Utopia Sprawl,Wilds of Eldraine: Enchanting Tales,947,1252,2055.66
651336,"Carnage, Crimson Chaos",Marvel's Spider-Man,947,1150,1518.25
688920,Repel Calamity,Secrets of Strixhaven: Mystical Archive,946,1292,450.21
499536,Path to Exile,Commander: The Lord of the Rings: Tales of Middle-earth,946,1786,2445.61
6150,Caltrops,Urza's Destiny,944,1123,13379.25
696316,Armor Wars,Marvel Super Heroes,944,1540,927.76
630917,Summon: Bahamut,FINAL FANTASY,943,984,21577.96
662545,Great Divide Guide,Avatar: The Last Airbender,943,1354,1428.94
215384,"Vito, Thorn of the Dusk Rose",Core Set 2021,942,984,11576.73
227128,Open the Armory,Commander Legends,941,981,2754.83
188705,"Narset, Parter of Veils",War of the Spark,940,1407,1863.24
552853,Eviscerator's Insight,Modern Horizons 3,940,2020,741.82
688884,Crackle with Power,Secrets of Strixhaven: Mystical Archive,940,958,7706.14
5615,Lotus Petal,Tempest,939,1154,37326.22
648645,"Appa, Steadfast Guardian",Avatar: The Last Airbender,938,1036,8542.19
630864,Aerith Gainsborough,FINAL FANTASY,938,1059,2442.64
457215,Spirit Link,Dominaria Remastered,937,1398,502.27
673646,"Slash, Reptile Rampager",Teenage Mutant Ninja Turtles,937,1198,1387.26
499755,Heroic Intervention,Commander: The Lord of the Rings: Tales of Middle-earth,936,978,14342.14
662611,"Toph, Hardheaded Teacher",Avatar: The Last Airbender,936,1148,1439.74
188345,Bolt Bend,War of the Spark,935,1015,3793.8
268915,Slip Out the Back,Streets of New Capenna,934,1101,4525.83
207162,Underworld Dreams,Theros Beyond Death,933,1085,2181.67
591779,Thousand-Year Storm,Foundations,932,1044,1247.23
499572,Raise the Palisade,Commander: The Lord of the Rings: Tales of Middle-earth,932,1066,9980.92
591775,Firebrand Archer,Foundations,931,1384,408.66
221913,Cleansing Wildfire,Zendikar Rising,931,2348,1295.63
687551,Open the Way,Commander: Secrets of Strixhaven,930,1893,2096.54
552629,Worn Powerstone,Modern Horizons 3,930,1455,718.63
696272,Kang the Conqueror,Marvel Super Heroes,930,1478,2286.28
687573,Vernal Fen,Commander: Secrets of Strixhaven,930,1496,1166.95
679603,Coin of Mastery,Commander: Teenage Mutant Ninja Turtles,929,1305,2579.76
499815,Herald's Horn,Commander: The Lord of the Rings: Tales of Middle-earth,929,991,4552.83
687454,Nether Traitor,Commander: Secrets of Strixhaven,928,1366,2492.97
641746,Thrumming Hivepool,Edge of Eternities,927,1563,1732.45
700738,Doom Variant - Roaming Throne (Borderless),Marvel Universe Eternal-Legal,926,950,48228.45
648726,Island (0288),Avatar: The Last Airbender,926,3073,1085.81
687585,Woodland Cemetery,Commander: Secrets of Strixhaven,925,1670,757.5
662051,The Earth King,Avatar: The Last Airbender,925,1109,1262.06
687411,Ghoulish Impetus,Commander: Secrets of Strixhaven,924,1723,1469.8
687451,Benevolent Hydra,Commander: Secrets of Strixhaven,924,1342,2755.56
686630,"Quintorius, History Chaser (Borderless)",Commander: Secrets of Strixhaven,924,1777,1967.91
631225,Colossus Hammer,Commander: FINAL FANTASY,924,1839,1702.0
544354,Lavaspur Boots,Outlaws of Thunder Junction,923,1244,1433.64
687487,Priest of Forgotten Gods,Commander: Secrets of Strixhaven,923,1610,1410.16
687360,Chaos Warp,Commander: Secrets of Strixhaven,923,1404,1434.81
696271,"Echo, Perceptive Prodigy",Marvel Super Heroes,922,1586,849.3
533901,Doppelgang,Murders at Karlov Manor,922,1049,2376.19
686633,"Zimone, Infinite Analyst (Borderless)",Commander: Secrets of Strixhaven,921,1080,1133.21
660594,Fire Lord Azula,Avatar: The Last Airbender,921,1085,3008.68
687603,Assassin's Trophy,Commander: Secrets of Strixhaven,920,1508,1237.46
187186,Dovin's Veto,War of the Spark,920,996,3346.25
689364,Triumph of the Hordes,Secrets of Strixhaven: Mystical Archive,920,942,14636.01
624065,Tempest Hawk,Tarkir: Dragonstorm,919,2872,3048.11
632703,PuPu UFO,FINAL FANTASY,918,1357,733.3
498414,Delighted Halfling,Universes Beyond: The Lord of the Rings: Tales of Middle-earth,918,970,25645.12
633170,"Joshua, Phoenix's Dominant",FINAL FANTASY,917,999,2333.05
552644,Glasswing Grace,Modern Horizons 3,917,1113,599.58
689345,Cyclonic Rift,Secrets of Strixhaven: Mystical Archive,917,926,33661.33
544668,Annie Joins Up,Outlaws of Thunder Junction,916,961,4497.48
552309,"Ulamog, the Defiler",Modern Horizons 3,914,985,15453.05
679568,Endless Foot Assault,Commander: Teenage Mutant Ninja Turtles,914,1170,4492.9
657790,Forest (0257),Teenage Mutant Ninja Turtles,913,3091,2212.11
553237,Refurbished Familiar,Modern Horizons 3,913,2271,916.13
558346,Parting Gust,Bloomburrow,913,1198,1146.56
575288,Ethereal Armor,Duskmourn: House of Horror,913,1267,800.13
646616,"Green Goblin, Revenant",Marvel's Spider-Man,913,1026,414.09
671536,Gathering Stone,Lorwyn Eclipsed,912,1257,956.47
679158,High Score,Commander: Teenage Mutant Ninja Turtles,912,1225,1502.59
630932,Black Mage's Rod,FINAL FANTASY,911,1467,588.53
615206,Stridehangar Automaton,Commander: Aetherdrift,911,1263,3193.76
687670,Cascade Bluffs,Commander: Secrets of Strixhaven,911,1594,1345.04
191582,Defile,Modern Horizons,911,1197,1577.55
552618,Harbinger of the Seas,Modern Horizons 3,909,1383,2389.6
686632,"Rootha, Mastering the Moment (Borderless)",Commander: Secrets of Strixhaven,908,1140,1075.7
688983,Wildgrowth Archaic (Borderless),Secrets of Strixhaven,908,1050,1298.13
239716,Drossforge Bridge,Modern Horizons 2,908,1761,2192.7
689053,Tragedy Feaster,Secrets of Strixhaven,907,1261,610.31
624738,Nature's Rhythm,Tarkir: Dragonstorm,906,1062,5575.47
499776,Asceticism,Commander: The Lord of the Rings: Tales of Middle-earth,905,1152,4729.78
687583,Immoral Bargain,Commander: Secrets of Strixhaven,904,1374,1879.35
499456,Mithril Coat,Universes Beyond: The Lord of the Rings: Tales of Middle-earth,902,922,26544.4
498367,Orcish Bowmasters,Universes Beyond: The Lord of the Rings: Tales of Middle-earth,902,1051,50732.94
575069,Razorkin Needlehead,Duskmourn: House of Horror,901,970,5477.64
686602,Quandrix Charm,Secrets of Strixhaven,901,1402,415.58
544475,Forsaken Miner,Outlaws of Thunder Junction,898,1414,2437.37
671236,Realmwalker,Commander: Lorwyn Eclipsed,898,1469,1929.14
697062,Training Regimen,Marvel Super Heroes,897,1318,506.85
687398,Pest Rescuer,Commander: Secrets of Strixhaven,897,1285,2245.46
233914,Simian Spirit Guide,Time Spiral: Remastered,897,1142,4063.52
696547,"Iron Lad, Diverging Destiny",Marvel Super Heroes,896,1157,453.3
660549,The Legend of Roku,Avatar: The Last Airbender,896,1050,11828.85
457137,Wild Growth,Dominaria Remastered,896,1402,828.59
697485,Heaven-Sent Marvel - Archangel of Thune (Borderless),Marvel Universe Eternal-Legal,895,958,21203.73
687391,Bloodghast,Commander: Secrets of Strixhaven,894,1813,1575.79
162257,Jhoira's Familiar,Dominaria,894,1025,1563.42
689522,Essenceknit Scholar,Secrets of Strixhaven,893,1195,326.08
641983,Horizon Explorer,Commander: Edge of Eternities,892,1153,2696.6
687382,Blight Mound,Commander: Secrets of Strixhaven,892,1593,1292.75
687499,Elvish Mystic,Commander: Secrets of Strixhaven,891,1436,966.76
630898,Mountain (0305),FINAL FANTASY,891,3054,1021.7
668578,High Perfect Morcant,Lorwyn Eclipsed,891,982,1405.44
559973,Reliquary Tower,Commander: Bloomburrow,890,985,3912.89
696277,Secret Invasion,Marvel Super Heroes,890,1501,739.87
458178,Peregrine Drake,Dominaria Remastered,889,1311,485.93
687526,Shielded by Faith,Commander: Secrets of Strixhaven,889,1526,849.92
643049,"Evendo, Waking Haven",Edge of Eternities,888,950,13658.47
643621,Pinnacle Emissary,Edge of Eternities,888,1521,2487.63
544208,Slickshot Show-Off,Outlaws of Thunder Junction,888,1302,8085.62
499506,Cultivate,Commander: The Lord of the Rings: Tales of Middle-earth,888,1120,487.96
524220,Growing Rites of Itlimoc,The Lost Caverns of Ixalan,888,956,7637.13
634034,"Midgar, City of Mako",FINAL FANTASY,888,1003,2383.91
1381,Dark Ritual,Revised Edition,887,1256,3961.43
687547,Swords to Plowshares,Commander: Secrets of Strixhaven,887,1523,2527.11
630950,"Sephiroth, Fabled SOLDIER",FINAL FANTASY,886,953,31940.09
687504,Forgotten Ancient,Commander: Secrets of Strixhaven,886,1258,514.19
559849,Helm of the Host,Commander: Bloomburrow,886,958,8677.53
631130,Puresteel Paladin,Commander: FINAL FANTASY,885,1148,910.38
671473,Sunderflock,Lorwyn Eclipsed,885,1173,2320.5
559948,Farseek,Commander: Bloomburrow,885,1392,1397.63
661945,The Unagi of Kyoshi Island,Avatar: The Last Airbender,885,1084,1974.12
630929,Traveling Chocobo,FINAL FANTASY,885,950,18005.69
268317,An Offer You Can't Refuse,Streets of New Capenna,884,973,2450.96
532918,Thundering Falls,Murders at Karlov Manor,884,999,15796.25
697030,Loki Laufeyson,Marvel Super Heroes,884,1272,516.67
559040,Feather of Flight,Bloomburrow,883,1368,545.15
687495,Big Score,Commander: Secrets of Strixhaven,883,1687,1227.39
642024,Arcane Signet,Commander: Edge of Eternities,882,2108,1107.1
689407,Expressive Iteration,Secrets of Strixhaven: Mystical Archive,882,1051,1437.24
559854,Mind Stone,Commander: Bloomburrow,882,1289,707.52
243205,Feign Death,Adventures in the Forgotten Realms,882,1116,1100.0
687689,High Market,Commander: Secrets of Strixhaven,880,1581,1198.08
235670,Sudden Breakthrough,Strixhaven: School of Mages,880,1029,359.96
638908,"Tezzeret, Cruel Captain",Edge of Eternities,880,1032,19930.12
525238,Roaming Throne,The Lost Caverns of Ixalan,879,915,45155.52
591057,Boros Charm,Foundations,879,1177,5440.01
687505,Viscera Seer,Commander: Secrets of Strixhaven,879,1515,786.9
687524,Rogue's Passage,Commander: Secrets of Strixhaven,878,1570,760.19
631550,Talisman of Indulgence,Commander: FINAL FANTASY,877,1111,2376.45
532880,Commercial District,Murders at Karlov Manor,877,1030,7930.45
696569,Claim the Kingdom,Marvel Super Heroes,877,1426,1577.29
661961,"Mai, Scornful Striker",Avatar: The Last Airbender,877,1051,1648.72
661951,Firebender Ascension,Avatar: The Last Airbender,877,1072,1126.79
631197,Nature's Lore,Commander: FINAL FANTASY,877,1052,2851.2
688829,Geometer's Arthropod (Borderless),Secrets of Strixhaven,876,989,1181.02
631208,Champion's Helm,Commander: FINAL FANTASY,876,1167,3198.96
646522,"Anti-Venom, Horrifying Healer",Marvel's Spider-Man,876,994,5457.45
651996,Strength of Will,Marvel's Spider-Man,875,1064,1531.73
552857,"Ashling, Flame Dancer",Modern Horizons 3,875,918,5184.7
563893,Vengeful Bloodwitch,Foundations,875,1363,425.85
687503,Selfless Spirit,Commander: Secrets of Strixhaven,874,1577,844.25
643478,Cryogen Relic,Edge of Eternities,874,1734,673.51
631303,Thought Vessel,Commander: FINAL FANTASY,874,1364,3334.76
641961,"Braids, Arisen Nightmare",Commander: Edge of Eternities,873,1160,3734.39
635622,"Ishgard, the Holy See",FINAL FANTASY,873,926,1990.21
243352,Druid Class,Adventures in the Forgotten Realms,873,2183,3562.05
656681,Deceit,Lorwyn Eclipsed,873,1260,6771.48
479034,Infectious Bite,Phyrexia: All Will Be One,872,1203,945.44
183219,Rhythm of the Wild,Ravnica Allegiance,872,923,4080.86
642801,Etherium Sculptor,Commander: Edge of Eternities,872,1303,875.35
690169,Flusterstorm,Secrets of Strixhaven: Mystical Archive,872,917,9826.8
697066,Epic Fight (Borderless),Marvel Super Heroes,872,1000,871.19
657762,"Michelangelo, the Heart (0005) (Borderless)",Commander: Teenage Mutant Ninja Turtles,871,1366,1932.01
688657,Restoration Seminar (Borderless),Secrets of Strixhaven,871,924,8430.53
686549,Grave Researcher (Extended Art),Secrets of Strixhaven,871,938,6115.27
499188,Flowering of the White Tree,Universes Beyond: The Lord of the Rings: Tales of Middle-earth,870,889,8863.69
651942,Superior Spider-Man,Marvel's Spider-Man,870,1202,3058.4
239440,Squirrel Mob,Modern Horizons 2,870,1131,1024.92
512656,Night of the Sweets' Revenge,Wilds of Eldraine,870,1053,1067.52
552728,Toxic Deluge,Modern Horizons 3,870,960,5291.67
686607,Silverquill Charm,Secrets of Strixhaven,870,1371,428.06
615204,Conjurer's Closet,Commander: Aetherdrift,870,1090,4025.44
633126,Wild Rose Rebellion - Counterspell (Showcase),FINAL FANTASY: Through the Ages,870,1028,3105.82
66624,Sphere of Safety,Return to Ravnica,869,919,4081.46
662551,The Legend of Kyoshi,Avatar: The Last Airbender,869,929,5491.27
556007,Overpowering Attack,Universes Beyond: Assassin's Creed,869,1130,1321.5
499538,Swords to Plowshares,Commander: The Lord of the Rings: Tales of Middle-earth,869,1482,2195.64
591209,Swiftfoot Boots (Borderless),Foundations,868,1423,4628.08
688951,Decorum Dissertation (Borderless),Secrets of Strixhaven,868,911,14690.68
632635,Summon: Knights of Round,FINAL FANTASY,868,905,12332.1
235964,Sedgemoor Witch,Strixhaven: School of Mages,867,971,8349.02
544271,Great Train Heist,Outlaws of Thunder Junction,866,970,3666.18
673643,"Raphael, the Nightwatcher",Teenage Mutant Ninja Turtles,866,1001,1231.0
686615,"Prismari, the Inspiration (Borderless)",Secrets of Strixhaven,865,869,20126.49
688875,Living End,Secrets of Strixhaven: Mystical Archive,865,965,4204.82
673630,Dark Leo & Shredder,Teenage Mutant Ninja Turtles,865,925,5789.91
498376,Rising of the Day,Universes Beyond: The Lord of the Rings: Tales of Middle-earth,865,1012,803.63
563870,Helpful Hunter,Foundations,865,1237,388.47
240340,Ornithopter of Paradise,Modern Horizons 2,864,1140,1068.15
58174,Cloudshift,Avacyn Restored,864,1100,1039.93
14311,Ophidian Eye,Time Spiral,864,881,12496.56
624176,Will of the Jeskai,Commander: Tarkir: Dragonstorm,863,1116,3578.36
686585,Giant Growth,Secrets of Strixhaven: Mystical Archive,863,1296,436.94
689624,Growth Curve,Secrets of Strixhaven,863,1221,369.38
544486,"Kambal, Profiteering Mayor",Outlaws of Thunder Junction,863,964,5451.62
696576,"Winter Soldier, Icy Assassin",Marvel Super Heroes,862,1368,773.76
525779,Sol Ring,Commander: The Lost Caverns of Ixalan,862,1382,2236.87
498305,"Boromir, Warden of the Tower",Universes Beyond: The Lord of the Rings: Tales of Middle-earth,862,979,5362.9
4641,Dark Ritual,Ice Age,862,1093,3854.05
532888,Assassin's Trophy,Murders at Karlov Manor,862,1067,1698.11
631305,Hardened Scales,Commander: FINAL FANTASY,861,1115,2411.2
687496,Cultivate,Commander: Secrets of Strixhaven,860,1430,572.16
656712,Steam Vents (Borderless),Lorwyn Eclipsed,860,951,18726.93
126369,Winding Constrictor,Aether Revolt,859,1529,716.15
671204,Evolution Sage,Commander: Lorwyn Eclipsed,858,1029,2592.71
499811,Vanquisher's Banner,Commander: The Lord of the Rings: Tales of Middle-earth,858,1096,4628.6
660653,Planetarium of Wan Shi Tong,Avatar: The Last Airbender,858,916,5501.1
589330,Crystal Barricade,Foundations,858,1010,1638.94
689488,Choreographed Sparks,Secrets of Strixhaven,858,1159,442.66
615181,Treasure Vault,Commander: Aetherdrift,857,1291,1492.03
643036,Pain for All,Edge of Eternities,857,1175,696.63
498525,Forge Anew,Universes Beyond: The Lord of the Rings: Tales of Middle-earth,856,901,4358.99
625277,Dragon Sniper,Tarkir: Dragonstorm,856,1203,1069.17
631135,Anger,Commander: FINAL FANTASY,855,1154,925.88
590858,Doubling Season,Foundations,855,871,28482.04
243329,Cleric Class,Adventures in the Forgotten Realms,855,966,1820.77
630901,Forest (0307),FINAL FANTASY,855,2829,1007.38
631291,Conqueror's Flail,Commander: FINAL FANTASY,855,1202,1288.16
689108,Germination Practicum (Borderless),Secrets of Strixhaven,855,876,14477.94
689531,Vibrant Outburst,Secrets of Strixhaven,854,1506,464.85
123071,Reckless Fireweaver,Kaladesh,854,1153,983.49
687692,Llanowar Wastes,Commander: Secrets of Strixhaven,854,1352,950.03
499216,Rise of the Witch-king,Universes Beyond: The Lord of the Rings: Tales of Middle-earth,853,958,864.58
240035,Esper Sentinel,Modern Horizons 2,853,905,52529.9
187122,Flux Channeler,War of the Spark,853,1007,3098.66
552301,"K'rrik, Son of Yawgmoth",Modern Horizons 3,853,1025,795.18
90945,Elvish Mystic,Magic 2015 (M15),853,1229,721.16
652016,Spider Manifestation,Marvel's Spider-Man,852,1489,468.3
552841,Planar Genesis,Modern Horizons 3,852,1150,783.16
552861,Archway of Innovation,Modern Horizons 3,852,1108,969.85
452208,Gaea's Gift,The Brothers' War,852,1057,1178.3
589328,Bloodthirsty Conqueror,Foundations,851,897,31536.51
687478,Pawn of Ulamog,Commander: Secrets of Strixhaven,851,1375,1774.37
552625,Ophiomancer,Modern Horizons 3,851,942,1162.27
615171,Blasphemous Act,Commander: Aetherdrift,850,1368,1207.8
651360,"Gwenom, Remorseless",Marvel's Spider-Man,850,873,4841.85
283524,Relic of Legends,Dominaria United,850,942,2504.14
591325,Heraldic Banner,Foundations,850,1208,441.34
552621,Strix Serenade,Modern Horizons 3,850,1160,2527.36
239718,Mistvault Bridge,Modern Horizons 2,849,1489,959.09
631246,Trailblazer's Boots,Commander: FINAL FANTASY,849,1160,1739.92
116436,Open the Armory,Shadows over Innistrad,849,981,2418.47
696498,The Super Hero Civil War,Marvel Super Heroes,848,1351,716.42
129733,Nest of Scarabs,Amonkhet,847,949,5228.43
688478,Resonating Lute (Extended Art),Secrets of Strixhaven,846,924,5251.99
559918,Thought Vessel,Commander: Bloomburrow,846,983,2983.07
696429,"Captain America, First Avenger (Borderless)",Marvel Universe Eternal-Legal,845,856,15963.64
240460,Duskshell Crawler,Modern Horizons 2,845,1077,349.98
633138,Summon: Titan,FINAL FANTASY,845,960,1445.18
696438,"Wolverine, Best There Is (Borderless)",Marvel Universe Eternal-Legal,845,849,24370.85
253770,End the Festivities,Innistrad: Crimson Vow,845,1421,1589.6
632061,Shadowbringers - Dovin's Veto (Showcase),FINAL FANTASY: Through the Ages,845,936,2152.03
544175,Insatiable Avarice,Outlaws of Thunder Junction,844,954,4853.17
633174,"Jenova, Ancient Calamity",FINAL FANTASY,844,920,2167.93
679117,Splinter of the Shadows - Ashcoat of the Shadow Swarm (Borderless),Teenage Mutant Ninja Turtles Source Material,844,975,4970.77
668476,Moon Girl and Devil Dinosaur,Marvel Super Heroes,843,1402,641.46
240157,Tireless Provisioner,Modern Horizons 2,843,933,2384.28
631296,Talisman of Dominance,Commander: FINAL FANTASY,843,972,1734.92
671489,Requiting Hex,Lorwyn Eclipsed,842,1795,1400.71
673608,"Rat King, Verminister",Teenage Mutant Ninja Turtles,842,993,884.37
559718,Agate Instigator,Commander: Bloomburrow,842,1060,7275.96
105594,Dispel,Battle for Zendikar,841,1268,824.21
525827,Unclaimed Territory,Commander: The Lost Caverns of Ixalan,841,1269,717.2
696417,Simulacrum Synthesizer (Borderless),Marvel Universe Eternal-Legal,840,892,18177.38
630890,Swamp (0301),FINAL FANTASY,840,2887,900.59
644278,Starwinder,Edge of Eternities,840,953,1022.06
642795,Cyberdrive Awakener,Commander: Edge of Eternities,840,992,2164.85
687361,Angel of Indemnity,Commander: Secrets of Strixhaven,839,1563,942.38
226641,"Rograkh, Son of Rohgahh",Commander Legends,839,965,2791.24
687618,Culling Ritual,Commander: Secrets of Strixhaven,839,1572,938.54
499750,Swan Song,Commander: The Lord of the Rings: Tales of Middle-earth,839,889,7945.57
187187,Bolas's Citadel,War of the Spark,838,859,14222.38
142005,Herald of Secret Streams,Ixalan,838,1027,5796.56
687403,Faithless Looting,Commander: Secrets of Strixhaven,838,1652,723.0
93202,Brave the Sands,Khans of Tarkir,838,888,3286.84
679621,Command Tower,Commander: Teenage Mutant Ninja Turtles,838,1268,456.76
651910,Spider-Sense,Marvel's Spider-Man,838,1014,2019.99
670971,Vibrance,Lorwyn Eclipsed,836,1100,5289.38
552407,Archon of Cruelty,Commander: Modern Horizons 3,836,1417,9246.81
504530,Kodama's Reach (Borderless),Commander Masters,836,2041,3347.48
182965,Wilderness Reclamation,Ravnica Allegiance,835,1003,2387.95
687533,Songbirds' Blessing,Commander: Secrets of Strixhaven,835,1550,1746.88
630955,Summon: Primal Odin,FINAL FANTASY,834,893,1606.73
687523,Sheltered by Ghosts,Commander: Secrets of Strixhaven,834,1774,2632.43
687399,Brazen Borrower,Commander: Secrets of Strixhaven,834,1921,2267.24
618874,"Y'shtola, Night's Blessed",Commander: FINAL FANTASY,834,1634,4640.41
11311,Vault of Whispers,Mirrodin,833,1450,5426.46
631894,Vincent Valentine,FINAL FANTASY,832,1018,1748.42
631124,"Gogo, Mysterious Mime",Commander: FINAL FANTASY,832,1085,2698.64
550845,Devourer of Destiny,Modern Horizons 3,831,1477,2061.68
688513,Steal the Show,Secrets of Strixhaven,831,1052,409.15
641969,Blasphemous Act,Commander: Edge of Eternities,831,1289,1402.82
696432,"Iron Man, Titan of Innovation (Borderless)",Marvel Universe Eternal-Legal,831,854,12913.76
673649,Chrome Dome,Teenage Mutant Ninja Turtles,831,1003,954.0
688527,Splatter Technique,Secrets of Strixhaven,831,1310,463.65
642855,Karn's Bastion,Commander: Edge of Eternities,831,1167,2680.81
631548,Farseek,Commander: FINAL FANTASY,830,1882,1394.94
696363,Mountain (0283),Marvel Super Heroes,830,3175,1444.65
642807,"Tekuthal, Inquiry Dominus",Commander: Edge of Eternities,830,1824,2787.42
689409,Fracture,Secrets of Strixhaven: Mystical Archive,830,927,997.53
687576,Defacing Duskmage,Commander: Secrets of Strixhaven,829,1211,1641.12
648727,Swamp (0289),Avatar: The Last Airbender,829,2462,893.15
71039,"Nykthos, Shrine to Nyx",Theros,829,874,44694.62
630780,"Yuna, Grand Summoner",Commander: FINAL FANTASY,828,1863,7911.05
688818,Echocasting Symposium (Borderless),Secrets of Strixhaven,828,857,6981.76
687571,Twilight Mire,Commander: Secrets of Strixhaven,828,1407,543.21
552584,Disruptor Flute,Modern Horizons 3,828,1467,2450.78
696351,The Ten Rings (Borderless),Marvel Super Heroes,828,906,15827.88
499507,Farseek,Commander: The Lord of the Rings: Tales of Middle-earth,827,1054,776.36
651978,Oscorp Industries,Marvel's Spider-Man,827,944,1193.5
673570,Kitsune's Technique,Teenage Mutant Ninja Turtles,827,1054,1396.36
221774,Valakut Awakening,Zendikar Rising,826,894,14196.16
6245,Sigil of Sleep,Urza's Destiny,826,909,4936.61
634189,Magic Damper,FINAL FANTASY,826,1214,324.83
183033,Smothering Tithe,Ravnica Allegiance,826,839,43753.43
688913,Empty the Warrens,Secrets of Strixhaven: Mystical Archive,826,930,635.74
631265,An Offer You Can't Refuse,Commander: FINAL FANTASY,826,1107,2632.62
648733,Avatar Aang,Avatar: The Last Airbender,825,946,3386.58
631006,"Kefka, Court Mage",FINAL FANTASY,825,887,4635.93
646639,Mountain (0192),Marvel's Spider-Man,825,2535,855.01
530025,Demand Answers (Showcase),Murders at Karlov Manor,824,1045,577.06
187204,Cruel Celebrant,War of the Spark,824,1020,1138.31
631196,Path to Exile,Commander: FINAL FANTASY,824,1151,1433.53
39062,Phyresis,Mirrodin Besieged,824,1023,1861.87
630924,Y'shtola Rhul,FINAL FANTASY,824,869,4544.89
630879,Plains (0295),FINAL FANTASY,823,3365,1005.31
687606,Umbral Expanse,Commander: Secrets of Strixhaven,823,1425,1289.77
679071,Teleportation Circle (Borderless),Teenage Mutant Ninja Turtles Source Material,823,920,4205.59
661944,Shared Roots,Avatar: The Last Airbender,823,1235,836.26
235658,Solve the Equation,Strixhaven: School of Mages,822,866,3214.62
558384,Ms. Bumbleflower (Borderless),Commander: Bloomburrow,822,1416,8634.83
689537,"Moseo, Vein's New Dean (Extended Art)",Secrets of Strixhaven,822,879,2362.35
556351,"Alexios, Deimos of Kosmos",Universes Beyond: Assassin's Creed,822,1716,905.9
631262,Inexorable Tide,Commander: FINAL FANTASY,822,1210,1874.49
641971,"Moraug, Fury of Akoum",Commander: Edge of Eternities,821,964,2181.92
283381,"Elas il-Kor, Sadistic Pilgrim",Dominaria United,821,913,2183.27
642790,Uthros Research Craft,Commander: Edge of Eternities,821,1155,1383.82
687652,Stormcatch Mentor,Commander: Secrets of Strixhaven,820,1225,702.17
552614,Wrath of the Skies,Modern Horizons 3,820,1504,2616.23
687691,Isolated Chapel,Commander: Secrets of Strixhaven,820,1552,562.47
687580,Eccentric Pestfinder,Commander: Secrets of Strixhaven,820,1014,840.22
560241,Brightcap Badger,Commander: Bloomburrow,820,1142,1230.2
552647,Strength of the Harvest,Modern Horizons 3,820,1051,481.89
687680,Fetid Heath,Commander: Secrets of Strixhaven,820,1339,733.05
696302,HULK SMASH! (Borderless),Marvel Super Heroes,820,1219,559.59
129978,Approach of the Second Sun,Amonkhet,819,921,4088.42
559819,Combat Celebrant,Commander: Bloomburrow,819,1062,1204.84
526191,Fanatical Offering,The Lost Caverns of Ixalan,819,1707,2807.51
656844,Paradise Chocobo - Birds of Paradise (Borderless),Commander: FINAL FANTASY,818,914,14884.07
235118,Storm-Kiln Artist,Strixhaven: School of Mages,818,937,2187.86
631307,Incubation Druid,Commander: FINAL FANTASY,818,1010,1322.61
679615,Hidden Hideout,Commander: Teenage Mutant Ninja Turtles,818,1166,4541.28
686621,Colorstorm Stallion (Borderless),Secrets of Strixhaven,817,1010,2395.89
696325,The Kingpin of Crime,Marvel Super Heroes,816,1151,796.47
687659,Wight of the Reliquary,Commander: Secrets of Strixhaven,816,1352,903.26
633189,"Golbez, Clad in Darkness - Syr Konrad, the Grim (Showcase)",FINAL FANTASY: Through the Ages,815,930,1585.8
631194,Propaganda,Commander: FINAL FANTASY,815,959,3136.73
212233,Surly Badgersaur,Commander 2020,815,854,10368.26
696390,Hit-Monkey,Commander: Marvel Super Heroes,815,881,7522.45
633977,Memories of Nibelheim - Stroke of Midnight (Showcase),FINAL FANTASY: Through the Ages,814,1065,3017.55
631114,Authority of the Consuls,Commander: FINAL FANTASY,814,1004,4415.79
688645,Ambitious Augmenter,Secrets of Strixhaven,814,1179,415.94
696423,Defense of the Heart (Borderless),Marvel Universe Eternal-Legal,814,901,8203.72
679577,"Krang, the All-Powerful",Commander: Teenage Mutant Ninja Turtles,814,1175,795.66
679138,All Will Be One (Borderless),Teenage Mutant Ninja Turtles Source Material,813,841,10958.44
532907,Meticulous Archive,Murders at Karlov Manor,812,964,10719.39
646637,Forest (0193),Marvel's Spider-Man,812,2643,1345.24
498682,"Lotho, Corrupt Shirriff",Universes Beyond: The Lord of the Rings: Tales of Middle-earth,812,827,11074.89
696566,Avengers Disassembled (Borderless),Marvel Super Heroes,811,1200,2019.67
206025,Mountain,Theros Beyond Death,811,3117,5377.95
558383,Hazel of the Rootbloom (Borderless),Commander: Bloomburrow,811,1136,1904.49
671239,Return of the Wildspeaker,Commander: Lorwyn Eclipsed,810,1216,1194.06
253735,Undying Malice,Innistrad: Crimson Vow,810,950,623.4
688525,Thunderdrum Soloist,Secrets of Strixhaven,810,1157,1345.91
111073,Slip Through Space,Oath of the Gatewatch,810,1078,586.37
646034,"Lyla, Holographic Assistant",Marvel's Spider-Man: Eternal-Legal,810,929,7664.2
651851,Impostor Syndrome,Marvel's Spider-Man,810,849,5884.84
591199,Sire of Seven Deaths,Foundations,810,939,16789.01
238617,Counterspell,Modern Horizons 2,810,1037,2766.35
696469,Baxter Building,Marvel Super Heroes,810,1693,1746.44
577658,Silent Hallcreeper,Duskmourn: House of Horror,809,940,1904.41
14720,Essence Warden,Planar Chaos,809,976,4936.3
559964,"Chatterfang, Squirrel General",Commander: Bloomburrow,809,944,7806.44
624591,Herd Heirloom,Tarkir: Dragonstorm,809,890,3580.6
657751,"Krang, Master Mind",Teenage Mutant Ninja Turtles,808,1150,1571.88
624279,Will of the Mardu,Commander: Tarkir: Dragonstorm,808,1202,3068.97
499582,Galadhrim Ambush,Commander: The Lord of the Rings: Tales of Middle-earth,807,1051,4513.02
651386,Peter Parker's Camera,Marvel's Spider-Man,807,947,1555.75
656705,Hallowed Fountain (Borderless),Lorwyn Eclipsed,807,917,13790.81
660617,"Bumi, Unleashed",Avatar: The Last Airbender,807,842,3618.4
686578,Improvisation Capstone (Borderless),Secrets of Strixhaven,807,838,17381.03
9616,Cabal Ritual,Torment,806,934,16211.91
687485,Determined Iteration,Commander: Secrets of Strixhaven,806,1315,2087.25
1712,Dark Ritual,Fourth Edition,806,1099,4027.73
686595,Pest Mascot,Secrets of Strixhaven,806,1287,290.1
696360,Island (0280),Marvel Super Heroes,805,3696,1844.13
590863,"Alesha, Who Laughs at Fate",Foundations,805,914,1220.75
496031,Call of the Ring,Universes Beyond: The Lord of the Rings: Tales of Middle-earth,805,901,4031.2
634624,"Venat, Heart of Hydaelyn",FINAL FANTASY,804,883,1357.74
552738,Sowing Mycospawn,Modern Horizons 3,804,1254,2008.95
544417,Three Steps Ahead,Outlaws of Thunder Junction,804,975,7326.52
532938,Elegant Parlor,Murders at Karlov Manor,804,968,9925.72
238607,Arid Mesa,Modern Horizons 2,803,940,30609.27
696364,Mountain (0284),Marvel Super Heroes,803,2929,1386.11
673670,"Raph & Leo, Sibling Rivals",Teenage Mutant Ninja Turtles,803,900,1008.64
631880,"Ultima, Origin of Oblivion",FINAL FANTASY,803,1003,1422.98
631278,Scavenger Grounds,Commander: FINAL FANTASY,803,1157,483.31
697137,"Matt Murdock, Justice Seeker",Commander: Marvel Super Heroes,801,879,3806.52
222130,Negate,Zendikar Rising,801,1382,428.96
479616,Infectious Inquiry,Phyrexia: All Will Be One,801,1344,549.43
36465,Tainted Strike,Scars of Mirrodin,801,1004,2740.67
679619,Sol Ring,Commander: Teenage Mutant Ninja Turtles,800,1099,1867.52
657760,"Raphael, the Muscle (0004) (Borderless)",Commander: Teenage Mutant Ninja Turtles,800,1367,1256.4
671233,Kodama's Reach,Commander: Lorwyn Eclipsed,800,1511,2210.95
576520,Hushwood Verge,Duskmourn: House of Horror,800,1036,7098.22
273294,Breath Weapon,Commander Legends: Battle for Baldur's Gate,800,1339,5818.21
697431,Swordsman's Steel,Commander: Marvel Super Heroes,799,842,20310.72
687572,Silkguard,Commander: Secrets of Strixhaven,799,1379,823.17
590826,"Giada, Font of Hope",Foundations,799,1297,847.95
687608,Haywire Mite,Commander: Secrets of Strixhaven,798,1487,3516.17
558320,"Camellia, the Seedmiser",Bloomburrow,798,939,1734.98
686517,Together as One,Secrets of Strixhaven,798,1190,392.27
631559,Generous Patron,Commander: FINAL FANTASY,798,1063,2015.84
162175,Rat Colony,Dominaria,797,3421,21823.39
696412,T'Challa's Protection - Teferi's Protection (Borderless),Marvel Universe Eternal-Legal,797,849,29590.33
648704,Fated Firepower,Avatar: The Last Airbender,797,846,4665.16
631583,Dragonskull Summit,Commander: FINAL FANTASY,797,1357,919.19
656714,Temple Garden (Borderless),Lorwyn Eclipsed,796,897,11981.59
534638,Leyline of the Guildpact,Murders at Karlov Manor,796,1030,4581.32
105714,Zulaport Cutthroat,Battle for Zendikar,796,928,1425.06
671166,"Vraska, Betrayal's Sting",Commander: Lorwyn Eclipsed,796,1269,1318.49
633991,Overkill,FINAL FANTASY,796,1145,375.0
696944,"Black Widow, Agile Avenger",Commander: Marvel Super Heroes,795,967,13532.89
646575,Spider-Punk,Marvel's Spider-Man,795,929,1884.66
646638,Island (0190),Marvel's Spider-Man,794,2660,945.95
630892,Swamp (0302),FINAL FANTASY,794,2728,918.67
479363,Vraska's Fall,Phyrexia: All Will Be One,794,1072,360.76
512597,Grasp of Fate,Wilds of Eldraine: Enchanting Tales,794,965,446.21
641978,Exploration Broodship,Commander: Edge of Eternities,794,1123,4040.85
479182,Drown in Ichor,Phyrexia: All Will Be One,793,1255,1176.82
631319,Fetid Heath,Commander: FINAL FANTASY,793,1068,768.29
615058,Renewed Solidarity,Commander: Aetherdrift,793,972,6097.17
512540,Intangible Virtue,Wilds of Eldraine: Enchanting Tales,793,955,338.1
532911,Raucous Theater,Murders at Karlov Manor,793,871,9465.19
532872,Warleader's Call,Murders at Karlov Manor,792,855,6357.73
630903,Forest (0308),FINAL FANTASY,792,2417,777.86
240055,Dragon's Rage Channeler,Modern Horizons 2,792,1288,2353.85
553219,"Yavimaya, Cradle of Growth",Commander: Modern Horizons 3,792,823,12534.51
641805,Singularity Rupture,Edge of Eternities,792,958,788.01
591742,"Lathril, Blade of the Elves",Foundations,792,915,1462.87
553297,Twisted Landscape,Modern Horizons 3,791,1648,428.16
188119,"Krenko, Tin Street Kingpin",War of the Spark,790,836,2548.69
696487,"Daredevil, Man Without Fear (Borderless) (0372)",Marvel Super Heroes,790,818,5496.11
507143,Frantic Search (Borderless),Commander Masters,790,1053,1189.35
215373,Peer into the Abyss,Core Set 2021,790,845,2522.01
475527,Swamp (269) - Full Art,Phyrexia: All Will Be One,789,2326,6717.85
212717,Ram Through,Ikoria: Lair of Behemoths,789,1423,816.7
696434,Ravenous Tyrannosaurus (Borderless),Marvel Universe Eternal-Legal,789,842,8127.41
679639,Vernal Fen,Commander: Teenage Mutant Ninja Turtles,789,1267,753.65
696623,Alien Invasion,Marvel Super Heroes,788,1424,947.63
71316,Aqueous Form,Theros,788,1374,920.61
662403,Agna Qel'a,Avatar: The Last Airbender,788,952,1305.53
532910,Underground Mortuary,Murders at Karlov Manor,787,866,13300.08
671173,Endurance,Commander: Lorwyn Eclipsed,787,1763,6784.82
656672,Mutable Explorer,Lorwyn Eclipsed,787,959,1175.32
591021,Bolt Bend,Foundations,787,1068,2673.45
671266,Chromatic Lantern,Commander: Lorwyn Eclipsed,787,1204,1363.56
646685,Swamp (0191),Marvel's Spider-Man,787,2466,1302.13
524261,Arcane Signet,Commander: The Lost Caverns of Ixalan,787,1161,710.04
34738,Soul's Attendant,Rise of the Eldrazi,786,870,4425.73
642782,Patrolling Peacemaker,Commander: Edge of Eternities,786,1277,1585.46
539393,Sol Ring,Universes Beyond: Fallout,786,1064,1967.25
688517,Mana Sculpt (Extended Art),Secrets of Strixhaven,785,880,2071.68
696474,Origin of the Avengers,Marvel Super Heroes,785,1596,917.75
687520,Sevinne's Reclamation,Commander: Secrets of Strixhaven,785,1149,473.76
631192,Luminous Broodmoth,Commander: FINAL FANTASY,785,1060,1128.13
39432,Suture Priest,New Phyrexia,784,911,2312.38
631207,Graven Cairns,Commander: FINAL FANTASY,784,973,2089.84
686611,"Tam, Observant Sequencer",Secrets of Strixhaven,784,1032,616.28
679616,Chromatic Lantern,Commander: Teenage Mutant Ninja Turtles,783,1108,1644.87
553235,Talon Gates of Madara,Commander: Modern Horizons 3,783,1161,22209.65
479492,Cankerbloom,Phyrexia: All Will Be One,783,1035,680.41
615186,Arcane Denial,Commander: Aetherdrift,782,1080,1881.96
679614,Arcane Signet,Commander: Teenage Mutant Ninja Turtles,782,1021,752.74
696435,"Storm, Force of Nature (Borderless)",Marvel Universe Eternal-Legal,782,797,10027.24
235117,Witherbloom Apprentice,Strixhaven: School of Mages,781,1111,1006.03
238609,Misty Rainforest,Modern Horizons 2,781,895,31538.45
253668,Hullbreaker Horror,Innistrad: Crimson Vow,781,813,4511.9
668474,Thunderbolts Conspiracy,Marvel Super Heroes,780,1208,545.71
686619,"Witherbloom, the Balancer (Borderless)",Secrets of Strixhaven,780,784,25290.45
675585,"Lorehold, the Historian (Borderless)",Secrets of Strixhaven,780,793,15574.15
532897,Shadowy Backstreet,Murders at Karlov Manor,780,910,10536.62
687355,Staff of the Storyteller,Commander: Secrets of Strixhaven,779,1543,1232.09
578068,"Arabella, Abandoned Doll",Duskmourn: House of Horror,779,996,594.32
662030,Enter the Avatar State,Avatar: The Last Airbender,779,1162,359.79
591719,Brass's Bounty,Foundations,779,925,1937.84
555790,"Caduceus, Staff of Hermes",Universes Beyond: Assassin's Creed,778,874,5362.87
646614,"Doctor Octopus, Master Planner (Borderless)",Marvel's Spider-Man,778,879,4622.69
673550,"Leonardo, Cutting Edge",Teenage Mutant Ninja Turtles,778,977,1169.24
688510,Zaffai and the Tempests,Secrets of Strixhaven,778,947,318.16
688973,Impractical Joke,Secrets of Strixhaven,778,1465,410.9
560008,Sword of the Squeak,Commander: Bloomburrow,778,1168,1699.29
689520,Abstract Paintmage,Secrets of Strixhaven,777,1017,300.48
641767,Timeline Culler,Edge of Eternities,777,1233,478.34
513354,Collector's Vault,Wilds of Eldraine,777,1060,1244.54
533889,Case of the Locked Hothouse,Murders at Karlov Manor,777,825,1942.62
227121,Foundry Inspector,Commander Legends,776,962,458.87
696582,"Ultron, Artificial Malevolence (Borderless) (0344)",Marvel Super Heroes,776,788,25848.48
624907,Windcrag Siege,Tarkir: Dragonstorm,776,827,2749.46
631008,"Lightning, Army of One",FINAL FANTASY,774,813,8431.7
656697,Blood Crypt (Borderless),Lorwyn Eclipsed,774,849,13373.76
558400,Stormcatch Mentor,Bloomburrow,774,976,541.7
630872,"Jidoor, Aristocratic Capital",FINAL FANTASY,774,873,1418.59
457458,Cloud of Faeries,Dominaria Remastered,773,1231,425.21
646662,Plains (0189),Marvel's Spider-Man,773,2558,1171.02
661920,The Legend of Yangchen,Avatar: The Last Airbender,773,852,3482.52
631488,Sunken Ruins,Commander: FINAL FANTASY,773,912,3039.2
679194,Rhythm of the Wild (Borderless),Teenage Mutant Ninja Turtles Source Material,773,823,4056.29
576518,Gloomlake Verge,Duskmourn: House of Horror,773,930,9951.34
631594,Sulfurous Springs,Commander: FINAL FANTASY,772,1024,1295.4
657787,Mountain (0256),Teenage Mutant Ninja Turtles,772,2403,1102.7
623916,Ureni of the Unwritten (Borderless),Commander: Tarkir: Dragonstorm,772,910,8499.99
498620,There and Back Again,Universes Beyond: The Lord of the Rings: Tales of Middle-earth,772,823,3676.39
652059,Hide on the Ceiling,Marvel's Spider-Man,771,935,1367.01
498680,Borne Upon a Wind,Universes Beyond: The Lord of the Rings: Tales of Middle-earth,771,976,4223.77
552950,Command Tower,Commander: Modern Horizons 3,771,1229,428.45
687502,"Excava, the Risen Past (Borderless)",Commander: Secrets of Strixhaven,771,1040,1712.78
671582,Eclipsed Realms,Lorwyn Eclipsed,771,1161,674.75
696253,No Mercy (Borderless),Marvel Universe Eternal-Legal,770,832,7012.27
671136,Archfiend of Ifnir,Commander: Lorwyn Eclipsed,770,943,417.54
670997,Harmonized Crescendo,Lorwyn Eclipsed,770,967,1032.15
272747,Avenging Hunter,Commander Legends: Battle for Baldur's Gate,770,1758,8514.15
273319,Ingenious Artillerist,Commander Legends: Battle for Baldur's Gate,769,897,1918.33
221900,Khalni Ambush,Zendikar Rising,769,2644,1160.62
679230,Undercity Sewers (Borderless),Teenage Mutant Ninja Turtles Source Material,768,868,9072.05
642101,Umbral Collar Zealot,Edge of Eternities,768,1031,1382.2
206022,Plains,Theros Beyond Death,768,3272,4240.4
696857,Avengers: Under Siege,Marvel Super Heroes,767,1050,551.95
686618,"Silverquill, the Disputant (Borderless)",Secrets of Strixhaven,767,786,13256.04
624206,Clifftop Retreat,Commander: Tarkir: Dragonstorm,767,1079,333.31
578074,"Marvin, Murderous Mimic",Duskmourn: House of Horror,767,877,2838.69
13270,Elves of Deep Shadow,Ravnica: City of Guilds,767,991,3235.57
689521,Embrace the Paradox,Secrets of Strixhaven,767,1249,312.35
688942,Winds of Abandon,Secrets of Strixhaven: Mystical Archive,767,807,4068.23
696571,"Mole Man, Moloid Master (Extended Art)",Marvel Super Heroes,766,852,3840.54
657786,Swamp (0255),Teenage Mutant Ninja Turtles,766,2754,1761.46
671577,Sapling Nursery,Lorwyn Eclipsed,766,975,1571.29
687406,Ribtruss Roaster,Commander: Secrets of Strixhaven,766,1111,1897.85
479564,Thirsting Roots,Phyrexia: All Will Be One,765,1051,782.58
687700,Necroblossom Snarl,Commander: Secrets of Strixhaven,765,1502,694.13
559733,Pollywog Prodigy,Commander: Bloomburrow,765,1032,6026.96
122709,Aetherflux Reservoir,Kaladesh,765,773,17389.85
552330,"Ral, Monsoon Mage",Modern Horizons 3,765,938,6516.07
555998,Path to Exile,Universes Beyond: Assassin's Creed,764,931,1247.2
671227,Savage Lands,Commander: Lorwyn Eclipsed,764,1149,382.41
559139,Long River's Pull,Bloomburrow,763,1010,313.01
656710,Overgrown Tomb (Borderless),Lorwyn Eclipsed,763,836,13102.04
651944,"Spider-Woman, Stunning Savior (Borderless)",Marvel's Spider-Man,762,866,1494.8
591020,Wishclaw Talisman,Foundations,761,996,2134.43
544837,Imp's Mischief,Outlaws of Thunder Junction: Breaking News,761,798,4989.99
687666,Alchemist's Refuge,Commander: Secrets of Strixhaven,761,1342,654.87
689059,Tragedy Feaster (Borderless),Secrets of Strixhaven,761,875,1040.85
697490,Patriotic Shield - Sword of Fire and Ice (Borderless),Marvel Universe Eternal-Legal,761,775,22647.77
679567,Continue?,Commander: Teenage Mutant Ninja Turtles,761,1110,3353.85
56297,Infernal Plunge,Innistrad,760,1028,1886.25
491759,Wrenn's Resolve,March of the Machine,760,1254,2915.84
578062,Enduring Courage,Duskmourn: House of Horror,759,841,2025.29
642114,Cosmogrand Zenith,Edge of Eternities,759,931,5452.47
576514,Floodfarm Verge,Duskmourn: House of Horror,759,950,8211.24
696358,Plains (0278),Marvel Super Heroes,758,2755,1355.5
673549,Leader's Talent,Teenage Mutant Ninja Turtles,758,890,823.02
248106,Moonsilver Key,Innistrad: Midnight Hunt,758,986,1469.37
558604,Might of the Meek,Bloomburrow,758,1168,383.19
632167,Machinist's Arsenal,FINAL FANTASY,757,919,954.49
696411,Steelshaper's Gift (Borderless),Marvel Universe Eternal-Legal,757,797,6161.37
557277,Nowhere to Run,Duskmourn: House of Horror,757,1162,798.27
498377,Rosie Cotton of South Lane,Universes Beyond: The Lord of the Rings: Tales of Middle-earth,755,1067,444.22
499609,Living Death,Commander: The Lord of the Rings: Tales of Middle-earth,755,847,2122.18
4890,Songs of the Damned,Ice Age,755,1202,1894.23
687579,Steelbane Hydra,Commander: Secrets of Strixhaven,754,1292,803.31
686617,"Quandrix, the Proof (Borderless)",Secrets of Strixhaven,754,769,9248.3
631302,Gyre Sage,Commander: FINAL FANTASY,754,885,1426.79
688655,Practiced Offense (Extended Art),Secrets of Strixhaven,754,982,1250.49
688909,Prismatic Ending,Secrets of Strixhaven: Mystical Archive,754,983,658.09
591184,"Ghalta, Primal Hunger",Foundations,754,941,945.54
687546,Sulfur Falls,Commander: Secrets of Strixhaven,753,1262,604.71
499784,Rejuvenating Springs,Commander: The Lord of the Rings: Tales of Middle-earth,753,826,5031.93
697041,Blazing Crescendo (Borderless),Marvel Super Heroes,753,1086,442.71
557928,Nine-Lives Familiar,Foundations,753,903,1433.73
544694,Conduit Pylons,Outlaws of Thunder Junction,753,1332,384.35
615113,Bontu's Monument,Commander: Aetherdrift,752,1071,3656.21
631195,Rogue's Passage,Commander: FINAL FANTASY,752,1067,537.57
689478,Rabid Attack,Secrets of Strixhaven,752,1214,350.71
631150,Ultimate Magic: Holy,Commander: FINAL FANTASY,752,1276,893.6
660603,"Ozai, the Phoenix King",Avatar: The Last Airbender,752,769,3439.36
188606,Contentious Plan,War of the Spark,752,1160,687.84
642797,"Emry, Lurker of the Loch",Commander: Edge of Eternities,751,1575,999.63
624286,Grand Crescendo,Commander: Tarkir: Dragonstorm,751,889,2931.45
519239,Fiery Islet,Universes Beyond: Doctor Who,750,1081,4462.95
499510,Birds of Paradise,Commander: The Lord of the Rings: Tales of Middle-earth,750,846,10367.69
631264,Fire-Lit Thicket,Commander: FINAL FANTASY,750,1020,1512.6
499368,Elven Chorus,Universes Beyond: The Lord of the Rings: Tales of Middle-earth,749,828,3161.67
630875,Plains (0294),FINAL FANTASY,749,2847,835.81
687474,Awakening Zone,Commander: Secrets of Strixhaven,749,1310,1438.05
696558,"Baron Strucker, HYDRA Overlord (Borderless)",Marvel Super Heroes,749,967,353.1
631329,Prairie Stream,Commander: FINAL FANTASY,749,1114,409.68
206023,Island,Theros Beyond Death,748,2850,4559.82
553540,Maskwood Nexus,Commander: Modern Horizons 3,748,1178,1403.88
276308,Pirate's Pillage,Double Masters 2022,748,956,633.84
589331,Darksteel Colossus,Foundations,748,2277,2215.8
634438,The Masamune,FINAL FANTASY,748,862,1029.96
696387,"Iron Man, Armored Avenger",Commander: Marvel Super Heroes,748,817,4098.98
642113,"Adagia, Windswept Bastion",Edge of Eternities,747,805,4532.41
634042,Cornered by Black Mages,FINAL FANTASY,747,1077,278.69
696967,"Night Nurse, Healer of Heroes",Marvel Super Heroes,746,1186,496.61
541268,"Emrakul, the World Anew",Modern Horizons 3,746,859,3767.78
253542,Reckless Impulse,Innistrad: Crimson Vow,746,1269,1828.33
689084,Scheming Silvertongue (Extended Art),Secrets of Strixhaven,746,826,2530.0
589764,Electroduplicate,Foundations,745,947,602.64
696418,Fiery Emancipation (Borderless),Marvel Universe Eternal-Legal,745,809,5341.28
548383,Snow-Covered Wastes (0229),Modern Horizons 3,745,2600,1088.28
686580,Skycoach Waypoint,Secrets of Strixhaven,743,1495,539.6
679587,Cultivate,Commander: Teenage Mutant Ninja Turtles,743,1110,443.64
624180,Curse of Opulence,Commander: Tarkir: Dragonstorm,743,887,2224.39
268342,Ledger Shredder,Streets of New Capenna,743,823,6345.08
671194,Cream of the Crop,Commander: Lorwyn Eclipsed,743,1694,1087.04
624214,Reliquary Tower,Commander: Tarkir: Dragonstorm,743,951,3466.97
671275,"Muldrotha, the Gravetide",Commander: Lorwyn Eclipsed,743,1262,916.24
631259,Clifftop Retreat,Commander: FINAL FANTASY,743,949,356.38
532905,Undercity Sewers,Murders at Karlov Manor,743,896,15354.25
631235,Lightning Greaves,Commander: FINAL FANTASY,742,905,4006.51
687588,Yavimaya Coast,Commander: Secrets of Strixhaven,742,1480,504.76
558437,Valley Rotcaller,Bloomburrow,742,919,2217.89
615067,Talisman of Dominance,Commander: Aetherdrift,742,886,1518.67
696869,"Bullseye, Death Dealer (Borderless)",Marvel Super Heroes,742,943,440.39
55906,Avacyn's Pilgrim,Innistrad,742,957,561.95
673584,Party Dude,Teenage Mutant Ninja Turtles,741,995,951.25
615193,Aetheric Amplifier,Commander: Aetherdrift,741,1146,1241.96
35651,Pyretic Ritual,Magic 2011 (M11),741,925,6000.34
559729,Jacked Rabbit,Commander: Bloomburrow,741,1263,3182.87
577660,The Mindskinner,Duskmourn: House of Horror,741,884,2363.69
630988,Absolute Virtue,FINAL FANTASY,741,791,2405.13
589380,Twinflame Tyrant,Foundations,741,758,19497.32
625027,Warden of the Grove,Tarkir: Dragonstorm,741,806,2004.45
591774,Rune-Scarred Demon,Foundations,741,905,1285.35
624218,Sulfur Falls,Commander: Tarkir: Dragonstorm,740,1039,361.68
110989,Expedite,Oath of the Gatewatch,740,964,680.32
503399,Command Tower (Borderless),Commander Masters,739,1080,2503.36
631321,Glacial Fortress,Commander: FINAL FANTASY,738,1057,404.07
262050,"Boseiju, Who Endures",Kamigawa: Neon Dynasty,738,794,40247.32
614418,Riverpyre Verge,Aetherdrift,738,938,21297.7
191753,Putrid Goblin,Modern Horizons,738,987,730.22
618873,"Tidus, Yuna's Guardian",Commander: FINAL FANTASY,738,1166,916.94
576512,Blazemire Verge,Duskmourn: House of Horror,737,835,7307.64
553293,Mana Reflection,Commander: Modern Horizons 3,737,950,1413.37
631142,Zack Fair,FINAL FANTASY,737,1312,353.85
624184,Mana Geyser,Commander: Tarkir: Dragonstorm,737,898,1448.94
557922,Day of Judgment,Foundations,736,1089,763.56
632747,Haste Magic,FINAL FANTASY,736,1099,293.54
671267,Glissa Sunslayer,Commander: Lorwyn Eclipsed,736,1206,660.05
499578,"Arwen, Weaver of Hope",Commander: The Lord of the Rings: Tales of Middle-earth,736,853,3317.56
697336,"Thor, Asgard's Avenger",Commander: Marvel Super Heroes,736,895,1650.52
226646,Preordain,Commander Legends,736,1041,926.58
660494,Sozin's Comet,Avatar: The Last Airbender,736,777,3013.05
238619,Urza's Saga,Modern Horizons 2,735,854,35875.67
688870,Knockout Maneuver,Secrets of Strixhaven: Mystical Archive,735,996,328.59
686672,Sylvan Library (Borderless),Special Guests,735,751,20008.27
4727,Hydroblast,Ice Age,735,1757,6634.8
544329,Arid Archway,Outlaws of Thunder Junction,734,1256,868.64
575273,Ghost Vacuum,Duskmourn: House of Horror,734,874,4071.97
668484,Lord of Atlantis (Borderless),Marvel Universe Eternal-Legal,734,821,3853.37
272931,"Jaheira, Friend of the Forest",Commander Legends: Battle for Baldur's Gate,734,753,7414.52
239824,Verdant Command,Modern Horizons 2,734,972,907.76
199001,Deafening Silence,Throne of Eldraine,733,940,2044.23
560228,Alchemist's Talent,Commander: Bloomburrow,733,1156,3946.84
559727,Exotic Orchard,Commander: Bloomburrow,733,954,298.2
499661,Basalt Monolith,Commander: The Lord of the Rings: Tales of Middle-earth,732,1114,3820.67
615236,Stock Up,Aetherdrift,732,1246,2850.66
553290,Seething Landscape,Modern Horizons 3,732,1234,343.94
589324,"Arahbo, the First Fang",Foundations,732,954,2300.49
39492,Blighted Agent,New Phyrexia,732,970,1212.35
262458,"Light-Paws, Emperor's Voice",Kamigawa: Neon Dynasty,731,838,5070.58
10350,Brightstone Ritual,Onslaught,731,838,1994.25
577689,Hedge Shredder,Duskmourn: House of Horror,730,778,2232.83
631813,Endwalker - Brainstorm (Showcase),FINAL FANTASY: Through the Ages,730,871,1740.31
697411,Hulkbuster Armor,Commander: Marvel Super Heroes,730,842,5026.44
238608,Marsh Flats,Modern Horizons 2,730,837,26385.95
122600,Inventors' Fair,Kaladesh,730,750,10751.36
498308,Cast into the Fire,Universes Beyond: The Lord of the Rings: Tales of Middle-earth,730,1545,1299.24
673562,"Leatherhead, Swamp Stalker",Teenage Mutant Ninja Turtles,729,1024,674.34
630712,"Tifa, Martial Artist",Commander: FINAL FANTASY,729,1330,1580.06
631316,Demolition Field,Commander: FINAL FANTASY,729,1413,459.13
697486,Path to Exile (Borderless) (0047),Marvel Universe Eternal-Legal,729,762,5459.4
689382,Bring to Light,Secrets of Strixhaven: Mystical Archive,728,828,427.38
687627,Stonecoil Serpent,Commander: Secrets of Strixhaven,728,1106,412.41
212115,Drannith Magistrate,Ikoria: Lair of Behemoths,728,795,11182.52
507208,Counterspell (Borderless),Commander Masters,728,972,2301.04
644618,Seam Rip,Edge of Eternities,727,1604,944.33
552729,Cursed Mirror,Modern Horizons 3,727,826,695.28
670970,Mirrormind Crown,Lorwyn Eclipsed,727,1018,1269.55
591030,Impact Tremors,Foundations,727,1020,2350.66
552825,Invert Polarity,Modern Horizons 3,727,1084,628.88
625135,Jeskai Revelation,Tarkir: Dragonstorm,727,1005,3668.13
687702,"Oran-Rief, the Vastwood",Commander: Secrets of Strixhaven,727,1148,381.76
652081,Biorganic Carapace,Marvel's Spider-Man,727,845,368.98
687508,Witch of the Moors,Commander: Secrets of Strixhaven,727,1332,666.04
238611,Verdant Catacombs,Modern Horizons 2,727,779,23756.19
648654,"Momo, Friendly Flier",Avatar: The Last Airbender,726,1273,752.05
559726,"Elspeth, Sun's Champion (Borderless)",Commander: Bloomburrow,726,1000,1084.62
624139,Dracogenesis,Tarkir: Dragonstorm,726,753,9358.68
243448,Deadly Dispute,Adventures in the Forgotten Realms,726,1042,701.48
559627,Fountainport,Bloomburrow,725,823,2625.92
671137,Path to Exile,Commander: Lorwyn Eclipsed,725,931,1496.27
272576,Irenicus's Vile Duplication,Commander Legends: Battle for Baldur's Gate,725,764,9118.42
696413,Counterspell (Borderless) (0052),Marvel Universe Eternal-Legal,725,758,7939.97
686614,Professor Dellian Fel (Borderless),Secrets of Strixhaven,725,799,12298.96
671055,Spell Snare,Lorwyn Eclipsed,725,1439,638.16
283384,"Elas il-Kor, Sadistic Pilgrim (Showcase)",Dominaria United,725,864,1659.07
212260,Ominous Seas,Ikoria: Lair of Behemoths,725,889,1264.86
687536,Spirit Mantle,Commander: Secrets of Strixhaven,724,1389,1060.64
175582,"Niv-Mizzet, Parun",Guilds of Ravnica,724,846,4748.11
552939,Sol Ring,Commander: Modern Horizons 3,724,1390,2274.11
679625,Fabled Passage,Commander: Teenage Mutant Ninja Turtles,723,945,1944.52
240047,Academy Manufactor,Modern Horizons 2,723,770,5080.01
238610,Scalding Tarn,Modern Horizons 2,723,843,32081.95
239776,Quirion Ranger,Modern Horizons 2,723,1154,1909.84
672033,Changeling Wayfinder,Lorwyn Eclipsed,723,1371,367.05
651378,With Great Power . . .,Marvel's Spider-Man,723,932,629.96
624325,Goldlust Triad,Commander: Tarkir: Dragonstorm,722,819,4289.34
631113,"Bugenhagen, Wise Elder",Commander: FINAL FANTASY,722,1406,1217.35
651999,"Arana, Heart of the Spider",Marvel's Spider-Man,722,837,480.03
206926,Thassa's Oracle,Theros Beyond Death,722,734,16967.32
529989,"Aurelia, the Law Above",Murders at Karlov Manor,721,820,1353.63
668492,Horn of Greed (Borderless),Marvel Universe Eternal-Legal,721,778,7189.88
631223,Archfiend of Depravity,Commander: FINAL FANTASY,721,918,616.15
548574,Winter Moon,Modern Horizons 3,721,1032,727.49
641726,Extinguisher Battleship,Edge of Eternities,721,873,479.51
631823,Moogles' Valor,FINAL FANTASY,720,814,963.73
697067,"Shang-Chi, Master of Kung Fu (Borderless) (0370)",Marvel Super Heroes,720,753,14675.64
552822,Emrakul's Messenger,Modern Horizons 3,720,927,298.21
679600,Lessons from Life,Teenage Mutant Ninja Turtles,720,1128,306.07
239757,Patriarch's Bidding,Modern Horizons 2,720,770,3419.73
660532,White Lotus Tile,Avatar: The Last Airbender,720,781,3496.98
513893,Primal Vigor,Wilds of Eldraine: Enchanting Tales,720,748,8814.14
552852,Phyrexian Tower,Modern Horizons 3,719,788,20470.09
525821,Secluded Courtyard,Commander: The Lost Caverns of Ixalan,719,1149,361.49
12437,Freed from the Real,Saviors of Kamigawa,719,766,5555.52
642783,Swords to Plowshares,Commander: Edge of Eternities,718,1164,1621.02
697488,Cyberdrive Awakener (Borderless),Marvel Universe Eternal-Legal,718,755,2854.0
696288,Namor the Sub-Mariner (Borderless) (0362),Marvel Super Heroes,718,772,9056.14
478441,Sheoldred's Edict,Phyrexia: All Will Be One,717,912,1389.34
240050,Sterling Grove,Modern Horizons 2,717,787,3480.07
642848,Buried Ruin,Commander: Edge of Eternities,717,1304,580.3
576530,Thornspire Verge,Duskmourn: House of Horror,717,835,4117.79
687388,Claim Jumper,Commander: Secrets of Strixhaven,717,1114,420.99
273196,"Miirym, Sentinel Wyrm",Commander Legends: Battle for Baldur's Gate,717,797,6585.74
631807,Summon: Leviathan,FINAL FANTASY,717,808,1097.07
239441,Squirrel Sanctuary,Modern Horizons 2,717,845,424.16
624254,Auroral Procession,Tarkir: Dragonstorm,717,1170,587.29
679622,Dragonskull Summit,Commander: Teenage Mutant Ninja Turtles,717,997,721.16
552863,Ocelot Pride,Modern Horizons 3,716,900,36022.15
498615,Peregrin Took (Showcase),Universes Beyond: The Lord of the Rings: Tales of Middle-earth,716,900,376.52
624216,Shivan Reef,Commander: Tarkir: Dragonstorm,716,1013,503.55
559916,Kalonian Hydra,Commander: Bloomburrow,716,803,3754.49
631110,Archaeomancer's Map,Commander: FINAL FANTASY,715,925,1545.88
686635,Deduce,Secrets of Strixhaven: Mystical Archive,715,988,275.85
11597,Whispersilk Cloak,Darksteel,715,850,2520.67
630923,Summon: Fenrir,FINAL FANTASY,715,975,440.39
588098,"Liliana, Dreadhorde General",Foundations,714,742,5710.37
641998,Pest Infestation,Commander: Edge of Eternities,714,959,759.76
689111,Dina's Guidance (Extended Art),Secrets of Strixhaven,714,827,1778.9
559117,Curious Forager,Bloomburrow,714,920,388.74
686572,Diary of Dreams,Secrets of Strixhaven,714,1110,358.85
451925,Mishra's Bauble,The Brothers' War: Retro Frame Artifacts,714,1102,2719.34
498527,Ringsight,Universes Beyond: The Lord of the Rings: Tales of Middle-earth,714,832,1303.19
190635,Lava Dart,Modern Horizons,714,2115,2073.6
624149,Ghostly Prison,Commander: Tarkir: Dragonstorm,714,837,4185.68
638906,"Kilo, Apogee Mind (Borderless)",Commander: Edge of Eternities,714,1196,879.1
631005,The Emperor of Palamecia,FINAL FANTASY,713,873,255.94
548590,Nulldrifter,Modern Horizons 3,713,928,1498.92
1898,Red Elemental Blast,Fourth Edition,713,1280,5390.15
631187,Talisman of Conviction,Commander: FINAL FANTASY,713,1103,414.61
462963,Skirk Prospector,Dominaria Remastered,713,1259,401.09
532881,Lush Portico,Murders at Karlov Manor,713,833,4791.91
559824,"Etali, Primal Storm",Commander: Bloomburrow,713,879,428.08
191578,Carrion Feeder,Modern Horizons,713,810,3387.27
630895,Mountain (0303),FINAL FANTASY,712,2602,752.88
689924,Consecrated Sphinx (Retro Frame),MagicFest Cards,712,936,18099.64
559503,Dour Port-Mage,Bloomburrow,712,770,2435.12
641744,The Endstone,Edge of Eternities,711,873,1855.71
688933,Return to the Ranks,Secrets of Strixhaven: Mystical Archive,711,794,463.08
457142,Crop Rotation,Dominaria Remastered,711,888,3084.09
660525,Day of Black Sun,Avatar: The Last Airbender,711,924,1152.85
457270,Elvish Spirit Guide,Dominaria Remastered,711,869,2302.3
559999,Twenty-Toed Toad,Commander: Bloomburrow,710,935,3401.6
671181,Avenger of Zendikar,Commander: Lorwyn Eclipsed,710,1191,623.84
696647,"The Mighty Thor, Jane Foster (Extended Art)",Marvel Super Heroes,710,794,1822.52
696333,Madame Hydra (Borderless),Marvel Super Heroes,710,889,360.58
247826,Shipwreck Marsh,Innistrad: Midnight Hunt,710,761,4928.49
688688,Planar Engineering (Extended Art),Secrets of Strixhaven,710,803,3196.37
673673,"Splinter, Radical Rat",Teenage Mutant Ninja Turtles,709,818,789.61
660583,"Aang, at the Crossroads",Avatar: The Last Airbender,709,828,667.86
668487,Chaos Warp (Borderless),Marvel Universe Eternal-Legal,708,760,4596.58
499774,Whispersilk Cloak,Commander: The Lord of the Rings: Tales of Middle-earth,708,897,2315.98
641996,Nature's Lore,Commander: Edge of Eternities,708,754,2186.59
687631,Galazeth Prismari,Commander: Secrets of Strixhaven,708,1192,694.09
696475,Origin of the Avengers (Borderless),Marvel Super Heroes,707,863,609.49
222039,Kazuul's Fury,Zendikar Rising,706,973,665.73
646579,Miles Morales,Marvel's Spider-Man,706,782,2437.32
696338,"Thanos, the Mad Titan (Borderless) (0376)",Marvel Super Heroes,706,718,12063.18
548589,Ugin's Labyrinth,Modern Horizons 3,706,1038,13339.06
499772,Lightning Greaves,Commander: The Lord of the Rings: Tales of Middle-earth,706,772,3498.96
556330,"Mjolnir, Storm Hammer",Universes Beyond: Assassin's Creed,706,836,1486.77
552581,Razorgrass Ambush,Modern Horizons 3,706,1096,402.94
679212,Leo's Katana - Sword of Sinew and Steel (Borderless),Teenage Mutant Ninja Turtles Source Material,706,792,2339.52
642862,Seat of the Synod,Commander: Edge of Eternities,705,1156,871.3
696871,"Taskmaster, Mercenary Mimic (Extended Art)",Marvel Super Heroes,705,781,1826.96
552868,Monstrous Vortex,Modern Horizons 3,704,919,324.02
269107,Brokers Hideout,Streets of New Capenna,704,851,669.78
548595,It That Heralds the End,Modern Horizons 3,703,1034,357.84
624293,Bojuka Bog,Commander: Tarkir: Dragonstorm,703,996,1216.67
589379,"Tinybones, Bauble Burglar",Foundations,703,798,895.62
229232,"Magda, Brazen Outlaw",Kaldheim,703,827,1821.69
661802,Octopus Form,Avatar: The Last Airbender,702,1111,258.35
688523,Maelstrom Artisan,Secrets of Strixhaven,702,1119,336.95
660544,Firebending Student,Avatar: The Last Airbender,702,927,640.65
651351,"Carnage, Crimson Chaos (Borderless)",Marvel's Spider-Man,701,821,1932.73
262784,Planar Incision,Kamigawa: Neon Dynasty,701,928,499.38
541279,"Ajani, Nacatl Pariah",Modern Horizons 3,701,921,8373.25
230206,Tibalt's Trickery,Kaldheim,701,734,7763.88
631188,Vandalblast,Commander: FINAL FANTASY,701,819,1448.58
687592,Coastal Peak,Commander: Secrets of Strixhaven,701,1317,5939.61
642982,Famished Worldsire,Edge of Eternities,700,740,2479.76
206024,Swamp,Theros Beyond Death,700,2504,4796.41
488270,The One Ring (Borderless) (LTR Bundle),Unique and Miscellaneous Promos,700,739,67037.19
631165,Summon: Yojimbo,Commander: FINAL FANTASY,699,1699,2993.72
631191,Cultivate,Commander: FINAL FANTASY,699,1258,573.63
696476,Political Triumph,Marvel Super Heroes,699,1753,654.57
5024,Dark Ritual,Mirage,699,901,3380.88
262771,Reckoner's Bargain,Kamigawa: Neon Dynasty,698,1575,2126.22
671202,Devoted Druid,Commander: Lorwyn Eclipsed,698,1564,753.09
499501,Sanguine Bond,Commander: The Lord of the Rings: Tales of Middle-earth,698,883,4116.05
615110,Maskwood Nexus,Commander: Aetherdrift,698,1066,1985.45
532916,Hedge Maze,Murders at Karlov Manor,698,791,9847.67
262791,March of Swirling Mist,Kamigawa: Neon Dynasty,697,778,3711.15
499920,Erebor Flamesmith,Universes Beyond: The Lord of the Rings: Tales of Middle-earth,697,1101,429.94
671180,Abundant Countryside,Commander: Lorwyn Eclipsed,697,1525,5081.9
552812,Fangs of Kalonia,Modern Horizons 3,697,890,327.12
624204,Battlefield Forge,Commander: Tarkir: Dragonstorm,697,1034,312.0
507185,All That Glitters (Borderless),Commander Masters,697,803,553.84
696414,Mechanized Production (Borderless),Marvel Universe Eternal-Legal,696,734,2745.88
273423,Decanter of Endless Water (Showcase),Commander Legends: Battle for Baldur's Gate,696,913,2581.9
624156,Narset's Reversal,Commander: Tarkir: Dragonstorm,696,804,2210.4
641742,"Susur Secundi, Void Altar",Edge of Eternities,695,774,3388.19
697044,Call Damage Control,Marvel Super Heroes,695,1760,659.64
656679,Ashling's Command,Lorwyn Eclipsed,695,904,558.93
657756,"Splinter, the Mentor (0003) (Borderless)",Commander: Teenage Mutant Ninja Turtles,695,1193,1224.98
657747,"Leonardo, the Balance (0001) (Borderless)",Commander: Teenage Mutant Ninja Turtles,694,1280,1245.32
457188,Ornithopter,Dominaria Remastered,694,1918,684.97
687538,Mycoloth,Commander: Secrets of Strixhaven,694,1225,803.51
687481,Plumb the Forbidden,Commander: Secrets of Strixhaven,694,1008,369.86
192896,Glint-Horn Buccaneer,Core Set 2020,694,718,4643.04
589382,"Zul Ashur, Lich Lord",Foundations,694,802,598.77
624269,Nomad Outpost,Tarkir: Dragonstorm,694,919,318.45
656663,"Ashling, Rekindled",Lorwyn Eclipsed,694,891,1418.36
559899,Simic Ascendancy,Commander: Bloomburrow,694,888,567.09
656563,"Eirdu, Carrier of Dawn",Lorwyn Eclipsed,694,754,3070.9
696420,Seize the Day (Borderless),Marvel Universe Eternal-Legal,693,742,4243.61
696993,"Wiccan, Rising Magician",Marvel Super Heroes,693,1358,621.89
688667,"Aziza, Mage Tower Captain",Secrets of Strixhaven,693,850,305.18
499878,"Sting, the Glinting Dagger",Universes Beyond: The Lord of the Rings: Tales of Middle-earth,693,796,3116.9
648735,"Katara, the Fearless",Avatar: The Last Airbender,693,838,524.34
526379,Tithing Blade,The Lost Caverns of Ixalan,693,1329,732.52
642071,Sulfurous Springs,Commander: Edge of Eternities,693,1348,1622.64
687380,Armored Skyhunter,Commander: Secrets of Strixhaven,692,1274,686.03
240032,Sanctum Weaver,Modern Horizons 2,692,725,2995.9
696332,Armor Wars (Borderless),Marvel Super Heroes,692,804,709.93
671175,Ignoble Hierarch,Commander: Lorwyn Eclipsed,692,1054,1263.64
66560,Ethereal Armor,Return to Ravnica,692,1080,554.38
699616,"Hawkeye, Trick Shot (Borderless)",Commander: Marvel Super Heroes,691,709,3057.9
649616,"Toph, the Blind Bandit",Avatar: The Last Airbender,691,930,277.27
222131,Scute Swarm,Zendikar Rising,691,741,5389.14
652002,Cosmic Spider-Man,Marvel's Spider-Man,691,796,2342.15
631137,Swords to Plowshares,Commander: FINAL FANTASY,691,1077,1796.49
491316,Corrupted Conviction,March of the Machine,691,847,718.23
642853,Great Furnace,Commander: Edge of Eternities,691,1051,2521.55
696489,The Ruinous Wrecking Crew,Marvel Super Heroes,691,1132,448.26
56245,Curiosity,Innistrad,690,882,698.3
589357,"Niv-Mizzet, Visionary",Foundations,690,745,5058.87
262420,"Takenuma, Abandoned Mire",Kamigawa: Neon Dynasty,690,711,7891.97
559887,Unnatural Growth,Commander: Bloomburrow,690,803,2092.81
673560,Groundchuck & Dirtbag,Teenage Mutant Ninja Turtles,689,951,580.54
591010,Massacre Wurm (0714),Foundations,689,1388,3495.99
227072,Viscera Seer,Commander Legends,689,816,574.37
624341,Blade of Selves,Commander: Tarkir: Dragonstorm,689,821,2425.1
624342,Idol of Oblivion,Commander: Tarkir: Dragonstorm,689,1051,1166.61
262434,"Otawara, Soaring City",Kamigawa: Neon Dynasty,688,708,21503.08
657766,Heroes in a Half Shell (0006) (Borderless),Commander: Teenage Mutant Ninja Turtles,688,1477,1478.33
668490,Heroic Intervention (0079) (Borderless),Marvel Universe Eternal-Legal,688,761,5249.91
198548,All That Glitters,Throne of Eldraine,688,821,570.47
642818,"Jhoira, Weatherlight Captain",Commander: Edge of Eternities,688,795,515.36
499821,Thought Vessel,Commander: The Lord of the Rings: Tales of Middle-earth,688,843,2480.13
671470,Omni-Changeling,Lorwyn Eclipsed,687,935,325.07
687357,Wave of Reckoning,Commander: Secrets of Strixhaven,686,1432,1445.94
651345,"Mysterio, Master of Illusion",Marvel's Spider-Man,685,1019,389.14
624169,Pongify,Commander: Tarkir: Dragonstorm,685,889,1578.96
226319,Charcoal Diamond,Commander Legends,685,1232,601.16
188629,Evolution Sage,War of the Spark,685,717,2152.74
534617,Forensic Gadgeteer,Murders at Karlov Manor,685,997,2010.06
559946,Cultivate,Commander: Bloomburrow,685,1014,1141.92
452246,Thran Power Suit,The Brothers' War,685,1179,1984.86
456739,Sol Ring,Starter Commander Decks,684,1932,3237.61
541326,Cover of Darkness,Universes Beyond: Assassin's Creed,684,704,5661.59
668481,Ephemerate (Borderless),Marvel Universe Eternal-Legal,684,806,4259.39
687640,Moldervine Reclamation,Commander: Secrets of Strixhaven,684,981,327.97
633393,Ride the Shoopuf,FINAL FANTASY,684,880,274.7
671080,Selfless Safewright,Lorwyn Eclipsed,684,896,671.7
507514,Foundry Inspector,Commander Masters,683,1300,625.99
671259,Faeburrow Elder,Commander: Lorwyn Eclipsed,683,1485,784.04
222102,Silundi Vision,Zendikar Rising,683,847,462.58
696392,"Doctor Doom, King of Latveria (Borderless)",Commander: Marvel Super Heroes,683,759,4794.26
687430,Karmic Guide,Commander: Secrets of Strixhaven,683,1342,511.19
553267,Pongify,Commander: Modern Horizons 3,683,808,1465.67
657781,Plains (0253),Teenage Mutant Ninja Turtles,683,2173,967.38
687408,Final Act,Commander: Secrets of Strixhaven,682,1285,515.3
18661,Helm of the Ghastlord,Shadowmoor,682,707,5787.54
696424,Primal Vigor (Borderless),Marvel Universe Eternal-Legal,682,763,4291.31
191572,Universal Automaton,Modern Horizons,682,1019,1485.98
555973,Black Market Connections,Universes Beyond: Assassin's Creed,682,697,12798.94
679599,Blasphemous Act,Commander: Teenage Mutant Ninja Turtles,681,869,916.55
240045,"Yavimaya, Cradle of Growth",Modern Horizons 2,681,709,10810.04
624174,Caldera Pyremaw,Commander: Tarkir: Dragonstorm,681,1333,647.43
10885,Carrion Feeder,Scourge,681,882,3951.02
697277,"Songbird, Sonic Screamer",Commander: Marvel Super Heroes,680,1005,831.76
559885,Warstorm Surge,Commander: Bloomburrow,680,979,845.09
162231,Llanowar Elves,Dominaria,680,1273,570.15
631495,Sol Ring (0358),Commander: FINAL FANTASY,680,1341,2038.98
221841,Ruin Crab,Zendikar Rising,680,942,1487.33
696428,"Black Panther, Wakandan King (Borderless)",Marvel Universe Eternal-Legal,680,700,4413.46
634002,Black Waltz No. 3,FINAL FANTASY,680,842,271.53
221923,Roiling Vortex,Zendikar Rising,678,1050,14275.88
642840,Steel Overseer,Commander: Edge of Eternities,678,1146,602.43
553133,Envoy of the Ancestors,Modern Horizons 3,678,794,289.5
525206,"Inti, Seneschal of the Sun",The Lost Caverns of Ixalan,678,816,1945.34
662396,Sol Ring (Showcase),Avatar: The Last Airbender: Eternal-Legal,678,761,4893.1
631152,Lifestream's Blessing,Commander: FINAL FANTASY,678,904,1506.2
624261,Cori Mountain Monastery,Tarkir: Dragonstorm,678,1123,606.4
221953,Feed the Swarm,Zendikar Rising,678,1210,489.97
632696,Nibelheim Aflame,FINAL FANTASY,677,707,3387.01
544709,Return the Favor,Outlaws of Thunder Junction,677,845,807.83
661928,Spirit Water Revival,Avatar: The Last Airbender,677,808,642.36
671058,Forest (0278),Lorwyn Eclipsed,676,1763,584.53
624181,Electrodominance,Commander: Tarkir: Dragonstorm,676,908,460.48
556390,Coastal Piracy,Universes Beyond: Assassin's Creed,676,814,374.68
631292,Relic of Legends,Commander: FINAL FANTASY,675,867,1347.25
687402,Curiosity Crafter,Commander: Secrets of Strixhaven,675,1065,563.64
498609,Ioreth of the Healing House,Universes Beyond: The Lord of the Rings: Tales of Middle-earth,675,874,296.63
198683,Mystical Dispute,Throne of Eldraine,675,1309,1470.48
262174,Mirror Box,Kamigawa: Neon Dynasty,675,752,3642.76
696480,Captain America's Shield (Borderless) (0317),Marvel Super Heroes,674,696,4675.37
551670,Kozilek's Unsealing,Modern Horizons 3,674,871,282.74
651352,Eddie Brock,Marvel's Spider-Man,673,773,1998.77
552333,"Tamiyo, Inquisitive Student",Modern Horizons 3,673,977,17836.42
136705,Obelisk Spider,Hour of Devastation,673,761,3322.12
642813,Chaos Warp,Commander: Edge of Eternities,673,1099,425.15
198407,"Syr Konrad, the Grim",Throne of Eldraine,673,799,744.25
698193,Birds of Paradise,Commander: Marvel Super Heroes,673,1082,8179.93
206642,Underworld Breach,Theros Beyond Death,673,688,8007.94
524180,Hit the Mother Lode,The Lost Caverns of Ixalan,673,836,565.99
631577,Ruinous Ultimatum,Commander: FINAL FANTASY,672,877,770.76
591702,Dazzling Angel (0009),Foundations,672,1042,296.59
696320,"Hulk, Gamma Goliath",Marvel Super Heroes,672,903,345.81
609749,Essence Flux,Innistrad Remastered,672,756,1090.6
240152,Nettlecyst,Modern Horizons 2,672,707,1914.48
615176,Elder Gargaroth,Commander: Aetherdrift,672,1003,1475.58
175202,Steam Vents,Guilds of Ravnica,672,836,10025.35
4617,Burnt Offering,Ice Age,672,952,1325.28
544477,Smuggler's Surprise,Outlaws of Thunder Junction,671,737,3071.23
557275,Fear of Missing Out,Duskmourn: House of Horror,671,822,2624.82
686533,Conciliator's Duelist,Secrets of Strixhaven,671,926,269.52
697578,"Galactus, Devourer of Worlds",Commander: Marvel Super Heroes,671,748,7008.89
553184,Dryad of the Ilysian Grove,Commander: Modern Horizons 3,671,773,6425.51
499569,Exotic Orchard,Commander: The Lord of the Rings: Tales of Middle-earth,670,894,341.83
687515,Brass Infiniscope,Commander: Secrets of Strixhaven,670,996,563.42
615038,Defend the Rider,Aetherdrift,670,1042,1013.89
642036,Bojuka Bog,Commander: Edge of Eternities,670,1105,1122.89
689535,"Page, Loose Leaf",Secrets of Strixhaven,669,1634,402.74
679634,Sunken Hollow,Commander: Teenage Mutant Ninja Turtles,669,908,361.74
696667,Ka-Zar of the Savage Land,Marvel Super Heroes,669,918,310.0
696359,Island (0279),Marvel Super Heroes,669,2520,1240.92
525811,Myriad Landscape,Commander: The Lost Caverns of Ixalan,669,1105,327.68
478443,Venerated Rotpriest,Phyrexia: All Will Be One,669,821,2186.76
631052,Emet-Selch of the Third Seat,Commander: FINAL FANTASY,668,1563,750.8
272558,Blur,Commander Legends: Battle for Baldur's Gate,668,1216,1033.7
631540,Sol Ring (0356),Commander: FINAL FANTASY,668,1265,1791.05
687339,Coercive Impetus,Commander: Secrets of Strixhaven,668,921,410.12
560021,Second Harvest,Commander: Bloomburrow,668,758,1956.11
457180,High Tide,Dominaria Remastered,668,742,1033.21
671230,Kindred Summons,Commander: Lorwyn Eclipsed,668,1185,1130.95
187221,Teferi's Time Twist,War of the Spark,668,982,570.96
507118,Counterspell,Commander Masters,667,791,2091.65
668491,Heroic Intervention (0080) (Borderless),Marvel Universe Eternal-Legal,667,738,5391.52
499584,Sunpetal Grove,Commander: The Lord of the Rings: Tales of Middle-earth,667,842,667.54
697004,"Moonstone, Harsh Mistress",Marvel Super Heroes,667,918,303.92
507178,Elvish Mystic (Borderless),Commander Masters,667,920,911.98
559947,"Toski, Bearer of Secrets",Commander: Bloomburrow,666,906,4194.01
273386,Prized Statue,Commander Legends: Battle for Baldur's Gate,666,1343,1388.44
673605,"Madame Null, Power Broker",Teenage Mutant Ninja Turtles,666,842,420.74
673567,"Michelangelo, Improviser",Teenage Mutant Ninja Turtles,666,711,2659.99
697126,"Doctor Strange, Surgeon",Commander: Marvel Super Heroes,666,822,2589.23
273083,Manor Gate,Commander Legends: Battle for Baldur's Gate,665,1377,1267.05
548605,Meltdown,Modern Horizons 3,665,1283,453.96
615096,Gravecrawler,Commander: Aetherdrift,665,994,1036.38
559728,Fortune Teller's Talent,Commander: Bloomburrow,665,1440,852.78
646171,Peter Parker,Marvel's Spider-Man,665,730,2330.58
697181,Professor Hulk,Commander: Marvel Super Heroes,664,745,3423.15
687471,Advanced Reconstruction,Commander: Secrets of Strixhaven,664,1048,725.53
539403,Arcane Signet,Universes Beyond: Fallout,663,863,966.41
631007,"Kuja, Genome Sorcerer",FINAL FANTASY,663,770,1378.16
544683,"Doc Aurlock, Grizzled Genius",Outlaws of Thunder Junction,663,1139,582.61
553539,The Reaver Cleaver,Commander: Modern Horizons 3,663,684,9341.96
696478,Captain America's Shield (Borderless) (0311),Marvel Super Heroes,663,689,3299.38
668489,Heroic Intervention (0078) (Borderless),Marvel Universe Eternal-Legal,663,718,7047.99
226892,Fire Diamond,Commander Legends,662,1167,553.26
499611,Reanimate,Commander: The Lord of the Rings: Tales of Middle-earth,662,733,6080.61
675592,Stock Up (JP Alternate Art),Secrets of Strixhaven: Mystical Archive,662,862,3345.96
651989,Shadow of the Goblin,Marvel's Spider-Man,661,735,669.47
696416,Show and Tell (Borderless),Marvel Universe Eternal-Legal,661,809,3673.89
116371,Cryptolith Rite,Shadows over Innistrad,661,720,6161.74
526134,"Anim Pakal, Thousandth Moon",The Lost Caverns of Ixalan,661,688,3382.07
686548,The Dawning Archaic (Borderless),Secrets of Strixhaven,661,700,3488.5
176833,Electrostatic Field,Guilds of Ravnica,661,792,1457.9
688219,Turbulent Moor (Extended Art),Commander: Secrets of Strixhaven,661,730,5914.29
624381,Spectral Denial,Tarkir: Dragonstorm,661,774,323.65
625122,"Betor, Ancestor's Voice (Borderless)",Commander: Tarkir: Dragonstorm,661,898,1362.6
651335,"Electro, Assaulting Battery (Extended Art)",Marvel's Spider-Man,660,714,4691.51
590340,"Fumulus, the Infestation (Anime)",Foundations Jumpstart,660,725,6397.9
696499,The Super Hero Civil War (Borderless),Marvel Super Heroes,660,812,523.06
560172,Luminous Broodmoth,Commander: Bloomburrow,660,785,756.56
698213,Helm of the Host,Commander: Marvel Super Heroes,659,877,4929.86
559751,Shore Up,Bloomburrow,659,984,233.02
239807,Harmonic Prodigy,Modern Horizons 2,659,738,3710.29
499834,Supreme Verdict,Commander: The Lord of the Rings: Tales of Middle-earth,659,955,1500.81
559116,Bushy Bodyguard,Bloomburrow,659,855,241.36
644609,Gene Pollinator,Edge of Eternities,658,1389,474.31
243336,Fighter Class,Adventures in the Forgotten Realms,658,730,4933.12
696561,Death to Our Enemies,Marvel Super Heroes,658,1282,547.53
122729,"Kambal, Consul of Allocation",Kaladesh,658,688,4699.08
657752,"Donatello, the Brains (0002) (Borderless)",Commander: Teenage Mutant Ninja Turtles,658,1152,1391.18
696661,"Misty Knight, Hero for Hire",Marvel Super Heroes,658,954,411.05
679632,Sodden Verdure,Commander: Teenage Mutant Ninja Turtles,657,1001,704.73
631092,"Cid, Freeflier Pilot",Commander: FINAL FANTASY,657,1265,870.35
673624,Improvised Arsenal,Teenage Mutant Ninja Turtles,657,805,555.27
614431,Wastewood Verge,Aetherdrift,656,745,8352.31
631174,Archmage Emeritus,Commander: FINAL FANTASY,656,1053,1248.34
688734,Divergent Equation,Secrets of Strixhaven,656,901,259.66
553224,Vesuva,Commander: Modern Horizons 3,656,901,1858.4
686627,Pensive Professor (Extended Art),Secrets of Strixhaven,656,801,1372.14
697253,"Crimson Cowl, Master of Evil",Commander: Marvel Super Heroes,656,681,1334.35
671262,Assassin's Trophy,Commander: Lorwyn Eclipsed,656,996,897.26
589459,Homunculus Horde,Foundations,656,802,459.43
553186,Scute Swarm,Commander: Modern Horizons 3,656,722,5290.51
558342,"Maha, Its Feathers Night",Bloomburrow,656,701,15391.81
696485,"Daredevil, Man Without Fear (Borderless) (0324)",Marvel Super Heroes,655,710,4442.47
688978,Petrified Hamlet (Extended Art),Secrets of Strixhaven,655,838,1822.02
687352,Flickering Ward,Commander: Secrets of Strixhaven,655,1104,613.37
544403,Aven Interrupter,Outlaws of Thunder Junction,655,829,3041.44
697399,"Wolverine, Claws Out",Commander: Marvel Super Heroes,655,664,11411.49
624914,Dragonstorm Globe,Tarkir: Dragonstorm,655,1049,303.08
679208,Arcbound Ravager (Borderless),Teenage Mutant Ninja Turtles Source Material,654,831,2641.41
688685,Harmonized Trio (Extended Art),Secrets of Strixhaven,654,763,1061.49
668471,Extinction Event (Borderless),Marvel Universe Eternal-Legal,654,691,3511.5
696577,"Abomination, Terrifying Titan (Borderless)",Marvel Super Heroes,654,832,287.35
615032,The Scarab God,Commander: Aetherdrift,654,729,3064.81
631279,Baleful Strix,Commander: FINAL FANTASY,654,900,1013.31
226407,Three Visits,Commander Legends,654,693,4513.87
552317,Kaalia of the Vast,Modern Horizons 3,653,794,1763.36
697387,"Hulk, Strongest There Is",Commander: Marvel Super Heroes,653,671,4621.93
697383,Devil Dinosaur,Commander: Marvel Super Heroes,653,661,29813.43
631012,"Squall, SeeD Mercenary",FINAL FANTASY,653,741,763.67
657783,Island (0254),Teenage Mutant Ninja Turtles,653,1975,870.71
623884,Frostcliff Siege,Tarkir: Dragonstorm,653,709,1969.34
662402,Waterbender Ascension,Avatar: The Last Airbender,652,742,713.4
552268,Deserted Temple,Modern Horizons 3,652,922,549.41
525625,Thousand Moons Smithy,The Lost Caverns of Ixalan,652,740,1684.54
671082,Champions of the Perfect,Lorwyn Eclipsed,652,763,806.07
631013,"Terra, Magical Adept",FINAL FANTASY,651,738,1827.52
631210,The Warring Triad,Commander: FINAL FANTASY,651,1036,916.15
525742,Port Razer,Commander: The Lost Caverns of Ixalan,651,1011,756.55
262770,Colossal Skyturtle,Kamigawa: Neon Dynasty,651,1040,1009.4
615184,Chaos Warp,Commander: Aetherdrift,651,1056,403.17
556388,Desynchronization,Universes Beyond: Assassin's Creed,651,736,3157.51
553303,Siege Smash,Modern Horizons 3,650,1035,289.03
696311,"Tigra, Feline Fury",Marvel Super Heroes,650,1272,423.22
273376,Manifold Key,Commander Legends: Battle for Baldur's Gate,650,721,1257.49
457159,Mesa Enchantress,Dominaria Remastered,650,794,485.53
624317,Isolated Chapel,Commander: Tarkir: Dragonstorm,650,836,381.64
484548,Breach the Multiverse,March of the Machine,649,684,6843.31
673592,Does Machines,Teenage Mutant Ninja Turtles,649,1115,753.3
631318,Drowned Catacomb,Commander: FINAL FANTASY,649,912,1676.82
686625,Exhibition Tidecaller (Extended Art),Secrets of Strixhaven,649,786,2085.31
632169,"Squall Leonhart - Danitha Capashen, Paragon (Showcase)",FINAL FANTASY: Through the Ages,648,713,570.47
556347,Terminate,Universes Beyond: Assassin's Creed,648,829,306.3
688962,Spell Pierce (JP Alternate Art),Secrets of Strixhaven: Mystical Archive,648,811,3051.71
687379,Kinetic Ooze,Commander: Secrets of Strixhaven,648,870,402.92
559884,Path of Ancestry,Commander: Bloomburrow,648,1147,343.58
589350,Lyra Dawnbringer (0707),Foundations,647,1113,1051.59
239364,Bruenor Battlehammer,Adventures in the Forgotten Realms,647,734,807.72
687466,Night's Whisper,Commander: Secrets of Strixhaven,647,1202,443.6
461961,Goblin Matron,Dominaria Remastered,647,1009,328.73
631162,Arcane Signet (0332),Commander: FINAL FANTASY,647,925,2472.5
642001,Skyshroud Claim,Commander: Edge of Eternities,646,1036,1069.33
638899,"Sothera, the Supervoid",Edge of Eternities,646,778,2251.09
641874,Bygone Colossus,Edge of Eternities,646,807,262.66
614401,Bleachbone Verge,Aetherdrift,645,750,8197.75
698008,Black Market Connections,Commander: Marvel Super Heroes,645,883,9734.84
32731,Soul Warden,Magic 2010 (M10),645,771,2315.89
697290,Loki's Scepter,Commander: Marvel Super Heroes,645,780,5318.27
697380,"Bushmaster, Coiled Henchman",Commander: Marvel Super Heroes,645,813,722.84
619670,"Teval, the Balanced Scale (Borderless)",Commander: Tarkir: Dragonstorm,645,760,2559.82
559115,"Baylen, the Haymaker",Bloomburrow,645,758,737.39
10917,Goblin War Strike,Scourge,645,741,1668.66
548599,Wight of the Reliquary,Modern Horizons 3,645,763,749.82
188468,Spark Double,War of the Spark,645,660,6603.01
652457,Villainous Wrath,Marvel's Spider-Man,645,756,748.59
646684,Multiversal Passage (Borderless),Marvel's Spider-Man,644,807,6864.21
616085,Risky Shortcut,Aetherdrift,644,840,233.7
689105,Postmortem Professor,Secrets of Strixhaven,644,843,265.62
478328,Bloated Contaminator,Phyrexia: All Will Be One,644,737,2532.71
652642,"SP//dr, Piloted by Peni (Borderless)",Marvel's Spider-Man,644,716,342.83
696366,Forest (0286),Marvel Super Heroes,644,2825,1305.76
475523,Forest (271) - Full Art,Phyrexia: All Will Be One,643,1774,2332.15
687639,"Mazirek, Kraul Death Priest",Commander: Secrets of Strixhaven,643,897,472.55
630881,Plains (0296),FINAL FANTASY,643,2124,543.78
499711,Elvish Piper,Commander: The Lord of the Rings: Tales of Middle-earth,643,946,1238.02
687569,Sakura-Tribe Elder,Commander: Secrets of Strixhaven,642,1096,375.38
560030,Swarmyard,Commander: Bloomburrow,642,795,3173.53
660606,"Sokka, Tenacious Tactician",Avatar: The Last Airbender,642,761,413.48
230215,Bloodline Pretender,Kaldheim,642,1058,1709.84
673660,Technodrome,Teenage Mutant Ninja Turtles,642,722,2031.33
553258,Drown in Dreams,Commander: Modern Horizons 3,642,855,775.86
60035,Clock of Omens,Magic 2013 (M13),641,696,2952.77
679195,Waves of Aggression (Borderless),Teenage Mutant Ninja Turtles Source Material,641,714,1955.85
191138,Unearth,Modern Horizons,641,1093,638.72
499762,Overwhelming Stampede,Commander: The Lord of the Rings: Tales of Middle-earth,641,881,2047.48
696868,Vision Quest (Borderless),Marvel Super Heroes,641,757,789.83
526294,Tectonic Hazard,The Lost Caverns of Ixalan,641,989,325.23
668480,The Coming of Galactus (Borderless),Marvel Super Heroes,641,684,3690.85
559826,Lotus Cobra,Commander: Bloomburrow,641,668,3684.95
696541,"Nick Fury, Agent of S.H.I.E.L.D. (Borderless) (0357)",Marvel Super Heroes,641,656,3220.49
552633,"Phlage, Titan of Fire's Fury",Modern Horizons 3,640,858,7214.43
693576,Lucky the Pizza Dog,Commander: Marvel Super Heroes,640,754,4743.29
525752,Exquisite Blood,Commander: The Lost Caverns of Ixalan,640,654,22427.04
673668,Weather Maker,Teenage Mutant Ninja Turtles,640,807,513.47
631249,Battlefield Forge,Commander: FINAL FANTASY,640,859,257.26
577883,Command Tower,Commander: Duskmourn: House of Horror,639,1107,411.36
57854,Artful Dodge,Dark Ascension,639,781,508.56
697261,"Kingpin, Wilson Fisk",Commander: Marvel Super Heroes,639,780,3148.39
696281,Secret Invasion (Borderless),Marvel Super Heroes,639,770,560.01
591796,"Zimone, Paradox Sculptor",Foundations,639,661,2243.14
644597,Broodguard Elite,Edge of Eternities,639,747,242.67
671533,Springleaf Parade (Extended Art),Commander: Lorwyn Eclipsed,639,707,6465.38
525084,Brass's Tunnel-Grinder,The Lost Caverns of Ixalan,639,682,2692.07
688480,Traumatic Critique (Extended Art),Secrets of Strixhaven,639,786,2159.87
643962,Honor,Edge of Eternities,639,1033,274.02
512393,Fiery Emancipation,Wilds of Eldraine: Enchanting Tales,638,648,10186.26
552341,Sorin of House Markov,Modern Horizons 3,638,811,2059.72
544871,Pariah,Outlaws of Thunder Junction: Breaking News,638,780,1272.79
104997,Conduit of Ruin,Battle for Zendikar,638,707,3669.19
687529,Lifeblood Hydra,Commander: Secrets of Strixhaven,638,1099,523.66
590679,"Rev, Tithe Extractor (Anime)",Foundations Jumpstart,638,688,17984.62
624376,Heritage Reclamation,Tarkir: Dragonstorm,638,1341,399.94
257680,Swamp (297) - JP Full Art,Kamigawa: Neon Dynasty,637,1218,6093.71
631199,Rampant Growth,Commander: FINAL FANTASY,637,1717,807.58
552834,Recruiter of the Guard,Modern Horizons 3,637,725,3701.61
191064,Weather the Storm,Modern Horizons,637,2005,2337.21
541270,Flare of Cultivation,Modern Horizons 3,637,1069,722.94
687434,Kor Spiritdancer,Commander: Secrets of Strixhaven,637,1400,547.11
662604,Accumulate Wisdom,Avatar: The Last Airbender,637,1125,425.15
671125,Grave Venerations,Commander: Lorwyn Eclipsed,637,1152,952.5
559774,Heaped Harvest,Bloomburrow,636,1013,275.3
687534,Shivan Reef,Commander: Secrets of Strixhaven,636,1267,474.39
688732,"Jadzi, Steward of Fate",Secrets of Strixhaven,636,843,301.14
589767,"Etali, Primal Storm",Foundations,636,883,465.08
555796,Templar Knight,Universes Beyond: Assassin's Creed,636,1853,3425.06
5503,Counterspell,Tempest,636,994,2314.24
212181,Reconnaissance Mission,Ikoria: Lair of Behemoths,635,684,1066.59
630882,Island (0297),FINAL FANTASY,635,2203,677.73
624158,Archmage Emeritus,Commander: Tarkir: Dragonstorm,635,961,785.13
631256,Snuff Out,Commander: FINAL FANTASY,635,965,5493.4
559858,Adarkar Wastes,Commander: Bloomburrow,635,1017,436.86
507400,Ghostly Flicker,Commander Masters,635,689,1202.06
529991,Swamp (0274),Murders at Karlov Manor,635,2376,945.81
548588,Chthonian Nightmare,Modern Horizons 3,635,1046,602.35
129750,Oketra's Monument,Amonkhet,635,661,2857.36
697026,HYDRA Assault Robot,Marvel Super Heroes,635,1426,419.8
591324,"Koma, World-Eater",Foundations,635,755,441.83
34464,Walking Atlas,Worldwake,635,892,1243.4
451900,Swiftfoot Boots,The Brothers' War: Retro Frame Artifacts,634,718,1869.74
696662,Red Hulk,Marvel Super Heroes,634,916,382.64
679605,Assassin's Trophy,Commander: Teenage Mutant Ninja Turtles,634,783,1084.73
552793,Junk Diver,Modern Horizons 3,634,719,198.05
688976,Magmablood Archaic (Borderless),Secrets of Strixhaven,633,770,476.61
623894,"Ugin, Eye of the Storms",Tarkir: Dragonstorm,633,755,31543.68
499732,Cavern-Hoard Dragon,Commander: The Lord of the Rings: Tales of Middle-earth,633,708,9477.98
696675,Castle Doom (Extended Art),Marvel Super Heroes,633,767,2429.04
558405,Forest (0278),Bloomburrow,632,2019,798.57
641718,Archenemy's Charm,Edge of Eternities,632,821,680.48
687369,Feral Appetite,Commander: Secrets of Strixhaven,632,767,384.67
591672,Rise of the Dark Realms,Foundations,632,654,4200.96
615219,Thopter Spy Network,Commander: Aetherdrift,632,894,418.34
575095,"Valgavoth, Harrower of Souls (Borderless)",Commander: Duskmourn: House of Horror,632,679,12154.34
631016,"Yuna, Hope of Spira",FINAL FANTASY,632,682,2902.35
559489,Valley Mightcaller,Bloomburrow,632,846,1100.25
559639,Essence Channeler,Bloomburrow,632,1056,726.31
556023,Go for the Throat,Universes Beyond: Assassin's Creed,632,1010,421.12
575054,Split Up,Duskmourn: House of Horror,632,842,1814.5
687462,Dance with Calamity,Commander: Secrets of Strixhaven,631,917,404.35
632700,Serah Farron,FINAL FANTASY,631,763,528.29
591764,Infestation Sage,Foundations,631,1071,294.59
591172,Mischievous Mystic,Foundations,631,828,220.68
662101,Ember Island Production,Avatar: The Last Airbender,631,1020,340.25
699706,"Ultron, Machine Overlord (Borderless)",Commander: Marvel Super Heroes,631,652,3747.13
206026,Forest,Theros Beyond Death,631,2425,2702.53
560182,Perch Protection,Commander: Bloomburrow,631,787,2105.7
671246,Woodland Cemetery,Commander: Lorwyn Eclipsed,630,1359,646.92
559998,Tempt with Bunnies,Commander: Bloomburrow,630,879,2349.36
498350,Minas Tirith,Universes Beyond: The Lord of the Rings: Tales of Middle-earth,630,653,4080.89
11976,Desperate Ritual,Champions of Kamigawa,629,832,4749.17
490536,Tribute to the World Tree,March of the Machine,629,660,8674.87
222115,Maddening Cacophony,Zendikar Rising,629,679,4820.85
215554,Village Rites,Core Set 2021,629,840,315.67
631236,"Lulu, Stern Guardian",Commander: FINAL FANTASY,629,866,719.68
679188,"Raph & Mikey, Troublemakers (Showcase)",Teenage Mutant Ninja Turtles,629,689,4736.26
696318,"Black Widow, Double Agent",Marvel Super Heroes,628,846,348.78
560186,An Offer You Can't Refuse,Commander: Bloomburrow,628,686,1738.51
507166,Faithless Looting (Borderless),Commander Masters,628,962,842.71
624200,Izzet Signet,Commander: Tarkir: Dragonstorm,628,837,399.1
697095,Falcon and Redwing,Commander: Marvel Super Heroes,628,988,1922.88
615198,Triplicate Titan,Commander: Aetherdrift,628,845,346.65
687333,Dirgur Focusmage,Commander: Secrets of Strixhaven,628,960,626.51
559857,Glacial Fortress,Commander: Bloomburrow,628,816,760.68
697422,Thought Vessel,Commander: Marvel Super Heroes,627,1042,2664.72
262058,The Reality Chip,Kamigawa: Neon Dynasty,627,664,2633.12
687456,Prismari Pianist,Commander: Secrets of Strixhaven,627,885,478.59
552832,Party Thrasher,Modern Horizons 3,627,1085,494.91
679596,Heralds of the Shredder - Vigor,Commander: Teenage Mutant Ninja Turtles,627,1367,3496.34
642847,Ancient Den,Commander: Edge of Eternities,627,1368,1498.98
673601,"Armaggon, Future Shark",Teenage Mutant Ninja Turtles,627,716,378.08
630957,"Clive, Ifrit's Dominant",FINAL FANTASY,626,663,3121.14
624146,Tempest Technique,Commander: Tarkir: Dragonstorm,626,864,734.81
696315,"Ant-Man, Colony Commander",Marvel Super Heroes,626,889,284.75
262222,Fable of the Mirror-Breaker,Kamigawa: Neon Dynasty,626,763,5381.09
239403,Profane Tutor,Modern Horizons 2,626,706,2877.33
262746,"Eiganjo, Seat of the Empire",Kamigawa: Neon Dynasty,625,672,3908.86
126480,Felidar Guardian,Aether Revolt,625,682,1968.11
499702,Elvish Mystic,Commander: The Lord of the Rings: Tales of Middle-earth,625,966,749.1
507170,Generous Gift (Borderless),Commander Masters,624,708,958.71
697310,"Daredevil, Fearless Fighter",Commander: Marvel Super Heroes,624,644,4394.5
526296,Greedy Freebooter,The Lost Caverns of Ixalan,624,903,1569.03
589337,Elvish Archdruid,Foundations,624,803,341.23
671526,Wistfulness (Borderless),Lorwyn Eclipsed,624,794,11390.14
559635,Fecund Greenshell,Bloomburrow,624,785,627.42
631238,Mask of Memory,Commander: FINAL FANTASY,624,978,335.9
272705,"Mahadi, Emporium Master",Commander Legends: Battle for Baldur's Gate,623,636,1374.12
614424,Sunbillow Verge,Aetherdrift,623,705,7585.52
646049,"Tombstone, Career Criminal",Marvel's Spider-Man,623,1457,371.78
673595,"Donatello, Gadget Master",Teenage Mutant Ninja Turtles,623,743,448.9
686664,Dualcaster Mage (Borderless),Special Guests,623,638,7438.7
679209,Ronin's Arsenal - Conqueror's Flail (Borderless),Teenage Mutant Ninja Turtles Source Material,623,659,1685.85
687624,Solemn Simulacrum,Commander: Secrets of Strixhaven,622,1218,427.4
631171,Austere Command,Commander: FINAL FANTASY,622,988,587.09
652062,Amazing Acrobatics,Marvel's Spider-Man,622,1068,269.7
616058,Voyager Quickwelder,Aetherdrift,622,788,220.42
696362,Swamp (0282),Marvel Super Heroes,622,2362,1043.22
559919,Psychosis Crawler,Commander: Bloomburrow,622,976,630.45
679872,"Michelangelo, Weirdness to 11 (Borderless)",Teenage Mutant Ninja Turtles,622,656,4659.4
623889,Qarsi Revenant,Tarkir: Dragonstorm,622,806,1680.71
503398,Path of Ancestry (Borderless),Commander Masters,622,777,756.5
240197,Blacksmith's Skill,Modern Horizons 2,622,894,292.84
552311,"Eladamri, Korvecdal",Modern Horizons 3,622,686,3176.64
513362,Candy Trail,Wilds of Eldraine,621,1502,1208.88
552314,"Kozilek, the Broken Reality",Modern Horizons 3,621,718,2554.48
688217,Turbulent Fen (Extended Art),Commander: Secrets of Strixhaven,621,707,6191.73
452236,"Liberator, Urza's Battlethopter",The Brothers' War,621,664,4206.94
257678,Island (295) - JP Full Art,Kamigawa: Neon Dynasty,621,1257,4151.72
697989,"Ultron, Unlimited",Commander: Marvel Super Heroes,620,654,1509.11
69146,Elvish Mystic,Magic 2014 (M14),620,876,531.23
686568,"Ral Zarek, Guest Lecturer (Borderless)",Secrets of Strixhaven,620,684,4243.53
590974,Felidar Retreat,Foundations,620,934,1181.41
697072,H.E.R.B.I.E. Scout Unit,Marvel Super Heroes,620,1254,345.91
513961,Shared Animosity,Wilds of Eldraine: Enchanting Tales,620,685,2989.71
624211,Path of Ancestry,Commander: Tarkir: Dragonstorm,619,1174,316.39
631602,Laughing Mad,FINAL FANTASY,619,878,183.14
478278,"Skrelv, Defector Mite",Phyrexia: All Will Be One,619,665,2320.57
631260,Chasm Skulker,Commander: FINAL FANTASY,619,858,391.96
662613,Meteor Sword,Avatar: The Last Airbender,619,782,274.9
230430,"Kardur, Doomscourge",Kaldheim,619,909,620.34
624655,Seedborn Muse,Commander: Tarkir: Dragonstorm,619,641,8945.89
642789,Insight Engine,Commander: Edge of Eternities,619,1215,1380.05
615115,On Wings of Gold,Commander: Aetherdrift,618,749,1276.06
660506,The Legend of Kuruk,Avatar: The Last Airbender,618,674,2328.0
624199,Boros Signet,Commander: Tarkir: Dragonstorm,618,788,474.89
559145,Splash Portal,Bloomburrow,618,793,338.13
624151,Monastery Mentor,Commander: Tarkir: Dragonstorm,618,970,723.78
513566,Vampiric Rites,Wilds of Eldraine: Enchanting Tales,618,719,297.42
630886,Island (0299),FINAL FANTASY,618,2088,591.05
624187,Storm-Kiln Artist,Commander: Tarkir: Dragonstorm,618,917,1682.86
212302,The Ozolith,Ikoria: Lair of Behemoths,618,625,41394.88
58293,Ghostly Flicker,Avacyn Restored,618,931,1181.92
557923,Omniscience,Foundations,618,683,4023.71
686652,Talisman of Conviction (Borderless),Commander: Secrets of Strixhaven,618,670,5883.56
633190,Ancient Adamantoise,FINAL FANTASY,618,658,2432.04
633411,World Map,FINAL FANTASY,617,1127,260.42
671516,"Doran, Besieged by Time",Lorwyn Eclipsed,617,689,538.0
697092,Villainous Hideout,Marvel Super Heroes,617,996,426.23
475525,Mountain (270) - Full Art,Phyrexia: All Will Be One,617,1745,2188.21
235876,Dragon's Approach,Strixhaven: School of Mages,616,1853,5164.28
679586,"Rat King, Pale Piper",Commander: Teenage Mutant Ninja Turtles,616,846,478.56
240166,Dauthi Voidwalker,Modern Horizons 2,616,747,3984.29
688221,Turbulent Springs (Extended Art),Commander: Secrets of Strixhaven,615,711,5139.12
686577,Library of Leng (Borderless),Special Guests,615,627,8227.66
688670,Suspend Aggression,Secrets of Strixhaven,615,851,249.87
687397,"Atsushi, the Blazing Sky",Commander: Secrets of Strixhaven,615,930,444.96
257679,Island (296) - JP Full Art,Kamigawa: Neon Dynasty,615,1295,4915.33
624196,"Veyran, Voice of Duality",Commander: Tarkir: Dragonstorm,615,853,2391.3
283615,Combat Research,Dominaria United,615,843,488.14
498433,Oliphaunt (Borderless),Universes Beyond: The Lord of the Rings: Tales of Middle-earth,614,1136,356.65
541369,"Lumra, Bellow of the Woods",Bloomburrow,614,634,14020.36
243428,Hobgoblin Bandit Lord,Adventures in the Forgotten Realms,613,636,3395.29
686626,Hardened Academic (Extended Art),Secrets of Strixhaven,613,801,1065.68
696653,The Serpent Society (Extended Art),Marvel Super Heroes,613,679,2999.52
679801,Utrom Monitor,Commander: Teenage Mutant Ninja Turtles,613,2233,14046.36
688228,Stensian Sanguinist (Extended Art),Commander: Secrets of Strixhaven,613,650,6142.54
646045,"Venom, Eddie Brock",Marvel's Spider-Man: Eternal-Legal,613,662,8750.77
206667,Idyllic Tutor,Theros Beyond Death,613,635,7318.6
615374,Unstoppable Plan,Aetherdrift,613,689,1797.09
544398,Shoot the Sheriff,Outlaws of Thunder Junction,613,1132,566.87
688226,Turbulent Wilderness (Extended Art),Commander: Secrets of Strixhaven,612,691,5659.4
272928,"Ganax, Astral Hunter",Commander Legends: Battle for Baldur's Gate,612,819,1768.55
686634,"Adrix and Nev, Twincasters (Borderless)",Special Guests,612,639,4108.33
623917,Zurgo Stormrender (Borderless),Commander: Tarkir: Dragonstorm,612,751,1293.71
651941,"Lady Octopus, Inspired Inventor",Marvel's Spider-Man,612,741,675.44
525710,Charismatic Conqueror,Commander: The Lost Caverns of Ixalan,612,664,13366.75
552871,Monumental Henge,Modern Horizons 3,612,748,340.62
696437,Warleader's Call (Borderless),Marvel Universe Eternal-Legal,611,681,2207.26
239492,Fractured Sanity,Modern Horizons 2,611,844,2170.14
631276,Rugged Prairie,Commander: FINAL FANTASY,611,824,398.01
239746,Chatterstorm,Modern Horizons 2,611,898,253.64
558602,Fell,Bloomburrow,611,950,369.43
688648,Antiquities on the Loose,Secrets of Strixhaven,611,796,272.16
499597,Relic of Sauron,Commander: The Lord of the Rings: Tales of Middle-earth,611,768,5925.68
633146,Newfound Adventure - Farseek (Showcase),FINAL FANTASY: Through the Ages,611,713,1075.24
631545,Duskshell Crawler,Commander: FINAL FANTASY,611,776,278.28
631579,Stitch Together,Commander: FINAL FANTASY,611,784,450.32
615049,Underground River,Commander: Aetherdrift,611,920,1718.16
92830,Bloodstained Mire,Khans of Tarkir,611,753,13761.13
589362,Searslicer Goblin,Foundations,611,869,839.69
687616,Creakwood Liege,Commander: Secrets of Strixhaven,610,1001,355.2
697609,"Crystal, Inhuman Princess",Commander: Marvel Super Heroes,610,700,3111.23
631270,Furycalm Snarl,Commander: FINAL FANTASY,610,835,247.6
513072,Forced Fruition,Wilds of Eldraine: Enchanting Tales,610,653,2162.01
235972,"Blex, Vexing Pest",Strixhaven: School of Mages,610,649,7714.11
631117,Shineshadow Snarl,Commander: FINAL FANTASY,610,864,277.91
544218,Honest Rutstein,Outlaws of Thunder Junction,609,738,347.98
164377,Cabal Stronghold,Dominaria,609,625,8186.24
671292,Fellwar Stone,Commander: Lorwyn Eclipsed,609,1275,1251.42
634428,Excalibur II,FINAL FANTASY,609,669,582.49
498542,Horn of Gondor,Universes Beyond: The Lord of the Rings: Tales of Middle-earth,609,677,1748.84
648736,"Katara, Water Tribe's Hope",Avatar: The Last Airbender,608,699,362.35
697185,Kindred Discovery,Commander: Marvel Super Heroes,608,755,5007.35
688224,Turbulent Steppe (Extended Art),Commander: Secrets of Strixhaven,608,690,4837.9
615189,Disallow,Commander: Aetherdrift,608,1127,792.28
679217,Swamp (0193),Teenage Mutant Ninja Turtles,607,1716,516.27
679218,Mountain (0194),Teenage Mutant Ninja Turtles,606,1594,592.17
93190,Altar of the Brood,Khans of Tarkir,606,628,5216.74
671763,Champion of the Path,Lorwyn Eclipsed,606,693,335.53
257681,Swamp (298) - JP Full Art,Kamigawa: Neon Dynasty,606,1163,7141.96
187194,"Teferi, Time Raveler",War of the Spark,605,708,4639.55
671161,Persist,Commander: Lorwyn Eclipsed,605,1124,1247.17
615190,Talisman of Curiosity,Commander: Aetherdrift,605,1069,773.87
478809,Bilious Skulldweller,Phyrexia: All Will Be One,605,1010,320.67
679630,Rootbound Crag,Commander: Teenage Mutant Ninja Turtles,605,831,273.55
686528,Graduation Day,Secrets of Strixhaven,605,953,228.77
92832,Windswept Heath,Khans of Tarkir,605,731,8651.95
687350,Ominous Harvest,Commander: Secrets of Strixhaven,605,1130,1524.25
558609,Mudflat Village,Bloomburrow,605,839,290.72
559476,Fabled Passage,Bloomburrow,605,793,1964.48
239443,Squirrel Sovereign,Modern Horizons 2,605,776,258.75
591641,Secluded Courtyard,Foundations,605,920,318.59
634955,Tifa's Limit Break,FINAL FANTASY,605,715,330.13
687509,Gilded Goose,Commander: Secrets of Strixhaven,605,1003,346.41
624164,Frantic Search,Commander: Tarkir: Dragonstorm,604,792,480.59
671052,Island (0275),Lorwyn Eclipsed,604,1752,552.82
247830,Rockfall Vale,Innistrad: Midnight Hunt,604,665,1806.77
239839,Goblin Bombardment,Modern Horizons 2,604,692,2315.69
631598,Circle of Power,FINAL FANTASY,604,732,172.72
559851,Izzet Signet,Commander: Bloomburrow,604,954,497.75
624323,Vault of the Archangel,Commander: Tarkir: Dragonstorm,604,809,473.75
452407,Foundry Inspector,The Brothers' War: Retro Frame Artifacts,604,744,383.44
673554,Triceraton Commander,Teenage Mutant Ninja Turtles,603,646,1082.7
188627,"Ashiok, Dream Render",War of the Spark,603,754,1422.52
642063,Karplusan Forest,Commander: Edge of Eternities,603,1152,564.73
129836,Throne of the God-Pharaoh,Amonkhet,603,645,4492.52
630934,Tifa Lockhart (Borderless),FINAL FANTASY,603,627,8615.78
668483,Harbinger of the Seas (Borderless),Marvel Universe Eternal-Legal,603,679,2216.92
578879,Get Out,Duskmourn: House of Horror,603,1151,410.22
36417,Grafted Exoskeleton,Scars of Mirrodin,603,682,3986.68
642857,The Mycosynth Gardens,Commander: Edge of Eternities,603,1025,459.12
507472,Generous Gift,Commander Masters,602,692,890.26
475526,Island (268) - Full Art,Phyrexia: All Will Be One,602,1630,1614.15
129741,Bontu's Monument,Amonkhet,602,655,3206.12
671050,Plains (0274),Lorwyn Eclipsed,602,1605,544.64
550846,Breaker of Creation,Modern Horizons 3,601,801,260.23
182952,Biomancer's Familiar,Ravnica Allegiance,601,745,1547.9
522937,Nuka-Cola Vending Machine,Universes Beyond: Fallout,601,627,12839.97
475524,Plains (267) - Full Art,Phyrexia: All Will Be One,601,1768,2594.55
4611,Brainstorm,Ice Age,601,1065,1981.47
199433,Gingerbread Cabin,Throne of Eldraine,601,895,316.39
187246,God-Pharaoh's Statue,War of the Spark,601,760,2611.71
90915,Sign in Blood,Magic 2015 (M15),600,918,398.17
262172,"Sokenzan, Crucible of Defiance",Kamigawa: Neon Dynasty,600,633,1959.1
641861,"Hearthhull, the Worldseed (Borderless)",Commander: Edge of Eternities,600,1192,977.26
71354,Whip of Erebos,Theros,600,627,4709.56
199207,Drown in the Loch,Throne of Eldraine,600,906,999.17
686529,"Abigale, Poet Laureate",Secrets of Strixhaven,600,904,222.09
630935,Dark Confidant,FINAL FANTASY,600,668,2876.65
631053,"Sephiroth, Fallen Hero",Commander: FINAL FANTASY,600,820,429.47
614435,Willowrush Verge,Aetherdrift,599,650,5151.18
641865,"Inspirit, Flagship Vessel (Borderless)",Commander: Edge of Eternities,599,931,444.68
671254,"The Reaper, King No More (Borderless)",Commander: Lorwyn Eclipsed,599,872,443.11
92831,Wooded Foothills,Khans of Tarkir,599,742,13296.08
624280,"Adeline, Resplendent Cathar",Commander: Tarkir: Dragonstorm,599,675,1652.53
221957,Spikefield Hazard,Zendikar Rising,599,729,317.68
673596,"Donatello, Mutant Mechanic",Teenage Mutant Ninja Turtles,599,679,1281.38
687617,Mind Stone,Commander: Secrets of Strixhaven,599,998,332.06
646165,"Spider-Ham, Peter Porker",Marvel's Spider-Man,598,659,596.14
206978,Shadowspear,Theros Beyond Death,598,604,19286.27
696880,Astonishing Spider-Man,Commander: Marvel Super Heroes,598,618,3588.43
679618,Cinder Glade,Commander: Teenage Mutant Ninja Turtles,598,772,260.3
556349,"Alexios, Deimos of Kosmos (Showcase)",Universes Beyond: Assassin's Creed,598,800,292.61
517528,Forest (0291),The Lost Caverns of Ixalan,597,1777,2097.99
544888,Reanimate,Outlaws of Thunder Junction: Breaking News,597,632,5542.76
575060,Demonic Counsel,Duskmourn: House of Horror,597,701,1535.49
697572,Lightning Greaves,Commander: Marvel Super Heroes,597,821,3415.35
688827,Slumbering Trudge (Extended Art),Secrets of Strixhaven,597,794,910.86
630858,"Gilgamesh, Master-at-Arms",FINAL FANTASY,597,672,395.45
490547,City on Fire,March of the Machine,596,608,7129.69
631493,Underground River,Commander: FINAL FANTASY,596,898,1414.04
686661,Subterranean Tremors,Secrets of Strixhaven: Mystical Archive,596,640,2128.48
525780,Swiftfoot Boots,Commander: The Lost Caverns of Ixalan,596,707,1968.28
239444,"Chatterfang, Squirrel General",Modern Horizons 2,596,644,5357.8
190649,Snow-Covered Island,Modern Horizons,596,2422,4169.45
253435,Swamp (272),Innistrad: Crimson Vow,596,2665,3300.18
687368,Angelic Destiny,Commander: Secrets of Strixhaven,596,890,366.82
696867,Avengers: Under Siege (Borderless),Marvel Super Heroes,595,689,545.46
226687,Staff of Domination,Commander Legends,595,617,6582.67
544277,Spirebluff Canal,Outlaws of Thunder Junction,595,780,4308.69
624271,Sandsteppe Citadel,Tarkir: Dragonstorm,595,755,245.14
192637,Manifold Key,Core Set 2020,594,751,1669.34
192744,Colossus Hammer,Core Set 2020,594,685,983.95
243389,Teleportation Circle,Adventures in the Forgotten Realms,594,609,5875.03
453113,Spectrum Sentinel,The Brothers' War,594,1179,1038.62
67424,Boros Charm,Gatecrash,594,764,3655.44
591668,Goldvein Pick,Foundations,594,973,287.29
512548,Intruder Alarm,Wilds of Eldraine: Enchanting Tales,594,619,2956.88
499328,The Battle of Bywater,Universes Beyond: The Lord of the Rings: Tales of Middle-earth,594,646,1909.35
591307,Tolarian Terror,Foundations,594,1450,419.38
219613,Myr Retriever,Double Masters,594,647,1736.14
687651,Shadrix Silverquill,Commander: Secrets of Strixhaven,593,817,423.35
6389,Snap,Urza's Legacy,593,775,4242.59
633982,"Gogo, Master of Mimicry",FINAL FANTASY,593,658,2363.91
661925,United Front,Avatar: The Last Airbender,593,645,1654.4
631561,Big Score,Commander: FINAL FANTASY,593,1073,994.86
559055,Darkstar Augur,Bloomburrow,593,779,616.89
630930,"Ardyn, the Usurper",FINAL FANTASY,593,714,719.42
668488,Force of Vigor (Borderless),Marvel Universe Eternal-Legal,593,688,3391.22
614178,The Aetherspark,Aetherdrift,593,619,12208.13
525773,Black Market Connections,Commander: The Lost Caverns of Ixalan,593,610,11249.18
560058,Chitterspitter,Commander: Bloomburrow,593,1572,594.29
630956,"Zodiark, Umbral God",FINAL FANTASY,592,692,559.71
631206,Wrecking Ball Arm,Commander: FINAL FANTASY,592,1030,477.84
631534,"Tromell, Seymour's Butler",Commander: FINAL FANTASY,592,823,955.02
504612,Ashnod's Altar,Commander Masters,592,635,9792.95
686527,Grapple with Death,Secrets of Strixhaven,592,1033,245.42
556400,"Crystal Skull, Isu Spyglass",Universes Beyond: Assassin's Creed,592,683,1021.87
222409,Turntimber Symbiosis,Zendikar Rising,592,889,2670.67
632680,Vana'diel Adventurers - Laboratory Maniac (Showcase),FINAL FANTASY: Through the Ages,592,759,1417.97
507491,Bonder's Ornament,Commander Masters,592,1751,783.26
544727,Commandeer,Outlaws of Thunder Junction: Breaking News,592,668,2267.42
552819,Sevinne's Reclamation,Modern Horizons 3,592,676,375.25
576892,Unstoppable Slasher (0119),Duskmourn: House of Horror,592,669,3019.96
5508,Dark Ritual,Tempest,592,748,2795.76
560047,Beastmaster Ascension,Commander: Bloomburrow,592,656,2798.64
226839,Rings of Brighthearth,Commander Legends,591,611,3636.82
207097,Flicker of Fate,Theros Beyond Death,591,907,357.94
6149,Bubbling Muck,Urza's Destiny,591,719,2416.41
623882,"Elspeth, Storm Slayer",Tarkir: Dragonstorm,591,606,24933.87
673548,"Agent Bishop, Man in Black",Teenage Mutant Ninja Turtles,591,703,286.49
559045,Starfall Invocation,Bloomburrow,591,651,696.25
130149,Anointed Procession,Amonkhet,591,598,32787.74
615214,"Sai, Master Thopterist",Commander: Aetherdrift,591,768,268.53
559952,Academy Manufactor,Commander: Bloomburrow,591,666,4262.75
687444,"Mangara, the Diplomat",Commander: Secrets of Strixhaven,590,841,257.17
696365,Forest (0285),Marvel Super Heroes,590,2281,1005.64
652005,"Arana, Heart of the Spider (Borderless)",Marvel's Spider-Man,590,632,639.13
496032,The Ring Helper Card,Universes Beyond: The Lord of the Rings: Tales of Middle-earth,590,1132,317.6
512204,"Obyra, Dreaming Duelist",Wilds of Eldraine,590,700,245.71
591187,Overrun,Foundations,590,919,233.37
631243,Sol Ring (0357),Commander: FINAL FANTASY,590,1051,1602.58
235660,Wandering Archaic,Strixhaven: School of Mages,590,606,6228.58
686653,Talisman of Creativity (Borderless),Commander: Secrets of Strixhaven,590,623,9054.18
591815,Rite of the Dragoncaller,Foundations,589,645,2190.24
624205,Cascade Bluffs,Commander: Tarkir: Dragonstorm,589,750,273.33
535309,Insidious Roots (Showcase),Murders at Karlov Manor,589,765,1390.03
668485,Widow-Making Infiltrator - Dauthi Voidwalker (Borderless),Marvel Universe Eternal-Legal,589,663,3616.24
648732,The Cabbage Merchant,Avatar: The Last Airbender: Eternal-Legal,589,608,15944.06
559780,Stocking the Pantry,Bloomburrow,589,747,233.89
591840,Thrill of Possibility,Foundations,589,808,183.26
660503,Gran-Gran,Avatar: The Last Airbender,589,1056,353.85
191699,Reprobation,Modern Horizons,588,685,273.28
697205,Multiversal Recruitment,Commander: Marvel Super Heroes,588,635,5965.6
646562,Spider-Man Noir (Borderless),Marvel's Spider-Man,588,1056,427.8
240435,Smell Fear,Modern Horizons 2,588,797,227.76
11312,Great Furnace,Mirrodin,588,979,3129.72
615163,Exotic Orchard,Commander: Aetherdrift,588,1455,462.85
642808,Thought Monitor,Commander: Edge of Eternities,588,1207,633.49
687690,Hinterland Harbor,Commander: Secrets of Strixhaven,587,1114,546.95
686655,Talisman of Hierarchy (Borderless),Commander: Secrets of Strixhaven,587,621,9818.0
688838,Abrade (JP Alternate Art),Secrets of Strixhaven: Mystical Archive,587,668,1298.59
624270,Opulent Palace,Tarkir: Dragonstorm,587,918,330.2
697119,"Black Panther, Most Dangerous",Commander: Marvel Super Heroes,587,630,1570.38
226653,Jeska's Will,Commander Legends,587,615,25352.2
624166,"Lier, Disciple of the Drowned",Commander: Tarkir: Dragonstorm,586,779,731.86
558407,Cache Grab,Bloomburrow,586,937,251.97
589815,"Aphelia, Viper Whisperer (Anime)",Foundations Jumpstart,586,677,10450.53
92829,Polluted Delta,Khans of Tarkir,586,784,15719.01
526205,The Indomitable,Commander: The Lost Caverns of Ixalan,586,741,575.14
490390,"Etali, Primal Conqueror",March of the Machine,586,591,21072.89
698015,Molecule Man,Commander: Marvel Super Heroes,586,739,23560.53
239503,Wonder,Modern Horizons 2,585,626,1498.78
642012,The Gitrog Monster,Commander: Edge of Eternities,585,802,642.05
673654,"Mikey & Don, Party Planners",Teenage Mutant Ninja Turtles,585,633,361.16
696408,Final Showdown (Borderless),Marvel Universe Eternal-Legal,585,642,1758.13
257682,Mountain (299) - JP Full Art,Kamigawa: Neon Dynasty,585,1215,4031.35
689159,Emeritus of Woe (Extended Art),Secrets of Strixhaven,585,599,18928.64
698034,Loki's Double - Spark Double,Commander: Marvel Super Heroes,585,1041,4723.28
66415,Hallowed Fountain,Return to Ravnica,585,697,5730.23
222101,Jwari Disruption,Zendikar Rising,584,979,662.75
4694,Fyndhorn Elves,Ice Age,584,855,2418.98
243046,Circle of Dreams Druid,Adventures in the Forgotten Realms,584,602,8234.5
552829,Necrodominance,Modern Horizons 3,584,920,2845.79
499644,Arcane Denial,Commander: The Lord of the Rings: Tales of Middle-earth,584,626,1362.09
226151,Maelstrom Colossus,Commander Legends,584,1374,500.46
162167,Goblin Warchief,Dominaria,583,739,1027.87
697123,"Captain America, Skybound",Commander: Marvel Super Heroes,583,598,3312.21
552650,Bloodsoaked Insight,Modern Horizons 3,583,727,251.57
553295,Sheltering Landscape,Modern Horizons 3,583,1054,271.56
559901,Loran of the Third Path,Commander: Bloomburrow,583,701,2834.66
671148,Distant Melody,Commander: Lorwyn Eclipsed,583,936,350.94
499820,Talisman of Progress,Commander: The Lord of the Rings: Tales of Middle-earth,583,1205,545.09
699615,"Thor, Guardian of Midgard (Borderless)",Commander: Marvel Super Heroes,583,625,2613.16
646636,"Iron Spider, Stark Upgrade (Extended Art)",Marvel's Spider-Man,583,629,1118.8
503397,Sol Ring,Commander Masters,583,733,1360.9
671068,Swamp (0281),Lorwyn Eclipsed,583,1507,597.28
696431,Fight to the Death (Borderless),Marvel Universe Eternal-Legal,582,644,1117.48
498443,Rising of the Day (Borderless),Universes Beyond: The Lord of the Rings: Tales of Middle-earth,582,657,526.74
123109,Diabolic Tutor,Kaladesh,582,686,1286.45
539966,Talisman of Conviction,Universes Beyond: Fallout,582,683,388.52
513585,Leyline of Anticipation,Wilds of Eldraine: Enchanting Tales,582,600,5216.4
618871,"Cloud, Ex-SOLDIER",Commander: FINAL FANTASY,582,1150,766.26
169342,Psychic Corrosion,Core Set 2019,582,599,3292.68
631101,Desolate Mire,Commander: FINAL FANTASY,581,816,242.78
222819,Island,Zendikar Rising,581,3621,2678.63
552327,Volatile Stormdrake,Modern Horizons 3,580,789,397.34
512649,Flick a Coin,Wilds of Eldraine,580,653,185.99
687453,"Nils, Discipline Enforcer",Commander: Secrets of Strixhaven,580,1070,605.56
633954,"Dion, Bahamut's Dominant",FINAL FANTASY,580,647,629.62
553225,Dark Depths,Commander: Modern Horizons 3,580,857,1251.4
686657,Sol Ring (Borderless),Commander: Secrets of Strixhaven,580,604,14372.96
488129,Island (0275),Universes Beyond: The Lord of the Rings: Tales of Middle-earth,580,1165,875.85
696361,Swamp (0281),Marvel Super Heroes,580,2648,1343.17
687439,Yavimaya Bloomsage,Commander: Secrets of Strixhaven,579,899,1787.42
503557,Thran Dynamo,Commander Masters,579,648,2638.16
512422,Sanguine Bond,Wilds of Eldraine: Enchanting Tales,579,596,3784.06
673602,The Cloning of Shredder,Teenage Mutant Ninja Turtles,579,642,1282.96
499222,"Shelob, Child of Ungoliant",Universes Beyond: The Lord of the Rings: Tales of Middle-earth,579,651,1200.96
642844,Radiant Summit,Commander: Edge of Eternities,579,759,779.04
190862,Spore Frog,Modern Horizons,578,772,516.77
499872,Flame of Anor,Universes Beyond: The Lord of the Rings: Tales of Middle-earth,578,678,3076.36
82365,Grim Guardian,Journey Into Nyx,578,733,347.12
662041,Jasmine Dragon Tea Shop,Avatar: The Last Airbender,578,751,573.7
615226,Reckless Fireweaver,Commander: Aetherdrift,578,943,731.21
671750,Soul Immolation,Lorwyn Eclipsed,578,669,1796.15
671766,Scuzzback Scrounger,Lorwyn Eclipsed,578,688,575.97
230178,Replicating Ring,Kaldheim,578,760,601.28
696875,"Iron Lad, Young Avenger",Commander: Marvel Super Heroes,577,662,781.38
559944,Deep Forest Hermit,Commander: Bloomburrow,577,834,263.1
552626,Cephalid Coliseum,Modern Horizons 3,577,743,250.36
577861,Arcane Signet,Commander: Duskmourn: House of Horror,577,1025,812.94
632180,Thrum of the Vestige - Lightning Bolt (Showcase),FINAL FANTASY: Through the Ages,577,778,1007.47
697517,Clever Concealment,Commander: Marvel Super Heroes,577,966,4643.86
262579,"Isshin, Two Heavens as One",Kamigawa: Neon Dynasty,577,627,2470.03
199539,Kenrith's Transformation,Throne of Eldraine,576,675,751.48
631239,Exsanguinate,Commander: FINAL FANTASY,576,1012,673.48
631149,"Banon, the Returners' Leader",Commander: FINAL FANTASY,576,615,232.78
187141,"Jace, Wielder of Mysteries",War of the Spark,576,587,5022.64
662739,"Hakoda, Selfless Commander",Avatar: The Last Airbender,576,742,223.63
558382,"Bello, Bard of the Brambles (Borderless)",Commander: Bloomburrow,576,684,723.45
498610,One Ring to Rule Them All,Universes Beyond: The Lord of the Rings: Tales of Middle-earth,576,621,1685.01
679767,"Leonardo, Big Brother",Teenage Mutant Ninja Turtles,576,1272,284.85
9689,Accelerate,Torment,576,704,647.53
560007,Swarmyard Massacre,Commander: Bloomburrow,576,680,3287.49
544176,Vraska Joins Up,Outlaws of Thunder Junction,576,757,525.88
651348,Ultimate Green Goblin,Marvel's Spider-Man,576,646,275.35
697212,"Reed Richards, Smartest Man",Commander: Marvel Super Heroes,576,670,2033.13
558387,Hunter's Talent,Bloomburrow,575,916,317.22
5434,Tortured Existence,Stronghold,575,658,2665.76
643898,Meltstrider Eulogist,Edge of Eternities,575,687,183.13
700294,Fury of the Horde (Borderless),Marvel Universe Eternal-Legal,575,617,2286.18
560019,Saw in Half,Commander: Bloomburrow,575,627,2897.22
700293,Three Steps Ahead (Borderless),Marvel Universe Eternal-Legal,575,674,2141.21
499595,The Black Gate,Commander: The Lord of the Rings: Tales of Middle-earth,575,621,5376.62
662380,Duelist's Heritage,Avatar: The Last Airbender: Eternal-Legal,575,761,1989.5
504192,Storm-Kiln Artist (Borderless),Commander Masters,575,599,3489.99
679627,Hinterland Harbor,Commander: Teenage Mutant Ninja Turtles,575,830,581.13
698023,Doom's Time Platform,Commander: Marvel Super Heroes,574,955,3058.91
478440,Phyrexian Arena,Phyrexia: All Will Be One,574,604,2549.45
206965,Destiny Spinner,Theros Beyond Death,574,693,1202.59
624504,Colossal Grave-Reaver,Commander: Tarkir: Dragonstorm,573,591,5392.3
679219,Forest (0195),Teenage Mutant Ninja Turtles,573,1496,451.46
657743,"Leonardo, Sewer Samurai",Teenage Mutant Ninja Turtles,573,637,1027.68
696538,"Nick Fury, Agent of S.H.I.E.L.D. (Borderless) (0314)",Marvel Super Heroes,573,591,2545.95
689480,Send in the Pest,Secrets of Strixhaven,573,917,206.13
624023,Temur Battlecrier,Tarkir: Dragonstorm,573,625,689.27
560002,Hazel's Brewmaster,Commander: Bloomburrow,572,725,1882.31
631308,Inspiring Call,Commander: FINAL FANTASY,572,856,289.82
552827,Ghostfire Slice,Modern Horizons 3,572,869,294.0
129748,Hazoret's Monument,Amonkhet,572,653,1044.08
615076,Damn,Commander: Aetherdrift,572,680,1274.57
687342,Plargg and Nassari,Commander: Secrets of Strixhaven,572,1114,470.12
688666,Ark of Hunger (Extended Art),Secrets of Strixhaven,572,644,1110.07
698220,Black Panther's Claws - Hammer of Nazahn,Commander: Marvel Super Heroes,572,745,4259.93
589317,Swamp (0286),Foundations,571,1915,1917.69
226662,Court of Ambition,Commander Legends,571,588,3159.3
631242,"O'aka, Traveling Merchant",Commander: FINAL FANTASY,571,1187,505.17
631081,"Matoya, Archon Elder",FINAL FANTASY,571,640,403.98
679210,Metallic Mimic (Borderless),Teenage Mutant Ninja Turtles Source Material,571,637,1195.56
553202,Horizon of Progress,Commander: Modern Horizons 3,571,817,2652.77
697187,Raise Repulsor Shields - Raise the Palisade,Commander: Marvel Super Heroes,570,755,4622.82
199388,Castle Locthwain,Throne of Eldraine,570,626,2296.6
656912,Plains (Chocobo Track Foil),Commander: FINAL FANTASY,570,1552,7329.49
544203,The Key to the Vault,Outlaws of Thunder Junction,570,658,292.34
686622,Emeritus of Ideation (Extended Art),Secrets of Strixhaven,570,621,12350.16
190653,Snow-Covered Forest,Modern Horizons,570,2014,2629.13
544236,Jagged Barrens,Outlaws of Thunder Junction,569,1529,875.92
699561,"Captain America, Unbowed (Borderless)",Commander: Marvel Super Heroes,569,597,2157.84
513980,Witch's Mark,Wilds of Eldraine,569,768,228.89
689922,Beseech the Mirror,Secret Lair Drop Series,569,667,15919.53
624201,Talisman of Progress,Commander: Tarkir: Dragonstorm,569,805,389.65
697207,"Namor, Scourge of the Seas",Commander: Marvel Super Heroes,569,575,3274.65
66473,Cyclonic Rift,Return to Ravnica,569,583,17398.19
526356,Ancestors' Aid,The Lost Caverns of Ixalan,569,634,160.79
631294,Sol Ring (0359),Commander: FINAL FANTASY,569,961,1527.38
120528,Sigarda's Aid,Eldritch Moon,569,596,11480.45
11418,Krark-Clan Shaman,Mirrodin,569,1258,8824.1
697489,Black Panther's Redirection - Narset's Reversal (Borderless),Marvel Universe Eternal-Legal,569,616,1334.21
699668,Absorbing Man and Titania (Borderless),Commander: Marvel Super Heroes,568,624,2406.58
671054,Swamp (0276),Lorwyn Eclipsed,568,1364,464.9
697558,Quantum Misalignment,Commander: Marvel Super Heroes,568,819,4347.41
4703,Glacial Chasm,Ice Age,568,588,10713.73
272926,Descent into Avernus,Commander Legends: Battle for Baldur's Gate,568,589,7807.31
688207,Great Hall of the Biblioplex (Extended Art),Secrets of Strixhaven,568,720,975.16
191633,Soulherder,Modern Horizons,568,634,1411.42
624912,Dragonfire Blade,Tarkir: Dragonstorm,568,639,911.23
503603,Rogue's Passage,Commander Masters,568,661,304.88
499810,Door of Destinies,Commander: The Lord of the Rings: Tales of Middle-earth,567,628,4082.1
578053,Abhorrent Oculus,Duskmourn: House of Horror,567,786,11235.53
680285,"Splinter, Hamato Yoshi",Teenage Mutant Ninja Turtles,567,743,204.22
631156,Chaos Warp,Commander: FINAL FANTASY,567,890,485.33
222132,Scute Swarm (Showcase),Zendikar Rising,567,589,4692.93
559864,Seachrome Coast,Commander: Bloomburrow,567,1033,363.6
544891,Pest Infestation,Outlaws of Thunder Junction: Breaking News,567,605,1240.93
679216,Island (0192),Teenage Mutant Ninja Turtles,566,1549,475.29
631327,Port Town,Commander: FINAL FANTASY,566,964,243.13
519305,Sol Ring,Universes Beyond: Doctor Who,566,978,1811.09
230903,"Birgi, God of Storytelling",Kaldheim,566,573,18645.22
697248,"Black Widow, Deadly Hunter",Commander: Marvel Super Heroes,566,599,2405.57
679049,"Raphael, Tough Turtle",Teenage Mutant Ninja Turtles,566,873,222.18
679870,"Michelangelo, Mutant BFF (Borderless)",Teenage Mutant Ninja Turtles,566,689,388.68
240275,"Sythis, Harvest's Hand",Modern Horizons 2,566,615,1983.34
227189,Aqueous Form,Commander Legends,565,706,382.24
191351,Shenanigans,Modern Horizons,565,852,244.69
222161,Glasspool Mimic,Zendikar Rising,565,608,3857.3
662079,Iroh's Demonstration,Avatar: The Last Airbender,565,837,237.82
631492,Temple of the False God,Commander: FINAL FANTASY,564,984,281.78
575280,Grievous Wound,Duskmourn: House of Horror,564,712,336.04
696257,"Invisible Woman, Sue Storm",Marvel Super Heroes,564,722,255.44
240161,"Chainer, Nightmare Adept",Modern Horizons 2,564,606,500.83
631494,Everflowing Chalice,Commander: FINAL FANTASY,564,886,578.84
687626,Eriette of the Charmed Apple,Commander: Secrets of Strixhaven,564,1136,504.28
544512,Magebane Lizard,Outlaws of Thunder Junction,564,1025,541.39
114864,Eerie Interlude,Shadows over Innistrad,564,612,4153.85
257684,Forest (301) - JP Full Art,Kamigawa: Neon Dynasty,564,1394,3017.13
513890,Waste Not,Wilds of Eldraine: Enchanting Tales,563,580,3999.0
697215,"Silver Surfer, Cosmic Voyager",Commander: Marvel Super Heroes,563,590,2924.23
490335,Invasion of Ikoria,March of the Machine,563,583,6904.65
649372,It'll Quench Ya!,Avatar: The Last Airbender,563,1010,243.33
662029,Bitter Work,Avatar: The Last Airbender,563,755,209.08
499638,Notion Thief,Commander: The Lord of the Rings: Tales of Middle-earth,563,909,1084.02
135074,Torment of Hailfire,Hour of Devastation,563,569,22555.69
499805,Taunt from the Rampart,Commander: The Lord of the Rings: Tales of Middle-earth,563,638,2902.11
559766,Sazacap's Brew,Bloomburrow,562,988,224.63
575086,Valgavoth's Lair,Duskmourn: House of Horror,562,695,649.27
624498,Meren of Clan Nel Toth,Commander: Tarkir: Dragonstorm,562,772,762.87
673553,"Sally Pride, Lioness Leader",Teenage Mutant Ninja Turtles,562,661,276.9
624549,Dragonologist,Tarkir: Dragonstorm,562,918,3044.74
490530,Beamtown Beatstick,March of the Machine,562,633,352.86
619643,Mox Jasper,Tarkir: Dragonstorm,562,650,9001.69
504617,Reliquary Tower,Commander Masters,562,606,2572.76
4636,Counterspell,Ice Age,562,912,1937.19
641985,Farseek,Commander: Edge of Eternities,562,847,593.82
544268,"Magda, the Hoardmaster",Outlaws of Thunder Junction,562,751,507.41
656913,Island (Chocobo Track Foil),Commander: FINAL FANTASY,562,1673,4996.32
631671,Ultima Weapon,FINAL FANTASY,561,592,3813.49
456732,Arcane Signet,Starter Commander Decks,561,1505,774.14
646164,"SP//dr, Piloted by Peni",Marvel's Spider-Man,561,645,256.05
257676,Plains (293) - JP Full Art,Kamigawa: Neon Dynasty,561,1194,4303.6
499027,Great Hall of the Citadel,Universes Beyond: The Lord of the Rings: Tales of Middle-earth,561,690,249.79
679569,"Mona Lisa, Science Geek",Teenage Mutant Ninja Turtles,561,778,204.67
553215,Dreamroot Cascade,Commander: Modern Horizons 3,561,880,626.82
632177,Baron Rivalry - Deadly Dispute (Showcase),FINAL FANTASY: Through the Ages,561,629,583.14
618854,"Cecil, Dark Knight",FINAL FANTASY,561,705,795.9
273084,Citadel Gate,Commander Legends: Battle for Baldur's Gate,561,1143,1767.07
631267,Fortified Village,Commander: FINAL FANTASY,561,728,199.84
559957,Beledros Witherbloom,Commander: Bloomburrow,561,639,1895.84
530006,Plains (0272),Murders at Karlov Manor,560,2001,726.14
671066,Island (0280),Lorwyn Eclipsed,560,1587,561.3
679118,Plague of Vermin (Borderless),Teenage Mutant Ninja Turtles Source Material,560,659,1367.2
525776,Shared Animosity,Commander: The Lost Caverns of Ixalan,560,803,2095.23
679095,Brainstorm (Borderless),Teenage Mutant Ninja Turtles Source Material,560,653,2167.55
1388,Demonic Tutor,Revised Edition,560,576,29789.94
491416,"Dina, Soul Steeper",March of the Machine: Multiverse Legends,560,756,275.04
662536,Airbender's Reversal,Avatar: The Last Airbender,560,833,216.32
698026,Propaganda,Commander: Marvel Super Heroes,560,896,2548.47
687672,Clifftop Retreat,Commander: Secrets of Strixhaven,560,1333,469.91
560063,Skullclamp,Commander: Bloomburrow,559,714,4432.28
688874,Feed the Swarm (JP Alternate Art),Secrets of Strixhaven: Mystical Archive,559,640,918.48
698056,Skullclamp,Commander: Marvel Super Heroes,559,925,5054.47
697060,"She-Hulk, Jade Defender",Marvel Super Heroes,559,801,258.86
635072,Esper Origins,FINAL FANTASY,559,735,806.64
559925,Thran Dynamo,Commander: Bloomburrow,559,776,3097.75
660616,Fire Lord Zuko (Borderless),Avatar: The Last Airbender,559,576,2154.58
662464,Frantic Search,Avatar: The Last Airbender: Eternal-Legal,559,636,795.78
130277,Slither Blade,Amonkhet,559,669,342.36
226941,Wheel of Misfortune,Commander Legends,559,568,4699.43
688211,Eclipsed Steppe (Extended Art),Commander: Secrets of Strixhaven,558,613,2105.12
553276,Contaminated Landscape,Modern Horizons 3,558,956,248.62
697454,Spectator Seating,Commander: Marvel Super Heroes,558,832,5590.68
198898,Witch's Oven,Throne of Eldraine,558,662,627.72
696391,"Captain America, Team Leader (Borderless)",Commander: Marvel Super Heroes,558,692,2419.3
673613,"Shark Shredder, Killer Clone",Teenage Mutant Ninja Turtles,558,681,273.79
642823,Surge Conductor,Commander: Edge of Eternities,558,901,437.46
548581,Siege-Gang Lieutenant,Commander: Modern Horizons 3,558,1526,1836.42
632204,Instant Ramen,FINAL FANTASY,557,1690,399.09
615105,Dreadhorde Invasion,Commander: Aetherdrift,557,778,478.11
624447,Conduit of Worlds,Commander: Tarkir: Dragonstorm,557,607,2338.95
630859,"Firion, Wild Rose Warrior",FINAL FANTASY,557,598,371.4
696239,"Elektra, Daughter of the Hand (Borderless) (0366)",Marvel Super Heroes,557,576,2874.9
644592,Pinnacle Kill-Ship,Edge of Eternities,557,1282,375.42
624277,Ainok Strike Leader,Commander: Tarkir: Dragonstorm,557,608,1738.79
634138,Chocobo Racetrack,FINAL FANTASY,556,697,225.18
212218,Fierce Guardianship,Commander 2020,556,573,30911.99
696337,The Kingpin of Crime (Borderless) (0374),Marvel Super Heroes,556,573,1493.87
257677,Plains (294) - JP Full Art,Kamigawa: Neon Dynasty,556,1281,2885.48
67378,Crypt Ghast,Gatecrash,556,565,7628.79
696425,Steely Resolve (Borderless),Marvel Universe Eternal-Legal,556,669,1509.69
539604,Buried Ruin,Universes Beyond: Fallout,556,803,468.72
698116,Luxury Suite,Commander: Marvel Super Heroes,556,776,9099.87
697195,Daughter of the Deep,Commander: Marvel Super Heroes,556,574,2950.98
495646,Training Grounds,March of the Machine: The Aftermath,555,579,4299.73
560005,Rootcast Apprenticeship,Commander: Bloomburrow,555,708,484.7
558441,"Ygra, Eater of All",Bloomburrow,555,577,6164.38
66420,Steam Vents,Return to Ravnica,555,660,8314.5
697358,"Iron Man, Tony Stark (0851)",Commander: Marvel Super Heroes,555,577,3458.31
697516,Rejuvenating Springs,Commander: Marvel Super Heroes,555,1006,4142.68
631587,High Market,Commander: FINAL FANTASY,555,692,405.4
182831,Hallowed Fountain,Ravnica Allegiance,555,625,5392.68
687676,Ferrous Lake,Commander: Secrets of Strixhaven,555,988,348.67
560057,Maskwood Nexus,Commander: Bloomburrow,555,693,936.34
657761,"Raphael, Tag Team Tough",Commander: Teenage Mutant Ninja Turtles,555,603,4158.18
687498,Umbral Collar Zealot,Commander: Secrets of Strixhaven,555,905,1262.46
651344,Behold the Sinister Six!,Marvel's Spider-Man,555,590,1839.3
246244,Forest (276),Innistrad: Midnight Hunt,555,2838,1613.17
644614,Devastating Onslaught,Edge of Eternities,554,663,1143.05
517527,Mountain (0290),The Lost Caverns of Ixalan,554,1564,1362.58
687427,Guardian Scalelord,Commander: Secrets of Strixhaven,554,1107,615.27
624311,Ophiomancer,Commander: Tarkir: Dragonstorm,554,739,701.2
36234,Iron Myr,Scars of Mirrodin,554,673,536.76
624567,Hollowmurk Siege,Tarkir: Dragonstorm,554,682,834.41
696322,"Kang, Temporal Tyrant",Marvel Super Heroes,554,640,195.69
128953,Soul Warden,Modern Masters 2017,554,656,1949.15
687488,Blossoming Bogbeast,Commander: Secrets of Strixhaven,554,1099,649.86
679631,Smoldering Marsh,Commander: Teenage Mutant Ninja Turtles,553,746,257.31
673648,The Last Ronin,Teenage Mutant Ninja Turtles,553,613,759.6
100009,Chandra's Ignition,Magic Origins,553,593,3393.17
700736,"Monica, the Marvel - Aurelia, the Warleader (Borderless)",Marvel Universe Eternal-Legal,553,621,2155.79
265350,Xander's Lounge,Streets of New Capenna,553,574,7504.42
696252,Final Act (Borderless),Marvel Universe Eternal-Legal,553,596,1009.98
689485,Ancestral Anger,Secrets of Strixhaven,552,878,176.24
553182,Ramunap Excavator,Commander: Modern Horizons 3,552,599,3238.22
642002,Splendid Reclamation,Commander: Edge of Eternities,552,829,458.84
5722,Shadow Rift,Tempest,552,620,1228.27
699592,"M.O.D.O.K., Evil Intellect (Borderless)",Commander: Marvel Super Heroes,552,579,2377.91
688669,Borrowed Knowledge,Secrets of Strixhaven,552,794,182.2
697091,Surveillance Room,Marvel Super Heroes,552,1173,650.3
631158,"Kefka, Dancing Mad",Commander: FINAL FANTASY,551,734,348.98
631233,Crux of Fate,Commander: FINAL FANTASY,551,699,571.1
98817,Gut Shot,Modern Masters 2015,551,786,3844.64
671142,Grave Titan,Commander: Lorwyn Eclipsed,551,747,512.22
688813,Mind into Matter (Extended Art),Secrets of Strixhaven,551,620,801.1
559832,Kodama of the East Tree,Commander: Bloomburrow,551,681,1951.24
697447,Plaza of Heroes,Commander: Marvel Super Heroes,551,982,4790.12
589389,Scythecat Cub,Foundations Jumpstart,551,651,18019.33
245173,Bolas's Citadel (Retro Frame),WPN & Gateway Promos,550,591,5933.02
697432,The Thanos-Copter,Commander: Marvel Super Heroes,550,582,2024.87
534079,"Anzrag, the Quake-Mole",Murders at Karlov Manor,550,575,3234.87
671197,Exotic Orchard,Commander: Lorwyn Eclipsed,550,1008,264.58
553499,Chandra's Ignition,Commander: Modern Horizons 3,550,642,3697.7
631204,Conformer Shuriken,Commander: FINAL FANTASY,550,1368,722.53
633063,Battle at the Big Bridge - Fatal Push (Showcase),FINAL FANTASY: Through the Ages,550,742,681.61
558711,Sunspine Lynx,Bloomburrow,550,671,1222.29
239388,Unmarked Grave,Modern Horizons 2,550,635,1793.09
548576,Nethergoyf,Modern Horizons 3,549,914,4054.0
623911,Felothar the Steadfast (Borderless),Commander: Tarkir: Dragonstorm,549,648,1311.52
274082,The Initiative // Undercity Double-Sided Token,Commander Legends: Battle for Baldur's Gate,549,997,319.52
262184,Lion Sash,Kamigawa: Neon Dynasty,549,579,1451.04
686588,Molten-Core Maestro (Extended Art),Secrets of Strixhaven,549,651,2337.69
624449,Command Beacon,Commander: Tarkir: Dragonstorm,549,608,4196.14
559848,Bident of Thassa,Commander: Bloomburrow,549,810,414.71
696236,Dark Deed,Marvel Super Heroes,549,1258,392.05
633409,The Gold Saucer,FINAL FANTASY,549,677,228.6
221936,Hagra Constrictor,Zendikar Rising,549,662,195.18
577866,Sol Ring,Commander: Duskmourn: House of Horror,549,748,1753.14
688213,Expansion Algorithm (Extended Art),Commander: Secrets of Strixhaven,548,599,2392.34
631300,Talisman of Progress,Commander: FINAL FANTASY,548,859,740.26
265348,Spara's Headquarters,Streets of New Capenna,548,569,7858.2
657745,Turtles Forever,Teenage Mutant Ninja Turtles,548,924,352.4
524168,Deep-Cavern Bat,The Lost Caverns of Ixalan,548,1050,527.55
625197,Strategic Betrayal,Tarkir: Dragonstorm,548,994,699.83
499736,Rampant Growth,Commander: The Lord of the Rings: Tales of Middle-earth,548,851,399.75
631588,Astrologian's Planisphere,FINAL FANTASY,548,779,301.27
590980,Regal Caracal,Foundations,548,794,667.4
614498,Marauding Mako,Aetherdrift,547,935,733.0
689079,Killian's Confidence,Secrets of Strixhaven,547,836,190.77
222030,Shatterskull Smashing,Zendikar Rising,547,628,5480.23
633062,Kefka's Tower - Bolas's Citadel (Showcase),FINAL FANTASY: Through the Ages,547,560,11167.32
504592,Kodama's Reach,Commander Masters,547,585,1106.25
548591,Kappa Cannoneer,Modern Horizons 3,547,812,520.72
532879,Extract a Confession,Murders at Karlov Manor,546,1282,361.99
230450,"Tergrid, God of Fright",Kaldheim,546,554,10207.15
660538,Forest (0296),Avatar: The Last Airbender,546,1094,615.89
39135,Plague Myr,Mirrodin Besieged,546,639,1293.94
115942,Second Harvest,Shadows over Innistrad,546,648,1660.06
559123,Season of Gathering,Bloomburrow,546,575,3669.31
36232,Gold Myr,Scars of Mirrodin,546,751,675.24
176426,Beast Whisperer,Guilds of Ravnica,545,563,4217.13
279833,Mountain (Showcase),Dominaria United,545,1427,2438.34
643506,"Dyadrine, Synthesis Amalgam",Edge of Eternities,545,875,364.98
233373,Opt,Strixhaven: Mystical Archive,545,899,704.33
624494,"Jarad, Golgari Lich Lord",Commander: Tarkir: Dragonstorm,545,609,724.76
633132,The Fire Crystal (Borderless),FINAL FANTASY,545,552,6795.27
562745,Doomsday Excruciator,Duskmourn: House of Horror,545,754,741.09
36237,Memnite,Scars of Mirrodin,545,752,1922.57
512598,Spellbook Vendor,Wilds of Eldraine,545,757,500.41
499687,Sulfur Falls,Commander: The Lord of the Rings: Tales of Middle-earth,545,851,436.67
679842,"Raphael, the Nightwatcher (Borderless)",Teenage Mutant Ninja Turtles,545,570,1885.55
519283,Thought Vessel,Universes Beyond: Doctor Who,545,691,2680.49
697010,Too Evil to Stay Dead,Marvel Super Heroes,545,811,304.91
488286,The Shire,Universes Beyond: The Lord of the Rings: Tales of Middle-earth,544,571,1940.04
479576,Blazing Crescendo,Phyrexia: All Will Be One,544,677,215.32
452824,Haywire Mite,The Brothers' War,544,639,908.7
696665,Earth's Mightiest Heroes (Borderless),Marvel Super Heroes,544,603,2547.72
58267,Tandem Lookout,Avacyn Restored,544,666,1068.02
630896,Mountain (0304),FINAL FANTASY,544,1892,530.74
559721,Boros Signet,Commander: Bloomburrow,544,724,416.37
478281,Skrelv's Hive,Phyrexia: All Will Be One,544,641,1490.03
652074,Maximum Carnage,Marvel's Spider-Man,544,619,693.78
235124,Pest Summoning,Strixhaven: School of Mages,544,690,150.92
615077,Drowned Catacomb,Commander: Aetherdrift,543,915,2244.26
67583,Alpha Authority,Gatecrash,543,606,1335.61
686654,Talisman of Curiosity (Borderless),Commander: Secrets of Strixhaven,543,608,4106.59
257683,Mountain (300) - JP Full Art,Kamigawa: Neon Dynasty,543,1240,2503.66
671133,Necroskitter,Commander: Lorwyn Eclipsed,543,1131,1494.43
624934,Hellkite Courser,Commander: Tarkir: Dragonstorm,543,659,1879.17
648711,Redirect Lightning (Showcase),Avatar: The Last Airbender,543,549,11065.12
478284,White Sun's Twilight,Phyrexia: All Will Be One,543,579,1264.04
499678,Dragonskull Summit,Commander: The Lord of the Rings: Tales of Middle-earth,542,792,539.72
503408,Command Tower,Commander Masters,542,988,1043.29
578900,The Lord of Pain (Borderless),Commander: Duskmourn: House of Horror,542,553,4306.09
272582,Arcane Signet,Commander Legends: Battle for Baldur's Gate,542,672,1149.3
226314,Opposition Agent,Commander Legends,542,563,12877.88
670972,Winnowing,Lorwyn Eclipsed,542,745,255.89
632698,Sazh Katzroy,FINAL FANTASY,542,607,399.14
243290,Xorn,Adventures in the Forgotten Realms,542,556,4455.91
642803,Kappa Cannoneer,Commander: Edge of Eternities,542,1281,555.26
253436,Swamp (273),Innistrad: Crimson Vow,541,2371,2553.44
559150,Bandit's Talent,Bloomburrow,541,737,262.51
699581,"Iron Man, Futurist Paragon (Borderless)",Commander: Marvel Super Heroes,541,559,2312.13
631221,Arcane Signet (0333),Commander: FINAL FANTASY,541,967,601.2
507190,Dread Return (Borderless),Commander Masters,541,664,475.99
513107,Season of Growth,Wilds of Eldraine: Enchanting Tales,540,614,215.92
513356,Blind Obedience,Wilds of Eldraine: Enchanting Tales,540,557,3189.34
646568,Gwen Stacy,Marvel's Spider-Man,540,595,1632.66
651928,Vibrant Cityscape,Marvel's Spider-Man,540,850,224.36
697452,Scorched Geyser,Commander: Marvel Super Heroes,540,1619,2127.54
660581,"Toph, Earthbending Master",Avatar: The Last Airbender: Eternal-Legal,540,541,22342.12
662394,Arcane Signet (Showcase),Avatar: The Last Airbender: Eternal-Legal,540,615,1641.96
39543,Mental Misstep,New Phyrexia,540,564,8000.35
559941,Arasta of the Endless Web,Commander: Bloomburrow,540,655,330.09
696433,Privileged Position (Borderless),Marvel Universe Eternal-Legal,540,593,967.6
507112,Frantic Search,Commander Masters,540,619,448.17
660575,Seismic Sense,Avatar: The Last Airbender,539,708,204.66
514021,Copy Enchantment,Wilds of Eldraine: Enchanting Tales,539,576,1445.29
632060,Search for the Frozen Esper - Nature's Claim (Showcase),FINAL FANTASY: Through the Ages,539,681,567.88
624417,Teval's Judgment,Commander: Tarkir: Dragonstorm,539,564,3783.79
512550,Raid Bombardment,Wilds of Eldraine: Enchanting Tales,539,869,287.99
448411,The Mightstone and Weakstone,The Brothers' War,539,566,2436.59
478445,Conduit of Worlds,Phyrexia: All Will Be One,539,560,2400.37
624340,Skullclamp,Commander: Tarkir: Dragonstorm,539,568,3450.05
240454,Goblin Anarchomancer (Retro Frame),Modern Horizons 2,539,767,625.88
624487,Life from the Loam,Commander: Tarkir: Dragonstorm,539,630,2885.56
696357,Plains (0277),Marvel Super Heroes,539,1978,727.56
615200,Bootleggers' Stash,Commander: Aetherdrift,539,1090,379.4
206936,Dryad of the Ilysian Grove,Theros Beyond Death,539,574,5243.52
671213,Flourishing Defenses,Commander: Lorwyn Eclipsed,539,638,1576.93
589341,Gilded Lotus,Foundations,538,1152,731.84
240059,"Braids, Cabal Minion",Modern Horizons 2,538,602,581.69
631226,Transpose,Commander: FINAL FANTASY,538,1427,951.33
631531,Mind Stone,Commander: FINAL FANTASY,538,933,361.68
662768,Firebending Lesson,Avatar: The Last Airbender,538,1021,249.34
624170,Preordain,Commander: Tarkir: Dragonstorm,538,843,515.37
512640,"Lord Skitter, Sewer King",Wilds of Eldraine,538,654,3503.18
257685,Forest (302) - JP Full Art,Kamigawa: Neon Dynasty,537,1215,2969.4
696486,"Crossbones, Malicious Mercenary",Marvel Super Heroes,537,628,222.44
679790,"Donatello, Way with Machines (Borderless)",Teenage Mutant Ninja Turtles,537,705,345.3
279830,Plains (Showcase),Dominaria United,537,1359,3946.99
532873,Scene of the Crime,Murders at Karlov Manor,537,651,224.81
273081,Heap Gate,Commander Legends: Battle for Baldur's Gate,537,1324,1073.11
689154,Sleight of Hand (JP Alternate Art),Secrets of Strixhaven: Mystical Archive,537,671,2117.55
697268,Ultron the Annihilator,Commander: Marvel Super Heroes,537,539,32483.51
671003,Mirrorform,Lorwyn Eclipsed,537,664,1700.74
451948,Fade from History,The Brothers' War,537,752,2494.64
624629,Dragonlord Dromoka,Commander: Tarkir: Dragonstorm,537,566,900.94
552823,Birthing Ritual,Modern Horizons 3,537,764,3616.83
621160,Sensational Spider-Man (Borderless),Marvel's Spider-Man: Eternal-Legal,537,582,1714.61
642014,"Korvold, Fae-Cursed King",Commander: Edge of Eternities,537,938,671.57
623881,Craterhoof Behemoth,Tarkir: Dragonstorm,537,543,11184.12
235202,"Valentin, Dean of the Vein",Strixhaven: School of Mages,536,654,617.08
60017,Farseek,Magic 2013 (M13),536,621,476.66
272973,Carnelian Orb of Dragonkind,Commander Legends: Battle for Baldur's Gate,536,605,612.0
552726,Estrid's Invocation,Modern Horizons 3,536,675,307.08
697599,Three Visits,Commander: Marvel Super Heroes,536,922,4068.05
503562,Thran Dynamo (Borderless),Commander Masters,536,590,3023.36
557260,Swamp (0274) - Full Art,Duskmourn: House of Horror,536,1637,1660.71
558625,Iridescent Vinelasher,Bloomburrow,536,685,624.3
60009,Arbor Elf,Magic 2013 (M13),536,785,345.52
652051,"Black Cat, Cunning Thief",Marvel's Spider-Man,536,658,433.11
631284,Void Rend,Commander: FINAL FANTASY,535,696,423.46
240051,Enchantress's Presence,Modern Horizons 2,535,612,894.21
488126,Plains (0273),Universes Beyond: The Lord of the Rings: Tales of Middle-earth,535,1155,869.46
524353,Deeproot Pilgrimage,The Lost Caverns of Ixalan,535,631,1416.72
624345,Talisman of Conviction,Commander: Tarkir: Dragonstorm,535,882,328.43
498833,Mines of Moria (Borderless),Universes Beyond: The Lord of the Rings: Tales of Middle-earth,535,577,1122.91
524196,"Malcolm, Alluring Scoundrel",The Lost Caverns of Ixalan,535,562,1846.12
559829,"Ghalta, Primal Hunger",Commander: Bloomburrow,535,746,608.81
671578,"Tam, Mindful First-Year",Lorwyn Eclipsed,535,633,333.46
488131,Swamp (0277),Universes Beyond: The Lord of the Rings: Tales of Middle-earth,535,1062,1240.88
624539,Clarion Conqueror,Tarkir: Dragonstorm,535,790,2603.84
642033,Fabled Passage,Commander: Edge of Eternities,535,747,1583.02
631247,"Rikku, Resourceful Guardian",Commander: FINAL FANTASY,535,671,459.56
279831,Island (Showcase),Dominaria United,535,1441,2353.5
652304,"Silver Sable, Mercenary Leader",Marvel's Spider-Man,534,654,158.9
648697,The Rise of Sozin,Avatar: The Last Airbender,534,594,1189.72
671048,Blossoming Defense,Lorwyn Eclipsed,534,737,197.02
591196,"Tatyova, Benthic Druid",Foundations,534,618,162.87
589769,Slagstorm,Foundations,533,920,349.12
559835,Ornithopter of Paradise,Commander: Bloomburrow,533,835,407.5
641987,Aftermath Analyst,Commander: Edge of Eternities,533,837,829.49
624276,Mistrise Village (Borderless),Tarkir: Dragonstorm,533,559,7635.66
591157,Celestial Armor,Foundations,533,683,271.27
671152,"Massacre Girl, Known Killer",Commander: Lorwyn Eclipsed,533,744,733.5
624443,Wonder,Commander: Tarkir: Dragonstorm,533,629,978.25
267051,Lightning Bolt,Commander Legends: Battle for Baldur's Gate,532,948,1347.82
699591,"Thanos, Death's Consort (Borderless)",Commander: Marvel Super Heroes,532,560,2932.56
634163,Ring of the Lucii,FINAL FANTASY,532,661,213.89
688214,Scorched Geyser (Extended Art),Commander: Secrets of Strixhaven,532,589,1922.22
553296,Tranquil Landscape,Modern Horizons 3,532,994,636.44
642816,Enthusiastic Mechanaut,Commander: Edge of Eternities,532,696,174.17
39067,Brass Squire,Mirrodin Besieged,532,630,1373.76
120478,Displace,Eldritch Moon,532,643,405.79
575065,"Valgavoth, Terror Eater",Duskmourn: House of Horror,532,562,9186.05
553174,Eldritch Immunity,Commander: Modern Horizons 3,532,585,3571.91
698205,Panther Habit,Commander: Marvel Super Heroes,532,616,4597.0
696584,Avengers Tower,Marvel Super Heroes,532,1064,294.12
135017,Solemnity,Hour of Devastation,532,551,5988.83
199542,Dwarven Mine,Throne of Eldraine,531,679,237.69
524267,Path of Ancestry,Commander: The Lost Caverns of Ixalan,531,691,176.44
191075,Crashing Footfalls,Modern Horizons,531,1115,3190.8
92828,Flooded Strand,Khans of Tarkir,531,685,11170.26
698219,Whispersilk Cloak,Commander: Marvel Super Heroes,531,984,1914.08
524230,"Ojer Taq, Deepest Foundation",The Lost Caverns of Ixalan,531,543,16960.76
36518,Nihil Spellbomb,Scars of Mirrodin,531,1062,2895.46
488254,Swamp (0276),Universes Beyond: The Lord of the Rings: Tales of Middle-earth,531,1154,862.79
555906,Abstergo Entertainment,Universes Beyond: Assassin's Creed,531,690,1508.11
673640,Krang & Shredder,Teenage Mutant Ninja Turtles,531,599,222.91
679815,"Shredder, Unrelenting (Borderless)",Teenage Mutant Ninja Turtles,531,625,305.02
229494,"Toski, Bearer of Secrets",Kaldheim,531,641,2341.91
631512,Stitcher's Supplier,Commander: FINAL FANTASY,530,724,416.26
525761,Blade of the Bloodchief,Commander: The Lost Caverns of Ixalan,530,887,2844.55
615178,Midnight Clock,Commander: Aetherdrift,530,960,283.02
591301,Raise the Past,Foundations,530,749,433.25
631250,Bonders' Enclave,Commander: FINAL FANTASY,530,840,512.65
624922,Parapet Thrasher,Commander: Tarkir: Dragonstorm,530,1189,1051.39
670978,"Abigale, Eloquent First-Year",Lorwyn Eclipsed,530,715,457.94
553272,Bountiful Landscape,Modern Horizons 3,530,923,271.24
3068,Seeker of Skybreak,7th Edition,530,1084,5739.05
624486,Woodland Cemetery,Commander: Tarkir: Dragonstorm,530,785,465.01
532893,No More Lies,Murders at Karlov Manor,530,967,411.21
688977,Skycoach Conductor (Extended Art),Secrets of Strixhaven,529,620,896.81
273443,Your Temple Is Under Attack,Commander Legends: Battle for Baldur's Gate,529,930,797.49
696628,"Ares, God of War (Extended Art)",Marvel Super Heroes,529,597,674.86
95379,Dark Deal,Fate Reforged,529,580,1730.51
624628,Arbor Adherent,Commander: Tarkir: Dragonstorm,529,820,1080.18
47694,Ponder,Magic 2012 (M12),529,727,1850.87
553545,Lightning Greaves,Commander: Modern Horizons 3,529,693,3218.72
671183,Sodden Verdure,Commander: Lorwyn Eclipsed,529,803,503.44
679215,Plains (0191),Teenage Mutant Ninja Turtles,529,1501,451.21
552837,Consuming Corruption,Modern Horizons 3,529,661,231.91
623886,Maelstrom of the Spirit Dragon,Tarkir: Dragonstorm,529,599,1247.8
590536,"Ivora, Insatiable Heir (Anime)",Foundations Jumpstart,529,726,570.22
687582,Containment Construct,Commander: Secrets of Strixhaven,529,764,578.08
576885,Insidious Fungus,Duskmourn: House of Horror,528,674,346.63
688881,Locust Spray,Secrets of Strixhaven: Mystical Archive,528,744,203.76
698010,Kindred Dominance,Commander: Marvel Super Heroes,528,931,3991.4
190652,Snow-Covered Swamp,Modern Horizons,528,2045,2113.56
689462,Quick Study,Secrets of Strixhaven,528,902,185.79
698074,"Puppet Master, String Puller",Commander: Marvel Super Heroes,527,901,1522.85
560010,Tireless Provisioner,Commander: Bloomburrow,527,640,1815.63
589386,Generous Pup,Foundations Jumpstart,527,616,3930.22
553507,"Selvala, Heart of the Wilds",Commander: Modern Horizons 3,527,643,2339.2
623880,"Betor, Kin to All",Tarkir: Dragonstorm,527,536,3706.54
212082,"Kogla, the Titan Ape",Ikoria: Lair of Behemoths,527,558,1783.96
265346,Jetmir's Garden,Streets of New Capenna,527,549,9391.55
488133,Forest (0281),Universes Beyond: The Lord of the Rings: Tales of Middle-earth,527,1112,949.68
535247,Outrageous Robbery,Murders at Karlov Manor,527,657,319.8
687527,Rugged Prairie,Commander: Secrets of Strixhaven,527,957,284.86
122646,Concealed Courtyard,Kaladesh,527,793,1037.94
696331,Worlds Within Worlds,Marvel Super Heroes,527,810,311.88
631555,Forgotten Ancient,Commander: FINAL FANTASY,526,879,360.87
648741,"Toph, the First Metalbender (Showcase)",Avatar: The Last Airbender,526,541,2229.7
697069,Heroic Feast (Extended Art),Marvel Super Heroes,526,658,1141.65
631154,Protection Magic,Commander: FINAL FANTASY,526,686,310.4
498378,Samwise Gamgee,Universes Beyond: The Lord of the Rings: Tales of Middle-earth,526,565,1373.3
652052,"Black Cat, Cunning Thief (Borderless)",Marvel's Spider-Man,526,575,857.46
624430,"Ob Nixilis, the Fallen",Commander: Tarkir: Dragonstorm,525,647,715.7
699614,"Hulk, Always Angry (Borderless)",Commander: Marvel Super Heroes,525,553,2037.67
660537,Mountain (0295),Avatar: The Last Airbender,525,1080,538.21
199288,Castle Garenbrig,Throne of Eldraine,525,567,4082.39
262257,Jukai Naturalist,Kamigawa: Neon Dynasty,525,643,446.5
240266,Sol Talisman,Modern Horizons 2,525,784,817.99
507218,Thought Vessel,Commander Masters,525,616,1644.75
239717,Slagwoods Bridge,Modern Horizons 2,525,984,362.79
591642,Evolving Wilds,Foundations,525,849,182.62
624179,Big Score,Commander: Tarkir: Dragonstorm,525,815,487.65
646166,Spider-Man 2099,Marvel's Spider-Man,525,601,375.13
488250,Island (0274),Universes Beyond: The Lord of the Rings: Tales of Middle-earth,525,1115,964.78
634125,Opera Love Song,FINAL FANTASY,524,690,241.88
687424,Infernal Grasp,Commander: Secrets of Strixhaven,524,948,377.69
679052,Shredder's Technique,Teenage Mutant Ninja Turtles,524,782,242.27
559480,Lunar Convocation,Bloomburrow,524,654,401.87
35627,Voltaic Key,Magic 2011 (M11),524,563,2813.23
697055,Restorative Technique,Marvel Super Heroes,524,1151,361.91
555954,Bureau Headmaster,Universes Beyond: Assassin's Creed,524,540,2813.73
230933,Starnheim Courser,Kaldheim,524,699,190.1
272791,Thrakkus the Butcher,Commander Legends: Battle for Baldur's Gate,524,624,859.59
240458,Ornithopter of Paradise (Retro Frame),Modern Horizons 2,524,862,465.44
283479,Vodalian Hexcatcher,Dominaria United,523,609,2855.54
265349,Raffine's Tower,Streets of New Capenna,523,540,7721.08
671072,Forest (0283),Lorwyn Eclipsed,523,1279,443.24
239843,Skirge Familiar,Modern Horizons 2,523,623,237.93
696422,Grimm Fate - Beast Within (Borderless),Marvel Universe Eternal-Legal,523,561,971.57
631230,Bastion of Remembrance,Commander: FINAL FANTASY,523,668,240.29
624326,Infantry Shield,Commander: Tarkir: Dragonstorm,523,819,1235.0
662594,South Pole Voyager,Avatar: The Last Airbender,523,757,234.43
624339,Lightning Greaves,Commander: Tarkir: Dragonstorm,523,604,2626.52
553230,Nadier's Nightblade,Modern Horizons 3,523,743,206.48
207337,Path to Exile,MagicFest Cards,523,610,5701.91
268785,Big Score,Streets of New Capenna,522,622,711.17
630874,"Zanarkand, Ancient Metropolis",FINAL FANTASY,522,571,376.87
668657,Command Tower,WPN & Gateway Promos,522,702,6131.02
548598,Planar Nexus,Commander: Modern Horizons 3,522,867,2747.33
524378,"Matzalantli, the Great Door",The Lost Caverns of Ixalan,522,560,1584.53
686645,Archmage Emeritus (Borderless),Special Guests,522,539,2591.69
625258,Wild Ride,Tarkir: Dragonstorm,522,978,271.67
697122,"Captain America, Liberator",Commander: Marvel Super Heroes,522,534,3427.65
82278,Dictate of Erebos,Journey Into Nyx,522,549,9999.78
559876,Rain of Riches,Commander: Bloomburrow,522,834,774.89
689473,Leech Collector,Secrets of Strixhaven,522,871,200.57
688862,Helping Hand (JP Alternate Art),Secrets of Strixhaven: Mystical Archive,522,599,754.75
619636,Inevitable Defeat,Tarkir: Dragonstorm,522,889,519.24
206943,Hydra's Growth,Theros Beyond Death,521,603,892.52
651358,Daily Bugle Building,Marvel's Spider-Man,521,757,221.48
162234,"Marwyn, the Nurturer",Dominaria,521,556,2226.26
576493,Leyline of Transformation,Duskmourn: House of Horror,521,658,313.22
687392,"Nev, the Practical Dean",Commander: Secrets of Strixhaven,521,704,311.6
175203,Temple Garden,Guilds of Ravnica,521,608,4792.3
488134,Mountain (0279),Universes Beyond: The Lord of the Rings: Tales of Middle-earth,521,1362,775.46
239852,Herd Baloth,Modern Horizons 2,521,652,297.65
633137,The Earth Crystal (Borderless),FINAL FANTASY,520,523,10592.73
687622,Perpetual Timepiece,Commander: Secrets of Strixhaven,520,660,303.73
697204,"Loki, Lord of Misrule",Commander: Marvel Super Heroes,520,525,36970.73
632694,Suplex,FINAL FANTASY,520,1085,256.25
262694,Touch the Spirit Realm,Kamigawa: Neon Dynasty,520,648,639.63
478532,"Atraxa, Grand Unifier",Phyrexia: All Will Be One,520,667,10301.65
222184,Marauding Blight-Priest,Zendikar Rising,520,860,227.0
688972,End of the Hunt,Secrets of Strixhaven,520,1036,249.98
589390,Shroofus Sproutsire (Anime),Foundations Jumpstart,520,600,3009.96
215368,Teferi's Ageless Insight,Core Set 2021,520,536,2311.28
649608,"Bumi, Eclectic Earthbender",Avatar: The Last Airbender: Eternal-Legal,519,527,5199.68
615912,Howlsquad Heavy,Aetherdrift,519,600,2006.87
631569,Snort,Commander: FINAL FANTASY,519,885,302.05
615089,God-Eternal Oketra,Commander: Aetherdrift,519,615,857.73
649597,Frog-Squirrels,Avatar: The Last Airbender: Eternal-Legal,519,680,258.51
577669,Unholy Annex // Ritual Chamber,Duskmourn: House of Horror,519,706,2088.26
577874,Reliquary Tower,Commander: Duskmourn: House of Horror,519,616,2415.02
591036,Taurean Mauler,Foundations,519,883,630.63
648642,Aang's Iceberg,Avatar: The Last Airbender,519,653,382.92
498301,Barad-dur,Universes Beyond: The Lord of the Rings: Tales of Middle-earth,519,616,1174.5
490572,Hoarding Broodlord,March of the Machine,518,529,2585.02
488252,Mountain (0278),Universes Beyond: The Lord of the Rings: Tales of Middle-earth,518,1320,699.61
559735,Rapid Hybridization,Commander: Bloomburrow,518,598,466.49
615370,Riverchurn Monument,Aetherdrift,518,640,1531.96
688232,Naktamun Lorespinner (Extended Art),Commander: Secrets of Strixhaven,518,578,2492.7
529996,Mountain (0275),Murders at Karlov Manor,518,1852,682.77
688673,Practiced Scrollsmith,Secrets of Strixhaven,518,931,239.42
456743,Command Tower,Starter Commander Decks,518,1381,510.64
614335,"Hashaton, Scarab's Fist (Borderless)",Commander: Aetherdrift,518,768,464.49
67878,Wear // Tear,Dragon's Maze,518,785,1181.05
698225,Bountiful Promenade,Commander: Marvel Super Heroes,517,800,5596.37
698198,Nature's Lore,Commander: Marvel Super Heroes,517,873,1920.61
66550,Dispel,Return to Ravnica,517,885,586.0
652041,Parallel Lives (Borderless),Marvel Universe Eternal-Legal,517,527,13869.62
696470,"Captain Mar-Vell, Space-Born",Marvel Super Heroes,517,727,252.81
517529,Plains (0287),The Lost Caverns of Ixalan,517,1520,804.96
662354,Monk Gyatso,Avatar: The Last Airbender: Eternal-Legal,517,541,3460.71
559652,Scavenger's Talent,Bloomburrow,517,620,476.84
624657,Arasta of the Endless Web,Commander: Tarkir: Dragonstorm,516,627,262.97
687682,Frostboil Snarl,Commander: Secrets of Strixhaven,516,818,246.36
273195,Patriar's Seal,Commander Legends: Battle for Baldur's Gate,516,537,2721.28
645297,Master Emerald Shrine - Command Tower (7030) (Rainbow Foil),Secret Lair Drop Series,516,890,1301.71
660709,Northern Air Temple,Avatar: The Last Airbender,516,635,166.16
697330,"Spider-Man, New Champion",Commander: Marvel Super Heroes,516,540,3386.62
190880,Force of Despair,Modern Horizons,516,670,5079.37
9526,Moment's Peace,Odyssey,516,880,3546.06
624067,Winternight Stories,Tarkir: Dragonstorm,515,734,1595.89
686656,Talisman of Resilience (Borderless),Commander: Secrets of Strixhaven,515,576,4806.4
560060,Idol of Oblivion,Commander: Bloomburrow,515,792,985.58
631286,Sunscorched Divide,Commander: FINAL FANTASY,515,710,208.69
479039,Cankerbloom (Showcase),Phyrexia: All Will Be One,515,656,202.14
6295,Crop Rotation,Urza's Legacy,515,715,3708.18
651382,Agent Venom,Marvel's Spider-Man,515,603,308.69
235301,Negate,Strixhaven: Mystical Archive,514,652,863.74
591170,Imprisoned in the Moon,Foundations,514,683,207.07
591740,Hinterland Sanctifier,Foundations,514,990,398.81
130292,Trespasser's Curse,Amonkhet,514,787,378.26
272901,Displacer Kitten,Commander Legends: Battle for Baldur's Gate,514,533,18534.59
39523,Glistener Elf,New Phyrexia,514,803,686.74
660746,True Ancestry,Avatar: The Last Airbender,514,636,164.63
656914,Swamp (Chocobo Track Foil),Commander: FINAL FANTASY,514,1435,3772.6
631125,Bastion Protector,Commander: FINAL FANTASY,514,737,450.09
4644,Demonic Consultation,Ice Age,514,545,4072.17
58997,Seraph Sanctuary,Avacyn Restored,513,642,758.99
688952,Magmablood Archaic,Secrets of Strixhaven,513,974,353.0
671196,Dragonskull Summit,Commander: Lorwyn Eclipsed,513,999,662.61
662395,Swiftfoot Boots (Showcase),Avatar: The Last Airbender: Eternal-Legal,513,593,1508.91
71202,Swan Song,Theros,513,537,6782.76
71411,Prowler's Helm,Theros,513,619,437.3
624452,Crypt of Agadeem,Commander: Tarkir: Dragonstorm,513,943,1905.73
656916,Forest (Chocobo Track Foil),Commander: FINAL FANTASY,513,1512,6784.09
539629,"Codsworth, Handy Helper",Universes Beyond: Fallout,513,524,12184.93
679613,"Big Apple, 3 a.m.",Commander: Teenage Mutant Ninja Turtles,512,922,444.45
235595,Thrilling Discovery,Strixhaven: School of Mages,512,979,297.92
559847,Aetherize,Commander: Bloomburrow,512,609,281.13
590868,Consuming Aberration,Foundations,512,733,216.08
662463,Dramatic Reversal,Avatar: The Last Airbender: Eternal-Legal,512,677,745.79
646586,"Spider-Ham, Peter Porker (Borderless)",Marvel's Spider-Man,512,550,972.67
273323,Inspired Tinkering,Commander Legends: Battle for Baldur's Gate,512,645,1039.31
696280,Multiversal Incursion (Borderless),Marvel Super Heroes,512,549,1884.07
696407,Concerted Effort (Borderless),Marvel Universe Eternal-Legal,512,565,948.0
226684,Sky Diamond,Commander Legends,512,666,252.22
662614,Rumble Arena,Avatar: The Last Airbender,512,713,165.41
643884,Moonlit Meditation,Edge of Eternities,511,659,309.18
111091,Visions of Brutality,Oath of the Gatewatch,511,659,348.86
457135,Nature's Lore,Dominaria Remastered,511,552,1814.68
