productId,name,set,transactions,units,gmv_sale
693022,The Mind Stone,Marvel Super Heroes,2301,2492,177420.29
647302,The Soul Stone,Marvel's Spider-Man,1447,1503,138835.12
686643,Force of Will (JP Alternate Art) (Silver Scroll Foil),Secrets of Strixhaven: Mystical Archive,94,96,104012.28
660570,Badgermole Cub,Avatar: The Last Airbender,1308,1574,85413.69
6883,Gaea's Cradle,Urza's Saga,59,62,83416.03
686637,Force of Will,Secrets of Strixhaven: Mystical Archive,1011,1072,79855.2
696341,"Thanos, The Mad Titan (Borderless) (0400)",Marvel Super Heroes,336,340,77344.05
1608,Volcanic Island,Revised Edition,85,99,72685.13
689157,Jeska's Will (JP Alternate Art) (Silver Scroll Foil),Secrets of Strixhaven: Mystical Archive,154,156,70357.89
5382,Mox Diamond,Stronghold,62,67,69849.8
686640,Force of Will (JP Alternate Art),Secrets of Strixhaven: Mystical Archive,345,356,67766.69
488270,The One Ring (Borderless) (LTR Bundle),Unique and Miscellaneous Promos,700,739,67037.19
1599,Underground Sea,Revised Edition,69,81,66468.29
5129,Lion's Eye Diamond,Mirage,83,90,66115.17
641734,Quantum Riddler,Edge of Eternities,1322,1862,65347.76
686552,Vampiric Tutor,Secrets of Strixhaven: Mystical Archive,1013,1027,62963.15
7357,Rhystic Study,Prophecy,1081,1168,62619.2
6323,Grim Monolith,Urza's Legacy,123,128,60958.36
668479,Doctor Doom (Borderless) (0394),Marvel Super Heroes,322,324,57602.98
693024,The Mind Stone (Borderless),Marvel Super Heroes,36,36,54749.25
487805,The One Ring,Universes Beyond: The Lord of the Rings: Tales of Middle-earth,471,504,54063.35
689158,Emeritus of Woe,Secrets of Strixhaven,2444,2628,53654.09
240035,Esper Sentinel,Modern Horizons 2,853,905,52529.9
686556,Vampiric Tutor (JP Alternate Art) (Silver Scroll Foil),Secrets of Strixhaven: Mystical Archive,67,67,51654.26
631067,"Y'shtola, Night's Blessed (Borderless) (Surge Foil)",Commander: FINAL FANTASY,72,72,51325.24
498367,Orcish Bowmasters,Universes Beyond: The Lord of the Rings: Tales of Middle-earth,902,1051,50732.94
618882,"Y'shtola, Night's Blessed (Borderless)",Commander: FINAL FANTASY,294,295,49560.93
631015,Vivi Ornitier,FINAL FANTASY,1168,1292,49500.96
689151,Jeska's Will,Secrets of Strixhaven: Mystical Archive,979,987,49097.54
630986,"Sephiroth, Fabled SOLDIER (Borderless) (Surge Foil)",FINAL FANTASY,83,84,48311.37
700738,Doom Variant - Roaming Throne (Borderless),Marvel Universe Eternal-Legal,926,950,48228.45
36238,Mox Opal,Scars of Mirrodin,174,212,47972.49
671005,Hexing Squelcher,Lorwyn Eclipsed,1999,2249,47272.12
632704,Buster Sword,FINAL FANTASY,1095,1115,46692.32
696296,"Mjolnir, Hammer of Thor",Marvel Super Heroes,1972,2168,45841.31
660516,"Wan Shi Tong, Librarian",Avatar: The Last Airbender,985,1104,45162.86
525238,Roaming Throne,The Lost Caverns of Ixalan,879,915,45155.52
71039,"Nykthos, Shrine to Nyx",Theros,829,874,44694.62
688651,Erode,Secrets of Strixhaven,3771,5161,44420.03
1595,Tropical Island,Revised Edition,86,95,44094.18
1624,Wheel of Fortune,Revised Edition,136,136,43943.92
183033,Smothering Tithe,Ravnica Allegiance,826,839,43753.43
686555,Vampiric Tutor (JP Alternate Art),Secrets of Strixhaven: Mystical Archive,274,275,43407.91
1597,Tundra,Revised Edition,75,93,43155.11
282800,"Sheoldred, the Apocalypse",Dominaria United,414,436,42451.92
517451,The One Ring (Borderless Poster),Universes Beyond: The Lord of the Rings: Tales of Middle-earth,39,40,42229.61
643635,Ancient Tomb (0001) (Borderless),Edge of Eternities: Stellar Sights,352,356,42001.99
641733,Ouroboroid,Edge of Eternities,1094,1226,41896.74
696312,The Unbeatable Squirrel Girl,Marvel Super Heroes,3688,4253,41653.38
212302,The Ozolith,Ikoria: Lair of Behemoths,618,625,41394.88
697254,"Doctor Doom, Unrivaled",Commander: Marvel Super Heroes,493,505,41378.21
262050,"Boseiju, Who Endures",Kamigawa: Neon Dynasty,738,794,40247.32
689350,Cyclonic Rift (JP Alternate Art) (Silver Scroll Foil),Secrets of Strixhaven: Mystical Archive,94,95,40186.27
696314,The Unbeatable Squirrel Girl (Borderless),Marvel Super Heroes,1402,1445,40163.43
697546,The Fantasticar,Commander: Marvel Super Heroes,472,1320,40153.98
162125,Mox Amber,Dominaria,448,482,39190.26
632052,Stay with Me - Rhystic Study (Showcase),FINAL FANTASY: Through the Ages,296,298,38885.53
5457,Ancient Tomb,Tempest,276,324,38528.53
671032,Hexing Squelcher (Showcase),Lorwyn Eclipsed,971,1032,38496.73
7030,Serra's Sanctum,Urza's Saga,83,89,38452.96
647614,The Soul Stone (Borderless),Marvel's Spider-Man,25,25,38406.31
632705,Buster Sword (Borderless),FINAL FANTASY,377,383,37591.77
644286,Icetill Explorer,Edge of Eternities,1900,2211,37394.02
5615,Lotus Petal,Tempest,939,1154,37326.22
618887,Dragon of Mount Gulg - Ancient Copper Dragon (Showcase),FINAL FANTASY: Through the Ages,281,281,37192.89
697204,"Loki, Lord of Misrule",Commander: Marvel Super Heroes,520,525,36970.73
5529,Earthcraft,Tempest,190,197,36203.26
552863,Ocelot Pride,Modern Horizons 3,716,900,36022.15
1339,Badlands,Revised Edition,82,91,35955.66
238619,Urza's Saga,Modern Horizons 2,735,854,35875.67
688521,Flashback,Secrets of Strixhaven,3915,4968,35594.57
696349,The Ten Rings,Marvel Super Heroes,1899,2274,35517.26
518155,"Sauron, the Dark Lord (Borderless Poster)",Universes Beyond: The Lord of the Rings: Tales of Middle-earth,69,69,35311.33
688679,Flow State,Secrets of Strixhaven,4218,7962,35152.65
5593,Intuition,Tempest,99,104,34624.8
690171,Flusterstorm (JP Alternate Art) (Silver Scroll Foil),Secrets of Strixhaven: Mystical Archive,141,141,34108.66
689345,Cyclonic Rift,Secrets of Strixhaven: Mystical Archive,917,926,33661.33
686601,Emeritus of Ideation,Secrets of Strixhaven,2343,2881,33634.76
686575,Improvisation Capstone,Secrets of Strixhaven,2229,2404,33561.75
541274,Polluted Delta,Modern Horizons 3,1349,1751,33437.93
656776,Tataru Taru (Borderless) (Chocobo Track Foil),Commander: FINAL FANTASY,171,174,33149.16
688890,Crop Rotation (JP Alternate Art) (Silver Scroll Foil),Secrets of Strixhaven: Mystical Archive,180,186,33136.86
660571,Badgermole Cub (Borderless),Avatar: The Last Airbender,390,424,32929.07
130149,Anointed Procession,Amonkhet,591,598,32787.74
697268,Ultron the Annihilator,Commander: Marvel Super Heroes,537,539,32483.51
688833,Ad Nauseam (JP Alternate Art) (Silver Scroll Foil),Secrets of Strixhaven: Mystical Archive,104,104,32106.01
238610,Scalding Tarn,Modern Horizons 2,723,843,32081.95
630950,"Sephiroth, Fabled SOLDIER",FINAL FANTASY,886,953,31940.09
4416,Survival of the Fittest,Exodus,87,91,31934.16
1585,Taiga,Revised Edition,91,98,31917.08
1527,Plateau,Revised Edition,94,107,31836.74
631871,Vivi Ornitier (Borderless),FINAL FANTASY,314,319,31636.96
623894,"Ugin, Eye of the Storms",Tarkir: Dragonstorm,633,755,31543.68
238609,Misty Rainforest,Modern Horizons 2,781,895,31538.45
589328,Bloodthirsty Conqueror,Foundations,851,897,31536.51
509562,Smothering Tithe (Anime Borderless),Wilds of Eldraine: Enchanting Tales,142,142,31506.04
504495,Deflecting Swat (Borderless),Commander Masters,255,259,31407.63
212191,Deflecting Swat,Commander 2020,482,485,31377.17
656850,"Yuna, Hope of Spira (Borderless) (Chocobo Track Foil)",FINAL FANTASY,223,230,31267.8
656848,Vivi Ornitier (Borderless) (Chocobo Track Foil),FINAL FANTASY,139,140,31191.56
541275,Bloodstained Mire,Modern Horizons 3,1308,1754,31099.03
212218,Fierce Guardianship,Commander 2020,556,573,30911.99
657764,Doubling Season (Borderless),Teenage Mutant Ninja Turtles Source Material,1019,1060,30851.81
498425,Orcish Bowmasters (Borderless),Universes Beyond: The Lord of the Rings: Tales of Middle-earth,470,506,30840.34
238607,Arid Mesa,Modern Horizons 2,803,940,30609.27
273001,Ancient Copper Dragon,Commander Legends: Battle for Baldur's Gate,270,273,30369.32
190647,Force of Negation,Modern Horizons,454,598,30257.39
656750,"Cloud, Midgar Mercenary (Borderless) (Chocobo Track Foil)",FINAL FANTASY,179,183,30078.56
4303,City of Traitors,Exodus,61,62,29828.88
697383,Devil Dinosaur,Commander: Marvel Super Heroes,653,661,29813.43
1388,Demonic Tutor,Revised Edition,560,576,29789.94
1342,Bayou,Revised Edition,73,81,29753.39
696412,T'Challa's Protection - Teferi's Protection (Borderless),Marvel Universe Eternal-Legal,797,849,29590.33
697068,"Shang-Chi, Master of Kung Fu (Borderless) (0396)",Marvel Super Heroes,302,308,29331.49
631062,"Cloud, Ex-SOLDIER (Borderless) (Surge Foil)",Commander: FINAL FANTASY,78,80,29277.02
36765,Mox Diamond,From the Vault: Relics,16,17,28925.16
5170,Phyrexian Dreadnought,Mirage,91,113,28695.21
558355,Three Tree City,Bloomburrow,1102,1162,28672.54
630959,"Sephiroth, Fabled SOLDIER (0317) (Borderless)",FINAL FANTASY,298,303,28483.51
590858,Doubling Season,Foundations,855,871,28482.04
1552,Savannah,Revised Edition,85,94,28251.48
498456,Balin's Tomb - Ancient Tomb (Borderless),Commander: The Lord of the Rings: Tales of Middle-earth,155,159,28123.71
662549,The Walls of Ba Sing Se,Avatar: The Last Airbender,1098,1136,28108.07
509566,Rhystic Study (Anime Borderless),Wilds of Eldraine: Enchanting Tales,145,147,27813.25
696290,Tony Stark (Borderless) (0392),Marvel Super Heroes,307,312,27746.75
668478,Bruce Banner (Borderless) (0390),Marvel Super Heroes,288,289,27587.07
1556,Scrubland,Revised Edition,74,77,27448.33
696581,"Ultron, Artificial Malevolence",Marvel Super Heroes,1850,2084,27391.69
689348,Cyclonic Rift (JP Alternate Art),Secrets of Strixhaven: Mystical Archive,256,257,27317.3
697332,The Vision and Scarlet Witch,Commander: Marvel Super Heroes,396,402,27280.02
689106,Germination Practicum,Secrets of Strixhaven,2296,2502,27255.53
541277,Wooded Foothills,Modern Horizons 3,1330,1621,27216.12
656838,Tifa Lockhart (Borderless) (Chocobo Track Foil),FINAL FANTASY,189,195,26900.87
651357,Eddie Brock (0233) (Borderless),Marvel's Spider-Man,250,254,26826.79
630884,"Cloud, Midgar Mercenary (Borderless) (Surge Foil)",FINAL FANTASY,103,106,26791.4
696583,"Ultron, Artificial Malevolence (Borderless) (0401)",Marvel Super Heroes,265,266,26782.68
499456,Mithril Coat,Universes Beyond: The Lord of the Rings: Tales of Middle-earth,902,922,26544.4
656787,Snapcaster Mage (Borderless) (Chocobo Track Foil),Commander: FINAL FANTASY,175,181,26447.8
659479,"Jin Sakai, Ghost of Tsushima",Secret Lair Drop Series,187,225,26428.31
660517,"Wan Shi Tong, Librarian (Borderless)",Avatar: The Last Airbender,322,332,26413.35
238608,Marsh Flats,Modern Horizons 2,730,837,26385.95
614390,Chrome Mox (Borderless),Special Guests,141,141,26100.49
630968,"Sephiroth, Fabled SOLDIER (0382) (Borderless)",FINAL FANTASY,330,335,26004.37
687438,Land Tax,Commander: Secrets of Strixhaven,1465,1781,25895.59
696535,Jennifer Walters,Marvel Super Heroes,1696,2036,25879.83
696582,"Ultron, Artificial Malevolence (Borderless) (0344)",Marvel Super Heroes,776,788,25848.48
591214,Hare Apparent,Foundations,2181,8091,25803.42
696324,King T'Challa,Marvel Super Heroes,1705,2136,25784.7
673653,"Krang, Utrom Warlord",Teenage Mutant Ninja Turtles,1405,1477,25680.86
498414,Delighted Halfling,Universes Beyond: The Lord of the Rings: Tales of Middle-earth,918,970,25645.12
662085,Urza's Saga,Secret Lair Countdown Kit,299,340,25592.79
552631,Warren Soultrader,Modern Horizons 3,1700,1858,25367.76
226653,Jeska's Will,Commander Legends,587,615,25352.2
218602,Mox Opal,Double Masters,87,105,25301.81
686619,"Witherbloom, the Balancer (Borderless)",Secrets of Strixhaven,780,784,25290.45
6209,Metalworker,Urza's Destiny,143,154,25289.12
541276,Flooded Strand,Modern Horizons 3,1331,1668,25288.58
657755,Super Shredder,Teenage Mutant Ninja Turtles,1080,1210,25268.64
451975,Mox Amber,The Brothers' War: Retro Frame Artifacts,266,277,25234.59
553302,Urza's Incubator,Modern Horizons 3,1353,1456,25186.66
5412,Sliver Queen,Stronghold,98,101,25153.84
239857,"Ragavan, Nimble Pilferer",Modern Horizons 2,453,523,24999.77
623882,"Elspeth, Storm Slayer",Tarkir: Dragonstorm,591,606,24933.87
658468,Aerith Gainsborough,Pro Tour Promos,83,85,24899.6
504494,Deflecting Swat,Commander Masters,353,362,24716.89
552582,Sink into Stupor,Modern Horizons 3,2654,3599,24673.06
623897,Voice of Victory,Tarkir: Dragonstorm,1063,1232,24642.83
615741,Monument to Endurance,Aetherdrift,1225,1330,24474.03
696438,"Wolverine, Best There Is (Borderless)",Marvel Universe Eternal-Legal,845,849,24370.85
656711,Steam Vents,Lorwyn Eclipsed,1678,2031,24236.45
631066,"Tifa, Martial Artist (Borderless) (Surge Foil)",Commander: FINAL FANTASY,98,101,24103.56
525241,Roaming Throne (Borderless),The Lost Caverns of Ixalan,479,490,23833.89
238611,Verdant Catacombs,Modern Horizons 2,727,779,23756.19
698015,Molecule Man,Commander: Marvel Super Heroes,586,739,23560.53
670957,Chronicle of Victory,Lorwyn Eclipsed,1106,1195,23468.74
687542,Sol Ring,Commander: Secrets of Strixhaven,3436,8498,23317.87
11467,Chrome Mox,Mirrodin,157,161,23304.08
686613,"Witherbloom, the Balancer",Secrets of Strixhaven,2033,2192,23054.02
5226,Shallow Grave,Mirage,209,288,22980.25
697490,Patriotic Shield - Sword of Fire and Ice (Borderless),Marvel Universe Eternal-Legal,761,775,22647.77
135074,Torment of Hailfire,Hour of Devastation,563,569,22555.69
686600,Professor Dellian Fel,Secrets of Strixhaven,1865,2303,22433.9
525752,Exquisite Blood,Commander: The Lost Caverns of Ixalan,640,654,22427.04
656784,"Lulu, Stern Guardian (Borderless) (Chocobo Track Foil)",Commander: FINAL FANTASY,165,167,22419.96
696274,"Loki, God of Mischief",Marvel Super Heroes,2184,4095,22407.65
660581,"Toph, Earthbending Master",Avatar: The Last Airbender: Eternal-Legal,540,541,22342.12
501923,"Muxus, Goblin Grandee (Rainbow Foil)",Secret Lair Drop Series,179,184,22276.38
633136,The Earth Crystal,FINAL FANTASY,1701,1776,22255.09
689155,Jeska's Will (JP Alternate Art),Secrets of Strixhaven: Mystical Archive,256,256,22253.45
3330,Transmute Artifact,Antiquities,58,63,22242.0
662054,Phyrexian Altar,Secret Lair Countdown Kit,386,396,22215.79
553235,Talon Gates of Madara,Commander: Modern Horizons 3,783,1161,22209.65
630870,"Cloud, Midgar Mercenary",FINAL FANTASY,976,1033,22037.16
696542,Jennifer Walters (Borderless) (0388),Marvel Super Heroes,325,332,22008.61
262051,"Boseiju, Who Endures (Borderless)",Kamigawa: Neon Dynasty,232,236,21935.02
448904,Chrome Mox,Secret Lair Countdown Kit,100,104,21841.41
696634,The Astonishing Ant-Man (Borderless),Marvel Super Heroes,333,336,21826.65
222103,Malakir Rebirth,Zendikar Rising,1432,1568,21826.46
162175,Rat Colony,Dominaria,797,3421,21823.39
6232,Replenish,Urza's Destiny,108,119,21656.82
516539,Mox Opal (Retro Frame) (Foil Etched),Secret Lair Drop Series,46,51,21641.07
630917,Summon: Bahamut,FINAL FANTASY,943,984,21577.96
262434,"Otawara, Soaring City",Kamigawa: Neon Dynasty,688,708,21503.08
544392,"Bristly Bill, Spine Sower",Outlaws of Thunder Junction,474,502,21486.9
638912,Sacred Foundry,Edge of Eternities,1563,1835,21465.02
660577,The Banyan Tree - The Great Henge (Borderless),Avatar: The Last Airbender: Eternal-Legal,343,343,21398.41
697059,"Shang-Chi, Master of Kung Fu",Marvel Super Heroes,1569,1937,21389.37
614418,Riverpyre Verge,Aetherdrift,738,938,21297.7
656900,"Aerith, Last Ancient (Borderless) (Chocobo Track Foil)",Commander: FINAL FANTASY,223,224,21267.61
648709,Redirect Lightning,Avatar: The Last Airbender,1682,1839,21253.16
188701,Finale of Devastation,War of the Spark,415,421,21229.31
697485,Heaven-Sent Marvel - Archangel of Thune (Borderless),Marvel Universe Eternal-Legal,895,958,21203.73
218603,Mox Opal (Borderless),Double Masters,54,55,21177.5
686599,"Prismari, the Inspiration",Secrets of Strixhaven,2174,2276,21160.16
688950,Decorum Dissertation,Secrets of Strixhaven,2089,2268,21140.21
490390,"Etali, Primal Conqueror",March of the Machine,586,591,21072.89
641757,Quantum Riddler (Borderless),Edge of Eternities,327,415,21012.0
525381,Hunting Velociraptor (Borderless),Universes Beyond: Jurassic World Collection,285,286,20999.2
233371,Demonic Tutor,Strixhaven: Mystical Archive,233,237,20956.78
687365,Faerie Mastermind,Commander: Secrets of Strixhaven,1628,1949,20938.11
517448,Gandalf the White (Borderless Poster),Universes Beyond: The Lord of the Rings: Tales of Middle-earth,82,82,20753.06
667795,"Yuna, Grand Summoner (Borderless)",WPN & Gateway Promos,471,516,20726.57
679211,Donnie's Bo - Shadowspear (Borderless),Teenage Mutant Ninja Turtles Source Material,1026,1093,20630.22
517603,Cavern of Souls (0269),The Lost Caverns of Ixalan,372,404,20571.35
509518,Rhystic Study,Wilds of Eldraine: Enchanting Tales,221,237,20558.16
697396,"Tippy-Toe, Terrific Partner",Commander: Marvel Super Heroes,1244,1284,20538.62
518158,Tom Bombadil (Borderless Poster),Universes Beyond: The Lord of the Rings: Tales of Middle-earth,71,72,20506.09
696299,"Thor, God of Thunder",Marvel Super Heroes,1908,2179,20498.08
552852,Phyrexian Tower,Modern Horizons 3,719,788,20470.09
696304,"Mjolnir, Hammer of Thor (Borderless) (0339)",Marvel Super Heroes,466,471,20463.94
631064,"Terra, Herald of Hope (Borderless) (Surge Foil)",Commander: FINAL FANTASY,85,86,20427.8
517447,Mount Doom (Borderless Poster),Universes Beyond: The Lord of the Rings: Tales of Middle-earth,96,97,20395.17
98395,Mox Opal,Modern Masters 2015,77,89,20346.87
696671,Cosmic Cube,Marvel Super Heroes,1737,1952,20320.85
697431,Swordsman's Steel,Commander: Marvel Super Heroes,799,842,20310.72
668477,"Captain America, Super-Soldier (Borderless) (0387)",Marvel Super Heroes,249,252,20280.33
91106,"Urborg, Tomb of Yawgmoth",Magic 2015 (M15),351,353,20276.54
638153,Yojimbo - Solitude (Rainbow Foil),Secret Lair Drop Series,28,28,20241.08
686615,"Prismari, the Inspiration (Borderless)",Secrets of Strixhaven,865,869,20126.49
638914,Watery Grave,Edge of Eternities,1630,1870,20053.46
686672,Sylvan Library (Borderless),Special Guests,735,751,20008.27
638908,"Tezzeret, Cruel Captain",Edge of Eternities,880,1032,19930.12
276288,Imperial Seal,Double Masters 2022,125,125,19913.67
656667,Formidable Speaker,Lorwyn Eclipsed,1721,2209,19911.64
589354,Mossborn Hydra,Foundations,1334,1548,19895.87
199361,The Great Henge,Throne of Eldraine,303,310,19891.63
656812,Vivi's Persistence (Borderless),Commander: FINAL FANTASY,480,485,19832.86
541272,Windswept Heath,Modern Horizons 3,1384,1690,19673.34
4183,Lake of the Dead,Alliances,173,198,19634.27
499326,"The Dead Marshes - Urborg, Tomb of Yawgmoth (Borderless)",Commander: The Lord of the Rings: Tales of Middle-earth,157,158,19578.51
630919,Summon: Bahamut (Borderless),FINAL FANTASY,340,342,19547.98
589380,Twinflame Tyrant,Foundations,741,758,19497.32
696340,King T'Challa (Borderless) (0399),Marvel Super Heroes,295,297,19462.45
641799,Gemstone Caverns (0016) (Borderless),Edge of Eternities: Stellar Sights,330,334,19426.56
478276,"Mondrak, Glory Dominus",Phyrexia: All Will Be One,430,435,19412.89
656687,Blood Crypt,Lorwyn Eclipsed,1740,2041,19317.79
688836,Akroma's Will,Secrets of Strixhaven: Mystical Archive,990,1011,19314.19
206978,Shadowspear,Theros Beyond Death,598,604,19286.27
656652,Bitterbloom Bearer,Lorwyn Eclipsed,1060,1128,19235.59
697325,"Nico Minoru, Runaway",Commander: Marvel Super Heroes,472,474,18995.34
240037,Solitude,Modern Horizons 2,384,522,18991.33
31833,Violent Outburst,Alara Reborn,1065,2852,18955.79
689159,Emeritus of Woe (Extended Art),Secrets of Strixhaven,585,599,18928.64
222038,Sea Gate Restoration,Zendikar Rising,446,507,18845.39
533402,"Delney, Streetwise Lookout",Murders at Karlov Manor,498,507,18812.82
38273,Survival of the Fittest,Judge Promos,7,11,18782.69
179473,Ancient Tomb,Ultimate Masters,143,145,18772.9
488276,The One Ring (Extended Art),Universes Beyond: The Lord of the Rings: Tales of Middle-earth,128,142,18757.17
656712,Steam Vents (Borderless),Lorwyn Eclipsed,860,951,18726.93
688899,Culling the Weak,Secrets of Strixhaven: Mystical Archive,1710,1765,18706.38
638910,Breeding Pool,Edge of Eternities,1535,1755,18685.54
230903,"Birgi, God of Storytelling",Kaldheim,566,573,18645.22
648742,Avatar Aang (Raised Foil),Avatar: The Last Airbender,4,4,18575.0
668469,Namor the Sub-Mariner (Borderless) (0391),Marvel Super Heroes,333,341,18547.25
272901,Displacer Kitten,Commander Legends: Battle for Baldur's Gate,514,533,18534.59
276291,Mana Vault,Double Masters 2022,157,166,18520.42
633976,Knights of San d'Oria - Ranger-Captain of Eos (Showcase),FINAL FANTASY: Through the Ages,313,331,18515.65
512510,Agatha's Soul Cauldron,Wilds of Eldraine,449,497,18463.87
631607,Starting Town,FINAL FANTASY,1330,1678,18459.22
656709,Overgrown Tomb,Lorwyn Eclipsed,1624,1919,18407.29
544246,Mana Drain,Outlaws of Thunder Junction: Breaking News,347,349,18352.84
552306,Ruby Medallion,Modern Horizons 3,1342,1516,18321.71
4146,Force of Will,Alliances,212,266,18290.17
6886,Gilded Drake,Urza's Saga,105,107,18281.51
276329,Imperial Seal (Borderless),Double Masters 2022,96,97,18258.96
689056,Cauldron of Essence,Secrets of Strixhaven,3767,4333,18222.39
696417,Simulacrum Synthesizer (Borderless),Marvel Universe Eternal-Legal,840,892,18177.38
552830,Fanatic of Rhonas,Modern Horizons 3,1753,2027,18100.09
689924,Consecrated Sphinx (Retro Frame),MagicFest Cards,712,936,18099.64
589389,Scythecat Cub,Foundations Jumpstart,551,651,18019.33
630929,Traveling Chocobo,FINAL FANTASY,885,950,18005.69
688843,Awaken the Woods,Secrets of Strixhaven: Mystical Archive,961,980,17997.36
590679,"Rev, Tithe Extractor (Anime)",Foundations Jumpstart,638,688,17984.62
673622,Cool but Rude,Teenage Mutant Ninja Turtles,2318,2758,17976.62
504561,Fierce Guardianship,Commander Masters,302,311,17937.86
694832,Swords to Plowshares (Borderless) (Magazine Insert),Media Promos,385,390,17886.07
6303,Deranged Hermit,Urza's Legacy,212,233,17875.15
122852,Lotus Petal,Masterpiece Series: Kaladesh Inventions,17,18,17848.38
552333,"Tamiyo, Inquisitive Student",Modern Horizons 3,673,977,17836.42
668460,Bruce Banner,Marvel Super Heroes,1640,1860,17821.85
273003,Ancient Copper Dragon (Borderless),Commander Legends: Battle for Baldur's Gate,118,118,17694.45
641725,Exalted Sunborn,Edge of Eternities,997,1128,17658.28
688845,Awaken the Woods (JP Alternate Art) (Silver Scroll Foil),Secrets of Strixhaven: Mystical Archive,140,140,17638.41
660518,Force of Negation (Borderless),Avatar: The Last Airbender: Eternal-Legal,346,367,17608.52
656781,Flash Photography (Borderless),Commander: FINAL FANTASY,483,513,17573.75
517252,Call Forth the Tempest (Borderless),Commander: The Lord of the Rings: Tales of Middle-earth,507,523,17551.87
240036,Esper Sentinel (Showcase),Modern Horizons 2,287,291,17505.38
66473,Cyclonic Rift,Return to Ravnica,569,583,17398.19
122709,Aetherflux Reservoir,Kaladesh,765,773,17389.85
631072,"Sephiroth, the Savior - Atraxa, Grand Unifier (Showcase)",FINAL FANTASY: Through the Ages,302,335,17383.26
686578,Improvisation Capstone (Borderless),Secrets of Strixhaven,807,838,17381.03
505763,Fierce Guardianship (Borderless),Commander Masters,206,208,17368.6
631068,"Yuna, Grand Summoner (Borderless) (Surge Foil)",Commander: FINAL FANTASY,65,65,17304.12
227008,Mana Drain,Commander Legends,319,330,17286.31
658469,"Kratos, God of War",Secret Lair Drop Series,275,322,17148.87
624002,Scalding Tarn (Borderless),Special Guests,192,203,17032.0
578080,Enduring Vitality,Duskmourn: House of Horror,1598,1755,16990.36
638911,Godless Shrine,Edge of Eternities,1493,1709,16972.04
206926,Thassa's Oracle,Theros Beyond Death,722,734,16967.32
524230,"Ojer Taq, Deepest Foundation",The Lost Caverns of Ixalan,531,543,16960.76
562746,Enduring Tenacity,Duskmourn: House of Horror,1352,1422,16929.23
671525,Wistfulness,Lorwyn Eclipsed,1367,1810,16909.52
524414,Bloodletter of Aclazotz,The Lost Caverns of Ixalan,428,457,16906.37
631812,"Terra Branford - Urza, Lord High Artificer (Showcase)",FINAL FANTASY: Through the Ages,280,282,16897.59
3267,Candelabra of Tawnos,Antiquities,6,7,16886.52
82224,Mana Confluence,Journey Into Nyx,487,500,16868.68
591199,Sire of Seven Deaths,Foundations,810,939,16789.01
638143,Anima - Grief (Rainbow Foil),Secret Lair Drop Series,36,36,16713.96
10473,Wooded Foothills,Onslaught,83,116,16643.49
560459,Ms. Bumbleflower (Borderless) (Raised Foil),Commander: Bloomburrow,12,12,16559.57
517256,Legolas's Quick Reflexes (Borderless),Commander: The Lord of the Rings: Tales of Middle-earth,502,514,16536.46
230923,"Birgi, God of Storytelling (Showcase)",Kaldheim,445,451,16536.28
638909,"Tezzeret, Cruel Captain (Borderless)",Edge of Eternities,289,298,16523.43
671172,Springleaf Parade,Commander: Lorwyn Eclipsed,1284,2024,16443.85
656847,"Choco, Seeker of Paradise (Borderless) (Chocobo Track Foil)",FINAL FANTASY,189,191,16389.37
243293,Old Gnawbone,Adventures in the Forgotten Realms,318,318,16376.99
662430,Deflecting Swat (Showcase),Avatar: The Last Airbender: Eternal-Legal,207,208,16363.05
499318,Glittering Caves of Aglarond - Gemstone Caverns (Borderless),Commander: The Lord of the Rings: Tales of Middle-earth,220,231,16304.04
696285,"Loki, God of Mischief (Borderless)",Marvel Super Heroes,1264,1600,16268.41
9616,Cabal Ritual,Torment,806,934,16211.91
233497,Demonic Tutor (JP Alternate Art),Strixhaven: Mystical Archive,42,42,16201.62
234275,"Urborg, Tomb of Yawgmoth",Time Spiral: Remastered,257,263,16189.69
671780,Moonshadow,Lorwyn Eclipsed,1027,1417,16172.96
1492,Mana Vault,Revised Edition,201,204,16157.6
679620,City of Brass,Commander: Teenage Mutant Ninja Turtles,1307,1670,16132.87
641743,Terrasymbiosis,Edge of Eternities,1686,1794,16117.49
688834,Akroma's Will (JP Alternate Art) (Silver Scroll Foil),Secrets of Strixhaven: Mystical Archive,143,143,16081.98
509513,Smothering Tithe,Wilds of Eldraine: Enchanting Tales,255,259,16036.87
651338,Norman Osborn (Borderless),Marvel's Spider-Man,973,1040,16010.67
218811,Chrome Mox,Double Masters,95,95,16006.66
276323,Mana Vault (Borderless),Double Masters 2022,91,98,15990.04
168720,Scapeshift,Core Set 2019,299,334,15973.48
696429,"Captain America, First Avenger (Borderless)",Marvel Universe Eternal-Legal,845,856,15963.64
648732,The Cabbage Merchant,Avatar: The Last Airbender: Eternal-Legal,589,608,15944.06
689922,Beseech the Mirror,Secret Lair Drop Series,569,667,15919.53
122855,Mox Opal,Masterpiece Series: Kaladesh Inventions,12,13,15896.34
501909,Goblin Lackey (1311) (Rainbow Foil),Secret Lair Drop Series,163,166,15870.39
679072,Trouble in Pairs (Borderless),Teenage Mutant Ninja Turtles Source Material,951,1011,15861.39
696351,The Ten Rings (Borderless),Marvel Super Heroes,828,906,15827.88
532918,Thundering Falls,Murders at Karlov Manor,884,999,15796.25
618879,"Cloud, Ex-SOLDIER (Borderless)",Commander: FINAL FANTASY,229,229,15763.05
630851,"Kefka, Court Mage (0322) (Borderless)",FINAL FANTASY,300,318,15748.56
56324,Parallel Lives,Innistrad,449,459,15741.92
656703,Hallowed Fountain,Lorwyn Eclipsed,1567,1893,15730.04
92829,Polluted Delta,Khans of Tarkir,586,784,15719.01
696306,"Thor, God of Thunder (Borderless) (0369)",Marvel Super Heroes,375,380,15712.62
656841,Traveling Chocobo (Borderless) (Chocobo Track Foil),FINAL FANTASY,170,173,15712.49
696245,Doctor Doom (Borderless) (0365),Marvel Super Heroes,399,404,15649.13
190748,Prismatic Vista,Modern Horizons,379,417,15633.78
686543,Grave Researcher,Secrets of Strixhaven,3398,4095,15607.6
518157,Palantir of Orthanc (Borderless Poster),Universes Beyond: The Lord of the Rings: Tales of Middle-earth,93,94,15605.73
675585,"Lorehold, the Historian (Borderless)",Secrets of Strixhaven,780,793,15574.15
243294,Old Gnawbone (Borderless),Adventures in the Forgotten Realms,205,207,15542.09
517966,The One Ring (Extended Art) (Surge Foil),Universes Beyond: The Lord of the Rings: Tales of Middle-earth,69,70,15496.46
3360,Ashnod's Altar,Chronicles,1083,1160,15483.25
188710,Mox Opal,Judge Promos,14,44,15479.46
475562,Swamp (Phyrexian) - Full Art (Oil Slick Raised Foil),Phyrexia: All Will Be One,393,953,15466.65
496067,Jeweled Lotus (Textured Foil),Commander Masters,27,29,15456.37
552309,"Ulamog, the Defiler",Modern Horizons 3,914,985,15453.05
697024,Hex Magic,Marvel Super Heroes,2827,7470,15453.01
675591,Stock Up,Secrets of Strixhaven: Mystical Archive,3646,6551,15411.32
631065,"Tidus, Yuna's Guardian (Borderless) (Surge Foil)",Commander: FINAL FANTASY,92,92,15399.92
558342,"Maha, Its Feathers Night",Bloomburrow,656,701,15391.81
556327,"Excalibur, Sword of Eden",Universes Beyond: Assassin's Creed,1060,1292,15383.67
688522,Flashback (Extended Art),Secrets of Strixhaven,1157,1275,15377.9
688652,Erode (Extended Art),Secrets of Strixhaven,1074,1255,15362.96
651332,Norman Osborn,Marvel's Spider-Man,1543,1709,15357.81
532905,Undercity Sewers,Murders at Karlov Manor,743,896,15354.25
7118,Yawgmoth's Will,Urza's Saga,77,77,15339.03
501921,Goblin Recruiter (Rainbow Foil),Secret Lair Drop Series,175,175,15311.23
689052,Scheming Silvertongue,Secrets of Strixhaven,2582,3382,15267.57
688904,Preordain (JP Alternate Art) (Silver Scroll Foil),Secrets of Strixhaven: Mystical Archive,209,217,15248.2
634431,Genji Glove,FINAL FANTASY,2232,2421,15200.67
34328,Amulet of Vigor,Worldwake,266,310,15162.47
630954,"Zidane Tribal - Ragavan, Nimble Pilferer (Showcase)",FINAL FANTASY: Through the Ages,247,257,15147.52
696539,Jennifer Walters (Borderless) (0328),Marvel Super Heroes,395,400,15133.29
552320,Jet Medallion,Modern Horizons 3,1365,1432,15068.48
6076,Null Rod,Weatherlight,107,141,15054.38
656903,Emet-Selch of the Third Seat (Borderless) (Chocobo Track Foil),Commander: FINAL FANTASY,202,202,15042.01
638902,"Sothera, the Supervoid (Singularity Foil)",Edge of Eternities,12,12,15028.33
544933,Simulacrum Synthesizer,Outlaws of Thunder Junction: The Big Score,479,526,15025.38
696388,"Iron Man, Bleeding Edge",Commander: Marvel Super Heroes,1048,1066,15019.6
12160,Sensei's Divining Top,Champions of Kamigawa,355,368,14981.51
696279,Tony Stark,Marvel Super Heroes,1688,1855,14961.39
696300,"Mjolnir, Hammer of Thor (Borderless) (0303)",Marvel Super Heroes,454,464,14930.69
671067,Bloom Tender,Lorwyn Eclipsed,1091,1176,14912.87
656844,Paradise Chocobo - Birds of Paradise (Borderless),Commander: FINAL FANTASY,818,914,14884.07
122862,Sol Ring,Masterpiece Series: Kaladesh Inventions,10,10,14876.11
578886,Overlord of the Balemurk,Duskmourn: House of Horror,508,694,14859.11
58842,Cavern of Souls,Avacyn Restored,261,286,14818.08
504181,Demonic Tutor (Borderless),Commander Masters,127,127,14795.42
222003,Ancient Tomb,Zendikar Rising Expeditions,97,101,14777.47
583908,"Miku, Divine Diva - Elspeth Tirel (Rainbow Foil)",Secret Lair Drop Series,195,276,14755.77
656823,"Yuffie, Materia Hunter (Borderless) (Chocobo Track Foil)",Commander: FINAL FANTASY,222,229,14743.32
668572,Namor the Sub-Mariner,Marvel Super Heroes,1647,2244,14738.72
630878,"Cloud, Midgar Mercenary (Borderless)",FINAL FANTASY,314,320,14704.88
697236,"Iron Man, Modern Marvel",Commander: Marvel Super Heroes,352,360,14704.76
671077,Bloom Tender (0400) (Showcase) (Fracture Foil),Lorwyn Eclipsed,43,43,14700.06
688951,Decorum Dissertation (Borderless),Secrets of Strixhaven,868,911,14690.68
697067,"Shang-Chi, Master of Kung Fu (Borderless) (0370)",Marvel Super Heroes,720,753,14675.64
517987,The One Ring (Showcase Scrolls),Universes Beyond: The Lord of the Rings: Tales of Middle-earth,32,34,14668.23
690168,Veil of Summer (JP Alternate Art) (Silver Scroll Foil),Secrets of Strixhaven: Mystical Archive,170,172,14666.17
688470,Psychic Frog,Game Day & Store Championship Promos,481,874,14651.88
689364,Triumph of the Hordes,Secrets of Strixhaven: Mystical Archive,920,942,14636.01
638146,Ifrit - Fury (Rainbow Foil),Secret Lair Drop Series,27,27,14622.68
696289,Tony Stark (Borderless) (0363),Marvel Super Heroes,379,384,14618.08
4815,Mystic Remora,Ice Age,1453,1629,14616.86
484938,Jeweled Lotus,Commander Masters,236,323,14590.04
544300,Vaultborn Tyrant,Outlaws of Thunder Junction: The Big Score,448,473,14585.57
276737,Force of Negation (Borderless),Double Masters 2022,211,236,14579.75
646172,Peter Parker (0232) (Borderless),Marvel's Spider-Man,250,254,14577.92
541324,Sword of Feast and Famine,Universes Beyond: Assassin's Creed,418,421,14573.67
451962,Portal to Phyrexia,The Brothers' War,426,436,14538.47
623999,Misty Rainforest (Borderless) (Dragonscale Foil),Special Guests,27,27,14519.44
484655,"Ragavan, Nimble Pilferer",March of the Machine: Multiverse Legends,248,270,14480.7
689108,Germination Practicum (Borderless),Secrets of Strixhaven,855,876,14477.94
656785,"Rikku, Resourceful Guardian (Borderless) (Chocobo Track Foil)",Commander: FINAL FANTASY,184,184,14449.6
226669,Jeweled Lotus,Commander Legends,289,325,14435.75
688831,Ad Nauseam,Secrets of Strixhaven: Mystical Archive,964,985,14427.72
239396,Cabal Coffers,Modern Horizons 2,453,468,14402.81
267057,Morphic Pool,Commander Legends: Battle for Baldur's Gate,490,493,14394.08
630944,Tifa Lockhart (Borderless) (Surge Foil),FINAL FANTASY,136,153,14375.23
686657,Sol Ring (Borderless),Commander: Secrets of Strixhaven,580,604,14372.96
534084,Slime Against Humanity,Murders at Karlov Manor,1336,7730,14356.13
630850,"Terra, Magical Adept (Borderless)",FINAL FANTASY,296,298,14348.52
631048,"Lightning, Army of One (0545) (Borderless) (Surge Foil)",FINAL FANTASY,87,88,14347.65
499755,Heroic Intervention,Commander: The Lord of the Rings: Tales of Middle-earth,936,978,14342.14
659480,"Jin Sakai, Ghost of Tsushima (Rainbow Foil)",Secret Lair Drop Series,88,89,14325.48
221923,Roiling Vortex,Zendikar Rising,678,1050,14275.88
688477,Resonating Lute,Secrets of Strixhaven,3102,3863,14264.78
187187,Bolas's Citadel,War of the Spark,838,859,14222.38
221774,Valakut Awakening,Zendikar Rising,826,894,14196.16
656771,Brilliant Wings (Borderless),Commander: FINAL FANTASY,377,395,14186.44
226134,Vampiric Tutor,Commander Legends,231,235,14160.66
656713,Temple Garden,Lorwyn Eclipsed,1582,1872,14108.55
662086,Urza's Saga (Halo Foil),Secret Lair Countdown Kit,24,27,14099.53
679192,Heroes in a Half Shell (0096) (Borderless) (Surge Foil),Commander: Teenage Mutant Ninja Turtles,44,44,14063.15
552814,Vexing Bauble,Modern Horizons 3,2470,4655,14060.59
679801,Utrom Monitor,Commander: Teenage Mutant Ninja Turtles,613,2233,14046.36
277167,Smothering Tithe (Borderless),Double Masters 2022,188,189,14044.34
276686,Force of Negation,Double Masters 2022,242,279,14041.66
552840,Consign to Memory,Modern Horizons 3,1809,3676,14039.22
541369,"Lumra, Bellow of the Woods",Bloomburrow,614,634,14020.36
282740,"Sheoldred, the Apocalypse (Showcase)",Dominaria United,139,140,14019.08
638913,Stomping Ground,Edge of Eternities,1665,1903,14018.03
276327,Phyrexian Altar (Borderless),Double Masters 2022,230,237,13992.49
696355,Hidden Lair,Marvel Super Heroes,1918,3431,13950.19
696488,"Daredevil, Man Without Fear (Borderless) (0398)",Marvel Super Heroes,281,285,13933.35
5455,Aluren,Tempest,141,176,13908.88
679206,Commander's Plate (Borderless),Commander: Teenage Mutant Ninja Turtles,511,532,13889.07
686574,Shattered Sanctum,Secrets of Strixhaven,2387,3199,13881.45
652041,Parallel Lives (Borderless),Marvel Universe Eternal-Legal,517,527,13869.62
688894,Culling the Weak (JP Alternate Art) (Silver Scroll Foil),Secrets of Strixhaven: Mystical Archive,145,145,13855.2
518162,Witch-king of Angmar (Borderless Poster),Universes Beyond: The Lord of the Rings: Tales of Middle-earth,78,78,13824.62
235381,Teferi's Protection,Strixhaven: Mystical Archive,243,247,13815.77
190873,Ranger-Captain of Eos,Modern Horizons,321,381,13813.46
656705,Hallowed Fountain (Borderless),Lorwyn Eclipsed,807,917,13790.81
637609,Force of Negation - Witch's Prophecy (Borderless) (JP Exclusive),Buy-A-Box Promos,9,9,13773.46
688832,Ad Nauseam (JP Alternate Art),Secrets of Strixhaven: Mystical Archive,285,289,13765.15
92830,Bloodstained Mire,Khans of Tarkir,611,753,13761.13
216235,Rhystic Study,Jumpstart,207,217,13758.97
679098,Super Shredder (Borderless),Teenage Mutant Ninja Turtles,385,403,13737.95
642791,Swan Song,Commander: Edge of Eternities,1346,1662,13681.02
643049,"Evendo, Waking Haven",Edge of Eternities,888,950,13658.47
556324,Brotherhood Regalia,Universes Beyond: Assassin's Creed,1543,1705,13653.84
3528,Goblin Wizard,The Dark,182,204,13630.02
122853,Mana Vault,Masterpiece Series: Kaladesh Inventions,11,11,13629.34
677479,Displacer Kitten,Secret Lair Drop Series,179,197,13584.87
687665,Fabled Passage,Commander: Secrets of Strixhaven,3367,8855,13574.05
623998,Misty Rainforest (Borderless),Special Guests,181,194,13566.15
498381,"Sauron, the Dark Lord",Universes Beyond: The Lord of the Rings: Tales of Middle-earth,441,464,13557.13
576504,Untimely Malfunction,Duskmourn: House of Horror,1806,2025,13549.56
638148,Magus Sisters - Endurance (Rainbow Foil),Secret Lair Drop Series,30,30,13536.44
696944,"Black Widow, Agile Avenger",Commander: Marvel Super Heroes,795,967,13532.89
591766,Doubling Season (Showcase) (Fracture Foil),Foundations,23,23,13529.24
687486,Reliquary Tower,Commander: Secrets of Strixhaven,2451,3568,13527.73
696287,Bruce Banner (Borderless) (0359),Marvel Super Heroes,389,392,13509.98
687605,Turbulent Wilderness,Commander: Secrets of Strixhaven,1105,1538,13502.26
696352,Dark Fortress,Marvel Super Heroes,2006,3487,13484.64
479510,"Solphim, Mayhem Dominus",Phyrexia: All Will Be One,483,494,13460.68
5051,Enlightened Tutor,Mirage,378,405,13455.8
677175,"Tamiyo, Inquisitive Student",Secret Lair Showdown,13,16,13400.8
6150,Caltrops,Urza's Destiny,944,1123,13379.25
656697,Blood Crypt (Borderless),Lorwyn Eclipsed,774,849,13373.76
525710,Charismatic Conqueror,Commander: The Lost Caverns of Ixalan,612,664,13366.75
273014,Ancient Silver Dragon,Commander Legends: Battle for Baldur's Gate,230,233,13341.39
548589,Ugin's Labyrinth,Modern Horizons 3,706,1038,13339.06
618880,"Terra, Herald of Hope (Borderless)",Commander: FINAL FANTASY,249,252,13324.23
661947,Aang's Shelter - Teferi's Protection (Borderless),Avatar: The Last Airbender: Eternal-Legal,289,292,13311.19
532910,Underground Mortuary,Murders at Karlov Manor,787,866,13300.08
92831,Wooded Foothills,Khans of Tarkir,599,742,13296.08
1839,Mana Vault,Fourth Edition,154,158,13258.69
686618,"Silverquill, the Disputant (Borderless)",Secrets of Strixhaven,767,786,13256.04
656544,"Jaws, Relentless Predator (Rainbow Foil)",Secret Lair Drop Series,76,76,13241.52
697073,Iron Man Armor,Marvel Super Heroes,1640,2076,13206.53
552839,Kozilek's Command,Modern Horizons 3,1389,2136,13192.61
679108,Super Shredder (Showcase),Teenage Mutant Ninja Turtles,183,184,13172.78
590857,Doubling Season (Showcase),Foundations,73,84,13155.51
4848,Pyroblast,Ice Age,1058,1811,13152.83
451974,Mox Amber (Schematic),The Brothers' War: Retro Frame Artifacts,105,109,13125.76
5930,Squandered Resources,Visions,173,175,13108.05
656710,Overgrown Tomb (Borderless),Lorwyn Eclipsed,763,836,13102.04
10484,Polluted Delta,Onslaught,69,92,13097.51
553264,Arena of Glory,Modern Horizons 3,1181,1438,13089.17
662465,Fierce Guardianship (Showcase),Avatar: The Last Airbender: Eternal-Legal,208,208,13059.14
643119,"Joshua Rosfield - Rograkh, Son of Rohgahh (Borderless)",MagicFest Cards,21,24,13050.0
651905,Opposition Agent (Borderless),Marvel Universe Eternal-Legal,445,479,13033.1
192562,Field of the Dead,Core Set 2020,391,412,13017.1
696543,"Nick Fury, Agent of S.H.I.E.L.D. (Borderless) (0389)",Marvel Super Heroes,256,257,12989.75
488284,The Party Tree - The Great Henge (Borderless),Commander: The Lord of the Rings: Tales of Middle-earth,142,143,12989.25
504588,The Great Henge,Commander Masters,189,200,12922.44
696432,"Iron Man, Titan of Innovation (Borderless)",Marvel Universe Eternal-Legal,831,854,12913.76
544402,Terror of the Peaks,Outlaws of Thunder Junction,423,429,12895.5
226314,Opposition Agent,Commander Legends,542,563,12877.88
498465,Paths of the Dead - Cavern of Souls (Borderless),Commander: The Lord of the Rings: Tales of Middle-earth,157,163,12877.88
496050,"Zhulodok, Void Gorger",Commander Masters,276,293,12858.0
522937,Nuka-Cola Vending Machine,Universes Beyond: Fallout,601,627,12839.97
552336,Witch Enchanter,Modern Horizons 3,2372,3480,12811.24
631529,Sphere Grid,Commander: FINAL FANTASY,1228,1376,12809.91
555973,Black Market Connections,Universes Beyond: Assassin's Creed,682,697,12798.94
623995,Marsh Flats (Borderless) (Dragonscale Foil),Special Guests,35,35,12783.68
276325,Phyrexian Altar,Double Masters 2022,228,230,12758.8
661970,"Aang, Swift Savior (Borderless) (Neon Ink Foil)",Avatar: The Last Airbender,23,23,12713.66
484940,Jeweled Lotus (Borderless),Commander Masters,110,120,12677.24
118410,Chrome Mox,Eternal Masters,83,84,12659.08
475507,"Elesh Norn, Mother of Machines",Phyrexia: All Will Be One,453,494,12657.6
517606,Cavern of Souls (0345) (Borderless),The Lost Caverns of Ixalan,222,232,12647.72
688681,Emeritus of Abundance,Secrets of Strixhaven,1929,2195,12643.18
679120,Super Shredder (Borderless),Unique and Miscellaneous Promos,24,24,12628.92
498457,"Argonath, Pillars of the Kings - The Ozolith (Borderless)",Commander: The Lord of the Rings: Tales of Middle-earth,149,150,12591.04
624036,"Ugin, Eye of the Storms (Borderless)",Tarkir: Dragonstorm,250,285,12571.3
687343,Goldspan Dragon,Commander: Secrets of Strixhaven,1634,2075,12565.39
6135,Academy Rector,Urza's Destiny,144,159,12559.01
553219,"Yavimaya, Cradle of Growth",Commander: Modern Horizons 3,792,823,12534.51
689823,"Deadpool, Trading Card (7129) (Pool Party Foil)",Secret Lair Drop Series,69,70,12515.47
14311,Ophidian Eye,Time Spiral,864,881,12496.56
276296,Sensei's Divining Top (Borderless),Double Masters 2022,199,200,12495.08
689156,Brain Freeze (JP Alternate Art) (Silver Scroll Foil),Secrets of Strixhaven: Mystical Archive,149,152,12494.58
493980,Thassa's Oracle,Secret Lair Drop Series,77,77,12487.33
457252,Enlightened Tutor (Borderless),Dominaria Remastered,341,347,12464.72
646553,Spectacular Spider-Man (Borderless),Marvel's Spider-Man,1808,2006,12449.0
7073,Tolarian Academy,Urza's Saga,84,91,12441.97
638150,Shiva - Subtlety (Rainbow Foil),Secret Lair Drop Series,15,15,12440.11
230135,"Vorinclex, Monstrous Raider",Kaldheim,224,226,12438.56
517520,"Ojer Axonil, Deepest Might",The Lost Caverns of Ixalan,457,485,12436.33
524281,Ravenous Tyrannosaurus (Borderless),Universes Beyond: Jurassic World Collection,245,246,12433.57
11423,Seething Song,Mirrodin,1021,1162,12428.46
662801,Abandoned Air Temple,Avatar: The Last Airbender,1514,1805,12387.75
686622,Emeritus of Ideation (Extended Art),Secrets of Strixhaven,570,621,12350.16
632635,Summon: Knights of Round,FINAL FANTASY,868,905,12332.1
625666,Smothering Tithe (7009) (Rainbow Foil),Secret Lair Drop Series,16,16,12326.3
688878,Living End (JP Alternate Art) (Silver Scroll Foil),Secrets of Strixhaven: Mystical Archive,170,177,12323.3
686614,Professor Dellian Fel (Borderless),Secrets of Strixhaven,725,799,12298.96
679068,"Leonardo, the Balance (0083) (Borderless) (Surge Foil)",Commander: Teenage Mutant Ninja Turtles,42,42,12270.27
509512,Aggravated Assault,Wilds of Eldraine: Enchanting Tales,451,452,12222.57
614178,The Aetherspark,Aetherdrift,593,619,12208.13
589449,Llanowar Elves (Showcase),Foundations,65,74,12192.18
539629,"Codsworth, Handy Helper",Universes Beyond: Fallout,513,524,12184.93
563270,Sensei's Divining Top (Future Sight),Mystery Booster 2,298,306,12180.07
575095,"Valgavoth, Harrower of Souls (Borderless)",Commander: Duskmourn: House of Horror,632,679,12154.34
697409,"Hulk, Brutal Brawler",Commander: Marvel Super Heroes,355,361,12145.15
631061,"Celes, Rune Knight (Borderless) (Surge Foil)",Commander: FINAL FANTASY,83,83,12144.77
512500,Lotus Petal (Foil Etched),Unique and Miscellaneous Promos,262,301,12129.69
648746,"Toph, the First Metalbender (Borderless) (Neon Ink Foil)",Avatar: The Last Airbender,12,12,12125.91
679213,Raph's Jitte - Umezawa's Jitte (Borderless),Teenage Mutant Ninja Turtles Source Material,1127,1465,12124.14
624003,Scalding Tarn (Borderless) (Dragonscale Foil),Special Guests,31,31,12114.31
552319,Esper Sentinel (Retro Frame),Modern Horizons 2,175,183,12081.79
696338,"Thanos, the Mad Titan (Borderless) (0376)",Marvel Super Heroes,706,718,12063.18
675593,Stock Up (JP Alternate Art) (Silver Scroll Foil),Secrets of Strixhaven: Mystical Archive,264,286,12034.18
696336,King T'Challa (Borderless) (0373),Marvel Super Heroes,354,360,12033.71
5441,Volrath's Stronghold,Stronghold,139,141,12025.16
498568,Gandalf the White,Pro Tour Promos,2,4,11999.96
5300,Worldly Tutor,Mirage,424,460,11994.41
656714,Temple Garden (Borderless),Lorwyn Eclipsed,796,897,11981.59
648744,Fire Lord Zuko (Borderless) (Neon Ink Foil),Avatar: The Last Airbender,26,26,11962.74
10475,Windswept Heath,Onslaught,78,98,11959.85
696354,Gleaming Bastion,Marvel Super Heroes,1939,3468,11945.56
696570,"Mole Man, Moloid Master",Marvel Super Heroes,2574,4722,11939.48
662017,Field of the Dead,Secret Lair Countdown Kit,398,408,11927.77
504566,Demonic Tutor,Commander Masters,169,169,11913.38
623877,Voice of Victory (Borderless),Tarkir: Dragonstorm,450,505,11899.45
686603,"Quandrix, the Proof",Secrets of Strixhaven,1835,2013,11897.94
631106,Tataru Taru,Commander: FINAL FANTASY,1088,1887,11886.64
498341,Last March of the Ents,Universes Beyond: The Lord of the Rings: Tales of Middle-earth,390,394,11882.21
677293,Ocelot Pride,Game Day & Store Championship Promos,52,60,11873.0
58373,Exquisite Blood,Avacyn Restored,332,339,11864.79
504142,Finale of Devastation,Commander Masters,221,224,11861.32
660549,The Legend of Roku,Avatar: The Last Airbender,896,1050,11828.85
262437,"Otawara, Soaring City (Borderless)",Kamigawa: Neon Dynasty,233,235,11813.03
688919,Pyretic Ritual,Secrets of Strixhaven: Mystical Archive,1465,1565,11796.82
475545,"Sheoldred, the Apocalypse (Concept Praetor)",Phyrexia: All Will Be One,75,77,11787.77
651373,Reanimate (Borderless),Marvel Universe Eternal-Legal,452,461,11773.35
518163,Last March of the Ents (Borderless Poster),Universes Beyond: The Lord of the Rings: Tales of Middle-earth,70,71,11765.13
686612,Witherbloom Charm,Secrets of Strixhaven,1847,3312,11731.22
518043,Orcish Bowmasters (Showcase Scrolls),Universes Beyond: The Lord of the Rings: Tales of Middle-earth,80,87,11668.67
222163,Agadeem's Awakening,Zendikar Rising,397,406,11656.21
656653,Bitterbloom Bearer (Showcase),Lorwyn Eclipsed,450,460,11646.93
558695,Innkeeper's Talent,Bloomburrow,1180,1258,11639.6
646661,Multiversal Passage,Marvel's Spider-Man,1053,1312,11622.09
498363,Nazgul (0100),Universes Beyond: The Lord of the Rings: Tales of Middle-earth,462,517,11613.27
693566,Veil of Summer (2348),Secret Lair Drop Series,300,519,11580.45
215384,"Vito, Thorn of the Dusk Rose",Core Set 2021,942,984,11576.73
541384,"Bria, Riptide Rogue",Bloomburrow,294,300,11571.58
196671,Bone Miser,Commander 2019,488,497,11571.15
517450,Saruman of Many Colors (Borderless Poster),Universes Beyond: The Lord of the Rings: Tales of Middle-earth,83,84,11565.02
641748,"Uthros, Titanic Godcore",Edge of Eternities,1024,1084,11548.04
688888,Crop Rotation (JP Alternate Art),Secrets of Strixhaven: Mystical Archive,467,507,11538.19
696353,Gathering Place,Marvel Super Heroes,1870,3383,11522.11
457158,Enlightened Tutor,Dominaria Remastered,306,306,11517.23
631046,"Kefka, Court Mage (0543) (Borderless) (Surge Foil)",FINAL FANTASY,82,82,11514.6
688916,Pyretic Ritual (JP Alternate Art) (Silver Scroll Foil),Secrets of Strixhaven: Mystical Archive,158,159,11501.85
548637,Solitude (Borderless),Special Guests,243,296,11500.27
662414,"Longshot, Rebel Bowman",Avatar: The Last Airbender: Eternal-Legal,1165,1260,11486.46
120528,Sigarda's Aid,Eldritch Moon,569,596,11480.45
687674,"Emeria, the Sky Ruin",Commander: Secrets of Strixhaven,1370,1783,11476.52
456562,Dark Ritual (1170),Secret Lair Drop Series,67,69,11475.42
696305,The Scarlet Witch (Borderless),Marvel Super Heroes,1319,1381,11460.33
267058,Luxury Suite,Commander Legends: Battle for Baldur's Gate,398,406,11450.41
4046,The Tabernacle at Pendrell Vale,Legends,4,4,11422.48
697399,"Wolverine, Claws Out",Commander: Marvel Super Heroes,655,664,11411.49
696356,Training Compound,Marvel Super Heroes,1877,3397,11404.52
631843,"The Emperor, Hell Tyrant - Yawgmoth, Thran Physician (Showcase)",FINAL FANTASY: Through the Ages,261,266,11395.48
671526,Wistfulness (Borderless),Lorwyn Eclipsed,624,794,11390.14
227048,Commander's Plate,Commander Legends,251,252,11389.23
679162,"Michelangelo, the Heart (0092) (Borderless) (Surge Foil)",Commander: Teenage Mutant Ninja Turtles,43,43,11382.54
528288,Sol Ring (1494) (Galaxy Foil),Secret Lair Drop Series,70,70,11376.86
621158,"Green Goblin, Nemesis (Borderless)",Marvel's Spider-Man: Eternal-Legal,1250,1433,11367.87
499960,Lorien Revealed,Universes Beyond: The Lord of the Rings: Tales of Middle-earth,1763,2952,11349.28
5506,Cursed Scroll,Tempest,107,159,11287.07
687598,Turbulent Fen,Commander: Secrets of Strixhaven,1079,1481,11276.97
285866,"Ghyrson Starn, Kelermorph","Universes Beyond: Warhammer 40,000",296,303,11253.56
525773,Black Market Connections,Commander: The Lost Caverns of Ixalan,593,610,11249.18
687570,"Bitterthorn, Nissa's Animus",Commander: Secrets of Strixhaven,1399,1993,11248.62
631018,"Lightning, Army of One (0320) (Borderless)",FINAL FANTASY,270,276,11241.74
578053,Abhorrent Oculus,Duskmourn: House of Horror,567,786,11235.53
504164,Cyclonic Rift,Commander Masters,344,354,11232.68
517244,Galadriel's Dismissal (Borderless),Commander: The Lord of the Rings: Tales of Middle-earth,417,440,11228.14
282741,"Sheoldred, the Apocalypse (Phyrexian)",Dominaria United,136,139,11206.5
552900,Ocelot Pride (Borderless),Modern Horizons 3,107,126,11197.88
10500,Bloodstained Mire,Onslaught,89,121,11196.11
633133,"Kefka Palazzo - Purphoros, God of the Forge (Showcase)",FINAL FANTASY: Through the Ages,289,289,11193.1
687353,Moonshaker Cavalry,Commander: Secrets of Strixhaven,1600,2036,11184.52
623881,Craterhoof Behemoth,Tarkir: Dragonstorm,537,543,11184.12
212115,Drannith Magistrate,Ikoria: Lair of Behemoths,728,795,11182.52
92828,Flooded Strand,Khans of Tarkir,531,685,11170.26
633062,Kefka's Tower - Bolas's Citadel (Showcase),FINAL FANTASY: Through the Ages,547,560,11167.32
688906,Daze (JP Alternate Art) (Silver Scroll Foil),Secrets of Strixhaven: Mystical Archive,204,213,11161.0
631042,Vivi Ornitier (Extended Art),FINAL FANTASY,163,165,11153.59
541301,Polluted Delta (Borderless),Modern Horizons 3,211,235,11141.26
457191,Exploration,Dominaria Remastered,321,334,11137.56
498460,"Dol Amroth - Minamo, School at Water's Edge (Borderless)",Commander: The Lord of the Rings: Tales of Middle-earth,181,184,11130.24
679167,Food Chain (Borderless),Commander: Teenage Mutant Ninja Turtles,465,481,11128.0
39050,Green Sun's Zenith,Mirrodin Besieged,370,441,11127.64
696242,M.O.D.O.K.,Marvel Super Heroes,1758,2096,11085.77
215673,Terror of the Peaks,Core Set 2021,355,362,11080.13
498682,"Lotho, Corrupt Shirriff",Universes Beyond: The Lord of the Rings: Tales of Middle-earth,812,827,11074.89
648711,Redirect Lightning (Showcase),Avatar: The Last Airbender,543,549,11065.12
562099,Urza's Saga,Game Day & Store Championship Promos,23,23,11057.03
484652,"Atraxa, Praetors' Voice",March of the Machine: Multiverse Legends,332,410,11051.77
541307,Polluted Delta (Retro Frame),Modern Horizons 3,172,203,11042.82
504154,Finale of Devastation (Borderless),Commander Masters,133,133,11034.52
671076,Bloom Tender (0390) (Showcase),Lorwyn Eclipsed,185,186,11028.38
191568,Ephemerate,Modern Horizons,1591,2175,11026.24
630936,Traveling Chocobo (Borderless),FINAL FANTASY,294,296,11011.19
7070,Time Spiral,Urza's Saga,109,125,11008.11
168749,Crucible of Worlds,Core Set 2019,332,341,11005.88
559638,Caretaker's Talent,Bloomburrow,1105,1164,10985.03
552580,Fell the Profane,Modern Horizons 3,2485,3100,10972.41
679138,All Will Be One (Borderless),Teenage Mutant Ninja Turtles Source Material,813,841,10958.44
687354,Stensian Sanguinist,Commander: Secrets of Strixhaven,1170,1342,10947.95
675586,Mathemagics,Secrets of Strixhaven,1962,2219,10918.68
215443,Chromatic Orrery,Core Set 2021,302,310,10914.46
498356,Nazgul (0333),Universes Beyond: The Lord of the Rings: Tales of Middle-earth,463,484,10899.65
282739,"Sheoldred, the Apocalypse (Textured Foil)",Dominaria United,80,80,10892.91
671263,"Chimil, the Inner Sun",Commander: Lorwyn Eclipsed,1361,1907,10857.78
10361,Biorhythm,Onslaught,321,334,10856.49
278719,"Nykthos, Shrine to Nyx",Pro Tour Promos,104,104,10851.41
504559,Smothering Tithe,Commander Masters,182,186,10842.07
227010,Sakashima of a Thousand Faces,Commander Legends,316,316,10820.21
662780,The Cabbage Merchant (Extended Art),Avatar: The Last Airbender: Eternal-Legal,359,367,10819.77
239179,Urza's Saga (Showcase),Modern Horizons 2,221,247,10811.45
240045,"Yavimaya, Cradle of Growth",Modern Horizons 2,681,709,10810.04
110722,Ancient Tomb,Zendikar Expeditions,26,29,10786.77
696401,The Fantastic Four,Commander: Marvel Super Heroes,417,420,10783.67
262765,Tamiyo's Safekeeping,Kamigawa: Neon Dynasty,1729,2163,10781.38
122600,Inventors' Fair,Kaladesh,730,750,10751.36
559757,Stormchaser's Talent,Bloomburrow,1109,1578,10727.69
696339,"Wolverine, Fierce Fighter (Borderless)",Marvel Super Heroes,1388,1495,10726.8
679197,"Krang, Utrom Warlord (Borderless)",Teenage Mutant Ninja Turtles,468,481,10722.13
532907,Meticulous Archive,Murders at Karlov Manor,812,964,10719.39
4703,Glacial Chasm,Ice Age,568,588,10713.73
179536,"Urborg, Tomb of Yawgmoth",Ultimate Masters,166,170,10704.58
517522,"Ghalta, Stampede Tyrant",The Lost Caverns of Ixalan,414,424,10698.06
633148,Aettir and Priwen,FINAL FANTASY,1107,1168,10691.04
509515,Necropotence,Wilds of Eldraine: Enchanting Tales,247,251,10659.21
6609,Misdirection,Mercadian Masques,94,99,10650.97
525601,Savage Order (Borderless),Universes Beyond: Jurassic World Collection,287,291,10646.41
501915,Goblin Matron (Rainbow Foil),Secret Lair Drop Series,187,187,10641.06
688656,Restoration Seminar,Secrets of Strixhaven,2050,2297,10629.85
630781,"Yuna, Grand Summoner (Borderless)",Commander: FINAL FANTASY,222,224,10622.7
662550,The Walls of Ba Sing Se (Borderless),Avatar: The Last Airbender,297,301,10621.62
509563,Smothering Tithe (Anime Borderless) (Confetti Foil),Wilds of Eldraine: Enchanting Tales,6,6,10615.74
498357,Nazgul (0334),Universes Beyond: The Lord of the Rings: Tales of Middle-earth,426,436,10600.24
633137,The Earth Crystal (Borderless),FINAL FANTASY,520,523,10592.73
641801,Mana Confluence (0025) (Borderless),Edge of Eternities: Stellar Sights,280,284,10584.6
632190,"Cloud Strife - Najeela, the Blade-Blossom (Showcase)",FINAL FANTASY: Through the Ages,333,346,10554.93
631051,"Yuna, Hope of Spira (Borderless) (Surge Foil)",FINAL FANTASY,72,73,10549.55
9145,Mox Pearl,Unlimited Edition,3,3,10539.98
532897,Shadowy Backstreet,Murders at Karlov Manor,780,910,10536.62
218812,Chrome Mox (Borderless),Double Masters,52,52,10519.36
4127,Dystopia,Alliances,171,255,10518.87
12383,Umezawa's Jitte,Betrayers of Kamigawa,288,375,10510.86
3211,Juzam Djinn,Arabian Nights,7,7,10495.18
235648,Tainted Pact,Strixhaven: Mystical Archive,304,310,10459.69
563253,Lotus Petal (Future Sight),Mystery Booster 2,239,253,10452.38
589815,"Aphelia, Viper Whisperer (Anime)",Foundations Jumpstart,586,677,10450.53
688689,Echocasting Symposium,Secrets of Strixhaven,1919,2144,10417.67
689280,Angel's Grace (JP Alternate Art) (Silver Scroll Foil),Secrets of Strixhaven: Mystical Archive,198,200,10396.7
69119,Archangel of Thune,Magic 2014 (M14),184,187,10379.09
449604,Force of Will (Retro Frame),Dominaria Remastered,95,135,10370.96
212233,Surly Badgersaur,Commander 2020,815,854,10368.26
499510,Birds of Paradise,Commander: The Lord of the Rings: Tales of Middle-earth,750,846,10367.69
558443,"Lumra, Bellow of the Woods (Borderless) (Raised Foil)",Bloomburrow,13,13,10356.17
484937,The Ur-Dragon (Borderless),Commander Masters,188,228,10319.06
697019,"Black Widow, Super Spy (Borderless) (0393)",Marvel Super Heroes,244,246,10317.34
498360,Nazgul (0337),Universes Beyond: The Lord of the Rings: Tales of Middle-earth,433,465,10309.71
544255,Scapeshift (Borderless),Special Guests,133,135,10305.08
478532,"Atraxa, Grand Unifier",Phyrexia: All Will Be One,520,667,10301.65
630951,Traveling Chocobo (Borderless) (Japanese Exclusive),FINAL FANTASY,2,2,10300.0
501922,"Muxus, Goblin Grandee",Secret Lair Drop Series,110,116,10297.88
488291,Sol Ring - Dwarven (0409),Commander: The Lord of the Rings: Tales of Middle-earth,19,19,10292.89
696673,Cosmic Cube (Borderless) (0337),Marvel Super Heroes,432,445,10292.08
633117,The Wind Crystal,FINAL FANTASY,1497,1589,10285.75
670976,Chronicle of Victory (Showcase),Lorwyn Eclipsed,379,392,10282.71
687601,Turbulent Springs,Commander: Secrets of Strixhaven,1243,1681,10261.98
631573,Reanimate,Commander: FINAL FANTASY,1215,1388,10253.73
558442,Artist's Talent,Bloomburrow,1143,1386,10229.24
230450,"Tergrid, God of Fright",Kaldheim,546,554,10207.15
512393,Fiery Emancipation,Wilds of Eldraine: Enchanting Tales,638,648,10186.26
679109,Super Shredder (Showcase) (Fracture Foil),Teenage Mutant Ninja Turtles,32,32,10185.1
498358,Nazgul (0335),Universes Beyond: The Lord of the Rings: Tales of Middle-earth,429,446,10159.83
558341,"Maha, Its Feathers Night (Borderless)",Bloomburrow,261,265,10157.49
509556,Necropotence (Anime Borderless),Wilds of Eldraine: Enchanting Tales,159,165,10128.01
498464,Morgul-Knife - Shadowspear (Borderless),Commander: The Lord of the Rings: Tales of Middle-earth,137,139,10120.86
630953,The Cloudsea Djinn - Nyxbloom Ancient (Showcase),FINAL FANTASY: Through the Ages,273,273,10109.71
499316,Minas Morgul - Cabal Coffers (Borderless),Commander: The Lord of the Rings: Tales of Middle-earth,184,185,10038.64
688842,Armageddon,Secrets of Strixhaven: Mystical Archive,1009,1053,10038.48
5589,Humility,Tempest,160,172,10030.54
696435,"Storm, Force of Nature (Borderless)",Marvel Universe Eternal-Legal,782,797,10027.24
175202,Steam Vents,Guilds of Ravnica,672,836,10025.35
646824,Crucible of Worlds (2110) (Galaxy Foil),Secret Lair Drop Series,323,333,10016.47
5789,Wasteland,Tempest,165,243,10011.92
693223,Roaming Throne,Secret Lair Drop Series,90,102,10005.77
14244,Gemstone Caverns,Time Spiral,164,175,10004.42
82278,Dictate of Erebos,Journey Into Nyx,522,549,9999.78
696335,King T'Challa (Borderless) (0346),Marvel Super Heroes,398,409,9983.71
499572,Raise the Palisade,Commander: The Lord of the Rings: Tales of Middle-earth,932,1066,9980.92
576518,Gloomlake Verge,Duskmourn: House of Horror,773,930,9951.34
227273,Sigarda's Aid,Commander Legends,504,519,9947.11
532938,Elegant Parlor,Murders at Karlov Manor,804,968,9925.72
631496,Walking Ballista,Commander: FINAL FANTASY,1206,1355,9890.09
498362,Nazgul (0339),Universes Beyond: The Lord of the Rings: Tales of Middle-earth,454,466,9877.02
689495,Tablet of Discovery,Secrets of Strixhaven,3028,5808,9875.35
226675,Scroll Rack,Commander Legends,300,300,9868.94
623992,Marsh Flats (Borderless),Special Guests,173,173,9856.35
673656,The Ooze,Teenage Mutant Ninja Turtles,1664,1992,9849.2
532916,Hedge Maze,Murders at Karlov Manor,698,791,9847.67
632702,"Tidus, Zanarkand Fayth - Thrasios, Triton Hero (Showcase)",FINAL FANTASY: Through the Ages,275,280,9845.93
696540,Jennifer Walters (Borderless) (0355),Marvel Super Heroes,328,337,9843.64
633120,Blessing of the Oracle - Akroma's Will (Showcase),FINAL FANTASY: Through the Ages,221,222,9842.67
524277,"Indoraptor, the Perfect Hybrid (Borderless)",Universes Beyond: Jurassic World Collection,343,360,9833.25
552866,Ripples of Undeath,Modern Horizons 3,1588,1704,9831.32
590235,"Dionus, Elvish Archdruid (Anime)",Foundations Jumpstart,979,1232,9827.75
690169,Flusterstorm,Secrets of Strixhaven: Mystical Archive,872,917,9826.8
686655,Talisman of Hierarchy (Borderless),Commander: Secrets of Strixhaven,587,621,9818.0
687599,Turbulent Moor,Commander: Secrets of Strixhaven,1139,1568,9816.4
633131,The Fire Crystal,FINAL FANTASY,1459,1558,9808.77
688963,Spell Pierce (JP Alternate Art) (Silver Scroll Foil),Secrets of Strixhaven: Mystical Archive,190,199,9799.19
504612,Ashnod's Altar,Commander Masters,592,635,9792.95
563225,Urza's Saga (White Border),Mystery Booster 2,246,283,9786.07
498382,"Sauron, the Dark Lord (Showcase)",Universes Beyond: The Lord of the Rings: Tales of Middle-earth,407,436,9776.89
698008,Black Market Connections,Commander: Marvel Super Heroes,645,883,9734.84
457276,Worldly Tutor (Borderless),Dominaria Remastered,339,345,9730.65
179462,Demonic Tutor,Ultimate Masters,142,143,9702.21
10493,Flooded Strand,Onslaught,53,76,9702.1
697124,"Captain Marvel, Shooting Star",Commander: Marvel Super Heroes,463,480,9688.24
688471,Abhorrent Oculus,Game Day & Store Championship Promos,87,89,9673.9
656542,"Jaws, Relentless Predator",Secret Lair Drop Series,62,62,9670.97
643699,Super State (Rainbow Foil),Secret Lair Drop Series,478,502,9666.5
490422,"Etali, Primal Conqueror (Showcase)",March of the Machine,326,326,9654.66
618858,Jumbo Cactuar,FINAL FANTASY,1295,1418,9631.17
253555,Kessig Flamebreather,Innistrad: Crimson Vow,1058,2467,9596.18
517446,"Aragorn, the Uniter (Borderless Poster)",Universes Beyond: The Lord of the Rings: Tales of Middle-earth,100,100,9581.34
212004,"Ghidorah, King of the Cosmos - Illuna, Apex of Wishes",Ikoria: Lair of Behemoths,108,108,9556.67
499376,Balin's Tomb - Ancient Tomb (Borderless) (Surge Foil),Commander: The Lord of the Rings: Tales of Middle-earth,25,25,9546.08
623986,Arid Mesa (Borderless),Special Guests,158,164,9540.56
624037,"Ugin, Eye of the Storms (Showcase)",Tarkir: Dragonstorm,86,120,9537.56
686538,"Ral Zarek, Guest Lecturer",Secrets of Strixhaven,1494,1812,9524.35
632148,Cloud's Buster Sword - Umezawa's Jitte (Rainbow Foil),Secret Lair Drop Series,287,444,9512.8
695488,Witch Enchanter,Secret Lair Drop Series,182,241,9502.77
687548,Ohran Frostfang,Commander: Secrets of Strixhaven,1471,1951,9478.31
499732,Cavern-Hoard Dragon,Commander: The Lord of the Rings: Tales of Middle-earth,633,708,9477.98
552348,Ruby Medallion (Borderless),Modern Horizons 3,336,367,9467.17
532911,Raucous Theater,Murders at Karlov Manor,793,871,9465.19
139830,Teferi's Protection,Commander 2017,193,193,9464.55
651337,"Electro, Assaulting Battery",Marvel's Spider-Man,1477,1603,9463.41
34444,Stoneforge Mystic,Worldwake,291,332,9456.93
517549,"Indominus Rex, Alpha (Borderless)",Universes Beyond: Jurassic World Collection,378,396,9450.57
643700,Super State,Secret Lair Drop Series,465,494,9449.69
630960,"Clive, Ifrit's Dominant (0318) (Borderless)",FINAL FANTASY,264,265,9448.15
541273,Psychic Frog,Modern Horizons 3,1295,1875,9447.23
614416,Riverpyre Verge (Borderless),Aetherdrift,343,393,9444.14
273002,Ancient Copper Dragon (Showcase),Commander Legends: Battle for Baldur's Gate,86,86,9435.78
687602,Turbulent Steppe,Commander: Secrets of Strixhaven,1173,1643,9420.26
688907,Dismember (JP Alternate Art) (Silver Scroll Foil),Secrets of Strixhaven: Mystical Archive,211,214,9415.4
696652,The Serpent Society,Marvel Super Heroes,2031,3348,9407.67
686581,Stormcarved Coast,Secrets of Strixhaven,2575,3294,9405.92
638817,Swords to Plowshares (Borderless),MagicFest Cards,22,23,9404.15
265346,Jetmir's Garden,Streets of New Capenna,527,549,9391.55
615740,Monument to Endurance (Extended Art),Aetherdrift,510,536,9380.9
624139,Dracogenesis,Tarkir: Dragonstorm,726,753,9358.68
638816,Tifa Lockhart (Borderless),MagicFest Cards,4,4,9351.09
675584,"Lorehold, the Historian",Secrets of Strixhaven,1871,2087,9347.42
179517,Mana Vault,Ultimate Masters,80,82,9342.41
553539,The Reaver Cleaver,Commander: Modern Horizons 3,663,684,9341.96
690170,Flusterstorm (JP Alternate Art),Secrets of Strixhaven: Mystical Archive,260,268,9337.46
498359,Nazgul (0336),Universes Beyond: The Lord of the Rings: Tales of Middle-earth,395,401,9335.03
33417,Scalding Tarn,Zendikar,193,232,9334.36
689363,Sheoldred's Edict (JP Alternate Art) (Silver Scroll Foil),Secrets of Strixhaven: Mystical Archive,179,189,9326.77
623865,"Elspeth, Storm Slayer (Borderless)",Tarkir: Dragonstorm,207,214,9324.49
180774,Phyrexian Altar,Ultimate Masters,166,168,9319.31
187125,Emergence Zone,War of the Spark,1141,1345,9309.32
662388,Enlightened Tutor (Showcase),Avatar: The Last Airbender: Eternal-Legal,219,220,9299.52
630948,Traveling Chocobo (Borderless) (Neon Ink Blue),FINAL FANTASY,5,5,9295.0
624267,Mistrise Village,Tarkir: Dragonstorm,960,1036,9288.29
478277,"Mondrak, Glory Dominus (Showcase)",Phyrexia: All Will Be One,210,210,9276.06
517449,"Arwen, Mortal Queen (Borderless Poster)",Universes Beyond: The Lord of the Rings: Tales of Middle-earth,118,119,9274.21
498361,Nazgul (0338),Universes Beyond: The Lord of the Rings: Tales of Middle-earth,395,406,9265.16
686617,"Quandrix, the Proof (Borderless)",Secrets of Strixhaven,754,769,9248.3
552407,Archon of Cruelty,Commander: Modern Horizons 3,836,1417,9246.81
641870,Sliver Overlord (Showcase),Special Guests,286,298,9243.1
541392,"Lumra, Bellow of the Woods (Borderless) (0342)",Bloomburrow,127,127,9240.45
478315,"Sheoldred, the Apocalypse (Concept Praetor) (Step-And-Compleat Foil)",Phyrexia: All Will Be One,34,34,9225.93
641612,"Bhujerba, Floating City - City of Brass",Game Day & Store Championship Promos,40,41,9217.86
643901,Green Sun's Zenith (Showcase),Special Guests,252,270,9215.49
686589,Swamp (0269),Secrets of Strixhaven,2420,6901,9213.73
589385,"General Kreat, the Boltbringer (Anime)",Foundations Jumpstart,982,1230,9202.27
554649,Encore Electromancer - Snapcaster Mage,Secret Lair Drop Series,6,6,9198.97
687556,"Ozolith, the Shattered Spire",Commander: Secrets of Strixhaven,1607,1915,9198.38
541291,Wooded Foothills (Retro Frame),Modern Horizons 3,177,208,9196.35
575065,"Valgavoth, Terror Eater",Duskmourn: House of Horror,532,562,9186.05
541285,Flooded Strand (Retro Frame),Modern Horizons 3,172,192,9178.87
632636,Summon: Knights of Round (Borderless),FINAL FANTASY,345,350,9175.37
696303,"Thor, God of Thunder (Borderless) (0338)",Marvel Super Heroes,400,403,9173.22
671075,Goblin Sharpshooter (Borderless),Special Guests,335,339,9168.18
503467,Deadly Rollick (Borderless),Commander Masters,242,242,9166.22
286158,Bloodthirster,"Universes Beyond: Warhammer 40,000",277,280,9161.09
272576,Irenicus's Vile Duplication,Commander Legends: Battle for Baldur's Gate,725,764,9118.42
9627,Cabal Coffers,Torment,279,289,9117.75
686608,"Silverquill, the Disputant",Secrets of Strixhaven,1741,1900,9115.14
688848,Berserk,Secrets of Strixhaven: Mystical Archive,1041,1125,9104.18
1372,Copy Artifact,Revised Edition,180,186,9103.3
698116,Luxury Suite,Commander: Marvel Super Heroes,556,776,9099.87
240300,"Ragavan, Nimble Pilferer (Borderless)",Modern Horizons 2,121,133,9087.24
513420,Throne of Eldraine,Commander: Wilds of Eldraine,267,269,9086.98
630713,"Tifa, Martial Artist (Borderless)",Commander: FINAL FANTASY,214,214,9079.43
10527,Mana Echoes,Onslaught,165,169,9078.27
679230,Undercity Sewers (Borderless),Teenage Mutant Ninja Turtles Source Material,768,868,9072.05
267055,Sea of Clouds,Commander Legends: Battle for Baldur's Gate,468,472,9071.15
532966,Thundering Falls (Borderless),Murders at Karlov Manor,328,361,9067.33
679576,"Irma, Part-Time Mutant",Commander: Teenage Mutant Ninja Turtles,1269,1712,9064.91
679137,"Raphael, the Muscle (0091) (Borderless) (Surge Foil)",Commander: Teenage Mutant Ninja Turtles,40,40,9058.22
696288,Namor the Sub-Mariner (Borderless) (0362),Marvel Super Heroes,718,772,9056.14
686653,Talisman of Creativity (Borderless),Commander: Secrets of Strixhaven,590,623,9054.18
662547,Ba Sing Se,Avatar: The Last Airbender,1502,1824,9050.84
276254,Teferi's Protection,Double Masters 2022,168,168,9032.59
204134,Rhystic Study,The List Reprints,137,140,9018.34
499218,Palantir of Orthanc,Universes Beyond: The Lord of the Rings: Tales of Middle-earth,386,392,9007.17
619643,Mox Jasper,Tarkir: Dragonstorm,562,650,9001.69
630867,Aerith Gainsborough (Borderless) (Surge Foil),FINAL FANTASY,163,166,8986.27
519739,Cybermen Squadron,Universes Beyond: Doctor Who,490,534,8974.39
451976,Unwinding Clock,The Brothers' War: Retro Frame Artifacts,453,458,8968.21
262128,Kodama of the West Tree,Kamigawa: Neon Dynasty,404,407,8963.96
591203,Banner of Kinship,Foundations,1410,1574,8959.01
624655,Seedborn Muse,Commander: Tarkir: Dragonstorm,619,641,8945.89
518156,"Anduril, Flame of the West (Borderless Poster)",Universes Beyond: The Lord of the Rings: Tales of Middle-earth,103,111,8937.36
498352,Mirkwood Bats,Universes Beyond: The Lord of the Rings: Tales of Middle-earth,2157,2781,8920.94
690167,Triumph of the Hordes (JP Alternate Art) (Silver Scroll Foil),Secrets of Strixhaven: Mystical Archive,104,108,8918.15
11370,Quicksilver Elemental,Mirrodin,355,384,8903.75
588065,Adamantium Bonding Tank - The Ozolith (Rainbow Foil),Secret Lair Drop Series,126,126,8891.79
276270,Sensei's Divining Top,Double Masters 2022,194,198,8888.37
559037,Dawn's Truce,Bloomburrow,965,1038,8887.05
589427,Bloodthirsty Conqueror (Showcase),Foundations,76,76,8885.89
662789,Earthbending Student,Avatar: The Last Airbender: Eternal-Legal,322,324,8885.05
122771,Mana Crypt,Masterpiece Series: Kaladesh Inventions,21,21,8879.38
499188,Flowering of the White Tree,Universes Beyond: The Lord of the Rings: Tales of Middle-earth,870,889,8863.69
641796,Ouroboroid (Extended Art),Edge of Eternities,154,168,8860.98
9439,Tainted Pact,Odyssey,142,142,8851.08
618881,"Tidus, Yuna's Guardian (Borderless)",Commander: FINAL FANTASY,221,222,8842.18
656729,"Cloud, Midgar Mercenary",Unique and Miscellaneous Promos,180,209,8839.66
267052,Ancient Brass Dragon,Commander Legends: Battle for Baldur's Gate,199,202,8836.47
524419,Bloodletter of Aclazotz (Borderless),The Lost Caverns of Ixalan,252,256,8833.01
623990,Arid Mesa (Borderless) (Dragonscale Foil),Special Guests,26,26,8832.77
449626,Force of Will (Borderless),Dominaria Remastered,115,122,8831.35
279241,Mystic Remora (Borderless),Secret Lair Drop Series,117,117,8828.33
3300,Mishra's Workshop,Antiquities,3,3,8824.44
11418,Krark-Clan Shaman,Mirrodin,569,1258,8824.1
535882,Jeska's Will,Commander: Murders at Karlov Manor,213,215,8815.45
513893,Primal Vigor,Wilds of Eldraine: Enchanting Tales,720,748,8814.14
452124,Diabolic Intent,The Brothers' War,492,523,8806.29
583907,"Miku, Divine Diva - Elspeth Tirel",Secret Lair Drop Series,133,194,8795.32
687584,Three Visits,Commander: Secrets of Strixhaven,1305,1612,8779.92
3957,Moat,Legends,12,12,8770.94
239195,Tiamat,Adventures in the Forgotten Realms,306,347,8757.48
646045,"Venom, Eddie Brock",Marvel's Spider-Man: Eternal-Legal,613,662,8750.77
687375,Animate Dead,Commander: Secrets of Strixhaven,1366,1821,8734.47
541295,Flooded Strand (Borderless),Modern Horizons 3,188,209,8713.78
71042,"Purphoros, God of the Forge",Theros,297,308,8712.37
696328,"Thanos, the Mad Titan",Marvel Super Heroes,1424,1681,8712.32
248212,The Meathook Massacre,Innistrad: Midnight Hunt,305,311,8707.87
504953,"Avacyn, Angel of Hope",Commander Masters,232,240,8695.38
38409,Chrome Mox,Grand Prix Promos,33,35,8690.39
559849,Helm of the Host,Commander: Bloomburrow,886,958,8677.53
490536,Tribute to the World Tree,March of the Machine,629,660,8674.87
696240,"Elektra, Daughter of the Hand (Borderless) (0395)",Marvel Super Heroes,241,245,8673.84
696284,Bruce Banner (Borderless) (0331),Marvel Super Heroes,314,319,8673.05
277161,Smothering Tithe,Double Masters 2022,153,153,8669.41
488292,Sol Ring - Human (0410),Commander: The Lord of the Rings: Tales of Middle-earth,20,20,8662.2
273396,Ancient Silver Dragon (Borderless),Commander Legends: Battle for Baldur's Gate,95,95,8660.85
541296,Bloodstained Mire (Borderless),Modern Horizons 3,192,205,8659.56
92832,Windswept Heath,Khans of Tarkir,605,731,8651.95
162284,Gaea's Cradle - 1999 Matt Linde (USG),World Championship Decks,31,33,8642.56
558384,Ms. Bumbleflower (Borderless),Commander: Bloomburrow,822,1416,8634.83
512614,Parallel Lives,Wilds of Eldraine: Enchanting Tales,221,222,8626.48
630934,Tifa Lockhart (Borderless),FINAL FANTASY,603,627,8615.78
624008,Verdant Catacombs (Borderless),Special Guests,154,161,8582.81
696286,Tony Stark (Borderless) (0350),Marvel Super Heroes,365,373,8579.55
692403,Forest (0035),Secret Lair Showdown,179,433,8571.31
509527,Greater Auramancy,Wilds of Eldraine: Enchanting Tales,247,249,8566.39
648745,"Katara, the Fearless (Borderless) (Neon Ink Foil)",Avatar: The Last Airbender,16,17,8565.38
7580,Phyrexian Altar,Invasion,122,122,8564.73
191735,Altar of Dementia,Modern Horizons,472,484,8553.57
457269,Worldly Tutor,Dominaria Remastered,297,306,8545.58
625928,Deadly Rollick,Secret Lair Drop Series,313,327,8543.77
648645,"Appa, Steadfast Guardian",Avatar: The Last Airbender,938,1036,8542.19
696442,Hidden Lair (Borderless),Marvel Super Heroes,1036,1346,8541.15
651362,Spectacular Spider-Man (0235) (Borderless) (Textured Foil),Marvel's Spider-Man,21,21,8523.34
10222,Cabal Therapy,Judgment,204,368,8514.89
272747,Avenging Hunter,Commander Legends: Battle for Baldur's Gate,770,1758,8514.15
517523,"Ghalta, Stampede Tyrant (Borderless)",The Lost Caverns of Ixalan,271,272,8512.4
591055,"Aurelia, the Warleader",Foundations,1209,1438,8502.9
448902,Necropotence,Secret Lair Countdown Kit,153,154,8502.44
623916,Ureni of the Unwritten (Borderless),Commander: Tarkir: Dragonstorm,772,910,8499.99
590879,Scrawling Crawler,Foundations,1328,1425,8496.06
548578,Orim's Chant,Modern Horizons 3,1029,1422,8495.33
631155,Clever Concealment,Commander: FINAL FANTASY,1139,1369,8482.05
60129,Ancient Tomb,From the Vault: Realms,57,58,8480.94
203369,Teferi's Protection,The List Reprints,165,166,8459.25
688844,Awaken the Woods (JP Alternate Art),Secrets of Strixhaven: Mystical Archive,259,266,8456.64
5717,Seeker of Skybreak,Tempest,1179,2598,8451.97
519544,Quantum Misalignment,Universes Beyond: Doctor Who,418,442,8436.13
660579,"Avatar Kyoshi, Earthbender",Avatar: The Last Airbender: Eternal-Legal,466,466,8433.33
239741,Subtlety,Modern Horizons 2,438,613,8431.77
631008,"Lightning, Army of One",FINAL FANTASY,774,813,8431.7
688657,Restoration Seminar (Borderless),Secrets of Strixhaven,871,924,8430.53
449583,Force of Will,Dominaria Remastered,120,126,8428.43
688687,Planar Engineering,Secrets of Strixhaven,2910,3866,8409.43
33365,Marsh Flats,Zendikar,230,253,8398.17
687413,Ghostly Prison,Commander: Secrets of Strixhaven,1325,1859,8387.09
221901,Bala Ged Recovery,Zendikar Rising,1178,1250,8375.24
541279,"Ajani, Nacatl Pariah",Modern Horizons 3,701,921,8373.25
696672,Cosmic Cube (Borderless) (0312),Marvel Super Heroes,416,429,8356.5
614431,Wastewood Verge,Aetherdrift,656,745,8352.31
235964,Sedgemoor Witch,Strixhaven: School of Mages,867,971,8349.02
452043,Mox Amber (Schematic) (Serial Numbered),The Brothers' War: Retro Frame Artifacts,2,3,8344.5
234032,Gemstone Caverns,Time Spiral: Remastered,139,143,8344.09
18079,Thornbite Staff,Morningtide,442,455,8341.88
498364,Nazgul (0332),Universes Beyond: The Lord of the Rings: Tales of Middle-earth,386,397,8329.52
596272,Edgar Markov,Innistrad Remastered,165,179,8322.6
66420,Steam Vents,Return to Ravnica,555,660,8314.5
518154,Glamdring (Borderless Poster),Universes Beyond: The Lord of the Rings: Tales of Middle-earth,94,97,8311.55
695513,Zack Fair,Media Promos,167,179,8310.42
509567,Rhystic Study (Anime Borderless) (Confetti Foil),Wilds of Eldraine: Enchanting Tales,4,5,8291.03
632197,Cecil Harvey - Tymna the Weaver (Showcase),FINAL FANTASY: Through the Ages,464,470,8285.75
589448,Twinflame Tyrant (Showcase),Foundations,75,77,8285.68
686586,Plains (0267),Secrets of Strixhaven,2291,6778,8276.01
479312,All Will Be One,Phyrexia: All Will Be One,470,480,8274.82
517547,Welcome to . . .,Universes Beyond: Jurassic World Collection,288,290,8274.17
662785,"Toph, Earthbending Master (Extended Art)",Avatar: The Last Airbender: Eternal-Legal,167,167,8252.55
273798,Jeska's Will,Commander Legends: Battle for Baldur's Gate,190,196,8242.47
5321,Constant Mists,Stronghold,429,454,8242.0
243046,Circle of Dreams Druid,Adventures in the Forgotten Realms,584,602,8234.5
6667,Rishadan Port,Mercadian Masques,53,80,8234.4
679638,Undergrowth Stadium,Commander: Teenage Mutant Ninja Turtles,1309,1510,8232.74
512160,Beseech the Mirror,Wilds of Eldraine,375,402,8230.47
686577,Library of Leng (Borderless),Special Guests,615,627,8227.66
562493,Thassa's Oracle (Future Sight),Mystery Booster 2,284,286,8218.8
517243,"Galadriel, Light of Valinor (Borderless)",Commander: The Lord of the Rings: Tales of Middle-earth,374,374,8217.05
576514,Floodfarm Verge,Duskmourn: House of Horror,759,950,8211.24
643899,Burgeoning (Showcase),Special Guests,276,279,8204.3
696423,Defense of the Heart (Borderless),Marvel Universe Eternal-Legal,814,901,8203.72
614401,Bleachbone Verge,Aetherdrift,645,750,8197.75
259290,Unstable Harmonics - Rhystic Study,Secret Lair Drop Series,127,130,8195.61
644289,Icetill Explorer (Showcase) (Fracture Foil),Edge of Eternities,26,26,8194.76
552286,Sapphire Medallion,Modern Horizons 3,1337,1401,8189.04
164377,Cabal Stronghold,Dominaria,609,625,8186.24
624578,Cori-Steel Cutter,Tarkir: Dragonstorm,1036,1442,8186.0
552859,Springheart Nantuko,Modern Horizons 3,1521,1685,8183.56
552889,Phyrexian Tower (Borderless),Modern Horizons 3,161,166,8181.24
698193,Birds of Paradise,Commander: Marvel Super Heroes,673,1082,8179.93
239185,Scalding Tarn (Retro Frame),Modern Horizons 2,143,161,8166.59
532899,Undercity Sewers (Borderless),Murders at Karlov Manor,218,232,8147.26
163960,Survival of the Fittest - 1998 Brian Selden (EXO),World Championship Decks,81,121,8135.2
696434,Ravenous Tyrannosaurus (Borderless),Marvel Universe Eternal-Legal,789,842,8127.41
3825,Chains of Mephistopheles,Legends,10,11,8124.97
484935,The Ur-Dragon,Commander Masters,201,202,8123.54
558350,"Ral, Crackling Wit",Bloomburrow,499,522,8120.28
212691,Zagoth Triome,Ikoria: Lair of Behemoths,316,319,8107.72
553592,Talon Gates of Madara (Extended Art) (Ripple Foil),Commander: Modern Horizons 3,60,60,8106.44
646581,Miles Morales (0234) (Borderless),Marvel's Spider-Man,226,232,8101.81
671008,Painter's Servant (Borderless),Special Guests,230,238,8101.29
687372,Toxic Deluge,Commander: Secrets of Strixhaven,1133,1542,8099.21
525597,Spitting Dilophosaurus (Borderless),Universes Beyond: Jurassic World Collection,240,240,8095.69
587186,Fierce Guardianship (Rainbow Foil),Secret Lair Drop Series,121,123,8094.4
276504,Green Sun's Zenith,Double Masters 2022,274,296,8091.38
105555,Scalding Tarn,Zendikar Expeditions,20,24,8086.99
642437,Consult the Star Charts,Edge of Eternities,1175,1912,8086.17
544208,Slickshot Show-Off,Outlaws of Thunder Junction,888,1302,8085.62
559157,"Baylen, the Haymaker (Borderless) (Raised Foil)",Bloomburrow,20,20,8079.51
6275,Yavimaya Hollow,Urza's Destiny,106,108,8076.89
534080,Archdruid's Charm,Murders at Karlov Manor,1010,1215,8071.6
623012,"Celes, Rune Knight (Borderless)",Commander: FINAL FANTASY,231,231,8069.3
498459,"Fangorn Forest - Yavimaya, Cradle of Growth (Borderless)",Commander: The Lord of the Rings: Tales of Middle-earth,158,158,8050.09
239196,Tiamat (Borderless),Adventures in the Forgotten Realms,176,185,8047.11
82901,Treasonous Ogre,Conspiracy,401,410,8041.76
609688,"Avacyn, Angel of Hope (Showcase)",Innistrad Remastered,189,191,8036.7
457178,Vampiric Tutor,Dominaria Remastered,131,131,8025.83
668475,World War Hulk,Marvel Super Heroes,1995,3290,8018.85
206642,Underworld Breach,Theros Beyond Death,673,688,8007.94
619704,Mox Jasper (Showcase),Tarkir: Dragonstorm,270,282,8005.83
39543,Mental Misstep,New Phyrexia,540,564,8000.35
589424,Bloodthirsty Conqueror (Borderless),Foundations,192,192,7998.4
624009,Verdant Catacombs (Borderless) (Dragonscale Foil),Special Guests,26,26,7998.06
630980,"Sephiroth, Fabled SOLDIER (Extended Art)",FINAL FANTASY,123,124,7991.49
10206,Mental Note,Judgment,399,892,7968.56
10829,Decree of Silence,Scourge,171,227,7959.14
4332,Hatred,Exodus,145,156,7951.26
558444,"Chatterfang, Squirrel General (Borderless)",Commander: Bloomburrow,178,179,7947.77
499750,Swan Song,Commander: The Lord of the Rings: Tales of Middle-earth,839,889,7945.57
696413,Counterspell (Borderless) (0052),Marvel Universe Eternal-Legal,725,758,7939.97
532880,Commercial District,Murders at Karlov Manor,877,1030,7930.45
142012,Revel in Riches,Ixalan,448,463,7923.41
518167,Spiteful Banditry (Borderless Poster),Universes Beyond: The Lord of the Rings: Tales of Middle-earth,77,80,7917.13
630780,"Yuna, Grand Summoner",Commander: FINAL FANTASY,828,1863,7911.05
696477,Captain America's Shield,Marvel Super Heroes,2799,3997,7903.99
679234,Underworld Breach (Borderless),Teenage Mutant Ninja Turtles Source Material,954,994,7896.06
643701,Knuckles the Echidna,Secret Lair Drop Series,394,438,7893.31
262420,"Takenuma, Abandoned Mire",Kamigawa: Neon Dynasty,690,711,7891.97
475557,"Elesh Norn, Mother of Machines (Borderless) (Step-and-Compleat Foil)",Phyrexia: All Will Be One,33,34,7878.19
207021,Nyxbloom Ancient,Theros Beyond Death,262,266,7875.02
504585,Flawless Maneuver (Borderless),Commander Masters,256,260,7861.12
265348,Spara's Headquarters,Streets of New Capenna,548,569,7858.2
206251,Demonic Tutor (J20),Judge Promos,61,70,7855.17
668462,Doctor Doom,Marvel Super Heroes,1502,1771,7854.71
504546,"Purphoros, God of the Forge",Commander Masters,252,263,7850.62
528291,Arcane Signet (1492) (Galaxy Foil),Secret Lair Drop Series,83,84,7848.21
480503,Teysa Karlov,Secret Lair Drop Series,103,104,7820.7
630862,The Darkness Crystal,FINAL FANTASY,1447,1545,7820.63
272926,Descent into Avernus,Commander Legends: Battle for Baldur's Gate,568,589,7807.31
559964,"Chatterfang, Squirrel General",Commander: Bloomburrow,809,944,7806.44
689366,Veil of Summer,Secrets of Strixhaven: Mystical Archive,1433,1589,7803.3
230206,Tibalt's Trickery,Kaldheim,701,734,7763.88
215369,"Rin and Seri, Inseparable",Buy-A-Box Promos,210,244,7763.57
488290,Sol Ring - Elven (0408),Commander: The Lord of the Rings: Tales of Middle-earth,4,4,7758.97
233991,Reiterate,Time Spiral: Remastered,413,420,7758.3
33252,Arid Mesa,Zendikar,166,205,7756.92
457251,Enlightened Tutor (Retro Frame),Dominaria Remastered,239,243,7746.79
697079,Iron Man Armor (Extended Art),Marvel Super Heroes,463,480,7742.94
644288,Icetill Explorer (Showcase),Edge of Eternities,99,102,7742.26
503565,Deadly Rollick,Commander Masters,273,283,7742.02
688820,Pongify (JP Alternate Art) (Silver Scroll Foil),Secrets of Strixhaven: Mystical Archive,193,194,7741.43
221359,Training Center,Commander Legends,473,483,7740.38
632688,Shantotto's Coercion - Diabolic Intent (Showcase),FINAL FANTASY: Through the Ages,465,475,7732.99
625930,Deadly Rollick (Rainbow Foil),Secret Lair Drop Series,362,373,7725.94
517259,Nazgul Battle-Mace (Borderless),Commander: The Lord of the Rings: Tales of Middle-earth,384,389,7725.75
265349,Raffine's Tower,Streets of New Capenna,523,540,7721.08
239184,Misty Rainforest (Retro Frame),Modern Horizons 2,137,154,7720.61
235972,"Blex, Vexing Pest",Strixhaven: School of Mages,610,649,7714.11
596295,Edgar Markov (Showcase),Innistrad Remastered,198,233,7712.13
553312,Branching Evolution,Modern Horizons 3,1270,1314,7708.74
688884,Crackle with Power,Secrets of Strixhaven: Mystical Archive,940,958,7706.14
1537,Red Elemental Blast,Revised Edition,1063,2085,7700.61
544258,Prismatic Vista (Borderless),Special Guests,130,137,7684.73
512692,Omniscience (Anime Borderless),Wilds of Eldraine: Enchanting Tales,168,179,7683.88
587185,Fierce Guardianship,Secret Lair Drop Series,123,125,7680.37
190877,The First Sliver,Modern Horizons,198,208,7677.21
623963,"Elspeth, Storm Slayer (Showcase) (Halo Foil)",Tarkir: Dragonstorm,30,32,7676.64
52206,Snapcaster Mage,Innistrad,362,437,7676.52
646034,"Lyla, Holographic Assistant",Marvel's Spider-Man: Eternal-Legal,810,929,7664.2
230983,Wolverine Riders,Commander: Kaldheim,468,613,7659.22
203644,Demonic Tutor (DVD),The List Reprints,130,131,7647.12
548602,"Phelia, Exuberant Shepherd",Modern Horizons 3,1100,1551,7644.88
221351,Vault of Champions,Commander Legends,469,474,7643.08
524220,Growing Rites of Itlimoc,The Lost Caverns of Ixalan,888,956,7637.13
624276,Mistrise Village (Borderless),Tarkir: Dragonstorm,533,559,7635.66
677494,"Miirym, Sentinel Wyrm",Secret Lair Drop Series,224,239,7631.59
688984,Emeritus of Truce,Secrets of Strixhaven,1660,1960,7630.04
67378,Crypt Ghast,Gatecrash,556,565,7628.79
530995,"Savra, Queen of the Golgari (Anime Borderless)",Ravnica Remastered,276,286,7621.82
512366,Bitterblossom,Wilds of Eldraine: Enchanting Tales,225,226,7617.29
541297,Bloodstained Mire (Retro Frame),Modern Horizons 3,156,182,7614.97
519493,Danny Pink,Universes Beyond: Doctor Who,500,514,7606.9
660519,Mystic Remora (Borderless),Avatar: The Last Airbender: Eternal-Legal,295,297,7605.61
14830,"Urborg, Tomb of Yawgmoth",Planar Chaos,126,131,7594.65
679203,"Krang, Utrom Warlord (Showcase)",Teenage Mutant Ninja Turtles,191,191,7592.57
276483,Thrumming Stone,Double Masters 2022,342,353,7588.07
559747,Sylvan Tutor (Borderless),Special Guests,165,168,7587.65
614424,Sunbillow Verge,Aetherdrift,623,705,7585.52
218702,Force of Will (Borderless),Double Masters,29,30,7584.92
679204,"Krang, Utrom Warlord (Showcase) (Fracture Foil)",Teenage Mutant Ninja Turtles,39,39,7582.93
677496,Cast-Off Consort - Bloodletter of Aclazotz,Secret Lair Drop Series,200,223,7579.12
552282,Jet Medallion (Borderless),Modern Horizons 3,332,339,7555.51
276717,Mana Drain (Borderless),Double Masters 2022,99,100,7536.05
563186,Displacer Kitten (White Border),Mystery Booster 2,262,268,7532.22
688945,Winds of Abandon (JP Alternate Art) (Silver Scroll Foil),Secrets of Strixhaven: Mystical Archive,109,110,7530.75
696390,Hit-Monkey,Commander: Marvel Super Heroes,815,881,7522.45
267071,Ancient Brass Dragon (Borderless),Commander Legends: Battle for Baldur's Gate,113,114,7520.57
512538,Grave Pact,Wilds of Eldraine: Enchanting Tales,218,220,7519.95
662039,"Myrel, Shield of Argive",Secret Lair Countdown Kit,357,363,7510.55
631183,Farewell,Commander: FINAL FANTASY,1352,1510,7507.83
265350,Xander's Lounge,Streets of New Capenna,553,574,7504.42
69922,Darksteel Forge,Magic 2014 (M14),206,206,7495.02
504303,Smothering Tithe (Borderless),Commander Masters,105,105,7483.58
478706,"Atraxa, Grand Unifier (Oil Slick Raised Foil)",Phyrexia: All Will Be One,75,83,7482.66
615216,Panharmonicon,Commander: Aetherdrift,1037,1262,7470.43
656668,Formidable Speaker (Extended Art),Lorwyn Eclipsed,392,448,7463.34
104285,"Ulamog, the Ceaseless Hunger",Battle for Zendikar,360,381,7460.72
509529,Doubling Season,Wilds of Eldraine: Enchanting Tales,187,189,7459.75
699679,The Fantasticar (Extended Art),Commander: Marvel Super Heroes,216,235,7454.3
631215,Sword of the Animist,Commander: FINAL FANTASY,1199,1347,7451.18
518160,Radagast the Brown (Borderless Poster),Universes Beyond: The Lord of the Rings: Tales of Middle-earth,73,73,7450.64
6027,Firestorm,Weatherlight,167,179,7450.42
212150,Flawless Maneuver,Commander 2020,352,358,7447.23
632127,Aerith's Curaga Magic - Heroic Intervention (Rainbow Foil),Secret Lair Drop Series,344,359,7444.39
552272,Six,Modern Horizons 3,1370,1465,7442.88
686664,Dualcaster Mage (Borderless),Special Guests,623,638,7438.7
139811,Edgar Markov,Commander 2017,168,181,7430.75
524231,"Ojer Taq, Deepest Foundation (Showcase)",The Lost Caverns of Ixalan,219,223,7424.64
272931,"Jaheira, Friend of the Forest",Commander Legends: Battle for Baldur's Gate,734,753,7414.52
588013,Commander's Plate (1733) (Rainbow Foil),Secret Lair Drop Series,189,191,7414.07
286039,Magnus the Red,"Universes Beyond: Warhammer 40,000",354,359,7403.97
617866,Swan Song (1591) (Rainbow Foil),Secret Lair Drop Series,129,129,7403.07
38251,Intuition,Judge Promos,3,3,7401.41
498328,Generous Ent,Universes Beyond: The Lord of the Rings: Tales of Middle-earth,1331,2729,7401.26
499383,Glittering Caves of Aglarond - Gemstone Caverns (Borderless) (Surge Foil),Commander: The Lord of the Rings: Tales of Middle-earth,27,27,7391.42
230470,"Tergrid, God of Fright (Showcase)",Kaldheim,393,401,7382.32
111210,Stoneforge Mystic,Grand Prix Promos,232,270,7380.55
544936,Grand Abolisher,Outlaws of Thunder Junction: The Big Score,417,429,7379.29
688661,Emeritus of Conflict,Secrets of Strixhaven,1670,2104,7374.69
33470,Verdant Catacombs,Zendikar,187,216,7370.57
6223,Powder Keg,Urza's Destiny,101,122,7362.6
687611,Lightning Greaves,Commander: Secrets of Strixhaven,1305,1650,7362.58
660703,"Toph, Greatest Earthbender (Borderless)",Avatar: The Last Airbender: Eternal-Legal,401,409,7357.39
3306,Power Artifact,Antiquities,50,53,7354.85
238615,Scalding Tarn (Extended Art),Modern Horizons 2,168,184,7337.22
215550,Heroic Intervention,Core Set 2021,485,503,7333.9
656912,Plains (Chocobo Track Foil),Commander: FINAL FANTASY,570,1552,7329.49
6321,Goblin Welder,Urza's Legacy,110,136,7328.24
544417,Three Steps Ahead,Outlaws of Thunder Junction,804,975,7326.52
630947,Traveling Chocobo (Borderless) (Neon Ink Pink),FINAL FANTASY,4,4,7324.98
541265,Sword of Wealth and Power,Outlaws of Thunder Junction: The Big Score,384,391,7322.53
206667,Idyllic Tutor,Theros Beyond Death,613,635,7318.6
576512,Blazemire Verge,Duskmourn: House of Horror,737,835,7307.64
689476,"Moseo, Vein's New Dean",Secrets of Strixhaven,2447,3121,7305.73
218860,Stoneforge Mystic,Double Masters,210,242,7300.02
286337,Cryptothrall,"Universes Beyond: Warhammer 40,000",335,335,7299.78
696266,"Captain America, Super-Soldier (Borderless) (0352)",Marvel Super Heroes,437,438,7296.43
668456,"Captain America, Super-Soldier",Marvel Super Heroes,1575,1915,7295.02
504586,Doubling Season,Commander Masters,204,210,7290.93
498454,Last March of the Ents (Borderless),Universes Beyond: The Lord of the Rings: Tales of Middle-earth,219,220,7290.31
283016,"Shizo, Death's Storehouse",Commander: Dominaria United,202,202,7281.48
559718,Agate Instigator,Commander: Bloomburrow,842,1060,7275.96
687475,Harmonic Prodigy,Commander: Secrets of Strixhaven,1430,2076,7261.86
552887,Ocelot Pride (Retro Frame),Modern Horizons 3,102,124,7255.11
662459,Deadly Rollick (Showcase),Avatar: The Last Airbender: Eternal-Legal,220,220,7254.93
98497,Eye of Ugin,Modern Masters 2015,131,137,7254.82
105007,Void Winnower,Battle for Zendikar,392,400,7248.1
625925,"Deadpool, Trading Card (1753)",Secret Lair Drop Series,292,360,7246.83
590835,High Fae Trickster,Foundations,1199,1279,7246.46
679633,Spire Garden,Commander: Teenage Mutant Ninja Turtles,1232,1381,7236.84
14996,Sprout Swarm,Future Sight,1025,1209,7236.11
553662,Barrowgoyf,Commander: Modern Horizons 3,376,524,7229.26
631511,Pitiless Plunderer,Commander: FINAL FANTASY,1189,1876,7229.04
552633,"Phlage, Titan of Fire's Fury",Modern Horizons 3,640,858,7214.43
212692,Zagoth Triome (Showcase),Ikoria: Lair of Behemoths,273,275,7200.45
632109,Hope's Aero Magic - Cyclonic Rift (Rainbow Foil),Secret Lair Drop Series,247,264,7195.19
668492,Horn of Greed (Borderless),Marvel Universe Eternal-Legal,721,778,7189.88
631240,Skullclamp,Commander: FINAL FANTASY,1053,1244,7182.66
587991,"Captain America, First Avenger (Rainbow Foil)",Secret Lair Drop Series,193,194,7181.17
553299,Pinnacle Monk,Modern Horizons 3,2387,3507,7177.15
662431,Worldly Tutor (Showcase),Avatar: The Last Airbender: Eternal-Legal,231,233,7155.21
686693,Inkshield,Commander: Secrets of Strixhaven,1125,1519,7147.99
697393,"Sauron, Dino Devotee",Commander: Marvel Super Heroes,279,282,7146.79
257681,Swamp (298) - JP Full Art,Kamigawa: Neon Dynasty,606,1163,7141.96
33372,Misty Rainforest,Zendikar,171,192,7138.31
490547,City on Fire,March of the Machine,596,608,7129.69
539474,Heroic Intervention,Universes Beyond: Fallout,483,507,7123.49
645291,Chaos Emerald - Lotus Petal (7032),Secret Lair Drop Series,35,35,7120.25
696439,Dark Fortress (Borderless),Marvel Super Heroes,1012,1313,7114.31
272599,Battle Angels of Tyr,Commander Legends: Battle for Baldur's Gate,251,257,7110.68
233496,Demonic Tutor (JP Alternate Art) (Foil Etched),Strixhaven: Mystical Archive,20,20,7108.72
631022,"Lightning, Army of One (0400) (Borderless)",FINAL FANTASY,307,308,7103.38
7306,Foil,Prophecy,243,407,7099.77
576520,Hushwood Verge,Duskmourn: House of Horror,800,1036,7098.22
679094,"Donatello, the Brains (0085) (Borderless) (Surge Foil)",Commander: Teenage Mutant Ninja Turtles,40,40,7096.16
671781,Moonshadow (0313) (Showcase),Lorwyn Eclipsed,467,554,7096.1
686571,Deathcap Glade,Secrets of Strixhaven,2561,3321,7094.92
649382,Bender's Waterskin,Avatar: The Last Airbender,2342,4117,7092.63
591654,Akroma's Memorial (Showcase),Special Guests,221,221,7091.16
558447,Three Tree City (Borderless) (0339),Bloomburrow,113,113,7088.96
212221,Deadly Rollick,Commander 2020,251,261,7087.32
552363,"Ulamog, the Defiler (Borderless)",Modern Horizons 3,119,122,7086.63
212698,Ketria Triome (Showcase),Ikoria: Lair of Behemoths,332,336,7081.43
517533,Mana Crypt (Borderless),Special Guests,109,114,7074.32
273299,Ancient Gold Dragon,Commander Legends: Battle for Baldur's Gate,187,187,7073.29
104960,Flooded Strand,Zendikar Expeditions,18,18,7070.31
284529,"Sheoldred, the Apocalypse",Promo Pack: Dominaria United,72,72,7065.27
552727,Shifting Woodland,Modern Horizons 3,1304,1532,7058.79
3378,Concordant Crossroads,Chronicles,309,315,7056.66
218388,Exploration (Borderless),Double Masters,95,98,7053.09
555449,Sol Ring (1604) (Rainbow Foil),Secret Lair Drop Series,109,131,7052.4
668489,Heroic Intervention (0078) (Borderless),Marvel Universe Eternal-Legal,663,718,7047.99
518679,Diabolic Intent (Borderless),Commander: The Lord of the Rings: Tales of Middle-earth,74,74,7047.34
484539,Faerie Mastermind,March of the Machine,488,510,7041.12
660604,"Ozai, the Phoenix King (0311) (Borderless)",Avatar: The Last Airbender,191,191,7040.52
696443,Training Compound (Borderless),Marvel Super Heroes,988,1290,7033.58
552925,Akroma's Will,Commander: Modern Horizons 3,432,477,7031.77
7428,Aura Shards,Invasion,265,270,7031.12
504487,Bloodchief Ascension (Borderless),Commander Masters,244,246,7030.61
560456,"Bello, Bard of the Brambles (Borderless) (Raised Foil)",Commander: Bloomburrow,13,13,7030.5
212697,Ketria Triome,Ikoria: Lair of Behemoths,390,403,7025.15
491205,Urabrask,March of the Machine,408,418,7024.84
517458,Pact of Negation (Borderless),Commander: The Lord of the Rings: Tales of Middle-earth,74,75,7022.31
688846,Berserk (JP Alternate Art) (Silver Scroll Foil),Secrets of Strixhaven: Mystical Archive,107,107,7017.76
696253,No Mercy (Borderless),Marvel Universe Eternal-Legal,770,832,7012.27
457181,Vampiric Tutor (Borderless),Dominaria Remastered,99,99,7012.03
689340,Sleight of Hand (JP Alternate Art) (Silver Scroll Foil),Secrets of Strixhaven: Mystical Archive,180,188,7011.37
697578,"Galactus, Devourer of Worlds",Commander: Marvel Super Heroes,671,748,7008.89
38265,Phyrexian Dreadnought,Judge Promos,10,14,7008.43
600475,The Meathook Massacre (Showcase),Innistrad Remastered,185,189,6997.12
674541,Silver Shroud Costume,Secret Lair Drop Series,361,478,6991.65
499967,Mithril Coat (Extended Art),Universes Beyond: The Lord of the Rings: Tales of Middle-earth,227,231,6990.59
535640,Trouble in Pairs,Commander: Murders at Karlov Manor,250,251,6987.52
544336,High Noon,Outlaws of Thunder Junction,959,1390,6987.49
661938,Avatar's Wrath,Avatar: The Last Airbender,1423,1698,6986.27
688818,Echocasting Symposium (Borderless),Secrets of Strixhaven,828,857,6981.76
3168,Bazaar of Baghdad,Arabian Nights,3,4,6977.17
559991,Bloodroot Apothecary,Commander: Bloomburrow,1107,2025,6972.92
37839,City of Ass,Unhinged,72,163,6970.09
632202,"Lightning, Lone Commando - Isshin, Two Heavens as One (Showcase)",FINAL FANTASY: Through the Ages,432,447,6965.59
559478,Patchwork Banner,Bloomburrow,1663,1974,6962.83
504564,Bloodchief Ascension,Commander Masters,332,342,6961.44
501908,Goblin Lackey (1311),Secret Lair Drop Series,108,120,6960.6
222006,Cavern of Souls,Zendikar Rising Expeditions,88,90,6958.37
518166,The Watcher in the Water (Borderless Poster),Universes Beyond: The Lord of the Rings: Tales of Middle-earth,96,100,6957.92
206757,"Thassa, Deep-Dwelling",Theros Beyond Death,209,214,6953.32
511869,Archangel of Thune,Secret Lair Drop Series,65,66,6938.12
541298,Wooded Foothills (Borderless),Modern Horizons 3,184,199,6933.95
696445,Gleaming Bastion (Borderless),Marvel Super Heroes,1051,1353,6916.43
671030,Bitterblossom (Borderless),Special Guests,201,201,6909.18
687597,Fellwar Stone,Commander: Secrets of Strixhaven,2466,5360,6907.57
490335,Invasion of Ikoria,March of the Machine,563,583,6904.65
552466,Disciple of Freyalise,Modern Horizons 3,2236,3015,6902.4
187181,Kaya's Ghostform,War of the Spark,1527,1770,6897.07
212694,Savai Triome (Showcase),Ikoria: Lair of Behemoths,298,302,6887.77
216173,Allosaurus Shepherd,Jumpstart,137,138,6885.3
630928,Y'shtola Rhul (Borderless),FINAL FANTASY,236,238,6884.73
548583,Sylvan Safekeeper,Modern Horizons 3,1206,1315,6884.7
267056,Bountiful Promenade,Commander Legends: Battle for Baldur's Gate,390,391,6884.25
688839,Abrade (JP Alternate Art) (Silver Scroll Foil),Secrets of Strixhaven: Mystical Archive,244,256,6870.11
646684,Multiversal Passage (Borderless),Marvel's Spider-Man,644,807,6864.21
226634,"Kediss, Emberclaw Familiar",Commander Legends,1208,1330,6845.92
484548,Breach the Multiverse,March of the Machine,649,684,6843.31
239769,Imperial Recruiter,Modern Horizons 2,485,494,6843.2
660615,Avatar Aang (Borderless),Avatar: The Last Airbender,373,381,6840.75
506621,Rise of the Eldrazi,Commander Masters,318,332,6835.32
6264,Treachery,Urza's Destiny,115,120,6833.38
591844,Twinflame Tyrant (Showcase) (Fracture Foil),Foundations,16,16,6817.0
5531,"Eladamri, Lord of Leaves",Tempest,113,114,6808.84
591197,Sire of Seven Deaths (Borderless),Foundations,160,172,6799.85
454994,Rhystic Study,Jumpstart 2022,96,100,6797.57
633132,The Fire Crystal (Borderless),FINAL FANTASY,545,552,6795.27
541342,Sword of Feast and Famine (Borderless),Universes Beyond: Assassin's Creed,152,153,6793.8
688886,Crop Rotation,Secrets of Strixhaven: Mystical Archive,1465,1610,6789.02
671173,Endurance,Commander: Lorwyn Eclipsed,787,1763,6784.82
656916,Forest (Chocobo Track Foil),Commander: FINAL FANTASY,513,1512,6784.09
71202,Swan Song,Theros,513,537,6782.76
600511,"Emrakul, the Promised End (Showcase)",Innistrad Remastered,217,235,6780.83
656681,Deceit,Lorwyn Eclipsed,873,1260,6771.48
532970,Meticulous Archive (Borderless),Murders at Karlov Manor,264,296,6769.94
686583,Sundown Pass,Secrets of Strixhaven,2529,3253,6763.39
212693,Savai Triome,Ikoria: Lair of Behemoths,337,341,6761.68
643636,Ancient Tomb (0091) (Borderless) (Galaxy Foil),Edge of Eternities: Stellar Sights,13,13,6756.04
235505,Natural Order,Strixhaven: Mystical Archive,229,233,6743.74
272781,"Karlach, Fury of Avernus",Commander Legends: Battle for Baldur's Gate,274,274,6731.26
4035,Sylvan Library,Legends,45,50,6727.07
3215,Library of Alexandria,Arabian Nights,5,5,6718.99
475527,Swamp (269) - Full Art,Phyrexia: All Will Be One,789,2326,6717.85
686628,"Dina, Essence Brewer (Borderless)",Commander: Secrets of Strixhaven,1442,1828,6716.16
38215,City of Brass,Junior Series Promos,8,9,6712.66
509564,Aggravated Assault (Anime Borderless),Wilds of Eldraine: Enchanting Tales,228,230,6699.0
503578,Grand Abolisher (Borderless),Commander Masters,264,271,6697.33
575157,Enduring Curiosity,Duskmourn: House of Horror,964,1017,6696.04
466633,Gamble (Borderless),Dominaria Remastered,404,414,6692.73
212689,Indatha Triome,Ikoria: Lair of Behemoths,337,341,6675.39
229254,"Halvar, God of Battle",Kaldheim,240,240,6673.36
490360,"Sheoldred, Whispering One",March of the Machine: Multiverse Legends,253,253,6672.29
544259,Stoneforge Mystic (Borderless),Special Guests,149,155,6660.85
221812,Scalding Tarn,Zendikar Rising Expeditions,98,110,6655.04
59804,Worldfire,Magic 2013 (M13),217,218,6647.31
490355,"Elesh Norn, Grand Cenobite",March of the Machine: Multiverse Legends,286,303,6642.9
693567,Birthing Pod,Secret Lair Drop Series,259,315,6640.64
556010,Reconnaissance,Universes Beyond: Assassin's Creed,1233,1381,6640.36
4727,Hydroblast,Ice Age,735,1757,6634.8
238614,Misty Rainforest (Extended Art),Modern Horizons 2,152,166,6633.44
518122,"Sauron, the Dark Lord (Showcase Scrolls)",Universes Beyond: The Lord of the Rings: Tales of Middle-earth,56,56,6632.15
699670,Molecule Man (Extended Art),Commander: Marvel Super Heroes,144,153,6631.52
457179,Vampiric Tutor (Retro Frame),Dominaria Remastered,93,95,6629.47
501920,Goblin Recruiter,Secret Lair Drop Series,101,101,6629.45
504568,Grave Pact,Commander Masters,203,205,6624.97
651377,"Venom, King in Black - Skithiryx, the Blight Dragon (Borderless)",Marvel Universe Eternal-Legal,462,475,6622.5
215341,Grim Tutor,Core Set 2021,260,261,6620.19
575064,"Valgavoth, Terror Eater (Showcase) (Textured Foil)",Duskmourn: House of Horror,25,25,6608.48
533868,Sol Ring (1512),Secret Lair Drop Series,82,85,6607.19
188468,Spark Double,War of the Spark,645,660,6603.01
518165,Storm of Saruman (Borderless Poster),Universes Beyond: The Lord of the Rings: Tales of Middle-earth,77,78,6602.48
216530,Bruvac the Grandiloquent,Jumpstart,148,153,6601.04
457088,"Yawgmoth, Thran Physician (Borderless)",Dominaria Remastered,197,204,6598.75
276317,"Kozilek, Butcher of Truth (Borderless)",Double Masters 2022,117,118,6597.94
221350,Spectator Seating,Commander Legends,393,399,6594.63
239397,Cabal Coffers (Borderless),Modern Horizons 2,147,150,6594.3
591308,Boltwave,Foundations,1598,2451,6593.45
518098,Nazgul (0725) (Showcase Scrolls),Universes Beyond: The Lord of the Rings: Tales of Middle-earth,68,68,6590.09
273196,"Miirym, Sentinel Wyrm",Commander Legends: Battle for Baldur's Gate,717,797,6585.74
226687,Staff of Domination,Commander Legends,595,617,6582.67
286168,Exalted Flamer of Tzeentch,"Universes Beyond: Warhammer 40,000",245,253,6581.22
475561,Mountain (Phyrexian) - Full Art (Oil Slick Raised Foil),Phyrexia: All Will Be One,342,887,6574.09
596294,Edgar Markov (Retro Frame),Innistrad Remastered,187,211,6573.89
512618,Agatha's Soul Cauldron (Extended Art),Wilds of Eldraine,103,105,6570.53
660565,"Avatar Roku, Firebender",Avatar: The Last Airbender: Eternal-Legal,453,480,6567.76
631315,Three Visits,Commander: FINAL FANTASY,1013,1124,6567.62
687695,Lotus Field,Commander: Secrets of Strixhaven,1215,1794,6567.6
688879,Crackle with Power (JP Alternate Art) (Silver Scroll Foil),Secrets of Strixhaven: Mystical Archive,92,94,6565.13
641777,Watery Grave (Borderless),Edge of Eternities,410,434,6558.47
668470,World War Hulk (Borderless),Marvel Super Heroes,1191,1380,6552.44
525618,"Kutzil, Malamet Exemplar",The Lost Caverns of Ixalan,1565,1842,6545.1
532941,Underground Mortuary (Borderless),Murders at Karlov Manor,244,254,6545.02
5268,Tombstone Stairwell,Mirage,118,120,6544.38
509558,Greater Auramancy (Anime Borderless),Wilds of Eldraine: Enchanting Tales,138,138,6525.87
6095,Scorched Ruins,Weatherlight,140,143,6525.75
589445,Twinflame Tyrant (Borderless),Foundations,164,165,6523.67
39082,Blightsteel Colossus,Mirrodin Besieged,167,171,6518.43
552330,"Ral, Monsoon Mage",Modern Horizons 3,765,938,6516.07
227037,Akroma's Will,Commander Legends,413,420,6512.57
503402,Sol Ring (Borderless),Commander Masters,416,501,6510.99
660595,Fire Lord Azula (0313) (Borderless),Avatar: The Last Airbender,326,326,6503.72
492732,Elesh Norn (Serial Numbered),March of the Machine,2,2,6499.99
696348,Arc Reactor,Marvel Super Heroes,1978,3480,6495.77
563204,Pact of Negation (Future Sight),Mystery Booster 2,238,267,6494.98
532537,Anointed Procession,Secret Lair Drop Series,76,77,6494.25
457192,Exploration (Retro Frame),Dominaria Remastered,206,211,6487.54
558590,"Chatterfang, Squirrel General (Borderless) (Raised Foil)",Commander: Bloomburrow,8,8,6480.17
478705,"Atraxa, Grand Unifier (Showcase)",Phyrexia: All Will Be One,267,322,6471.17
671533,Springleaf Parade (Extended Art),Commander: Lorwyn Eclipsed,639,707,6465.38
646569,Gwen Stacy (0202) (Borderless),Marvel's Spider-Man,265,268,6464.98
2267,Mana Vault,Fifth Edition,72,72,6463.95
629969,Dragon's Rage Channeler (2053) (Raised Foil),Secret Lair Drop Series,76,101,6461.35
273531,"Zellix, Sanity Flayer",Commander Legends: Battle for Baldur's Gate,243,244,6458.85
696996,"Black Widow, Super Spy",Marvel Super Heroes,1103,1741,6452.52
221815,Misty Rainforest,Zendikar Rising Expeditions,93,101,6442.84
239183,Marsh Flats (Retro Frame),Modern Horizons 2,128,158,6437.98
687531,Arcane Signet,Commander: Secrets of Strixhaven,3680,8344,6437.52
588040,Storm's Will - Jeska's Will (Rainbow Foil),Secret Lair Drop Series,112,114,6436.77
204415,Torment of Hailfire,The List Reprints,154,155,6434.9
696444,Gathering Place (Borderless),Marvel Super Heroes,991,1298,6431.56
638918,Mountain (0265) (Borderless),Edge of Eternities,1283,3615,6429.32
548582,Orim's Chant (Borderless),Modern Horizons 3,310,359,6426.38
553184,Dryad of the Ilysian Grove,Commander: Modern Horizons 3,671,773,6425.51
11981,Dosan the Falling Leaf,Champions of Kamigawa,191,196,6421.15
212212,Twinning Staff,Commander 2020,369,373,6415.7
7783,Diabolic Intent,Planeshift,121,123,6413.63
689149,Brain Freeze,Secrets of Strixhaven: Mystical Archive,1552,1689,6412.15
454883,"Preston, the Vanisher",Jumpstart 2022,177,178,6407.91
679207,Sword of Hearth and Home (Borderless),Commander: Teenage Mutant Ninja Turtles,467,498,6405.87
656906,"Mog, Moogle Warrior (Borderless) (Chocobo Track Foil)",Commander: FINAL FANTASY,195,197,6401.82
212041,"Godzilla, King of the Monsters - Zilortha, Strength Incarnate",Buy-A-Box Promos,285,343,6400.77
183213,Guardian Project,Ravnica Allegiance,492,514,6398.89
590340,"Fumulus, the Infestation (Anime)",Foundations Jumpstart,660,725,6397.9
552310,"Ragavan, Nimble Pilferer (Retro Frame)",Modern Horizons 2,78,90,6394.13
10327,Chain of Vapor,Onslaught,316,389,6388.37
212696,Raugrin Triome (Showcase),Ikoria: Lair of Behemoths,317,322,6386.3
693228,Mountain (2419),Secret Lair Drop Series,310,873,6382.03
216047,Exquisite Blood,Jumpstart,178,178,6376.39
212690,Indatha Triome (Showcase),Ikoria: Lair of Behemoths,294,301,6373.49
679179,Dark Leo & Shredder (Borderless),Teenage Mutant Ninja Turtles,344,347,6373.24
14568,Claws of Gix,Timeshifted,269,371,6372.33
34365,Eye of Ugin,Worldwake,109,119,6369.63
122865,Sword of Feast and Famine,Masterpiece Series: Kaladesh Inventions,19,19,6369.59
276318,Cavern of Souls (Borderless),Double Masters 2022,102,105,6367.41
671011,Thousand-Year Elixir (Borderless),Special Guests,303,307,6366.58
632158,Tidus's Brotherhood Sword - Sword of Truth and Justice (Rainbow Foil),Secret Lair Drop Series,233,249,6365.83
475564,Plains (Phyrexian) - Full Art (Oil Slick Raised Foil),Phyrexia: All Will Be One,306,756,6359.8
532872,Warleader's Call,Murders at Karlov Manor,792,855,6357.73
656905,"Locke, Treasure Hunter (Borderless) (Chocobo Track Foil)",Commander: FINAL FANTASY,212,212,6357.44
578083,Enduring Vitality (Showcase) (Fracture Foil),Duskmourn: House of Horror,28,28,6355.24
455838,Violent Outburst,Secret Lair Drop Series,79,125,6349.44
679113,"Shredder, Shadow Master (Borderless) (Surge Foil)",Commander: Teenage Mutant Ninja Turtles,56,56,6348.86
688903,Preordain (JP Alternate Art),Secrets of Strixhaven: Mystical Archive,429,488,6345.24
268342,Ledger Shredder,Streets of New Capenna,743,823,6345.08
557904,Encore Electromancer - Snapcaster Mage (Rainbow Foil),Secret Lair Drop Series,4,4,6343.16
286481,"Celestine, the Living Saint","Universes Beyond: Warhammer 40,000",227,231,6342.66
552652,Warren Soultrader (Borderless),Modern Horizons 3,196,199,6332.29
634962,"Seymour Guado - Kinnan, Bonder Prodigy (Showcase)",FINAL FANTASY: Through the Ages,288,290,6329.29
578973,Ondu Spiritdancer,Commander: Duskmourn: House of Horror,488,590,6329.07
6703,Snuff Out,Mercadian Masques,472,722,6322.0
517524,"Ojer Axonil, Deepest Might (Showcase)",The Lost Caverns of Ixalan,212,217,6314.88
238612,Arid Mesa (Extended Art),Modern Horizons 2,153,169,6312.19
221807,Polluted Delta,Zendikar Rising Expeditions,100,107,6310.02
631020,"Kefka, Court Mage (0398) (Borderless)",FINAL FANTASY,349,354,6302.35
630966,"Clive, Ifrit's Dominant (Borderless) (Surge Foil) (0530)",FINAL FANTASY,99,102,6293.9
518128,Nazgul (0728) (Showcase Scrolls),Universes Beyond: The Lord of the Rings: Tales of Middle-earth,72,73,6293.77
475522,"Elesh Norn, Mother of Machines (Borderless)",Phyrexia: All Will Be One,62,62,6291.95
503888,Archfiend of Despair,Commander Masters,246,260,6289.11
623871,Craterhoof Behemoth (Borderless),Tarkir: Dragonstorm,285,290,6285.48
3504,Dust to Dust,The Dark,354,714,6280.95
126214,Imperial Seal,Judge Promos,18,18,6277.2
630849,The Darkness Crystal (Borderless),FINAL FANTASY,509,517,6276.87
240038,Solitude (Borderless),Modern Horizons 2,108,139,6273.72
524311,Bonehoard Dracosaur,The Lost Caverns of Ixalan,426,435,6273.5
517257,"Minas Morgul, Dark Fortress (Borderless)",Commander: The Lord of the Rings: Tales of Middle-earth,344,348,6268.66
504045,Hammer of Nazahn,Commander Masters,398,404,6256.5
559624,Marrow-Gnawer (Borderless),Commander: Bloomburrow,229,232,6255.93
105018,Misty Rainforest,Zendikar Expeditions,21,21,6242.57
273015,Ancient Silver Dragon (Showcase),Commander Legends: Battle for Baldur's Gate,97,107,6241.21
233438,Chalice of the Void,Time Spiral: Remastered,170,293,6234.24
235660,Wandering Archaic,Strixhaven: School of Mages,590,606,6228.58
689541,Cauldron of Essence (Extended Art),Secrets of Strixhaven,991,1057,6227.62
144856,Primal Amulet,Ixalan,424,434,6226.01
518001,Nazgul (0724) (Showcase Scrolls),Universes Beyond: The Lord of the Rings: Tales of Middle-earth,72,73,6223.68
633071,"Princess Sarah - Azusa, Lost but Seeking (Showcase)",FINAL FANTASY: Through the Ages,416,424,6221.55
219022,Mana Echoes,Double Masters,108,109,6213.04
273121,Kindred Discovery,Commander Legends: Battle for Baldur's Gate,467,473,6208.73
578887,Overlord of the Balemurk (Showcase),Duskmourn: House of Horror,70,101,6203.95
642112,"Dawnsire, Sunstar Dreadnought",Edge of Eternities,1061,1148,6203.42
451908,Ashnod's Altar,The Brothers' War: Retro Frame Artifacts,367,371,6201.64
276341,Allosaurus Shepherd (Borderless),Double Masters 2022,99,99,6200.58
18055,Scapeshift,Morningtide,88,104,6199.93
541370,Teferi's Protection (1691) (Rainbow Foil),Secret Lair Drop Series,111,113,6197.96
552307,Pearl Medallion,Modern Horizons 3,1241,1312,6193.88
688217,Turbulent Fen (Extended Art),Commander: Secrets of Strixhaven,621,707,6191.73
479511,"Solphim, Mayhem Dominus (Showcase)",Phyrexia: All Will Be One,221,221,6190.92
625926,"Deadpool, Trading Card (1753) (Rainbow Foil)",Secret Lair Drop Series,337,348,6190.57
687409,Firemane Commando,Commander: Secrets of Strixhaven,1046,1892,6190.35
689394,Deflecting Palm,Secrets of Strixhaven: Mystical Archive,1432,1551,6186.45
614490,Full Throttle,Aetherdrift,1053,1137,6181.56
511865,"Gisela, the Broken Blade",Secret Lair Drop Series,87,87,6177.12
641793,Terrasymbiosis (Borderless),Edge of Eternities,443,460,6175.75
524416,Spelunking,The Lost Caverns of Ixalan,1327,1540,6173.81
558441,"Ygra, Eater of All",Bloomburrow,555,577,6164.38
656538,Demonic Tutor (Rainbow Foil),Secret Lair Drop Series,46,46,6162.47
116371,Cryptolith Rite,Shadows over Innistrad,661,720,6161.74
696411,Steelshaper's Gift (Borderless),Marvel Universe Eternal-Legal,757,797,6161.37
39595,Triumph of the Hordes,New Phyrexia,431,461,6161.0
589737,Counterspell (0002),Media Promos,76,80,6151.62
688228,Stensian Sanguinist (Extended Art),Commander: Secrets of Strixhaven,613,650,6142.54
553266,Arena of Glory (Borderless),Modern Horizons 3,305,329,6142.36
575047,Enduring Innocence,Duskmourn: House of Horror,1070,1269,6140.8
591298,Authority of the Consuls,Foundations,1198,1369,6136.84
259261,Hunger of the Ancient One - Exquisite Blood,Secret Lair Drop Series,120,124,6134.68
514501,The First Sliver,Secret Lair Drop Series,94,94,6133.75
526899,Roaming Throne,Promo Pack: The Lost Caverns of Ixalan,119,121,6131.45
668657,Command Tower,WPN & Gateway Promos,522,702,6131.02
451929,Aetherflux Reservoir,The Brothers' War: Retro Frame Artifacts,222,227,6130.72
697352,"Spider-Man, Web-Spinner",Commander: Marvel Super Heroes,240,245,6123.53
541306,Windswept Heath (Borderless),Modern Horizons 3,191,200,6118.3
686549,Grave Researcher (Extended Art),Secrets of Strixhaven,871,938,6115.27
279273,Mana Confluence,Secret Lair Drop Series,102,103,6112.82
276386,Teferi's Protection (Borderless),Double Masters 2022,127,128,6107.79
457259,Mystical Tutor (Borderless),Dominaria Remastered,331,339,6097.97
615058,Renewed Solidarity,Commander: Aetherdrift,793,972,6097.17
457199,Mystical Tutor,Dominaria Remastered,335,349,6095.8
212304,The Ozolith (Extended Art),Ikoria: Lair of Behemoths,80,80,6094.7
257680,Swamp (297) - JP Full Art,Kamigawa: Neon Dynasty,637,1218,6093.71
267059,Reflecting Pool,Commander Legends: Battle for Baldur's Gate,362,374,6092.13
495610,"Nissa, Resurgent Animist",March of the Machine: The Aftermath,227,230,6091.73
643702,Knuckles the Echidna (Rainbow Foil),Secret Lair Drop Series,324,364,6084.63
633149,Aettir and Priwen (Borderless),FINAL FANTASY,402,407,6083.12
518152,Nazgul (0726) (Showcase Scrolls),Universes Beyond: The Lord of the Rings: Tales of Middle-earth,64,65,6081.73
175205,Watery Grave,Guilds of Ravnica,508,548,6080.99
191131,"Yawgmoth, Thran Physician",Modern Horizons,173,174,6080.91
499611,Reanimate,Commander: The Lord of the Rings: Tales of Middle-earth,662,733,6080.61
638067,Gilded Lotus (Rainbow Foil) (909),Secret Lair Drop Series,119,143,6076.74
239611,Sword of Hearth and Home,Modern Horizons 2,324,334,6076.46
456592,Megatron - Blightsteel Colossus,Secret Lair Drop Series,121,122,6075.38
662027,Krark-Clan Ironworks,Secret Lair Countdown Kit,388,392,6073.9
191050,Sword of Truth and Justice,Modern Horizons,180,180,6072.63
461900,Gamble,Dominaria Remastered,376,387,6070.86
276897,City of Brass (Borderless),Double Masters 2022,153,160,6067.53
11660,Trinisphere,Darksteel,160,197,6064.02
686587,Island (0268),Secrets of Strixhaven,2281,6735,6060.97
651364,Spectacular Spider-Man (0236) (Borderless) (Textured Foil),Marvel's Spider-Man,20,21,6060.11
545126,Molten Duplication,Outlaws of Thunder Junction: The Big Score,426,430,6059.98
496052,"Zhulodok, Void Gorger (Extended Art)",Commander Masters,105,109,6053.07
499395,"The Dead Marshes - Urborg, Tomb of Yawgmoth (Borderless) (Surge Foil)",Commander: The Lord of the Rings: Tales of Middle-earth,18,18,6052.76
574873,"Minsc & Boo, Timeless Heroes (Rainbow Foil)",Secret Lair Drop Series,11,11,6052.3
12093,"Minamo, School at Water's Edge",Champions of Kamigawa,102,105,6052.04
126488,Heroic Intervention,Aether Revolt,413,429,6047.4
276940,Concordant Crossroads (Borderless),Double Masters 2022,176,178,6045.43
506749,Darksteel Monolith,Commander Masters,260,264,6039.95
185032,Rhystic Study,Judge Promos,25,25,6037.95
541305,Windswept Heath (Retro Frame),Modern Horizons 3,129,163,6037.94
559733,Pollywog Prodigy,Commander: Bloomburrow,765,1032,6026.96
696244,Doctor Doom (Borderless) (0336),Marvel Super Heroes,332,337,6020.81
687465,Unbound Flourishing,Commander: Secrets of Strixhaven,1088,1671,6012.89
239621,Force of Negation (Retro Frame),Modern Horizons,41,49,6009.43
161430,Red Elemental Blast,Masters 25,247,295,6006.93
643665,Strip Mine (0040) (Borderless),Edge of Eternities: Stellar Sights,267,267,6005.92
662418,"Joo Dee, Public Servant - Sakashima of a Thousand Faces (Borderless)",Avatar: The Last Airbender: Eternal-Legal,326,331,6005.87
496153,Delighted Halfling (Borderless),Universes Beyond: The Lord of the Rings: Tales of Middle-earth,188,203,6005.87
448626,Animate Dead,Judge Promos,84,86,6000.51
687578,War Room,Commander: Secrets of Strixhaven,1341,2134,6000.44
35651,Pyretic Ritual,Magic 2011 (M11),741,925,6000.34
5333,Dream Halls,Stronghold,152,178,5999.76
135017,Solemnity,Hour of Devastation,532,551,5988.83
633118,The Wind Crystal (Borderless),FINAL FANTASY,469,487,5983.12
589452,Mossborn Hydra (Borderless),Foundations,270,285,5981.84
262885,Anointed Procession,The List Reprints,96,96,5978.8
512663,Impact Tremors,Wilds of Eldraine: Enchanting Tales,1467,1615,5978.0
455023,"Zask, Skittering Swarmlord",Jumpstart 2022,188,188,5977.42
175196,Overgrown Tomb,Guilds of Ravnica,506,573,5973.7
649653,The Ur-Dragon (Future Sight),MagicFest Cards,159,175,5973.39
697205,Multiversal Recruitment,Commander: Marvel Super Heroes,588,635,5965.6
139800,The Ur-Dragon,Commander 2017,178,179,5961.05
212695,Raugrin Triome,Ikoria: Lair of Behemoths,356,368,5955.84
265351,Ziatora's Proving Ground,Streets of New Capenna,494,518,5946.99
233786,Pact of Negation,Time Spiral: Remastered,273,291,5946.62
687592,Coastal Peak,Commander: Secrets of Strixhaven,701,1317,5939.61
548628,Ugin's Labyrinth (Borderless),Modern Horizons 3,230,277,5938.05
518101,Nazgul (0551) (Showcase Scrolls),Universes Beyond: The Lord of the Rings: Tales of Middle-earth,63,63,5936.06
230163,"Esika, God of the Tree",Kaldheim,287,301,5934.27
245173,Bolas's Citadel (Retro Frame),WPN & Gateway Promos,550,591,5933.02
499597,Relic of Sauron,Commander: The Lord of the Rings: Tales of Middle-earth,611,768,5925.68
671244,"Selvala, Heart of the Wilds",Commander: Lorwyn Eclipsed,1305,1728,5925.43
558591,Sword of Fire and Ice (Borderless),Special Guests,122,122,5923.62
631025,"Yuna, Hope of Spira (Borderless)",FINAL FANTASY,303,306,5923.11
119260,"Emrakul, the Promised End",Eldritch Moon,300,330,5915.73
688219,Turbulent Moor (Extended Art),Commander: Secrets of Strixhaven,661,730,5914.29
238613,Marsh Flats (Extended Art),Modern Horizons 2,157,168,5912.16
689148,Angel's Grace,Secrets of Strixhaven: Mystical Archive,1390,1529,5905.77
662089,Wasteland,Secret Lair Countdown Kit,296,395,5903.85
686590,Mountain (0270),Secrets of Strixhaven,2306,6904,5899.98
4819,Necropotence,Ice Age,140,147,5898.37
229255,"Halvar, God of Battle (Showcase)",Kaldheim,196,196,5889.06
651851,Impostor Syndrome,Marvel's Spider-Man,810,849,5884.84
686652,Talisman of Conviction (Borderless),Commander: Secrets of Strixhaven,618,670,5883.56
630969,Fire Magic,FINAL FANTASY,1078,1642,5878.4
243389,Teleportation Circle,Adventures in the Forgotten Realms,594,609,5875.03
615224,Academy Ruins,Commander: Aetherdrift,1081,1183,5869.39
688479,Traumatic Critique,Secrets of Strixhaven,1868,2887,5855.4
276322,Allosaurus Shepherd,Double Masters 2022,114,115,5854.86
530802,Cyclonic Rift (Anime Borderless),Ravnica Remastered,85,99,5853.82
624014,Craterhoof Behemoth (Showcase),Tarkir: Dragonstorm,109,116,5846.64
4374,Plaguebearer,Exodus,126,171,5844.17
5159,Mystical Tutor,Mirage,341,359,5834.62
480502,"Azusa, Lost but Seeking",Secret Lair Drop Series,74,79,5832.71
560006,Scurry of Squirrels,Commander: Bloomburrow,1072,2362,5824.72
558448,Three Tree City (Borderless) (0340),Bloomburrow,98,98,5824.01
558586,"Alania, Divergent Storm (Borderless) (Raised Foil)",Bloomburrow,33,33,5821.59
6820,Claws of Gix,Urza's Saga,250,394,5821.28
273294,Breath Weapon,Commander Legends: Battle for Baldur's Gate,800,1339,5818.21
687595,Eclipsed Steppe,Commander: Secrets of Strixhaven,1229,1751,5813.76
455837,Lord Windgrace,Secret Lair Drop Series,57,57,5807.42
191349,Hall of Heliod's Generosity,Modern Horizons,457,479,5806.68
532954,Raucous Theater (Borderless),Murders at Karlov Manor,284,295,5803.18
591210,Swiftfoot Boots,Foundations,1698,2089,5801.09
688928,Return the Favor,Secrets of Strixhaven: Mystical Archive,3261,4947,5798.26
142005,Herald of Secret Streams,Ixalan,838,1027,5796.56
79620,Necropotence,Deckmasters Garfield vs Finkel,47,47,5796.56
221884,"Ashaya, Soul of the Wild",Zendikar Rising,341,345,5792.08
673630,Dark Leo & Shredder,Teenage Mutant Ninja Turtles,865,925,5789.91
674662,Mothman Egg - Mesmeric Orb,Secret Lair Drop Series,360,384,5788.41
18661,Helm of the Ghastlord,Shadowmoor,682,707,5787.54
673569,"Michelangelo, Weirdness to 11",Teenage Mutant Ninja Turtles,1304,1446,5785.97
498829,Morgul-Knife - Shadowspear (Borderless) (Surge Foil),Commander: The Lord of the Rings: Tales of Middle-earth,32,32,5783.48
503556,Heroic Intervention,Commander Masters,374,410,5782.0
6787,Argothian Enchantress,Urza's Saga,80,95,5781.97
239399,Force of Negation (Retro Frame) (Foil Etched),Modern Horizons,75,91,5777.58
644287,Icetill Explorer (Extended Art),Edge of Eternities,221,240,5773.87
221811,Marsh Flats,Zendikar Rising Expeditions,105,117,5772.16
558589,"Jace, the Mind Sculptor (Borderless) (Raised Foil)",Commander: Bloomburrow,14,14,5763.27
457202,Entomb (Borderless),Dominaria Remastered,356,361,5762.75
532976,Hedge Maze (Borderless),Murders at Karlov Manor,261,276,5761.17
617984,"Veyran, Voice of Duality (Rainbow Foil)",Secret Lair Drop Series,76,76,5760.95
633123,The Water Crystal,FINAL FANTASY,1388,1512,5760.64
10758,Graveborn Muse,Legions,208,328,5756.97
688840,Armageddon (JP Alternate Art) (Silver Scroll Foil),Secrets of Strixhaven: Mystical Archive,104,104,5754.34
212623,"Kinnan, Bonder Prodigy",Ikoria: Lair of Behemoths,353,364,5749.95
631209,Darksteel Plate,Commander: FINAL FANTASY,1139,1278,5747.09
452700,"Myrel, Shield of Argive",The Brothers' War,302,307,5741.41
3068,Seeker of Skybreak,7th Edition,530,1084,5739.05
504554,Flawless Maneuver,Commander Masters,256,264,5738.51
488278,Sol Ring,Commander: The Lord of the Rings: Tales of Middle-earth,1706,2787,5738.3
577808,"Ashaya, Soul of the Wild",Commander: Duskmourn: House of Horror,353,379,5736.47
559736,Sol Ring,Commander: Bloomburrow,1420,2321,5735.37
524252,Underworld Breach (Borderless),Special Guests,142,142,5734.12
623900,Mountain (0290),Tarkir: Dragonstorm,242,315,5733.16
11802,Grinding Station,Fifth Dawn,268,282,5732.21
239186,Verdant Catacombs (Retro Frame),Modern Horizons 2,119,142,5730.6
66415,Hallowed Fountain,Return to Ravnica,585,697,5730.23
645290,Chaos Emerald - Lotus Petal (7031),Secret Lair Drop Series,24,24,5728.03
631136,Professional Face-Breaker,Commander: FINAL FANTASY,1017,1112,5726.37
11808,Krark-Clan Ironworks,Fifth Dawn,307,317,5720.74
687513,Goldvein Hydra,Commander: Secrets of Strixhaven,1210,1607,5717.66
588098,"Liliana, Dreadhorde General",Foundations,714,742,5710.37
6341,Memory Jar,Urza's Legacy,152,157,5706.13
524273,"Pantlaza, Sun-Favored (Borderless)",Commander: The Lost Caverns of Ixalan,254,256,5704.28
207337,Path to Exile,MagicFest Cards,523,610,5701.91
236401,Stinging Study,Commander 2021,298,315,5700.87
221808,Bloodstained Mire,Zendikar Rising Expeditions,102,113,5698.14
688474,Gilded Lotus,WPN & Gateway Promos,393,679,5695.38
687590,Currency Converter,Commander: Secrets of Strixhaven,1072,1907,5692.75
630905,Wastes,FINAL FANTASY,1321,4073,5691.43
475560,Forest (Phyrexian) - Full Art (Oil Slick Raised Foil),Phyrexia: All Will Be One,296,756,5686.38
222160,Sea Gate Restoration (Extended Art),Zendikar Rising,115,117,5684.22
526216,Akroma's Will,Commander: The Lost Caverns of Ixalan,382,385,5681.74
576519,Gloomlake Verge (Borderless),Duskmourn: House of Horror,315,346,5675.4
631576,Rise of the Dark Realms,Commander: FINAL FANTASY,1222,1491,5669.82
532951,Shadowy Backstreet (Borderless),Murders at Karlov Manor,273,278,5668.76
648689,"Katara, Waterbending Master",Avatar: The Last Airbender: Eternal-Legal,439,529,5663.44
541326,Cover of Darkness,Universes Beyond: Assassin's Creed,684,704,5661.59
221813,Verdant Catacombs,Zendikar Rising Expeditions,92,99,5660.48
630946,Traveling Chocobo (Borderless) (Neon Ink Yellow),FINAL FANTASY,3,3,5659.99
688226,Turbulent Wilderness (Extended Art),Commander: Secrets of Strixhaven,612,691,5659.4
575076,"Kaito, Bane of Nightmares",Duskmourn: House of Horror,365,426,5657.5
552708,Shifting Woodland (Borderless),Modern Horizons 3,406,427,5655.16
6445,Brainstorm,Mercadian Masques,225,397,5647.14
518091,Nazgul (0727) (Showcase Scrolls),Universes Beyond: The Lord of the Rings: Tales of Middle-earth,71,74,5646.96
623960,"Elspeth, Storm Slayer (Showcase)",Tarkir: Dragonstorm,70,72,5644.88
688835,Akroma's Will (JP Alternate Art),Secrets of Strixhaven: Mystical Archive,260,263,5644.09
82887,Exploration,Conspiracy,162,168,5634.88
641774,Sacred Foundry (Borderless),Edge of Eternities,425,463,5630.25
457275,Worldly Tutor (Retro Frame),Dominaria Remastered,213,223,5626.23
267068,Morphic Pool (Extended Art),Commander Legends: Battle for Baldur's Gate,164,167,5622.43
478283,"Mondrak, Glory Dominus (Oil Slick Raised Foil)",Phyrexia: All Will Be One,62,62,5620.95
698225,Bountiful Promenade,Commander: Marvel Super Heroes,517,800,5596.37
110733,Mana Confluence,Zendikar Expeditions,29,31,5594.12
39596,Unwinding Clock,New Phyrexia,272,282,5592.18
697454,Spectator Seating,Commander: Marvel Super Heroes,558,832,5590.68
552383,Sapphire Medallion (Borderless),Modern Horizons 3,358,366,5588.98
218862,Stoneforge Mystic (Borderless),Double Masters,97,110,5588.23
1938,Strip Mine,Fourth Edition,354,374,5587.88
275183,Old Gnawbone,The List Reprints,107,109,5586.06
505829,Training Center,Commander Masters,331,338,5579.02
205260,"Arahbo, Roar of the World",Secret Lair Drop Series,86,87,5578.23
671070,Bloom Tender (0324) (Showcase),Lorwyn Eclipsed,362,373,5576.57
503225,An Offer You Can't Refuse,Secret Lair Showdown,357,373,5575.93
624738,Nature's Rhythm,Tarkir: Dragonstorm,906,1062,5575.47
7036,Show and Tell,Urza's Saga,70,102,5573.04
552351,Kaalia of the Vast (0343) (Borderless),Modern Horizons 3,103,103,5572.57
697319,"Karolina Dean, Runaway",Commander: Marvel Super Heroes,446,455,5566.15
224287,"Rick, Steadfast Leader",Secret Lair Drop Series,114,115,5564.32
475563,Island (Phyrexian) - Full Art (Oil Slick Raised Foil),Phyrexia: All Will Be One,325,658,5564.05
238616,Verdant Catacombs (Extended Art),Modern Horizons 2,152,162,5560.62
518064,Nazgul (0723) (Showcase Scrolls),Universes Beyond: The Lord of the Rings: Tales of Middle-earth,51,51,5555.6
12437,Freed from the Real,Saviors of Kamigawa,719,766,5555.52
645294,Chaos Emerald - Lotus Petal (7035),Secret Lair Drop Series,37,37,5554.78
651376,Heroic Intervention (Borderless),Marvel Universe Eternal-Legal,351,360,5550.88
66412,Blood Crypt,Return to Ravnica,448,520,5550.63
5802,Anvil of Bogardan,Visions,124,137,5548.17
544888,Reanimate,Outlaws of Thunder Junction: Breaking News,597,632,5542.76
693226,Mountain (2418),Secret Lair Drop Series,295,701,5541.25
641771,Breeding Pool (Borderless),Edge of Eternities,396,417,5536.19
512238,"Alela, Cunning Conqueror",Commander: Wilds of Eldraine,382,394,5534.91
552583,Sundering Eruption,Modern Horizons 3,1875,3207,5532.86
4351,Mind Over Matter,Exodus,129,137,5531.92
688516,Mana Sculpt,Secrets of Strixhaven,2525,3456,5531.57
532973,Elegant Parlor (Borderless),Murders at Karlov Manor,287,313,5527.47
688917,Pyretic Ritual (JP Alternate Art),Secrets of Strixhaven: Mystical Archive,439,465,5523.74
578052,Abhorrent Oculus (Borderless),Duskmourn: House of Horror,250,328,5518.86
218965,Sword of Feast and Famine (Borderless),Double Masters,55,55,5508.23
453145,Urza's Workshop (Extended Art),Commander: The Brothers' War,299,319,5507.64
203005,Mana Crypt,The List Reprints,118,135,5504.09
660653,Planetarium of Wan Shi Tong,Avatar: The Last Airbender,858,916,5501.1
488303,Sol Ring - Dwarven (0409) (Serial Numbered),Commander: The Lord of the Rings: Tales of Middle-earth,2,2,5500.0
66417,Overgrown Tomb,Return to Ravnica,507,575,5499.41
240149,Strike It Rich,Modern Horizons 2,1405,1961,5496.77
696487,"Daredevil, Man Without Fear (Borderless) (0372)",Marvel Super Heroes,790,818,5496.11
276259,"Kozilek, Butcher of Truth",Double Masters 2022,121,121,5494.38
631256,Snuff Out,Commander: FINAL FANTASY,635,965,5493.4
662551,The Legend of Kyoshi,Avatar: The Last Airbender,869,929,5491.27
671890,Moonshadow (0396) (Showcase) (Fracture Foil),Lorwyn Eclipsed,35,37,5488.22
687525,Kami of Whispered Hopes,Commander: Secrets of Strixhaven,1338,1864,5485.41
563314,Cabal Coffers (White Border),Mystery Booster 2,241,256,5483.66
210357,"Minamo, School at Water's Edge",The List Reprints,106,106,5482.93
222030,Shatterskull Smashing,Zendikar Rising,547,628,5480.23
575069,Razorkin Needlehead,Duskmourn: House of Horror,901,970,5477.64
491202,Sheoldred,March of the Machine,302,302,5477.24
646613,"Doctor Octopus, Master Planner",Marvel's Spider-Man,1176,1349,5476.36
688691,Mind into Matter,Secrets of Strixhaven,1659,2341,5475.8
5890,Necromancy,Visions,327,337,5475.24
688873,Feed the Swarm,Secrets of Strixhaven: Mystical Archive,2395,3547,5470.16
696250,Dark Ritual,Commander: Marvel Super Heroes,408,433,5467.01
458224,Snap,Dominaria Remastered,1330,1594,5464.21
234216,Sliver Legion,Time Spiral: Remastered,128,132,5463.63
552334,Solitude (Retro Frame),Modern Horizons 2,95,114,5461.54
697486,Path to Exile (Borderless) (0047),Marvel Universe Eternal-Legal,729,762,5459.4
646522,"Anti-Venom, Horrifying Healer",Marvel's Spider-Man,876,994,5457.45
513295,"Greymond, Avacyn's Stalwart",SLX Cards,83,83,5453.9
688900,Preordain,Secrets of Strixhaven: Mystical Archive,1163,1377,5452.95
642114,Cosmogrand Zenith,Edge of Eternities,759,931,5452.47
544486,"Kambal, Profiteering Mayor",Outlaws of Thunder Junction,863,964,5451.62
677493,"Klauth, Unrivaled Ancient",Secret Lair Drop Series,213,232,5450.46
696578,"Storm, Windrider (Borderless)",Marvel Super Heroes,1253,1329,5449.61
10170,Prismatic Strands,Judgment,388,799,5446.44
563127,Pyroblast (Future Sight),Mystery Booster 2,232,262,5441.44
591057,Boros Charm,Foundations,879,1177,5440.01
105554,Polluted Delta,Zendikar Expeditions,11,11,5439.67
645293,Chaos Emerald - Lotus Petal (7034),Secret Lair Drop Series,27,27,5436.52
688897,Culling the Weak (JP Alternate Art),Secrets of Strixhaven: Mystical Archive,411,424,5427.03
11311,Vault of Whispers,Mirrodin,833,1450,5426.46
686570,Reprieve (JP Alternate Art) (Silver Scroll Foil),Secrets of Strixhaven: Mystical Archive,174,178,5416.52
235245,Dark Ritual,Strixhaven: Mystical Archive,367,388,5413.77
4639,Dance of the Dead,Ice Age,392,420,5410.95
641867,Mana Confluence (0160) (Borderless) (Galaxy Foil),Edge of Eternities: Stellar Sights,15,15,5405.44
588064,Adamantium Bonding Tank - The Ozolith,Secret Lair Drop Series,77,78,5404.54
617854,"Miku, Font of Pop - Giada, Font of Hope (Rainbow Foil)",Secret Lair Drop Series,193,236,5403.17
577863,Giggling Skitterspike,Commander: Duskmourn: House of Horror,412,436,5397.81
518159,Dawn of a New Age (Borderless Poster),Universes Beyond: The Lord of the Rings: Tales of Middle-earth,120,129,5395.73
633128,Darkness of Eternity - Dark Ritual (Showcase),FINAL FANTASY: Through the Ages,354,364,5394.02
182831,Hallowed Fountain,Ravnica Allegiance,555,625,5392.68
624504,Colossal Grave-Reaver,Commander: Tarkir: Dragonstorm,573,591,5392.3
624015,Craterhoof Behemoth (Showcase) (Halo Foil),Tarkir: Dragonstorm,23,23,5392.05
668491,Heroic Intervention (0080) (Borderless),Marvel Universe Eternal-Legal,667,738,5391.52
1898,Red Elemental Blast,Fourth Edition,713,1280,5390.15
553171,Eldrazi Confluence,Commander: Modern Horizons 3,449,501,5389.58
222131,Scute Swarm,Zendikar Rising,691,741,5389.14
590506,Kodama of the West Tree (Anime),Foundations Jumpstart,291,307,5387.57
641772,Godless Shrine (Borderless),Edge of Eternities,408,437,5384.28
518018,Nazgul (0729) (Showcase Scrolls),Universes Beyond: The Lord of the Rings: Tales of Middle-earth,70,71,5384.23
631045,"Emet-Selch, Unsundered (Borderless) (Surge Foil)",FINAL FANTASY,88,92,5383.19
276439,Grand Arbiter Augustin IV,Double Masters 2022,299,321,5382.63
262222,Fable of the Mirror-Breaker,Kamigawa: Neon Dynasty,626,763,5381.09
206025,Mountain,Theros Beyond Death,811,3117,5377.95
203134,"Animar, Soul of Elements",The List Reprints,152,164,5377.77
499595,The Black Gate,Commander: The Lord of the Rings: Tales of Middle-earth,575,621,5376.62
649636,Sliver Legion (1310) (Rainbow Foil),Secret Lair Drop Series,154,156,5374.56
176839,Mnemonic Betrayal,Guilds of Ravnica,398,406,5369.34
10856,Brain Freeze,Scourge,185,275,5368.52
236115,Thousand-Year Elixir,Commander 2021,366,373,5367.03
119687,"Gisela, the Broken Blade",Eldritch Moon,249,253,5364.24
498305,"Boromir, Warden of the Tower",Universes Beyond: The Lord of the Rings: Tales of Middle-earth,862,979,5362.9
555790,"Caduceus, Staff of Hermes",Universes Beyond: Assassin's Creed,778,874,5362.87
631050,"Squall, SeeD Mercenary (Borderless) (Surge Foil)",FINAL FANTASY,98,98,5362.25
39521,Gitaxian Probe,New Phyrexia,1140,1300,5360.92
662109,Earthbender Ascension,Avatar: The Last Airbender,1283,1662,5360.59
545971,"Bristly Bill, Spine Sower",Promo Pack: Outlaws of Thunder Junction,127,130,5359.85
239444,"Chatterfang, Squirrel General",Modern Horizons 2,596,644,5357.8
205256,The Ur-Dragon,Secret Lair Drop Series,89,89,5356.16
262439,"Boseiju, Who Endures (Extended Art)",Kamigawa: Neon Dynasty,91,92,5355.37
3951,Mana Drain,Legends,33,33,5353.85
286553,Reaver Titan,"Universes Beyond: Warhammer 40,000",236,238,5343.53
696418,Fiery Emancipation (Borderless),Marvel Universe Eternal-Legal,745,809,5341.28
545129,Generous Plunderer,Outlaws of Thunder Junction: The Big Score,406,420,5336.79
590828,An Offer You Can't Refuse,Foundations,1998,2327,5325.86
660551,The Legend of Roku (Borderless),Avatar: The Last Airbender,313,330,5325.51
552347,Pearl Medallion (Borderless),Modern Horizons 3,373,380,5321.73
615183,Lightning Greaves,Commander: Aetherdrift,1011,1199,5319.68
697290,Loki's Scepter,Commander: Marvel Super Heroes,645,780,5318.27
671889,Moonshadow (0386) (Showcase),Lorwyn Eclipsed,132,159,5315.79
638804,"Torgal, Clive's Companion - Yoshimaru, Ever Faithful (MagicCon: Las Vegas 2025)",MagicFest Cards,105,112,5312.62
687400,Drumbellower,Commander: Secrets of Strixhaven,1276,1925,5306.91
243382,Unexpected Windfall,Adventures in the Forgotten Realms,1591,1793,5305.2
693225,Sol Ring (2417),Secret Lair Drop Series,91,95,5304.35
591770,Blasphemous Edict,Foundations,1071,1224,5302.66
608001,Terror of the Peaks,Unique and Miscellaneous Promos,55,56,5298.56
517251,"Anduril, Narsil Reforged (Borderless)",Commander: The Lord of the Rings: Tales of Middle-earth,398,403,5297.66
11645,Panoptic Mirror,Darksteel,235,246,5296.27
2844,Caltrops,7th Edition,433,483,5294.67
524257,Amulet of Vigor (Borderless),Commander: The Lost Caverns of Ixalan,64,64,5294.46
93033,Stubborn Denial,Khans of Tarkir,981,1306,5292.39
552728,Toxic Deluge,Modern Horizons 3,870,960,5291.67
279245,Smothering Tithe,Judge Promos,47,47,5290.84
553186,Scute Swarm,Commander: Modern Horizons 3,656,722,5290.51
670971,Vibrance,Lorwyn Eclipsed,836,1100,5289.38
498461,Barrow-Downs - Bojuka Bog (Borderless),Commander: The Lord of the Rings: Tales of Middle-earth,159,161,5285.69
559141,Mockingbird,Bloomburrow,983,1157,5284.65
512373,Defense of the Heart,Wilds of Eldraine: Enchanting Tales,191,191,5281.64
578884,Overlord of the Balemurk (Showcase) (Fracture Foil),Duskmourn: House of Horror,14,23,5277.91
247841,"Wilhelt, the Rotcleaver",Commander: Innistrad: Midnight Hunt,498,538,5277.08
4043,The Abyss,Legends,10,10,5276.78
618860,Jumbo Cactuar (Borderless),FINAL FANTASY,451,471,5276.68
632697,Nibelheim Aflame (Borderless),FINAL FANTASY,304,312,5272.84
695514,Warstorm Surge,Media Promos,298,434,5270.75
512615,Parallel Lives (Anime Borderless),Wilds of Eldraine: Enchanting Tales,109,111,5266.47
588012,Commander's Plate (1733),Secret Lair Drop Series,120,122,5262.92
518020,Nazgul (0730) (Showcase Scrolls),Universes Beyond: The Lord of the Rings: Tales of Middle-earth,71,71,5262.84
82619,Force of Will,Judge Promos,12,12,5261.42
491273,Urabrask (Showcase),March of the Machine,284,284,5261.31
693229,Mountain (2420),Secret Lair Drop Series,292,734,5260.66
218287,Urza's Tower (Borderless),Double Masters,109,126,5260.33
565195,Exquisite Blood (Rainbow Foil),Secret Lair Drop Series,120,123,5259.91
689160,"Arnyn, Deathbloom Botanist",Secrets of Strixhaven,1796,2479,5257.41
5954,Vampiric Tutor,Visions,81,81,5256.05
561142,Hazel of the Rootbloom (Borderless) (Raised Foil),Commander: Bloomburrow,11,11,5254.73
632059,Vincent Valentine (Borderless) (Surge Foil),FINAL FANTASY,137,138,5253.8
688478,Resonating Lute (Extended Art),Secrets of Strixhaven,846,924,5251.99
662034,Llanowar Elves,Secret Lair Countdown Kit,259,298,5250.14
668490,Heroic Intervention (0079) (Borderless),Marvel Universe Eternal-Legal,688,761,5249.91
15569,Merrow Commerce,Lorwyn,380,391,5247.64
645295,Chaos Emerald - Lotus Petal (7036),Secret Lair Drop Series,31,31,5245.22
118457,Argothian Enchantress,Eternal Masters,81,82,5244.36
1571,Sol Ring,Revised Edition,335,389,5243.75
206936,Dryad of the Ilysian Grove,Theros Beyond Death,539,574,5243.52
216346,"Muxus, Goblin Grandee",Jumpstart,361,389,5241.74
70993,Thoughtseize,Theros,469,772,5238.43
126443,Walking Ballista,Aether Revolt,457,507,5238.4
513747,Retether,Commander: Wilds of Eldraine,251,251,5235.6
27091,Crumbling Ashes,Eventide,175,176,5233.62
643638,Ancient Tomb (0136) (Borderless) (Galaxy Foil),Edge of Eternities: Stellar Sights,11,11,5233.49
129733,Nest of Scarabs,Amonkhet,847,949,5228.43
6215,Opalescence,Urza's Destiny,100,137,5227.15
638514,"Squall, SeeD Mercenary",Standard Showdown Promos,183,200,5226.32
452353,Portal to Phyrexia (Extended Art),The Brothers' War,104,106,5225.76
547733,Mana Vault (Rainbow Foil),Secret Lair Drop Series,3,3,5216.77
93190,Altar of the Brood,Khans of Tarkir,606,628,5216.74
513585,Leyline of Anticipation,Wilds of Eldraine: Enchanting Tales,582,600,5216.4
688682,Emeritus of Abundance (Extended Art),Secrets of Strixhaven,486,515,5216.07
233776,Ponder,Time Spiral: Remastered,91,125,5215.64
674680,Sunset Sarsaparilla Machine - Nuka-Cola Vending Machine,Secret Lair Drop Series,214,230,5212.4
670995,Dolmen Gate (Borderless),Special Guests,177,180,5211.02
686591,Forest (0271),Secrets of Strixhaven,2249,6556,5210.46
58167,"Avacyn, Angel of Hope",Avacyn Restored,140,145,5204.5
648664,"Aang, Airbending Master",Avatar: The Last Airbender: Eternal-Legal,470,483,5204.27
563201,Mindbreak Trap (Future Sight),Mystery Booster 2,269,319,5199.81
218611,Sword of Fire and Ice,Double Masters,107,107,5199.76
649608,"Bumi, Eclectic Earthbender",Avatar: The Last Airbender: Eternal-Legal,519,527,5199.68
226861,"Ardenn, Intrepid Archaeologist",Commander Legends,1052,1131,5198.81
588051,"Wolverine, Best There Is",Secret Lair Drop Series,106,132,5194.06
122847,Chrome Mox,Masterpiece Series: Kaladesh Inventions,6,6,5191.98
625055,Kaalia of the Vast (Rainbow Foil),Secret Lair Drop Series,41,41,5186.02
552857,"Ashling, Flame Dancer",Modern Horizons 3,875,918,5184.7
696467,Super-Soldier Serum,Marvel Super Heroes,1851,3353,5183.1
689060,"Blech, Loafing Pest (Borderless)",Secrets of Strixhaven,1298,1386,5182.61
662064,Sol Ring,Secret Lair Countdown Kit,255,280,5177.41
524345,Forest,Universes Beyond: Jurassic World Collection,324,544,5173.84
33464,"Valakut, the Molten Pinnacle",Zendikar,293,323,5171.7
164411,City of Traitors - 1999 Kai Budde (EXO),World Championship Decks,76,116,5170.12
563228,Grinding Station (Future Sight),Mystery Booster 2,245,263,5164.87
563068,City of Brass (Future Sight),Mystery Booster 2,187,212,5164.75
235876,Dragon's Approach,Strixhaven: School of Mages,616,1853,5164.28
533427,"Delney, Streetwise Lookout (Showcase)",Murders at Karlov Manor,130,131,5163.26
226624,Fyndhorn Elves,Commander Legends,1264,1599,5160.91
517882,"Buttercup, Provincial Princess - Sisay, Weatherlight Captain",Secret Lair Drop Series,65,65,5158.43
614435,Willowrush Verge,Aetherdrift,599,650,5151.18
687596,Scorched Geyser,Commander: Secrets of Strixhaven,1200,1680,5151.04
9003,Chaos Orb,Unlimited Edition,5,5,5149.28
578912,Persistent Constrictor,Commander: Duskmourn: House of Horror,343,365,5149.19
631097,Champions from Beyond,Commander: FINAL FANTASY,991,2052,5146.1
645296,Chaos Emerald - Lotus Petal (7037),Secret Lair Drop Series,32,32,5142.32
688221,Turbulent Springs (Extended Art),Commander: Secrets of Strixhaven,615,711,5139.12
587975,Earth's Mightiest Emblem - Arcane Signet (Rainbow Foil),Secret Lair Drop Series,172,185,5125.33
118421,Sensei's Divining Top,Eternal Masters,115,118,5115.84
545125,Fomori Vault,Outlaws of Thunder Junction: The Big Score,434,447,5115.25
210402,Amulet of Vigor,The List Reprints,98,103,5111.48
212061,"Godzilla, Doom Inevitable - Yidaro, Wandering Monster",Ikoria: Lair of Behemoths,195,204,5111.38
552630,Emperor of Bones,Modern Horizons 3,1001,1872,5107.73
578877,Sheltered by Ghosts,Duskmourn: House of Horror,1271,2245,5107.1
696298,The Scarlet Witch,Marvel Super Heroes,2030,2758,5105.55
257020,Steam Vents (Borderless),Unfinity,126,144,5098.92
215343,"Azusa, Lost but Seeking",Core Set 2021,427,433,5093.19
8052,Yavimaya Coast,Apocalypse,89,137,5090.19
540931,Power Fist,Universes Beyond: Fallout,374,385,5089.72
687344,Expansion Algorithm,Commander: Secrets of Strixhaven,1060,1515,5087.56
39423,Praetor's Grasp,New Phyrexia,347,357,5086.2
503577,Grand Abolisher,Commander Masters,294,295,5084.19
697134,"Hyperion, Supreme Hero",Commander: Marvel Super Heroes,468,475,5083.74
615620,Bone Miser (Borderless),Special Guests,188,189,5081.95
671180,Abundant Countryside,Commander: Lorwyn Eclipsed,697,1525,5081.9
240047,Academy Manufactor,Modern Horizons 2,723,770,5080.01
190880,Force of Despair,Modern Horizons,516,670,5079.37
239837,Zuran Orb,Modern Horizons 2,1406,1601,5078.37
562494,"Urza, Lord High Artificer (Future Sight)",Mystery Booster 2,21,21,5077.55
11465,Chalice of the Void,Mirrodin,216,295,5077.01
518161,Shadow of the Enemy (Borderless Poster),Universes Beyond: The Lord of the Rings: Tales of Middle-earth,105,111,5073.41
559038,Dawn's Truce (Showcase),Bloomburrow,352,364,5072.02
262458,"Light-Paws, Emperor's Voice",Kamigawa: Neon Dynasty,731,838,5070.58
499221,Entish Restoration,Universes Beyond: The Lord of the Rings: Tales of Middle-earth,1395,1507,5069.82
696267,"Captain Marvel, Earth's Protector (Borderless) (0354)",Marvel Super Heroes,383,387,5068.71
182836,Godless Shrine,Ravnica Allegiance,460,491,5066.77
514318,Agatha's Soul Cauldron,Promo Pack: Wilds of Eldraine,143,145,5063.55
679067,"Leonardo, Cutting Edge (Showcase) (Fracture Foil)",Teenage Mutant Ninja Turtles,47,48,5062.78
589357,"Niv-Mizzet, Visionary",Foundations,690,745,5058.87
614391,Chrome Mox (Borderless) (First-Place Foil),Special Guests,10,10,5057.97
180823,Disrupting Shoal,Ultimate Masters,302,417,5057.78
504531,Grave Pact (Borderless),Commander Masters,140,142,5055.84
698056,Skullclamp,Commander: Marvel Super Heroes,559,925,5054.47
630949,Traveling Chocobo (Borderless) (Neon Ink Green),FINAL FANTASY,3,3,5053.68
638917,Swamp (0264) (Borderless),Edge of Eternities,1168,3269,5051.57
659471,FAS-BOR7 Horus - Blightsteel Colossus,Secret Lair Drop Series,155,162,5047.26
35573,Serra Ascendant,Magic 2011 (M11),158,163,5041.5
558360,"Ygra, Eater of All (Borderless)",Bloomburrow,240,242,5040.13
488332,The Party Tree - The Great Henge (Borderless) (Surge Foil),Commander: The Lord of the Rings: Tales of Middle-earth,28,28,5037.95
202945,Dolmen Gate,The List Reprints,176,180,5035.19
651342,"Prowler, Clawed Thief",Marvel's Spider-Man,486,861,5033.02
499784,Rejuvenating Springs,Commander: The Lord of the Rings: Tales of Middle-earth,753,826,5031.93
276715,Mana Drain,Double Masters 2022,84,88,5029.3
5714,Scroll Rack,Tempest,151,155,5028.83
697411,Hulkbuster Armor,Commander: Marvel Super Heroes,730,842,5026.44
273400,Displacer Kitten (Extended Art),Commander Legends: Battle for Baldur's Gate,109,112,5024.18
187141,"Jace, Wielder of Mysteries",War of the Spark,576,587,5022.64
450544,Skullclamp (1112),Secret Lair Drop Series,83,83,5021.01
6889,Goblin Lackey,Urza's Saga,137,183,5020.02
490977,Sheoldred (Showcase),March of the Machine,208,209,5019.27
517665,Watery Grave (Retro Frame),Ravnica Remastered,145,165,5015.86
589432,Phyrexian Arena,Foundations,1095,1192,5012.64
697185,Kindred Discovery,Commander: Marvel Super Heroes,608,755,5007.35
221809,Wooded Foothills,Zendikar Rising Expeditions,115,124,5003.16
509560,Doubling Season (Anime Borderless),Wilds of Eldraine: Enchanting Tales,110,111,5002.45
662552,The Legend of Kyoshi (Borderless),Avatar: The Last Airbender,328,331,4999.61
656913,Island (Chocobo Track Foil),Commander: FINAL FANTASY,562,1673,4996.32
253047,"Toxrill, the Corrosive",Innistrad: Crimson Vow,253,284,4995.8
182838,Blood Crypt,Ravnica Allegiance,434,488,4995.22
631047,"Kuja, Genome Sorcerer (Borderless) (Surge Foil)",FINAL FANTASY,129,130,4994.48
562492,Oracle of the Alpha,Mystery Booster 2,30,30,4993.14
490413,Kami of Whispered Hopes,March of the Machine,1065,1166,4991.02
544837,Imp's Mischief,Outlaws of Thunder Junction: Breaking News,761,798,4989.99
139784,"Arahbo, Roar of the World",Commander 2017,169,180,4989.43
679161,Ninja Pizza,Commander: Teenage Mutant Ninja Turtles,1068,1480,4987.9
214835,Mana Crypt,Double Masters,102,110,4986.41
37859,Forest - Full Art,Unhinged,146,347,4985.01
616939,The First Sliver (Future Sight),MagicFest Cards,144,175,4984.57
686541,Withering Curse,Secrets of Strixhaven,1413,1767,4983.74
511866,"Bruna, the Fading Light",Secret Lair Drop Series,86,86,4980.72
688725,Pongify,Secrets of Strixhaven: Mystical Archive,1348,1474,4979.36
687356,Naktamun Lorespinner,Commander: Secrets of Strixhaven,1076,1569,4976.86
530360,The Fourteenth Doctor,Secret Lair Drop Series,44,44,4973.44
641761,Starfield Vocalist (Showcase) (Fracture Foil),Edge of Eternities,30,30,4971.98
679117,Splinter of the Shadows - Ashcoat of the Shadow Swarm (Borderless),Teenage Mutant Ninja Turtles Source Material,844,975,4970.77
273302,Ancient Gold Dragon (Borderless),Commander Legends: Battle for Baldur's Gate,101,101,4968.72
609825,Cryptolith Rite,Innistrad Remastered,490,527,4966.81
457058,Urza's Incubator (Borderless),Dominaria Remastered,140,142,4961.39
633178,Clive Rosfield - Vial Smasher the Fierce (Showcase),FINAL FANTASY: Through the Ages,263,264,4956.73
504180,Balefire Dragon (Borderless),Commander Masters,161,164,4955.94
696560,Avengers Disassembled,Marvel Super Heroes,1333,3449,4948.77
206758,"Thassa, Deep-Dwelling (Showcase)",Theros Beyond Death,157,160,4948.74
638916,Island (0263) (Borderless),Edge of Eternities,1288,3445,4946.23
671294,Timeless Lotus,Commander: Lorwyn Eclipsed,1013,1680,4944.62
530867,Spark Double (Anime Borderless),Ravnica Remastered,204,219,4943.67
6245,Sigil of Sleep,Urza's Destiny,826,909,4936.61
548610,"Phelia, Exuberant Shepherd (Borderless)",Modern Horizons 3,359,440,4936.56
14720,Essence Warden,Planar Chaos,809,976,4936.3
243336,Fighter Class,Adventures in the Forgotten Realms,658,730,4933.12
698213,Helm of the Host,Commander: Marvel Super Heroes,659,877,4929.86
247826,Shipwreck Marsh,Innistrad: Midnight Hunt,710,761,4928.49
214840,Blightsteel Colossus (Borderless),Double Masters,69,70,4927.71
218887,Darksteel Forge,Double Masters,104,104,4923.57
617965,Deflecting Swat (Rainbow Foil),Secret Lair Drop Series,54,55,4922.33
660567,"Zuko, Firebending Master",Avatar: The Last Airbender: Eternal-Legal,425,436,4921.05
479577,"Zopandrel, Hunger Dominus",Phyrexia: All Will Be One,397,408,4917.67
631216,Eye of Nidhogg,Commander: FINAL FANTASY,951,1026,4916.19
257679,Island (296) - JP Full Art,Kamigawa: Neon Dynasty,615,1295,4915.33
641753,Exalted Sunborn (Showcase),Edge of Eternities,91,92,4914.07
128280,Verdant Catacombs,Modern Masters 2017,135,141,4909.24
505965,Ondu Spiritdancer,Commander Masters,340,410,4907.6
218573,Trinisphere,Double Masters,137,160,4901.14
517540,Cavern of Souls (0410a) (Borderless),The Lost Caverns of Ixalan,1,1,4900.0
591076,Basilisk Collar,Foundations,959,1197,4897.13
662396,Sol Ring (Showcase),Avatar: The Last Airbender: Eternal-Legal,678,761,4893.1
656904,Estinien Varlineau (Borderless) (Chocobo Track Foil),Commander: FINAL FANTASY,173,176,4892.5
6713,"Squee, Goblin Nabob",Mercadian Masques,72,88,4890.86
504130,Kindred Dominance,Commander Masters,280,289,4887.29
3174,City in a Bottle,Arabian Nights,13,13,4885.04
650374,"Delney, Streetwise Lookout (JP Exclusive)",Planeswalker Event Promos,36,36,4882.5
532982,Field of the Dead (Borderless),Special Guests,95,95,4882.48
218612,Sword of Fire and Ice (Borderless),Double Masters,57,58,4880.33
495612,"Karn, Legacy Reforged",March of the Machine: The Aftermath,292,307,4875.32
3376,City of Brass,Chronicles,129,163,4872.73
689388,Culling Ritual (JP Alternate Art) (Silver Scroll Foil),Secrets of Strixhaven: Mystical Archive,162,163,4871.44
15655,Thoughtseize,Lorwyn,77,140,4868.0
480170,Phyrexian Altar,The List Reprints,88,88,4866.7
59815,Diabolic Revelation,Magic 2013 (M13),450,467,4866.23
214839,Blightsteel Colossus,Double Masters,123,123,4865.32
285910,Sporocyst,"Universes Beyond: Warhammer 40,000",287,297,4862.5
591788,Bloodthirsty Conqueror (Showcase) (Fracture Foil),Foundations,17,17,4857.85
519779,Auton Soldier,Universes Beyond: Doctor Who,420,453,4855.9
641816,Mana Confluence (0070) (Borderless),Edge of Eternities: Stellar Sights,63,63,4854.38
656804,The Destined Black Mage (Borderless),Commander: FINAL FANTASY,276,284,4854.2
544825,Contagion Engine,Outlaws of Thunder Junction: Breaking News,381,404,4853.47
544175,Insatiable Avarice,Outlaws of Thunder Junction,844,954,4853.17
282840,"Dihada, Binder of Wills",Commander: Dominaria United,317,318,4851.03
221814,Arid Mesa,Zendikar Rising Expeditions,83,92,4849.94
554652,"Elesh Norn, Grand Cenobite (0811) (Rainbow Foil)",Secret Lair Drop Series,7,7,4848.66
539469,Guardian Project,Universes Beyond: Fallout,381,385,4847.37
656835,A Realm Reborn (Borderless) (Chocobo Track Foil),FINAL FANTASY,181,183,4843.04
633737,Restoration Magic,FINAL FANTASY,1566,2038,4842.3
651360,"Gwenom, Remorseless",Marvel's Spider-Man,850,873,4841.85
11625,Darksteel Forge,Darksteel,135,135,4840.54
641728,"Haliya, Guided by Light",Edge of Eternities,1358,1823,4840.06
688224,Turbulent Steppe (Extended Art),Commander: Secrets of Strixhaven,608,690,4837.9
145275,Mana Drain,Iconic Masters,88,89,4836.44
656537,Demonic Tutor,Secret Lair Drop Series,45,45,4832.83
625668,cOuNTeRspELl (7010) (Rainbow Foil),Secret Lair Drop Series,25,27,4829.45
262929,Sensei's Divining Top,The List Reprints,111,113,4829.39
498618,Delighted Halfling (Extended Art),Universes Beyond: The Lord of the Rings: Tales of Middle-earth,168,177,4828.68
505835,Training Center (Borderless),Commander Masters,232,234,4826.68
4307,Culling the Weak,Exodus,476,516,4824.88
517519,The Skullspore Nexus,The Lost Caverns of Ixalan,419,440,4824.12
247904,Edgar Markov,Judge Promos,40,40,4822.95
222115,Maddening Cacophony,Zendikar Rising,629,679,4820.85
687620,Patchwork Banner,Commander: Secrets of Strixhaven,1102,1976,4819.91
562507,Wasteland (White Border),Mystery Booster 2,249,310,4818.19
656907,"Wakka, Devoted Guardian (Borderless) (Chocobo Track Foil)",Commander: FINAL FANTASY,185,185,4817.02
563085,Demonic Consultation (Future Sight),Mystery Booster 2,315,359,4816.65
230136,"Vorinclex, Monstrous Raider (Showcase)",Kaldheim,78,78,4812.52
544838,Mindbreak Trap,Outlaws of Thunder Junction: Breaking News,418,457,4811.51
168740,"Nicol Bolas, the Ravager",Core Set 2019,211,225,4808.62
166662,Morphic Pool,Battlebond,157,161,4806.47
686656,Talisman of Resilience (Borderless),Commander: Secrets of Strixhaven,515,576,4806.4
276316,Cavern of Souls,Double Masters 2022,86,90,4804.35
558681,"Vren, the Relentless (Borderless) (Raised Foil)",Bloomburrow,22,22,4803.91
282900,Tiller Engine,Commander: Dominaria United,184,184,4803.81
191062,Eladamri's Call,Modern Horizons,434,440,4801.44
578082,Enduring Vitality (Showcase),Duskmourn: House of Horror,88,90,4801.29
276937,Concordant Crossroads,Double Masters 2022,170,173,4798.42
206024,Swamp,Theros Beyond Death,700,2504,4796.41
67321,Sacred Foundry,Gatecrash,364,429,4794.27
696392,"Doctor Doom, King of Latveria (Borderless)",Commander: Marvel Super Heroes,683,759,4794.26
697023,Hawkeye's Bow,Marvel Super Heroes,1918,6052,4792.52
175203,Temple Garden,Guilds of Ravnica,521,608,4792.3
532881,Lush Portico,Murders at Karlov Manor,713,833,4791.91
651853,Counterspell (Borderless),Marvel Universe Eternal-Legal,421,448,4790.48
697447,Plaza of Heroes,Commander: Marvel Super Heroes,551,982,4790.12
249500,The Meathook Massacre,Promo Pack: Innistrad: Midnight Hunt,184,184,4786.68
47648,Sundial of the Infinite,Magic 2012 (M12),331,343,4786.45
501913,Goblin Matron,Secret Lair Drop Series,124,126,4785.57
662466,Mystical Tutor (Showcase),Avatar: The Last Airbender: Eternal-Legal,236,240,4784.63
687450,Monologue Tax,Commander: Secrets of Strixhaven,1220,1950,4784.22
507090,Rise of the Eldrazi (Extended Art),Commander Masters,190,192,4783.81
235249,Dark Ritual (JP Alternate Art),Strixhaven: Mystical Archive,70,75,4782.82
504186,"Mikaeus, the Unhallowed (Borderless)",Commander Masters,134,134,4782.77
151825,Island,Unstable,332,916,4779.81
6865,Exploration,Urza's Saga,72,83,4779.38
4386,Recurring Nightmare,Exodus,62,68,4776.71
688876,Feed the Swarm (JP Alternate Art) (Silver Scroll Foil),Secrets of Strixhaven: Mystical Archive,231,242,4775.93
11655,Sword of Fire and Ice,Darksteel,110,110,4774.96
590683,"Vito, Thorn of the Dusk Rose (Anime)",Foundations Jumpstart,457,472,4771.76
630866,Aerith Gainsborough (Borderless),FINAL FANTASY,482,506,4771.49
273372,Decanter of Endless Water,Commander Legends: Battle for Baldur's Gate,951,1129,4765.92
2831,Birds of Paradise,7th Edition,42,47,4764.39
552401,Subtlety (Borderless),Special Guests,237,294,4761.36
512693,Omniscience (Anime Borderless) (Confetti Foil),Wilds of Eldraine: Enchanting Tales,15,15,4760.62
696278,"Shuri, Wakandan Inventor",Marvel Super Heroes,2220,5051,4757.91
513414,Court of Garenbrig,Commander: Wilds of Eldraine,291,299,4756.97
218872,"Avacyn, Angel of Hope (Borderless)",Double Masters,55,55,4756.3
279244,Burgeoning (Borderless),Secret Lair Drop Series,99,99,4751.48
641864,Gemstone Caverns (0151) (Borderless) (Galaxy Foil),Edge of Eternities: Stellar Sights,15,15,4750.37
11976,Desperate Ritual,Champions of Kamigawa,629,832,4749.17
175582,"Niv-Mizzet, Parun",Guilds of Ravnica,724,846,4748.11
6976,Phyrexian Tower,Urza's Saga,106,114,4746.78
273636,Concordant Crossroads,Secret Lair Drop Series,169,170,4746.26
656902,"Barret, Avalanche Leader (Borderless) (Chocobo Track Foil)",Commander: FINAL FANTASY,210,210,4745.63
558445,Three Tree City (Borderless) (0337),Bloomburrow,94,94,4745.51
490400,Surrak and Goreclaw,March of the Machine,419,433,4745.36
693576,Lucky the Pizza Dog,Commander: Marvel Super Heroes,640,754,4743.29
693213,"Krenko, Mob Boss",Secret Lair Drop Series,97,97,4740.51
38267,Polluted Delta,Judge Promos,16,18,4737.85
6345,Mother of Runes,Urza's Legacy,303,413,4736.72
563089,Rishadan Port (Future Sight),Mystery Booster 2,214,288,4736.67
679188,"Raph & Mikey, Troublemakers (Showcase)",Teenage Mutant Ninja Turtles,629,689,4736.26
215342,Grim Tutor (Alternate Art),Core Set 2021,172,178,4735.37
558348,"Ral, Crackling Wit (Borderless) (Raised Foil)",Bloomburrow,13,13,4735.14
267884,Elvish Spirit Guide (Borderless),Secret Lair Drop Series,97,97,4734.02
499776,Asceticism,Commander: The Lord of the Rings: Tales of Middle-earth,905,1152,4729.78
559142,Mockingbird (Showcase),Bloomburrow,398,419,4727.77
285940,Shadow in the Warp,"Universes Beyond: Warhammer 40,000",259,262,4727.07
696446,The Vision (Borderless),Marvel Super Heroes,1211,1334,4725.22
5688,Reflecting Pool,Tempest,108,130,4724.59
698034,Loki's Double - Spark Double,Commander: Marvel Super Heroes,585,1041,4723.28
5299,Withering Boon,Mirage,394,447,4719.06
10688,Seedborn Muse,Legions,148,161,4718.27
118429,Enlightened Tutor,Eternal Masters,129,130,4716.26
633124,The Water Crystal (Borderless),FINAL FANTASY,477,494,4715.63
257025,Watery Grave (Borderless),Unfinity,127,141,4715.12
552406,Apex Devastator,Commander: Modern Horizons 3,962,1158,4713.37
190734,Force of Vigor,Modern Horizons,415,527,4712.81
559146,Valley Floodcaller,Bloomburrow,954,1025,4711.65
167964,Mycosynth Lattice,Battlebond,126,127,4709.87
71354,Whip of Erebos,Theros,600,627,4709.56
561737,Command Tower (0806) (Rainbow Foil),Secret Lair Drop Series,118,138,4705.99
643637,Ancient Tomb (0046) (Borderless),Edge of Eternities: Stellar Sights,27,28,4700.37
686592,Deathcap Glade (Borderless),Secrets of Strixhaven,1149,1300,4700.28
226941,Wheel of Misfortune,Commander Legends,559,568,4699.43
122729,"Kambal, Consul of Allocation",Kaladesh,658,688,4699.08
656682,Deceit (Borderless),Lorwyn Eclipsed,371,469,4695.58
528292,Command Tower (1496) (Galaxy Foil),Secret Lair Drop Series,87,87,4694.99
222132,Scute Swarm (Showcase),Zendikar Rising,567,589,4692.93
631176,Damning Verdict,Commander: FINAL FANTASY,1050,1287,4692.2
651335,"Electro, Assaulting Battery (Extended Art)",Marvel's Spider-Man,660,714,4691.51
498826,"Argonath, Pillars of the Kings - The Ozolith (Borderless) (Surge Foil)",Commander: The Lord of the Rings: Tales of Middle-earth,29,29,4691.25
240156,Archon of Cruelty,Modern Horizons 2,371,465,4690.09
151826,Swamp,Unstable,326,895,4686.68
686596,Stormcarved Coast (Borderless),Secrets of Strixhaven,1134,1301,4685.21
4410,Sphere of Resistance,Exodus,121,162,4684.29
7842,Orim's Chant,Planeshift,74,93,4677.39
696480,Captain America's Shield (Borderless) (0317),Marvel Super Heroes,674,696,4675.37
641760,Starfield Vocalist (Showcase),Edge of Eternities,106,106,4674.2
679115,"Splinter, the Mentor (0089) (Borderless) (Surge Foil)",Commander: Teenage Mutant Ninja Turtles,39,39,4674.09
499379,Minas Morgul - Cabal Coffers (Borderless) (Surge Foil),Commander: The Lord of the Rings: Tales of Middle-earth,33,34,4673.86
3484,Blood Moon,The Dark,73,92,4673.6
555059,"Ulamog, the Defiler (Borderless) (Serial Numbered)",Modern Horizons 3,2,2,4669.98
648590,Bloodthirsty Conqueror,Promo Pack: Edge of Eternities,137,139,4669.4
34700,"Kozilek, Butcher of Truth",Rise of the Eldrazi,89,91,4668.24
39058,Consecrated Sphinx,Mirrodin Besieged,146,151,4666.35
648704,Fated Firepower,Avatar: The Last Airbender,797,846,4665.16
212007,"Mothra, Supersonic Queen - Luminous Broodmoth",Ikoria: Lair of Behemoths,91,91,4664.41
276657,"Animar, Soul of Elements",Double Masters 2022,126,129,4663.47
679872,"Michelangelo, Weirdness to 11 (Borderless)",Teenage Mutant Ninja Turtles,622,656,4659.4
687543,Nature's Lore,Commander: Secrets of Strixhaven,1285,1845,4656.31
557276,Overlord of the Hauntwoods,Duskmourn: House of Horror,502,540,4652.49
33369,Mindbreak Trap,Zendikar,137,162,4649.42
505831,Vault of Champions,Commander Masters,267,276,4648.3
588053,"Wolverine, Best There Is (Rainbow Foil)",Secret Lair Drop Series,119,122,4647.42
697517,Clever Concealment,Commander: Marvel Super Heroes,577,966,4643.86
192896,Glint-Horn Buccaneer,Core Set 2020,694,718,4643.04
614429,Wastewood Verge (Borderless),Aetherdrift,343,388,4642.71
618874,"Y'shtola, Night's Blessed",Commander: FINAL FANTASY,834,1634,4640.41
499443,Lembas,Universes Beyond: The Lord of the Rings: Tales of Middle-earth,969,1789,4639.88
187194,"Teferi, Time Raveler",War of the Spark,605,708,4639.55
631006,"Kefka, Court Mage",FINAL FANTASY,825,887,4635.93
190865,Giver of Runes,Modern Horizons,401,431,4635.56
162254,Helm of the Host,Dominaria,430,447,4633.88
7720,Tsabo's Web,Invasion,117,158,4633.76
530880,Utvara Hellkite (Anime Borderless),Ravnica Remastered,141,144,4633.55
191343,Echo of Eons,Modern Horizons,249,276,4633.26
221818,Prismatic Vista,Zendikar Rising Expeditions,83,87,4632.9
559137,Into the Flood Maw,Bloomburrow,1368,1776,4628.84
499811,Vanquisher's Banner,Commander: The Lord of the Rings: Tales of Middle-earth,858,1096,4628.6
552293,Flare of Fortitude,Modern Horizons 3,1104,1252,4628.56
591209,Swiftfoot Boots (Borderless),Foundations,868,1423,4628.08
556385,Propaganda,Universes Beyond: Assassin's Creed,1220,1438,4627.07
666496,Command Tower (7063) (Rainbow Foil),Secret Lair Drop Series,256,273,4626.77
632108,Hope's Aero Magic - Cyclonic Rift,Secret Lair Drop Series,159,181,4626.2
697187,Raise Repulsor Shields - Raise the Palisade,Commander: Marvel Super Heroes,570,755,4622.82
646614,"Doctor Octopus, Master Planner (Borderless)",Marvel's Spider-Man,778,879,4622.69
697387,"Hulk, Strongest There Is",Commander: Marvel Super Heroes,653,671,4621.93
530973,Bruvac the Grandiloquent (Anime Borderless),Ravnica Remastered,107,107,4621.76
199556,"Torbran, Thane of Red Fell",Throne of Eldraine,1068,1304,4619.22
267060,Ancient Brass Dragon (Showcase),Commander Legends: Battle for Baldur's Gate,98,104,4615.62
6680,Sandstone Needle,Mercadian Masques,472,769,4615.42
563073,Cabal Ritual (Future Sight),Mystery Booster 2,233,248,4613.4
688822,Big Score (JP Alternate Art) (Silver Scroll Foil),Secrets of Strixhaven: Mystical Archive,190,196,4610.6
101350,"Liliana, Heretical Healer (SDCC 2015 Exclusive)",Media Promos,26,27,4609.86
559147,Valley Floodcaller (Showcase),Bloomburrow,407,416,4608.16
491820,"Ayara, First of Locthwain",March of the Machine: Multiverse Legends,485,494,4605.89
32662,Lurking Predators,Magic 2010 (M10),224,226,4599.52
448834,"Slicer, Hired Muscle",Universes Beyond: Transformers,507,524,4597.85
698205,Panther Habit,Commander: Marvel Super Heroes,532,616,4597.0
668487,Chaos Warp (Borderless),Marvel Universe Eternal-Legal,708,760,4596.58
2900,Final Fortune,7th Edition,65,65,4592.41
653165,Swamp (1952) (Raised Foil),Secret Lair Drop Series,105,202,4590.28
257021,Hallowed Fountain (Borderless),Unfinity,138,147,4585.52
453577,"Vito, Thorn of the Dusk Rose",30th Anniversary Promos,368,393,4584.91
272732,Monster Manual,Commander Legends: Battle for Baldur's Gate,490,511,4581.96
633984,"Gogo, Master of Mimicry (Borderless) (Surge Foil)",FINAL FANTASY,97,98,4581.8
122851,Lightning Greaves,Masterpiece Series: Kaladesh Inventions,19,19,4581.59
534638,Leyline of the Guildpact,Murders at Karlov Manor,796,1030,4581.32
3860,Eureka,Legends,13,13,4580.73
239180,Arid Mesa (Retro Frame),Modern Horizons 2,98,103,4577.15
151828,Forest,Unstable,296,946,4576.4
687517,Serra Paragon,Commander: Secrets of Strixhaven,969,1744,4574.76
663408,Calliope's Song - Seething Song,Secret Lair Drop Series,214,226,4572.12
624038,"Ugin, Eye of the Storms (Showcase) (Halo Foil)",Tarkir: Dragonstorm,12,14,4569.72
218698,Force of Will,Double Masters,51,57,4568.38
638919,Forest (0266) (Borderless),Edge of Eternities,1136,3165,4566.14
257040,Godless Shrine (Borderless),Unfinity,134,147,4564.82
11811,Mycosynth Golem,Fifth Dawn,111,117,4562.09
4211,Phyrexian Devourer,Alliances,109,137,4561.96
9407,Entomb,Odyssey,81,93,4559.93
206023,Island,Theros Beyond Death,748,2850,4559.82
664980,"Iroh, Grand Lotus (Extended Art)",Unique and Miscellaneous Promos,106,114,4555.92
499815,Herald's Horn,Commander: The Lord of the Rings: Tales of Middle-earth,929,991,4552.83
526131,Permission Denied (Borderless),Universes Beyond: Jurassic World Collection,336,347,4552.32
248672,Ancient Tomb,The List Reprints,34,37,4549.13
493992,Umezawa's Jitte,Secret Lair Drop Series,160,233,4547.39
699638,"Black Widow, Agile Avenger (Extended Art)",Commander: Marvel Super Heroes,181,192,4546.64
276355,"Ulamog, the Infinite Gyre (Borderless)",Double Masters 2022,95,95,4546.56
630924,Y'shtola Rhul,FINAL FANTASY,824,869,4544.89
558349,"Ral, Crackling Wit (Borderless)",Bloomburrow,237,246,4544.69
661960,Bloodbender's Rise - Bloodchief Ascension (Borderless),Avatar: The Last Airbender: Eternal-Legal,299,302,4544.1
679615,Hidden Hideout,Commander: Teenage Mutant Ninja Turtles,818,1166,4541.28
517241,Galadhrim Brigade (Borderless),Commander: The Lord of the Rings: Tales of Middle-earth,358,392,4540.78
679164,Ninja Pizza (Borderless) (Surge Foil),Commander: Teenage Mutant Ninja Turtles,56,56,4537.78
475565,"Elesh Norn, Mother of Machines (Oil Slick Raised Foil)",Phyrexia: All Will Be One,63,64,4535.35
198909,"Ayara, First of Locthwain",Throne of Eldraine,482,490,4533.5
558446,Three Tree City (Borderless) (0338),Bloomburrow,78,78,4532.93
642113,"Adagia, Windswept Bastion",Edge of Eternities,747,805,4532.41
59890,Akroma's Memorial,Magic 2013 (M13),149,150,4530.83
520174,Heroic Intervention,Universes Beyond: Doctor Who,303,317,4529.15
516541,Sol Ring (Retro Frame) (Foil Etched),Secret Lair Drop Series,60,60,4528.4
268915,Slip Out the Back,Streets of New Capenna,934,1101,4525.83
3183,Diamond Valley,Arabian Nights,10,10,4523.46
495606,"Ob Nixilis, Captive Kingpin",March of the Machine: The Aftermath,243,250,4522.85
670973,Vibrance (Borderless),Lorwyn Eclipsed,471,552,4522.32
14103,Rite of Flame,Coldsnap,463,517,4519.85
675587,Mathemagics (Extended Art),Secrets of Strixhaven,477,502,4515.46
631063,"G'raha Tia, Scion Reborn (Borderless) (Surge Foil)",Commander: FINAL FANTASY,70,71,4514.46
226407,Three Visits,Commander Legends,654,693,4513.87
499582,Galadhrim Ambush,Commander: The Lord of the Rings: Tales of Middle-earth,807,1051,4513.02
276397,Bitterblossom,Double Masters 2022,130,131,4512.03
253668,Hullbreaker Horror,Innistrad: Crimson Vow,781,813,4511.9
614399,Bleachbone Verge (Borderless),Aetherdrift,341,379,4504.87
697200,"Immortus, Master of Eternity",Commander: Marvel Super Heroes,275,288,4504.06
239727,"Chatterfang, Squirrel General (Borderless)",Modern Horizons 2,185,191,4499.33
37875,Island - Full Art,Unhinged,132,264,4498.56
517661,Steam Vents (Retro Frame),Ravnica Remastered,106,121,4497.81
544668,Annie Joins Up,Outlaws of Thunder Junction,916,961,4497.48
679568,Endless Foot Assault,Commander: Teenage Mutant Ninja Turtles,914,1170,4492.9
129836,Throne of the God-Pharaoh,Amonkhet,603,645,4492.52
480168,Mycosynth Lattice,The List Reprints,124,124,4490.89
625054,Kaalia of the Vast,Secret Lair Drop Series,45,45,4489.86
632145,Cloud's Buster Sword - Umezawa's Jitte,Secret Lair Drop Series,187,237,4486.38
457085,"Yawgmoth, Thran Physician (Retro Frame)",Dominaria Remastered,132,141,4481.24
505828,Spectator Seating,Commander Masters,259,265,4479.39
179463,Goryo's Vengeance,Ultimate Masters,282,445,4476.23
198755,Embercleave,Throne of Eldraine,466,482,4471.58
480185,Sword of Feast and Famine,The List Reprints,121,121,4470.26
203001,Lotus Petal,The List Reprints,112,112,4469.79
533194,Ranger-Captain of Eos,The List Reprints,124,133,4465.83
532990,Victimize (Borderless),Special Guests,131,131,4463.74
519239,Fiery Islet,Universes Beyond: Doctor Who,750,1081,4462.95
576515,Floodfarm Verge (Borderless),Duskmourn: House of Horror,313,350,4460.63
256409,Swords to Plowshares (Foil Etched) (Gold),Secret Lair Drop Series,96,105,4456.64
641854,Mana Confluence (0115) (Borderless) (Galaxy Foil),Edge of Eternities: Stellar Sights,32,32,4456.5
525249,"Chimil, the Inner Sun",The Lost Caverns of Ixalan,497,525,4456.19
243290,Xorn,Adventures in the Forgotten Realms,542,556,4455.91
128275,Arid Mesa,Modern Masters 2017,117,124,4455.65
686525,Sol Ring (288) (Pool Party Foil),Secret Lair Drop Series,193,212,4453.74
524352,"Aclazotz, Deepest Betrayal",The Lost Caverns of Ixalan,436,451,4453.56
582345,"Muxus, Goblin Grandee",The List Reprints,349,366,4452.52
641776,Stomping Ground (Borderless),Edge of Eternities,399,438,4452.37
221806,Flooded Strand,Zendikar Rising Expeditions,86,92,4451.95
588034,"Storm, Force of Nature (Rainbow Foil)",Secret Lair Drop Series,175,179,4448.86
6354,Palinchron,Urza's Legacy,120,123,4446.03
541294,Wooded Foothills (Extended Art),Modern Horizons 3,153,173,4445.11
696485,"Daredevil, Man Without Fear (Borderless) (0324)",Marvel Super Heroes,655,710,4442.47
451977,Unwinding Clock (Schematic),The Brothers' War: Retro Frame Artifacts,205,206,4441.78
541292,Polluted Delta (Extended Art),Modern Horizons 3,153,168,4438.13
688654,Practiced Offense,Secrets of Strixhaven,2320,4274,4437.39
637512,Arcane Denial - Fatalism (Borderless) (JP Exclusive),Buy-A-Box Promos,178,191,4434.31
560063,Skullclamp,Commander: Bloomburrow,559,714,4432.28
563181,Chain of Vapor (Future Sight),Mystery Booster 2,235,255,4428.34
34738,Soul's Attendant,Rise of the Eldrazi,786,870,4425.73
668454,The Coming of Galactus,Marvel Super Heroes,1249,1666,4424.3
47669,Grand Abolisher,Magic 2012 (M12),239,247,4423.8
518879,Everybody Lives!,Universes Beyond: Doctor Who,313,331,4420.82
14368,Spirit Loop,Time Spiral,396,411,4420.57
600473,The Meathook Massacre,Innistrad Remastered,159,164,4418.87
631114,Authority of the Consuls,Commander: FINAL FANTASY,814,1004,4415.79
8819,Lightning Bolt,Beta Edition,16,21,4413.91
696428,"Black Panther, Wakandan King (Borderless)",Marvel Universe Eternal-Legal,680,700,4413.46
563187,Echo of Eons (Future Sight),Mystery Booster 2,289,318,4413.01
9236,Tundra,Unlimited Edition,5,5,4412.97
458753,Mystic Remora (Borderless),Dominaria Remastered,343,358,4411.69
696268,Monica Rambeau (Borderless) (0356),Marvel Super Heroes,344,358,4407.39
233910,"Kiki-Jiki, Mirror Breaker",Time Spiral: Remastered,230,232,4403.24
117736,Force of Will,Eternal Masters,35,43,4402.81
643051,"Evendo, Waking Haven (Borderless)",Edge of Eternities,220,227,4397.6
696658,The Wondrous Wasp,Marvel Super Heroes,1733,3447,4396.65
634404,"Golbez, Crystal Collector (Borderless) (Surge Foil)",FINAL FANTASY,114,114,4395.84
697310,"Daredevil, Fearless Fighter",Commander: Marvel Super Heroes,624,644,4394.5
646136,"Ghost-Spider, Gwen Stacy",Marvel's Spider-Man: Eternal-Legal,374,385,4393.72
600510,"Emrakul, the Promised End (Retro Frame)",Innistrad Remastered,244,272,4388.56
259260,Dracula's Tomb - Phyrexian Tower,Secret Lair Drop Series,85,86,4386.73
206693,"Heliod, Sun-Crowned (Showcase)",Theros Beyond Death,177,179,4385.81
697333,Wanda's Vision,Commander: Marvel Super Heroes,486,503,4384.17
517697,Watery Grave (Borderless),Ravnica Remastered,122,145,4384.06
633168,Crystal of Altar Cave - Chromatic Lantern (Showcase),FINAL FANTASY: Through the Ages,369,374,4383.45
578081,Enduring Vitality (Extended Art),Duskmourn: House of Horror,328,353,4382.36
505838,Vault of Champions (Borderless),Commander Masters,237,237,4381.39
631750,Summon: Yojimbo (Borderless),Commander: FINAL FANTASY,326,330,4379.83
262422,"Takenuma, Abandoned Mire (Borderless)",Kamigawa: Neon Dynasty,212,214,4378.89
535786,Necromancy,Commander: Murders at Karlov Manor,231,236,4377.17
465580,Gamble (Retro Frame),Dominaria Remastered,269,282,4374.18
5947,Tithe,Visions,128,146,4370.81
499389,"Dol Amroth - Minamo, School at Water's Edge (Borderless) (Surge Foil)",Commander: The Lord of the Rings: Tales of Middle-earth,27,27,4369.99
641811,Gemstone Caverns (0061) (Borderless),Edge of Eternities: Stellar Sights,50,50,4363.79
218833,Archangel of Thune,Double Masters,73,74,4363.67
1945,Sylvan Library,Fourth Edition,134,157,4362.11
589326,Archmage of Runes,Foundations,1218,1361,4361.98
498525,Forge Anew,Universes Beyond: The Lord of the Rings: Tales of Middle-earth,856,901,4358.99
145286,Archangel of Thune,Iconic Masters,75,77,4356.44
686539,Eiganjo Dynastorian,Commander: Secrets of Strixhaven,1010,1333,4354.56
591688,"Muldrotha, the Gravetide (Showcase) (Fracture Foil)",Foundations,20,20,4351.25
689367,Veil of Summer (JP Alternate Art),Secrets of Strixhaven: Mystical Archive,414,457,4350.68
693053,The Eternal Wanderer (Japanese),WPN & Gateway Promos,2,2,4350.0
187130,"Tezzeret, Master of the Bridge",Buy-A-Box Promos,210,210,4349.79
509557,Necropotence (Anime Borderless) (Confetti Foil),Wilds of Eldraine: Enchanting Tales,6,8,4349.7
697558,Quantum Misalignment,Commander: Marvel Super Heroes,568,819,4347.41
209393,"Purphoros, God of the Forge",Secret Lair Drop Series,91,92,4345.8
518164,Hew the Entwood (Borderless Poster),Universes Beyond: The Lord of the Rings: Tales of Middle-earth,123,130,4339.26
563235,Natural Order (Future Sight),Mystery Booster 2,280,304,4338.98
286459,Commissar Severina Raine,"Universes Beyond: Warhammer 40,000",215,217,4335.52
532898,Commercial District (Borderless),Murders at Karlov Manor,292,302,4335.23
11314,Isochron Scepter,Mirrodin,365,395,4334.84
128281,Misty Rainforest,Modern Masters 2017,111,117,4334.06
6234,"Rofellos, Llanowar Emissary",Urza's Destiny,73,77,4333.02
660740,Secret Tunnel,Avatar: The Last Airbender,1320,1520,4331.42
513421,Throne of Eldraine (Extended Art),Commander: Wilds of Eldraine,113,118,4330.98
66547,Deathrite Shaman,Return to Ravnica,439,522,4329.78
39429,Birthing Pod,New Phyrexia,272,290,4329.76
552353,"Tamiyo, Inquisitive Student (Borderless)",Modern Horizons 3,119,140,4328.07
689365,Triumph of the Hordes (JP Alternate Art),Secrets of Strixhaven: Mystical Archive,252,260,4324.01
563244,Krark-Clan Ironworks (Future Sight),Mystery Booster 2,292,307,4322.77
562748,Screaming Nemesis,Duskmourn: House of Horror,501,641,4322.59
283118,Plaza of Heroes,Dominaria United,467,492,4321.57
537705,Simian Spirit Guide (Rainbow Foil),Secret Lair Drop Series,58,58,4321.39
192644,"Vilis, Broker of Blood",Core Set 2020,440,444,4320.58
233881,"Yawgmoth, Thran Physician",Time Spiral: Remastered,99,103,4317.88
648668,"Appa, Steadfast Guardian (Borderless)",Avatar: The Last Airbender,273,277,4316.66
196277,Seedborn Muse,Commander 2019,314,316,4314.99
689815,Command Tower (Strixhaven: Omens of Chaos),Media Promos,112,123,4313.74
67320,Godless Shrine,Gatecrash,389,420,4311.15
544277,Spirebluff Canal,Outlaws of Thunder Junction,595,780,4308.69
578900,The Lord of Pain (Borderless),Commander: Duskmourn: House of Horror,542,553,4306.09
457198,Entomb,Dominaria Remastered,252,254,4305.6
257676,Plains (293) - JP Full Art,Kamigawa: Neon Dynasty,561,1194,4303.6
494011,Misdirection (Halo Foil),Secret Lair Drop Series,56,57,4300.48
495646,Training Grounds,March of the Machine: The Aftermath,555,579,4299.73
560662,African Swallow - Birds of Paradise,Secret Lair Drop Series,88,94,4294.59
688910,Dismember,Secrets of Strixhaven: Mystical Archive,1293,1462,4294.29
524278,Dino DNA (Borderless),Universes Beyond: Jurassic World Collection,257,260,4292.82
286534,Vexilus Praetor,"Universes Beyond: Warhammer 40,000",224,234,4291.71
552660,Warren Soultrader (Retro Frame),Modern Horizons 3,190,195,4291.4
696424,Primal Vigor (Borderless),Marvel Universe Eternal-Legal,682,763,4291.31
504555,"Heliod, Sun-Crowned",Commander Masters,191,195,4290.78
504569,"Mikaeus, the Unhallowed",Commander Masters,153,158,4290.23
624325,Goldlust Triad,Commander: Tarkir: Dragonstorm,722,819,4289.34
591814,Llanowar Elves (Showcase) (Fracture Foil),Foundations,6,6,4287.46
575088,Archon of Cruelty (Showcase),Commander: Duskmourn: House of Horror,182,216,4284.93
478553,Sword of Forge and Frontier,Phyrexia: All Will Be One,396,414,4281.76
190867,Goblin Engineer,Modern Horizons,429,453,4280.31
679156,"Michelangelo, Weirdness to 11 (Showcase)",Teenage Mutant Ninja Turtles,158,162,4279.46
624049,Sol Ring,Commander: Tarkir: Dragonstorm,1468,2520,4278.8
548596,Flare of Denial,Modern Horizons 3,985,1382,4277.3
688877,Living End (JP Alternate Art),Secrets of Strixhaven: Mystical Archive,302,327,4276.96
695483,Sheltered by Ghosts,Secret Lair Drop Series,122,159,4275.62
524319,Bonehoard Dracosaur (Borderless),The Lost Caverns of Ixalan,246,250,4274.33
282860,The Reaver Cleaver,Commander: Dominaria United,281,283,4274.15
689107,Dina's Guidance,Secrets of Strixhaven,2325,3176,4273.45
656723,Eddie the Judge - Bruvac the Grandiloquent (Rainbow Foil),Secret Lair Drop Series,74,74,4272.92
557271,Enduring Tenacity (Showcase),Duskmourn: House of Horror,94,95,4271.63
553119,Eldrazi Monument,Commander: Modern Horizons 3,441,489,4271.6
609699,"Avacyn, Angel of Hope (Retro Frame)",Innistrad Remastered,134,140,4270.75
579319,Hall of Heliod's Generosity,Commander: Duskmourn: House of Horror,348,360,4269.23
696243,M.O.D.O.K. (Extended Art),Marvel Super Heroes,452,471,4264.76
651956,Savage Beating (Borderless),Marvel Universe Eternal-Legal,461,467,4263.87
559952,Academy Manufactor,Commander: Bloomburrow,591,666,4262.75
671135,Tree of Perdition,Commander: Lorwyn Eclipsed,949,1189,4262.67
698220,Black Panther's Claws - Hammer of Nazahn,Commander: Marvel Super Heroes,572,745,4259.93
276348,Vedalken Orrery,Double Masters 2022,235,243,4259.82
215322,Rite of Flame,Signature Spellbook: Chandra,498,525,4259.45
668481,Ephemerate (Borderless),Marvel Universe Eternal-Legal,684,806,4259.39
688461,Into the Flood Maw (Retro Frame),WPN & Gateway Promos,273,449,4259.04
591780,Rise of the Dark Realms (Borderless),Foundations,189,190,4256.86
39106,Sword of Feast and Famine,Mirrodin Besieged,109,112,4254.01
452750,Cityscape Leveler,The Brothers' War,299,315,4250.27
137121,The Scarab God,Masterpiece Series: Amonkhet Invocations,16,16,4249.08
693224,Skullclamp (2416),Secret Lair Drop Series,91,105,4246.95
540844,Atomize,Universes Beyond: Fallout,357,373,4246.89
524279,Life Finds a Way (Borderless),Universes Beyond: Jurassic World Collection,202,204,4245.44
696420,Seize the Day (Borderless),Marvel Universe Eternal-Legal,693,742,4243.61
686568,"Ral Zarek, Guest Lecturer (Borderless)",Secrets of Strixhaven,620,684,4243.53
6389,Snap,Urza's Legacy,593,775,4242.59
262438,"Otawara, Soaring City (Extended Art)",Kamigawa: Neon Dynasty,106,106,4242.33
206022,Plains,Theros Beyond Death,768,3272,4240.4
600452,Snapcaster Mage (Retro Frame),Innistrad Remastered,170,186,4238.65
182842,Breeding Pool,Ravnica Allegiance,346,370,4235.47
565203,"Karlach, Fury of Avernus (Rainbow Foil)",Secret Lair Drop Series,135,136,4234.68
273532,Astral Dragon,Commander Legends: Battle for Baldur's Gate,193,203,4233.27
3175,City of Brass,Arabian Nights,7,8,4232.78
686594,Shattered Sanctum (Borderless),Secrets of Strixhaven,1086,1237,4232.38
12581,Biorhythm,9th Edition,125,126,4228.5
624140,Dracogenesis (0300) (Showcase),Tarkir: Dragonstorm,273,278,4226.13
498680,Borne Upon a Wind,Universes Beyond: The Lord of the Rings: Tales of Middle-earth,771,976,4223.77
641754,Exalted Sunborn (Showcase) (Fracture Foil),Edge of Eternities,25,26,4222.39
653465,The Soul Stone,Prerelease Cards,30,30,4221.29
590832,High Fae Trickster (Borderless),Foundations,297,313,4220.78
285867,"Ghyrson Starn, Kelermorph (Surge Foil)","Universes Beyond: Warhammer 40,000",39,39,4220.01
180789,Phyrexian Tower,Ultimate Masters,147,152,4219.36
697018,"Black Widow, Super Spy (Borderless) (0364)",Marvel Super Heroes,356,372,4218.03
176426,Beast Whisperer,Guilds of Ravnica,545,563,4217.13
239431,Scalding Tarn (Retro Frame) (Foil Etched),Modern Horizons 2,84,99,4215.76
536706,"Delney, Streetwise Lookout",Promo Pack: Murders at Karlov Manor,115,117,4214.57
513386,Experimental Confectioner,Wilds of Eldraine,483,494,4213.89
122859,Scroll Rack,Masterpiece Series: Kaladesh Inventions,27,27,4213.07
688475,Sowing Mycospawn,Secret Lair Showdown,212,285,4213.05
624741,Nature's Rhythm (Borderless),Tarkir: Dragonstorm,482,525,4208.65
452236,"Liberator, Urza's Battlethopter",The Brothers' War,621,664,4206.94
679071,Teleportation Circle (Borderless),Teenage Mutant Ninja Turtles Source Material,823,920,4205.59
565158,Goldspan Dragon (Rainbow Foil),Secret Lair Drop Series,85,87,4205.16
688875,Living End,Secrets of Strixhaven: Mystical Archive,865,965,4204.82
641851,Gemstone Caverns (0106) (Borderless) (Galaxy Foil),Edge of Eternities: Stellar Sights,16,16,4204.78
541308,Bloodstained Mire (Extended Art),Modern Horizons 3,170,183,4201.66
591672,Rise of the Dark Realms,Foundations,632,654,4200.96
624694,Counterspell (1933) (Rainbow Foil),Secret Lair Drop Series,147,185,4200.15
660578,Heroic Intervention (Borderless),Avatar: The Last Airbender: Eternal-Legal,273,275,4198.49
10878,Stifle,Scourge,76,105,4198.0
624449,Command Beacon,Commander: Tarkir: Dragonstorm,549,608,4196.14
273301,Ancient Bronze Dragon,Commander Legends: Battle for Baldur's Gate,215,219,4195.77
498368,Paths of the Dead - Cavern of Souls (Borderless) (Surge Foil),Commander: The Lord of the Rings: Tales of Middle-earth,20,20,4194.91
559947,"Toski, Bearer of Secrets",Commander: Bloomburrow,666,906,4194.01
273674,Black Market Connections,Commander Legends: Battle for Baldur's Gate,206,216,4191.74
121620,Burgeoning,Conspiracy: Take the Crown,123,123,4190.44
145317,Serra Ascendant,Iconic Masters,128,130,4190.06
646008,"Spider-Man, Peter Parker",Marvel's Spider-Man: Eternal-Legal,315,326,4189.43
552883,Springheart Nantuko (Borderless),Modern Horizons 3,438,462,4189.19
541283,Psychic Frog (Borderless),Modern Horizons 3,160,206,4186.93
624149,Ghostly Prison,Commander: Tarkir: Dragonstorm,714,837,4185.68
563236,Final Fortune (Future Sight),Mystery Booster 2,270,279,4185.33
221816,Morphic Pool,Zendikar Rising Expeditions,101,102,4182.79
33265,Bloodchief Ascension,Zendikar,206,216,4182.26
257022,Blood Crypt (Borderless),Unfinity,131,136,4180.2
491025,"Ozolith, the Shattered Spire",March of the Machine,461,487,4178.88
697391,Return of the Mole Man,Commander: Marvel Super Heroes,386,401,4177.43
66421,Temple Garden,Return to Ravnica,457,530,4172.33
700798,Aggravated Assault (2691),Secret Lair Drop Series,168,239,4171.14
530858,"Niv-Mizzet, Parun (Anime Borderless)",Ravnica Remastered,271,279,4170.78
190649,Snow-Covered Island,Modern Horizons,596,2422,4169.45
77298,Mishra's Factory (Winter),Antiquities,8,8,4169.17
681215,Academy Manufactor (7094),Secret Lair Drop Series,369,418,4168.27
199506,The Great Henge (Extended Art),Throne of Eldraine,44,45,4167.03
635394,Tataru Taru (Extended Art),Commander: FINAL FANTASY,264,273,4165.77
230165,The World Tree,Kaldheim,509,553,4163.6
679157,"Michelangelo, Weirdness to 11 (Showcase) (Fracture Foil)",Teenage Mutant Ninja Turtles,28,28,4161.38
657761,"Raphael, Tag Team Tough",Commander: Teenage Mutant Ninja Turtles,555,603,4158.18
643881,Robe of Stars (Showcase),Special Guests,260,274,4153.95
114864,Eerie Interlude,Shadows over Innistrad,564,612,4153.85
257678,Island (295) - JP Full Art,Kamigawa: Neon Dynasty,621,1257,4151.72
175200,Sacred Foundry,Guilds of Ravnica,317,341,4149.25
262950,Umezawa's Jitte,The List Reprints,175,213,4148.65
643601,Knuckles's Gloves - The Reaver Cleaver (Rainbow Foil),Secret Lair Drop Series,301,316,4147.29
6060,Lotus Vale,Weatherlight,121,132,4143.6
105559,Windswept Heath,Zendikar Expeditions,21,24,4143.42
609707,Griselbrand (Showcase),Innistrad Remastered,193,208,4142.83
697516,Rejuvenating Springs,Commander: Marvel Super Heroes,555,1006,4142.68
452655,Awaken the Woods,The Brothers' War,217,221,4140.16
552881,Fanatic of Rhonas (Extended Art),Modern Horizons 3,271,322,4139.71
551455,Seedborn Muse (Rainbow Foil),Secret Lair Drop Series,46,47,4137.16
609769,Hullbreaker Horror (Borderless),Innistrad Remastered,336,350,4133.21
226907,Reshape the Earth,Commander Legends,289,303,4132.16
652015,Mindbreak Trap (Borderless),Marvel Universe Eternal-Legal,381,406,4132.06
214842,Doubling Season (Borderless),Double Masters,57,58,4131.95
457501,Counterspell,Dominaria Remastered,1215,1514,4131.77
524425,Chromatic Orrery (Borderless),Commander: The Lost Caverns of Ixalan,53,53,4131.59
625697,"Elspeth, Storm Slayer",Promo Pack: Tarkir: Dragonstorm,108,109,4131.43
542185,Dauthi Voidwalker,Game Day & Store Championship Promos,36,39,4129.19
453931,Portal to Phyrexia,Promo Pack: The Brothers' War,134,134,4129.02
556332,"Excalibur, Sword of Eden (Extended Art)",Universes Beyond: Assassin's Creed,267,276,4128.84
576513,Blazemire Verge (Borderless),Duskmourn: House of Horror,313,331,4124.99
512987,Sigarda's Aid,Secret Lair Drop Series,67,67,4124.92
118463,Green Sun's Zenith,Eternal Masters,141,152,4124.23
666502,Shu Jing Meteorite - Fellwar Stone (Rainbow Foil),Secret Lair Drop Series,363,385,4123.55
679819,"Bebop, Skull & Crossbones (Borderless) (Surge Foil)",Commander: Teenage Mutant Ninja Turtles,87,87,4122.5
590118,Ancient Greenwarden,Foundations Jumpstart,336,354,4121.72
528255,Mycosynth Golem (Rainbow Foil),Secret Lair Drop Series,97,97,4118.62
576530,Thornspire Verge,Duskmourn: House of Horror,717,835,4117.79
145283,"Kokusho, the Evening Star",Iconic Masters,166,166,4117.16
616932,"Animar, Soul of Elements (Rainbow Foil)",Secret Lair Drop Series,94,94,4116.72
499501,Sanguine Bond,Commander: The Lord of the Rings: Tales of Middle-earth,698,883,4116.05
78965,"Phenax, God of Deception",Born of the Gods,264,273,4114.81
562750,Enduring Tenacity (Extended Art),Duskmourn: House of Horror,310,325,4114.67
674549,"The Ghoul, Gunslinger",Secret Lair Drop Series,320,357,4110.26
686634,"Adrix and Nev, Twincasters (Borderless)",Special Guests,612,639,4108.33
686654,Talisman of Curiosity (Borderless),Commander: Secrets of Strixhaven,543,608,4106.59
10871,Pemmin's Aura,Scourge,292,311,4104.06
674653,Gitaxian Probe (2067),Secret Lair Drop Series,106,134,4102.01
233864,Thoughtseize,Time Spiral: Remastered,132,211,4100.17
285880,Nexos,"Universes Beyond: Warhammer 40,000",312,316,4099.68
696387,"Iron Man, Armored Avenger",Commander: Marvel Super Heroes,748,817,4098.98
179537,"Urborg, Tomb of Yawgmoth",Ultimate Masters: Box Toppers,24,24,4097.68
13261,Doubling Season,Ravnica: City of Guilds,103,106,4092.72
129978,Approach of the Second Sun,Amonkhet,819,921,4088.42
526081,Kindred Discovery,Commander: The Lost Caverns of Ixalan,293,295,4088.28
552345,Six (Borderless),Modern Horizons 3,224,227,4085.05
457226,Sylvan Library (Borderless),Dominaria Remastered,118,118,4084.7
609601,"Gisela, the Broken Blade",Innistrad Remastered,194,194,4084.51
535847,Seedborn Muse,Commander: Murders at Karlov Manor,266,276,4083.57
199288,Castle Garenbrig,Throne of Eldraine,525,567,4082.39
499810,Door of Destinies,Commander: The Lord of the Rings: Tales of Middle-earth,567,628,4082.1
66624,Sphere of Safety,Return to Ravnica,869,919,4081.46
498350,Minas Tirith,Universes Beyond: The Lord of the Rings: Tales of Middle-earth,630,653,4080.89
183219,Rhythm of the Wild,Ravnica Allegiance,872,923,4080.86
686598,Sundown Pass (Borderless),Secrets of Strixhaven,1182,1347,4077.58
105550,Bloodstained Mire,Zendikar Expeditions,21,22,4074.07
658482,"Freya, Queen of the Valkyries - Iroas, God of Victory",Secret Lair Drop Series,255,257,4074.01
4644,Demonic Consultation,Ice Age,514,545,4072.17
575273,Ghost Vacuum,Duskmourn: House of Horror,734,874,4071.97
94339,Goblin Welder,Commander 2014,184,190,4070.7
557379,Leonardo da Vinci (Italian) (Serial Numbered),Universes Beyond: Assassin's Creed,2,2,4069.0
688942,Winds of Abandon,Secrets of Strixhaven: Mystical Archive,767,807,4068.23
697599,Three Visits,Commander: Marvel Super Heroes,536,922,4068.05
233914,Simian Spirit Guide,Time Spiral: Remastered,897,1142,4063.52
192521,Scheming Symmetry,Core Set 2020,429,459,4061.34
662391,Flawless Maneuver (Showcase),Avatar: The Last Airbender: Eternal-Legal,191,193,4059.77
686663,Subterranean Tremors (JP Alternate Art) (Silver Scroll Foil),Secrets of Strixhaven: Mystical Archive,118,121,4059.23
679194,Rhythm of the Wild (Borderless),Teenage Mutant Ninja Turtles Source Material,773,823,4056.29
517896,"Westley, Dread Pirate Roberts - Fynn, the Fangbearer",Secret Lair Drop Series,76,76,4056.16
555976,Black Market Connections (Extended Art),Universes Beyond: Assassin's Creed,178,182,4054.86
548576,Nethergoyf,Modern Horizons 3,549,914,4054.0
679844,"Casey Jones, Back Alley Brute (Borderless) (Surge Foil)",Commander: Teenage Mutant Ninja Turtles,61,61,4053.88
128856,Cyclonic Rift,Modern Masters 2017,130,131,4052.63
539757,Silver Shroud Costume,Universes Beyond: Fallout,383,398,4052.48
687658,"Veyran, Voice of Duality",Commander: Secrets of Strixhaven,1140,1639,4050.84
696674,Castle Doom,Marvel Super Heroes,1545,3071,4049.45
39095,Inkmoth Nexus,Mirrodin Besieged,292,340,4048.93
651375,Arachnogenesis (Borderless),Marvel Universe Eternal-Legal,477,494,4048.35
498397,Witch-king of Angmar,Universes Beyond: The Lord of the Rings: Tales of Middle-earth,408,466,4047.67
277181,Crucible of Worlds,Double Masters 2022,126,126,4047.01
216247,Lurking Predators,Jumpstart,207,227,4046.73
503407,Arcane Signet (Borderless),Commander Masters,488,540,4046.28
662023,Isochron Scepter,Secret Lair Countdown Kit,344,389,4046.01
700801,Aura Shards (2694),Secret Lair Drop Series,146,165,4045.06
641978,Exploration Broodship,Commander: Edge of Eternities,794,1123,4040.85
11640,Mycosynth Lattice,Darksteel,113,115,4035.49
475528,"Vorinclex, Monstrous Raider (Concept Praetor)",Phyrexia: All Will Be One,63,63,4034.34
129468,Coat of Arms,Duel Decks: Mind vs. Might,225,230,4033.85
630965,Summon: Primal Odin (Borderless),FINAL FANTASY,490,503,4031.92
257682,Mountain (299) - JP Full Art,Kamigawa: Neon Dynasty,585,1215,4031.35
496031,Call of the Ring,Universes Beyond: The Lord of the Rings: Tales of Middle-earth,805,901,4031.2
656767,"Stiltzkin, Moogle Merchant (Borderless) (Chocobo Track Foil)",FINAL FANTASY,194,199,4028.63
1712,Dark Ritual,Fourth Edition,806,1099,4027.73
615204,Conjurer's Closet,Commander: Aetherdrift,870,1090,4025.44
544249,Mana Drain (Textured Foil),Outlaws of Thunder Junction: Breaking News,12,12,4025.22
57666,"Mikaeus, the Unhallowed",Dark Ascension,159,160,4024.36
557923,Omniscience,Foundations,618,683,4023.71
496137,"Nicol Bolas, the Ravager",Secret Lair Drop Series,72,72,4023.22
548592,Urza's Cave,Modern Horizons 3,1925,2726,4022.79
499327,Henneth Annun - Reflecting Pool (Borderless),Commander: The Lord of the Rings: Tales of Middle-earth,158,159,4020.76
600474,The Meathook Massacre (Retro Frame),Innistrad Remastered,145,147,4018.78
222167,Ancient Greenwarden,Zendikar Rising,306,314,4017.42
525784,Herald's Horn,Commander: The Lost Caverns of Ixalan,481,542,4014.51
128282,Scalding Tarn,Modern Masters 2017,101,104,4011.73
689400,Deflecting Palm (JP Alternate Art) (Silver Scroll Foil),Secrets of Strixhaven: Mystical Archive,155,159,4009.85
641882,The Endstone (Showcase) (Fracture Foil),Edge of Eternities,50,55,4007.65
507093,Darksteel Monolith (Extended Art),Commander Masters,154,154,4007.37
4167,Helm of Obedience,Alliances,141,166,4006.63
631235,Lightning Greaves,Commander: FINAL FANTASY,742,905,4006.51
644790,Inventors' Fair (0021) (Borderless),Edge of Eternities: Stellar Sights,249,250,4005.46
448627,"Purphoros, God of the Forge",Judge Promos,129,129,4004.93
544435,Terror of the Peaks (Extended Art),Outlaws of Thunder Junction,84,88,4003.94
517657,Hallowed Fountain (Retro Frame),Ravnica Remastered,111,140,4003.11
233372,Demonic Tutor (Foil Etched),Strixhaven: Mystical Archive,33,33,4001.2
475505,Phyrexian Obliterator,Phyrexia: All Will Be One,387,417,4000.96
8842,Mox Jet,Beta Edition,1,1,4000.0
9234,Tropical Island,Unlimited Edition,4,5,3999.98
451928,Altar of Dementia,The Brothers' War: Retro Frame Artifacts,201,216,3999.91
37964,Gaea's Cradle,Judge Promos,1,1,3999.0
513890,Waste Not,Wilds of Eldraine: Enchanting Tales,563,580,3999.0
221308,Sylvan Library,Commander Collection: Green,140,143,3996.79
215963,Neyith of the Dire Hunt,Jumpstart,440,459,3993.99
698010,Kindred Dominance,Commander: Marvel Super Heroes,528,931,3991.4
517640,Blood Crypt (Retro Frame),Ravnica Remastered,103,127,3990.5
52170,Moonmist,Innistrad,1282,2100,3990.03
687507,"Gorma, the Gullet (Borderless)",Commander: Secrets of Strixhaven,1334,1523,3989.42
204758,"Purphoros, God of the Forge",The List Reprints,139,139,3987.11
679146,"Michelangelo, Improviser (Borderless)",Teenage Mutant Ninja Turtles,329,337,3986.72
36417,Grafted Exoskeleton,Scars of Mirrodin,603,682,3986.68
216140,Phyrexian Tower,Jumpstart,149,154,3986.51
552873,Boggart Trawler,Modern Horizons 3,1656,2703,3985.34
630902,"Firion, Swordmaster - Sram, Senior Edificer (Showcase)",FINAL FANTASY: Through the Ages,405,408,3984.32
240166,Dauthi Voidwalker,Modern Horizons 2,616,747,3984.29
555444,"Miku, Child of Song - Child of Alara (Rainbow Foil)",Secret Lair Drop Series,94,98,3984.26
693025,The Vision,Marvel Super Heroes,1998,2965,3981.74
578058,Withering Torment,Duskmourn: House of Horror,974,1079,3971.91
67323,Watery Grave,Gatecrash,301,334,3971.79
645292,Chaos Emerald - Lotus Petal (7033),Secret Lair Drop Series,24,24,3970.92
39544,Mindcrank,New Phyrexia,408,424,3969.86
687521,Hardened Scales,Commander: Secrets of Strixhaven,1268,1796,3969.3
662779,"Avatar Kyoshi, Earthbender (Extended Art)",Avatar: The Last Airbender: Eternal-Legal,172,174,3964.04
544432,"Bristly Bill, Spine Sower (Extended Art)",Outlaws of Thunder Junction,55,55,3962.02
1381,Dark Ritual,Revised Edition,887,1256,3961.43
499325,"Helm's Deep - Shinka, the Bloodsoaked Keep (Borderless)",Commander: The Lord of the Rings: Tales of Middle-earth,148,154,3960.99
286351,Sceptre of Eternal Glory,"Universes Beyond: Warhammer 40,000",200,204,3958.18
662007,Altar of the Brood,Secret Lair Countdown Kit,348,368,3957.57
12271,Goryo's Vengeance,Betrayers of Kamigawa,119,220,3955.81
10340,Chain of Smog,Onslaught,331,396,3955.12
624687,"SpongeBob SquarePants - Jodah, the Unifier (Rainbow Foil)",Secret Lair Drop Series,164,177,3954.48
641779,Weftstalker Ardent,Edge of Eternities,1524,2076,3954.45
617863,Swan Song (1591),Secret Lair Drop Series,99,109,3953.71
641778,Weapons Manufacturing,Edge of Eternities,989,1623,3953.08
162752,Mystical Tutor,Signature Spellbook: Jace,217,219,3951.25
10885,Carrion Feeder,Scourge,681,882,3951.02
200381,Princess Twilight Sparkle,Ponies: The Galloping,20,20,3950.95
234332,Akroma's Memorial,Time Spiral: Remastered,109,110,3950.71
279830,Plains (Showcase),Dominaria United,537,1359,3946.99
560228,Alchemist's Talent,Commander: Bloomburrow,733,1156,3946.84
480143,Blightsteel Colossus,The List Reprints,105,106,3945.34
214834,"Atraxa, Praetors' Voice (Borderless)",Double Masters,61,61,3941.47
673579,"Mutagen Man, Living Ooze",Teenage Mutant Ninja Turtles,1225,1397,3939.34
525158,Resplendent Angel,The Lost Caverns of Ixalan,405,479,3936.99
696656,"Ironheart, Clever Champion (Borderless)",Marvel Super Heroes,1184,1291,3935.49
227662,Amulet of Vigor,Secret Lair Drop Series,70,76,3933.74
10348,Aggravated Assault,Onslaught,122,122,3932.86
695481,Queen Marchesa (2688),Secret Lair Drop Series,100,101,3931.48
589386,Generous Pup,Foundations Jumpstart,527,616,3930.22
552821,Glaring Fleshraker,Modern Horizons 3,1636,3226,3928.49
544312,Vaultborn Tyrant (Showcase),Outlaws of Thunder Junction: The Big Score,39,39,3927.66
600509,"Emrakul, the Promised End",Innistrad Remastered,200,213,3924.63
6529,Food Chain,Mercadian Masques,59,62,3923.97
699669,"Galactus, Devourer of Worlds (Extended Art)",Commander: Marvel Super Heroes,214,216,3919.84
518669,"Theoden, Strength Restored - Kenrith, the Returned King (Borderless)",Commander: The Lord of the Rings: Tales of Middle-earth,51,51,3918.71
674804,Innkeeper's Talent,Secret Lair Showdown,42,44,3916.34
559973,Reliquary Tower,Commander: Bloomburrow,890,985,3912.89
504756,Steelshaper's Gift,Commander Masters,401,429,3912.04
122672,Spirebluff Canal,Kaladesh,439,655,3911.03
262746,"Eiganjo, Seat of the Empire",Kamigawa: Neon Dynasty,625,672,3908.86
662432,Gamble (Showcase),Avatar: The Last Airbender: Eternal-Legal,219,223,3908.28
7988,Llanowar Wastes,Apocalypse,85,131,3907.91
657757,Dark Ritual (Borderless),Commander: Teenage Mutant Ninja Turtles,345,403,3907.31
214836,Mana Crypt (Borderless),Double Masters,42,51,3906.86
533008,"Voja, Jaws of the Conclave",Prerelease Cards,309,375,3905.34
558380,Thornvault Forager,Bloomburrow,1355,1906,3904.74
126291,Platinum Angel,Masterpiece Series: Kaladesh Inventions,21,21,3899.72
541393,"Lumra, Bellow of the Woods (Borderless) (0293)",Bloomburrow,80,81,3896.02
242370,"Sheoldred, Whispering One",Secret Lair Drop Series,197,200,3894.41
251785,Gravecrawler,Secret Lair Drop Series,87,90,3893.35
614422,Sunbillow Verge (Borderless),Aetherdrift,306,320,3893.28
449614,Birds of Paradise (Retro Frame),Dominaria Remastered,167,229,3889.98
2546,Enlightened Tutor,Classic Sixth Edition,121,123,3888.87
18623,Faerie Macabre,Shadowmoor,303,526,3887.74
696319,"Captain America, Living Legend",Marvel Super Heroes,2055,3147,3885.7
630880,"Cloud, Midgar Mercenary (Extended Art)",FINAL FANTASY,113,120,3881.75
454872,Ashcoat of the Shadow Swarm,Jumpstart 2022,80,83,3881.42
696863,"Taskmaster, Mercenary Mimic",Marvel Super Heroes,1853,2786,3879.24
686545,The Dawning Archaic,Secrets of Strixhaven,1341,1603,3878.77
656564,"Eirdu, Carrier of Dawn (Borderless)",Lorwyn Eclipsed,349,361,3878.74
478502,Flawless Maneuver,Commander: Phyrexia: All Will Be One,182,184,3877.52
247828,Haunted Ridge,Innistrad: Midnight Hunt,448,479,3875.43
504497,Craterhoof Behemoth,Commander Masters,182,182,3875.01
686604,Exhibition Tidecaller,Secrets of Strixhaven,1834,2863,3873.97
285803,Marneus Calgar,"Universes Beyond: Warhammer 40,000",272,332,3868.99
277214,Warrior's Oath,Double Masters 2022,215,219,3868.94
526415,Illustrious Wanderglyph,Commander: The Lost Caverns of Ixalan,221,224,3866.28
161447,Relentless Rats,Masters 25,203,759,3863.41
660540,"Volcano of Roku's Island - Valakut, the Molten Pinnacle (Borderless)",Avatar: The Last Airbender: Eternal-Legal,348,360,3862.86
265374,Jetmir's Garden (Borderless),Streets of New Capenna,117,117,3860.61
240808,Aura Shards (INV),The List Reprints,211,213,3860.6
222161,Glasspool Mimic,Zendikar Rising,565,608,3857.3
701534,Crucible of Worlds (7162),Secret Lair Drop Series,167,179,3856.18
4641,Dark Ritual,Ice Age,862,1093,3854.05
668484,Lord of Atlantis (Borderless),Marvel Universe Eternal-Legal,734,821,3853.37
687669,Bojuka Bog,Commander: Secrets of Strixhaven,1764,3356,3851.43
661968,"Aang, Swift Savior (0298) (Borderless)",Avatar: The Last Airbender,370,394,3851.2
552266,Emerald Medallion,Modern Horizons 3,1209,1360,3850.26
39416,Glistening Oil,New Phyrexia,294,298,3847.26
629749,"Nissa, Resurgent Animist (JP Exclusive)",Planeswalker Event Promos,20,21,3846.88
552731,Guide of Souls,Modern Horizons 3,1060,1555,3846.47
686584,Molten-Core Maestro,Secrets of Strixhaven,1644,2493,3846.06
98817,Gut Shot,Modern Masters 2015,551,786,3844.64
461811,Crawlspace,Dominaria Remastered,400,405,3844.1
5315,Burgeoning,Stronghold,110,117,3844.06
206666,"Heliod, Sun-Crowned",Theros Beyond Death,169,172,3844.03
673671,"Raph & Mikey, Troublemakers",Teenage Mutant Ninja Turtles,1198,1515,3842.41
696571,"Mole Man, Moloid Master (Extended Art)",Marvel Super Heroes,766,852,3840.54
39555,Noxious Revival,New Phyrexia,420,451,3839.93
4927,Urza's Bauble,Ice Age,343,525,3837.61
646822,Sylvan Safekeeper (Galaxy Foil),Secret Lair Drop Series,237,259,3836.69
257031,Breeding Pool (Borderless),Unfinity,126,136,3835.63
221810,Windswept Heath,Zendikar Rising Expeditions,91,94,3835.59
509501,"Talion, the Kindly Lord (Borderless)",Wilds of Eldraine,246,248,3834.8
609811,Cryptolith Rite (Borderless),Innistrad Remastered,415,443,3834.58
221309,Worldly Tutor,Commander Collection: Green,137,137,3834.49
105558,Verdant Catacombs,Zendikar Expeditions,20,20,3834.16
614496,Chandra's Ignition (Borderless),Special Guests,154,156,3833.19
687630,Talisman of Creativity,Commander: Secrets of Strixhaven,1209,1735,3832.04
591268,Grim Tutor (Showcase),Special Guests,148,149,3830.19
6301,Defense of the Heart,Urza's Legacy,146,156,3828.56
171168,Unwinding Clock,Commander 2018,201,203,3825.09
167787,Diabolic Intent,Battlebond,188,194,3823.18
499661,Basalt Monolith,Commander: The Lord of the Rings: Tales of Middle-earth,732,1114,3820.67
559719,Arcane Signet,Commander: Bloomburrow,1613,2706,3816.26
512399,Land Tax,Wilds of Eldraine: Enchanting Tales,154,158,3815.14
688912,Prismatic Ending (JP Alternate Art) (Silver Scroll Foil),Secrets of Strixhaven: Mystical Archive,168,181,3814.97
479509,"Solphim, Mayhem Dominus (Oil Slick Raised Foil)",Phyrexia: All Will Be One,58,58,3814.44
631671,Ultima Weapon,FINAL FANTASY,561,592,3813.49
277190,Crucible of Worlds (Borderless),Double Masters 2022,105,108,3812.8
587997,Flawless Maneuver (Rainbow Foil),Secret Lair Drop Series,160,163,3808.93
697137,"Matt Murdock, Justice Seeker",Commander: Marvel Super Heroes,801,879,3806.52
38283,Yawgmoth's Will,Judge Promos,3,3,3804.99
587990,"Captain America, First Avenger",Secret Lair Drop Series,86,101,3804.03
218291,Exploration,Double Masters,110,112,3803.95
67319,Breeding Pool,Gatecrash,292,324,3803.18
697233,Time Warp,Commander: Marvel Super Heroes,472,529,3800.96
285868,Biophagus,"Universes Beyond: Warhammer 40,000",213,220,3796.75
679874,"Rocksteady, Mutant Marauder (Borderless) (Surge Foil)",Commander: Teenage Mutant Ninja Turtles,75,75,3796.73
457115,No Mercy,Dominaria Remastered,144,146,3795.26
286348,Resurrection Orb,"Universes Beyond: Warhammer 40,000",258,262,3794.41
188345,Bolt Bend,War of the Spark,935,1015,3793.8
554585,Elvish Mystic (0805) (Rainbow Foil),Secret Lair Drop Series,98,107,3792.88
517871,Mithril Coat (Extended Art) (Surge Foil),Universes Beyond: The Lord of the Rings: Tales of Middle-earth,92,96,3789.5
512422,Sanguine Bond,Wilds of Eldraine: Enchanting Tales,579,596,3784.06
624417,Teval's Judgment,Commander: Tarkir: Dragonstorm,539,564,3783.79
679160,Level Up,Commander: Teenage Mutant Ninja Turtles,1116,1383,3782.95
685504,Reliquary Tower (7104),Secret Lair Drop Series,202,233,3779.07
480504,Paradise Mantle,Secret Lair Drop Series,84,84,3777.14
687516,"Primo, the Unbounded (Borderless)",Commander: Secrets of Strixhaven,1116,1710,3775.76
504132,"Ulamog, the Ceaseless Hunger",Commander Masters,152,172,3773.44
525250,"Chimil, the Inner Sun (Borderless)",Commander: The Lost Caverns of Ixalan,57,57,3773.38
553519,Talon Gates of Madara (Extended Art),Commander: Modern Horizons 3,100,103,3773.02
656914,Swamp (Chocobo Track Foil),Commander: FINAL FANTASY,514,1435,3772.6
3494,City of Shadows,The Dark,100,109,3771.46
631616,Maskwood Nexus (Double Rainbow Foil),Secret Lair Drop Series,78,78,3770.71
559633,"Gev, Scaled Scorch (Borderless) (Raised Foil)",Bloomburrow,23,23,3769.14
552623,Collective Resistance,Modern Horizons 3,1642,2489,3768.93
552173,Echoes of Eternity,Modern Horizons 3,1287,2303,3767.98
641745,The Eternity Elevator,Edge of Eternities,1429,1827,3767.82
541268,"Emrakul, the World Anew",Modern Horizons 3,746,859,3767.78
12811,Seething Song,9th Edition,334,387,3763.61
161421,Dark Ritual,Masters 25,454,640,3763.15
128221,Marsh Flats,Modern Masters 2017,109,121,3762.49
9553,Terravore,Odyssey,78,114,3759.61
202858,Aetherflux Reservoir,The List Reprints,145,145,3755.1
559916,Kalonian Hydra,Commander: Bloomburrow,716,803,3754.49
503367,Ruby Medallion,Commander Masters,282,303,3752.9
631895,Vincent Valentine (Borderless),FINAL FANTASY,497,520,3747.57
699706,"Ultron, Machine Overlord (Borderless)",Commander: Marvel Super Heroes,631,652,3747.13
9230,Time Vault,Unlimited Edition,4,4,3746.96
179451,"Kozilek, Butcher of Truth",Ultimate Masters,82,82,3746.86
662905,Alhammarret's Archive,Secret Lair Countdown Kit,342,353,3746.8
6139,Attrition,Urza's Destiny,193,214,3745.15
679091,"April O'Neil, Human Element",Commander: Teenage Mutant Ninja Turtles,435,478,3744.8
499515,Essence Warden,Commander: The Lord of the Rings: Tales of Middle-earth,454,575,3744.03
563220,Goblin Lackey (Future Sight),Mystery Booster 2,213,254,3743.61
517249,"Rammas Echor, Ancient Shield (Borderless)",Commander: The Lord of the Rings: Tales of Middle-earth,347,348,3742.88
642806,Ripples of Potential,Commander: Edge of Eternities,990,1540,3737.81
265379,Raffine's Tower (Borderless),Streets of New Capenna,137,137,3737.62
552360,"Ral, Monsoon Mage (Borderless)",Modern Horizons 3,224,244,3737.22
688644,Scrawling Crawler,Secret Lair Drop Series,104,112,3736.96
688863,Helping Hand (JP Alternate Art) (Silver Scroll Foil),Secrets of Strixhaven: Mystical Archive,237,242,3734.39
641961,"Braids, Arisen Nightmare",Commander: Edge of Eternities,873,1160,3734.39
240318,Murktide Regent,Modern Horizons 2,326,456,3732.85
488281,Valley of Gorgoroth - Wasteland (Borderless),Commander: The Lord of the Rings: Tales of Middle-earth,120,134,3732.22
7201,Parallax Wave,Nemesis,93,114,3728.91
505865,Fierce Guardianship (Foil Etched),Commander Masters,32,32,3727.82
3925,Karakas,Legends,96,112,3726.88
60141,"Urborg, Tomb of Yawgmoth",From the Vault: Realms,51,51,3726.61
3239,Serendib Efreet,Arabian Nights,6,9,3725.77
490361,"Skithiryx, the Blight Dragon",March of the Machine: Multiverse Legends,279,293,3724.92
689403,Expressive Iteration (JP Alternate Art) (Silver Scroll Foil),Secrets of Strixhaven: Mystical Archive,179,181,3724.42
680797,"Irma, Part-Time Mutant (Surge Foil)",Commander: Teenage Mutant Ninja Turtles,80,83,3723.83
525624,"Kutzil, Malamet Exemplar (Showcase)",The Lost Caverns of Ixalan,1170,1469,3723.08
235969,Beledros Witherbloom (Borderless),Strixhaven: School of Mages,157,165,3721.82
457200,Entomb (Retro Frame),Dominaria Remastered,237,250,3718.92
651135,"Anti-Venom, Horrifying Healer (Borderless)",Media Promos,91,91,3714.32
182841,Stomping Ground,Ravnica Allegiance,407,438,3711.68
262791,March of Swirling Mist,Kamigawa: Neon Dynasty,697,778,3711.15
239807,Harmonic Prodigy,Modern Horizons 2,659,738,3710.29
272600,Battle Angels of Tyr (Borderless),Commander Legends: Battle for Baldur's Gate,143,152,3710.23
658360,Spectacular Spider-Man,Play Promos,35,37,3708.33
6295,Crop Rotation,Urza's Legacy,515,715,3708.18
623880,"Betor, Kin to All",Tarkir: Dragonstorm,527,536,3706.54
552834,Recruiter of the Guard,Modern Horizons 3,637,725,3701.61
164416,Grim Monolith - 1999 Kai Budde (ULG),World Championship Decks,92,156,3700.02
503400,"Azusa, Lost but Seeking",Commander Masters,309,316,3699.12
559616,"Teferi, Time Raveler (Borderless)",Commander: Bloomburrow,229,265,3698.84
162805,Goblin Welder,Duel Decks: Elves vs. Inventors,170,177,3697.81
553499,Chandra's Ignition,Commander: Modern Horizons 3,550,642,3697.7
517911,Legolas's Quick Reflexes (Borderless) (Surge Foil),Commander: The Lord of the Rings: Tales of Middle-earth,57,57,3694.77
287154,Watery Grave (Borderless) (Galaxy Foil),Unfinity,21,24,3694.69
638078,Armiger Unleashed - Forge Anew (Rainbow Foil),Secret Lair Drop Series,308,317,3693.49
240060,Kaldra Compleat,Modern Horizons 2,458,498,3691.94
668480,The Coming of Galactus (Borderless),Marvel Super Heroes,641,684,3690.85
145267,Growing Rites of Itlimoc,Ixalan,410,441,3688.85
696258,Monica Rambeau,Marvel Super Heroes,1169,1487,3688.11
496064,Sliver Gravemother,Commander Masters,196,197,3687.61
9192,Savannah,Unlimited Edition,7,7,3686.82
624689,"Gary, the Snail - Toxrill, the Corrosive (Rainbow Foil)",Secret Lair Drop Series,162,164,3686.67
204143,Sakashima the Impostor,The List Reprints,261,263,3686.4
276350,Vedalken Orrery (Borderless),Double Masters 2022,181,183,3685.49
5969,Abeyance,Weatherlight,113,150,3685.41
559826,Lotus Cobra,Commander: Bloomburrow,641,668,3684.95
687389,Archmage Emeritus,Commander: Secrets of Strixhaven,1011,1810,3683.29
559072,Coruscation Mage,Bloomburrow,1663,2227,3681.39
553207,Lazotep Quarry,Commander: Modern Horizons 3,508,850,3681.0
488280,Mount Doom (Borderless),Universes Beyond: The Lord of the Rings: Tales of Middle-earth,351,359,3680.94
496068,The Ur-Dragon (Textured Foil),Commander Masters,20,20,3678.8
9604,Tarnished Citadel,Odyssey,112,116,3678.79
206249,Enlightened Tutor,Judge Promos,40,40,3678.1
535918,"Yoshimaru, Ever Faithful",Secret Lair Drop Series,54,54,3676.56
498620,There and Back Again,Universes Beyond: The Lord of the Rings: Tales of Middle-earth,772,823,3676.39
14337,Reiterate,Time Spiral,189,202,3675.47
257039,Sacred Foundry (Borderless),Unfinity,128,135,3675.38
5701,Ruby Medallion,Tempest,118,143,3675.14
696416,Show and Tell (Borderless),Marvel Universe Eternal-Legal,661,809,3673.89
578885,Overlord of the Balemurk (Extended Art),Duskmourn: House of Horror,113,144,3673.32
688930,Return the Favor (JP Alternate Art) (Silver Scroll Foil),Secrets of Strixhaven: Mystical Archive,239,247,3669.81
559123,Season of Gathering,Bloomburrow,546,575,3669.31
104997,Conduit of Ruin,Battle for Zendikar,638,707,3669.19
218926,Sword of Feast and Famine,Double Masters,90,90,3669.14
273612,"Atraxa, Praetors' Voice (Gilded Foil)",Secret Lair Drop Series,85,89,3669.11
625135,Jeskai Revelation,Tarkir: Dragonstorm,727,1005,3668.13
6085,Phyrexian Furnace,Weatherlight,203,331,3667.1
544271,Great Train Heist,Outlaws of Thunder Junction,866,970,3666.18
627694,Blacker Lotus (Rainbow Foil),Secret Lair Drop Series,18,18,3665.03
673616,South Wind Avatar,Teenage Mutant Ninja Turtles,1345,1512,3664.44
451893,Mesmeric Orb,The Brothers' War: Retro Frame Artifacts,196,201,3663.6
235148,Time Warp,Strixhaven: Mystical Archive,201,203,3661.75
267067,Sea of Clouds (Extended Art),Commander Legends: Battle for Baldur's Gate,150,154,3661.61
660580,"Hei Bai, Forest Guardian",Avatar: The Last Airbender: Eternal-Legal,401,484,3661.53
623040,"SpongeBob SquarePants - Jodah, the Unifier",Secret Lair Drop Series,136,187,3658.17
519539,Flaming Tyrannosaurus,Universes Beyond: Doctor Who,452,484,3656.32
615113,Bontu's Monument,Commander: Aetherdrift,752,1071,3656.21
67424,Boros Charm,Gatecrash,594,764,3655.44
450586,"Archaeon the Everchosen - Najeela, the Blade-Blossom (Borderless)",Secret Lair Drop Series,87,87,3654.09
512419,Kindred Discovery,Wilds of Eldraine: Enchanting Tales,211,211,3653.41
533392,Vein Ripper,Murders at Karlov Manor,450,498,3652.98
652043,Wedding Ring (Borderless),Marvel Universe Eternal-Legal,414,429,3651.73
236212,Seething Song,Commander 2021,280,293,3648.44
687386,Blood Artist,Commander: Secrets of Strixhaven,1245,1812,3647.74
499351,Palantir of Orthanc (Extended Art),Universes Beyond: The Lord of the Rings: Tales of Middle-earth,137,140,3645.57
504500,Arachnogenesis,Commander Masters,503,534,3644.46
6461,Cave-In,Mercadian Masques,211,297,3643.86
262174,Mirror Box,Kamigawa: Neon Dynasty,675,752,3642.76
267069,Luxury Suite (Extended Art),Commander Legends: Battle for Baldur's Gate,111,111,3642.71
14119,Soul Spike,Coldsnap,122,228,3638.38
27769,Relic of Progenitus,Shards of Alara,361,581,3637.46
499812,The Gaffer,Commander: The Lord of the Rings: Tales of Middle-earth,453,555,3637.37
226839,Rings of Brighthearth,Commander Legends,591,611,3636.82
539217,Teferi's Protection (1691),Secret Lair Drop Series,69,71,3635.77
656831,Campsite Cuisine (Borderless),Commander: FINAL FANTASY,288,296,3634.97
689150,Sleight of Hand,Secrets of Strixhaven: Mystical Archive,1896,3192,3633.61
689829,Mountain (7128) (Pool Party Foil),Secret Lair Drop Series,111,168,3631.75
221996,Luxury Suite,Zendikar Rising Expeditions,94,94,3630.56
577847,"Aesi, Tyrant of Gyre Strait",Commander: Duskmourn: House of Horror,320,330,3629.69
559741,Ledger Shredder (Borderless),Special Guests,158,159,3629.46
212076,"Biollante, Plant Beast Form - Nethroi, Apex of Death",Ikoria: Lair of Behemoths,96,96,3626.66
179480,Cavern of Souls,Ultimate Masters,60,68,3625.6
6131,Winding Canyons,Weatherlight,140,150,3624.39
693216,Broadside Bombardiers,Secret Lair Drop Series,87,102,3623.05
632099,Merciless Poisoning - Toxic Deluge (Rainbow Foil),Secret Lair Drop Series,137,159,3622.63
216559,"Linvala, Keeper of Silence",Jumpstart,176,180,3621.89
687387,Arcane Denial,Commander: Secrets of Strixhaven,1137,1926,3621.86
588007,"Iron Man, Titan of Innovation (Rainbow Foil)",Secret Lair Drop Series,168,170,3621.18
552387,Flare of Fortitude (Borderless),Modern Horizons 3,183,187,3621.17
98506,"Kozilek, Butcher of Truth",Modern Masters 2015,85,86,3618.75
660617,"Bumi, Unleashed",Avatar: The Last Airbender,807,842,3618.4
18831,Umbral Mantle,Shadowmoor,240,250,3617.93
552823,Birthing Ritual,Modern Horizons 3,537,764,3616.83
668485,Widow-Making Infiltrator - Dauthi Voidwalker (Borderless),Marvel Universe Eternal-Legal,589,663,3616.24
450591,"Makari the Lucky Grot - Krenko, Tin Street Kingpin (Borderless)",Secret Lair Drop Series,87,88,3614.65
541355,Ezio Auditore da Firenze (Borderless),Universes Beyond: Assassin's Creed,117,120,3613.64
512534,Repercussion,Wilds of Eldraine: Enchanting Tales,331,342,3613.55
167811,Spellseeker,Battlebond,205,215,3613.48
524251,"Thrasios, Triton Hero (Borderless)",Special Guests,129,129,3611.46
696330,"Wolverine, Fierce Fighter",Marvel Super Heroes,1583,2215,3611.16
96697,Impact Tremors,Dragons of Tarkir,980,1179,3610.74
286332,Canoptek Spyder,"Universes Beyond: Warhammer 40,000",237,240,3607.64
660529,Cruel Tutor (Borderless),Avatar: The Last Airbender: Eternal-Legal,310,325,3607.27
3947,Living Plane,Legends,19,20,3606.27
688915,Empty the Warrens (JP Alternate Art) (Silver Scroll Foil),Secrets of Strixhaven: Mystical Archive,220,221,3605.58
634630,"Venat, Heart of Hydaelyn (Borderless)",FINAL FANTASY,500,515,3604.42
5502,Corpse Dance,Tempest,143,146,3602.81
552361,"Ral, Monsoon Mage (Borderless) (Textured Foil)",Modern Horizons 3,56,56,3602.37
642776,Reflecting Pool (0036) (Borderless),Edge of Eternities: Stellar Sights,231,236,3599.95
555447,Sol Ring (1604),Secret Lair Drop Series,84,85,3597.43
545970,Terror of the Peaks,Promo Pack: Outlaws of Thunder Junction,117,118,3597.4
646029,"Spider-Man 2099, Miguel O'Hara",Marvel's Spider-Man: Eternal-Legal,383,399,3593.53
480496,Sakashima the Impostor,Secret Lair Drop Series,77,77,3591.47
14821,Temporal Extortion,Planar Chaos,147,151,3588.95
696880,Astonishing Spider-Man,Commander: Marvel Super Heroes,598,618,3588.43
96502,Sarkhan Unbroken,Dragons of Tarkir,197,198,3587.04
18012,Maralen of the Mornsong,Morningtide,110,111,3585.35
265370,Spara's Headquarters (Borderless),Streets of New Capenna,128,131,3584.99
559742,Rat Colony (Borderless),Special Guests,147,182,3584.49
624591,Herd Heirloom,Tarkir: Dragonstorm,809,890,3580.6
646570,Gwen Stacy (0209) (Borderless),Marvel's Spider-Man,255,259,3579.08
541288,"Ajani, Nacatl Pariah (Borderless)",Modern Horizons 3,162,198,3578.91
151827,Mountain,Unstable,307,889,3578.9
624176,Will of the Jeskai,Commander: Tarkir: Dragonstorm,863,1116,3578.36
272612,Captain N'ghathrod,Commander Legends: Battle for Baldur's Gate,233,293,3577.67
10528,Goblin Sharpshooter,Onslaught,92,100,3576.71
530798,Crypt Ghast (Anime Borderless),Ravnica Remastered,195,197,3575.2
235370,Ephemerate,Strixhaven: Mystical Archive,312,361,3573.41
634975,Tataru Taru Art Card,Art Series: FINAL FANTASY,228,340,3573.39
589394,Embercleave (Showcase),Special Guests,210,211,3572.54
553174,Eldritch Immunity,Commander: Modern Horizons 3,532,585,3571.91
512498,Bitterblossom (Anime Borderless),Wilds of Eldraine: Enchanting Tales,106,108,3571.91
5684,Reanimate,Tempest,184,245,3566.08
243753,Robe of Stars,Commander: Adventures in the Forgotten Realms,249,251,3565.19
662084,Boomerang Basics,Avatar: The Last Airbender,1435,2735,3564.39
226959,Command Beacon,Commander Legends,479,501,3563.51
243352,Druid Class,Adventures in the Forgotten Realms,873,2183,3562.05
239770,Imperial Recruiter (Borderless),Modern Horizons 2,170,173,3561.56
215573,Fiery Emancipation,Core Set 2021,217,219,3559.79
509565,Aggravated Assault (Anime Borderless) (Confetti Foil),Wilds of Eldraine: Enchanting Tales,35,35,3559.77
212165,Silent Arbiter,Commander 2020,301,309,3559.61
609684,Craterhoof Behemoth (Retro Frame),Innistrad Remastered,169,177,3559.52
558413,Liliana of the Dark Realms (Borderless) (Raised Foil),Commander: Bloomburrow,13,13,3558.07
276441,Grand Arbiter Augustin IV (Borderless),Double Masters 2022,225,226,3557.96
677436,Ancient Bronze Dragon,Secret Lair Drop Series,157,172,3557.89
2804,Worldly Tutor,Classic Sixth Edition,133,141,3556.84
687511,"Muddle, the Ever-Changing (Borderless)",Commander: Secrets of Strixhaven,1333,1614,3553.93
635431,Sphere Grid (Extended Art),Commander: FINAL FANTASY,242,246,3553.65
457086,Sylvan Library,Dominaria Remastered,118,125,3553.5
512553,Grave Pact (Anime Borderless),Wilds of Eldraine: Enchanting Tales,101,101,3553.29
559118,For the Common Good,Bloomburrow,1022,1179,3551.4
660557,Sozin's Comet (0309) (Borderless),Avatar: The Last Airbender,173,173,3548.09
9526,Moment's Peace,Odyssey,516,880,3546.06
457225,Sylvan Library (Retro Frame),Dominaria Remastered,107,118,3544.95
34384,"Jace, the Mind Sculptor",Worldwake,79,92,3541.44
11315,Confusion in the Ranks,Mirrodin,201,203,3541.05
188386,"Karn, the Great Creator",War of the Spark,480,672,3534.97
525829,"Xenagos, God of Revels",Commander: The Lost Caverns of Ixalan,491,505,3534.91
118444,Ashnod's Altar,Eternal Masters,211,215,3533.42
696261,"Captain America, Super-Soldier (Borderless) (0316)",Marvel Super Heroes,350,359,3532.14
518219,Warg Rider,Universes Beyond: The Lord of the Rings: Tales of Middle-earth,195,203,3529.4
215320,Pyroblast,Signature Spellbook: Chandra,226,269,3528.57
642025,Sol Ring,Commander: Edge of Eternities,1072,2241,3528.2
662343,Mayor Tong of Chin Village - Drannith Magistrate (Borderless),Avatar: The Last Airbender: Eternal-Legal,357,379,3526.89
552920,Goldspan Dragon,Commander: Modern Horizons 3,434,502,3525.27
534578,Corporeal Projection,Ravnica: Clue Edition,278,321,3523.28
239836,Liquimetal Torque,Modern Horizons 2,1071,1162,3522.41
518051,Mithril Coat (Showcase Scrolls),Universes Beyond: The Lord of the Rings: Tales of Middle-earth,68,70,3520.06
451930,Aetherflux Reservoir (Schematic),The Brothers' War: Retro Frame Artifacts,102,102,3519.05
503390,Spellseeker,Commander Masters,202,206,3518.2
3322,Su-Chi,Antiquities,42,49,3516.86
661919,"Aang, Swift Savior",Avatar: The Last Airbender,1122,1472,3516.59
687608,Haywire Mite,Commander: Secrets of Strixhaven,798,1487,3516.17
575063,"Valgavoth, Terror Eater (Showcase)",Duskmourn: House of Horror,195,198,3515.78
7668,Spirit of Resistance,Invasion,173,190,3513.59
563284,Tinder Wall (Future Sight),Mystery Booster 2,145,160,3513.12
21636,Island - Guru,Guru Lands,3,3,3512.98
668471,Extinction Event (Borderless),Marvel Universe Eternal-Legal,654,691,3511.5
544870,Force of Vigor,Outlaws of Thunder Junction: Breaking News,372,433,3508.5
267925,"Jetmir, Nexus of Revels",Streets of New Capenna,356,359,3507.13
166661,Luxury Suite,Battlebond,108,111,3505.66
527818,"Lara Croft, Tomb Raider",Secret Lair Drop Series,64,71,3504.91
256410,Grim Tutor (Silver Laminate),Secret Lair Drop Series,94,95,3504.42
221874,Valakut Awakening (Extended Art),Zendikar Rising,173,179,3503.43
512640,"Lord Skitter, Sewer King",Wilds of Eldraine,538,654,3503.18
82890,Misdirection,Conspiracy,224,238,3502.46
603078,Force of Despair,Secret Lair Showdown,343,547,3500.45
499772,Lightning Greaves,Commander: The Lord of the Rings: Tales of Middle-earth,706,772,3498.96
643504,Mightform Harmonizer,Edge of Eternities,1016,1440,3498.9
35533,Liliana's Caress,Magic 2011 (M11),441,475,3498.06
660532,White Lotus Tile,Avatar: The Last Airbender,720,781,3496.98
679596,Heralds of the Shredder - Vigor,Commander: Teenage Mutant Ninja Turtles,627,1367,3496.34
591010,Massacre Wurm (0714),Foundations,689,1388,3495.99
540691,Akroma's Memorial (Rainbow Foil),Secret Lair Drop Series,40,50,3495.84
526074,Delighted Halfling (Showcase Scrolls),Universes Beyond: The Lord of the Rings: Tales of Middle-earth,56,60,3494.04
484554,Drana and Linvala,March of the Machine,505,519,3492.84
504192,Storm-Kiln Artist (Borderless),Commander Masters,575,599,3489.99
11793,Doubling Cube,Fifth Dawn,109,110,3489.2
576521,Hushwood Verge (Borderless),Duskmourn: House of Horror,293,346,3488.66
686548,The Dawning Archaic (Borderless),Secrets of Strixhaven,661,700,3488.5
687566,Primordial Hydra,Commander: Secrets of Strixhaven,1050,1861,3488.04
7829,Meddling Mage,Planeshift,71,119,3484.95
531000,Hellkite Tyrant (Anime Borderless),Ravnica Remastered,247,255,3484.38
661920,The Legend of Yangchen,Avatar: The Last Airbender,773,852,3482.52
286555,Thunderhawk Gunship,"Universes Beyond: Warhammer 40,000",216,216,3481.12
222164,Agadeem's Awakening (Extended Art),Zendikar Rising,91,92,3480.84
240050,Sterling Grove,Modern Horizons 2,717,787,3480.07
14791,Retether,Planar Chaos,173,176,3478.71
491540,Nesting Dovehawk,Commander: March of the Machine,151,153,3478.54
514263,Pyroblast,WPN & Gateway Promos,201,234,3478.4
455835,Felidar Sovereign (1182),Secret Lair Drop Series,64,64,3477.26
239424,Arid Mesa (Retro Frame) (Foil Etched),Modern Horizons 2,85,99,3475.51
34706,"Ulamog, the Infinite Gyre",Rise of the Eldrazi,89,89,3473.18
287159,Steam Vents (Borderless) (Galaxy Foil),Unfinity,19,19,3473.12
77296,Mishra's Factory (Spring),Antiquities,36,52,3473.0
