productId,name,set,transactions,units,gmv_sale
693022,The Mind Stone,Marvel Super Heroes,2301,2492,177420.29
647302,The Soul Stone,Marvel's Spider-Man,1447,1503,138835.12
686643,Force of Will (JP Alternate Art) (Silver Scroll Foil),Secrets of Strixhaven: Mystical Archive,94,96,104012.28
660570,Badgermole Cub,Avatar: The Last Airbender,1308,1574,85413.69
6883,Gaea's Cradle,Urza's Saga,59,62,83416.03
686637,Force of Will,Secrets of Strixhaven: Mystical Archive,1011,1072,79855.2
696341,"Thanos, The Mad Titan (Borderless) (0400)",Marvel Super Heroes,336,340,77344.05
1608,Volcanic Island,Revised Edition,85,99,72685.13
689157,Jeska's Will (JP Alternate Art) (Silver Scroll Foil),Secrets of Strixhaven: Mystical Archive,154,156,70357.89
5382,Mox Diamond,Stronghold,62,67,69849.8
686640,Force of Will (JP Alternate Art),Secrets of Strixhaven: Mystical Archive,345,356,67766.69
488270,The One Ring (Borderless) (LTR Bundle),Unique and Miscellaneous Promos,700,739,67037.19
1599,Underground Sea,Revised Edition,69,81,66468.29
5129,Lion's Eye Diamond,Mirage,83,90,66115.17
641734,Quantum Riddler,Edge of Eternities,1322,1862,65347.76
686552,Vampiric Tutor,Secrets of Strixhaven: Mystical Archive,1013,1027,62963.15
7357,Rhystic Study,Prophecy,1081,1168,62619.2
6323,Grim Monolith,Urza's Legacy,123,128,60958.36
668479,Doctor Doom (Borderless) (0394),Marvel Super Heroes,322,324,57602.98
693024,The Mind Stone (Borderless),Marvel Super Heroes,36,36,54749.25
487805,The One Ring,Universes Beyond: The Lord of the Rings: Tales of Middle-earth,471,504,54063.35
689158,Emeritus of Woe,Secrets of Strixhaven,2444,2628,53654.09
240035,Esper Sentinel,Modern Horizons 2,853,905,52529.9
686556,Vampiric Tutor (JP Alternate Art) (Silver Scroll Foil),Secrets of Strixhaven: Mystical Archive,67,67,51654.26
631067,"Y'shtola, Night's Blessed (Borderless) (Surge Foil)",Commander: FINAL FANTASY,72,72,51325.24
498367,Orcish Bowmasters,Universes Beyond: The Lord of the Rings: Tales of Middle-earth,902,1051,50732.94
618882,"Y'shtola, Night's Blessed (Borderless)",Commander: FINAL FANTASY,294,295,49560.93
631015,Vivi Ornitier,FINAL FANTASY,1168,1292,49500.96
689151,Jeska's Will,Secrets of Strixhaven: Mystical Archive,979,987,49097.54
630986,"Sephiroth, Fabled SOLDIER (Borderless) (Surge Foil)",FINAL FANTASY,83,84,48311.37
700738,Doom Variant - Roaming Throne (Borderless),Marvel Universe Eternal-Legal,926,950,48228.45
36238,Mox Opal,Scars of Mirrodin,174,212,47972.49
671005,Hexing Squelcher,Lorwyn Eclipsed,1999,2249,47272.12
632704,Buster Sword,FINAL FANTASY,1095,1115,46692.32
696296,"Mjolnir, Hammer of Thor",Marvel Super Heroes,1972,2168,45841.31
660516,"Wan Shi Tong, Librarian",Avatar: The Last Airbender,985,1104,45162.86
525238,Roaming Throne,The Lost Caverns of Ixalan,879,915,45155.52
71039,"Nykthos, Shrine to Nyx",Theros,829,874,44694.62
688651,Erode,Secrets of Strixhaven,3771,5161,44420.03
1595,Tropical Island,Revised Edition,86,95,44094.18
1624,Wheel of Fortune,Revised Edition,136,136,43943.92
183033,Smothering Tithe,Ravnica Allegiance,826,839,43753.43
686555,Vampiric Tutor (JP Alternate Art),Secrets of Strixhaven: Mystical Archive,274,275,43407.91
1597,Tundra,Revised Edition,75,93,43155.11
282800,"Sheoldred, the Apocalypse",Dominaria United,414,436,42451.92
517451,The One Ring (Borderless Poster),Universes Beyond: The Lord of the Rings: Tales of Middle-earth,39,40,42229.61
643635,Ancient Tomb (0001) (Borderless),Edge of Eternities: Stellar Sights,352,356,42001.99
641733,Ouroboroid,Edge of Eternities,1094,1226,41896.74
696312,The Unbeatable Squirrel Girl,Marvel Super Heroes,3688,4253,41653.38
212302,The Ozolith,Ikoria: Lair of Behemoths,618,625,41394.88
697254,"Doctor Doom, Unrivaled",Commander: Marvel Super Heroes,493,505,41378.21
262050,"Boseiju, Who Endures",Kamigawa: Neon Dynasty,738,794,40247.32
689350,Cyclonic Rift (JP Alternate Art) (Silver Scroll Foil),Secrets of Strixhaven: Mystical Archive,94,95,40186.27
696314,The Unbeatable Squirrel Girl (Borderless),Marvel Super Heroes,1402,1445,40163.43
697546,The Fantasticar,Commander: Marvel Super Heroes,472,1320,40153.98
162125,Mox Amber,Dominaria,448,482,39190.26
632052,Stay with Me - Rhystic Study (Showcase),FINAL FANTASY: Through the Ages,296,298,38885.53
5457,Ancient Tomb,Tempest,276,324,38528.53
671032,Hexing Squelcher (Showcase),Lorwyn Eclipsed,971,1032,38496.73
7030,Serra's Sanctum,Urza's Saga,83,89,38452.96
647614,The Soul Stone (Borderless),Marvel's Spider-Man,25,25,38406.31
632705,Buster Sword (Borderless),FINAL FANTASY,377,383,37591.77
644286,Icetill Explorer,Edge of Eternities,1900,2211,37394.02
5615,Lotus Petal,Tempest,939,1154,37326.22
618887,Dragon of Mount Gulg - Ancient Copper Dragon (Showcase),FINAL FANTASY: Through the Ages,281,281,37192.89
697204,"Loki, Lord of Misrule",Commander: Marvel Super Heroes,520,525,36970.73
5529,Earthcraft,Tempest,190,197,36203.26
552863,Ocelot Pride,Modern Horizons 3,716,900,36022.15
1339,Badlands,Revised Edition,82,91,35955.66
238619,Urza's Saga,Modern Horizons 2,735,854,35875.67
688521,Flashback,Secrets of Strixhaven,3915,4968,35594.57
696349,The Ten Rings,Marvel Super Heroes,1899,2274,35517.26
518155,"Sauron, the Dark Lord (Borderless Poster)",Universes Beyond: The Lord of the Rings: Tales of Middle-earth,69,69,35311.33
688679,Flow State,Secrets of Strixhaven,4218,7962,35152.65
5593,Intuition,Tempest,99,104,34624.8
690171,Flusterstorm (JP Alternate Art) (Silver Scroll Foil),Secrets of Strixhaven: Mystical Archive,141,141,34108.66
689345,Cyclonic Rift,Secrets of Strixhaven: Mystical Archive,917,926,33661.33
686601,Emeritus of Ideation,Secrets of Strixhaven,2343,2881,33634.76
686575,Improvisation Capstone,Secrets of Strixhaven,2229,2404,33561.75
541274,Polluted Delta,Modern Horizons 3,1349,1751,33437.93
656776,Tataru Taru (Borderless) (Chocobo Track Foil),Commander: FINAL FANTASY,171,174,33149.16
688890,Crop Rotation (JP Alternate Art) (Silver Scroll Foil),Secrets of Strixhaven: Mystical Archive,180,186,33136.86
660571,Badgermole Cub (Borderless),Avatar: The Last Airbender,390,424,32929.07
130149,Anointed Procession,Amonkhet,591,598,32787.74
697268,Ultron the Annihilator,Commander: Marvel Super Heroes,537,539,32483.51
688833,Ad Nauseam (JP Alternate Art) (Silver Scroll Foil),Secrets of Strixhaven: Mystical Archive,104,104,32106.01
238610,Scalding Tarn,Modern Horizons 2,723,843,32081.95
630950,"Sephiroth, Fabled SOLDIER",FINAL FANTASY,886,953,31940.09
4416,Survival of the Fittest,Exodus,87,91,31934.16
1585,Taiga,Revised Edition,91,98,31917.08
1527,Plateau,Revised Edition,94,107,31836.74
631871,Vivi Ornitier (Borderless),FINAL FANTASY,314,319,31636.96
623894,"Ugin, Eye of the Storms",Tarkir: Dragonstorm,633,755,31543.68
238609,Misty Rainforest,Modern Horizons 2,781,895,31538.45
589328,Bloodthirsty Conqueror,Foundations,851,897,31536.51
509562,Smothering Tithe (Anime Borderless),Wilds of Eldraine: Enchanting Tales,142,142,31506.04
504495,Deflecting Swat (Borderless),Commander Masters,255,259,31407.63
212191,Deflecting Swat,Commander 2020,482,485,31377.17
656850,"Yuna, Hope of Spira (Borderless) (Chocobo Track Foil)",FINAL FANTASY,223,230,31267.8
656848,Vivi Ornitier (Borderless) (Chocobo Track Foil),FINAL FANTASY,139,140,31191.56
541275,Bloodstained Mire,Modern Horizons 3,1308,1754,31099.03
212218,Fierce Guardianship,Commander 2020,556,573,30911.99
657764,Doubling Season (Borderless),Teenage Mutant Ninja Turtles Source Material,1019,1060,30851.81
498425,Orcish Bowmasters (Borderless),Universes Beyond: The Lord of the Rings: Tales of Middle-earth,470,506,30840.34
238607,Arid Mesa,Modern Horizons 2,803,940,30609.27
273001,Ancient Copper Dragon,Commander Legends: Battle for Baldur's Gate,270,273,30369.32
190647,Force of Negation,Modern Horizons,454,598,30257.39
656750,"Cloud, Midgar Mercenary (Borderless) (Chocobo Track Foil)",FINAL FANTASY,179,183,30078.56
4303,City of Traitors,Exodus,61,62,29828.88
697383,Devil Dinosaur,Commander: Marvel Super Heroes,653,661,29813.43
1388,Demonic Tutor,Revised Edition,560,576,29789.94
1342,Bayou,Revised Edition,73,81,29753.39
696412,T'Challa's Protection - Teferi's Protection (Borderless),Marvel Universe Eternal-Legal,797,849,29590.33
697068,"Shang-Chi, Master of Kung Fu (Borderless) (0396)",Marvel Super Heroes,302,308,29331.49
631062,"Cloud, Ex-SOLDIER (Borderless) (Surge Foil)",Commander: FINAL FANTASY,78,80,29277.02
36765,Mox Diamond,From the Vault: Relics,16,17,28925.16
5170,Phyrexian Dreadnought,Mirage,91,113,28695.21
558355,Three Tree City,Bloomburrow,1102,1162,28672.54
630959,"Sephiroth, Fabled SOLDIER (0317) (Borderless)",FINAL FANTASY,298,303,28483.51
590858,Doubling Season,Foundations,855,871,28482.04
1552,Savannah,Revised Edition,85,94,28251.48
498456,Balin's Tomb - Ancient Tomb (Borderless),Commander: The Lord of the Rings: Tales of Middle-earth,155,159,28123.71
662549,The Walls of Ba Sing Se,Avatar: The Last Airbender,1098,1136,28108.07
509566,Rhystic Study (Anime Borderless),Wilds of Eldraine: Enchanting Tales,145,147,27813.25
696290,Tony Stark (Borderless) (0392),Marvel Super Heroes,307,312,27746.75
668478,Bruce Banner (Borderless) (0390),Marvel Super Heroes,288,289,27587.07
1556,Scrubland,Revised Edition,74,77,27448.33
696581,"Ultron, Artificial Malevolence",Marvel Super Heroes,1850,2084,27391.69
689348,Cyclonic Rift (JP Alternate Art),Secrets of Strixhaven: Mystical Archive,256,257,27317.3
697332,The Vision and Scarlet Witch,Commander: Marvel Super Heroes,396,402,27280.02
689106,Germination Practicum,Secrets of Strixhaven,2296,2502,27255.53
541277,Wooded Foothills,Modern Horizons 3,1330,1621,27216.12
656838,Tifa Lockhart (Borderless) (Chocobo Track Foil),FINAL FANTASY,189,195,26900.87
651357,Eddie Brock (0233) (Borderless),Marvel's Spider-Man,250,254,26826.79
630884,"Cloud, Midgar Mercenary (Borderless) (Surge Foil)",FINAL FANTASY,103,106,26791.4
696583,"Ultron, Artificial Malevolence (Borderless) (0401)",Marvel Super Heroes,265,266,26782.68
499456,Mithril Coat,Universes Beyond: The Lord of the Rings: Tales of Middle-earth,902,922,26544.4
656787,Snapcaster Mage (Borderless) (Chocobo Track Foil),Commander: FINAL FANTASY,175,181,26447.8
659479,"Jin Sakai, Ghost of Tsushima",Secret Lair Drop Series,187,225,26428.31
660517,"Wan Shi Tong, Librarian (Borderless)",Avatar: The Last Airbender,322,332,26413.35
238608,Marsh Flats,Modern Horizons 2,730,837,26385.95
614390,Chrome Mox (Borderless),Special Guests,141,141,26100.49
630968,"Sephiroth, Fabled SOLDIER (0382) (Borderless)",FINAL FANTASY,330,335,26004.37
687438,Land Tax,Commander: Secrets of Strixhaven,1465,1781,25895.59
696535,Jennifer Walters,Marvel Super Heroes,1696,2036,25879.83
696582,"Ultron, Artificial Malevolence (Borderless) (0344)",Marvel Super Heroes,776,788,25848.48
591214,Hare Apparent,Foundations,2181,8091,25803.42
696324,King T'Challa,Marvel Super Heroes,1705,2136,25784.7
673653,"Krang, Utrom Warlord",Teenage Mutant Ninja Turtles,1405,1477,25680.86
498414,Delighted Halfling,Universes Beyond: The Lord of the Rings: Tales of Middle-earth,918,970,25645.12
662085,Urza's Saga,Secret Lair Countdown Kit,299,340,25592.79
552631,Warren Soultrader,Modern Horizons 3,1700,1858,25367.76
226653,Jeska's Will,Commander Legends,587,615,25352.2
218602,Mox Opal,Double Masters,87,105,25301.81
686619,"Witherbloom, the Balancer (Borderless)",Secrets of Strixhaven,780,784,25290.45
6209,Metalworker,Urza's Destiny,143,154,25289.12
541276,Flooded Strand,Modern Horizons 3,1331,1668,25288.58
657755,Super Shredder,Teenage Mutant Ninja Turtles,1080,1210,25268.64
451975,Mox Amber,The Brothers' War: Retro Frame Artifacts,266,277,25234.59
553302,Urza's Incubator,Modern Horizons 3,1353,1456,25186.66
5412,Sliver Queen,Stronghold,98,101,25153.84
239857,"Ragavan, Nimble Pilferer",Modern Horizons 2,453,523,24999.77
623882,"Elspeth, Storm Slayer",Tarkir: Dragonstorm,591,606,24933.87
658468,Aerith Gainsborough,Pro Tour Promos,83,85,24899.6
504494,Deflecting Swat,Commander Masters,353,362,24716.89
552582,Sink into Stupor,Modern Horizons 3,2654,3599,24673.06
623897,Voice of Victory,Tarkir: Dragonstorm,1063,1232,24642.83
615741,Monument to Endurance,Aetherdrift,1225,1330,24474.03
696438,"Wolverine, Best There Is (Borderless)",Marvel Universe Eternal-Legal,845,849,24370.85
656711,Steam Vents,Lorwyn Eclipsed,1678,2031,24236.45
631066,"Tifa, Martial Artist (Borderless) (Surge Foil)",Commander: FINAL FANTASY,98,101,24103.56
525241,Roaming Throne (Borderless),The Lost Caverns of Ixalan,479,490,23833.89
238611,Verdant Catacombs,Modern Horizons 2,727,779,23756.19
698015,Molecule Man,Commander: Marvel Super Heroes,586,739,23560.53
670957,Chronicle of Victory,Lorwyn Eclipsed,1106,1195,23468.74
687542,Sol Ring,Commander: Secrets of Strixhaven,3436,8498,23317.87
11467,Chrome Mox,Mirrodin,157,161,23304.08
686613,"Witherbloom, the Balancer",Secrets of Strixhaven,2033,2192,23054.02
5226,Shallow Grave,Mirage,209,288,22980.25
697490,Patriotic Shield - Sword of Fire and Ice (Borderless),Marvel Universe Eternal-Legal,761,775,22647.77
135074,Torment of Hailfire,Hour of Devastation,563,569,22555.69
686600,Professor Dellian Fel,Secrets of Strixhaven,1865,2303,22433.9
525752,Exquisite Blood,Commander: The Lost Caverns of Ixalan,640,654,22427.04
656784,"Lulu, Stern Guardian (Borderless) (Chocobo Track Foil)",Commander: FINAL FANTASY,165,167,22419.96
696274,"Loki, God of Mischief",Marvel Super Heroes,2184,4095,22407.65
660581,"Toph, Earthbending Master",Avatar: The Last Airbender: Eternal-Legal,540,541,22342.12
501923,"Muxus, Goblin Grandee (Rainbow Foil)",Secret Lair Drop Series,179,184,22276.38
633136,The Earth Crystal,FINAL FANTASY,1701,1776,22255.09
689155,Jeska's Will (JP Alternate Art),Secrets of Strixhaven: Mystical Archive,256,256,22253.45
3330,Transmute Artifact,Antiquities,58,63,22242.0
662054,Phyrexian Altar,Secret Lair Countdown Kit,386,396,22215.79
553235,Talon Gates of Madara,Commander: Modern Horizons 3,783,1161,22209.65
630870,"Cloud, Midgar Mercenary",FINAL FANTASY,976,1033,22037.16
696542,Jennifer Walters (Borderless) (0388),Marvel Super Heroes,325,332,22008.61
262051,"Boseiju, Who Endures (Borderless)",Kamigawa: Neon Dynasty,232,236,21935.02
448904,Chrome Mox,Secret Lair Countdown Kit,100,104,21841.41
696634,The Astonishing Ant-Man (Borderless),Marvel Super Heroes,333,336,21826.65
222103,Malakir Rebirth,Zendikar Rising,1432,1568,21826.46
162175,Rat Colony,Dominaria,797,3421,21823.39
6232,Replenish,Urza's Destiny,108,119,21656.82
516539,Mox Opal (Retro Frame) (Foil Etched),Secret Lair Drop Series,46,51,21641.07
630917,Summon: Bahamut,FINAL FANTASY,943,984,21577.96
262434,"Otawara, Soaring City",Kamigawa: Neon Dynasty,688,708,21503.08
544392,"Bristly Bill, Spine Sower",Outlaws of Thunder Junction,474,502,21486.9
638912,Sacred Foundry,Edge of Eternities,1563,1835,21465.02
660577,The Banyan Tree - The Great Henge (Borderless),Avatar: The Last Airbender: Eternal-Legal,343,343,21398.41
697059,"Shang-Chi, Master of Kung Fu",Marvel Super Heroes,1569,1937,21389.37
614418,Riverpyre Verge,Aetherdrift,738,938,21297.7
656900,"Aerith, Last Ancient (Borderless) (Chocobo Track Foil)",Commander: FINAL FANTASY,223,224,21267.61
648709,Redirect Lightning,Avatar: The Last Airbender,1682,1839,21253.16
188701,Finale of Devastation,War of the Spark,415,421,21229.31
697485,Heaven-Sent Marvel - Archangel of Thune (Borderless),Marvel Universe Eternal-Legal,895,958,21203.73
218603,Mox Opal (Borderless),Double Masters,54,55,21177.5
686599,"Prismari, the Inspiration",Secrets of Strixhaven,2174,2276,21160.16
688950,Decorum Dissertation,Secrets of Strixhaven,2089,2268,21140.21
490390,"Etali, Primal Conqueror",March of the Machine,586,591,21072.89
641757,Quantum Riddler (Borderless),Edge of Eternities,327,415,21012.0
525381,Hunting Velociraptor (Borderless),Universes Beyond: Jurassic World Collection,285,286,20999.2
233371,Demonic Tutor,Strixhaven: Mystical Archive,233,237,20956.78
687365,Faerie Mastermind,Commander: Secrets of Strixhaven,1628,1949,20938.11
517448,Gandalf the White (Borderless Poster),Universes Beyond: The Lord of the Rings: Tales of Middle-earth,82,82,20753.06
667795,"Yuna, Grand Summoner (Borderless)",WPN & Gateway Promos,471,516,20726.57
679211,Donnie's Bo - Shadowspear (Borderless),Teenage Mutant Ninja Turtles Source Material,1026,1093,20630.22
517603,Cavern of Souls (0269),The Lost Caverns of Ixalan,372,404,20571.35
509518,Rhystic Study,Wilds of Eldraine: Enchanting Tales,221,237,20558.16
697396,"Tippy-Toe, Terrific Partner",Commander: Marvel Super Heroes,1244,1284,20538.62
518158,Tom Bombadil (Borderless Poster),Universes Beyond: The Lord of the Rings: Tales of Middle-earth,71,72,20506.09
696299,"Thor, God of Thunder",Marvel Super Heroes,1908,2179,20498.08
552852,Phyrexian Tower,Modern Horizons 3,719,788,20470.09
696304,"Mjolnir, Hammer of Thor (Borderless) (0339)",Marvel Super Heroes,466,471,20463.94
631064,"Terra, Herald of Hope (Borderless) (Surge Foil)",Commander: FINAL FANTASY,85,86,20427.8
517447,Mount Doom (Borderless Poster),Universes Beyond: The Lord of the Rings: Tales of Middle-earth,96,97,20395.17
98395,Mox Opal,Modern Masters 2015,77,89,20346.87
696671,Cosmic Cube,Marvel Super Heroes,1737,1952,20320.85
697431,Swordsman's Steel,Commander: Marvel Super Heroes,799,842,20310.72
668477,"Captain America, Super-Soldier (Borderless) (0387)",Marvel Super Heroes,249,252,20280.33
91106,"Urborg, Tomb of Yawgmoth",Magic 2015 (M15),351,353,20276.54
638153,Yojimbo - Solitude (Rainbow Foil),Secret Lair Drop Series,28,28,20241.08
686615,"Prismari, the Inspiration (Borderless)",Secrets of Strixhaven,865,869,20126.49
638914,Watery Grave,Edge of Eternities,1630,1870,20053.46
686672,Sylvan Library (Borderless),Special Guests,735,751,20008.27
638908,"Tezzeret, Cruel Captain",Edge of Eternities,880,1032,19930.12
276288,Imperial Seal,Double Masters 2022,125,125,19913.67
656667,Formidable Speaker,Lorwyn Eclipsed,1721,2209,19911.64
589354,Mossborn Hydra,Foundations,1334,1548,19895.87
199361,The Great Henge,Throne of Eldraine,303,310,19891.63
656812,Vivi's Persistence (Borderless),Commander: FINAL FANTASY,480,485,19832.86
541272,Windswept Heath,Modern Horizons 3,1384,1690,19673.34
4183,Lake of the Dead,Alliances,173,198,19634.27
499326,"The Dead Marshes - Urborg, Tomb of Yawgmoth (Borderless)",Commander: The Lord of the Rings: Tales of Middle-earth,157,158,19578.51
630919,Summon: Bahamut (Borderless),FINAL FANTASY,340,342,19547.98
589380,Twinflame Tyrant,Foundations,741,758,19497.32
696340,King T'Challa (Borderless) (0399),Marvel Super Heroes,295,297,19462.45
641799,Gemstone Caverns (0016) (Borderless),Edge of Eternities: Stellar Sights,330,334,19426.56
478276,"Mondrak, Glory Dominus",Phyrexia: All Will Be One,430,435,19412.89
656687,Blood Crypt,Lorwyn Eclipsed,1740,2041,19317.79
688836,Akroma's Will,Secrets of Strixhaven: Mystical Archive,990,1011,19314.19
206978,Shadowspear,Theros Beyond Death,598,604,19286.27
656652,Bitterbloom Bearer,Lorwyn Eclipsed,1060,1128,19235.59
697325,"Nico Minoru, Runaway",Commander: Marvel Super Heroes,472,474,18995.34
240037,Solitude,Modern Horizons 2,384,522,18991.33
31833,Violent Outburst,Alara Reborn,1065,2852,18955.79
689159,Emeritus of Woe (Extended Art),Secrets of Strixhaven,585,599,18928.64
222038,Sea Gate Restoration,Zendikar Rising,446,507,18845.39
533402,"Delney, Streetwise Lookout",Murders at Karlov Manor,498,507,18812.82
38273,Survival of the Fittest,Judge Promos,7,11,18782.69
179473,Ancient Tomb,Ultimate Masters,143,145,18772.9
488276,The One Ring (Extended Art),Universes Beyond: The Lord of the Rings: Tales of Middle-earth,128,142,18757.17
656712,Steam Vents (Borderless),Lorwyn Eclipsed,860,951,18726.93
688899,Culling the Weak,Secrets of Strixhaven: Mystical Archive,1710,1765,18706.38
638910,Breeding Pool,Edge of Eternities,1535,1755,18685.54
230903,"Birgi, God of Storytelling",Kaldheim,566,573,18645.22
648742,Avatar Aang (Raised Foil),Avatar: The Last Airbender,4,4,18575.0
668469,Namor the Sub-Mariner (Borderless) (0391),Marvel Super Heroes,333,341,18547.25
272901,Displacer Kitten,Commander Legends: Battle for Baldur's Gate,514,533,18534.59
276291,Mana Vault,Double Masters 2022,157,166,18520.42
633976,Knights of San d'Oria - Ranger-Captain of Eos (Showcase),FINAL FANTASY: Through the Ages,313,331,18515.65
512510,Agatha's Soul Cauldron,Wilds of Eldraine,449,497,18463.87
631607,Starting Town,FINAL FANTASY,1330,1678,18459.22
656709,Overgrown Tomb,Lorwyn Eclipsed,1624,1919,18407.29
544246,Mana Drain,Outlaws of Thunder Junction: Breaking News,347,349,18352.84
552306,Ruby Medallion,Modern Horizons 3,1342,1516,18321.71
4146,Force of Will,Alliances,212,266,18290.17
6886,Gilded Drake,Urza's Saga,105,107,18281.51
276329,Imperial Seal (Borderless),Double Masters 2022,96,97,18258.96
689056,Cauldron of Essence,Secrets of Strixhaven,3767,4333,18222.39
696417,Simulacrum Synthesizer (Borderless),Marvel Universe Eternal-Legal,840,892,18177.38
552830,Fanatic of Rhonas,Modern Horizons 3,1753,2027,18100.09
689924,Consecrated Sphinx (Retro Frame),MagicFest Cards,712,936,18099.64
589389,Scythecat Cub,Foundations Jumpstart,551,651,18019.33
630929,Traveling Chocobo,FINAL FANTASY,885,950,18005.69
688843,Awaken the Woods,Secrets of Strixhaven: Mystical Archive,961,980,17997.36
590679,"Rev, Tithe Extractor (Anime)",Foundations Jumpstart,638,688,17984.62
673622,Cool but Rude,Teenage Mutant Ninja Turtles,2318,2758,17976.62
504561,Fierce Guardianship,Commander Masters,302,311,17937.86
694832,Swords to Plowshares (Borderless) (Magazine Insert),Media Promos,385,390,17886.07
6303,Deranged Hermit,Urza's Legacy,212,233,17875.15
122852,Lotus Petal,Masterpiece Series: Kaladesh Inventions,17,18,17848.38
552333,"Tamiyo, Inquisitive Student",Modern Horizons 3,673,977,17836.42
668460,Bruce Banner,Marvel Super Heroes,1640,1860,17821.85
273003,Ancient Copper Dragon (Borderless),Commander Legends: Battle for Baldur's Gate,118,118,17694.45
641725,Exalted Sunborn,Edge of Eternities,997,1128,17658.28
688845,Awaken the Woods (JP Alternate Art) (Silver Scroll Foil),Secrets of Strixhaven: Mystical Archive,140,140,17638.41
660518,Force of Negation (Borderless),Avatar: The Last Airbender: Eternal-Legal,346,367,17608.52
656781,Flash Photography (Borderless),Commander: FINAL FANTASY,483,513,17573.75
517252,Call Forth the Tempest (Borderless),Commander: The Lord of the Rings: Tales of Middle-earth,507,523,17551.87
240036,Esper Sentinel (Showcase),Modern Horizons 2,287,291,17505.38
66473,Cyclonic Rift,Return to Ravnica,569,583,17398.19
122709,Aetherflux Reservoir,Kaladesh,765,773,17389.85
631072,"Sephiroth, the Savior - Atraxa, Grand Unifier (Showcase)",FINAL FANTASY: Through the Ages,302,335,17383.26
686578,Improvisation Capstone (Borderless),Secrets of Strixhaven,807,838,17381.03
505763,Fierce Guardianship (Borderless),Commander Masters,206,208,17368.6
631068,"Yuna, Grand Summoner (Borderless) (Surge Foil)",Commander: FINAL FANTASY,65,65,17304.12
227008,Mana Drain,Commander Legends,319,330,17286.31
658469,"Kratos, God of War",Secret Lair Drop Series,275,322,17148.87
624002,Scalding Tarn (Borderless),Special Guests,192,203,17032.0
578080,Enduring Vitality,Duskmourn: House of Horror,1598,1755,16990.36
638911,Godless Shrine,Edge of Eternities,1493,1709,16972.04
206926,Thassa's Oracle,Theros Beyond Death,722,734,16967.32
524230,"Ojer Taq, Deepest Foundation",The Lost Caverns of Ixalan,531,543,16960.76
562746,Enduring Tenacity,Duskmourn: House of Horror,1352,1422,16929.23
671525,Wistfulness,Lorwyn Eclipsed,1367,1810,16909.52
524414,Bloodletter of Aclazotz,The Lost Caverns of Ixalan,428,457,16906.37
631812,"Terra Branford - Urza, Lord High Artificer (Showcase)",FINAL FANTASY: Through the Ages,280,282,16897.59
3267,Candelabra of Tawnos,Antiquities,6,7,16886.52
82224,Mana Confluence,Journey Into Nyx,487,500,16868.68
591199,Sire of Seven Deaths,Foundations,810,939,16789.01
638143,Anima - Grief (Rainbow Foil),Secret Lair Drop Series,36,36,16713.96
10473,Wooded Foothills,Onslaught,83,116,16643.49
560459,Ms. Bumbleflower (Borderless) (Raised Foil),Commander: Bloomburrow,12,12,16559.57
517256,Legolas's Quick Reflexes (Borderless),Commander: The Lord of the Rings: Tales of Middle-earth,502,514,16536.46
230923,"Birgi, God of Storytelling (Showcase)",Kaldheim,445,451,16536.28
638909,"Tezzeret, Cruel Captain (Borderless)",Edge of Eternities,289,298,16523.43
671172,Springleaf Parade,Commander: Lorwyn Eclipsed,1284,2024,16443.85
656847,"Choco, Seeker of Paradise (Borderless) (Chocobo Track Foil)",FINAL FANTASY,189,191,16389.37
243293,Old Gnawbone,Adventures in the Forgotten Realms,318,318,16376.99
662430,Deflecting Swat (Showcase),Avatar: The Last Airbender: Eternal-Legal,207,208,16363.05
499318,Glittering Caves of Aglarond - Gemstone Caverns (Borderless),Commander: The Lord of the Rings: Tales of Middle-earth,220,231,16304.04
696285,"Loki, God of Mischief (Borderless)",Marvel Super Heroes,1264,1600,16268.41
9616,Cabal Ritual,Torment,806,934,16211.91
233497,Demonic Tutor (JP Alternate Art),Strixhaven: Mystical Archive,42,42,16201.62
234275,"Urborg, Tomb of Yawgmoth",Time Spiral: Remastered,257,263,16189.69
671780,Moonshadow,Lorwyn Eclipsed,1027,1417,16172.96
1492,Mana Vault,Revised Edition,201,204,16157.6
679620,City of Brass,Commander: Teenage Mutant Ninja Turtles,1307,1670,16132.87
641743,Terrasymbiosis,Edge of Eternities,1686,1794,16117.49
688834,Akroma's Will (JP Alternate Art) (Silver Scroll Foil),Secrets of Strixhaven: Mystical Archive,143,143,16081.98
509513,Smothering Tithe,Wilds of Eldraine: Enchanting Tales,255,259,16036.87
651338,Norman Osborn (Borderless),Marvel's Spider-Man,973,1040,16010.67
218811,Chrome Mox,Double Masters,95,95,16006.66
276323,Mana Vault (Borderless),Double Masters 2022,91,98,15990.04
168720,Scapeshift,Core Set 2019,299,334,15973.48
696429,"Captain America, First Avenger (Borderless)",Marvel Universe Eternal-Legal,845,856,15963.64
648732,The Cabbage Merchant,Avatar: The Last Airbender: Eternal-Legal,589,608,15944.06
689922,Beseech the Mirror,Secret Lair Drop Series,569,667,15919.53
122855,Mox Opal,Masterpiece Series: Kaladesh Inventions,12,13,15896.34
501909,Goblin Lackey (1311) (Rainbow Foil),Secret Lair Drop Series,163,166,15870.39
679072,Trouble in Pairs (Borderless),Teenage Mutant Ninja Turtles Source Material,951,1011,15861.39
696351,The Ten Rings (Borderless),Marvel Super Heroes,828,906,15827.88
532918,Thundering Falls,Murders at Karlov Manor,884,999,15796.25
618879,"Cloud, Ex-SOLDIER (Borderless)",Commander: FINAL FANTASY,229,229,15763.05
630851,"Kefka, Court Mage (0322) (Borderless)",FINAL FANTASY,300,318,15748.56
56324,Parallel Lives,Innistrad,449,459,15741.92
656703,Hallowed Fountain,Lorwyn Eclipsed,1567,1893,15730.04
92829,Polluted Delta,Khans of Tarkir,586,784,15719.01
696306,"Thor, God of Thunder (Borderless) (0369)",Marvel Super Heroes,375,380,15712.62
656841,Traveling Chocobo (Borderless) (Chocobo Track Foil),FINAL FANTASY,170,173,15712.49
696245,Doctor Doom (Borderless) (0365),Marvel Super Heroes,399,404,15649.13
190748,Prismatic Vista,Modern Horizons,379,417,15633.78
686543,Grave Researcher,Secrets of Strixhaven,3398,4095,15607.6
518157,Palantir of Orthanc (Borderless Poster),Universes Beyond: The Lord of the Rings: Tales of Middle-earth,93,94,15605.73
675585,"Lorehold, the Historian (Borderless)",Secrets of Strixhaven,780,793,15574.15
243294,Old Gnawbone (Borderless),Adventures in the Forgotten Realms,205,207,15542.09
517966,The One Ring (Extended Art) (Surge Foil),Universes Beyond: The Lord of the Rings: Tales of Middle-earth,69,70,15496.46
3360,Ashnod's Altar,Chronicles,1083,1160,15483.25
188710,Mox Opal,Judge Promos,14,44,15479.46
475562,Swamp (Phyrexian) - Full Art (Oil Slick Raised Foil),Phyrexia: All Will Be One,393,953,15466.65
496067,Jeweled Lotus (Textured Foil),Commander Masters,27,29,15456.37
552309,"Ulamog, the Defiler",Modern Horizons 3,914,985,15453.05
697024,Hex Magic,Marvel Super Heroes,2827,7470,15453.01
675591,Stock Up,Secrets of Strixhaven: Mystical Archive,3646,6551,15411.32
631065,"Tidus, Yuna's Guardian (Borderless) (Surge Foil)",Commander: FINAL FANTASY,92,92,15399.92
558342,"Maha, Its Feathers Night",Bloomburrow,656,701,15391.81
556327,"Excalibur, Sword of Eden",Universes Beyond: Assassin's Creed,1060,1292,15383.67
688522,Flashback (Extended Art),Secrets of Strixhaven,1157,1275,15377.9
688652,Erode (Extended Art),Secrets of Strixhaven,1074,1255,15362.96
651332,Norman Osborn,Marvel's Spider-Man,1543,1709,15357.81
532905,Undercity Sewers,Murders at Karlov Manor,743,896,15354.25
7118,Yawgmoth's Will,Urza's Saga,77,77,15339.03
501921,Goblin Recruiter (Rainbow Foil),Secret Lair Drop Series,175,175,15311.23
689052,Scheming Silvertongue,Secrets of Strixhaven,2582,3382,15267.57
688904,Preordain (JP Alternate Art) (Silver Scroll Foil),Secrets of Strixhaven: Mystical Archive,209,217,15248.2
634431,Genji Glove,FINAL FANTASY,2232,2421,15200.67
34328,Amulet of Vigor,Worldwake,266,310,15162.47
630954,"Zidane Tribal - Ragavan, Nimble Pilferer (Showcase)",FINAL FANTASY: Through the Ages,247,257,15147.52
696539,Jennifer Walters (Borderless) (0328),Marvel Super Heroes,395,400,15133.29
552320,Jet Medallion,Modern Horizons 3,1365,1432,15068.48
6076,Null Rod,Weatherlight,107,141,15054.38
656903,Emet-Selch of the Third Seat (Borderless) (Chocobo Track Foil),Commander: FINAL FANTASY,202,202,15042.01
638902,"Sothera, the Supervoid (Singularity Foil)",Edge of Eternities,12,12,15028.33
544933,Simulacrum Synthesizer,Outlaws of Thunder Junction: The Big Score,479,526,15025.38
696388,"Iron Man, Bleeding Edge",Commander: Marvel Super Heroes,1048,1066,15019.6
12160,Sensei's Divining Top,Champions of Kamigawa,355,368,14981.51
696279,Tony Stark,Marvel Super Heroes,1688,1855,14961.39
696300,"Mjolnir, Hammer of Thor (Borderless) (0303)",Marvel Super Heroes,454,464,14930.69
671067,Bloom Tender,Lorwyn Eclipsed,1091,1176,14912.87
656844,Paradise Chocobo - Birds of Paradise (Borderless),Commander: FINAL FANTASY,818,914,14884.07
122862,Sol Ring,Masterpiece Series: Kaladesh Inventions,10,10,14876.11
578886,Overlord of the Balemurk,Duskmourn: House of Horror,508,694,14859.11
58842,Cavern of Souls,Avacyn Restored,261,286,14818.08
504181,Demonic Tutor (Borderless),Commander Masters,127,127,14795.42
222003,Ancient Tomb,Zendikar Rising Expeditions,97,101,14777.47
583908,"Miku, Divine Diva - Elspeth Tirel (Rainbow Foil)",Secret Lair Drop Series,195,276,14755.77
656823,"Yuffie, Materia Hunter (Borderless) (Chocobo Track Foil)",Commander: FINAL FANTASY,222,229,14743.32
668572,Namor the Sub-Mariner,Marvel Super Heroes,1647,2244,14738.72
630878,"Cloud, Midgar Mercenary (Borderless)",FINAL FANTASY,314,320,14704.88
697236,"Iron Man, Modern Marvel",Commander: Marvel Super Heroes,352,360,14704.76
671077,Bloom Tender (0400) (Showcase) (Fracture Foil),Lorwyn Eclipsed,43,43,14700.06
688951,Decorum Dissertation (Borderless),Secrets of Strixhaven,868,911,14690.68
697067,"Shang-Chi, Master of Kung Fu (Borderless) (0370)",Marvel Super Heroes,720,753,14675.64
517987,The One Ring (Showcase Scrolls),Universes Beyond: The Lord of the Rings: Tales of Middle-earth,32,34,14668.23
690168,Veil of Summer (JP Alternate Art) (Silver Scroll Foil),Secrets of Strixhaven: Mystical Archive,170,172,14666.17
688470,Psychic Frog,Game Day & Store Championship Promos,481,874,14651.88
689364,Triumph of the Hordes,Secrets of Strixhaven: Mystical Archive,920,942,14636.01
638146,Ifrit - Fury (Rainbow Foil),Secret Lair Drop Series,27,27,14622.68
696289,Tony Stark (Borderless) (0363),Marvel Super Heroes,379,384,14618.08
4815,Mystic Remora,Ice Age,1453,1629,14616.86
484938,Jeweled Lotus,Commander Masters,236,323,14590.04
544300,Vaultborn Tyrant,Outlaws of Thunder Junction: The Big Score,448,473,14585.57
276737,Force of Negation (Borderless),Double Masters 2022,211,236,14579.75
646172,Peter Parker (0232) (Borderless),Marvel's Spider-Man,250,254,14577.92
541324,Sword of Feast and Famine,Universes Beyond: Assassin's Creed,418,421,14573.67
451962,Portal to Phyrexia,The Brothers' War,426,436,14538.47
623999,Misty Rainforest (Borderless) (Dragonscale Foil),Special Guests,27,27,14519.44
484655,"Ragavan, Nimble Pilferer",March of the Machine: Multiverse Legends,248,270,14480.7
689108,Germination Practicum (Borderless),Secrets of Strixhaven,855,876,14477.94
656785,"Rikku, Resourceful Guardian (Borderless) (Chocobo Track Foil)",Commander: FINAL FANTASY,184,184,14449.6
226669,Jeweled Lotus,Commander Legends,289,325,14435.75
688831,Ad Nauseam,Secrets of Strixhaven: Mystical Archive,964,985,14427.72
239396,Cabal Coffers,Modern Horizons 2,453,468,14402.81
267057,Morphic Pool,Commander Legends: Battle for Baldur's Gate,490,493,14394.08
630944,Tifa Lockhart (Borderless) (Surge Foil),FINAL FANTASY,136,153,14375.23
686657,Sol Ring (Borderless),Commander: Secrets of Strixhaven,580,604,14372.96
534084,Slime Against Humanity,Murders at Karlov Manor,1336,7730,14356.13
630850,"Terra, Magical Adept (Borderless)",FINAL FANTASY,296,298,14348.52
631048,"Lightning, Army of One (0545) (Borderless) (Surge Foil)",FINAL FANTASY,87,88,14347.65
499755,Heroic Intervention,Commander: The Lord of the Rings: Tales of Middle-earth,936,978,14342.14
659480,"Jin Sakai, Ghost of Tsushima (Rainbow Foil)",Secret Lair Drop Series,88,89,14325.48
221923,Roiling Vortex,Zendikar Rising,678,1050,14275.88
688477,Resonating Lute,Secrets of Strixhaven,3102,3863,14264.78
187187,Bolas's Citadel,War of the Spark,838,859,14222.38
221774,Valakut Awakening,Zendikar Rising,826,894,14196.16
656771,Brilliant Wings (Borderless),Commander: FINAL FANTASY,377,395,14186.44
226134,Vampiric Tutor,Commander Legends,231,235,14160.66
656713,Temple Garden,Lorwyn Eclipsed,1582,1872,14108.55
662086,Urza's Saga (Halo Foil),Secret Lair Countdown Kit,24,27,14099.53
679192,Heroes in a Half Shell (0096) (Borderless) (Surge Foil),Commander: Teenage Mutant Ninja Turtles,44,44,14063.15
552814,Vexing Bauble,Modern Horizons 3,2470,4655,14060.59
679801,Utrom Monitor,Commander: Teenage Mutant Ninja Turtles,613,2233,14046.36
277167,Smothering Tithe (Borderless),Double Masters 2022,188,189,14044.34
276686,Force of Negation,Double Masters 2022,242,279,14041.66
552840,Consign to Memory,Modern Horizons 3,1809,3676,14039.22
541369,"Lumra, Bellow of the Woods",Bloomburrow,614,634,14020.36
282740,"Sheoldred, the Apocalypse (Showcase)",Dominaria United,139,140,14019.08
638913,Stomping Ground,Edge of Eternities,1665,1903,14018.03
276327,Phyrexian Altar (Borderless),Double Masters 2022,230,237,13992.49
696355,Hidden Lair,Marvel Super Heroes,1918,3431,13950.19
696488,"Daredevil, Man Without Fear (Borderless) (0398)",Marvel Super Heroes,281,285,13933.35
5455,Aluren,Tempest,141,176,13908.88
679206,Commander's Plate (Borderless),Commander: Teenage Mutant Ninja Turtles,511,532,13889.07
686574,Shattered Sanctum,Secrets of Strixhaven,2387,3199,13881.45
652041,Parallel Lives (Borderless),Marvel Universe Eternal-Legal,517,527,13869.62
688894,Culling the Weak (JP Alternate Art) (Silver Scroll Foil),Secrets of Strixhaven: Mystical Archive,145,145,13855.2
518162,Witch-king of Angmar (Borderless Poster),Universes Beyond: The Lord of the Rings: Tales of Middle-earth,78,78,13824.62
235381,Teferi's Protection,Strixhaven: Mystical Archive,243,247,13815.77
190873,Ranger-Captain of Eos,Modern Horizons,321,381,13813.46
656705,Hallowed Fountain (Borderless),Lorwyn Eclipsed,807,917,13790.81
637609,Force of Negation - Witch's Prophecy (Borderless) (JP Exclusive),Buy-A-Box Promos,9,9,13773.46
688832,Ad Nauseam (JP Alternate Art),Secrets of Strixhaven: Mystical Archive,285,289,13765.15
92830,Bloodstained Mire,Khans of Tarkir,611,753,13761.13
216235,Rhystic Study,Jumpstart,207,217,13758.97
679098,Super Shredder (Borderless),Teenage Mutant Ninja Turtles,385,403,13737.95
642791,Swan Song,Commander: Edge of Eternities,1346,1662,13681.02
643049,"Evendo, Waking Haven",Edge of Eternities,888,950,13658.47
556324,Brotherhood Regalia,Universes Beyond: Assassin's Creed,1543,1705,13653.84
3528,Goblin Wizard,The Dark,182,204,13630.02
122853,Mana Vault,Masterpiece Series: Kaladesh Inventions,11,11,13629.34
677479,Displacer Kitten,Secret Lair Drop Series,179,197,13584.87
687665,Fabled Passage,Commander: Secrets of Strixhaven,3367,8855,13574.05
623998,Misty Rainforest (Borderless),Special Guests,181,194,13566.15
498381,"Sauron, the Dark Lord",Universes Beyond: The Lord of the Rings: Tales of Middle-earth,441,464,13557.13
576504,Untimely Malfunction,Duskmourn: House of Horror,1806,2025,13549.56
638148,Magus Sisters - Endurance (Rainbow Foil),Secret Lair Drop Series,30,30,13536.44
696944,"Black Widow, Agile Avenger",Commander: Marvel Super Heroes,795,967,13532.89
591766,Doubling Season (Showcase) (Fracture Foil),Foundations,23,23,13529.24
687486,Reliquary Tower,Commander: Secrets of Strixhaven,2451,3568,13527.73
696287,Bruce Banner (Borderless) (0359),Marvel Super Heroes,389,392,13509.98
687605,Turbulent Wilderness,Commander: Secrets of Strixhaven,1105,1538,13502.26
696352,Dark Fortress,Marvel Super Heroes,2006,3487,13484.64
479510,"Solphim, Mayhem Dominus",Phyrexia: All Will Be One,483,494,13460.68
5051,Enlightened Tutor,Mirage,378,405,13455.8
677175,"Tamiyo, Inquisitive Student",Secret Lair Showdown,13,16,13400.8
6150,Caltrops,Urza's Destiny,944,1123,13379.25
656697,Blood Crypt (Borderless),Lorwyn Eclipsed,774,849,13373.76
525710,Charismatic Conqueror,Commander: The Lost Caverns of Ixalan,612,664,13366.75
273014,Ancient Silver Dragon,Commander Legends: Battle for Baldur's Gate,230,233,13341.39
548589,Ugin's Labyrinth,Modern Horizons 3,706,1038,13339.06
618880,"Terra, Herald of Hope (Borderless)",Commander: FINAL FANTASY,249,252,13324.23
661947,Aang's Shelter - Teferi's Protection (Borderless),Avatar: The Last Airbender: Eternal-Legal,289,292,13311.19
532910,Underground Mortuary,Murders at Karlov Manor,787,866,13300.08
92831,Wooded Foothills,Khans of Tarkir,599,742,13296.08
1839,Mana Vault,Fourth Edition,154,158,13258.69
686618,"Silverquill, the Disputant (Borderless)",Secrets of Strixhaven,767,786,13256.04
656544,"Jaws, Relentless Predator (Rainbow Foil)",Secret Lair Drop Series,76,76,13241.52
697073,Iron Man Armor,Marvel Super Heroes,1640,2076,13206.53
552839,Kozilek's Command,Modern Horizons 3,1389,2136,13192.61
679108,Super Shredder (Showcase),Teenage Mutant Ninja Turtles,183,184,13172.78
590857,Doubling Season (Showcase),Foundations,73,84,13155.51
4848,Pyroblast,Ice Age,1058,1811,13152.83
451974,Mox Amber (Schematic),The Brothers' War: Retro Frame Artifacts,105,109,13125.76
5930,Squandered Resources,Visions,173,175,13108.05
656710,Overgrown Tomb (Borderless),Lorwyn Eclipsed,763,836,13102.04
10484,Polluted Delta,Onslaught,69,92,13097.51
553264,Arena of Glory,Modern Horizons 3,1181,1438,13089.17
662465,Fierce Guardianship (Showcase),Avatar: The Last Airbender: Eternal-Legal,208,208,13059.14
643119,"Joshua Rosfield - Rograkh, Son of Rohgahh (Borderless)",MagicFest Cards,21,24,13050.0
651905,Opposition Agent (Borderless),Marvel Universe Eternal-Legal,445,479,13033.1
192562,Field of the Dead,Core Set 2020,391,412,13017.1
696543,"Nick Fury, Agent of S.H.I.E.L.D. (Borderless) (0389)",Marvel Super Heroes,256,257,12989.75
488284,The Party Tree - The Great Henge (Borderless),Commander: The Lord of the Rings: Tales of Middle-earth,142,143,12989.25
504588,The Great Henge,Commander Masters,189,200,12922.44
696432,"Iron Man, Titan of Innovation (Borderless)",Marvel Universe Eternal-Legal,831,854,12913.76
544402,Terror of the Peaks,Outlaws of Thunder Junction,423,429,12895.5
226314,Opposition Agent,Commander Legends,542,563,12877.88
498465,Paths of the Dead - Cavern of Souls (Borderless),Commander: The Lord of the Rings: Tales of Middle-earth,157,163,12877.88
496050,"Zhulodok, Void Gorger",Commander Masters,276,293,12858.0
522937,Nuka-Cola Vending Machine,Universes Beyond: Fallout,601,627,12839.97
552336,Witch Enchanter,Modern Horizons 3,2372,3480,12811.24
631529,Sphere Grid,Commander: FINAL FANTASY,1228,1376,12809.91
555973,Black Market Connections,Universes Beyond: Assassin's Creed,682,697,12798.94
623995,Marsh Flats (Borderless) (Dragonscale Foil),Special Guests,35,35,12783.68
276325,Phyrexian Altar,Double Masters 2022,228,230,12758.8
661970,"Aang, Swift Savior (Borderless) (Neon Ink Foil)",Avatar: The Last Airbender,23,23,12713.66
484940,Jeweled Lotus (Borderless),Commander Masters,110,120,12677.24
118410,Chrome Mox,Eternal Masters,83,84,12659.08
475507,"Elesh Norn, Mother of Machines",Phyrexia: All Will Be One,453,494,12657.6
517606,Cavern of Souls (0345) (Borderless),The Lost Caverns of Ixalan,222,232,12647.72
688681,Emeritus of Abundance,Secrets of Strixhaven,1929,2195,12643.18
679120,Super Shredder (Borderless),Unique and Miscellaneous Promos,24,24,12628.92
498457,"Argonath, Pillars of the Kings - The Ozolith (Borderless)",Commander: The Lord of the Rings: Tales of Middle-earth,149,150,12591.04
624036,"Ugin, Eye of the Storms (Borderless)",Tarkir: Dragonstorm,250,285,12571.3
687343,Goldspan Dragon,Commander: Secrets of Strixhaven,1634,2075,12565.39
6135,Academy Rector,Urza's Destiny,144,159,12559.01
553219,"Yavimaya, Cradle of Growth",Commander: Modern Horizons 3,792,823,12534.51
689823,"Deadpool, Trading Card (7129) (Pool Party Foil)",Secret Lair Drop Series,69,70,12515.47
14311,Ophidian Eye,Time Spiral,864,881,12496.56
276296,Sensei's Divining Top (Borderless),Double Masters 2022,199,200,12495.08
689156,Brain Freeze (JP Alternate Art) (Silver Scroll Foil),Secrets of Strixhaven: Mystical Archive,149,152,12494.58
493980,Thassa's Oracle,Secret Lair Drop Series,77,77,12487.33
457252,Enlightened Tutor (Borderless),Dominaria Remastered,341,347,12464.72
646553,Spectacular Spider-Man (Borderless),Marvel's Spider-Man,1808,2006,12449.0
7073,Tolarian Academy,Urza's Saga,84,91,12441.97
638150,Shiva - Subtlety (Rainbow Foil),Secret Lair Drop Series,15,15,12440.11
230135,"Vorinclex, Monstrous Raider",Kaldheim,224,226,12438.56
517520,"Ojer Axonil, Deepest Might",The Lost Caverns of Ixalan,457,485,12436.33
524281,Ravenous Tyrannosaurus (Borderless),Universes Beyond: Jurassic World Collection,245,246,12433.57
11423,Seething Song,Mirrodin,1021,1162,12428.46
662801,Abandoned Air Temple,Avatar: The Last Airbender,1514,1805,12387.75
686622,Emeritus of Ideation (Extended Art),Secrets of Strixhaven,570,621,12350.16
632635,Summon: Knights of Round,FINAL FANTASY,868,905,12332.1
625666,Smothering Tithe (7009) (Rainbow Foil),Secret Lair Drop Series,16,16,12326.3
688878,Living End (JP Alternate Art) (Silver Scroll Foil),Secrets of Strixhaven: Mystical Archive,170,177,12323.3
686614,Professor Dellian Fel (Borderless),Secrets of Strixhaven,725,799,12298.96
679068,"Leonardo, the Balance (0083) (Borderless) (Surge Foil)",Commander: Teenage Mutant Ninja Turtles,42,42,12270.27
509512,Aggravated Assault,Wilds of Eldraine: Enchanting Tales,451,452,12222.57
614178,The Aetherspark,Aetherdrift,593,619,12208.13
589449,Llanowar Elves (Showcase),Foundations,65,74,12192.18
539629,"Codsworth, Handy Helper",Universes Beyond: Fallout,513,524,12184.93
563270,Sensei's Divining Top (Future Sight),Mystery Booster 2,298,306,12180.07
575095,"Valgavoth, Harrower of Souls (Borderless)",Commander: Duskmourn: House of Horror,632,679,12154.34
697409,"Hulk, Brutal Brawler",Commander: Marvel Super Heroes,355,361,12145.15
631061,"Celes, Rune Knight (Borderless) (Surge Foil)",Commander: FINAL FANTASY,83,83,12144.77
512500,Lotus Petal (Foil Etched),Unique and Miscellaneous Promos,262,301,12129.69
648746,"Toph, the First Metalbender (Borderless) (Neon Ink Foil)",Avatar: The Last Airbender,12,12,12125.91
679213,Raph's Jitte - Umezawa's Jitte (Borderless),Teenage Mutant Ninja Turtles Source Material,1127,1465,12124.14
624003,Scalding Tarn (Borderless) (Dragonscale Foil),Special Guests,31,31,12114.31
552319,Esper Sentinel (Retro Frame),Modern Horizons 2,175,183,12081.79
696338,"Thanos, the Mad Titan (Borderless) (0376)",Marvel Super Heroes,706,718,12063.18
675593,Stock Up (JP Alternate Art) (Silver Scroll Foil),Secrets of Strixhaven: Mystical Archive,264,286,12034.18
696336,King T'Challa (Borderless) (0373),Marvel Super Heroes,354,360,12033.71
5441,Volrath's Stronghold,Stronghold,139,141,12025.16
498568,Gandalf the White,Pro Tour Promos,2,4,11999.96
5300,Worldly Tutor,Mirage,424,460,11994.41
656714,Temple Garden (Borderless),Lorwyn Eclipsed,796,897,11981.59
648744,Fire Lord Zuko (Borderless) (Neon Ink Foil),Avatar: The Last Airbender,26,26,11962.74
10475,Windswept Heath,Onslaught,78,98,11959.85
696354,Gleaming Bastion,Marvel Super Heroes,1939,3468,11945.56
696570,"Mole Man, Moloid Master",Marvel Super Heroes,2574,4722,11939.48
662017,Field of the Dead,Secret Lair Countdown Kit,398,408,11927.77
504566,Demonic Tutor,Commander Masters,169,169,11913.38
623877,Voice of Victory (Borderless),Tarkir: Dragonstorm,450,505,11899.45
686603,"Quandrix, the Proof",Secrets of Strixhaven,1835,2013,11897.94
631106,Tataru Taru,Commander: FINAL FANTASY,1088,1887,11886.64
498341,Last March of the Ents,Universes Beyond: The Lord of the Rings: Tales of Middle-earth,390,394,11882.21
677293,Ocelot Pride,Game Day & Store Championship Promos,52,60,11873.0
58373,Exquisite Blood,Avacyn Restored,332,339,11864.79
504142,Finale of Devastation,Commander Masters,221,224,11861.32
660549,The Legend of Roku,Avatar: The Last Airbender,896,1050,11828.85
262437,"Otawara, Soaring City (Borderless)",Kamigawa: Neon Dynasty,233,235,11813.03
688919,Pyretic Ritual,Secrets of Strixhaven: Mystical Archive,1465,1565,11796.82
475545,"Sheoldred, the Apocalypse (Concept Praetor)",Phyrexia: All Will Be One,75,77,11787.77
651373,Reanimate (Borderless),Marvel Universe Eternal-Legal,452,461,11773.35
518163,Last March of the Ents (Borderless Poster),Universes Beyond: The Lord of the Rings: Tales of Middle-earth,70,71,11765.13
686612,Witherbloom Charm,Secrets of Strixhaven,1847,3312,11731.22
518043,Orcish Bowmasters (Showcase Scrolls),Universes Beyond: The Lord of the Rings: Tales of Middle-earth,80,87,11668.67
222163,Agadeem's Awakening,Zendikar Rising,397,406,11656.21
656653,Bitterbloom Bearer (Showcase),Lorwyn Eclipsed,450,460,11646.93
558695,Innkeeper's Talent,Bloomburrow,1180,1258,11639.6
646661,Multiversal Passage,Marvel's Spider-Man,1053,1312,11622.09
498363,Nazgul (0100),Universes Beyond: The Lord of the Rings: Tales of Middle-earth,462,517,11613.27
693566,Veil of Summer (2348),Secret Lair Drop Series,300,519,11580.45
215384,"Vito, Thorn of the Dusk Rose",Core Set 2021,942,984,11576.73
541384,"Bria, Riptide Rogue",Bloomburrow,294,300,11571.58
196671,Bone Miser,Commander 2019,488,497,11571.15
517450,Saruman of Many Colors (Borderless Poster),Universes Beyond: The Lord of the Rings: Tales of Middle-earth,83,84,11565.02
641748,"Uthros, Titanic Godcore",Edge of Eternities,1024,1084,11548.04
688888,Crop Rotation (JP Alternate Art),Secrets of Strixhaven: Mystical Archive,467,507,11538.19
696353,Gathering Place,Marvel Super Heroes,1870,3383,11522.11
457158,Enlightened Tutor,Dominaria Remastered,306,306,11517.23
631046,"Kefka, Court Mage (0543) (Borderless) (Surge Foil)",FINAL FANTASY,82,82,11514.6
688916,Pyretic Ritual (JP Alternate Art) (Silver Scroll Foil),Secrets of Strixhaven: Mystical Archive,158,159,11501.85
548637,Solitude (Borderless),Special Guests,243,296,11500.27
662414,"Longshot, Rebel Bowman",Avatar: The Last Airbender: Eternal-Legal,1165,1260,11486.46
120528,Sigarda's Aid,Eldritch Moon,569,596,11480.45
687674,"Emeria, the Sky Ruin",Commander: Secrets of Strixhaven,1370,1783,11476.52
456562,Dark Ritual (1170),Secret Lair Drop Series,67,69,11475.42
696305,The Scarlet Witch (Borderless),Marvel Super Heroes,1319,1381,11460.33
267058,Luxury Suite,Commander Legends: Battle for Baldur's Gate,398,406,11450.41
4046,The Tabernacle at Pendrell Vale,Legends,4,4,11422.48
697399,"Wolverine, Claws Out",Commander: Marvel Super Heroes,655,664,11411.49
696356,Training Compound,Marvel Super Heroes,1877,3397,11404.52
631843,"The Emperor, Hell Tyrant - Yawgmoth, Thran Physician (Showcase)",FINAL FANTASY: Through the Ages,261,266,11395.48
671526,Wistfulness (Borderless),Lorwyn Eclipsed,624,794,11390.14
227048,Commander's Plate,Commander Legends,251,252,11389.23
679162,"Michelangelo, the Heart (0092) (Borderless) (Surge Foil)",Commander: Teenage Mutant Ninja Turtles,43,43,11382.54
528288,Sol Ring (1494) (Galaxy Foil),Secret Lair Drop Series,70,70,11376.86
621158,"Green Goblin, Nemesis (Borderless)",Marvel's Spider-Man: Eternal-Legal,1250,1433,11367.87
499960,Lorien Revealed,Universes Beyond: The Lord of the Rings: Tales of Middle-earth,1763,2952,11349.28
5506,Cursed Scroll,Tempest,107,159,11287.07
687598,Turbulent Fen,Commander: Secrets of Strixhaven,1079,1481,11276.97
285866,"Ghyrson Starn, Kelermorph","Universes Beyond: Warhammer 40,000",296,303,11253.56
525773,Black Market Connections,Commander: The Lost Caverns of Ixalan,593,610,11249.18
687570,"Bitterthorn, Nissa's Animus",Commander: Secrets of Strixhaven,1399,1993,11248.62
631018,"Lightning, Army of One (0320) (Borderless)",FINAL FANTASY,270,276,11241.74
578053,Abhorrent Oculus,Duskmourn: House of Horror,567,786,11235.53
504164,Cyclonic Rift,Commander Masters,344,354,11232.68
517244,Galadriel's Dismissal (Borderless),Commander: The Lord of the Rings: Tales of Middle-earth,417,440,11228.14
282741,"Sheoldred, the Apocalypse (Phyrexian)",Dominaria United,136,139,11206.5
552900,Ocelot Pride (Borderless),Modern Horizons 3,107,126,11197.88
10500,Bloodstained Mire,Onslaught,89,121,11196.11
633133,"Kefka Palazzo - Purphoros, God of the Forge (Showcase)",FINAL FANTASY: Through the Ages,289,289,11193.1
687353,Moonshaker Cavalry,Commander: Secrets of Strixhaven,1600,2036,11184.52
623881,Craterhoof Behemoth,Tarkir: Dragonstorm,537,543,11184.12
212115,Drannith Magistrate,Ikoria: Lair of Behemoths,728,795,11182.52
92828,Flooded Strand,Khans of Tarkir,531,685,11170.26
633062,Kefka's Tower - Bolas's Citadel (Showcase),FINAL FANTASY: Through the Ages,547,560,11167.32
688906,Daze (JP Alternate Art) (Silver Scroll Foil),Secrets of Strixhaven: Mystical Archive,204,213,11161.0
631042,Vivi Ornitier (Extended Art),FINAL FANTASY,163,165,11153.59
541301,Polluted Delta (Borderless),Modern Horizons 3,211,235,11141.26
457191,Exploration,Dominaria Remastered,321,334,11137.56
498460,"Dol Amroth - Minamo, School at Water's Edge (Borderless)",Commander: The Lord of the Rings: Tales of Middle-earth,181,184,11130.24
679167,Food Chain (Borderless),Commander: Teenage Mutant Ninja Turtles,465,481,11128.0
39050,Green Sun's Zenith,Mirrodin Besieged,370,441,11127.64
696242,M.O.D.O.K.,Marvel Super Heroes,1758,2096,11085.77
215673,Terror of the Peaks,Core Set 2021,355,362,11080.13
498682,"Lotho, Corrupt Shirriff",Universes Beyond: The Lord of the Rings: Tales of Middle-earth,812,827,11074.89
648711,Redirect Lightning (Showcase),Avatar: The Last Airbender,543,549,11065.12
562099,Urza's Saga,Game Day & Store Championship Promos,23,23,11057.03
484652,"Atraxa, Praetors' Voice",March of the Machine: Multiverse Legends,332,410,11051.77
541307,Polluted Delta (Retro Frame),Modern Horizons 3,172,203,11042.82
504154,Finale of Devastation (Borderless),Commander Masters,133,133,11034.52
671076,Bloom Tender (0390) (Showcase),Lorwyn Eclipsed,185,186,11028.38
191568,Ephemerate,Modern Horizons,1591,2175,11026.24
630936,Traveling Chocobo (Borderless),FINAL FANTASY,294,296,11011.19
7070,Time Spiral,Urza's Saga,109,125,11008.11
168749,Crucible of Worlds,Core Set 2019,332,341,11005.88
559638,Caretaker's Talent,Bloomburrow,1105,1164,10985.03
552580,Fell the Profane,Modern Horizons 3,2485,3100,10972.41
679138,All Will Be One (Borderless),Teenage Mutant Ninja Turtles Source Material,813,841,10958.44
687354,Stensian Sanguinist,Commander: Secrets of Strixhaven,1170,1342,10947.95
675586,Mathemagics,Secrets of Strixhaven,1962,2219,10918.68
215443,Chromatic Orrery,Core Set 2021,302,310,10914.46
498356,Nazgul (0333),Universes Beyond: The Lord of the Rings: Tales of Middle-earth,463,484,10899.65
282739,"Sheoldred, the Apocalypse (Textured Foil)",Dominaria United,80,80,10892.91
671263,"Chimil, the Inner Sun",Commander: Lorwyn Eclipsed,1361,1907,10857.78
10361,Biorhythm,Onslaught,321,334,10856.49
278719,"Nykthos, Shrine to Nyx",Pro Tour Promos,104,104,10851.41
504559,Smothering Tithe,Commander Masters,182,186,10842.07
227010,Sakashima of a Thousand Faces,Commander Legends,316,316,10820.21
662780,The Cabbage Merchant (Extended Art),Avatar: The Last Airbender: Eternal-Legal,359,367,10819.77
239179,Urza's Saga (Showcase),Modern Horizons 2,221,247,10811.45
240045,"Yavimaya, Cradle of Growth",Modern Horizons 2,681,709,10810.04
110722,Ancient Tomb,Zendikar Expeditions,26,29,10786.77
696401,The Fantastic Four,Commander: Marvel Super Heroes,417,420,10783.67
262765,Tamiyo's Safekeeping,Kamigawa: Neon Dynasty,1729,2163,10781.38
122600,Inventors' Fair,Kaladesh,730,750,10751.36
559757,Stormchaser's Talent,Bloomburrow,1109,1578,10727.69
696339,"Wolverine, Fierce Fighter (Borderless)",Marvel Super Heroes,1388,1495,10726.8
679197,"Krang, Utrom Warlord (Borderless)",Teenage Mutant Ninja Turtles,468,481,10722.13
532907,Meticulous Archive,Murders at Karlov Manor,812,964,10719.39
4703,Glacial Chasm,Ice Age,568,588,10713.73
179536,"Urborg, Tomb of Yawgmoth",Ultimate Masters,166,170,10704.58
517522,"Ghalta, Stampede Tyrant",The Lost Caverns of Ixalan,414,424,10698.06
633148,Aettir and Priwen,FINAL FANTASY,1107,1168,10691.04
509515,Necropotence,Wilds of Eldraine: Enchanting Tales,247,251,10659.21
6609,Misdirection,Mercadian Masques,94,99,10650.97
525601,Savage Order (Borderless),Universes Beyond: Jurassic World Collection,287,291,10646.41
501915,Goblin Matron (Rainbow Foil),Secret Lair Drop Series,187,187,10641.06
688656,Restoration Seminar,Secrets of Strixhaven,2050,2297,10629.85
630781,"Yuna, Grand Summoner (Borderless)",Commander: FINAL FANTASY,222,224,10622.7
662550,The Walls of Ba Sing Se (Borderless),Avatar: The Last Airbender,297,301,10621.62
509563,Smothering Tithe (Anime Borderless) (Confetti Foil),Wilds of Eldraine: Enchanting Tales,6,6,10615.74
498357,Nazgul (0334),Universes Beyond: The Lord of the Rings: Tales of Middle-earth,426,436,10600.24
633137,The Earth Crystal (Borderless),FINAL FANTASY,520,523,10592.73
641801,Mana Confluence (0025) (Borderless),Edge of Eternities: Stellar Sights,280,284,10584.6
632190,"Cloud Strife - Najeela, the Blade-Blossom (Showcase)",FINAL FANTASY: Through the Ages,333,346,10554.93
631051,"Yuna, Hope of Spira (Borderless) (Surge Foil)",FINAL FANTASY,72,73,10549.55
9145,Mox Pearl,Unlimited Edition,3,3,10539.98
532897,Shadowy Backstreet,Murders at Karlov Manor,780,910,10536.62
218812,Chrome Mox (Borderless),Double Masters,52,52,10519.36
4127,Dystopia,Alliances,171,255,10518.87
12383,Umezawa's Jitte,Betrayers of Kamigawa,288,375,10510.86
3211,Juzam Djinn,Arabian Nights,7,7,10495.18
235648,Tainted Pact,Strixhaven: Mystical Archive,304,310,10459.69
563253,Lotus Petal (Future Sight),Mystery Booster 2,239,253,10452.38
589815,"Aphelia, Viper Whisperer (Anime)",Foundations Jumpstart,586,677,10450.53
688689,Echocasting Symposium,Secrets of Strixhaven,1919,2144,10417.67
689280,Angel's Grace (JP Alternate Art) (Silver Scroll Foil),Secrets of Strixhaven: Mystical Archive,198,200,10396.7
69119,Archangel of Thune,Magic 2014 (M14),184,187,10379.09
449604,Force of Will (Retro Frame),Dominaria Remastered,95,135,10370.96
212233,Surly Badgersaur,Commander 2020,815,854,10368.26
499510,Birds of Paradise,Commander: The Lord of the Rings: Tales of Middle-earth,750,846,10367.69
558443,"Lumra, Bellow of the Woods (Borderless) (Raised Foil)",Bloomburrow,13,13,10356.17
484937,The Ur-Dragon (Borderless),Commander Masters,188,228,10319.06
697019,"Black Widow, Super Spy (Borderless) (0393)",Marvel Super Heroes,244,246,10317.34
498360,Nazgul (0337),Universes Beyond: The Lord of the Rings: Tales of Middle-earth,433,465,10309.71
544255,Scapeshift (Borderless),Special Guests,133,135,10305.08
478532,"Atraxa, Grand Unifier",Phyrexia: All Will Be One,520,667,10301.65
630951,Traveling Chocobo (Borderless) (Japanese Exclusive),FINAL FANTASY,2,2,10300.0
501922,"Muxus, Goblin Grandee",Secret Lair Drop Series,110,116,10297.88
488291,Sol Ring - Dwarven (0409),Commander: The Lord of the Rings: Tales of Middle-earth,19,19,10292.89
696673,Cosmic Cube (Borderless) (0337),Marvel Super Heroes,432,445,10292.08
633117,The Wind Crystal,FINAL FANTASY,1497,1589,10285.75
670976,Chronicle of Victory (Showcase),Lorwyn Eclipsed,379,392,10282.71
687601,Turbulent Springs,Commander: Secrets of Strixhaven,1243,1681,10261.98
631573,Reanimate,Commander: FINAL FANTASY,1215,1388,10253.73
558442,Artist's Talent,Bloomburrow,1143,1386,10229.24
230450,"Tergrid, God of Fright",Kaldheim,546,554,10207.15
512393,Fiery Emancipation,Wilds of Eldraine: Enchanting Tales,638,648,10186.26
679109,Super Shredder (Showcase) (Fracture Foil),Teenage Mutant Ninja Turtles,32,32,10185.1
498358,Nazgul (0335),Universes Beyond: The Lord of the Rings: Tales of Middle-earth,429,446,10159.83
558341,"Maha, Its Feathers Night (Borderless)",Bloomburrow,261,265,10157.49
509556,Necropotence (Anime Borderless),Wilds of Eldraine: Enchanting Tales,159,165,10128.01
498464,Morgul-Knife - Shadowspear (Borderless),Commander: The Lord of the Rings: Tales of Middle-earth,137,139,10120.86
630953,The Cloudsea Djinn - Nyxbloom Ancient (Showcase),FINAL FANTASY: Through the Ages,273,273,10109.71
499316,Minas Morgul - Cabal Coffers (Borderless),Commander: The Lord of the Rings: Tales of Middle-earth,184,185,10038.64
688842,Armageddon,Secrets of Strixhaven: Mystical Archive,1009,1053,10038.48
5589,Humility,Tempest,160,172,10030.54
696435,"Storm, Force of Nature (Borderless)",Marvel Universe Eternal-Legal,782,797,10027.24
175202,Steam Vents,Guilds of Ravnica,672,836,10025.35
646824,Crucible of Worlds (2110) (Galaxy Foil),Secret Lair Drop Series,323,333,10016.47
5789,Wasteland,Tempest,165,243,10011.92
693223,Roaming Throne,Secret Lair Drop Series,90,102,10005.77
14244,Gemstone Caverns,Time Spiral,164,175,10004.42
82278,Dictate of Erebos,Journey Into Nyx,522,549,9999.78
696335,King T'Challa (Borderless) (0346),Marvel Super Heroes,398,409,9983.71
499572,Raise the Palisade,Commander: The Lord of the Rings: Tales of Middle-earth,932,1066,9980.92
576518,Gloomlake Verge,Duskmourn: House of Horror,773,930,9951.34
227273,Sigarda's Aid,Commander Legends,504,519,9947.11
532938,Elegant Parlor,Murders at Karlov Manor,804,968,9925.72
631496,Walking Ballista,Commander: FINAL FANTASY,1206,1355,9890.09
498362,Nazgul (0339),Universes Beyond: The Lord of the Rings: Tales of Middle-earth,454,466,9877.02
689495,Tablet of Discovery,Secrets of Strixhaven,3028,5808,9875.35
226675,Scroll Rack,Commander Legends,300,300,9868.94
623992,Marsh Flats (Borderless),Special Guests,173,173,9856.35
673656,The Ooze,Teenage Mutant Ninja Turtles,1664,1992,9849.2
532916,Hedge Maze,Murders at Karlov Manor,698,791,9847.67
632702,"Tidus, Zanarkand Fayth - Thrasios, Triton Hero (Showcase)",FINAL FANTASY: Through the Ages,275,280,9845.93
696540,Jennifer Walters (Borderless) (0355),Marvel Super Heroes,328,337,9843.64
633120,Blessing of the Oracle - Akroma's Will (Showcase),FINAL FANTASY: Through the Ages,221,222,9842.67
524277,"Indoraptor, the Perfect Hybrid (Borderless)",Universes Beyond: Jurassic World Collection,343,360,9833.25
552866,Ripples of Undeath,Modern Horizons 3,1588,1704,9831.32
590235,"Dionus, Elvish Archdruid (Anime)",Foundations Jumpstart,979,1232,9827.75
690169,Flusterstorm,Secrets of Strixhaven: Mystical Archive,872,917,9826.8
686655,Talisman of Hierarchy (Borderless),Commander: Secrets of Strixhaven,587,621,9818.0
687599,Turbulent Moor,Commander: Secrets of Strixhaven,1139,1568,9816.4
633131,The Fire Crystal,FINAL FANTASY,1459,1558,9808.77
688963,Spell Pierce (JP Alternate Art) (Silver Scroll Foil),Secrets of Strixhaven: Mystical Archive,190,199,9799.19
504612,Ashnod's Altar,Commander Masters,592,635,9792.95
563225,Urza's Saga (White Border),Mystery Booster 2,246,283,9786.07
498382,"Sauron, the Dark Lord (Showcase)",Universes Beyond: The Lord of the Rings: Tales of Middle-earth,407,436,9776.89
698008,Black Market Connections,Commander: Marvel Super Heroes,645,883,9734.84
457276,Worldly Tutor (Borderless),Dominaria Remastered,339,345,9730.65
179462,Demonic Tutor,Ultimate Masters,142,143,9702.21
10493,Flooded Strand,Onslaught,53,76,9702.1
697124,"Captain Marvel, Shooting Star",Commander: Marvel Super Heroes,463,480,9688.24
688471,Abhorrent Oculus,Game Day & Store Championship Promos,87,89,9673.9
656542,"Jaws, Relentless Predator",Secret Lair Drop Series,62,62,9670.97
643699,Super State (Rainbow Foil),Secret Lair Drop Series,478,502,9666.5
490422,"Etali, Primal Conqueror (Showcase)",March of the Machine,326,326,9654.66
618858,Jumbo Cactuar,FINAL FANTASY,1295,1418,9631.17
253555,Kessig Flamebreather,Innistrad: Crimson Vow,1058,2467,9596.18
517446,"Aragorn, the Uniter (Borderless Poster)",Universes Beyond: The Lord of the Rings: Tales of Middle-earth,100,100,9581.34
212004,"Ghidorah, King of the Cosmos - Illuna, Apex of Wishes",Ikoria: Lair of Behemoths,108,108,9556.67
499376,Balin's Tomb - Ancient Tomb (Borderless) (Surge Foil),Commander: The Lord of the Rings: Tales of Middle-earth,25,25,9546.08
623986,Arid Mesa (Borderless),Special Guests,158,164,9540.56
624037,"Ugin, Eye of the Storms (Showcase)",Tarkir: Dragonstorm,86,120,9537.56
686538,"Ral Zarek, Guest Lecturer",Secrets of Strixhaven,1494,1812,9524.35
632148,Cloud's Buster Sword - Umezawa's Jitte (Rainbow Foil),Secret Lair Drop Series,287,444,9512.8
695488,Witch Enchanter,Secret Lair Drop Series,182,241,9502.77
687548,Ohran Frostfang,Commander: Secrets of Strixhaven,1471,1951,9478.31
499732,Cavern-Hoard Dragon,Commander: The Lord of the Rings: Tales of Middle-earth,633,708,9477.98
552348,Ruby Medallion (Borderless),Modern Horizons 3,336,367,9467.17
532911,Raucous Theater,Murders at Karlov Manor,793,871,9465.19
139830,Teferi's Protection,Commander 2017,193,193,9464.55
651337,"Electro, Assaulting Battery",Marvel's Spider-Man,1477,1603,9463.41
34444,Stoneforge Mystic,Worldwake,291,332,9456.93
517549,"Indominus Rex, Alpha (Borderless)",Universes Beyond: Jurassic World Collection,378,396,9450.57
643700,Super State,Secret Lair Drop Series,465,494,9449.69
630960,"Clive, Ifrit's Dominant (0318) (Borderless)",FINAL FANTASY,264,265,9448.15
541273,Psychic Frog,Modern Horizons 3,1295,1875,9447.23
614416,Riverpyre Verge (Borderless),Aetherdrift,343,393,9444.14
273002,Ancient Copper Dragon (Showcase),Commander Legends: Battle for Baldur's Gate,86,86,9435.78
687602,Turbulent Steppe,Commander: Secrets of Strixhaven,1173,1643,9420.26
688907,Dismember (JP Alternate Art) (Silver Scroll Foil),Secrets of Strixhaven: Mystical Archive,211,214,9415.4
696652,The Serpent Society,Marvel Super Heroes,2031,3348,9407.67
686581,Stormcarved Coast,Secrets of Strixhaven,2575,3294,9405.92
638817,Swords to Plowshares (Borderless),MagicFest Cards,22,23,9404.15
265346,Jetmir's Garden,Streets of New Capenna,527,549,9391.55
615740,Monument to Endurance (Extended Art),Aetherdrift,510,536,9380.9
624139,Dracogenesis,Tarkir: Dragonstorm,726,753,9358.68
638816,Tifa Lockhart (Borderless),MagicFest Cards,4,4,9351.09
675584,"Lorehold, the Historian",Secrets of Strixhaven,1871,2087,9347.42
179517,Mana Vault,Ultimate Masters,80,82,9342.41
553539,The Reaver Cleaver,Commander: Modern Horizons 3,663,684,9341.96
690170,Flusterstorm (JP Alternate Art),Secrets of Strixhaven: Mystical Archive,260,268,9337.46
498359,Nazgul (0336),Universes Beyond: The Lord of the Rings: Tales of Middle-earth,395,401,9335.03
33417,Scalding Tarn,Zendikar,193,232,9334.36
689363,Sheoldred's Edict (JP Alternate Art) (Silver Scroll Foil),Secrets of Strixhaven: Mystical Archive,179,189,9326.77
623865,"Elspeth, Storm Slayer (Borderless)",Tarkir: Dragonstorm,207,214,9324.49
180774,Phyrexian Altar,Ultimate Masters,166,168,9319.31
187125,Emergence Zone,War of the Spark,1141,1345,9309.32
662388,Enlightened Tutor (Showcase),Avatar: The Last Airbender: Eternal-Legal,219,220,9299.52
630948,Traveling Chocobo (Borderless) (Neon Ink Blue),FINAL FANTASY,5,5,9295.0
624267,Mistrise Village,Tarkir: Dragonstorm,960,1036,9288.29
478277,"Mondrak, Glory Dominus (Showcase)",Phyrexia: All Will Be One,210,210,9276.06
517449,"Arwen, Mortal Queen (Borderless Poster)",Universes Beyond: The Lord of the Rings: Tales of Middle-earth,118,119,9274.21
498361,Nazgul (0338),Universes Beyond: The Lord of the Rings: Tales of Middle-earth,395,406,9265.16
686617,"Quandrix, the Proof (Borderless)",Secrets of Strixhaven,754,769,9248.3
552407,Archon of Cruelty,Commander: Modern Horizons 3,836,1417,9246.81
641870,Sliver Overlord (Showcase),Special Guests,286,298,9243.1
541392,"Lumra, Bellow of the Woods (Borderless) (0342)",Bloomburrow,127,127,9240.45
478315,"Sheoldred, the Apocalypse (Concept Praetor) (Step-And-Compleat Foil)",Phyrexia: All Will Be One,34,34,9225.93
641612,"Bhujerba, Floating City - City of Brass",Game Day & Store Championship Promos,40,41,9217.86
643901,Green Sun's Zenith (Showcase),Special Guests,252,270,9215.49
686589,Swamp (0269),Secrets of Strixhaven,2420,6901,9213.73
589385,"General Kreat, the Boltbringer (Anime)",Foundations Jumpstart,982,1230,9202.27
554649,Encore Electromancer - Snapcaster Mage,Secret Lair Drop Series,6,6,9198.97
687556,"Ozolith, the Shattered Spire",Commander: Secrets of Strixhaven,1607,1915,9198.38
541291,Wooded Foothills (Retro Frame),Modern Horizons 3,177,208,9196.35
575065,"Valgavoth, Terror Eater",Duskmourn: House of Horror,532,562,9186.05
541285,Flooded Strand (Retro Frame),Modern Horizons 3,172,192,9178.87
632636,Summon: Knights of Round (Borderless),FINAL FANTASY,345,350,9175.37
696303,"Thor, God of Thunder (Borderless) (0338)",Marvel Super Heroes,400,403,9173.22
671075,Goblin Sharpshooter (Borderless),Special Guests,335,339,9168.18
503467,Deadly Rollick (Borderless),Commander Masters,242,242,9166.22
286158,Bloodthirster,"Universes Beyond: Warhammer 40,000",277,280,9161.09
272576,Irenicus's Vile Duplication,Commander Legends: Battle for Baldur's Gate,725,764,9118.42
9627,Cabal Coffers,Torment,279,289,9117.75
686608,"Silverquill, the Disputant",Secrets of Strixhaven,1741,1900,9115.14
688848,Berserk,Secrets of Strixhaven: Mystical Archive,1041,1125,9104.18
1372,Copy Artifact,Revised Edition,180,186,9103.3
698116,Luxury Suite,Commander: Marvel Super Heroes,556,776,9099.87
240300,"Ragavan, Nimble Pilferer (Borderless)",Modern Horizons 2,121,133,9087.24
513420,Throne of Eldraine,Commander: Wilds of Eldraine,267,269,9086.98
630713,"Tifa, Martial Artist (Borderless)",Commander: FINAL FANTASY,214,214,9079.43
10527,Mana Echoes,Onslaught,165,169,9078.27
679230,Undercity Sewers (Borderless),Teenage Mutant Ninja Turtles Source Material,768,868,9072.05
267055,Sea of Clouds,Commander Legends: Battle for Baldur's Gate,468,472,9071.15
532966,Thundering Falls (Borderless),Murders at Karlov Manor,328,361,9067.33
679576,"Irma, Part-Time Mutant",Commander: Teenage Mutant Ninja Turtles,1269,1712,9064.91
679137,"Raphael, the Muscle (0091) (Borderless) (Surge Foil)",Commander: Teenage Mutant Ninja Turtles,40,40,9058.22
696288,Namor the Sub-Mariner (Borderless) (0362),Marvel Super Heroes,718,772,9056.14
686653,Talisman of Creativity (Borderless),Commander: Secrets of Strixhaven,590,623,9054.18
662547,Ba Sing Se,Avatar: The Last Airbender,1502,1824,9050.84
276254,Teferi's Protection,Double Masters 2022,168,168,9032.59
204134,Rhystic Study,The List Reprints,137,140,9018.34
499218,Palantir of Orthanc,Universes Beyond: The Lord of the Rings: Tales of Middle-earth,386,392,9007.17
619643,Mox Jasper,Tarkir: Dragonstorm,562,650,9001.69
630867,Aerith Gainsborough (Borderless) (Surge Foil),FINAL FANTASY,163,166,8986.27
519739,Cybermen Squadron,Universes Beyond: Doctor Who,490,534,8974.39
451976,Unwinding Clock,The Brothers' War: Retro Frame Artifacts,453,458,8968.21
262128,Kodama of the West Tree,Kamigawa: Neon Dynasty,404,407,8963.96
591203,Banner of Kinship,Foundations,1410,1574,8959.01
624655,Seedborn Muse,Commander: Tarkir: Dragonstorm,619,641,8945.89
518156,"Anduril, Flame of the West (Borderless Poster)",Universes Beyond: The Lord of the Rings: Tales of Middle-earth,103,111,8937.36
498352,Mirkwood Bats,Universes Beyond: The Lord of the Rings: Tales of Middle-earth,2157,2781,8920.94
690167,Triumph of the Hordes (JP Alternate Art) (Silver Scroll Foil),Secrets of Strixhaven: Mystical Archive,104,108,8918.15
11370,Quicksilver Elemental,Mirrodin,355,384,8903.75
588065,Adamantium Bonding Tank - The Ozolith (Rainbow Foil),Secret Lair Drop Series,126,126,8891.79
276270,Sensei's Divining Top,Double Masters 2022,194,198,8888.37
559037,Dawn's Truce,Bloomburrow,965,1038,8887.05
589427,Bloodthirsty Conqueror (Showcase),Foundations,76,76,8885.89
662789,Earthbending Student,Avatar: The Last Airbender: Eternal-Legal,322,324,8885.05
122771,Mana Crypt,Masterpiece Series: Kaladesh Inventions,21,21,8879.38
499188,Flowering of the White Tree,Universes Beyond: The Lord of the Rings: Tales of Middle-earth,870,889,8863.69
641796,Ouroboroid (Extended Art),Edge of Eternities,154,168,8860.98
9439,Tainted Pact,Odyssey,142,142,8851.08
618881,"Tidus, Yuna's Guardian (Borderless)",Commander: FINAL FANTASY,221,222,8842.18
656729,"Cloud, Midgar Mercenary",Unique and Miscellaneous Promos,180,209,8839.66
267052,Ancient Brass Dragon,Commander Legends: Battle for Baldur's Gate,199,202,8836.47
524419,Bloodletter of Aclazotz (Borderless),The Lost Caverns of Ixalan,252,256,8833.01
623990,Arid Mesa (Borderless) (Dragonscale Foil),Special Guests,26,26,8832.77
449626,Force of Will (Borderless),Dominaria Remastered,115,122,8831.35
279241,Mystic Remora (Borderless),Secret Lair Drop Series,117,117,8828.33
3300,Mishra's Workshop,Antiquities,3,3,8824.44
11418,Krark-Clan Shaman,Mirrodin,569,1258,8824.1
535882,Jeska's Will,Commander: Murders at Karlov Manor,213,215,8815.45
513893,Primal Vigor,Wilds of Eldraine: Enchanting Tales,720,748,8814.14
452124,Diabolic Intent,The Brothers' War,492,523,8806.29
583907,"Miku, Divine Diva - Elspeth Tirel",Secret Lair Drop Series,133,194,8795.32
687584,Three Visits,Commander: Secrets of Strixhaven,1305,1612,8779.92
3957,Moat,Legends,12,12,8770.94
239195,Tiamat,Adventures in the Forgotten Realms,306,347,8757.48
646045,"Venom, Eddie Brock",Marvel's Spider-Man: Eternal-Legal,613,662,8750.77
687375,Animate Dead,Commander: Secrets of Strixhaven,1366,1821,8734.47
541295,Flooded Strand (Borderless),Modern Horizons 3,188,209,8713.78
71042,"Purphoros, God of the Forge",Theros,297,308,8712.37
696328,"Thanos, the Mad Titan",Marvel Super Heroes,1424,1681,8712.32
248212,The Meathook Massacre,Innistrad: Midnight Hunt,305,311,8707.87
504953,"Avacyn, Angel of Hope",Commander Masters,232,240,8695.38
38409,Chrome Mox,Grand Prix Promos,33,35,8690.39
559849,Helm of the Host,Commander: Bloomburrow,886,958,8677.53
490536,Tribute to the World Tree,March of the Machine,629,660,8674.87
696240,"Elektra, Daughter of the Hand (Borderless) (0395)",Marvel Super Heroes,241,245,8673.84
696284,Bruce Banner (Borderless) (0331),Marvel Super Heroes,314,319,8673.05
277161,Smothering Tithe,Double Masters 2022,153,153,8669.41
488292,Sol Ring - Human (0410),Commander: The Lord of the Rings: Tales of Middle-earth,20,20,8662.2
273396,Ancient Silver Dragon (Borderless),Commander Legends: Battle for Baldur's Gate,95,95,8660.85
541296,Bloodstained Mire (Borderless),Modern Horizons 3,192,205,8659.56
92832,Windswept Heath,Khans of Tarkir,605,731,8651.95
162284,Gaea's Cradle - 1999 Matt Linde (USG),World Championship Decks,31,33,8642.56
558384,Ms. Bumbleflower (Borderless),Commander: Bloomburrow,822,1416,8634.83
512614,Parallel Lives,Wilds of Eldraine: Enchanting Tales,221,222,8626.48
630934,Tifa Lockhart (Borderless),FINAL FANTASY,603,627,8615.78
624008,Verdant Catacombs (Borderless),Special Guests,154,161,8582.81
696286,Tony Stark (Borderless) (0350),Marvel Super Heroes,365,373,8579.55
692403,Forest (0035),Secret Lair Showdown,179,433,8571.31
509527,Greater Auramancy,Wilds of Eldraine: Enchanting Tales,247,249,8566.39
648745,"Katara, the Fearless (Borderless) (Neon Ink Foil)",Avatar: The Last Airbender,16,17,8565.38
7580,Phyrexian Altar,Invasion,122,122,8564.73
191735,Altar of Dementia,Modern Horizons,472,484,8553.57
457269,Worldly Tutor,Dominaria Remastered,297,306,8545.58
625928,Deadly Rollick,Secret Lair Drop Series,313,327,8543.77
648645,"Appa, Steadfast Guardian",Avatar: The Last Airbender,938,1036,8542.19
696442,Hidden Lair (Borderless),Marvel Super Heroes,1036,1346,8541.15
651362,Spectacular Spider-Man (0235) (Borderless) (Textured Foil),Marvel's Spider-Man,21,21,8523.34
10222,Cabal Therapy,Judgment,204,368,8514.89
272747,Avenging Hunter,Commander Legends: Battle for Baldur's Gate,770,1758,8514.15
517523,"Ghalta, Stampede Tyrant (Borderless)",The Lost Caverns of Ixalan,271,272,8512.4
591055,"Aurelia, the Warleader",Foundations,1209,1438,8502.9
448902,Necropotence,Secret Lair Countdown Kit,153,154,8502.44
623916,Ureni of the Unwritten (Borderless),Commander: Tarkir: Dragonstorm,772,910,8499.99
590879,Scrawling Crawler,Foundations,1328,1425,8496.06
548578,Orim's Chant,Modern Horizons 3,1029,1422,8495.33
631155,Clever Concealment,Commander: FINAL FANTASY,1139,1369,8482.05
60129,Ancient Tomb,From the Vault: Realms,57,58,8480.94
203369,Teferi's Protection,The List Reprints,165,166,8459.25
688844,Awaken the Woods (JP Alternate Art),Secrets of Strixhaven: Mystical Archive,259,266,8456.64
5717,Seeker of Skybreak,Tempest,1179,2598,8451.97
519544,Quantum Misalignment,Universes Beyond: Doctor Who,418,442,8436.13
660579,"Avatar Kyoshi, Earthbender",Avatar: The Last Airbender: Eternal-Legal,466,466,8433.33
239741,Subtlety,Modern Horizons 2,438,613,8431.77
631008,"Lightning, Army of One",FINAL FANTASY,774,813,8431.7
688657,Restoration Seminar (Borderless),Secrets of Strixhaven,871,924,8430.53
449583,Force of Will,Dominaria Remastered,120,126,8428.43
688687,Planar Engineering,Secrets of Strixhaven,2910,3866,8409.43
33365,Marsh Flats,Zendikar,230,253,8398.17
687413,Ghostly Prison,Commander: Secrets of Strixhaven,1325,1859,8387.09
221901,Bala Ged Recovery,Zendikar Rising,1178,1250,8375.24
541279,"Ajani, Nacatl Pariah",Modern Horizons 3,701,921,8373.25
696672,Cosmic Cube (Borderless) (0312),Marvel Super Heroes,416,429,8356.5
614431,Wastewood Verge,Aetherdrift,656,745,8352.31
235964,Sedgemoor Witch,Strixhaven: School of Mages,867,971,8349.02
452043,Mox Amber (Schematic) (Serial Numbered),The Brothers' War: Retro Frame Artifacts,2,3,8344.5
234032,Gemstone Caverns,Time Spiral: Remastered,139,143,8344.09
18079,Thornbite Staff,Morningtide,442,455,8341.88
498364,Nazgul (0332),Universes Beyond: The Lord of the Rings: Tales of Middle-earth,386,397,8329.52
596272,Edgar Markov,Innistrad Remastered,165,179,8322.6
66420,Steam Vents,Return to Ravnica,555,660,8314.5
518154,Glamdring (Borderless Poster),Universes Beyond: The Lord of the Rings: Tales of Middle-earth,94,97,8311.55
695513,Zack Fair,Media Promos,167,179,8310.42
509567,Rhystic Study (Anime Borderless) (Confetti Foil),Wilds of Eldraine: Enchanting Tales,4,5,8291.03
632197,Cecil Harvey - Tymna the Weaver (Showcase),FINAL FANTASY: Through the Ages,464,470,8285.75
589448,Twinflame Tyrant (Showcase),Foundations,75,77,8285.68
686586,Plains (0267),Secrets of Strixhaven,2291,6778,8276.01
479312,All Will Be One,Phyrexia: All Will Be One,470,480,8274.82
517547,Welcome to . . .,Universes Beyond: Jurassic World Collection,288,290,8274.17
662785,"Toph, Earthbending Master (Extended Art)",Avatar: The Last Airbender: Eternal-Legal,167,167,8252.55
273798,Jeska's Will,Commander Legends: Battle for Baldur's Gate,190,196,8242.47
5321,Constant Mists,Stronghold,429,454,8242.0
243046,Circle of Dreams Druid,Adventures in the Forgotten Realms,584,602,8234.5
6667,Rishadan Port,Mercadian Masques,53,80,8234.4
679638,Undergrowth Stadium,Commander: Teenage Mutant Ninja Turtles,1309,1510,8232.74
512160,Beseech the Mirror,Wilds of Eldraine,375,402,8230.47
686577,Library of Leng (Borderless),Special Guests,615,627,8227.66
562493,Thassa's Oracle (Future Sight),Mystery Booster 2,284,286,8218.8
517243,"Galadriel, Light of Valinor (Borderless)",Commander: The Lord of the Rings: Tales of Middle-earth,374,374,8217.05
576514,Floodfarm Verge,Duskmourn: House of Horror,759,950,8211.24
643899,Burgeoning (Showcase),Special Guests,276,279,8204.3
696423,Defense of the Heart (Borderless),Marvel Universe Eternal-Legal,814,901,8203.72
614401,Bleachbone Verge,Aetherdrift,645,750,8197.75
259290,Unstable Harmonics - Rhystic Study,Secret Lair Drop Series,127,130,8195.61
644289,Icetill Explorer (Showcase) (Fracture Foil),Edge of Eternities,26,26,8194.76
552286,Sapphire Medallion,Modern Horizons 3,1337,1401,8189.04
164377,Cabal Stronghold,Dominaria,609,625,8186.24
624578,Cori-Steel Cutter,Tarkir: Dragonstorm,1036,1442,8186.0
552859,Springheart Nantuko,Modern Horizons 3,1521,1685,8183.56
552889,Phyrexian Tower (Borderless),Modern Horizons 3,161,166,8181.24
698193,Birds of Paradise,Commander: Marvel Super Heroes,673,1082,8179.93
239185,Scalding Tarn (Retro Frame),Modern Horizons 2,143,161,8166.59
532899,Undercity Sewers (Borderless),Murders at Karlov Manor,218,232,8147.26
163960,Survival of the Fittest - 1998 Brian Selden (EXO),World Championship Decks,81,121,8135.2
696434,Ravenous Tyrannosaurus (Borderless),Marvel Universe Eternal-Legal,789,842,8127.41
3825,Chains of Mephistopheles,Legends,10,11,8124.97
484935,The Ur-Dragon,Commander Masters,201,202,8123.54
558350,"Ral, Crackling Wit",Bloomburrow,499,522,8120.28
212691,Zagoth Triome,Ikoria: Lair of Behemoths,316,319,8107.72
553592,Talon Gates of Madara (Extended Art) (Ripple Foil),Commander: Modern Horizons 3,60,60,8106.44
646581,Miles Morales (0234) (Borderless),Marvel's Spider-Man,226,232,8101.81
671008,Painter's Servant (Borderless),Special Guests,230,238,8101.29
687372,Toxic Deluge,Commander: Secrets of Strixhaven,1133,1542,8099.21
525597,Spitting Dilophosaurus (Borderless),Universes Beyond: Jurassic World Collection,240,240,8095.69
587186,Fierce Guardianship (Rainbow Foil),Secret Lair Drop Series,121,123,8094.4
276504,Green Sun's Zenith,Double Masters 2022,274,296,8091.38
105555,Scalding Tarn,Zendikar Expeditions,20,24,8086.99
642437,Consult the Star Charts,Edge of Eternities,1175,1912,8086.17
544208,Slickshot Show-Off,Outlaws of Thunder Junction,888,1302,8085.62
559157,"Baylen, the Haymaker (Borderless) (Raised Foil)",Bloomburrow,20,20,8079.51
6275,Yavimaya Hollow,Urza's Destiny,106,108,8076.89
534080,Archdruid's Charm,Murders at Karlov Manor,1010,1215,8071.6
623012,"Celes, Rune Knight (Borderless)",Commander: FINAL FANTASY,231,231,8069.3
498459,"Fangorn Forest - Yavimaya, Cradle of Growth (Borderless)",Commander: The Lord of the Rings: Tales of Middle-earth,158,158,8050.09
239196,Tiamat (Borderless),Adventures in the Forgotten Realms,176,185,8047.11
82901,Treasonous Ogre,Conspiracy,401,410,8041.76
609688,"Avacyn, Angel of Hope (Showcase)",Innistrad Remastered,189,191,8036.7
457178,Vampiric Tutor,Dominaria Remastered,131,131,8025.83
668475,World War Hulk,Marvel Super Heroes,1995,3290,8018.85
206642,Underworld Breach,Theros Beyond Death,673,688,8007.94
619704,Mox Jasper (Showcase),Tarkir: Dragonstorm,270,282,8005.83
39543,Mental Misstep,New Phyrexia,540,564,8000.35
589424,Bloodthirsty Conqueror (Borderless),Foundations,192,192,7998.4
624009,Verdant Catacombs (Borderless) (Dragonscale Foil),Special Guests,26,26,7998.06
630980,"Sephiroth, Fabled SOLDIER (Extended Art)",FINAL FANTASY,123,124,7991.49
10206,Mental Note,Judgment,399,892,7968.56
10829,Decree of Silence,Scourge,171,227,7959.14
4332,Hatred,Exodus,145,156,7951.26
558444,"Chatterfang, Squirrel General (Borderless)",Commander: Bloomburrow,178,179,7947.77
499750,Swan Song,Commander: The Lord of the Rings: Tales of Middle-earth,839,889,7945.57
696413,Counterspell (Borderless) (0052),Marvel Universe Eternal-Legal,725,758,7939.97
532880,Commercial District,Murders at Karlov Manor,877,1030,7930.45
142012,Revel in Riches,Ixalan,448,463,7923.41
518167,Spiteful Banditry (Borderless Poster),Universes Beyond: The Lord of the Rings: Tales of Middle-earth,77,80,7917.13
630780,"Yuna, Grand Summoner",Commander: FINAL FANTASY,828,1863,7911.05
696477,Captain America's Shield,Marvel Super Heroes,2799,3997,7903.99
679234,Underworld Breach (Borderless),Teenage Mutant Ninja Turtles Source Material,954,994,7896.06
643701,Knuckles the Echidna,Secret Lair Drop Series,394,438,7893.31
262420,"Takenuma, Abandoned Mire",Kamigawa: Neon Dynasty,690,711,7891.97
475557,"Elesh Norn, Mother of Machines (Borderless) (Step-and-Compleat Foil)",Phyrexia: All Will Be One,33,34,7878.19
207021,Nyxbloom Ancient,Theros Beyond Death,262,266,7875.02
504585,Flawless Maneuver (Borderless),Commander Masters,256,260,7861.12
265348,Spara's Headquarters,Streets of New Capenna,548,569,7858.2
206251,Demonic Tutor (J20),Judge Promos,61,70,7855.17
668462,Doctor Doom,Marvel Super Heroes,1502,1771,7854.71
504546,"Purphoros, God of the Forge",Commander Masters,252,263,7850.62
528291,Arcane Signet (1492) (Galaxy Foil),Secret Lair Drop Series,83,84,7848.21
480503,Teysa Karlov,Secret Lair Drop Series,103,104,7820.7
630862,The Darkness Crystal,FINAL FANTASY,1447,1545,7820.63
272926,Descent into Avernus,Commander Legends: Battle for Baldur's Gate,568,589,7807.31
559964,"Chatterfang, Squirrel General",Commander: Bloomburrow,809,944,7806.44
689366,Veil of Summer,Secrets of Strixhaven: Mystical Archive,1433,1589,7803.3
230206,Tibalt's Trickery,Kaldheim,701,734,7763.88
215369,"Rin and Seri, Inseparable",Buy-A-Box Promos,210,244,7763.57
488290,Sol Ring - Elven (0408),Commander: The Lord of the Rings: Tales of Middle-earth,4,4,7758.97
233991,Reiterate,Time Spiral: Remastered,413,420,7758.3
33252,Arid Mesa,Zendikar,166,205,7756.92
457251,Enlightened Tutor (Retro Frame),Dominaria Remastered,239,243,7746.79
697079,Iron Man Armor (Extended Art),Marvel Super Heroes,463,480,7742.94
644288,Icetill Explorer (Showcase),Edge of Eternities,99,102,7742.26
503565,Deadly Rollick,Commander Masters,273,283,7742.02
688820,Pongify (JP Alternate Art) (Silver Scroll Foil),Secrets of Strixhaven: Mystical Archive,193,194,7741.43
221359,Training Center,Commander Legends,473,483,7740.38
632688,Shantotto's Coercion - Diabolic Intent (Showcase),FINAL FANTASY: Through the Ages,465,475,7732.99
625930,Deadly Rollick (Rainbow Foil),Secret Lair Drop Series,362,373,7725.94
517259,Nazgul Battle-Mace (Borderless),Commander: The Lord of the Rings: Tales of Middle-earth,384,389,7725.75
265349,Raffine's Tower,Streets of New Capenna,523,540,7721.08
239184,Misty Rainforest (Retro Frame),Modern Horizons 2,137,154,7720.61
235972,"Blex, Vexing Pest",Strixhaven: School of Mages,610,649,7714.11
596295,Edgar Markov (Showcase),Innistrad Remastered,198,233,7712.13
553312,Branching Evolution,Modern Horizons 3,1270,1314,7708.74
688884,Crackle with Power,Secrets of Strixhaven: Mystical Archive,940,958,7706.14
1537,Red Elemental Blast,Revised Edition,1063,2085,7700.61
544258,Prismatic Vista (Borderless),Special Guests,130,137,7684.73
512692,Omniscience (Anime Borderless),Wilds of Eldraine: Enchanting Tales,168,179,7683.88
587185,Fierce Guardianship,Secret Lair Drop Series,123,125,7680.37
190877,The First Sliver,Modern Horizons,198,208,7677.21
623963,"Elspeth, Storm Slayer (Showcase) (Halo Foil)",Tarkir: Dragonstorm,30,32,7676.64
52206,Snapcaster Mage,Innistrad,362,437,7676.52
646034,"Lyla, Holographic Assistant",Marvel's Spider-Man: Eternal-Legal,810,929,7664.2
230983,Wolverine Riders,Commander: Kaldheim,468,613,7659.22
203644,Demonic Tutor (DVD),The List Reprints,130,131,7647.12
548602,"Phelia, Exuberant Shepherd",Modern Horizons 3,1100,1551,7644.88
221351,Vault of Champions,Commander Legends,469,474,7643.08
524220,Growing Rites of Itlimoc,The Lost Caverns of Ixalan,888,956,7637.13
624276,Mistrise Village (Borderless),Tarkir: Dragonstorm,533,559,7635.66
677494,"Miirym, Sentinel Wyrm",Secret Lair Drop Series,224,239,7631.59
688984,Emeritus of Truce,Secrets of Strixhaven,1660,1960,7630.04
67378,Crypt Ghast,Gatecrash,556,565,7628.79
530995,"Savra, Queen of the Golgari (Anime Borderless)",Ravnica Remastered,276,286,7621.82
512366,Bitterblossom,Wilds of Eldraine: Enchanting Tales,225,226,7617.29
541297,Bloodstained Mire (Retro Frame),Modern Horizons 3,156,182,7614.97
519493,Danny Pink,Universes Beyond: Doctor Who,500,514,7606.9
660519,Mystic Remora (Borderless),Avatar: The Last Airbender: Eternal-Legal,295,297,7605.61
14830,"Urborg, Tomb of Yawgmoth",Planar Chaos,126,131,7594.65
679203,"Krang, Utrom Warlord (Showcase)",Teenage Mutant Ninja Turtles,191,191,7592.57
276483,Thrumming Stone,Double Masters 2022,342,353,7588.07
559747,Sylvan Tutor (Borderless),Special Guests,165,168,7587.65
614424,Sunbillow Verge,Aetherdrift,623,705,7585.52
218702,Force of Will (Borderless),Double Masters,29,30,7584.92
679204,"Krang, Utrom Warlord (Showcase) (Fracture Foil)",Teenage Mutant Ninja Turtles,39,39,7582.93
677496,Cast-Off Consort - Bloodletter of Aclazotz,Secret Lair Drop Series,200,223,7579.12
552282,Jet Medallion (Borderless),Modern Horizons 3,332,339,7555.51
276717,Mana Drain (Borderless),Double Masters 2022,99,100,7536.05
563186,Displacer Kitten (White Border),Mystery Booster 2,262,268,7532.22
688945,Winds of Abandon (JP Alternate Art) (Silver Scroll Foil),Secrets of Strixhaven: Mystical Archive,109,110,7530.75
696390,Hit-Monkey,Commander: Marvel Super Heroes,815,881,7522.45
267071,Ancient Brass Dragon (Borderless),Commander Legends: Battle for Baldur's Gate,113,114,7520.57
512538,Grave Pact,Wilds of Eldraine: Enchanting Tales,218,220,7519.95
662039,"Myrel, Shield of Argive",Secret Lair Countdown Kit,357,363,7510.55
631183,Farewell,Commander: FINAL FANTASY,1352,1510,7507.83
265350,Xander's Lounge,Streets of New Capenna,553,574,7504.42
69922,Darksteel Forge,Magic 2014 (M14),206,206,7495.02
504303,Smothering Tithe (Borderless),Commander Masters,105,105,7483.58
478706,"Atraxa, Grand Unifier (Oil Slick Raised Foil)",Phyrexia: All Will Be One,75,83,7482.66
615216,Panharmonicon,Commander: Aetherdrift,1037,1262,7470.43
656668,Formidable Speaker (Extended Art),Lorwyn Eclipsed,392,448,7463.34
104285,"Ulamog, the Ceaseless Hunger",Battle for Zendikar,360,381,7460.72
509529,Doubling Season,Wilds of Eldraine: Enchanting Tales,187,189,7459.75
699679,The Fantasticar (Extended Art),Commander: Marvel Super Heroes,216,235,7454.3
631215,Sword of the Animist,Commander: FINAL FANTASY,1199,1347,7451.18
518160,Radagast the Brown (Borderless Poster),Universes Beyond: The Lord of the Rings: Tales of Middle-earth,73,73,7450.64
6027,Firestorm,Weatherlight,167,179,7450.42
212150,Flawless Maneuver,Commander 2020,352,358,7447.23
632127,Aerith's Curaga Magic - Heroic Intervention (Rainbow Foil),Secret Lair Drop Series,344,359,7444.39
552272,Six,Modern Horizons 3,1370,1465,7442.88
686664,Dualcaster Mage (Borderless),Special Guests,623,638,7438.7
139811,Edgar Markov,Commander 2017,168,181,7430.75
524231,"Ojer Taq, Deepest Foundation (Showcase)",The Lost Caverns of Ixalan,219,223,7424.64
272931,"Jaheira, Friend of the Forest",Commander Legends: Battle for Baldur's Gate,734,753,7414.52
588013,Commander's Plate (1733) (Rainbow Foil),Secret Lair Drop Series,189,191,7414.07
286039,Magnus the Red,"Universes Beyond: Warhammer 40,000",354,359,7403.97
617866,Swan Song (1591) (Rainbow Foil),Secret Lair Drop Series,129,129,7403.07
38251,Intuition,Judge Promos,3,3,7401.41
498328,Generous Ent,Universes Beyond: The Lord of the Rings: Tales of Middle-earth,1331,2729,7401.26
499383,Glittering Caves of Aglarond - Gemstone Caverns (Borderless) (Surge Foil),Commander: The Lord of the Rings: Tales of Middle-earth,27,27,7391.42
230470,"Tergrid, God of Fright (Showcase)",Kaldheim,393,401,7382.32
111210,Stoneforge Mystic,Grand Prix Promos,232,270,7380.55
544936,Grand Abolisher,Outlaws of Thunder Junction: The Big Score,417,429,7379.29
688661,Emeritus of Conflict,Secrets of Strixhaven,1670,2104,7374.69
33470,Verdant Catacombs,Zendikar,187,216,7370.57
6223,Powder Keg,Urza's Destiny,101,122,7362.6
687611,Lightning Greaves,Commander: Secrets of Strixhaven,1305,1650,7362.58
660703,"Toph, Greatest Earthbender (Borderless)",Avatar: The Last Airbender: Eternal-Legal,401,409,7357.39
3306,Power Artifact,Antiquities,50,53,7354.85
238615,Scalding Tarn (Extended Art),Modern Horizons 2,168,184,7337.22
215550,Heroic Intervention,Core Set 2021,485,503,7333.9
656912,Plains (Chocobo Track Foil),Commander: FINAL FANTASY,570,1552,7329.49
6321,Goblin Welder,Urza's Legacy,110,136,7328.24
544417,Three Steps Ahead,Outlaws of Thunder Junction,804,975,7326.52
630947,Traveling Chocobo (Borderless) (Neon Ink Pink),FINAL FANTASY,4,4,7324.98
541265,Sword of Wealth and Power,Outlaws of Thunder Junction: The Big Score,384,391,7322.53
206667,Idyllic Tutor,Theros Beyond Death,613,635,7318.6
576512,Blazemire Verge,Duskmourn: House of Horror,737,835,7307.64
689476,"Moseo, Vein's New Dean",Secrets of Strixhaven,2447,3121,7305.73
218860,Stoneforge Mystic,Double Masters,210,242,7300.02
286337,Cryptothrall,"Universes Beyond: Warhammer 40,000",335,335,7299.78
696266,"Captain America, Super-Soldier (Borderless) (0352)",Marvel Super Heroes,437,438,7296.43
668456,"Captain America, Super-Soldier",Marvel Super Heroes,1575,1915,7295.02
504586,Doubling Season,Commander Masters,204,210,7290.93
498454,Last March of the Ents (Borderless),Universes Beyond: The Lord of the Rings: Tales of Middle-earth,219,220,7290.31
283016,"Shizo, Death's Storehouse",Commander: Dominaria United,202,202,7281.48
559718,Agate Instigator,Commander: Bloomburrow,842,1060,7275.96
687475,Harmonic Prodigy,Commander: Secrets of Strixhaven,1430,2076,7261.86
552887,Ocelot Pride (Retro Frame),Modern Horizons 3,102,124,7255.11
662459,Deadly Rollick (Showcase),Avatar: The Last Airbender: Eternal-Legal,220,220,7254.93
98497,Eye of Ugin,Modern Masters 2015,131,137,7254.82
105007,Void Winnower,Battle for Zendikar,392,400,7248.1
625925,"Deadpool, Trading Card (1753)",Secret Lair Drop Series,292,360,7246.83
590835,High Fae Trickster,Foundations,1199,1279,7246.46
679633,Spire Garden,Commander: Teenage Mutant Ninja Turtles,1232,1381,7236.84
14996,Sprout Swarm,Future Sight,1025,1209,7236.11
553662,Barrowgoyf,Commander: Modern Horizons 3,376,524,7229.26
631511,Pitiless Plunderer,Commander: FINAL FANTASY,1189,1876,7229.04
552633,"Phlage, Titan of Fire's Fury",Modern Horizons 3,640,858,7214.43
212692,Zagoth Triome (Showcase),Ikoria: Lair of Behemoths,273,275,7200.45
632109,Hope's Aero Magic - Cyclonic Rift (Rainbow Foil),Secret Lair Drop Series,247,264,7195.19
668492,Horn of Greed (Borderless),Marvel Universe Eternal-Legal,721,778,7189.88
631240,Skullclamp,Commander: FINAL FANTASY,1053,1244,7182.66
587991,"Captain America, First Avenger (Rainbow Foil)",Secret Lair Drop Series,193,194,7181.17
553299,Pinnacle Monk,Modern Horizons 3,2387,3507,7177.15
662431,Worldly Tutor (Showcase),Avatar: The Last Airbender: Eternal-Legal,231,233,7155.21
686693,Inkshield,Commander: Secrets of Strixhaven,1125,1519,7147.99
697393,"Sauron, Dino Devotee",Commander: Marvel Super Heroes,279,282,7146.79
257681,Swamp (298) - JP Full Art,Kamigawa: Neon Dynasty,606,1163,7141.96
33372,Misty Rainforest,Zendikar,171,192,7138.31
490547,City on Fire,March of the Machine,596,608,7129.69
539474,Heroic Intervention,Universes Beyond: Fallout,483,507,7123.49
645291,Chaos Emerald - Lotus Petal (7032),Secret Lair Drop Series,35,35,7120.25
696439,Dark Fortress (Borderless),Marvel Super Heroes,1012,1313,7114.31
272599,Battle Angels of Tyr,Commander Legends: Battle for Baldur's Gate,251,257,7110.68
233496,Demonic Tutor (JP Alternate Art) (Foil Etched),Strixhaven: Mystical Archive,20,20,7108.72
631022,"Lightning, Army of One (0400) (Borderless)",FINAL FANTASY,307,308,7103.38
7306,Foil,Prophecy,243,407,7099.77
576520,Hushwood Verge,Duskmourn: House of Horror,800,1036,7098.22
679094,"Donatello, the Brains (0085) (Borderless) (Surge Foil)",Commander: Teenage Mutant Ninja Turtles,40,40,7096.16
671781,Moonshadow (0313) (Showcase),Lorwyn Eclipsed,467,554,7096.1
686571,Deathcap Glade,Secrets of Strixhaven,2561,3321,7094.92
649382,Bender's Waterskin,Avatar: The Last Airbender,2342,4117,7092.63
591654,Akroma's Memorial (Showcase),Special Guests,221,221,7091.16
558447,Three Tree City (Borderless) (0339),Bloomburrow,113,113,7088.96
212221,Deadly Rollick,Commander 2020,251,261,7087.32
552363,"Ulamog, the Defiler (Borderless)",Modern Horizons 3,119,122,7086.63
212698,Ketria Triome (Showcase),Ikoria: Lair of Behemoths,332,336,7081.43
517533,Mana Crypt (Borderless),Special Guests,109,114,7074.32
273299,Ancient Gold Dragon,Commander Legends: Battle for Baldur's Gate,187,187,7073.29
104960,Flooded Strand,Zendikar Expeditions,18,18,7070.31
284529,"Sheoldred, the Apocalypse",Promo Pack: Dominaria United,72,72,7065.27
552727,Shifting Woodland,Modern Horizons 3,1304,1532,7058.79
3378,Concordant Crossroads,Chronicles,309,315,7056.66
218388,Exploration (Borderless),Double Masters,95,98,7053.09
555449,Sol Ring (1604) (Rainbow Foil),Secret Lair Drop Series,109,131,7052.4
668489,Heroic Intervention (0078) (Borderless),Marvel Universe Eternal-Legal,663,718,7047.99
518679,Diabolic Intent (Borderless),Commander: The Lord of the Rings: Tales of Middle-earth,74,74,7047.34
484539,Faerie Mastermind,March of the Machine,488,510,7041.12
660604,"Ozai, the Phoenix King (0311) (Borderless)",Avatar: The Last Airbender,191,191,7040.52
696443,Training Compound (Borderless),Marvel Super Heroes,988,1290,7033.58
552925,Akroma's Will,Commander: Modern Horizons 3,432,477,7031.77
7428,Aura Shards,Invasion,265,270,7031.12
504487,Bloodchief Ascension (Borderless),Commander Masters,244,246,7030.61
560456,"Bello, Bard of the Brambles (Borderless) (Raised Foil)",Commander: Bloomburrow,13,13,7030.5
212697,Ketria Triome,Ikoria: Lair of Behemoths,390,403,7025.15
491205,Urabrask,March of the Machine,408,418,7024.84
517458,Pact of Negation (Borderless),Commander: The Lord of the Rings: Tales of Middle-earth,74,75,7022.31
688846,Berserk (JP Alternate Art) (Silver Scroll Foil),Secrets of Strixhaven: Mystical Archive,107,107,7017.76
696253,No Mercy (Borderless),Marvel Universe Eternal-Legal,770,832,7012.27
457181,Vampiric Tutor (Borderless),Dominaria Remastered,99,99,7012.03
689340,Sleight of Hand (JP Alternate Art) (Silver Scroll Foil),Secrets of Strixhaven: Mystical Archive,180,188,7011.37
697578,"Galactus, Devourer of Worlds",Commander: Marvel Super Heroes,671,748,7008.89
38265,Phyrexian Dreadnought,Judge Promos,10,14,7008.43
600475,The Meathook Massacre (Showcase),Innistrad Remastered,185,189,6997.12
674541,Silver Shroud Costume,Secret Lair Drop Series,361,478,6991.65
499967,Mithril Coat (Extended Art),Universes Beyond: The Lord of the Rings: Tales of Middle-earth,227,231,6990.59
535640,Trouble in Pairs,Commander: Murders at Karlov Manor,250,251,6987.52
544336,High Noon,Outlaws of Thunder Junction,959,1390,6987.49
661938,Avatar's Wrath,Avatar: The Last Airbender,1423,1698,6986.27
688818,Echocasting Symposium (Borderless),Secrets of Strixhaven,828,857,6981.76
3168,Bazaar of Baghdad,Arabian Nights,3,4,6977.17
559991,Bloodroot Apothecary,Commander: Bloomburrow,1107,2025,6972.92
37839,City of Ass,Unhinged,72,163,6970.09
632202,"Lightning, Lone Commando - Isshin, Two Heavens as One (Showcase)",FINAL FANTASY: Through the Ages,432,447,6965.59
559478,Patchwork Banner,Bloomburrow,1663,1974,6962.83
504564,Bloodchief Ascension,Commander Masters,332,342,6961.44
501908,Goblin Lackey (1311),Secret Lair Drop Series,108,120,6960.6
222006,Cavern of Souls,Zendikar Rising Expeditions,88,90,6958.37
518166,The Watcher in the Water (Borderless Poster),Universes Beyond: The Lord of the Rings: Tales of Middle-earth,96,100,6957.92
206757,"Thassa, Deep-Dwelling",Theros Beyond Death,209,214,6953.32
511869,Archangel of Thune,Secret Lair Drop Series,65,66,6938.12
541298,Wooded Foothills (Borderless),Modern Horizons 3,184,199,6933.95
696445,Gleaming Bastion (Borderless),Marvel Super Heroes,1051,1353,6916.43
671030,Bitterblossom (Borderless),Special Guests,201,201,6909.18
687597,Fellwar Stone,Commander: Secrets of Strixhaven,2466,5360,6907.57
490335,Invasion of Ikoria,March of the Machine,563,583,6904.65
552466,Disciple of Freyalise,Modern Horizons 3,2236,3015,6902.4
187181,Kaya's Ghostform,War of the Spark,1527,1770,6897.07
212694,Savai Triome (Showcase),Ikoria: Lair of Behemoths,298,302,6887.77
216173,Allosaurus Shepherd,Jumpstart,137,138,6885.3
630928,Y'shtola Rhul (Borderless),FINAL FANTASY,236,238,6884.73
548583,Sylvan Safekeeper,Modern Horizons 3,1206,1315,6884.7
267056,Bountiful Promenade,Commander Legends: Battle for Baldur's Gate,390,391,6884.25
688839,Abrade (JP Alternate Art) (Silver Scroll Foil),Secrets of Strixhaven: Mystical Archive,244,256,6870.11
646684,Multiversal Passage (Borderless),Marvel's Spider-Man,644,807,6864.21
226634,"Kediss, Emberclaw Familiar",Commander Legends,1208,1330,6845.92
484548,Breach the Multiverse,March of the Machine,649,684,6843.31
239769,Imperial Recruiter,Modern Horizons 2,485,494,6843.2
660615,Avatar Aang (Borderless),Avatar: The Last Airbender,373,381,6840.75
506621,Rise of the Eldrazi,Commander Masters,318,332,6835.32
6264,Treachery,Urza's Destiny,115,120,6833.38
591844,Twinflame Tyrant (Showcase) (Fracture Foil),Foundations,16,16,6817.0
5531,"Eladamri, Lord of Leaves",Tempest,113,114,6808.84
591197,Sire of Seven Deaths (Borderless),Foundations,160,172,6799.85
454994,Rhystic Study,Jumpstart 2022,96,100,6797.57
633132,The Fire Crystal (Borderless),FINAL FANTASY,545,552,6795.27
541342,Sword of Feast and Famine (Borderless),Universes Beyond: Assassin's Creed,152,153,6793.8
688886,Crop Rotation,Secrets of Strixhaven: Mystical Archive,1465,1610,6789.02
671173,Endurance,Commander: Lorwyn Eclipsed,787,1763,6784.82
656916,Forest (Chocobo Track Foil),Commander: FINAL FANTASY,513,1512,6784.09
71202,Swan Song,Theros,513,537,6782.76
600511,"Emrakul, the Promised End (Showcase)",Innistrad Remastered,217,235,6780.83
656681,Deceit,Lorwyn Eclipsed,873,1260,6771.48
532970,Meticulous Archive (Borderless),Murders at Karlov Manor,264,296,6769.94
686583,Sundown Pass,Secrets of Strixhaven,2529,3253,6763.39
212693,Savai Triome,Ikoria: Lair of Behemoths,337,341,6761.68
643636,Ancient Tomb (0091) (Borderless) (Galaxy Foil),Edge of Eternities: Stellar Sights,13,13,6756.04
235505,Natural Order,Strixhaven: Mystical Archive,229,233,6743.74
272781,"Karlach, Fury of Avernus",Commander Legends: Battle for Baldur's Gate,274,274,6731.26
4035,Sylvan Library,Legends,45,50,6727.07
3215,Library of Alexandria,Arabian Nights,5,5,6718.99
475527,Swamp (269) - Full Art,Phyrexia: All Will Be One,789,2326,6717.85
686628,"Dina, Essence Brewer (Borderless)",Commander: Secrets of Strixhaven,1442,1828,6716.16
38215,City of Brass,Junior Series Promos,8,9,6712.66
509564,Aggravated Assault (Anime Borderless),Wilds of Eldraine: Enchanting Tales,228,230,6699.0
503578,Grand Abolisher (Borderless),Commander Masters,264,271,6697.33
575157,Enduring Curiosity,Duskmourn: House of Horror,964,1017,6696.04
466633,Gamble (Borderless),Dominaria Remastered,404,414,6692.73
212689,Indatha Triome,Ikoria: Lair of Behemoths,337,341,6675.39
229254,"Halvar, God of Battle",Kaldheim,240,240,6673.36
490360,"Sheoldred, Whispering One",March of the Machine: Multiverse Legends,253,253,6672.29
544259,Stoneforge Mystic (Borderless),Special Guests,149,155,6660.85
221812,Scalding Tarn,Zendikar Rising Expeditions,98,110,6655.04
59804,Worldfire,Magic 2013 (M13),217,218,6647.31
490355,"Elesh Norn, Grand Cenobite",March of the Machine: Multiverse Legends,286,303,6642.9
693567,Birthing Pod,Secret Lair Drop Series,259,315,6640.64
556010,Reconnaissance,Universes Beyond: Assassin's Creed,1233,1381,6640.36
4727,Hydroblast,Ice Age,735,1757,6634.8
238614,Misty Rainforest (Extended Art),Modern Horizons 2,152,166,6633.44
518122,"Sauron, the Dark Lord (Showcase Scrolls)",Universes Beyond: The Lord of the Rings: Tales of Middle-earth,56,56,6632.15
699670,Molecule Man (Extended Art),Commander: Marvel Super Heroes,144,153,6631.52
457179,Vampiric Tutor (Retro Frame),Dominaria Remastered,93,95,6629.47
501920,Goblin Recruiter,Secret Lair Drop Series,101,101,6629.45
504568,Grave Pact,Commander Masters,203,205,6624.97
651377,"Venom, King in Black - Skithiryx, the Blight Dragon (Borderless)",Marvel Universe Eternal-Legal,462,475,6622.5
215341,Grim Tutor,Core Set 2021,260,261,6620.19
575064,"Valgavoth, Terror Eater (Showcase) (Textured Foil)",Duskmourn: House of Horror,25,25,6608.48
533868,Sol Ring (1512),Secret Lair Drop Series,82,85,6607.19
188468,Spark Double,War of the Spark,645,660,6603.01
518165,Storm of Saruman (Borderless Poster),Universes Beyond: The Lord of the Rings: Tales of Middle-earth,77,78,6602.48
216530,Bruvac the Grandiloquent,Jumpstart,148,153,6601.04
457088,"Yawgmoth, Thran Physician (Borderless)",Dominaria Remastered,197,204,6598.75
276317,"Kozilek, Butcher of Truth (Borderless)",Double Masters 2022,117,118,6597.94
221350,Spectator Seating,Commander Legends,393,399,6594.63
239397,Cabal Coffers (Borderless),Modern Horizons 2,147,150,6594.3
591308,Boltwave,Foundations,1598,2451,6593.45
518098,Nazgul (0725) (Showcase Scrolls),Universes Beyond: The Lord of the Rings: Tales of Middle-earth,68,68,6590.09
273196,"Miirym, Sentinel Wyrm",Commander Legends: Battle for Baldur's Gate,717,797,6585.74
226687,Staff of Domination,Commander Legends,595,617,6582.67
286168,Exalted Flamer of Tzeentch,"Universes Beyond: Warhammer 40,000",245,253,6581.22
475561,Mountain (Phyrexian) - Full Art (Oil Slick Raised Foil),Phyrexia: All Will Be One,342,887,6574.09
596294,Edgar Markov (Retro Frame),Innistrad Remastered,187,211,6573.89
512618,Agatha's Soul Cauldron (Extended Art),Wilds of Eldraine,103,105,6570.53
660565,"Avatar Roku, Firebender",Avatar: The Last Airbender: Eternal-Legal,453,480,6567.76
631315,Three Visits,Commander: FINAL FANTASY,1013,1124,6567.62
687695,Lotus Field,Commander: Secrets of Strixhaven,1215,1794,6567.6
688879,Crackle with Power (JP Alternate Art) (Silver Scroll Foil),Secrets of Strixhaven: Mystical Archive,92,94,6565.13
641777,Watery Grave (Borderless),Edge of Eternities,410,434,6558.47
668470,World War Hulk (Borderless),Marvel Super Heroes,1191,1380,6552.44
525618,"Kutzil, Malamet Exemplar",The Lost Caverns of Ixalan,1565,1842,6545.1
532941,Underground Mortuary (Borderless),Murders at Karlov Manor,244,254,6545.02
5268,Tombstone Stairwell,Mirage,118,120,6544.38
509558,Greater Auramancy (Anime Borderless),Wilds of Eldraine: Enchanting Tales,138,138,6525.87
6095,Scorched Ruins,Weatherlight,140,143,6525.75
589445,Twinflame Tyrant (Borderless),Foundations,164,165,6523.67
39082,Blightsteel Colossus,Mirrodin Besieged,167,171,6518.43
552330,"Ral, Monsoon Mage",Modern Horizons 3,765,938,6516.07
227037,Akroma's Will,Commander Legends,413,420,6512.57
503402,Sol Ring (Borderless),Commander Masters,416,501,6510.99
660595,Fire Lord Azula (0313) (Borderless),Avatar: The Last Airbender,326,326,6503.72
492732,Elesh Norn (Serial Numbered),March of the Machine,2,2,6499.99
696348,Arc Reactor,Marvel Super Heroes,1978,3480,6495.77
563204,Pact of Negation (Future Sight),Mystery Booster 2,238,267,6494.98
532537,Anointed Procession,Secret Lair Drop Series,76,77,6494.25
457192,Exploration (Retro Frame),Dominaria Remastered,206,211,6487.54
558590,"Chatterfang, Squirrel General (Borderless) (Raised Foil)",Commander: Bloomburrow,8,8,6480.17
478705,"Atraxa, Grand Unifier (Showcase)",Phyrexia: All Will Be One,267,322,6471.17
671533,Springleaf Parade (Extended Art),Commander: Lorwyn Eclipsed,639,707,6465.38
646569,Gwen Stacy (0202) (Borderless),Marvel's Spider-Man,265,268,6464.98
2267,Mana Vault,Fifth Edition,72,72,6463.95
629969,Dragon's Rage Channeler (2053) (Raised Foil),Secret Lair Drop Series,76,101,6461.35
273531,"Zellix, Sanity Flayer",Commander Legends: Battle for Baldur's Gate,243,244,6458.85
696996,"Black Widow, Super Spy",Marvel Super Heroes,1103,1741,6452.52
221815,Misty Rainforest,Zendikar Rising Expeditions,93,101,6442.84
239183,Marsh Flats (Retro Frame),Modern Horizons 2,128,158,6437.98
687531,Arcane Signet,Commander: Secrets of Strixhaven,3680,8344,6437.52
588040,Storm's Will - Jeska's Will (Rainbow Foil),Secret Lair Drop Series,112,114,6436.77
204415,Torment of Hailfire,The List Reprints,154,155,6434.9
696444,Gathering Place (Borderless),Marvel Super Heroes,991,1298,6431.56
638918,Mountain (0265) (Borderless),Edge of Eternities,1283,3615,6429.32
548582,Orim's Chant (Borderless),Modern Horizons 3,310,359,6426.38
553184,Dryad of the Ilysian Grove,Commander: Modern Horizons 3,671,773,6425.51
11981,Dosan the Falling Leaf,Champions of Kamigawa,191,196,6421.15
212212,Twinning Staff,Commander 2020,369,373,6415.7
7783,Diabolic Intent,Planeshift,121,123,6413.63
689149,Brain Freeze,Secrets of Strixhaven: Mystical Archive,1552,1689,6412.15
454883,"Preston, the Vanisher",Jumpstart 2022,177,178,6407.91
679207,Sword of Hearth and Home (Borderless),Commander: Teenage Mutant Ninja Turtles,467,498,6405.87
656906,"Mog, Moogle Warrior (Borderless) (Chocobo Track Foil)",Commander: FINAL FANTASY,195,197,6401.82
212041,"Godzilla, King of the Monsters - Zilortha, Strength Incarnate",Buy-A-Box Promos,285,343,6400.77
183213,Guardian Project,Ravnica Allegiance,492,514,6398.89
590340,"Fumulus, the Infestation (Anime)",Foundations Jumpstart,660,725,6397.9
552310,"Ragavan, Nimble Pilferer (Retro Frame)",Modern Horizons 2,78,90,6394.13
10327,Chain of Vapor,Onslaught,316,389,6388.37
212696,Raugrin Triome (Showcase),Ikoria: Lair of Behemoths,317,322,6386.3
693228,Mountain (2419),Secret Lair Drop Series,310,873,6382.03
216047,Exquisite Blood,Jumpstart,178,178,6376.39
212690,Indatha Triome (Showcase),Ikoria: Lair of Behemoths,294,301,6373.49
679179,Dark Leo & Shredder (Borderless),Teenage Mutant Ninja Turtles,344,347,6373.24
14568,Claws of Gix,Timeshifted,269,371,6372.33
34365,Eye of Ugin,Worldwake,109,119,6369.63
122865,Sword of Feast and Famine,Masterpiece Series: Kaladesh Inventions,19,19,6369.59
276318,Cavern of Souls (Borderless),Double Masters 2022,102,105,6367.41
671011,Thousand-Year Elixir (Borderless),Special Guests,303,307,6366.58
632158,Tidus's Brotherhood Sword - Sword of Truth and Justice (Rainbow Foil),Secret Lair Drop Series,233,249,6365.83
475564,Plains (Phyrexian) - Full Art (Oil Slick Raised Foil),Phyrexia: All Will Be One,306,756,6359.8
532872,Warleader's Call,Murders at Karlov Manor,792,855,6357.73
656905,"Locke, Treasure Hunter (Borderless) (Chocobo Track Foil)",Commander: FINAL FANTASY,212,212,6357.44
578083,Enduring Vitality (Showcase) (Fracture Foil),Duskmourn: House of Horror,28,28,6355.24
455838,Violent Outburst,Secret Lair Drop Series,79,125,6349.44
679113,"Shredder, Shadow Master (Borderless) (Surge Foil)",Commander: Teenage Mutant Ninja Turtles,56,56,6348.86
688903,Preordain (JP Alternate Art),Secrets of Strixhaven: Mystical Archive,429,488,6345.24
268342,Ledger Shredder,Streets of New Capenna,743,823,6345.08
557904,Encore Electromancer - Snapcaster Mage (Rainbow Foil),Secret Lair Drop Series,4,4,6343.16
286481,"Celestine, the Living Saint","Universes Beyond: Warhammer 40,000",227,231,6342.66
552652,Warren Soultrader (Borderless),Modern Horizons 3,196,199,6332.29
634962,"Seymour Guado - Kinnan, Bonder Prodigy (Showcase)",FINAL FANTASY: Through the Ages,288,290,6329.29
578973,Ondu Spiritdancer,Commander: Duskmourn: House of Horror,488,590,6329.07
6703,Snuff Out,Mercadian Masques,472,722,6322.0
517524,"Ojer Axonil, Deepest Might (Showcase)",The Lost Caverns of Ixalan,212,217,6314.88
238612,Arid Mesa (Extended Art),Modern Horizons 2,153,169,6312.19
221807,Polluted Delta,Zendikar Rising Expeditions,100,107,6310.02
631020,"Kefka, Court Mage (0398) (Borderless)",FINAL FANTASY,349,354,6302.35
630966,"Clive, Ifrit's Dominant (Borderless) (Surge Foil) (0530)",FINAL FANTASY,99,102,6293.9
518128,Nazgul (0728) (Showcase Scrolls),Universes Beyond: The Lord of the Rings: Tales of Middle-earth,72,73,6293.77
475522,"Elesh Norn, Mother of Machines (Borderless)",Phyrexia: All Will Be One,62,62,6291.95
503888,Archfiend of Despair,Commander Masters,246,260,6289.11
623871,Craterhoof Behemoth (Borderless),Tarkir: Dragonstorm,285,290,6285.48
3504,Dust to Dust,The Dark,354,714,6280.95
126214,Imperial Seal,Judge Promos,18,18,6277.2
630849,The Darkness Crystal (Borderless),FINAL FANTASY,509,517,6276.87
240038,Solitude (Borderless),Modern Horizons 2,108,139,6273.72
524311,Bonehoard Dracosaur,The Lost Caverns of Ixalan,426,435,6273.5
517257,"Minas Morgul, Dark Fortress (Borderless)",Commander: The Lord of the Rings: Tales of Middle-earth,344,348,6268.66
504045,Hammer of Nazahn,Commander Masters,398,404,6256.5
559624,Marrow-Gnawer (Borderless),Commander: Bloomburrow,229,232,6255.93
105018,Misty Rainforest,Zendikar Expeditions,21,21,6242.57
273015,Ancient Silver Dragon (Showcase),Commander Legends: Battle for Baldur's Gate,97,107,6241.21
233438,Chalice of the Void,Time Spiral: Remastered,170,293,6234.24
235660,Wandering Archaic,Strixhaven: School of Mages,590,606,6228.58
689541,Cauldron of Essence (Extended Art),Secrets of Strixhaven,991,1057,6227.62
144856,Primal Amulet,Ixalan,424,434,6226.01
518001,Nazgul (0724) (Showcase Scrolls),Universes Beyond: The Lord of the Rings: Tales of Middle-earth,72,73,6223.68
633071,"Princess Sarah - Azusa, Lost but Seeking (Showcase)",FINAL FANTASY: Through the Ages,416,424,6221.55
219022,Mana Echoes,Double Masters,108,109,6213.04
273121,Kindred Discovery,Commander Legends: Battle for Baldur's Gate,467,473,6208.73
578887,Overlord of the Balemurk (Showcase),Duskmourn: House of Horror,70,101,6203.95
642112,"Dawnsire, Sunstar Dreadnought",Edge of Eternities,1061,1148,6203.42
451908,Ashnod's Altar,The Brothers' War: Retro Frame Artifacts,367,371,6201.64
276341,Allosaurus Shepherd (Borderless),Double Masters 2022,99,99,6200.58
18055,Scapeshift,Morningtide,88,104,6199.93
541370,Teferi's Protection (1691) (Rainbow Foil),Secret Lair Drop Series,111,113,6197.96
552307,Pearl Medallion,Modern Horizons 3,1241,1312,6193.88
688217,Turbulent Fen (Extended Art),Commander: Secrets of Strixhaven,621,707,6191.73
479511,"Solphim, Mayhem Dominus (Showcase)",Phyrexia: All Will Be One,221,221,6190.92
625926,"Deadpool, Trading Card (1753) (Rainbow Foil)",Secret Lair Drop Series,337,348,6190.57
687409,Firemane Commando,Commander: Secrets of Strixhaven,1046,1892,6190.35
689394,Deflecting Palm,Secrets of Strixhaven: Mystical Archive,1432,1551,6186.45
614490,Full Throttle,Aetherdrift,1053,1137,6181.56
511865,"Gisela, the Broken Blade",Secret Lair Drop Series,87,87,6177.12
641793,Terrasymbiosis (Borderless),Edge of Eternities,443,460,6175.75
524416,Spelunking,The Lost Caverns of Ixalan,1327,1540,6173.81
558441,"Ygra, Eater of All",Bloomburrow,555,577,6164.38
656538,Demonic Tutor (Rainbow Foil),Secret Lair Drop Series,46,46,6162.47
116371,Cryptolith Rite,Shadows over Innistrad,661,720,6161.74
696411,Steelshaper's Gift (Borderless),Marvel Universe Eternal-Legal,757,797,6161.37
39595,Triumph of the Hordes,New Phyrexia,431,461,6161.0
589737,Counterspell (0002),Media Promos,76,80,6151.62
688228,Stensian Sanguinist (Extended Art),Commander: Secrets of Strixhaven,613,650,6142.54
553266,Arena of Glory (Borderless),Modern Horizons 3,305,329,6142.36
575047,Enduring Innocence,Duskmourn: House of Horror,1070,1269,6140.8
591298,Authority of the Consuls,Foundations,1198,1369,6136.84
259261,Hunger of the Ancient One - Exquisite Blood,Secret Lair Drop Series,120,124,6134.68
514501,The First Sliver,Secret Lair Drop Series,94,94,6133.75
526899,Roaming Throne,Promo Pack: The Lost Caverns of Ixalan,119,121,6131.45
668657,Command Tower,WPN & Gateway Promos,522,702,6131.02
451929,Aetherflux Reservoir,The Brothers' War: Retro Frame Artifacts,222,227,6130.72
697352,"Spider-Man, Web-Spinner",Commander: Marvel Super Heroes,240,245,6123.53
541306,Windswept Heath (Borderless),Modern Horizons 3,191,200,6118.3
686549,Grave Researcher (Extended Art),Secrets of Strixhaven,871,938,6115.27
279273,Mana Confluence,Secret Lair Drop Series,102,103,6112.82
276386,Teferi's Protection (Borderless),Double Masters 2022,127,128,6107.79
457259,Mystical Tutor (Borderless),Dominaria Remastered,331,339,6097.97
615058,Renewed Solidarity,Commander: Aetherdrift,793,972,6097.17
457199,Mystical Tutor,Dominaria Remastered,335,349,6095.8
212304,The Ozolith (Extended Art),Ikoria: Lair of Behemoths,80,80,6094.7
257680,Swamp (297) - JP Full Art,Kamigawa: Neon Dynasty,637,1218,6093.71
267059,Reflecting Pool,Commander Legends: Battle for Baldur's Gate,362,374,6092.13
495610,"Nissa, Resurgent Animist",March of the Machine: The Aftermath,227,230,6091.73
643702,Knuckles the Echidna (Rainbow Foil),Secret Lair Drop Series,324,364,6084.63
633149,Aettir and Priwen (Borderless),FINAL FANTASY,402,407,6083.12
518152,Nazgul (0726) (Showcase Scrolls),Universes Beyond: The Lord of the Rings: Tales of Middle-earth,64,65,6081.73
175205,Watery Grave,Guilds of Ravnica,508,548,6080.99
191131,"Yawgmoth, Thran Physician",Modern Horizons,173,174,6080.91
499611,Reanimate,Commander: The Lord of the Rings: Tales of Middle-earth,662,733,6080.61
638067,Gilded Lotus (Rainbow Foil) (909),Secret Lair Drop Series,119,143,6076.74
239611,Sword of Hearth and Home,Modern Horizons 2,324,334,6076.46
456592,Megatron - Blightsteel Colossus,Secret Lair Drop Series,121,122,6075.38
662027,Krark-Clan Ironworks,Secret Lair Countdown Kit,388,392,6073.9
191050,Sword of Truth and Justice,Modern Horizons,180,180,6072.63
461900,Gamble,Dominaria Remastered,376,387,6070.86
276897,City of Brass (Borderless),Double Masters 2022,153,160,6067.53
11660,Trinisphere,Darksteel,160,197,6064.02
686587,Island (0268),Secrets of Strixhaven,2281,6735,6060.97
651364,Spectacular Spider-Man (0236) (Borderless) (Textured Foil),Marvel's Spider-Man,20,21,6060.11
545126,Molten Duplication,Outlaws of Thunder Junction: The Big Score,426,430,6059.98
496052,"Zhulodok, Void Gorger (Extended Art)",Commander Masters,105,109,6053.07
499395,"The Dead Marshes - Urborg, Tomb of Yawgmoth (Borderless) (Surge Foil)",Commander: The Lord of the Rings: Tales of Middle-earth,18,18,6052.76
574873,"Minsc & Boo, Timeless Heroes (Rainbow Foil)",Secret Lair Drop Series,11,11,6052.3
12093,"Minamo, School at Water's Edge",Champions of Kamigawa,102,105,6052.04
126488,Heroic Intervention,Aether Revolt,413,429,6047.4
276940,Concordant Crossroads (Borderless),Double Masters 2022,176,178,6045.43
506749,Darksteel Monolith,Commander Masters,260,264,6039.95
185032,Rhystic Study,Judge Promos,25,25,6037.95
541305,Windswept Heath (Retro Frame),Modern Horizons 3,129,163,6037.94
559733,Pollywog Prodigy,Commander: Bloomburrow,765,1032,6026.96
696244,Doctor Doom (Borderless) (0336),Marvel Super Heroes,332,337,6020.81
687465,Unbound Flourishing,Commander: Secrets of Strixhaven,1088,1671,6012.89
239621,Force of Negation (Retro Frame),Modern Horizons,41,49,6009.43
161430,Red Elemental Blast,Masters 25,247,295,6006.93
643665,Strip Mine (0040) (Borderless),Edge of Eternities: Stellar Sights,267,267,6005.92
662418,"Joo Dee, Public Servant - Sakashima of a Thousand Faces (Borderless)",Avatar: The Last Airbender: Eternal-Legal,326,331,6005.87
496153,Delighted Halfling (Borderless),Universes Beyond: The Lord of the Rings: Tales of Middle-earth,188,203,6005.87
448626,Animate Dead,Judge Promos,84,86,6000.51
687578,War Room,Commander: Secrets of Strixhaven,1341,2134,6000.44
35651,Pyretic Ritual,Magic 2011 (M11),741,925,6000.34
5333,Dream Halls,Stronghold,152,178,5999.76
135017,Solemnity,Hour of Devastation,532,551,5988.83
633118,The Wind Crystal (Borderless),FINAL FANTASY,469,487,5983.12
589452,Mossborn Hydra (Borderless),Foundations,270,285,5981.84
262885,Anointed Procession,The List Reprints,96,96,5978.8
512663,Impact Tremors,Wilds of Eldraine: Enchanting Tales,1467,1615,5978.0
455023,"Zask, Skittering Swarmlord",Jumpstart 2022,188,188,5977.42
175196,Overgrown Tomb,Guilds of Ravnica,506,573,5973.7
649653,The Ur-Dragon (Future Sight),MagicFest Cards,159,175,5973.39
697205,Multiversal Recruitment,Commander: Marvel Super Heroes,588,635,5965.6
139800,The Ur-Dragon,Commander 2017,178,179,5961.05
212695,Raugrin Triome,Ikoria: Lair of Behemoths,356,368,5955.84
265351,Ziatora's Proving Ground,Streets of New Capenna,494,518,5946.99
233786,Pact of Negation,Time Spiral: Remastered,273,291,5946.62
687592,Coastal Peak,Commander: Secrets of Strixhaven,701,1317,5939.61
548628,Ugin's Labyrinth (Borderless),Modern Horizons 3,230,277,5938.05
518101,Nazgul (0551) (Showcase Scrolls),Universes Beyond: The Lord of the Rings: Tales of Middle-earth,63,63,5936.06
230163,"Esika, God of the Tree",Kaldheim,287,301,5934.27
245173,Bolas's Citadel (Retro Frame),WPN & Gateway Promos,550,591,5933.02
499597,Relic of Sauron,Commander: The Lord of the Rings: Tales of Middle-earth,611,768,5925.68
671244,"Selvala, Heart of the Wilds",Commander: Lorwyn Eclipsed,1305,1728,5925.43
558591,Sword of Fire and Ice (Borderless),Special Guests,122,122,5923.62
631025,"Yuna, Hope of Spira (Borderless)",FINAL FANTASY,303,306,5923.11
119260,"Emrakul, the Promised End",Eldritch Moon,300,330,5915.73
688219,Turbulent Moor (Extended Art),Commander: Secrets of Strixhaven,661,730,5914.29
238613,Marsh Flats (Extended Art),Modern Horizons 2,157,168,5912.16
689148,Angel's Grace,Secrets of Strixhaven: Mystical Archive,1390,1529,5905.77
662089,Wasteland,Secret Lair Countdown Kit,296,395,5903.85
686590,Mountain (0270),Secrets of Strixhaven,2306,6904,5899.98
4819,Necropotence,Ice Age,140,147,5898.37
229255,"Halvar, God of Battle (Showcase)",Kaldheim,196,196,5889.06
651851,Impostor Syndrome,Marvel's Spider-Man,810,849,5884.84
686652,Talisman of Conviction (Borderless),Commander: Secrets of Strixhaven,618,670,5883.56
630969,Fire Magic,FINAL FANTASY,1078,1642,5878.4
243389,Teleportation Circle,Adventures in the Forgotten Realms,594,609,5875.03
615224,Academy Ruins,Commander: Aetherdrift,1081,1183,5869.39
688479,Traumatic Critique,Secrets of Strixhaven,1868,2887,5855.4
276322,Allosaurus Shepherd,Double Masters 2022,114,115,5854.86
530802,Cyclonic Rift (Anime Borderless),Ravnica Remastered,85,99,5853.82
624014,Craterhoof Behemoth (Showcase),Tarkir: Dragonstorm,109,116,5846.64
4374,Plaguebearer,Exodus,126,171,5844.17
5159,Mystical Tutor,Mirage,341,359,5834.62
480502,"Azusa, Lost but Seeking",Secret Lair Drop Series,74,79,5832.71
560006,Scurry of Squirrels,Commander: Bloomburrow,1072,2362,5824.72
558448,Three Tree City (Borderless) (0340),Bloomburrow,98,98,5824.01
558586,"Alania, Divergent Storm (Borderless) (Raised Foil)",Bloomburrow,33,33,5821.59
6820,Claws of Gix,Urza's Saga,250,394,5821.28
273294,Breath Weapon,Commander Legends: Battle for Baldur's Gate,800,1339,5818.21
687595,Eclipsed Steppe,Commander: Secrets of Strixhaven,1229,1751,5813.76
455837,Lord Windgrace,Secret Lair Drop Series,57,57,5807.42
191349,Hall of Heliod's Generosity,Modern Horizons,457,479,5806.68
532954,Raucous Theater (Borderless),Murders at Karlov Manor,284,295,5803.18
591210,Swiftfoot Boots,Foundations,1698,2089,5801.09
688928,Return the Favor,Secrets of Strixhaven: Mystical Archive,3261,4947,5798.26
142005,Herald of Secret Streams,Ixalan,838,1027,5796.56
79620,Necropotence,Deckmasters Garfield vs Finkel,47,47,5796.56
221884,"Ashaya, Soul of the Wild",Zendikar Rising,341,345,5792.08
673630,Dark Leo & Shredder,Teenage Mutant Ninja Turtles,865,925,5789.91
674662,Mothman Egg - Mesmeric Orb,Secret Lair Drop Series,360,384,5788.41
18661,Helm of the Ghastlord,Shadowmoor,682,707,5787.54
673569,"Michelangelo, Weirdness to 11",Teenage Mutant Ninja Turtles,1304,1446,5785.97
498829,Morgul-Knife - Shadowspear (Borderless) (Surge Foil),Commander: The Lord of the Rings: Tales of Middle-earth,32,32,5783.48
503556,Heroic Intervention,Commander Masters,374,410,5782.0
6787,Argothian Enchantress,Urza's Saga,80,95,5781.97
239399,Force of Negation (Retro Frame) (Foil Etched),Modern Horizons,75,91,5777.58
644287,Icetill Explorer (Extended Art),Edge of Eternities,221,240,5773.87
221811,Marsh Flats,Zendikar Rising Expeditions,105,117,5772.16
558589,"Jace, the Mind Sculptor (Borderless) (Raised Foil)",Commander: Bloomburrow,14,14,5763.27
457202,Entomb (Borderless),Dominaria Remastered,356,361,5762.75
532976,Hedge Maze (Borderless),Murders at Karlov Manor,261,276,5761.17
617984,"Veyran, Voice of Duality (Rainbow Foil)",Secret Lair Drop Series,76,76,5760.95
633123,The Water Crystal,FINAL FANTASY,1388,1512,5760.64
10758,Graveborn Muse,Legions,208,328,5756.97
688840,Armageddon (JP Alternate Art) (Silver Scroll Foil),Secrets of Strixhaven: Mystical Archive,104,104,5754.34
212623,"Kinnan, Bonder Prodigy",Ikoria: Lair of Behemoths,353,364,5749.95
631209,Darksteel Plate,Commander: FINAL FANTASY,1139,1278,5747.09
452700,"Myrel, Shield of Argive",The Brothers' War,302,307,5741.41
3068,Seeker of Skybreak,7th Edition,530,1084,5739.05
504554,Flawless Maneuver,Commander Masters,256,264,5738.51
488278,Sol Ring,Commander: The Lord of the Rings: Tales of Middle-earth,1706,2787,5738.3
577808,"Ashaya, Soul of the Wild",Commander: Duskmourn: House of Horror,353,379,5736.47
559736,Sol Ring,Commander: Bloomburrow,1420,2321,5735.37
524252,Underworld Breach (Borderless),Special Guests,142,142,5734.12
623900,Mountain (0290),Tarkir: Dragonstorm,242,315,5733.16
11802,Grinding Station,Fifth Dawn,268,282,5732.21
239186,Verdant Catacombs (Retro Frame),Modern Horizons 2,119,142,5730.6
66415,Hallowed Fountain,Return to Ravnica,585,697,5730.23
645290,Chaos Emerald - Lotus Petal (7031),Secret Lair Drop Series,24,24,5728.03
631136,Professional Face-Breaker,Commander: FINAL FANTASY,1017,1112,5726.37
11808,Krark-Clan Ironworks,Fifth Dawn,307,317,5720.74
687513,Goldvein Hydra,Commander: Secrets of Strixhaven,1210,1607,5717.66
588098,"Liliana, Dreadhorde General",Foundations,714,742,5710.37
6341,Memory Jar,Urza's Legacy,152,157,5706.13
524273,"Pantlaza, Sun-Favored (Borderless)",Commander: The Lost Caverns of Ixalan,254,256,5704.28
207337,Path to Exile,MagicFest Cards,523,610,5701.91
236401,Stinging Study,Commander 2021,298,315,5700.87
221808,Bloodstained Mire,Zendikar Rising Expeditions,102,113,5698.14
688474,Gilded Lotus,WPN & Gateway Promos,393,679,5695.38
687590,Currency Converter,Commander: Secrets of Strixhaven,1072,1907,5692.75
630905,Wastes,FINAL FANTASY,1321,4073,5691.43
475560,Forest (Phyrexian) - Full Art (Oil Slick Raised Foil),Phyrexia: All Will Be One,296,756,5686.38
222160,Sea Gate Restoration (Extended Art),Zendikar Rising,115,117,5684.22
526216,Akroma's Will,Commander: The Lost Caverns of Ixalan,382,385,5681.74
576519,Gloomlake Verge (Borderless),Duskmourn: House of Horror,315,346,5675.4
631576,Rise of the Dark Realms,Commander: FINAL FANTASY,1222,1491,5669.82
532951,Shadowy Backstreet (Borderless),Murders at Karlov Manor,273,278,5668.76
648689,"Katara, Waterbending Master",Avatar: The Last Airbender: Eternal-Legal,439,529,5663.44
541326,Cover of Darkness,Universes Beyond: Assassin's Creed,684,704,5661.59
221813,Verdant Catacombs,Zendikar Rising Expeditions,92,99,5660.48
630946,Traveling Chocobo (Borderless) (Neon Ink Yellow),FINAL FANTASY,3,3,5659.99
688226,Turbulent Wilderness (Extended Art),Commander: Secrets of Strixhaven,612,691,5659.4
575076,"Kaito, Bane of Nightmares",Duskmourn: House of Horror,365,426,5657.5
552708,Shifting Woodland (Borderless),Modern Horizons 3,406,427,5655.16
6445,Brainstorm,Mercadian Masques,225,397,5647.14
518091,Nazgul (0727) (Showcase Scrolls),Universes Beyond: The Lord of the Rings: Tales of Middle-earth,71,74,5646.96
623960,"Elspeth, Storm Slayer (Showcase)",Tarkir: Dragonstorm,70,72,5644.88
688835,Akroma's Will (JP Alternate Art),Secrets of Strixhaven: Mystical Archive,260,263,5644.09
82887,Exploration,Conspiracy,162,168,5634.88
641774,Sacred Foundry (Borderless),Edge of Eternities,425,463,5630.25
457275,Worldly Tutor (Retro Frame),Dominaria Remastered,213,223,5626.23
267068,Morphic Pool (Extended Art),Commander Legends: Battle for Baldur's Gate,164,167,5622.43
478283,"Mondrak, Glory Dominus (Oil Slick Raised Foil)",Phyrexia: All Will Be One,62,62,5620.95
698225,Bountiful Promenade,Commander: Marvel Super Heroes,517,800,5596.37
110733,Mana Confluence,Zendikar Expeditions,29,31,5594.12
39596,Unwinding Clock,New Phyrexia,272,282,5592.18
697454,Spectator Seating,Commander: Marvel Super Heroes,558,832,5590.68
552383,Sapphire Medallion (Borderless),Modern Horizons 3,358,366,5588.98
218862,Stoneforge Mystic (Borderless),Double Masters,97,110,5588.23
1938,Strip Mine,Fourth Edition,354,374,5587.88
275183,Old Gnawbone,The List Reprints,107,109,5586.06
505829,Training Center,Commander Masters,331,338,5579.02
205260,"Arahbo, Roar of the World",Secret Lair Drop Series,86,87,5578.23
671070,Bloom Tender (0324) (Showcase),Lorwyn Eclipsed,362,373,5576.57
503225,An Offer You Can't Refuse,Secret Lair Showdown,357,373,5575.93
624738,Nature's Rhythm,Tarkir: Dragonstorm,906,1062,5575.47
7036,Show and Tell,Urza's Saga,70,102,5573.04
552351,Kaalia of the Vast (0343) (Borderless),Modern Horizons 3,103,103,5572.57
697319,"Karolina Dean, Runaway",Commander: Marvel Super Heroes,446,455,5566.15
224287,"Rick, Steadfast Leader",Secret Lair Drop Series,114,115,5564.32
475563,Island (Phyrexian) - Full Art (Oil Slick Raised Foil),Phyrexia: All Will Be One,325,658,5564.05
238616,Verdant Catacombs (Extended Art),Modern Horizons 2,152,162,5560.62
518064,Nazgul (0723) (Showcase Scrolls),Universes Beyond: The Lord of the Rings: Tales of Middle-earth,51,51,5555.6
12437,Freed from the Real,Saviors of Kamigawa,719,766,5555.52
645294,Chaos Emerald - Lotus Petal (7035),Secret Lair Drop Series,37,37,5554.78
651376,Heroic Intervention (Borderless),Marvel Universe Eternal-Legal,351,360,5550.88
66412,Blood Crypt,Return to Ravnica,448,520,5550.63
5802,Anvil of Bogardan,Visions,124,137,5548.17
544888,Reanimate,Outlaws of Thunder Junction: Breaking News,597,632,5542.76
693226,Mountain (2418),Secret Lair Drop Series,295,701,5541.25
641771,Breeding Pool (Borderless),Edge of Eternities,396,417,5536.19
512238,"Alela, Cunning Conqueror",Commander: Wilds of Eldraine,382,394,5534.91
552583,Sundering Eruption,Modern Horizons 3,1875,3207,5532.86
4351,Mind Over Matter,Exodus,129,137,5531.92
688516,Mana Sculpt,Secrets of Strixhaven,2525,3456,5531.57
532973,Elegant Parlor (Borderless),Murders at Karlov Manor,287,313,5527.47
688917,Pyretic Ritual (JP Alternate Art),Secrets of Strixhaven: Mystical Archive,439,465,5523.74
578052,Abhorrent Oculus (Borderless),Duskmourn: House of Horror,250,328,5518.86
218965,Sword of Feast and Famine (Borderless),Double Masters,55,55,5508.23
453145,Urza's Workshop (Extended Art),Commander: The Brothers' War,299,319,5507.64
203005,Mana Crypt,The List Reprints,118,135,5504.09
660653,Planetarium of Wan Shi Tong,Avatar: The Last Airbender,858,916,5501.1
488303,Sol Ring - Dwarven (0409) (Serial Numbered),Commander: The Lord of the Rings: Tales of Middle-earth,2,2,5500.0
66417,Overgrown Tomb,Return to Ravnica,507,575,5499.41
240149,Strike It Rich,Modern Horizons 2,1405,1961,5496.77
696487,"Daredevil, Man Without Fear (Borderless) (0372)",Marvel Super Heroes,790,818,5496.11
276259,"Kozilek, Butcher of Truth",Double Masters 2022,121,121,5494.38
631256,Snuff Out,Commander: FINAL FANTASY,635,965,5493.4
662551,The Legend of Kyoshi,Avatar: The Last Airbender,869,929,5491.27
671890,Moonshadow (0396) (Showcase) (Fracture Foil),Lorwyn Eclipsed,35,37,5488.22
687525,Kami of Whispered Hopes,Commander: Secrets of Strixhaven,1338,1864,5485.41
563314,Cabal Coffers (White Border),Mystery Booster 2,241,256,5483.66
210357,"Minamo, School at Water's Edge",The List Reprints,106,106,5482.93
222030,Shatterskull Smashing,Zendikar Rising,547,628,5480.23
575069,Razorkin Needlehead,Duskmourn: House of Horror,901,970,5477.64
491202,Sheoldred,March of the Machine,302,302,5477.24
646613,"Doctor Octopus, Master Planner",Marvel's Spider-Man,1176,1349,5476.36
688691,Mind into Matter,Secrets of Strixhaven,1659,2341,5475.8
5890,Necromancy,Visions,327,337,5475.24
688873,Feed the Swarm,Secrets of Strixhaven: Mystical Archive,2395,3547,5470.16
696250,Dark Ritual,Commander: Marvel Super Heroes,408,433,5467.01
458224,Snap,Dominaria Remastered,1330,1594,5464.21
234216,Sliver Legion,Time Spiral: Remastered,128,132,5463.63
552334,Solitude (Retro Frame),Modern Horizons 2,95,114,5461.54
697486,Path to Exile (Borderless) (0047),Marvel Universe Eternal-Legal,729,762,5459.4
646522,"Anti-Venom, Horrifying Healer",Marvel's Spider-Man,876,994,5457.45
513295,"Greymond, Avacyn's Stalwart",SLX Cards,83,83,5453.9
688900,Preordain,Secrets of Strixhaven: Mystical Archive,1163,1377,5452.95
642114,Cosmogrand Zenith,Edge of Eternities,759,931,5452.47
544486,"Kambal, Profiteering Mayor",Outlaws of Thunder Junction,863,964,5451.62
677493,"Klauth, Unrivaled Ancient",Secret Lair Drop Series,213,232,5450.46
696578,"Storm, Windrider (Borderless)",Marvel Super Heroes,1253,1329,5449.61
10170,Prismatic Strands,Judgment,388,799,5446.44
563127,Pyroblast (Future Sight),Mystery Booster 2,232,262,5441.44
591057,Boros Charm,Foundations,879,1177,5440.01
105554,Polluted Delta,Zendikar Expeditions,11,11,5439.67
645293,Chaos Emerald - Lotus Petal (7034),Secret Lair Drop Series,27,27,5436.52
688897,Culling the Weak (JP Alternate Art),Secrets of Strixhaven: Mystical Archive,411,424,5427.03
11311,Vault of Whispers,Mirrodin,833,1450,5426.46
686570,Reprieve (JP Alternate Art) (Silver Scroll Foil),Secrets of Strixhaven: Mystical Archive,174,178,5416.52
235245,Dark Ritual,Strixhaven: Mystical Archive,367,388,5413.77
4639,Dance of the Dead,Ice Age,392,420,5410.95
641867,Mana Confluence (0160) (Borderless) (Galaxy Foil),Edge of Eternities: Stellar Sights,15,15,5405.44
588064,Adamantium Bonding Tank - The Ozolith,Secret Lair Drop Series,77,78,5404.54
617854,"Miku, Font of Pop - Giada, Font of Hope (Rainbow Foil)",Secret Lair Drop Series,193,236,5403.17
577863,Giggling Skitterspike,Commander: Duskmourn: House of Horror,412,436,5397.81
518159,Dawn of a New Age (Borderless Poster),Universes Beyond: The Lord of the Rings: Tales of Middle-earth,120,129,5395.73
633128,Darkness of Eternity - Dark Ritual (Showcase),FINAL FANTASY: Through the Ages,354,364,5394.02
182831,Hallowed Fountain,Ravnica Allegiance,555,625,5392.68
624504,Colossal Grave-Reaver,Commander: Tarkir: Dragonstorm,573,591,5392.3
624015,Craterhoof Behemoth (Showcase) (Halo Foil),Tarkir: Dragonstorm,23,23,5392.05
668491,Heroic Intervention (0080) (Borderless),Marvel Universe Eternal-Legal,667,738,5391.52
1898,Red Elemental Blast,Fourth Edition,713,1280,5390.15
553171,Eldrazi Confluence,Commander: Modern Horizons 3,449,501,5389.58
222131,Scute Swarm,Zendikar Rising,691,741,5389.14
590506,Kodama of the West Tree (Anime),Foundations Jumpstart,291,307,5387.57
641772,Godless Shrine (Borderless),Edge of Eternities,408,437,5384.28
518018,Nazgul (0729) (Showcase Scrolls),Universes Beyond: The Lord of the Rings: Tales of Middle-earth,70,71,5384.23
631045,"Emet-Selch, Unsundered (Borderless) (Surge Foil)",FINAL FANTASY,88,92,5383.19
276439,Grand Arbiter Augustin IV,Double Masters 2022,299,321,5382.63
262222,Fable of the Mirror-Breaker,Kamigawa: Neon Dynasty,626,763,5381.09
206025,Mountain,Theros Beyond Death,811,3117,5377.95
203134,"Animar, Soul of Elements",The List Reprints,152,164,5377.77
499595,The Black Gate,Commander: The Lord of the Rings: Tales of Middle-earth,575,621,5376.62
649636,Sliver Legion (1310) (Rainbow Foil),Secret Lair Drop Series,154,156,5374.56
176839,Mnemonic Betrayal,Guilds of Ravnica,398,406,5369.34
10856,Brain Freeze,Scourge,185,275,5368.52
236115,Thousand-Year Elixir,Commander 2021,366,373,5367.03
119687,"Gisela, the Broken Blade",Eldritch Moon,249,253,5364.24
498305,"Boromir, Warden of the Tower",Universes Beyond: The Lord of the Rings: Tales of Middle-earth,862,979,5362.9
555790,"Caduceus, Staff of Hermes",Universes Beyond: Assassin's Creed,778,874,5362.87
631050,"Squall, SeeD Mercenary (Borderless) (Surge Foil)",FINAL FANTASY,98,98,5362.25
39521,Gitaxian Probe,New Phyrexia,1140,1300,5360.92
662109,Earthbender Ascension,Avatar: The Last Airbender,1283,1662,5360.59
545971,"Bristly Bill, Spine Sower",Promo Pack: Outlaws of Thunder Junction,127,130,5359.85
239444,"Chatterfang, Squirrel General",Modern Horizons 2,596,644,5357.8
205256,The Ur-Dragon,Secret Lair Drop Series,89,89,5356.16
262439,"Boseiju, Who Endures (Extended Art)",Kamigawa: Neon Dynasty,91,92,5355.37
3951,Mana Drain,Legends,33,33,5353.85
286553,Reaver Titan,"Universes Beyond: Warhammer 40,000",236,238,5343.53
696418,Fiery Emancipation (Borderless),Marvel Universe Eternal-Legal,745,809,5341.28
545129,Generous Plunderer,Outlaws of Thunder Junction: The Big Score,406,420,5336.79
590828,An Offer You Can't Refuse,Foundations,1998,2327,5325.86
660551,The Legend of Roku (Borderless),Avatar: The Last Airbender,313,330,5325.51
552347,Pearl Medallion (Borderless),Modern Horizons 3,373,380,5321.73
615183,Lightning Greaves,Commander: Aetherdrift,1011,1199,5319.68
697290,Loki's Scepter,Commander: Marvel Super Heroes,645,780,5318.27
671889,Moonshadow (0386) (Showcase),Lorwyn Eclipsed,132,159,5315.79
638804,"Torgal, Clive's Companion - Yoshimaru, Ever Faithful (MagicCon: Las Vegas 2025)",MagicFest Cards,105,112,5312.62
687400,Drumbellower,Commander: Secrets of Strixhaven,1276,1925,5306.91
243382,Unexpected Windfall,Adventures in the Forgotten Realms,1591,1793,5305.2
693225,Sol Ring (2417),Secret Lair Drop Series,91,95,5304.35
591770,Blasphemous Edict,Foundations,1071,1224,5302.66
608001,Terror of the Peaks,Unique and Miscellaneous Promos,55,56,5298.56
517251,"Anduril, Narsil Reforged (Borderless)",Commander: The Lord of the Rings: Tales of Middle-earth,398,403,5297.66
11645,Panoptic Mirror,Darksteel,235,246,5296.27
2844,Caltrops,7th Edition,433,483,5294.67
524257,Amulet of Vigor (Borderless),Commander: The Lost Caverns of Ixalan,64,64,5294.46
93033,Stubborn Denial,Khans of Tarkir,981,1306,5292.39
552728,Toxic Deluge,Modern Horizons 3,870,960,5291.67
279245,Smothering Tithe,Judge Promos,47,47,5290.84
553186,Scute Swarm,Commander: Modern Horizons 3,656,722,5290.51
670971,Vibrance,Lorwyn Eclipsed,836,1100,5289.38
498461,Barrow-Downs - Bojuka Bog (Borderless),Commander: The Lord of the Rings: Tales of Middle-earth,159,161,5285.69
559141,Mockingbird,Bloomburrow,983,1157,5284.65
512373,Defense of the Heart,Wilds of Eldraine: Enchanting Tales,191,191,5281.64
578884,Overlord of the Balemurk (Showcase) (Fracture Foil),Duskmourn: House of Horror,14,23,5277.91
247841,"Wilhelt, the Rotcleaver",Commander: Innistrad: Midnight Hunt,498,538,5277.08
4043,The Abyss,Legends,10,10,5276.78
618860,Jumbo Cactuar (Borderless),FINAL FANTASY,451,471,5276.68
632697,Nibelheim Aflame (Borderless),FINAL FANTASY,304,312,5272.84
695514,Warstorm Surge,Media Promos,298,434,5270.75
512615,Parallel Lives (Anime Borderless),Wilds of Eldraine: Enchanting Tales,109,111,5266.47
588012,Commander's Plate (1733),Secret Lair Drop Series,120,122,5262.92
518020,Nazgul (0730) (Showcase Scrolls),Universes Beyond: The Lord of the Rings: Tales of Middle-earth,71,71,5262.84
82619,Force of Will,Judge Promos,12,12,5261.42
491273,Urabrask (Showcase),March of the Machine,284,284,5261.31
693229,Mountain (2420),Secret Lair Drop Series,292,734,5260.66
218287,Urza's Tower (Borderless),Double Masters,109,126,5260.33
565195,Exquisite Blood (Rainbow Foil),Secret Lair Drop Series,120,123,5259.91
689160,"Arnyn, Deathbloom Botanist",Secrets of Strixhaven,1796,2479,5257.41
5954,Vampiric Tutor,Visions,81,81,5256.05
561142,Hazel of the Rootbloom (Borderless) (Raised Foil),Commander: Bloomburrow,11,11,5254.73
632059,Vincent Valentine (Borderless) (Surge Foil),FINAL FANTASY,137,138,5253.8
688478,Resonating Lute (Extended Art),Secrets of Strixhaven,846,924,5251.99
662034,Llanowar Elves,Secret Lair Countdown Kit,259,298,5250.14
668490,Heroic Intervention (0079) (Borderless),Marvel Universe Eternal-Legal,688,761,5249.91
15569,Merrow Commerce,Lorwyn,380,391,5247.64
645295,Chaos Emerald - Lotus Petal (7036),Secret Lair Drop Series,31,31,5245.22
118457,Argothian Enchantress,Eternal Masters,81,82,5244.36
1571,Sol Ring,Revised Edition,335,389,5243.75
206936,Dryad of the Ilysian Grove,Theros Beyond Death,539,574,5243.52
216346,"Muxus, Goblin Grandee",Jumpstart,361,389,5241.74
70993,Thoughtseize,Theros,469,772,5238.43
126443,Walking Ballista,Aether Revolt,457,507,5238.4
513747,Retether,Commander: Wilds of Eldraine,251,251,5235.6
27091,Crumbling Ashes,Eventide,175,176,5233.62
643638,Ancient Tomb (0136) (Borderless) (Galaxy Foil),Edge of Eternities: Stellar Sights,11,11,5233.49
129733,Nest of Scarabs,Amonkhet,847,949,5228.43
6215,Opalescence,Urza's Destiny,100,137,5227.15
638514,"Squall, SeeD Mercenary",Standard Showdown Promos,183,200,5226.32
452353,Portal to Phyrexia (Extended Art),The Brothers' War,104,106,5225.76
547733,Mana Vault (Rainbow Foil),Secret Lair Drop Series,3,3,5216.77
93190,Altar of the Brood,Khans of Tarkir,606,628,5216.74
513585,Leyline of Anticipation,Wilds of Eldraine: Enchanting Tales,582,600,5216.4
688682,Emeritus of Abundance (Extended Art),Secrets of Strixhaven,486,515,5216.07
233776,Ponder,Time Spiral: Remastered,91,125,5215.64
674680,Sunset Sarsaparilla Machine - Nuka-Cola Vending Machine,Secret Lair Drop Series,214,230,5212.4
670995,Dolmen Gate (Borderless),Special Guests,177,180,5211.02
686591,Forest (0271),Secrets of Strixhaven,2249,6556,5210.46
58167,"Avacyn, Angel of Hope",Avacyn Restored,140,145,5204.5
648664,"Aang, Airbending Master",Avatar: The Last Airbender: Eternal-Legal,470,483,5204.27
563201,Mindbreak Trap (Future Sight),Mystery Booster 2,269,319,5199.81
218611,Sword of Fire and Ice,Double Masters,107,107,5199.76
649608,"Bumi, Eclectic Earthbender",Avatar: The Last Airbender: Eternal-Legal,519,527,5199.68
226861,"Ardenn, Intrepid Archaeologist",Commander Legends,1052,1131,5198.81
588051,"Wolverine, Best There Is",Secret Lair Drop Series,106,132,5194.06
122847,Chrome Mox,Masterpiece Series: Kaladesh Inventions,6,6,5191.98
625055,Kaalia of the Vast (Rainbow Foil),Secret Lair Drop Series,41,41,5186.02
552857,"Ashling, Flame Dancer",Modern Horizons 3,875,918,5184.7
696467,Super-Soldier Serum,Marvel Super Heroes,1851,3353,5183.1
689060,"Blech, Loafing Pest (Borderless)",Secrets of Strixhaven,1298,1386,5182.61
662064,Sol Ring,Secret Lair Countdown Kit,255,280,5177.41
524345,Forest,Universes Beyond: Jurassic World Collection,324,544,5173.84
33464,"Valakut, the Molten Pinnacle",Zendikar,293,323,5171.7
164411,City of Traitors - 1999 Kai Budde (EXO),World Championship Decks,76,116,5170.12
563228,Grinding Station (Future Sight),Mystery Booster 2,245,263,5164.87
563068,City of Brass (Future Sight),Mystery Booster 2,187,212,5164.75
235876,Dragon's Approach,Strixhaven: School of Mages,616,1853,5164.28
533427,"Delney, Streetwise Lookout (Showcase)",Murders at Karlov Manor,130,131,5163.26
226624,Fyndhorn Elves,Commander Legends,1264,1599,5160.91
517882,"Buttercup, Provincial Princess - Sisay, Weatherlight Captain",Secret Lair Drop Series,65,65,5158.43
614435,Willowrush Verge,Aetherdrift,599,650,5151.18
687596,Scorched Geyser,Commander: Secrets of Strixhaven,1200,1680,5151.04
9003,Chaos Orb,Unlimited Edition,5,5,5149.28
578912,Persistent Constrictor,Commander: Duskmourn: House of Horror,343,365,5149.19
631097,Champions from Beyond,Commander: FINAL FANTASY,991,2052,5146.1
645296,Chaos Emerald - Lotus Petal (7037),Secret Lair Drop Series,32,32,5142.32
688221,Turbulent Springs (Extended Art),Commander: Secrets of Strixhaven,615,711,5139.12
587975,Earth's Mightiest Emblem - Arcane Signet (Rainbow Foil),Secret Lair Drop Series,172,185,5125.33
118421,Sensei's Divining Top,Eternal Masters,115,118,5115.84
545125,Fomori Vault,Outlaws of Thunder Junction: The Big Score,434,447,5115.25
210402,Amulet of Vigor,The List Reprints,98,103,5111.48
212061,"Godzilla, Doom Inevitable - Yidaro, Wandering Monster",Ikoria: Lair of Behemoths,195,204,5111.38
552630,Emperor of Bones,Modern Horizons 3,1001,1872,5107.73
578877,Sheltered by Ghosts,Duskmourn: House of Horror,1271,2245,5107.1
696298,The Scarlet Witch,Marvel Super Heroes,2030,2758,5105.55
257020,Steam Vents (Borderless),Unfinity,126,144,5098.92
215343,"Azusa, Lost but Seeking",Core Set 2021,427,433,5093.19
8052,Yavimaya Coast,Apocalypse,89,137,5090.19
540931,Power Fist,Universes Beyond: Fallout,374,385,5089.72
687344,Expansion Algorithm,Commander: Secrets of Strixhaven,1060,1515,5087.56
39423,Praetor's Grasp,New Phyrexia,347,357,5086.2
503577,Grand Abolisher,Commander Masters,294,295,5084.19
697134,"Hyperion, Supreme Hero",Commander: Marvel Super Heroes,468,475,5083.74
615620,Bone Miser (Borderless),Special Guests,188,189,5081.95
671180,Abundant Countryside,Commander: Lorwyn Eclipsed,697,1525,5081.9
240047,Academy Manufactor,Modern Horizons 2,723,770,5080.01
190880,Force of Despair,Modern Horizons,516,670,5079.37
239837,Zuran Orb,Modern Horizons 2,1406,1601,5078.37
562494,"Urza, Lord High Artificer (Future Sight)",Mystery Booster 2,21,21,5077.55
11465,Chalice of the Void,Mirrodin,216,295,5077.01
518161,Shadow of the Enemy (Borderless Poster),Universes Beyond: The Lord of the Rings: Tales of Middle-earth,105,111,5073.41
559038,Dawn's Truce (Showcase),Bloomburrow,352,364,5072.02
262458,"Light-Paws, Emperor's Voice",Kamigawa: Neon Dynasty,731,838,5070.58
499221,Entish Restoration,Universes Beyond: The Lord of the Rings: Tales of Middle-earth,1395,1507,5069.82
696267,"Captain Marvel, Earth's Protector (Borderless) (0354)",Marvel Super Heroes,383,387,5068.71
182836,Godless Shrine,Ravnica Allegiance,460,491,5066.77
514318,Agatha's Soul Cauldron,Promo Pack: Wilds of Eldraine,143,145,5063.55
679067,"Leonardo, Cutting Edge (Showcase) (Fracture Foil)",Teenage Mutant Ninja Turtles,47,48,5062.78
589357,"Niv-Mizzet, Visionary",Foundations,690,745,5058.87
614391,Chrome Mox (Borderless) (First-Place Foil),Special Guests,10,10,5057.97
180823,Disrupting Shoal,Ultimate Masters,302,417,5057.78
504531,Grave Pact (Borderless),Commander Masters,140,142,5055.84
698056,Skullclamp,Commander: Marvel Super Heroes,559,925,5054.47
630949,Traveling Chocobo (Borderless) (Neon Ink Green),FINAL FANTASY,3,3,5053.68
638917,Swamp (0264) (Borderless),Edge of Eternities,1168,3269,5051.57
659471,FAS-BOR7 Horus - Blightsteel Colossus,Secret Lair Drop Series,155,162,5047.26
35573,Serra Ascendant,Magic 2011 (M11),158,163,5041.5
558360,"Ygra, Eater of All (Borderless)",Bloomburrow,240,242,5040.13
488332,The Party Tree - The Great Henge (Borderless) (Surge Foil),Commander: The Lord of the Rings: Tales of Middle-earth,28,28,5037.95
202945,Dolmen Gate,The List Reprints,176,180,5035.19
651342,"Prowler, Clawed Thief",Marvel's Spider-Man,486,861,5033.02
499784,Rejuvenating Springs,Commander: The Lord of the Rings: Tales of Middle-earth,753,826,5031.93
276715,Mana Drain,Double Masters 2022,84,88,5029.3
5714,Scroll Rack,Tempest,151,155,5028.83
697411,Hulkbuster Armor,Commander: Marvel Super Heroes,730,842,5026.44
273400,Displacer Kitten (Extended Art),Commander Legends: Battle for Baldur's Gate,109,112,5024.18
187141,"Jace, Wielder of Mysteries",War of the Spark,576,587,5022.64
450544,Skullclamp (1112),Secret Lair Drop Series,83,83,5021.01
6889,Goblin Lackey,Urza's Saga,137,183,5020.02
490977,Sheoldred (Showcase),March of the Machine,208,209,5019.27
517665,Watery Grave (Retro Frame),Ravnica Remastered,145,165,5015.86
589432,Phyrexian Arena,Foundations,1095,1192,5012.64
697185,Kindred Discovery,Commander: Marvel Super Heroes,608,755,5007.35
221809,Wooded Foothills,Zendikar Rising Expeditions,115,124,5003.16
509560,Doubling Season (Anime Borderless),Wilds of Eldraine: Enchanting Tales,110,111,5002.45
662552,The Legend of Kyoshi (Borderless),Avatar: The Last Airbender,328,331,4999.61
656913,Island (Chocobo Track Foil),Commander: FINAL FANTASY,562,1673,4996.32
253047,"Toxrill, the Corrosive",Innistrad: Crimson Vow,253,284,4995.8
182838,Blood Crypt,Ravnica Allegiance,434,488,4995.22
631047,"Kuja, Genome Sorcerer (Borderless) (Surge Foil)",FINAL FANTASY,129,130,4994.48
562492,Oracle of the Alpha,Mystery Booster 2,30,30,4993.14
490413,Kami of Whispered Hopes,March of the Machine,1065,1166,4991.02
544837,Imp's Mischief,Outlaws of Thunder Junction: Breaking News,761,798,4989.99
139784,"Arahbo, Roar of the World",Commander 2017,169,180,4989.43
679161,Ninja Pizza,Commander: Teenage Mutant Ninja Turtles,1068,1480,4987.9
214835,Mana Crypt,Double Masters,102,110,4986.41
37859,Forest - Full Art,Unhinged,146,347,4985.01
616939,The First Sliver (Future Sight),MagicFest Cards,144,175,4984.57
686541,Withering Curse,Secrets of Strixhaven,1413,1767,4983.74
511866,"Bruna, the Fading Light",Secret Lair Drop Series,86,86,4980.72
688725,Pongify,Secrets of Strixhaven: Mystical Archive,1348,1474,4979.36
687356,Naktamun Lorespinner,Commander: Secrets of Strixhaven,1076,1569,4976.86
530360,The Fourteenth Doctor,Secret Lair Drop Series,44,44,4973.44
641761,Starfield Vocalist (Showcase) (Fracture Foil),Edge of Eternities,30,30,4971.98
679117,Splinter of the Shadows - Ashcoat of the Shadow Swarm (Borderless),Teenage Mutant Ninja Turtles Source Material,844,975,4970.77
273302,Ancient Gold Dragon (Borderless),Commander Legends: Battle for Baldur's Gate,101,101,4968.72
609825,Cryptolith Rite,Innistrad Remastered,490,527,4966.81
457058,Urza's Incubator (Borderless),Dominaria Remastered,140,142,4961.39
633178,Clive Rosfield - Vial Smasher the Fierce (Showcase),FINAL FANTASY: Through the Ages,263,264,4956.73
504180,Balefire Dragon (Borderless),Commander Masters,161,164,4955.94
696560,Avengers Disassembled,Marvel Super Heroes,1333,3449,4948.77
206758,"Thassa, Deep-Dwelling (Showcase)",Theros Beyond Death,157,160,4948.74
638916,Island (0263) (Borderless),Edge of Eternities,1288,3445,4946.23
671294,Timeless Lotus,Commander: Lorwyn Eclipsed,1013,1680,4944.62
530867,Spark Double (Anime Borderless),Ravnica Remastered,204,219,4943.67
6245,Sigil of Sleep,Urza's Destiny,826,909,4936.61
548610,"Phelia, Exuberant Shepherd (Borderless)",Modern Horizons 3,359,440,4936.56
14720,Essence Warden,Planar Chaos,809,976,4936.3
243336,Fighter Class,Adventures in the Forgotten Realms,658,730,4933.12
698213,Helm of the Host,Commander: Marvel Super Heroes,659,877,4929.86
247826,Shipwreck Marsh,Innistrad: Midnight Hunt,710,761,4928.49
214840,Blightsteel Colossus (Borderless),Double Masters,69,70,4927.71
218887,Darksteel Forge,Double Masters,104,104,4923.57
617965,Deflecting Swat (Rainbow Foil),Secret Lair Drop Series,54,55,4922.33
660567,"Zuko, Firebending Master",Avatar: The Last Airbender: Eternal-Legal,425,436,4921.05
479577,"Zopandrel, Hunger Dominus",Phyrexia: All Will Be One,397,408,4917.67
631216,Eye of Nidhogg,Commander: FINAL FANTASY,951,1026,4916.19
257679,Island (296) - JP Full Art,Kamigawa: Neon Dynasty,615,1295,4915.33
641753,Exalted Sunborn (Showcase),Edge of Eternities,91,92,4914.07
128280,Verdant Catacombs,Modern Masters 2017,135,141,4909.24
505965,Ondu Spiritdancer,Commander Masters,340,410,4907.6
218573,Trinisphere,Double Masters,137,160,4901.14
517540,Cavern of Souls (0410a) (Borderless),The Lost Caverns of Ixalan,1,1,4900.0
591076,Basilisk Collar,Foundations,959,1197,4897.13
662396,Sol Ring (Showcase),Avatar: The Last Airbender: Eternal-Legal,678,761,4893.1
656904,Estinien Varlineau (Borderless) (Chocobo Track Foil),Commander: FINAL FANTASY,173,176,4892.5
6713,"Squee, Goblin Nabob",Mercadian Masques,72,88,4890.86
504130,Kindred Dominance,Commander Masters,280,289,4887.29
3174,City in a Bottle,Arabian Nights,13,13,4885.04
650374,"Delney, Streetwise Lookout (JP Exclusive)",Planeswalker Event Promos,36,36,4882.5
532982,Field of the Dead (Borderless),Special Guests,95,95,4882.48
218612,Sword of Fire and Ice (Borderless),Double Masters,57,58,4880.33
495612,"Karn, Legacy Reforged",March of the Machine: The Aftermath,292,307,4875.32
3376,City of Brass,Chronicles,129,163,4872.73
689388,Culling Ritual (JP Alternate Art) (Silver Scroll Foil),Secrets of Strixhaven: Mystical Archive,162,163,4871.44
15655,Thoughtseize,Lorwyn,77,140,4868.0
480170,Phyrexian Altar,The List Reprints,88,88,4866.7
59815,Diabolic Revelation,Magic 2013 (M13),450,467,4866.23
214839,Blightsteel Colossus,Double Masters,123,123,4865.32
285910,Sporocyst,"Universes Beyond: Warhammer 40,000",287,297,4862.5
591788,Bloodthirsty Conqueror (Showcase) (Fracture Foil),Foundations,17,17,4857.85
519779,Auton Soldier,Universes Beyond: Doctor Who,420,453,4855.9
641816,Mana Confluence (0070) (Borderless),Edge of Eternities: Stellar Sights,63,63,4854.38
656804,The Destined Black Mage (Borderless),Commander: FINAL FANTASY,276,284,4854.2
544825,Contagion Engine,Outlaws of Thunder Junction: Breaking News,381,404,4853.47
544175,Insatiable Avarice,Outlaws of Thunder Junction,844,954,4853.17
282840,"Dihada, Binder of Wills",Commander: Dominaria United,317,318,4851.03
221814,Arid Mesa,Zendikar Rising Expeditions,83,92,4849.94
554652,"Elesh Norn, Grand Cenobite (0811) (Rainbow Foil)",Secret Lair Drop Series,7,7,4848.66
539469,Guardian Project,Universes Beyond: Fallout,381,385,4847.37
656835,A Realm Reborn (Borderless) (Chocobo Track Foil),FINAL FANTASY,181,183,4843.04
633737,Restoration Magic,FINAL FANTASY,1566,2038,4842.3
651360,"Gwenom, Remorseless",Marvel's Spider-Man,850,873,4841.85
11625,Darksteel Forge,Darksteel,135,135,4840.54
641728,"Haliya, Guided by Light",Edge of Eternities,1358,1823,4840.06
688224,Turbulent Steppe (Extended Art),Commander: Secrets of Strixhaven,608,690,4837.9
145275,Mana Drain,Iconic Masters,88,89,4836.44
656537,Demonic Tutor,Secret Lair Drop Series,45,45,4832.83
625668,cOuNTeRspELl (7010) (Rainbow Foil),Secret Lair Drop Series,25,27,4829.45
262929,Sensei's Divining Top,The List Reprints,111,113,4829.39
498618,Delighted Halfling (Extended Art),Universes Beyond: The Lord of the Rings: Tales of Middle-earth,168,177,4828.68
505835,Training Center (Borderless),Commander Masters,232,234,4826.68
4307,Culling the Weak,Exodus,476,516,4824.88
517519,The Skullspore Nexus,The Lost Caverns of Ixalan,419,440,4824.12
247904,Edgar Markov,Judge Promos,40,40,4822.95
222115,Maddening Cacophony,Zendikar Rising,629,679,4820.85
687620,Patchwork Banner,Commander: Secrets of Strixhaven,1102,1976,4819.91
562507,Wasteland (White Border),Mystery Booster 2,249,310,4818.19
656907,"Wakka, Devoted Guardian (Borderless) (Chocobo Track Foil)",Commander: FINAL FANTASY,185,185,4817.02
563085,Demonic Consultation (Future Sight),Mystery Booster 2,315,359,4816.65
230136,"Vorinclex, Monstrous Raider (Showcase)",Kaldheim,78,78,4812.52
544838,Mindbreak Trap,Outlaws of Thunder Junction: Breaking News,418,457,4811.51
168740,"Nicol Bolas, the Ravager",Core Set 2019,211,225,4808.62
166662,Morphic Pool,Battlebond,157,161,4806.47
686656,Talisman of Resilience (Borderless),Commander: Secrets of Strixhaven,515,576,4806.4
276316,Cavern of Souls,Double Masters 2022,86,90,4804.35
558681,"Vren, the Relentless (Borderless) (Raised Foil)",Bloomburrow,22,22,4803.91
282900,Tiller Engine,Commander: Dominaria United,184,184,4803.81
191062,Eladamri's Call,Modern Horizons,434,440,4801.44
578082,Enduring Vitality (Showcase),Duskmourn: House of Horror,88,90,4801.29
276937,Concordant Crossroads,Double Masters 2022,170,173,4798.42
206024,Swamp,Theros Beyond Death,700,2504,4796.41
67321,Sacred Foundry,Gatecrash,364,429,4794.27
696392,"Doctor Doom, King of Latveria (Borderless)",Commander: Marvel Super Heroes,683,759,4794.26
697023,Hawkeye's Bow,Marvel Super Heroes,1918,6052,4792.52
175203,Temple Garden,Guilds of Ravnica,521,608,4792.3
532881,Lush Portico,Murders at Karlov Manor,713,833,4791.91
651853,Counterspell (Borderless),Marvel Universe Eternal-Legal,421,448,4790.48
697447,Plaza of Heroes,Commander: Marvel Super Heroes,551,982,4790.12
249500,The Meathook Massacre,Promo Pack: Innistrad: Midnight Hunt,184,184,4786.68
47648,Sundial of the Infinite,Magic 2012 (M12),331,343,4786.45
501913,Goblin Matron,Secret Lair Drop Series,124,126,4785.57
662466,Mystical Tutor (Showcase),Avatar: The Last Airbender: Eternal-Legal,236,240,4784.63
687450,Monologue Tax,Commander: Secrets of Strixhaven,1220,1950,4784.22
507090,Rise of the Eldrazi (Extended Art),Commander Masters,190,192,4783.81
235249,Dark Ritual (JP Alternate Art),Strixhaven: Mystical Archive,70,75,4782.82
504186,"Mikaeus, the Unhallowed (Borderless)",Commander Masters,134,134,4782.77
151825,Island,Unstable,332,916,4779.81
6865,Exploration,Urza's Saga,72,83,4779.38
4386,Recurring Nightmare,Exodus,62,68,4776.71
688876,Feed the Swarm (JP Alternate Art) (Silver Scroll Foil),Secrets of Strixhaven: Mystical Archive,231,242,4775.93
11655,Sword of Fire and Ice,Darksteel,110,110,4774.96
590683,"Vito, Thorn of the Dusk Rose (Anime)",Foundations Jumpstart,457,472,4771.76
630866,Aerith Gainsborough (Borderless),FINAL FANTASY,482,506,4771.49
273372,Decanter of Endless Water,Commander Legends: Battle for Baldur's Gate,951,1129,4765.92
2831,Birds of Paradise,7th Edition,42,47,4764.39
552401,Subtlety (Borderless),Special Guests,237,294,4761.36
512693,Omniscience (Anime Borderless) (Confetti Foil),Wilds of Eldraine: Enchanting Tales,15,15,4760.62
696278,"Shuri, Wakandan Inventor",Marvel Super Heroes,2220,5051,4757.91
513414,Court of Garenbrig,Commander: Wilds of Eldraine,291,299,4756.97
218872,"Avacyn, Angel of Hope (Borderless)",Double Masters,55,55,4756.3
279244,Burgeoning (Borderless),Secret Lair Drop Series,99,99,4751.48
641864,Gemstone Caverns (0151) (Borderless) (Galaxy Foil),Edge of Eternities: Stellar Sights,15,15,4750.37
11976,Desperate Ritual,Champions of Kamigawa,629,832,4749.17
175582,"Niv-Mizzet, Parun",Guilds of Ravnica,724,846,4748.11
6976,Phyrexian Tower,Urza's Saga,106,114,4746.78
273636,Concordant Crossroads,Secret Lair Drop Series,169,170,4746.26
656902,"Barret, Avalanche Leader (Borderless) (Chocobo Track Foil)",Commander: FINAL FANTASY,210,210,4745.63
558445,Three Tree City (Borderless) (0337),Bloomburrow,94,94,4745.51
490400,Surrak and Goreclaw,March of the Machine,419,433,4745.36
693576,Lucky the Pizza Dog,Commander: Marvel Super Heroes,640,754,4743.29
693213,"Krenko, Mob Boss",Secret Lair Drop Series,97,97,4740.51
38267,Polluted Delta,Judge Promos,16,18,4737.85
6345,Mother of Runes,Urza's Legacy,303,413,4736.72
563089,Rishadan Port (Future Sight),Mystery Booster 2,214,288,4736.67
679188,"Raph & Mikey, Troublemakers (Showcase)",Teenage Mutant Ninja Turtles,629,689,4736.26
215342,Grim Tutor (Alternate Art),Core Set 2021,172,178,4735.37
558348,"Ral, Crackling Wit (Borderless) (Raised Foil)",Bloomburrow,13,13,4735.14
267884,Elvish Spirit Guide (Borderless),Secret Lair Drop Series,97,97,4734.02
499776,Asceticism,Commander: The Lord of the Rings: Tales of Middle-earth,905,1152,4729.78
559142,Mockingbird (Showcase),Bloomburrow,398,419,4727.77
285940,Shadow in the Warp,"Universes Beyond: Warhammer 40,000",259,262,4727.07
696446,The Vision (Borderless),Marvel Super Heroes,1211,1334,4725.22
5688,Reflecting Pool,Tempest,108,130,4724.59
698034,Loki's Double - Spark Double,Commander: Marvel Super Heroes,585,1041,4723.28
5299,Withering Boon,Mirage,394,447,4719.06
10688,Seedborn Muse,Legions,148,161,4718.27
118429,Enlightened Tutor,Eternal Masters,129,130,4716.26
633124,The Water Crystal (Borderless),FINAL FANTASY,477,494,4715.63
257025,Watery Grave (Borderless),Unfinity,127,141,4715.12
552406,Apex Devastator,Commander: Modern Horizons 3,962,1158,4713.37
190734,Force of Vigor,Modern Horizons,415,527,4712.81
559146,Valley Floodcaller,Bloomburrow,954,1025,4711.65
167964,Mycosynth Lattice,Battlebond,126,127,4709.87
71354,Whip of Erebos,Theros,600,627,4709.56
561737,Command Tower (0806) (Rainbow Foil),Secret Lair Drop Series,118,138,4705.99
643637,Ancient Tomb (0046) (Borderless),Edge of Eternities: Stellar Sights,27,28,4700.37
686592,Deathcap Glade (Borderless),Secrets of Strixhaven,1149,1300,4700.28
226941,Wheel of Misfortune,Commander Legends,559,568,4699.43
122729,"Kambal, Consul of Allocation",Kaladesh,658,688,4699.08
656682,Deceit (Borderless),Lorwyn Eclipsed,371,469,4695.58
528292,Command Tower (1496) (Galaxy Foil),Secret Lair Drop Series,87,87,4694.99
222132,Scute Swarm (Showcase),Zendikar Rising,567,589,4692.93
631176,Damning Verdict,Commander: FINAL FANTASY,1050,1287,4692.2
651335,"Electro, Assaulting Battery (Extended Art)",Marvel's Spider-Man,660,714,4691.51
498826,"Argonath, Pillars of the Kings - The Ozolith (Borderless) (Surge Foil)",Commander: The Lord of the Rings: Tales of Middle-earth,29,29,4691.25
240156,Archon of Cruelty,Modern Horizons 2,371,465,4690.09
151826,Swamp,Unstable,326,895,4686.68
686596,Stormcarved Coast (Borderless),Secrets of Strixhaven,1134,1301,4685.21
4410,Sphere of Resistance,Exodus,121,162,4684.29
7842,Orim's Chant,Planeshift,74,93,4677.39
696480,Captain America's Shield (Borderless) (0317),Marvel Super Heroes,674,696,4675.37
641760,Starfield Vocalist (Showcase),Edge of Eternities,106,106,4674.2
679115,"Splinter, the Mentor (0089) (Borderless) (Surge Foil)",Commander: Teenage Mutant Ninja Turtles,39,39,4674.09
499379,Minas Morgul - Cabal Coffers (Borderless) (Surge Foil),Commander: The Lord of the Rings: Tales of Middle-earth,33,34,4673.86
3484,Blood Moon,The Dark,73,92,4673.6
555059,"Ulamog, the Defiler (Borderless) (Serial Numbered)",Modern Horizons 3,2,2,4669.98
648590,Bloodthirsty Conqueror,Promo Pack: Edge of Eternities,137,139,4669.4
34700,"Kozilek, Butcher of Truth",Rise of the Eldrazi,89,91,4668.24
39058,Consecrated Sphinx,Mirrodin Besieged,146,151,4666.35
648704,Fated Firepower,Avatar: The Last Airbender,797,846,4665.16
212007,"Mothra, Supersonic Queen - Luminous Broodmoth",Ikoria: Lair of Behemoths,91,91,4664.41
276657,"Animar, Soul of Elements",Double Masters 2022,126,129,4663.47
679872,"Michelangelo, Weirdness to 11 (Borderless)",Teenage Mutant Ninja Turtles,622,656,4659.4
687543,Nature's Lore,Commander: Secrets of Strixhaven,1285,1845,4656.31
557276,Overlord of the Hauntwoods,Duskmourn: House of Horror,502,540,4652.49
33369,Mindbreak Trap,Zendikar,137,162,4649.42
505831,Vault of Champions,Commander Masters,267,276,4648.3
588053,"Wolverine, Best There Is (Rainbow Foil)",Secret Lair Drop Series,119,122,4647.42
697517,Clever Concealment,Commander: Marvel Super Heroes,577,966,4643.86
192896,Glint-Horn Buccaneer,Core Set 2020,694,718,4643.04
614429,Wastewood Verge (Borderless),Aetherdrift,343,388,4642.71
618874,"Y'shtola, Night's Blessed",Commander: FINAL FANTASY,834,1634,4640.41
499443,Lembas,Universes Beyond: The Lord of the Rings: Tales of Middle-earth,969,1789,4639.88
187194,"Teferi, Time Raveler",War of the Spark,605,708,4639.55
631006,"Kefka, Court Mage",FINAL FANTASY,825,887,4635.93
190865,Giver of Runes,Modern Horizons,401,431,4635.56
162254,Helm of the Host,Dominaria,430,447,4633.88
7720,Tsabo's Web,Invasion,117,158,4633.76
530880,Utvara Hellkite (Anime Borderless),Ravnica Remastered,141,144,4633.55
191343,Echo of Eons,Modern Horizons,249,276,4633.26
221818,Prismatic Vista,Zendikar Rising Expeditions,83,87,4632.9
559137,Into the Flood Maw,Bloomburrow,1368,1776,4628.84
499811,Vanquisher's Banner,Commander: The Lord of the Rings: Tales of Middle-earth,858,1096,4628.6
552293,Flare of Fortitude,Modern Horizons 3,1104,1252,4628.56
591209,Swiftfoot Boots (Borderless),Foundations,868,1423,4628.08
556385,Propaganda,Universes Beyond: Assassin's Creed,1220,1438,4627.07
666496,Command Tower (7063) (Rainbow Foil),Secret Lair Drop Series,256,273,4626.77
632108,Hope's Aero Magic - Cyclonic Rift,Secret Lair Drop Series,159,181,4626.2
697187,Raise Repulsor Shields - Raise the Palisade,Commander: Marvel Super Heroes,570,755,4622.82
646614,"Doctor Octopus, Master Planner (Borderless)",Marvel's Spider-Man,778,879,4622.69
697387,"Hulk, Strongest There Is",Commander: Marvel Super Heroes,653,671,4621.93
530973,Bruvac the Grandiloquent (Anime Borderless),Ravnica Remastered,107,107,4621.76
199556,"Torbran, Thane of Red Fell",Throne of Eldraine,1068,1304,4619.22
267060,Ancient Brass Dragon (Showcase),Commander Legends: Battle for Baldur's Gate,98,104,4615.62
6680,Sandstone Needle,Mercadian Masques,472,769,4615.42
563073,Cabal Ritual (Future Sight),Mystery Booster 2,233,248,4613.4
688822,Big Score (JP Alternate Art) (Silver Scroll Foil),Secrets of Strixhaven: Mystical Archive,190,196,4610.6
101350,"Liliana, Heretical Healer (SDCC 2015 Exclusive)",Media Promos,26,27,4609.86
559147,Valley Floodcaller (Showcase),Bloomburrow,407,416,4608.16
491820,"Ayara, First of Locthwain",March of the Machine: Multiverse Legends,485,494,4605.89
32662,Lurking Predators,Magic 2010 (M10),224,226,4599.52
448834,"Slicer, Hired Muscle",Universes Beyond: Transformers,507,524,4597.85
698205,Panther Habit,Commander: Marvel Super Heroes,532,616,4597.0
668487,Chaos Warp (Borderless),Marvel Universe Eternal-Legal,708,760,4596.58
2900,Final Fortune,7th Edition,65,65,4592.41
653165,Swamp (1952) (Raised Foil),Secret Lair Drop Series,105,202,4590.28
257021,Hallowed Fountain (Borderless),Unfinity,138,147,4585.52
453577,"Vito, Thorn of the Dusk Rose",30th Anniversary Promos,368,393,4584.91
272732,Monster Manual,Commander Legends: Battle for Baldur's Gate,490,511,4581.96
633984,"Gogo, Master of Mimicry (Borderless) (Surge Foil)",FINAL FANTASY,97,98,4581.8
122851,Lightning Greaves,Masterpiece Series: Kaladesh Inventions,19,19,4581.59
534638,Leyline of the Guildpact,Murders at Karlov Manor,796,1030,4581.32
3860,Eureka,Legends,13,13,4580.73
239180,Arid Mesa (Retro Frame),Modern Horizons 2,98,103,4577.15
151828,Forest,Unstable,296,946,4576.4
687517,Serra Paragon,Commander: Secrets of Strixhaven,969,1744,4574.76
663408,Calliope's Song - Seething Song,Secret Lair Drop Series,214,226,4572.12
624038,"Ugin, Eye of the Storms (Showcase) (Halo Foil)",Tarkir: Dragonstorm,12,14,4569.72
218698,Force of Will,Double Masters,51,57,4568.38
638919,Forest (0266) (Borderless),Edge of Eternities,1136,3165,4566.14
257040,Godless Shrine (Borderless),Unfinity,134,147,4564.82
11811,Mycosynth Golem,Fifth Dawn,111,117,4562.09
4211,Phyrexian Devourer,Alliances,109,137,4561.96
9407,Entomb,Odyssey,81,93,4559.93
206023,Island,Theros Beyond Death,748,2850,4559.82
664980,"Iroh, Grand Lotus (Extended Art)",Unique and Miscellaneous Promos,106,114,4555.92
499815,Herald's Horn,Commander: The Lord of the Rings: Tales of Middle-earth,929,991,4552.83
526131,Permission Denied (Borderless),Universes Beyond: Jurassic World Collection,336,347,4552.32
248672,Ancient Tomb,The List Reprints,34,37,4549.13
493992,Umezawa's Jitte,Secret Lair Drop Series,160,233,4547.39
699638,"Black Widow, Agile Avenger (Extended Art)",Commander: Marvel Super Heroes,181,192,4546.64
276355,"Ulamog, the Infinite Gyre (Borderless)",Double Masters 2022,95,95,4546.56
630924,Y'shtola Rhul,FINAL FANTASY,824,869,4544.89
558349,"Ral, Crackling Wit (Borderless)",Bloomburrow,237,246,4544.69
661960,Bloodbender's Rise - Bloodchief Ascension (Borderless),Avatar: The Last Airbender: Eternal-Legal,299,302,4544.1
679615,Hidden Hideout,Commander: Teenage Mutant Ninja Turtles,818,1166,4541.28
517241,Galadhrim Brigade (Borderless),Commander: The Lord of the Rings: Tales of Middle-earth,358,392,4540.78
679164,Ninja Pizza (Borderless) (Surge Foil),Commander: Teenage Mutant Ninja Turtles,56,56,4537.78
475565,"Elesh Norn, Mother of Machines (Oil Slick Raised Foil)",Phyrexia: All Will Be One,63,64,4535.35
198909,"Ayara, First of Locthwain",Throne of Eldraine,482,490,4533.5
558446,Three Tree City (Borderless) (0338),Bloomburrow,78,78,4532.93
642113,"Adagia, Windswept Bastion",Edge of Eternities,747,805,4532.41
59890,Akroma's Memorial,Magic 2013 (M13),149,150,4530.83
520174,Heroic Intervention,Universes Beyond: Doctor Who,303,317,4529.15
516541,Sol Ring (Retro Frame) (Foil Etched),Secret Lair Drop Series,60,60,4528.4
268915,Slip Out the Back,Streets of New Capenna,934,1101,4525.83
3183,Diamond Valley,Arabian Nights,10,10,4523.46
495606,"Ob Nixilis, Captive Kingpin",March of the Machine: The Aftermath,243,250,4522.85
670973,Vibrance (Borderless),Lorwyn Eclipsed,471,552,4522.32
14103,Rite of Flame,Coldsnap,463,517,4519.85
675587,Mathemagics (Extended Art),Secrets of Strixhaven,477,502,4515.46
631063,"G'raha Tia, Scion Reborn (Borderless) (Surge Foil)",Commander: FINAL FANTASY,70,71,4514.46
226407,Three Visits,Commander Legends,654,693,4513.87
499582,Galadhrim Ambush,Commander: The Lord of the Rings: Tales of Middle-earth,807,1051,4513.02
276397,Bitterblossom,Double Masters 2022,130,131,4512.03
253668,Hullbreaker Horror,Innistrad: Crimson Vow,781,813,4511.9
614399,Bleachbone Verge (Borderless),Aetherdrift,341,379,4504.87
697200,"Immortus, Master of Eternity",Commander: Marvel Super Heroes,275,288,4504.06
239727,"Chatterfang, Squirrel General (Borderless)",Modern Horizons 2,185,191,4499.33
37875,Island - Full Art,Unhinged,132,264,4498.56
517661,Steam Vents (Retro Frame),Ravnica Remastered,106,121,4497.81
544668,Annie Joins Up,Outlaws of Thunder Junction,916,961,4497.48
679568,Endless Foot Assault,Commander: Teenage Mutant Ninja Turtles,914,1170,4492.9
129836,Throne of the God-Pharaoh,Amonkhet,603,645,4492.52
480168,Mycosynth Lattice,The List Reprints,124,124,4490.89
625054,Kaalia of the Vast,Secret Lair Drop Series,45,45,4489.86
632145,Cloud's Buster Sword - Umezawa's Jitte,Secret Lair Drop Series,187,237,4486.38
457085,"Yawgmoth, Thran Physician (Retro Frame)",Dominaria Remastered,132,141,4481.24
505828,Spectator Seating,Commander Masters,259,265,4479.39
179463,Goryo's Vengeance,Ultimate Masters,282,445,4476.23
198755,Embercleave,Throne of Eldraine,466,482,4471.58
480185,Sword of Feast and Famine,The List Reprints,121,121,4470.26
203001,Lotus Petal,The List Reprints,112,112,4469.79
533194,Ranger-Captain of Eos,The List Reprints,124,133,4465.83
532990,Victimize (Borderless),Special Guests,131,131,4463.74
519239,Fiery Islet,Universes Beyond: Doctor Who,750,1081,4462.95
576515,Floodfarm Verge (Borderless),Duskmourn: House of Horror,313,350,4460.63
256409,Swords to Plowshares (Foil Etched) (Gold),Secret Lair Drop Series,96,105,4456.64
641854,Mana Confluence (0115) (Borderless) (Galaxy Foil),Edge of Eternities: Stellar Sights,32,32,4456.5
525249,"Chimil, the Inner Sun",The Lost Caverns of Ixalan,497,525,4456.19
243290,Xorn,Adventures in the Forgotten Realms,542,556,4455.91
128275,Arid Mesa,Modern Masters 2017,117,124,4455.65
686525,Sol Ring (288) (Pool Party Foil),Secret Lair Drop Series,193,212,4453.74
524352,"Aclazotz, Deepest Betrayal",The Lost Caverns of Ixalan,436,451,4453.56
582345,"Muxus, Goblin Grandee",The List Reprints,349,366,4452.52
641776,Stomping Ground (Borderless),Edge of Eternities,399,438,4452.37
221806,Flooded Strand,Zendikar Rising Expeditions,86,92,4451.95
588034,"Storm, Force of Nature (Rainbow Foil)",Secret Lair Drop Series,175,179,4448.86
6354,Palinchron,Urza's Legacy,120,123,4446.03
541294,Wooded Foothills (Extended Art),Modern Horizons 3,153,173,4445.11
696485,"Daredevil, Man Without Fear (Borderless) (0324)",Marvel Super Heroes,655,710,4442.47
451977,Unwinding Clock (Schematic),The Brothers' War: Retro Frame Artifacts,205,206,4441.78
541292,Polluted Delta (Extended Art),Modern Horizons 3,153,168,4438.13
688654,Practiced Offense,Secrets of Strixhaven,2320,4274,4437.39
637512,Arcane Denial - Fatalism (Borderless) (JP Exclusive),Buy-A-Box Promos,178,191,4434.31
560063,Skullclamp,Commander: Bloomburrow,559,714,4432.28
563181,Chain of Vapor (Future Sight),Mystery Booster 2,235,255,4428.34
34738,Soul's Attendant,Rise of the Eldrazi,786,870,4425.73
668454,The Coming of Galactus,Marvel Super Heroes,1249,1666,4424.3
47669,Grand Abolisher,Magic 2012 (M12),239,247,4423.8
518879,Everybody Lives!,Universes Beyond: Doctor Who,313,331,4420.82
14368,Spirit Loop,Time Spiral,396,411,4420.57
600473,The Meathook Massacre,Innistrad Remastered,159,164,4418.87
631114,Authority of the Consuls,Commander: FINAL FANTASY,814,1004,4415.79
8819,Lightning Bolt,Beta Edition,16,21,4413.91
696428,"Black Panther, Wakandan King (Borderless)",Marvel Universe Eternal-Legal,680,700,4413.46
563187,Echo of Eons (Future Sight),Mystery Booster 2,289,318,4413.01
9236,Tundra,Unlimited Edition,5,5,4412.97
458753,Mystic Remora (Borderless),Dominaria Remastered,343,358,4411.69
696268,Monica Rambeau (Borderless) (0356),Marvel Super Heroes,344,358,4407.39
233910,"Kiki-Jiki, Mirror Breaker",Time Spiral: Remastered,230,232,4403.24
117736,Force of Will,Eternal Masters,35,43,4402.81
643051,"Evendo, Waking Haven (Borderless)",Edge of Eternities,220,227,4397.6
696658,The Wondrous Wasp,Marvel Super Heroes,1733,3447,4396.65
634404,"Golbez, Crystal Collector (Borderless) (Surge Foil)",FINAL FANTASY,114,114,4395.84
697310,"Daredevil, Fearless Fighter",Commander: Marvel Super Heroes,624,644,4394.5
646136,"Ghost-Spider, Gwen Stacy",Marvel's Spider-Man: Eternal-Legal,374,385,4393.72
600510,"Emrakul, the Promised End (Retro Frame)",Innistrad Remastered,244,272,4388.56
259260,Dracula's Tomb - Phyrexian Tower,Secret Lair Drop Series,85,86,4386.73
206693,"Heliod, Sun-Crowned (Showcase)",Theros Beyond Death,177,179,4385.81
697333,Wanda's Vision,Commander: Marvel Super Heroes,486,503,4384.17
517697,Watery Grave (Borderless),Ravnica Remastered,122,145,4384.06
633168,Crystal of Altar Cave - Chromatic Lantern (Showcase),FINAL FANTASY: Through the Ages,369,374,4383.45
578081,Enduring Vitality (Extended Art),Duskmourn: House of Horror,328,353,4382.36
505838,Vault of Champions (Borderless),Commander Masters,237,237,4381.39
631750,Summon: Yojimbo (Borderless),Commander: FINAL FANTASY,326,330,4379.83
262422,"Takenuma, Abandoned Mire (Borderless)",Kamigawa: Neon Dynasty,212,214,4378.89
535786,Necromancy,Commander: Murders at Karlov Manor,231,236,4377.17
465580,Gamble (Retro Frame),Dominaria Remastered,269,282,4374.18
5947,Tithe,Visions,128,146,4370.81
499389,"Dol Amroth - Minamo, School at Water's Edge (Borderless) (Surge Foil)",Commander: The Lord of the Rings: Tales of Middle-earth,27,27,4369.99
641811,Gemstone Caverns (0061) (Borderless),Edge of Eternities: Stellar Sights,50,50,4363.79
218833,Archangel of Thune,Double Masters,73,74,4363.67
1945,Sylvan Library,Fourth Edition,134,157,4362.11
589326,Archmage of Runes,Foundations,1218,1361,4361.98
498525,Forge Anew,Universes Beyond: The Lord of the Rings: Tales of Middle-earth,856,901,4358.99
145286,Archangel of Thune,Iconic Masters,75,77,4356.44
686539,Eiganjo Dynastorian,Commander: Secrets of Strixhaven,1010,1333,4354.56
591688,"Muldrotha, the Gravetide (Showcase) (Fracture Foil)",Foundations,20,20,4351.25
689367,Veil of Summer (JP Alternate Art),Secrets of Strixhaven: Mystical Archive,414,457,4350.68
693053,The Eternal Wanderer (Japanese),WPN & Gateway Promos,2,2,4350.0
187130,"Tezzeret, Master of the Bridge",Buy-A-Box Promos,210,210,4349.79
509557,Necropotence (Anime Borderless) (Confetti Foil),Wilds of Eldraine: Enchanting Tales,6,8,4349.7
697558,Quantum Misalignment,Commander: Marvel Super Heroes,568,819,4347.41
209393,"Purphoros, God of the Forge",Secret Lair Drop Series,91,92,4345.8
518164,Hew the Entwood (Borderless Poster),Universes Beyond: The Lord of the Rings: Tales of Middle-earth,123,130,4339.26
563235,Natural Order (Future Sight),Mystery Booster 2,280,304,4338.98
286459,Commissar Severina Raine,"Universes Beyond: Warhammer 40,000",215,217,4335.52
532898,Commercial District (Borderless),Murders at Karlov Manor,292,302,4335.23
11314,Isochron Scepter,Mirrodin,365,395,4334.84
128281,Misty Rainforest,Modern Masters 2017,111,117,4334.06
6234,"Rofellos, Llanowar Emissary",Urza's Destiny,73,77,4333.02
660740,Secret Tunnel,Avatar: The Last Airbender,1320,1520,4331.42
513421,Throne of Eldraine (Extended Art),Commander: Wilds of Eldraine,113,118,4330.98
66547,Deathrite Shaman,Return to Ravnica,439,522,4329.78
39429,Birthing Pod,New Phyrexia,272,290,4329.76
552353,"Tamiyo, Inquisitive Student (Borderless)",Modern Horizons 3,119,140,4328.07
689365,Triumph of the Hordes (JP Alternate Art),Secrets of Strixhaven: Mystical Archive,252,260,4324.01
563244,Krark-Clan Ironworks (Future Sight),Mystery Booster 2,292,307,4322.77
562748,Screaming Nemesis,Duskmourn: House of Horror,501,641,4322.59
283118,Plaza of Heroes,Dominaria United,467,492,4321.57
537705,Simian Spirit Guide (Rainbow Foil),Secret Lair Drop Series,58,58,4321.39
192644,"Vilis, Broker of Blood",Core Set 2020,440,444,4320.58
233881,"Yawgmoth, Thran Physician",Time Spiral: Remastered,99,103,4317.88
648668,"Appa, Steadfast Guardian (Borderless)",Avatar: The Last Airbender,273,277,4316.66
196277,Seedborn Muse,Commander 2019,314,316,4314.99
689815,Command Tower (Strixhaven: Omens of Chaos),Media Promos,112,123,4313.74
67320,Godless Shrine,Gatecrash,389,420,4311.15
544277,Spirebluff Canal,Outlaws of Thunder Junction,595,780,4308.69
578900,The Lord of Pain (Borderless),Commander: Duskmourn: House of Horror,542,553,4306.09
457198,Entomb,Dominaria Remastered,252,254,4305.6
257676,Plains (293) - JP Full Art,Kamigawa: Neon Dynasty,561,1194,4303.6
494011,Misdirection (Halo Foil),Secret Lair Drop Series,56,57,4300.48
495646,Training Grounds,March of the Machine: The Aftermath,555,579,4299.73
560662,African Swallow - Birds of Paradise,Secret Lair Drop Series,88,94,4294.59
688910,Dismember,Secrets of Strixhaven: Mystical Archive,1293,1462,4294.29
524278,Dino DNA (Borderless),Universes Beyond: Jurassic World Collection,257,260,4292.82
286534,Vexilus Praetor,"Universes Beyond: Warhammer 40,000",224,234,4291.71
552660,Warren Soultrader (Retro Frame),Modern Horizons 3,190,195,4291.4
696424,Primal Vigor (Borderless),Marvel Universe Eternal-Legal,682,763,4291.31
504555,"Heliod, Sun-Crowned",Commander Masters,191,195,4290.78
504569,"Mikaeus, the Unhallowed",Commander Masters,153,158,4290.23
624325,Goldlust Triad,Commander: Tarkir: Dragonstorm,722,819,4289.34
591814,Llanowar Elves (Showcase) (Fracture Foil),Foundations,6,6,4287.46
575088,Archon of Cruelty (Showcase),Commander: Duskmourn: House of Horror,182,216,4284.93
478553,Sword of Forge and Frontier,Phyrexia: All Will Be One,396,414,4281.76
190867,Goblin Engineer,Modern Horizons,429,453,4280.31
679156,"Michelangelo, Weirdness to 11 (Showcase)",Teenage Mutant Ninja Turtles,158,162,4279.46
624049,Sol Ring,Commander: Tarkir: Dragonstorm,1468,2520,4278.8
548596,Flare of Denial,Modern Horizons 3,985,1382,4277.3
688877,Living End (JP Alternate Art),Secrets of Strixhaven: Mystical Archive,302,327,4276.96
695483,Sheltered by Ghosts,Secret Lair Drop Series,122,159,4275.62
524319,Bonehoard Dracosaur (Borderless),The Lost Caverns of Ixalan,246,250,4274.33
282860,The Reaver Cleaver,Commander: Dominaria United,281,283,4274.15
689107,Dina's Guidance,Secrets of Strixhaven,2325,3176,4273.45
656723,Eddie the Judge - Bruvac the Grandiloquent (Rainbow Foil),Secret Lair Drop Series,74,74,4272.92
557271,Enduring Tenacity (Showcase),Duskmourn: House of Horror,94,95,4271.63
553119,Eldrazi Monument,Commander: Modern Horizons 3,441,489,4271.6
609699,"Avacyn, Angel of Hope (Retro Frame)",Innistrad Remastered,134,140,4270.75
579319,Hall of Heliod's Generosity,Commander: Duskmourn: House of Horror,348,360,4269.23
696243,M.O.D.O.K. (Extended Art),Marvel Super Heroes,452,471,4264.76
651956,Savage Beating (Borderless),Marvel Universe Eternal-Legal,461,467,4263.87
559952,Academy Manufactor,Commander: Bloomburrow,591,666,4262.75
671135,Tree of Perdition,Commander: Lorwyn Eclipsed,949,1189,4262.67
698220,Black Panther's Claws - Hammer of Nazahn,Commander: Marvel Super Heroes,572,745,4259.93
276348,Vedalken Orrery,Double Masters 2022,235,243,4259.82
215322,Rite of Flame,Signature Spellbook: Chandra,498,525,4259.45
668481,Ephemerate (Borderless),Marvel Universe Eternal-Legal,684,806,4259.39
688461,Into the Flood Maw (Retro Frame),WPN & Gateway Promos,273,449,4259.04
591780,Rise of the Dark Realms (Borderless),Foundations,189,190,4256.86
39106,Sword of Feast and Famine,Mirrodin Besieged,109,112,4254.01
452750,Cityscape Leveler,The Brothers' War,299,315,4250.27
137121,The Scarab God,Masterpiece Series: Amonkhet Invocations,16,16,4249.08
693224,Skullclamp (2416),Secret Lair Drop Series,91,105,4246.95
540844,Atomize,Universes Beyond: Fallout,357,373,4246.89
524279,Life Finds a Way (Borderless),Universes Beyond: Jurassic World Collection,202,204,4245.44
696420,Seize the Day (Borderless),Marvel Universe Eternal-Legal,693,742,4243.61
686568,"Ral Zarek, Guest Lecturer (Borderless)",Secrets of Strixhaven,620,684,4243.53
6389,Snap,Urza's Legacy,593,775,4242.59
262438,"Otawara, Soaring City (Extended Art)",Kamigawa: Neon Dynasty,106,106,4242.33
206022,Plains,Theros Beyond Death,768,3272,4240.4
600452,Snapcaster Mage (Retro Frame),Innistrad Remastered,170,186,4238.65
182842,Breeding Pool,Ravnica Allegiance,346,370,4235.47
565203,"Karlach, Fury of Avernus (Rainbow Foil)",Secret Lair Drop Series,135,136,4234.68
273532,Astral Dragon,Commander Legends: Battle for Baldur's Gate,193,203,4233.27
3175,City of Brass,Arabian Nights,7,8,4232.78
686594,Shattered Sanctum (Borderless),Secrets of Strixhaven,1086,1237,4232.38
12581,Biorhythm,9th Edition,125,126,4228.5
624140,Dracogenesis (0300) (Showcase),Tarkir: Dragonstorm,273,278,4226.13
498680,Borne Upon a Wind,Universes Beyond: The Lord of the Rings: Tales of Middle-earth,771,976,4223.77
641754,Exalted Sunborn (Showcase) (Fracture Foil),Edge of Eternities,25,26,4222.39
653465,The Soul Stone,Prerelease Cards,30,30,4221.29
590832,High Fae Trickster (Borderless),Foundations,297,313,4220.78
285867,"Ghyrson Starn, Kelermorph (Surge Foil)","Universes Beyond: Warhammer 40,000",39,39,4220.01
180789,Phyrexian Tower,Ultimate Masters,147,152,4219.36
697018,"Black Widow, Super Spy (Borderless) (0364)",Marvel Super Heroes,356,372,4218.03
176426,Beast Whisperer,Guilds of Ravnica,545,563,4217.13
239431,Scalding Tarn (Retro Frame) (Foil Etched),Modern Horizons 2,84,99,4215.76
536706,"Delney, Streetwise Lookout",Promo Pack: Murders at Karlov Manor,115,117,4214.57
513386,Experimental Confectioner,Wilds of Eldraine,483,494,4213.89
122859,Scroll Rack,Masterpiece Series: Kaladesh Inventions,27,27,4213.07
688475,Sowing Mycospawn,Secret Lair Showdown,212,285,4213.05
624741,Nature's Rhythm (Borderless),Tarkir: Dragonstorm,482,525,4208.65
452236,"Liberator, Urza's Battlethopter",The Brothers' War,621,664,4206.94
679071,Teleportation Circle (Borderless),Teenage Mutant Ninja Turtles Source Material,823,920,4205.59
565158,Goldspan Dragon (Rainbow Foil),Secret Lair Drop Series,85,87,4205.16
688875,Living End,Secrets of Strixhaven: Mystical Archive,865,965,4204.82
641851,Gemstone Caverns (0106) (Borderless) (Galaxy Foil),Edge of Eternities: Stellar Sights,16,16,4204.78
541308,Bloodstained Mire (Extended Art),Modern Horizons 3,170,183,4201.66
591672,Rise of the Dark Realms,Foundations,632,654,4200.96
624694,Counterspell (1933) (Rainbow Foil),Secret Lair Drop Series,147,185,4200.15
660578,Heroic Intervention (Borderless),Avatar: The Last Airbender: Eternal-Legal,273,275,4198.49
10878,Stifle,Scourge,76,105,4198.0
624449,Command Beacon,Commander: Tarkir: Dragonstorm,549,608,4196.14
273301,Ancient Bronze Dragon,Commander Legends: Battle for Baldur's Gate,215,219,4195.77
498368,Paths of the Dead - Cavern of Souls (Borderless) (Surge Foil),Commander: The Lord of the Rings: Tales of Middle-earth,20,20,4194.91
559947,"Toski, Bearer of Secrets",Commander: Bloomburrow,666,906,4194.01
273674,Black Market Connections,Commander Legends: Battle for Baldur's Gate,206,216,4191.74
121620,Burgeoning,Conspiracy: Take the Crown,123,123,4190.44
145317,Serra Ascendant,Iconic Masters,128,130,4190.06
646008,"Spider-Man, Peter Parker",Marvel's Spider-Man: Eternal-Legal,315,326,4189.43
552883,Springheart Nantuko (Borderless),Modern Horizons 3,438,462,4189.19
541283,Psychic Frog (Borderless),Modern Horizons 3,160,206,4186.93
624149,Ghostly Prison,Commander: Tarkir: Dragonstorm,714,837,4185.68
563236,Final Fortune (Future Sight),Mystery Booster 2,270,279,4185.33
221816,Morphic Pool,Zendikar Rising Expeditions,101,102,4182.79
33265,Bloodchief Ascension,Zendikar,206,216,4182.26
257022,Blood Crypt (Borderless),Unfinity,131,136,4180.2
491025,"Ozolith, the Shattered Spire",March of the Machine,461,487,4178.88
697391,Return of the Mole Man,Commander: Marvel Super Heroes,386,401,4177.43
66421,Temple Garden,Return to Ravnica,457,530,4172.33
700798,Aggravated Assault (2691),Secret Lair Drop Series,168,239,4171.14
530858,"Niv-Mizzet, Parun (Anime Borderless)",Ravnica Remastered,271,279,4170.78
190649,Snow-Covered Island,Modern Horizons,596,2422,4169.45
77298,Mishra's Factory (Winter),Antiquities,8,8,4169.17
681215,Academy Manufactor (7094),Secret Lair Drop Series,369,418,4168.27
199506,The Great Henge (Extended Art),Throne of Eldraine,44,45,4167.03
635394,Tataru Taru (Extended Art),Commander: FINAL FANTASY,264,273,4165.77
230165,The World Tree,Kaldheim,509,553,4163.6
679157,"Michelangelo, Weirdness to 11 (Showcase) (Fracture Foil)",Teenage Mutant Ninja Turtles,28,28,4161.38
657761,"Raphael, Tag Team Tough",Commander: Teenage Mutant Ninja Turtles,555,603,4158.18
643881,Robe of Stars (Showcase),Special Guests,260,274,4153.95
114864,Eerie Interlude,Shadows over Innistrad,564,612,4153.85
257678,Island (295) - JP Full Art,Kamigawa: Neon Dynasty,621,1257,4151.72
175200,Sacred Foundry,Guilds of Ravnica,317,341,4149.25
262950,Umezawa's Jitte,The List Reprints,175,213,4148.65
643601,Knuckles's Gloves - The Reaver Cleaver (Rainbow Foil),Secret Lair Drop Series,301,316,4147.29
6060,Lotus Vale,Weatherlight,121,132,4143.6
105559,Windswept Heath,Zendikar Expeditions,21,24,4143.42
609707,Griselbrand (Showcase),Innistrad Remastered,193,208,4142.83
697516,Rejuvenating Springs,Commander: Marvel Super Heroes,555,1006,4142.68
452655,Awaken the Woods,The Brothers' War,217,221,4140.16
552881,Fanatic of Rhonas (Extended Art),Modern Horizons 3,271,322,4139.71
551455,Seedborn Muse (Rainbow Foil),Secret Lair Drop Series,46,47,4137.16
609769,Hullbreaker Horror (Borderless),Innistrad Remastered,336,350,4133.21
226907,Reshape the Earth,Commander Legends,289,303,4132.16
652015,Mindbreak Trap (Borderless),Marvel Universe Eternal-Legal,381,406,4132.06
214842,Doubling Season (Borderless),Double Masters,57,58,4131.95
457501,Counterspell,Dominaria Remastered,1215,1514,4131.77
524425,Chromatic Orrery (Borderless),Commander: The Lost Caverns of Ixalan,53,53,4131.59
625697,"Elspeth, Storm Slayer",Promo Pack: Tarkir: Dragonstorm,108,109,4131.43
542185,Dauthi Voidwalker,Game Day & Store Championship Promos,36,39,4129.19
453931,Portal to Phyrexia,Promo Pack: The Brothers' War,134,134,4129.02
556332,"Excalibur, Sword of Eden (Extended Art)",Universes Beyond: Assassin's Creed,267,276,4128.84
576513,Blazemire Verge (Borderless),Duskmourn: House of Horror,313,331,4124.99
512987,Sigarda's Aid,Secret Lair Drop Series,67,67,4124.92
118463,Green Sun's Zenith,Eternal Masters,141,152,4124.23
666502,Shu Jing Meteorite - Fellwar Stone (Rainbow Foil),Secret Lair Drop Series,363,385,4123.55
679819,"Bebop, Skull & Crossbones (Borderless) (Surge Foil)",Commander: Teenage Mutant Ninja Turtles,87,87,4122.5
590118,Ancient Greenwarden,Foundations Jumpstart,336,354,4121.72
528255,Mycosynth Golem (Rainbow Foil),Secret Lair Drop Series,97,97,4118.62
576530,Thornspire Verge,Duskmourn: House of Horror,717,835,4117.79
145283,"Kokusho, the Evening Star",Iconic Masters,166,166,4117.16
616932,"Animar, Soul of Elements (Rainbow Foil)",Secret Lair Drop Series,94,94,4116.72
499501,Sanguine Bond,Commander: The Lord of the Rings: Tales of Middle-earth,698,883,4116.05
78965,"Phenax, God of Deception",Born of the Gods,264,273,4114.81
562750,Enduring Tenacity (Extended Art),Duskmourn: House of Horror,310,325,4114.67
674549,"The Ghoul, Gunslinger",Secret Lair Drop Series,320,357,4110.26
686634,"Adrix and Nev, Twincasters (Borderless)",Special Guests,612,639,4108.33
686654,Talisman of Curiosity (Borderless),Commander: Secrets of Strixhaven,543,608,4106.59
10871,Pemmin's Aura,Scourge,292,311,4104.06
674653,Gitaxian Probe (2067),Secret Lair Drop Series,106,134,4102.01
233864,Thoughtseize,Time Spiral: Remastered,132,211,4100.17
285880,Nexos,"Universes Beyond: Warhammer 40,000",312,316,4099.68
696387,"Iron Man, Armored Avenger",Commander: Marvel Super Heroes,748,817,4098.98
179537,"Urborg, Tomb of Yawgmoth",Ultimate Masters: Box Toppers,24,24,4097.68
13261,Doubling Season,Ravnica: City of Guilds,103,106,4092.72
129978,Approach of the Second Sun,Amonkhet,819,921,4088.42
526081,Kindred Discovery,Commander: The Lost Caverns of Ixalan,293,295,4088.28
552345,Six (Borderless),Modern Horizons 3,224,227,4085.05
457226,Sylvan Library (Borderless),Dominaria Remastered,118,118,4084.7
609601,"Gisela, the Broken Blade",Innistrad Remastered,194,194,4084.51
535847,Seedborn Muse,Commander: Murders at Karlov Manor,266,276,4083.57
199288,Castle Garenbrig,Throne of Eldraine,525,567,4082.39
499810,Door of Destinies,Commander: The Lord of the Rings: Tales of Middle-earth,567,628,4082.1
66624,Sphere of Safety,Return to Ravnica,869,919,4081.46
498350,Minas Tirith,Universes Beyond: The Lord of the Rings: Tales of Middle-earth,630,653,4080.89
183219,Rhythm of the Wild,Ravnica Allegiance,872,923,4080.86
686598,Sundown Pass (Borderless),Secrets of Strixhaven,1182,1347,4077.58
105550,Bloodstained Mire,Zendikar Expeditions,21,22,4074.07
658482,"Freya, Queen of the Valkyries - Iroas, God of Victory",Secret Lair Drop Series,255,257,4074.01
4644,Demonic Consultation,Ice Age,514,545,4072.17
575273,Ghost Vacuum,Duskmourn: House of Horror,734,874,4071.97
94339,Goblin Welder,Commander 2014,184,190,4070.7
557379,Leonardo da Vinci (Italian) (Serial Numbered),Universes Beyond: Assassin's Creed,2,2,4069.0
688942,Winds of Abandon,Secrets of Strixhaven: Mystical Archive,767,807,4068.23
697599,Three Visits,Commander: Marvel Super Heroes,536,922,4068.05
233914,Simian Spirit Guide,Time Spiral: Remastered,897,1142,4063.52
192521,Scheming Symmetry,Core Set 2020,429,459,4061.34
662391,Flawless Maneuver (Showcase),Avatar: The Last Airbender: Eternal-Legal,191,193,4059.77
686663,Subterranean Tremors (JP Alternate Art) (Silver Scroll Foil),Secrets of Strixhaven: Mystical Archive,118,121,4059.23
679194,Rhythm of the Wild (Borderless),Teenage Mutant Ninja Turtles Source Material,773,823,4056.29
517896,"Westley, Dread Pirate Roberts - Fynn, the Fangbearer",Secret Lair Drop Series,76,76,4056.16
555976,Black Market Connections (Extended Art),Universes Beyond: Assassin's Creed,178,182,4054.86
548576,Nethergoyf,Modern Horizons 3,549,914,4054.0
679844,"Casey Jones, Back Alley Brute (Borderless) (Surge Foil)",Commander: Teenage Mutant Ninja Turtles,61,61,4053.88
128856,Cyclonic Rift,Modern Masters 2017,130,131,4052.63
539757,Silver Shroud Costume,Universes Beyond: Fallout,383,398,4052.48
687658,"Veyran, Voice of Duality",Commander: Secrets of Strixhaven,1140,1639,4050.84
696674,Castle Doom,Marvel Super Heroes,1545,3071,4049.45
39095,Inkmoth Nexus,Mirrodin Besieged,292,340,4048.93
651375,Arachnogenesis (Borderless),Marvel Universe Eternal-Legal,477,494,4048.35
498397,Witch-king of Angmar,Universes Beyond: The Lord of the Rings: Tales of Middle-earth,408,466,4047.67
277181,Crucible of Worlds,Double Masters 2022,126,126,4047.01
216247,Lurking Predators,Jumpstart,207,227,4046.73
503407,Arcane Signet (Borderless),Commander Masters,488,540,4046.28
662023,Isochron Scepter,Secret Lair Countdown Kit,344,389,4046.01
700801,Aura Shards (2694),Secret Lair Drop Series,146,165,4045.06
641978,Exploration Broodship,Commander: Edge of Eternities,794,1123,4040.85
11640,Mycosynth Lattice,Darksteel,113,115,4035.49
475528,"Vorinclex, Monstrous Raider (Concept Praetor)",Phyrexia: All Will Be One,63,63,4034.34
129468,Coat of Arms,Duel Decks: Mind vs. Might,225,230,4033.85
630965,Summon: Primal Odin (Borderless),FINAL FANTASY,490,503,4031.92
257682,Mountain (299) - JP Full Art,Kamigawa: Neon Dynasty,585,1215,4031.35
496031,Call of the Ring,Universes Beyond: The Lord of the Rings: Tales of Middle-earth,805,901,4031.2
656767,"Stiltzkin, Moogle Merchant (Borderless) (Chocobo Track Foil)",FINAL FANTASY,194,199,4028.63
1712,Dark Ritual,Fourth Edition,806,1099,4027.73
615204,Conjurer's Closet,Commander: Aetherdrift,870,1090,4025.44
544249,Mana Drain (Textured Foil),Outlaws of Thunder Junction: Breaking News,12,12,4025.22
57666,"Mikaeus, the Unhallowed",Dark Ascension,159,160,4024.36
557923,Omniscience,Foundations,618,683,4023.71
496137,"Nicol Bolas, the Ravager",Secret Lair Drop Series,72,72,4023.22
548592,Urza's Cave,Modern Horizons 3,1925,2726,4022.79
499327,Henneth Annun - Reflecting Pool (Borderless),Commander: The Lord of the Rings: Tales of Middle-earth,158,159,4020.76
600474,The Meathook Massacre (Retro Frame),Innistrad Remastered,145,147,4018.78
222167,Ancient Greenwarden,Zendikar Rising,306,314,4017.42
525784,Herald's Horn,Commander: The Lost Caverns of Ixalan,481,542,4014.51
128282,Scalding Tarn,Modern Masters 2017,101,104,4011.73
689400,Deflecting Palm (JP Alternate Art) (Silver Scroll Foil),Secrets of Strixhaven: Mystical Archive,155,159,4009.85
641882,The Endstone (Showcase) (Fracture Foil),Edge of Eternities,50,55,4007.65
507093,Darksteel Monolith (Extended Art),Commander Masters,154,154,4007.37
4167,Helm of Obedience,Alliances,141,166,4006.63
631235,Lightning Greaves,Commander: FINAL FANTASY,742,905,4006.51
644790,Inventors' Fair (0021) (Borderless),Edge of Eternities: Stellar Sights,249,250,4005.46
448627,"Purphoros, God of the Forge",Judge Promos,129,129,4004.93
544435,Terror of the Peaks (Extended Art),Outlaws of Thunder Junction,84,88,4003.94
517657,Hallowed Fountain (Retro Frame),Ravnica Remastered,111,140,4003.11
233372,Demonic Tutor (Foil Etched),Strixhaven: Mystical Archive,33,33,4001.2
475505,Phyrexian Obliterator,Phyrexia: All Will Be One,387,417,4000.96
8842,Mox Jet,Beta Edition,1,1,4000.0
9234,Tropical Island,Unlimited Edition,4,5,3999.98
451928,Altar of Dementia,The Brothers' War: Retro Frame Artifacts,201,216,3999.91
37964,Gaea's Cradle,Judge Promos,1,1,3999.0
513890,Waste Not,Wilds of Eldraine: Enchanting Tales,563,580,3999.0
221308,Sylvan Library,Commander Collection: Green,140,143,3996.79
215963,Neyith of the Dire Hunt,Jumpstart,440,459,3993.99
698010,Kindred Dominance,Commander: Marvel Super Heroes,528,931,3991.4
517640,Blood Crypt (Retro Frame),Ravnica Remastered,103,127,3990.5
52170,Moonmist,Innistrad,1282,2100,3990.03
687507,"Gorma, the Gullet (Borderless)",Commander: Secrets of Strixhaven,1334,1523,3989.42
204758,"Purphoros, God of the Forge",The List Reprints,139,139,3987.11
679146,"Michelangelo, Improviser (Borderless)",Teenage Mutant Ninja Turtles,329,337,3986.72
36417,Grafted Exoskeleton,Scars of Mirrodin,603,682,3986.68
216140,Phyrexian Tower,Jumpstart,149,154,3986.51
552873,Boggart Trawler,Modern Horizons 3,1656,2703,3985.34
630902,"Firion, Swordmaster - Sram, Senior Edificer (Showcase)",FINAL FANTASY: Through the Ages,405,408,3984.32
240166,Dauthi Voidwalker,Modern Horizons 2,616,747,3984.29
555444,"Miku, Child of Song - Child of Alara (Rainbow Foil)",Secret Lair Drop Series,94,98,3984.26
693025,The Vision,Marvel Super Heroes,1998,2965,3981.74
578058,Withering Torment,Duskmourn: House of Horror,974,1079,3971.91
67323,Watery Grave,Gatecrash,301,334,3971.79
645292,Chaos Emerald - Lotus Petal (7033),Secret Lair Drop Series,24,24,3970.92
39544,Mindcrank,New Phyrexia,408,424,3969.86
687521,Hardened Scales,Commander: Secrets of Strixhaven,1268,1796,3969.3
662779,"Avatar Kyoshi, Earthbender (Extended Art)",Avatar: The Last Airbender: Eternal-Legal,172,174,3964.04
544432,"Bristly Bill, Spine Sower (Extended Art)",Outlaws of Thunder Junction,55,55,3962.02
1381,Dark Ritual,Revised Edition,887,1256,3961.43
499325,"Helm's Deep - Shinka, the Bloodsoaked Keep (Borderless)",Commander: The Lord of the Rings: Tales of Middle-earth,148,154,3960.99
286351,Sceptre of Eternal Glory,"Universes Beyond: Warhammer 40,000",200,204,3958.18
662007,Altar of the Brood,Secret Lair Countdown Kit,348,368,3957.57
12271,Goryo's Vengeance,Betrayers of Kamigawa,119,220,3955.81
10340,Chain of Smog,Onslaught,331,396,3955.12
624687,"SpongeBob SquarePants - Jodah, the Unifier (Rainbow Foil)",Secret Lair Drop Series,164,177,3954.48
641779,Weftstalker Ardent,Edge of Eternities,1524,2076,3954.45
617863,Swan Song (1591),Secret Lair Drop Series,99,109,3953.71
641778,Weapons Manufacturing,Edge of Eternities,989,1623,3953.08
162752,Mystical Tutor,Signature Spellbook: Jace,217,219,3951.25
10885,Carrion Feeder,Scourge,681,882,3951.02
200381,Princess Twilight Sparkle,Ponies: The Galloping,20,20,3950.95
234332,Akroma's Memorial,Time Spiral: Remastered,109,110,3950.71
279830,Plains (Showcase),Dominaria United,537,1359,3946.99
560228,Alchemist's Talent,Commander: Bloomburrow,733,1156,3946.84
480143,Blightsteel Colossus,The List Reprints,105,106,3945.34
214834,"Atraxa, Praetors' Voice (Borderless)",Double Masters,61,61,3941.47
673579,"Mutagen Man, Living Ooze",Teenage Mutant Ninja Turtles,1225,1397,3939.34
525158,Resplendent Angel,The Lost Caverns of Ixalan,405,479,3936.99
696656,"Ironheart, Clever Champion (Borderless)",Marvel Super Heroes,1184,1291,3935.49
227662,Amulet of Vigor,Secret Lair Drop Series,70,76,3933.74
10348,Aggravated Assault,Onslaught,122,122,3932.86
695481,Queen Marchesa (2688),Secret Lair Drop Series,100,101,3931.48
589386,Generous Pup,Foundations Jumpstart,527,616,3930.22
552821,Glaring Fleshraker,Modern Horizons 3,1636,3226,3928.49
544312,Vaultborn Tyrant (Showcase),Outlaws of Thunder Junction: The Big Score,39,39,3927.66
600509,"Emrakul, the Promised End",Innistrad Remastered,200,213,3924.63
6529,Food Chain,Mercadian Masques,59,62,3923.97
699669,"Galactus, Devourer of Worlds (Extended Art)",Commander: Marvel Super Heroes,214,216,3919.84
518669,"Theoden, Strength Restored - Kenrith, the Returned King (Borderless)",Commander: The Lord of the Rings: Tales of Middle-earth,51,51,3918.71
674804,Innkeeper's Talent,Secret Lair Showdown,42,44,3916.34
559973,Reliquary Tower,Commander: Bloomburrow,890,985,3912.89
504756,Steelshaper's Gift,Commander Masters,401,429,3912.04
122672,Spirebluff Canal,Kaladesh,439,655,3911.03
262746,"Eiganjo, Seat of the Empire",Kamigawa: Neon Dynasty,625,672,3908.86
662432,Gamble (Showcase),Avatar: The Last Airbender: Eternal-Legal,219,223,3908.28
7988,Llanowar Wastes,Apocalypse,85,131,3907.91
657757,Dark Ritual (Borderless),Commander: Teenage Mutant Ninja Turtles,345,403,3907.31
214836,Mana Crypt (Borderless),Double Masters,42,51,3906.86
533008,"Voja, Jaws of the Conclave",Prerelease Cards,309,375,3905.34
558380,Thornvault Forager,Bloomburrow,1355,1906,3904.74
126291,Platinum Angel,Masterpiece Series: Kaladesh Inventions,21,21,3899.72
541393,"Lumra, Bellow of the Woods (Borderless) (0293)",Bloomburrow,80,81,3896.02
242370,"Sheoldred, Whispering One",Secret Lair Drop Series,197,200,3894.41
251785,Gravecrawler,Secret Lair Drop Series,87,90,3893.35
614422,Sunbillow Verge (Borderless),Aetherdrift,306,320,3893.28
449614,Birds of Paradise (Retro Frame),Dominaria Remastered,167,229,3889.98
2546,Enlightened Tutor,Classic Sixth Edition,121,123,3888.87
18623,Faerie Macabre,Shadowmoor,303,526,3887.74
696319,"Captain America, Living Legend",Marvel Super Heroes,2055,3147,3885.7
630880,"Cloud, Midgar Mercenary (Extended Art)",FINAL FANTASY,113,120,3881.75
454872,Ashcoat of the Shadow Swarm,Jumpstart 2022,80,83,3881.42
696863,"Taskmaster, Mercenary Mimic",Marvel Super Heroes,1853,2786,3879.24
686545,The Dawning Archaic,Secrets of Strixhaven,1341,1603,3878.77
656564,"Eirdu, Carrier of Dawn (Borderless)",Lorwyn Eclipsed,349,361,3878.74
478502,Flawless Maneuver,Commander: Phyrexia: All Will Be One,182,184,3877.52
247828,Haunted Ridge,Innistrad: Midnight Hunt,448,479,3875.43
504497,Craterhoof Behemoth,Commander Masters,182,182,3875.01
686604,Exhibition Tidecaller,Secrets of Strixhaven,1834,2863,3873.97
285803,Marneus Calgar,"Universes Beyond: Warhammer 40,000",272,332,3868.99
277214,Warrior's Oath,Double Masters 2022,215,219,3868.94
526415,Illustrious Wanderglyph,Commander: The Lost Caverns of Ixalan,221,224,3866.28
161447,Relentless Rats,Masters 25,203,759,3863.41
660540,"Volcano of Roku's Island - Valakut, the Molten Pinnacle (Borderless)",Avatar: The Last Airbender: Eternal-Legal,348,360,3862.86
265374,Jetmir's Garden (Borderless),Streets of New Capenna,117,117,3860.61
240808,Aura Shards (INV),The List Reprints,211,213,3860.6
222161,Glasspool Mimic,Zendikar Rising,565,608,3857.3
701534,Crucible of Worlds (7162),Secret Lair Drop Series,167,179,3856.18
4641,Dark Ritual,Ice Age,862,1093,3854.05
668484,Lord of Atlantis (Borderless),Marvel Universe Eternal-Legal,734,821,3853.37
687669,Bojuka Bog,Commander: Secrets of Strixhaven,1764,3356,3851.43
661968,"Aang, Swift Savior (0298) (Borderless)",Avatar: The Last Airbender,370,394,3851.2
552266,Emerald Medallion,Modern Horizons 3,1209,1360,3850.26
39416,Glistening Oil,New Phyrexia,294,298,3847.26
629749,"Nissa, Resurgent Animist (JP Exclusive)",Planeswalker Event Promos,20,21,3846.88
552731,Guide of Souls,Modern Horizons 3,1060,1555,3846.47
686584,Molten-Core Maestro,Secrets of Strixhaven,1644,2493,3846.06
98817,Gut Shot,Modern Masters 2015,551,786,3844.64
461811,Crawlspace,Dominaria Remastered,400,405,3844.1
5315,Burgeoning,Stronghold,110,117,3844.06
206666,"Heliod, Sun-Crowned",Theros Beyond Death,169,172,3844.03
673671,"Raph & Mikey, Troublemakers",Teenage Mutant Ninja Turtles,1198,1515,3842.41
696571,"Mole Man, Moloid Master (Extended Art)",Marvel Super Heroes,766,852,3840.54
39555,Noxious Revival,New Phyrexia,420,451,3839.93
4927,Urza's Bauble,Ice Age,343,525,3837.61
646822,Sylvan Safekeeper (Galaxy Foil),Secret Lair Drop Series,237,259,3836.69
257031,Breeding Pool (Borderless),Unfinity,126,136,3835.63
221810,Windswept Heath,Zendikar Rising Expeditions,91,94,3835.59
509501,"Talion, the Kindly Lord (Borderless)",Wilds of Eldraine,246,248,3834.8
609811,Cryptolith Rite (Borderless),Innistrad Remastered,415,443,3834.58
221309,Worldly Tutor,Commander Collection: Green,137,137,3834.49
105558,Verdant Catacombs,Zendikar Expeditions,20,20,3834.16
614496,Chandra's Ignition (Borderless),Special Guests,154,156,3833.19
687630,Talisman of Creativity,Commander: Secrets of Strixhaven,1209,1735,3832.04
591268,Grim Tutor (Showcase),Special Guests,148,149,3830.19
6301,Defense of the Heart,Urza's Legacy,146,156,3828.56
171168,Unwinding Clock,Commander 2018,201,203,3825.09
167787,Diabolic Intent,Battlebond,188,194,3823.18
499661,Basalt Monolith,Commander: The Lord of the Rings: Tales of Middle-earth,732,1114,3820.67
559719,Arcane Signet,Commander: Bloomburrow,1613,2706,3816.26
512399,Land Tax,Wilds of Eldraine: Enchanting Tales,154,158,3815.14
688912,Prismatic Ending (JP Alternate Art) (Silver Scroll Foil),Secrets of Strixhaven: Mystical Archive,168,181,3814.97
479509,"Solphim, Mayhem Dominus (Oil Slick Raised Foil)",Phyrexia: All Will Be One,58,58,3814.44
631671,Ultima Weapon,FINAL FANTASY,561,592,3813.49
277190,Crucible of Worlds (Borderless),Double Masters 2022,105,108,3812.8
587997,Flawless Maneuver (Rainbow Foil),Secret Lair Drop Series,160,163,3808.93
697137,"Matt Murdock, Justice Seeker",Commander: Marvel Super Heroes,801,879,3806.52
38283,Yawgmoth's Will,Judge Promos,3,3,3804.99
587990,"Captain America, First Avenger",Secret Lair Drop Series,86,101,3804.03
218291,Exploration,Double Masters,110,112,3803.95
67319,Breeding Pool,Gatecrash,292,324,3803.18
697233,Time Warp,Commander: Marvel Super Heroes,472,529,3800.96
285868,Biophagus,"Universes Beyond: Warhammer 40,000",213,220,3796.75
679874,"Rocksteady, Mutant Marauder (Borderless) (Surge Foil)",Commander: Teenage Mutant Ninja Turtles,75,75,3796.73
457115,No Mercy,Dominaria Remastered,144,146,3795.26
286348,Resurrection Orb,"Universes Beyond: Warhammer 40,000",258,262,3794.41
188345,Bolt Bend,War of the Spark,935,1015,3793.8
554585,Elvish Mystic (0805) (Rainbow Foil),Secret Lair Drop Series,98,107,3792.88
517871,Mithril Coat (Extended Art) (Surge Foil),Universes Beyond: The Lord of the Rings: Tales of Middle-earth,92,96,3789.5
512422,Sanguine Bond,Wilds of Eldraine: Enchanting Tales,579,596,3784.06
624417,Teval's Judgment,Commander: Tarkir: Dragonstorm,539,564,3783.79
679160,Level Up,Commander: Teenage Mutant Ninja Turtles,1116,1383,3782.95
685504,Reliquary Tower (7104),Secret Lair Drop Series,202,233,3779.07
480504,Paradise Mantle,Secret Lair Drop Series,84,84,3777.14
687516,"Primo, the Unbounded (Borderless)",Commander: Secrets of Strixhaven,1116,1710,3775.76
504132,"Ulamog, the Ceaseless Hunger",Commander Masters,152,172,3773.44
525250,"Chimil, the Inner Sun (Borderless)",Commander: The Lost Caverns of Ixalan,57,57,3773.38
553519,Talon Gates of Madara (Extended Art),Commander: Modern Horizons 3,100,103,3773.02
656914,Swamp (Chocobo Track Foil),Commander: FINAL FANTASY,514,1435,3772.6
3494,City of Shadows,The Dark,100,109,3771.46
631616,Maskwood Nexus (Double Rainbow Foil),Secret Lair Drop Series,78,78,3770.71
559633,"Gev, Scaled Scorch (Borderless) (Raised Foil)",Bloomburrow,23,23,3769.14
552623,Collective Resistance,Modern Horizons 3,1642,2489,3768.93
552173,Echoes of Eternity,Modern Horizons 3,1287,2303,3767.98
641745,The Eternity Elevator,Edge of Eternities,1429,1827,3767.82
541268,"Emrakul, the World Anew",Modern Horizons 3,746,859,3767.78
12811,Seething Song,9th Edition,334,387,3763.61
161421,Dark Ritual,Masters 25,454,640,3763.15
128221,Marsh Flats,Modern Masters 2017,109,121,3762.49
9553,Terravore,Odyssey,78,114,3759.61
202858,Aetherflux Reservoir,The List Reprints,145,145,3755.1
559916,Kalonian Hydra,Commander: Bloomburrow,716,803,3754.49
503367,Ruby Medallion,Commander Masters,282,303,3752.9
631895,Vincent Valentine (Borderless),FINAL FANTASY,497,520,3747.57
699706,"Ultron, Machine Overlord (Borderless)",Commander: Marvel Super Heroes,631,652,3747.13
9230,Time Vault,Unlimited Edition,4,4,3746.96
179451,"Kozilek, Butcher of Truth",Ultimate Masters,82,82,3746.86
662905,Alhammarret's Archive,Secret Lair Countdown Kit,342,353,3746.8
6139,Attrition,Urza's Destiny,193,214,3745.15
679091,"April O'Neil, Human Element",Commander: Teenage Mutant Ninja Turtles,435,478,3744.8
499515,Essence Warden,Commander: The Lord of the Rings: Tales of Middle-earth,454,575,3744.03
563220,Goblin Lackey (Future Sight),Mystery Booster 2,213,254,3743.61
517249,"Rammas Echor, Ancient Shield (Borderless)",Commander: The Lord of the Rings: Tales of Middle-earth,347,348,3742.88
642806,Ripples of Potential,Commander: Edge of Eternities,990,1540,3737.81
265379,Raffine's Tower (Borderless),Streets of New Capenna,137,137,3737.62
552360,"Ral, Monsoon Mage (Borderless)",Modern Horizons 3,224,244,3737.22
688644,Scrawling Crawler,Secret Lair Drop Series,104,112,3736.96
688863,Helping Hand (JP Alternate Art) (Silver Scroll Foil),Secrets of Strixhaven: Mystical Archive,237,242,3734.39
641961,"Braids, Arisen Nightmare",Commander: Edge of Eternities,873,1160,3734.39
240318,Murktide Regent,Modern Horizons 2,326,456,3732.85
488281,Valley of Gorgoroth - Wasteland (Borderless),Commander: The Lord of the Rings: Tales of Middle-earth,120,134,3732.22
7201,Parallax Wave,Nemesis,93,114,3728.91
505865,Fierce Guardianship (Foil Etched),Commander Masters,32,32,3727.82
3925,Karakas,Legends,96,112,3726.88
60141,"Urborg, Tomb of Yawgmoth",From the Vault: Realms,51,51,3726.61
3239,Serendib Efreet,Arabian Nights,6,9,3725.77
490361,"Skithiryx, the Blight Dragon",March of the Machine: Multiverse Legends,279,293,3724.92
689403,Expressive Iteration (JP Alternate Art) (Silver Scroll Foil),Secrets of Strixhaven: Mystical Archive,179,181,3724.42
680797,"Irma, Part-Time Mutant (Surge Foil)",Commander: Teenage Mutant Ninja Turtles,80,83,3723.83
525624,"Kutzil, Malamet Exemplar (Showcase)",The Lost Caverns of Ixalan,1170,1469,3723.08
235969,Beledros Witherbloom (Borderless),Strixhaven: School of Mages,157,165,3721.82
457200,Entomb (Retro Frame),Dominaria Remastered,237,250,3718.92
651135,"Anti-Venom, Horrifying Healer (Borderless)",Media Promos,91,91,3714.32
182841,Stomping Ground,Ravnica Allegiance,407,438,3711.68
262791,March of Swirling Mist,Kamigawa: Neon Dynasty,697,778,3711.15
239807,Harmonic Prodigy,Modern Horizons 2,659,738,3710.29
272600,Battle Angels of Tyr (Borderless),Commander Legends: Battle for Baldur's Gate,143,152,3710.23
658360,Spectacular Spider-Man,Play Promos,35,37,3708.33
6295,Crop Rotation,Urza's Legacy,515,715,3708.18
623880,"Betor, Kin to All",Tarkir: Dragonstorm,527,536,3706.54
552834,Recruiter of the Guard,Modern Horizons 3,637,725,3701.61
164416,Grim Monolith - 1999 Kai Budde (ULG),World Championship Decks,92,156,3700.02
503400,"Azusa, Lost but Seeking",Commander Masters,309,316,3699.12
559616,"Teferi, Time Raveler (Borderless)",Commander: Bloomburrow,229,265,3698.84
162805,Goblin Welder,Duel Decks: Elves vs. Inventors,170,177,3697.81
553499,Chandra's Ignition,Commander: Modern Horizons 3,550,642,3697.7
517911,Legolas's Quick Reflexes (Borderless) (Surge Foil),Commander: The Lord of the Rings: Tales of Middle-earth,57,57,3694.77
287154,Watery Grave (Borderless) (Galaxy Foil),Unfinity,21,24,3694.69
638078,Armiger Unleashed - Forge Anew (Rainbow Foil),Secret Lair Drop Series,308,317,3693.49
240060,Kaldra Compleat,Modern Horizons 2,458,498,3691.94
668480,The Coming of Galactus (Borderless),Marvel Super Heroes,641,684,3690.85
145267,Growing Rites of Itlimoc,Ixalan,410,441,3688.85
696258,Monica Rambeau,Marvel Super Heroes,1169,1487,3688.11
496064,Sliver Gravemother,Commander Masters,196,197,3687.61
9192,Savannah,Unlimited Edition,7,7,3686.82
624689,"Gary, the Snail - Toxrill, the Corrosive (Rainbow Foil)",Secret Lair Drop Series,162,164,3686.67
204143,Sakashima the Impostor,The List Reprints,261,263,3686.4
276350,Vedalken Orrery (Borderless),Double Masters 2022,181,183,3685.49
5969,Abeyance,Weatherlight,113,150,3685.41
559826,Lotus Cobra,Commander: Bloomburrow,641,668,3684.95
687389,Archmage Emeritus,Commander: Secrets of Strixhaven,1011,1810,3683.29
559072,Coruscation Mage,Bloomburrow,1663,2227,3681.39
553207,Lazotep Quarry,Commander: Modern Horizons 3,508,850,3681.0
488280,Mount Doom (Borderless),Universes Beyond: The Lord of the Rings: Tales of Middle-earth,351,359,3680.94
496068,The Ur-Dragon (Textured Foil),Commander Masters,20,20,3678.8
9604,Tarnished Citadel,Odyssey,112,116,3678.79
206249,Enlightened Tutor,Judge Promos,40,40,3678.1
535918,"Yoshimaru, Ever Faithful",Secret Lair Drop Series,54,54,3676.56
498620,There and Back Again,Universes Beyond: The Lord of the Rings: Tales of Middle-earth,772,823,3676.39
14337,Reiterate,Time Spiral,189,202,3675.47
257039,Sacred Foundry (Borderless),Unfinity,128,135,3675.38
5701,Ruby Medallion,Tempest,118,143,3675.14
696416,Show and Tell (Borderless),Marvel Universe Eternal-Legal,661,809,3673.89
578885,Overlord of the Balemurk (Extended Art),Duskmourn: House of Horror,113,144,3673.32
688930,Return the Favor (JP Alternate Art) (Silver Scroll Foil),Secrets of Strixhaven: Mystical Archive,239,247,3669.81
559123,Season of Gathering,Bloomburrow,546,575,3669.31
104997,Conduit of Ruin,Battle for Zendikar,638,707,3669.19
218926,Sword of Feast and Famine,Double Masters,90,90,3669.14
273612,"Atraxa, Praetors' Voice (Gilded Foil)",Secret Lair Drop Series,85,89,3669.11
625135,Jeskai Revelation,Tarkir: Dragonstorm,727,1005,3668.13
6085,Phyrexian Furnace,Weatherlight,203,331,3667.1
544271,Great Train Heist,Outlaws of Thunder Junction,866,970,3666.18
627694,Blacker Lotus (Rainbow Foil),Secret Lair Drop Series,18,18,3665.03
673616,South Wind Avatar,Teenage Mutant Ninja Turtles,1345,1512,3664.44
451893,Mesmeric Orb,The Brothers' War: Retro Frame Artifacts,196,201,3663.6
235148,Time Warp,Strixhaven: Mystical Archive,201,203,3661.75
267067,Sea of Clouds (Extended Art),Commander Legends: Battle for Baldur's Gate,150,154,3661.61
660580,"Hei Bai, Forest Guardian",Avatar: The Last Airbender: Eternal-Legal,401,484,3661.53
623040,"SpongeBob SquarePants - Jodah, the Unifier",Secret Lair Drop Series,136,187,3658.17
519539,Flaming Tyrannosaurus,Universes Beyond: Doctor Who,452,484,3656.32
615113,Bontu's Monument,Commander: Aetherdrift,752,1071,3656.21
67424,Boros Charm,Gatecrash,594,764,3655.44
450586,"Archaeon the Everchosen - Najeela, the Blade-Blossom (Borderless)",Secret Lair Drop Series,87,87,3654.09
512419,Kindred Discovery,Wilds of Eldraine: Enchanting Tales,211,211,3653.41
533392,Vein Ripper,Murders at Karlov Manor,450,498,3652.98
652043,Wedding Ring (Borderless),Marvel Universe Eternal-Legal,414,429,3651.73
236212,Seething Song,Commander 2021,280,293,3648.44
687386,Blood Artist,Commander: Secrets of Strixhaven,1245,1812,3647.74
499351,Palantir of Orthanc (Extended Art),Universes Beyond: The Lord of the Rings: Tales of Middle-earth,137,140,3645.57
504500,Arachnogenesis,Commander Masters,503,534,3644.46
6461,Cave-In,Mercadian Masques,211,297,3643.86
262174,Mirror Box,Kamigawa: Neon Dynasty,675,752,3642.76
267069,Luxury Suite (Extended Art),Commander Legends: Battle for Baldur's Gate,111,111,3642.71
14119,Soul Spike,Coldsnap,122,228,3638.38
27769,Relic of Progenitus,Shards of Alara,361,581,3637.46
499812,The Gaffer,Commander: The Lord of the Rings: Tales of Middle-earth,453,555,3637.37
226839,Rings of Brighthearth,Commander Legends,591,611,3636.82
539217,Teferi's Protection (1691),Secret Lair Drop Series,69,71,3635.77
656831,Campsite Cuisine (Borderless),Commander: FINAL FANTASY,288,296,3634.97
689150,Sleight of Hand,Secrets of Strixhaven: Mystical Archive,1896,3192,3633.61
689829,Mountain (7128) (Pool Party Foil),Secret Lair Drop Series,111,168,3631.75
221996,Luxury Suite,Zendikar Rising Expeditions,94,94,3630.56
577847,"Aesi, Tyrant of Gyre Strait",Commander: Duskmourn: House of Horror,320,330,3629.69
559741,Ledger Shredder (Borderless),Special Guests,158,159,3629.46
212076,"Biollante, Plant Beast Form - Nethroi, Apex of Death",Ikoria: Lair of Behemoths,96,96,3626.66
179480,Cavern of Souls,Ultimate Masters,60,68,3625.6
6131,Winding Canyons,Weatherlight,140,150,3624.39
693216,Broadside Bombardiers,Secret Lair Drop Series,87,102,3623.05
632099,Merciless Poisoning - Toxic Deluge (Rainbow Foil),Secret Lair Drop Series,137,159,3622.63
216559,"Linvala, Keeper of Silence",Jumpstart,176,180,3621.89
687387,Arcane Denial,Commander: Secrets of Strixhaven,1137,1926,3621.86
588007,"Iron Man, Titan of Innovation (Rainbow Foil)",Secret Lair Drop Series,168,170,3621.18
552387,Flare of Fortitude (Borderless),Modern Horizons 3,183,187,3621.17
98506,"Kozilek, Butcher of Truth",Modern Masters 2015,85,86,3618.75
660617,"Bumi, Unleashed",Avatar: The Last Airbender,807,842,3618.4
18831,Umbral Mantle,Shadowmoor,240,250,3617.93
552823,Birthing Ritual,Modern Horizons 3,537,764,3616.83
668485,Widow-Making Infiltrator - Dauthi Voidwalker (Borderless),Marvel Universe Eternal-Legal,589,663,3616.24
450591,"Makari the Lucky Grot - Krenko, Tin Street Kingpin (Borderless)",Secret Lair Drop Series,87,88,3614.65
541355,Ezio Auditore da Firenze (Borderless),Universes Beyond: Assassin's Creed,117,120,3613.64
512534,Repercussion,Wilds of Eldraine: Enchanting Tales,331,342,3613.55
167811,Spellseeker,Battlebond,205,215,3613.48
524251,"Thrasios, Triton Hero (Borderless)",Special Guests,129,129,3611.46
696330,"Wolverine, Fierce Fighter",Marvel Super Heroes,1583,2215,3611.16
96697,Impact Tremors,Dragons of Tarkir,980,1179,3610.74
286332,Canoptek Spyder,"Universes Beyond: Warhammer 40,000",237,240,3607.64
660529,Cruel Tutor (Borderless),Avatar: The Last Airbender: Eternal-Legal,310,325,3607.27
3947,Living Plane,Legends,19,20,3606.27
688915,Empty the Warrens (JP Alternate Art) (Silver Scroll Foil),Secrets of Strixhaven: Mystical Archive,220,221,3605.58
634630,"Venat, Heart of Hydaelyn (Borderless)",FINAL FANTASY,500,515,3604.42
5502,Corpse Dance,Tempest,143,146,3602.81
552361,"Ral, Monsoon Mage (Borderless) (Textured Foil)",Modern Horizons 3,56,56,3602.37
642776,Reflecting Pool (0036) (Borderless),Edge of Eternities: Stellar Sights,231,236,3599.95
555447,Sol Ring (1604),Secret Lair Drop Series,84,85,3597.43
545970,Terror of the Peaks,Promo Pack: Outlaws of Thunder Junction,117,118,3597.4
646029,"Spider-Man 2099, Miguel O'Hara",Marvel's Spider-Man: Eternal-Legal,383,399,3593.53
480496,Sakashima the Impostor,Secret Lair Drop Series,77,77,3591.47
14821,Temporal Extortion,Planar Chaos,147,151,3588.95
696880,Astonishing Spider-Man,Commander: Marvel Super Heroes,598,618,3588.43
96502,Sarkhan Unbroken,Dragons of Tarkir,197,198,3587.04
18012,Maralen of the Mornsong,Morningtide,110,111,3585.35
265370,Spara's Headquarters (Borderless),Streets of New Capenna,128,131,3584.99
559742,Rat Colony (Borderless),Special Guests,147,182,3584.49
624591,Herd Heirloom,Tarkir: Dragonstorm,809,890,3580.6
646570,Gwen Stacy (0209) (Borderless),Marvel's Spider-Man,255,259,3579.08
541288,"Ajani, Nacatl Pariah (Borderless)",Modern Horizons 3,162,198,3578.91
151827,Mountain,Unstable,307,889,3578.9
624176,Will of the Jeskai,Commander: Tarkir: Dragonstorm,863,1116,3578.36
272612,Captain N'ghathrod,Commander Legends: Battle for Baldur's Gate,233,293,3577.67
10528,Goblin Sharpshooter,Onslaught,92,100,3576.71
530798,Crypt Ghast (Anime Borderless),Ravnica Remastered,195,197,3575.2
235370,Ephemerate,Strixhaven: Mystical Archive,312,361,3573.41
634975,Tataru Taru Art Card,Art Series: FINAL FANTASY,228,340,3573.39
589394,Embercleave (Showcase),Special Guests,210,211,3572.54
553174,Eldritch Immunity,Commander: Modern Horizons 3,532,585,3571.91
512498,Bitterblossom (Anime Borderless),Wilds of Eldraine: Enchanting Tales,106,108,3571.91
5684,Reanimate,Tempest,184,245,3566.08
243753,Robe of Stars,Commander: Adventures in the Forgotten Realms,249,251,3565.19
662084,Boomerang Basics,Avatar: The Last Airbender,1435,2735,3564.39
226959,Command Beacon,Commander Legends,479,501,3563.51
243352,Druid Class,Adventures in the Forgotten Realms,873,2183,3562.05
239770,Imperial Recruiter (Borderless),Modern Horizons 2,170,173,3561.56
215573,Fiery Emancipation,Core Set 2021,217,219,3559.79
509565,Aggravated Assault (Anime Borderless) (Confetti Foil),Wilds of Eldraine: Enchanting Tales,35,35,3559.77
212165,Silent Arbiter,Commander 2020,301,309,3559.61
609684,Craterhoof Behemoth (Retro Frame),Innistrad Remastered,169,177,3559.52
558413,Liliana of the Dark Realms (Borderless) (Raised Foil),Commander: Bloomburrow,13,13,3558.07
276441,Grand Arbiter Augustin IV (Borderless),Double Masters 2022,225,226,3557.96
677436,Ancient Bronze Dragon,Secret Lair Drop Series,157,172,3557.89
2804,Worldly Tutor,Classic Sixth Edition,133,141,3556.84
687511,"Muddle, the Ever-Changing (Borderless)",Commander: Secrets of Strixhaven,1333,1614,3553.93
635431,Sphere Grid (Extended Art),Commander: FINAL FANTASY,242,246,3553.65
457086,Sylvan Library,Dominaria Remastered,118,125,3553.5
512553,Grave Pact (Anime Borderless),Wilds of Eldraine: Enchanting Tales,101,101,3553.29
559118,For the Common Good,Bloomburrow,1022,1179,3551.4
660557,Sozin's Comet (0309) (Borderless),Avatar: The Last Airbender,173,173,3548.09
9526,Moment's Peace,Odyssey,516,880,3546.06
457225,Sylvan Library (Retro Frame),Dominaria Remastered,107,118,3544.95
34384,"Jace, the Mind Sculptor",Worldwake,79,92,3541.44
11315,Confusion in the Ranks,Mirrodin,201,203,3541.05
188386,"Karn, the Great Creator",War of the Spark,480,672,3534.97
525829,"Xenagos, God of Revels",Commander: The Lost Caverns of Ixalan,491,505,3534.91
118444,Ashnod's Altar,Eternal Masters,211,215,3533.42
696261,"Captain America, Super-Soldier (Borderless) (0316)",Marvel Super Heroes,350,359,3532.14
518219,Warg Rider,Universes Beyond: The Lord of the Rings: Tales of Middle-earth,195,203,3529.4
215320,Pyroblast,Signature Spellbook: Chandra,226,269,3528.57
642025,Sol Ring,Commander: Edge of Eternities,1072,2241,3528.2
662343,Mayor Tong of Chin Village - Drannith Magistrate (Borderless),Avatar: The Last Airbender: Eternal-Legal,357,379,3526.89
552920,Goldspan Dragon,Commander: Modern Horizons 3,434,502,3525.27
534578,Corporeal Projection,Ravnica: Clue Edition,278,321,3523.28
239836,Liquimetal Torque,Modern Horizons 2,1071,1162,3522.41
518051,Mithril Coat (Showcase Scrolls),Universes Beyond: The Lord of the Rings: Tales of Middle-earth,68,70,3520.06
451930,Aetherflux Reservoir (Schematic),The Brothers' War: Retro Frame Artifacts,102,102,3519.05
503390,Spellseeker,Commander Masters,202,206,3518.2
3322,Su-Chi,Antiquities,42,49,3516.86
661919,"Aang, Swift Savior",Avatar: The Last Airbender,1122,1472,3516.59
687608,Haywire Mite,Commander: Secrets of Strixhaven,798,1487,3516.17
575063,"Valgavoth, Terror Eater (Showcase)",Duskmourn: House of Horror,195,198,3515.78
7668,Spirit of Resistance,Invasion,173,190,3513.59
563284,Tinder Wall (Future Sight),Mystery Booster 2,145,160,3513.12
21636,Island - Guru,Guru Lands,3,3,3512.98
668471,Extinction Event (Borderless),Marvel Universe Eternal-Legal,654,691,3511.5
544870,Force of Vigor,Outlaws of Thunder Junction: Breaking News,372,433,3508.5
267925,"Jetmir, Nexus of Revels",Streets of New Capenna,356,359,3507.13
166661,Luxury Suite,Battlebond,108,111,3505.66
527818,"Lara Croft, Tomb Raider",Secret Lair Drop Series,64,71,3504.91
256410,Grim Tutor (Silver Laminate),Secret Lair Drop Series,94,95,3504.42
221874,Valakut Awakening (Extended Art),Zendikar Rising,173,179,3503.43
512640,"Lord Skitter, Sewer King",Wilds of Eldraine,538,654,3503.18
82890,Misdirection,Conspiracy,224,238,3502.46
603078,Force of Despair,Secret Lair Showdown,343,547,3500.45
499772,Lightning Greaves,Commander: The Lord of the Rings: Tales of Middle-earth,706,772,3498.96
643504,Mightform Harmonizer,Edge of Eternities,1016,1440,3498.9
35533,Liliana's Caress,Magic 2011 (M11),441,475,3498.06
660532,White Lotus Tile,Avatar: The Last Airbender,720,781,3496.98
679596,Heralds of the Shredder - Vigor,Commander: Teenage Mutant Ninja Turtles,627,1367,3496.34
591010,Massacre Wurm (0714),Foundations,689,1388,3495.99
540691,Akroma's Memorial (Rainbow Foil),Secret Lair Drop Series,40,50,3495.84
526074,Delighted Halfling (Showcase Scrolls),Universes Beyond: The Lord of the Rings: Tales of Middle-earth,56,60,3494.04
484554,Drana and Linvala,March of the Machine,505,519,3492.84
504192,Storm-Kiln Artist (Borderless),Commander Masters,575,599,3489.99
11793,Doubling Cube,Fifth Dawn,109,110,3489.2
576521,Hushwood Verge (Borderless),Duskmourn: House of Horror,293,346,3488.66
686548,The Dawning Archaic (Borderless),Secrets of Strixhaven,661,700,3488.5
687566,Primordial Hydra,Commander: Secrets of Strixhaven,1050,1861,3488.04
7829,Meddling Mage,Planeshift,71,119,3484.95
531000,Hellkite Tyrant (Anime Borderless),Ravnica Remastered,247,255,3484.38
661920,The Legend of Yangchen,Avatar: The Last Airbender,773,852,3482.52
286555,Thunderhawk Gunship,"Universes Beyond: Warhammer 40,000",216,216,3481.12
222164,Agadeem's Awakening (Extended Art),Zendikar Rising,91,92,3480.84
240050,Sterling Grove,Modern Horizons 2,717,787,3480.07
14791,Retether,Planar Chaos,173,176,3478.71
491540,Nesting Dovehawk,Commander: March of the Machine,151,153,3478.54
514263,Pyroblast,WPN & Gateway Promos,201,234,3478.4
455835,Felidar Sovereign (1182),Secret Lair Drop Series,64,64,3477.26
239424,Arid Mesa (Retro Frame) (Foil Etched),Modern Horizons 2,85,99,3475.51
34706,"Ulamog, the Infinite Gyre",Rise of the Eldrazi,89,89,3473.18
287159,Steam Vents (Borderless) (Galaxy Foil),Unfinity,19,19,3473.12
77296,Mishra's Factory (Spring),Antiquities,36,52,3473.0
659472,FAS-BOR7 Horus - Blightsteel Colossus (Rainbow Foil),Secret Lair Drop Series,104,107,3472.54
484595,Faerie Mastermind (Extended Art),March of the Machine,146,150,3471.4
633176,"Jenova, Ancient Calamity (Borderless)",FINAL FANTASY,396,404,3470.08
646826,Zuran Orb (Galaxy Foil),Secret Lair Drop Series,258,284,3469.21
212149,Molten Echoes,Commander 2020,240,323,3469.03
38415,Umezawa's Jitte,Grand Prix Promos,56,70,3467.34
589786,Violent Outburst,Foundations Jumpstart,307,686,3467.16
624214,Reliquary Tower,Commander: Tarkir: Dragonstorm,743,951,3466.97
541299,Flooded Strand (Extended Art),Modern Horizons 3,147,165,3464.53
276450,Damnation,Double Masters 2022,147,167,3461.98
623347,Kaldra Compleat,Unique and Miscellaneous Promos,14,14,3461.67
698035,Toxic Deluge,Commander: Marvel Super Heroes,495,1004,3461.05
662354,Monk Gyatso,Avatar: The Last Airbender: Eternal-Legal,517,541,3460.71
697358,"Iron Man, Tony Stark (0851)",Commander: Marvel Super Heroes,555,577,3458.31
121168,Cabal Ritual,From the Vault: Lore,113,115,3457.71
544896,Mindbreak Trap (Textured Foil),Outlaws of Thunder Junction: Breaking News,11,11,3457.11
1426,Fork,Revised Edition,167,174,3456.04
519746,Ensnared by the Mara,Universes Beyond: Doctor Who,479,520,3454.06
3187,Elephant Graveyard,Arabian Nights,15,17,3452.99
545738,Trinisphere (Rainbow Foil),Secret Lair Drop Series,105,153,3452.79
3793,All Hallow's Eve,Legends,11,11,3450.36
624340,Skullclamp,Commander: Tarkir: Dragonstorm,539,568,3450.05
677419,"Shadowheart, Dark Justiciar",Secret Lair Drop Series,216,230,3448.68
4912,Swords to Plowshares,Ice Age,212,332,3447.35
38253,Lightning Bolt,Judge Promos,3,6,3446.97
262041,"Jin-Gitaxias, Progress Tyrant",Kamigawa: Neon Dynasty,341,353,3445.03
512481,Defense of the Heart (Anime Borderless) (Confetti Foil),Wilds of Eldraine: Enchanting Tales,24,25,3444.57
679796,"April O'Neil, Live on the Scene (Borderless) (Surge Foil)",Commander: Teenage Mutant Ninja Turtles,44,44,3441.57
660603,"Ozai, the Phoenix King",Avatar: The Last Airbender,752,769,3439.36
575159,Enduring Curiosity (Showcase),Duskmourn: House of Horror,66,66,3438.31
3184,Drop of Honey,Arabian Nights,8,8,3438.14
5849,Goblin Recruiter,Visions,420,460,3437.85
6305,Engineered Plague,Urza's Legacy,247,459,3437.35
552651,Revitalizing Repast,Modern Horizons 3,1882,2508,3437.22
503464,Kindred Dominance (Borderless),Commander Masters,179,179,3436.81
530837,Guardian Project (Anime Borderless),Ravnica Remastered,122,125,3436.12
71086,"Erebos, God of the Dead",Theros,294,302,3435.66
496132,"Esika, God of the Tree",Secret Lair Drop Series,82,82,3433.95
541281,"Emrakul, the World Anew (Borderless)",Modern Horizons 3,108,112,3433.45
498325,Gandalf the White,Universes Beyond: The Lord of the Rings: Tales of Middle-earth,426,428,3433.1
526862,Bloodletter of Aclazotz,Promo Pack: The Lost Caverns of Ixalan,99,101,3432.3
273342,Nature's Lore,Commander Legends: Battle for Baldur's Gate,1037,1131,3432.26
548569,"Miku, Lost but Singing - Azusa, Lost but Seeking (Rainbow Foil)",Secret Lair Drop Series,95,102,3430.64
697122,"Captain America, Liberator",Commander: Marvel Super Heroes,522,534,3427.65
650732,Fable of the Mirror-Breaker,Game Day & Store Championship Promos,67,71,3426.52
450543,Tezzeret the Seeker (1111),Secret Lair Drop Series,81,81,3425.76
555796,Templar Knight,Universes Beyond: Assassin's Creed,636,1853,3425.06
632205,Balamb Garden - Command Beacon (Showcase),FINAL FANTASY: Through the Ages,376,387,3423.24
697181,Professor Hulk,Commander: Marvel Super Heroes,664,745,3423.15
105557,Watery Grave,Zendikar Expeditions,25,26,3421.41
286268,Out of the Tombs,"Universes Beyond: Warhammer 40,000",260,262,3420.93
513095,Up the Beanstalk,Wilds of Eldraine,1041,1269,3420.49
58187,Craterhoof Behemoth,Avacyn Restored,173,174,3420.26
239757,Patriarch's Bidding,Modern Horizons 2,720,770,3419.73
283296,Talisman of Dominance (Retro Frame) (Foil Etched),Secret Lair Drop Series,43,44,3419.03
37935,Swamp - Full Art,Unhinged,115,289,3418.58
60135,Glacial Chasm,From the Vault: Realms,66,66,3418.34
518029,Lord of the Nazgul (Showcase Scrolls),Commander: The Lord of the Rings: Tales of Middle-earth,95,96,3417.89
697572,Lightning Greaves,Commander: Marvel Super Heroes,597,821,3415.35
458047,Mystic Remora,Dominaria Remastered,267,282,3413.02
239756,Subtlety (Borderless),Modern Horizons 2,131,169,3411.85
163893,Grim Monolith - 2000 Jon Finkel (ULG),World Championship Decks,96,121,3410.66
254570,Exquisite Blood,The List Reprints,91,92,3405.62
534560,Afterlife Insurance,Ravnica: Clue Edition,276,285,3404.95
243838,Heroic Intervention,Commander: Adventures in the Forgotten Realms,213,216,3404.59
124011,Tymna the Weaver,Commander 2016,132,133,3403.38
69953,Silence,Magic 2014 (M14),342,375,3401.97
559999,Twenty-Toed Toad,Commander: Bloomburrow,710,935,3401.6
259211,Mystical Tutor,Secret Lair Drop Series,95,95,3400.16
524298,"Indominus Rex, Alpha (Borderless) (Emblem)",Universes Beyond: Jurassic World Collection,3,3,3398.99
276918,Food Chain,Double Masters 2022,78,79,3397.06
104816,Sacred Foundry,Zendikar Expeditions,32,36,3396.41
582979,"Klauth, Unrivaled Ancient",The List Reprints,243,258,3395.67
243428,Hobgoblin Bandit Lord,Adventures in the Forgotten Realms,613,636,3395.29
201090,Chalice of the Void,Judge Promos,35,80,3394.1
480497,Massacre Girl,Secret Lair Drop Series,77,80,3393.62
100009,Chandra's Ignition,Magic Origins,553,593,3393.17
273524,"Baeloth Barrityl, Entertainer",Commander Legends: Battle for Baldur's Gate,274,277,3392.64
668488,Force of Vigor (Borderless),Marvel Universe Eternal-Legal,593,688,3391.22
630927,Tifa Lockhart,FINAL FANTASY,985,1217,3391.16
11791,Crucible of Worlds,Fifth Dawn,115,117,3391.03
6495,Dark Ritual,Mercadian Masques,459,645,3390.94
641742,"Susur Secundi, Void Altar",Edge of Eternities,695,774,3388.19
191578,Carrion Feeder,Modern Horizons,713,810,3387.27
632696,Nibelheim Aflame,FINAL FANTASY,677,707,3387.01
697330,"Spider-Man, New Champion",Commander: Marvel Super Heroes,516,540,3386.62
648733,Avatar Aang,Avatar: The Last Airbender,825,946,3386.58
457258,Mystical Tutor (Retro Frame),Dominaria Remastered,199,205,3386.27
555901,Sword of Light and Shadow,Universes Beyond: Assassin's Creed,458,508,3383.86
14308,Norin the Wary,Time Spiral,174,179,3383.79
526134,"Anim Pakal, Thousandth Moon",The Lost Caverns of Ixalan,661,688,3382.07
243256,"Delina, Wild Mage",Adventures in the Forgotten Realms,468,491,3381.67
696269,"The Sentry, Golden Guardian (Borderless)",Marvel Super Heroes,1128,1308,3381.36
689925,Counterspell (Retro Frame),MagicFest Cards,388,813,3381.0
5024,Dark Ritual,Mirage,699,901,3380.88
504300,Reliquary Tower (Borderless),Commander Masters,398,423,3380.59
662013,Demonic Consultation,Secret Lair Countdown Kit,348,401,3378.79
72130,Goblin Sharpshooter,Commander 2013,135,136,3378.69
222002,"Valakut, the Molten Pinnacle",Zendikar Rising Expeditions,109,121,3377.71
532984,Gamble (Borderless),Special Guests,105,106,3377.55
534569,"Amzu, Swarm's Hunger",Ravnica: Clue Edition,178,180,3376.16
541261,Thoughtseize,Outlaws of Thunder Junction: Breaking News,403,532,3375.66
82202,Sage of Hours,Journey Into Nyx,276,279,3373.94
228311,Mana Confluence,Buy-A-Box Promos,90,93,3372.18
689386,Bring to Light (JP Alternate Art) (Silver Scroll Foil),Secrets of Strixhaven: Mystical Archive,188,206,3371.5
251801,Great Furnace,Secret Lair Drop Series,81,89,3368.23
494004,Walking Ballista (1265) (Halo Foil),Secret Lair Drop Series,51,53,3366.63
520214,Displaced Dinosaurs,Universes Beyond: Doctor Who,426,535,3366.63
680775,Mental Misstep (2373),Secret Lair Drop Series,179,195,3365.2
698222,"Skybreaker, Sword of Bashenga - Sword of the Animist",Commander: Marvel Super Heroes,447,859,3362.95
499504,Toxic Deluge,Commander: The Lord of the Rings: Tales of Middle-earth,498,589,3362.94
126282,Defense Grid,Masterpiece Series: Kaladesh Inventions,24,24,3362.18
688938,Shamanic Revelation (JP Alternate Art) (Silver Scroll Foil),Secrets of Strixhaven: Mystical Archive,205,207,3357.44
286549,Sister Hospitaller,"Universes Beyond: Warhammer 40,000",272,272,3356.77
212789,"Kinnan, Bonder Prodigy (Extended Art)",Ikoria: Lair of Behemoths,59,63,3356.53
216178,Craterhoof Behemoth,Jumpstart,171,172,3356.5
451966,Defense Grid,The Brothers' War: Retro Frame Artifacts,464,505,3355.92
517693,Godless Shrine (Borderless),Ravnica Remastered,128,134,3355.02
688982,Petrified Hamlet,Secrets of Strixhaven,1755,3061,3354.22
235374,Ephemerate (JP Alternate Art),Strixhaven: Mystical Archive,80,88,3354.2
679567,Continue?,Commander: Teenage Mutant Ninja Turtles,761,1110,3353.85
549476,tOrMEnt oF hAiLFiRe (Rainbow Foil),Secret Lair Drop Series,63,63,3349.82
504530,Kodama's Reach (Borderless),Commander Masters,836,2041,3347.48
679797,"Krang, the All-Powerful (Borderless) (Surge Foil)",Commander: Teenage Mutant Ninja Turtles,73,73,3347.41
539569,Mantle of the Ancients,Universes Beyond: Fallout,380,413,3346.26
187186,Dovin's Veto,War of the Spark,920,996,3346.25
675592,Stock Up (JP Alternate Art),Secrets of Strixhaven: Mystical Archive,662,862,3345.96
563080,Dark Ritual (Future Sight),Mystery Booster 2,148,174,3344.84
632195,"Warrior of Light - Jodah, the Unifier (Showcase)",FINAL FANTASY: Through the Ages,417,431,3344.22
674658,Mindcrank (2456),Secret Lair Drop Series,252,268,3344.12
129545,Force of Will,Masterpiece Series: Amonkhet Invocations,10,10,3343.94
689362,Sheoldred's Edict (JP Alternate Art),Secrets of Strixhaven: Mystical Archive,430,465,3341.48
230161,Goldspan Dragon,Kaldheim,332,339,3339.43
596628,Brightglass Gearhulk,Aetherdrift,469,592,3338.8
503426,"Urza, Lord High Artificer",Commander Masters,213,223,3338.77
457280,Maze of Ith (Borderless),Dominaria Remastered,271,285,3337.32
235385,Teferi's Protection (JP Alternate Art),Strixhaven: Mystical Archive,39,39,3335.96
656768,The Destined White Mage (Borderless),Commander: FINAL FANTASY,304,335,3335.35
5351,Grave Pact,Stronghold,113,114,3334.96
693443,Breath of Fury,Secret Lair Drop Series,312,386,3334.94
631303,Thought Vessel,Commander: FINAL FANTASY,874,1364,3334.76
517651,Overgrown Tomb (Retro Frame),Ravnica Remastered,125,141,3333.22
475521,"Elesh Norn, Mother of Machines (Concept Praetor)",Phyrexia: All Will Be One,73,74,3331.19
688958,Shared Roots (JP Alternate Art) (Silver Scroll Foil),Secrets of Strixhaven: Mystical Archive,200,205,3330.4
100096,Starfield of Nyx,Magic Origins,215,217,3330.38
671511,Collective Inferno (Showcase) (Fracture Foil),Lorwyn Eclipsed,51,52,3329.9
641752,Exalted Sunborn (Extended Art),Edge of Eternities,142,150,3328.77
557921,Llanowar Elves,Foundations,2470,4931,3327.57
517538,Cavern of Souls (0410c) (Borderless),The Lost Caverns of Ixalan,6,6,3325.88
6931,Lifeline,Urza's Saga,86,98,3325.72
240103,Endurance,Modern Horizons 2,377,493,3322.64
136705,Obelisk Spider,Hour of Devastation,673,761,3322.12
544275,"The Gitrog, Ravenous Ride",Outlaws of Thunder Junction,510,537,3322.07
646151,"Spider-Man, Miles Morales",Marvel's Spider-Man: Eternal-Legal,326,346,3320.98
578073,"Marvin, Murderous Mimic (Showcase)",Duskmourn: House of Horror,435,452,3320.86
3203,Ifh-Biff Efreet,Arabian Nights,26,28,3317.7
499578,"Arwen, Weaver of Hope",Commander: The Lord of the Rings: Tales of Middle-earth,736,853,3317.56
687493,Teacher's Pest,Secrets of Strixhaven,1304,2007,3316.18
239428,Misty Rainforest (Retro Frame) (Foil Etched),Modern Horizons 2,74,82,3314.3
688860,Bulk Up (JP Alternate Art) (Silver Scroll Foil),Secrets of Strixhaven: Mystical Archive,222,223,3313.51
687634,"Gyome, Master Chef",Commander: Secrets of Strixhaven,1097,1713,3313.48
91188,Sliver Hivelord,Magic 2015 (M15),172,187,3313.18
505834,Spectator Seating (Borderless),Commander Masters,174,174,3312.25
697123,"Captain America, Skybound",Commander: Marvel Super Heroes,583,598,3312.21
688957,Stargaze (JP Alternate Art) (Silver Scroll Foil),Secrets of Strixhaven: Mystical Archive,227,231,3311.76
552815,Dreamtide Whale,Modern Horizons 3,1280,1491,3310.01
12088,Marrow-Gnawer,Champions of Kamigawa,128,130,3309.55
32780,Lotus Petal,From the Vault: Exiled,25,27,3308.53
643058,Inkmoth Nexus (0020) (Borderless),Edge of Eternities: Stellar Sights,256,273,3308.27
689838,Talisman of Indulgence,Secret Lair Drop Series,468,599,3308.21
506767,Skittering Cicada,Commander Masters,257,269,3307.96
504625,Deflecting Swat (Foil Etched),Commander Masters,29,29,3305.58
39528,Gut Shot,New Phyrexia,390,574,3304.35
37961,Argothian Enchantress,Judge Promos,8,10,3302.83
634440,The Masamune (Borderless),FINAL FANTASY,477,486,3301.74
503362,Jet Medallion,Commander Masters,292,305,3301.72
552312,Flare of Duplication,Modern Horizons 3,1162,1854,3300.57
253435,Swamp (272),Innistrad: Crimson Vow,596,2665,3300.18
563287,Thornbite Staff (White Border),Mystery Booster 2,263,270,3300.07
449115,Black Lotus,30th Anniversary Edition,1,1,3299.99
696478,Captain America's Shield (Borderless) (0311),Marvel Super Heroes,663,689,3299.38
689361,Sheoldred's Edict,Secrets of Strixhaven: Mystical Archive,1144,1306,3298.88
210422,Marrow-Gnawer,The List Reprints,112,112,3295.78
169342,Psychic Corrosion,Core Set 2019,582,599,3292.68
151824,Plains,Unstable,318,960,3292.18
563209,Show and Tell (Future Sight),Mystery Booster 2,256,317,3291.51
504578,Balefire Dragon,Commander Masters,188,189,3289.94
219499,Toxic Deluge (Borderless),Double Masters,95,97,3289.79
630916,Herald's Horn (Extended Art),Buy-A-Box Promos,472,524,3289.2
525608,Pitiless Plunderer (Borderless),Special Guests,131,133,3289.14
33412,Roil Elemental,Zendikar,295,319,3287.93
560007,Swarmyard Massacre,Commander: Bloomburrow,576,680,3287.49
6547,Gush,Mercadian Masques,350,683,3287.18
93202,Brave the Sands,Khans of Tarkir,838,888,3286.84
632126,Aerith's Curaga Magic - Heroic Intervention,Secret Lair Drop Series,158,172,3285.78
119727,Mana Drain,Judge Promos,20,20,3285.15
689921,Lightning Greaves (2526),Secret Lair Drop Series,474,602,3284.9
506648,It That Betrays,Commander Masters,222,226,3283.7
630922,"Jill, Shiva's Dominant (Borderless) (Surge Foil)",FINAL FANTASY,130,132,3283.09
677185,Nature's Lore (2278),Secret Lair Drop Series,102,103,3282.4
67322,Stomping Ground,Gatecrash,338,392,3282.25
9223,Taiga,Unlimited Edition,5,7,3281.96
544263,Morbid Opportunist (Borderless),Special Guests,131,132,3281.79
215311,Eye of Ugin,Judge Promos,36,42,3280.47
633173,"Joshua, Phoenix's Dominant (Borderless) (Surge Foil)",FINAL FANTASY,138,138,3280.08
656908,Fishing Gear (Borderless),Commander: FINAL FANTASY,327,341,3279.54
38261,Natural Order,Judge Promos,17,20,3278.72
456636,Mental Misstep (1179),Secret Lair Drop Series,27,27,3277.57
609780,Cathars' Crusade (Showcase),Innistrad Remastered,204,205,3275.29
689824,"Deadpool, Trading Card (7127)",Secret Lair Drop Series,39,40,3274.97
3190,Erhnam Djinn,Arabian Nights,9,9,3274.69
697207,"Namor, Scourge of the Seas",Commander: Marvel Super Heroes,569,575,3274.65
58195,Angel of Jubilation,Avacyn Restored,278,284,3273.39
4061,Underworld Dreams,Legends,44,52,3271.81
588015,Sol Ring (1734) (Rainbow Foil),Secret Lair Drop Series,184,232,3270.28
631547,Swiftfoot Boots,Commander: FINAL FANTASY,1040,1393,3269.1
235248,Dark Ritual (JP Alternate Art) (Foil Etched),Strixhaven: Mystical Archive,51,52,3268.99
524259,Chalice of the Void (Borderless),Commander: The Lost Caverns of Ixalan,101,118,3268.88
696350,Arc Reactor (Borderless),Marvel Super Heroes,1051,1246,3268.7
240233,"Yavimaya, Cradle of Growth (Extended Art)",Modern Horizons 2,126,130,3266.81
642804,Phyrexian Metamorph,Commander: Edge of Eternities,990,1419,3265.76
646521,"Katara, the Fearless (Extended Art)",Media Promos,30,30,3265.74
454829,"Kibo, Uktabi Prince (Extended Art)",Launch Party & Release Event Promos,262,334,3265.21
457084,"Yawgmoth, Thran Physician",Dominaria Remastered,92,92,3265.16
164409,Ancient Tomb - 1999 Kai Budde (TMP),World Championship Decks,48,67,3261.86
541303,Windswept Heath (Extended Art),Modern Horizons 3,196,208,3261.66
4232,Shield Sphere,Alliances,358,404,3261.62
544313,Vaultborn Tyrant (Showcase) (Raised Foil),Outlaws of Thunder Junction: The Big Score,13,13,3261.58
4751,Jeweled Amulet,Ice Age,421,494,3260.76
587948,Void Winnower,Game Day & Store Championship Promos,35,35,3260.04
10417,Aphetto Alchemist,Onslaught,347,535,3257.94
651988,"Chameleon, Master of Disguise",Marvel's Spider-Man,1368,2026,3257.86
689055,"Blech, Loafing Pest",Secrets of Strixhaven,1773,2468,3255.93
135056,"Razaketh, the Foulblooded",Hour of Devastation,237,240,3253.09
82233,"Athreos, God of Passage",Journey Into Nyx,204,213,3252.98
641831,"Uthros, Titanic Godcore (Borderless)",Edge of Eternities,234,237,3252.94
579343,Walk-In Closet // Forgotten Cellar,Duskmourn: House of Horror,421,432,3250.23
565211,Dolmen Gate (Rainbow Foil),Secret Lair Drop Series,113,117,3248.64
686668,Giant Growth (JP Alternate Art) (Silver Scroll Foil),Secrets of Strixhaven: Mystical Archive,195,204,3248.4
555909,Fiery Islet (Borderless),Universes Beyond: Assassin's Creed,223,253,3245.84
563303,Walking Ballista (Future Sight),Mystery Booster 2,206,212,3245.82
6553,Hickory Woodlot,Mercadian Masques,483,881,3243.43
617964,Deflecting Swat,Secret Lair Drop Series,40,40,3242.45
625715,"Ugin, Eye of the Storms",Promo Pack: Tarkir: Dragonstorm,76,76,3239.19
121181,Umezawa's Jitte,From the Vault: Lore,136,160,3239.15
553182,Ramunap Excavator,Commander: Modern Horizons 3,552,599,3238.22
456739,Sol Ring,Starter Commander Decks,684,1932,3237.61
5889,Natural Order,Visions,79,91,3236.51
559524,Rottenmouth Viper (Borderless),Bloomburrow,243,263,3235.78
13270,Elves of Deep Shadow,Ravnica: City of Guilds,767,991,3235.57
534079,"Anzrag, the Quake-Mole",Murders at Karlov Manor,550,575,3234.87
631049,"Noctis, Prince of Lucis (Borderless) (Surge Foil)",FINAL FANTASY,85,85,3234.76
218371,Cyclonic Rift (Borderless),Double Masters,67,67,3233.84
222763,"Nykthos, Shrine to Nyx",The List Reprints,58,59,3233.22
679191,Dark Leo & Shredder (Showcase) (Fracture Foil),Teenage Mutant Ninja Turtles,25,25,3233.1
269734,Change of Plans,Commander: Streets of New Capenna,336,350,3231.99
617852,"Miku, Font of Pop - Giada, Font of Hope",Secret Lair Drop Series,141,191,3230.76
212168,Species Specialist,Commander 2020,296,298,3228.88
518684,Sylvan Tutor (Borderless),Commander: The Lord of the Rings: Tales of Middle-earth,51,51,3228.46
587994,Captain America's Aid - Sigarda's Aid (Rainbow Foil),Secret Lair Drop Series,157,162,3224.9
265376,Xander's Lounge (Borderless),Streets of New Capenna,138,138,3224.7
525908,Herald of Secret Streams,Commander: The Lost Caverns of Ixalan,485,493,3223.8
2290,Necropotence,Fifth Edition,94,97,3223.62
239612,Sword of Hearth and Home (Borderless),Modern Horizons 2,113,120,3220.71
696541,"Nick Fury, Agent of S.H.I.E.L.D. (Borderless) (0357)",Marvel Super Heroes,641,656,3220.49
517663,Breeding Pool (Retro Frame),Ravnica Remastered,109,121,3219.15
553545,Lightning Greaves,Commander: Modern Horizons 3,529,693,3218.72
226313,Opposition Agent (Extended Art),Commander Legends,68,70,3218.04
560664,We Want...A SHRUBBERY! - Three Visits,Secret Lair Drop Series,66,68,3217.68
559620,Birds of Paradise (Borderless),Commander: Bloomburrow,182,189,3216.46
687428,Mana Geyser,Commander: Secrets of Strixhaven,1205,1839,3216.1
230137,"Vorinclex, Monstrous Raider (Phyrexian)",Kaldheim,90,94,3215.16
235658,Solve the Equation,Strixhaven: School of Mages,822,866,3214.62
552393,Endurance (Borderless),Special Guests,197,248,3214.3
517701,Breeding Pool (Borderless),Ravnica Remastered,123,139,3213.17
18732,Painter's Servant,Shadowmoor,58,67,3212.85
526440,Thought Vessel (Borderless),Commander: The Lost Caverns of Ixalan,157,160,3212.78
687338,Storm-Kiln Artist,Commander: Secrets of Strixhaven,1230,1756,3212.61
552813,Buried Alive,Modern Horizons 3,1981,2525,3211.57
552635,Marionette Apprentice,Modern Horizons 3,1886,2436,3207.64
114839,Relentless Dead,Shadows over Innistrad,259,271,3206.64
686514,Ancient Stirrings,Secret Lair Showdown,382,785,3206.39
129741,Bontu's Monument,Amonkhet,602,655,3206.12
212031,"Godzilla, Primeval Champion - Titanoth Rex",Ikoria: Lair of Behemoths,275,289,3206.07
512576,Mental Misstep (Phyrexian),Media Promos,16,16,3205.56
513256,Pemmin's Aura,The List Reprints,277,291,3201.58
697048,Heroic Feast,Marvel Super Heroes,1600,3346,3201.13
581986,Ophidian Eye,The List Reprints,263,269,3200.77
221307,Seedborn Muse,Commander Collection: Green,155,156,3199.58
631208,Champion's Helm,Commander: FINAL FANTASY,876,1167,3198.96
190993,Fallen Shinobi,Modern Horizons,390,412,3197.9
590876,Scrawling Crawler (Borderless),Foundations,277,285,3196.64
688688,Planar Engineering (Extended Art),Secrets of Strixhaven,710,803,3196.37
530999,Deathrite Shaman (Retro Frame),Ravnica Remastered,216,294,3195.02
615206,Stridehangar Automaton,Commander: Aetherdrift,911,1263,3193.76
243625,Gemstone Caverns,The List Reprints,60,60,3193.61
696282,"Mister Fantastic, Reed Richards (Borderless)",Marvel Super Heroes,1968,3191,3193.35
563095,Underworld Breach (Future Sight),Mystery Booster 2,243,248,3193.16
679871,Big Mother Mouser (Borderless) (Surge Foil),Commander: Teenage Mutant Ninja Turtles,63,67,3192.43
4480,Didgeridoo,Homelands,170,253,3191.8
191075,Crashing Footfalls,Modern Horizons,531,1115,3190.8
284314,Chain of Smog,The List Reprints,380,388,3190.26
513356,Blind Obedience,Wilds of Eldraine: Enchanting Tales,540,557,3189.34
660612,Lifelong Friendship - Eladamri's Call (Borderless),Avatar: The Last Airbender: Eternal-Legal,277,280,3188.75
517685,Birds of Paradise (Anime Borderless),Ravnica Remastered,169,191,3185.03
12249,Disrupting Shoal,Betrayers of Kamigawa,133,192,3184.25
559729,Jacked Rabbit,Commander: Bloomburrow,741,1263,3182.87
272914,Archivist of Oghma,Commander Legends: Battle for Baldur's Gate,401,410,3178.16
552643,"Phlage, Titan of Fire's Fury (Borderless)",Modern Horizons 3,161,188,3177.86
221819,Wasteland,Zendikar Rising Expeditions,82,100,3177.56
552311,"Eladamri, Korvecdal",Modern Horizons 3,622,686,3176.64
36314,Platinum Emperion,Scars of Mirrodin,177,185,3175.14
671768,Twilight Diviner,Lorwyn Eclipsed,1008,1129,3174.97
664723,Torment of Hailfire (2287) (Rainbow Foil),Secret Lair Drop Series,88,88,3173.87
560030,Swarmyard,Commander: Bloomburrow,642,795,3173.53
633419,Hope Estheim (Borderless) (Surge Foil),FINAL FANTASY,118,118,3173.35
539631,"Codsworth, Handy Helper (Extended Art)",Universes Beyond: Fallout,113,118,3172.27
591806,Garruk's Uprising,Foundations,1808,2662,3172.19
219004,Mesmeric Orb,Double Masters,171,179,3171.46
677480,Tortured Existence,Secret Lair Drop Series,238,264,3170.78
696130,Feral Felix  - Barrowgoyf,Secret Lair Drop Series,75,163,3168.47
490365,"Vorinclex, Voice of Hunger",March of the Machine: Multiverse Legends,236,237,3167.65
273666,Passionate Archaeologist,Commander Legends: Battle for Baldur's Gate,202,204,3164.49
478543,Norn's Choirmaster,Commander: Phyrexia: All Will Be One,166,203,3163.03
36312,Contagion Engine,Scars of Mirrodin,234,241,3162.78
204371,Revel in Riches,The List Reprints,159,160,3161.9
499368,Elven Chorus,Universes Beyond: The Lord of the Rings: Tales of Middle-earth,749,828,3161.67
499375,"Fangorn Forest - Yavimaya, Cradle of Growth (Borderless) (Surge Foil)",Commander: The Lord of the Rings: Tales of Middle-earth,16,16,3159.81
226662,Court of Ambition,Commander Legends,571,588,3159.3
204564,Sliver Hivelord,The List Reprints,168,193,3157.62
556388,Desynchronization,Universes Beyond: Assassin's Creed,651,736,3157.51
553328,Malevolent Rumble,Modern Horizons 3,1540,4635,3156.49
218370,Cyclonic Rift,Double Masters,94,94,3154.84
563301,Urza's Bauble (Future Sight),Mystery Booster 2,185,215,3154.46
517689,Steam Vents (Borderless),Ravnica Remastered,132,149,3153.47
656883,"Edea, Possessed Sorceress (Borderless)",Commander: FINAL FANTASY,320,332,3151.79
579079,Whip of Erebos,Commander: Duskmourn: House of Horror,394,417,3151.1
697261,"Kingpin, Wilson Fisk",Commander: Marvel Super Heroes,639,780,3148.39
265381,Ziatora's Proving Ground (Borderless),Streets of New Capenna,139,139,3147.38
503384,Land Tax,Commander Masters,143,145,3146.23
38344,Wasteland,Magic Player Rewards,7,8,3143.92
118587,Pyroblast,Eternal Masters,192,250,3143.78
105552,Marsh Flats,Zendikar Expeditions,16,16,3140.13
624152,Swords to Plowshares,Commander: Tarkir: Dragonstorm,1507,2211,3137.42
631194,Propaganda,Commander: FINAL FANTASY,815,959,3136.73
269353,Twinning Staff,Commander: Streets of New Capenna,171,171,3136.02
501884,"Syr Konrad, the Grim",Secret Lair Drop Series,63,63,3132.56
609647,Hermit Druid,Innistrad Remastered,340,355,3130.85
11312,Great Furnace,Mirrodin,588,979,3129.72
128633,Cavern of Souls,Modern Masters 2017,53,63,3129.7
52208,Balefire Dragon,Innistrad,193,198,3128.34
484546,Jin-Gitaxias,March of the Machine,292,293,3126.8
110905,Thought-Knot Seer,Oath of the Gatewatch,339,593,3125.83
167825,Seedborn Muse,Battlebond,195,205,3124.42
505114,Sliver Hivelord,Commander Masters,174,192,3123.65
696664,Earth's Mightiest Heroes,Marvel Super Heroes,955,1406,3121.98
451434,Ashnod's Altar (Schematic),The Brothers' War: Retro Frame Artifacts,147,149,3121.41
630957,"Clive, Ifrit's Dominant",FINAL FANTASY,626,663,3121.14
528290,Thought Vessel (1495) (Galaxy Foil),Secret Lair Drop Series,83,83,3120.49
645476,Quantum Riddler,Promo Pack: Edge of Eternities,70,80,3118.76
503406,Spellseeker (Borderless),Commander Masters,162,165,3118.38
453144,Urza's Workshop,Commander: The Brothers' War,140,152,3117.6
499878,"Sting, the Glinting Dagger",Universes Beyond: The Lord of the Rings: Tales of Middle-earth,693,796,3116.9
457119,No Mercy (Borderless),Dominaria Remastered,139,143,3114.55
688869,Hop to It (JP Alternate Art) (Silver Scroll Foil),Secrets of Strixhaven: Mystical Archive,188,197,3113.47
478415,"Otharri, Suns' Glory",Commander: Phyrexia: All Will Be One,347,356,3113.34
10199,Envelop,Judgment,408,944,3112.86
660560,Fated Firepower (Borderless),Avatar: The Last Airbender,160,161,3111.5
10956,Sliver Overlord,Scourge,83,83,3111.41
697609,"Crystal, Inhuman Princess",Commander: Marvel Super Heroes,610,700,3111.23
679602,Big Mother Mouser,Commander: Teenage Mutant Ninja Turtles,1122,1816,3110.97
541424,Bottle-Cap Blast,Universes Beyond: Fallout,451,714,3109.49
651137,"Iron Spider, Stark Upgrade (Borderless)",Media Promos,73,75,3109.33
519748,Wound Reflection,Universes Beyond: Doctor Who,363,376,3107.25
196486,Dockside Extortionist,Commander 2019,265,301,3106.93
633126,Wild Rose Rebellion - Counterspell (Showcase),FINAL FANTASY: Through the Ages,870,1028,3105.82
499968,Bilbo's Ring,Universes Beyond: The Lord of the Rings: Tales of Middle-earth,221,224,3104.49
27235,Ward of Bones,Eventide,122,125,3102.12
167709,Doubling Season,Battlebond,89,89,3098.8
187122,Flux Channeler,War of the Spark,853,1007,3098.66
559925,Thran Dynamo,Commander: Bloomburrow,559,776,3097.75
91041,Sliver Hive,Magic 2015 (M15),253,274,3096.65
558683,"Zoraline, Cosmos Caller (Borderless) (Raised Foil)",Bloomburrow,25,25,3096.61
662461,Entomb (Showcase),Avatar: The Last Airbender: Eternal-Legal,230,233,3092.92
523077,Sol Ring (Borderless),Universes Beyond: Fallout,72,74,3092.29
262726,Farewell,Kamigawa: Neon Dynasty,478,510,3090.26
697288,"Black Widow, Daring Operative",Commander: Marvel Super Heroes,172,180,3089.1
221791,Lotus Cobra (Showcase),Zendikar Rising,479,524,3088.44
588020,Inventors' Fair (Rainbow Foil),Secret Lair Drop Series,196,200,3085.46
190981,Mox Tantalite,Modern Horizons,225,254,3084.48
457142,Crop Rotation,Dominaria Remastered,711,888,3084.09
587995,Flawless Maneuver,Secret Lair Drop Series,120,126,3081.92
122866,Sword of Fire and Ice,Masterpiece Series: Kaladesh Inventions,18,18,3080.91
448412,"Urza, Lord Protector",The Brothers' War,292,293,3079.78
525774,Apex Altisaur,Commander: The Lost Caverns of Ixalan,355,400,3077.66
641832,"Uthros, Titanic Godcore (Borderless) (Galaxy Foil)",Edge of Eternities,74,77,3076.9
229265,Starnheim Aspirant,Kaldheim,333,353,3076.51
641997,Oracle of Mul Daya,Commander: Edge of Eternities,971,1143,3076.47
499872,Flame of Anor,Universes Beyond: The Lord of the Rings: Tales of Middle-earth,578,678,3076.36
126329,Whir of Invention,Aether Revolt,473,546,3074.98
235651,Tainted Pact (JP Alternate Art),Strixhaven: Mystical Archive,29,29,3074.66
687664,Command Tower,Commander: Secrets of Strixhaven,2605,5335,3074.48
589775,"Muldrotha, the Gravetide (Showcase)",Foundations,62,63,3074.32
286152,Nurgle's Rot,"Universes Beyond: Warhammer 40,000",180,189,3073.89
230134,Masked Vandal,Kaldheim,953,1746,3072.3
10254,Lava Dart,Judgment,397,931,3071.94
247877,Arcane Signet (589) (Foil Etched),Secret Lair Drop Series,104,106,3071.62
544477,Smuggler's Surprise,Outlaws of Thunder Junction,671,737,3071.23
656563,"Eirdu, Carrier of Dawn",Lorwyn Eclipsed,694,754,3070.9
545336,Trinisphere,Secret Lair Drop Series,91,107,3070.42
499350,"Lotho, Corrupt Shirriff (Extended Art)",Universes Beyond: The Lord of the Rings: Tales of Middle-earth,214,215,3070.06
679200,The Ooze (Extended Art),Teenage Mutant Ninja Turtles,352,376,3069.64
624279,Will of the Mardu,Commander: Tarkir: Dragonstorm,808,1202,3068.97
509568,Moonshaker Cavalry,Game Day & Store Championship Promos,29,29,3068.53
528286,"Tyrannosaurus Rex - Etali, Primal Storm (Rainbow Foil)",Secret Lair Drop Series,35,35,3068.2
677483,Grim Hireling,Secret Lair Drop Series,181,198,3066.41
615032,The Scarab God,Commander: Aetherdrift,654,729,3064.81
575894,Noxious Revival (Borderless),Special Guests,119,123,3062.31
577829,Scute Swarm,Commander: Duskmourn: House of Horror,402,434,3061.98
491279,Uncivil Unrest,Commander: March of the Machine,159,160,3061.8
3284,Gate to Phyrexia,Antiquities,67,68,3061.5
169152,Goblin Trashmaster,Core Set 2019,347,364,3060.92
126290,Ornithopter,Masterpiece Series: Kaladesh Inventions,25,25,3059.88
532937,Warleader's Call (Showcase),Murders at Karlov Manor,304,309,3059.64
698023,Doom's Time Platform,Commander: Marvel Super Heroes,574,955,3058.91
651942,Superior Spider-Man,Marvel's Spider-Man,870,1202,3058.4
699616,"Hawkeye, Trick Shot (Borderless)",Commander: Marvel Super Heroes,691,709,3057.9
240309,Prismatic Vista (Retro Frame),Modern Horizons,43,46,3057.61
656769,Fated Clash (Borderless),Commander: FINAL FANTASY,354,405,3055.38
688880,Crackle with Power (JP Alternate Art),Secrets of Strixhaven: Mystical Archive,258,262,3055.23
688962,Spell Pierce (JP Alternate Art),Secrets of Strixhaven: Mystical Archive,648,811,3051.71
582344,"Iroas, God of Victory",The List Reprints,244,248,3051.2
624065,Tempest Hawk,Tarkir: Dragonstorm,919,2872,3048.11
226640,"Rograkh, Son of Rohgahh (Foil Etched)",Commander Legends,116,116,3048.03
66661,Utvara Hellkite,Return to Ravnica,246,256,3048.02
680909,Sakashima's Student (2359),Secret Lair Drop Series,113,120,3047.35
673619,Splinter's Technique,Teenage Mutant Ninja Turtles,1135,1416,3046.62
688908,Dismember (JP Alternate Art),Secrets of Strixhaven: Mystical Archive,356,384,3045.53
624549,Dragonologist,Tarkir: Dragonstorm,562,918,3044.74
124419,Burgeoning,Commander 2016,90,91,3044.56
273850,Astral Dragon (Extended Art),Commander Legends: Battle for Baldur's Gate,146,146,3044.55
37982,Enlightened Tutor,Arena Promos,14,15,3044.55
11592,Skullclamp,Darksteel,329,360,3044.21
287522,Clown Car,Unfinity,318,329,3042.84
660596,Fire Lord Azula (0334) (Borderless),Avatar: The Last Airbender,297,297,3041.77
544403,Aven Interrupter,Outlaws of Thunder Junction,655,829,3041.44
513857,Archmage of Echoes,Commander: Wilds of Eldraine,172,173,3041.34
478546,Contaminant Grafter,Commander: Phyrexia: All Will Be One,247,272,3041.22
7792,Eladamri's Call,Planeshift,157,185,3040.86
589747,Exemplar of Light (0011),Foundations,950,1206,3040.8
631488,Sunken Ruins,Commander: FINAL FANTASY,773,912,3039.2
118408,Necropotence,Eternal Masters,84,86,3038.77
624588,Cori-Steel Cutter (Borderless),Tarkir: Dragonstorm,404,561,3038.14
122857,Painter's Servant,Masterpiece Series: Kaladesh Inventions,15,15,3037.93
662787,"Avatar Roku, Firebender (Extended Art)",Avatar: The Last Airbender: Eternal-Legal,165,165,3037.89
512480,Defense of the Heart (Anime Borderless),Wilds of Eldraine: Enchanting Tales,75,75,3037.6
661950,Sundial of the Infinite (Borderless),Avatar: The Last Airbender: Eternal-Legal,272,278,3035.91
697017,"Black Widow, Super Spy (Borderless) (0347)",Marvel Super Heroes,274,301,3035.72
3583,Tormod's Crypt,The Dark,114,140,3033.39
696265,Monica Rambeau (Borderless) (0345),Marvel Super Heroes,353,366,3032.67
239614,Serra's Emissary,Modern Horizons 2,387,412,3032.51
179538,Entomb,Ultimate Masters,166,170,3030.6
504507,"Razaketh, the Foulblooded",Commander Masters,216,218,3030.3
498432,Witch-king of Angmar (Borderless),Universes Beyond: The Lord of the Rings: Tales of Middle-earth,168,176,3029.41
552494,Flusterstorm (Retro Frame),Buy-A-Box Promos,396,462,3027.36
696947,"Scarlet Witch, Chaotic Avenger",Commander: Marvel Super Heroes,507,533,3026.64
651368,Spectacular Spider-Man (0239) (Borderless) (Textured Foil),Marvel's Spider-Man,12,12,3026.36
524576,Get Lost,The Lost Caverns of Ixalan,508,717,3024.09
671483,Bloodline Bidding,Lorwyn Eclipsed,1165,1450,3023.5
503562,Thran Dynamo (Borderless),Commander Masters,536,590,3023.36
643664,Plaza of Heroes (0168) (Borderless) (Galaxy Foil),Edge of Eternities: Stellar Sights,12,12,3021.95
696276,Multiversal Incursion,Marvel Super Heroes,1228,1680,3021.53
253009,Hallowed Haunting,Innistrad: Crimson Vow,298,309,3020.35
651361,"Gwenom, Remorseless (Extended Art)",Marvel's Spider-Man,334,344,3020.16
576892,Unstoppable Slasher (0119),Duskmourn: House of Horror,592,669,3019.96
239427,Marsh Flats (Retro Frame) (Foil Etched),Modern Horizons 2,83,94,3018.65
633977,Memories of Nibelheim - Stroke of Midnight (Showcase),FINAL FANTASY: Through the Ages,814,1065,3017.55
677181,Into the Flood Maw (JP Exclusive),Planeswalker Event Promos,202,281,3017.48
257684,Forest (301) - JP Full Art,Kamigawa: Neon Dynasty,564,1394,3017.13
286331,Canoptek Scarab Swarm,"Universes Beyond: Warhammer 40,000",257,263,3014.13
498462,"Isengard, Saruman's Fortress - Boseiju, Who Shelters All (Borderless)",Commander: The Lord of the Rings: Tales of Middle-earth,171,186,3013.06
660494,Sozin's Comet,Avatar: The Last Airbender,736,777,3013.05
226831,Tymna the Weaver (Foil Etched),Commander Legends,97,98,3012.5
562751,Enduring Tenacity (Showcase) (Fracture Foil),Duskmourn: House of Horror,23,23,3012.07
519738,Cyberman Patrol,Universes Beyond: Doctor Who,442,480,3011.88
190806,Fiery Islet,Modern Horizons,353,445,3010.85
688852,Brotherhood's End (JP Alternate Art) (Silver Scroll Foil),Secrets of Strixhaven: Mystical Archive,199,206,3010.32
276299,Imperial Seal (Foil Etched),Double Masters 2022,13,13,3010.31
638073,Porom's Silence Magic - Silence (Rainbow Foil),Secret Lair Drop Series,403,472,3010.1
687436,Terramorphic Expanse,Secrets of Strixhaven,1320,2762,3010.1
589390,Shroofus Sproutsire (Anime),Foundations Jumpstart,520,600,3009.96
545128,Ancient Cornucopia,Outlaws of Thunder Junction: The Big Score,395,520,3009.53
660594,Fire Lord Azula,Avatar: The Last Airbender,921,1085,3008.68
105560,Wooded Foothills,Zendikar Expeditions,18,18,3008.38
233569,Silence,Time Spiral: Remastered,129,139,3007.7
450561,Thoughtseize (Borderless) (Foil Etched),Secret Lair Drop Series,63,84,3007.56
9143,Mox Emerald,Unlimited Edition,1,1,3004.97
673644,Ravenous Robots,Teenage Mutant Ninja Turtles,1005,1362,3004.17
575891,Sacrifice (Borderless),Special Guests,130,130,3003.97
9070,Gauntlet of Might,Unlimited Edition,7,7,3002.63
126294,Staff of Domination,Masterpiece Series: Kaladesh Inventions,13,13,3002.51
8007,Pernicious Deed,Apocalypse,89,127,3001.86
161536,Pact of Negation,Masters 25,135,143,3001.42
696653,The Serpent Society (Extended Art),Marvel Super Heroes,613,679,2999.52
38142,Quirion Ranger,FNM Promos,16,18,2997.93
615159,Adaptive Omnitool,Commander: Aetherdrift,1200,1787,2996.58
240032,Sanctum Weaver,Modern Horizons 2,692,725,2995.9
451927,Altar of Dementia (Schematic),The Brothers' War: Retro Frame Artifacts,107,109,2995.41
511871,Commander's Plate (1339),Secret Lair Drop Series,42,42,2995.36
583112,Noble Hierarch,The List Reprints,259,274,2994.44
499313,"Herugrim, Sword of Rohan - Sword of Hearth and Home (Borderless)",Commander: The Lord of the Rings: Tales of Middle-earth,127,129,2994.18
631165,Summon: Yojimbo,Commander: FINAL FANTASY,699,1699,2993.72
268665,Professional Face-Breaker,Streets of New Capenna,481,489,2993.54
591833,"Loot, Exuberant Explorer",Foundations,976,1069,2993.35
155642,Polyraptor,Rivals of Ixalan,185,189,2992.26
450601,"Ghazghkull, Prophet of the Waaagh! - Zurgo Helmsmasher (Borderless)",Secret Lair Drop Series,64,64,2990.81
630962,"Clive, Ifrit's Dominant (0385) (Borderless)",FINAL FANTASY,270,273,2989.97
659036,Passionate Archaeologist,Secret Lair Drop Series,196,219,2989.91
513961,Shared Animosity,Wilds of Eldraine: Enchanting Tales,620,685,2989.71
686562,Smallpox (JP Alternate Art) (Silver Scroll Foil),Secrets of Strixhaven: Mystical Archive,151,154,2989.59
517537,Cavern of Souls (Neon Yellow),WPN & Gateway Promos,28,33,2987.61
276353,"Ulamog, the Infinite Gyre",Double Masters 2022,81,81,2987.35
688819,Pongify (JP Alternate Art),Secrets of Strixhaven: Mystical Archive,414,422,2986.0
526242,Charismatic Conqueror (Extended Art),Commander: The Lost Caverns of Ixalan,107,108,2985.7
559918,Thought Vessel,Commander: Bloomburrow,846,983,2983.07
679085,"Donatello, Gadget Master (Showcase) (Fracture Foil)",Teenage Mutant Ninja Turtles,28,28,2981.2
212235,Drannith Magistrate (Extended Art),Ikoria: Lair of Behemoths,121,128,2980.43
38238,Demonic Tutor,Judge Promos,9,9,2980.07
651370,Spectacular Spider-Man (0241) (Borderless) (Textured Foil),Marvel's Spider-Man,15,15,2977.53
688853,Bitter Triumph (JP Alternate Art) (Silver Scroll Foil),Secrets of Strixhaven: Mystical Archive,251,259,2976.81
8984,Bayou,Unlimited Edition,5,5,2976.0
634950,Garnet Til Alexandros 17th - Loran of the Third Path (Showcase),FINAL FANTASY: Through the Ages,373,387,2975.26
450558,Carrion Feeder (Borderless) (Foil Etched),Secret Lair Drop Series,64,67,2974.89
490357,"Jin-Gitaxias, Core Augur",March of the Machine: Multiverse Legends,226,226,2974.35
242364,Dryad of the Ilysian Grove,Secret Lair Drop Series,74,82,2973.41
630987,Zenos yae Galvus (Borderless) (Surge Foil),FINAL FANTASY,125,127,2972.87
283299,Talisman of Indulgence (Retro Frame) (Foil Etched),Secret Lair Drop Series,46,46,2972.47
563288,"Titania, Protector of Argoth (Future Sight)",Mystery Booster 2,13,13,2972.26
575282,Twitching Doll,Duskmourn: House of Horror,1008,1095,2970.91
662019,Gray Merchant of Asphodel,Secret Lair Countdown Kit,299,310,2970.65
257685,Forest (302) - JP Full Art,Kamigawa: Neon Dynasty,537,1215,2969.4
240231,"Yavimaya, Cradle of Growth (Retro Frame)",Modern Horizons 2,120,135,2966.92
687235,Twinflame,Commander: Secrets of Strixhaven,1217,2048,2965.79
203227,Defense of the Heart,The List Reprints,124,128,2963.6
559521,Rottenmouth Viper,Bloomburrow,466,538,2962.75
589360,Progenitus (Showcase) (Fracture Foil),Foundations,10,10,2960.99
240245,Endurance (Borderless),Modern Horizons 2,163,199,2958.18
559739,Swords to Plowshares (Borderless),Special Guests,110,112,2958.09
512548,Intruder Alarm,Wilds of Eldraine: Enchanting Tales,594,619,2956.88
21467,Mana Crypt,Media Promos,20,22,2956.83
6349,No Mercy,Urza's Legacy,126,126,2955.89
687667,Arcane Lighthouse,Commander: Secrets of Strixhaven,957,1818,2954.31
563131,Basalt Monolith (Future Sight),Mystery Booster 2,165,173,2953.37
60035,Clock of Omens,Magic 2013 (M13),641,696,2952.77
15004,Tarmogoyf,Future Sight,78,124,2951.56
591200,Banner of Kinship (Borderless),Foundations,297,306,2951.1
697195,Daughter of the Deep,Commander: Marvel Super Heroes,556,574,2950.98
6750,Unmask,Mercadian Masques,74,105,2949.02
634413,The Wandering Minstrel (Borderless) (Surge Foil),FINAL FANTASY,117,118,2948.23
582349,"Aesi, Tyrant of Gyre Strait",The List Reprints,267,270,2947.24
679130,"Casey Jones, Vigilante (0296) (Showcase) (Fracture Foil)",Teenage Mutant Ninja Turtles,29,29,2947.2
587993,Captain America's Aid - Sigarda's Aid,Secret Lair Drop Series,105,129,2944.9
656915,Mountain (Chocobo Track Foil),Commander: FINAL FANTASY,462,1477,2943.41
262843,Go-Shintai of Life's Origin,Commander: Kamigawa: Neon Dynasty,238,277,2942.91
679074,"Donatello, Mutant Mechanic (Borderless)",Teenage Mutant Ninja Turtles,355,367,2942.68
662055,Phyrexian Altar (Halo Foil),Secret Lair Countdown Kit,24,24,2941.94
614433,Willowrush Verge (Borderless),Aetherdrift,291,331,2940.28
582347,Grim Hireling,The List Reprints,236,251,2939.37
118418,Mana Crypt,Eternal Masters,48,66,2939.33
646523,"Anti-Venom, Horrifying Healer (Extended Art)",Marvel's Spider-Man,416,430,2938.71
166663,Sea of Clouds,Battlebond,136,139,2938.67
286364,Darkness,"Universes Beyond: Warhammer 40,000",186,190,2937.25
662076,Fire Nation Turret (Borderless),Avatar: The Last Airbender: Eternal-Legal,368,377,2936.06
526083,Branching Evolution,Commander: The Lost Caverns of Ixalan,459,480,2934.38
677291,Guide of Souls,Game Day & Store Championship Promos,251,380,2933.03
699591,"Thanos, Death's Consort (Borderless)",Commander: Marvel Super Heroes,532,560,2932.56
624286,Grand Crescendo,Commander: Tarkir: Dragonstorm,751,889,2931.45
524118,Reliquary Tower (Full Art),MagicFest Cards,166,180,2930.96
692402,Wayfarer's Bauble,MagicFest Cards,239,298,2930.86
560666,Sir Bedivere's Scales - Ashnod's Altar,Secret Lair Drop Series,59,59,2930.56
565194,Exquisite Blood,Secret Lair Drop Series,59,59,2929.68
578924,Witch's Clinic,Commander: Duskmourn: House of Horror,215,229,2928.87
517659,Godless Shrine (Retro Frame),Ravnica Remastered,105,117,2928.53
540041,"Valakut, the Molten Pinnacle",Secret Lair Showdown,42,42,2928.07
7142,Daze,Nemesis,273,553,2927.27
686573,Dreamroot Cascade,Secrets of Strixhaven,1986,2644,2926.52
687423,"Rionya, Fire Dancer",Commander: Secrets of Strixhaven,1088,1962,2925.88
97641,Timetwister (CE),Collector's Edition,4,4,2925.0
697215,"Silver Surfer, Cosmic Voyager",Commander: Marvel Super Heroes,563,590,2924.23
11784,Blasting Station,Fifth Dawn,285,294,2924.21
449596,Birds of Paradise,Dominaria Remastered,210,235,2924.1
517690,Sacred Foundry (Borderless),Ravnica Remastered,128,136,2924.07
190836,"Urza, Lord High Artificer",Modern Horizons,186,200,2923.99
518678,Abyssal Persecutor (Borderless),Commander: The Lord of the Rings: Tales of Middle-earth,84,89,2923.86
577862,Giggling Skitterspike (Extended Art),Commander: Duskmourn: House of Horror,232,256,2923.68
235551,Blade Historian,Strixhaven: School of Mages,510,534,2921.08
540956,Panharmonicon,Universes Beyond: Fallout,453,480,2919.05
575098,Damnation (Borderless),Special Guests,97,100,2918.97
257035,Stomping Ground (Borderless),Unfinity,97,102,2917.8
229274,Elven Ambush,Kaldheim,494,510,2917.74
504603,Demonic Tutor (Foil Etched),Commander Masters,31,31,2917.26
2853,City of Brass,7th Edition,33,47,2916.79
491759,Wrenn's Resolve,March of the Machine,760,1254,2915.84
537385,Sakashima of a Thousand Faces,Secret Lair Drop Series,70,70,2913.93
12498,Oboro Breezecaller,Saviors of Kamigawa,366,504,2912.64
277303,Damnation (Borderless),Double Masters 2022,141,144,2911.82
683007,Slime Against Humanity (7077),Secret Lair Drop Series,12,12,2911.74
218286,Urza's Power Plant (Borderless),Double Masters,107,120,2910.17
623902,Swamp (0289),Tarkir: Dragonstorm,289,382,2907.89
198984,Wishclaw Talisman (Extended Art),Throne of Eldraine,54,54,2906.89
554575,Elvish Mystic (0805),Secret Lair Drop Series,80,110,2906.2
276894,City of Brass,Double Masters 2022,149,157,2905.53
631016,"Yuna, Hope of Spira",FINAL FANTASY,632,682,2902.35
499805,Taunt from the Rampart,Commander: The Lord of the Rings: Tales of Middle-earth,563,638,2902.11
273530,Artificer Class,Commander Legends: Battle for Baldur's Gate,200,202,2901.17
257018,Overgrown Tomb (Borderless),Unfinity,111,120,2900.11
689798,Emeritus of Ideation (Retro Frame) (Serial Numbered) (Double Rainbow Foil),Secrets of Strixhaven,1,1,2900.0
560019,Saw in Half,Commander: Bloomburrow,575,627,2897.22
633119,"Hero of Light - Adeline, Resplendent Cathar (Showcase)",FINAL FANTASY: Through the Ages,393,397,2897.08
38241,Flooded Strand,Judge Promos,9,13,2895.88
36518,Nihil Spellbomb,Scars of Mirrodin,531,1062,2895.46
277166,Emiel the Blessed (Borderless),Double Masters 2022,119,119,2895.04
517696,Overgrown Tomb (Borderless),Ravnica Remastered,134,148,2894.72
553140,"Morophon, the Boundless",Commander: Modern Horizons 3,369,390,2894.45
39519,Geosurge,New Phyrexia,484,587,2893.94
688864,Burst Lightning (JP Alternate Art) (Silver Scroll Foil),Secrets of Strixhaven: Mystical Archive,241,251,2892.56
526132,Swooping Pteranodon (Borderless),Universes Beyond: Jurassic World Collection,256,262,2889.03
532650,Forest (1515),Secret Lair Drop Series,189,408,2887.11
693148,Seasoned Dungeoneer (Retro Frame),Secret Lair Drop Series,69,75,2886.12
33358,Luminarch Ascension,Zendikar,228,243,2885.79
624487,Life from the Loam,Commander: Tarkir: Dragonstorm,539,630,2885.56
257677,Plains (294) - JP Full Art,Kamigawa: Neon Dynasty,556,1281,2885.48
679132,"Raphael, the Nightwatcher (Showcase)",Teenage Mutant Ninja Turtles,145,145,2884.56
524297,"Ellie and Alan, Paleontologists (Borderless) (Emblem)",Universes Beyond: Jurassic World Collection,5,5,2884.11
524341,Don't Move (Borderless),Universes Beyond: Jurassic World Collection,261,265,2883.72
11635,Geth's Grimoire,Darksteel,391,398,2882.78
631610,Bitterblossom (Double Rainbow Foil),Secret Lair Drop Series,58,58,2881.79
633147,Astral Titan - Primeval Titan (Showcase),FINAL FANTASY: Through the Ages,356,417,2878.61
155688,"Nezahal, Primal Tide",Rivals of Ixalan,290,314,2877.97
179518,Mana Vault,Ultimate Masters: Box Toppers,11,11,2877.86
239403,Profane Tutor,Modern Horizons 2,626,706,2877.33
630935,Dark Confidant,FINAL FANTASY,600,668,2876.65
234359,Manifold Key,Time Spiral: Remastered,113,126,2876.06
696239,"Elektra, Daughter of the Hand (Borderless) (0366)",Marvel Super Heroes,557,576,2874.9
677489,Xorn (2495),Secret Lair Drop Series,232,286,2873.63
12167,"Shizo, Death's Storehouse",Champions of Kamigawa,70,71,2873.58
643608,Piko Piko Hammer - Hammer of Nazahn (Rainbow Foil),Secret Lair Drop Series,266,275,2870.57
11358,Fabricate,Mirrodin,389,411,2870.01
233860,Dismember,Time Spiral: Remastered,78,101,2868.88
206253,Sylvan Tutor,Judge Promos,63,63,2868.31
623898,Forest (0291),Tarkir: Dragonstorm,227,273,2867.91
4756,Karplusan Forest,Ice Age,93,142,2866.84
552967,Professional Face-Breaker,Commander: Modern Horizons 3,468,508,2866.73
451904,Staff of Domination,The Brothers' War: Retro Frame Artifacts,268,271,2865.44
509486,"Talion, the Kindly Lord",Wilds of Eldraine,312,322,2865.21
651365,Spectacular Spider-Man (0237) (Borderless) (Textured Foil),Marvel's Spider-Man,13,13,2864.27
506761,Flayer of Loyalties,Commander Masters,175,179,2864.07
499311,Spiteful Banditry,Universes Beyond: The Lord of the Rings: Tales of Middle-earth,381,386,2862.62
221948,Angel of Destiny,Zendikar Rising,309,316,2860.69
662802,Abandoned Air Temple (Extended Art),Avatar: The Last Airbender,295,309,2860.2
517692,Stomping Ground (Borderless),Ravnica Remastered,137,153,2859.04
553181,Hydroelectric Specimen,Modern Horizons 3,1811,2648,2858.49
129750,Oketra's Monument,Amonkhet,635,661,2857.36
240141,Ranger-Captain of Eos (Retro Frame) (Foil Etched),Modern Horizons,52,60,2856.68
222755,Mycosynth Golem,The List Reprints,64,64,2856.68
286475,The Golden Throne,"Universes Beyond: Warhammer 40,000",267,276,2856.38
206928,Thassa's Oracle (Extended Art),Theros Beyond Death,76,76,2856.0
283479,Vodalian Hexcatcher,Dominaria United,523,609,2855.54
477,Imperial Seal,Portal Three Kingdoms,5,5,2854.97
3199,Guardian Beast,Arabian Nights,7,7,2854.96
459038,Mystic Remora (Retro Frame),Dominaria Remastered,204,226,2854.7
697488,Cyberdrive Awakener (Borderless),Marvel Universe Eternal-Legal,718,755,2854.0
523071,Crucible of Worlds (Borderless),Universes Beyond: Fallout,80,81,2851.52
631197,Nature's Lore,Commander: FINAL FANTASY,877,1052,2851.2
563070,Command Tower (Future Sight),Mystery Booster 2,17,17,2850.78
615236,Stock Up,Aetherdrift,732,1246,2850.66
235516,Grapeshot (JP Alternate Art),Strixhaven: Mystical Archive,91,93,2850.61
456574,The AllSpark - Doubling Cube,Secret Lair Drop Series,89,90,2850.16
243777,Wand of Orcus,Commander: Adventures in the Forgotten Realms,207,208,2849.58
208389,Forest,Unsanctioned,474,4153,2848.86
679878,"Mona Lisa, Ever Adaptable",Commander: Teenage Mutant Ninja Turtles,447,494,2848.14
11920,Steelshaper's Gift,Fifth Dawn,305,327,2847.22
493987,Stoneforge Mystic,Secret Lair Drop Series,64,73,2847.19
279253,Growing Rites of Itlimoc,Judge Promos,58,58,2846.76
190787,Nurturing Peatland,Modern Horizons,372,403,2846.22
552829,Necrodominance,Modern Horizons 3,584,920,2845.79
95224,"Ugin, the Spirit Dragon",Fate Reforged,247,261,2844.7
662767,"Katara, Waterbending Master (Extended Art)",Avatar: The Last Airbender: Eternal-Legal,148,149,2844.56
525761,Blade of the Bloodchief,Commander: The Lost Caverns of Ixalan,530,887,2844.55
4266,Thawing Glaciers,Alliances,127,156,2841.79
218282,Urza's Mine (Borderless),Double Masters,103,121,2841.62
696856,Prismatic Vista,Secret Lair Drop Series,76,106,2841.15
517525,The Skullspore Nexus (Borderless),The Lost Caverns of Ixalan,271,282,2839.96
34452,"Thada Adel, Acquisitor",Worldwake,193,195,2839.87
526418,Illustrious Wanderglyph (Extended Art),Commander: The Lost Caverns of Ixalan,174,175,2838.74
578074,"Marvin, Murderous Mimic",Duskmourn: House of Horror,767,877,2838.69
450615,Strip Mine (Borderless) (Galaxy Foil),Secret Lair Drop Series,44,49,2837.81
563271,Seeker of Skybreak (Future Sight),Mystery Booster 2,348,428,2837.49
537704,Rain of Filth (Rainbow Foil),Secret Lair Drop Series,61,61,2837.09
192552,"Kaalia, Zenith Seeker",Core Set 2020,226,230,2835.32
215742,Terror of the Peaks (Extended Art),Core Set 2021,45,45,2835.21
559901,Loran of the Third Path,Commander: Bloomburrow,583,701,2834.66
251752,Blasphemous Act (322),Secret Lair Drop Series,86,86,2833.67
688943,Winds of Abandon (JP Alternate Art),Secrets of Strixhaven: Mystical Archive,231,239,2833.36
484596,Breach the Multiverse (Extended Art),March of the Machine,238,251,2833.11
276356,"Ulamog, the Infinite Gyre (Textured Foil)",Double Masters 2022,31,31,2832.97
660605,"Ozai, the Phoenix King (0335) (Borderless)",Avatar: The Last Airbender,166,168,2832.17
39453,"Sheoldred, Whispering One",Prerelease Cards,147,160,2831.3
124561,Lurking Predators,Commander 2016,154,164,2831.11
38278,Vampiric Tutor,Judge Promos,7,7,2830.63
6207,Masticore,Urza's Destiny,51,68,2830.48
701032,Food Token (0918),Secret Lair Drop Series,204,438,2830.39
609829,Cryptolith Rite (Retro Frame),Innistrad Remastered,438,477,2827.98
688985,Emeritus of Truce (Extended Art),Secrets of Strixhaven,404,420,2827.37
5381,Mortuary,Stronghold,153,157,2824.43
276660,"Emrakul, the Aeons Torn",Double Masters 2022,120,134,2823.25
609691,The Gitrog Monster (Showcase),Innistrad Remastered,177,182,2822.73
287155,Blood Crypt (Borderless) (Galaxy Foil),Unfinity,17,20,2822.73
532955,Lush Portico (Borderless),Murders at Karlov Manor,239,245,2821.7
631034,"Lightning, Army of One (Extended Art)",FINAL FANTASY,117,121,2821.41
10387,Exalted Angel,Onslaught,55,81,2821.09
671019,Manamorphose (Borderless),Special Guests,224,246,2820.07
624420,Dauthi Voidwalker,Commander: Tarkir: Dragonstorm,496,576,2819.35
679058,"Leonardo, Sewer Samurai (Borderless)",Teenage Mutant Ninja Turtles,351,366,2818.08
227229,"Aesi, Tyrant of Gyre Strait",Commander Legends,238,241,2817.89
525383,Mountain,Universes Beyond: Jurassic World Collection,304,448,2817.56
639876,Swamp (0033),Secret Lair Showdown,84,159,2817.43
14809,Simian Spirit Guide,Planar Chaos,422,539,2816.44
541347,"Ezio, Blade of Vengeance",Universes Beyond: Assassin's Creed,266,283,2815.39
12073,"Kokusho, the Evening Star",Champions of Kamigawa,111,112,2815.27
686582,Studious First-Year,Secrets of Strixhaven,2163,4480,2815.06
555954,Bureau Headmaster,Universes Beyond: Assassin's Creed,524,540,2813.73
240140,Ranger-Captain of Eos (Retro Frame),Modern Horizons,38,42,2813.46
35627,Voltaic Key,Magic 2011 (M11),524,563,2813.23
552332,Subtlety (Retro Frame),Modern Horizons 2,125,155,2813.14
240310,Prismatic Vista (Retro Frame) (Foil Etched),Modern Horizons,63,66,2812.68
17968,Declaration of Naught,Morningtide,186,207,2812.37
562095,Echo of Eons (Rainbow Foil),Secret Lair Drop Series,5,5,2812.23
679864,"Mikey & Leo, Chaos & Order (Borderless)",Teenage Mutant Ninja Turtles,349,373,2809.49
581340,Irenicus's Vile Duplication,The List Reprints,254,267,2807.87
526191,Fanatical Offering,The Lost Caverns of Ixalan,819,1707,2807.51
239695,Scurry Oak,Modern Horizons 2,1295,1536,2806.91
617983,"Veyran, Voice of Duality",Secret Lair Drop Series,57,58,2806.05
575068,Razorkin Needlehead (Borderless),Duskmourn: House of Horror,355,369,2804.51
633172,"Joshua, Phoenix's Dominant (Borderless)",FINAL FANTASY,454,475,2803.27
282850,"Cadric, Soul Kindler",Commander: Dominaria United,339,475,2802.53
588039,Storm's Will - Jeska's Will,Secret Lair Drop Series,51,52,2802.06
531347,Sacred Foundry (Retro Frame) (Serial Numbered),Ravnica Remastered,2,2,2800.96
688726,Big Score,Secrets of Strixhaven: Mystical Archive,1063,1133,2800.79
479343,"Drivnod, Carnage Dominus",Phyrexia: All Will Be One,407,417,2799.65
560047,Beastmaster Ascension,Commander: Bloomburrow,592,656,2798.64
478549,Phyresis Outbreak,Commander: Phyrexia: All Will Be One,201,222,2798.35
558323,"Finneas, Ace Archer (Borderless) (Raised Foil)",Bloomburrow,22,22,2796.71
5508,Dark Ritual,Tempest,592,748,2795.76
8025,Shivan Reef,Apocalypse,69,100,2795.73
3481,Ball Lightning,The Dark,80,100,2793.13
544938,Pest Control,Outlaws of Thunder Junction: The Big Score,409,536,2793.05
457094,"Urza, Lord High Artificer (Borderless)",Dominaria Remastered,177,186,2792.98
227009,Mana Drain (Extended Art),Commander Legends,35,35,2792.35
226641,"Rograkh, Son of Rohgahh",Commander Legends,839,965,2791.24
688905,Daze (JP Alternate Art),Secrets of Strixhaven: Mystical Archive,407,461,2790.63
624141,Dracogenesis (0402) (Showcase),Tarkir: Dragonstorm,109,113,2790.09
526893,"Ghalta, Stampede Tyrant",Promo Pack: The Lost Caverns of Ixalan,112,114,2789.41
671510,Collective Inferno (Showcase),Lorwyn Eclipsed,199,203,2789.16
688901,Daze,Secrets of Strixhaven: Mystical Archive,1065,1231,2788.44
227034,"Akroma, Vision of Ixidor",Commander Legends,262,273,2787.62
642807,"Tekuthal, Inquiry Dominus",Commander: Edge of Eternities,830,1824,2787.42
651957,Tangle (Borderless),Marvel Universe Eternal-Legal,394,421,2784.08
251799,Seat of the Synod,Secret Lair Drop Series,72,73,2783.92
638915,Plains (0262) (Borderless),Edge of Eternities,1070,3001,2783.52
544962,Simulacrum Synthesizer (Showcase),Outlaws of Thunder Junction: The Big Score,33,33,2783.03
498419,Mirkwood Bats (Borderless),Universes Beyond: The Lord of the Rings: Tales of Middle-earth,1698,2063,2781.04
38282,Wooded Foothills,Judge Promos,15,19,2780.55
105551,Breeding Pool,Zendikar Expeditions,26,26,2778.47
514313,Beseech the Mirror,Promo Pack: Wilds of Eldraine,136,142,2778.47
662075,Sokka's Charge (Borderless),Avatar: The Last Airbender: Eternal-Legal,401,408,2777.11
37896,Mountain - Full Art,Unhinged,141,295,2777.1
190942,Changeling Outcast,Modern Horizons,1144,1649,2776.06
196546,"Marisi, Breaker of the Coil",Commander 2019,366,371,2776.02
677490,"Prosper, Tome-Bound",Secret Lair Drop Series,216,237,2775.27
544422,Lively Dirge,Outlaws of Thunder Junction,989,1547,2774.89
643696,Sol Ring (2093) (Rainbow Foil),Secret Lair Drop Series,163,174,2774.16
679087,Turtles in Time (Showcase) (Fracture Foil),Teenage Mutant Ninja Turtles,35,35,2773.41
233495,Swords to Plowshares (JP Alternate Art),Strixhaven: Mystical Archive,74,81,2771.0
237594,Gamble,Secret Lair Drop Series,77,77,2770.88
517694,Blood Crypt (Borderless),Ravnica Remastered,141,157,2770.71
623927,Ruinous Ultimatum (Borderless),Special Guests,167,168,2770.7
519221,Flesh Duplicate,Universes Beyond: Doctor Who,337,341,2766.38
238617,Counterspell,Modern Horizons 2,810,1037,2766.35
14008,Boreal Druid,Coldsnap,508,615,2766.28
505972,Starfield of Nyx,Commander Masters,188,188,2765.31
10683,"Akroma, Angel of Wrath",Legions,107,124,2765.3
450613,Command Beacon (Borderless) (Galaxy Foil),Secret Lair Drop Series,71,72,2765.28
5632,Mirri's Guile,Tempest,80,99,2764.73
499345,Elanor Gardner,Universes Beyond: The Lord of the Rings: Tales of Middle-earth,479,495,2764.46
273303,Ancient Gold Dragon (Showcase),Commander Legends: Battle for Baldur's Gate,79,79,2762.19
263052,Bear Umbra,Commander: Kamigawa: Neon Dynasty,263,268,2762.03
247829,Haunted Ridge (Borderless),Innistrad: Midnight Hunt,274,293,2762.03
687431,"Jadar, Ghoulcaller of Nephalia",Commander: Secrets of Strixhaven,1103,1745,2761.32
552367,Emerald Medallion (Borderless),Modern Horizons 3,374,385,2760.58
526073,Cavern-Hoard Dragon (Showcase Scrolls),Commander: The Lord of the Rings: Tales of Middle-earth,53,53,2760.09
161521,"Animar, Soul of Elements",Masters 25,70,74,2759.69
221778,Lotus Cobra,Zendikar Rising,472,487,2759.18
687451,Benevolent Hydra,Commander: Secrets of Strixhaven,924,1342,2755.56
517956,Delighted Halfling (Extended Art) (Surge Foil),Universes Beyond: The Lord of the Rings: Tales of Middle-earth,74,74,2755.33
227128,Open the Armory,Commander Legends,941,981,2754.83
535672,"Bennie Bracks, Zoologist",Commander: Murders at Karlov Manor,230,230,2754.5
36807,Demonic Tutor,Duel Decks: Divine vs. Demonic,41,42,2752.85
8877,Red Elemental Blast,Beta Edition,29,32,2752.81
10904,Undead Warchief,Scourge,226,232,2752.41
673606,Ninja Teen,Teenage Mutant Ninja Turtles,1098,1289,2751.7
448819,Howling Mine,The Brothers' War: Retro Frame Artifacts,400,433,2751.51
449630,Birds of Paradise (Borderless),Dominaria Remastered,216,227,2750.02
619671,Mox Jasper (Serial Numbered),Tarkir: Dragonstorm,1,1,2749.99
481579,"Mondrak, Glory Dominus",Promo Pack: Phyrexia: All Will Be One,65,65,2749.9
624907,Windcrag Siege,Tarkir: Dragonstorm,776,827,2749.46
541252,"Tinybones, the Pickpocket",Outlaws of Thunder Junction,507,538,2747.89
482142,Painter's Servant,Judge Promos,32,41,2747.7
234321,Rebuff the Wicked,Time Spiral: Remastered,350,395,2747.33
548598,Planar Nexus,Commander: Modern Horizons 3,522,867,2747.33
662278,Tragic Slip,Secret Lair Drop Series,27,27,2746.86
512513,Hardened Scales,Wilds of Eldraine: Enchanting Tales,483,499,2746.72
214893,Walking Ballista (058),Secret Lair Drop Series,86,89,2746.39
696414,Mechanized Production (Borderless),Marvel Universe Eternal-Legal,696,734,2745.88
525814,Windfall,Commander: The Lost Caverns of Ixalan,488,567,2745.48
272802,"Karlach, Fury of Avernus (Foil Etched)",Commander Legends: Battle for Baldur's Gate,121,126,2745.19
227011,Sakashima of a Thousand Faces (Foil Etched),Commander Legends,58,59,2744.73
155775,Pitiless Plunderer,Rivals of Ixalan,442,468,2744.72
503438,Insurrection,Commander Masters,240,246,2744.07
34866,World at War,Rise of the Eldrazi,265,266,2741.88
457057,Urza's Incubator,Dominaria Remastered,109,113,2741.61
36465,Tainted Strike,Scars of Mirrodin,801,1004,2740.67
11503,Krark's Thumb,Mirrodin,191,195,2740.4
9567,Psychatog,Odyssey,202,337,2736.58
7168,Kor Haven,Nemesis,153,157,2735.48
540659,Pitiless Plunderer,Universes Beyond: Fallout,358,373,2734.85
67377,Noble Hierarch,Judge Promos,29,33,2734.61
633049,"Oloro, Ageless Ascetic (Rainbow Foil)",Secret Lair Drop Series,166,167,2733.03
216264,Cathars' Crusade,Jumpstart,317,332,2731.72
532536,"Rin and Seri, Inseparable (1508)",Secret Lair Drop Series,54,54,2731.29
548638,Solitude (Borderless) (Textured Foil),Special Guests,33,43,2731.18
525870,"Elenda, the Dusk Rose",Commander: The Lost Caverns of Ixalan,511,563,2730.44
94263,Cyclonic Rift,Commander 2014,90,90,2729.51
279269,Bearscape,Secret Lair Drop Series,137,143,2727.7
696645,"The Mighty Thor, Jane Foster",Marvel Super Heroes,1710,2825,2725.78
648705,Fated Firepower (Showcase),Avatar: The Last Airbender,151,151,2725.62
525620,"Ojer Kaslem, Deepest Growth",The Lost Caverns of Ixalan,397,403,2724.76
555442,Chord of Calling (1595) (Rainbow Foil),Secret Lair Drop Series,110,141,2724.08
128220,Damnation,Modern Masters 2017,126,129,2723.43
478307,Phyrexian Obliterator (Oil Slick Raised Foil),Phyrexia: All Will Be One,57,57,2723.25
509561,Doubling Season (Anime Borderless) (Confetti Foil),Wilds of Eldraine: Enchanting Tales,16,17,2723.12
254425,Molten Echoes,Commander: Innistrad: Crimson Vow,234,235,2723.02
210353,"Shizo, Death's Storehouse",The List Reprints,66,66,2721.96
6947,Morphling,Urza's Saga,77,92,2721.56
273195,Patriar's Seal,Commander Legends: Battle for Baldur's Gate,516,537,2721.28
478536,Glistening Sphere,Commander: Phyrexia: All Will Be One,196,200,2720.44
451925,Mishra's Bauble,The Brothers' War: Retro Frame Artifacts,714,1102,2719.34
545140,Fomori Vault (Showcase),Outlaws of Thunder Junction: The Big Score,49,49,2719.17
227659,Teferi's Protection (164),Secret Lair Drop Series,59,60,2718.87
525711,Elenda's Hierophant,Commander: The Lost Caverns of Ixalan,448,470,2716.95
559653,Starscape Cleric,Bloomburrow,1413,2073,2716.76
3963,Nether Void,Legends,8,8,2716.74
888,Mountain (UGL),Unglued,169,352,2712.46
203649,Dictate of Erebos,The List Reprints,132,136,2712.36
452309,Diabolic Intent (Extended Art),The Brothers' War,153,161,2711.68
687609,Beledros Witherbloom,Commander: Secrets of Strixhaven,1192,1670,2711.61
618878,"Y'shtola, Night's Blessed (Extended Art)",Commander: FINAL FANTASY,172,172,2711.58
657744,"Leonardo, Sewer Samurai (Borderless) (Gold-Stamped Signature)",Teenage Mutant Ninja Turtles,1,1,2710.99
448863,"Slicer, Hired Muscle (Shattered Glass)",Universes Beyond: Transformers,49,50,2710.7
694971,"Garfield and Odie, Best Buds - Rin and Seri, Inseparable",Secret Lair Drop Series,131,194,2710.14
3546,Maze of Ith,The Dark,137,156,2709.31
552285,Flare of Duplication (Borderless),Modern Horizons 3,200,204,2709.17
623053,"Gary, the Snail - Toxrill, the Corrosive",Secret Lair Drop Series,132,134,2707.06
514475,Food Chain,Secret Lair Drop Series,50,50,2706.83
517646,Sacred Foundry (Retro Frame),Ravnica Remastered,89,102,2705.68
671087,Selfless Safewright (Showcase) (Fracture Foil),Lorwyn Eclipsed,36,36,2705.61
679875,Super Combo (Borderless) (Surge Foil),Commander: Teenage Mutant Ninja Turtles,65,65,2705.51
500856,Arcane Signet (Retro Frame),MagicFest Cards,229,337,2704.39
206026,Forest,Theros Beyond Death,631,2425,2702.53
199417,Mystic Sanctuary,Throne of Eldraine,1348,1554,2701.92
552732,Toxic Deluge (Retro Frame),Modern Horizons 3,289,311,2701.88
218939,Ad Nauseam,Double Masters,156,160,2701.61
243349,Wizard Class,Adventures in the Forgotten Realms,983,1122,2701.31
638818,"Cloud, Midgar Mercenary",Pro Tour Promos,1,1,2700.0
631124,"Gogo, Mysterious Mime",Commander: FINAL FANTASY,832,1085,2698.64
631617,Sol Ring (1905) (Double Rainbow Foil),Secret Lair Drop Series,74,79,2698.0
18700,Manamorphose,Shadowmoor,246,416,2697.61
641983,Horizon Explorer,Commander: Edge of Eternities,892,1153,2696.6
235389,Brainstorm,Strixhaven: Mystical Archive,334,380,2695.46
696468,Super-Soldier Serum (Borderless),Marvel Super Heroes,1037,1279,2694.67
583150,Paradise Mantle,The List Reprints,292,308,2694.43
563217,Snuff Out (Future Sight),Mystery Booster 2,211,251,2693.1
189007,"Liliana, Dreadhorde General (JP Alternate Art)",War of the Spark,24,24,2692.8
530801,Cyclonic Rift (Retro Frame),Ravnica Remastered,53,54,2692.64
525084,Brass's Tunnel-Grinder,The Lost Caverns of Ixalan,639,682,2692.07
662616,Path of Ancestry (0914) (Rainbow Foil),Secret Lair Drop Series,104,107,2689.74
509485,Moonshaker Cavalry,Wilds of Eldraine,282,293,2689.55
259214,Propaganda (381),Secret Lair Drop Series,60,61,2684.93
588031,"Storm, Force of Nature",Secret Lair Drop Series,91,91,2684.75
478390,Staff of Compleation (Oil Slick Raised Foil),Phyrexia: All Will Be One,68,68,2683.68
651369,Spectacular Spider-Man (0240) (Borderless) (Textured Foil),Marvel's Spider-Man,10,10,2682.0
10290,Seedtime,Judgment,150,162,2681.3
118417,Sylvan Library,Eternal Masters,92,92,2680.85
642855,Karn's Bastion,Commander: Edge of Eternities,831,1167,2680.81
519283,Thought Vessel,Universes Beyond: Doctor Who,545,691,2680.49
689391,Culling Ritual,Secrets of Strixhaven: Mystical Archive,1087,1222,2679.6
104234,It That Betrays,Duel Decks: Zendikar vs. Eldrazi,243,246,2678.89
530996,Bruvac the Grandiloquent (Retro Frame),Ravnica Remastered,59,61,2678.69
222819,Island,Zendikar Rising,581,3621,2678.63
124661,"Thrasios, Triton Hero",Commander 2016,116,120,2678.05
34414,Quest for Renewal,Worldwake,466,498,2677.54
4914,Thermokarst,Ice Age,293,564,2676.83
630961,Dark Confidant (Borderless),FINAL FANTASY,249,254,2676.17
688683,Harmonized Trio,Secrets of Strixhaven,1904,2591,2675.13
512710,Goblin Bombardment,Wilds of Eldraine: Enchanting Tales,491,524,2674.82
6836,Dark Ritual,Urza's Saga,496,682,2674.12
243045,Circle of Dreams Druid (Extended Art),Adventures in the Forgotten Realms,176,176,2673.88
6484,Counterspell,Mercadian Masques,285,486,2673.77
591021,Bolt Bend,Foundations,787,1068,2673.45
118476,Natural Order,Eternal Masters,72,76,2670.99
222409,Turntimber Symbiosis,Zendikar Rising,592,889,2670.67
488273,Mount Doom,Universes Beyond: The Lord of the Rings: Tales of Middle-earth,320,326,2670.18
456654,Serra Ascendant,Secret Lair Drop Series,62,63,2670.07
505833,Rejuvenating Springs (Borderless),Commander Masters,201,201,2667.61
5434,Tortured Existence,Stronghold,575,658,2665.76
192559,Leyline of Anticipation,Core Set 2020,362,367,2665.58
558332,"Kastral, the Windcrested (Borderless) (Raised Foil)",Bloomburrow,28,28,2665.29
565205,City on Fire (Rainbow Foil),Secret Lair Drop Series,145,153,2665.22
697422,Thought Vessel,Commander: Marvel Super Heroes,627,1042,2664.72
641751,"Haliya, Guided by Light (Borderless)",Edge of Eternities,419,471,2664.59
658480,"Kratos, Stoic Father",Secret Lair Drop Series,261,275,2663.88
631663,"Rosa, Resolute White Mage (Extended Art)",FINAL FANTASY,145,148,2662.86
504187,Ohran Frostfang (Borderless),Commander Masters,217,218,2662.53
262459,"Light-Paws, Emperor's Voice (Showcase)",Kamigawa: Neon Dynasty,215,220,2662.15
230289,"Esika, God of the Tree (Showcase)",Kaldheim,169,170,2661.71
673567,"Michelangelo, Improviser",Teenage Mutant Ninja Turtles,666,711,2659.99
523039,"Caesar, Legion's Emperor",Universes Beyond: Fallout,421,425,2659.12
456623,"Ulamog, the Ceaseless Hunger",Secret Lair Drop Series,105,107,2659.03
212208,The Locust God,Commander 2020,304,330,2658.55
539392,Sol Ring (Borderless) (Surge Foil),Universes Beyond: Fallout,11,11,2658.34
552946,Farewell,Commander: Modern Horizons 3,411,461,2657.34
14843,Akroma's Memorial,Future Sight,75,77,2657.05
541284,Psychic Frog (Retro Frame),Modern Horizons 3,178,228,2655.1
272559,Nautiloid Ship,Commander Legends: Battle for Baldur's Gate,186,187,2654.91
553202,Horizon of Progress,Commander: Modern Horizons 3,571,817,2652.77
624025,"Betor, Kin to All (Showcase)",Tarkir: Dragonstorm,101,102,2652.55
629994,Underworld Breach (2045) (Raised Foil),Secret Lair Drop Series,32,32,2652.18
236285,Spawning Kraken,Commander 2021,181,181,2650.89
221360,Undergrowth Stadium,Commander Legends,349,375,2649.42
454961,"Runadi, Behemoth Caller",Jumpstart 2022,159,162,2649.12
588005,"Iron Man, Titan of Innovation",Secret Lair Drop Series,114,116,2648.86
36316,Kuldotha Forgemaster,Scars of Mirrodin,309,318,2648.31
541391,"Mabel, Heir to Cragflame (Borderless) (Raised Foil)",Bloomburrow,15,15,2644.91
517247,Olorin's Searing Light (Borderless),Commander: The Lord of the Rings: Tales of Middle-earth,457,491,2644.56
618859,Sazh's Chocobo,FINAL FANTASY,1193,1851,2643.17
688960,Shared Roots,Secrets of Strixhaven: Mystical Archive,2455,4227,2641.83
129539,Consecrated Sphinx,Masterpiece Series: Amonkhet Invocations,17,17,2641.48
679208,Arcbound Ravager (Borderless),Teenage Mutant Ninja Turtles Source Material,654,831,2641.41
544864,Crackle with Power,Outlaws of Thunder Junction: Breaking News,357,365,2640.18
491987,"Ragavan, Nimble Pilferer (Serial Numbered)",March of the Machine: Multiverse Legends,3,3,2640.0
559750,"Toski, Bearer of Secrets (Borderless)",Special Guests,176,180,2639.93
503557,Thran Dynamo,Commander Masters,579,648,2638.16
202923,"Elesh Norn, Grand Cenobite",The List Reprints,119,120,2638.06
496085,Shadowborn Apostle (688),Secret Lair Drop Series,26,32,2637.06
637706,Desperate Ritual (1984) (Rainbow Foil),Secret Lair Drop Series,100,119,2636.67
686566,Reprieve,Secrets of Strixhaven: Mystical Archive,1015,1149,2636.58
680769,Hardened Scales,Secret Lair Drop Series,134,142,2636.55
632096,Absorb into Time - Temporal Extortion (Rainbow Foil),Secret Lair Drop Series,194,220,2635.97
104307,Steam Vents,Zendikar Expeditions,22,25,2635.34
664643,"Aang, Ascendant Airbender - Serra Ascendant (Rainbow Foil)",Secret Lair Drop Series,91,98,2634.23
262058,The Reality Chip,Kamigawa: Neon Dynasty,627,664,2633.12
631265,An Offer You Can't Refuse,Commander: FINAL FANTASY,826,1107,2632.62
697400,"X-23, Deadly Weapon",Commander: Marvel Super Heroes,452,480,2632.47
687523,Sheltered by Ghosts,Commander: Secrets of Strixhaven,834,1774,2632.43
10293,Sylvan Safekeeper,Judgment,84,100,2632.32
631040,"Terra, Magical Adept (Extended Art)",FINAL FANTASY,135,136,2631.46
498426,Witch-king of Angmar (Showcase),Universes Beyond: The Lord of the Rings: Tales of Middle-earth,182,187,2630.69
457271,Maze of Ith,Dominaria Remastered,202,242,2630.03
615745,Radiant Lotus (Showcase) (Fracture Foil),Aetherdrift,21,24,2629.64
190653,Snow-Covered Forest,Modern Horizons,570,2014,2629.13
686593,Dreamroot Cascade (Borderless),Secrets of Strixhaven,1043,1198,2628.53
122843,Aether Vial,Masterpiece Series: Kaladesh Inventions,20,30,2627.72
580718,Abhorrent Oculus,Promo Pack: Duskmourn: House of Horror,192,206,2627.04
212197,Call the Coppercoats,Commander 2020,321,389,2626.81
6260,Thran Dynamo,Urza's Destiny,176,214,2626.78
528210,Sol Ring (1494),Secret Lair Drop Series,32,32,2626.77
216249,"Sheoldred, Whispering One",Jumpstart,111,121,2626.73
624339,Lightning Greaves,Commander: Tarkir: Dragonstorm,523,604,2626.52
559627,Fountainport,Bloomburrow,725,823,2625.92
531381,Temple Garden (Retro Frame) (Serial Numbered),Ravnica Remastered,2,2,2625.23
456576,Eldrazi Temple,Secret Lair Drop Series,45,58,2625.1
180959,Seize the Day,Ultimate Masters,169,169,2625.02
557275,Fear of Missing Out,Duskmourn: House of Horror,671,822,2624.82
591313,"Krenko, Mob Boss",Foundations,1026,1429,2624.21
687518,Guardian Augmenter,Commander: Secrets of Strixhaven,1070,1741,2623.89
456558,Seize the Day,Secret Lair Drop Series,78,78,2623.27
687341,Defiling Daemogoth,Commander: Secrets of Strixhaven,951,1248,2621.67
276661,"Emrakul, the Aeons Torn (Borderless)",Double Masters 2022,104,114,2619.72
286154,Poxwalkers,"Universes Beyond: Warhammer 40,000",199,253,2618.47
218871,"Avacyn, Angel of Hope",Double Masters,59,73,2617.3
145331,Consecrated Sphinx,Iconic Masters,78,82,2617.09
4925,Underground River,Ice Age,85,111,2616.76
552614,Wrath of the Skies,Modern Horizons 3,820,1504,2616.23
673730,Ocelot Pride,Promo Pack: Lorwyn Eclipsed,63,63,2616.08
267937,Parallel Lives,Judge Promos,63,64,2615.2
451202,Deathrite Shaman,Secret Lair Countdown Kit,108,118,2615.03
591270,Bloom Tender (Showcase),Special Guests,201,208,2614.93
623899,Island (0288),Tarkir: Dragonstorm,262,331,2614.19
699615,"Thor, Guardian of Midgard (Borderless)",Commander: Marvel Super Heroes,583,625,2613.16
118403,Wasteland,Eternal Masters,79,101,2612.8
652040,Ponder (Borderless),Marvel Universe Eternal-Legal,387,434,2612.62
179454,"Ulamog, the Infinite Gyre",Ultimate Masters,73,73,2612.26
187246,God-Pharaoh's Statue,War of the Spark,601,760,2611.71
267054,Spire Garden,Commander Legends: Battle for Baldur's Gate,367,396,2611.06
180772,Gamble,Ultimate Masters,156,158,2610.85
688855,Bitter Triumph,Secrets of Strixhaven: Mystical Archive,2184,3343,2610.71
632157,Tidus's Brotherhood Sword - Sword of Truth and Justice,Secret Lair Drop Series,98,101,2610.64
9495,Seize the Day,Odyssey,165,166,2609.71
525875,Chandra's Ignition,Commander: The Lost Caverns of Ixalan,444,465,2609.65
203098,Umbral Mantle,The List Reprints,256,256,2609.16
163898,Metalworker - 2000 Jon Finkel (UDS),World Championship Decks,85,105,2604.78
590102,Creeping Bloodsucker,Foundations Jumpstart,496,607,2604.76
118447,Mystical Tutor,Eternal Masters,138,142,2603.91
624539,Clarion Conqueror,Tarkir: Dragonstorm,535,790,2603.84
233863,Damnation,Time Spiral: Remastered,118,122,2602.72
590827,An Offer You Can't Refuse (Borderless),Foundations,417,427,2602.46
122664,Panharmonicon,Kaladesh,395,424,2602.11
591198,Sire of Seven Deaths (Borderless) (Mana Foil),Foundations,13,13,2599.3
517869,"Galadriel, Light of Valinor (Borderless) (Surge Foil)",Commander: The Lord of the Rings: Tales of Middle-earth,30,30,2599.25
579060,Persistent Constrictor (Extended Art),Commander: Duskmourn: House of Horror,193,197,2598.98
235162,Counterspell,Strixhaven: Mystical Archive,307,336,2598.14
206250,Spellseeker,Judge Promos,39,43,2595.07
475524,Plains (267) - Full Art,Phyrexia: All Will Be One,601,1768,2594.55
539950,Assaultron Invader - Walking Ballista (Showcase),Universes Beyond: Fallout,116,117,2594.34
662077,Earthshape (Borderless),Avatar: The Last Airbender: Eternal-Legal,347,364,2594.24
651850,Impostor Syndrome (Extended Art),Marvel's Spider-Man,328,343,2594.17
32609,Fabricate,Magic 2010 (M10),358,367,2593.12
671204,Evolution Sage,Commander: Lorwyn Eclipsed,858,1029,2592.71
530023,Crashing Footfalls (Borderless),Special Guests,258,308,2592.28
686645,Archmage Emeritus (Borderless),Special Guests,522,539,2591.69
635378,Champions from Beyond (Extended Art),Commander: FINAL FANTASY,443,522,2589.69
689412,Fracture (JP Alternate Art) (Silver Scroll Foil),Secrets of Strixhaven: Mystical Archive,172,174,2589.44
518919,Wedding Ring,Universes Beyond: Doctor Who,260,263,2589.41
697126,"Doctor Strange, Surgeon",Commander: Marvel Super Heroes,666,822,2589.23
559611,"Derevi, Empyrial Tactician (Borderless)",Commander: Bloomburrow,250,252,2588.28
499213,"Arwen, Mortal Queen",Universes Beyond: The Lord of the Rings: Tales of Middle-earth,373,383,2587.07
70793,Green Sun's Zenith,From the Vault: Twenty,83,90,2586.41
504636,Finale of Devastation (Foil Etched),Commander Masters,30,30,2585.16
490572,Hoarding Broodlord,March of the Machine,518,529,2585.02
625669,Command Tower (7012) (Rainbow Foil),Secret Lair Drop Series,437,566,2584.67
243432,The Book of Exalted Deeds,Adventures in the Forgotten Realms,297,307,2583.91
673659,"Mikey & Leo, Chaos & Order",Teenage Mutant Ninja Turtles,1030,1159,2582.59
273423,Decanter of Endless Water (Showcase),Commander Legends: Battle for Baldur's Gate,696,913,2581.9
91110,Chord of Calling,Magic 2015 (M15),428,464,2581.85
58931,Battle Hymn,Avacyn Restored,1004,1342,2580.99
633047,"Marwyn, the Nurturer (Rainbow Foil)",Secret Lair Drop Series,139,142,2580.31
679603,Coin of Mastery,Commander: Teenage Mutant Ninja Turtles,929,1305,2579.76
275220,Tiamat,The List Reprints,103,106,2579.59
212220,Tidal Barracuda,Commander 2020,244,260,2576.56
527822,Totec's Spear - Shadowspear,Secret Lair Drop Series,37,37,2576.39
181716,Lightning Bolt,MagicFest Cards,305,517,2576.04
504617,Reliquary Tower,Commander Masters,562,606,2572.76
230869,Righteous Valkyrie,Kaldheim,446,492,2572.55
5355,Hermit Druid,Stronghold,154,213,2571.52
276378,Consecrated Sphinx,Double Masters 2022,73,73,2571.1
541289,"Ajani, Nacatl Pariah (Borderless) (Textured Foil)",Modern Horizons 3,52,56,2570.6
192543,Veil of Summer,Core Set 2020,476,571,2568.4
548636,Flare of Denial (Borderless),Modern Horizons 3,148,167,2568.05
563223,Mirri's Guile (Future Sight),Mystery Booster 2,224,246,2567.35
96362,"Sidisi, Undead Vizier",Dragons of Tarkir,324,329,2566.99
145877,"Grimlock, Dinobot Leader // Grimlock, Ferocious King",Media Promos,12,12,2566.88
286037,Keeper of Secrets,"Universes Beyond: Warhammer 40,000",227,228,2566.8
512199,"Kellan, the Fae-Blooded",Wilds of Eldraine,415,462,2566.74
637702,Aggravated Assault (1983) (Rainbow Foil),Secret Lair Drop Series,91,95,2566.17
235501,Mizzix's Mastery,Strixhaven: Mystical Archive,234,240,2566.13
633139,Summon: Titan (Borderless),FINAL FANTASY,436,445,2565.77
638900,"Sothera, the Supervoid (Showcase)",Edge of Eternities,117,120,2562.82
273535,Bothersome Quasit,Commander Legends: Battle for Baldur's Gate,175,176,2561.76
236538,Witch's Clinic,Commander 2021,195,202,2561.4
8725,Dark Ritual,Beta Edition,16,20,2561.2
540892,Mutational Advantage,Universes Beyond: Fallout,335,344,2560.45
619670,"Teval, the Balanced Scale (Borderless)",Commander: Tarkir: Dragonstorm,645,760,2559.82
229291,Cavern of Souls,The List Reprints,46,50,2559.19
661940,The Legend of Yangchen (Borderless),Avatar: The Last Airbender,331,348,2558.02
513861,Misleading Signpost,Commander: Wilds of Eldraine,175,180,2557.49
256440,Teferi's Puzzle Box (Silver Laminate),Secret Lair Drop Series,103,105,2554.84
552314,"Kozilek, the Broken Reality",Modern Horizons 3,621,718,2554.48
253436,Swamp (273),Innistrad: Crimson Vow,541,2371,2553.44
687374,Archaeomancer's Map,Commander: Secrets of Strixhaven,1122,1574,2553.15
697602,Seize the Day,Commander: Marvel Super Heroes,396,788,2553.01
695490,"Boseiju, Who Shelters All",Secret Lair Drop Series,78,116,2551.78
518090,Lorien Revealed (Showcase Scrolls),Universes Beyond: The Lord of the Rings: Tales of Middle-earth,128,164,2551.34
71521,"Oloro, Ageless Ascetic",Commander 2013,142,142,2550.34
13891,Magewright's Stone,Dissension,269,278,2550.04
589392,"Vilis, Broker of Blood (Anime)",Foundations Jumpstart,273,302,2549.72
478440,Phyrexian Arena,Phyrexia: All Will Be One,574,604,2549.45
7250,Submerge,Nemesis,238,277,2549.14
660630,Mystic Sanctuary,Secret Lair Drop Series,106,127,2548.84
188119,"Krenko, Tin Street Kingpin",War of the Spark,790,836,2548.69
698026,Propaganda,Commander: Marvel Super Heroes,560,896,2548.47
501900,"Nekusar, the Mindrazer",Secret Lair Drop Series,47,47,2548.47
643052,"Evendo, Waking Haven (Borderless) (Galaxy Foil)",Edge of Eternities,43,43,2548.38
493994,"Linvala, Keeper of Silence",Secret Lair Drop Series,71,71,2548.16
696665,Earth's Mightiest Heroes (Borderless),Marvel Super Heroes,544,603,2547.72
452418,Platinum Angel,The Brothers' War: Retro Frame Artifacts,227,255,2546.31
97649,Underground Sea (CE),Collector's Edition,6,6,2546.06
696538,"Nick Fury, Agent of S.H.I.E.L.D. (Borderless) (0314)",Marvel Super Heroes,573,591,2545.95
671027,Devoted Druid (Borderless),Special Guests,224,233,2544.75
5814,City of Solitude,Visions,124,137,2544.43
562741,Overlord of the Hauntwoods (Showcase),Duskmourn: House of Horror,67,75,2544.29
504536,Steelshaper's Gift (Borderless),Commander Masters,298,313,2542.99
9506,Call of the Herd,Odyssey,61,110,2541.25
499947,"Witch-king, Bringer of Ruin",Universes Beyond: The Lord of the Rings: Tales of Middle-earth,188,195,2540.64
632188,Dawn Warriors' Legacy - Mizzix's Mastery (Showcase),FINAL FANTASY: Through the Ages,458,471,2540.13
495598,"Calix, Guided by Fate",March of the Machine: The Aftermath,195,197,2539.48
558411,Liliana of the Dark Realms (Borderless),Commander: Bloomburrow,125,125,2539.31
206648,Nyx Lotus,Theros Beyond Death,430,461,2538.93
503440,Insurrection (Borderless),Commander Masters,180,182,2538.53
698200,"Bast, Panther Goddess",Commander: Marvel Super Heroes,503,535,2537.82
698045,Patchwork Banner,Commander: Marvel Super Heroes,496,901,2537.79
14137,Thrumming Stone,Coldsnap,101,107,2536.29
544269,"Gisa, the Hellraiser",Outlaws of Thunder Junction,413,420,2536.18
656600,Animate Dead (Rainbow Foil),Secret Lair Drop Series,45,46,2535.91
615167,Chromatic Lantern,Commander: Aetherdrift,998,1620,2535.78
660610,"Katara, the Fearless (Borderless)",Avatar: The Last Airbender,308,319,2534.49
215338,"Ugin, the Spirit Dragon",Core Set 2021,198,208,2534.37
454197,Urza's Saga,The List Reprints,61,62,2534.17
18655,Greater Auramancy,Shadowmoor,77,80,2533.35
555861,Edward Kenway,Universes Beyond: Assassin's Creed,367,395,2533.15
478328,Bloated Contaminator,Phyrexia: All Will Be One,644,737,2532.71
126281,Chalice of the Void,Masterpiece Series: Kaladesh Inventions,16,17,2531.39
243778,"Klauth, Unrivaled Ancient",Commander: Adventures in the Forgotten Realms,177,191,2531.38
662796,"Zuko, Firebending Master (Extended Art)",Avatar: The Last Airbender: Eternal-Legal,153,153,2530.64
164359,Unwind,Dominaria,1391,1745,2530.44
689084,Scheming Silvertongue (Extended Art),Secrets of Strixhaven,746,826,2530.0
632741,"Lindblum, Industrial Regency",FINAL FANTASY,965,1127,2529.88
285071,Windfall,30th Anniversary Promos,191,286,2529.38
504533,Imp's Mischief,Commander Masters,334,359,2529.09
563212,Stifle (Future Sight),Mystery Booster 2,199,235,2527.63
226104,Mnemonic Deluge,Commander Legends,329,346,2527.38
552621,Strix Serenade,Modern Horizons 3,850,1160,2527.36
687547,Swords to Plowshares,Commander: Secrets of Strixhaven,887,1523,2527.11
698206,Panther Robot,Commander: Marvel Super Heroes,411,489,2526.64
149174,Misdirection,Duel Decks: Merfolk vs. Goblins,222,231,2525.67
450541,Phyrexian Metamorph (Borderless),Secret Lair Drop Series,79,79,2524.8
276326,Bloom Tender (Borderless),Double Masters 2022,172,174,2524.37
536016,Trouble in Pairs (Extended Art),Commander: Murders at Karlov Manor,91,91,2524.23
273711,Grim Hireling,Commander Legends: Battle for Baldur's Gate,184,199,2522.9
215373,Peer into the Abyss,Core Set 2021,790,845,2522.01
642853,Great Furnace,Commander: Edge of Eternities,691,1051,2521.55
11597,Whispersilk Cloak,Darksteel,715,850,2520.67
633127,To the Crystal Tower - Cryptic Command (Showcase),FINAL FANTASY: Through the Ages,384,409,2518.37
145438,Mindcrank,Iconic Masters,242,245,2518.08
11771,Engineered Explosives,Fifth Dawn,132,178,2516.25
624698,Night's Whisper (1937) (Rainbow Foil),Secret Lair Drop Series,142,276,2513.65
674654,The Wise Mothman,Secret Lair Drop Series,257,274,2513.08
545144,Generous Plunderer (Showcase),Outlaws of Thunder Junction: The Big Score,46,46,2511.96
524342,Compy Swarm (Borderless),Universes Beyond: Jurassic World Collection,257,265,2509.19
565157,Goldspan Dragon,Secret Lair Drop Series,63,63,2508.62
519249,Nanogene Conversion,Universes Beyond: Doctor Who,287,293,2508.41
503394,"Azusa, Lost but Seeking (Borderless)",Commander Masters,182,187,2508.17
476146,"Braids, Arisen Nightmare",Game Day & Store Championship Promos,81,83,2506.5
5063,Final Fortune,Mirage,140,144,2504.63
283524,Relic of Legends,Dominaria United,850,942,2504.14
517649,Stomping Ground (Retro Frame),Ravnica Remastered,104,115,2503.86
257683,Mountain (300) - JP Full Art,Kamigawa: Neon Dynasty,543,1240,2503.66
599982,Revel in Riches (Rainbow Foil),Secret Lair Drop Series,68,68,2503.53
517767,"Emrakul, the Promised End",Secret Lair Drop Series,99,112,2503.49
503399,Command Tower (Borderless),Commander Masters,739,1080,2503.36
631608,"Morophon, the Boundless (Double Rainbow Foil)",Secret Lair Drop Series,50,50,2503.33
9696,Grim Lavamancer,Torment,82,106,2503.25
530782,"Aurelia, Exemplar of Justice (Anime Borderless)",Ravnica Remastered,117,117,2503.04
545286,Seize the Spotlight,Commander: Outlaws of Thunder Junction,174,174,2502.47
528289,Lightning Greaves (1493) (Galaxy Foil),Secret Lair Drop Series,63,64,2502.38
235391,Brainstorm (JP Alternate Art),Strixhaven: Mystical Archive,61,68,2502.05
498298,"Aragorn, the Uniter",Universes Beyond: The Lord of the Rings: Tales of Middle-earth,403,409,2501.93
512408,Sneak Attack,Wilds of Eldraine: Enchanting Tales,221,228,2500.55
8718,Counterspell,Beta Edition,3,4,2500.0
8679,Badlands,Beta Edition,1,1,2499.99
539459,Agent Frank Horrigan,Universes Beyond: Fallout,374,381,2499.58
544452,Railway Brawler,Outlaws of Thunder Junction,422,452,2498.03
643887,Darkness (Showcase),Special Guests,221,225,2497.64
212040,"Bio-Quartz Spacegodzilla - Brokkos, Apex of Forever",Ikoria: Lair of Behemoths,95,96,2496.83
229208,Darkbore Pathway,Kaldheim,388,416,2496.63
576497,Funeral Room // Awakening Hall,Duskmourn: House of Horror,411,439,2496.09
451948,Fade from History,The Brothers' War,537,752,2494.64
696579,"Winter Soldier, Icy Assassin (Borderless)",Marvel Super Heroes,981,1063,2494.23
222110,Lithoform Engine,Zendikar Rising,346,360,2493.54
687454,Nether Traitor,Commander: Secrets of Strixhaven,928,1366,2492.97
688232,Naktamun Lorespinner (Extended Art),Commander: Secrets of Strixhaven,518,578,2492.7
267070,Bountiful Promenade (Extended Art),Commander Legends: Battle for Baldur's Gate,120,122,2491.96
267066,Reflecting Pool (Extended Art),Commander Legends: Battle for Baldur's Gate,152,160,2491.93
38239,Deranged Hermit,Judge Promos,22,22,2491.7
517872,Cabin of the Dead - Field of the Dead,Secret Lair Drop Series,29,29,2491.56
677501,Swamp (2511),Secret Lair Drop Series,144,278,2490.99
3222,Mountain (Arabian Nights),Arabian Nights,13,14,2489.52
614337,"Loot, the Pathfinder (Showcase) (Fracture Foil)",Aetherdrift,26,27,2489.51
104306,Arid Mesa,Zendikar Expeditions,8,9,2488.21
1818,Land Tax,Fourth Edition,103,113,2487.96
643621,Pinnacle Emissary,Edge of Eternities,888,1521,2487.63
17950,Bitterblossom,Morningtide,67,70,2487.36
671022,Idyllic Tutor (Borderless),Special Guests,191,193,2487.08
526023,"Lotho, Corrupt Shirriff (Showcase Scrolls)",Universes Beyond: The Lord of the Rings: Tales of Middle-earth,62,63,2484.9
519206,Deserted Beach,Universes Beyond: Doctor Who,497,533,2483.75
273852,Bothersome Quasit (Extended Art),Commander Legends: Battle for Baldur's Gate,188,190,2483.61
126300,Wurmcoil Engine,Masterpiece Series: Kaladesh Inventions,20,21,2483.1
633395,"Noctis Lucis Caelum - Kenrith, the Returned King (Showcase)",FINAL FANTASY: Through the Ages,368,383,2482.87
272955,"Jaheira, Friend of the Forest (Foil Etched)",Commander Legends: Battle for Baldur's Gate,373,398,2482.58
552274,Flare of Malice,Modern Horizons 3,1028,1396,2482.22
512499,Bitterblossom (Anime Borderless) (Confetti Foil),Wilds of Eldraine: Enchanting Tales,20,24,2482.2
499821,Thought Vessel,Commander: The Lord of the Rings: Tales of Middle-earth,688,843,2480.13
642982,Famished Worldsire,Edge of Eternities,700,740,2479.76
674670,"Joshua Graham, Burned Man - Isshin, Two Heavens as One",Secret Lair Drop Series,301,323,2479.39
565193,"Astarion, the Decadent (Rainbow Foil)",Secret Lair Drop Series,65,66,2479.1
478982,Ichormoon Gauntlet,Phyrexia: All Will Be One,420,439,2478.27
687336,Changing Loyalty,Commander: Secrets of Strixhaven,976,1373,2477.81
179474,Ancient Tomb,Ultimate Masters: Box Toppers,12,12,2477.78
643911,Lotus Field (0023) (Borderless),Edge of Eternities: Stellar Sights,206,214,2477.04
505956,"Narci, Fable Singer",Commander Masters,234,236,2475.02
21676,Plains - Red Pack (Spears),APAC Lands,25,27,2474.83
480523,Exotic Orchard,Secret Lair Drop Series,55,56,2474.38
47708,Birds of Paradise,Magic 2012 (M12),201,208,2473.57
285848,Blood for the Blood God!,"Universes Beyond: Warhammer 40,000",249,251,2473.5
1344,Birds of Paradise,Revised Edition,117,151,2472.78
662429,Obscuring Haze (Showcase),Avatar: The Last Airbender: Eternal-Legal,220,227,2472.77
631162,Arcane Signet (0332),Commander: FINAL FANTASY,647,925,2472.5
646583,Miles Morales (0211) (Borderless),Marvel's Spider-Man,278,289,2472.19
686531,Colorstorm Stallion,Secrets of Strixhaven,1279,2002,2471.92
558389,"Jace, the Mind Sculptor (Borderless)",Commander: Bloomburrow,97,101,2471.03
262579,"Isshin, Two Heavens as One",Kamigawa: Neon Dynasty,577,627,2470.03
512491,Land Tax (Anime Borderless) (Confetti Foil),Wilds of Eldraine: Enchanting Tales,23,23,2468.84
576531,Thornspire Verge (Borderless),Duskmourn: House of Horror,303,317,2468.62
5440,Volrath's Shapeshifter,Stronghold,124,224,2466.14
693003,Smaug the Magnificent,The Hobbit,34,35,2465.93
188414,"Ilharg, the Raze-Boar",War of the Spark,309,317,2465.17
275789,Old Gnawbone (Showcase),Secret Lair Drop Series,24,24,2464.84
222095,Forsaken Monument,Zendikar Rising,445,466,2463.51
512485,Kindred Discovery (Anime Borderless) (Confetti Foil),Wilds of Eldraine: Enchanting Tales,23,24,2463.51
589426,Bloodthirsty Conqueror (Extended Art),Foundations,57,57,2462.98
273868,"Zellix, Sanity Flayer (Extended Art)",Commander Legends: Battle for Baldur's Gate,71,71,2462.74
5095,Harbinger of Night,Mirage,101,101,2462.17
494014,Nyxbloom Ancient (Halo Foil),Secret Lair Drop Series,52,52,2460.75
58297,Cathars' Crusade,Avacyn Restored,300,302,2459.38
570566,Battle Angels of Tyr (Rainbow Foil),Secret Lair Drop Series,28,28,2459.17
83147,Altar of Dementia,Conspiracy,137,137,2459.04
285804,Marneus Calgar (Surge Foil),"Universes Beyond: Warhammer 40,000",55,55,2458.01
68444,Chalice of the Void,Modern Masters,113,163,2457.92
688847,Berserk (JP Alternate Art),Secrets of Strixhaven: Mystical Archive,236,241,2457.78
575887,Expropriate (Borderless),Special Guests,107,109,2457.69
688662,Emeritus of Conflict (Extended Art),Secrets of Strixhaven,431,470,2457.12
190994,Wrenn and Six,Modern Horizons,190,258,2455.59
235131,"Adrix and Nev, Twincasters",Commander 2021,249,286,2455.16
630984,"Cecil, Dark Knight (Borderless) (Surge Foil)",FINAL FANTASY,118,123,2454.97
68449,Paradise Mantle,Modern Masters,180,186,2454.12
578989,Ancient Cellarspawn,Commander: Duskmourn: House of Horror,361,387,2453.55
631622,"Rin and Seri, Inseparable (1910)",Secret Lair Drop Series,80,89,2452.26
21644,Island - Venezia,European Lands,12,22,2451.67
535300,Insidious Roots,Murders at Karlov Manor,983,1299,2451.59
39414,"Elesh Norn, Grand Cenobite",New Phyrexia,101,101,2451.47
126298,Trinisphere,Masterpiece Series: Kaladesh Inventions,17,17,2451.07
268317,An Offer You Can't Refuse,Streets of New Capenna,884,973,2450.96
100224,Alhammarret's Archive,Magic Origins,199,204,2450.85
552584,Disruptor Flute,Modern Horizons 3,828,1467,2450.78
505825,Exsanguinate (Borderless),Commander Masters,505,528,2450.26
36982,Tezzeret the Seeker,Duel Decks: Elspeth vs. Tezzeret,122,122,2449.11
478419,Clever Concealment,Commander: Phyrexia: All Will Be One,190,193,2448.42
498752,Troll of Khazad-dum,Universes Beyond: The Lord of the Rings: Tales of Middle-earth,1067,2175,2447.66
222001,Strip Mine,Zendikar Rising Expeditions,82,88,2447.1
235661,Wandering Archaic (Extended Art),Strixhaven: School of Mages,111,117,2446.7
282013,"Yuriko, the Tiger's Shadow",Unique and Miscellaneous Promos,49,49,2446.55
6036,Gemstone Mine,Weatherlight,169,295,2446.02
499536,Path to Exile,Commander: The Lord of the Rings: Tales of Middle-earth,946,1786,2445.61
689153,Brain Freeze (JP Alternate Art),Secrets of Strixhaven: Mystical Archive,453,475,2445.51
680916,"Miyamoto Usagi - Baylen, the Haymaker",Secret Lair Drop Series,136,144,2445.3
519758,"The Master, Multiplied",Universes Beyond: Doctor Who,363,398,2444.9
689152,Angel's Grace (JP Alternate Art),Secrets of Strixhaven: Mystical Archive,399,428,2444.74
68353,Faerie Macabre,Modern Masters,248,400,2444.66
559761,"Dragonhawk, Fate's Tempest",Bloomburrow,422,460,2444.3
10329,Wheel and Deal,Onslaught,156,158,2444.24
642824,Cloud Key,Commander: Edge of Eternities,1033,1417,2442.87
630864,Aerith Gainsborough,FINAL FANTASY,938,1059,2442.64
14703,Damnation,Planar Chaos,113,115,2440.77
190650,Snow-Covered Mountain,Modern Horizons,504,2218,2440.5
499377,Barrow-Downs - Bojuka Bog (Borderless) (Surge Foil),Commander: The Lord of the Rings: Tales of Middle-earth,27,27,2440.22
272560,Nautiloid Ship (Borderless),Commander Legends: Battle for Baldur's Gate,164,177,2439.42
15461,Dolmen Gate,Lorwyn,85,90,2439.13
490412,Drana and Linvala (Showcase),March of the Machine,330,335,2438.99
279833,Mountain (Showcase),Dominaria United,545,1427,2438.34
680776,"Splinter, Vengeful Sensei - Ink-Eyes, Servant of Oni",Secret Lair Drop Series,189,204,2437.98
100098,Tainted Remedy,Magic Origins,345,368,2437.55
34698,"Emrakul, the Aeons Torn",Rise of the Eldrazi,60,69,2437.45
544475,Forsaken Miner,Outlaws of Thunder Junction,898,1414,2437.37
646579,Miles Morales,Marvel's Spider-Man,706,782,2437.32
448411,The Mightstone and Weakstone,The Brothers' War,539,566,2436.59
277162,Consecrated Sphinx (Borderless),Double Masters 2022,65,65,2436.43
10355,Goblin Piledriver,Onslaught,47,74,2436.12
559759,"Dragonhawk, Fate's Tempest (Borderless)",Bloomburrow,179,188,2435.18
559503,Dour Port-Mage,Bloomburrow,712,770,2435.12
190796,Silent Clearing,Modern Horizons,328,351,2433.8
633190,Ancient Adamantoise,FINAL FANTASY,618,658,2432.04
687463,Thunderclap Drake,Commander: Secrets of Strixhaven,1048,1786,2431.93
484939,Jeweled Lotus (Foil Etched),Commander Masters,17,17,2431.39
559623,"Ink-Eyes, Servant of Oni (Borderless)",Commander: Bloomburrow,218,228,2431.28
589455,"Niv-Mizzet, Visionary (Borderless)",Foundations,150,150,2431.12
624537,Call the Spirit Dragons,Tarkir: Dragonstorm,499,527,2430.63
1412,Fastbond,Revised Edition,115,129,2429.9
254575,Vampiric Tutor,The List Reprints,38,38,2429.72
656572,"Dwight Schrute, Hay King - Heliod, Sun-Crowned",Secret Lair Drop Series,88,88,2429.7
647468,Island (0889) (Rainbow Foil),Secret Lair Drop Series,180,268,2429.2
696675,Castle Doom (Extended Art),Marvel Super Heroes,633,767,2429.04
221822,Riverglide Pathway,Zendikar Rising,423,473,2428.95
642115,Cosmogrand Zenith (Borderless),Edge of Eternities,247,263,2428.61
81986,"Iroas, God of Victory",Journey Into Nyx,171,209,2427.9
3796,Angus Mackenzie,Legends,16,16,2427.43
609739,Balefire Dragon (Retro Frame),Innistrad Remastered,157,162,2427.01
512610,Virtue of Persistence,Wilds of Eldraine,305,322,2426.69
643661,Plaza of Heroes (0033) (Borderless),Edge of Eternities: Stellar Sights,227,236,2426.02
519199,Dinosaurs on a Spaceship,Universes Beyond: Doctor Who,255,273,2425.3
624341,Blade of Selves,Commander: Tarkir: Dragonstorm,689,821,2425.1
191049,Sword of Sinew and Steel,Modern Horizons,201,211,2424.99
677500,Island (2510),Secret Lair Drop Series,155,346,2424.86
218617,Hammer of Nazahn,Double Masters,153,156,2423.62
699641,"Crystal, Inhuman Princess (Extended Art)",Commander: Marvel Super Heroes,158,159,2423.05
83296,Reflecting Pool,Conspiracy,137,145,2422.63
262384,Kodama of the West Tree (Showcase),Kamigawa: Neon Dynasty,95,95,2422.03
107746,Daxos the Returned,Commander 2015,149,150,2421.82
560246,Bloodroot Apothecary (Extended Art),Commander: Bloomburrow,318,379,2420.89
7247,Stronghold Gambit,Nemesis,255,393,2420.75
499873,Flame of Anor (Borderless),Universes Beyond: The Lord of the Rings: Tales of Middle-earth,417,470,2420.51
507086,Flayer of Loyalties (Extended Art),Commander Masters,137,140,2419.51
696391,"Captain America, Team Leader (Borderless)",Commander: Marvel Super Heroes,558,692,2419.3
209386,"Athreos, God of Passage",Secret Lair Drop Series,65,65,2419.11
4694,Fyndhorn Elves,Ice Age,584,855,2418.98
622691,"Xyris, the Writhing Storm (Year of the Snake 2025)",Standard Showdown Promos,55,55,2418.54
116436,Open the Armory,Shadows over Innistrad,849,981,2418.47
236672,Alhammarret's Archive,Commander 2021,225,226,2418.05
122918,Authority of the Consuls,Kaladesh,452,490,2417.71
6149,Bubbling Muck,Urza's Destiny,591,719,2416.41
633957,"Dion, Bahamut's Dominant (Borderless) (Surge Foil)",FINAL FANTASY,119,122,2415.88
577874,Reliquary Tower,Commander: Duskmourn: House of Horror,519,616,2415.02
641717,Anticausal Vestige,Edge of Eternities,1067,1328,2414.47
660720,"Bumi, Unleashed (Showcase)",Avatar: The Last Airbender,296,297,2414.39
647467,Mountain (0891) (Rainbow Foil),Secret Lair Drop Series,194,278,2413.5
522613,"Zaxara, the Exemplary",Secret Lair Drop Series,118,118,2412.84
8008,Phyrexian Arena,Apocalypse,116,137,2412.06
660584,"Aang, at the Crossroads (Borderless)",Avatar: The Last Airbender,309,314,2412.03
513704,Mantle of the Ancients,Commander: Wilds of Eldraine,246,250,2411.52
512554,Grave Pact (Anime Borderless) (Confetti Foil),Wilds of Eldraine: Enchanting Tales,17,17,2411.22
631305,Hardened Scales,Commander: FINAL FANTASY,861,1115,2411.2
6154,Carnival of Souls,Urza's Destiny,149,163,2411.2
559642,Eddymurk Crab,Bloomburrow,985,1862,2410.95
498440,"Aragorn, the Uniter (Borderless)",Universes Beyond: The Lord of the Rings: Tales of Middle-earth,204,211,2410.06
688472,Fyndhorn Elves (CommandFest 2026),MagicFest Cards,44,46,2409.55
273623,Delayed Blast Fireball,Commander Legends: Battle for Baldur's Gate,150,153,2408.09
491280,Chivalric Alliance,Commander: March of the Machine,173,179,2407.28
699668,Absorbing Man and Titania (Borderless),Commander: Marvel Super Heroes,568,624,2406.58
552321,Endurance (Retro Frame),Modern Horizons 2,130,161,2406.39
540960,Lightning Greaves,Universes Beyond: Fallout,368,500,2405.57
697248,"Black Widow, Deadly Hunter",Commander: Marvel Super Heroes,566,599,2405.57
105556,Stomping Ground,Zendikar Expeditions,27,27,2405.32
503475,The Immortal Sun,Commander Masters,176,194,2405.32
630988,Absolute Virtue,FINAL FANTASY,741,791,2405.13
518686,Timber Protector (Borderless),Commander: The Lord of the Rings: Tales of Middle-earth,75,75,2405.07
11097,Grave Pact,8th Edition,62,65,2403.2
6589,Land Grant,Mercadian Masques,354,725,2402.59
506729,Lightning Greaves,Commander Masters,459,499,2402.3
679134,"Raphael, the Nightwatcher (Showcase) (Fracture Foil)",Teenage Mutant Ninja Turtles,18,18,2402.25
221899,Sejiri Shelter,Zendikar Rising,1025,1360,2401.55
9345,Careful Study,Odyssey,449,681,2400.86
651943,"Spider-Woman, Stunning Savior",Marvel's Spider-Man,1065,1276,2400.57
686605,Pensive Professor,Secrets of Strixhaven,1940,2736,2400.44
478445,Conduit of Worlds,Phyrexia: All Will Be One,539,560,2400.37
254051,Kami of the Crescent Moon,Commander: Innistrad: Crimson Vow,295,303,2399.24
524359,"Aclazotz, Deepest Betrayal (Showcase)",The Lost Caverns of Ixalan,250,254,2396.31
686621,Colorstorm Stallion (Borderless),Secrets of Strixhaven,817,1010,2395.89
631749,Summon: Ixion (Borderless),Commander: FINAL FANTASY,311,321,2395.73
686644,Archaeomancer (Borderless),Special Guests,477,515,2395.09
145298,Necropotence,Iconic Masters,65,65,2393.56
512543,Polluted Bonds,Wilds of Eldraine: Enchanting Tales,436,455,2393.03
9196,Scrubland,Unlimited Edition,5,5,2392.71
688213,Expansion Algorithm (Extended Art),Commander: Secrets of Strixhaven,548,599,2392.34
498306,"Boromir, Warden of the Tower (Showcase)",Universes Beyond: The Lord of the Rings: Tales of Middle-earth,364,410,2391.73
624196,"Veyran, Voice of Duality",Commander: Tarkir: Dragonstorm,615,853,2391.3
553123,Forsaken Monument,Commander: Modern Horizons 3,401,455,2390.66
541266,Sword of Wealth and Power (Showcase),Outlaws of Thunder Junction: The Big Score,39,39,2390.59
269596,Master of Ceremonies,Commander: Streets of New Capenna,145,146,2390.2
552618,Harbinger of the Seas,Modern Horizons 3,909,1383,2389.6
12009,Hall of the Bandit Lord,Champions of Kamigawa,112,113,2389.41
662763,Training Grounds (Borderless),Avatar: The Last Airbender: Eternal-Legal,351,357,2389.08
691920,Terror of the Peaks,Secret Lair Drop Series,107,113,2388.36
182965,Wilderness Reclamation,Ravnica Allegiance,835,1003,2387.95
609777,Cathars' Crusade,Innistrad Remastered,269,277,2387.68
4360,Oath of Druids,Exodus,57,83,2387.62
287156,Stomping Ground (Borderless) (Galaxy Foil),Unfinity,22,22,2386.46
504102,Extraplanar Lens,Commander Masters,190,201,2386.07
273724,Mother of Runes,Commander Legends: Battle for Baldur's Gate,176,193,2385.09
240157,Tireless Provisioner,Modern Horizons 2,843,933,2384.28
634034,"Midgar, City of Mako",FINAL FANTASY,888,1003,2383.91
664803,Chain of Vapor (Rainbow Foil),Secret Lair Drop Series,76,81,2383.66
587219,Dragon Tempest (Year of the Dragon 2024),Standard Showdown Promos,42,44,2382.85
499321,"Osgiliath, Fallen Capital - Kor Haven (Borderless)",Commander: The Lord of the Rings: Tales of Middle-earth,135,138,2382.62
203966,Expropriate,The List Reprints,156,156,2382.48
221821,Riverglide Pathway (Borderless),Zendikar Rising,403,462,2381.08
227296,"Nezahal, Primal Tide",Commander Legends,273,281,2379.38
699592,"M.O.D.O.K., Evil Intellect (Borderless)",Commander: Marvel Super Heroes,552,579,2377.91
221354,Rejuvenating Springs,Commander Legends,302,307,2377.78
631550,Talisman of Indulgence,Commander: FINAL FANTASY,877,1111,2376.45
533901,Doppelgang,Murders at Karlov Manor,922,1049,2376.19
251754,Beast Within,Secret Lair Drop Series,82,91,2375.89
6790,Attunement,Urza's Saga,96,123,2375.55
656772,Judgment of Alexander (Borderless),Commander: FINAL FANTASY,330,379,2375.38
650730,Slickshot Show-Off,Game Day & Store Championship Promos,161,311,2375.14
697554,Unstable Molecule Suit,Commander: Marvel Super Heroes,450,551,2374.57
512532,Nature's Will,Wilds of Eldraine: Enchanting Tales,363,363,2373.99
204076,Misdirection,The List Reprints,167,170,2373.47
243790,Neverwinter Hydra,Commander: Adventures in the Forgotten Realms,244,267,2373.16
656910,Chocobo Camp (Borderless),Commander: FINAL FANTASY,354,385,2373.07
514519,"Jeska, Thrice Reborn",Secret Lair Drop Series,49,49,2371.84
448869,"Optimus Prime, Hero (Shattered Glass)",Universes Beyond: Transformers,55,55,2371.27
215524,Massacre Wurm (Alternate Art),Core Set 2021,212,214,2370.96
11643,Nemesis Mask,Darksteel,310,324,2370.6
524223,Growing Rites of Itlimoc (Extended Art),The Lost Caverns of Ixalan,221,228,2370.39
519996,Snuff Out,Universes Beyond: Doctor Who,274,420,2369.85
11617,Arcbound Ravager,Darksteel,84,112,2369.41
677189,Dryad Arbor,Secret Lair Drop Series,98,100,2369.11
662045,Fire Nation Palace,Avatar: The Last Airbender,1051,1230,2368.8
525223,Diamond Pick-Axe,The Lost Caverns of Ixalan,952,1162,2368.77
589765,"Etali, Primal Storm (Borderless)",Foundations,296,302,2368.28
559852,Fellwar Stone,Commander: Bloomburrow,1695,2494,2367.7
14784,Pyrohemia,Planar Chaos,287,296,2366.84
269606,Seize the Spotlight,Commander: Streets of New Capenna,156,159,2366.23
33260,Blade of the Bloodchief,Zendikar,213,318,2366.0
491264,Shalai and Hallar,Commander: March of the Machine,318,341,2365.83
589447,Twinflame Tyrant (Extended Art),Foundations,74,75,2365.44
662382,Bolt Bend,Avatar: The Last Airbender: Eternal-Legal,448,466,2365.21
563237,Isochron Scepter (White Border),Mystery Booster 2,259,291,2365.09
512478,Sneak Attack (Anime Borderless) (Confetti Foil),Wilds of Eldraine: Enchanting Tales,22,26,2364.76
588003,Shield of War and Peace - Sword of War and Peace (Rainbow Foil),Secret Lair Drop Series,193,196,2364.41
671670,Spinerock Tyrant (0399) (Showcase) (Fracture Foil),Lorwyn Eclipsed,32,32,2364.15
541278,Priest of Titania,Modern Horizons 3,1477,2516,2364.12
633982,"Gogo, Master of Mimicry",FINAL FANTASY,593,658,2363.91
577660,The Mindskinner,Duskmourn: House of Horror,741,884,2363.69
501894,Underworld Dreams,Secret Lair Drop Series,54,54,2363.2
526437,Coat of Arms (Borderless),Commander: The Lost Caverns of Ixalan,86,88,2362.98
689537,"Moseo, Vein's New Dean (Extended Art)",Secrets of Strixhaven,822,879,2362.35
699656,"Scarlet Witch, Chaotic Avenger (Extended Art)",Commander: Marvel Super Heroes,137,139,2361.16
563160,Giver of Runes (Future Sight),Mystery Booster 2,248,264,2360.51
558421,"Beza, the Bounding Spring",Bloomburrow,450,520,2360.15
71034,"Nylea, God of the Hunt",Theros,211,222,2359.93
198390,Witch's Cottage,Throne of Eldraine,1215,1503,2358.91
656770,"Rinoa, Angel Wing (Borderless)",Commander: FINAL FANTASY,265,275,2358.54
693233,Goblin Token (2421),Secret Lair Drop Series,139,363,2358.4
485436,Shadowborn Apostle (685),Secret Lair Drop Series,5,5,2357.45
591760,"Lathril, Blade of the Elves (Borderless)",Foundations,228,230,2356.99
478411,Tyrranax Rex,Phyrexia: All Will Be One,390,417,2356.98
631021,"Kuja, Genome Sorcerer (Borderless)",FINAL FANTASY,460,485,2356.18
609822,Olivia Voldaren (Showcase),Innistrad Remastered,228,246,2355.79
276261,Bloom Tender,Double Masters 2022,174,177,2355.68
240055,Dragon's Rage Channeler,Modern Horizons 2,792,1288,2353.85
696632,The Astonishing Ant-Man,Marvel Super Heroes,1701,2605,2353.83
279831,Island (Showcase),Dominaria United,535,1441,2353.5
658477,Kratos' Rage - Pyrohemia,Secret Lair Drop Series,289,303,2352.93
239433,Verdant Catacombs (Retro Frame) (Foil Etched),Modern Horizons 2,59,66,2351.29
591030,Impact Tremors,Foundations,727,1020,2350.66
67188,Rhystic Study,Commander's Arsenal,23,23,2349.76
559998,Tempt with Bunnies,Commander: Bloomburrow,630,879,2349.36
697547,The Fantasticar (Surge Foil),Commander: Marvel Super Heroes,17,23,2348.85
552359,"Tamiyo, Inquisitive Student (Borderless) (Textured Foil)",Modern Horizons 3,31,32,2348.45
532651,Plains (1513),Secret Lair Drop Series,215,526,2348.31
589409,Herald of Eternal Dawn (Showcase),Foundations,62,63,2346.85
6062,Mana Web,Weatherlight,158,169,2345.91
282758,"Braids, Arisen Nightmare",Dominaria United,481,492,2345.49
688940,Shamanic Revelation,Secrets of Strixhaven: Mystical Archive,1154,1234,2345.11
629908,Concordant Crossroads (2073) (Rainbow Foil),Secret Lair Drop Series,94,96,2344.06
651864,Beast Within (Borderless),Marvel Universe Eternal-Legal,316,320,2343.65
276875,Panharmonicon (Borderless),Double Masters 2022,167,171,2343.54
167983,War's Toll,Battlebond,206,210,2342.72
488262,"Aragorn and Arwen, Wed",Universes Beyond: The Lord of the Rings: Tales of Middle-earth,243,246,2342.62
283626,Silverback Elder,Dominaria United,330,334,2342.46
205255,Sliver Overlord,Secret Lair Drop Series,63,63,2342.36
652002,Cosmic Spider-Man,Marvel's Spider-Man,691,796,2342.15
229494,"Toski, Bearer of Secrets",Kaldheim,531,641,2341.91
555924,Battlefield Improvisation,Universes Beyond: Assassin's Creed,265,390,2341.57
672227,Hexing Squelcher,Promo Pack: Lorwyn Eclipsed,108,110,2341.38
499320,White Tower of Ecthelion - Karakas (Borderless),Commander: The Lord of the Rings: Tales of Middle-earth,136,148,2340.92
633983,"Gogo, Master of Mimicry (Borderless)",FINAL FANTASY,259,262,2340.01
2783,Vampiric Tutor,Classic Sixth Edition,39,39,2339.82
134910,Omniscience,Masterpiece Series: Amonkhet Invocations,17,17,2339.67
624623,Colossal Grave-Reaver (Extended Art),Commander: Tarkir: Dragonstorm,185,194,2339.66
679212,Leo's Katana - Sword of Sinew and Steel (Borderless),Teenage Mutant Ninja Turtles Source Material,706,792,2339.52
557269,Screaming Nemesis (Borderless),Duskmourn: House of Horror,194,242,2339.4
273008,Wrathful Red Dragon,Commander Legends: Battle for Baldur's Gate,428,439,2339.35
553507,"Selvala, Heart of the Wilds",Commander: Modern Horizons 3,527,643,2339.2
687522,"Scriv, the Obligator (Borderless)",Commander: Secrets of Strixhaven,1246,1553,2339.09
624447,Conduit of Worlds,Commander: Tarkir: Dragonstorm,557,607,2338.95
498466,Three Rings for the Elven-Kings - Rings of Brighthearth (Borderless),Commander: The Lord of the Rings: Tales of Middle-earth,171,174,2338.32
479587,"Zopandrel, Hunger Dominus (Showcase)",Phyrexia: All Will Be One,192,194,2338.03
686588,Molten-Core Maestro (Extended Art),Secrets of Strixhaven,549,651,2337.69
191064,Weather the Storm,Modern Horizons,637,2005,2337.21
518015,Relic of Sauron (Showcase Scrolls),Commander: The Lord of the Rings: Tales of Middle-earth,70,70,2336.84
69253,Dark Prophecy,Magic 2014 (M14),312,358,2336.74
272800,"Karlach, Fury of Avernus (Showcase)",Commander Legends: Battle for Baldur's Gate,130,130,2334.93
663010,"Spider-Man, Miles Morales",Unique and Miscellaneous Promos,376,467,2334.61
9177,Raging River,Unlimited Edition,19,19,2334.52
631810,Summon: Leviathan (Borderless),FINAL FANTASY,454,467,2334.4
633170,"Joshua, Phoenix's Dominant",FINAL FANTASY,917,999,2333.05
693441,Battle Hymn,Secret Lair Drop Series,235,338,2332.82
454677,Lotus Field,Secret Lair Countdown Kit,117,134,2332.2
475523,Forest (271) - Full Art,Phyrexia: All Will Be One,643,1774,2332.15
629345,Wastes (0001),Play Promos,179,802,2331.43
688841,Armageddon (JP Alternate Art),Secrets of Strixhaven: Mystical Archive,227,234,2331.2
646171,Peter Parker,Marvel's Spider-Man,665,730,2330.58
624646,Will of the Abzan,Commander: Tarkir: Dragonstorm,482,509,2330.42
641784,Weapons Manufacturing (Borderless),Edge of Eternities,347,429,2328.3
660506,The Legend of Kuruk,Avatar: The Last Airbender,618,674,2328.0
618865,"Emet-Selch, Unsundered (Borderless)",FINAL FANTASY,279,285,2327.8
651854,Relentless Assault (Borderless),Marvel Universe Eternal-Legal,451,460,2327.58
5753,Steal Enchantment,Tempest,264,300,2327.27
561011,Three Tree City,Promo Pack: Bloomburrow,94,96,2327.05
229209,Blightstep Pathway,Kaldheim,409,430,2325.41
478960,Phyrexian Vindicator,Phyrexia: All Will Be One,410,439,2324.34
671260,Sol Ring (0058),Commander: Lorwyn Eclipsed,487,913,2322.06
279832,Swamp (Showcase),Dominaria United,464,1238,2321.79
235384,Teferi's Protection (JP Alternate Art) (Foil Etched),Strixhaven: Mystical Archive,22,22,2321.73
240882,"Urborg, Tomb of Yawgmoth",The List Reprints,36,37,2321.59
478278,"Skrelv, Defector Mite",Phyrexia: All Will Be One,619,665,2320.57
671473,Sunderflock,Lorwyn Eclipsed,885,1173,2320.5
77295,Mishra's Factory (Fall),Antiquities,9,11,2320.26
693222,Skirk Prospector,Secret Lair Drop Series,89,92,2318.05
123974,"Atraxa, Praetors' Voice",Commander 2016,82,86,2317.45
202902,Coat of Arms,The List Reprints,129,134,2317.16
202957,Font of Mythos,The List Reprints,132,135,2317.08
651371,Path to Exile (Borderless) (0004),Marvel Universe Eternal-Legal,351,372,2316.49
499774,Whispersilk Cloak,Commander: The Lord of the Rings: Tales of Middle-earth,708,897,2315.98
32731,Soul Warden,Magic 2010 (M10),645,771,2315.89
276444,"Kozilek, Butcher of Truth (Textured Foil)",Double Masters 2022,26,26,2315.82
239839,Goblin Bombardment,Modern Horizons 2,604,692,2315.69
660705,Aang and Katara (Borderless),Avatar: The Last Airbender: Eternal-Legal,411,417,2315.35
5503,Counterspell,Tempest,636,994,2314.24
513403,Court of Ardenvale,Commander: Wilds of Eldraine,299,306,2313.39
180810,Desperate Ritual,Ultimate Masters,292,346,2313.25
39432,Suture Priest,New Phyrexia,784,911,2312.38
699581,"Iron Man, Futurist Paragon (Borderless)",Commander: Marvel Super Heroes,541,559,2312.13
11559,Sword of Kaldra,Mirrodin,134,134,2312.09
215368,Teferi's Ageless Insight,Core Set 2021,520,536,2311.28
624142,Dracogenesis (0412) (Showcase) (Halo Foil),Tarkir: Dragonstorm,21,21,2311.27
243754,Winged Boots,Commander: Adventures in the Forgotten Realms,227,241,2310.57
512565,Polluted Bonds (Anime Borderless),Wilds of Eldraine: Enchanting Tales,195,201,2309.6
218374,Noble Hierarch (Borderless),Double Masters,100,108,2309.37
533895,Proft's Eidetic Memory,Murders at Karlov Manor,949,1143,2309.12
14832,Vampiric Link,Planar Chaos,494,537,2308.98
3912,In the Eye of Chaos,Legends,18,18,2308.91
498480,Minas Tirith (0341) (Borderless),Universes Beyond: The Lord of the Rings: Tales of Middle-earth,316,323,2308.87
36397,"Ezuri, Renegade Leader",Scars of Mirrodin,175,177,2308.62
631060,"G'raha Tia, Scion Reborn (Borderless)",Commander: FINAL FANTASY,167,167,2308.52
263926,"Boseiju, Who Endures",Promo Pack: Kamigawa: Neon Dynasty,40,41,2307.61
651366,Spectacular Spider-Man (0238) (Borderless) (Textured Foil),Marvel's Spider-Man,9,9,2306.93
559890,Greater Good,Commander: Bloomburrow,499,524,2306.89
457117,No Mercy (Retro Frame),Dominaria Remastered,116,119,2306.77
658471,Battle of Olympus - World at War,Secret Lair Drop Series,233,271,2305.63
650783,Get Lost,Unique and Miscellaneous Promos,31,44,2305.45
235125,Professor Onyx (Borderless),Strixhaven: School of Mages,151,158,2305.12
3801,Avoid Fate,Legends,138,208,2304.91
680918,Master of Ceremonies,Secret Lair Drop Series,123,140,2303.23
501274,The One Ring,Prerelease Cards,8,8,2303.03
15687,"Wort, Boggart Auntie",Lorwyn,82,82,2302.93
658473,The Blades of Chaos Bond - Rite of Flame,Secret Lair Drop Series,219,248,2302.74
218589,Wooded Bastion,Double Masters,146,155,2302.62
457270,Elvish Spirit Guide,Dominaria Remastered,711,869,2302.3
507208,Counterspell (Borderless),Commander Masters,728,972,2301.04
589324,"Arahbo, the First Fang",Foundations,732,954,2300.49
226654,Jeska's Will (Extended Art),Commander Legends,36,36,2300.34
560661,'Tis But a Scratch! - Dismember,Secret Lair Drop Series,45,51,2298.01
490621,Tribute to the World Tree (Extended Art),March of the Machine,165,165,2296.92
199388,Castle Locthwain,Throne of Eldraine,570,626,2296.6
453207,Loran's Escape,The Brothers' War,989,1628,2293.73
198745,Wishclaw Talisman,Throne of Eldraine,464,483,2293.56
517938,"Sauron, the Dark Lord (Showcase) (Surge Foil)",Universes Beyond: The Lord of the Rings: Tales of Middle-earth,14,14,2293.54
118603,Winter Orb,Eternal Masters,130,145,2293.32
503378,"Kozilek, the Great Distortion",Commander Masters,385,457,2292.97
518220,Warg Rider (Extended Art),Universes Beyond: The Lord of the Rings: Tales of Middle-earth,138,141,2292.89
218935,Thoughtseize (Borderless),Double Masters,95,134,2292.36
273355,Traverse the Outlands,Commander Legends: Battle for Baldur's Gate,406,423,2291.92
544425,Archangel of Tithes,Outlaws of Thunder Junction,493,520,2291.77
643505,Mightform Harmonizer (Borderless),Edge of Eternities,410,463,2291.72
126284,Engineered Explosives,Masterpiece Series: Kaladesh Inventions,24,24,2291.33
203020,Bloom Tender,The List Reprints,170,178,2291.25
688857,Glimpse of Nature (JP Alternate Art) (Silver Scroll Foil),Secrets of Strixhaven: Mystical Archive,193,204,2291.19
484569,Jin-Gitaxias (Showcase),March of the Machine,155,155,2290.72
187115,Bolas's Citadel (Draft Weekend),Launch Party & Release Event Promos,192,203,2290.65
641790,Frenzied Baloth,Edge of Eternities,992,1423,2290.05
619690,"Kokusho, the Evening Star (Rainbow Foil)",Secret Lair Drop Series,77,77,2289.64
243740,Reckless Endeavor,Commander: Adventures in the Forgotten Realms,224,229,2289.2
630938,Tifa Lockhart (Extended Art),FINAL FANTASY,160,165,2289.03
5951,Undiscovered Paradise,Visions,70,87,2288.97
493989,Grand Abolisher,Secret Lair Drop Series,71,73,2287.81
552579,Bridgeworks Battle,Modern Horizons 3,1716,2698,2286.53
696272,Kang the Conqueror,Marvel Super Heroes,930,1478,2286.28
700294,Fury of the Horde (Borderless),Marvel Universe Eternal-Legal,575,617,2286.18
540939,Rampaging Yao Guai,Universes Beyond: Fallout,372,379,2285.87
697394,"Shang-Chi, Martial Mentor",Commander: Marvel Super Heroes,389,428,2285.49
251787,Rise of the Dark Realms,Secret Lair Drop Series,83,84,2283.7
691684,Expropriate,Secret Lair Drop Series,130,145,2283.48
8772,Gloom,Beta Edition,8,9,2283.16
487444,Phage the Untouchable,Secret Lair Drop Series,39,39,2283.02
563072,Bolas's Citadel (White Border),Mystery Booster 2,220,227,2281.5
14877,Dryad Arbor,Future Sight,190,205,2280.95
512642,Not Dead After All,Wilds of Eldraine,1016,1173,2280.79
166660,Bountiful Promenade,Battlebond,125,129,2280.22
9331,Tireless Tribe,Odyssey,405,1021,2280.02
265373,Jetmir's Garden (Showcase),Streets of New Capenna,133,135,2279.34
129543,Dark Ritual,Masterpiece Series: Amonkhet Invocations,18,18,2278.73
39445,"Sheoldred, Whispering One",New Phyrexia,108,108,2276.81
642444,"Dawnsire, Sunstar Dreadnought (Extended Art)",Edge of Eternities,180,190,2276.55
115904,Diregraf Colossus,Shadows over Innistrad,393,440,2275.74
134916,Thoughtseize,Masterpiece Series: Amonkhet Invocations,14,22,2275.12
206252,Gamble,Judge Promos,37,43,2274.44
638922,Swamp (0369) (Borderless) (Galaxy Foil),Edge of Eternities,226,416,2274.24
552939,Sol Ring,Commander: Modern Horizons 3,724,1390,2274.11
13259,Dizzy Spell,Ravnica: City of Guilds,484,556,2273.0
688946,Zombify (JP Alternate Art) (Silver Scroll Foil),Secrets of Strixhaven: Mystical Archive,177,180,2272.57
631132,Hellkite Tyrant,Commander: FINAL FANTASY,990,1241,2270.34
614394,The Aetherspark (First-Place Foil),Aetherdrift,26,26,2270.31
588019,Inventors' Fair,Secret Lair Drop Series,120,121,2270.05
192617,Elvish Reclaimer,Core Set 2020,321,345,2268.86
559644,"Eluge, the Shoreless Sea",Bloomburrow,508,563,2268.21
688643,Winter Orb (2400),Secret Lair Drop Series,111,121,2267.99
544727,Commandeer,Outlaws of Thunder Junction: Breaking News,592,668,2267.42
243752,Mantle of the Ancients,Commander: Adventures in the Forgotten Realms,251,252,2267.4
687399,Brazen Borrower,Commander: Secrets of Strixhaven,834,1921,2267.24
531398,Stomping Ground (Retro Frame) (Serial Numbered),Ravnica Remastered,2,2,2266.55
28538,Font of Mythos,Conflux,156,159,2266.42
530804,Divine Visitation (Anime Borderless),Ravnica Remastered,109,111,2265.74
9210,Sol Ring,Unlimited Edition,33,35,2265.14
216189,Vedalken Archmage,Jumpstart,162,165,2264.58
696655,"Ironheart, Clever Champion",Marvel Super Heroes,1410,2406,2262.54
647464,Swamp (0890) (Rainbow Foil),Secret Lair Drop Series,183,247,2262.4
214833,"Atraxa, Praetors' Voice",Double Masters,69,72,2262.12
688891,Monstrous Rage (JP Alternate Art) (Silver Scroll Foil),Secrets of Strixhaven: Mystical Archive,200,209,2261.88
535641,Smuggler's Share,Commander: Murders at Karlov Manor,248,253,2260.88
3240,Shahrazad,Arabian Nights,6,6,2259.15
552284,Thraben Charm,Modern Horizons 3,1516,3676,2258.19
239819,Mirari's Wake,Modern Horizons 2,346,370,2256.08
688937,Royal Treatment (JP Alternate Art) (Silver Scroll Foil),Secrets of Strixhaven: Mystical Archive,233,244,2255.53
512369,Blood Moon,Wilds of Eldraine: Enchanting Tales,226,237,2254.94
504159,"Ulamog, the Ceaseless Hunger (Borderless)",Commander Masters,96,96,2254.67
499323,"Bucklebury Ferry - Oboro, Palace in the Clouds (Borderless)",Commander: The Lord of the Rings: Tales of Middle-earth,129,138,2254.27
499314,Ring of Barahir - Sword of the Animist (Borderless),Commander: The Lord of the Rings: Tales of Middle-earth,148,150,2253.68
498326,Gandalf the White (Showcase),Universes Beyond: The Lord of the Rings: Tales of Middle-earth,172,176,2253.6
503403,Fellwar Stone (Borderless),Commander Masters,418,457,2252.64
83250,Stifle,Conspiracy,141,169,2252.12
671501,Collective Inferno,Lorwyn Eclipsed,1121,1427,2251.6
638899,"Sothera, the Supervoid",Edge of Eternities,646,778,2251.09
490388,Elesh Norn,March of the Machine,297,312,2250.34
14954,Pact of Negation,Future Sight,59,65,2250.28
660626,Dandan (2139),Secret Lair Drop Series,161,331,2248.07
98507,"Ulamog, the Infinite Gyre",Modern Masters 2015,67,67,2247.47
104961,Temple Garden,Zendikar Expeditions,20,21,2247.2
192222,"Chandra, Awakened Inferno",Core Set 2020,208,228,2246.82
518818,Goblin King,WPN & Gateway Promos,151,154,2246.08
1849,Mishra's Factory,Fourth Edition,187,354,2245.55
687398,Pest Rescuer,Commander: Secrets of Strixhaven,897,1285,2245.46
126293,Sphere of Resistance,Masterpiece Series: Kaladesh Inventions,23,27,2245.44
687699,Mystic Sanctuary,Commander: Secrets of Strixhaven,1136,1893,2245.42
505837,Undergrowth Stadium (Borderless),Commander Masters,170,171,2245.18
615077,Drowned Catacomb,Commander: Aetherdrift,543,915,2244.26
32575,Coat of Arms,Magic 2010 (M10),137,142,2243.51
591796,"Zimone, Paradox Sculptor",Foundations,639,661,2243.14
283469,Leaf-Crowned Visionary,Dominaria United,385,440,2241.69
575044,Dollmaker's Shop // Porcelain Gallery,Duskmourn: House of Horror,430,474,2240.56
631024,"Squall, SeeD Mercenary (Borderless)",FINAL FANTASY,413,431,2240.15
662625,Torment of Hailfire (2287),Secret Lair Drop Series,57,57,2239.29
205237,Bitterblossom,Secret Lair Drop Series,54,54,2239.14
590623,Pitiless Plunderer,Foundations Jumpstart,485,569,2238.92
3844,Divine Intervention,Legends,19,19,2238.89
4527,Merchant Scroll,Homelands,319,381,2238.71
590833,High Fae Trickster (Borderless) (Mana Foil),Foundations,13,13,2237.34
656743,"Eddie, Lord of Light - Nekusar, the Mindrazer (Rainbow Foil)",Secret Lair Drop Series,55,55,2237.09
525779,Sol Ring,Commander: The Lost Caverns of Ixalan,862,1382,2236.87
512516,Beseech the Mirror (Extended Art),Wilds of Eldraine,37,38,2236.62
637057,"Emblem - Sephiroth, One-Winged Angel // Robot Warrior Double-Sided Token",FINAL FANTASY,426,460,2235.45
618888,"Yuffie Kisaragi - Yuriko, the Tiger's Shadow (Showcase)",FINAL FANTASY: Through the Ages,361,367,2235.05
660545,The Last Agni Kai,Avatar: The Last Airbender,1044,1206,2234.93
638901,"Sothera, the Supervoid (Showcase) (Fracture Foil)",Edge of Eternities,27,27,2234.58
653166,Mountain (1953) (Raised Foil),Secret Lair Drop Series,106,183,2233.89
577689,Hedge Shredder,Duskmourn: House of Horror,730,778,2232.83
11816,Paradise Mantle,Fifth Dawn,167,182,2231.87
686691,Anguished Unmaking,Commander: Secrets of Strixhaven,1107,1768,2231.45
541388,"Byrke, Long Ear of the Law",Bloomburrow,306,337,2230.53
552892,Necrodominance (Retro Frame),Modern Horizons 3,214,240,2230.16
648741,"Toph, the First Metalbender (Showcase)",Avatar: The Last Airbender,526,541,2229.7
533428,"Delney, Streetwise Lookout (Showcase) (Invisible Ink)",Murders at Karlov Manor,29,30,2229.35
679190,Dark Leo & Shredder (Showcase),Teenage Mutant Ninja Turtles,100,103,2229.21
273203,Ancient Bronze Dragon (Borderless),Commander Legends: Battle for Baldur's Gate,77,79,2227.41
524255,Arcane Signet (Borderless),Commander: The Lost Caverns of Ixalan,111,111,2227.21
162234,"Marwyn, the Nurturer",Dominaria,521,556,2226.26
243737,Grim Hireling,Commander: Adventures in the Forgotten Realms,175,183,2226.07
624180,Curse of Opulence,Commander: Tarkir: Dragonstorm,743,887,2224.39
634001,"Gilgamesh, Weapon Collector - Godo, Bandit Warlord (Showcase)",FINAL FANTASY: Through the Ages,360,372,2223.02
6300,Defense Grid,Urza's Legacy,96,125,2221.43
196454,Apex Altisaur,Commander 2019,291,300,2221.17
559643,"Eluge, the Shoreless Sea (Borderless)",Bloomburrow,243,252,2220.59
5339,Ensnaring Bridge,Stronghold,145,185,2220.31
594545,Sol Ring,Buy-A-Box Promos,226,307,2220.1
100419,Sword of the Animist,Magic Origins,312,327,2219.75
560453,"Zinnia, Valley's Voice (Borderless) (Raised Foil)",Commander: Bloomburrow,14,14,2219.68
235165,Counterspell (JP Alternate Art),Strixhaven: Mystical Archive,64,65,2218.83
652264,Saw in Half (Borderless),Marvel Universe Eternal-Legal,394,407,2218.64
528287,Mycosynth Lattice (Rainbow Foil),Secret Lair Drop Series,43,43,2218.0
558437,Valley Rotcaller,Bloomburrow,742,919,2217.89
632742,"Lindblum, Industrial Regency (Borderless)",FINAL FANTASY,389,410,2217.71
591207,Leyline Axe,Foundations,1093,1324,2217.3
668483,Harbinger of the Seas (Borderless),Marvel Universe Eternal-Legal,603,679,2216.92
247896,Rogue's Passage (607),Secret Lair Drop Series,45,46,2215.83
589331,Darksteel Colossus,Foundations,748,2277,2215.8
686547,Eiganjo Dynastorian (Extended Art),Commander: Secrets of Strixhaven,493,521,2215.78
548571,"Miku, the Renowned - Feather, the Redeemed (Rainbow Foil)",Secret Lair Drop Series,80,84,2215.59
94113,Grave Sifter,Commander 2014,170,187,2215.43
6515,Dust Bowl,Mercadian Masques,52,65,2214.73
484941,Capture of Jingzhou,Commander Masters,182,201,2214.3
697425,Avengers Monitoring Station - Herald's Horn,Commander: Marvel Super Heroes,281,750,2212.97
14281,Living End,Time Spiral,196,286,2212.89
679123,"Raphael, Ninja Destroyer (Borderless)",Teenage Mutant Ninja Turtles,324,327,2212.75
560247,Brightcap Badger (Extended Art),Commander: Bloomburrow,158,258,2212.16
657790,Forest (0257),Teenage Mutant Ninja Turtles,913,3091,2212.11
648738,"Toph, the First Metalbender",Avatar: The Last Airbender,1006,1181,2212.0
12165,"Shinka, the Bloodsoaked Keep",Champions of Kamigawa,103,103,2211.7
671233,Kodama's Reach,Commander: Lorwyn Eclipsed,800,1511,2210.95
624156,Narset's Reversal,Commander: Tarkir: Dragonstorm,696,804,2210.4
641873,Anticausal Vestige (Showcase) (Fracture Foil),Edge of Eternities,25,25,2208.78
229233,"Magda, Brazen Outlaw (Showcase)",Kaldheim,334,395,2208.08
696437,Warleader's Call (Borderless),Marvel Universe Eternal-Legal,611,681,2207.26
188415,"Nissa, Who Shakes the World",War of the Spark,498,522,2207.2
694972,Talk to the Paw - Orim's Chant,Secret Lair Drop Series,94,194,2207.12
4907,Sulfurous Springs,Ice Age,118,150,2206.07
582844,Sedgemoor Witch,The List Reprints,237,239,2204.72
623905,Mountain (0275),Tarkir: Dragonstorm,427,940,2204.56
14986,Sliver Legion,Future Sight,48,51,2203.9
218934,Thoughtseize,Double Masters,204,269,2203.86
3165,Ali from Cairo,Arabian Nights,8,8,2203.38
118433,Vampiric Tutor,Eternal Masters,35,35,2202.78
491841,"Aurelia, the Warleader",March of the Machine: Multiverse Legends,166,169,2202.67
552895,"Ashling, Flame Dancer (Borderless)",Modern Horizons 3,121,122,2202.59
512561,Blood Moon (Anime Borderless),Wilds of Eldraine: Enchanting Tales,121,130,2202.34
240349,Force of Vigor (Retro Frame),Modern Horizons,85,103,2201.93
702348,"Captain America, Living Legend",Media Promos,53,53,2200.73
6992,Rain of Filth,Urza's Saga,240,251,2199.49
27066,"Ashling, the Extinguisher",Eventide,81,86,2199.46
512601,Virtue of Loyalty,Wilds of Eldraine,290,298,2199.37
33293,Eternity Vessel,Zendikar,150,157,2199.32
490344,Kami of Whispered Hopes,Promo Pack: March of the Machine,262,262,2198.95
501096,Delighted Halfling (0402),Prerelease Cards,70,70,2198.83
631661,"Beatrix, Loyal General (Extended Art)",FINAL FANTASY,164,169,2198.67
253811,"Umbris, Fear Manifest",Commander: Innistrad: Crimson Vow,159,194,2196.9
646792,Goblin Engineer (Galaxy Foil),Secret Lair Drop Series,187,204,2195.9
696574,"Storm, Windrider",Marvel Super Heroes,1596,2395,2195.88
499538,Swords to Plowshares,Commander: The Lord of the Rings: Tales of Middle-earth,869,1482,2195.64
619700,Island (0032),Secret Lair Showdown,30,45,2195.56
679116,Waste Not (Borderless),Commander: Teenage Mutant Ninja Turtles,388,439,2195.15
38304,Damnation,Magic Player Rewards,45,45,2195.0
2077,City of Brass,Fifth Edition,104,125,2194.24
643600,Knuckles's Gloves - The Reaver Cleaver,Secret Lair Drop Series,160,164,2193.74
525781,Vanquisher's Banner,Commander: The Lost Caverns of Ixalan,474,519,2192.93
517913,Call Forth the Tempest (Borderless) (Surge Foil),Commander: The Lord of the Rings: Tales of Middle-earth,41,41,2192.79
239716,Drossforge Bridge,Modern Horizons 2,908,1761,2192.7
575160,Enduring Curiosity (Showcase) (Fracture Foil),Duskmourn: House of Horror,17,18,2192.14
10226,Filth,Judgment,239,253,2191.03
145357,"Avacyn, Angel of Hope",Iconic Masters,61,61,2190.9
98597,Bitterblossom,Modern Masters 2015,62,65,2190.55
591815,Rite of the Dragoncaller,Foundations,589,645,2190.24
697257,"Green Goblin, Back for More",Commander: Marvel Super Heroes,500,518,2189.4
671769,Twilight Diviner (Showcase),Lorwyn Eclipsed,480,509,2189.29
3507,Elves of Deep Shadow,The Dark,116,128,2188.55
475525,Mountain (270) - Full Art,Phyrexia: All Will Be One,617,1745,2188.21
235118,Storm-Kiln Artist,Strixhaven: School of Mages,818,937,2187.86
4696,Game of Chaos,Ice Age,191,193,2187.78
614491,Full Throttle (Extended Art),Aetherdrift,347,368,2187.62
686546,Withering Curse (Extended Art),Secrets of Strixhaven,390,421,2187.59
662548,Ba Sing Se (Extended Art),Avatar: The Last Airbender,273,292,2187.35
226838,"Thrasios, Triton Hero (Foil Etched)",Commander Legends,97,105,2187.02
478443,Venerated Rotpriest,Phyrexia: All Will Be One,669,821,2186.76
641996,Nature's Lore,Commander: Edge of Eternities,708,754,2186.59
518129,Palantir of Orthanc (Showcase Scrolls),Universes Beyond: The Lord of the Rings: Tales of Middle-earth,38,39,2186.38
575089,Crypt Ghast (Borderless),Commander: Duskmourn: House of Horror,147,152,2186.26
631032,"Kefka, Court Mage (Extended Art)",FINAL FANTASY,115,118,2185.99
530865,Rhythm of the Wild,Ravnica Remastered,423,446,2185.47
9248,Volcanic Island,Unlimited Edition,2,2,2184.99
688926,Requisition Raid,Secrets of Strixhaven: Mystical Archive,2285,3359,2184.57
209936,Meren of Clan Nel Toth,Secret Lair Drop Series,52,52,2184.3
282759,"Braids, Arisen Nightmare (Showcase)",Dominaria United,388,392,2183.34
283381,"Elas il-Kor, Sadistic Pilgrim",Dominaria United,821,913,2183.27
590825,"Giada, Font of Hope (Borderless) (Mana Foil)",Foundations,15,15,2183.01
70997,Bow of Nylea,Theros,471,502,2182.76
641971,"Moraug, Fury of Akoum",Commander: Edge of Eternities,821,964,2181.92
207162,Underworld Dreams,Theros Beyond Death,933,1085,2181.67
484936,The Ur-Dragon (Foil Etched),Commander Masters,38,38,2181.0
661943,Avatar's Wrath (Extended Art),Avatar: The Last Airbender,298,324,2180.59
492697,The World Tree,The List Reprints,257,267,2180.57
660533,White Lotus Tile (Borderless),Avatar: The Last Airbender,260,272,2179.85
243730,"Karazikar, the Eye Tyrant",Commander: Adventures in the Forgotten Realms,206,206,2177.9
651903,Winds of Change (Borderless),Marvel Universe Eternal-Legal,375,386,2176.82
286162,Kharn the Betrayer,"Universes Beyond: Warhammer 40,000",244,292,2176.25
254611,"Shinka, the Bloodsoaked Keep",The List Reprints,135,135,2175.05
3331,Triskelion,Antiquities,17,17,2174.74
4048,Thunder Spirit,Legends,20,20,2174.0
694595,Utopia Sprawl (7070),Secret Lair Drop Series,200,362,2173.8
518109,The Black Gate (Showcase Scrolls),Commander: The Lord of the Rings: Tales of Middle-earth,61,67,2171.88
183310,Persistent Petitioners,Ravnica Allegiance,422,2065,2171.43
215966,"Tinybones, Trinket Thief",Jumpstart,111,112,2171.13
100015,Elemental Bond,Magic Origins,459,518,2171.01
239492,Fractured Sanity,Modern Horizons 2,611,844,2170.14
236334,Sedgemoor Witch (Extended Art),Strixhaven: School of Mages,126,134,2169.24
34727,"Linvala, Keeper of Silence",Rise of the Eldrazi,78,78,2168.05
633174,"Jenova, Ancient Calamity",FINAL FANTASY,844,920,2167.93
558352,Season of Weaving,Bloomburrow,466,485,2167.82
639905,Culling Ritual,WPN & Gateway Promos,188,216,2167.55
679095,Brainstorm (Borderless),Teenage Mutant Ninja Turtles Source Material,560,653,2167.55
11516,Mesmeric Orb,Mirrodin,109,114,2166.61
129549,Pact of Negation,Masterpiece Series: Amonkhet Invocations,12,12,2166.44
652493,Infernal Grasp (Borderless),Marvel Universe Eternal-Legal,368,386,2166.42
118415,Gamble,Eternal Masters,129,132,2166.12
190724,Flusterstorm,Buy-A-Box Promos,248,272,2165.59
13785,Spelltithe Enforcer,Guildpact,239,299,2165.47
642795,Cyberdrive Awakener,Commander: Edge of Eternities,840,992,2164.85
656722,Eddie the Judge - Bruvac the Grandiloquent,Secret Lair Drop Series,42,42,2164.05
5983,Aura of Silence,Weatherlight,214,264,2163.89
635267,"Ishgard, the Holy See (Borderless)",FINAL FANTASY,387,398,2162.95
555860,Edward Kenway (Showcase),Universes Beyond: Assassin's Creed,142,142,2162.94
493979,"Thassa, Deep-Dwelling",Secret Lair Drop Series,52,52,2162.64
513072,Forced Fruition,Wilds of Eldraine: Enchanting Tales,610,653,2162.01
616924,All Will Be One (Rainbow Foil),Secret Lair Drop Series,82,82,2161.34
651363,"Gwenom, Remorseless",Unique and Miscellaneous Promos,472,503,2161.24
14853,Bitter Ordeal,Future Sight,109,116,2161.08
553399,Eldrazi Confluence (Ripple Foil),Commander: Modern Horizons 3,47,55,2160.1
688480,Traumatic Critique (Extended Art),Secrets of Strixhaven,639,786,2159.87
643669,Strip Mine (0175) (Borderless) (Galaxy Foil),Edge of Eternities: Stellar Sights,14,15,2159.73
167637,Archfiend of Despair,Battlebond,89,89,2159.73
530856,Mizzix's Mastery,Ravnica Remastered,237,270,2158.32
699561,"Captain America, Unbowed (Borderless)",Commander: Marvel Super Heroes,569,597,2157.84
696567,"Hawkeye, Master Marksman (Borderless)",Marvel Super Heroes,1001,1125,2157.65
540987,Counterspell,MagicFest Cards,148,209,2157.15
674633,Arcane Signet (2464),Secret Lair Drop Series,246,258,2156.36
700736,"Monica, the Marvel - Aurelia, the Warleader (Borderless)",Marvel Universe Eternal-Legal,553,621,2155.79
579066,Reanimate,Commander: Duskmourn: House of Horror,236,253,2155.77
660616,Fire Lord Zuko (Borderless),Avatar: The Last Airbender,559,576,2154.58
3238,Serendib Djinn,Arabian Nights,17,19,2154.55
12062,"Kiki-Jiki, Mirror Breaker",Champions of Kamigawa,111,114,2154.51
582348,Reanimate,The List Reprints,182,208,2153.91
480518,"Rin and Seri, Inseparable (1230)",Secret Lair Drop Series,46,46,2153.89
540774,Branching Evolution,Universes Beyond: Fallout,341,352,2153.83
188629,Evolution Sage,War of the Spark,685,717,2152.74
524221,"Gishath, Sun's Avatar (Borderless)",The Lost Caverns of Ixalan,221,236,2152.74
282475,"Omnath, Locus of Creation",Game Day & Store Championship Promos,19,19,2152.14
632061,Shadowbringers - Dovin's Veto (Showcase),FINAL FANTASY: Through the Ages,845,936,2152.03
552864,"Nadu, Winged Wisdom",Modern Horizons 3,350,742,2151.57
677421,Beseech the Queen,Secret Lair Drop Series,161,176,2150.88
662040,"Myrel, Shield of Argive (Halo Foil)",Secret Lair Countdown Kit,22,22,2148.68
210448,Treasonous Ogre,The List Reprints,108,109,2148.3
660633,Island (2146),Secret Lair Drop Series,126,240,2147.97
558378,"Muerra, Trash Tactician (Borderless) (Raised Foil)",Bloomburrow,18,18,2147.66
855,Forest (UGL),Unglued,146,276,2147.63
287153,Hallowed Fountain (Borderless) (Galaxy Foil),Unfinity,15,15,2147.6
688961,Spell Pierce,Secrets of Strixhaven: Mystical Archive,2369,3690,2147.57
505353,Windfall,Commander Masters,412,427,2146.92
652003,Cosmic Spider-Man (Extended Art),Marvel's Spider-Man,348,373,2145.68
7856,Quirion Dryad,Planeshift,105,191,2144.87
36763,Memory Jar,From the Vault: Relics,40,45,2141.72
226474,Court of Cunning,Commander Legends,451,466,2141.46
700293,Three Steps Ahead (Borderless),Marvel Universe Eternal-Legal,575,674,2141.21
525765,Pitiless Plunderer,Commander: The Lost Caverns of Ixalan,412,439,2139.47
548567,Harmonize (1596) (Rainbow Foil),Secret Lair Drop Series,117,130,2138.01
33357,Lullmage Mentor,Zendikar,363,388,2137.02
33472,Warren Instigator,Zendikar,164,173,2136.94
696627,"Captain America, Wings of Freedom (Borderless)",Marvel Super Heroes,1188,1265,2136.94
273887,Black Market Connections (Extended Art),Commander Legends: Battle for Baldur's Gate,103,104,2136.93
588002,Shield of War and Peace - Sword of War and Peace,Secret Lair Drop Series,132,155,2136.57
38008,"Karn, Silver Golem",Arena Promos,23,32,2136.38
590824,"Giada, Font of Hope (Borderless)",Foundations,302,309,2136.18
273861,Delayed Blast Fireball (Extended Art),Commander Legends: Battle for Baldur's Gate,136,140,2136.16
623901,Plains (0287),Tarkir: Dragonstorm,280,350,2135.31
662360,Insurrection (Borderless),Avatar: The Last Airbender: Eternal-Legal,323,333,2134.94
69196,Shadowborn Apostle,Magic 2014 (M14),310,1261,2134.55
591020,Wishclaw Talisman,Foundations,761,996,2134.43
541492,Farewell (Borderless),Universes Beyond: Fallout,82,86,2133.05
478291,"Mondrak, Glory Dominus (Showcase) (Step-and-Compleat Foil)",Phyrexia: All Will Be One,30,30,2132.92
94225,Grand Abolisher,Commander 2014,121,127,2132.49
530978,Cloudstone Curio (Anime Borderless),Ravnica Remastered,136,139,2132.45
631882,"Ultima, Origin of Oblivion (Borderless)",FINAL FANTASY,457,485,2131.0
218938,Wound Reflection,Double Masters,164,168,2130.53
195017,Beast Whisperer,Media Promos,287,300,2130.49
247889,Eldrazi Monument,Secret Lair Drop Series,63,65,2130.09
674544,"Lucy MacLean, Positively Armed",Secret Lair Drop Series,340,382,2128.87
624690,"Sandy Cheeks, Martial Astronaut - Toski, Bearer of Secrets (Rainbow Foil)",Secret Lair Drop Series,211,289,2128.69
686661,Subterranean Tremors,Secrets of Strixhaven: Mystical Archive,596,640,2128.48
696256,"Captain Marvel, Earth's Protector",Marvel Super Heroes,1025,1609,2127.98
697452,Scorched Geyser,Commander: Marvel Super Heroes,540,1619,2127.54
202825,Beacon of Immortality,The List Reprints,133,135,2126.6
262771,Reckoner's Bargain,Kamigawa: Neon Dynasty,698,1575,2126.22
540032,"MacCready, Lamplight Mayor",Universes Beyond: Fallout,306,416,2125.7
121849,Horn of Greed,Conspiracy: Take the Crown,110,111,2125.2
545736,"Vault Boy, Cap Collector - Grand Arbiter Augustin IV (Rainbow Foil)",Secret Lair Drop Series,105,105,2125.11
179479,Cavern of Souls,Ultimate Masters: Box Toppers,14,15,2124.27
516589,"Braids, Arisen Nightmare (JP Exclusive)",Planeswalker Event Promos,6,7,2123.65
448868,"Megatron, Tyrant (Shattered Glass)",Universes Beyond: Transformers,64,64,2123.65
247894,Swiftfoot Boots,Secret Lair Drop Series,61,62,2123.65
505035,Hatchery Sliver,Commander Masters,248,279,2123.03
68375,Desperate Ritual,Modern Masters,280,360,2122.44
644620,Loading Zone,Edge of Eternities,1037,1611,2122.42
11282,City of Brass,8th Edition,43,56,2122.34
449590,Sneak Attack,Dominaria Remastered,184,193,2122.22
499609,Living Death,Commander: The Lord of the Rings: Tales of Middle-earth,755,847,2122.18
478718,Clever Concealment (Extended Art),Commander: Phyrexia: All Will Be One,169,173,2122.08
257028,Temple Garden (Borderless),Unfinity,98,107,2121.48
679198,Technodrome (Borderless),Teenage Mutant Ninja Turtles,328,346,2121.32
615910,Aven Interrupter (Borderless) (JP Exclusive),Planeswalker Event Promos,93,123,2120.16
589429,Phyrexian Arena (Borderless),Foundations,289,295,2119.69
688851,Glimpse of Nature,Secrets of Strixhaven: Mystical Archive,1080,1331,2119.27
513656,Scion of Oona,Commander: Wilds of Eldraine,213,213,2119.05
499528,Tireless Provisioner,Commander: The Lord of the Rings: Tales of Middle-earth,445,591,2119.04
518674,Soul's Attendant (Borderless),Commander: The Lord of the Rings: Tales of Middle-earth,219,233,2118.63
268398,Ledger Shredder (Extended Art),Streets of New Capenna,257,271,2118.4
558423,"Beza, the Bounding Spring (Borderless)",Bloomburrow,200,219,2118.11
689154,Sleight of Hand (JP Alternate Art),Secrets of Strixhaven: Mystical Archive,537,671,2117.55
192629,Agent of Treachery,Core Set 2020,392,404,2116.16
456719,Counterspell,Starter Commander Decks,300,832,2115.89
121906,Show and Tell,Conspiracy: Take the Crown,96,114,2115.67
4517,Koskun Falls,Homelands,142,148,2115.55
167814,Bonus Round,Battlebond,171,175,2115.3
6688,Saprazzan Skerry,Mercadian Masques,442,690,2115.26
563308,"Korvold, Fae-Cursed King (Year of the Dragon 2024)",Standard Showdown Promos,38,38,2115.1
134886,Ramunap Excavator,Hour of Devastation,374,385,2114.54
523076,Wasteland (Borderless),Universes Beyond: Fallout,70,79,2114.17
699582,Black Market Connections (Extended Art),Commander: Marvel Super Heroes,164,168,2113.82
553157,All Is Dust,Commander: Modern Horizons 3,347,463,2113.77
190652,Snow-Covered Swamp,Modern Horizons,528,2045,2113.56
588099,"Liliana, Dreadhorde General (Borderless)",Foundations,118,118,2113.56
39593,Torpor Orb,New Phyrexia,256,311,2113.36
448816,Wurmcoil Engine,The Brothers' War: Retro Frame Artifacts,196,207,2112.63
236398,Incarnation Technique,Commander 2021,205,218,2112.3
576881,Grab the Prize,Duskmourn: House of Horror,1251,2830,2112.2
286358,Their Name Is Death,"Universes Beyond: Warhammer 40,000",290,291,2112.18
552375,Sorin of House Markov (Borderless),Modern Horizons 3,209,225,2111.71
98645,Tezzeret the Seeker,Modern Masters 2015,86,90,2111.58
575045,Enduring Innocence (Showcase) (Fracture Foil),Duskmourn: House of Horror,23,23,2111.5
499292,"Anduril, Flame of the West",Universes Beyond: The Lord of the Rings: Tales of Middle-earth,395,401,2110.53
506854,Ondu Spiritdancer (Extended Art),Commander Masters,116,126,2110.32
873,Island (UGL),Unglued,108,220,2110.06
633072,"Barnabas Tharmr - Kraum, Ludevic's Opus (Showcase)",FINAL FANTASY: Through the Ages,342,347,2108.25
122850,Crucible of Worlds,Masterpiece Series: Kaladesh Inventions,15,15,2107.94
227055,Hellkite Courser (Extended Art),Commander Legends,45,45,2107.43
4578,Adarkar Wastes,Ice Age,81,101,2107.4
71021,Gray Merchant of Asphodel,Theros,1313,2045,2106.61
555951,"Surtr, Fiery Jötun",Universes Beyond: Assassin's Creed,187,201,2105.97
653163,Plains (1950) (Raised Foil),Secret Lair Drop Series,79,186,2105.83
560182,Perch Protection,Commander: Bloomburrow,631,787,2105.7
559505,"Kitsa, Otterball Elite",Bloomburrow,494,528,2105.48
506681,Kaldra Compleat,Commander Masters,253,275,2105.45
7340,Overburden,Prophecy,153,158,2105.26
688211,Eclipsed Steppe (Extended Art),Commander: Secrets of Strixhaven,558,613,2105.12
671088,Harmonized Crescendo (0394) (Showcase) (Fracture Foil),Lorwyn Eclipsed,35,35,2103.81
633956,"Dion, Bahamut's Dominant (Borderless)",FINAL FANTASY,451,470,2103.7
539753,Pip-Boy 3000,Universes Beyond: Fallout,398,441,2103.69
648212,Arcane Signet (CommandFest 2025),MagicFest Cards,137,141,2102.96
518673,Tower of Cirith Ungol - Urborg (Borderless),Commander: The Lord of the Rings: Tales of Middle-earth,104,106,2102.89
3865,Field of Dreams,Legends,15,16,2100.67
530848,Life from the Loam (Anime Borderless),Ravnica Remastered,197,218,2100.16
8894,Scrubland,Beta Edition,1,1,2100.0
651954,Superior Spider-Man (Extended Art),Marvel's Spider-Man,455,600,2099.72
662413,Solid Ground,Avatar: The Last Airbender: Eternal-Legal,454,578,2099.24
563190,Flusterstorm (Future Sight),Mystery Booster 2,234,258,2098.47
517528,Forest (0291),The Lost Caverns of Ixalan,597,1777,2097.99
528285,"Dr. Ian Malcolm - Atla Palani, Nest Tender (Rainbow Foil)",Secret Lair Drop Series,37,37,2097.74
262832,"Yoshimaru, Ever Faithful",Commander: Kamigawa: Neon Dynasty,227,236,2096.72
687551,Open the Way,Commander: Secrets of Strixhaven,930,1893,2096.54
615260,Renewed Solidarity (Extended Art),Commander: Aetherdrift,279,293,2096.31
455194,Teferi's Puzzle Box,Jumpstart 2022,88,94,2095.93
525776,Shared Animosity,Commander: The Lost Caverns of Ixalan,560,803,2095.23
588030,Nine-Lives Familiar (Borderless),Foundations,287,309,2094.91
524344,Plains,Universes Beyond: Jurassic World Collection,272,446,2094.72
578060,Enduring Courage (Showcase) (Fracture Foil),Duskmourn: House of Horror,17,18,2094.47
552615,Wrath of the Skies (Borderless),Modern Horizons 3,216,268,2093.62
450614,Fabled Passage (Borderless) (Galaxy Foil),Secret Lair Drop Series,52,53,2093.36
71524,Strip Mine (Tower),Antiquities,27,27,2093.11
563148,Goblin Recruiter (Future Sight),Mystery Booster 2,273,279,2092.96
559887,Unnatural Growth,Commander: Bloomburrow,690,803,2092.81
253689,Arcane Signet (589),Secret Lair Drop Series,77,77,2092.48
507118,Counterspell,Commander Masters,667,791,2091.65
628286,Sword of Forge and Frontier (Borderless),Unique and Miscellaneous Promos,55,55,2091.51
699605,Loki's Scepter (Extended Art),Commander: Marvel Super Heroes,187,195,2091.19
662356,Monk Gyatso (Extended Art),Avatar: The Last Airbender: Eternal-Legal,300,310,2090.24
631207,Graven Cairns,Commander: FINAL FANTASY,784,973,2089.84
37909,Plains - Full Art,Unhinged,125,299,2089.76
273619,Void Winnower,Secret Lair Drop Series,70,72,2089.59
215335,"Mechagodzilla, Battle Fortress - Hangarback Walker (Welcome Back Promo)",Unique and Miscellaneous Promos,182,197,2089.54
577669,Unholy Annex // Ritual Chamber,Duskmourn: House of Horror,519,706,2088.26
91382,Island (B),Alpha Edition,30,52,2087.96
687485,Determined Iteration,Commander: Secrets of Strixhaven,806,1315,2087.25
149294,Aggravated Assault,Explorers of Ixalan,74,74,2086.68
686625,Exhibition Tidecaller (Extended Art),Secrets of Strixhaven,649,786,2085.31
236671,Venser's Journal,Commander 2021,223,223,2084.83
